{
"type": "FeatureCollection",
"name": "Carex_sartwellii",
"crs": { "type": "name", "properties": { "name": "urn:ogc:def:crs:OGC:1.3:CRS84" } },
"features": [
{ "type": "Feature", "properties": { "ID": 1 }, "geometry": { "type": "MultiPolygon", "coordinates": [ [ [ [ -122.66667, 55.70833 ], [ -122.70833, 55.75 ], [ -122.79167, 55.75 ], [ -122.79167, 55.66667 ], [ -122.875, 55.66667 ], [ -122.66667, 55.66667 ], [ -122.66667, 55.70833 ] ] ], [ [ [ -120.25, 53.08333 ], [ -120.25, 53.04167 ], [ -120.29167, 53.04167 ], [ -120.375, 53.04167 ], [ -120.33333, 53.04167 ], [ -120.33333, 53.08333 ], [ -120.25, 53.08333 ] ], [ [ -116.79167, 59.08333 ], [ -116.66667, 59.08333 ], [ -116.58333, 59.0 ], [ -116.58333, 58.95833 ], [ -116.45833, 58.95833 ], [ -116.45833, 58.91667 ], [ -116.29167, 58.91667 ], [ -116.29167, 58.875 ], [ -116.04167, 58.875 ], [ -116.0, 58.79167 ], [ -116.41667, 58.79167 ], [ -116.41667, 58.83333 ], [ -116.83333, 58.83333 ], [ -116.91667, 58.91667 ], [ -116.91667, 59.04167 ], [ -116.875, 59.04167 ], [ -116.875, 59.16667 ], [ -116.79167, 59.08333 ] ], [ [ -115.70833, 58.79167 ], [ -115.70833, 58.75 ], [ -115.875, 58.75 ], [ -115.875, 58.79167 ], [ -115.70833, 58.79167 ] ], [ [ -115.5, 58.75 ], [ -115.5, 58.70833 ], [ -115.70833, 58.70833 ], [ -115.70833, 58.75 ], [ -115.5, 58.75 ] ], [ [ -115.375, 58.66667 ], [ -115.375, 58.70833 ], [ -115.16667, 58.70833 ], [ -115.125, 58.66667 ], [ -115.375, 58.66667 ] ], [ [ -119.5, 57.79167 ], [ -119.5, 57.70833 ], [ -119.79167, 57.70833 ], [ -119.75, 57.79167 ], [ -119.5, 57.79167 ] ], [ [ -112.45833, 57.75 ], [ -112.41667, 57.66667 ], [ -112.625, 57.66667 ], [ -112.625, 57.70833 ], [ -112.54167, 57.75 ], [ -112.45833, 57.75 ] ], [ [ -112.5, 58.08333 ], [ -112.58333, 58.04167 ], [ -112.58333, 58.0 ], [ -112.41667, 58.0 ], [ -112.33333, 57.95833 ], [ -112.25, 58.0 ], [ -112.33333, 57.91667 ], [ -112.33333, 57.875 ], [ -112.20833, 57.875 ], [ -112.125, 57.83333 ], [ -112.08333, 57.75 ], [ -111.91667, 57.75 ], [ -111.91667, 57.66667 ], [ -112.0, 57.66667 ], [ -112.0, 57.54167 ], [ -112.125, 57.54167 ], [ -112.16667, 57.45833 ], [ -112.29167, 57.45833 ], [ -112.29167, 57.41667 ], [ -112.45833, 57.41667 ], [ -112.41667, 57.5 ], [ -112.33333, 57.5 ], [ -112.29167, 57.58333 ], [ -112.29167, 57.70833 ], [ -112.33333, 57.75 ], [ -112.41667, 57.79167 ], [ -113.16667, 57.79167 ], [ -113.125, 57.91667 ], [ -113.0, 57.91667 ], [ -113.0, 57.95833 ], [ -112.79167, 57.95833 ], [ -112.79167, 58.04167 ], [ -112.75, 58.08333 ], [ -112.5, 58.08333 ] ], [ [ -112.83333, 57.54167 ], [ -112.83333, 57.375 ], [ -112.91667, 57.375 ], [ -113.0, 57.45833 ], [ -113.0, 57.54167 ], [ -112.83333, 57.54167 ] ], [ [ -123.20833, 56.04167 ], [ -123.29167, 56.04167 ], [ -123.25, 56.125 ], [ -123.20833, 56.04167 ] ], [ [ -123.66667, 55.95833 ], [ -123.70833, 55.91667 ], [ -123.70833, 55.95833 ], [ -123.66667, 55.95833 ] ], [ [ -123.54167, 55.91667 ], [ -123.45833, 55.875 ], [ -123.45833, 55.83333 ], [ -123.625, 55.83333 ], [ -123.58333, 55.91667 ], [ -123.54167, 55.91667 ] ], [ [ -122.54167, 55.79167 ], [ -122.41667, 55.79167 ], [ -122.45833, 55.70833 ], [ -122.66667, 55.70833 ], [ -122.66667, 55.75 ], [ -122.58333, 55.83333 ], [ -122.54167, 55.79167 ] ], [ [ -122.75, 55.79167 ], [ -122.875, 55.75 ], [ -122.875, 55.66667 ], [ -122.95833, 55.70833 ], [ -122.95833, 55.95833 ], [ -122.875, 55.91667 ], [ -122.91667, 55.83333 ], [ -122.75, 55.83333 ], [ -122.75, 55.79167 ] ], [ [ -123.20833, 55.875 ], [ -123.20833, 55.75 ], [ -123.08333, 55.75 ], [ -123.08333, 55.625 ], [ -123.33333, 55.625 ], [ -123.375, 55.70833 ], [ -123.45833, 55.70833 ], [ -123.45833, 55.79167 ], [ -123.33333, 55.79167 ], [ -123.375, 55.875 ], [ -123.375, 55.91667 ], [ -123.29167, 55.95833 ], [ -123.20833, 55.875 ] ], [ [ -122.5, 55.66667 ], [ -122.5, 55.58333 ], [ -122.66667, 55.58333 ], [ -122.66667, 55.66667 ], [ -122.5, 55.66667 ] ], [ [ -123.83333, 55.45833 ], [ -123.91667, 55.45833 ], [ -123.95833, 55.5 ], [ -123.95833, 55.58333 ], [ -123.83333, 55.45833 ] ], [ [ -122.75, 55.29167 ], [ -122.75, 55.41667 ], [ -122.70833, 55.41667 ], [ -122.70833, 55.29167 ], [ -122.75, 55.29167 ] ], [ [ -122.25, 55.25 ], [ -122.29167, 55.16667 ], [ -122.41667, 55.16667 ], [ -122.41667, 55.20833 ], [ -122.33333, 55.25 ], [ -122.25, 55.25 ] ], [ [ -121.91667, 54.91667 ], [ -121.91667, 54.875 ], [ -121.95833, 54.875 ], [ -121.95833, 54.91667 ], [ -121.91667, 54.91667 ] ], [ [ -121.45833, 54.66667 ], [ -121.54167, 54.66667 ], [ -121.5, 54.75 ], [ -121.45833, 54.66667 ] ], [ [ -120.83333, 54.70833 ], [ -120.83333, 54.66667 ], [ -120.875, 54.70833 ], [ -120.83333, 54.70833 ] ], [ [ -121.20833, 54.66667 ], [ -121.29167, 54.625 ], [ -121.29167, 54.45833 ], [ -121.33333, 54.45833 ], [ -121.33333, 54.5 ], [ -121.45833, 54.5 ], [ -121.5, 54.54167 ], [ -121.5, 54.58333 ], [ -121.375, 54.58333 ], [ -121.375, 54.66667 ], [ -121.33333, 54.70833 ], [ -121.20833, 54.70833 ], [ -121.20833, 54.66667 ] ], [ [ -121.08333, 54.625 ], [ -121.08333, 54.45833 ], [ -121.125, 54.45833 ], [ -121.16667, 54.5 ], [ -121.16667, 54.58333 ], [ -121.125, 54.625 ], [ -121.08333, 54.625 ] ], [ [ -120.875, 54.375 ], [ -120.91667, 54.375 ], [ -120.91667, 54.41667 ], [ -121.0, 54.375 ], [ -120.95833, 54.5 ], [ -120.875, 54.5 ], [ -120.875, 54.375 ] ], [ [ -121.125, 54.375 ], [ -121.16667, 54.375 ], [ -121.125, 54.45833 ], [ -121.125, 54.375 ] ], [ [ -119.79167, 54.20833 ], [ -119.70833, 54.16667 ], [ -119.70833, 54.125 ], [ -119.83333, 54.125 ], [ -119.875, 54.16667 ], [ -119.875, 54.20833 ], [ -119.79167, 54.20833 ] ], [ [ -121.04167, 54.20833 ], [ -121.04167, 54.16667 ], [ -120.95833, 54.16667 ], [ -120.95833, 54.125 ], [ -121.04167, 54.08333 ], [ -121.08333, 54.08333 ], [ -121.08333, 54.20833 ], [ -121.04167, 54.20833 ] ], [ [ -120.29167, 54.29167 ], [ -120.29167, 54.25 ], [ -120.33333, 54.20833 ], [ -120.45833, 54.20833 ], [ -120.5, 54.125 ], [ -120.58333, 54.125 ], [ -120.58333, 54.08333 ], [ -120.75, 54.08333 ], [ -120.75, 54.125 ], [ -120.66667, 54.16667 ], [ -120.66667, 54.25 ], [ -120.75, 54.25 ], [ -120.75, 54.20833 ], [ -120.79167, 54.20833 ], [ -120.79167, 54.29167 ], [ -120.75, 54.375 ], [ -120.625, 54.375 ], [ -120.5, 54.41667 ], [ -120.41667, 54.5 ], [ -120.41667, 54.29167 ], [ -120.29167, 54.29167 ] ], [ [ -120.875, 54.125 ], [ -120.95833, 54.04167 ], [ -120.95833, 54.125 ], [ -120.875, 54.125 ] ], [ [ -119.58333, 54.08333 ], [ -119.58333, 54.04167 ], [ -119.625, 54.08333 ], [ -119.58333, 54.08333 ] ], [ [ -119.29167, 53.91667 ], [ -119.29167, 53.83333 ], [ -119.5, 53.83333 ], [ -119.5, 53.875 ], [ -119.33333, 53.875 ], [ -119.33333, 53.91667 ], [ -119.29167, 53.91667 ] ], [ [ -120.45833, 53.83333 ], [ -120.41667, 53.75 ], [ -120.5, 53.75 ], [ -120.5, 53.70833 ], [ -120.58333, 53.70833 ], [ -120.54167, 53.79167 ], [ -120.58333, 53.83333 ], [ -120.45833, 53.83333 ] ], [ [ -120.41667, 53.66667 ], [ -120.41667, 53.625 ], [ -120.45833, 53.66667 ], [ -120.41667, 53.66667 ] ], [ [ -120.25, 53.66667 ], [ -120.25, 53.625 ], [ -120.29167, 53.66667 ], [ -120.25, 53.66667 ] ], [ [ -120.91667, 53.58333 ], [ -120.91667, 53.54167 ], [ -120.95833, 53.54167 ], [ -120.95833, 53.58333 ], [ -120.91667, 53.58333 ] ], [ [ -120.33333, 53.625 ], [ -120.33333, 53.58333 ], [ -120.375, 53.54167 ], [ -120.45833, 53.54167 ], [ -120.41667, 53.625 ], [ -120.33333, 53.625 ] ], [ [ -120.25, 53.54167 ], [ -120.33333, 53.54167 ], [ -120.33333, 53.58333 ], [ -120.25, 53.54167 ] ], [ [ -120.33333, 53.54167 ], [ -120.33333, 53.5 ], [ -120.375, 53.5 ], [ -120.375, 53.54167 ], [ -120.33333, 53.54167 ] ], [ [ -120.75, 53.5 ], [ -120.75, 53.45833 ], [ -120.79167, 53.41667 ], [ -120.83333, 53.41667 ], [ -120.875, 53.5 ], [ -120.75, 53.5 ] ], [ [ -121.08333, 53.20833 ], [ -121.125, 53.20833 ], [ -121.08333, 53.25 ], [ -121.08333, 53.20833 ] ], [ [ -120.625, 53.25 ], [ -120.66667, 53.20833 ], [ -120.66667, 53.125 ], [ -120.75, 53.125 ], [ -120.75, 53.16667 ], [ -120.83333, 53.16667 ], [ -120.83333, 53.20833 ], [ -120.70833, 53.20833 ], [ -120.70833, 53.25 ], [ -120.625, 53.25 ] ], [ [ -120.95833, 53.08333 ], [ -121.04167, 53.08333 ], [ -121.04167, 53.125 ], [ -120.95833, 53.08333 ] ], [ [ -120.875, 53.08333 ], [ -120.91667, 53.08333 ], [ -120.875, 53.125 ], [ -120.875, 53.08333 ] ], [ [ -120.70833, 53.04167 ], [ -120.70833, 53.0 ], [ -120.79167, 53.0 ], [ -120.79167, 52.95833 ], [ -120.875, 52.95833 ], [ -120.91667, 53.04167 ], [ -120.70833, 53.04167 ] ], [ [ -117.79167, 52.95833 ], [ -117.79167, 52.91667 ], [ -117.91667, 52.91667 ], [ -117.91667, 52.95833 ], [ -117.79167, 52.95833 ] ], [ [ -120.08333, 54.29167 ], [ -120.0, 54.125 ], [ -120.125, 54.125 ], [ -120.125, 54.04167 ], [ -120.04167, 53.95833 ], [ -120.0, 54.04167 ], [ -119.83333, 54.04167 ], [ -119.79167, 54.0 ], [ -119.54167, 54.0 ], [ -119.5, 53.95833 ], [ -119.54167, 53.875 ], [ -119.91667, 53.875 ], [ -119.91667, 53.79167 ], [ -119.875, 53.83333 ], [ -119.75, 53.83333 ], [ -119.66667, 53.79167 ], [ -119.5, 53.79167 ], [ -119.54167, 53.70833 ], [ -119.5, 53.70833 ], [ -119.5, 53.66667 ], [ -119.54167, 53.66667 ], [ -119.625, 53.625 ], [ -119.625, 53.58333 ], [ -119.75, 53.58333 ], [ -119.75, 53.45833 ], [ -119.66667, 53.45833 ], [ -119.54167, 53.58333 ], [ -119.45833, 53.625 ], [ -119.375, 53.625 ], [ -119.33333, 53.58333 ], [ -119.29167, 53.54167 ], [ -119.29167, 53.45833 ], [ -119.25, 53.41667 ], [ -119.16667, 53.375 ], [ -119.16667, 53.5 ], [ -119.20833, 53.5 ], [ -119.20833, 53.66667 ], [ -119.29167, 53.625 ], [ -119.33333, 53.66667 ], [ -119.33333, 53.75 ], [ -119.04167, 53.75 ], [ -119.08333, 53.625 ], [ -118.95833, 53.625 ], [ -119.0, 53.70833 ], [ -118.875, 53.70833 ], [ -118.875, 53.66667 ], [ -118.70833, 53.66667 ], [ -118.625, 53.625 ], [ -118.58333, 53.66667 ], [ -118.5, 53.625 ], [ -118.375, 53.625 ], [ -118.33333, 53.54167 ], [ -118.45833, 53.5 ], [ -118.45833, 53.41667 ], [ -118.58333, 53.41667 ], [ -118.625, 53.33333 ], [ -118.625, 53.25 ], [ -118.5, 53.25 ], [ -118.5, 53.29167 ], [ -118.33333, 53.29167 ], [ -118.29167, 53.25 ], [ -118.16667, 53.125 ], [ -118.16667, 53.04167 ], [ -118.25, 53.04167 ], [ -118.29167, 53.08333 ], [ -118.29167, 53.0 ], [ -118.16667, 53.0 ], [ -118.16667, 52.91667 ], [ -118.375, 52.91667 ], [ -118.375, 52.95833 ], [ -118.5, 52.95833 ], [ -118.5, 52.91667 ], [ -118.54167, 52.91667 ], [ -118.54167, 52.875 ], [ -118.66667, 52.875 ], [ -118.66667, 52.95833 ], [ -118.70833, 52.95833 ], [ -118.70833, 52.91667 ], [ -118.75, 52.91667 ], [ -118.79167, 52.95833 ], [ -118.79167, 53.0 ], [ -118.875, 53.0 ], [ -118.875, 53.04167 ], [ -118.91667, 53.0 ], [ -119.0, 53.0 ], [ -119.0, 53.04167 ], [ -119.125, 53.04167 ], [ -119.125, 53.08333 ], [ -119.25, 53.08333 ], [ -119.25, 53.04167 ], [ -119.29167, 53.04167 ], [ -119.29167, 53.125 ], [ -119.375, 53.125 ], [ -119.33333, 53.04167 ], [ -119.33333, 53.0 ], [ -119.45833, 53.0 ], [ -119.5, 53.04167 ], [ -119.5, 53.08333 ], [ -119.54167, 53.125 ], [ -119.58333, 53.08333 ], [ -119.625, 53.08333 ], [ -119.625, 53.20833 ], [ -119.66667, 53.16667 ], [ -119.79167, 53.16667 ], [ -119.83333, 53.20833 ], [ -119.83333, 53.25 ], [ -119.91667, 53.33333 ], [ -119.83333, 53.33333 ], [ -119.83333, 53.29167 ], [ -119.375, 53.29167 ], [ -119.375, 53.33333 ], [ -119.66667, 53.33333 ], [ -119.66667, 53.375 ], [ -119.91667, 53.375 ], [ -119.91667, 53.45833 ], [ -119.95833, 53.45833 ], [ -119.95833, 53.375 ], [ -120.0, 53.33333 ], [ -120.125, 53.33333 ], [ -120.16667, 53.375 ], [ -120.16667, 53.41667 ], [ -120.04167, 53.41667 ], [ -120.04167, 53.45833 ], [ -120.16667, 53.45833 ], [ -120.16667, 53.5 ], [ -120.20833, 53.5 ], [ -120.20833, 53.45833 ], [ -120.29167, 53.45833 ], [ -120.25, 53.54167 ], [ -120.125, 53.54167 ], [ -120.125, 53.58333 ], [ -120.20833, 53.625 ], [ -120.0, 53.625 ], [ -120.0, 53.58333 ], [ -119.95833, 53.58333 ], [ -119.91667, 53.66667 ], [ -120.16667, 53.66667 ], [ -120.16667, 53.70833 ], [ -120.0, 53.70833 ], [ -120.0, 53.75 ], [ -120.20833, 53.75 ], [ -120.20833, 53.79167 ], [ -120.08333, 53.79167 ], [ -120.125, 53.875 ], [ -120.20833, 53.875 ], [ -120.25, 53.95833 ], [ -120.33333, 53.95833 ], [ -120.33333, 53.875 ], [ -120.45833, 53.875 ], [ -120.5, 53.91667 ], [ -120.5, 53.95833 ], [ -120.45833, 54.0 ], [ -120.625, 54.0 ], [ -120.625, 54.04167 ], [ -120.45833, 54.04167 ], [ -120.45833, 54.08333 ], [ -120.29167, 54.08333 ], [ -120.29167, 54.125 ], [ -120.25, 54.20833 ], [ -120.16667, 54.16667 ], [ -120.16667, 54.29167 ], [ -120.08333, 54.29167 ] ], [ [ -120.70833, 52.91667 ], [ -120.70833, 52.875 ], [ -120.83333, 52.875 ], [ -120.83333, 52.91667 ], [ -120.70833, 52.91667 ] ], [ [ -120.5, 52.875 ], [ -120.5, 52.83333 ], [ -120.54167, 52.875 ], [ -120.5, 52.875 ] ], [ [ -120.54167, 52.75 ], [ -120.54167, 52.66667 ], [ -120.66667, 52.66667 ], [ -120.66667, 52.75 ], [ -120.54167, 52.75 ] ], [ [ -119.125, 52.70833 ], [ -119.125, 52.66667 ], [ -119.16667, 52.66667 ], [ -119.16667, 52.70833 ], [ -119.125, 52.70833 ] ], [ [ -120.16667, 52.54167 ], [ -120.16667, 52.5 ], [ -120.25, 52.5 ], [ -120.25, 52.54167 ], [ -120.16667, 52.54167 ] ], [ [ -120.5, 52.5 ], [ -120.5, 52.45833 ], [ -120.625, 52.45833 ], [ -120.625, 52.5 ], [ -120.5, 52.5 ] ], [ [ -119.70833, 52.45833 ], [ -119.70833, 52.41667 ], [ -119.79167, 52.41667 ], [ -119.79167, 52.45833 ], [ -119.70833, 52.45833 ] ], [ [ -119.79167, 52.41667 ], [ -119.79167, 52.375 ], [ -119.83333, 52.375 ], [ -119.83333, 52.41667 ], [ -119.79167, 52.41667 ] ], [ [ -120.45833, 52.45833 ], [ -120.45833, 52.25 ], [ -120.5, 52.25 ], [ -120.625, 52.375 ], [ -120.625, 52.41667 ], [ -120.5, 52.41667 ], [ -120.5, 52.45833 ], [ -120.45833, 52.45833 ] ], [ [ -120.04167, 52.33333 ], [ -120.0, 52.25 ], [ -120.08333, 52.25 ], [ -120.125, 52.29167 ], [ -120.125, 52.33333 ], [ -120.04167, 52.33333 ] ], [ [ -119.95833, 52.25 ], [ -119.95833, 52.20833 ], [ -120.0, 52.20833 ], [ -120.0, 52.25 ], [ -119.95833, 52.25 ] ], [ [ -120.45833, 53.375 ], [ -120.45833, 53.33333 ], [ -120.375, 53.33333 ], [ -120.375, 53.25 ], [ -120.29167, 53.25 ], [ -120.29167, 53.20833 ], [ -120.25, 53.25 ], [ -120.20833, 53.25 ], [ -120.16667, 53.20833 ], [ -120.16667, 53.16667 ], [ -120.20833, 53.125 ], [ -120.25, 53.08333 ], [ -120.20833, 53.08333 ], [ -120.20833, 53.04167 ], [ -120.16667, 53.08333 ], [ -120.125, 53.08333 ], [ -120.125, 53.16667 ], [ -120.04167, 53.16667 ], [ -120.04167, 53.08333 ], [ -119.95833, 53.08333 ], [ -119.95833, 53.04167 ], [ -119.91667, 53.04167 ], [ -119.91667, 52.95833 ], [ -120.0, 52.95833 ], [ -120.0, 52.875 ], [ -119.95833, 52.875 ], [ -119.91667, 52.79167 ], [ -119.91667, 52.91667 ], [ -119.83333, 52.91667 ], [ -119.83333, 53.0 ], [ -119.66667, 53.0 ], [ -119.66667, 52.95833 ], [ -119.54167, 52.95833 ], [ -119.54167, 52.91667 ], [ -119.5, 52.91667 ], [ -119.5, 52.83333 ], [ -119.41667, 52.83333 ], [ -119.375, 52.79167 ], [ -119.375, 52.75 ], [ -119.625, 52.75 ], [ -119.625, 52.70833 ], [ -119.5, 52.70833 ], [ -119.45833, 52.70833 ], [ -119.41667, 52.70833 ], [ -119.375, 52.70833 ], [ -119.29167, 52.70833 ], [ -119.25, 52.66667 ], [ -119.20833, 52.625 ], [ -119.25, 52.54167 ], [ -119.375, 52.54167 ], [ -119.41667, 52.54167 ], [ -119.45833, 52.54167 ], [ -119.5, 52.58333 ], [ -119.5, 52.625 ], [ -119.625, 52.625 ], [ -119.625, 52.66667 ], [ -119.70833, 52.66667 ], [ -119.70833, 52.58333 ], [ -119.625, 52.58333 ], [ -119.58333, 52.5 ], [ -119.45833, 52.5 ], [ -119.5, 52.41667 ], [ -119.41667, 52.41667 ], [ -119.41667, 52.45833 ], [ -119.33333, 52.45833 ], [ -119.375, 52.375 ], [ -119.29167, 52.375 ], [ -119.29167, 52.29167 ], [ -119.41667, 52.29167 ], [ -119.41667, 52.25 ], [ -119.5, 52.20833 ], [ -119.45833, 52.20833 ], [ -119.45833, 52.16667 ], [ -119.54167, 52.16667 ], [ -119.58333, 52.16667 ], [ -119.625, 52.16667 ], [ -119.625, 52.25 ], [ -119.54167, 52.25 ], [ -119.54167, 52.375 ], [ -119.625, 52.375 ], [ -119.70833, 52.45833 ], [ -119.70833, 52.5 ], [ -119.75, 52.5 ], [ -119.75, 52.58333 ], [ -119.83333, 52.54167 ], [ -119.83333, 52.45833 ], [ -119.95833, 52.45833 ], [ -120.04167, 52.41667 ], [ -120.20833, 52.41667 ], [ -120.20833, 52.45833 ], [ -120.08333, 52.45833 ], [ -120.125, 52.5 ], [ -120.16667, 52.54167 ], [ -120.16667, 52.58333 ], [ -120.04167, 52.58333 ], [ -120.04167, 52.625 ], [ -120.0, 52.70833 ], [ -120.20833, 52.70833 ], [ -120.25, 52.66667 ], [ -120.29167, 52.66667 ], [ -120.375, 52.70833 ], [ -120.375, 52.875 ], [ -120.41667, 52.875 ], [ -120.45833, 52.91667 ], [ -120.5, 52.91667 ], [ -120.70833, 52.91667 ], [ -120.70833, 52.95833 ], [ -120.58333, 52.95833 ], [ -120.625, 53.04167 ], [ -120.66667, 53.04167 ], [ -120.66667, 53.08333 ], [ -120.5, 53.08333 ], [ -120.5, 53.125 ], [ -120.58333, 53.16667 ], [ -120.625, 53.25 ], [ -120.625, 53.29167 ], [ -120.66667, 53.29167 ], [ -120.66667, 53.33333 ], [ -120.5, 53.33333 ], [ -120.5, 53.375 ], [ -120.45833, 53.375 ] ], [ [ -119.33333, 52.25 ], [ -119.33333, 52.16667 ], [ -119.375, 52.16667 ], [ -119.41667, 52.20833 ], [ -119.41667, 52.25 ], [ -119.33333, 52.25 ] ], [ [ -119.125, 52.08333 ], [ -119.125, 52.04167 ], [ -119.16667, 52.08333 ], [ -119.125, 52.08333 ] ], [ [ -118.91667, 52.58333 ], [ -118.875, 52.54167 ], [ -118.83333, 52.5 ], [ -118.83333, 52.33333 ], [ -118.625, 52.33333 ], [ -118.625, 52.29167 ], [ -118.66667, 52.25 ], [ -118.66667, 52.16667 ], [ -118.625, 52.125 ], [ -118.75, 52.125 ], [ -118.75, 52.16667 ], [ -118.79167, 52.16667 ], [ -118.79167, 52.04167 ], [ -118.83333, 52.0 ], [ -118.91667, 52.0 ], [ -118.875, 51.95833 ], [ -118.875, 51.91667 ], [ -119.0, 51.91667 ], [ -119.0, 52.04167 ], [ -118.95833, 52.04167 ], [ -118.95833, 52.08333 ], [ -119.0, 52.08333 ], [ -119.125, 52.20833 ], [ -119.125, 52.25 ], [ -119.04167, 52.25 ], [ -119.04167, 52.20833 ], [ -118.95833, 52.20833 ], [ -118.95833, 52.29167 ], [ -119.125, 52.29167 ], [ -119.125, 52.33333 ], [ -119.04167, 52.33333 ], [ -119.08333, 52.375 ], [ -119.08333, 52.41667 ], [ -119.0, 52.41667 ], [ -119.04167, 52.5 ], [ -119.04167, 52.54167 ], [ -119.0, 52.58333 ], [ -118.91667, 52.58333 ] ], [ [ -118.41667, 51.95833 ], [ -118.41667, 51.91667 ], [ -118.45833, 51.91667 ], [ -118.45833, 51.95833 ], [ -118.41667, 51.95833 ] ], [ [ -118.66667, 51.91667 ], [ -118.66667, 51.875 ], [ -118.75, 51.875 ], [ -118.75, 51.91667 ], [ -118.66667, 51.91667 ] ], [ [ -117.375, 51.91667 ], [ -117.375, 51.83333 ], [ -117.41667, 51.83333 ], [ -117.41667, 51.91667 ], [ -117.375, 51.91667 ] ], [ [ -119.83333, 51.95833 ], [ -119.83333, 51.70833 ], [ -119.875, 51.70833 ], [ -119.875, 51.79167 ], [ -119.91667, 51.83333 ], [ -119.875, 51.91667 ], [ -119.91667, 51.95833 ], [ -119.83333, 51.95833 ] ], [ [ -118.91667, 51.79167 ], [ -118.83333, 51.79167 ], [ -118.83333, 51.70833 ], [ -118.91667, 51.66667 ], [ -118.95833, 51.625 ], [ -119.04167, 51.66667 ], [ -119.04167, 51.70833 ], [ -118.95833, 51.75 ], [ -118.95833, 51.875 ], [ -118.91667, 51.875 ], [ -118.91667, 51.79167 ] ], [ [ -118.79167, 51.66667 ], [ -118.83333, 51.625 ], [ -118.91667, 51.625 ], [ -118.91667, 51.66667 ], [ -118.79167, 51.66667 ] ], [ [ -116.83333, 52.5 ], [ -116.83333, 52.58333 ], [ -116.70833, 52.58333 ], [ -116.58333, 52.45833 ], [ -116.58333, 52.375 ], [ -116.54167, 52.33333 ], [ -116.45833, 52.33333 ], [ -116.45833, 52.25 ], [ -116.54167, 52.25 ], [ -116.58333, 52.16667 ], [ -116.70833, 52.16667 ], [ -116.70833, 52.125 ], [ -116.45833, 52.125 ], [ -116.45833, 52.04167 ], [ -116.66667, 52.04167 ], [ -116.66667, 52.0 ], [ -116.83333, 52.0 ], [ -116.875, 51.95833 ], [ -116.83333, 51.91667 ], [ -116.83333, 51.83333 ], [ -116.75, 51.79167 ], [ -116.75, 51.66667 ], [ -116.79167, 51.66667 ], [ -116.79167, 51.58333 ], [ -116.83333, 51.58333 ], [ -116.83333, 51.625 ], [ -117.125, 51.625 ], [ -117.125, 51.58333 ], [ -117.20833, 51.58333 ], [ -117.20833, 51.66667 ], [ -117.04167, 51.66667 ], [ -117.04167, 51.70833 ], [ -117.25, 51.70833 ], [ -117.25, 51.66667 ], [ -117.41667, 51.66667 ], [ -117.41667, 51.70833 ], [ -117.29167, 51.70833 ], [ -117.25, 51.79167 ], [ -117.20833, 51.79167 ], [ -117.20833, 51.75 ], [ -117.08333, 51.75 ], [ -117.125, 51.83333 ], [ -117.25, 51.83333 ], [ -117.20833, 51.91667 ], [ -117.33333, 51.91667 ], [ -117.33333, 52.08333 ], [ -117.41667, 52.04167 ], [ -117.41667, 51.91667 ], [ -117.5, 51.95833 ], [ -117.5, 51.79167 ], [ -117.625, 51.79167 ], [ -117.66667, 51.83333 ], [ -117.70833, 51.83333 ], [ -117.75, 51.83333 ], [ -117.75, 51.875 ], [ -117.83333, 51.875 ], [ -117.83333, 51.91667 ], [ -117.66667, 51.91667 ], [ -117.66667, 52.0 ], [ -117.625, 52.04167 ], [ -117.66667, 52.04167 ], [ -117.66667, 52.08333 ], [ -117.70833, 52.08333 ], [ -117.70833, 52.04167 ], [ -117.70833, 52.0 ], [ -117.83333, 52.0 ], [ -117.83333, 52.125 ], [ -117.91667, 52.125 ], [ -117.91667, 52.04167 ], [ -117.95833, 52.0 ], [ -118.08333, 52.0 ], [ -118.08333, 52.04167 ], [ -118.04167, 52.08333 ], [ -118.0, 52.16667 ], [ -118.08333, 52.16667 ], [ -118.08333, 52.08333 ], [ -118.20833, 52.08333 ], [ -118.20833, 52.125 ], [ -118.125, 52.125 ], [ -118.125, 52.20833 ], [ -118.08333, 52.20833 ], [ -118.08333, 52.29167 ], [ -118.04167, 52.33333 ], [ -117.95833, 52.33333 ], [ -117.91667, 52.375 ], [ -118.125, 52.375 ], [ -118.125, 52.33333 ], [ -118.20833, 52.33333 ], [ -118.20833, 52.16667 ], [ -118.29167, 52.16667 ], [ -118.375, 52.20833 ], [ -118.375, 52.25 ], [ -118.41667, 52.25 ], [ -118.41667, 52.29167 ], [ -118.5, 52.29167 ], [ -118.54167, 52.33333 ], [ -118.54167, 52.375 ], [ -118.29167, 52.375 ], [ -118.375, 52.45833 ], [ -118.5, 52.45833 ], [ -118.5, 52.41667 ], [ -118.58333, 52.41667 ], [ -118.58333, 52.5 ], [ -118.66667, 52.5 ], [ -118.66667, 52.45833 ], [ -118.70833, 52.45833 ], [ -118.75, 52.5 ], [ -118.75, 52.54167 ], [ -118.625, 52.54167 ], [ -118.625, 52.58333 ], [ -118.75, 52.58333 ], [ -118.70833, 52.66667 ], [ -118.95833, 52.66667 ], [ -118.95833, 52.75 ], [ -119.0, 52.75 ], [ -119.0, 52.79167 ], [ -119.08333, 52.79167 ], [ -119.08333, 52.83333 ], [ -119.16667, 52.83333 ], [ -119.20833, 52.91667 ], [ -119.20833, 52.875 ], [ -119.25, 52.875 ], [ -119.29167, 52.91667 ], [ -119.29167, 52.95833 ], [ -119.25, 53.0 ], [ -119.08333, 53.0 ], [ -119.08333, 52.95833 ], [ -118.95833, 52.95833 ], [ -118.95833, 52.91667 ], [ -118.83333, 52.91667 ], [ -118.83333, 52.875 ], [ -118.70833, 52.875 ], [ -118.70833, 52.83333 ], [ -118.625, 52.83333 ], [ -118.625, 52.75 ], [ -118.54167, 52.66667 ], [ -118.45833, 52.66667 ], [ -118.41667, 52.70833 ], [ -118.45833, 52.75 ], [ -118.54167, 52.75 ], [ -118.54167, 52.83333 ], [ -118.5, 52.83333 ], [ -118.5, 52.79167 ], [ -118.45833, 52.83333 ], [ -118.25, 52.83333 ], [ -118.125, 52.83333 ], [ -118.08333, 52.79167 ], [ -118.08333, 52.70833 ], [ -118.0, 52.70833 ], [ -118.0, 52.625 ], [ -117.91667, 52.625 ], [ -117.91667, 52.58333 ], [ -117.83333, 52.58333 ], [ -117.79167, 52.54167 ], [ -117.75, 52.54167 ], [ -117.70833, 52.54167 ], [ -117.70833, 52.375 ], [ -117.75, 52.33333 ], [ -117.70833, 52.29167 ], [ -117.66667, 52.33333 ], [ -117.66667, 52.375 ], [ -117.625, 52.375 ], [ -117.625, 52.33333 ], [ -117.54167, 52.375 ], [ -117.625, 52.45833 ], [ -117.625, 52.5 ], [ -117.54167, 52.5 ], [ -117.625, 52.54167 ], [ -117.625, 52.58333 ], [ -117.70833, 52.58333 ], [ -117.70833, 52.625 ], [ -117.83333, 52.625 ], [ -117.83333, 52.75 ], [ -117.875, 52.75 ], [ -117.91667, 52.79167 ], [ -117.95833, 52.83333 ], [ -117.95833, 52.875 ], [ -117.875, 52.83333 ], [ -117.75, 52.83333 ], [ -117.75, 52.75 ], [ -117.70833, 52.70833 ], [ -117.625, 52.70833 ], [ -117.70833, 52.83333 ], [ -117.70833, 52.95833 ], [ -117.66667, 52.95833 ], [ -117.66667, 52.91667 ], [ -117.58333, 52.91667 ], [ -117.54167, 52.83333 ], [ -117.41667, 52.83333 ], [ -117.41667, 52.79167 ], [ -117.375, 52.79167 ], [ -117.375, 52.875 ], [ -117.45833, 52.875 ], [ -117.5, 52.95833 ], [ -117.58333, 52.95833 ], [ -117.66667, 53.0 ], [ -117.66667, 53.04167 ], [ -117.5, 53.04167 ], [ -117.41667, 53.0 ], [ -117.375, 52.91667 ], [ -117.04167, 52.75 ], [ -116.95833, 52.75 ], [ -116.875, 52.625 ], [ -116.91667, 52.54167 ], [ -116.91667, 52.45833 ], [ -116.83333, 52.5 ] ], [ [ -116.91667, 51.54167 ], [ -117.0, 51.54167 ], [ -117.0, 51.58333 ], [ -116.91667, 51.54167 ] ], [ [ -117.75, 51.54167 ], [ -117.79167, 51.5 ], [ -117.79167, 51.54167 ], [ -117.75, 51.54167 ] ], [ [ -116.79167, 51.54167 ], [ -116.79167, 51.5 ], [ -116.83333, 51.54167 ], [ -116.79167, 51.54167 ] ], [ [ -118.29167, 52.04167 ], [ -118.29167, 52.0 ], [ -118.16667, 52.0 ], [ -118.16667, 51.95833 ], [ -118.125, 51.95833 ], [ -118.125, 51.91667 ], [ -118.04167, 51.91667 ], [ -118.04167, 51.875 ], [ -118.08333, 51.875 ], [ -118.125, 51.83333 ], [ -118.08333, 51.79167 ], [ -118.0, 51.79167 ], [ -118.0, 51.875 ], [ -117.91667, 51.875 ], [ -117.875, 51.83333 ], [ -117.83333, 51.79167 ], [ -117.75, 51.75 ], [ -117.75, 51.70833 ], [ -117.75, 51.66667 ], [ -117.75, 51.625 ], [ -117.79167, 51.54167 ], [ -117.875, 51.54167 ], [ -117.95833, 51.58333 ], [ -117.95833, 51.45833 ], [ -118.0, 51.45833 ], [ -118.0, 51.625 ], [ -118.08333, 51.625 ], [ -118.08333, 51.66667 ], [ -117.95833, 51.66667 ], [ -117.95833, 51.70833 ], [ -118.125, 51.70833 ], [ -118.125, 51.66667 ], [ -118.16667, 51.66667 ], [ -118.16667, 51.75 ], [ -118.20833, 51.70833 ], [ -118.29167, 51.70833 ], [ -118.33333, 51.75 ], [ -118.33333, 51.79167 ], [ -118.29167, 51.79167 ], [ -118.29167, 51.83333 ], [ -118.25, 51.83333 ], [ -118.25, 51.875 ], [ -118.20833, 51.875 ], [ -118.29167, 51.875 ], [ -118.375, 51.875 ], [ -118.375, 51.91667 ], [ -118.33333, 51.91667 ], [ -118.41667, 51.95833 ], [ -118.45833, 52.0 ], [ -118.45833, 52.04167 ], [ -118.29167, 52.04167 ] ], [ [ -120.0, 51.45833 ], [ -120.04167, 51.45833 ], [ -120.04167, 51.5 ], [ -120.0, 51.45833 ] ], [ [ -116.875, 51.45833 ], [ -116.91667, 51.45833 ], [ -116.875, 51.5 ], [ -116.875, 51.45833 ] ], [ [ -117.625, 51.66667 ], [ -117.58333, 51.625 ], [ -117.54167, 51.58333 ], [ -117.54167, 51.54167 ], [ -117.58333, 51.54167 ], [ -117.58333, 51.41667 ], [ -117.625, 51.41667 ], [ -117.70833, 51.45833 ], [ -117.75, 51.54167 ], [ -117.75, 51.58333 ], [ -117.70833, 51.625 ], [ -117.66667, 51.66667 ], [ -117.625, 51.66667 ] ], [ [ -117.375, 51.45833 ], [ -117.375, 51.41667 ], [ -117.41667, 51.41667 ], [ -117.41667, 51.45833 ], [ -117.375, 51.45833 ] ], [ [ -119.91667, 51.41667 ], [ -119.95833, 51.375 ], [ -120.0, 51.375 ], [ -120.0, 51.45833 ], [ -119.91667, 51.41667 ] ], [ [ -117.5, 51.375 ], [ -117.54167, 51.375 ], [ -117.54167, 51.41667 ], [ -117.5, 51.375 ] ], [ [ -118.70833, 51.33333 ], [ -118.70833, 51.29167 ], [ -118.75, 51.29167 ], [ -118.75, 51.33333 ], [ -118.70833, 51.33333 ] ], [ [ -116.75, 51.25 ], [ -116.75, 51.20833 ], [ -116.79167, 51.20833 ], [ -116.79167, 51.25 ], [ -116.75, 51.25 ] ], [ [ -115.375, 51.25 ], [ -115.375, 51.20833 ], [ -115.41667, 51.20833 ], [ -115.41667, 51.25 ], [ -115.375, 51.25 ] ], [ [ -118.54167, 51.16667 ], [ -118.58333, 51.16667 ], [ -118.54167, 51.20833 ], [ -118.54167, 51.16667 ] ], [ [ -115.20833, 51.125 ], [ -115.33333, 51.125 ], [ -115.25, 51.20833 ], [ -115.20833, 51.125 ] ], [ [ -123.0, 51.125 ], [ -123.08333, 51.125 ], [ -123.08333, 51.16667 ], [ -122.95833, 51.16667 ], [ -122.95833, 51.08333 ], [ -123.0, 51.125 ] ], [ [ -116.04167, 52.04167 ], [ -115.83333, 52.04167 ], [ -115.75, 51.95833 ], [ -115.79167, 51.875 ], [ -115.91667, 51.875 ], [ -115.91667, 51.83333 ], [ -115.70833, 51.83333 ], [ -115.70833, 51.875 ], [ -115.54167, 51.875 ], [ -115.5, 51.79167 ], [ -115.625, 51.79167 ], [ -115.70833, 51.75 ], [ -115.70833, 51.66667 ], [ -115.54167, 51.66667 ], [ -115.54167, 51.58333 ], [ -115.45833, 51.54167 ], [ -115.45833, 51.45833 ], [ -115.375, 51.41667 ], [ -115.29167, 51.41667 ], [ -115.25, 51.33333 ], [ -115.375, 51.33333 ], [ -115.375, 51.29167 ], [ -115.54167, 51.29167 ], [ -115.54167, 51.20833 ], [ -115.58333, 51.20833 ], [ -115.66667, 51.20833 ], [ -115.75, 51.20833 ], [ -115.75, 51.25 ], [ -115.79167, 51.25 ], [ -115.79167, 51.29167 ], [ -115.95833, 51.29167 ], [ -115.95833, 51.33333 ], [ -116.04167, 51.41667 ], [ -116.125, 51.41667 ], [ -116.16667, 51.5 ], [ -116.29167, 51.5 ], [ -116.25, 51.41667 ], [ -116.16667, 51.41667 ], [ -116.04167, 51.29167 ], [ -116.08333, 51.20833 ], [ -116.20833, 51.20833 ], [ -116.125, 51.125 ], [ -116.125, 51.04167 ], [ -116.04167, 51.04167 ], [ -116.04167, 51.0 ], [ -116.16667, 51.0 ], [ -116.20833, 51.04167 ], [ -116.29167, 51.08333 ], [ -116.33333, 51.125 ], [ -116.375, 51.125 ], [ -116.41667, 51.125 ], [ -116.5, 51.16667 ], [ -116.54167, 51.20833 ], [ -116.54167, 51.29167 ], [ -116.45833, 51.29167 ], [ -116.45833, 51.33333 ], [ -116.5, 51.33333 ], [ -116.5, 51.375 ], [ -116.45833, 51.41667 ], [ -116.5, 51.41667 ], [ -116.5, 51.45833 ], [ -116.625, 51.45833 ], [ -116.66667, 51.375 ], [ -116.625, 51.33333 ], [ -116.70833, 51.33333 ], [ -116.70833, 51.29167 ], [ -116.75, 51.29167 ], [ -116.75, 51.375 ], [ -116.83333, 51.375 ], [ -116.83333, 51.33333 ], [ -116.875, 51.33333 ], [ -116.91667, 51.375 ], [ -116.875, 51.45833 ], [ -116.79167, 51.5 ], [ -116.75, 51.5 ], [ -116.70833, 51.58333 ], [ -116.66667, 51.625 ], [ -116.66667, 51.75 ], [ -116.75, 51.79167 ], [ -116.75, 51.875 ], [ -116.66667, 51.875 ], [ -116.70833, 51.95833 ], [ -116.625, 51.95833 ], [ -116.625, 52.0 ], [ -116.58333, 52.0 ], [ -116.58333, 51.95833 ], [ -116.375, 51.95833 ], [ -116.375, 51.91667 ], [ -116.33333, 51.91667 ], [ -116.33333, 52.04167 ], [ -116.29167, 52.125 ], [ -116.20833, 52.125 ], [ -116.125, 52.16667 ], [ -116.08333, 52.125 ], [ -116.04167, 52.04167 ] ], [ [ -122.375, 50.95833 ], [ -122.375, 50.91667 ], [ -122.54167, 50.91667 ], [ -122.54167, 51.0 ], [ -122.625, 51.0 ], [ -122.625, 51.08333 ], [ -122.54167, 51.08333 ], [ -122.45833, 51.0 ], [ -122.375, 50.95833 ] ], [ [ -117.20833, 50.91667 ], [ -117.20833, 50.875 ], [ -117.25, 50.875 ], [ -117.25, 50.91667 ], [ -117.20833, 50.91667 ] ], [ [ -115.83333, 50.79167 ], [ -115.875, 50.79167 ], [ -115.83333, 50.83333 ], [ -115.83333, 50.79167 ] ], [ [ -115.70833, 50.79167 ], [ -115.70833, 50.75 ], [ -115.83333, 50.75 ], [ -115.83333, 50.79167 ], [ -115.70833, 50.79167 ] ], [ [ -122.41667, 50.70833 ], [ -122.41667, 50.66667 ], [ -122.45833, 50.66667 ], [ -122.45833, 50.70833 ], [ -122.41667, 50.70833 ] ], [ [ -122.20833, 50.66667 ], [ -122.29167, 50.625 ], [ -122.29167, 50.66667 ], [ -122.20833, 50.66667 ] ], [ [ -117.125, 50.66667 ], [ -117.125, 50.625 ], [ -117.16667, 50.625 ], [ -117.16667, 50.66667 ], [ -117.125, 50.66667 ] ], [ [ -115.625, 50.70833 ], [ -115.625, 50.66667 ], [ -115.58333, 50.66667 ], [ -115.58333, 50.58333 ], [ -115.625, 50.58333 ], [ -115.66667, 50.625 ], [ -115.66667, 50.70833 ], [ -115.625, 50.70833 ] ], [ [ -117.16667, 50.625 ], [ -117.20833, 50.58333 ], [ -117.20833, 50.625 ], [ -117.16667, 50.625 ] ], [ [ -117.08333, 50.625 ], [ -117.08333, 50.58333 ], [ -117.125, 50.625 ], [ -117.08333, 50.625 ] ], [ [ -116.91667, 50.58333 ], [ -116.95833, 50.58333 ], [ -116.95833, 50.625 ], [ -116.91667, 50.58333 ] ], [ [ -116.83333, 50.66667 ], [ -116.83333, 50.54167 ], [ -116.91667, 50.54167 ], [ -116.91667, 50.58333 ], [ -116.875, 50.66667 ], [ -116.83333, 50.66667 ] ], [ [ -114.95833, 50.91667 ], [ -114.91667, 50.875 ], [ -115.0, 50.79167 ], [ -115.0, 50.75 ], [ -114.875, 50.75 ], [ -114.875, 50.66667 ], [ -114.91667, 50.625 ], [ -114.875, 50.54167 ], [ -114.95833, 50.5 ], [ -115.0, 50.5 ], [ -115.04167, 50.54167 ], [ -115.04167, 50.66667 ], [ -115.125, 50.83333 ], [ -115.04167, 50.875 ], [ -115.08333, 50.875 ], [ -115.08333, 50.91667 ], [ -114.95833, 50.91667 ] ], [ [ -114.66667, 50.54167 ], [ -114.66667, 50.5 ], [ -114.79167, 50.5 ], [ -114.79167, 50.54167 ], [ -114.66667, 50.54167 ] ], [ [ -121.95833, 50.625 ], [ -121.91667, 50.58333 ], [ -121.91667, 50.5 ], [ -122.0, 50.45833 ], [ -122.04167, 50.54167 ], [ -122.0, 50.54167 ], [ -122.0, 50.625 ], [ -121.95833, 50.625 ] ], [ [ -115.41667, 50.375 ], [ -115.45833, 50.45833 ], [ -115.375, 50.45833 ], [ -115.41667, 50.375 ] ], [ [ -121.95833, 50.41667 ], [ -121.95833, 50.375 ], [ -122.0, 50.375 ], [ -122.0, 50.41667 ], [ -121.95833, 50.41667 ] ], [ [ -116.70833, 50.29167 ], [ -116.79167, 50.29167 ], [ -116.79167, 50.33333 ], [ -116.70833, 50.29167 ] ], [ [ -117.25, 50.25 ], [ -117.33333, 50.25 ], [ -117.29167, 50.29167 ], [ -117.25, 50.33333 ], [ -117.25, 50.25 ] ], [ [ -117.08333, 50.29167 ], [ -117.08333, 50.25 ], [ -117.16667, 50.25 ], [ -117.16667, 50.29167 ], [ -117.08333, 50.29167 ] ], [ [ -114.75, 50.375 ], [ -114.75, 50.20833 ], [ -114.83333, 50.25 ], [ -114.83333, 50.375 ], [ -114.75, 50.375 ] ], [ [ -115.91667, 51.20833 ], [ -115.83333, 51.16667 ], [ -115.83333, 51.20833 ], [ -115.79167, 51.20833 ], [ -115.75, 51.16667 ], [ -115.70833, 51.125 ], [ -115.625, 51.08333 ], [ -115.54167, 51.08333 ], [ -115.54167, 51.0 ], [ -115.45833, 50.95833 ], [ -115.41667, 50.83333 ], [ -115.33333, 50.83333 ], [ -115.33333, 50.91667 ], [ -115.29167, 50.91667 ], [ -115.29167, 51.0 ], [ -115.25, 51.0 ], [ -115.20833, 50.95833 ], [ -115.20833, 50.70833 ], [ -115.20833, 50.625 ], [ -115.125, 50.54167 ], [ -115.04167, 50.54167 ], [ -115.04167, 50.5 ], [ -115.0, 50.5 ], [ -115.04167, 50.45833 ], [ -115.0, 50.375 ], [ -115.0, 50.29167 ], [ -115.04167, 50.20833 ], [ -115.125, 50.20833 ], [ -115.16667, 50.25 ], [ -115.16667, 50.33333 ], [ -115.29167, 50.33333 ], [ -115.29167, 50.41667 ], [ -115.375, 50.45833 ], [ -115.375, 50.5 ], [ -115.29167, 50.5 ], [ -115.25, 50.54167 ], [ -115.375, 50.66667 ], [ -115.375, 50.54167 ], [ -115.41667, 50.54167 ], [ -115.41667, 50.58333 ], [ -115.5, 50.66667 ], [ -115.45833, 50.70833 ], [ -115.5, 50.75 ], [ -115.625, 50.75 ], [ -115.625, 50.83333 ], [ -115.83333, 50.83333 ], [ -115.83333, 50.91667 ], [ -115.75, 51.04167 ], [ -115.95833, 51.04167 ], [ -115.95833, 51.08333 ], [ -116.04167, 51.08333 ], [ -116.04167, 51.125 ], [ -116.08333, 51.20833 ], [ -115.91667, 51.20833 ] ], [ [ -117.20833, 50.25 ], [ -117.20833, 50.20833 ], [ -117.25, 50.20833 ], [ -117.25, 50.25 ], [ -117.20833, 50.25 ] ], [ [ -116.75, 50.16667 ], [ -116.75, 50.125 ], [ -116.83333, 50.125 ], [ -116.83333, 50.16667 ], [ -116.75, 50.16667 ] ], [ [ -116.29167, 50.125 ], [ -116.375, 50.16667 ], [ -116.29167, 50.25 ], [ -116.125, 50.25 ], [ -116.125, 50.20833 ], [ -116.25, 50.20833 ], [ -116.25, 50.16667 ], [ -116.29167, 50.125 ] ], [ [ -114.70833, 50.20833 ], [ -114.70833, 50.08333 ], [ -114.75, 50.08333 ], [ -114.75, 50.20833 ], [ -114.70833, 50.20833 ] ], [ [ -117.125, 50.125 ], [ -117.125, 50.08333 ], [ -117.16667, 50.125 ], [ -117.125, 50.125 ] ], [ [ -116.54167, 50.125 ], [ -116.54167, 50.08333 ], [ -116.66667, 50.08333 ], [ -116.66667, 50.125 ], [ -116.54167, 50.125 ] ], [ [ -115.29167, 50.125 ], [ -115.29167, 50.04167 ], [ -115.33333, 50.125 ], [ -115.29167, 50.125 ] ], [ [ -114.625, 50.08333 ], [ -114.625, 49.91667 ], [ -114.70833, 49.95833 ], [ -114.70833, 50.08333 ], [ -114.625, 50.08333 ] ], [ [ -115.125, 50.125 ], [ -115.125, 50.04167 ], [ -115.16667, 50.0 ], [ -115.20833, 49.91667 ], [ -115.29167, 49.91667 ], [ -115.29167, 50.04167 ], [ -115.25, 50.125 ], [ -115.125, 50.125 ] ], [ [ -117.08333, 49.95833 ], [ -117.08333, 49.91667 ], [ -117.16667, 49.91667 ], [ -117.16667, 49.95833 ], [ -117.08333, 49.95833 ] ], [ [ -117.20833, 51.45833 ], [ -117.16667, 51.41667 ], [ -117.125, 51.375 ], [ -117.08333, 51.33333 ], [ -117.08333, 51.25 ], [ -117.04167, 51.25 ], [ -117.04167, 51.20833 ], [ -116.95833, 51.20833 ], [ -116.91667, 51.16667 ], [ -117.125, 51.16667 ], [ -117.125, 51.08333 ], [ -116.95833, 51.08333 ], [ -116.91667, 51.04167 ], [ -116.95833, 51.0 ], [ -116.95833, 50.91667 ], [ -116.875, 50.875 ], [ -116.875, 51.0 ], [ -116.83333, 51.0 ], [ -116.83333, 50.95833 ], [ -116.75, 50.95833 ], [ -116.75, 50.91667 ], [ -116.625, 50.91667 ], [ -116.70833, 50.83333 ], [ -116.625, 50.83333 ], [ -116.5, 50.83333 ], [ -116.5, 50.70833 ], [ -116.375, 50.70833 ], [ -116.375, 50.66667 ], [ -116.5, 50.66667 ], [ -116.5, 50.625 ], [ -116.375, 50.625 ], [ -116.375, 50.58333 ], [ -116.54167, 50.58333 ], [ -116.58333, 50.5 ], [ -116.5, 50.5 ], [ -116.45833, 50.54167 ], [ -116.41667, 50.54167 ], [ -116.29167, 50.54167 ], [ -116.29167, 50.45833 ], [ -116.33333, 50.41667 ], [ -116.375, 50.375 ], [ -116.58333, 50.375 ], [ -116.54167, 50.25 ], [ -116.45833, 50.25 ], [ -116.41667, 50.33333 ], [ -116.25, 50.33333 ], [ -116.20833, 50.41667 ], [ -116.125, 50.33333 ], [ -116.20833, 50.29167 ], [ -116.33333, 50.29167 ], [ -116.41667, 50.20833 ], [ -116.41667, 50.0 ], [ -116.33333, 49.95833 ], [ -116.33333, 50.08333 ], [ -116.29167, 50.08333 ], [ -116.25, 50.08333 ], [ -116.20833, 50.125 ], [ -116.16667, 50.04167 ], [ -116.04167, 50.04167 ], [ -116.04167, 50.0 ], [ -116.16667, 50.0 ], [ -116.25, 49.95833 ], [ -116.25, 49.875 ], [ -116.375, 49.875 ], [ -116.375, 49.83333 ], [ -116.41667, 49.83333 ], [ -116.41667, 49.91667 ], [ -116.5, 49.91667 ], [ -116.5, 49.95833 ], [ -116.54167, 49.95833 ], [ -116.54167, 49.83333 ], [ -116.58333, 49.83333 ], [ -116.625, 49.91667 ], [ -116.625, 49.95833 ], [ -116.75, 49.95833 ], [ -116.75, 50.0 ], [ -116.66667, 50.04167 ], [ -116.625, 50.04167 ], [ -116.625, 50.0 ], [ -116.5, 50.0 ], [ -116.54167, 50.08333 ], [ -116.5, 50.16667 ], [ -116.625, 50.16667 ], [ -116.66667, 50.16667 ], [ -116.75, 50.16667 ], [ -116.75, 50.25 ], [ -116.58333, 50.25 ], [ -116.58333, 50.29167 ], [ -116.66667, 50.29167 ], [ -116.66667, 50.41667 ], [ -116.75, 50.375 ], [ -116.83333, 50.375 ], [ -116.83333, 50.5 ], [ -116.75, 50.54167 ], [ -116.70833, 50.58333 ], [ -116.70833, 50.625 ], [ -116.75, 50.625 ], [ -116.75, 50.66667 ], [ -116.83333, 50.66667 ], [ -116.83333, 50.70833 ], [ -117.0, 50.70833 ], [ -117.0, 50.75 ], [ -116.95833, 50.75 ], [ -117.04167, 50.79167 ], [ -117.04167, 50.75 ], [ -117.125, 50.75 ], [ -117.125, 50.875 ], [ -117.16667, 50.875 ], [ -117.16667, 50.91667 ], [ -117.125, 50.95833 ], [ -117.20833, 50.95833 ], [ -117.20833, 51.04167 ], [ -117.25, 51.04167 ], [ -117.29167, 51.125 ], [ -117.33333, 51.20833 ], [ -117.33333, 51.375 ], [ -117.375, 51.375 ], [ -117.375, 51.41667 ], [ -117.33333, 51.45833 ], [ -117.20833, 51.45833 ] ], [ [ -117.0, 49.875 ], [ -117.0, 49.83333 ], [ -117.08333, 49.83333 ], [ -117.08333, 49.875 ], [ -117.0, 49.875 ] ], [ [ -116.20833, 49.83333 ], [ -116.25, 49.83333 ], [ -116.25, 49.875 ], [ -116.20833, 49.83333 ] ], [ [ -116.33333, 49.79167 ], [ -116.375, 49.79167 ], [ -116.375, 49.83333 ], [ -116.33333, 49.79167 ] ] ], [ [ [ -119.79167, 53.45833 ], [ -119.79167, 53.5 ], [ -119.91667, 53.5 ], [ -119.91667, 53.45833 ], [ -119.79167, 53.45833 ] ] ], [ [ [ -120.25, 52.875 ], [ -120.25, 52.91667 ], [ -120.375, 52.91667 ], [ -120.375, 52.875 ], [ -120.25, 52.875 ] ] ], [ [ [ -118.08333, 52.58333 ], [ -118.04167, 52.54167 ], [ -118.0, 52.54167 ], [ -118.0, 52.625 ], [ -118.08333, 52.625 ], [ -118.08333, 52.58333 ] ] ], [ [ [ -117.375, 52.45833 ], [ -117.45833, 52.45833 ], [ -117.375, 52.375 ], [ -117.375, 52.45833 ] ] ], [ [ [ -116.33333, 51.41667 ], [ -116.33333, 51.45833 ], [ -116.45833, 51.45833 ], [ -116.45833, 51.41667 ], [ -116.33333, 51.41667 ] ] ], [ [ [ -115.54167, 51.29167 ], [ -115.54167, 51.375 ], [ -115.625, 51.375 ], [ -115.54167, 51.29167 ] ] ] ] } },
{ "type": "Feature", "properties": { "ID": 2 }, "geometry": { "type": "MultiPolygon", "coordinates": [ [ [ [ -124.875, 56.79167 ], [ -124.70833, 56.625 ], [ -124.70833, 56.75 ], [ -124.75, 56.79167 ], [ -124.875, 56.79167 ] ] ], [ [ [ -124.0, 56.16667 ], [ -123.95833, 56.25 ], [ -123.875, 56.33333 ], [ -123.875, 56.5 ], [ -123.91667, 56.5 ], [ -124.0, 56.33333 ], [ -124.125, 56.33333 ], [ -124.16667, 56.41667 ], [ -124.29167, 56.41667 ], [ -124.29167, 56.45833 ], [ -124.375, 56.54167 ], [ -124.45833, 56.54167 ], [ -124.29167, 56.375 ], [ -124.25, 56.29167 ], [ -124.04167, 56.29167 ], [ -124.04167, 56.20833 ], [ -124.08333, 56.16667 ], [ -124.0, 56.16667 ] ] ], [ [ [ -122.5, 56.04167 ], [ -122.5, 56.08333 ], [ -122.70833, 56.08333 ], [ -122.58333, 55.95833 ], [ -122.5, 56.04167 ] ] ], [ [ [ -122.45833, 55.95833 ], [ -122.41667, 56.04167 ], [ -122.5, 56.04167 ], [ -122.45833, 55.95833 ] ] ], [ [ [ -116.45833, 56.16667 ], [ -116.20833, 56.16667 ], [ -116.29167, 56.29167 ], [ -116.41667, 56.29167 ], [ -116.45833, 56.375 ], [ -116.54167, 56.41667 ], [ -116.66667, 56.41667 ], [ -116.75, 56.45833 ], [ -116.91667, 56.45833 ], [ -116.875, 56.375 ], [ -116.75, 56.375 ], [ -116.79167, 56.29167 ], [ -116.91667, 56.29167 ], [ -116.95833, 56.20833 ], [ -116.95833, 56.125 ], [ -116.83333, 56.125 ], [ -116.83333, 56.16667 ], [ -116.66667, 56.16667 ], [ -116.66667, 55.95833 ], [ -116.625, 55.91667 ], [ -116.5, 55.91667 ], [ -116.41667, 55.95833 ], [ -116.41667, 56.04167 ], [ -116.375, 56.125 ], [ -116.45833, 56.16667 ] ], [ [ -116.45833, 56.16667 ], [ -116.54167, 56.20833 ], [ -116.66667, 56.20833 ], [ -116.66667, 56.25 ], [ -116.5, 56.25 ], [ -116.45833, 56.16667 ] ] ], [ [ [ -123.70833, 55.91667 ], [ -123.70833, 55.875 ], [ -123.625, 55.83333 ], [ -123.625, 55.91667 ], [ -123.70833, 55.91667 ] ] ], [ [ [ -125.0, 55.79167 ], [ -125.125, 55.79167 ], [ -125.125, 55.75 ], [ -125.0, 55.75 ], [ -125.0, 55.79167 ] ] ], [ [ [ -125.33333, 55.79167 ], [ -125.33333, 55.75 ], [ -125.20833, 55.75 ], [ -125.20833, 55.79167 ], [ -125.33333, 55.79167 ] ] ], [ [ [ -122.375, 55.66667 ], [ -122.08333, 55.66667 ], [ -122.08333, 55.70833 ], [ -122.375, 55.70833 ], [ -122.375, 55.66667 ] ] ], [ [ [ -122.58333, 55.95833 ], [ -122.58333, 55.83333 ], [ -122.54167, 55.79167 ], [ -122.41667, 55.79167 ], [ -122.45833, 55.70833 ], [ -122.66667, 55.70833 ], [ -122.66667, 55.66667 ], [ -122.5, 55.66667 ], [ -122.5, 55.58333 ], [ -122.375, 55.58333 ], [ -122.375, 55.66667 ], [ -122.41667, 55.66667 ], [ -122.375, 55.70833 ], [ -122.375, 55.79167 ], [ -122.33333, 55.875 ], [ -122.41667, 55.875 ], [ -122.45833, 55.95833 ], [ -122.58333, 55.95833 ] ] ], [ [ [ -121.41667, 55.54167 ], [ -121.375, 55.5 ], [ -121.375, 55.54167 ], [ -121.41667, 55.54167 ] ] ], [ [ [ -121.95833, 55.5 ], [ -122.0, 55.41667 ], [ -121.91667, 55.41667 ], [ -121.95833, 55.5 ] ] ], [ [ [ -114.0, 55.66667 ], [ -114.0, 55.625 ], [ -114.54167, 55.625 ], [ -114.54167, 55.58333 ], [ -114.66667, 55.58333 ], [ -114.75, 55.54167 ], [ -114.79167, 55.45833 ], [ -114.45833, 55.45833 ], [ -114.45833, 55.5 ], [ -114.20833, 55.5 ], [ -114.20833, 55.45833 ], [ -113.75, 55.45833 ], [ -113.75, 55.41667 ], [ -113.5, 55.41667 ], [ -113.375, 55.45833 ], [ -113.25, 55.45833 ], [ -113.25, 55.41667 ], [ -113.125, 55.41667 ], [ -113.04167, 55.33333 ], [ -113.04167, 55.29167 ], [ -112.75, 55.29167 ], [ -112.75, 55.375 ], [ -112.875, 55.375 ], [ -112.875, 55.41667 ], [ -112.95833, 55.45833 ], [ -113.125, 55.45833 ], [ -113.125, 55.625 ], [ -113.29167, 55.625 ], [ -113.29167, 55.66667 ], [ -114.0, 55.66667 ] ] ], [ [ [ -121.75, 55.20833 ], [ -121.91667, 55.29167 ], [ -121.95833, 55.25 ], [ -121.91667, 55.20833 ], [ -121.75, 55.20833 ] ] ], [ [ [ -125.33333, 54.91667 ], [ -125.33333, 54.875 ], [ -125.45833, 54.875 ], [ -125.45833, 54.83333 ], [ -125.25, 54.83333 ], [ -125.33333, 54.91667 ] ] ], [ [ [ -121.04167, 54.95833 ], [ -121.08333, 54.91667 ], [ -121.125, 54.83333 ], [ -120.83333, 54.83333 ], [ -120.83333, 54.91667 ], [ -120.91667, 54.95833 ], [ -121.04167, 54.95833 ] ] ], [ [ [ -124.375, 56.20833 ], [ -124.58333, 56.20833 ], [ -124.58333, 56.08333 ], [ -124.625, 56.04167 ], [ -124.625, 55.83333 ], [ -125.0, 55.83333 ], [ -125.0, 55.79167 ], [ -124.75, 55.79167 ], [ -124.66667, 55.66667 ], [ -124.58333, 55.625 ], [ -124.45833, 55.625 ], [ -124.375, 55.58333 ], [ -124.33333, 55.5 ], [ -124.29167, 55.45833 ], [ -124.75, 55.45833 ], [ -124.70833, 55.375 ], [ -124.875, 55.375 ], [ -124.91667, 55.29167 ], [ -125.0, 55.25 ], [ -125.16667, 55.25 ], [ -125.16667, 55.375 ], [ -125.25, 55.45833 ], [ -125.375, 55.45833 ], [ -125.29167, 55.375 ], [ -125.29167, 55.33333 ], [ -125.41667, 55.20833 ], [ -125.45833, 55.125 ], [ -125.41667, 55.04167 ], [ -125.20833, 55.04167 ], [ -125.20833, 55.0 ], [ -124.83333, 55.0 ], [ -124.79167, 54.91667 ], [ -124.66667, 54.91667 ], [ -124.41667, 54.79167 ], [ -124.375, 54.875 ], [ -124.25, 54.875 ], [ -124.25, 54.91667 ], [ -124.08333, 54.91667 ], [ -124.0, 54.875 ], [ -123.875, 54.875 ], [ -123.875, 54.91667 ], [ -123.75, 54.91667 ], [ -123.66667, 54.83333 ], [ -123.54167, 54.83333 ], [ -123.41667, 54.91667 ], [ -123.375, 55.0 ], [ -123.29167, 55.0 ], [ -123.29167, 55.125 ], [ -123.33333, 55.125 ], [ -123.33333, 55.29167 ], [ -123.45833, 55.41667 ], [ -123.625, 55.41667 ], [ -123.625, 55.33333 ], [ -123.54167, 55.25 ], [ -123.54167, 55.04167 ], [ -123.625, 55.04167 ], [ -123.625, 55.16667 ], [ -123.70833, 55.16667 ], [ -123.70833, 55.33333 ], [ -123.66667, 55.375 ], [ -123.66667, 55.5 ], [ -123.75, 55.54167 ], [ -123.83333, 55.625 ], [ -123.91667, 55.66667 ], [ -124.0, 55.75 ], [ -124.08333, 55.75 ], [ -124.20833, 55.875 ], [ -124.20833, 55.95833 ], [ -124.25, 56.0 ], [ -124.33333, 56.0 ], [ -124.33333, 55.91667 ], [ -124.20833, 55.79167 ], [ -124.20833, 55.70833 ], [ -124.08333, 55.70833 ], [ -124.08333, 55.66667 ], [ -124.16667, 55.625 ], [ -124.25, 55.66667 ], [ -124.375, 55.66667 ], [ -124.45833, 55.75 ], [ -124.45833, 56.04167 ], [ -124.375, 56.04167 ], [ -124.33333, 56.08333 ], [ -124.33333, 56.20833 ], [ -124.375, 56.20833 ] ], [ [ -123.95833, 55.58333 ], [ -123.83333, 55.45833 ], [ -123.91667, 55.45833 ], [ -123.95833, 55.5 ], [ -123.95833, 55.58333 ] ], [ [ -124.75, 55.33333 ], [ -124.54167, 55.33333 ], [ -124.58333, 55.25 ], [ -124.75, 55.25 ], [ -124.75, 55.33333 ] ] ], [ [ [ -125.58333, 54.79167 ], [ -125.58333, 54.875 ], [ -125.79167, 54.79167 ], [ -125.79167, 54.75 ], [ -125.66667, 54.75 ], [ -125.58333, 54.79167 ] ] ], [ [ [ -125.16667, 54.75 ], [ -125.125, 54.70833 ], [ -125.04167, 54.70833 ], [ -125.0, 54.75 ], [ -125.04167, 54.79167 ], [ -125.16667, 54.79167 ], [ -125.16667, 54.75 ] ] ], [ [ [ -122.04167, 54.70833 ], [ -122.16667, 54.70833 ], [ -122.16667, 54.66667 ], [ -122.04167, 54.66667 ], [ -122.04167, 54.70833 ] ] ], [ [ [ -125.45833, 54.70833 ], [ -125.45833, 54.625 ], [ -125.20833, 54.625 ], [ -125.20833, 54.66667 ], [ -125.29167, 54.70833 ], [ -125.45833, 54.70833 ] ] ], [ [ [ -125.58333, 54.58333 ], [ -125.625, 54.54167 ], [ -125.58333, 54.54167 ], [ -125.58333, 54.58333 ] ] ], [ [ [ -115.04167, 55.16667 ], [ -115.08333, 55.08333 ], [ -115.16667, 55.04167 ], [ -115.16667, 54.91667 ], [ -115.29167, 54.79167 ], [ -115.5, 54.79167 ], [ -115.45833, 54.875 ], [ -115.45833, 54.95833 ], [ -115.66667, 54.95833 ], [ -115.66667, 55.0 ], [ -115.70833, 54.95833 ], [ -115.875, 54.95833 ], [ -115.91667, 54.91667 ], [ -115.91667, 54.83333 ], [ -115.95833, 54.79167 ], [ -116.08333, 54.79167 ], [ -116.08333, 54.625 ], [ -116.04167, 54.58333 ], [ -115.83333, 54.58333 ], [ -115.75, 54.625 ], [ -115.625, 54.625 ], [ -115.625, 54.66667 ], [ -115.375, 54.66667 ], [ -115.20833, 54.75 ], [ -115.20833, 54.83333 ], [ -115.125, 54.91667 ], [ -115.0, 54.91667 ], [ -115.0, 54.95833 ], [ -114.91667, 55.04167 ], [ -114.83333, 55.04167 ], [ -114.875, 55.125 ], [ -115.04167, 55.125 ], [ -115.04167, 55.16667 ] ] ], [ [ [ -125.54167, 54.58333 ], [ -125.58333, 54.54167 ], [ -125.58333, 54.5 ], [ -125.41667, 54.5 ], [ -125.45833, 54.58333 ], [ -125.54167, 54.58333 ] ] ], [ [ [ -121.45833, 54.5 ], [ -121.375, 54.45833 ], [ -121.375, 54.41667 ], [ -121.33333, 54.41667 ], [ -121.33333, 54.5 ], [ -121.45833, 54.5 ] ] ], [ [ [ -121.20833, 54.66667 ], [ -121.29167, 54.625 ], [ -121.29167, 54.45833 ], [ -121.25, 54.45833 ], [ -121.25, 54.375 ], [ -121.16667, 54.375 ], [ -121.125, 54.45833 ], [ -121.16667, 54.5 ], [ -121.16667, 54.58333 ], [ -121.20833, 54.58333 ], [ -121.20833, 54.66667 ] ] ], [ [ [ -121.83333, 54.45833 ], [ -122.0, 54.45833 ], [ -122.0, 54.41667 ], [ -121.875, 54.41667 ], [ -121.875, 54.375 ], [ -121.79167, 54.375 ], [ -121.83333, 54.45833 ] ] ], [ [ [ -121.375, 54.41667 ], [ -121.54167, 54.41667 ], [ -121.54167, 54.375 ], [ -121.375, 54.375 ], [ -121.375, 54.41667 ] ] ], [ [ [ -124.95833, 54.41667 ], [ -124.83333, 54.41667 ], [ -124.79167, 54.33333 ], [ -124.70833, 54.33333 ], [ -124.70833, 54.45833 ], [ -124.79167, 54.5 ], [ -124.95833, 54.5 ], [ -124.95833, 54.41667 ] ] ], [ [ [ -120.91667, 54.33333 ], [ -120.875, 54.29167 ], [ -120.875, 54.33333 ], [ -120.91667, 54.33333 ] ] ], [ [ [ -119.66667, 54.25 ], [ -119.58333, 54.29167 ], [ -119.45833, 54.29167 ], [ -119.45833, 54.33333 ], [ -119.33333, 54.33333 ], [ -119.25, 54.41667 ], [ -119.29167, 54.45833 ], [ -119.45833, 54.45833 ], [ -119.45833, 54.375 ], [ -119.54167, 54.33333 ], [ -119.625, 54.33333 ], [ -119.70833, 54.29167 ], [ -119.66667, 54.25 ] ] ], [ [ [ -121.375, 54.33333 ], [ -121.375, 54.29167 ], [ -121.33333, 54.25 ], [ -121.20833, 54.25 ], [ -121.20833, 54.29167 ], [ -121.29167, 54.33333 ], [ -121.375, 54.33333 ] ] ], [ [ [ -106.83333, 54.33333 ], [ -106.83333, 54.25 ], [ -106.75, 54.25 ], [ -106.75, 54.33333 ], [ -106.83333, 54.33333 ] ] ], [ [ [ -124.66667, 54.33333 ], [ -124.75, 54.29167 ], [ -124.75, 54.20833 ], [ -124.54167, 54.20833 ], [ -124.58333, 54.33333 ], [ -124.66667, 54.33333 ] ] ], [ [ [ -125.25, 54.45833 ], [ -125.25, 54.41667 ], [ -125.375, 54.41667 ], [ -125.33333, 54.33333 ], [ -125.70833, 54.33333 ], [ -125.66667, 54.25 ], [ -125.625, 54.29167 ], [ -125.54167, 54.25 ], [ -125.54167, 54.20833 ], [ -125.20833, 54.20833 ], [ -125.20833, 54.29167 ], [ -125.08333, 54.29167 ], [ -125.0, 54.20833 ], [ -124.91667, 54.20833 ], [ -125.0, 54.29167 ], [ -124.91667, 54.33333 ], [ -124.95833, 54.41667 ], [ -125.08333, 54.41667 ], [ -125.08333, 54.45833 ], [ -125.25, 54.45833 ] ] ], [ [ [ -120.16667, 54.29167 ], [ -120.25, 54.20833 ], [ -120.16667, 54.16667 ], [ -120.16667, 54.29167 ] ] ], [ [ [ -121.04167, 54.20833 ], [ -121.04167, 54.16667 ], [ -121.0, 54.16667 ], [ -121.0, 54.20833 ], [ -121.04167, 54.20833 ] ] ], [ [ [ -120.625, 54.625 ], [ -120.66667, 54.75 ], [ -120.83333, 54.75 ], [ -120.83333, 54.66667 ], [ -120.875, 54.70833 ], [ -120.91667, 54.70833 ], [ -121.0, 54.75 ], [ -121.08333, 54.75 ], [ -121.0, 54.66667 ], [ -121.08333, 54.625 ], [ -121.08333, 54.45833 ], [ -121.125, 54.45833 ], [ -121.125, 54.375 ], [ -121.08333, 54.375 ], [ -121.125, 54.29167 ], [ -121.0, 54.29167 ], [ -121.0, 54.33333 ], [ -120.91667, 54.33333 ], [ -120.91667, 54.41667 ], [ -121.0, 54.375 ], [ -120.95833, 54.5 ], [ -120.875, 54.5 ], [ -120.875, 54.33333 ], [ -120.83333, 54.33333 ], [ -120.875, 54.29167 ], [ -120.875, 54.25 ], [ -120.875, 54.20833 ], [ -120.875, 54.16667 ], [ -120.79167, 54.16667 ], [ -120.79167, 54.29167 ], [ -120.75, 54.375 ], [ -120.625, 54.375 ], [ -120.5, 54.41667 ], [ -120.41667, 54.5 ], [ -120.41667, 54.29167 ], [ -120.25, 54.29167 ], [ -120.25, 54.33333 ], [ -120.20833, 54.375 ], [ -120.04167, 54.375 ], [ -120.04167, 54.45833 ], [ -120.20833, 54.45833 ], [ -120.20833, 54.5 ], [ -120.29167, 54.54167 ], [ -120.5, 54.54167 ], [ -120.41667, 54.58333 ], [ -120.45833, 54.66667 ], [ -120.54167, 54.625 ], [ -120.625, 54.625 ] ], [ [ -120.625, 54.5 ], [ -120.625, 54.54167 ], [ -120.5, 54.54167 ], [ -120.5, 54.5 ], [ -120.625, 54.5 ] ] ], [ [ [ -120.75, 54.25 ], [ -120.75, 54.125 ], [ -120.66667, 54.16667 ], [ -120.66667, 54.25 ], [ -120.75, 54.25 ] ] ], [ [ [ -121.54167, 54.16667 ], [ -121.54167, 54.125 ], [ -121.41667, 54.125 ], [ -121.41667, 54.16667 ], [ -121.54167, 54.16667 ] ] ], [ [ [ -120.95833, 54.16667 ], [ -120.95833, 54.125 ], [ -120.875, 54.125 ], [ -120.875, 54.16667 ], [ -120.95833, 54.16667 ] ] ], [ [ [ -121.20833, 54.25 ], [ -121.25, 54.16667 ], [ -121.16667, 54.125 ], [ -121.125, 54.08333 ], [ -121.08333, 54.08333 ], [ -121.08333, 54.25 ], [ -121.125, 54.25 ], [ -121.16667, 54.25 ], [ -121.20833, 54.25 ] ] ], [ [ [ -105.79167, 54.33333 ], [ -105.79167, 54.16667 ], [ -105.75, 54.16667 ], [ -105.75, 54.04167 ], [ -105.625, 54.04167 ], [ -105.66667, 54.08333 ], [ -105.66667, 54.25 ], [ -105.70833, 54.33333 ], [ -105.79167, 54.33333 ] ] ], [ [ [ -120.95833, 54.125 ], [ -121.04167, 54.08333 ], [ -121.0, 54.08333 ], [ -120.95833, 54.04167 ], [ -120.95833, 54.125 ] ] ], [ [ [ -120.29167, 54.25 ], [ -120.33333, 54.20833 ], [ -120.45833, 54.20833 ], [ -120.5, 54.125 ], [ -120.58333, 54.125 ], [ -120.58333, 54.04167 ], [ -120.45833, 54.04167 ], [ -120.45833, 54.08333 ], [ -120.29167, 54.08333 ], [ -120.29167, 54.125 ], [ -120.25, 54.20833 ], [ -120.29167, 54.20833 ], [ -120.29167, 54.25 ] ] ], [ [ [ -116.875, 59.16667 ], [ -116.91667, 59.20833 ], [ -117.25, 59.20833 ], [ -117.29167, 59.25 ], [ -117.5, 59.25 ], [ -117.5, 59.20833 ], [ -117.625, 59.20833 ], [ -117.625, 59.16667 ], [ -117.79167, 59.16667 ], [ -117.79167, 59.125 ], [ -118.08333, 59.125 ], [ -118.16667, 59.08333 ], [ -118.16667, 59.04167 ], [ -118.45833, 59.04167 ], [ -118.45833, 59.08333 ], [ -118.58333, 59.08333 ], [ -118.58333, 59.04167 ], [ -119.08333, 59.04167 ], [ -119.08333, 59.0 ], [ -119.20833, 59.0 ], [ -119.20833, 58.95833 ], [ -119.45833, 58.95833 ], [ -119.45833, 58.91667 ], [ -119.75, 58.91667 ], [ -119.83333, 58.875 ], [ -119.83333, 58.83333 ], [ -120.20833, 58.83333 ], [ -120.20833, 58.79167 ], [ -120.41667, 58.79167 ], [ -120.5, 58.75 ], [ -120.5, 58.70833 ], [ -120.66667, 58.70833 ], [ -120.66667, 58.625 ], [ -120.79167, 58.625 ], [ -120.875, 58.58333 ], [ -120.875, 58.54167 ], [ -121.0, 58.54167 ], [ -121.04167, 58.45833 ], [ -121.16667, 58.45833 ], [ -121.16667, 58.41667 ], [ -121.29167, 58.41667 ], [ -121.375, 58.375 ], [ -121.375, 58.33333 ], [ -121.625, 58.33333 ], [ -121.625, 58.29167 ], [ -121.75, 58.25 ], [ -121.75, 58.16667 ], [ -121.875, 58.04167 ], [ -121.83333, 57.95833 ], [ -122.0, 57.95833 ], [ -122.04167, 57.875 ], [ -122.125, 57.83333 ], [ -122.20833, 57.83333 ], [ -122.25, 57.75 ], [ -122.16667, 57.58333 ], [ -122.16667, 57.5 ], [ -122.25, 57.5 ], [ -122.33333, 57.41667 ], [ -122.33333, 57.375 ], [ -122.25, 57.375 ], [ -122.29167, 57.29167 ], [ -122.29167, 57.20833 ], [ -122.5, 57.125 ], [ -122.5, 57.04167 ], [ -122.58333, 57.0 ], [ -122.70833, 57.0 ], [ -122.75, 56.91667 ], [ -122.875, 56.875 ], [ -122.875, 56.75 ], [ -122.91667, 56.70833 ], [ -123.08333, 56.70833 ], [ -122.95833, 56.58333 ], [ -123.0, 56.54167 ], [ -123.16667, 56.54167 ], [ -123.20833, 56.45833 ], [ -123.125, 56.45833 ], [ -123.125, 56.33333 ], [ -123.25, 56.29167 ], [ -123.16667, 56.25 ], [ -123.25, 56.20833 ], [ -123.29167, 56.20833 ], [ -123.33333, 56.16667 ], [ -123.25, 56.125 ], [ -123.20833, 56.04167 ], [ -123.29167, 56.04167 ], [ -123.58333, 56.04167 ], [ -123.58333, 56.125 ], [ -123.66667, 56.125 ], [ -123.66667, 56.16667 ], [ -123.83333, 56.08333 ], [ -123.91667, 56.08333 ], [ -124.0, 56.16667 ], [ -124.04167, 56.08333 ], [ -123.95833, 56.04167 ], [ -123.75, 56.04167 ], [ -123.75, 55.95833 ], [ -123.66667, 55.95833 ], [ -123.58333, 55.91667 ], [ -123.54167, 55.91667 ], [ -123.5, 55.95833 ], [ -123.5, 56.0 ], [ -123.375, 56.0 ], [ -123.29167, 55.95833 ], [ -123.20833, 55.875 ], [ -123.20833, 55.75 ], [ -123.08333, 55.75 ], [ -123.08333, 55.625 ], [ -123.33333, 55.625 ], [ -123.375, 55.70833 ], [ -123.45833, 55.70833 ], [ -123.45833, 55.79167 ], [ -123.375, 55.83333 ], [ -123.625, 55.83333 ], [ -123.5, 55.75 ], [ -123.5, 55.66667 ], [ -123.41667, 55.66667 ], [ -123.375, 55.58333 ], [ -123.25, 55.58333 ], [ -123.25, 55.5 ], [ -123.20833, 55.45833 ], [ -123.08333, 55.45833 ], [ -123.08333, 55.375 ], [ -122.95833, 55.29167 ], [ -122.875, 55.29167 ], [ -122.875, 55.20833 ], [ -122.83333, 55.16667 ], [ -122.70833, 55.29167 ], [ -122.66667, 55.29167 ], [ -122.66667, 55.20833 ], [ -122.75, 55.125 ], [ -122.625, 55.04167 ], [ -122.5, 55.04167 ], [ -122.5, 54.95833 ], [ -122.45833, 54.91667 ], [ -122.29167, 54.91667 ], [ -122.29167, 54.95833 ], [ -122.20833, 55.04167 ], [ -122.16667, 55.0 ], [ -122.16667, 54.875 ], [ -122.33333, 54.875 ], [ -122.375, 54.83333 ], [ -122.33333, 54.75 ], [ -122.20833, 54.75 ], [ -122.20833, 54.79167 ], [ -122.04167, 54.79167 ], [ -121.95833, 54.83333 ], [ -121.95833, 54.91667 ], [ -121.91667, 54.91667 ], [ -121.91667, 54.83333 ], [ -122.0, 54.79167 ], [ -122.04167, 54.70833 ], [ -121.83333, 54.70833 ], [ -121.75, 54.75 ], [ -121.79167, 54.66667 ], [ -121.95833, 54.66667 ], [ -121.95833, 54.625 ], [ -121.66667, 54.625 ], [ -121.83333, 54.54167 ], [ -121.83333, 54.5 ], [ -121.70833, 54.5 ], [ -121.625, 54.54167 ], [ -121.5, 54.54167 ], [ -121.5, 54.58333 ], [ -121.375, 54.58333 ], [ -121.375, 54.66667 ], [ -121.33333, 54.70833 ], [ -121.20833, 54.70833 ], [ -121.20833, 54.75 ], [ -121.33333, 54.75 ], [ -121.29167, 54.83333 ], [ -121.29167, 54.95833 ], [ -121.20833, 54.95833 ], [ -121.20833, 55.0 ], [ -121.41667, 55.0 ], [ -121.41667, 55.04167 ], [ -121.29167, 55.04167 ], [ -121.25, 55.08333 ], [ -121.29167, 55.16667 ], [ -121.45833, 55.16667 ], [ -121.45833, 55.25 ], [ -121.58333, 55.25 ], [ -121.58333, 55.16667 ], [ -121.66667, 55.16667 ], [ -121.70833, 55.125 ], [ -121.83333, 55.125 ], [ -121.79167, 55.04167 ], [ -121.70833, 55.04167 ], [ -121.66667, 54.95833 ], [ -121.83333, 54.95833 ], [ -121.83333, 55.04167 ], [ -121.95833, 55.04167 ], [ -122.0, 55.125 ], [ -122.125, 55.125 ], [ -122.16667, 55.20833 ], [ -122.0, 55.20833 ], [ -122.0, 55.33333 ], [ -122.04167, 55.375 ], [ -122.04167, 55.45833 ], [ -122.08333, 55.5 ], [ -122.25, 55.5 ], [ -122.25, 55.54167 ], [ -122.45833, 55.54167 ], [ -122.45833, 55.5 ], [ -122.54167, 55.5 ], [ -122.83333, 55.5 ], [ -122.79167, 55.54167 ], [ -122.5, 55.54167 ], [ -122.5, 55.58333 ], [ -122.66667, 55.58333 ], [ -122.66667, 55.66667 ], [ -122.875, 55.66667 ], [ -122.79167, 55.66667 ], [ -122.79167, 55.75 ], [ -122.70833, 55.75 ], [ -122.66667, 55.70833 ], [ -122.66667, 55.75 ], [ -122.58333, 55.83333 ], [ -122.66667, 55.875 ], [ -122.70833, 55.91667 ], [ -122.70833, 56.0 ], [ -122.75, 56.04167 ], [ -123.0, 56.04167 ], [ -123.08333, 56.0 ], [ -123.08333, 55.91667 ], [ -123.20833, 55.91667 ], [ -123.125, 56.08333 ], [ -123.16667, 56.125 ], [ -122.70833, 56.125 ], [ -122.70833, 56.16667 ], [ -122.41667, 56.16667 ], [ -122.29167, 56.125 ], [ -122.20833, 56.125 ], [ -122.20833, 56.20833 ], [ -122.33333, 56.33333 ], [ -122.41667, 56.375 ], [ -122.54167, 56.375 ], [ -122.54167, 56.45833 ], [ -122.625, 56.5 ], [ -122.70833, 56.58333 ], [ -122.70833, 56.625 ], [ -122.79167, 56.66667 ], [ -122.79167, 56.75 ], [ -122.54167, 56.75 ], [ -122.5, 56.66667 ], [ -122.375, 56.66667 ], [ -122.29167, 56.75 ], [ -122.25, 56.75 ], [ -122.125, 56.75 ], [ -122.08333, 56.70833 ], [ -122.08333, 56.66667 ], [ -121.91667, 56.66667 ], [ -121.875, 56.625 ], [ -121.70833, 56.625 ], [ -121.70833, 56.58333 ], [ -121.58333, 56.58333 ], [ -121.58333, 56.54167 ], [ -121.375, 56.54167 ], [ -121.33333, 56.45833 ], [ -121.0, 56.45833 ], [ -121.0, 56.5 ], [ -120.875, 56.5 ], [ -120.83333, 56.54167 ], [ -120.5, 56.54167 ], [ -120.54167, 56.5 ], [ -120.54167, 56.41667 ], [ -120.45833, 56.41667 ], [ -120.45833, 56.33333 ], [ -120.375, 56.29167 ], [ -120.25, 56.29167 ], [ -120.25, 56.375 ], [ -120.125, 56.375 ], [ -120.08333, 56.29167 ], [ -119.95833, 56.29167 ], [ -119.91667, 56.375 ], [ -119.75, 56.375 ], [ -119.75, 56.41667 ], [ -119.66667, 56.5 ], [ -119.45833, 56.5 ], [ -119.375, 56.45833 ], [ -119.20833, 56.54167 ], [ -119.16667, 56.5 ], [ -118.875, 56.5 ], [ -118.875, 56.41667 ], [ -118.79167, 56.41667 ], [ -118.66667, 56.5 ], [ -118.54167, 56.45833 ], [ -118.58333, 56.41667 ], [ -118.54167, 56.33333 ], [ -118.41667, 56.33333 ], [ -118.33333, 56.375 ], [ -118.33333, 56.25 ], [ -118.25, 56.25 ], [ -118.20833, 56.33333 ], [ -118.0, 56.33333 ], [ -118.0, 56.375 ], [ -118.08333, 56.41667 ], [ -118.16667, 56.5 ], [ -118.25, 56.54167 ], [ -118.33333, 56.625 ], [ -118.20833, 56.625 ], [ -118.20833, 56.58333 ], [ -117.91667, 56.58333 ], [ -117.91667, 56.54167 ], [ -117.875, 56.45833 ], [ -117.625, 56.45833 ], [ -117.625, 56.41667 ], [ -117.91667, 56.41667 ], [ -117.95833, 56.33333 ], [ -117.79167, 56.33333 ], [ -117.79167, 56.29167 ], [ -117.70833, 56.20833 ], [ -117.45833, 56.33333 ], [ -117.33333, 56.33333 ], [ -117.29167, 56.41667 ], [ -117.33333, 56.45833 ], [ -117.45833, 56.5 ], [ -117.45833, 56.66667 ], [ -117.58333, 56.66667 ], [ -117.66667, 56.75 ], [ -117.70833, 56.83333 ], [ -117.79167, 56.79167 ], [ -117.875, 56.79167 ], [ -117.875, 56.95833 ], [ -117.75, 57.04167 ], [ -117.625, 57.04167 ], [ -117.625, 56.95833 ], [ -117.54167, 56.95833 ], [ -117.45833, 56.91667 ], [ -117.33333, 56.91667 ], [ -117.25, 57.0 ], [ -117.25, 57.08333 ], [ -117.20833, 57.16667 ], [ -117.20833, 57.25 ], [ -117.08333, 57.25 ], [ -117.08333, 57.125 ], [ -117.125, 57.125 ], [ -117.125, 57.0 ], [ -117.16667, 57.0 ], [ -117.16667, 56.79167 ], [ -117.08333, 56.70833 ], [ -117.0, 56.66667 ], [ -116.91667, 56.58333 ], [ -116.91667, 56.54167 ], [ -116.5, 56.54167 ], [ -116.5, 56.5 ], [ -116.33333, 56.5 ], [ -116.33333, 56.45833 ], [ -116.29167, 56.5 ], [ -116.16667, 56.5 ], [ -116.16667, 56.54167 ], [ -115.91667, 56.54167 ], [ -115.91667, 56.58333 ], [ -115.79167, 56.58333 ], [ -115.79167, 56.66667 ], [ -115.70833, 56.70833 ], [ -115.70833, 56.83333 ], [ -115.66667, 56.83333 ], [ -115.66667, 57.0 ], [ -115.58333, 57.08333 ], [ -115.58333, 57.20833 ], [ -115.375, 57.29167 ], [ -115.375, 57.45833 ], [ -115.29167, 57.45833 ], [ -115.25, 57.54167 ], [ -115.25, 57.58333 ], [ -115.20833, 57.66667 ], [ -115.20833, 57.79167 ], [ -115.16667, 57.79167 ], [ -115.04167, 57.91667 ], [ -114.95833, 57.83333 ], [ -114.875, 57.83333 ], [ -114.875, 57.91667 ], [ -114.79167, 57.91667 ], [ -114.75, 57.83333 ], [ -114.625, 57.83333 ], [ -114.625, 57.75 ], [ -114.70833, 57.66667 ], [ -114.91667, 57.58333 ], [ -114.875, 57.54167 ], [ -114.875, 57.45833 ], [ -115.0, 57.45833 ], [ -115.0, 57.375 ], [ -114.875, 57.375 ], [ -114.875, 57.20833 ], [ -114.75, 57.20833 ], [ -114.75, 57.25 ], [ -114.625, 57.25 ], [ -114.625, 57.125 ], [ -114.54167, 57.0 ], [ -114.45833, 56.95833 ], [ -114.25, 56.95833 ], [ -114.25, 56.91667 ], [ -114.41667, 56.91667 ], [ -114.375, 56.83333 ], [ -114.66667, 56.83333 ], [ -114.66667, 56.875 ], [ -114.83333, 56.875 ], [ -114.83333, 56.66667 ], [ -114.70833, 56.66667 ], [ -114.66667, 56.58333 ], [ -114.75, 56.58333 ], [ -114.79167, 56.5 ], [ -114.75, 56.41667 ], [ -114.66667, 56.375 ], [ -114.54167, 56.375 ], [ -114.5, 56.29167 ], [ -114.33333, 56.29167 ], [ -114.375, 56.20833 ], [ -114.08333, 56.20833 ], [ -114.08333, 56.25 ], [ -113.95833, 56.25 ], [ -113.875, 56.375 ], [ -113.875, 56.5 ], [ -113.79167, 56.58333 ], [ -113.79167, 56.66667 ], [ -113.83333, 56.75 ], [ -113.91667, 56.79167 ], [ -114.04167, 56.79167 ], [ -114.04167, 56.83333 ], [ -113.875, 56.83333 ], [ -113.79167, 56.79167 ], [ -113.79167, 56.70833 ], [ -113.70833, 56.66667 ], [ -113.5, 56.66667 ], [ -113.5, 56.58333 ], [ -113.58333, 56.58333 ], [ -113.66667, 56.54167 ], [ -113.66667, 56.45833 ], [ -113.79167, 56.41667 ], [ -113.79167, 56.29167 ], [ -113.75, 56.25 ], [ -113.83333, 56.16667 ], [ -113.83333, 56.08333 ], [ -113.75, 56.04167 ], [ -113.54167, 55.91667 ], [ -113.45833, 55.91667 ], [ -113.375, 55.95833 ], [ -113.375, 55.83333 ], [ -113.33333, 55.83333 ], [ -113.33333, 55.95833 ], [ -112.75, 55.95833 ], [ -112.66667, 56.0 ], [ -112.625, 56.08333 ], [ -112.54167, 56.16667 ], [ -112.58333, 56.08333 ], [ -112.58333, 55.79167 ], [ -112.54167, 55.75 ], [ -112.54167, 55.70833 ], [ -112.54167, 55.66667 ], [ -112.70833, 55.66667 ], [ -112.75, 55.625 ], [ -112.70833, 55.54167 ], [ -112.70833, 55.375 ], [ -112.625, 55.33333 ], [ -112.625, 55.20833 ], [ -112.58333, 55.16667 ], [ -112.41667, 55.16667 ], [ -112.375, 55.16667 ], [ -112.16667, 55.16667 ], [ -112.08333, 55.20833 ], [ -111.625, 55.20833 ], [ -111.5, 55.125 ], [ -111.375, 55.125 ], [ -111.375, 55.04167 ], [ -111.45833, 55.0 ], [ -111.45833, 54.875 ], [ -111.375, 54.83333 ], [ -111.25, 54.83333 ], [ -111.20833, 54.875 ], [ -111.20833, 54.95833 ], [ -111.25, 55.04167 ], [ -111.16667, 55.0 ], [ -111.08333, 55.0 ], [ -111.0, 55.04167 ], [ -110.91667, 54.95833 ], [ -110.95833, 54.875 ], [ -110.875, 54.83333 ], [ -110.79167, 54.83333 ], [ -110.79167, 54.75 ], [ -110.625, 54.75 ], [ -110.625, 54.70833 ], [ -110.45833, 54.70833 ], [ -110.45833, 54.75 ], [ -110.20833, 54.75 ], [ -110.20833, 54.79167 ], [ -110.08333, 54.79167 ], [ -110.08333, 54.83333 ], [ -109.95833, 54.95833 ], [ -109.875, 54.95833 ], [ -109.875, 54.83333 ], [ -110.0, 54.75 ], [ -109.83333, 54.75 ], [ -109.875, 54.70833 ], [ -109.83333, 54.625 ], [ -109.66667, 54.625 ], [ -109.66667, 54.58333 ], [ -108.75, 54.58333 ], [ -108.66667, 54.625 ], [ -108.625, 54.70833 ], [ -108.54167, 54.70833 ], [ -108.54167, 54.79167 ], [ -108.625, 54.83333 ], [ -108.625, 54.91667 ], [ -108.70833, 54.95833 ], [ -108.70833, 55.08333 ], [ -108.75, 55.08333 ], [ -108.75, 55.16667 ], [ -108.79167, 55.20833 ], [ -108.54167, 55.20833 ], [ -108.5, 55.16667 ], [ -108.5, 55.04167 ], [ -108.41667, 55.04167 ], [ -108.41667, 55.125 ], [ -108.45833, 55.20833 ], [ -108.25, 55.20833 ], [ -108.20833, 55.125 ], [ -108.29167, 55.125 ], [ -108.29167, 55.04167 ], [ -108.04167, 55.16667 ], [ -107.66667, 55.16667 ], [ -107.625, 55.125 ], [ -107.625, 55.0 ], [ -107.54167, 54.91667 ], [ -107.45833, 54.91667 ], [ -107.45833, 54.70833 ], [ -107.33333, 54.70833 ], [ -107.33333, 54.66667 ], [ -106.95833, 54.66667 ], [ -106.91667, 54.70833 ], [ -106.91667, 54.375 ], [ -106.83333, 54.41667 ], [ -106.75, 54.41667 ], [ -106.70833, 54.33333 ], [ -106.625, 54.33333 ], [ -106.58333, 54.20833 ], [ -106.625, 54.20833 ], [ -106.66667, 54.16667 ], [ -106.66667, 54.08333 ], [ -106.58333, 54.125 ], [ -106.41667, 54.125 ], [ -106.41667, 54.04167 ], [ -106.25, 54.125 ], [ -106.25, 54.20833 ], [ -105.95833, 54.20833 ], [ -105.91667, 54.25 ], [ -105.91667, 54.29167 ], [ -106.08333, 54.29167 ], [ -106.08333, 54.33333 ], [ -106.16667, 54.375 ], [ -106.29167, 54.375 ], [ -106.375, 54.41667 ], [ -106.45833, 54.5 ], [ -106.45833, 54.66667 ], [ -106.41667, 54.75 ], [ -106.5, 54.79167 ], [ -106.5, 54.91667 ], [ -106.58333, 54.95833 ], [ -106.75, 54.95833 ], [ -106.75, 55.0 ], [ -106.875, 55.0 ], [ -106.875, 55.08333 ], [ -107.0, 55.20833 ], [ -107.08333, 55.20833 ], [ -107.125, 55.29167 ], [ -107.20833, 55.29167 ], [ -107.20833, 55.375 ], [ -107.29167, 55.375 ], [ -107.33333, 55.41667 ], [ -107.33333, 55.54167 ], [ -107.41667, 55.54167 ], [ -107.41667, 55.625 ], [ -107.625, 55.83333 ], [ -107.625, 55.91667 ], [ -107.66667, 55.95833 ], [ -107.83333, 55.95833 ], [ -108.0, 56.04167 ], [ -108.125, 56.16667 ], [ -108.125, 56.33333 ], [ -108.20833, 56.33333 ], [ -108.20833, 56.41667 ], [ -108.41667, 56.41667 ], [ -108.41667, 56.5 ], [ -108.5, 56.58333 ], [ -108.66667, 56.58333 ], [ -108.66667, 56.625 ], [ -108.79167, 56.625 ], [ -108.83333, 56.70833 ], [ -108.91667, 56.75 ], [ -108.95833, 56.66667 ], [ -109.08333, 56.66667 ], [ -109.125, 56.79167 ], [ -109.20833, 56.83333 ], [ -109.45833, 56.83333 ], [ -109.45833, 56.875 ], [ -109.625, 56.875 ], [ -109.70833, 56.91667 ], [ -109.75, 57.0 ], [ -109.875, 57.0 ], [ -109.91667, 57.08333 ], [ -110.0, 57.08333 ], [ -110.08333, 57.16667 ], [ -110.08333, 57.25 ], [ -110.20833, 57.25 ], [ -110.20833, 57.29167 ], [ -110.375, 57.29167 ], [ -110.375, 57.375 ], [ -110.45833, 57.375 ], [ -110.5, 57.45833 ], [ -110.5, 57.66667 ], [ -110.58333, 57.79167 ], [ -110.79167, 57.79167 ], [ -110.83333, 57.875 ], [ -110.79167, 57.91667 ], [ -110.875, 58.0 ], [ -110.95833, 58.04167 ], [ -111.125, 58.04167 ], [ -111.20833, 58.125 ], [ -111.20833, 58.20833 ], [ -111.29167, 58.20833 ], [ -111.45833, 58.29167 ], [ -111.45833, 58.375 ], [ -111.625, 58.45833 ], [ -111.79167, 58.45833 ], [ -111.83333, 58.54167 ], [ -111.91667, 58.54167 ], [ -111.91667, 58.625 ], [ -112.04167, 58.625 ], [ -112.04167, 58.66667 ], [ -112.16667, 58.66667 ], [ -112.16667, 58.70833 ], [ -112.33333, 58.70833 ], [ -112.33333, 58.75 ], [ -112.45833, 58.75 ], [ -112.54167, 58.70833 ], [ -112.95833, 58.70833 ], [ -113.04167, 58.75 ], [ -113.04167, 58.83333 ], [ -113.08333, 58.875 ], [ -113.25, 58.875 ], [ -113.25, 58.91667 ], [ -113.75, 58.91667 ], [ -113.75, 58.95833 ], [ -114.0, 58.95833 ], [ -114.0, 58.91667 ], [ -114.16667, 58.91667 ], [ -114.16667, 58.875 ], [ -114.33333, 58.875 ], [ -114.33333, 58.83333 ], [ -114.66667, 58.83333 ], [ -114.83333, 58.75 ], [ -114.83333, 58.70833 ], [ -114.91667, 58.70833 ], [ -114.91667, 58.66667 ], [ -115.04167, 58.66667 ], [ -115.04167, 58.70833 ], [ -115.125, 58.66667 ], [ -115.375, 58.66667 ], [ -115.375, 58.70833 ], [ -115.70833, 58.70833 ], [ -115.70833, 58.75 ], [ -115.875, 58.75 ], [ -115.875, 58.79167 ], [ -116.0, 58.79167 ], [ -116.41667, 58.79167 ], [ -116.41667, 58.83333 ], [ -116.83333, 58.83333 ], [ -116.91667, 58.91667 ], [ -116.91667, 59.04167 ], [ -116.875, 59.04167 ], [ -116.875, 59.16667 ] ], [ [ -122.75, 55.83333 ], [ -122.75, 55.79167 ], [ -122.875, 55.75 ], [ -122.875, 55.66667 ], [ -122.95833, 55.70833 ], [ -122.95833, 55.95833 ], [ -122.875, 55.91667 ], [ -122.91667, 55.83333 ], [ -122.75, 55.83333 ] ], [ [ -112.75, 58.08333 ], [ -112.125, 58.08333 ], [ -112.16667, 58.0 ], [ -112.25, 58.0 ], [ -112.33333, 57.91667 ], [ -112.33333, 57.875 ], [ -112.125, 57.875 ], [ -112.08333, 57.875 ], [ -111.95833, 57.875 ], [ -111.91667, 57.79167 ], [ -111.91667, 57.75 ], [ -111.91667, 57.66667 ], [ -112.0, 57.66667 ], [ -112.0, 57.54167 ], [ -112.125, 57.54167 ], [ -112.16667, 57.45833 ], [ -112.29167, 57.45833 ], [ -112.29167, 57.41667 ], [ -112.45833, 57.41667 ], [ -112.41667, 57.5 ], [ -112.33333, 57.5 ], [ -112.29167, 57.58333 ], [ -112.29167, 57.70833 ], [ -112.33333, 57.75 ], [ -112.41667, 57.79167 ], [ -113.16667, 57.79167 ], [ -113.125, 57.91667 ], [ -113.0, 57.91667 ], [ -113.0, 57.95833 ], [ -112.79167, 57.95833 ], [ -112.79167, 58.04167 ], [ -112.75, 58.08333 ] ], [ [ -119.75, 57.79167 ], [ -119.5, 57.79167 ], [ -119.5, 57.70833 ], [ -119.79167, 57.70833 ], [ -119.75, 57.79167 ] ], [ [ -112.54167, 57.75 ], [ -112.45833, 57.75 ], [ -112.41667, 57.66667 ], [ -112.625, 57.66667 ], [ -112.625, 57.70833 ], [ -112.54167, 57.75 ] ], [ [ -113.0, 57.54167 ], [ -112.83333, 57.54167 ], [ -112.83333, 57.375 ], [ -112.91667, 57.375 ], [ -113.0, 57.45833 ], [ -113.0, 57.54167 ] ], [ [ -111.5, 56.91667 ], [ -111.54167, 56.95833 ], [ -111.70833, 56.95833 ], [ -111.75, 57.0 ], [ -111.75, 57.08333 ], [ -111.66667, 57.125 ], [ -111.54167, 57.125 ], [ -111.5, 57.04167 ], [ -111.29167, 56.95833 ], [ -111.375, 56.875 ], [ -111.375, 56.75 ], [ -111.20833, 56.75 ], [ -111.20833, 56.70833 ], [ -111.04167, 56.70833 ], [ -111.04167, 56.66667 ], [ -111.16667, 56.625 ], [ -111.16667, 56.58333 ], [ -111.04167, 56.58333 ], [ -111.04167, 56.54167 ], [ -111.16667, 56.54167 ], [ -111.16667, 56.45833 ], [ -111.125, 56.41667 ], [ -111.41667, 56.41667 ], [ -111.41667, 56.5 ], [ -111.5, 56.54167 ], [ -111.625, 56.54167 ], [ -111.625, 56.58333 ], [ -111.66667, 56.66667 ], [ -111.54167, 56.66667 ], [ -111.45833, 56.75 ], [ -111.45833, 56.875 ], [ -111.5, 56.875 ], [ -111.5, 56.91667 ] ], [ [ -118.45833, 56.83333 ], [ -118.33333, 56.83333 ], [ -118.33333, 56.79167 ], [ -118.45833, 56.79167 ], [ -118.45833, 56.83333 ] ], [ [ -113.20833, 56.58333 ], [ -113.08333, 56.58333 ], [ -113.08333, 56.54167 ], [ -112.91667, 56.54167 ], [ -112.91667, 56.5 ], [ -113.20833, 56.5 ], [ -113.20833, 56.58333 ] ], [ [ -112.66667, 56.375 ], [ -112.625, 56.375 ], [ -112.625, 56.25 ], [ -112.66667, 56.25 ], [ -112.66667, 56.375 ] ], [ [ -123.04167, 56.33333 ], [ -123.0, 56.29167 ], [ -122.95833, 56.29167 ], [ -122.95833, 56.20833 ], [ -123.04167, 56.20833 ], [ -123.04167, 56.33333 ] ], [ [ -110.875, 56.125 ], [ -110.83333, 56.04167 ], [ -110.75, 56.08333 ], [ -110.625, 56.08333 ], [ -110.625, 56.04167 ], [ -110.5, 56.04167 ], [ -110.41667, 56.0 ], [ -110.41667, 55.95833 ], [ -110.70833, 55.95833 ], [ -110.75, 55.83333 ], [ -110.875, 55.83333 ], [ -110.875, 55.91667 ], [ -110.91667, 55.95833 ], [ -110.91667, 56.08333 ], [ -110.875, 56.125 ] ], [ [ -122.70833, 55.29167 ], [ -122.75, 55.29167 ], [ -122.75, 55.41667 ], [ -122.70833, 55.41667 ], [ -122.70833, 55.29167 ] ], [ [ -122.33333, 55.25 ], [ -122.25, 55.25 ], [ -122.29167, 55.16667 ], [ -122.41667, 55.16667 ], [ -122.41667, 55.20833 ], [ -122.33333, 55.25 ] ], [ [ -111.25, 55.04167 ], [ -111.33333, 55.125 ], [ -111.25, 55.125 ], [ -111.25, 55.04167 ] ], [ [ -109.75, 54.79167 ], [ -109.625, 54.79167 ], [ -109.625, 54.75 ], [ -109.75, 54.75 ], [ -109.75, 54.79167 ] ], [ [ -121.5, 54.75 ], [ -121.45833, 54.66667 ], [ -121.54167, 54.66667 ], [ -121.5, 54.75 ] ] ], [ [ [ -106.16667, 54.04167 ], [ -106.125, 54.0 ], [ -106.04167, 54.04167 ], [ -106.04167, 54.16667 ], [ -106.125, 54.16667 ], [ -106.125, 54.08333 ], [ -106.16667, 54.04167 ] ] ], [ [ [ -121.54167, 54.04167 ], [ -121.54167, 54.0 ], [ -121.45833, 54.0 ], [ -121.45833, 54.04167 ], [ -121.54167, 54.04167 ] ] ], [ [ [ -120.875, 54.125 ], [ -120.95833, 54.04167 ], [ -120.91667, 53.95833 ], [ -120.83333, 53.95833 ], [ -120.83333, 54.0 ], [ -120.79167, 54.0 ], [ -120.79167, 54.04167 ], [ -120.625, 54.04167 ], [ -120.625, 54.08333 ], [ -120.75, 54.08333 ], [ -120.75, 54.125 ], [ -120.875, 54.125 ] ] ], [ [ [ -121.45833, 54.0 ], [ -121.45833, 53.95833 ], [ -121.41667, 54.0 ], [ -121.45833, 54.0 ] ] ], [ [ [ -120.58333, 54.0 ], [ -120.58333, 53.95833 ], [ -120.54167, 53.95833 ], [ -120.54167, 54.0 ], [ -120.58333, 54.0 ] ] ], [ [ [ -120.5, 54.0 ], [ -120.5, 53.95833 ], [ -120.45833, 54.0 ], [ -120.5, 54.0 ] ] ], [ [ [ -118.66667, 54.0 ], [ -118.66667, 53.95833 ], [ -118.54167, 53.95833 ], [ -118.54167, 54.0 ], [ -118.66667, 54.0 ] ] ], [ [ [ -120.54167, 53.95833 ], [ -120.5, 53.91667 ], [ -120.5, 53.95833 ], [ -120.54167, 53.95833 ] ] ], [ [ [ -121.33333, 54.125 ], [ -121.33333, 54.04167 ], [ -121.25, 54.04167 ], [ -121.20833, 53.95833 ], [ -121.04167, 53.875 ], [ -120.95833, 53.875 ], [ -120.95833, 53.91667 ], [ -121.0, 53.95833 ], [ -121.08333, 53.95833 ], [ -121.125, 54.04167 ], [ -121.20833, 54.08333 ], [ -121.25, 54.08333 ], [ -121.25, 54.125 ], [ -121.33333, 54.125 ] ] ], [ [ [ -121.29167, 53.91667 ], [ -121.29167, 53.875 ], [ -121.16667, 53.875 ], [ -121.16667, 53.91667 ], [ -121.29167, 53.91667 ] ] ], [ [ [ -120.5, 53.91667 ], [ -120.5, 53.875 ], [ -120.45833, 53.875 ], [ -120.5, 53.91667 ] ] ], [ [ [ -119.29167, 53.95833 ], [ -119.29167, 53.83333 ], [ -119.20833, 53.83333 ], [ -119.25, 53.875 ], [ -119.25, 53.95833 ], [ -119.29167, 53.95833 ] ] ], [ [ [ -106.54167, 54.0 ], [ -106.625, 53.95833 ], [ -106.58333, 53.875 ], [ -106.58333, 53.79167 ], [ -106.45833, 53.70833 ], [ -106.33333, 53.70833 ], [ -106.29167, 53.79167 ], [ -106.29167, 53.95833 ], [ -106.45833, 53.95833 ], [ -106.54167, 54.0 ] ] ], [ [ [ -105.33333, 53.91667 ], [ -105.33333, 53.83333 ], [ -105.20833, 53.75 ], [ -105.08333, 53.75 ], [ -105.08333, 53.79167 ], [ -105.125, 53.83333 ], [ -105.20833, 53.83333 ], [ -105.33333, 53.91667 ] ] ], [ [ [ -120.75, 53.95833 ], [ -120.75, 53.91667 ], [ -120.83333, 53.91667 ], [ -120.83333, 53.875 ], [ -120.75, 53.83333 ], [ -120.79167, 53.75 ], [ -120.75, 53.75 ], [ -120.75, 53.70833 ], [ -120.66667, 53.70833 ], [ -120.625, 53.70833 ], [ -120.58333, 53.70833 ], [ -120.54167, 53.79167 ], [ -120.58333, 53.83333 ], [ -120.5, 53.83333 ], [ -120.5, 53.875 ], [ -120.58333, 53.875 ], [ -120.58333, 53.91667 ], [ -120.66667, 53.91667 ], [ -120.66667, 53.95833 ], [ -120.75, 53.95833 ] ] ], [ [ [ -121.58333, 53.83333 ], [ -121.625, 53.79167 ], [ -121.58333, 53.70833 ], [ -121.5, 53.70833 ], [ -121.5, 53.83333 ], [ -121.58333, 53.83333 ] ] ], [ [ [ -120.5, 53.75 ], [ -120.5, 53.70833 ], [ -120.45833, 53.70833 ], [ -120.45833, 53.75 ], [ -120.5, 53.75 ] ] ], [ [ [ -119.875, 54.33333 ], [ -120.04167, 54.33333 ], [ -120.08333, 54.29167 ], [ -120.0, 54.125 ], [ -120.125, 54.125 ], [ -120.125, 54.04167 ], [ -120.04167, 53.95833 ], [ -120.0, 54.04167 ], [ -119.83333, 54.04167 ], [ -119.79167, 54.0 ], [ -119.54167, 54.0 ], [ -119.5, 53.95833 ], [ -119.54167, 53.875 ], [ -119.91667, 53.875 ], [ -119.91667, 53.79167 ], [ -119.875, 53.83333 ], [ -119.75, 53.83333 ], [ -119.66667, 53.79167 ], [ -119.5, 53.79167 ], [ -119.54167, 53.70833 ], [ -119.45833, 53.70833 ], [ -119.45833, 53.79167 ], [ -119.375, 53.83333 ], [ -119.5, 53.83333 ], [ -119.5, 53.875 ], [ -119.33333, 53.875 ], [ -119.33333, 53.91667 ], [ -119.45833, 53.91667 ], [ -119.45833, 53.95833 ], [ -119.375, 54.0 ], [ -119.25, 54.0 ], [ -119.25, 54.04167 ], [ -119.08333, 54.125 ], [ -119.04167, 54.20833 ], [ -119.20833, 54.20833 ], [ -119.25, 54.16667 ], [ -119.25, 54.08333 ], [ -119.5, 54.20833 ], [ -119.5, 54.125 ], [ -119.58333, 54.125 ], [ -119.58333, 54.04167 ], [ -119.625, 54.08333 ], [ -119.66667, 54.08333 ], [ -119.625, 54.125 ], [ -119.625, 54.20833 ], [ -119.66667, 54.25 ], [ -119.83333, 54.25 ], [ -119.83333, 54.20833 ], [ -119.79167, 54.20833 ], [ -119.70833, 54.16667 ], [ -119.70833, 54.125 ], [ -119.83333, 54.125 ], [ -119.875, 54.16667 ], [ -119.875, 54.33333 ] ] ], [ [ [ -119.375, 53.75 ], [ -119.33333, 53.66667 ], [ -119.33333, 53.75 ], [ -119.375, 53.75 ] ] ], [ [ [ -124.25, 53.79167 ], [ -124.29167, 53.75 ], [ -124.29167, 53.66667 ], [ -124.04167, 53.66667 ], [ -124.125, 53.70833 ], [ -124.125, 53.79167 ], [ -124.25, 53.79167 ] ] ], [ [ [ -120.41667, 53.66667 ], [ -120.41667, 53.625 ], [ -120.375, 53.625 ], [ -120.41667, 53.66667 ] ] ], [ [ [ -120.08333, 53.66667 ], [ -120.08333, 53.625 ], [ -120.04167, 53.625 ], [ -120.04167, 53.66667 ], [ -120.08333, 53.66667 ] ] ], [ [ [ -119.33333, 53.66667 ], [ -119.33333, 53.625 ], [ -119.29167, 53.625 ], [ -119.33333, 53.66667 ] ] ], [ [ [ -121.875, 53.70833 ], [ -121.91667, 53.70833 ], [ -121.91667, 53.58333 ], [ -121.79167, 53.58333 ], [ -121.79167, 53.625 ], [ -121.875, 53.70833 ] ] ], [ [ [ -120.0, 53.66667 ], [ -120.0, 53.58333 ], [ -119.95833, 53.58333 ], [ -119.91667, 53.66667 ], [ -120.0, 53.66667 ] ] ], [ [ [ -119.375, 53.625 ], [ -119.33333, 53.58333 ], [ -119.33333, 53.625 ], [ -119.375, 53.625 ] ] ], [ [ [ -120.54167, 53.66667 ], [ -120.54167, 53.58333 ], [ -120.5, 53.58333 ], [ -120.45833, 53.54167 ], [ -120.41667, 53.625 ], [ -120.45833, 53.66667 ], [ -120.54167, 53.66667 ] ] ], [ [ [ -120.16667, 53.70833 ], [ -120.0, 53.70833 ], [ -120.0, 53.75 ], [ -120.20833, 53.75 ], [ -120.20833, 53.79167 ], [ -120.08333, 53.79167 ], [ -120.125, 53.875 ], [ -120.20833, 53.875 ], [ -120.25, 53.95833 ], [ -120.33333, 53.95833 ], [ -120.33333, 53.875 ], [ -120.41667, 53.875 ], [ -120.41667, 53.83333 ], [ -120.45833, 53.83333 ], [ -120.41667, 53.75 ], [ -120.375, 53.75 ], [ -120.375, 53.70833 ], [ -120.25, 53.70833 ], [ -120.25, 53.625 ], [ -120.29167, 53.66667 ], [ -120.33333, 53.66667 ], [ -120.33333, 53.58333 ], [ -120.25, 53.54167 ], [ -120.125, 53.54167 ], [ -120.125, 53.58333 ], [ -120.20833, 53.625 ], [ -120.16667, 53.625 ], [ -120.16667, 53.70833 ] ] ], [ [ [ -120.33333, 53.58333 ], [ -120.375, 53.54167 ], [ -120.33333, 53.54167 ], [ -120.33333, 53.58333 ] ] ], [ [ [ -119.33333, 53.58333 ], [ -119.29167, 53.54167 ], [ -119.29167, 53.58333 ], [ -119.33333, 53.58333 ] ] ], [ [ [ -122.375, 53.625 ], [ -122.41667, 53.54167 ], [ -122.375, 53.5 ], [ -122.25, 53.5 ], [ -122.25, 53.58333 ], [ -122.375, 53.58333 ], [ -122.375, 53.625 ] ] ], [ [ [ -119.20833, 53.5 ], [ -119.20833, 53.66667 ], [ -119.29167, 53.625 ], [ -119.29167, 53.58333 ], [ -119.25, 53.5 ], [ -119.20833, 53.5 ] ] ], [ [ [ -120.41667, 53.54167 ], [ -120.41667, 53.5 ], [ -120.375, 53.5 ], [ -120.375, 53.54167 ], [ -120.41667, 53.54167 ] ] ], [ [ [ -119.54167, 53.66667 ], [ -119.625, 53.625 ], [ -119.625, 53.58333 ], [ -119.75, 53.58333 ], [ -119.75, 53.45833 ], [ -119.66667, 53.45833 ], [ -119.54167, 53.58333 ], [ -119.45833, 53.625 ], [ -119.41667, 53.625 ], [ -119.41667, 53.66667 ], [ -119.54167, 53.66667 ] ] ], [ [ [ -104.83333, 53.54167 ], [ -104.875, 53.58333 ], [ -105.0, 53.58333 ], [ -105.0, 53.5 ], [ -104.83333, 53.5 ], [ -104.83333, 53.54167 ] ] ], [ [ [ -120.33333, 53.54167 ], [ -120.33333, 53.45833 ], [ -120.29167, 53.45833 ], [ -120.25, 53.54167 ], [ -120.33333, 53.54167 ] ] ], [ [ [ -121.83333, 53.5 ], [ -121.83333, 53.45833 ], [ -121.70833, 53.45833 ], [ -121.70833, 53.5 ], [ -121.83333, 53.5 ] ] ], [ [ [ -120.75, 53.5 ], [ -120.75, 53.45833 ], [ -120.70833, 53.5 ], [ -120.75, 53.5 ] ] ], [ [ [ -119.91667, 53.45833 ], [ -119.79167, 53.45833 ], [ -119.79167, 53.5 ], [ -119.91667, 53.5 ], [ -119.91667, 53.45833 ] ] ], [ [ [ -120.75, 53.45833 ], [ -120.79167, 53.41667 ], [ -120.75, 53.41667 ], [ -120.75, 53.45833 ] ] ], [ [ [ -120.29167, 53.45833 ], [ -120.29167, 53.41667 ], [ -120.25, 53.41667 ], [ -120.25, 53.45833 ], [ -120.29167, 53.45833 ] ] ], [ [ [ -120.125, 53.45833 ], [ -120.125, 53.41667 ], [ -120.04167, 53.41667 ], [ -120.04167, 53.45833 ], [ -120.125, 53.45833 ] ] ], [ [ [ -119.95833, 53.45833 ], [ -119.95833, 53.41667 ], [ -119.91667, 53.41667 ], [ -119.91667, 53.45833 ], [ -119.95833, 53.45833 ] ] ], [ [ [ -119.29167, 53.5 ], [ -119.29167, 53.45833 ], [ -119.25, 53.41667 ], [ -119.25, 53.5 ], [ -119.29167, 53.5 ] ] ], [ [ [ -120.20833, 53.5 ], [ -120.20833, 53.375 ], [ -120.16667, 53.375 ], [ -120.16667, 53.5 ], [ -120.20833, 53.5 ] ] ], [ [ [ -124.75, 53.45833 ], [ -124.70833, 53.375 ], [ -124.625, 53.375 ], [ -124.66667, 53.45833 ], [ -124.75, 53.45833 ] ] ], [ [ [ -120.625, 53.45833 ], [ -120.66667, 53.41667 ], [ -120.66667, 53.33333 ], [ -120.5, 53.33333 ], [ -120.5, 53.375 ], [ -120.58333, 53.375 ], [ -120.58333, 53.45833 ], [ -120.625, 53.45833 ] ] ], [ [ [ -120.45833, 53.375 ], [ -120.45833, 53.33333 ], [ -120.41667, 53.33333 ], [ -120.41667, 53.375 ], [ -120.45833, 53.375 ] ] ], [ [ [ -120.16667, 53.375 ], [ -120.16667, 53.33333 ], [ -120.125, 53.33333 ], [ -120.16667, 53.375 ] ] ], [ [ [ -119.95833, 53.375 ], [ -120.0, 53.33333 ], [ -119.95833, 53.33333 ], [ -119.95833, 53.375 ] ] ], [ [ [ -119.20833, 53.5 ], [ -119.25, 53.41667 ], [ -119.16667, 53.375 ], [ -119.16667, 53.5 ], [ -119.20833, 53.5 ] ] ], [ [ [ -120.08333, 53.33333 ], [ -120.08333, 53.29167 ], [ -120.04167, 53.29167 ], [ -120.04167, 53.33333 ], [ -120.08333, 53.33333 ] ] ], [ [ [ -120.375, 53.33333 ], [ -120.375, 53.25 ], [ -120.29167, 53.25 ], [ -120.29167, 53.29167 ], [ -120.33333, 53.33333 ], [ -120.375, 53.33333 ] ] ], [ [ [ -119.79167, 53.375 ], [ -119.79167, 53.33333 ], [ -119.83333, 53.33333 ], [ -119.83333, 53.29167 ], [ -119.375, 53.29167 ], [ -119.375, 53.33333 ], [ -119.66667, 53.33333 ], [ -119.66667, 53.375 ], [ -119.79167, 53.375 ] ] ], [ [ [ -119.95833, 53.33333 ], [ -119.95833, 53.25 ], [ -119.91667, 53.20833 ], [ -119.83333, 53.20833 ], [ -119.83333, 53.25 ], [ -119.91667, 53.33333 ], [ -119.95833, 53.33333 ] ] ], [ [ [ -118.0, 53.20833 ], [ -118.0, 53.25 ], [ -117.91667, 53.33333 ], [ -118.04167, 53.45833 ], [ -118.16667, 53.5 ], [ -118.125, 53.58333 ], [ -118.16667, 53.625 ], [ -118.29167, 53.625 ], [ -118.45833, 53.70833 ], [ -118.45833, 53.83333 ], [ -118.66667, 53.83333 ], [ -118.66667, 53.79167 ], [ -118.83333, 53.79167 ], [ -118.83333, 53.83333 ], [ -118.75, 53.875 ], [ -119.0, 53.875 ], [ -118.91667, 53.83333 ], [ -118.91667, 53.79167 ], [ -119.29167, 53.79167 ], [ -119.29167, 53.75 ], [ -119.04167, 53.75 ], [ -119.08333, 53.625 ], [ -118.95833, 53.625 ], [ -119.0, 53.70833 ], [ -118.875, 53.70833 ], [ -118.875, 53.66667 ], [ -118.70833, 53.66667 ], [ -118.625, 53.625 ], [ -118.58333, 53.66667 ], [ -118.5, 53.625 ], [ -118.375, 53.625 ], [ -118.33333, 53.54167 ], [ -118.45833, 53.5 ], [ -118.45833, 53.41667 ], [ -118.58333, 53.41667 ], [ -118.625, 53.33333 ], [ -118.625, 53.25 ], [ -118.5, 53.25 ], [ -118.5, 53.29167 ], [ -118.33333, 53.29167 ], [ -118.33333, 53.33333 ], [ -118.5, 53.33333 ], [ -118.33333, 53.41667 ], [ -118.20833, 53.29167 ], [ -118.20833, 53.25 ], [ -118.125, 53.20833 ], [ -118.0, 53.20833 ] ] ], [ [ [ -121.08333, 53.25 ], [ -121.16667, 53.29167 ], [ -121.20833, 53.25 ], [ -121.20833, 53.20833 ], [ -121.125, 53.20833 ], [ -121.08333, 53.25 ] ] ], [ [ [ -121.08333, 53.25 ], [ -121.08333, 53.20833 ], [ -121.04167, 53.20833 ], [ -121.08333, 53.25 ] ] ], [ [ [ -120.29167, 53.25 ], [ -120.29167, 53.20833 ], [ -120.25, 53.25 ], [ -120.29167, 53.25 ] ] ], [ [ [ -120.20833, 53.25 ], [ -120.16667, 53.20833 ], [ -120.16667, 53.25 ], [ -120.20833, 53.25 ] ] ], [ [ [ -121.33333, 53.70833 ], [ -121.375, 53.625 ], [ -121.375, 53.54167 ], [ -121.33333, 53.5 ], [ -121.375, 53.45833 ], [ -121.20833, 53.375 ], [ -121.20833, 53.33333 ], [ -121.04167, 53.33333 ], [ -121.0, 53.25 ], [ -120.91667, 53.25 ], [ -120.91667, 53.20833 ], [ -120.875, 53.20833 ], [ -120.875, 53.16667 ], [ -120.83333, 53.16667 ], [ -120.83333, 53.20833 ], [ -120.70833, 53.20833 ], [ -120.70833, 53.25 ], [ -120.625, 53.25 ], [ -120.625, 53.29167 ], [ -120.70833, 53.29167 ], [ -120.70833, 53.33333 ], [ -120.70833, 53.375 ], [ -120.91667, 53.375 ], [ -120.91667, 53.41667 ], [ -120.83333, 53.41667 ], [ -120.875, 53.5 ], [ -120.79167, 53.5 ], [ -120.79167, 53.54167 ], [ -120.95833, 53.54167 ], [ -120.95833, 53.625 ], [ -121.04167, 53.625 ], [ -121.08333, 53.66667 ], [ -121.25, 53.66667 ], [ -121.33333, 53.70833 ] ] ], [ [ [ -124.33333, 53.29167 ], [ -124.58333, 53.29167 ], [ -124.58333, 53.20833 ], [ -124.625, 53.16667 ], [ -124.45833, 53.16667 ], [ -124.45833, 53.25 ], [ -124.33333, 53.25 ], [ -124.33333, 53.29167 ] ] ], [ [ [ -120.16667, 53.20833 ], [ -120.16667, 53.16667 ], [ -120.125, 53.16667 ], [ -120.125, 53.20833 ], [ -120.16667, 53.20833 ] ] ], [ [ [ -120.08333, 53.20833 ], [ -120.08333, 53.16667 ], [ -120.04167, 53.16667 ], [ -120.04167, 53.20833 ], [ -120.08333, 53.20833 ] ] ], [ [ [ -119.83333, 53.20833 ], [ -119.83333, 53.16667 ], [ -119.79167, 53.16667 ], [ -119.83333, 53.20833 ] ] ], [ [ [ -120.79167, 53.16667 ], [ -120.75, 53.125 ], [ -120.75, 53.16667 ], [ -120.79167, 53.16667 ] ] ], [ [ [ -120.16667, 53.16667 ], [ -120.20833, 53.125 ], [ -120.16667, 53.125 ], [ -120.16667, 53.16667 ] ] ], [ [ [ -119.75, 53.16667 ], [ -119.75, 53.125 ], [ -119.70833, 53.125 ], [ -119.70833, 53.16667 ], [ -119.75, 53.16667 ] ] ], [ [ [ -119.66667, 53.16667 ], [ -119.66667, 53.125 ], [ -119.625, 53.125 ], [ -119.625, 53.16667 ], [ -119.66667, 53.16667 ] ] ], [ [ [ -121.04167, 53.20833 ], [ -121.04167, 53.125 ], [ -120.95833, 53.08333 ], [ -120.91667, 53.08333 ], [ -120.875, 53.125 ], [ -120.875, 53.16667 ], [ -120.95833, 53.20833 ], [ -121.04167, 53.20833 ] ] ], [ [ [ -120.625, 53.25 ], [ -120.66667, 53.20833 ], [ -120.66667, 53.08333 ], [ -120.5, 53.08333 ], [ -120.5, 53.125 ], [ -120.58333, 53.16667 ], [ -120.625, 53.25 ] ] ], [ [ [ -121.04167, 53.125 ], [ -121.125, 53.08333 ], [ -121.04167, 53.08333 ], [ -121.04167, 53.125 ] ] ], [ [ [ -120.875, 53.125 ], [ -120.875, 53.08333 ], [ -120.83333, 53.08333 ], [ -120.875, 53.125 ] ] ], [ [ [ -120.20833, 53.125 ], [ -120.25, 53.08333 ], [ -120.20833, 53.08333 ], [ -120.20833, 53.125 ] ] ], [ [ [ -120.16667, 53.125 ], [ -120.16667, 53.08333 ], [ -120.125, 53.08333 ], [ -120.125, 53.125 ], [ -120.16667, 53.125 ] ] ], [ [ [ -120.04167, 53.125 ], [ -120.04167, 53.08333 ], [ -120.0, 53.08333 ], [ -120.0, 53.125 ], [ -120.04167, 53.125 ] ] ], [ [ [ -119.91667, 53.125 ], [ -119.91667, 53.08333 ], [ -119.875, 53.08333 ], [ -119.875, 53.125 ], [ -119.91667, 53.125 ] ] ], [ [ [ -119.54167, 53.125 ], [ -119.58333, 53.08333 ], [ -119.54167, 53.08333 ], [ -119.54167, 53.125 ] ] ], [ [ [ -118.29167, 53.25 ], [ -118.16667, 53.125 ], [ -118.16667, 53.04167 ], [ -118.08333, 53.08333 ], [ -118.08333, 53.16667 ], [ -118.16667, 53.16667 ], [ -118.20833, 53.25 ], [ -118.29167, 53.25 ] ] ], [ [ [ -119.29167, 53.125 ], [ -119.375, 53.125 ], [ -119.33333, 53.04167 ], [ -119.33333, 53.08333 ], [ -119.29167, 53.08333 ], [ -119.29167, 53.125 ] ] ], [ [ [ -125.04167, 53.33333 ], [ -125.125, 53.33333 ], [ -125.125, 53.25 ], [ -125.20833, 53.25 ], [ -125.29167, 53.16667 ], [ -125.125, 53.16667 ], [ -125.04167, 53.20833 ], [ -125.04167, 53.125 ], [ -125.125, 53.08333 ], [ -125.125, 53.04167 ], [ -124.91667, 53.04167 ], [ -124.91667, 53.08333 ], [ -124.79167, 53.08333 ], [ -124.75, 53.125 ], [ -124.75, 53.20833 ], [ -124.83333, 53.25 ], [ -124.95833, 53.25 ], [ -124.95833, 53.29167 ], [ -125.04167, 53.33333 ] ] ], [ [ [ -120.29167, 53.08333 ], [ -120.29167, 53.04167 ], [ -120.25, 53.04167 ], [ -120.25, 53.08333 ], [ -120.29167, 53.08333 ] ] ], [ [ [ -120.20833, 53.08333 ], [ -120.20833, 53.04167 ], [ -120.16667, 53.08333 ], [ -120.20833, 53.08333 ] ] ], [ [ [ -119.54167, 53.08333 ], [ -119.5, 53.04167 ], [ -119.5, 53.08333 ], [ -119.54167, 53.08333 ] ] ], [ [ [ -119.25, 53.08333 ], [ -119.25, 53.04167 ], [ -119.20833, 53.08333 ], [ -119.25, 53.08333 ] ] ], [ [ [ -119.16667, 53.08333 ], [ -119.16667, 53.04167 ], [ -119.125, 53.04167 ], [ -119.125, 53.08333 ], [ -119.16667, 53.08333 ] ] ], [ [ [ -121.25, 53.08333 ], [ -121.375, 53.08333 ], [ -121.375, 53.0 ], [ -121.25, 53.0 ], [ -121.25, 53.08333 ] ] ], [ [ [ -119.875, 53.08333 ], [ -119.875, 53.04167 ], [ -119.83333, 53.0 ], [ -119.79167, 53.0 ], [ -119.75, 53.08333 ], [ -119.875, 53.08333 ] ] ], [ [ [ -118.29167, 53.08333 ], [ -118.29167, 53.0 ], [ -118.16667, 53.0 ], [ -118.16667, 53.04167 ], [ -118.25, 53.04167 ], [ -118.29167, 53.08333 ] ] ], [ [ [ -119.91667, 53.04167 ], [ -119.91667, 53.0 ], [ -119.875, 53.0 ], [ -119.875, 53.04167 ], [ -119.91667, 53.04167 ] ] ], [ [ [ -121.04167, 53.08333 ], [ -121.04167, 53.04167 ], [ -121.0, 53.0 ], [ -120.95833, 52.95833 ], [ -120.875, 52.95833 ], [ -120.91667, 53.04167 ], [ -120.95833, 53.04167 ], [ -120.95833, 53.08333 ], [ -121.04167, 53.08333 ] ] ], [ [ [ -120.70833, 53.04167 ], [ -120.70833, 52.95833 ], [ -120.58333, 52.95833 ], [ -120.625, 53.04167 ], [ -120.70833, 53.04167 ] ] ], [ [ [ -119.08333, 53.04167 ], [ -119.08333, 52.95833 ], [ -119.0, 52.95833 ], [ -119.0, 53.04167 ], [ -119.08333, 53.04167 ] ] ], [ [ [ -119.66667, 53.0 ], [ -119.66667, 52.95833 ], [ -119.58333, 52.95833 ], [ -119.58333, 53.0 ], [ -119.66667, 53.0 ] ] ], [ [ [ -118.83333, 53.0 ], [ -118.79167, 52.95833 ], [ -118.79167, 53.0 ], [ -118.83333, 53.0 ] ] ], [ [ [ -120.79167, 53.0 ], [ -120.79167, 52.91667 ], [ -120.70833, 52.91667 ], [ -120.70833, 52.95833 ], [ -120.75, 53.0 ], [ -120.79167, 53.0 ] ] ], [ [ [ -118.875, 53.04167 ], [ -118.91667, 53.0 ], [ -118.95833, 53.0 ], [ -118.95833, 52.91667 ], [ -118.91667, 52.91667 ], [ -118.875, 52.95833 ], [ -118.875, 53.04167 ] ] ], [ [ [ -118.16667, 53.0 ], [ -118.16667, 52.91667 ], [ -118.125, 52.91667 ], [ -118.16667, 53.0 ] ] ], [ [ [ -119.91667, 52.95833 ], [ -119.91667, 52.91667 ], [ -119.83333, 52.91667 ], [ -119.83333, 52.95833 ], [ -119.91667, 52.95833 ] ] ], [ [ [ -119.29167, 52.95833 ], [ -119.33333, 52.91667 ], [ -119.29167, 52.91667 ], [ -119.29167, 52.95833 ] ] ], [ [ [ -118.79167, 52.95833 ], [ -118.79167, 52.91667 ], [ -118.75, 52.91667 ], [ -118.79167, 52.95833 ] ] ], [ [ [ -118.375, 52.91667 ], [ -118.375, 52.95833 ], [ -118.5, 52.95833 ], [ -118.5, 52.91667 ], [ -118.375, 52.91667 ] ] ], [ [ [ -120.0, 52.95833 ], [ -120.0, 52.875 ], [ -119.91667, 52.875 ], [ -119.91667, 52.91667 ], [ -119.95833, 52.95833 ], [ -120.0, 52.95833 ] ] ], [ [ [ -120.875, 52.91667 ], [ -120.875, 52.875 ], [ -120.83333, 52.875 ], [ -120.83333, 52.91667 ], [ -120.875, 52.91667 ] ] ], [ [ [ -120.70833, 52.91667 ], [ -120.70833, 52.875 ], [ -120.66667, 52.875 ], [ -120.66667, 52.91667 ], [ -120.70833, 52.91667 ] ] ], [ [ [ -120.45833, 52.91667 ], [ -120.45833, 52.875 ], [ -120.41667, 52.875 ], [ -120.45833, 52.91667 ] ] ], [ [ [ -120.375, 52.875 ], [ -120.25, 52.875 ], [ -120.25, 52.91667 ], [ -120.375, 52.91667 ], [ -120.375, 52.875 ] ] ], [ [ [ -118.83333, 52.91667 ], [ -118.83333, 52.875 ], [ -118.79167, 52.875 ], [ -118.79167, 52.91667 ], [ -118.83333, 52.91667 ] ] ], [ [ [ -118.54167, 52.91667 ], [ -118.54167, 52.875 ], [ -118.5, 52.875 ], [ -118.5, 52.91667 ], [ -118.54167, 52.91667 ] ] ], [ [ [ -118.70833, 52.95833 ], [ -118.70833, 52.83333 ], [ -118.66667, 52.83333 ], [ -118.66667, 52.95833 ], [ -118.70833, 52.95833 ] ] ], [ [ [ -121.08333, 52.95833 ], [ -121.125, 52.91667 ], [ -121.125, 52.875 ], [ -121.0, 52.875 ], [ -121.0, 52.83333 ], [ -120.91667, 52.83333 ], [ -120.95833, 52.91667 ], [ -121.04167, 52.91667 ], [ -121.04167, 52.95833 ], [ -121.08333, 52.95833 ] ] ], [ [ [ -119.5, 52.91667 ], [ -119.5, 52.83333 ], [ -119.45833, 52.83333 ], [ -119.45833, 52.91667 ], [ -119.5, 52.91667 ] ] ], [ [ [ -119.20833, 52.91667 ], [ -119.20833, 52.83333 ], [ -119.16667, 52.83333 ], [ -119.20833, 52.91667 ] ] ], [ [ [ -120.5, 52.875 ], [ -120.5, 52.83333 ], [ -120.45833, 52.875 ], [ -120.5, 52.875 ] ] ], [ [ [ -117.66667, 53.0 ], [ -117.66667, 52.91667 ], [ -117.58333, 52.91667 ], [ -117.54167, 52.83333 ], [ -117.41667, 52.83333 ], [ -117.41667, 52.79167 ], [ -117.375, 52.79167 ], [ -117.375, 52.875 ], [ -117.45833, 52.875 ], [ -117.5, 52.95833 ], [ -117.58333, 52.95833 ], [ -117.66667, 53.0 ] ] ], [ [ [ -121.25, 52.875 ], [ -121.25, 52.95833 ], [ -121.41667, 52.95833 ], [ -121.41667, 53.04167 ], [ -121.66667, 53.04167 ], [ -121.625, 52.91667 ], [ -121.45833, 52.91667 ], [ -121.41667, 52.83333 ], [ -121.41667, 52.79167 ], [ -121.375, 52.79167 ], [ -121.33333, 52.875 ], [ -121.25, 52.875 ] ] ], [ [ [ -121.66667, 52.875 ], [ -121.625, 52.83333 ], [ -121.5, 52.83333 ], [ -121.5, 52.875 ], [ -121.66667, 52.875 ] ] ], [ [ [ -118.25, 52.91667 ], [ -118.25, 52.875 ], [ -118.5, 52.875 ], [ -118.5, 52.79167 ], [ -118.45833, 52.83333 ], [ -118.25, 52.83333 ], [ -118.16667, 52.83333 ], [ -118.20833, 52.91667 ], [ -118.25, 52.91667 ] ] ], [ [ [ -119.125, 52.83333 ], [ -119.125, 52.79167 ], [ -119.08333, 52.79167 ], [ -119.08333, 52.83333 ], [ -119.125, 52.83333 ] ] ], [ [ [ -118.125, 52.83333 ], [ -118.08333, 52.79167 ], [ -118.08333, 52.83333 ], [ -118.125, 52.83333 ] ] ], [ [ [ -119.04167, 52.79167 ], [ -119.04167, 52.75 ], [ -119.0, 52.75 ], [ -119.0, 52.79167 ], [ -119.04167, 52.79167 ] ] ], [ [ [ -118.08333, 52.79167 ], [ -118.08333, 52.70833 ], [ -118.0, 52.70833 ], [ -118.08333, 52.79167 ] ] ], [ [ [ -119.625, 52.75 ], [ -119.625, 52.70833 ], [ -119.5, 52.70833 ], [ -119.5, 52.75 ], [ -119.625, 52.75 ] ] ], [ [ [ -119.0, 52.75 ], [ -119.0, 52.70833 ], [ -118.95833, 52.70833 ], [ -118.95833, 52.75 ], [ -119.0, 52.75 ] ] ], [ [ [ -117.875, 52.75 ], [ -117.83333, 52.70833 ], [ -117.83333, 52.75 ], [ -117.875, 52.75 ] ] ], [ [ [ -120.41667, 52.875 ], [ -120.41667, 52.70833 ], [ -120.45833, 52.70833 ], [ -120.45833, 52.66667 ], [ -120.29167, 52.66667 ], [ -120.375, 52.70833 ], [ -120.375, 52.875 ], [ -120.41667, 52.875 ] ] ], [ [ [ -120.20833, 52.70833 ], [ -120.25, 52.66667 ], [ -120.20833, 52.66667 ], [ -120.20833, 52.70833 ] ] ], [ [ [ -119.20833, 52.70833 ], [ -119.20833, 52.66667 ], [ -119.16667, 52.66667 ], [ -119.16667, 52.70833 ], [ -119.20833, 52.70833 ] ] ], [ [ [ -118.625, 52.83333 ], [ -118.625, 52.75 ], [ -118.54167, 52.66667 ], [ -118.45833, 52.66667 ], [ -118.41667, 52.70833 ], [ -118.45833, 52.75 ], [ -118.54167, 52.75 ], [ -118.54167, 52.83333 ], [ -118.625, 52.83333 ] ] ], [ [ [ -119.25, 52.66667 ], [ -119.20833, 52.625 ], [ -119.20833, 52.66667 ], [ -119.25, 52.66667 ] ] ], [ [ [ -120.91667, 52.83333 ], [ -121.0, 52.79167 ], [ -121.08333, 52.75 ], [ -121.125, 52.79167 ], [ -121.25, 52.79167 ], [ -121.25, 52.75 ], [ -121.33333, 52.75 ], [ -121.33333, 52.66667 ], [ -121.25, 52.66667 ], [ -121.25, 52.58333 ], [ -121.20833, 52.58333 ], [ -121.16667, 52.625 ], [ -121.04167, 52.625 ], [ -121.0, 52.66667 ], [ -120.95833, 52.70833 ], [ -120.95833, 52.75 ], [ -120.875, 52.75 ], [ -120.91667, 52.83333 ] ] ], [ [ [ -119.625, 52.66667 ], [ -119.70833, 52.66667 ], [ -119.70833, 52.58333 ], [ -119.625, 52.58333 ], [ -119.625, 52.66667 ] ] ], [ [ [ -120.66667, 52.875 ], [ -120.625, 52.83333 ], [ -120.625, 52.75 ], [ -120.58333, 52.75 ], [ -120.54167, 52.79167 ], [ -120.54167, 52.66667 ], [ -120.66667, 52.66667 ], [ -120.66667, 52.75 ], [ -120.75, 52.75 ], [ -120.75, 52.70833 ], [ -120.83333, 52.66667 ], [ -120.875, 52.625 ], [ -120.875, 52.58333 ], [ -120.79167, 52.58333 ], [ -120.75, 52.58333 ], [ -120.66667, 52.58333 ], [ -120.66667, 52.625 ], [ -120.5, 52.625 ], [ -120.5, 52.83333 ], [ -120.54167, 52.875 ], [ -120.66667, 52.875 ] ] ], [ [ [ -120.04167, 52.625 ], [ -120.0, 52.70833 ], [ -120.20833, 52.70833 ], [ -120.16667, 52.66667 ], [ -120.125, 52.66667 ], [ -120.125, 52.625 ], [ -120.16667, 52.625 ], [ -120.16667, 52.58333 ], [ -120.04167, 52.58333 ], [ -120.04167, 52.625 ] ] ], [ [ [ -118.08333, 52.625 ], [ -118.08333, 52.58333 ], [ -118.04167, 52.58333 ], [ -118.04167, 52.625 ], [ -118.08333, 52.625 ] ] ], [ [ [ -117.91667, 52.625 ], [ -117.91667, 52.58333 ], [ -117.875, 52.58333 ], [ -117.875, 52.625 ], [ -117.91667, 52.625 ] ] ], [ [ [ -117.79167, 52.625 ], [ -117.79167, 52.58333 ], [ -117.70833, 52.58333 ], [ -117.70833, 52.625 ], [ -117.79167, 52.625 ] ] ], [ [ [ -119.125, 52.70833 ], [ -119.125, 52.625 ], [ -119.08333, 52.625 ], [ -119.08333, 52.58333 ], [ -119.04167, 52.54167 ], [ -119.0, 52.58333 ], [ -118.95833, 52.58333 ], [ -118.95833, 52.625 ], [ -119.04167, 52.625 ], [ -119.04167, 52.66667 ], [ -119.08333, 52.66667 ], [ -119.08333, 52.70833 ], [ -119.125, 52.70833 ] ] ], [ [ [ -118.875, 52.66667 ], [ -118.875, 52.625 ], [ -118.79167, 52.625 ], [ -118.79167, 52.54167 ], [ -118.625, 52.54167 ], [ -118.625, 52.58333 ], [ -118.75, 52.58333 ], [ -118.70833, 52.66667 ], [ -118.875, 52.66667 ] ] ], [ [ [ -120.20833, 52.58333 ], [ -120.20833, 52.54167 ], [ -120.16667, 52.54167 ], [ -120.16667, 52.58333 ], [ -120.20833, 52.58333 ] ] ], [ [ [ -118.04167, 52.58333 ], [ -118.04167, 52.54167 ], [ -118.0, 52.54167 ], [ -118.0, 52.58333 ], [ -118.04167, 52.58333 ] ] ], [ [ [ -117.83333, 52.58333 ], [ -117.79167, 52.54167 ], [ -117.79167, 52.58333 ], [ -117.83333, 52.58333 ] ] ], [ [ [ -117.66667, 52.58333 ], [ -117.625, 52.54167 ], [ -117.625, 52.58333 ], [ -117.66667, 52.58333 ] ] ], [ [ [ -119.75, 52.58333 ], [ -119.83333, 52.54167 ], [ -119.83333, 52.5 ], [ -119.79167, 52.5 ], [ -119.75, 52.54167 ], [ -119.75, 52.58333 ] ] ], [ [ [ -119.58333, 52.625 ], [ -119.625, 52.58333 ], [ -119.58333, 52.5 ], [ -119.5, 52.5 ], [ -119.5, 52.54167 ], [ -119.45833, 52.54167 ], [ -119.5, 52.58333 ], [ -119.5, 52.625 ], [ -119.58333, 52.625 ] ] ], [ [ [ -120.29167, 52.54167 ], [ -120.29167, 52.5 ], [ -120.25, 52.5 ], [ -120.25, 52.54167 ], [ -120.29167, 52.54167 ] ] ], [ [ [ -120.16667, 52.54167 ], [ -120.16667, 52.5 ], [ -120.125, 52.5 ], [ -120.16667, 52.54167 ] ] ], [ [ [ -119.20833, 52.625 ], [ -119.25, 52.54167 ], [ -119.33333, 52.54167 ], [ -119.33333, 52.5 ], [ -119.16667, 52.5 ], [ -119.16667, 52.625 ], [ -119.20833, 52.625 ] ] ], [ [ [ -119.08333, 52.54167 ], [ -119.08333, 52.5 ], [ -119.04167, 52.5 ], [ -119.04167, 52.54167 ], [ -119.08333, 52.54167 ] ] ], [ [ [ -117.625, 52.54167 ], [ -117.625, 52.5 ], [ -117.54167, 52.5 ], [ -117.625, 52.54167 ] ] ], [ [ [ -120.125, 52.5 ], [ -120.125, 52.45833 ], [ -120.08333, 52.45833 ], [ -120.125, 52.5 ] ] ], [ [ [ -119.79167, 52.5 ], [ -119.79167, 52.45833 ], [ -119.70833, 52.45833 ], [ -119.70833, 52.5 ], [ -119.79167, 52.5 ] ] ], [ [ [ -118.625, 52.5 ], [ -118.58333, 52.45833 ], [ -118.58333, 52.5 ], [ -118.625, 52.5 ] ] ], [ [ [ -119.95833, 52.45833 ], [ -120.04167, 52.41667 ], [ -120.0, 52.41667 ], [ -119.95833, 52.45833 ] ] ], [ [ [ -119.04167, 52.5 ], [ -119.04167, 52.41667 ], [ -119.0, 52.41667 ], [ -119.04167, 52.5 ] ] ], [ [ [ -120.25, 52.45833 ], [ -120.25, 52.41667 ], [ -120.20833, 52.41667 ], [ -120.20833, 52.45833 ], [ -120.25, 52.45833 ] ] ], [ [ [ -119.83333, 52.45833 ], [ -119.83333, 52.41667 ], [ -119.79167, 52.41667 ], [ -119.79167, 52.45833 ], [ -119.83333, 52.45833 ] ] ], [ [ [ -119.45833, 52.5 ], [ -119.5, 52.41667 ], [ -119.41667, 52.41667 ], [ -119.41667, 52.5 ], [ -119.45833, 52.5 ] ] ], [ [ [ -116.0, 52.5 ], [ -116.08333, 52.45833 ], [ -116.08333, 52.41667 ], [ -115.91667, 52.41667 ], [ -116.0, 52.5 ] ] ], [ [ [ -120.66667, 52.5 ], [ -120.70833, 52.45833 ], [ -120.625, 52.375 ], [ -120.625, 52.41667 ], [ -120.5, 52.41667 ], [ -120.5, 52.45833 ], [ -120.625, 52.45833 ], [ -120.625, 52.5 ], [ -120.66667, 52.5 ] ] ], [ [ [ -118.5, 52.45833 ], [ -118.5, 52.375 ], [ -118.29167, 52.375 ], [ -118.375, 52.45833 ], [ -118.5, 52.45833 ] ] ], [ [ [ -117.375, 52.375 ], [ -117.375, 52.45833 ], [ -117.45833, 52.45833 ], [ -117.375, 52.375 ] ] ], [ [ [ -120.20833, 52.41667 ], [ -120.20833, 52.375 ], [ -120.16667, 52.375 ], [ -120.16667, 52.41667 ], [ -120.20833, 52.41667 ] ] ], [ [ [ -119.91667, 52.41667 ], [ -119.91667, 52.375 ], [ -119.83333, 52.375 ], [ -119.83333, 52.41667 ], [ -119.91667, 52.41667 ] ] ], [ [ [ -119.79167, 52.41667 ], [ -119.79167, 52.375 ], [ -119.75, 52.375 ], [ -119.75, 52.41667 ], [ -119.79167, 52.41667 ] ] ], [ [ [ -119.33333, 52.45833 ], [ -119.375, 52.375 ], [ -119.29167, 52.375 ], [ -119.25, 52.45833 ], [ -119.33333, 52.45833 ] ] ], [ [ [ -119.125, 52.41667 ], [ -119.125, 52.375 ], [ -119.08333, 52.375 ], [ -119.08333, 52.41667 ], [ -119.125, 52.41667 ] ] ], [ [ [ -118.83333, 52.45833 ], [ -118.83333, 52.33333 ], [ -118.70833, 52.33333 ], [ -118.70833, 52.375 ], [ -118.75, 52.375 ], [ -118.79167, 52.41667 ], [ -118.79167, 52.45833 ], [ -118.83333, 52.45833 ] ] ], [ [ [ -119.08333, 52.375 ], [ -119.08333, 52.33333 ], [ -119.04167, 52.33333 ], [ -119.08333, 52.375 ] ] ], [ [ [ -118.58333, 52.375 ], [ -118.54167, 52.33333 ], [ -118.54167, 52.375 ], [ -118.58333, 52.375 ] ] ], [ [ [ -118.08333, 52.29167 ], [ -118.04167, 52.33333 ], [ -117.95833, 52.33333 ], [ -117.91667, 52.375 ], [ -118.125, 52.375 ], [ -118.125, 52.33333 ], [ -118.08333, 52.29167 ] ] ], [ [ [ -117.70833, 52.5 ], [ -117.70833, 52.375 ], [ -117.75, 52.33333 ], [ -117.70833, 52.29167 ], [ -117.66667, 52.33333 ], [ -117.66667, 52.5 ], [ -117.70833, 52.5 ] ] ], [ [ [ -120.16667, 52.33333 ], [ -120.16667, 52.29167 ], [ -120.125, 52.29167 ], [ -120.125, 52.33333 ], [ -120.16667, 52.33333 ] ] ], [ [ [ -117.04167, 53.08333 ], [ -117.04167, 53.04167 ], [ -117.29167, 53.04167 ], [ -117.29167, 53.08333 ], [ -117.375, 53.125 ], [ -117.83333, 53.125 ], [ -117.83333, 53.04167 ], [ -117.91667, 53.04167 ], [ -118.0, 53.08333 ], [ -118.04167, 53.04167 ], [ -118.0, 53.0 ], [ -118.0, 52.91667 ], [ -117.95833, 52.875 ], [ -117.875, 52.83333 ], [ -117.75, 52.83333 ], [ -117.75, 52.75 ], [ -117.70833, 52.70833 ], [ -117.625, 52.70833 ], [ -117.70833, 52.83333 ], [ -117.70833, 53.0 ], [ -117.66667, 53.0 ], [ -117.66667, 53.04167 ], [ -117.5, 53.04167 ], [ -117.41667, 53.0 ], [ -117.375, 52.91667 ], [ -117.04167, 52.75 ], [ -116.95833, 52.75 ], [ -116.875, 52.625 ], [ -116.91667, 52.54167 ], [ -116.91667, 52.45833 ], [ -116.83333, 52.5 ], [ -116.83333, 52.58333 ], [ -116.70833, 52.58333 ], [ -116.58333, 52.45833 ], [ -116.58333, 52.375 ], [ -116.54167, 52.33333 ], [ -116.45833, 52.33333 ], [ -116.45833, 52.25 ], [ -116.375, 52.29167 ], [ -116.375, 52.41667 ], [ -116.25, 52.41667 ], [ -116.25, 52.5 ], [ -116.04167, 52.5 ], [ -116.04167, 52.58333 ], [ -116.375, 52.58333 ], [ -116.33333, 52.66667 ], [ -116.5, 52.66667 ], [ -116.54167, 52.70833 ], [ -116.54167, 52.83333 ], [ -116.75, 52.83333 ], [ -116.70833, 52.875 ], [ -116.79167, 52.95833 ], [ -116.83333, 53.0 ], [ -116.83333, 53.08333 ], [ -117.04167, 53.08333 ] ], [ [ -117.91667, 52.95833 ], [ -117.79167, 52.95833 ], [ -117.79167, 52.91667 ], [ -117.91667, 52.91667 ], [ -117.91667, 52.95833 ] ] ], [ [ [ -120.625, 52.375 ], [ -120.70833, 52.33333 ], [ -120.70833, 52.29167 ], [ -120.66667, 52.25 ], [ -120.625, 52.25 ], [ -120.58333, 52.25 ], [ -120.5, 52.25 ], [ -120.625, 52.375 ] ] ], [ [ [ -118.125, 52.29167 ], [ -118.125, 52.33333 ], [ -118.20833, 52.33333 ], [ -118.20833, 52.25 ], [ -118.16667, 52.25 ], [ -118.16667, 52.20833 ], [ -118.08333, 52.20833 ], [ -118.08333, 52.29167 ], [ -118.125, 52.29167 ] ] ], [ [ [ -120.125, 52.29167 ], [ -120.125, 52.25 ], [ -120.08333, 52.25 ], [ -120.125, 52.29167 ] ] ], [ [ [ -119.41667, 52.29167 ], [ -119.41667, 52.25 ], [ -119.33333, 52.25 ], [ -119.33333, 52.29167 ], [ -119.41667, 52.29167 ] ] ], [ [ [ -118.45833, 52.29167 ], [ -118.41667, 52.25 ], [ -118.41667, 52.29167 ], [ -118.45833, 52.29167 ] ] ], [ [ [ -119.04167, 52.29167 ], [ -119.04167, 52.20833 ], [ -118.95833, 52.20833 ], [ -118.95833, 52.29167 ], [ -119.04167, 52.29167 ] ] ], [ [ [ -119.41667, 52.25 ], [ -119.5, 52.20833 ], [ -119.41667, 52.20833 ], [ -119.41667, 52.25 ] ] ], [ [ [ -117.625, 52.45833 ], [ -117.625, 52.33333 ], [ -117.54167, 52.375 ], [ -117.625, 52.45833 ] ] ], [ [ [ -119.70833, 52.45833 ], [ -119.70833, 52.33333 ], [ -120.04167, 52.33333 ], [ -120.0, 52.25 ], [ -119.95833, 52.25 ], [ -119.95833, 52.20833 ], [ -119.91667, 52.20833 ], [ -119.91667, 52.25 ], [ -119.875, 52.25 ], [ -119.875, 52.16667 ], [ -119.83333, 52.16667 ], [ -119.83333, 52.20833 ], [ -119.70833, 52.20833 ], [ -119.66667, 52.25 ], [ -119.66667, 52.20833 ], [ -119.625, 52.20833 ], [ -119.625, 52.25 ], [ -119.54167, 52.25 ], [ -119.54167, 52.375 ], [ -119.625, 52.375 ], [ -119.70833, 52.45833 ] ] ], [ [ [ -120.08333, 52.25 ], [ -120.08333, 52.20833 ], [ -120.0, 52.16667 ], [ -120.0, 52.25 ], [ -120.08333, 52.25 ] ] ], [ [ [ -119.33333, 52.25 ], [ -119.33333, 52.16667 ], [ -119.29167, 52.16667 ], [ -119.33333, 52.25 ] ] ], [ [ [ -119.41667, 52.20833 ], [ -119.41667, 52.16667 ], [ -119.375, 52.16667 ], [ -119.41667, 52.20833 ] ] ], [ [ [ -118.375, 52.20833 ], [ -118.375, 52.16667 ], [ -118.29167, 52.16667 ], [ -118.375, 52.20833 ] ] ], [ [ [ -124.20833, 52.5 ], [ -124.20833, 52.58333 ], [ -124.08333, 52.58333 ], [ -124.08333, 52.54167 ], [ -123.95833, 52.54167 ], [ -123.91667, 52.45833 ], [ -123.79167, 52.45833 ], [ -123.79167, 52.58333 ], [ -123.875, 52.625 ], [ -123.875, 52.70833 ], [ -123.75, 52.70833 ], [ -123.75, 52.75 ], [ -123.91667, 52.83333 ], [ -124.16667, 52.83333 ], [ -124.25, 52.875 ], [ -124.29167, 52.95833 ], [ -124.375, 53.0 ], [ -124.5, 53.0 ], [ -124.5, 53.04167 ], [ -124.625, 53.04167 ], [ -124.70833, 53.0 ], [ -124.70833, 52.95833 ], [ -124.83333, 52.95833 ], [ -124.83333, 52.91667 ], [ -125.0, 52.91667 ], [ -125.0, 52.875 ], [ -125.125, 52.875 ], [ -125.125, 52.91667 ], [ -125.33333, 52.91667 ], [ -125.33333, 52.875 ], [ -125.08333, 52.75 ], [ -124.75, 52.75 ], [ -124.75, 52.625 ], [ -124.91667, 52.625 ], [ -124.91667, 52.66667 ], [ -125.125, 52.66667 ], [ -125.20833, 52.625 ], [ -125.125, 52.58333 ], [ -125.04167, 52.5 ], [ -125.04167, 52.375 ], [ -124.95833, 52.29167 ], [ -124.875, 52.29167 ], [ -124.83333, 52.25 ], [ -124.83333, 52.16667 ], [ -124.58333, 52.16667 ], [ -124.54167, 52.25 ], [ -124.45833, 52.25 ], [ -124.45833, 52.33333 ], [ -124.33333, 52.33333 ], [ -124.29167, 52.375 ], [ -124.29167, 52.45833 ], [ -124.20833, 52.5 ] ] ], [ [ [ -120.91667, 52.125 ], [ -120.91667, 52.16667 ], [ -120.95833, 52.16667 ], [ -120.95833, 52.125 ], [ -121.0, 52.04167 ], [ -120.875, 52.04167 ], [ -120.83333, 52.125 ], [ -120.91667, 52.125 ] ] ], [ [ [ -119.75, 52.16667 ], [ -119.75, 52.125 ], [ -119.70833, 52.125 ], [ -119.70833, 52.16667 ], [ -119.75, 52.16667 ] ] ], [ [ [ -118.16667, 52.16667 ], [ -118.16667, 52.125 ], [ -118.125, 52.125 ], [ -118.125, 52.16667 ], [ -118.16667, 52.16667 ] ] ], [ [ [ -116.45833, 52.25 ], [ -116.54167, 52.25 ], [ -116.58333, 52.16667 ], [ -116.70833, 52.16667 ], [ -116.70833, 52.125 ], [ -116.45833, 52.125 ], [ -116.5, 52.20833 ], [ -116.45833, 52.25 ] ] ], [ [ [ -119.125, 52.20833 ], [ -119.125, 52.125 ], [ -119.08333, 52.08333 ], [ -119.0, 52.08333 ], [ -119.125, 52.20833 ] ] ], [ [ [ -119.54167, 52.16667 ], [ -119.54167, 52.08333 ], [ -119.45833, 52.08333 ], [ -119.45833, 52.16667 ], [ -119.54167, 52.16667 ] ] ], [ [ [ -118.08333, 52.16667 ], [ -118.08333, 52.125 ], [ -118.04167, 52.08333 ], [ -118.0, 52.16667 ], [ -118.08333, 52.16667 ] ] ], [ [ [ -118.625, 52.29167 ], [ -118.66667, 52.25 ], [ -118.66667, 52.16667 ], [ -118.625, 52.125 ], [ -118.66667, 52.125 ], [ -118.66667, 52.08333 ], [ -118.58333, 52.08333 ], [ -118.58333, 52.16667 ], [ -118.5, 52.16667 ], [ -118.5, 52.20833 ], [ -118.54167, 52.25 ], [ -118.625, 52.25 ], [ -118.625, 52.29167 ] ] ], [ [ [ -118.29167, 52.125 ], [ -118.29167, 52.08333 ], [ -118.20833, 52.08333 ], [ -118.20833, 52.125 ], [ -118.29167, 52.125 ] ] ], [ [ [ -103.375, 52.5 ], [ -103.54167, 52.5 ], [ -103.54167, 52.375 ], [ -103.41667, 52.375 ], [ -103.45833, 52.29167 ], [ -103.375, 52.29167 ], [ -103.375, 52.16667 ], [ -103.29167, 52.125 ], [ -103.16667, 52.125 ], [ -103.125, 52.04167 ], [ -103.0, 52.04167 ], [ -103.0, 52.16667 ], [ -102.875, 52.16667 ], [ -102.875, 52.20833 ], [ -102.75, 52.20833 ], [ -102.75, 52.25 ], [ -102.83333, 52.25 ], [ -102.91667, 52.29167 ], [ -102.95833, 52.375 ], [ -103.04167, 52.41667 ], [ -103.04167, 52.45833 ], [ -103.16667, 52.45833 ], [ -103.16667, 52.41667 ], [ -103.33333, 52.41667 ], [ -103.375, 52.5 ] ] ], [ [ [ -120.58333, 52.54167 ], [ -120.58333, 52.5 ], [ -120.5, 52.5 ], [ -120.5, 52.45833 ], [ -120.45833, 52.45833 ], [ -120.45833, 52.20833 ], [ -120.70833, 52.20833 ], [ -120.70833, 52.16667 ], [ -120.625, 52.125 ], [ -120.54167, 52.125 ], [ -120.54167, 52.08333 ], [ -120.45833, 52.04167 ], [ -120.375, 52.04167 ], [ -120.375, 52.08333 ], [ -120.25, 52.08333 ], [ -120.25, 52.16667 ], [ -120.29167, 52.20833 ], [ -120.375, 52.20833 ], [ -120.375, 52.33333 ], [ -120.41667, 52.33333 ], [ -120.375, 52.41667 ], [ -120.41667, 52.41667 ], [ -120.41667, 52.54167 ], [ -120.58333, 52.54167 ] ] ], [ [ [ -120.70833, 52.08333 ], [ -120.70833, 52.04167 ], [ -120.66667, 52.08333 ], [ -120.70833, 52.08333 ] ] ], [ [ [ -119.125, 52.08333 ], [ -119.125, 52.04167 ], [ -119.08333, 52.04167 ], [ -119.08333, 52.08333 ], [ -119.125, 52.08333 ] ] ], [ [ [ -118.08333, 52.08333 ], [ -118.08333, 52.04167 ], [ -118.04167, 52.08333 ], [ -118.08333, 52.08333 ] ] ], [ [ [ -119.54167, 52.0 ], [ -119.41667, 52.0 ], [ -119.41667, 52.04167 ], [ -119.54167, 52.04167 ], [ -119.54167, 52.0 ] ] ], [ [ [ -118.75, 52.16667 ], [ -118.79167, 52.16667 ], [ -118.79167, 52.04167 ], [ -118.83333, 52.0 ], [ -118.75, 52.0 ], [ -118.75, 52.04167 ], [ -118.66667, 52.04167 ], [ -118.66667, 52.08333 ], [ -118.75, 52.08333 ], [ -118.75, 52.16667 ] ] ], [ [ [ -118.5, 52.04167 ], [ -118.5, 52.0 ], [ -118.45833, 52.0 ], [ -118.45833, 52.04167 ], [ -118.5, 52.04167 ] ] ], [ [ [ -118.29167, 52.04167 ], [ -118.29167, 52.0 ], [ -118.25, 52.0 ], [ -118.25, 52.04167 ], [ -118.29167, 52.04167 ] ] ], [ [ [ -118.125, 52.04167 ], [ -118.125, 52.0 ], [ -118.08333, 52.0 ], [ -118.08333, 52.04167 ], [ -118.125, 52.04167 ] ] ], [ [ [ -117.66667, 52.04167 ], [ -117.66667, 52.0 ], [ -117.625, 52.04167 ], [ -117.66667, 52.04167 ] ] ], [ [ [ -119.25, 52.08333 ], [ -119.25, 51.95833 ], [ -119.20833, 52.0 ], [ -119.125, 52.0 ], [ -119.125, 52.04167 ], [ -119.16667, 52.08333 ], [ -119.25, 52.08333 ] ] ], [ [ [ -116.66667, 52.04167 ], [ -116.66667, 51.95833 ], [ -116.625, 51.95833 ], [ -116.625, 52.04167 ], [ -116.66667, 52.04167 ] ] ], [ [ [ -118.91667, 52.0 ], [ -118.875, 51.95833 ], [ -118.875, 52.0 ], [ -118.91667, 52.0 ] ] ], [ [ [ -118.66667, 52.0 ], [ -118.66667, 51.95833 ], [ -118.58333, 51.95833 ], [ -118.58333, 52.0 ], [ -118.66667, 52.0 ] ] ], [ [ [ -118.45833, 52.0 ], [ -118.45833, 51.95833 ], [ -118.41667, 51.95833 ], [ -118.45833, 52.0 ] ] ], [ [ [ -117.33333, 52.08333 ], [ -117.41667, 52.04167 ], [ -117.41667, 51.91667 ], [ -117.375, 51.91667 ], [ -117.33333, 52.0 ], [ -117.33333, 52.08333 ] ] ], [ [ [ -117.91667, 52.125 ], [ -117.91667, 52.08333 ], [ -117.91667, 52.04167 ], [ -117.91667, 51.95833 ], [ -117.875, 51.91667 ], [ -117.66667, 51.91667 ], [ -117.66667, 52.0 ], [ -117.83333, 52.0 ], [ -117.83333, 52.125 ], [ -117.91667, 52.125 ] ] ], [ [ [ -119.125, 51.95833 ], [ -119.16667, 51.91667 ], [ -119.125, 51.91667 ], [ -119.125, 51.95833 ] ] ], [ [ [ -118.66667, 51.95833 ], [ -118.75, 51.91667 ], [ -118.66667, 51.91667 ], [ -118.66667, 51.95833 ] ] ], [ [ [ -118.41667, 51.95833 ], [ -118.41667, 51.91667 ], [ -118.33333, 51.91667 ], [ -118.41667, 51.95833 ] ] ], [ [ [ -118.125, 51.95833 ], [ -118.125, 51.91667 ], [ -118.08333, 51.91667 ], [ -118.125, 51.95833 ] ] ], [ [ [ -118.875, 51.95833 ], [ -118.875, 51.875 ], [ -118.75, 51.875 ], [ -118.75, 51.91667 ], [ -118.79167, 51.95833 ], [ -118.875, 51.95833 ] ] ], [ [ [ -79.66667, 51.95833 ], [ -79.58333, 51.91667 ], [ -79.45833, 51.91667 ], [ -79.45833, 51.95833 ], [ -79.66667, 51.95833 ] ] ], [ [ [ -118.66667, 51.91667 ], [ -118.66667, 51.875 ], [ -118.625, 51.875 ], [ -118.625, 51.91667 ], [ -118.66667, 51.91667 ] ] ], [ [ [ -118.5, 51.95833 ], [ -118.54167, 51.91667 ], [ -118.54167, 51.875 ], [ -118.45833, 51.875 ], [ -118.45833, 51.95833 ], [ -118.5, 51.95833 ] ] ], [ [ [ -119.95833, 51.95833 ], [ -119.95833, 51.875 ], [ -119.91667, 51.83333 ], [ -119.875, 51.91667 ], [ -119.91667, 51.95833 ], [ -119.95833, 51.95833 ] ] ], [ [ [ -119.54167, 51.875 ], [ -119.5, 51.83333 ], [ -119.41667, 51.83333 ], [ -119.41667, 51.95833 ], [ -119.5, 51.91667 ], [ -119.54167, 51.91667 ], [ -119.54167, 51.875 ] ] ], [ [ [ -119.25, 51.91667 ], [ -119.25, 51.83333 ], [ -119.16667, 51.875 ], [ -119.16667, 51.91667 ], [ -119.25, 51.91667 ] ] ], [ [ [ -117.375, 51.91667 ], [ -117.375, 51.83333 ], [ -117.33333, 51.83333 ], [ -117.33333, 51.91667 ], [ -117.375, 51.91667 ] ] ], [ [ [ -117.29167, 51.91667 ], [ -117.29167, 51.83333 ], [ -117.25, 51.83333 ], [ -117.20833, 51.91667 ], [ -117.29167, 51.91667 ] ] ], [ [ [ -125.0, 51.875 ], [ -125.0, 51.83333 ], [ -124.75, 51.83333 ], [ -124.75, 51.875 ], [ -125.0, 51.875 ] ] ], [ [ [ -117.91667, 51.875 ], [ -117.875, 51.83333 ], [ -117.875, 51.875 ], [ -117.91667, 51.875 ] ] ], [ [ [ -117.79167, 51.875 ], [ -117.79167, 51.83333 ], [ -117.75, 51.83333 ], [ -117.75, 51.875 ], [ -117.79167, 51.875 ] ] ], [ [ [ -118.91667, 51.875 ], [ -118.91667, 51.79167 ], [ -118.83333, 51.79167 ], [ -118.83333, 51.83333 ], [ -118.875, 51.83333 ], [ -118.875, 51.875 ], [ -118.91667, 51.875 ] ] ], [ [ [ -117.5, 51.95833 ], [ -117.5, 51.79167 ], [ -117.45833, 51.79167 ], [ -117.45833, 51.875 ], [ -117.41667, 51.875 ], [ -117.41667, 51.91667 ], [ -117.5, 51.95833 ] ] ], [ [ [ -119.08333, 51.83333 ], [ -119.04167, 51.79167 ], [ -119.04167, 51.83333 ], [ -119.08333, 51.83333 ] ] ], [ [ [ -118.79167, 51.83333 ], [ -118.79167, 51.79167 ], [ -118.75, 51.79167 ], [ -118.75, 51.83333 ], [ -118.79167, 51.83333 ] ] ], [ [ [ -117.875, 51.83333 ], [ -117.83333, 51.79167 ], [ -117.83333, 51.83333 ], [ -117.875, 51.83333 ] ] ], [ [ [ -117.66667, 51.83333 ], [ -117.66667, 51.79167 ], [ -117.625, 51.79167 ], [ -117.66667, 51.83333 ] ] ], [ [ [ -116.83333, 52.0 ], [ -116.875, 51.95833 ], [ -116.83333, 51.91667 ], [ -116.83333, 51.83333 ], [ -116.75, 51.79167 ], [ -116.75, 51.875 ], [ -116.66667, 51.875 ], [ -116.70833, 51.95833 ], [ -116.75, 51.95833 ], [ -116.75, 52.0 ], [ -116.83333, 52.0 ] ] ], [ [ [ -124.375, 51.875 ], [ -124.33333, 51.79167 ], [ -124.25, 51.75 ], [ -124.16667, 51.75 ], [ -124.16667, 51.83333 ], [ -124.25, 51.875 ], [ -124.375, 51.875 ] ] ], [ [ [ -118.08333, 51.875 ], [ -118.125, 51.83333 ], [ -118.08333, 51.79167 ], [ -118.0, 51.79167 ], [ -118.0, 51.875 ], [ -118.08333, 51.875 ] ] ], [ [ [ -117.20833, 51.75 ], [ -117.08333, 51.75 ], [ -117.125, 51.83333 ], [ -117.20833, 51.83333 ], [ -117.20833, 51.75 ] ] ], [ [ [ -117.83333, 51.79167 ], [ -117.75, 51.75 ], [ -117.75, 51.79167 ], [ -117.83333, 51.79167 ] ] ], [ [ [ -119.83333, 52.08333 ], [ -119.83333, 52.04167 ], [ -119.91667, 52.04167 ], [ -119.91667, 51.95833 ], [ -119.83333, 51.95833 ], [ -119.83333, 51.70833 ], [ -119.79167, 51.70833 ], [ -119.79167, 51.875 ], [ -119.75, 51.875 ], [ -119.75, 51.83333 ], [ -119.70833, 51.83333 ], [ -119.70833, 51.91667 ], [ -119.625, 51.91667 ], [ -119.625, 52.04167 ], [ -119.66667, 52.08333 ], [ -119.83333, 52.08333 ] ] ], [ [ [ -119.95833, 51.83333 ], [ -119.95833, 51.75 ], [ -119.91667, 51.70833 ], [ -119.875, 51.70833 ], [ -119.875, 51.79167 ], [ -119.91667, 51.83333 ], [ -119.95833, 51.83333 ] ] ], [ [ [ -124.66667, 51.79167 ], [ -124.66667, 51.75 ], [ -124.54167, 51.75 ], [ -124.5, 51.70833 ], [ -124.5, 51.79167 ], [ -124.66667, 51.79167 ] ] ], [ [ [ -119.04167, 52.04167 ], [ -119.04167, 51.875 ], [ -119.0, 51.875 ], [ -119.0, 51.79167 ], [ -119.04167, 51.79167 ], [ -119.04167, 51.70833 ], [ -118.95833, 51.75 ], [ -118.95833, 51.875 ], [ -118.91667, 51.875 ], [ -118.91667, 51.91667 ], [ -119.0, 51.91667 ], [ -119.0, 52.04167 ], [ -119.04167, 52.04167 ] ] ], [ [ [ -119.25, 51.79167 ], [ -119.25, 51.75 ], [ -119.29167, 51.75 ], [ -119.29167, 51.70833 ], [ -119.20833, 51.70833 ], [ -119.20833, 51.79167 ], [ -119.25, 51.79167 ] ] ], [ [ [ -118.16667, 51.75 ], [ -118.20833, 51.70833 ], [ -118.16667, 51.70833 ], [ -118.16667, 51.75 ] ] ], [ [ [ -117.75, 51.75 ], [ -117.75, 51.70833 ], [ -117.70833, 51.75 ], [ -117.75, 51.75 ] ] ], [ [ [ -124.70833, 51.75 ], [ -124.70833, 51.66667 ], [ -124.66667, 51.75 ], [ -124.70833, 51.75 ] ] ], [ [ [ -118.33333, 51.70833 ], [ -118.33333, 51.79167 ], [ -118.29167, 51.79167 ], [ -118.29167, 51.875 ], [ -118.375, 51.875 ], [ -118.54167, 51.79167 ], [ -118.58333, 51.70833 ], [ -118.54167, 51.66667 ], [ -118.375, 51.66667 ], [ -118.375, 51.625 ], [ -118.20833, 51.625 ], [ -118.20833, 51.70833 ], [ -118.33333, 51.70833 ] ] ], [ [ [ -117.33333, 51.79167 ], [ -117.33333, 51.75 ], [ -117.45833, 51.75 ], [ -117.45833, 51.66667 ], [ -117.41667, 51.66667 ], [ -117.41667, 51.70833 ], [ -117.29167, 51.70833 ], [ -117.25, 51.79167 ], [ -117.33333, 51.79167 ] ] ], [ [ [ -124.5, 51.70833 ], [ -124.45833, 51.66667 ], [ -124.45833, 51.70833 ], [ -124.5, 51.70833 ] ] ], [ [ [ -119.125, 51.70833 ], [ -119.125, 51.66667 ], [ -119.04167, 51.66667 ], [ -119.04167, 51.70833 ], [ -119.125, 51.70833 ] ] ], [ [ [ -118.83333, 51.79167 ], [ -118.83333, 51.70833 ], [ -118.91667, 51.66667 ], [ -118.79167, 51.66667 ], [ -118.75, 51.70833 ], [ -118.75, 51.75 ], [ -118.79167, 51.79167 ], [ -118.83333, 51.79167 ] ] ], [ [ [ -118.125, 51.70833 ], [ -118.125, 51.625 ], [ -118.08333, 51.625 ], [ -118.08333, 51.66667 ], [ -117.95833, 51.66667 ], [ -117.95833, 51.70833 ], [ -118.125, 51.70833 ] ] ], [ [ [ -118.91667, 51.66667 ], [ -118.95833, 51.625 ], [ -118.91667, 51.625 ], [ -118.91667, 51.66667 ] ] ], [ [ [ -117.625, 51.66667 ], [ -117.58333, 51.625 ], [ -117.58333, 51.66667 ], [ -117.625, 51.66667 ] ] ], [ [ [ -101.70833, 51.70833 ], [ -101.66667, 51.66667 ], [ -101.66667, 51.58333 ], [ -101.54167, 51.625 ], [ -101.54167, 51.70833 ], [ -101.70833, 51.70833 ] ] ], [ [ [ -117.20833, 51.58333 ], [ -117.20833, 51.66667 ], [ -117.04167, 51.66667 ], [ -117.04167, 51.70833 ], [ -117.25, 51.70833 ], [ -117.25, 51.66667 ], [ -117.375, 51.66667 ], [ -117.375, 51.625 ], [ -117.25, 51.625 ], [ -117.25, 51.58333 ], [ -117.20833, 51.58333 ] ] ], [ [ [ -119.375, 51.625 ], [ -119.375, 51.58333 ], [ -119.29167, 51.58333 ], [ -119.29167, 51.625 ], [ -119.375, 51.625 ] ] ], [ [ [ -117.58333, 51.625 ], [ -117.54167, 51.58333 ], [ -117.54167, 51.625 ], [ -117.58333, 51.625 ] ] ], [ [ [ -117.75, 51.625 ], [ -117.79167, 51.54167 ], [ -117.75, 51.54167 ], [ -117.75, 51.625 ] ] ], [ [ [ -116.75, 51.79167 ], [ -116.75, 51.66667 ], [ -116.79167, 51.66667 ], [ -116.79167, 51.5 ], [ -116.75, 51.5 ], [ -116.70833, 51.58333 ], [ -116.66667, 51.625 ], [ -116.66667, 51.75 ], [ -116.75, 51.79167 ] ] ], [ [ [ -116.83333, 51.58333 ], [ -116.83333, 51.625 ], [ -117.125, 51.625 ], [ -117.125, 51.58333 ], [ -117.08333, 51.58333 ], [ -117.08333, 51.5 ], [ -117.0, 51.5 ], [ -117.0, 51.58333 ], [ -116.91667, 51.54167 ], [ -116.875, 51.54167 ], [ -116.875, 51.58333 ], [ -116.83333, 51.58333 ] ] ], [ [ [ -119.70833, 51.54167 ], [ -119.70833, 51.5 ], [ -119.58333, 51.5 ], [ -119.58333, 51.54167 ], [ -119.70833, 51.54167 ] ] ], [ [ [ -117.875, 51.54167 ], [ -117.79167, 51.5 ], [ -117.79167, 51.54167 ], [ -117.875, 51.54167 ] ] ], [ [ [ -124.0, 51.45833 ], [ -124.0, 51.5 ], [ -123.83333, 51.5 ], [ -123.83333, 51.54167 ], [ -123.91667, 51.58333 ], [ -124.04167, 51.58333 ], [ -124.08333, 51.54167 ], [ -124.16667, 51.58333 ], [ -124.125, 51.5 ], [ -124.04167, 51.5 ], [ -124.0, 51.45833 ] ] ], [ [ [ -116.875, 51.54167 ], [ -116.875, 51.45833 ], [ -116.79167, 51.5 ], [ -116.83333, 51.54167 ], [ -116.875, 51.54167 ] ] ], [ [ [ -120.04167, 51.54167 ], [ -120.04167, 51.5 ], [ -120.0, 51.45833 ], [ -119.91667, 51.41667 ], [ -119.875, 51.41667 ], [ -119.875, 51.54167 ], [ -120.04167, 51.54167 ] ] ], [ [ [ -118.08333, 51.625 ], [ -118.08333, 51.58333 ], [ -118.5, 51.58333 ], [ -118.5, 51.54167 ], [ -118.25, 51.54167 ], [ -118.25, 51.5 ], [ -118.16667, 51.54167 ], [ -118.125, 51.5 ], [ -118.125, 51.41667 ], [ -118.08333, 51.41667 ], [ -118.0, 51.45833 ], [ -118.0, 51.625 ], [ -118.08333, 51.625 ] ] ], [ [ [ -124.16667, 51.58333 ], [ -124.16667, 51.66667 ], [ -124.33333, 51.66667 ], [ -124.33333, 51.58333 ], [ -124.375, 51.58333 ], [ -124.375, 51.5 ], [ -124.33333, 51.45833 ], [ -124.41667, 51.45833 ], [ -124.41667, 51.41667 ], [ -124.25, 51.41667 ], [ -124.25, 51.45833 ], [ -124.20833, 51.45833 ], [ -124.20833, 51.58333 ], [ -124.16667, 51.58333 ] ] ], [ [ [ -118.0, 51.45833 ], [ -118.0, 51.41667 ], [ -117.95833, 51.45833 ], [ -118.0, 51.45833 ] ] ], [ [ [ -117.45833, 51.45833 ], [ -117.45833, 51.41667 ], [ -117.41667, 51.41667 ], [ -117.41667, 51.45833 ], [ -117.45833, 51.45833 ] ] ], [ [ [ -117.375, 51.45833 ], [ -117.375, 51.41667 ], [ -117.33333, 51.45833 ], [ -117.375, 51.45833 ] ] ], [ [ [ -116.45833, 51.45833 ], [ -116.45833, 51.41667 ], [ -116.33333, 51.41667 ], [ -116.33333, 51.45833 ], [ -116.45833, 51.45833 ] ] ], [ [ [ -119.83333, 51.54167 ], [ -119.83333, 51.375 ], [ -119.75, 51.375 ], [ -119.75, 51.54167 ], [ -119.83333, 51.54167 ] ] ], [ [ [ -117.58333, 51.54167 ], [ -117.58333, 51.375 ], [ -117.54167, 51.375 ], [ -117.54167, 51.54167 ], [ -117.58333, 51.54167 ] ] ], [ [ [ -116.95833, 51.45833 ], [ -116.95833, 51.375 ], [ -116.91667, 51.375 ], [ -116.875, 51.45833 ], [ -116.95833, 51.45833 ] ] ], [ [ [ -119.91667, 51.41667 ], [ -119.95833, 51.375 ], [ -119.91667, 51.375 ], [ -119.91667, 51.41667 ] ] ], [ [ [ -119.04167, 51.66667 ], [ -119.08333, 51.625 ], [ -119.08333, 51.5 ], [ -119.04167, 51.5 ], [ -119.04167, 51.41667 ], [ -119.08333, 51.375 ], [ -119.0, 51.375 ], [ -118.95833, 51.41667 ], [ -118.95833, 51.625 ], [ -119.04167, 51.66667 ] ] ], [ [ [ -117.41667, 51.41667 ], [ -117.375, 51.375 ], [ -117.375, 51.41667 ], [ -117.41667, 51.41667 ] ] ], [ [ [ -116.5, 51.41667 ], [ -116.5, 51.375 ], [ -116.45833, 51.41667 ], [ -116.5, 51.41667 ] ] ], [ [ [ -100.66667, 51.45833 ], [ -100.875, 51.45833 ], [ -100.875, 51.5 ], [ -101.08333, 51.5 ], [ -101.08333, 51.54167 ], [ -101.20833, 51.54167 ], [ -101.20833, 51.5 ], [ -101.125, 51.45833 ], [ -101.125, 51.375 ], [ -101.0, 51.375 ], [ -101.0, 51.33333 ], [ -100.875, 51.33333 ], [ -100.875, 51.375 ], [ -100.75, 51.375 ], [ -100.75, 51.41667 ], [ -100.66667, 51.45833 ] ] ], [ [ [ -118.25, 51.5 ], [ -118.375, 51.5 ], [ -118.375, 51.375 ], [ -118.29167, 51.33333 ], [ -118.16667, 51.33333 ], [ -118.125, 51.375 ], [ -118.125, 51.41667 ], [ -118.25, 51.5 ] ] ], [ [ [ -116.625, 51.45833 ], [ -116.66667, 51.375 ], [ -116.625, 51.33333 ], [ -116.54167, 51.45833 ], [ -116.625, 51.45833 ] ] ], [ [ [ -123.70833, 51.33333 ], [ -123.66667, 51.41667 ], [ -123.70833, 51.45833 ], [ -123.95833, 51.45833 ], [ -123.95833, 51.41667 ], [ -123.79167, 51.41667 ], [ -123.70833, 51.375 ], [ -123.70833, 51.33333 ] ] ], [ [ [ -118.08333, 51.41667 ], [ -118.08333, 51.33333 ], [ -118.04167, 51.33333 ], [ -118.0, 51.375 ], [ -118.0, 51.41667 ], [ -118.08333, 51.41667 ] ] ], [ [ [ -117.79167, 51.41667 ], [ -117.70833, 51.375 ], [ -117.70833, 51.33333 ], [ -117.58333, 51.33333 ], [ -117.58333, 51.375 ], [ -117.625, 51.41667 ], [ -117.79167, 51.41667 ] ] ], [ [ [ -116.91667, 51.375 ], [ -116.91667, 51.33333 ], [ -116.875, 51.33333 ], [ -116.91667, 51.375 ] ] ], [ [ [ -120.04167, 51.45833 ], [ -120.04167, 51.41667 ], [ -120.08333, 51.41667 ], [ -120.08333, 51.375 ], [ -120.04167, 51.29167 ], [ -120.0, 51.29167 ], [ -120.0, 51.45833 ], [ -120.04167, 51.45833 ] ] ], [ [ [ -116.83333, 51.375 ], [ -116.83333, 51.29167 ], [ -116.75, 51.33333 ], [ -116.75, 51.375 ], [ -116.83333, 51.375 ] ] ], [ [ [ -115.625, 51.375 ], [ -115.54167, 51.29167 ], [ -115.54167, 51.375 ], [ -115.625, 51.375 ] ] ], [ [ [ -118.45833, 51.33333 ], [ -118.41667, 51.29167 ], [ -118.41667, 51.33333 ], [ -118.45833, 51.33333 ] ] ], [ [ [ -118.16667, 51.33333 ], [ -118.08333, 51.29167 ], [ -118.08333, 51.33333 ], [ -118.16667, 51.33333 ] ] ], [ [ [ -116.54167, 51.33333 ], [ -116.54167, 51.29167 ], [ -116.45833, 51.29167 ], [ -116.45833, 51.33333 ], [ -116.54167, 51.33333 ] ] ], [ [ [ -117.83333, 51.33333 ], [ -117.83333, 51.25 ], [ -117.79167, 51.25 ], [ -117.83333, 51.33333 ] ] ], [ [ [ -116.70833, 51.33333 ], [ -116.70833, 51.25 ], [ -116.625, 51.25 ], [ -116.625, 51.33333 ], [ -116.70833, 51.33333 ] ] ], [ [ [ -117.5, 51.375 ], [ -117.58333, 51.29167 ], [ -117.58333, 51.25 ], [ -117.45833, 51.25 ], [ -117.41667, 51.29167 ], [ -117.5, 51.375 ] ] ], [ [ [ -117.08333, 51.29167 ], [ -117.08333, 51.25 ], [ -117.04167, 51.25 ], [ -117.04167, 51.29167 ], [ -117.08333, 51.29167 ] ] ], [ [ [ -116.83333, 51.29167 ], [ -116.875, 51.25 ], [ -116.83333, 51.25 ], [ -116.83333, 51.29167 ] ] ], [ [ [ -115.54167, 51.29167 ], [ -115.54167, 51.25 ], [ -115.45833, 51.25 ], [ -115.45833, 51.29167 ], [ -115.54167, 51.29167 ] ] ], [ [ [ -119.29167, 51.25 ], [ -119.29167, 51.29167 ], [ -119.375, 51.29167 ], [ -119.33333, 51.20833 ], [ -119.33333, 51.125 ], [ -119.25, 51.125 ], [ -119.25, 51.16667 ], [ -119.20833, 51.16667 ], [ -119.16667, 51.25 ], [ -119.29167, 51.25 ] ] ], [ [ [ -123.70833, 51.33333 ], [ -123.91667, 51.33333 ], [ -123.91667, 51.29167 ], [ -123.75, 51.29167 ], [ -123.75, 51.25 ], [ -123.875, 51.25 ], [ -123.875, 51.20833 ], [ -123.66667, 51.20833 ], [ -123.66667, 51.25 ], [ -123.70833, 51.33333 ] ] ], [ [ [ -118.08333, 51.25 ], [ -118.125, 51.20833 ], [ -118.08333, 51.20833 ], [ -118.08333, 51.25 ] ] ], [ [ [ -117.04167, 51.25 ], [ -117.04167, 51.20833 ], [ -117.0, 51.20833 ], [ -117.0, 51.25 ], [ -117.04167, 51.25 ] ] ], [ [ [ -116.83333, 51.25 ], [ -116.83333, 51.20833 ], [ -116.79167, 51.20833 ], [ -116.79167, 51.25 ], [ -116.83333, 51.25 ] ] ], [ [ [ -115.45833, 51.25 ], [ -115.41667, 51.20833 ], [ -115.41667, 51.25 ], [ -115.45833, 51.25 ] ] ], [ [ [ -115.79167, 51.25 ], [ -115.79167, 51.29167 ], [ -115.95833, 51.29167 ], [ -115.95833, 51.33333 ], [ -116.04167, 51.41667 ], [ -116.125, 51.41667 ], [ -116.16667, 51.5 ], [ -116.29167, 51.5 ], [ -116.25, 51.41667 ], [ -116.16667, 51.41667 ], [ -116.04167, 51.29167 ], [ -116.08333, 51.20833 ], [ -115.91667, 51.20833 ], [ -115.83333, 51.16667 ], [ -115.83333, 51.25 ], [ -115.79167, 51.25 ] ] ], [ [ [ -116.54167, 51.20833 ], [ -116.54167, 51.16667 ], [ -116.5, 51.16667 ], [ -116.54167, 51.20833 ] ] ], [ [ [ -115.79167, 51.20833 ], [ -115.75, 51.16667 ], [ -115.75, 51.20833 ], [ -115.79167, 51.20833 ] ] ], [ [ [ -117.375, 51.375 ], [ -117.41667, 51.29167 ], [ -117.375, 51.25 ], [ -117.375, 51.16667 ], [ -117.33333, 51.125 ], [ -117.29167, 51.125 ], [ -117.33333, 51.20833 ], [ -117.33333, 51.375 ], [ -117.375, 51.375 ] ] ], [ [ [ -118.16667, 51.20833 ], [ -118.16667, 51.125 ], [ -118.125, 51.125 ], [ -118.125, 51.20833 ], [ -118.16667, 51.20833 ] ] ], [ [ [ -119.08333, 51.16667 ], [ -119.125, 51.125 ], [ -119.08333, 51.125 ], [ -119.08333, 51.16667 ] ] ], [ [ [ -117.625, 51.16667 ], [ -117.625, 51.125 ], [ -117.5, 51.125 ], [ -117.5, 51.16667 ], [ -117.625, 51.16667 ] ] ], [ [ [ -116.41667, 51.125 ], [ -116.5, 51.16667 ], [ -116.5, 51.125 ], [ -116.41667, 51.125 ] ] ], [ [ [ -116.75, 51.25 ], [ -116.75, 51.16667 ], [ -116.70833, 51.125 ], [ -116.625, 51.125 ], [ -116.625, 51.08333 ], [ -116.54167, 51.08333 ], [ -116.54167, 51.125 ], [ -116.625, 51.20833 ], [ -116.70833, 51.25 ], [ -116.75, 51.25 ] ] ], [ [ [ -118.25, 51.20833 ], [ -118.29167, 51.20833 ], [ -118.29167, 51.08333 ], [ -118.25, 51.08333 ], [ -118.25, 51.20833 ] ] ], [ [ [ -119.16667, 51.125 ], [ -119.125, 51.08333 ], [ -119.125, 51.125 ], [ -119.16667, 51.125 ] ] ], [ [ [ -115.83333, 52.33333 ], [ -116.04167, 52.33333 ], [ -116.04167, 52.375 ], [ -116.16667, 52.375 ], [ -116.29167, 52.25 ], [ -116.29167, 52.20833 ], [ -116.375, 52.16667 ], [ -116.375, 52.0 ], [ -116.45833, 52.04167 ], [ -116.58333, 52.04167 ], [ -116.58333, 51.95833 ], [ -116.375, 51.95833 ], [ -116.375, 51.91667 ], [ -116.33333, 51.91667 ], [ -116.33333, 52.04167 ], [ -116.29167, 52.125 ], [ -116.20833, 52.125 ], [ -116.125, 52.16667 ], [ -116.08333, 52.125 ], [ -116.04167, 52.04167 ], [ -115.83333, 52.04167 ], [ -115.75, 51.95833 ], [ -115.79167, 51.875 ], [ -115.91667, 51.875 ], [ -115.91667, 51.83333 ], [ -115.70833, 51.83333 ], [ -115.70833, 51.875 ], [ -115.54167, 51.875 ], [ -115.5, 51.79167 ], [ -115.625, 51.79167 ], [ -115.70833, 51.75 ], [ -115.70833, 51.66667 ], [ -115.54167, 51.66667 ], [ -115.54167, 51.58333 ], [ -115.45833, 51.54167 ], [ -115.45833, 51.45833 ], [ -115.375, 51.41667 ], [ -115.29167, 51.41667 ], [ -115.25, 51.33333 ], [ -115.375, 51.33333 ], [ -115.375, 51.20833 ], [ -115.41667, 51.20833 ], [ -115.375, 51.125 ], [ -115.33333, 51.125 ], [ -115.25, 51.20833 ], [ -115.20833, 51.125 ], [ -115.29167, 51.125 ], [ -115.29167, 51.08333 ], [ -115.16667, 51.08333 ], [ -115.125, 51.125 ], [ -115.125, 51.25 ], [ -115.16667, 51.25 ], [ -115.16667, 51.375 ], [ -115.20833, 51.41667 ], [ -115.16667, 51.45833 ], [ -115.20833, 51.5 ], [ -115.29167, 51.5 ], [ -115.29167, 51.58333 ], [ -115.41667, 51.58333 ], [ -115.41667, 51.66667 ], [ -115.375, 51.70833 ], [ -115.25, 51.70833 ], [ -115.25, 51.75 ], [ -115.375, 51.75 ], [ -115.375, 51.83333 ], [ -115.29167, 51.875 ], [ -115.375, 51.95833 ], [ -115.5, 51.95833 ], [ -115.58333, 52.0 ], [ -115.58333, 52.04167 ], [ -115.45833, 52.04167 ], [ -115.54167, 52.125 ], [ -115.625, 52.125 ], [ -115.66667, 52.16667 ], [ -115.75, 52.16667 ], [ -115.75, 52.25 ], [ -115.83333, 52.29167 ], [ -115.83333, 52.33333 ] ] ], [ [ [ -121.83333, 51.25 ], [ -121.875, 51.25 ], [ -121.875, 51.125 ], [ -121.79167, 51.08333 ], [ -121.79167, 51.04167 ], [ -121.70833, 51.04167 ], [ -121.79167, 51.125 ], [ -121.79167, 51.20833 ], [ -121.83333, 51.25 ] ] ], [ [ [ -116.08333, 51.20833 ], [ -116.20833, 51.20833 ], [ -116.125, 51.125 ], [ -116.125, 51.04167 ], [ -116.04167, 51.04167 ], [ -116.04167, 51.125 ], [ -116.08333, 51.20833 ] ] ], [ [ [ -123.45833, 51.125 ], [ -123.45833, 51.08333 ], [ -123.33333, 51.08333 ], [ -123.29167, 51.125 ], [ -123.45833, 51.125 ] ] ], [ [ [ -118.79167, 51.66667 ], [ -118.83333, 51.625 ], [ -118.875, 51.625 ], [ -118.875, 51.5 ], [ -118.83333, 51.41667 ], [ -118.75, 51.45833 ], [ -118.66667, 51.375 ], [ -118.66667, 51.29167 ], [ -118.75, 51.29167 ], [ -118.75, 51.33333 ], [ -118.79167, 51.33333 ], [ -118.79167, 51.20833 ], [ -118.83333, 51.125 ], [ -118.75, 51.04167 ], [ -118.75, 51.125 ], [ -118.70833, 51.125 ], [ -118.66667, 51.16667 ], [ -118.58333, 51.16667 ], [ -118.58333, 51.29167 ], [ -118.625, 51.33333 ], [ -118.45833, 51.33333 ], [ -118.45833, 51.375 ], [ -118.54167, 51.375 ], [ -118.54167, 51.5 ], [ -118.58333, 51.54167 ], [ -118.625, 51.54167 ], [ -118.625, 51.58333 ], [ -118.75, 51.58333 ], [ -118.79167, 51.66667 ] ] ], [ [ [ -119.25, 51.08333 ], [ -119.25, 51.04167 ], [ -119.20833, 51.04167 ], [ -119.25, 51.08333 ] ] ], [ [ [ -116.0, 51.08333 ], [ -116.0, 51.04167 ], [ -115.95833, 51.04167 ], [ -115.95833, 51.08333 ], [ -116.0, 51.08333 ] ] ], [ [ [ -117.54167, 51.04167 ], [ -117.5, 51.0 ], [ -117.5, 51.04167 ], [ -117.54167, 51.04167 ] ] ], [ [ [ -116.45833, 51.04167 ], [ -116.45833, 51.0 ], [ -116.375, 51.0 ], [ -116.45833, 51.04167 ] ] ], [ [ [ -117.29167, 51.125 ], [ -117.29167, 50.95833 ], [ -117.25, 50.95833 ], [ -117.20833, 51.0 ], [ -117.20833, 51.04167 ], [ -117.25, 51.04167 ], [ -117.29167, 51.125 ] ] ], [ [ [ -118.41667, 51.29167 ], [ -118.45833, 51.20833 ], [ -118.54167, 51.20833 ], [ -118.54167, 51.16667 ], [ -118.5, 51.16667 ], [ -118.58333, 51.08333 ], [ -118.58333, 51.04167 ], [ -118.45833, 51.04167 ], [ -118.45833, 50.95833 ], [ -118.41667, 50.95833 ], [ -118.41667, 51.0 ], [ -118.33333, 51.0 ], [ -118.375, 51.08333 ], [ -118.375, 51.20833 ], [ -118.41667, 51.29167 ] ] ], [ [ [ -122.25, 51.04167 ], [ -122.16667, 51.0 ], [ -122.08333, 51.04167 ], [ -122.25, 51.04167 ] ] ], [ [ [ -120.45833, 51.08333 ], [ -120.45833, 51.04167 ], [ -120.58333, 51.04167 ], [ -120.58333, 50.95833 ], [ -120.45833, 50.95833 ], [ -120.41667, 51.0 ], [ -120.45833, 51.08333 ] ] ], [ [ [ -122.625, 51.0 ], [ -122.625, 50.95833 ], [ -122.58333, 50.95833 ], [ -122.625, 51.0 ] ] ], [ [ [ -121.70833, 51.0 ], [ -121.66667, 50.95833 ], [ -121.66667, 51.0 ], [ -121.70833, 51.0 ] ] ], [ [ [ -117.5, 51.0 ], [ -117.5, 50.95833 ], [ -117.45833, 51.0 ], [ -117.5, 51.0 ] ] ], [ [ [ -116.83333, 51.0 ], [ -116.83333, 50.95833 ], [ -116.79167, 50.95833 ], [ -116.79167, 51.0 ], [ -116.83333, 51.0 ] ] ], [ [ [ -122.91667, 50.91667 ], [ -122.875, 50.91667 ], [ -122.79167, 50.95833 ], [ -122.79167, 51.04167 ], [ -122.875, 51.04167 ], [ -122.875, 51.125 ], [ -122.75, 51.125 ], [ -122.70833, 51.08333 ], [ -122.70833, 51.0 ], [ -122.625, 51.0 ], [ -122.625, 51.08333 ], [ -122.54167, 51.08333 ], [ -122.45833, 51.0 ], [ -122.45833, 51.04167 ], [ -122.25, 51.04167 ], [ -122.25, 51.125 ], [ -122.33333, 51.125 ], [ -122.33333, 51.20833 ], [ -122.375, 51.25 ], [ -122.45833, 51.25 ], [ -122.45833, 51.33333 ], [ -122.41667, 51.375 ], [ -122.54167, 51.375 ], [ -122.58333, 51.29167 ], [ -122.58333, 51.20833 ], [ -122.79167, 51.20833 ], [ -122.79167, 51.29167 ], [ -122.75, 51.33333 ], [ -122.83333, 51.41667 ], [ -122.83333, 51.45833 ], [ -122.95833, 51.45833 ], [ -122.95833, 51.375 ], [ -122.91667, 51.33333 ], [ -123.08333, 51.33333 ], [ -123.08333, 51.375 ], [ -123.20833, 51.375 ], [ -123.25, 51.41667 ], [ -123.25, 51.5 ], [ -123.33333, 51.625 ], [ -123.45833, 51.625 ], [ -123.45833, 51.58333 ], [ -123.58333, 51.58333 ], [ -123.625, 51.54167 ], [ -123.625, 51.45833 ], [ -123.5, 51.33333 ], [ -123.58333, 51.33333 ], [ -123.54167, 51.25 ], [ -123.54167, 51.29167 ], [ -123.25, 51.29167 ], [ -123.25, 51.25 ], [ -123.16667, 51.25 ], [ -123.16667, 51.125 ], [ -123.08333, 51.04167 ], [ -123.08333, 50.91667 ], [ -122.95833, 50.91667 ], [ -122.91667, 50.875 ], [ -122.91667, 50.91667 ] ], [ [ -123.08333, 51.125 ], [ -123.08333, 51.16667 ], [ -122.95833, 51.16667 ], [ -122.95833, 51.08333 ], [ -123.04167, 51.08333 ], [ -123.08333, 51.125 ] ] ], [ [ [ -116.25, 50.95833 ], [ -116.25, 51.0 ], [ -116.375, 51.0 ], [ -116.375, 50.95833 ], [ -116.33333, 50.91667 ], [ -116.29167, 50.91667 ], [ -116.29167, 50.875 ], [ -116.20833, 50.83333 ], [ -116.125, 50.79167 ], [ -116.04167, 50.75 ], [ -116.04167, 50.66667 ], [ -115.95833, 50.66667 ], [ -115.95833, 50.58333 ], [ -115.875, 50.5 ], [ -115.83333, 50.41667 ], [ -115.79167, 50.41667 ], [ -115.79167, 50.29167 ], [ -115.75, 50.29167 ], [ -115.70833, 50.375 ], [ -115.70833, 50.33333 ], [ -115.66667, 50.33333 ], [ -115.66667, 50.41667 ], [ -115.70833, 50.45833 ], [ -115.75, 50.5 ], [ -115.79167, 50.5 ], [ -115.79167, 50.58333 ], [ -115.83333, 50.58333 ], [ -115.83333, 50.625 ], [ -115.91667, 50.70833 ], [ -116.16667, 50.95833 ], [ -116.25, 50.95833 ] ] ], [ [ [ -122.58333, 50.95833 ], [ -122.58333, 50.91667 ], [ -122.54167, 50.91667 ], [ -122.58333, 50.95833 ] ] ], [ [ [ -118.66667, 50.95833 ], [ -118.66667, 50.91667 ], [ -118.54167, 50.91667 ], [ -118.54167, 50.95833 ], [ -118.66667, 50.95833 ] ] ], [ [ [ -117.25, 50.95833 ], [ -117.25, 50.91667 ], [ -117.20833, 50.91667 ], [ -117.20833, 50.95833 ], [ -117.25, 50.95833 ] ] ], [ [ [ -117.16667, 50.95833 ], [ -117.16667, 50.91667 ], [ -117.125, 50.95833 ], [ -117.16667, 50.95833 ] ] ], [ [ [ -116.75, 50.95833 ], [ -116.75, 50.91667 ], [ -116.66667, 50.91667 ], [ -116.66667, 50.95833 ], [ -116.75, 50.95833 ] ] ], [ [ [ -118.04167, 50.91667 ], [ -118.04167, 50.875 ], [ -117.95833, 50.91667 ], [ -118.04167, 50.91667 ] ] ], [ [ [ -116.91667, 51.16667 ], [ -117.125, 51.16667 ], [ -117.125, 51.08333 ], [ -116.95833, 51.08333 ], [ -116.91667, 51.04167 ], [ -116.95833, 51.0 ], [ -116.95833, 50.91667 ], [ -116.875, 50.875 ], [ -116.875, 51.08333 ], [ -116.79167, 51.125 ], [ -116.875, 51.125 ], [ -116.91667, 51.16667 ] ] ], [ [ [ -118.25, 50.91667 ], [ -118.20833, 50.83333 ], [ -118.20833, 50.91667 ], [ -118.25, 50.91667 ] ] ], [ [ [ -123.25, 50.875 ], [ -123.25, 50.83333 ], [ -123.20833, 50.83333 ], [ -123.25, 50.875 ] ] ], [ [ [ -115.58333, 51.20833 ], [ -115.66667, 51.20833 ], [ -115.70833, 51.20833 ], [ -115.70833, 51.16667 ], [ -115.75, 51.16667 ], [ -115.70833, 51.125 ], [ -115.625, 51.08333 ], [ -115.54167, 51.08333 ], [ -115.54167, 51.0 ], [ -115.45833, 50.95833 ], [ -115.41667, 50.83333 ], [ -115.33333, 50.83333 ], [ -115.33333, 50.91667 ], [ -115.29167, 50.91667 ], [ -115.29167, 51.04167 ], [ -115.375, 51.08333 ], [ -115.45833, 51.16667 ], [ -115.625, 51.16667 ], [ -115.625, 51.20833 ], [ -115.58333, 51.20833 ] ] ], [ [ [ -122.375, 50.95833 ], [ -122.375, 50.91667 ], [ -122.45833, 50.91667 ], [ -122.45833, 50.875 ], [ -122.41667, 50.875 ], [ -122.33333, 50.83333 ], [ -122.33333, 50.79167 ], [ -122.25, 50.79167 ], [ -122.25, 50.875 ], [ -122.29167, 50.91667 ], [ -122.33333, 50.91667 ], [ -122.33333, 50.95833 ], [ -122.375, 50.95833 ] ] ], [ [ [ -115.95833, 51.04167 ], [ -115.95833, 51.0 ], [ -116.0, 51.04167 ], [ -116.04167, 51.04167 ], [ -116.04167, 51.0 ], [ -116.16667, 51.0 ], [ -116.16667, 50.95833 ], [ -116.04167, 50.95833 ], [ -116.0, 50.91667 ], [ -115.95833, 50.875 ], [ -115.875, 50.79167 ], [ -115.83333, 50.83333 ], [ -115.83333, 50.91667 ], [ -115.75, 51.04167 ], [ -115.95833, 51.04167 ] ], [ [ -115.95833, 50.91667 ], [ -116.0, 50.91667 ], [ -115.95833, 50.95833 ], [ -115.95833, 50.91667 ] ] ], [ [ [ -123.125, 50.83333 ], [ -123.125, 50.79167 ], [ -123.08333, 50.79167 ], [ -123.125, 50.83333 ] ] ], [ [ [ -123.04167, 50.83333 ], [ -123.04167, 50.79167 ], [ -122.95833, 50.79167 ], [ -122.95833, 50.83333 ], [ -123.04167, 50.83333 ] ] ], [ [ [ -117.16667, 50.875 ], [ -117.16667, 50.75 ], [ -117.125, 50.75 ], [ -117.125, 50.875 ], [ -117.16667, 50.875 ] ] ], [ [ [ -122.58333, 50.83333 ], [ -122.54167, 50.79167 ], [ -122.45833, 50.79167 ], [ -122.45833, 50.83333 ], [ -122.58333, 50.83333 ] ] ], [ [ [ -115.625, 50.75 ], [ -115.625, 50.83333 ], [ -115.83333, 50.83333 ], [ -115.83333, 50.79167 ], [ -115.70833, 50.79167 ], [ -115.70833, 50.75 ], [ -115.625, 50.75 ] ] ], [ [ [ -122.95833, 50.79167 ], [ -122.95833, 50.75 ], [ -122.91667, 50.75 ], [ -122.91667, 50.79167 ], [ -122.95833, 50.79167 ] ] ], [ [ [ -117.91667, 50.79167 ], [ -117.91667, 50.75 ], [ -117.875, 50.79167 ], [ -117.91667, 50.79167 ] ] ], [ [ [ -117.25, 50.875 ], [ -117.33333, 50.83333 ], [ -117.375, 50.79167 ], [ -117.29167, 50.75 ], [ -117.20833, 50.79167 ], [ -117.20833, 50.875 ], [ -117.25, 50.875 ] ] ], [ [ [ -117.04167, 50.79167 ], [ -117.04167, 50.75 ], [ -116.95833, 50.75 ], [ -117.04167, 50.79167 ] ] ], [ [ [ -114.875, 50.75 ], [ -114.875, 50.83333 ], [ -114.79167, 50.91667 ], [ -114.79167, 50.95833 ], [ -115.08333, 50.95833 ], [ -115.08333, 50.91667 ], [ -114.95833, 50.91667 ], [ -114.91667, 50.875 ], [ -115.0, 50.79167 ], [ -115.0, 50.75 ], [ -114.875, 50.75 ] ] ], [ [ [ -116.625, 50.91667 ], [ -116.70833, 50.83333 ], [ -116.625, 50.83333 ], [ -116.54167, 50.83333 ], [ -116.54167, 50.875 ], [ -116.58333, 50.91667 ], [ -116.625, 50.91667 ] ] ], [ [ [ -122.45833, 50.79167 ], [ -122.45833, 50.70833 ], [ -122.41667, 50.70833 ], [ -122.41667, 50.79167 ], [ -122.45833, 50.79167 ] ] ], [ [ [ -116.5, 50.79167 ], [ -116.5, 50.70833 ], [ -116.375, 50.70833 ], [ -116.375, 50.75 ], [ -116.41667, 50.79167 ], [ -116.5, 50.79167 ] ] ], [ [ [ -115.875, 50.79167 ], [ -115.875, 50.70833 ], [ -115.70833, 50.70833 ], [ -115.70833, 50.75 ], [ -115.83333, 50.75 ], [ -115.83333, 50.79167 ], [ -115.875, 50.79167 ] ] ], [ [ [ -122.95833, 50.75 ], [ -123.0, 50.70833 ], [ -122.95833, 50.70833 ], [ -122.95833, 50.75 ] ] ], [ [ [ -122.08333, 50.75 ], [ -122.08333, 50.70833 ], [ -122.0, 50.70833 ], [ -122.0, 50.75 ], [ -122.08333, 50.75 ] ] ], [ [ [ -117.41667, 50.79167 ], [ -117.5, 50.70833 ], [ -117.41667, 50.70833 ], [ -117.41667, 50.79167 ] ] ], [ [ [ -122.79167, 50.875 ], [ -122.79167, 50.75 ], [ -122.75, 50.83333 ], [ -122.625, 50.83333 ], [ -122.625, 50.875 ], [ -122.79167, 50.875 ] ] ], [ [ [ -118.58333, 50.70833 ], [ -118.54167, 50.66667 ], [ -118.54167, 50.70833 ], [ -118.58333, 50.70833 ] ] ], [ [ [ -117.16667, 50.70833 ], [ -117.16667, 50.66667 ], [ -117.125, 50.66667 ], [ -117.16667, 50.70833 ] ] ], [ [ [ -116.875, 50.70833 ], [ -116.875, 50.66667 ], [ -116.83333, 50.66667 ], [ -116.83333, 50.70833 ], [ -116.875, 50.70833 ] ] ], [ [ [ -118.70833, 50.875 ], [ -118.70833, 50.83333 ], [ -118.875, 50.83333 ], [ -118.91667, 50.79167 ], [ -118.95833, 50.75 ], [ -118.95833, 50.625 ], [ -118.91667, 50.625 ], [ -118.875, 50.70833 ], [ -118.875, 50.75 ], [ -118.79167, 50.75 ], [ -118.79167, 50.79167 ], [ -118.66667, 50.79167 ], [ -118.625, 50.83333 ], [ -118.625, 50.875 ], [ -118.70833, 50.875 ] ] ], [ [ [ -118.375, 50.875 ], [ -118.375, 50.83333 ], [ -118.5, 50.83333 ], [ -118.45833, 50.79167 ], [ -118.5, 50.70833 ], [ -118.5, 50.625 ], [ -118.41667, 50.625 ], [ -118.375, 50.66667 ], [ -118.375, 50.75 ], [ -118.29167, 50.75 ], [ -118.29167, 50.83333 ], [ -118.375, 50.875 ] ] ], [ [ [ -118.125, 50.66667 ], [ -118.08333, 50.625 ], [ -118.08333, 50.66667 ], [ -118.125, 50.66667 ] ] ], [ [ [ -117.20833, 50.66667 ], [ -117.20833, 50.625 ], [ -117.16667, 50.625 ], [ -117.16667, 50.66667 ], [ -117.20833, 50.66667 ] ] ], [ [ [ -117.125, 50.66667 ], [ -117.125, 50.625 ], [ -117.08333, 50.625 ], [ -117.08333, 50.66667 ], [ -117.125, 50.66667 ] ] ], [ [ [ -115.70833, 50.70833 ], [ -115.75, 50.625 ], [ -115.66667, 50.625 ], [ -115.66667, 50.70833 ], [ -115.70833, 50.70833 ] ] ], [ [ [ -117.04167, 50.70833 ], [ -117.04167, 50.66667 ], [ -117.0, 50.66667 ], [ -117.0, 50.58333 ], [ -116.95833, 50.58333 ], [ -116.95833, 50.625 ], [ -116.875, 50.66667 ], [ -116.91667, 50.70833 ], [ -117.04167, 50.70833 ] ] ], [ [ [ -121.70833, 50.70833 ], [ -121.70833, 50.66667 ], [ -121.75, 50.66667 ], [ -121.75, 50.58333 ], [ -121.625, 50.58333 ], [ -121.625, 50.625 ], [ -121.66667, 50.70833 ], [ -121.70833, 50.70833 ] ] ], [ [ [ -116.375, 50.70833 ], [ -116.375, 50.66667 ], [ -116.5, 50.66667 ], [ -116.5, 50.625 ], [ -116.375, 50.625 ], [ -116.375, 50.58333 ], [ -116.29167, 50.58333 ], [ -116.29167, 50.66667 ], [ -116.33333, 50.70833 ], [ -116.375, 50.70833 ] ] ], [ [ [ -122.45833, 50.66667 ], [ -122.58333, 50.66667 ], [ -122.625, 50.625 ], [ -122.625, 50.58333 ], [ -122.5, 50.58333 ], [ -122.45833, 50.625 ], [ -122.45833, 50.66667 ] ] ], [ [ [ -121.95833, 50.625 ], [ -121.91667, 50.58333 ], [ -121.91667, 50.625 ], [ -121.95833, 50.625 ] ] ], [ [ [ -117.20833, 50.625 ], [ -117.25, 50.58333 ], [ -117.20833, 50.58333 ], [ -117.20833, 50.625 ] ] ], [ [ [ -115.45833, 50.70833 ], [ -115.5, 50.75 ], [ -115.625, 50.75 ], [ -115.625, 50.66667 ], [ -115.58333, 50.66667 ], [ -115.58333, 50.625 ], [ -115.54167, 50.54167 ], [ -115.41667, 50.54167 ], [ -115.41667, 50.58333 ], [ -115.5, 50.66667 ], [ -115.45833, 50.70833 ] ] ], [ [ [ -117.41667, 50.70833 ], [ -117.41667, 50.625 ], [ -117.33333, 50.625 ], [ -117.33333, 50.54167 ], [ -117.25, 50.54167 ], [ -117.25, 50.58333 ], [ -117.29167, 50.58333 ], [ -117.33333, 50.66667 ], [ -117.41667, 50.70833 ] ] ], [ [ [ -115.16667, 50.875 ], [ -115.16667, 50.95833 ], [ -115.20833, 51.0 ], [ -115.25, 51.0 ], [ -115.20833, 50.95833 ], [ -115.20833, 50.70833 ], [ -115.20833, 50.625 ], [ -115.125, 50.54167 ], [ -115.04167, 50.54167 ], [ -115.04167, 50.66667 ], [ -115.125, 50.83333 ], [ -115.04167, 50.875 ], [ -115.16667, 50.875 ] ] ], [ [ [ -117.58333, 50.625 ], [ -117.54167, 50.54167 ], [ -117.54167, 50.625 ], [ -117.58333, 50.625 ] ] ], [ [ [ -122.0, 50.58333 ], [ -122.04167, 50.54167 ], [ -122.0, 50.54167 ], [ -122.0, 50.58333 ] ] ], [ [ [ -121.91667, 50.58333 ], [ -121.91667, 50.54167 ], [ -121.875, 50.54167 ], [ -121.875, 50.58333 ], [ -121.91667, 50.58333 ] ] ], [ [ [ -118.29167, 50.75 ], [ -118.29167, 50.54167 ], [ -118.20833, 50.54167 ], [ -118.20833, 50.66667 ], [ -118.25, 50.66667 ], [ -118.29167, 50.75 ] ] ], [ [ [ -117.83333, 50.58333 ], [ -117.83333, 50.54167 ], [ -117.75, 50.58333 ], [ -117.83333, 50.58333 ] ] ], [ [ [ -116.95833, 50.58333 ], [ -116.95833, 50.54167 ], [ -116.91667, 50.54167 ], [ -116.91667, 50.58333 ], [ -116.95833, 50.58333 ] ] ], [ [ [ -115.625, 50.58333 ], [ -115.625, 50.54167 ], [ -115.58333, 50.54167 ], [ -115.58333, 50.58333 ], [ -115.625, 50.58333 ] ] ], [ [ [ -116.83333, 50.66667 ], [ -116.83333, 50.5 ], [ -116.75, 50.54167 ], [ -116.70833, 50.58333 ], [ -116.75, 50.58333 ], [ -116.75, 50.66667 ], [ -116.83333, 50.66667 ] ] ], [ [ [ -115.375, 50.66667 ], [ -115.375, 50.5 ], [ -115.29167, 50.5 ], [ -115.25, 50.54167 ], [ -115.375, 50.66667 ] ] ], [ [ [ -122.58333, 50.54167 ], [ -122.625, 50.5 ], [ -122.58333, 50.5 ], [ -122.58333, 50.54167 ] ] ], [ [ [ -122.08333, 50.54167 ], [ -122.08333, 50.5 ], [ -122.04167, 50.54167 ], [ -122.08333, 50.54167 ] ] ], [ [ [ -117.5, 50.58333 ], [ -117.5, 50.54167 ], [ -117.54167, 50.54167 ], [ -117.54167, 50.5 ], [ -117.41667, 50.5 ], [ -117.41667, 50.54167 ], [ -117.45833, 50.58333 ], [ -117.5, 50.58333 ] ] ], [ [ [ -116.54167, 50.58333 ], [ -116.58333, 50.5 ], [ -116.5, 50.5 ], [ -116.45833, 50.54167 ], [ -116.45833, 50.58333 ], [ -116.54167, 50.58333 ] ] ], [ [ [ -115.04167, 50.54167 ], [ -115.04167, 50.5 ], [ -115.0, 50.5 ], [ -115.04167, 50.54167 ] ] ], [ [ [ -118.08333, 50.625 ], [ -118.08333, 50.45833 ], [ -118.04167, 50.45833 ], [ -118.04167, 50.625 ], [ -118.08333, 50.625 ] ] ], [ [ [ -122.20833, 50.66667 ], [ -122.20833, 50.45833 ], [ -122.08333, 50.45833 ], [ -122.08333, 50.5 ], [ -122.16667, 50.5 ], [ -122.125, 50.54167 ], [ -122.125, 50.58333 ], [ -122.16667, 50.66667 ], [ -122.20833, 50.66667 ] ] ], [ [ [ -117.20833, 50.58333 ], [ -117.20833, 50.54167 ], [ -117.16667, 50.54167 ], [ -117.16667, 50.45833 ], [ -117.125, 50.45833 ], [ -117.08333, 50.45833 ], [ -117.04167, 50.45833 ], [ -117.04167, 50.58333 ], [ -117.20833, 50.58333 ] ] ], [ [ [ -118.58333, 50.58333 ], [ -118.625, 50.54167 ], [ -118.625, 50.45833 ], [ -118.54167, 50.45833 ], [ -118.5, 50.5 ], [ -118.45833, 50.54167 ], [ -118.45833, 50.58333 ], [ -118.58333, 50.58333 ] ] ], [ [ [ -116.29167, 50.54167 ], [ -116.29167, 50.45833 ], [ -116.20833, 50.54167 ], [ -116.29167, 50.54167 ] ] ], [ [ [ -122.5, 50.5 ], [ -122.5, 50.45833 ], [ -122.45833, 50.45833 ], [ -122.45833, 50.5 ], [ -122.5, 50.5 ] ] ], [ [ [ -122.25, 50.5 ], [ -122.29167, 50.45833 ], [ -122.25, 50.45833 ], [ -122.25, 50.5 ] ] ], [ [ [ -122.29167, 50.45833 ], [ -122.375, 50.45833 ], [ -122.29167, 50.41667 ], [ -122.29167, 50.45833 ] ] ], [ [ [ -116.29167, 50.41667 ], [ -116.29167, 50.45833 ], [ -116.33333, 50.41667 ], [ -116.375, 50.375 ], [ -116.58333, 50.375 ], [ -116.54167, 50.25 ], [ -116.45833, 50.25 ], [ -116.41667, 50.33333 ], [ -116.25, 50.33333 ], [ -116.20833, 50.41667 ], [ -116.29167, 50.41667 ] ] ], [ [ [ -118.25, 50.5 ], [ -118.29167, 50.41667 ], [ -118.25, 50.375 ], [ -118.25, 50.5 ] ] ], [ [ [ -117.29167, 50.41667 ], [ -117.29167, 50.45833 ], [ -117.375, 50.45833 ], [ -117.375, 50.5 ], [ -117.41667, 50.5 ], [ -117.45833, 50.41667 ], [ -117.41667, 50.375 ], [ -117.375, 50.375 ], [ -117.41667, 50.33333 ], [ -117.41667, 50.20833 ], [ -117.33333, 50.20833 ], [ -117.33333, 50.25 ], [ -117.29167, 50.29167 ], [ -117.25, 50.33333 ], [ -117.25, 50.375 ], [ -117.20833, 50.375 ], [ -117.20833, 50.41667 ], [ -117.29167, 50.41667 ] ] ], [ [ [ -116.875, 50.45833 ], [ -116.875, 50.375 ], [ -116.83333, 50.375 ], [ -116.83333, 50.45833 ], [ -116.875, 50.45833 ] ] ], [ [ [ -122.25, 50.45833 ], [ -122.29167, 50.41667 ], [ -122.29167, 50.375 ], [ -122.20833, 50.375 ], [ -122.20833, 50.45833 ], [ -122.25, 50.45833 ] ] ], [ [ [ -121.79167, 50.5 ], [ -121.95833, 50.5 ], [ -122.0, 50.45833 ], [ -122.0, 50.41667 ], [ -121.95833, 50.41667 ], [ -121.95833, 50.33333 ], [ -121.83333, 50.33333 ], [ -121.75, 50.375 ], [ -121.75, 50.41667 ], [ -121.79167, 50.5 ] ] ], [ [ [ -117.5, 50.41667 ], [ -117.58333, 50.41667 ], [ -117.625, 50.41667 ], [ -117.58333, 50.375 ], [ -117.5, 50.41667 ] ] ], [ [ [ -122.0, 50.41667 ], [ -122.08333, 50.41667 ], [ -122.125, 50.33333 ], [ -122.04167, 50.33333 ], [ -122.04167, 50.375 ], [ -122.0, 50.375 ], [ -122.0, 50.41667 ] ] ], [ [ [ -117.75, 50.45833 ], [ -117.70833, 50.375 ], [ -117.79167, 50.33333 ], [ -117.66667, 50.33333 ], [ -117.66667, 50.45833 ], [ -117.75, 50.45833 ] ] ], [ [ [ -117.45833, 50.375 ], [ -117.45833, 50.33333 ], [ -117.41667, 50.33333 ], [ -117.41667, 50.375 ], [ -117.45833, 50.375 ] ] ], [ [ [ -117.16667, 50.375 ], [ -117.16667, 50.33333 ], [ -117.125, 50.33333 ], [ -117.125, 50.375 ], [ -117.16667, 50.375 ] ] ], [ [ [ -116.66667, 50.41667 ], [ -116.75, 50.375 ], [ -116.79167, 50.375 ], [ -116.79167, 50.33333 ], [ -116.66667, 50.33333 ], [ -116.66667, 50.41667 ] ] ], [ [ [ -117.125, 50.33333 ], [ -117.08333, 50.29167 ], [ -117.08333, 50.33333 ], [ -117.125, 50.33333 ] ] ], [ [ [ -117.45833, 50.33333 ], [ -117.5, 50.29167 ], [ -117.54167, 50.29167 ], [ -117.54167, 50.25 ], [ -117.45833, 50.25 ], [ -117.45833, 50.33333 ] ] ], [ [ [ -116.70833, 50.29167 ], [ -116.70833, 50.25 ], [ -116.58333, 50.25 ], [ -116.58333, 50.29167 ], [ -116.70833, 50.29167 ] ] ], [ [ [ -121.79167, 50.25 ], [ -121.70833, 50.20833 ], [ -121.70833, 50.25 ], [ -121.79167, 50.25 ] ] ], [ [ [ -117.20833, 50.25 ], [ -117.20833, 50.20833 ], [ -117.16667, 50.20833 ], [ -117.16667, 50.25 ], [ -117.20833, 50.25 ] ] ], [ [ [ -117.08333, 50.29167 ], [ -117.08333, 50.25 ], [ -117.125, 50.25 ], [ -117.125, 50.20833 ], [ -117.04167, 50.20833 ], [ -117.04167, 50.29167 ], [ -117.08333, 50.29167 ] ] ], [ [ [ -116.0, 50.25 ], [ -116.0, 50.20833 ], [ -115.95833, 50.20833 ], [ -116.0, 50.25 ] ] ], [ [ [ -115.375, 50.5 ], [ -115.54167, 50.5 ], [ -115.54167, 50.375 ], [ -115.45833, 50.33333 ], [ -115.41667, 50.25 ], [ -115.41667, 50.16667 ], [ -115.33333, 50.16667 ], [ -115.25, 50.25 ], [ -115.16667, 50.29167 ], [ -115.16667, 50.33333 ], [ -115.29167, 50.33333 ], [ -115.29167, 50.41667 ], [ -115.375, 50.45833 ], [ -115.375, 50.5 ] ], [ [ -115.41667, 50.375 ], [ -115.45833, 50.45833 ], [ -115.375, 50.45833 ], [ -115.41667, 50.375 ] ] ], [ [ [ -121.70833, 50.20833 ], [ -121.70833, 50.16667 ], [ -121.66667, 50.20833 ], [ -121.70833, 50.20833 ] ] ], [ [ [ -117.58333, 50.20833 ], [ -117.58333, 50.16667 ], [ -117.54167, 50.16667 ], [ -117.54167, 50.20833 ], [ -117.58333, 50.20833 ] ] ], [ [ [ -117.16667, 50.20833 ], [ -117.16667, 50.16667 ], [ -117.125, 50.16667 ], [ -117.125, 50.20833 ], [ -117.16667, 50.20833 ] ] ], [ [ [ -116.83333, 50.33333 ], [ -116.875, 50.29167 ], [ -116.875, 50.25 ], [ -116.79167, 50.25 ], [ -116.83333, 50.20833 ], [ -116.83333, 50.16667 ], [ -116.75, 50.16667 ], [ -116.75, 50.29167 ], [ -116.79167, 50.29167 ], [ -116.79167, 50.33333 ], [ -116.83333, 50.33333 ] ] ], [ [ [ -115.625, 50.29167 ], [ -115.58333, 50.25 ], [ -115.625, 50.16667 ], [ -115.5, 50.16667 ], [ -115.54167, 50.25 ], [ -115.54167, 50.29167 ], [ -115.625, 50.29167 ] ] ], [ [ [ -118.29167, 50.33333 ], [ -118.29167, 50.125 ], [ -118.25, 50.125 ], [ -118.25, 50.16667 ], [ -118.16667, 50.16667 ], [ -118.16667, 50.20833 ], [ -118.08333, 50.20833 ], [ -118.08333, 50.25 ], [ -118.20833, 50.25 ], [ -118.20833, 50.29167 ], [ -118.25, 50.33333 ], [ -118.29167, 50.33333 ] ] ], [ [ [ -121.83333, 50.16667 ], [ -121.875, 50.125 ], [ -121.83333, 50.125 ], [ -121.83333, 50.16667 ] ] ], [ [ [ -121.45833, 50.16667 ], [ -121.45833, 50.125 ], [ -121.41667, 50.125 ], [ -121.41667, 50.16667 ], [ -121.45833, 50.16667 ] ] ], [ [ [ -117.16667, 50.16667 ], [ -117.20833, 50.125 ], [ -117.16667, 50.125 ], [ -117.16667, 50.16667 ] ] ], [ [ [ -116.875, 50.16667 ], [ -116.875, 50.125 ], [ -116.83333, 50.125 ], [ -116.83333, 50.16667 ], [ -116.875, 50.16667 ] ] ], [ [ [ -116.75, 50.16667 ], [ -116.75, 50.125 ], [ -116.70833, 50.125 ], [ -116.70833, 50.16667 ], [ -116.75, 50.16667 ] ] ], [ [ [ -116.25, 50.16667 ], [ -116.29167, 50.125 ], [ -116.25, 50.125 ], [ -116.25, 50.16667 ] ] ], [ [ [ -115.33333, 50.16667 ], [ -115.33333, 50.125 ], [ -115.29167, 50.125 ], [ -115.33333, 50.16667 ] ] ], [ [ [ -117.29167, 50.20833 ], [ -117.29167, 50.08333 ], [ -117.20833, 50.125 ], [ -117.25, 50.20833 ], [ -117.29167, 50.20833 ] ] ], [ [ [ -116.625, 50.16667 ], [ -116.625, 50.125 ], [ -116.54167, 50.125 ], [ -116.54167, 50.08333 ], [ -116.5, 50.16667 ], [ -116.625, 50.16667 ] ] ], [ [ [ -121.83333, 50.125 ], [ -121.83333, 50.08333 ], [ -121.79167, 50.125 ], [ -121.83333, 50.125 ] ] ], [ [ [ -118.25, 50.125 ], [ -118.25, 50.08333 ], [ -118.20833, 50.08333 ], [ -118.20833, 50.125 ], [ -118.25, 50.125 ] ] ], [ [ [ -117.625, 50.125 ], [ -117.625, 50.08333 ], [ -117.58333, 50.08333 ], [ -117.58333, 50.125 ], [ -117.625, 50.125 ] ] ], [ [ [ -116.83333, 50.125 ], [ -116.83333, 50.08333 ], [ -116.79167, 50.08333 ], [ -116.79167, 50.125 ], [ -116.83333, 50.125 ] ] ], [ [ [ -116.25, 50.125 ], [ -116.25, 50.08333 ], [ -116.20833, 50.125 ], [ -116.25, 50.125 ] ] ], [ [ [ -115.29167, 50.125 ], [ -115.29167, 50.04167 ], [ -115.25, 50.125 ], [ -115.29167, 50.125 ] ] ], [ [ [ -117.75, 50.08333 ], [ -117.75, 50.04167 ], [ -117.66667, 50.04167 ], [ -117.66667, 50.08333 ], [ -117.75, 50.08333 ] ] ], [ [ [ -117.58333, 50.08333 ], [ -117.58333, 50.04167 ], [ -117.54167, 50.04167 ], [ -117.54167, 50.08333 ], [ -117.58333, 50.08333 ] ] ], [ [ [ -117.08333, 50.16667 ], [ -117.08333, 50.125 ], [ -117.125, 50.125 ], [ -117.125, 50.04167 ], [ -117.04167, 50.0 ], [ -117.0, 50.0 ], [ -116.95833, 50.04167 ], [ -116.95833, 50.08333 ], [ -117.04167, 50.08333 ], [ -117.04167, 50.16667 ], [ -117.08333, 50.16667 ] ] ], [ [ [ -116.625, 50.08333 ], [ -116.625, 50.0 ], [ -116.5, 50.0 ], [ -116.54167, 50.08333 ], [ -116.625, 50.08333 ] ] ], [ [ [ -118.0, 50.04167 ], [ -118.0, 50.0 ], [ -117.95833, 50.0 ], [ -117.95833, 50.04167 ], [ -118.0, 50.04167 ] ] ], [ [ [ -117.625, 50.04167 ], [ -117.625, 50.0 ], [ -117.58333, 50.04167 ], [ -117.625, 50.04167 ] ] ], [ [ [ -121.25, 50.04167 ], [ -121.33333, 50.0 ], [ -121.29167, 49.95833 ], [ -121.20833, 49.95833 ], [ -121.25, 50.04167 ] ] ], [ [ [ -116.79167, 50.04167 ], [ -116.79167, 49.95833 ], [ -116.75, 49.95833 ], [ -116.75, 50.0 ], [ -116.66667, 50.04167 ], [ -116.79167, 50.04167 ] ] ], [ [ [ -116.20833, 50.45833 ], [ -116.20833, 50.41667 ], [ -116.125, 50.33333 ], [ -116.20833, 50.29167 ], [ -116.33333, 50.29167 ], [ -116.41667, 50.20833 ], [ -116.41667, 50.0 ], [ -116.33333, 49.95833 ], [ -116.33333, 50.08333 ], [ -116.29167, 50.08333 ], [ -116.29167, 50.125 ], [ -116.375, 50.16667 ], [ -116.29167, 50.25 ], [ -116.125, 50.25 ], [ -116.125, 50.20833 ], [ -116.25, 50.20833 ], [ -116.25, 50.16667 ], [ -116.20833, 50.125 ], [ -116.16667, 50.04167 ], [ -116.04167, 50.04167 ], [ -116.04167, 50.08333 ], [ -116.125, 50.08333 ], [ -116.04167, 50.25 ], [ -116.04167, 50.33333 ], [ -116.08333, 50.375 ], [ -116.04167, 50.41667 ], [ -116.08333, 50.45833 ], [ -116.20833, 50.45833 ] ] ], [ [ [ -117.16667, 50.0 ], [ -117.16667, 49.95833 ], [ -117.08333, 49.95833 ], [ -117.08333, 50.0 ], [ -117.16667, 50.0 ] ] ], [ [ [ -117.70833, 50.0 ], [ -117.70833, 49.91667 ], [ -117.66667, 49.91667 ], [ -117.625, 50.0 ], [ -117.70833, 50.0 ] ] ], [ [ [ -117.54167, 50.04167 ], [ -117.54167, 49.95833 ], [ -117.45833, 49.91667 ], [ -117.45833, 50.0 ], [ -117.5, 50.04167 ], [ -117.54167, 50.04167 ] ] ], [ [ [ -117.08333, 49.95833 ], [ -117.08333, 49.91667 ], [ -117.04167, 49.91667 ], [ -117.04167, 49.95833 ], [ -117.08333, 49.95833 ] ] ], [ [ [ -118.95833, 50.08333 ], [ -118.91667, 50.0 ], [ -118.91667, 49.875 ], [ -118.79167, 49.875 ], [ -118.75, 49.91667 ], [ -118.75, 50.04167 ], [ -118.70833, 50.08333 ], [ -118.95833, 50.08333 ] ] ], [ [ [ -117.95833, 49.91667 ], [ -117.95833, 49.875 ], [ -117.91667, 49.875 ], [ -117.91667, 49.91667 ], [ -117.95833, 49.91667 ] ] ], [ [ [ -117.0, 49.875 ], [ -117.0, 49.83333 ], [ -116.95833, 49.83333 ], [ -116.95833, 49.875 ], [ -117.0, 49.875 ] ] ], [ [ [ -117.79167, 49.91667 ], [ -117.79167, 49.79167 ], [ -117.75, 49.79167 ], [ -117.75, 49.875 ], [ -117.70833, 49.91667 ], [ -117.79167, 49.91667 ] ] ], [ [ [ -117.66667, 49.91667 ], [ -117.66667, 49.79167 ], [ -117.625, 49.79167 ], [ -117.625, 49.91667 ], [ -117.66667, 49.91667 ] ] ], [ [ [ -116.5, 49.95833 ], [ -116.54167, 49.95833 ], [ -116.54167, 49.83333 ], [ -116.58333, 49.83333 ], [ -116.5, 49.79167 ], [ -116.41667, 49.83333 ], [ -116.41667, 49.91667 ], [ -116.45833, 49.91667 ], [ -116.5, 49.875 ], [ -116.5, 49.95833 ] ] ], [ [ [ -116.41667, 49.83333 ], [ -116.41667, 49.79167 ], [ -116.375, 49.79167 ], [ -116.375, 49.83333 ], [ -116.41667, 49.83333 ] ] ], [ [ [ -116.75, 49.95833 ], [ -116.75, 49.75 ], [ -116.70833, 49.75 ], [ -116.58333, 49.83333 ], [ -116.625, 49.91667 ], [ -116.625, 49.95833 ], [ -116.75, 49.95833 ] ] ], [ [ [ -82.54167, 49.875 ], [ -82.58333, 49.875 ], [ -82.58333, 49.75 ], [ -82.41667, 49.75 ], [ -82.41667, 49.875 ], [ -82.33333, 49.91667 ], [ -82.33333, 50.0 ], [ -82.45833, 50.0 ], [ -82.54167, 50.04167 ], [ -82.54167, 49.875 ] ] ], [ [ [ -117.625, 49.79167 ], [ -117.625, 49.75 ], [ -117.58333, 49.75 ], [ -117.58333, 49.79167 ], [ -117.625, 49.79167 ] ] ], [ [ [ -117.20833, 49.75 ], [ -117.16667, 49.75 ], [ -117.125, 49.83333 ], [ -117.08333, 49.83333 ], [ -117.08333, 49.875 ], [ -117.125, 49.875 ], [ -117.125, 49.91667 ], [ -117.16667, 49.91667 ], [ -117.16667, 49.95833 ], [ -117.20833, 49.95833 ], [ -117.20833, 49.875 ], [ -117.33333, 49.875 ], [ -117.33333, 49.83333 ], [ -117.29167, 49.83333 ], [ -117.33333, 49.79167 ], [ -117.33333, 49.75 ], [ -117.25, 49.75 ], [ -117.25, 49.66667 ], [ -117.16667, 49.66667 ], [ -117.16667, 49.70833 ], [ -117.20833, 49.75 ] ] ], [ [ [ -116.375, 49.79167 ], [ -116.33333, 49.75 ], [ -116.33333, 49.79167 ], [ -116.375, 49.79167 ] ] ], [ [ [ -118.375, 49.95833 ], [ -118.45833, 49.91667 ], [ -118.54167, 49.91667 ], [ -118.54167, 49.79167 ], [ -118.5, 49.79167 ], [ -118.41667, 49.875 ], [ -118.41667, 49.70833 ], [ -118.375, 49.70833 ], [ -118.375, 49.83333 ], [ -118.33333, 49.91667 ], [ -118.375, 49.95833 ] ] ], [ [ [ -117.70833, 49.75 ], [ -117.75, 49.70833 ], [ -117.70833, 49.70833 ], [ -117.70833, 49.75 ] ] ], [ [ [ -117.79167, 49.70833 ], [ -117.83333, 49.66667 ], [ -117.75, 49.66667 ], [ -117.75, 49.70833 ], [ -117.79167, 49.70833 ] ] ], [ [ [ -117.08333, 49.83333 ], [ -117.08333, 49.75 ], [ -117.16667, 49.75 ], [ -117.16667, 49.70833 ], [ -117.125, 49.66667 ], [ -117.0, 49.66667 ], [ -117.0, 49.79167 ], [ -117.04167, 49.83333 ], [ -117.08333, 49.83333 ] ] ], [ [ [ -114.66667, 50.375 ], [ -114.625, 50.375 ], [ -114.625, 50.58333 ], [ -114.75, 50.58333 ], [ -114.75, 50.79167 ], [ -114.83333, 50.79167 ], [ -114.875, 50.75 ], [ -114.875, 50.66667 ], [ -114.91667, 50.625 ], [ -114.875, 50.54167 ], [ -114.95833, 50.5 ], [ -115.0, 50.5 ], [ -115.04167, 50.45833 ], [ -115.0, 50.375 ], [ -115.0, 50.29167 ], [ -115.04167, 50.20833 ], [ -115.125, 50.20833 ], [ -115.16667, 50.25 ], [ -115.16667, 50.20833 ], [ -115.25, 50.20833 ], [ -115.25, 50.125 ], [ -115.125, 50.125 ], [ -115.125, 50.04167 ], [ -115.16667, 50.0 ], [ -115.125, 50.0 ], [ -115.125, 49.70833 ], [ -115.08333, 49.70833 ], [ -115.04167, 49.625 ], [ -114.95833, 49.66667 ], [ -114.91667, 49.70833 ], [ -114.91667, 49.75 ], [ -114.91667, 49.79167 ], [ -114.91667, 49.83333 ], [ -114.95833, 49.83333 ], [ -114.95833, 50.16667 ], [ -114.91667, 50.16667 ], [ -114.875, 50.125 ], [ -114.79167, 50.08333 ], [ -114.83333, 50.0 ], [ -114.83333, 49.875 ], [ -114.79167, 49.875 ], [ -114.79167, 49.79167 ], [ -114.75, 49.75 ], [ -114.66667, 49.75 ], [ -114.625, 49.70833 ], [ -114.45833, 49.70833 ], [ -114.5, 49.79167 ], [ -114.58333, 49.79167 ], [ -114.58333, 49.91667 ], [ -114.5, 49.91667 ], [ -114.41667, 50.08333 ], [ -114.375, 50.08333 ], [ -114.375, 50.16667 ], [ -114.41667, 50.25 ], [ -114.5, 50.33333 ], [ -114.66667, 50.33333 ], [ -114.66667, 50.375 ] ], [ [ -114.79167, 50.54167 ], [ -114.66667, 50.54167 ], [ -114.66667, 50.5 ], [ -114.79167, 50.5 ], [ -114.79167, 50.54167 ] ], [ [ -114.83333, 50.375 ], [ -114.75, 50.375 ], [ -114.75, 50.20833 ], [ -114.83333, 50.25 ], [ -114.83333, 50.375 ] ], [ [ -114.75, 50.20833 ], [ -114.70833, 50.20833 ], [ -114.70833, 50.08333 ], [ -114.75, 50.08333 ], [ -114.75, 50.20833 ] ], [ [ -114.70833, 50.08333 ], [ -114.625, 50.08333 ], [ -114.625, 49.91667 ], [ -114.70833, 49.95833 ], [ -114.70833, 50.08333 ] ] ], [ [ [ -116.04167, 50.04167 ], [ -116.04167, 50.0 ], [ -116.16667, 50.0 ], [ -116.25, 49.95833 ], [ -116.25, 49.875 ], [ -116.375, 49.875 ], [ -116.375, 49.83333 ], [ -116.33333, 49.79167 ], [ -116.29167, 49.79167 ], [ -116.33333, 49.75 ], [ -116.33333, 49.66667 ], [ -116.29167, 49.625 ], [ -116.25, 49.625 ], [ -116.20833, 49.625 ], [ -116.125, 49.625 ], [ -116.125, 49.75 ], [ -116.04167, 49.75 ], [ -115.95833, 49.79167 ], [ -115.95833, 49.95833 ], [ -115.91667, 50.0 ], [ -115.91667, 50.04167 ], [ -116.04167, 50.04167 ] ], [ [ -116.25, 49.83333 ], [ -116.25, 49.875 ], [ -116.20833, 49.83333 ], [ -116.25, 49.83333 ] ] ], [ [ [ -118.45833, 49.66667 ], [ -118.45833, 49.625 ], [ -118.41667, 49.625 ], [ -118.45833, 49.66667 ] ] ], [ [ [ -114.875, 49.66667 ], [ -114.875, 49.625 ], [ -114.83333, 49.625 ], [ -114.875, 49.66667 ] ] ], [ [ [ -118.0, 49.875 ], [ -118.0, 49.70833 ], [ -118.04167, 49.70833 ], [ -118.04167, 49.58333 ], [ -118.0, 49.58333 ], [ -118.0, 49.625 ], [ -117.91667, 49.625 ], [ -117.91667, 49.66667 ], [ -117.91667, 49.75 ], [ -117.91667, 49.79167 ], [ -117.95833, 49.875 ], [ -118.0, 49.875 ] ] ], [ [ [ -117.29167, 49.625 ], [ -117.33333, 49.58333 ], [ -117.29167, 49.58333 ], [ -117.29167, 49.625 ] ] ], [ [ [ -115.33333, 50.125 ], [ -115.5, 50.125 ], [ -115.41667, 50.04167 ], [ -115.41667, 49.95833 ], [ -115.54167, 49.95833 ], [ -115.625, 50.0 ], [ -115.625, 49.95833 ], [ -115.58333, 49.95833 ], [ -115.58333, 49.79167 ], [ -115.625, 49.79167 ], [ -115.625, 49.75 ], [ -115.54167, 49.75 ], [ -115.5, 49.625 ], [ -115.45833, 49.625 ], [ -115.45833, 49.54167 ], [ -115.41667, 49.54167 ], [ -115.41667, 49.58333 ], [ -115.41667, 49.70833 ], [ -115.375, 49.79167 ], [ -115.25, 49.79167 ], [ -115.25, 49.75 ], [ -115.16667, 49.79167 ], [ -115.16667, 50.0 ], [ -115.20833, 49.91667 ], [ -115.29167, 49.91667 ], [ -115.29167, 50.04167 ], [ -115.33333, 50.125 ] ] ], [ [ [ -115.08333, 49.54167 ], [ -115.08333, 49.625 ], [ -115.16667, 49.625 ], [ -115.16667, 49.54167 ], [ -115.08333, 49.54167 ] ] ], [ [ [ -118.0, 49.58333 ], [ -118.0, 49.54167 ], [ -117.95833, 49.54167 ], [ -118.0, 49.58333 ] ] ], [ [ [ -117.91667, 49.58333 ], [ -117.95833, 49.54167 ], [ -117.95833, 49.5 ], [ -117.83333, 49.5 ], [ -117.83333, 49.45833 ], [ -117.70833, 49.45833 ], [ -117.70833, 49.5 ], [ -117.79167, 49.5 ], [ -117.79167, 49.58333 ], [ -117.91667, 49.58333 ] ] ], [ [ [ -118.625, 49.75 ], [ -118.625, 49.58333 ], [ -118.70833, 49.54167 ], [ -118.70833, 49.41667 ], [ -118.66667, 49.5 ], [ -118.58333, 49.54167 ], [ -118.58333, 49.625 ], [ -118.54167, 49.625 ], [ -118.5, 49.66667 ], [ -118.5, 49.75 ], [ -118.625, 49.75 ] ] ], [ [ [ -116.08333, 49.5 ], [ -116.08333, 49.41667 ], [ -116.04167, 49.41667 ], [ -116.0, 49.45833 ], [ -116.08333, 49.5 ] ] ], [ [ [ -116.41667, 49.45833 ], [ -116.41667, 49.41667 ], [ -116.375, 49.41667 ], [ -116.41667, 49.45833 ] ] ], [ [ [ -114.66667, 49.58333 ], [ -114.625, 49.54167 ], [ -114.75, 49.41667 ], [ -114.70833, 49.375 ], [ -114.54167, 49.375 ], [ -114.58333, 49.41667 ], [ -114.58333, 49.5 ], [ -114.54167, 49.58333 ], [ -114.66667, 49.58333 ] ] ], [ [ [ -116.95833, 49.58333 ], [ -116.95833, 49.54167 ], [ -117.08333, 49.54167 ], [ -117.125, 49.5 ], [ -116.95833, 49.5 ], [ -116.95833, 49.45833 ], [ -116.875, 49.45833 ], [ -116.875, 49.54167 ], [ -116.91667, 49.58333 ], [ -116.95833, 49.58333 ] ] ], [ [ [ -86.83333, 49.45833 ], [ -86.91667, 49.41667 ], [ -86.91667, 49.375 ], [ -86.75, 49.375 ], [ -86.70833, 49.45833 ], [ -86.83333, 49.45833 ] ] ], [ [ [ -114.75, 49.33333 ], [ -114.75, 49.375 ], [ -114.875, 49.5 ], [ -114.875, 49.33333 ], [ -114.83333, 49.29167 ], [ -114.75, 49.33333 ] ] ], [ [ [ -116.58333, 49.58333 ], [ -116.58333, 49.66667 ], [ -116.5, 49.66667 ], [ -116.5, 49.75 ], [ -116.625, 49.75 ], [ -116.66667, 49.70833 ], [ -116.70833, 49.66667 ], [ -116.70833, 49.625 ], [ -116.66667, 49.625 ], [ -116.66667, 49.41667 ], [ -116.625, 49.33333 ], [ -116.58333, 49.29167 ], [ -116.54167, 49.29167 ], [ -116.5, 49.375 ], [ -116.45833, 49.41667 ], [ -116.41667, 49.45833 ], [ -116.41667, 49.5 ], [ -116.29167, 49.5 ], [ -116.29167, 49.41667 ], [ -116.20833, 49.41667 ], [ -116.125, 49.41667 ], [ -116.08333, 49.5 ], [ -116.08333, 49.58333 ], [ -116.125, 49.58333 ], [ -116.20833, 49.54167 ], [ -116.20833, 49.58333 ], [ -116.33333, 49.58333 ], [ -116.33333, 49.625 ], [ -116.54167, 49.625 ], [ -116.54167, 49.58333 ], [ -116.58333, 49.58333 ] ] ], [ [ [ -116.20833, 49.29167 ], [ -116.20833, 49.25 ], [ -116.16667, 49.25 ], [ -116.16667, 49.29167 ], [ -116.20833, 49.29167 ] ] ], [ [ [ -87.58333, 49.25 ], [ -87.58333, 49.20833 ], [ -87.54167, 49.20833 ], [ -87.58333, 49.25 ] ] ], [ [ [ -117.0, 49.375 ], [ -117.04167, 49.375 ], [ -117.04167, 49.125 ], [ -117.0, 49.125 ], [ -117.0, 49.375 ] ] ], [ [ [ -87.58333, 49.20833 ], [ -87.66667, 49.16667 ], [ -87.75, 49.16667 ], [ -87.75, 49.08333 ], [ -87.70833, 49.125 ], [ -87.625, 49.125 ], [ -87.58333, 49.16667 ], [ -87.58333, 49.20833 ] ] ], [ [ [ -120.20833, 49.125 ], [ -120.20833, 49.08333 ], [ -120.16667, 49.08333 ], [ -120.16667, 49.125 ], [ -120.20833, 49.125 ] ] ], [ [ [ -119.91667, 49.16667 ], [ -119.91667, 49.125 ], [ -119.95833, 49.125 ], [ -119.95833, 49.08333 ], [ -119.875, 49.08333 ], [ -119.875, 49.16667 ], [ -119.91667, 49.16667 ] ] ], [ [ [ -114.75, 49.33333 ], [ -114.79167, 49.25 ], [ -114.79167, 49.16667 ], [ -114.75, 49.16667 ], [ -114.75, 49.0 ], [ -114.66667, 49.04167 ], [ -114.66667, 49.20833 ], [ -114.625, 49.29167 ], [ -114.66667, 49.33333 ], [ -114.75, 49.33333 ] ] ], [ [ [ -79.83333, 49.16667 ], [ -79.83333, 49.04167 ], [ -79.79167, 49.0 ], [ -79.66667, 49.0 ], [ -79.66667, 49.08333 ], [ -79.75, 49.08333 ], [ -79.83333, 49.16667 ] ] ], [ [ [ -119.91667, 49.04167 ], [ -119.91667, 48.95833 ], [ -119.83333, 48.95833 ], [ -119.875, 49.04167 ], [ -119.91667, 49.04167 ] ] ], [ [ [ -87.58333, 49.16667 ], [ -87.58333, 49.08333 ], [ -87.375, 49.08333 ], [ -87.33333, 49.04167 ], [ -87.375, 48.95833 ], [ -87.29167, 48.95833 ], [ -87.25, 49.0 ], [ -87.25, 49.16667 ], [ -87.29167, 49.16667 ], [ -87.29167, 49.29167 ], [ -87.41667, 49.29167 ], [ -87.45833, 49.20833 ], [ -87.54167, 49.20833 ], [ -87.58333, 49.16667 ] ] ], [ [ [ -113.625, 48.95833 ], [ -113.625, 48.91667 ], [ -113.70833, 48.91667 ], [ -113.70833, 48.83333 ], [ -113.625, 48.83333 ], [ -113.58333, 48.875 ], [ -113.58333, 48.95833 ], [ -113.625, 48.95833 ] ] ], [ [ [ -113.95833, 48.83333 ], [ -113.95833, 48.95833 ], [ -114.04167, 49.04167 ], [ -114.04167, 49.25 ], [ -114.20833, 49.25 ], [ -114.20833, 49.20833 ], [ -114.375, 49.20833 ], [ -114.375, 49.16667 ], [ -114.20833, 49.16667 ], [ -114.125, 49.08333 ], [ -114.125, 49.04167 ], [ -114.29167, 49.04167 ], [ -114.29167, 49.0 ], [ -114.125, 49.0 ], [ -114.125, 48.95833 ], [ -114.25, 48.95833 ], [ -114.25, 48.91667 ], [ -114.08333, 48.91667 ], [ -114.08333, 48.875 ], [ -114.125, 48.83333 ], [ -114.08333, 48.83333 ], [ -114.08333, 48.79167 ], [ -114.0, 48.79167 ], [ -113.95833, 48.70833 ], [ -113.91667, 48.70833 ], [ -113.91667, 48.83333 ], [ -113.95833, 48.83333 ] ] ], [ [ [ -113.83333, 49.04167 ], [ -113.875, 48.95833 ], [ -113.875, 48.79167 ], [ -113.79167, 48.83333 ], [ -113.79167, 48.75 ], [ -113.79167, 48.70833 ], [ -113.79167, 48.58333 ], [ -113.70833, 48.54167 ], [ -113.66667, 48.58333 ], [ -113.58333, 48.58333 ], [ -113.625, 48.66667 ], [ -113.625, 48.70833 ], [ -113.54167, 48.75 ], [ -113.625, 48.79167 ], [ -113.70833, 48.75 ], [ -113.70833, 48.83333 ], [ -113.75, 48.83333 ], [ -113.75, 49.0 ], [ -113.79167, 49.04167 ], [ -113.83333, 49.04167 ] ] ], [ [ [ -113.45833, 48.66667 ], [ -113.54167, 48.58333 ], [ -113.5, 48.5 ], [ -113.45833, 48.5 ], [ -113.45833, 48.375 ], [ -113.41667, 48.375 ], [ -113.41667, 48.5 ], [ -113.375, 48.58333 ], [ -113.41667, 48.58333 ], [ -113.375, 48.625 ], [ -113.375, 48.66667 ], [ -113.45833, 48.66667 ] ] ], [ [ [ -113.5, 48.41667 ], [ -113.54167, 48.375 ], [ -113.5, 48.375 ], [ -113.5, 48.41667 ] ] ], [ [ [ -76.33333, 48.375 ], [ -76.41667, 48.375 ], [ -76.45833, 48.33333 ], [ -76.375, 48.29167 ], [ -76.33333, 48.375 ] ] ], [ [ [ -79.04167, 51.79167 ], [ -79.04167, 51.70833 ], [ -78.95833, 51.625 ], [ -78.875, 51.625 ], [ -78.83333, 51.58333 ], [ -78.83333, 51.5 ], [ -78.95833, 51.375 ], [ -78.95833, 51.5 ], [ -79.04167, 51.54167 ], [ -79.20833, 51.54167 ], [ -79.20833, 51.66667 ], [ -79.41667, 51.66667 ], [ -79.45833, 51.58333 ], [ -79.54167, 51.58333 ], [ -79.54167, 51.5 ], [ -79.625, 51.41667 ], [ -79.70833, 51.41667 ], [ -79.75, 51.375 ], [ -79.75, 51.20833 ], [ -79.79167, 51.16667 ], [ -79.875, 51.16667 ], [ -79.95833, 51.20833 ], [ -80.0, 51.29167 ], [ -80.20833, 51.29167 ], [ -80.20833, 51.33333 ], [ -80.375, 51.33333 ], [ -80.41667, 51.375 ], [ -80.41667, 51.5 ], [ -80.5, 51.54167 ], [ -80.5, 51.625 ], [ -80.54167, 51.70833 ], [ -80.66667, 51.83333 ], [ -80.83333, 51.91667 ], [ -80.91667, 52.0 ], [ -81.54167, 52.0 ], [ -81.54167, 52.04167 ], [ -81.875, 52.04167 ], [ -81.875, 52.0 ], [ -82.0, 52.0 ], [ -82.0, 52.04167 ], [ -82.625, 52.04167 ], [ -82.625, 52.08333 ], [ -83.79167, 52.08333 ], [ -83.79167, 52.04167 ], [ -84.91667, 52.04167 ], [ -84.91667, 52.0 ], [ -85.58333, 52.0 ], [ -85.58333, 51.95833 ], [ -86.58333, 51.95833 ], [ -86.58333, 51.91667 ], [ -87.0, 51.91667 ], [ -87.0, 51.875 ], [ -87.41667, 51.875 ], [ -87.41667, 51.83333 ], [ -88.08333, 51.83333 ], [ -88.08333, 51.875 ], [ -88.25, 51.875 ], [ -88.25, 51.83333 ], [ -88.375, 51.83333 ], [ -88.375, 51.79167 ], [ -88.5, 51.79167 ], [ -88.5, 51.83333 ], [ -89.70833, 51.83333 ], [ -89.70833, 51.79167 ], [ -90.66667, 51.79167 ], [ -90.66667, 51.83333 ], [ -90.79167, 51.83333 ], [ -90.79167, 51.79167 ], [ -91.41667, 51.79167 ], [ -91.41667, 51.75 ], [ -91.79167, 51.75 ], [ -91.79167, 51.79167 ], [ -92.0, 51.79167 ], [ -92.0, 51.75 ], [ -92.41667, 51.75 ], [ -92.5, 51.79167 ], [ -92.58333, 51.75 ], [ -92.91667, 51.75 ], [ -92.91667, 51.79167 ], [ -93.08333, 51.79167 ], [ -93.08333, 51.75 ], [ -93.375, 51.75 ], [ -93.375, 51.79167 ], [ -94.125, 51.79167 ], [ -94.125, 51.75 ], [ -94.5, 51.75 ], [ -94.5, 51.79167 ], [ -94.70833, 51.79167 ], [ -94.66667, 51.75 ], [ -94.70833, 51.70833 ], [ -94.66667, 51.66667 ], [ -94.70833, 51.58333 ], [ -94.625, 51.58333 ], [ -94.58333, 51.66667 ], [ -94.54167, 51.625 ], [ -94.375, 51.625 ], [ -94.41667, 51.54167 ], [ -94.54167, 51.54167 ], [ -94.54167, 51.5 ], [ -94.25, 51.5 ], [ -94.25, 51.41667 ], [ -94.16667, 51.33333 ], [ -94.04167, 51.33333 ], [ -93.95833, 51.375 ], [ -94.0, 51.45833 ], [ -93.875, 51.45833 ], [ -93.875, 51.41667 ], [ -93.54167, 51.41667 ], [ -93.625, 51.375 ], [ -93.625, 51.29167 ], [ -93.54167, 51.25 ], [ -93.54167, 51.16667 ], [ -93.45833, 51.16667 ], [ -93.45833, 51.08333 ], [ -93.41667, 51.04167 ], [ -93.33333, 51.08333 ], [ -93.20833, 51.08333 ], [ -93.20833, 51.0 ], [ -93.0, 51.0 ], [ -93.0, 50.95833 ], [ -92.66667, 50.95833 ], [ -92.70833, 50.91667 ], [ -92.66667, 50.875 ], [ -92.5, 50.875 ], [ -92.54167, 50.79167 ], [ -92.54167, 50.66667 ], [ -92.58333, 50.625 ], [ -92.375, 50.625 ], [ -92.375, 50.66667 ], [ -92.20833, 50.66667 ], [ -92.20833, 50.70833 ], [ -92.08333, 50.70833 ], [ -92.0, 50.66667 ], [ -91.91667, 50.70833 ], [ -91.75, 50.70833 ], [ -91.75, 50.75 ], [ -91.625, 50.75 ], [ -91.58333, 50.625 ], [ -91.58333, 50.54167 ], [ -91.54167, 50.54167 ], [ -91.54167, 50.5 ], [ -91.5, 50.5 ], [ -91.5, 50.45833 ], [ -91.375, 50.45833 ], [ -91.375, 50.41667 ], [ -91.25, 50.41667 ], [ -91.25, 50.375 ], [ -91.08333, 50.375 ], [ -91.08333, 50.45833 ], [ -90.95833, 50.45833 ], [ -90.91667, 50.41667 ], [ -90.91667, 50.25 ], [ -90.95833, 50.25 ], [ -90.95833, 50.375 ], [ -91.0, 50.375 ], [ -91.08333, 50.29167 ], [ -91.0, 50.25 ], [ -91.0, 50.125 ], [ -90.91667, 50.16667 ], [ -90.79167, 50.16667 ], [ -90.75, 50.08333 ], [ -90.66667, 50.04167 ], [ -90.58333, 50.04167 ], [ -90.54167, 49.95833 ], [ -90.45833, 49.95833 ], [ -90.45833, 49.875 ], [ -90.29167, 49.875 ], [ -90.29167, 50.0 ], [ -90.125, 50.0 ], [ -90.125, 49.83333 ], [ -90.0, 49.83333 ], [ -90.0, 49.875 ], [ -89.83333, 49.875 ], [ -89.83333, 49.91667 ], [ -89.70833, 49.91667 ], [ -89.70833, 49.95833 ], [ -89.58333, 49.95833 ], [ -89.54167, 50.0 ], [ -89.41667, 50.0 ], [ -89.41667, 50.08333 ], [ -89.33333, 50.08333 ], [ -89.29167, 50.16667 ], [ -89.20833, 50.125 ], [ -88.95833, 50.125 ], [ -88.91667, 50.08333 ], [ -88.83333, 50.08333 ], [ -88.83333, 49.95833 ], [ -88.625, 49.95833 ], [ -88.58333, 50.04167 ], [ -88.5, 50.04167 ], [ -88.54167, 49.95833 ], [ -88.54167, 49.875 ], [ -88.41667, 49.75 ], [ -88.33333, 49.79167 ], [ -88.20833, 49.79167 ], [ -88.20833, 49.83333 ], [ -88.04167, 49.83333 ], [ -88.0, 49.91667 ], [ -87.83333, 49.79167 ], [ -87.625, 49.79167 ], [ -87.66667, 49.75 ], [ -87.58333, 49.66667 ], [ -87.66667, 49.625 ], [ -87.79167, 49.625 ], [ -87.83333, 49.54167 ], [ -87.875, 49.45833 ], [ -87.95833, 49.375 ], [ -88.08333, 49.33333 ], [ -88.08333, 49.25 ], [ -88.0, 49.20833 ], [ -87.91667, 49.25 ], [ -87.58333, 49.25 ], [ -87.58333, 49.41667 ], [ -87.45833, 49.41667 ], [ -87.45833, 49.45833 ], [ -87.125, 49.45833 ], [ -87.125, 49.41667 ], [ -87.0, 49.41667 ], [ -86.91667, 49.5 ], [ -86.91667, 49.58333 ], [ -86.83333, 49.58333 ], [ -86.83333, 49.66667 ], [ -86.66667, 49.66667 ], [ -86.70833, 49.58333 ], [ -86.66667, 49.5 ], [ -86.58333, 49.58333 ], [ -86.58333, 49.70833 ], [ -86.66667, 49.79167 ], [ -86.54167, 49.79167 ], [ -86.5, 49.70833 ], [ -86.41667, 49.75 ], [ -86.25, 49.75 ], [ -86.25, 49.83333 ], [ -86.16667, 49.83333 ], [ -86.16667, 49.91667 ], [ -86.08333, 49.91667 ], [ -86.125, 50.0 ], [ -86.0, 50.08333 ], [ -85.875, 50.20833 ], [ -85.875, 50.375 ], [ -85.79167, 50.41667 ], [ -85.66667, 50.54167 ], [ -85.54167, 50.54167 ], [ -85.54167, 50.58333 ], [ -85.41667, 50.58333 ], [ -85.41667, 50.66667 ], [ -85.29167, 50.66667 ], [ -85.29167, 50.54167 ], [ -85.20833, 50.58333 ], [ -85.25, 50.66667 ], [ -85.08333, 50.66667 ], [ -85.04167, 50.58333 ], [ -84.91667, 50.58333 ], [ -84.95833, 50.5 ], [ -84.83333, 50.5 ], [ -84.79167, 50.54167 ], [ -84.79167, 50.66667 ], [ -84.75, 50.70833 ], [ -84.66667, 50.70833 ], [ -84.70833, 50.79167 ], [ -84.625, 50.875 ], [ -84.5, 50.875 ], [ -84.5, 50.83333 ], [ -84.375, 50.83333 ], [ -84.29167, 50.79167 ], [ -84.16667, 50.79167 ], [ -84.16667, 50.75 ], [ -83.91667, 50.75 ], [ -83.875, 50.70833 ], [ -83.875, 50.58333 ], [ -83.58333, 50.58333 ], [ -83.5, 50.5 ], [ -83.5, 50.45833 ], [ -83.29167, 50.45833 ], [ -83.33333, 50.41667 ], [ -83.29167, 50.33333 ], [ -83.125, 50.33333 ], [ -83.125, 50.375 ], [ -82.75, 50.375 ], [ -82.75, 50.41667 ], [ -82.54167, 50.41667 ], [ -82.5, 50.41667 ], [ -82.45833, 50.45833 ], [ -82.29167, 50.375 ], [ -81.875, 50.375 ], [ -81.95833, 50.29167 ], [ -81.95833, 50.25 ], [ -81.83333, 50.25 ], [ -81.79167, 50.16667 ], [ -81.70833, 50.16667 ], [ -81.70833, 50.25 ], [ -81.75, 50.33333 ], [ -81.625, 50.33333 ], [ -81.54167, 50.41667 ], [ -81.54167, 50.29167 ], [ -81.58333, 50.29167 ], [ -81.58333, 50.125 ], [ -81.66667, 50.08333 ], [ -81.75, 50.125 ], [ -82.04167, 50.125 ], [ -82.125, 50.08333 ], [ -82.20833, 50.0 ], [ -82.25, 49.91667 ], [ -82.25, 49.875 ], [ -82.08333, 49.79167 ], [ -81.91667, 49.79167 ], [ -81.83333, 49.75 ], [ -81.70833, 49.75 ], [ -81.70833, 49.70833 ], [ -81.5, 49.70833 ], [ -81.5, 49.66667 ], [ -81.33333, 49.66667 ], [ -81.375, 49.625 ], [ -81.20833, 49.625 ], [ -81.20833, 49.54167 ], [ -81.04167, 49.54167 ], [ -81.0, 49.5 ], [ -80.79167, 49.5 ], [ -80.75, 49.45833 ], [ -80.75, 49.33333 ], [ -80.66667, 49.33333 ], [ -80.70833, 49.41667 ], [ -80.625, 49.5 ], [ -80.54167, 49.5 ], [ -80.5, 49.41667 ], [ -80.5, 49.33333 ], [ -80.45833, 49.29167 ], [ -80.45833, 49.20833 ], [ -80.375, 49.20833 ], [ -80.33333, 49.20833 ], [ -80.20833, 49.20833 ], [ -80.20833, 49.16667 ], [ -80.04167, 49.16667 ], [ -80.0, 49.20833 ], [ -80.0, 49.33333 ], [ -79.875, 49.33333 ], [ -79.83333, 49.375 ], [ -79.83333, 49.41667 ], [ -79.625, 49.41667 ], [ -79.625, 49.375 ], [ -79.75, 49.375 ], [ -79.75, 49.29167 ], [ -79.66667, 49.29167 ], [ -79.625, 49.25 ], [ -79.625, 49.16667 ], [ -79.58333, 49.125 ], [ -79.5, 49.125 ], [ -79.54167, 49.20833 ], [ -79.5, 49.25 ], [ -79.41667, 49.20833 ], [ -79.16667, 49.20833 ], [ -79.08333, 49.16667 ], [ -79.08333, 49.08333 ], [ -78.91667, 49.08333 ], [ -78.875, 49.125 ], [ -78.875, 49.25 ], [ -78.95833, 49.25 ], [ -79.0, 49.33333 ], [ -79.08333, 49.33333 ], [ -79.125, 49.41667 ], [ -79.0, 49.41667 ], [ -79.0, 49.45833 ], [ -78.91667, 49.54167 ], [ -78.83333, 49.54167 ], [ -78.75, 49.45833 ], [ -78.70833, 49.375 ], [ -78.66667, 49.375 ], [ -78.66667, 49.25 ], [ -78.58333, 49.25 ], [ -78.58333, 49.41667 ], [ -78.5, 49.41667 ], [ -78.45833, 49.375 ], [ -78.45833, 49.29167 ], [ -78.375, 49.33333 ], [ -78.375, 49.41667 ], [ -78.29167, 49.41667 ], [ -78.25, 49.45833 ], [ -78.0, 49.45833 ], [ -78.0, 49.54167 ], [ -77.54167, 49.54167 ], [ -77.54167, 49.41667 ], [ -77.25, 49.41667 ], [ -77.125, 49.33333 ], [ -77.04167, 49.33333 ], [ -77.04167, 49.25 ], [ -76.91667, 49.16667 ], [ -76.75, 49.16667 ], [ -76.75, 49.0 ], [ -76.83333, 49.0 ], [ -76.91667, 48.875 ], [ -76.70833, 48.875 ], [ -76.75, 48.83333 ], [ -76.75, 48.70833 ], [ -76.79167, 48.70833 ], [ -76.79167, 48.54167 ], [ -76.875, 48.45833 ], [ -76.79167, 48.375 ], [ -76.70833, 48.375 ], [ -76.54167, 48.45833 ], [ -76.33333, 48.45833 ], [ -76.29167, 48.5 ], [ -76.29167, 48.45833 ], [ -76.16667, 48.45833 ], [ -76.16667, 48.54167 ], [ -76.125, 48.5 ], [ -75.70833, 48.5 ], [ -75.66667, 48.45833 ], [ -75.58333, 48.45833 ], [ -75.54167, 48.375 ], [ -75.45833, 48.375 ], [ -75.45833, 48.41667 ], [ -75.33333, 48.54167 ], [ -75.25, 48.5 ], [ -75.08333, 48.5 ], [ -75.08333, 48.54167 ], [ -75.0, 48.54167 ], [ -74.91667, 48.58333 ], [ -74.91667, 48.5 ], [ -74.83333, 48.58333 ], [ -74.75, 48.58333 ], [ -74.70833, 48.54167 ], [ -74.66667, 48.54167 ], [ -74.58333, 48.45833 ], [ -74.5, 48.41667 ], [ -74.04167, 48.41667 ], [ -73.95833, 48.45833 ], [ -73.91667, 48.375 ], [ -73.79167, 48.25 ], [ -73.79167, 48.20833 ], [ -73.66667, 48.20833 ], [ -73.625, 48.125 ], [ -73.45833, 48.125 ], [ -73.45833, 48.20833 ], [ -73.41667, 48.25 ], [ -73.25, 48.25 ], [ -73.20833, 48.20833 ], [ -73.0, 48.20833 ], [ -72.95833, 48.29167 ], [ -72.875, 48.375 ], [ -72.875, 48.41667 ], [ -72.95833, 48.45833 ], [ -73.08333, 48.45833 ], [ -73.08333, 48.54167 ], [ -73.16667, 48.58333 ], [ -73.20833, 48.66667 ], [ -73.29167, 48.66667 ], [ -73.29167, 48.75 ], [ -73.33333, 48.79167 ], [ -73.20833, 48.79167 ], [ -73.16667, 48.875 ], [ -73.25, 48.875 ], [ -73.29167, 48.91667 ], [ -73.29167, 49.0 ], [ -73.25, 49.04167 ], [ -73.33333, 49.08333 ], [ -73.33333, 49.16667 ], [ -73.29167, 49.20833 ], [ -73.33333, 49.25 ], [ -73.41667, 49.20833 ], [ -73.5, 49.20833 ], [ -73.5, 49.29167 ], [ -73.58333, 49.29167 ], [ -73.66667, 49.33333 ], [ -73.66667, 49.41667 ], [ -73.70833, 49.45833 ], [ -73.83333, 49.45833 ], [ -73.875, 49.5 ], [ -73.875, 49.58333 ], [ -74.0, 49.58333 ], [ -74.08333, 49.625 ], [ -74.16667, 49.70833 ], [ -74.16667, 49.79167 ], [ -74.125, 49.875 ], [ -74.20833, 49.91667 ], [ -74.33333, 49.91667 ], [ -74.375, 49.875 ], [ -74.45833, 49.95833 ], [ -74.45833, 50.04167 ], [ -74.625, 50.04167 ], [ -74.70833, 50.08333 ], [ -74.70833, 50.16667 ], [ -74.83333, 50.16667 ], [ -74.875, 50.25 ], [ -74.95833, 50.25 ], [ -74.95833, 50.375 ], [ -75.04167, 50.41667 ], [ -75.16667, 50.41667 ], [ -75.20833, 50.45833 ], [ -75.20833, 50.54167 ], [ -75.41667, 50.54167 ], [ -75.41667, 50.58333 ], [ -75.5, 50.625 ], [ -75.58333, 50.70833 ], [ -75.75, 50.79167 ], [ -75.91667, 50.79167 ], [ -76.04167, 50.875 ], [ -76.04167, 50.95833 ], [ -76.25, 50.95833 ], [ -76.25, 51.0 ], [ -76.41667, 51.0 ], [ -76.58333, 51.08333 ], [ -76.625, 51.16667 ], [ -76.79167, 51.16667 ], [ -76.79167, 51.20833 ], [ -76.875, 51.25 ], [ -77.04167, 51.25 ], [ -77.125, 51.29167 ], [ -77.16667, 51.375 ], [ -77.33333, 51.375 ], [ -77.33333, 51.41667 ], [ -77.45833, 51.41667 ], [ -77.5, 51.5 ], [ -77.625, 51.5 ], [ -77.625, 51.54167 ], [ -77.75, 51.54167 ], [ -77.75, 51.58333 ], [ -77.875, 51.58333 ], [ -77.875, 51.625 ], [ -78.0, 51.625 ], [ -78.0, 51.66667 ], [ -78.16667, 51.66667 ], [ -78.16667, 51.70833 ], [ -78.25, 51.75 ], [ -78.375, 51.75 ], [ -78.375, 51.79167 ], [ -78.45833, 51.83333 ], [ -78.625, 51.83333 ], [ -78.625, 51.875 ], [ -78.83333, 51.875 ], [ -78.91667, 51.83333 ], [ -78.91667, 51.79167 ], [ -79.04167, 51.79167 ] ], [ [ -94.125, 51.625 ], [ -93.95833, 51.625 ], [ -94.0, 51.58333 ], [ -94.125, 51.58333 ], [ -94.125, 51.625 ] ], [ [ -81.75, 50.5 ], [ -81.70833, 50.41667 ], [ -81.79167, 50.41667 ], [ -81.75, 50.5 ] ], [ [ -90.45833, 50.125 ], [ -90.33333, 50.125 ], [ -90.25, 50.04167 ], [ -90.375, 50.04167 ], [ -90.45833, 49.95833 ], [ -90.45833, 50.125 ] ], [ [ -81.58333, 50.04167 ], [ -81.54167, 50.04167 ], [ -81.54167, 49.83333 ], [ -81.58333, 49.83333 ], [ -81.58333, 50.04167 ] ], [ [ -88.0, 49.91667 ], [ -88.08333, 50.0 ], [ -88.0, 50.0 ], [ -88.0, 49.91667 ] ], [ [ -86.29167, 50.0 ], [ -86.25, 50.0 ], [ -86.25, 49.875 ], [ -86.41667, 49.875 ], [ -86.41667, 49.95833 ], [ -86.29167, 49.95833 ], [ -86.29167, 50.0 ] ], [ [ -87.41667, 49.70833 ], [ -87.33333, 49.625 ], [ -87.41667, 49.625 ], [ -87.41667, 49.70833 ] ], [ [ -79.5, 49.45833 ], [ -79.41667, 49.45833 ], [ -79.41667, 49.375 ], [ -79.29167, 49.375 ], [ -79.29167, 49.29167 ], [ -79.375, 49.33333 ], [ -79.54167, 49.33333 ], [ -79.54167, 49.41667 ], [ -79.5, 49.45833 ] ] ], [ [ [ -74.16667, 48.20833 ], [ -74.25, 48.20833 ], [ -74.33333, 48.125 ], [ -74.33333, 48.08333 ], [ -74.08333, 48.08333 ], [ -74.08333, 48.33333 ], [ -74.125, 48.375 ], [ -74.20833, 48.375 ], [ -74.125, 48.29167 ], [ -74.16667, 48.20833 ] ] ], [ [ [ -76.29167, 48.125 ], [ -76.33333, 48.08333 ], [ -76.29167, 48.04167 ], [ -76.16667, 48.04167 ], [ -76.125, 48.125 ], [ -76.29167, 48.125 ] ] ], [ [ [ -113.08333, 47.875 ], [ -113.08333, 47.75 ], [ -113.04167, 47.75 ], [ -113.04167, 47.875 ], [ -113.08333, 47.875 ] ] ] ] } },
{ "type": "Feature", "properties": { "ID": 3 }, "geometry": { "type": "MultiPolygon", "coordinates": [ [ [ [ -118.45833, 56.83333 ], [ -118.45833, 56.79167 ], [ -118.33333, 56.79167 ], [ -118.33333, 56.83333 ], [ -118.45833, 56.83333 ] ] ], [ [ [ -113.20833, 56.58333 ], [ -113.20833, 56.5 ], [ -112.91667, 56.5 ], [ -112.91667, 56.54167 ], [ -113.08333, 56.54167 ], [ -113.08333, 56.58333 ], [ -113.20833, 56.58333 ] ] ], [ [ [ -111.625, 56.58333 ], [ -111.625, 56.54167 ], [ -111.5, 56.54167 ], [ -111.41667, 56.5 ], [ -111.41667, 56.41667 ], [ -111.125, 56.41667 ], [ -111.16667, 56.45833 ], [ -111.16667, 56.54167 ], [ -111.04167, 56.54167 ], [ -111.04167, 56.58333 ], [ -111.16667, 56.58333 ], [ -111.16667, 56.625 ], [ -111.04167, 56.66667 ], [ -111.04167, 56.70833 ], [ -111.20833, 56.70833 ], [ -111.20833, 56.75 ], [ -111.375, 56.75 ], [ -111.375, 56.875 ], [ -111.29167, 56.95833 ], [ -111.5, 57.04167 ], [ -111.54167, 57.125 ], [ -111.66667, 57.125 ], [ -111.75, 57.08333 ], [ -111.75, 57.0 ], [ -111.70833, 56.95833 ], [ -111.54167, 56.95833 ], [ -111.5, 56.91667 ], [ -111.5, 56.875 ], [ -111.45833, 56.875 ], [ -111.45833, 56.75 ], [ -111.54167, 56.66667 ], [ -111.66667, 56.66667 ], [ -111.625, 56.58333 ] ] ], [ [ [ -112.66667, 56.375 ], [ -112.66667, 56.25 ], [ -112.625, 56.25 ], [ -112.625, 56.375 ], [ -112.66667, 56.375 ] ] ], [ [ [ -122.5, 56.04167 ], [ -122.58333, 55.95833 ], [ -122.45833, 55.95833 ], [ -122.5, 56.04167 ] ] ], [ [ [ -110.875, 56.125 ], [ -110.91667, 56.08333 ], [ -110.91667, 55.95833 ], [ -110.875, 55.91667 ], [ -110.875, 55.83333 ], [ -110.75, 55.83333 ], [ -110.70833, 55.95833 ], [ -110.41667, 55.95833 ], [ -110.41667, 56.0 ], [ -110.5, 56.04167 ], [ -110.625, 56.04167 ], [ -110.625, 56.08333 ], [ -110.75, 56.08333 ], [ -110.83333, 56.04167 ], [ -110.875, 56.125 ] ] ], [ [ [ -122.375, 55.70833 ], [ -122.41667, 55.66667 ], [ -122.375, 55.66667 ], [ -122.375, 55.70833 ] ] ], [ [ [ -122.5, 55.54167 ], [ -122.79167, 55.54167 ], [ -122.83333, 55.5 ], [ -122.54167, 55.5 ], [ -122.5, 55.5 ], [ -122.5, 55.54167 ] ] ], [ [ [ -111.25, 55.04167 ], [ -111.25, 55.125 ], [ -111.33333, 55.125 ], [ -111.25, 55.04167 ] ] ], [ [ [ -126.08333, 54.875 ], [ -126.08333, 54.95833 ], [ -126.125, 55.0 ], [ -126.25, 55.0 ], [ -126.29167, 54.91667 ], [ -126.125, 54.91667 ], [ -126.08333, 54.875 ] ] ], [ [ [ -126.20833, 54.875 ], [ -126.20833, 54.79167 ], [ -126.16667, 54.75 ], [ -126.08333, 54.75 ], [ -126.20833, 54.875 ] ] ], [ [ [ -109.75, 54.79167 ], [ -109.75, 54.75 ], [ -109.625, 54.75 ], [ -109.625, 54.79167 ], [ -109.75, 54.79167 ] ] ], [ [ [ -126.08333, 54.75 ], [ -126.04167, 54.66667 ], [ -125.95833, 54.66667 ], [ -126.0, 54.75 ], [ -126.08333, 54.75 ] ] ], [ [ [ -120.5, 54.54167 ], [ -120.625, 54.54167 ], [ -120.625, 54.5 ], [ -120.5, 54.5 ], [ -120.5, 54.54167 ] ] ], [ [ [ -121.33333, 54.45833 ], [ -121.33333, 54.41667 ], [ -121.29167, 54.41667 ], [ -121.25, 54.375 ], [ -121.25, 54.45833 ], [ -121.33333, 54.45833 ] ] ], [ [ [ -120.91667, 54.375 ], [ -120.91667, 54.33333 ], [ -120.875, 54.33333 ], [ -120.875, 54.375 ], [ -120.91667, 54.375 ] ] ], [ [ [ -120.875, 54.33333 ], [ -120.875, 54.29167 ], [ -120.83333, 54.33333 ], [ -120.875, 54.33333 ] ] ], [ [ [ -121.5, 54.54167 ], [ -121.625, 54.54167 ], [ -121.70833, 54.5 ], [ -121.79167, 54.5 ], [ -121.83333, 54.45833 ], [ -121.79167, 54.375 ], [ -121.83333, 54.375 ], [ -121.83333, 54.29167 ], [ -121.75, 54.25 ], [ -121.58333, 54.25 ], [ -121.58333, 54.29167 ], [ -121.66667, 54.33333 ], [ -121.625, 54.33333 ], [ -121.58333, 54.33333 ], [ -121.41667, 54.33333 ], [ -121.41667, 54.375 ], [ -121.54167, 54.375 ], [ -121.54167, 54.41667 ], [ -121.375, 54.41667 ], [ -121.375, 54.45833 ], [ -121.45833, 54.5 ], [ -121.5, 54.54167 ] ] ], [ [ [ -121.375, 54.29167 ], [ -121.375, 54.25 ], [ -121.33333, 54.25 ], [ -121.375, 54.29167 ] ] ], [ [ [ -121.25, 54.375 ], [ -121.25, 54.33333 ], [ -121.29167, 54.33333 ], [ -121.20833, 54.29167 ], [ -121.20833, 54.25 ], [ -121.08333, 54.25 ], [ -121.08333, 54.20833 ], [ -121.0, 54.20833 ], [ -121.0, 54.16667 ], [ -120.875, 54.16667 ], [ -120.875, 54.20833 ], [ -120.875, 54.25 ], [ -120.875, 54.29167 ], [ -120.91667, 54.33333 ], [ -121.0, 54.33333 ], [ -121.0, 54.29167 ], [ -121.125, 54.29167 ], [ -121.08333, 54.375 ], [ -121.25, 54.375 ] ] ], [ [ [ -121.33333, 54.25 ], [ -121.29167, 54.16667 ], [ -121.25, 54.16667 ], [ -121.20833, 54.25 ], [ -121.33333, 54.25 ] ] ], [ [ [ -120.79167, 54.20833 ], [ -120.79167, 54.16667 ], [ -120.875, 54.16667 ], [ -120.875, 54.125 ], [ -120.75, 54.125 ], [ -120.75, 54.20833 ], [ -120.79167, 54.20833 ] ] ], [ [ [ -121.16667, 54.125 ], [ -121.25, 54.16667 ], [ -121.25, 54.08333 ], [ -121.20833, 54.08333 ], [ -121.125, 54.04167 ], [ -121.08333, 53.95833 ], [ -121.0, 53.95833 ], [ -120.95833, 53.91667 ], [ -120.95833, 53.95833 ], [ -120.91667, 53.95833 ], [ -120.95833, 54.04167 ], [ -121.0, 54.08333 ], [ -121.125, 54.08333 ], [ -121.16667, 54.125 ] ] ], [ [ [ -120.625, 54.08333 ], [ -120.625, 54.04167 ], [ -120.58333, 54.04167 ], [ -120.58333, 54.08333 ], [ -120.625, 54.08333 ] ] ], [ [ [ -120.79167, 54.04167 ], [ -120.79167, 54.0 ], [ -120.70833, 54.04167 ], [ -120.79167, 54.04167 ] ] ], [ [ [ -121.54167, 54.0 ], [ -121.45833, 53.95833 ], [ -121.45833, 54.0 ], [ -121.54167, 54.0 ] ] ], [ [ [ -120.54167, 54.0 ], [ -120.54167, 53.95833 ], [ -120.5, 53.95833 ], [ -120.5, 54.0 ], [ -120.54167, 54.0 ] ] ], [ [ [ -120.66667, 54.04167 ], [ -120.66667, 53.91667 ], [ -120.625, 53.91667 ], [ -120.58333, 53.95833 ], [ -120.58333, 54.0 ], [ -120.625, 54.0 ], [ -120.625, 54.04167 ], [ -120.66667, 54.04167 ] ] ], [ [ [ -120.83333, 54.0 ], [ -120.83333, 53.95833 ], [ -120.875, 53.95833 ], [ -120.875, 53.91667 ], [ -120.75, 53.91667 ], [ -120.75, 53.95833 ], [ -120.79167, 53.95833 ], [ -120.79167, 54.0 ], [ -120.83333, 54.0 ] ] ], [ [ [ -120.58333, 53.95833 ], [ -120.58333, 53.875 ], [ -120.5, 53.875 ], [ -120.5, 53.91667 ], [ -120.54167, 53.95833 ], [ -120.58333, 53.95833 ] ] ], [ [ [ -121.33333, 53.91667 ], [ -121.33333, 53.875 ], [ -121.29167, 53.875 ], [ -121.29167, 53.91667 ], [ -121.33333, 53.91667 ] ] ], [ [ [ -121.58333, 54.25 ], [ -121.66667, 54.125 ], [ -121.66667, 54.04167 ], [ -121.625, 54.0 ], [ -121.54167, 54.0 ], [ -121.54167, 54.04167 ], [ -121.5, 54.04167 ], [ -121.41667, 54.04167 ], [ -121.45833, 54.04167 ], [ -121.45833, 54.0 ], [ -121.41667, 54.0 ], [ -121.45833, 53.95833 ], [ -121.45833, 53.91667 ], [ -121.375, 53.91667 ], [ -121.29167, 53.91667 ], [ -121.16667, 53.91667 ], [ -121.16667, 53.875 ], [ -121.25, 53.875 ], [ -121.25, 53.83333 ], [ -121.08333, 53.83333 ], [ -121.08333, 53.875 ], [ -121.04167, 53.875 ], [ -121.20833, 53.95833 ], [ -121.25, 54.04167 ], [ -121.33333, 54.04167 ], [ -121.33333, 54.125 ], [ -121.29167, 54.125 ], [ -121.29167, 54.16667 ], [ -121.45833, 54.25 ], [ -121.58333, 54.25 ] ], [ [ -121.54167, 54.16667 ], [ -121.41667, 54.16667 ], [ -121.41667, 54.125 ], [ -121.54167, 54.125 ], [ -121.54167, 54.16667 ] ] ], [ [ [ -120.5, 53.875 ], [ -120.5, 53.83333 ], [ -120.41667, 53.83333 ], [ -120.41667, 53.875 ], [ -120.5, 53.875 ] ] ], [ [ [ -120.83333, 53.875 ], [ -120.83333, 53.75 ], [ -120.79167, 53.75 ], [ -120.75, 53.83333 ], [ -120.83333, 53.875 ] ] ], [ [ [ -120.70833, 53.70833 ], [ -120.70833, 53.66667 ], [ -120.625, 53.70833 ], [ -120.70833, 53.70833 ] ] ], [ [ [ -120.45833, 53.75 ], [ -120.45833, 53.70833 ], [ -120.41667, 53.70833 ], [ -120.41667, 53.66667 ], [ -120.375, 53.625 ], [ -120.33333, 53.625 ], [ -120.33333, 53.66667 ], [ -120.25, 53.66667 ], [ -120.25, 53.70833 ], [ -120.375, 53.70833 ], [ -120.375, 53.75 ], [ -120.45833, 53.75 ] ] ], [ [ [ -121.25, 53.75 ], [ -121.33333, 53.70833 ], [ -121.25, 53.66667 ], [ -121.125, 53.66667 ], [ -121.16667, 53.75 ], [ -121.25, 53.75 ] ] ], [ [ [ -120.16667, 53.66667 ], [ -120.16667, 53.625 ], [ -120.08333, 53.625 ], [ -120.08333, 53.66667 ], [ -120.16667, 53.66667 ] ] ], [ [ [ -120.04167, 53.66667 ], [ -120.04167, 53.625 ], [ -120.0, 53.625 ], [ -120.0, 53.66667 ], [ -120.04167, 53.66667 ] ] ], [ [ [ -120.58333, 53.66667 ], [ -120.58333, 53.58333 ], [ -120.54167, 53.58333 ], [ -120.54167, 53.66667 ], [ -120.58333, 53.66667 ] ] ], [ [ [ -121.08333, 53.66667 ], [ -121.04167, 53.625 ], [ -121.0, 53.625 ], [ -121.0, 53.66667 ], [ -121.08333, 53.66667 ] ] ], [ [ [ -120.95833, 53.625 ], [ -120.95833, 53.58333 ], [ -120.91667, 53.58333 ], [ -120.91667, 53.625 ], [ -120.95833, 53.625 ] ] ], [ [ [ -119.33333, 53.625 ], [ -119.33333, 53.58333 ], [ -119.29167, 53.58333 ], [ -119.29167, 53.625 ], [ -119.33333, 53.625 ] ] ], [ [ [ -120.91667, 53.58333 ], [ -120.91667, 53.54167 ], [ -120.875, 53.54167 ], [ -120.91667, 53.58333 ] ] ], [ [ [ -119.29167, 53.58333 ], [ -119.29167, 53.5 ], [ -119.25, 53.5 ], [ -119.29167, 53.58333 ] ] ], [ [ [ -120.79167, 53.54167 ], [ -120.79167, 53.5 ], [ -120.75, 53.5 ], [ -120.75, 53.54167 ], [ -120.79167, 53.54167 ] ] ], [ [ [ -120.45833, 53.54167 ], [ -120.45833, 53.5 ], [ -120.41667, 53.5 ], [ -120.41667, 53.54167 ], [ -120.45833, 53.54167 ] ] ], [ [ [ -120.375, 53.5 ], [ -120.375, 53.45833 ], [ -120.33333, 53.45833 ], [ -120.33333, 53.5 ], [ -120.375, 53.5 ] ] ], [ [ [ -123.125, 53.66667 ], [ -123.125, 53.58333 ], [ -123.04167, 53.54167 ], [ -122.95833, 53.41667 ], [ -122.83333, 53.41667 ], [ -122.875, 53.5 ], [ -122.875, 53.625 ], [ -122.95833, 53.66667 ], [ -123.125, 53.66667 ] ] ], [ [ [ -119.25, 53.5 ], [ -119.25, 53.41667 ], [ -119.20833, 53.5 ], [ -119.25, 53.5 ] ] ], [ [ [ -120.33333, 53.45833 ], [ -120.33333, 53.41667 ], [ -120.29167, 53.41667 ], [ -120.29167, 53.45833 ], [ -120.33333, 53.45833 ] ] ], [ [ [ -120.16667, 53.45833 ], [ -120.16667, 53.41667 ], [ -120.125, 53.41667 ], [ -120.125, 53.45833 ], [ -120.16667, 53.45833 ] ] ], [ [ [ -120.58333, 53.45833 ], [ -120.58333, 53.375 ], [ -120.41667, 53.375 ], [ -120.41667, 53.41667 ], [ -120.54167, 53.41667 ], [ -120.54167, 53.45833 ], [ -120.58333, 53.45833 ] ] ], [ [ [ -120.25, 53.45833 ], [ -120.25, 53.375 ], [ -120.20833, 53.375 ], [ -120.20833, 53.45833 ], [ -120.25, 53.45833 ] ] ], [ [ [ -119.95833, 53.41667 ], [ -119.95833, 53.33333 ], [ -119.79167, 53.33333 ], [ -119.79167, 53.375 ], [ -119.91667, 53.375 ], [ -119.91667, 53.41667 ], [ -119.95833, 53.41667 ] ] ], [ [ [ -120.41667, 53.375 ], [ -120.41667, 53.33333 ], [ -120.375, 53.33333 ], [ -120.375, 53.375 ], [ -120.41667, 53.375 ] ] ], [ [ [ -120.70833, 53.5 ], [ -120.75, 53.45833 ], [ -120.75, 53.41667 ], [ -120.91667, 53.41667 ], [ -120.91667, 53.375 ], [ -120.70833, 53.375 ], [ -120.70833, 53.29167 ], [ -120.66667, 53.29167 ], [ -120.66667, 53.41667 ], [ -120.625, 53.45833 ], [ -120.66667, 53.45833 ], [ -120.66667, 53.5 ], [ -120.70833, 53.5 ] ] ], [ [ [ -120.33333, 53.33333 ], [ -120.29167, 53.29167 ], [ -120.29167, 53.33333 ], [ -120.33333, 53.33333 ] ] ], [ [ [ -120.125, 53.33333 ], [ -120.125, 53.29167 ], [ -120.08333, 53.29167 ], [ -120.08333, 53.33333 ], [ -120.125, 53.33333 ] ] ], [ [ [ -118.33333, 53.41667 ], [ -118.5, 53.33333 ], [ -118.33333, 53.33333 ], [ -118.33333, 53.29167 ], [ -118.29167, 53.25 ], [ -118.20833, 53.25 ], [ -118.20833, 53.29167 ], [ -118.33333, 53.41667 ] ] ], [ [ [ -120.04167, 53.33333 ], [ -120.04167, 53.29167 ], [ -120.0, 53.29167 ], [ -120.0, 53.25 ], [ -119.95833, 53.25 ], [ -119.95833, 53.33333 ], [ -120.04167, 53.33333 ] ] ], [ [ [ -120.29167, 53.29167 ], [ -120.29167, 53.25 ], [ -120.20833, 53.25 ], [ -120.20833, 53.29167 ], [ -120.29167, 53.29167 ] ] ], [ [ [ -120.16667, 53.25 ], [ -120.16667, 53.20833 ], [ -120.125, 53.20833 ], [ -120.125, 53.25 ], [ -120.16667, 53.25 ] ] ], [ [ [ -119.95833, 53.25 ], [ -119.95833, 53.20833 ], [ -119.91667, 53.20833 ], [ -119.95833, 53.25 ] ] ], [ [ [ -120.95833, 53.20833 ], [ -120.875, 53.16667 ], [ -120.875, 53.20833 ], [ -120.95833, 53.20833 ] ] ], [ [ [ -120.125, 53.20833 ], [ -120.125, 53.16667 ], [ -120.08333, 53.16667 ], [ -120.08333, 53.20833 ], [ -120.125, 53.20833 ] ] ], [ [ [ -119.875, 53.20833 ], [ -119.875, 53.16667 ], [ -119.83333, 53.16667 ], [ -119.83333, 53.20833 ], [ -119.875, 53.20833 ] ] ], [ [ [ -119.625, 53.20833 ], [ -119.66667, 53.16667 ], [ -119.625, 53.16667 ], [ -119.625, 53.20833 ] ] ], [ [ [ -120.16667, 53.16667 ], [ -120.16667, 53.125 ], [ -120.125, 53.125 ], [ -120.125, 53.16667 ], [ -120.16667, 53.16667 ] ] ], [ [ [ -119.79167, 53.16667 ], [ -119.79167, 53.125 ], [ -119.75, 53.125 ], [ -119.75, 53.16667 ], [ -119.79167, 53.16667 ] ] ], [ [ [ -119.70833, 53.16667 ], [ -119.70833, 53.125 ], [ -119.66667, 53.125 ], [ -119.66667, 53.16667 ], [ -119.70833, 53.16667 ] ] ], [ [ [ -121.20833, 53.20833 ], [ -121.16667, 53.16667 ], [ -121.16667, 53.08333 ], [ -121.125, 53.08333 ], [ -121.04167, 53.125 ], [ -121.04167, 53.20833 ], [ -121.20833, 53.20833 ] ] ], [ [ [ -120.20833, 53.125 ], [ -120.20833, 53.08333 ], [ -120.16667, 53.08333 ], [ -120.16667, 53.125 ], [ -120.20833, 53.125 ] ] ], [ [ [ -119.875, 53.125 ], [ -119.875, 53.08333 ], [ -119.83333, 53.08333 ], [ -119.83333, 53.125 ], [ -119.875, 53.125 ] ] ], [ [ [ -119.66667, 53.125 ], [ -119.66667, 53.08333 ], [ -119.625, 53.08333 ], [ -119.625, 53.125 ], [ -119.66667, 53.125 ] ] ], [ [ [ -119.54167, 53.125 ], [ -119.54167, 53.08333 ], [ -119.5, 53.08333 ], [ -119.54167, 53.125 ] ] ], [ [ [ -120.0, 53.16667 ], [ -120.0, 53.125 ], [ -119.95833, 53.125 ], [ -119.95833, 53.04167 ], [ -119.91667, 53.04167 ], [ -119.91667, 53.16667 ], [ -120.0, 53.16667 ] ] ], [ [ [ -121.08333, 53.08333 ], [ -121.04167, 53.04167 ], [ -121.04167, 53.08333 ], [ -121.08333, 53.08333 ] ] ], [ [ [ -120.875, 53.16667 ], [ -120.875, 53.125 ], [ -120.83333, 53.08333 ], [ -120.95833, 53.08333 ], [ -120.95833, 53.04167 ], [ -120.66667, 53.04167 ], [ -120.66667, 53.125 ], [ -120.70833, 53.125 ], [ -120.75, 53.125 ], [ -120.79167, 53.16667 ], [ -120.875, 53.16667 ] ] ], [ [ [ -120.33333, 53.08333 ], [ -120.33333, 53.04167 ], [ -120.29167, 53.04167 ], [ -120.29167, 53.08333 ], [ -120.33333, 53.08333 ] ] ], [ [ [ -119.33333, 53.08333 ], [ -119.33333, 53.0 ], [ -119.29167, 53.0 ], [ -119.29167, 53.08333 ], [ -119.33333, 53.08333 ] ] ], [ [ [ -119.75, 53.08333 ], [ -119.79167, 53.0 ], [ -119.66667, 53.0 ], [ -119.66667, 53.04167 ], [ -119.70833, 53.08333 ], [ -119.75, 53.08333 ] ] ], [ [ [ -119.5, 53.04167 ], [ -119.5, 53.0 ], [ -119.45833, 53.0 ], [ -119.5, 53.04167 ] ] ], [ [ [ -119.20833, 53.08333 ], [ -119.25, 53.04167 ], [ -119.25, 53.0 ], [ -119.08333, 53.0 ], [ -119.08333, 53.04167 ], [ -119.16667, 53.04167 ], [ -119.16667, 53.08333 ], [ -119.20833, 53.08333 ] ] ], [ [ [ -121.0, 53.0 ], [ -121.0, 52.95833 ], [ -120.95833, 52.95833 ], [ -121.0, 53.0 ] ] ], [ [ [ -120.75, 53.0 ], [ -120.70833, 52.95833 ], [ -120.70833, 53.0 ], [ -120.75, 53.0 ] ] ], [ [ [ -119.91667, 53.0 ], [ -119.91667, 52.95833 ], [ -119.83333, 52.95833 ], [ -119.83333, 53.0 ], [ -119.91667, 53.0 ] ] ], [ [ [ -119.58333, 53.0 ], [ -119.58333, 52.95833 ], [ -119.54167, 52.95833 ], [ -119.54167, 53.0 ], [ -119.58333, 53.0 ] ] ], [ [ [ -119.29167, 53.0 ], [ -119.29167, 52.95833 ], [ -119.25, 53.0 ], [ -119.29167, 53.0 ] ] ], [ [ [ -119.0, 53.0 ], [ -119.0, 52.95833 ], [ -118.95833, 52.95833 ], [ -118.95833, 53.0 ], [ -119.0, 53.0 ] ] ], [ [ [ -117.70833, 53.0 ], [ -117.70833, 52.95833 ], [ -117.66667, 52.95833 ], [ -117.66667, 53.0 ], [ -117.70833, 53.0 ] ] ], [ [ [ -121.125, 52.95833 ], [ -121.125, 52.91667 ], [ -121.08333, 52.95833 ], [ -121.125, 52.95833 ] ] ], [ [ [ -121.04167, 52.95833 ], [ -121.04167, 52.91667 ], [ -121.0, 52.91667 ], [ -121.0, 52.95833 ], [ -121.04167, 52.95833 ] ] ], [ [ [ -119.95833, 52.95833 ], [ -119.91667, 52.91667 ], [ -119.91667, 52.95833 ], [ -119.95833, 52.95833 ] ] ], [ [ [ -119.54167, 52.95833 ], [ -119.54167, 52.91667 ], [ -119.5, 52.91667 ], [ -119.5, 52.95833 ], [ -119.54167, 52.95833 ] ] ], [ [ [ -118.875, 53.0 ], [ -118.875, 52.95833 ], [ -118.91667, 52.91667 ], [ -118.79167, 52.91667 ], [ -118.79167, 52.95833 ], [ -118.83333, 53.0 ], [ -118.875, 53.0 ] ] ], [ [ [ -120.66667, 52.91667 ], [ -120.66667, 52.875 ], [ -120.45833, 52.875 ], [ -120.45833, 52.91667 ], [ -120.66667, 52.91667 ] ] ], [ [ [ -119.29167, 52.91667 ], [ -119.29167, 52.875 ], [ -119.25, 52.875 ], [ -119.29167, 52.91667 ] ] ], [ [ [ -118.79167, 52.91667 ], [ -118.79167, 52.875 ], [ -118.70833, 52.875 ], [ -118.70833, 52.91667 ], [ -118.79167, 52.91667 ] ] ], [ [ [ -118.5, 52.91667 ], [ -118.5, 52.875 ], [ -118.25, 52.875 ], [ -118.25, 52.91667 ], [ -118.5, 52.91667 ] ] ], [ [ [ -119.45833, 52.875 ], [ -119.45833, 52.83333 ], [ -119.41667, 52.83333 ], [ -119.45833, 52.875 ] ] ], [ [ [ -118.66667, 52.875 ], [ -118.66667, 52.83333 ], [ -118.5, 52.83333 ], [ -118.5, 52.875 ], [ -118.66667, 52.875 ] ] ], [ [ [ -119.95833, 52.875 ], [ -119.91667, 52.79167 ], [ -119.91667, 52.875 ], [ -119.95833, 52.875 ] ] ], [ [ [ -121.25, 52.875 ], [ -121.33333, 52.875 ], [ -121.375, 52.79167 ], [ -121.29167, 52.79167 ], [ -121.25, 52.875 ] ] ], [ [ [ -119.16667, 52.83333 ], [ -119.16667, 52.79167 ], [ -119.125, 52.79167 ], [ -119.125, 52.83333 ], [ -119.16667, 52.83333 ] ] ], [ [ [ -120.91667, 52.95833 ], [ -120.91667, 52.91667 ], [ -120.95833, 52.91667 ], [ -120.91667, 52.83333 ], [ -120.875, 52.75 ], [ -120.83333, 52.75 ], [ -120.79167, 52.83333 ], [ -120.79167, 52.875 ], [ -120.875, 52.875 ], [ -120.875, 52.91667 ], [ -120.79167, 52.91667 ], [ -120.79167, 52.95833 ], [ -120.91667, 52.95833 ] ] ], [ [ [ -120.75, 52.875 ], [ -120.79167, 52.83333 ], [ -120.70833, 52.79167 ], [ -120.70833, 52.75 ], [ -120.625, 52.75 ], [ -120.625, 52.83333 ], [ -120.66667, 52.875 ], [ -120.75, 52.875 ] ] ], [ [ [ -121.29167, 52.79167 ], [ -121.29167, 52.75 ], [ -121.25, 52.75 ], [ -121.25, 52.79167 ], [ -121.29167, 52.79167 ] ] ], [ [ [ -120.54167, 52.79167 ], [ -120.58333, 52.75 ], [ -120.54167, 52.75 ], [ -120.54167, 52.79167 ] ] ], [ [ [ -119.08333, 52.79167 ], [ -119.04167, 52.75 ], [ -119.04167, 52.79167 ], [ -119.08333, 52.79167 ] ] ], [ [ [ -121.70833, 53.875 ], [ -121.70833, 53.625 ], [ -121.79167, 53.70833 ], [ -121.875, 53.70833 ], [ -121.875, 53.75 ], [ -122.04167, 53.75 ], [ -122.08333, 53.66667 ], [ -122.0, 53.66667 ], [ -121.95833, 53.58333 ], [ -121.95833, 53.5 ], [ -122.125, 53.5 ], [ -122.125, 53.58333 ], [ -122.25, 53.70833 ], [ -122.41667, 53.70833 ], [ -122.45833, 53.66667 ], [ -122.45833, 53.5 ], [ -122.33333, 53.25 ], [ -122.125, 53.25 ], [ -122.08333, 53.125 ], [ -121.875, 52.91667 ], [ -121.875, 52.83333 ], [ -121.79167, 52.83333 ], [ -121.75, 52.79167 ], [ -121.75, 52.70833 ], [ -121.45833, 52.70833 ], [ -121.41667, 52.75 ], [ -121.41667, 52.83333 ], [ -121.45833, 52.91667 ], [ -121.625, 52.91667 ], [ -121.66667, 53.04167 ], [ -121.41667, 53.04167 ], [ -121.41667, 52.95833 ], [ -121.25, 52.95833 ], [ -121.25, 52.875 ], [ -121.20833, 52.875 ], [ -121.20833, 53.0 ], [ -121.25, 53.08333 ], [ -121.25, 53.125 ], [ -121.375, 53.25 ], [ -121.33333, 53.29167 ], [ -121.20833, 53.29167 ], [ -121.20833, 53.25 ], [ -121.16667, 53.29167 ], [ -121.08333, 53.25 ], [ -121.04167, 53.20833 ], [ -120.95833, 53.20833 ], [ -120.95833, 53.25 ], [ -121.0, 53.25 ], [ -121.04167, 53.33333 ], [ -121.20833, 53.33333 ], [ -121.20833, 53.375 ], [ -121.375, 53.45833 ], [ -121.33333, 53.5 ], [ -121.375, 53.54167 ], [ -121.375, 53.625 ], [ -121.33333, 53.70833 ], [ -121.33333, 53.75 ], [ -121.41667, 53.83333 ], [ -121.5, 53.83333 ], [ -121.5, 53.70833 ], [ -121.58333, 53.70833 ], [ -121.625, 53.79167 ], [ -121.58333, 53.83333 ], [ -121.54167, 53.83333 ], [ -121.54167, 53.875 ], [ -121.625, 53.875 ], [ -121.66667, 53.875 ], [ -121.70833, 53.875 ] ], [ [ -121.875, 53.70833 ], [ -121.79167, 53.625 ], [ -121.79167, 53.58333 ], [ -121.91667, 53.58333 ], [ -121.91667, 53.70833 ], [ -121.875, 53.70833 ] ], [ [ -122.375, 53.625 ], [ -122.375, 53.58333 ], [ -122.25, 53.58333 ], [ -122.25, 53.5 ], [ -122.375, 53.5 ], [ -122.41667, 53.54167 ], [ -122.375, 53.625 ] ], [ [ -121.83333, 53.5 ], [ -121.70833, 53.5 ], [ -121.70833, 53.45833 ], [ -121.83333, 53.45833 ], [ -121.83333, 53.5 ] ], [ [ -121.25, 53.08333 ], [ -121.25, 53.0 ], [ -121.375, 53.0 ], [ -121.375, 53.08333 ], [ -121.25, 53.08333 ] ], [ [ -121.66667, 52.875 ], [ -121.5, 52.875 ], [ -121.5, 52.83333 ], [ -121.625, 52.83333 ], [ -121.66667, 52.875 ] ] ], [ [ [ -120.45833, 52.875 ], [ -120.5, 52.83333 ], [ -120.5, 52.70833 ], [ -120.41667, 52.70833 ], [ -120.41667, 52.875 ], [ -120.45833, 52.875 ] ] ], [ [ [ -121.125, 52.91667 ], [ -121.20833, 52.875 ], [ -121.20833, 52.79167 ], [ -121.16667, 52.79167 ], [ -121.08333, 52.79167 ], [ -121.125, 52.79167 ], [ -121.08333, 52.75 ], [ -121.0, 52.79167 ], [ -120.91667, 52.83333 ], [ -121.0, 52.83333 ], [ -121.0, 52.875 ], [ -121.125, 52.875 ], [ -121.125, 52.91667 ] ] ], [ [ [ -120.95833, 52.75 ], [ -120.95833, 52.70833 ], [ -120.91667, 52.75 ], [ -120.95833, 52.75 ] ] ], [ [ [ -119.375, 52.79167 ], [ -119.375, 52.75 ], [ -119.5, 52.75 ], [ -119.5, 52.70833 ], [ -119.29167, 52.70833 ], [ -119.375, 52.79167 ] ] ], [ [ [ -119.20833, 52.75 ], [ -119.20833, 52.70833 ], [ -119.16667, 52.70833 ], [ -119.20833, 52.75 ] ] ], [ [ [ -119.04167, 52.75 ], [ -119.0, 52.70833 ], [ -119.0, 52.75 ], [ -119.04167, 52.75 ] ] ], [ [ [ -120.83333, 52.75 ], [ -120.83333, 52.66667 ], [ -120.75, 52.70833 ], [ -120.75, 52.75 ], [ -120.83333, 52.75 ] ] ], [ [ [ -120.95833, 52.70833 ], [ -121.0, 52.66667 ], [ -120.95833, 52.66667 ], [ -120.95833, 52.70833 ] ] ], [ [ [ -120.20833, 52.70833 ], [ -120.20833, 52.66667 ], [ -120.16667, 52.66667 ], [ -120.20833, 52.70833 ] ] ], [ [ [ -119.0, 52.70833 ], [ -119.0, 52.66667 ], [ -118.95833, 52.66667 ], [ -118.95833, 52.70833 ], [ -119.0, 52.70833 ] ] ], [ [ [ -120.5, 52.66667 ], [ -120.5, 52.625 ], [ -120.45833, 52.625 ], [ -120.45833, 52.66667 ], [ -120.5, 52.66667 ] ] ], [ [ [ -120.33333, 52.66667 ], [ -120.33333, 52.625 ], [ -120.20833, 52.625 ], [ -120.20833, 52.66667 ], [ -120.33333, 52.66667 ] ] ], [ [ [ -119.04167, 52.66667 ], [ -119.04167, 52.625 ], [ -119.0, 52.625 ], [ -119.0, 52.66667 ], [ -119.04167, 52.66667 ] ] ], [ [ [ -121.41667, 52.75 ], [ -121.41667, 52.625 ], [ -121.375, 52.58333 ], [ -121.25, 52.58333 ], [ -121.25, 52.66667 ], [ -121.33333, 52.66667 ], [ -121.33333, 52.75 ], [ -121.41667, 52.75 ] ] ], [ [ [ -121.16667, 52.625 ], [ -121.20833, 52.58333 ], [ -121.125, 52.58333 ], [ -121.125, 52.625 ], [ -121.16667, 52.625 ] ] ], [ [ [ -118.95833, 52.66667 ], [ -118.95833, 52.58333 ], [ -118.91667, 52.58333 ], [ -118.875, 52.625 ], [ -118.875, 52.66667 ], [ -118.95833, 52.66667 ] ] ], [ [ [ -120.95833, 52.625 ], [ -120.95833, 52.58333 ], [ -120.875, 52.58333 ], [ -120.875, 52.625 ], [ -120.95833, 52.625 ] ] ], [ [ [ -120.20833, 52.625 ], [ -120.20833, 52.58333 ], [ -120.16667, 52.58333 ], [ -120.16667, 52.625 ], [ -120.20833, 52.625 ] ] ], [ [ [ -119.625, 52.625 ], [ -119.625, 52.58333 ], [ -119.58333, 52.625 ], [ -119.625, 52.625 ] ] ], [ [ [ -118.04167, 52.625 ], [ -118.04167, 52.58333 ], [ -118.0, 52.58333 ], [ -118.0, 52.625 ], [ -118.04167, 52.625 ] ] ], [ [ [ -118.875, 52.625 ], [ -118.875, 52.58333 ], [ -118.83333, 52.54167 ], [ -118.79167, 52.54167 ], [ -118.79167, 52.625 ], [ -118.875, 52.625 ] ] ], [ [ [ -120.79167, 52.58333 ], [ -120.79167, 52.54167 ], [ -120.70833, 52.54167 ], [ -120.70833, 52.58333 ], [ -120.79167, 52.58333 ] ] ], [ [ [ -120.41667, 52.54167 ], [ -120.41667, 52.58333 ], [ -120.54167, 52.58333 ], [ -120.54167, 52.54167 ], [ -120.41667, 52.54167 ] ] ], [ [ [ -120.20833, 52.58333 ], [ -120.25, 52.54167 ], [ -120.20833, 52.54167 ], [ -120.20833, 52.58333 ] ] ], [ [ [ -119.08333, 52.58333 ], [ -119.08333, 52.54167 ], [ -119.04167, 52.54167 ], [ -119.08333, 52.58333 ] ] ], [ [ [ -118.91667, 52.58333 ], [ -118.875, 52.54167 ], [ -118.875, 52.58333 ], [ -118.91667, 52.58333 ] ] ], [ [ [ -118.08333, 52.58333 ], [ -118.04167, 52.54167 ], [ -118.04167, 52.58333 ], [ -118.08333, 52.58333 ] ] ], [ [ [ -119.20833, 52.66667 ], [ -119.20833, 52.625 ], [ -119.16667, 52.625 ], [ -119.16667, 52.5 ], [ -119.125, 52.5 ], [ -119.125, 52.66667 ], [ -119.20833, 52.66667 ] ] ], [ [ [ -120.625, 52.54167 ], [ -120.625, 52.5 ], [ -120.58333, 52.5 ], [ -120.58333, 52.54167 ], [ -120.625, 52.54167 ] ] ], [ [ [ -119.75, 52.54167 ], [ -119.79167, 52.5 ], [ -119.75, 52.5 ], [ -119.75, 52.54167 ] ] ], [ [ [ -119.5, 52.54167 ], [ -119.5, 52.5 ], [ -119.45833, 52.5 ], [ -119.45833, 52.54167 ], [ -119.5, 52.54167 ] ] ], [ [ [ -118.875, 52.54167 ], [ -118.83333, 52.5 ], [ -118.83333, 52.54167 ], [ -118.875, 52.54167 ] ] ], [ [ [ -118.79167, 52.54167 ], [ -118.79167, 52.5 ], [ -118.75, 52.5 ], [ -118.75, 52.54167 ], [ -118.79167, 52.54167 ] ] ], [ [ [ -120.70833, 52.5 ], [ -120.70833, 52.45833 ], [ -120.66667, 52.5 ], [ -120.70833, 52.5 ] ] ], [ [ [ -120.29167, 52.5 ], [ -120.29167, 52.45833 ], [ -120.125, 52.45833 ], [ -120.125, 52.5 ], [ -120.29167, 52.5 ] ] ], [ [ [ -119.83333, 52.5 ], [ -119.83333, 52.45833 ], [ -119.79167, 52.45833 ], [ -119.79167, 52.5 ], [ -119.83333, 52.5 ] ] ], [ [ [ -119.375, 52.54167 ], [ -119.375, 52.5 ], [ -119.41667, 52.5 ], [ -119.41667, 52.45833 ], [ -119.29167, 52.45833 ], [ -119.29167, 52.5 ], [ -119.33333, 52.5 ], [ -119.33333, 52.54167 ], [ -119.375, 52.54167 ] ] ], [ [ [ -118.83333, 52.5 ], [ -118.83333, 52.45833 ], [ -118.79167, 52.45833 ], [ -118.79167, 52.5 ], [ -118.83333, 52.5 ] ] ], [ [ [ -118.75, 52.5 ], [ -118.75, 52.45833 ], [ -118.70833, 52.45833 ], [ -118.75, 52.5 ] ] ], [ [ [ -120.41667, 52.54167 ], [ -120.41667, 52.41667 ], [ -120.375, 52.41667 ], [ -120.375, 52.54167 ], [ -120.41667, 52.54167 ] ] ], [ [ [ -119.95833, 52.45833 ], [ -119.91667, 52.41667 ], [ -119.91667, 52.45833 ], [ -119.95833, 52.45833 ] ] ], [ [ [ -119.875, 52.45833 ], [ -119.875, 52.41667 ], [ -119.83333, 52.41667 ], [ -119.83333, 52.45833 ], [ -119.875, 52.45833 ] ] ], [ [ [ -119.08333, 52.5 ], [ -119.08333, 52.45833 ], [ -119.125, 52.45833 ], [ -119.125, 52.41667 ], [ -119.04167, 52.41667 ], [ -119.04167, 52.5 ], [ -119.08333, 52.5 ] ] ], [ [ [ -117.79167, 52.58333 ], [ -117.79167, 52.54167 ], [ -117.70833, 52.54167 ], [ -117.70833, 52.5 ], [ -117.66667, 52.5 ], [ -117.66667, 52.375 ], [ -117.625, 52.375 ], [ -117.625, 52.54167 ], [ -117.66667, 52.58333 ], [ -117.79167, 52.58333 ] ] ], [ [ [ -118.66667, 52.5 ], [ -118.66667, 52.375 ], [ -118.5, 52.375 ], [ -118.5, 52.41667 ], [ -118.58333, 52.41667 ], [ -118.58333, 52.45833 ], [ -118.625, 52.5 ], [ -118.66667, 52.5 ] ] ], [ [ [ -120.25, 52.41667 ], [ -120.25, 52.375 ], [ -120.20833, 52.375 ], [ -120.20833, 52.41667 ], [ -120.25, 52.41667 ] ] ], [ [ [ -120.16667, 52.41667 ], [ -120.16667, 52.375 ], [ -120.125, 52.375 ], [ -120.125, 52.33333 ], [ -120.08333, 52.33333 ], [ -120.08333, 52.41667 ], [ -120.16667, 52.41667 ] ] ], [ [ [ -121.125, 52.375 ], [ -121.125, 52.33333 ], [ -121.0, 52.33333 ], [ -121.0, 52.375 ], [ -121.125, 52.375 ] ] ], [ [ [ -120.375, 52.41667 ], [ -120.41667, 52.33333 ], [ -120.33333, 52.33333 ], [ -120.375, 52.41667 ] ] ], [ [ [ -119.75, 52.41667 ], [ -119.75, 52.375 ], [ -119.91667, 52.375 ], [ -119.91667, 52.33333 ], [ -119.70833, 52.33333 ], [ -119.70833, 52.41667 ], [ -119.75, 52.41667 ] ] ], [ [ [ -119.125, 52.375 ], [ -119.125, 52.33333 ], [ -119.08333, 52.33333 ], [ -119.08333, 52.375 ], [ -119.125, 52.375 ] ] ], [ [ [ -118.70833, 52.375 ], [ -118.70833, 52.33333 ], [ -118.66667, 52.33333 ], [ -118.66667, 52.375 ], [ -118.70833, 52.375 ] ] ], [ [ [ -120.70833, 52.45833 ], [ -120.75, 52.41667 ], [ -120.91667, 52.41667 ], [ -120.91667, 52.375 ], [ -120.79167, 52.375 ], [ -120.70833, 52.29167 ], [ -120.70833, 52.33333 ], [ -120.625, 52.375 ], [ -120.70833, 52.45833 ] ] ], [ [ [ -118.54167, 52.33333 ], [ -118.54167, 52.29167 ], [ -118.5, 52.29167 ], [ -118.54167, 52.33333 ] ] ], [ [ [ -118.125, 52.33333 ], [ -118.125, 52.29167 ], [ -118.08333, 52.29167 ], [ -118.125, 52.33333 ] ] ], [ [ [ -120.70833, 52.29167 ], [ -120.70833, 52.25 ], [ -120.66667, 52.25 ], [ -120.70833, 52.29167 ] ] ], [ [ [ -120.16667, 52.29167 ], [ -120.16667, 52.25 ], [ -120.125, 52.25 ], [ -120.125, 52.29167 ], [ -120.16667, 52.29167 ] ] ], [ [ [ -120.58333, 52.25 ], [ -120.58333, 52.20833 ], [ -120.45833, 52.20833 ], [ -120.45833, 52.25 ], [ -120.58333, 52.25 ] ] ], [ [ [ -120.375, 52.25 ], [ -120.375, 52.20833 ], [ -120.33333, 52.20833 ], [ -120.375, 52.25 ] ] ], [ [ [ -120.125, 52.25 ], [ -120.08333, 52.20833 ], [ -120.08333, 52.25 ], [ -120.125, 52.25 ] ] ], [ [ [ -119.66667, 52.25 ], [ -119.70833, 52.20833 ], [ -119.66667, 52.20833 ], [ -119.66667, 52.25 ] ] ], [ [ [ -118.54167, 52.25 ], [ -118.5, 52.20833 ], [ -118.5, 52.25 ], [ -118.54167, 52.25 ] ] ], [ [ [ -118.20833, 52.25 ], [ -118.20833, 52.20833 ], [ -118.16667, 52.20833 ], [ -118.16667, 52.25 ], [ -118.20833, 52.25 ] ] ], [ [ [ -119.25, 52.45833 ], [ -119.29167, 52.375 ], [ -119.29167, 52.33333 ], [ -119.29167, 52.29167 ], [ -119.33333, 52.29167 ], [ -119.33333, 52.25 ], [ -119.29167, 52.16667 ], [ -119.25, 52.16667 ], [ -119.20833, 52.25 ], [ -119.20833, 52.41667 ], [ -119.16667, 52.45833 ], [ -119.25, 52.45833 ] ] ], [ [ [ -118.41667, 52.25 ], [ -118.41667, 52.16667 ], [ -118.375, 52.16667 ], [ -118.375, 52.25 ], [ -118.41667, 52.25 ] ] ], [ [ [ -120.29167, 52.20833 ], [ -120.25, 52.16667 ], [ -120.25, 52.20833 ], [ -120.29167, 52.20833 ] ] ], [ [ [ -119.66667, 52.20833 ], [ -119.625, 52.16667 ], [ -119.625, 52.20833 ], [ -119.66667, 52.20833 ] ] ], [ [ [ -118.16667, 52.20833 ], [ -118.16667, 52.16667 ], [ -118.125, 52.16667 ], [ -118.125, 52.20833 ], [ -118.16667, 52.20833 ] ] ], [ [ [ -120.91667, 52.16667 ], [ -120.91667, 52.125 ], [ -120.83333, 52.125 ], [ -120.83333, 52.16667 ], [ -120.91667, 52.16667 ] ] ], [ [ [ -118.58333, 52.16667 ], [ -118.58333, 52.125 ], [ -118.54167, 52.16667 ], [ -118.58333, 52.16667 ] ] ], [ [ [ -119.91667, 52.25 ], [ -119.91667, 52.20833 ], [ -120.0, 52.20833 ], [ -120.0, 52.16667 ], [ -120.08333, 52.20833 ], [ -120.08333, 52.08333 ], [ -119.91667, 52.08333 ], [ -119.875, 52.125 ], [ -119.875, 52.25 ], [ -119.91667, 52.25 ] ] ], [ [ [ -119.125, 52.33333 ], [ -119.16667, 52.33333 ], [ -119.16667, 52.20833 ], [ -119.20833, 52.20833 ], [ -119.20833, 52.08333 ], [ -119.08333, 52.08333 ], [ -119.125, 52.125 ], [ -119.125, 52.25 ], [ -119.04167, 52.25 ], [ -119.04167, 52.29167 ], [ -119.125, 52.29167 ], [ -119.125, 52.33333 ] ] ], [ [ [ -120.70833, 52.16667 ], [ -120.70833, 52.08333 ], [ -120.66667, 52.08333 ], [ -120.66667, 52.125 ], [ -120.625, 52.125 ], [ -120.70833, 52.16667 ] ] ], [ [ [ -118.33333, 52.16667 ], [ -118.33333, 52.08333 ], [ -118.29167, 52.08333 ], [ -118.29167, 52.125 ], [ -118.16667, 52.125 ], [ -118.16667, 52.16667 ], [ -118.33333, 52.16667 ] ] ], [ [ [ -120.58333, 52.125 ], [ -120.54167, 52.08333 ], [ -120.54167, 52.125 ], [ -120.58333, 52.125 ] ] ], [ [ [ -119.70833, 52.20833 ], [ -119.83333, 52.20833 ], [ -119.83333, 52.16667 ], [ -119.79167, 52.16667 ], [ -119.83333, 52.08333 ], [ -119.75, 52.08333 ], [ -119.75, 52.16667 ], [ -119.70833, 52.16667 ], [ -119.70833, 52.20833 ] ] ], [ [ [ -118.75, 52.125 ], [ -118.75, 52.08333 ], [ -118.66667, 52.08333 ], [ -118.66667, 52.125 ], [ -118.75, 52.125 ] ] ], [ [ [ -118.08333, 52.125 ], [ -118.08333, 52.08333 ], [ -118.04167, 52.08333 ], [ -118.08333, 52.125 ] ] ], [ [ [ -120.70833, 52.08333 ], [ -120.75, 52.04167 ], [ -120.70833, 52.04167 ], [ -120.70833, 52.08333 ] ] ], [ [ [ -119.83333, 52.08333 ], [ -119.875, 52.04167 ], [ -119.83333, 52.04167 ], [ -119.83333, 52.08333 ] ] ], [ [ [ -119.66667, 52.08333 ], [ -119.625, 52.04167 ], [ -119.625, 52.08333 ], [ -119.66667, 52.08333 ] ] ], [ [ [ -119.08333, 52.08333 ], [ -119.08333, 52.04167 ], [ -118.95833, 52.04167 ], [ -118.95833, 52.08333 ], [ -119.08333, 52.08333 ] ] ], [ [ [ -118.5, 52.08333 ], [ -118.5, 52.04167 ], [ -118.375, 52.04167 ], [ -118.375, 52.08333 ], [ -118.5, 52.08333 ] ] ], [ [ [ -121.25, 52.25 ], [ -121.20833, 52.16667 ], [ -121.20833, 52.08333 ], [ -121.08333, 52.08333 ], [ -121.04167, 52.0 ], [ -120.75, 52.0 ], [ -120.75, 52.04167 ], [ -120.83333, 52.125 ], [ -120.875, 52.04167 ], [ -121.0, 52.04167 ], [ -120.95833, 52.125 ], [ -120.95833, 52.20833 ], [ -121.08333, 52.20833 ], [ -121.08333, 52.25 ], [ -121.25, 52.25 ] ] ], [ [ [ -120.54167, 52.08333 ], [ -120.54167, 52.0 ], [ -120.375, 52.0 ], [ -120.375, 52.04167 ], [ -120.45833, 52.04167 ], [ -120.54167, 52.08333 ] ] ], [ [ [ -120.25, 52.08333 ], [ -120.375, 52.08333 ], [ -120.375, 52.04167 ], [ -120.33333, 52.0 ], [ -120.25, 52.0 ], [ -120.25, 52.08333 ] ] ], [ [ [ -117.70833, 52.08333 ], [ -117.70833, 52.0 ], [ -117.66667, 52.0 ], [ -117.66667, 52.08333 ], [ -117.70833, 52.08333 ] ] ], [ [ [ -116.625, 52.04167 ], [ -116.625, 52.0 ], [ -116.58333, 52.0 ], [ -116.58333, 52.04167 ], [ -116.625, 52.04167 ] ] ], [ [ [ -118.25, 52.08333 ], [ -118.25, 52.04167 ], [ -118.16667, 52.04167 ], [ -118.16667, 51.95833 ], [ -118.125, 51.95833 ], [ -118.125, 52.04167 ], [ -118.08333, 52.04167 ], [ -118.08333, 52.08333 ], [ -118.25, 52.08333 ] ] ], [ [ [ -119.95833, 52.0 ], [ -119.95833, 51.95833 ], [ -119.91667, 51.95833 ], [ -119.91667, 52.0 ], [ -119.95833, 52.0 ] ] ], [ [ [ -118.54167, 52.0 ], [ -118.54167, 51.95833 ], [ -118.45833, 51.95833 ], [ -118.45833, 52.0 ], [ -118.54167, 52.0 ] ] ], [ [ [ -117.91667, 52.04167 ], [ -117.95833, 52.0 ], [ -118.04167, 52.0 ], [ -118.04167, 51.95833 ], [ -117.91667, 51.95833 ], [ -117.91667, 52.04167 ] ] ], [ [ [ -116.75, 52.0 ], [ -116.75, 51.95833 ], [ -116.66667, 51.95833 ], [ -116.66667, 52.0 ], [ -116.75, 52.0 ] ] ], [ [ [ -118.75, 52.04167 ], [ -118.75, 52.0 ], [ -118.875, 52.0 ], [ -118.875, 51.95833 ], [ -118.79167, 51.95833 ], [ -118.75, 51.91667 ], [ -118.66667, 51.95833 ], [ -118.66667, 52.0 ], [ -118.70833, 52.0 ], [ -118.70833, 52.04167 ], [ -118.75, 52.04167 ] ] ], [ [ [ -117.33333, 52.0 ], [ -117.375, 51.91667 ], [ -117.33333, 51.91667 ], [ -117.33333, 52.0 ] ] ], [ [ [ -118.66667, 51.95833 ], [ -118.66667, 51.91667 ], [ -118.625, 51.91667 ], [ -118.625, 51.95833 ], [ -118.66667, 51.95833 ] ] ], [ [ [ -119.29167, 52.04167 ], [ -119.29167, 51.875 ], [ -119.25, 51.875 ], [ -119.25, 51.91667 ], [ -119.16667, 51.91667 ], [ -119.125, 51.95833 ], [ -119.125, 52.0 ], [ -119.20833, 52.0 ], [ -119.25, 51.95833 ], [ -119.25, 52.04167 ], [ -119.29167, 52.04167 ] ] ], [ [ [ -121.33333, 51.95833 ], [ -121.29167, 51.875 ], [ -121.20833, 51.875 ], [ -121.20833, 51.95833 ], [ -121.33333, 51.95833 ] ] ], [ [ [ -119.04167, 51.91667 ], [ -119.08333, 51.875 ], [ -119.04167, 51.875 ], [ -119.04167, 51.91667 ] ] ], [ [ [ -118.91667, 51.91667 ], [ -118.91667, 51.875 ], [ -118.875, 51.875 ], [ -118.875, 51.91667 ], [ -118.91667, 51.91667 ] ] ], [ [ [ -118.41667, 51.91667 ], [ -118.375, 51.875 ], [ -118.375, 51.91667 ], [ -118.41667, 51.91667 ] ] ], [ [ [ -117.875, 51.91667 ], [ -117.875, 51.875 ], [ -117.83333, 51.875 ], [ -117.83333, 51.91667 ], [ -117.875, 51.91667 ] ] ], [ [ [ -119.625, 51.91667 ], [ -119.70833, 51.91667 ], [ -119.70833, 51.83333 ], [ -119.625, 51.83333 ], [ -119.625, 51.91667 ] ] ], [ [ [ -117.33333, 51.91667 ], [ -117.33333, 51.83333 ], [ -117.29167, 51.83333 ], [ -117.29167, 51.91667 ], [ -117.33333, 51.91667 ] ] ], [ [ [ -119.95833, 51.875 ], [ -119.95833, 51.83333 ], [ -119.91667, 51.83333 ], [ -119.95833, 51.875 ] ] ], [ [ [ -118.875, 51.875 ], [ -118.875, 51.83333 ], [ -118.79167, 51.83333 ], [ -118.79167, 51.875 ], [ -118.875, 51.875 ] ] ], [ [ [ -117.45833, 51.875 ], [ -117.45833, 51.83333 ], [ -117.41667, 51.83333 ], [ -117.41667, 51.875 ], [ -117.45833, 51.875 ] ] ], [ [ [ -120.0, 51.83333 ], [ -120.0, 51.79167 ], [ -119.95833, 51.79167 ], [ -119.95833, 51.83333 ], [ -120.0, 51.83333 ] ] ], [ [ [ -119.04167, 51.83333 ], [ -119.04167, 51.79167 ], [ -119.0, 51.79167 ], [ -119.0, 51.83333 ], [ -119.04167, 51.83333 ] ] ], [ [ [ -118.75, 51.83333 ], [ -118.75, 51.79167 ], [ -118.70833, 51.79167 ], [ -118.70833, 51.83333 ], [ -118.75, 51.83333 ] ] ], [ [ [ -117.83333, 51.83333 ], [ -117.83333, 51.79167 ], [ -117.79167, 51.79167 ], [ -117.79167, 51.83333 ], [ -117.83333, 51.83333 ] ] ], [ [ [ -117.70833, 51.83333 ], [ -117.70833, 51.79167 ], [ -117.66667, 51.79167 ], [ -117.66667, 51.83333 ], [ -117.70833, 51.83333 ] ] ], [ [ [ -117.41667, 51.83333 ], [ -117.375, 51.79167 ], [ -117.375, 51.83333 ], [ -117.41667, 51.83333 ] ] ], [ [ [ -117.29167, 51.83333 ], [ -117.29167, 51.79167 ], [ -117.20833, 51.79167 ], [ -117.20833, 51.83333 ], [ -117.29167, 51.83333 ] ] ], [ [ [ -119.16667, 51.875 ], [ -119.25, 51.83333 ], [ -119.25, 51.79167 ], [ -119.20833, 51.79167 ], [ -119.20833, 51.75 ], [ -119.16667, 51.75 ], [ -119.16667, 51.875 ] ] ], [ [ [ -118.79167, 51.79167 ], [ -118.75, 51.75 ], [ -118.75, 51.79167 ], [ -118.79167, 51.79167 ] ] ], [ [ [ -117.75, 51.79167 ], [ -117.75, 51.75 ], [ -117.70833, 51.75 ], [ -117.70833, 51.79167 ], [ -117.75, 51.79167 ] ] ], [ [ [ -117.375, 51.79167 ], [ -117.375, 51.75 ], [ -117.33333, 51.75 ], [ -117.33333, 51.79167 ], [ -117.375, 51.79167 ] ] ], [ [ [ -119.75, 51.875 ], [ -119.79167, 51.875 ], [ -119.79167, 51.70833 ], [ -119.75, 51.79167 ], [ -119.75, 51.875 ] ] ], [ [ [ -119.95833, 51.75 ], [ -119.95833, 51.70833 ], [ -119.91667, 51.70833 ], [ -119.95833, 51.75 ] ] ], [ [ [ -119.45833, 52.20833 ], [ -119.45833, 52.08333 ], [ -119.54167, 52.08333 ], [ -119.54167, 52.16667 ], [ -119.625, 52.16667 ], [ -119.58333, 52.125 ], [ -119.625, 52.04167 ], [ -119.625, 51.91667 ], [ -119.5, 51.91667 ], [ -119.41667, 51.95833 ], [ -119.41667, 51.83333 ], [ -119.5, 51.83333 ], [ -119.54167, 51.875 ], [ -119.54167, 51.83333 ], [ -119.625, 51.83333 ], [ -119.66667, 51.79167 ], [ -119.66667, 51.70833 ], [ -119.58333, 51.70833 ], [ -119.5, 51.70833 ], [ -119.41667, 51.70833 ], [ -119.375, 51.75 ], [ -119.375, 52.08333 ], [ -119.33333, 52.125 ], [ -119.33333, 52.16667 ], [ -119.41667, 52.16667 ], [ -119.41667, 52.20833 ], [ -119.45833, 52.20833 ] ], [ [ -119.54167, 52.0 ], [ -119.54167, 52.04167 ], [ -119.41667, 52.04167 ], [ -119.41667, 52.0 ], [ -119.54167, 52.0 ] ] ], [ [ [ -119.04167, 51.75 ], [ -119.08333, 51.70833 ], [ -119.04167, 51.70833 ], [ -119.04167, 51.75 ] ] ], [ [ [ -118.33333, 51.75 ], [ -118.33333, 51.70833 ], [ -118.29167, 51.70833 ], [ -118.33333, 51.75 ] ] ], [ [ [ -117.5, 51.75 ], [ -117.45833, 51.70833 ], [ -117.45833, 51.75 ], [ -117.5, 51.75 ] ] ], [ [ [ -119.91667, 51.70833 ], [ -119.91667, 51.66667 ], [ -119.79167, 51.66667 ], [ -119.79167, 51.70833 ], [ -119.91667, 51.70833 ] ] ], [ [ [ -119.25, 51.70833 ], [ -119.25, 51.66667 ], [ -119.20833, 51.66667 ], [ -119.20833, 51.70833 ], [ -119.25, 51.70833 ] ] ], [ [ [ -117.66667, 51.70833 ], [ -117.66667, 51.66667 ], [ -117.625, 51.66667 ], [ -117.625, 51.70833 ], [ -117.66667, 51.70833 ] ] ], [ [ [ -119.25, 51.66667 ], [ -119.33333, 51.625 ], [ -119.25, 51.625 ], [ -119.25, 51.66667 ] ] ], [ [ [ -119.08333, 51.66667 ], [ -119.08333, 51.625 ], [ -119.04167, 51.66667 ], [ -119.08333, 51.66667 ] ] ], [ [ [ -117.58333, 51.66667 ], [ -117.58333, 51.625 ], [ -117.54167, 51.625 ], [ -117.54167, 51.66667 ], [ -117.58333, 51.66667 ] ] ], [ [ [ -117.41667, 51.66667 ], [ -117.41667, 51.625 ], [ -117.375, 51.625 ], [ -117.375, 51.66667 ], [ -117.41667, 51.66667 ] ] ], [ [ [ -124.79167, 51.75 ], [ -124.83333, 51.70833 ], [ -124.95833, 51.70833 ], [ -125.0, 51.66667 ], [ -125.0, 51.58333 ], [ -124.91667, 51.66667 ], [ -124.70833, 51.66667 ], [ -124.70833, 51.70833 ], [ -124.79167, 51.75 ] ] ], [ [ [ -117.75, 51.625 ], [ -117.75, 51.58333 ], [ -117.70833, 51.625 ], [ -117.75, 51.625 ] ] ], [ [ [ -117.33333, 51.625 ], [ -117.33333, 51.58333 ], [ -117.25, 51.58333 ], [ -117.25, 51.625 ], [ -117.33333, 51.625 ] ] ], [ [ [ -121.79167, 51.66667 ], [ -121.75, 51.58333 ], [ -121.66667, 51.54167 ], [ -121.375, 51.54167 ], [ -121.375, 51.58333 ], [ -121.54167, 51.58333 ], [ -121.54167, 51.625 ], [ -121.66667, 51.625 ], [ -121.66667, 51.66667 ], [ -121.79167, 51.66667 ] ] ], [ [ [ -119.5, 51.625 ], [ -119.5, 51.54167 ], [ -119.33333, 51.54167 ], [ -119.33333, 51.58333 ], [ -119.375, 51.58333 ], [ -119.375, 51.625 ], [ -119.5, 51.625 ] ] ], [ [ [ -118.95833, 51.625 ], [ -118.95833, 51.54167 ], [ -118.91667, 51.625 ], [ -118.95833, 51.625 ] ] ], [ [ [ -94.125, 51.625 ], [ -94.125, 51.58333 ], [ -94.0, 51.58333 ], [ -93.95833, 51.625 ], [ -94.125, 51.625 ] ] ], [ [ [ -120.04167, 51.58333 ], [ -120.04167, 51.54167 ], [ -119.91667, 51.54167 ], [ -119.91667, 51.58333 ], [ -120.04167, 51.58333 ] ] ], [ [ [ -116.875, 51.58333 ], [ -116.875, 51.54167 ], [ -116.79167, 51.54167 ], [ -116.79167, 51.58333 ], [ -116.875, 51.58333 ] ] ], [ [ [ -120.41667, 51.875 ], [ -120.41667, 51.83333 ], [ -120.54167, 51.83333 ], [ -120.45833, 51.75 ], [ -120.45833, 51.70833 ], [ -120.66667, 51.70833 ], [ -120.66667, 51.625 ], [ -120.54167, 51.5 ], [ -120.33333, 51.5 ], [ -120.29167, 51.54167 ], [ -120.29167, 51.625 ], [ -120.41667, 51.75 ], [ -120.33333, 51.75 ], [ -120.29167, 51.66667 ], [ -120.25, 51.66667 ], [ -120.20833, 51.66667 ], [ -120.125, 51.66667 ], [ -120.08333, 51.70833 ], [ -120.08333, 51.79167 ], [ -120.125, 51.79167 ], [ -120.125, 51.875 ], [ -120.41667, 51.875 ] ] ], [ [ [ -124.45833, 51.66667 ], [ -124.45833, 51.5 ], [ -124.41667, 51.5 ], [ -124.41667, 51.66667 ], [ -124.45833, 51.66667 ] ] ], [ [ [ -117.20833, 51.58333 ], [ -117.08333, 51.5 ], [ -117.08333, 51.58333 ], [ -117.20833, 51.58333 ] ] ], [ [ [ -122.08333, 51.58333 ], [ -122.125, 51.5 ], [ -122.0, 51.5 ], [ -122.08333, 51.58333 ] ] ], [ [ [ -119.58333, 51.54167 ], [ -119.58333, 51.5 ], [ -119.54167, 51.54167 ], [ -119.58333, 51.54167 ] ] ], [ [ [ -119.08333, 51.54167 ], [ -119.125, 51.5 ], [ -119.08333, 51.5 ], [ -119.08333, 51.54167 ] ] ], [ [ [ -112.33333, 51.54167 ], [ -112.33333, 51.5 ], [ -112.20833, 51.5 ], [ -112.20833, 51.54167 ], [ -112.33333, 51.54167 ] ] ], [ [ [ -124.16667, 51.58333 ], [ -124.20833, 51.58333 ], [ -124.20833, 51.45833 ], [ -124.16667, 51.45833 ], [ -124.125, 51.5 ], [ -124.16667, 51.58333 ] ] ], [ [ [ -117.0, 51.54167 ], [ -117.0, 51.5 ], [ -116.95833, 51.5 ], [ -116.95833, 51.45833 ], [ -116.91667, 51.45833 ], [ -116.875, 51.5 ], [ -116.875, 51.54167 ], [ -117.0, 51.54167 ] ] ], [ [ [ -124.375, 51.5 ], [ -124.375, 51.45833 ], [ -124.33333, 51.45833 ], [ -124.375, 51.5 ] ] ], [ [ [ -117.45833, 51.5 ], [ -117.45833, 51.45833 ], [ -117.25, 51.45833 ], [ -117.25, 51.5 ], [ -117.45833, 51.5 ] ] ], [ [ [ -120.08333, 51.54167 ], [ -120.08333, 51.41667 ], [ -120.04167, 51.41667 ], [ -120.04167, 51.54167 ], [ -120.08333, 51.54167 ] ] ], [ [ [ -124.25, 51.45833 ], [ -124.25, 51.41667 ], [ -124.20833, 51.41667 ], [ -124.20833, 51.45833 ], [ -124.25, 51.45833 ] ] ], [ [ [ -117.20833, 51.45833 ], [ -117.16667, 51.41667 ], [ -117.16667, 51.45833 ], [ -117.20833, 51.45833 ] ] ], [ [ [ -119.29167, 51.5 ], [ -119.33333, 51.45833 ], [ -119.33333, 51.375 ], [ -119.20833, 51.375 ], [ -119.20833, 51.5 ], [ -119.29167, 51.5 ] ] ], [ [ [ -124.45833, 51.5 ], [ -124.54167, 51.5 ], [ -124.54167, 51.41667 ], [ -124.66667, 51.41667 ], [ -124.66667, 51.375 ], [ -124.41667, 51.375 ], [ -124.41667, 51.41667 ], [ -124.5, 51.41667 ], [ -124.45833, 51.5 ] ] ], [ [ [ -119.875, 51.54167 ], [ -119.875, 51.41667 ], [ -119.91667, 51.41667 ], [ -119.91667, 51.375 ], [ -119.83333, 51.375 ], [ -119.83333, 51.54167 ], [ -119.875, 51.54167 ] ] ], [ [ [ -118.95833, 51.41667 ], [ -119.0, 51.375 ], [ -118.95833, 51.375 ], [ -118.95833, 51.41667 ] ] ], [ [ [ -117.0, 51.41667 ], [ -117.0, 51.375 ], [ -116.95833, 51.375 ], [ -116.95833, 51.41667 ], [ -117.0, 51.41667 ] ] ], [ [ [ -119.75, 51.54167 ], [ -119.75, 51.375 ], [ -119.70833, 51.375 ], [ -119.70833, 51.41667 ], [ -119.58333, 51.41667 ], [ -119.625, 51.33333 ], [ -119.5, 51.33333 ], [ -119.5, 51.41667 ], [ -119.58333, 51.5 ], [ -119.70833, 51.5 ], [ -119.70833, 51.54167 ], [ -119.75, 51.54167 ] ] ], [ [ [ -116.95833, 51.375 ], [ -116.95833, 51.33333 ], [ -116.91667, 51.33333 ], [ -116.91667, 51.375 ], [ -116.95833, 51.375 ] ] ], [ [ [ -120.08333, 51.375 ], [ -120.08333, 51.29167 ], [ -120.04167, 51.29167 ], [ -120.08333, 51.375 ] ] ], [ [ [ -120.0, 51.375 ], [ -120.0, 51.29167 ], [ -119.95833, 51.29167 ], [ -119.91667, 51.33333 ], [ -119.91667, 51.375 ], [ -120.0, 51.375 ] ] ], [ [ [ -118.83333, 51.33333 ], [ -118.79167, 51.29167 ], [ -118.79167, 51.33333 ], [ -118.83333, 51.33333 ] ] ], [ [ [ -117.08333, 51.33333 ], [ -117.08333, 51.29167 ], [ -117.04167, 51.29167 ], [ -117.04167, 51.33333 ], [ -117.08333, 51.33333 ] ] ], [ [ [ -116.91667, 51.33333 ], [ -116.91667, 51.25 ], [ -116.875, 51.25 ], [ -116.83333, 51.29167 ], [ -116.83333, 51.33333 ], [ -116.91667, 51.33333 ] ] ], [ [ [ -119.29167, 51.29167 ], [ -119.29167, 51.25 ], [ -119.25, 51.25 ], [ -119.25, 51.29167 ], [ -119.29167, 51.29167 ] ] ], [ [ [ -117.04167, 51.29167 ], [ -117.04167, 51.25 ], [ -117.0, 51.25 ], [ -117.0, 51.29167 ], [ -117.04167, 51.29167 ] ] ], [ [ [ -116.75, 51.33333 ], [ -116.83333, 51.29167 ], [ -116.83333, 51.25 ], [ -116.70833, 51.25 ], [ -116.70833, 51.29167 ], [ -116.75, 51.29167 ], [ -116.75, 51.33333 ] ] ], [ [ [ -115.45833, 51.29167 ], [ -115.45833, 51.25 ], [ -115.375, 51.25 ], [ -115.375, 51.29167 ], [ -115.45833, 51.29167 ] ] ], [ [ [ -123.91667, 51.25 ], [ -123.91667, 51.20833 ], [ -123.875, 51.20833 ], [ -123.875, 51.25 ], [ -123.91667, 51.25 ] ] ], [ [ [ -119.70833, 51.29167 ], [ -119.70833, 51.25 ], [ -119.79167, 51.25 ], [ -119.79167, 51.20833 ], [ -119.625, 51.20833 ], [ -119.58333, 51.25 ], [ -119.58333, 51.29167 ], [ -119.70833, 51.29167 ] ] ], [ [ [ -117.0, 51.25 ], [ -117.0, 51.20833 ], [ -116.95833, 51.20833 ], [ -116.95833, 51.25 ], [ -117.0, 51.25 ] ] ], [ [ [ -116.875, 51.25 ], [ -116.875, 51.20833 ], [ -116.83333, 51.20833 ], [ -116.83333, 51.25 ], [ -116.875, 51.25 ] ] ], [ [ [ -115.83333, 51.25 ], [ -115.83333, 51.20833 ], [ -115.75, 51.20833 ], [ -115.75, 51.25 ], [ -115.83333, 51.25 ] ] ], [ [ [ -116.95833, 51.20833 ], [ -116.91667, 51.16667 ], [ -116.91667, 51.20833 ], [ -116.95833, 51.20833 ] ] ], [ [ [ -116.83333, 51.20833 ], [ -116.83333, 51.16667 ], [ -116.75, 51.16667 ], [ -116.75, 51.20833 ], [ -116.83333, 51.20833 ] ] ], [ [ [ -115.75, 51.20833 ], [ -115.75, 51.16667 ], [ -115.70833, 51.16667 ], [ -115.70833, 51.20833 ], [ -115.75, 51.20833 ] ] ], [ [ [ -98.91667, 51.20833 ], [ -98.95833, 51.125 ], [ -98.875, 51.125 ], [ -98.91667, 51.20833 ] ] ], [ [ [ -124.625, 56.66667 ], [ -124.70833, 56.625 ], [ -124.66667, 56.58333 ], [ -124.58333, 56.5 ], [ -124.54167, 56.41667 ], [ -124.5, 56.33333 ], [ -124.45833, 56.29167 ], [ -124.41667, 56.25 ], [ -124.375, 56.20833 ], [ -124.33333, 56.20833 ], [ -124.33333, 56.08333 ], [ -124.375, 56.04167 ], [ -124.33333, 56.0 ], [ -124.25, 56.0 ], [ -124.20833, 55.95833 ], [ -124.20833, 55.875 ], [ -124.08333, 55.75 ], [ -124.0, 55.75 ], [ -123.91667, 55.66667 ], [ -123.83333, 55.625 ], [ -123.75, 55.54167 ], [ -123.66667, 55.5 ], [ -123.66667, 55.375 ], [ -123.70833, 55.33333 ], [ -123.70833, 55.16667 ], [ -123.625, 55.16667 ], [ -123.625, 55.04167 ], [ -123.54167, 55.04167 ], [ -123.54167, 55.25 ], [ -123.625, 55.33333 ], [ -123.625, 55.41667 ], [ -123.45833, 55.41667 ], [ -123.33333, 55.29167 ], [ -123.33333, 55.125 ], [ -123.29167, 55.125 ], [ -123.29167, 55.0 ], [ -123.375, 55.0 ], [ -123.41667, 54.91667 ], [ -123.54167, 54.83333 ], [ -123.66667, 54.83333 ], [ -123.75, 54.91667 ], [ -123.875, 54.91667 ], [ -123.875, 54.875 ], [ -124.0, 54.875 ], [ -124.08333, 54.91667 ], [ -124.25, 54.91667 ], [ -124.25, 54.875 ], [ -124.375, 54.875 ], [ -124.41667, 54.79167 ], [ -124.66667, 54.91667 ], [ -124.79167, 54.91667 ], [ -124.83333, 55.0 ], [ -125.20833, 55.0 ], [ -125.20833, 55.04167 ], [ -125.41667, 55.04167 ], [ -125.45833, 55.125 ], [ -125.625, 55.125 ], [ -125.625, 55.16667 ], [ -125.66667, 55.16667 ], [ -125.66667, 55.25 ], [ -125.70833, 55.29167 ], [ -125.75, 55.33333 ], [ -125.79167, 55.33333 ], [ -125.79167, 55.125 ], [ -125.70833, 55.125 ], [ -125.70833, 55.08333 ], [ -125.625, 55.04167 ], [ -125.5, 55.04167 ], [ -125.5, 55.0 ], [ -125.41667, 55.0 ], [ -125.41667, 54.95833 ], [ -125.33333, 54.91667 ], [ -125.25, 54.83333 ], [ -125.58333, 54.83333 ], [ -125.58333, 54.79167 ], [ -125.66667, 54.75 ], [ -125.79167, 54.75 ], [ -125.79167, 54.79167 ], [ -125.91667, 54.79167 ], [ -125.91667, 54.70833 ], [ -125.95833, 54.66667 ], [ -125.875, 54.58333 ], [ -125.79167, 54.54167 ], [ -125.79167, 54.41667 ], [ -126.04167, 54.41667 ], [ -126.04167, 54.45833 ], [ -126.20833, 54.45833 ], [ -126.25, 54.54167 ], [ -126.5, 54.54167 ], [ -126.54167, 54.45833 ], [ -126.45833, 54.45833 ], [ -126.375, 54.5 ], [ -126.29167, 54.41667 ], [ -126.20833, 54.375 ], [ -126.08333, 54.25 ], [ -126.04167, 54.16667 ], [ -126.04167, 54.08333 ], [ -126.08333, 54.04167 ], [ -125.875, 54.04167 ], [ -125.875, 54.0 ], [ -126.16667, 54.0 ], [ -126.16667, 54.04167 ], [ -126.25, 54.0 ], [ -126.25, 53.95833 ], [ -126.08333, 53.875 ], [ -126.29167, 53.875 ], [ -126.20833, 53.83333 ], [ -126.20833, 53.79167 ], [ -126.16667, 53.75 ], [ -126.125, 53.83333 ], [ -125.95833, 53.75 ], [ -126.04167, 53.70833 ], [ -126.04167, 53.66667 ], [ -125.875, 53.66667 ], [ -125.79167, 53.58333 ], [ -125.79167, 53.45833 ], [ -125.83333, 53.375 ], [ -125.91667, 53.29167 ], [ -125.875, 53.25 ], [ -125.75, 53.25 ], [ -125.70833, 53.16667 ], [ -125.79167, 53.08333 ], [ -125.75, 53.0 ], [ -125.58333, 53.0 ], [ -125.58333, 52.75 ], [ -125.54167, 52.75 ], [ -125.54167, 52.625 ], [ -125.45833, 52.58333 ], [ -125.45833, 52.375 ], [ -125.375, 52.375 ], [ -125.29167, 52.29167 ], [ -125.375, 52.25 ], [ -125.41667, 52.16667 ], [ -125.33333, 52.125 ], [ -125.20833, 52.125 ], [ -125.125, 52.08333 ], [ -125.125, 52.0 ], [ -125.25, 51.91667 ], [ -125.0, 51.91667 ], [ -125.0, 51.875 ], [ -124.75, 51.875 ], [ -124.75, 51.75 ], [ -124.66667, 51.75 ], [ -124.66667, 51.79167 ], [ -124.5, 51.79167 ], [ -124.5, 51.70833 ], [ -124.45833, 51.70833 ], [ -124.45833, 51.79167 ], [ -124.41667, 51.70833 ], [ -124.375, 51.70833 ], [ -124.375, 51.58333 ], [ -124.33333, 51.58333 ], [ -124.33333, 51.66667 ], [ -124.16667, 51.66667 ], [ -124.16667, 51.58333 ], [ -124.08333, 51.54167 ], [ -124.04167, 51.58333 ], [ -123.91667, 51.58333 ], [ -123.83333, 51.54167 ], [ -123.83333, 51.5 ], [ -124.0, 51.5 ], [ -124.0, 51.45833 ], [ -124.16667, 51.45833 ], [ -124.20833, 51.41667 ], [ -124.125, 51.29167 ], [ -124.16667, 51.20833 ], [ -124.08333, 51.20833 ], [ -124.08333, 51.125 ], [ -123.91667, 51.20833 ], [ -124.0, 51.20833 ], [ -124.0, 51.25 ], [ -123.91667, 51.25 ], [ -123.91667, 51.29167 ], [ -124.0, 51.29167 ], [ -124.0, 51.375 ], [ -123.95833, 51.41667 ], [ -123.95833, 51.45833 ], [ -123.70833, 51.45833 ], [ -123.66667, 51.41667 ], [ -123.70833, 51.33333 ], [ -123.66667, 51.25 ], [ -123.66667, 51.20833 ], [ -123.625, 51.16667 ], [ -123.58333, 51.125 ], [ -123.5, 51.08333 ], [ -123.5, 51.20833 ], [ -123.54167, 51.25 ], [ -123.58333, 51.33333 ], [ -123.5, 51.33333 ], [ -123.625, 51.45833 ], [ -123.625, 51.54167 ], [ -123.58333, 51.58333 ], [ -123.45833, 51.58333 ], [ -123.45833, 51.625 ], [ -123.33333, 51.625 ], [ -123.25, 51.5 ], [ -123.25, 51.41667 ], [ -123.20833, 51.375 ], [ -123.08333, 51.375 ], [ -123.08333, 51.33333 ], [ -122.91667, 51.33333 ], [ -122.95833, 51.375 ], [ -122.95833, 51.45833 ], [ -122.83333, 51.45833 ], [ -122.83333, 51.41667 ], [ -122.75, 51.33333 ], [ -122.79167, 51.29167 ], [ -122.79167, 51.20833 ], [ -122.58333, 51.20833 ], [ -122.58333, 51.29167 ], [ -122.54167, 51.375 ], [ -122.41667, 51.375 ], [ -122.41667, 51.41667 ], [ -122.58333, 51.41667 ], [ -122.5, 51.5 ], [ -122.5, 51.54167 ], [ -122.58333, 51.625 ], [ -122.5, 51.625 ], [ -122.45833, 51.58333 ], [ -122.45833, 51.75 ], [ -122.54167, 51.75 ], [ -122.54167, 51.79167 ], [ -122.58333, 51.79167 ], [ -122.66667, 51.75 ], [ -122.66667, 51.70833 ], [ -122.79167, 51.70833 ], [ -122.875, 51.66667 ], [ -122.95833, 51.70833 ], [ -122.95833, 51.83333 ], [ -123.16667, 51.83333 ], [ -123.25, 51.83333 ], [ -123.33333, 51.91667 ], [ -123.45833, 51.91667 ], [ -123.45833, 52.0 ], [ -123.54167, 51.91667 ], [ -123.625, 51.875 ], [ -123.66667, 51.875 ], [ -123.66667, 51.83333 ], [ -123.625, 51.83333 ], [ -123.70833, 51.79167 ], [ -123.70833, 51.875 ], [ -123.75, 51.875 ], [ -123.75, 51.91667 ], [ -123.79167, 51.875 ], [ -123.91667, 51.875 ], [ -123.79167, 52.0 ], [ -123.79167, 52.08333 ], [ -123.91667, 52.08333 ], [ -123.91667, 52.16667 ], [ -123.875, 52.20833 ], [ -123.70833, 52.20833 ], [ -123.66667, 52.125 ], [ -123.58333, 52.125 ], [ -123.58333, 52.16667 ], [ -123.54167, 52.16667 ], [ -123.54167, 52.125 ], [ -123.5, 52.125 ], [ -123.41667, 52.20833 ], [ -123.41667, 52.16667 ], [ -123.25, 52.16667 ], [ -123.25, 52.125 ], [ -123.125, 52.125 ], [ -123.125, 52.04167 ], [ -123.0, 51.95833 ], [ -122.70833, 51.95833 ], [ -122.58333, 52.04167 ], [ -122.58333, 52.20833 ], [ -122.66667, 52.25 ], [ -122.66667, 52.375 ], [ -122.75, 52.54167 ], [ -122.66667, 52.54167 ], [ -122.66667, 52.79167 ], [ -122.625, 52.83333 ], [ -122.70833, 52.91667 ], [ -122.83333, 52.91667 ], [ -122.83333, 52.95833 ], [ -122.70833, 53.0 ], [ -122.75, 53.08333 ], [ -122.83333, 53.08333 ], [ -122.91667, 53.125 ], [ -123.08333, 53.125 ], [ -123.16667, 53.16667 ], [ -123.25, 53.25 ], [ -123.29167, 53.33333 ], [ -123.20833, 53.33333 ], [ -123.33333, 53.45833 ], [ -123.25, 53.54167 ], [ -123.25, 53.625 ], [ -123.16667, 53.625 ], [ -123.20833, 53.70833 ], [ -123.125, 53.79167 ], [ -123.16667, 53.83333 ], [ -123.25, 53.83333 ], [ -123.25, 53.91667 ], [ -123.29167, 53.95833 ], [ -123.5, 53.95833 ], [ -123.5, 54.0 ], [ -123.125, 54.0 ], [ -123.20833, 54.04167 ], [ -123.16667, 54.125 ], [ -123.16667, 54.375 ], [ -123.0, 54.45833 ], [ -123.0, 54.375 ], [ -122.83333, 54.375 ], [ -122.83333, 54.75 ], [ -122.91667, 54.79167 ], [ -122.91667, 54.875 ], [ -122.95833, 54.91667 ], [ -122.875, 54.91667 ], [ -122.875, 54.83333 ], [ -122.83333, 54.79167 ], [ -122.75, 54.79167 ], [ -122.75, 54.70833 ], [ -122.70833, 54.66667 ], [ -122.625, 54.66667 ], [ -122.58333, 54.625 ], [ -122.625, 54.58333 ], [ -122.58333, 54.54167 ], [ -122.58333, 54.41667 ], [ -122.45833, 54.29167 ], [ -122.41667, 54.33333 ], [ -122.33333, 54.29167 ], [ -122.25, 54.33333 ], [ -122.08333, 54.33333 ], [ -122.08333, 54.375 ], [ -121.875, 54.375 ], [ -121.875, 54.41667 ], [ -122.0, 54.41667 ], [ -122.0, 54.45833 ], [ -121.83333, 54.45833 ], [ -121.83333, 54.54167 ], [ -121.66667, 54.625 ], [ -121.95833, 54.625 ], [ -121.95833, 54.66667 ], [ -121.79167, 54.66667 ], [ -121.75, 54.75 ], [ -121.83333, 54.70833 ], [ -122.04167, 54.70833 ], [ -122.0, 54.79167 ], [ -121.91667, 54.83333 ], [ -121.91667, 54.875 ], [ -121.95833, 54.875 ], [ -121.95833, 54.83333 ], [ -122.04167, 54.79167 ], [ -122.20833, 54.79167 ], [ -122.20833, 54.75 ], [ -122.33333, 54.75 ], [ -122.375, 54.83333 ], [ -122.33333, 54.875 ], [ -122.16667, 54.875 ], [ -122.16667, 55.0 ], [ -122.20833, 55.04167 ], [ -122.29167, 54.95833 ], [ -122.29167, 54.91667 ], [ -122.45833, 54.91667 ], [ -122.5, 54.95833 ], [ -122.5, 55.04167 ], [ -122.625, 55.04167 ], [ -122.75, 55.125 ], [ -122.66667, 55.20833 ], [ -122.66667, 55.29167 ], [ -122.70833, 55.29167 ], [ -122.83333, 55.16667 ], [ -122.875, 55.20833 ], [ -122.875, 55.29167 ], [ -122.95833, 55.29167 ], [ -123.08333, 55.375 ], [ -123.08333, 55.45833 ], [ -123.20833, 55.45833 ], [ -123.25, 55.5 ], [ -123.25, 55.58333 ], [ -123.375, 55.58333 ], [ -123.41667, 55.66667 ], [ -123.5, 55.66667 ], [ -123.5, 55.75 ], [ -123.625, 55.83333 ], [ -123.70833, 55.875 ], [ -123.70833, 55.95833 ], [ -123.75, 55.95833 ], [ -123.75, 56.04167 ], [ -123.95833, 56.04167 ], [ -124.04167, 56.08333 ], [ -124.08333, 56.16667 ], [ -124.04167, 56.20833 ], [ -124.04167, 56.29167 ], [ -124.25, 56.29167 ], [ -124.29167, 56.375 ], [ -124.45833, 56.54167 ], [ -124.5, 56.58333 ], [ -124.54167, 56.625 ], [ -124.625, 56.625 ], [ -124.625, 56.66667 ] ], [ [ -125.125, 54.875 ], [ -125.0, 54.875 ], [ -125.0, 54.83333 ], [ -125.125, 54.83333 ], [ -125.125, 54.875 ] ], [ [ -122.54167, 54.70833 ], [ -122.45833, 54.75 ], [ -122.375, 54.70833 ], [ -122.25, 54.70833 ], [ -122.16667, 54.66667 ], [ -122.0, 54.58333 ], [ -122.0, 54.54167 ], [ -122.125, 54.54167 ], [ -122.125, 54.58333 ], [ -122.29167, 54.66667 ], [ -122.41667, 54.66667 ], [ -122.41667, 54.70833 ], [ -122.54167, 54.70833 ] ], [ [ -125.16667, 54.75 ], [ -125.16667, 54.79167 ], [ -125.04167, 54.79167 ], [ -125.0, 54.75 ], [ -125.04167, 54.70833 ], [ -125.125, 54.70833 ], [ -125.16667, 54.75 ] ], [ [ -125.45833, 54.70833 ], [ -125.29167, 54.70833 ], [ -125.20833, 54.66667 ], [ -125.20833, 54.625 ], [ -125.45833, 54.625 ], [ -125.45833, 54.70833 ] ], [ [ -122.16667, 54.66667 ], [ -122.16667, 54.70833 ], [ -122.04167, 54.70833 ], [ -122.04167, 54.66667 ], [ -122.16667, 54.66667 ] ], [ [ -125.58333, 54.58333 ], [ -125.54167, 54.58333 ], [ -125.45833, 54.58333 ], [ -125.41667, 54.5 ], [ -125.54167, 54.5 ], [ -125.625, 54.5 ], [ -125.625, 54.54167 ], [ -125.58333, 54.58333 ] ], [ [ -124.75, 54.625 ], [ -124.625, 54.625 ], [ -124.625, 54.58333 ], [ -124.5, 54.58333 ], [ -124.41667, 54.54167 ], [ -124.33333, 54.45833 ], [ -124.33333, 54.41667 ], [ -124.5, 54.41667 ], [ -124.54167, 54.5 ], [ -124.625, 54.5 ], [ -124.70833, 54.54167 ], [ -124.75, 54.625 ] ], [ [ -125.33333, 54.5 ], [ -125.29167, 54.5 ], [ -125.20833, 54.5 ], [ -125.20833, 54.45833 ], [ -125.08333, 54.45833 ], [ -125.08333, 54.41667 ], [ -124.95833, 54.41667 ], [ -124.91667, 54.33333 ], [ -125.0, 54.29167 ], [ -124.91667, 54.20833 ], [ -125.0, 54.20833 ], [ -125.08333, 54.29167 ], [ -125.20833, 54.29167 ], [ -125.20833, 54.20833 ], [ -125.54167, 54.20833 ], [ -125.54167, 54.25 ], [ -125.66667, 54.25 ], [ -125.70833, 54.33333 ], [ -125.33333, 54.33333 ], [ -125.375, 54.41667 ], [ -125.25, 54.41667 ], [ -125.25, 54.45833 ], [ -125.41667, 54.45833 ], [ -125.41667, 54.5 ], [ -125.33333, 54.5 ] ], [ [ -124.95833, 54.41667 ], [ -124.95833, 54.5 ], [ -124.79167, 54.5 ], [ -124.70833, 54.45833 ], [ -124.70833, 54.33333 ], [ -124.79167, 54.33333 ], [ -124.83333, 54.41667 ], [ -124.95833, 54.41667 ] ], [ [ -126.04167, 54.16667 ], [ -126.0, 54.29167 ], [ -125.91667, 54.29167 ], [ -125.83333, 54.20833 ], [ -125.875, 54.125 ], [ -126.0, 54.125 ], [ -126.04167, 54.16667 ] ], [ [ -124.66667, 54.33333 ], [ -124.58333, 54.33333 ], [ -124.54167, 54.20833 ], [ -124.75, 54.20833 ], [ -124.75, 54.29167 ], [ -124.66667, 54.33333 ] ], [ [ -125.54167, 54.0 ], [ -125.83333, 54.0 ], [ -125.83333, 54.04167 ], [ -125.54167, 54.04167 ], [ -125.54167, 54.0 ] ], [ [ -125.54167, 54.0 ], [ -125.45833, 54.04167 ], [ -125.29167, 54.04167 ], [ -125.29167, 54.0 ], [ -125.41667, 54.0 ], [ -125.41667, 53.95833 ], [ -125.54167, 53.95833 ], [ -125.54167, 54.0 ] ], [ [ -125.20833, 54.0 ], [ -125.04167, 54.0 ], [ -125.04167, 53.95833 ], [ -125.20833, 53.95833 ], [ -125.20833, 54.0 ] ], [ [ -124.25, 53.79167 ], [ -124.125, 53.79167 ], [ -124.125, 53.70833 ], [ -124.04167, 53.66667 ], [ -124.29167, 53.66667 ], [ -124.29167, 53.75 ], [ -124.25, 53.79167 ] ], [ [ -124.75, 53.45833 ], [ -124.66667, 53.45833 ], [ -124.625, 53.375 ], [ -124.70833, 53.375 ], [ -124.75, 53.45833 ] ], [ [ -125.20833, 53.25 ], [ -125.20833, 53.33333 ], [ -125.04167, 53.33333 ], [ -124.95833, 53.29167 ], [ -124.95833, 53.25 ], [ -124.83333, 53.25 ], [ -124.75, 53.20833 ], [ -124.75, 53.125 ], [ -124.79167, 53.08333 ], [ -124.91667, 53.08333 ], [ -124.91667, 53.04167 ], [ -125.125, 53.04167 ], [ -125.125, 53.08333 ], [ -125.04167, 53.125 ], [ -125.04167, 53.20833 ], [ -125.125, 53.16667 ], [ -125.29167, 53.16667 ], [ -125.20833, 53.25 ] ], [ [ -124.33333, 53.29167 ], [ -124.33333, 53.25 ], [ -124.45833, 53.25 ], [ -124.45833, 53.16667 ], [ -124.625, 53.16667 ], [ -124.58333, 53.20833 ], [ -124.58333, 53.29167 ], [ -124.33333, 53.29167 ] ], [ [ -125.33333, 52.875 ], [ -125.33333, 52.91667 ], [ -125.125, 52.91667 ], [ -125.125, 52.875 ], [ -125.0, 52.875 ], [ -125.0, 52.91667 ], [ -124.83333, 52.91667 ], [ -124.83333, 52.95833 ], [ -124.70833, 52.95833 ], [ -124.70833, 53.0 ], [ -124.625, 53.04167 ], [ -124.5, 53.04167 ], [ -124.5, 53.0 ], [ -124.375, 53.0 ], [ -124.29167, 52.95833 ], [ -124.25, 52.875 ], [ -124.16667, 52.83333 ], [ -123.91667, 52.83333 ], [ -123.75, 52.75 ], [ -123.75, 52.70833 ], [ -123.875, 52.70833 ], [ -123.875, 52.625 ], [ -123.79167, 52.58333 ], [ -123.79167, 52.45833 ], [ -123.91667, 52.45833 ], [ -123.95833, 52.54167 ], [ -124.08333, 52.54167 ], [ -124.08333, 52.58333 ], [ -124.20833, 52.58333 ], [ -124.20833, 52.5 ], [ -124.29167, 52.45833 ], [ -124.29167, 52.375 ], [ -124.33333, 52.33333 ], [ -124.45833, 52.33333 ], [ -124.45833, 52.25 ], [ -124.54167, 52.25 ], [ -124.58333, 52.16667 ], [ -124.83333, 52.16667 ], [ -124.83333, 52.25 ], [ -124.875, 52.29167 ], [ -124.95833, 52.29167 ], [ -125.04167, 52.375 ], [ -125.04167, 52.5 ], [ -125.125, 52.58333 ], [ -125.20833, 52.625 ], [ -125.33333, 52.625 ], [ -125.33333, 52.66667 ], [ -125.375, 52.66667 ], [ -125.45833, 52.75 ], [ -125.45833, 52.875 ], [ -125.33333, 52.875 ] ], [ [ -124.41667, 52.04167 ], [ -124.33333, 52.04167 ], [ -124.29167, 52.125 ], [ -124.04167, 52.125 ], [ -124.04167, 52.08333 ], [ -124.16667, 52.08333 ], [ -124.29167, 52.0 ], [ -124.375, 52.0 ], [ -124.41667, 51.95833 ], [ -124.41667, 51.875 ], [ -124.54167, 51.875 ], [ -124.54167, 51.83333 ], [ -124.66667, 51.83333 ], [ -124.66667, 51.79167 ], [ -124.70833, 51.79167 ], [ -124.70833, 51.91667 ], [ -124.66667, 51.95833 ], [ -124.54167, 51.95833 ], [ -124.5, 51.95833 ], [ -124.5, 52.0 ], [ -124.41667, 52.0 ], [ -124.41667, 52.04167 ] ], [ [ -125.125, 52.0 ], [ -125.04167, 52.04167 ], [ -124.91667, 52.04167 ], [ -124.875, 51.95833 ], [ -125.125, 51.95833 ], [ -125.125, 52.0 ] ], [ [ -124.375, 51.875 ], [ -124.25, 51.875 ], [ -124.16667, 51.83333 ], [ -124.16667, 51.75 ], [ -124.25, 51.75 ], [ -124.33333, 51.79167 ], [ -124.375, 51.875 ] ], [ [ -124.125, 51.29167 ], [ -124.125, 51.41667 ], [ -124.08333, 51.41667 ], [ -124.08333, 51.29167 ], [ -124.125, 51.29167 ] ], [ [ -125.58333, 54.54167 ], [ -125.58333, 54.5 ], [ -125.625, 54.5 ], [ -125.625, 54.54167 ], [ -125.58333, 54.54167 ] ] ], [ [ [ -119.41667, 51.29167 ], [ -119.41667, 51.20833 ], [ -119.45833, 51.20833 ], [ -119.41667, 51.16667 ], [ -119.41667, 51.08333 ], [ -119.29167, 51.08333 ], [ -119.29167, 51.125 ], [ -119.33333, 51.125 ], [ -119.33333, 51.20833 ], [ -119.375, 51.29167 ], [ -119.41667, 51.29167 ] ] ], [ [ [ -119.125, 51.125 ], [ -119.125, 51.08333 ], [ -119.08333, 51.08333 ], [ -119.08333, 51.125 ], [ -119.125, 51.125 ] ] ], [ [ [ -118.75, 51.125 ], [ -118.75, 51.08333 ], [ -118.70833, 51.08333 ], [ -118.70833, 51.125 ], [ -118.75, 51.125 ] ] ], [ [ [ -116.66667, 51.125 ], [ -116.66667, 51.08333 ], [ -116.625, 51.08333 ], [ -116.625, 51.125 ], [ -116.66667, 51.125 ] ] ], [ [ [ -121.83333, 51.25 ], [ -121.79167, 51.20833 ], [ -121.79167, 51.125 ], [ -121.70833, 51.04167 ], [ -121.66667, 51.04167 ], [ -121.66667, 51.20833 ], [ -121.75, 51.20833 ], [ -121.83333, 51.25 ] ] ], [ [ [ -119.25, 51.16667 ], [ -119.25, 51.08333 ], [ -119.20833, 51.04167 ], [ -119.125, 51.04167 ], [ -119.125, 51.08333 ], [ -119.16667, 51.125 ], [ -119.125, 51.125 ], [ -119.08333, 51.16667 ], [ -119.08333, 51.25 ], [ -119.16667, 51.25 ], [ -119.20833, 51.16667 ], [ -119.25, 51.16667 ] ] ], [ [ [ -122.41667, 51.375 ], [ -122.45833, 51.33333 ], [ -122.45833, 51.25 ], [ -122.375, 51.25 ], [ -122.33333, 51.20833 ], [ -122.33333, 51.125 ], [ -122.25, 51.125 ], [ -122.25, 51.04167 ], [ -122.125, 51.04167 ], [ -122.125, 51.125 ], [ -122.16667, 51.125 ], [ -122.16667, 51.20833 ], [ -122.25, 51.20833 ], [ -122.25, 51.29167 ], [ -122.375, 51.29167 ], [ -122.41667, 51.375 ] ] ], [ [ [ -116.04167, 51.08333 ], [ -116.04167, 51.04167 ], [ -116.0, 51.04167 ], [ -116.0, 51.08333 ], [ -116.04167, 51.08333 ] ] ], [ [ [ -121.83333, 51.25 ], [ -121.91667, 51.33333 ], [ -121.91667, 51.20833 ], [ -121.95833, 51.125 ], [ -121.91667, 51.08333 ], [ -121.875, 51.04167 ], [ -121.83333, 51.0 ], [ -121.79167, 51.0 ], [ -121.79167, 51.08333 ], [ -121.875, 51.125 ], [ -121.875, 51.25 ], [ -121.83333, 51.25 ] ] ], [ [ [ -119.54167, 51.125 ], [ -119.54167, 51.08333 ], [ -119.58333, 51.08333 ], [ -119.625, 51.08333 ], [ -119.66667, 51.08333 ], [ -119.66667, 51.0 ], [ -119.5, 51.0 ], [ -119.45833, 51.04167 ], [ -119.45833, 51.125 ], [ -119.54167, 51.125 ] ] ], [ [ [ -119.29167, 51.08333 ], [ -119.29167, 51.0 ], [ -119.25, 51.0 ], [ -119.25, 51.08333 ], [ -119.29167, 51.08333 ] ] ], [ [ [ -116.0, 51.04167 ], [ -115.95833, 51.0 ], [ -115.95833, 51.04167 ], [ -116.0, 51.04167 ] ] ], [ [ [ -122.625, 51.0 ], [ -122.70833, 51.0 ], [ -122.70833, 51.08333 ], [ -122.75, 51.125 ], [ -122.875, 51.125 ], [ -122.875, 51.04167 ], [ -122.79167, 51.04167 ], [ -122.79167, 50.95833 ], [ -122.625, 50.95833 ], [ -122.625, 51.0 ] ] ], [ [ [ -116.54167, 51.45833 ], [ -116.625, 51.33333 ], [ -116.625, 51.25 ], [ -116.70833, 51.25 ], [ -116.625, 51.20833 ], [ -116.54167, 51.125 ], [ -116.54167, 51.08333 ], [ -116.58333, 51.08333 ], [ -116.58333, 51.04167 ], [ -116.5, 51.04167 ], [ -116.5, 51.0 ], [ -116.45833, 51.0 ], [ -116.45833, 51.04167 ], [ -116.375, 51.0 ], [ -116.25, 51.0 ], [ -116.25, 50.95833 ], [ -116.16667, 50.95833 ], [ -116.16667, 51.0 ], [ -116.20833, 51.04167 ], [ -116.29167, 51.08333 ], [ -116.33333, 51.125 ], [ -116.5, 51.125 ], [ -116.5, 51.16667 ], [ -116.54167, 51.16667 ], [ -116.54167, 51.25 ], [ -116.54167, 51.29167 ], [ -116.54167, 51.33333 ], [ -116.5, 51.33333 ], [ -116.5, 51.45833 ], [ -116.54167, 51.45833 ] ] ], [ [ [ -117.20833, 51.0 ], [ -117.25, 50.95833 ], [ -117.20833, 50.95833 ], [ -117.20833, 51.0 ] ] ], [ [ [ -116.41667, 51.0 ], [ -116.41667, 50.95833 ], [ -116.375, 50.95833 ], [ -116.375, 51.0 ], [ -116.41667, 51.0 ] ] ], [ [ [ -116.79167, 51.125 ], [ -116.875, 51.08333 ], [ -116.875, 51.0 ], [ -116.79167, 51.0 ], [ -116.79167, 50.95833 ], [ -116.66667, 50.95833 ], [ -116.66667, 50.91667 ], [ -116.58333, 50.91667 ], [ -116.58333, 50.95833 ], [ -116.66667, 51.04167 ], [ -116.70833, 51.04167 ], [ -116.70833, 51.08333 ], [ -116.75, 51.125 ], [ -116.79167, 51.125 ] ] ], [ [ [ -122.79167, 50.95833 ], [ -122.875, 50.91667 ], [ -122.79167, 50.91667 ], [ -122.79167, 50.95833 ] ] ], [ [ [ -122.625, 50.95833 ], [ -122.625, 50.91667 ], [ -122.58333, 50.91667 ], [ -122.58333, 50.95833 ], [ -122.625, 50.95833 ] ] ], [ [ [ -115.95833, 50.95833 ], [ -116.0, 50.91667 ], [ -115.95833, 50.91667 ], [ -115.95833, 50.95833 ] ] ], [ [ [ -120.29167, 51.16667 ], [ -120.29167, 51.41667 ], [ -120.45833, 51.41667 ], [ -120.45833, 51.375 ], [ -120.58333, 51.375 ], [ -120.66667, 51.33333 ], [ -120.66667, 51.29167 ], [ -120.45833, 51.29167 ], [ -120.45833, 51.25 ], [ -120.83333, 51.25 ], [ -120.70833, 51.16667 ], [ -120.75, 51.08333 ], [ -120.70833, 51.04167 ], [ -120.70833, 50.91667 ], [ -120.66667, 50.91667 ], [ -120.66667, 50.875 ], [ -120.5, 50.875 ], [ -120.5, 50.91667 ], [ -120.375, 50.91667 ], [ -120.375, 51.0 ], [ -120.29167, 51.04167 ], [ -120.25, 51.125 ], [ -120.25, 51.16667 ], [ -120.29167, 51.16667 ] ], [ [ -120.45833, 51.08333 ], [ -120.41667, 51.0 ], [ -120.45833, 50.95833 ], [ -120.58333, 50.95833 ], [ -120.58333, 51.04167 ], [ -120.45833, 51.04167 ], [ -120.45833, 51.08333 ] ] ], [ [ [ -121.0, 51.0 ], [ -120.95833, 51.08333 ], [ -121.20833, 51.08333 ], [ -121.25, 51.04167 ], [ -121.25, 50.95833 ], [ -121.16667, 50.91667 ], [ -121.16667, 50.875 ], [ -121.08333, 50.875 ], [ -121.04167, 50.91667 ], [ -121.0, 51.0 ] ] ], [ [ [ -117.20833, 50.95833 ], [ -117.20833, 50.875 ], [ -117.16667, 50.875 ], [ -117.16667, 50.95833 ], [ -117.20833, 50.95833 ] ] ], [ [ [ -122.5, 50.91667 ], [ -122.5, 50.875 ], [ -122.45833, 50.875 ], [ -122.45833, 50.91667 ], [ -122.5, 50.91667 ] ] ], [ [ [ -122.29167, 50.91667 ], [ -122.25, 50.875 ], [ -122.25, 50.91667 ], [ -122.29167, 50.91667 ] ] ], [ [ [ -118.66667, 50.91667 ], [ -118.66667, 50.875 ], [ -118.625, 50.875 ], [ -118.625, 50.91667 ], [ -118.66667, 50.91667 ] ] ], [ [ [ -116.33333, 50.91667 ], [ -116.29167, 50.875 ], [ -116.29167, 50.91667 ], [ -116.33333, 50.91667 ] ] ], [ [ [ -121.66667, 51.04167 ], [ -121.66667, 50.95833 ], [ -121.70833, 51.0 ], [ -121.79167, 51.0 ], [ -121.75, 50.91667 ], [ -121.70833, 50.83333 ], [ -121.625, 50.83333 ], [ -121.58333, 50.875 ], [ -121.58333, 51.04167 ], [ -121.66667, 51.04167 ] ] ], [ [ [ -120.0, 51.0 ], [ -120.0, 50.95833 ], [ -119.95833, 50.875 ], [ -119.91667, 50.83333 ], [ -119.79167, 50.83333 ], [ -119.79167, 50.95833 ], [ -119.83333, 51.0 ], [ -120.0, 51.0 ] ] ], [ [ [ -122.25, 51.04167 ], [ -122.45833, 51.04167 ], [ -122.45833, 51.0 ], [ -122.375, 50.95833 ], [ -122.33333, 50.95833 ], [ -122.33333, 51.0 ], [ -122.20833, 50.91667 ], [ -122.08333, 50.91667 ], [ -122.08333, 50.83333 ], [ -122.04167, 50.83333 ], [ -122.0, 50.83333 ], [ -121.95833, 50.83333 ], [ -121.95833, 50.95833 ], [ -122.04167, 51.04167 ], [ -122.08333, 51.04167 ], [ -122.16667, 51.0 ], [ -122.25, 51.04167 ] ] ], [ [ [ -123.25, 50.875 ], [ -123.41667, 50.875 ], [ -123.41667, 50.83333 ], [ -123.25, 50.83333 ], [ -123.25, 50.875 ] ] ], [ [ [ -123.0, 50.875 ], [ -123.0, 50.83333 ], [ -122.91667, 50.83333 ], [ -122.91667, 50.875 ], [ -123.0, 50.875 ] ] ], [ [ [ -122.625, 50.875 ], [ -122.625, 50.83333 ], [ -122.58333, 50.83333 ], [ -122.625, 50.875 ] ] ], [ [ [ -116.29167, 50.875 ], [ -116.29167, 50.83333 ], [ -116.20833, 50.83333 ], [ -116.29167, 50.875 ] ] ], [ [ [ -123.04167, 50.875 ], [ -123.08333, 50.79167 ], [ -123.04167, 50.79167 ], [ -123.04167, 50.875 ] ] ], [ [ [ -122.25, 50.875 ], [ -122.25, 50.79167 ], [ -122.20833, 50.79167 ], [ -122.20833, 50.875 ], [ -122.25, 50.875 ] ] ], [ [ [ -116.54167, 50.875 ], [ -116.54167, 50.83333 ], [ -116.5, 50.83333 ], [ -116.5, 50.79167 ], [ -116.41667, 50.79167 ], [ -116.45833, 50.875 ], [ -116.54167, 50.875 ] ] ], [ [ [ -123.25, 50.83333 ], [ -123.25, 50.79167 ], [ -123.20833, 50.79167 ], [ -123.20833, 50.83333 ], [ -123.25, 50.83333 ] ] ], [ [ [ -123.16667, 50.83333 ], [ -123.16667, 50.79167 ], [ -123.125, 50.79167 ], [ -123.125, 50.83333 ], [ -123.16667, 50.83333 ] ] ], [ [ [ -116.20833, 50.83333 ], [ -116.20833, 50.79167 ], [ -116.125, 50.79167 ], [ -116.20833, 50.83333 ] ] ], [ [ [ -122.91667, 50.79167 ], [ -122.91667, 50.75 ], [ -122.79167, 50.75 ], [ -122.79167, 50.79167 ], [ -122.91667, 50.79167 ] ] ], [ [ [ -117.20833, 50.79167 ], [ -117.29167, 50.75 ], [ -117.20833, 50.75 ], [ -117.20833, 50.79167 ] ] ], [ [ [ -116.16667, 50.95833 ], [ -115.91667, 50.70833 ], [ -115.875, 50.75 ], [ -115.875, 50.79167 ], [ -115.95833, 50.875 ], [ -116.0, 50.91667 ], [ -116.04167, 50.95833 ], [ -116.16667, 50.95833 ] ] ], [ [ [ -122.41667, 50.79167 ], [ -122.41667, 50.70833 ], [ -122.375, 50.70833 ], [ -122.375, 50.79167 ], [ -122.41667, 50.79167 ] ] ], [ [ [ -122.16667, 50.79167 ], [ -122.16667, 50.75 ], [ -122.125, 50.75 ], [ -122.125, 50.70833 ], [ -122.08333, 50.70833 ], [ -122.08333, 50.79167 ], [ -122.16667, 50.79167 ] ] ], [ [ [ -122.95833, 50.75 ], [ -122.95833, 50.70833 ], [ -122.91667, 50.75 ], [ -122.95833, 50.75 ] ] ], [ [ [ -118.875, 50.75 ], [ -118.875, 50.70833 ], [ -118.83333, 50.70833 ], [ -118.83333, 50.75 ], [ -118.875, 50.75 ] ] ], [ [ [ -117.20833, 50.75 ], [ -117.16667, 50.70833 ], [ -117.16667, 50.75 ], [ -117.20833, 50.75 ] ] ], [ [ [ -117.08333, 50.75 ], [ -117.08333, 50.70833 ], [ -117.0, 50.70833 ], [ -117.0, 50.75 ], [ -117.08333, 50.75 ] ] ], [ [ [ -116.375, 50.75 ], [ -116.375, 50.70833 ], [ -116.33333, 50.70833 ], [ -116.33333, 50.75 ], [ -116.375, 50.75 ] ] ], [ [ [ -115.70833, 50.75 ], [ -115.70833, 50.70833 ], [ -115.625, 50.70833 ], [ -115.625, 50.75 ], [ -115.70833, 50.75 ] ] ], [ [ [ -121.79167, 50.83333 ], [ -121.79167, 50.66667 ], [ -121.70833, 50.66667 ], [ -121.70833, 50.70833 ], [ -121.66667, 50.70833 ], [ -121.70833, 50.79167 ], [ -121.70833, 50.83333 ], [ -121.79167, 50.83333 ] ] ], [ [ [ -116.125, 50.79167 ], [ -116.125, 50.70833 ], [ -116.08333, 50.70833 ], [ -116.08333, 50.66667 ], [ -116.04167, 50.66667 ], [ -116.04167, 50.75 ], [ -116.125, 50.79167 ] ] ], [ [ [ -121.41667, 50.75 ], [ -121.54167, 50.75 ], [ -121.54167, 50.66667 ], [ -121.41667, 50.66667 ], [ -121.41667, 50.75 ] ] ], [ [ [ -123.0, 50.70833 ], [ -122.95833, 50.66667 ], [ -122.95833, 50.70833 ], [ -123.0, 50.70833 ] ] ], [ [ [ -122.25, 50.70833 ], [ -122.25, 50.66667 ], [ -122.20833, 50.66667 ], [ -122.20833, 50.70833 ], [ -122.25, 50.70833 ] ] ], [ [ [ -116.91667, 50.70833 ], [ -116.875, 50.66667 ], [ -116.875, 50.70833 ], [ -116.91667, 50.70833 ] ] ], [ [ [ -121.66667, 50.70833 ], [ -121.625, 50.625 ], [ -121.625, 50.70833 ], [ -121.66667, 50.70833 ] ] ], [ [ [ -118.875, 50.70833 ], [ -118.91667, 50.625 ], [ -118.875, 50.625 ], [ -118.875, 50.70833 ] ] ], [ [ [ -122.33333, 50.66667 ], [ -122.33333, 50.625 ], [ -122.29167, 50.625 ], [ -122.29167, 50.66667 ], [ -122.33333, 50.66667 ] ] ], [ [ [ -119.0, 50.66667 ], [ -119.0, 50.625 ], [ -118.95833, 50.625 ], [ -118.95833, 50.66667 ], [ -119.0, 50.66667 ] ] ], [ [ [ -122.16667, 50.66667 ], [ -122.125, 50.58333 ], [ -122.125, 50.66667 ], [ -122.16667, 50.66667 ] ] ], [ [ [ -116.75, 50.625 ], [ -116.75, 50.58333 ], [ -116.70833, 50.58333 ], [ -116.70833, 50.625 ], [ -116.75, 50.625 ] ] ], [ [ [ -122.08333, 50.625 ], [ -122.08333, 50.54167 ], [ -122.04167, 50.54167 ], [ -122.0, 50.58333 ], [ -122.0, 50.625 ], [ -122.08333, 50.625 ] ] ], [ [ [ -115.91667, 50.70833 ], [ -115.83333, 50.625 ], [ -115.83333, 50.58333 ], [ -115.75, 50.58333 ], [ -115.75, 50.54167 ], [ -115.625, 50.54167 ], [ -115.625, 50.58333 ], [ -115.66667, 50.625 ], [ -115.75, 50.625 ], [ -115.70833, 50.70833 ], [ -115.91667, 50.70833 ] ] ], [ [ [ -122.75, 50.58333 ], [ -122.75, 50.54167 ], [ -122.70833, 50.58333 ], [ -122.75, 50.58333 ] ] ], [ [ [ -118.625, 50.58333 ], [ -118.625, 50.54167 ], [ -118.58333, 50.58333 ], [ -118.625, 50.58333 ] ] ], [ [ [ -117.25, 50.58333 ], [ -117.25, 50.54167 ], [ -117.20833, 50.54167 ], [ -117.20833, 50.58333 ], [ -117.25, 50.58333 ] ] ], [ [ [ -116.29167, 50.66667 ], [ -116.29167, 50.58333 ], [ -116.45833, 50.58333 ], [ -116.45833, 50.54167 ], [ -116.20833, 50.54167 ], [ -116.29167, 50.66667 ] ] ], [ [ [ -121.20833, 50.66667 ], [ -121.20833, 50.58333 ], [ -121.08333, 50.58333 ], [ -121.04167, 50.5 ], [ -120.95833, 50.5 ], [ -120.95833, 50.58333 ], [ -121.04167, 50.66667 ], [ -121.20833, 50.66667 ] ] ], [ [ [ -119.45833, 50.75 ], [ -119.58333, 50.625 ], [ -119.58333, 50.58333 ], [ -119.54167, 50.54167 ], [ -119.5, 50.5 ], [ -119.45833, 50.5 ], [ -119.41667, 50.54167 ], [ -119.41667, 50.625 ], [ -119.41667, 50.66667 ], [ -119.41667, 50.75 ], [ -119.45833, 50.75 ] ] ], [ [ [ -121.54167, 50.5 ], [ -121.45833, 50.5 ], [ -121.45833, 50.58333 ], [ -121.41667, 50.58333 ], [ -121.41667, 50.625 ], [ -121.625, 50.625 ], [ -121.625, 50.58333 ], [ -121.70833, 50.58333 ], [ -121.70833, 50.54167 ], [ -121.625, 50.54167 ], [ -121.58333, 50.5 ], [ -121.54167, 50.45833 ], [ -121.54167, 50.5 ] ] ], [ [ [ -120.625, 50.625 ], [ -120.70833, 50.625 ], [ -120.75, 50.58333 ], [ -120.70833, 50.5 ], [ -120.5, 50.5 ], [ -120.54167, 50.58333 ], [ -120.625, 50.625 ] ] ], [ [ [ -122.125, 50.54167 ], [ -122.125, 50.5 ], [ -122.08333, 50.5 ], [ -122.08333, 50.54167 ], [ -122.125, 50.54167 ] ] ], [ [ [ -121.91667, 50.54167 ], [ -121.91667, 50.5 ], [ -121.875, 50.5 ], [ -121.875, 50.54167 ], [ -121.91667, 50.54167 ] ] ], [ [ [ -119.66667, 50.54167 ], [ -119.66667, 50.5 ], [ -119.625, 50.5 ], [ -119.625, 50.54167 ], [ -119.66667, 50.54167 ] ] ], [ [ [ -117.20833, 50.54167 ], [ -117.20833, 50.5 ], [ -117.16667, 50.5 ], [ -117.16667, 50.54167 ], [ -117.20833, 50.54167 ] ] ], [ [ [ -115.79167, 50.54167 ], [ -115.79167, 50.5 ], [ -115.75, 50.5 ], [ -115.75, 50.54167 ], [ -115.79167, 50.54167 ] ] ], [ [ [ -118.66667, 50.54167 ], [ -118.66667, 50.45833 ], [ -118.625, 50.45833 ], [ -118.625, 50.54167 ], [ -118.66667, 50.54167 ] ] ], [ [ [ -116.91667, 50.54167 ], [ -116.91667, 50.5 ], [ -116.875, 50.5 ], [ -116.875, 50.45833 ], [ -116.83333, 50.45833 ], [ -116.83333, 50.54167 ], [ -116.91667, 50.54167 ] ] ], [ [ [ -96.375, 50.54167 ], [ -96.375, 50.45833 ], [ -96.25, 50.45833 ], [ -96.20833, 50.54167 ], [ -96.375, 50.54167 ] ] ], [ [ [ -122.54167, 50.5 ], [ -122.54167, 50.45833 ], [ -122.5, 50.45833 ], [ -122.5, 50.5 ], [ -122.54167, 50.5 ] ] ], [ [ [ -122.41667, 50.58333 ], [ -122.41667, 50.5 ], [ -122.45833, 50.5 ], [ -122.45833, 50.45833 ], [ -122.375, 50.45833 ], [ -122.375, 50.58333 ], [ -122.41667, 50.58333 ] ] ], [ [ [ -122.25, 50.5 ], [ -122.25, 50.45833 ], [ -122.20833, 50.45833 ], [ -122.25, 50.5 ] ] ], [ [ [ -116.04167, 50.66667 ], [ -116.04167, 50.58333 ], [ -115.91667, 50.45833 ], [ -115.875, 50.45833 ], [ -115.875, 50.41667 ], [ -115.83333, 50.41667 ], [ -115.875, 50.5 ], [ -115.95833, 50.58333 ], [ -115.95833, 50.66667 ], [ -116.04167, 50.66667 ] ] ], [ [ [ -117.04167, 50.5 ], [ -117.04167, 50.41667 ], [ -117.0, 50.41667 ], [ -117.0, 50.5 ], [ -117.04167, 50.5 ] ] ], [ [ [ -122.29167, 50.45833 ], [ -122.29167, 50.41667 ], [ -122.25, 50.45833 ], [ -122.29167, 50.45833 ] ] ], [ [ [ -118.625, 50.45833 ], [ -118.58333, 50.41667 ], [ -118.58333, 50.45833 ], [ -118.625, 50.45833 ] ] ], [ [ [ -117.29167, 50.45833 ], [ -117.29167, 50.41667 ], [ -117.25, 50.41667 ], [ -117.25, 50.45833 ], [ -117.29167, 50.45833 ] ] ], [ [ [ -117.125, 50.45833 ], [ -117.125, 50.41667 ], [ -117.08333, 50.41667 ], [ -117.08333, 50.45833 ], [ -117.125, 50.45833 ] ] ], [ [ [ -116.20833, 50.54167 ], [ -116.29167, 50.45833 ], [ -116.29167, 50.41667 ], [ -116.20833, 50.41667 ], [ -116.20833, 50.45833 ], [ -116.125, 50.45833 ], [ -116.125, 50.5 ], [ -116.16667, 50.54167 ], [ -116.20833, 50.54167 ] ] ], [ [ [ -115.70833, 50.45833 ], [ -115.66667, 50.41667 ], [ -115.66667, 50.45833 ], [ -115.70833, 50.45833 ] ] ], [ [ [ -81.75, 50.5 ], [ -81.79167, 50.41667 ], [ -81.70833, 50.41667 ], [ -81.75, 50.5 ] ] ], [ [ [ -115.58333, 50.625 ], [ -115.58333, 50.54167 ], [ -115.625, 50.54167 ], [ -115.54167, 50.375 ], [ -115.54167, 50.5 ], [ -115.375, 50.5 ], [ -115.375, 50.54167 ], [ -115.54167, 50.54167 ], [ -115.58333, 50.625 ] ] ], [ [ [ -121.16667, 50.375 ], [ -120.91667, 50.375 ], [ -120.95833, 50.45833 ], [ -121.08333, 50.45833 ], [ -121.16667, 50.5 ], [ -121.16667, 50.375 ] ] ], [ [ [ -120.0, 50.54167 ], [ -120.125, 50.45833 ], [ -120.125, 50.375 ], [ -119.95833, 50.375 ], [ -119.91667, 50.41667 ], [ -119.91667, 50.54167 ], [ -120.0, 50.54167 ] ] ], [ [ [ -117.45833, 50.41667 ], [ -117.45833, 50.375 ], [ -117.41667, 50.375 ], [ -117.45833, 50.41667 ] ] ], [ [ [ -96.5, 50.375 ], [ -96.5, 50.66667 ], [ -96.58333, 50.66667 ], [ -96.58333, 50.41667 ], [ -96.5, 50.375 ] ] ], [ [ [ -122.04167, 50.375 ], [ -122.04167, 50.33333 ], [ -121.95833, 50.33333 ], [ -121.95833, 50.375 ], [ -122.04167, 50.375 ] ] ], [ [ [ -117.25, 50.375 ], [ -117.25, 50.33333 ], [ -117.16667, 50.33333 ], [ -117.16667, 50.375 ], [ -117.25, 50.375 ] ] ], [ [ [ -117.125, 50.375 ], [ -117.125, 50.33333 ], [ -117.08333, 50.33333 ], [ -117.125, 50.375 ] ] ], [ [ [ -116.875, 50.375 ], [ -116.875, 50.33333 ], [ -116.79167, 50.33333 ], [ -116.79167, 50.375 ], [ -116.875, 50.375 ] ] ], [ [ [ -116.04167, 50.41667 ], [ -116.08333, 50.375 ], [ -116.04167, 50.33333 ], [ -116.04167, 50.29167 ], [ -116.0, 50.29167 ], [ -116.0, 50.33333 ], [ -115.95833, 50.33333 ], [ -116.04167, 50.41667 ] ] ], [ [ [ -121.75, 50.375 ], [ -121.79167, 50.33333 ], [ -121.79167, 50.29167 ], [ -121.70833, 50.29167 ], [ -121.70833, 50.375 ], [ -121.75, 50.375 ] ] ], [ [ [ -118.25, 50.33333 ], [ -118.20833, 50.29167 ], [ -118.20833, 50.33333 ], [ -118.25, 50.33333 ] ] ], [ [ [ -122.04167, 50.33333 ], [ -122.125, 50.25 ], [ -122.04167, 50.25 ], [ -122.04167, 50.33333 ] ] ], [ [ [ -120.5, 50.41667 ], [ -120.70833, 50.41667 ], [ -120.70833, 50.29167 ], [ -120.66667, 50.25 ], [ -120.66667, 50.29167 ], [ -120.5, 50.29167 ], [ -120.5, 50.41667 ] ] ], [ [ [ -118.20833, 50.29167 ], [ -118.20833, 50.25 ], [ -118.16667, 50.25 ], [ -118.20833, 50.29167 ] ] ], [ [ [ -117.58333, 50.29167 ], [ -117.58333, 50.25 ], [ -117.54167, 50.25 ], [ -117.54167, 50.29167 ], [ -117.58333, 50.29167 ] ] ], [ [ [ -116.75, 50.29167 ], [ -116.75, 50.25 ], [ -116.70833, 50.25 ], [ -116.70833, 50.29167 ], [ -116.75, 50.29167 ] ] ], [ [ [ -115.83333, 50.41667 ], [ -115.83333, 50.25 ], [ -115.79167, 50.20833 ], [ -115.70833, 50.20833 ], [ -115.70833, 50.375 ], [ -115.75, 50.29167 ], [ -115.79167, 50.29167 ], [ -115.79167, 50.41667 ], [ -115.83333, 50.41667 ] ] ], [ [ [ -114.20833, 50.20833 ], [ -114.125, 50.29167 ], [ -114.20833, 50.29167 ], [ -114.20833, 50.20833 ] ] ], [ [ [ -97.125, 50.375 ], [ -97.20833, 50.29167 ], [ -97.16667, 50.20833 ], [ -97.08333, 50.29167 ], [ -97.125, 50.375 ] ] ], [ [ [ -121.70833, 50.25 ], [ -121.70833, 50.20833 ], [ -121.66667, 50.20833 ], [ -121.66667, 50.25 ], [ -121.70833, 50.25 ] ] ], [ [ [ -117.33333, 50.25 ], [ -117.33333, 50.20833 ], [ -117.29167, 50.20833 ], [ -117.33333, 50.25 ] ] ], [ [ [ -117.16667, 50.25 ], [ -117.16667, 50.20833 ], [ -117.125, 50.20833 ], [ -117.125, 50.25 ], [ -117.16667, 50.25 ] ] ], [ [ [ -116.83333, 50.25 ], [ -116.83333, 50.20833 ], [ -116.79167, 50.25 ], [ -116.83333, 50.25 ] ] ], [ [ [ -115.66667, 50.33333 ], [ -115.66667, 50.16667 ], [ -115.625, 50.16667 ], [ -115.58333, 50.25 ], [ -115.625, 50.29167 ], [ -115.58333, 50.29167 ], [ -115.66667, 50.33333 ] ] ], [ [ [ -97.66667, 52.0 ], [ -97.75, 52.0 ], [ -97.75, 51.83333 ], [ -97.83333, 51.875 ], [ -97.95833, 51.875 ], [ -98.04167, 51.91667 ], [ -98.04167, 52.0 ], [ -98.08333, 52.04167 ], [ -98.41667, 52.04167 ], [ -98.41667, 52.0 ], [ -98.625, 52.0 ], [ -98.625, 52.04167 ], [ -98.79167, 52.04167 ], [ -98.79167, 52.0 ], [ -99.0, 52.0 ], [ -99.0, 52.04167 ], [ -99.375, 52.04167 ], [ -99.375, 52.08333 ], [ -99.5, 52.08333 ], [ -99.54167, 52.16667 ], [ -99.625, 52.125 ], [ -99.70833, 52.125 ], [ -99.70833, 51.91667 ], [ -99.79167, 51.875 ], [ -99.79167, 51.79167 ], [ -99.70833, 51.79167 ], [ -99.70833, 51.875 ], [ -99.625, 51.875 ], [ -99.625, 51.70833 ], [ -99.5, 51.83333 ], [ -99.375, 51.83333 ], [ -99.25, 51.75 ], [ -99.20833, 51.83333 ], [ -99.125, 51.83333 ], [ -99.125, 51.75 ], [ -99.04167, 51.75 ], [ -99.0, 51.70833 ], [ -98.875, 51.70833 ], [ -98.70833, 51.625 ], [ -98.75, 51.54167 ], [ -98.75, 51.33333 ], [ -98.54167, 51.33333 ], [ -98.54167, 51.16667 ], [ -98.625, 51.16667 ], [ -98.625, 51.08333 ], [ -98.70833, 51.04167 ], [ -98.70833, 50.91667 ], [ -98.45833, 50.91667 ], [ -98.375, 50.875 ], [ -98.33333, 50.79167 ], [ -98.25, 50.79167 ], [ -97.91667, 50.45833 ], [ -97.91667, 50.375 ], [ -97.91667, 50.29167 ], [ -97.875, 50.20833 ], [ -97.79167, 50.20833 ], [ -97.75, 50.29167 ], [ -97.75, 50.41667 ], [ -97.70833, 50.41667 ], [ -97.66667, 50.5 ], [ -97.625, 50.5 ], [ -97.625, 50.375 ], [ -97.58333, 50.33333 ], [ -97.54167, 50.25 ], [ -97.45833, 50.25 ], [ -97.45833, 50.16667 ], [ -97.29167, 50.16667 ], [ -97.29167, 50.29167 ], [ -97.125, 50.45833 ], [ -97.04167, 50.45833 ], [ -97.04167, 50.66667 ], [ -97.0, 50.66667 ], [ -97.0, 50.95833 ], [ -96.95833, 50.95833 ], [ -96.95833, 51.125 ], [ -96.875, 51.16667 ], [ -97.0, 51.16667 ], [ -97.0, 51.29167 ], [ -96.95833, 51.375 ], [ -96.75, 51.58333 ], [ -96.83333, 51.58333 ], [ -96.79167, 51.66667 ], [ -96.83333, 51.70833 ], [ -96.91667, 51.66667 ], [ -97.04167, 51.66667 ], [ -97.125, 51.58333 ], [ -97.08333, 51.54167 ], [ -97.16667, 51.45833 ], [ -97.16667, 51.41667 ], [ -97.29167, 51.41667 ], [ -97.29167, 51.54167 ], [ -97.33333, 51.54167 ], [ -97.33333, 51.66667 ], [ -97.29167, 51.66667 ], [ -97.25, 51.75 ], [ -97.25, 51.875 ], [ -97.33333, 51.91667 ], [ -97.33333, 52.0 ], [ -97.5, 52.0 ], [ -97.5, 51.91667 ], [ -97.625, 51.91667 ], [ -97.66667, 52.0 ] ] ], [ [ [ -121.5, 50.20833 ], [ -121.5, 50.16667 ], [ -121.41667, 50.16667 ], [ -121.41667, 50.20833 ], [ -121.5, 50.20833 ] ] ], [ [ [ -118.16667, 50.20833 ], [ -118.16667, 50.16667 ], [ -118.125, 50.16667 ], [ -118.125, 50.20833 ], [ -118.16667, 50.20833 ] ] ], [ [ [ -117.625, 50.20833 ], [ -117.625, 50.16667 ], [ -117.58333, 50.16667 ], [ -117.58333, 50.20833 ], [ -117.625, 50.20833 ] ] ], [ [ [ -116.875, 50.20833 ], [ -116.875, 50.16667 ], [ -116.83333, 50.16667 ], [ -116.83333, 50.20833 ], [ -116.875, 50.20833 ] ] ], [ [ [ -115.16667, 50.29167 ], [ -115.25, 50.25 ], [ -115.33333, 50.16667 ], [ -115.29167, 50.125 ], [ -115.25, 50.125 ], [ -115.25, 50.20833 ], [ -115.16667, 50.20833 ], [ -115.16667, 50.29167 ] ] ], [ [ [ -118.25, 50.16667 ], [ -118.25, 50.125 ], [ -118.20833, 50.125 ], [ -118.20833, 50.16667 ], [ -118.25, 50.16667 ] ] ], [ [ [ -117.33333, 50.16667 ], [ -117.33333, 50.125 ], [ -117.29167, 50.125 ], [ -117.29167, 50.16667 ], [ -117.33333, 50.16667 ] ] ], [ [ [ -117.16667, 50.16667 ], [ -117.16667, 50.125 ], [ -117.08333, 50.125 ], [ -117.08333, 50.16667 ], [ -117.16667, 50.16667 ] ] ], [ [ [ -116.25, 50.16667 ], [ -116.25, 50.125 ], [ -116.20833, 50.125 ], [ -116.25, 50.16667 ] ] ], [ [ [ -117.04167, 50.16667 ], [ -117.04167, 50.08333 ], [ -117.0, 50.08333 ], [ -117.0, 50.16667 ], [ -117.04167, 50.16667 ] ] ], [ [ [ -116.0, 50.29167 ], [ -116.0, 50.25 ], [ -115.95833, 50.20833 ], [ -116.04167, 50.20833 ], [ -116.04167, 50.25 ], [ -116.125, 50.08333 ], [ -116.04167, 50.08333 ], [ -116.04167, 50.16667 ], [ -115.91667, 50.16667 ], [ -115.91667, 50.29167 ], [ -116.0, 50.29167 ] ] ], [ [ [ -121.875, 50.125 ], [ -121.83333, 50.08333 ], [ -121.83333, 50.125 ], [ -121.875, 50.125 ] ] ], [ [ [ -116.29167, 50.125 ], [ -116.29167, 50.08333 ], [ -116.25, 50.08333 ], [ -116.25, 50.125 ], [ -116.29167, 50.125 ] ] ], [ [ [ -121.66667, 50.20833 ], [ -121.70833, 50.16667 ], [ -121.75, 50.16667 ], [ -121.83333, 50.16667 ], [ -121.83333, 50.125 ], [ -121.79167, 50.125 ], [ -121.79167, 50.04167 ], [ -121.75, 50.08333 ], [ -121.66667, 50.08333 ], [ -121.625, 50.125 ], [ -121.625, 50.20833 ], [ -121.66667, 50.20833 ] ] ], [ [ [ -116.70833, 50.16667 ], [ -116.70833, 50.08333 ], [ -116.75, 50.125 ], [ -116.79167, 50.125 ], [ -116.79167, 50.04167 ], [ -116.625, 50.04167 ], [ -116.625, 50.08333 ], [ -116.66667, 50.08333 ], [ -116.66667, 50.125 ], [ -116.625, 50.125 ], [ -116.625, 50.16667 ], [ -116.70833, 50.16667 ] ] ], [ [ [ -117.79167, 50.08333 ], [ -117.79167, 50.04167 ], [ -117.75, 50.04167 ], [ -117.75, 50.08333 ], [ -117.79167, 50.08333 ] ] ], [ [ [ -117.66667, 50.08333 ], [ -117.66667, 50.04167 ], [ -117.625, 50.04167 ], [ -117.625, 50.08333 ], [ -117.66667, 50.08333 ] ] ], [ [ [ -117.29167, 50.08333 ], [ -117.33333, 50.04167 ], [ -117.29167, 50.04167 ], [ -117.29167, 50.08333 ] ] ], [ [ [ -121.125, 50.125 ], [ -121.20833, 50.125 ], [ -121.29167, 50.16667 ], [ -121.41667, 50.16667 ], [ -121.41667, 50.125 ], [ -121.5, 50.125 ], [ -121.5, 50.08333 ], [ -121.41667, 50.08333 ], [ -121.375, 50.0 ], [ -121.33333, 50.0 ], [ -121.25, 50.04167 ], [ -121.25, 50.08333 ], [ -121.125, 50.08333 ], [ -121.125, 50.125 ] ] ], [ [ [ -118.04167, 50.08333 ], [ -118.04167, 50.0 ], [ -118.0, 50.0 ], [ -118.0, 50.08333 ], [ -118.04167, 50.08333 ] ] ], [ [ [ -121.79167, 50.04167 ], [ -121.83333, 50.0 ], [ -121.79167, 50.0 ], [ -121.79167, 50.04167 ] ] ], [ [ [ -117.70833, 50.04167 ], [ -117.70833, 50.0 ], [ -117.66667, 50.0 ], [ -117.66667, 50.04167 ], [ -117.70833, 50.04167 ] ] ], [ [ [ -116.95833, 50.04167 ], [ -117.0, 50.0 ], [ -116.95833, 50.0 ], [ -116.95833, 50.04167 ] ] ], [ [ [ -115.54167, 50.375 ], [ -115.54167, 50.25 ], [ -115.5, 50.16667 ], [ -115.625, 50.16667 ], [ -115.625, 50.0 ], [ -115.54167, 49.95833 ], [ -115.41667, 49.95833 ], [ -115.41667, 50.04167 ], [ -115.5, 50.125 ], [ -115.33333, 50.125 ], [ -115.33333, 50.16667 ], [ -115.41667, 50.16667 ], [ -115.41667, 50.25 ], [ -115.45833, 50.33333 ], [ -115.54167, 50.375 ] ] ], [ [ [ -90.45833, 50.125 ], [ -90.45833, 49.95833 ], [ -90.375, 50.04167 ], [ -90.25, 50.04167 ], [ -90.33333, 50.125 ], [ -90.45833, 50.125 ] ] ], [ [ [ -117.25, 50.08333 ], [ -117.25, 50.04167 ], [ -117.20833, 49.95833 ], [ -117.16667, 49.95833 ], [ -117.16667, 50.0 ], [ -117.125, 50.0 ], [ -117.125, 50.08333 ], [ -117.25, 50.08333 ] ] ], [ [ [ -115.875, 49.95833 ], [ -115.83333, 49.95833 ], [ -115.83333, 50.08333 ], [ -115.875, 50.125 ], [ -115.95833, 50.08333 ], [ -116.04167, 50.08333 ], [ -116.04167, 50.04167 ], [ -115.91667, 50.04167 ], [ -115.91667, 50.0 ], [ -115.95833, 49.95833 ], [ -115.95833, 49.79167 ], [ -115.91667, 49.79167 ], [ -115.91667, 49.91667 ], [ -115.875, 49.95833 ] ] ], [ [ [ -121.25, 50.04167 ], [ -121.20833, 49.95833 ], [ -121.16667, 49.95833 ], [ -121.16667, 50.04167 ], [ -121.25, 50.04167 ] ] ], [ [ [ -116.83333, 50.04167 ], [ -116.83333, 49.95833 ], [ -116.79167, 49.95833 ], [ -116.79167, 50.04167 ], [ -116.83333, 50.04167 ] ] ], [ [ [ -117.08333, 50.0 ], [ -117.08333, 49.95833 ], [ -117.04167, 49.95833 ], [ -117.04167, 50.0 ], [ -117.08333, 50.0 ] ] ], [ [ [ -117.70833, 50.0 ], [ -117.75, 49.91667 ], [ -117.70833, 49.91667 ], [ -117.70833, 50.0 ] ] ], [ [ [ -88.0, 49.91667 ], [ -88.0, 50.0 ], [ -88.08333, 50.0 ], [ -88.0, 49.91667 ] ] ], [ [ [ -114.16667, 50.0 ], [ -114.08333, 49.95833 ], [ -114.0, 50.08333 ], [ -114.16667, 50.08333 ], [ -114.16667, 50.0 ] ] ], [ [ [ -121.33333, 50.0 ], [ -121.33333, 49.875 ], [ -121.20833, 49.875 ], [ -121.25, 49.95833 ], [ -121.29167, 49.95833 ], [ -121.33333, 50.0 ] ] ], [ [ [ -121.66667, 49.95833 ], [ -121.58333, 49.91667 ], [ -121.54167, 49.95833 ], [ -121.66667, 49.95833 ] ] ], [ [ [ -86.29167, 50.0 ], [ -86.29167, 49.95833 ], [ -86.41667, 49.95833 ], [ -86.41667, 49.875 ], [ -86.25, 49.875 ], [ -86.25, 50.0 ], [ -86.29167, 50.0 ] ] ], [ [ [ -117.20833, 49.95833 ], [ -117.29167, 49.91667 ], [ -117.29167, 49.875 ], [ -117.20833, 49.875 ], [ -117.20833, 49.95833 ] ] ], [ [ [ -117.125, 49.91667 ], [ -117.125, 49.875 ], [ -117.0, 49.875 ], [ -117.0, 49.91667 ], [ -117.125, 49.91667 ] ] ], [ [ [ -116.5, 49.91667 ], [ -116.5, 49.875 ], [ -116.45833, 49.91667 ], [ -116.5, 49.91667 ] ] ], [ [ [ -114.95833, 50.16667 ], [ -114.95833, 49.83333 ], [ -114.91667, 49.83333 ], [ -114.91667, 49.875 ], [ -114.83333, 49.875 ], [ -114.83333, 50.0 ], [ -114.79167, 50.08333 ], [ -114.875, 50.125 ], [ -114.91667, 50.16667 ], [ -114.95833, 50.16667 ] ] ], [ [ [ -81.58333, 50.04167 ], [ -81.58333, 49.83333 ], [ -81.54167, 49.83333 ], [ -81.54167, 50.04167 ], [ -81.58333, 50.04167 ] ] ], [ [ [ -115.625, 49.95833 ], [ -115.625, 49.83333 ], [ -115.58333, 49.83333 ], [ -115.58333, 49.95833 ], [ -115.625, 49.95833 ] ] ], [ [ [ -117.54167, 49.875 ], [ -117.625, 49.875 ], [ -117.625, 49.79167 ], [ -117.58333, 49.79167 ], [ -117.58333, 49.83333 ], [ -117.54167, 49.875 ] ] ], [ [ [ -116.79167, 49.95833 ], [ -116.79167, 49.75 ], [ -116.75, 49.75 ], [ -116.75, 49.95833 ], [ -116.79167, 49.95833 ] ] ], [ [ [ -116.33333, 49.79167 ], [ -116.33333, 49.75 ], [ -116.29167, 49.79167 ], [ -116.33333, 49.79167 ] ] ], [ [ [ -118.375, 49.95833 ], [ -118.33333, 49.91667 ], [ -118.375, 49.83333 ], [ -118.375, 49.70833 ], [ -118.33333, 49.79167 ], [ -118.25, 49.83333 ], [ -118.25, 49.91667 ], [ -118.29167, 49.95833 ], [ -118.375, 49.95833 ] ] ], [ [ [ -117.375, 49.83333 ], [ -117.375, 49.70833 ], [ -117.33333, 49.70833 ], [ -117.33333, 49.79167 ], [ -117.29167, 49.83333 ], [ -117.375, 49.83333 ] ] ], [ [ [ -117.04167, 49.83333 ], [ -117.0, 49.79167 ], [ -117.0, 49.70833 ], [ -116.95833, 49.70833 ], [ -116.95833, 49.83333 ], [ -117.04167, 49.83333 ] ] ], [ [ [ -118.04167, 49.79167 ], [ -118.04167, 49.70833 ], [ -118.0, 49.70833 ], [ -118.0, 49.79167 ], [ -118.04167, 49.79167 ] ] ], [ [ [ -117.79167, 49.79167 ], [ -117.79167, 49.70833 ], [ -117.75, 49.70833 ], [ -117.75, 49.79167 ], [ -117.79167, 49.79167 ] ] ], [ [ [ -117.70833, 49.75 ], [ -117.70833, 49.70833 ], [ -117.66667, 49.70833 ], [ -117.66667, 49.75 ], [ -117.70833, 49.75 ] ] ], [ [ [ -117.625, 49.75 ], [ -117.625, 49.70833 ], [ -117.58333, 49.70833 ], [ -117.58333, 49.75 ], [ -117.625, 49.75 ] ] ], [ [ [ -116.75, 49.75 ], [ -116.70833, 49.70833 ], [ -116.70833, 49.75 ], [ -116.75, 49.75 ] ] ], [ [ [ -119.25, 50.16667 ], [ -119.29167, 50.125 ], [ -119.29167, 50.04167 ], [ -119.25, 50.04167 ], [ -119.25, 49.91667 ], [ -119.20833, 49.875 ], [ -119.16667, 49.875 ], [ -119.16667, 49.91667 ], [ -119.0, 49.91667 ], [ -119.08333, 49.83333 ], [ -119.08333, 49.66667 ], [ -118.875, 49.66667 ], [ -118.83333, 49.70833 ], [ -118.83333, 49.79167 ], [ -118.75, 49.79167 ], [ -118.70833, 49.83333 ], [ -118.70833, 50.0 ], [ -118.625, 50.04167 ], [ -118.54167, 50.125 ], [ -118.70833, 50.125 ], [ -118.70833, 50.16667 ], [ -118.79167, 50.125 ], [ -119.125, 50.125 ], [ -119.125, 50.16667 ], [ -119.25, 50.16667 ] ], [ [ -118.95833, 50.08333 ], [ -118.70833, 50.08333 ], [ -118.75, 50.04167 ], [ -118.75, 49.91667 ], [ -118.79167, 49.875 ], [ -118.91667, 49.875 ], [ -118.91667, 50.0 ], [ -118.95833, 50.08333 ] ] ], [ [ [ -117.91667, 49.875 ], [ -117.91667, 49.83333 ], [ -117.91667, 49.79167 ], [ -117.91667, 49.75 ], [ -117.875, 49.66667 ], [ -117.83333, 49.66667 ], [ -117.83333, 49.83333 ], [ -117.79167, 49.875 ], [ -117.91667, 49.875 ] ] ], [ [ [ -117.29167, 49.75 ], [ -117.29167, 49.66667 ], [ -117.25, 49.66667 ], [ -117.25, 49.75 ], [ -117.29167, 49.75 ] ] ], [ [ [ -115.95833, 49.79167 ], [ -116.04167, 49.75 ], [ -116.125, 49.75 ], [ -116.125, 49.66667 ], [ -116.04167, 49.66667 ], [ -116.0, 49.70833 ], [ -115.95833, 49.79167 ] ] ], [ [ [ -120.58333, 49.70833 ], [ -120.58333, 49.66667 ], [ -120.54167, 49.70833 ], [ -120.58333, 49.70833 ] ] ], [ [ [ -117.16667, 49.70833 ], [ -117.16667, 49.66667 ], [ -117.125, 49.66667 ], [ -117.16667, 49.70833 ] ] ], [ [ [ -116.70833, 49.70833 ], [ -116.70833, 49.66667 ], [ -116.66667, 49.70833 ], [ -116.70833, 49.70833 ] ] ], [ [ [ -114.91667, 49.70833 ], [ -114.95833, 49.66667 ], [ -114.91667, 49.66667 ], [ -114.91667, 49.70833 ] ] ], [ [ [ -118.29167, 50.25 ], [ -118.33333, 50.16667 ], [ -118.41667, 50.125 ], [ -118.5, 50.04167 ], [ -118.58333, 50.0 ], [ -118.66667, 49.91667 ], [ -118.625, 49.83333 ], [ -118.625, 49.75 ], [ -118.5, 49.75 ], [ -118.5, 49.70833 ], [ -118.45833, 49.70833 ], [ -118.45833, 49.66667 ], [ -118.41667, 49.625 ], [ -118.375, 49.70833 ], [ -118.41667, 49.70833 ], [ -118.41667, 49.875 ], [ -118.5, 49.79167 ], [ -118.54167, 49.79167 ], [ -118.54167, 49.91667 ], [ -118.45833, 49.91667 ], [ -118.375, 49.95833 ], [ -118.33333, 50.0 ], [ -118.25, 50.0 ], [ -118.25, 50.125 ], [ -118.29167, 50.125 ], [ -118.29167, 50.25 ] ] ], [ [ [ -119.66667, 50.41667 ], [ -119.83333, 50.33333 ], [ -119.95833, 50.20833 ], [ -120.0, 50.08333 ], [ -120.16667, 50.0 ], [ -120.29167, 50.0 ], [ -120.375, 49.95833 ], [ -120.45833, 49.875 ], [ -120.45833, 49.75 ], [ -120.5, 49.66667 ], [ -120.45833, 49.625 ], [ -120.41667, 49.625 ], [ -120.41667, 49.70833 ], [ -120.375, 49.75 ], [ -120.0, 49.75 ], [ -119.95833, 49.79167 ], [ -119.95833, 49.875 ], [ -119.91667, 49.91667 ], [ -119.79167, 49.91667 ], [ -119.70833, 49.95833 ], [ -119.66667, 50.04167 ], [ -119.58333, 50.04167 ], [ -119.58333, 50.125 ], [ -119.58333, 50.16667 ], [ -119.58333, 50.20833 ], [ -119.58333, 50.25 ], [ -119.54167, 50.29167 ], [ -119.54167, 50.375 ], [ -119.58333, 50.41667 ], [ -119.66667, 50.41667 ] ] ], [ [ [ -115.5, 49.625 ], [ -115.54167, 49.75 ], [ -115.625, 49.75 ], [ -115.625, 49.70833 ], [ -115.54167, 49.70833 ], [ -115.54167, 49.625 ], [ -115.5, 49.625 ] ] ], [ [ [ -120.875, 49.625 ], [ -120.875, 49.75 ], [ -120.95833, 49.75 ], [ -121.0, 49.70833 ], [ -120.95833, 49.625 ], [ -120.875, 49.625 ] ] ], [ [ [ -87.41667, 49.70833 ], [ -87.41667, 49.625 ], [ -87.33333, 49.625 ], [ -87.41667, 49.70833 ] ] ], [ [ [ -119.125, 49.66667 ], [ -119.08333, 49.625 ], [ -119.08333, 49.66667 ], [ -119.125, 49.66667 ] ] ], [ [ [ -118.5, 49.66667 ], [ -118.54167, 49.625 ], [ -118.5, 49.625 ], [ -118.5, 49.66667 ] ] ], [ [ [ -117.25, 49.66667 ], [ -117.25, 49.625 ], [ -117.20833, 49.625 ], [ -117.20833, 49.66667 ], [ -117.25, 49.66667 ] ] ], [ [ [ -117.125, 49.66667 ], [ -117.125, 49.625 ], [ -117.08333, 49.625 ], [ -117.08333, 49.66667 ], [ -117.125, 49.66667 ] ] ], [ [ [ -121.125, 49.58333 ], [ -121.08333, 49.58333 ], [ -121.04167, 49.66667 ], [ -121.04167, 49.79167 ], [ -121.20833, 49.79167 ], [ -121.20833, 49.625 ], [ -121.125, 49.58333 ] ] ], [ [ [ -117.45833, 49.66667 ], [ -117.45833, 49.58333 ], [ -117.33333, 49.58333 ], [ -117.29167, 49.625 ], [ -117.29167, 49.66667 ], [ -117.375, 49.66667 ], [ -117.41667, 49.66667 ], [ -117.45833, 49.66667 ] ] ], [ [ [ -116.58333, 49.83333 ], [ -116.70833, 49.75 ], [ -116.66667, 49.70833 ], [ -116.625, 49.75 ], [ -116.5, 49.75 ], [ -116.5, 49.66667 ], [ -116.58333, 49.66667 ], [ -116.58333, 49.58333 ], [ -116.54167, 49.58333 ], [ -116.54167, 49.625 ], [ -116.375, 49.625 ], [ -116.41667, 49.70833 ], [ -116.41667, 49.75 ], [ -116.41667, 49.79167 ], [ -116.41667, 49.83333 ], [ -116.5, 49.79167 ], [ -116.58333, 49.83333 ] ] ], [ [ [ -118.58333, 49.625 ], [ -118.58333, 49.58333 ], [ -118.54167, 49.58333 ], [ -118.54167, 49.625 ], [ -118.58333, 49.625 ] ] ], [ [ [ -115.5, 49.625 ], [ -115.5, 49.58333 ], [ -115.45833, 49.58333 ], [ -115.45833, 49.625 ], [ -115.5, 49.625 ] ] ], [ [ [ -109.91667, 49.58333 ], [ -109.79167, 49.58333 ], [ -109.79167, 49.625 ], [ -109.91667, 49.625 ], [ -109.91667, 49.58333 ] ] ], [ [ [ -118.0, 49.625 ], [ -118.0, 49.58333 ], [ -117.95833, 49.54167 ], [ -117.91667, 49.58333 ], [ -117.83333, 49.58333 ], [ -117.83333, 49.625 ], [ -118.0, 49.625 ] ] ], [ [ [ -109.91667, 49.58333 ], [ -109.95833, 49.66667 ], [ -110.125, 49.66667 ], [ -110.125, 49.70833 ], [ -110.29167, 49.70833 ], [ -110.375, 49.625 ], [ -110.375, 49.58333 ], [ -110.20833, 49.58333 ], [ -110.20833, 49.54167 ], [ -109.91667, 49.54167 ], [ -109.91667, 49.58333 ] ] ], [ [ [ -118.5, 49.625 ], [ -118.54167, 49.58333 ], [ -118.54167, 49.54167 ], [ -118.45833, 49.54167 ], [ -118.41667, 49.58333 ], [ -118.41667, 49.625 ], [ -118.5, 49.625 ] ] ], [ [ [ -118.04167, 49.58333 ], [ -118.04167, 49.54167 ], [ -118.0, 49.54167 ], [ -118.0, 49.58333 ], [ -118.04167, 49.58333 ] ] ], [ [ [ -117.0, 49.58333 ], [ -117.0, 49.54167 ], [ -116.95833, 49.54167 ], [ -116.95833, 49.58333 ], [ -117.0, 49.58333 ] ] ], [ [ [ -116.91667, 49.58333 ], [ -116.875, 49.54167 ], [ -116.875, 49.58333 ], [ -116.91667, 49.58333 ] ] ], [ [ [ -116.20833, 49.58333 ], [ -116.20833, 49.54167 ], [ -116.125, 49.58333 ], [ -116.20833, 49.58333 ] ] ], [ [ [ -118.0, 49.54167 ], [ -118.0, 49.5 ], [ -117.95833, 49.5 ], [ -117.95833, 49.54167 ], [ -118.0, 49.54167 ] ] ], [ [ [ -117.79167, 49.54167 ], [ -117.79167, 49.5 ], [ -117.75, 49.5 ], [ -117.75, 49.54167 ], [ -117.79167, 49.54167 ] ] ], [ [ [ -116.70833, 49.625 ], [ -116.70833, 49.45833 ], [ -116.66667, 49.45833 ], [ -116.66667, 49.625 ], [ -116.70833, 49.625 ] ] ], [ [ [ -116.08333, 49.58333 ], [ -116.08333, 49.5 ], [ -116.0, 49.45833 ], [ -115.95833, 49.54167 ], [ -116.04167, 49.58333 ], [ -116.08333, 49.58333 ] ] ], [ [ [ -120.95833, 49.625 ], [ -121.04167, 49.58333 ], [ -121.08333, 49.5 ], [ -121.08333, 49.45833 ], [ -121.0, 49.45833 ], [ -121.0, 49.54167 ], [ -120.95833, 49.625 ] ] ], [ [ [ -117.70833, 49.5 ], [ -117.70833, 49.45833 ], [ -117.66667, 49.45833 ], [ -117.66667, 49.5 ], [ -117.70833, 49.5 ] ] ], [ [ [ -116.29167, 49.5 ], [ -116.41667, 49.5 ], [ -116.41667, 49.45833 ], [ -116.375, 49.41667 ], [ -116.33333, 49.41667 ], [ -116.29167, 49.45833 ], [ -116.29167, 49.5 ] ] ], [ [ [ -116.91667, 49.45833 ], [ -116.91667, 49.41667 ], [ -116.875, 49.45833 ], [ -116.91667, 49.45833 ] ] ], [ [ [ -116.41667, 49.45833 ], [ -116.45833, 49.41667 ], [ -116.41667, 49.41667 ], [ -116.41667, 49.45833 ] ] ], [ [ [ -117.95833, 49.5 ], [ -117.95833, 49.45833 ], [ -117.91667, 49.41667 ], [ -117.83333, 49.375 ], [ -117.75, 49.375 ], [ -117.79167, 49.45833 ], [ -117.83333, 49.45833 ], [ -117.83333, 49.5 ], [ -117.95833, 49.5 ] ] ], [ [ [ -93.08333, 49.54167 ], [ -93.08333, 49.625 ], [ -93.20833, 49.625 ], [ -93.20833, 49.58333 ], [ -93.33333, 49.58333 ], [ -93.33333, 49.54167 ], [ -93.20833, 49.54167 ], [ -93.20833, 49.45833 ], [ -93.29167, 49.45833 ], [ -93.29167, 49.375 ], [ -93.08333, 49.375 ], [ -93.04167, 49.45833 ], [ -93.125, 49.45833 ], [ -93.08333, 49.54167 ] ] ], [ [ [ -115.54167, 49.41667 ], [ -115.54167, 49.375 ], [ -115.5, 49.375 ], [ -115.54167, 49.41667 ] ] ], [ [ [ -115.16667, 50.0 ], [ -115.16667, 49.79167 ], [ -115.25, 49.75 ], [ -115.25, 49.79167 ], [ -115.375, 49.79167 ], [ -115.41667, 49.70833 ], [ -115.41667, 49.58333 ], [ -115.41667, 49.5 ], [ -115.375, 49.5 ], [ -115.33333, 49.54167 ], [ -115.33333, 49.45833 ], [ -115.25, 49.41667 ], [ -115.125, 49.41667 ], [ -115.125, 49.33333 ], [ -115.04167, 49.33333 ], [ -115.04167, 49.41667 ], [ -115.08333, 49.41667 ], [ -115.08333, 49.45833 ], [ -115.08333, 49.5 ], [ -115.08333, 49.54167 ], [ -115.04167, 49.58333 ], [ -114.95833, 49.58333 ], [ -114.95833, 49.66667 ], [ -115.04167, 49.625 ], [ -115.08333, 49.70833 ], [ -115.125, 49.70833 ], [ -115.125, 50.0 ], [ -115.16667, 50.0 ] ], [ [ -115.33333, 49.54167 ], [ -115.33333, 49.625 ], [ -115.25, 49.625 ], [ -115.25, 49.54167 ], [ -115.33333, 49.54167 ] ], [ [ -115.25, 49.625 ], [ -115.25, 49.70833 ], [ -115.16667, 49.70833 ], [ -115.25, 49.625 ] ], [ [ -115.08333, 49.54167 ], [ -115.16667, 49.54167 ], [ -115.16667, 49.625 ], [ -115.08333, 49.625 ], [ -115.08333, 49.54167 ] ] ], [ [ [ -98.66667, 49.375 ], [ -98.75, 49.45833 ], [ -98.875, 49.45833 ], [ -98.79167, 49.375 ], [ -98.70833, 49.33333 ], [ -98.66667, 49.375 ] ] ], [ [ [ -116.66667, 49.41667 ], [ -116.66667, 49.33333 ], [ -116.625, 49.33333 ], [ -116.66667, 49.41667 ] ] ], [ [ [ -96.54167, 49.41667 ], [ -96.54167, 49.33333 ], [ -96.41667, 49.33333 ], [ -96.41667, 49.41667 ], [ -96.54167, 49.41667 ] ] ], [ [ [ -118.58333, 49.375 ], [ -118.58333, 49.54167 ], [ -118.66667, 49.5 ], [ -118.70833, 49.41667 ], [ -118.70833, 49.54167 ], [ -118.625, 49.58333 ], [ -118.625, 49.70833 ], [ -118.66667, 49.70833 ], [ -118.70833, 49.66667 ], [ -118.75, 49.625 ], [ -118.75, 49.54167 ], [ -118.79167, 49.54167 ], [ -118.79167, 49.29167 ], [ -118.70833, 49.29167 ], [ -118.66667, 49.29167 ], [ -118.625, 49.29167 ], [ -118.58333, 49.20833 ], [ -118.54167, 49.25 ], [ -118.54167, 49.375 ], [ -118.58333, 49.375 ] ] ], [ [ [ -118.29167, 49.625 ], [ -118.29167, 49.41667 ], [ -118.33333, 49.33333 ], [ -118.29167, 49.29167 ], [ -118.20833, 49.29167 ], [ -118.20833, 49.41667 ], [ -118.25, 49.41667 ], [ -118.25, 49.625 ], [ -118.29167, 49.625 ] ] ], [ [ [ -117.41667, 49.41667 ], [ -117.41667, 49.375 ], [ -117.33333, 49.29167 ], [ -117.29167, 49.29167 ], [ -117.29167, 49.41667 ], [ -117.41667, 49.41667 ] ] ], [ [ [ -79.5, 49.45833 ], [ -79.54167, 49.41667 ], [ -79.54167, 49.33333 ], [ -79.375, 49.33333 ], [ -79.29167, 49.29167 ], [ -79.29167, 49.375 ], [ -79.41667, 49.375 ], [ -79.41667, 49.45833 ], [ -79.5, 49.45833 ] ] ], [ [ [ -117.5, 49.375 ], [ -117.5, 49.29167 ], [ -117.41667, 49.29167 ], [ -117.41667, 49.375 ], [ -117.5, 49.375 ] ] ], [ [ [ -116.625, 49.33333 ], [ -116.625, 49.29167 ], [ -116.58333, 49.29167 ], [ -116.625, 49.33333 ] ] ], [ [ [ -115.04167, 49.33333 ], [ -115.04167, 49.29167 ], [ -114.95833, 49.33333 ], [ -115.04167, 49.33333 ] ] ], [ [ [ -120.0, 49.66667 ], [ -120.04167, 49.70833 ], [ -120.20833, 49.70833 ], [ -120.33333, 49.58333 ], [ -120.29167, 49.54167 ], [ -120.29167, 49.45833 ], [ -120.20833, 49.45833 ], [ -120.20833, 49.41667 ], [ -120.04167, 49.41667 ], [ -120.04167, 49.375 ], [ -120.0, 49.375 ], [ -120.0, 49.29167 ], [ -119.95833, 49.25 ], [ -119.875, 49.25 ], [ -119.875, 49.33333 ], [ -119.83333, 49.33333 ], [ -119.83333, 49.5 ], [ -119.875, 49.5 ], [ -119.875, 49.58333 ], [ -119.95833, 49.58333 ], [ -119.95833, 49.625 ], [ -120.0, 49.66667 ] ] ], [ [ [ -116.5, 49.375 ], [ -116.54167, 49.29167 ], [ -116.58333, 49.29167 ], [ -116.58333, 49.25 ], [ -116.5, 49.20833 ], [ -116.45833, 49.20833 ], [ -116.41667, 49.25 ], [ -116.41667, 49.33333 ], [ -116.5, 49.375 ] ] ], [ [ [ -116.41667, 49.25 ], [ -116.41667, 49.20833 ], [ -116.375, 49.20833 ], [ -116.375, 49.25 ], [ -116.41667, 49.25 ] ] ], [ [ [ -116.33333, 49.41667 ], [ -116.33333, 49.33333 ], [ -116.29167, 49.29167 ], [ -116.16667, 49.29167 ], [ -116.16667, 49.25 ], [ -116.125, 49.25 ], [ -116.125, 49.16667 ], [ -116.04167, 49.20833 ], [ -115.95833, 49.25 ], [ -115.95833, 49.33333 ], [ -115.91667, 49.41667 ], [ -115.95833, 49.375 ], [ -116.04167, 49.41667 ], [ -116.08333, 49.41667 ], [ -116.08333, 49.5 ], [ -116.125, 49.41667 ], [ -116.20833, 49.41667 ], [ -116.33333, 49.41667 ] ] ], [ [ [ -119.375, 49.79167 ], [ -119.375, 49.75 ], [ -119.5, 49.75 ], [ -119.5, 49.58333 ], [ -119.45833, 49.58333 ], [ -119.45833, 49.5 ], [ -119.41667, 49.5 ], [ -119.41667, 49.41667 ], [ -119.5, 49.41667 ], [ -119.5, 49.375 ], [ -119.41667, 49.375 ], [ -119.33333, 49.29167 ], [ -119.375, 49.25 ], [ -119.29167, 49.16667 ], [ -119.20833, 49.125 ], [ -119.125, 49.16667 ], [ -119.125, 49.33333 ], [ -119.16667, 49.41667 ], [ -119.33333, 49.41667 ], [ -119.25, 49.54167 ], [ -119.25, 49.66667 ], [ -119.125, 49.66667 ], [ -119.20833, 49.70833 ], [ -119.20833, 49.79167 ], [ -119.375, 49.79167 ] ] ], [ [ [ -117.79167, 49.20833 ], [ -117.79167, 49.25 ], [ -117.91667, 49.25 ], [ -117.91667, 49.125 ], [ -117.875, 49.125 ], [ -117.875, 49.20833 ], [ -117.79167, 49.20833 ] ] ], [ [ [ -119.95833, 49.20833 ], [ -119.95833, 49.125 ], [ -119.91667, 49.125 ], [ -119.91667, 49.20833 ], [ -119.95833, 49.20833 ] ] ], [ [ [ -120.66667, 49.45833 ], [ -120.75, 49.375 ], [ -120.79167, 49.375 ], [ -120.79167, 49.5 ], [ -120.91667, 49.5 ], [ -120.95833, 49.45833 ], [ -120.95833, 49.33333 ], [ -120.875, 49.375 ], [ -120.75, 49.25 ], [ -120.70833, 49.16667 ], [ -120.70833, 49.08333 ], [ -120.66667, 49.08333 ], [ -120.66667, 49.20833 ], [ -120.58333, 49.20833 ], [ -120.58333, 49.25 ], [ -120.66667, 49.29167 ], [ -120.66667, 49.45833 ] ] ], [ [ [ -115.75, 49.41667 ], [ -115.79167, 49.375 ], [ -115.79167, 49.20833 ], [ -115.83333, 49.20833 ], [ -115.83333, 49.16667 ], [ -115.95833, 49.16667 ], [ -115.91667, 49.08333 ], [ -115.79167, 49.08333 ], [ -115.79167, 49.125 ], [ -115.66667, 49.125 ], [ -115.58333, 49.16667 ], [ -115.54167, 49.25 ], [ -115.54167, 49.29167 ], [ -115.54167, 49.375 ], [ -115.66667, 49.375 ], [ -115.75, 49.41667 ] ] ], [ [ [ -117.875, 49.125 ], [ -117.875, 49.08333 ], [ -117.83333, 49.08333 ], [ -117.83333, 49.125 ], [ -117.875, 49.125 ] ] ], [ [ [ -120.16667, 49.125 ], [ -120.16667, 49.08333 ], [ -120.08333, 49.08333 ], [ -120.08333, 49.0 ], [ -120.0, 49.0 ], [ -120.0, 49.04167 ], [ -119.91667, 49.04167 ], [ -119.95833, 49.08333 ], [ -119.95833, 49.125 ], [ -120.0, 49.125 ], [ -120.04167, 49.125 ], [ -120.16667, 49.125 ] ] ], [ [ [ -116.125, 49.04167 ], [ -116.125, 49.0 ], [ -116.08333, 49.04167 ], [ -116.125, 49.04167 ] ] ], [ [ [ -113.79167, 49.04167 ], [ -113.75, 49.0 ], [ -113.75, 49.04167 ], [ -113.79167, 49.04167 ] ] ], [ [ [ -120.41667, 49.375 ], [ -120.41667, 49.29167 ], [ -120.5, 49.29167 ], [ -120.5, 49.16667 ], [ -120.54167, 49.16667 ], [ -120.5, 49.125 ], [ -120.41667, 49.125 ], [ -120.41667, 49.04167 ], [ -120.33333, 48.95833 ], [ -120.25, 49.0 ], [ -120.20833, 49.08333 ], [ -120.20833, 49.125 ], [ -120.16667, 49.125 ], [ -120.16667, 49.16667 ], [ -120.04167, 49.16667 ], [ -120.04167, 49.20833 ], [ -120.08333, 49.20833 ], [ -120.08333, 49.29167 ], [ -120.25, 49.29167 ], [ -120.29167, 49.375 ], [ -120.41667, 49.375 ] ] ], [ [ [ -117.16667, 49.54167 ], [ -117.20833, 49.5 ], [ -117.20833, 49.33333 ], [ -117.08333, 49.33333 ], [ -117.08333, 49.25 ], [ -117.16667, 49.16667 ], [ -117.08333, 49.16667 ], [ -117.16667, 49.08333 ], [ -117.16667, 49.04167 ], [ -117.125, 49.04167 ], [ -117.125, 49.0 ], [ -117.04167, 49.0 ], [ -117.04167, 48.95833 ], [ -117.0, 48.95833 ], [ -116.95833, 49.04167 ], [ -116.79167, 49.04167 ], [ -116.79167, 49.08333 ], [ -116.91667, 49.08333 ], [ -116.875, 49.16667 ], [ -116.70833, 49.16667 ], [ -116.70833, 49.20833 ], [ -116.75, 49.25 ], [ -116.83333, 49.25 ], [ -116.83333, 49.29167 ], [ -116.91667, 49.29167 ], [ -116.91667, 49.41667 ], [ -116.95833, 49.41667 ], [ -116.95833, 49.5 ], [ -117.125, 49.5 ], [ -117.08333, 49.54167 ], [ -117.16667, 49.54167 ] ], [ [ -117.0, 49.375 ], [ -117.0, 49.125 ], [ -117.04167, 49.125 ], [ -117.04167, 49.375 ], [ -117.0, 49.375 ] ] ], [ [ [ -113.875, 49.04167 ], [ -113.875, 48.95833 ], [ -113.83333, 49.04167 ], [ -113.875, 49.04167 ] ] ], [ [ [ -117.45833, 48.95833 ], [ -117.41667, 48.91667 ], [ -117.41667, 48.95833 ], [ -117.45833, 48.95833 ] ] ], [ [ [ -117.04167, 48.95833 ], [ -117.16667, 48.95833 ], [ -117.16667, 48.91667 ], [ -117.04167, 48.91667 ], [ -117.04167, 48.95833 ] ] ], [ [ [ -113.66667, 48.95833 ], [ -113.66667, 48.91667 ], [ -113.625, 48.91667 ], [ -113.625, 48.95833 ], [ -113.66667, 48.95833 ] ] ], [ [ [ -99.875, 48.95833 ], [ -99.875, 49.04167 ], [ -99.95833, 49.08333 ], [ -100.125, 49.08333 ], [ -100.125, 49.125 ], [ -100.25, 49.125 ], [ -100.25, 49.08333 ], [ -100.41667, 49.08333 ], [ -100.5, 49.0 ], [ -100.41667, 48.91667 ], [ -100.375, 48.95833 ], [ -100.29167, 48.875 ], [ -100.16667, 48.875 ], [ -100.16667, 48.91667 ], [ -100.04167, 48.91667 ], [ -100.04167, 48.875 ], [ -99.83333, 48.875 ], [ -99.875, 48.95833 ] ] ], [ [ [ -116.83333, 48.95833 ], [ -116.83333, 48.875 ], [ -116.75, 48.875 ], [ -116.75, 48.95833 ], [ -116.83333, 48.95833 ] ] ], [ [ [ -117.20833, 48.91667 ], [ -117.20833, 48.875 ], [ -117.16667, 48.875 ], [ -117.16667, 48.91667 ], [ -117.20833, 48.91667 ] ] ], [ [ [ -113.75, 49.0 ], [ -113.75, 48.83333 ], [ -113.70833, 48.83333 ], [ -113.70833, 49.0 ], [ -113.75, 49.0 ] ] ], [ [ [ -114.25, 48.91667 ], [ -114.125, 48.83333 ], [ -114.08333, 48.875 ], [ -114.08333, 48.91667 ], [ -114.25, 48.91667 ] ] ], [ [ [ -113.58333, 48.95833 ], [ -113.58333, 48.875 ], [ -113.625, 48.83333 ], [ -113.54167, 48.83333 ], [ -113.54167, 48.95833 ], [ -113.58333, 48.95833 ] ] ], [ [ [ -114.125, 48.83333 ], [ -114.08333, 48.79167 ], [ -114.08333, 48.83333 ], [ -114.125, 48.83333 ] ] ], [ [ [ -87.95833, 48.83333 ], [ -87.95833, 48.79167 ], [ -87.83333, 48.79167 ], [ -87.83333, 48.83333 ], [ -87.95833, 48.83333 ] ] ], [ [ [ -115.875, 48.91667 ], [ -115.875, 49.0 ], [ -116.04167, 49.0 ], [ -116.08333, 48.95833 ], [ -116.08333, 48.875 ], [ -116.04167, 48.875 ], [ -116.04167, 48.75 ], [ -116.0, 48.83333 ], [ -115.91667, 48.83333 ], [ -115.83333, 48.875 ], [ -115.83333, 48.91667 ], [ -115.875, 48.91667 ] ] ], [ [ [ -113.70833, 48.83333 ], [ -113.70833, 48.75 ], [ -113.625, 48.79167 ], [ -113.625, 48.83333 ], [ -113.70833, 48.83333 ] ] ], [ [ [ -119.16667, 48.79167 ], [ -119.16667, 48.75 ], [ -119.125, 48.75 ], [ -119.16667, 48.79167 ] ] ], [ [ [ -115.45833, 49.125 ], [ -115.45833, 49.04167 ], [ -115.54167, 49.08333 ], [ -115.58333, 49.04167 ], [ -115.5, 48.95833 ], [ -115.41667, 48.875 ], [ -115.5, 48.875 ], [ -115.5, 48.91667 ], [ -115.54167, 48.91667 ], [ -115.58333, 48.83333 ], [ -115.54167, 48.79167 ], [ -115.375, 48.79167 ], [ -115.33333, 48.83333 ], [ -115.29167, 48.875 ], [ -115.29167, 48.91667 ], [ -115.375, 48.95833 ], [ -115.375, 49.08333 ], [ -115.33333, 49.08333 ], [ -115.33333, 49.125 ], [ -115.45833, 49.125 ] ] ], [ [ [ -114.08333, 48.79167 ], [ -114.04167, 48.70833 ], [ -113.95833, 48.70833 ], [ -114.0, 48.79167 ], [ -114.08333, 48.79167 ] ] ], [ [ [ -119.875, 49.16667 ], [ -119.875, 49.08333 ], [ -119.875, 49.04167 ], [ -119.83333, 48.95833 ], [ -119.91667, 48.95833 ], [ -119.95833, 48.91667 ], [ -120.0, 48.875 ], [ -120.0, 48.95833 ], [ -120.125, 48.95833 ], [ -120.125, 48.875 ], [ -120.16667, 48.79167 ], [ -120.08333, 48.79167 ], [ -120.08333, 48.66667 ], [ -120.04167, 48.66667 ], [ -120.04167, 48.70833 ], [ -119.875, 48.70833 ], [ -119.875, 48.66667 ], [ -119.79167, 48.70833 ], [ -119.83333, 48.79167 ], [ -119.83333, 48.91667 ], [ -119.75, 48.91667 ], [ -119.75, 49.0 ], [ -119.79167, 49.0 ], [ -119.79167, 49.16667 ], [ -119.875, 49.16667 ] ] ], [ [ [ -88.20833, 48.70833 ], [ -88.125, 48.70833 ], [ -88.125, 48.79167 ], [ -88.25, 48.79167 ], [ -88.29167, 48.79167 ], [ -88.29167, 48.66667 ], [ -88.20833, 48.66667 ], [ -88.20833, 48.70833 ] ] ], [ [ [ -114.04167, 49.25 ], [ -114.04167, 49.04167 ], [ -113.95833, 48.95833 ], [ -113.95833, 48.83333 ], [ -113.91667, 48.83333 ], [ -113.91667, 48.70833 ], [ -113.95833, 48.70833 ], [ -113.95833, 48.66667 ], [ -113.83333, 48.66667 ], [ -113.79167, 48.70833 ], [ -113.79167, 48.83333 ], [ -113.875, 48.79167 ], [ -113.875, 48.95833 ], [ -113.91667, 48.95833 ], [ -113.91667, 49.125 ], [ -113.875, 49.125 ], [ -113.875, 49.16667 ], [ -113.91667, 49.16667 ], [ -113.95833, 49.25 ], [ -114.04167, 49.25 ] ] ], [ [ [ -113.41667, 48.70833 ], [ -113.41667, 48.66667 ], [ -113.375, 48.66667 ], [ -113.375, 48.70833 ], [ -113.41667, 48.70833 ] ] ], [ [ [ -116.625, 48.91667 ], [ -116.75, 48.79167 ], [ -116.75, 48.70833 ], [ -116.70833, 48.70833 ], [ -116.70833, 48.625 ], [ -116.54167, 48.625 ], [ -116.54167, 48.66667 ], [ -116.625, 48.75 ], [ -116.5, 48.75 ], [ -116.54167, 48.83333 ], [ -116.5, 48.875 ], [ -116.625, 48.875 ], [ -116.625, 48.91667 ] ] ], [ [ [ -115.16667, 48.75 ], [ -115.16667, 48.70833 ], [ -115.25, 48.70833 ], [ -115.25, 48.66667 ], [ -115.20833, 48.625 ], [ -115.08333, 48.625 ], [ -115.125, 48.66667 ], [ -115.125, 48.75 ], [ -115.16667, 48.75 ] ] ], [ [ [ -113.83333, 48.66667 ], [ -113.83333, 48.625 ], [ -113.79167, 48.625 ], [ -113.79167, 48.66667 ], [ -113.83333, 48.66667 ] ] ], [ [ [ -119.875, 48.66667 ], [ -119.91667, 48.58333 ], [ -119.875, 48.58333 ], [ -119.875, 48.66667 ] ] ], [ [ [ -113.375, 48.625 ], [ -113.41667, 48.58333 ], [ -113.375, 48.58333 ], [ -113.375, 48.625 ] ] ], [ [ [ -118.5, 48.75 ], [ -118.5, 48.54167 ], [ -118.45833, 48.54167 ], [ -118.45833, 48.66667 ], [ -118.41667, 48.75 ], [ -118.5, 48.75 ] ] ], [ [ [ -116.16667, 48.58333 ], [ -116.20833, 48.54167 ], [ -116.16667, 48.54167 ], [ -116.16667, 48.58333 ] ] ], [ [ [ -115.70833, 48.58333 ], [ -115.75, 48.54167 ], [ -115.70833, 48.54167 ], [ -115.70833, 48.58333 ] ] ], [ [ [ -113.79167, 48.58333 ], [ -113.79167, 48.54167 ], [ -113.70833, 48.54167 ], [ -113.79167, 48.58333 ] ] ], [ [ [ -72.16667, 48.58333 ], [ -72.20833, 48.66667 ], [ -72.29167, 48.70833 ], [ -72.45833, 48.70833 ], [ -72.5, 48.79167 ], [ -72.625, 48.79167 ], [ -72.625, 48.83333 ], [ -72.70833, 48.875 ], [ -72.83333, 48.875 ], [ -72.83333, 48.91667 ], [ -72.91667, 48.95833 ], [ -73.04167, 48.95833 ], [ -73.08333, 49.0 ], [ -73.08333, 49.08333 ], [ -73.16667, 49.04167 ], [ -73.25, 49.04167 ], [ -73.29167, 49.0 ], [ -73.29167, 48.91667 ], [ -73.25, 48.875 ], [ -73.0, 48.875 ], [ -72.83333, 48.79167 ], [ -72.83333, 48.70833 ], [ -72.70833, 48.625 ], [ -72.625, 48.625 ], [ -72.5, 48.54167 ], [ -72.29167, 48.54167 ], [ -72.20833, 48.5 ], [ -72.20833, 48.58333 ], [ -72.16667, 48.58333 ] ] ], [ [ [ -113.5, 56.58333 ], [ -113.5, 56.66667 ], [ -113.70833, 56.66667 ], [ -113.79167, 56.70833 ], [ -113.79167, 56.79167 ], [ -113.875, 56.83333 ], [ -114.04167, 56.83333 ], [ -114.04167, 56.79167 ], [ -113.91667, 56.79167 ], [ -113.83333, 56.75 ], [ -113.79167, 56.66667 ], [ -113.79167, 56.58333 ], [ -113.875, 56.5 ], [ -113.875, 56.375 ], [ -113.95833, 56.25 ], [ -114.08333, 56.25 ], [ -114.08333, 56.20833 ], [ -114.375, 56.20833 ], [ -114.33333, 56.29167 ], [ -114.5, 56.29167 ], [ -114.54167, 56.375 ], [ -114.66667, 56.375 ], [ -114.75, 56.41667 ], [ -114.79167, 56.5 ], [ -114.75, 56.58333 ], [ -114.66667, 56.58333 ], [ -114.70833, 56.66667 ], [ -114.83333, 56.66667 ], [ -114.83333, 56.875 ], [ -114.66667, 56.875 ], [ -114.66667, 56.83333 ], [ -114.375, 56.83333 ], [ -114.41667, 56.91667 ], [ -114.25, 56.91667 ], [ -114.25, 56.95833 ], [ -114.45833, 56.95833 ], [ -114.54167, 57.0 ], [ -114.625, 57.125 ], [ -114.625, 57.25 ], [ -114.75, 57.25 ], [ -114.75, 57.20833 ], [ -114.875, 57.20833 ], [ -114.875, 57.375 ], [ -115.0, 57.375 ], [ -115.0, 57.45833 ], [ -114.875, 57.45833 ], [ -114.875, 57.54167 ], [ -114.91667, 57.58333 ], [ -114.70833, 57.66667 ], [ -114.625, 57.75 ], [ -114.625, 57.83333 ], [ -114.75, 57.83333 ], [ -114.79167, 57.91667 ], [ -114.875, 57.91667 ], [ -114.875, 57.83333 ], [ -114.95833, 57.83333 ], [ -115.04167, 57.91667 ], [ -115.16667, 57.79167 ], [ -115.20833, 57.79167 ], [ -115.20833, 57.66667 ], [ -115.25, 57.58333 ], [ -115.25, 57.54167 ], [ -115.29167, 57.45833 ], [ -115.375, 57.45833 ], [ -115.375, 57.29167 ], [ -115.58333, 57.20833 ], [ -115.58333, 57.08333 ], [ -115.66667, 57.0 ], [ -115.66667, 56.83333 ], [ -115.70833, 56.83333 ], [ -115.70833, 56.70833 ], [ -115.79167, 56.66667 ], [ -115.79167, 56.58333 ], [ -115.91667, 56.58333 ], [ -115.91667, 56.54167 ], [ -116.16667, 56.54167 ], [ -116.16667, 56.5 ], [ -116.29167, 56.5 ], [ -116.33333, 56.45833 ], [ -116.33333, 56.5 ], [ -116.5, 56.5 ], [ -116.5, 56.54167 ], [ -116.91667, 56.54167 ], [ -116.91667, 56.58333 ], [ -117.0, 56.66667 ], [ -117.08333, 56.70833 ], [ -117.16667, 56.79167 ], [ -117.16667, 57.0 ], [ -117.125, 57.0 ], [ -117.125, 57.125 ], [ -117.08333, 57.125 ], [ -117.08333, 57.25 ], [ -117.20833, 57.25 ], [ -117.20833, 57.16667 ], [ -117.25, 57.08333 ], [ -117.25, 57.0 ], [ -117.33333, 56.91667 ], [ -117.45833, 56.91667 ], [ -117.54167, 56.95833 ], [ -117.625, 56.95833 ], [ -117.625, 57.04167 ], [ -117.75, 57.04167 ], [ -117.875, 56.95833 ], [ -117.875, 56.79167 ], [ -117.79167, 56.79167 ], [ -117.70833, 56.83333 ], [ -117.66667, 56.75 ], [ -117.58333, 56.66667 ], [ -117.45833, 56.66667 ], [ -117.45833, 56.5 ], [ -117.33333, 56.45833 ], [ -117.29167, 56.41667 ], [ -117.33333, 56.33333 ], [ -117.45833, 56.33333 ], [ -117.70833, 56.20833 ], [ -117.79167, 56.29167 ], [ -117.79167, 56.33333 ], [ -117.95833, 56.33333 ], [ -117.91667, 56.41667 ], [ -117.625, 56.41667 ], [ -117.625, 56.45833 ], [ -117.875, 56.45833 ], [ -117.91667, 56.54167 ], [ -117.91667, 56.58333 ], [ -118.20833, 56.58333 ], [ -118.20833, 56.625 ], [ -118.33333, 56.625 ], [ -118.25, 56.54167 ], [ -118.16667, 56.5 ], [ -118.08333, 56.41667 ], [ -118.0, 56.375 ], [ -118.0, 56.33333 ], [ -118.20833, 56.33333 ], [ -118.25, 56.25 ], [ -118.33333, 56.25 ], [ -118.33333, 56.375 ], [ -118.41667, 56.33333 ], [ -118.54167, 56.33333 ], [ -118.58333, 56.41667 ], [ -118.54167, 56.45833 ], [ -118.66667, 56.5 ], [ -118.79167, 56.41667 ], [ -118.875, 56.41667 ], [ -118.875, 56.5 ], [ -119.16667, 56.5 ], [ -119.20833, 56.54167 ], [ -119.375, 56.45833 ], [ -119.45833, 56.5 ], [ -119.66667, 56.5 ], [ -119.75, 56.41667 ], [ -119.75, 56.375 ], [ -119.91667, 56.375 ], [ -119.95833, 56.29167 ], [ -120.08333, 56.29167 ], [ -120.125, 56.375 ], [ -120.25, 56.375 ], [ -120.25, 56.29167 ], [ -120.375, 56.29167 ], [ -120.45833, 56.33333 ], [ -120.45833, 56.41667 ], [ -120.54167, 56.41667 ], [ -120.54167, 56.5 ], [ -120.5, 56.54167 ], [ -120.83333, 56.54167 ], [ -120.875, 56.5 ], [ -121.0, 56.5 ], [ -121.0, 56.45833 ], [ -121.33333, 56.45833 ], [ -121.375, 56.54167 ], [ -121.58333, 56.54167 ], [ -121.58333, 56.58333 ], [ -121.70833, 56.58333 ], [ -121.70833, 56.625 ], [ -121.875, 56.625 ], [ -121.91667, 56.66667 ], [ -122.08333, 56.66667 ], [ -122.08333, 56.70833 ], [ -122.125, 56.75 ], [ -122.25, 56.75 ], [ -122.29167, 56.75 ], [ -122.375, 56.66667 ], [ -122.5, 56.66667 ], [ -122.54167, 56.75 ], [ -122.79167, 56.75 ], [ -122.79167, 56.66667 ], [ -122.70833, 56.625 ], [ -122.70833, 56.58333 ], [ -122.625, 56.5 ], [ -122.54167, 56.45833 ], [ -122.54167, 56.375 ], [ -122.41667, 56.375 ], [ -122.33333, 56.33333 ], [ -122.20833, 56.20833 ], [ -122.20833, 56.125 ], [ -122.29167, 56.125 ], [ -122.41667, 56.16667 ], [ -122.70833, 56.16667 ], [ -122.70833, 56.125 ], [ -123.16667, 56.125 ], [ -123.125, 56.08333 ], [ -123.20833, 55.91667 ], [ -123.08333, 55.91667 ], [ -123.08333, 56.0 ], [ -123.0, 56.04167 ], [ -122.75, 56.04167 ], [ -122.70833, 56.0 ], [ -122.70833, 55.91667 ], [ -122.66667, 55.875 ], [ -122.58333, 55.83333 ], [ -122.58333, 55.95833 ], [ -122.70833, 56.08333 ], [ -122.5, 56.08333 ], [ -122.5, 56.04167 ], [ -122.41667, 56.04167 ], [ -122.45833, 55.95833 ], [ -122.41667, 55.875 ], [ -122.33333, 55.875 ], [ -122.375, 55.79167 ], [ -122.375, 55.70833 ], [ -122.08333, 55.70833 ], [ -122.08333, 55.66667 ], [ -122.375, 55.66667 ], [ -122.375, 55.58333 ], [ -122.5, 55.58333 ], [ -122.5, 55.54167 ], [ -122.25, 55.54167 ], [ -122.25, 55.5 ], [ -122.08333, 55.5 ], [ -122.04167, 55.45833 ], [ -122.04167, 55.375 ], [ -122.0, 55.33333 ], [ -122.0, 55.20833 ], [ -122.16667, 55.20833 ], [ -122.125, 55.125 ], [ -122.0, 55.125 ], [ -121.95833, 55.04167 ], [ -121.83333, 55.04167 ], [ -121.83333, 54.95833 ], [ -121.66667, 54.95833 ], [ -121.70833, 55.04167 ], [ -121.79167, 55.04167 ], [ -121.83333, 55.125 ], [ -121.70833, 55.125 ], [ -121.66667, 55.16667 ], [ -121.58333, 55.16667 ], [ -121.58333, 55.25 ], [ -121.45833, 55.25 ], [ -121.45833, 55.16667 ], [ -121.29167, 55.16667 ], [ -121.25, 55.08333 ], [ -121.29167, 55.04167 ], [ -121.41667, 55.04167 ], [ -121.41667, 55.0 ], [ -121.20833, 55.0 ], [ -121.20833, 54.95833 ], [ -121.29167, 54.95833 ], [ -121.29167, 54.83333 ], [ -121.33333, 54.75 ], [ -121.20833, 54.75 ], [ -121.20833, 54.58333 ], [ -121.16667, 54.58333 ], [ -121.125, 54.625 ], [ -121.08333, 54.625 ], [ -121.0, 54.66667 ], [ -121.08333, 54.75 ], [ -121.0, 54.75 ], [ -120.91667, 54.70833 ], [ -120.83333, 54.70833 ], [ -120.83333, 54.75 ], [ -120.66667, 54.75 ], [ -120.625, 54.625 ], [ -120.54167, 54.625 ], [ -120.45833, 54.66667 ], [ -120.41667, 54.58333 ], [ -120.5, 54.54167 ], [ -120.29167, 54.54167 ], [ -120.20833, 54.5 ], [ -120.20833, 54.45833 ], [ -120.04167, 54.45833 ], [ -120.04167, 54.375 ], [ -120.20833, 54.375 ], [ -120.25, 54.33333 ], [ -120.25, 54.29167 ], [ -120.29167, 54.29167 ], [ -120.29167, 54.20833 ], [ -120.25, 54.20833 ], [ -120.16667, 54.29167 ], [ -120.08333, 54.29167 ], [ -120.04167, 54.33333 ], [ -119.875, 54.33333 ], [ -119.875, 54.20833 ], [ -119.83333, 54.20833 ], [ -119.83333, 54.25 ], [ -119.66667, 54.25 ], [ -119.625, 54.20833 ], [ -119.625, 54.125 ], [ -119.66667, 54.08333 ], [ -119.58333, 54.08333 ], [ -119.58333, 54.125 ], [ -119.5, 54.125 ], [ -119.5, 54.20833 ], [ -119.25, 54.08333 ], [ -119.25, 54.16667 ], [ -119.20833, 54.20833 ], [ -119.04167, 54.20833 ], [ -119.08333, 54.125 ], [ -119.25, 54.04167 ], [ -119.25, 54.0 ], [ -119.375, 54.0 ], [ -119.45833, 53.95833 ], [ -119.45833, 53.91667 ], [ -119.29167, 53.91667 ], [ -119.29167, 53.95833 ], [ -119.25, 53.95833 ], [ -119.25, 53.875 ], [ -119.20833, 53.83333 ], [ -119.375, 53.83333 ], [ -119.45833, 53.79167 ], [ -119.45833, 53.70833 ], [ -119.5, 53.70833 ], [ -119.5, 53.66667 ], [ -119.41667, 53.66667 ], [ -119.41667, 53.625 ], [ -119.33333, 53.625 ], [ -119.33333, 53.66667 ], [ -119.375, 53.75 ], [ -119.29167, 53.75 ], [ -119.29167, 53.79167 ], [ -118.91667, 53.79167 ], [ -118.91667, 53.83333 ], [ -119.0, 53.875 ], [ -118.75, 53.875 ], [ -118.83333, 53.83333 ], [ -118.83333, 53.79167 ], [ -118.66667, 53.79167 ], [ -118.66667, 53.83333 ], [ -118.45833, 53.83333 ], [ -118.45833, 53.70833 ], [ -118.29167, 53.625 ], [ -118.16667, 53.625 ], [ -118.125, 53.58333 ], [ -118.16667, 53.5 ], [ -118.04167, 53.45833 ], [ -117.91667, 53.33333 ], [ -118.0, 53.25 ], [ -118.0, 53.20833 ], [ -118.125, 53.20833 ], [ -118.20833, 53.25 ], [ -118.16667, 53.16667 ], [ -118.08333, 53.16667 ], [ -118.08333, 53.08333 ], [ -118.16667, 53.04167 ], [ -118.16667, 53.0 ], [ -118.125, 52.91667 ], [ -118.20833, 52.91667 ], [ -118.16667, 52.83333 ], [ -118.08333, 52.83333 ], [ -118.08333, 52.79167 ], [ -118.0, 52.70833 ], [ -118.0, 52.66667 ], [ -118.0, 52.625 ], [ -117.875, 52.625 ], [ -117.875, 52.58333 ], [ -117.79167, 52.58333 ], [ -117.79167, 52.625 ], [ -117.83333, 52.625 ], [ -117.83333, 52.70833 ], [ -117.875, 52.75 ], [ -117.91667, 52.79167 ], [ -117.95833, 52.83333 ], [ -117.95833, 52.875 ], [ -118.0, 52.91667 ], [ -118.0, 53.0 ], [ -118.04167, 53.04167 ], [ -118.0, 53.08333 ], [ -117.91667, 53.04167 ], [ -117.83333, 53.04167 ], [ -117.83333, 53.125 ], [ -117.375, 53.125 ], [ -117.29167, 53.08333 ], [ -117.29167, 53.04167 ], [ -117.04167, 53.04167 ], [ -117.04167, 53.08333 ], [ -116.83333, 53.08333 ], [ -116.83333, 53.0 ], [ -116.79167, 52.95833 ], [ -116.70833, 52.875 ], [ -116.75, 52.83333 ], [ -116.54167, 52.83333 ], [ -116.54167, 52.70833 ], [ -116.5, 52.66667 ], [ -116.33333, 52.66667 ], [ -116.375, 52.58333 ], [ -116.04167, 52.58333 ], [ -116.04167, 52.5 ], [ -116.25, 52.5 ], [ -116.25, 52.41667 ], [ -116.375, 52.41667 ], [ -116.375, 52.29167 ], [ -116.45833, 52.25 ], [ -116.5, 52.20833 ], [ -116.45833, 52.125 ], [ -116.45833, 52.04167 ], [ -116.375, 52.0 ], [ -116.375, 52.16667 ], [ -116.29167, 52.20833 ], [ -116.29167, 52.25 ], [ -116.16667, 52.375 ], [ -116.04167, 52.375 ], [ -116.04167, 52.33333 ], [ -115.83333, 52.33333 ], [ -115.83333, 52.29167 ], [ -115.75, 52.25 ], [ -115.75, 52.16667 ], [ -115.66667, 52.16667 ], [ -115.625, 52.125 ], [ -115.54167, 52.125 ], [ -115.45833, 52.04167 ], [ -115.58333, 52.04167 ], [ -115.58333, 52.0 ], [ -115.5, 51.95833 ], [ -115.375, 51.95833 ], [ -115.29167, 51.875 ], [ -115.375, 51.83333 ], [ -115.375, 51.75 ], [ -115.25, 51.75 ], [ -115.25, 51.70833 ], [ -115.375, 51.70833 ], [ -115.41667, 51.66667 ], [ -115.41667, 51.58333 ], [ -115.29167, 51.58333 ], [ -115.29167, 51.5 ], [ -115.20833, 51.5 ], [ -115.16667, 51.45833 ], [ -115.20833, 51.41667 ], [ -115.16667, 51.375 ], [ -115.16667, 51.25 ], [ -115.125, 51.25 ], [ -115.125, 51.125 ], [ -115.16667, 51.08333 ], [ -115.29167, 51.08333 ], [ -115.29167, 51.125 ], [ -115.375, 51.125 ], [ -115.41667, 51.20833 ], [ -115.45833, 51.25 ], [ -115.54167, 51.25 ], [ -115.54167, 51.20833 ], [ -115.625, 51.20833 ], [ -115.625, 51.16667 ], [ -115.45833, 51.16667 ], [ -115.375, 51.08333 ], [ -115.29167, 51.04167 ], [ -115.29167, 51.0 ], [ -115.20833, 51.0 ], [ -115.16667, 50.95833 ], [ -115.16667, 50.875 ], [ -115.08333, 50.875 ], [ -115.08333, 50.95833 ], [ -114.79167, 50.95833 ], [ -114.79167, 50.91667 ], [ -114.875, 50.83333 ], [ -114.875, 50.75 ], [ -114.83333, 50.79167 ], [ -114.75, 50.79167 ], [ -114.75, 50.58333 ], [ -114.625, 50.58333 ], [ -114.625, 50.375 ], [ -114.66667, 50.375 ], [ -114.66667, 50.33333 ], [ -114.5, 50.33333 ], [ -114.41667, 50.25 ], [ -114.375, 50.16667 ], [ -114.375, 50.08333 ], [ -114.41667, 50.08333 ], [ -114.5, 49.91667 ], [ -114.58333, 49.91667 ], [ -114.58333, 49.79167 ], [ -114.5, 49.79167 ], [ -114.45833, 49.70833 ], [ -114.625, 49.70833 ], [ -114.66667, 49.75 ], [ -114.75, 49.75 ], [ -114.79167, 49.79167 ], [ -114.79167, 49.875 ], [ -114.83333, 49.875 ], [ -114.875, 49.83333 ], [ -114.875, 49.70833 ], [ -114.875, 49.66667 ], [ -114.83333, 49.625 ], [ -114.91667, 49.625 ], [ -114.91667, 49.58333 ], [ -114.95833, 49.58333 ], [ -115.0, 49.54167 ], [ -115.0, 49.375 ], [ -114.95833, 49.375 ], [ -114.95833, 49.33333 ], [ -114.91667, 49.33333 ], [ -114.91667, 49.20833 ], [ -114.95833, 49.20833 ], [ -115.0, 49.20833 ], [ -115.08333, 49.20833 ], [ -115.08333, 49.16667 ], [ -115.04167, 49.16667 ], [ -115.04167, 49.08333 ], [ -115.0, 49.08333 ], [ -115.0, 48.95833 ], [ -114.95833, 48.91667 ], [ -114.875, 48.91667 ], [ -114.875, 48.875 ], [ -114.79167, 48.83333 ], [ -114.83333, 48.83333 ], [ -114.83333, 48.75 ], [ -114.79167, 48.70833 ], [ -114.70833, 48.70833 ], [ -114.70833, 48.66667 ], [ -114.625, 48.66667 ], [ -114.625, 48.625 ], [ -114.58333, 48.625 ], [ -114.58333, 48.66667 ], [ -114.54167, 48.66667 ], [ -114.54167, 48.625 ], [ -114.45833, 48.625 ], [ -114.45833, 48.58333 ], [ -114.41667, 48.58333 ], [ -114.41667, 48.5 ], [ -114.20833, 48.5 ], [ -114.20833, 48.58333 ], [ -114.29167, 48.58333 ], [ -114.33333, 48.75 ], [ -114.375, 48.79167 ], [ -114.41667, 48.83333 ], [ -114.5, 48.83333 ], [ -114.5, 49.0 ], [ -114.54167, 49.0 ], [ -114.54167, 49.125 ], [ -114.41667, 49.125 ], [ -114.41667, 49.04167 ], [ -114.33333, 49.04167 ], [ -114.33333, 48.95833 ], [ -114.25, 48.91667 ], [ -114.25, 48.95833 ], [ -114.125, 48.95833 ], [ -114.125, 49.0 ], [ -114.29167, 49.0 ], [ -114.29167, 49.04167 ], [ -114.125, 49.04167 ], [ -114.125, 49.08333 ], [ -114.20833, 49.16667 ], [ -114.375, 49.16667 ], [ -114.375, 49.20833 ], [ -114.20833, 49.20833 ], [ -114.20833, 49.25 ], [ -114.04167, 49.25 ], [ -114.08333, 49.33333 ], [ -114.20833, 49.33333 ], [ -114.20833, 49.375 ], [ -114.33333, 49.375 ], [ -114.375, 49.33333 ], [ -114.375, 49.58333 ], [ -114.29167, 49.66667 ], [ -114.29167, 49.83333 ], [ -114.33333, 49.875 ], [ -114.16667, 49.875 ], [ -114.16667, 50.0 ], [ -114.25, 50.04167 ], [ -114.25, 50.125 ], [ -114.20833, 50.20833 ], [ -114.25, 50.29167 ], [ -114.33333, 50.29167 ], [ -114.375, 50.33333 ], [ -114.375, 50.41667 ], [ -114.45833, 50.41667 ], [ -114.45833, 50.66667 ], [ -114.54167, 50.70833 ], [ -114.54167, 50.95833 ], [ -114.54167, 51.0 ], [ -114.66667, 51.0 ], [ -114.66667, 51.04167 ], [ -114.75, 51.04167 ], [ -114.75, 51.125 ], [ -114.875, 51.125 ], [ -114.875, 51.08333 ], [ -115.0, 51.08333 ], [ -115.08333, 51.125 ], [ -114.95833, 51.20833 ], [ -114.83333, 51.20833 ], [ -114.83333, 51.29167 ], [ -114.375, 51.29167 ], [ -114.41667, 51.33333 ], [ -114.41667, 51.41667 ], [ -114.54167, 51.41667 ], [ -114.45833, 51.5 ], [ -114.54167, 51.54167 ], [ -114.54167, 51.83333 ], [ -114.58333, 51.79167 ], [ -114.66667, 51.79167 ], [ -114.625, 51.875 ], [ -114.5, 51.875 ], [ -114.5, 51.79167 ], [ -114.375, 51.79167 ], [ -114.33333, 51.75 ], [ -114.33333, 51.66667 ], [ -114.25, 51.625 ], [ -114.20833, 51.66667 ], [ -114.25, 51.70833 ], [ -114.08333, 51.70833 ], [ -114.04167, 51.79167 ], [ -113.91667, 51.79167 ], [ -113.83333, 51.75 ], [ -113.75, 51.79167 ], [ -113.58333, 51.79167 ], [ -113.54167, 51.83333 ], [ -113.54167, 51.91667 ], [ -113.41667, 51.91667 ], [ -113.375, 52.0 ], [ -113.20833, 52.0 ], [ -113.16667, 52.04167 ], [ -113.20833, 52.04167 ], [ -113.20833, 52.16667 ], [ -113.41667, 52.16667 ], [ -113.41667, 52.20833 ], [ -113.54167, 52.20833 ], [ -113.54167, 52.25 ], [ -113.375, 52.25 ], [ -113.16667, 52.45833 ], [ -113.0, 52.45833 ], [ -113.0, 52.58333 ], [ -113.125, 52.58333 ], [ -113.125, 52.70833 ], [ -113.16667, 52.75 ], [ -113.125, 52.79167 ], [ -113.16667, 52.83333 ], [ -112.95833, 52.83333 ], [ -112.95833, 52.875 ], [ -112.83333, 52.875 ], [ -112.83333, 52.91667 ], [ -112.70833, 52.91667 ], [ -112.70833, 52.875 ], [ -112.5, 52.875 ], [ -112.45833, 52.95833 ], [ -112.5, 53.0 ], [ -112.25, 53.0 ], [ -112.25, 53.04167 ], [ -111.91667, 53.04167 ], [ -111.91667, 53.0 ], [ -111.79167, 53.0 ], [ -111.70833, 52.95833 ], [ -111.625, 52.95833 ], [ -111.58333, 53.04167 ], [ -111.5, 53.04167 ], [ -111.41667, 52.95833 ], [ -111.45833, 52.91667 ], [ -111.41667, 52.875 ], [ -111.5, 52.70833 ], [ -111.5, 52.625 ], [ -111.45833, 52.54167 ], [ -111.54167, 52.5 ], [ -111.66667, 52.5 ], [ -111.70833, 52.45833 ], [ -111.66667, 52.375 ], [ -111.5, 52.375 ], [ -111.5, 52.29167 ], [ -111.625, 52.16667 ], [ -111.75, 52.16667 ], [ -111.75, 52.20833 ], [ -111.83333, 52.25 ], [ -112.41667, 52.25 ], [ -112.45833, 52.20833 ], [ -112.45833, 52.125 ], [ -112.33333, 52.125 ], [ -112.20833, 52.04167 ], [ -112.20833, 52.125 ], [ -112.04167, 52.125 ], [ -112.0, 52.08333 ], [ -112.0, 52.0 ], [ -111.95833, 51.95833 ], [ -111.875, 52.0 ], [ -111.75, 52.0 ], [ -111.70833, 51.91667 ], [ -111.58333, 51.91667 ], [ -111.54167, 51.875 ], [ -111.33333, 51.875 ], [ -111.16667, 51.79167 ], [ -111.16667, 51.75 ], [ -110.91667, 51.75 ], [ -111.0, 51.70833 ], [ -111.0, 51.66667 ], [ -110.83333, 51.66667 ], [ -110.83333, 51.625 ], [ -110.45833, 51.625 ], [ -110.41667, 51.66667 ], [ -110.41667, 51.83333 ], [ -110.33333, 51.83333 ], [ -110.29167, 51.75 ], [ -110.16667, 51.75 ], [ -110.08333, 51.79167 ], [ -109.83333, 51.79167 ], [ -109.83333, 51.91667 ], [ -109.91667, 51.91667 ], [ -110.0, 52.0 ], [ -110.04167, 52.08333 ], [ -109.875, 52.25 ], [ -109.875, 52.33333 ], [ -109.58333, 52.33333 ], [ -109.54167, 52.29167 ], [ -109.58333, 52.25 ], [ -109.5, 52.16667 ], [ -109.5, 52.04167 ], [ -109.41667, 52.04167 ], [ -109.41667, 51.95833 ], [ -109.45833, 51.91667 ], [ -109.75, 51.91667 ], [ -109.70833, 51.875 ], [ -109.70833, 51.79167 ], [ -109.5, 51.79167 ], [ -109.5, 51.75 ], [ -109.33333, 51.75 ], [ -109.29167, 51.66667 ], [ -109.125, 51.75 ], [ -109.0, 51.75 ], [ -109.0, 51.66667 ], [ -108.79167, 51.66667 ], [ -108.70833, 51.58333 ], [ -108.70833, 51.54167 ], [ -108.5, 51.54167 ], [ -108.5, 51.625 ], [ -108.54167, 51.66667 ], [ -108.75, 51.66667 ], [ -108.83333, 51.70833 ], [ -108.875, 51.79167 ], [ -108.70833, 51.79167 ], [ -108.70833, 51.83333 ], [ -108.41667, 51.83333 ], [ -108.375, 51.75 ], [ -108.29167, 51.70833 ], [ -108.08333, 51.70833 ], [ -108.08333, 51.75 ], [ -107.875, 51.95833 ], [ -107.79167, 52.0 ], [ -107.66667, 52.0 ], [ -107.70833, 52.08333 ], [ -107.58333, 52.08333 ], [ -107.5, 52.04167 ], [ -107.375, 51.91667 ], [ -107.375, 51.875 ], [ -107.04167, 51.875 ], [ -107.04167, 51.83333 ], [ -106.875, 51.83333 ], [ -106.875, 51.91667 ], [ -106.79167, 51.91667 ], [ -106.70833, 51.79167 ], [ -106.66667, 51.91667 ], [ -106.58333, 51.91667 ], [ -106.54167, 51.875 ], [ -106.54167, 51.66667 ], [ -106.58333, 51.66667 ], [ -106.58333, 51.5 ], [ -106.66667, 51.5 ], [ -106.70833, 51.45833 ], [ -106.70833, 51.375 ], [ -106.66667, 51.33333 ], [ -106.58333, 51.33333 ], [ -106.54167, 51.29167 ], [ -106.45833, 51.375 ], [ -106.45833, 51.5 ], [ -106.29167, 51.33333 ], [ -106.25, 51.25 ], [ -106.16667, 51.20833 ], [ -106.04167, 51.20833 ], [ -106.04167, 51.16667 ], [ -105.91667, 51.16667 ], [ -105.91667, 51.20833 ], [ -105.625, 51.20833 ], [ -105.54167, 51.29167 ], [ -105.54167, 51.45833 ], [ -105.45833, 51.5 ], [ -105.20833, 51.5 ], [ -105.20833, 51.54167 ], [ -105.08333, 51.54167 ], [ -105.04167, 51.5 ], [ -104.79167, 51.5 ], [ -104.75, 51.58333 ], [ -104.70833, 51.58333 ], [ -104.70833, 51.33333 ], [ -104.75, 51.29167 ], [ -104.66667, 51.20833 ], [ -104.70833, 51.125 ], [ -104.70833, 51.04167 ], [ -104.58333, 51.04167 ], [ -104.54167, 51.0 ], [ -104.41667, 51.0 ], [ -104.41667, 50.91667 ], [ -104.29167, 50.91667 ], [ -104.29167, 50.875 ], [ -104.125, 50.875 ], [ -104.08333, 50.83333 ], [ -104.0, 50.83333 ], [ -103.95833, 50.75 ], [ -104.375, 50.75 ], [ -104.375, 50.70833 ], [ -104.54167, 50.70833 ], [ -104.54167, 50.58333 ], [ -104.45833, 50.54167 ], [ -104.33333, 50.54167 ], [ -104.29167, 50.45833 ], [ -104.20833, 50.45833 ], [ -104.16667, 50.375 ], [ -104.04167, 50.375 ], [ -104.0, 50.29167 ], [ -103.91667, 50.29167 ], [ -103.875, 50.33333 ], [ -103.75, 50.33333 ], [ -103.66667, 50.29167 ], [ -103.66667, 50.20833 ], [ -103.58333, 50.20833 ], [ -103.54167, 50.125 ], [ -103.20833, 50.125 ], [ -103.20833, 50.08333 ], [ -103.04167, 50.08333 ], [ -102.95833, 49.95833 ], [ -102.875, 49.91667 ], [ -102.875, 49.83333 ], [ -102.79167, 49.83333 ], [ -102.75, 49.75 ], [ -102.625, 49.75 ], [ -102.625, 49.70833 ], [ -102.04167, 49.70833 ], [ -102.0, 49.66667 ], [ -101.79167, 49.66667 ], [ -101.79167, 49.75 ], [ -101.83333, 49.79167 ], [ -101.79167, 49.83333 ], [ -101.70833, 49.83333 ], [ -101.66667, 49.875 ], [ -101.66667, 49.95833 ], [ -101.79167, 49.95833 ], [ -101.83333, 50.0 ], [ -101.83333, 50.125 ], [ -101.875, 50.16667 ], [ -101.83333, 50.20833 ], [ -101.875, 50.25 ], [ -101.95833, 50.25 ], [ -102.0, 50.33333 ], [ -102.0, 50.5 ], [ -102.16667, 50.5 ], [ -102.16667, 50.45833 ], [ -102.41667, 50.45833 ], [ -102.41667, 50.5 ], [ -102.5, 50.54167 ], [ -102.16667, 50.54167 ], [ -102.125, 50.58333 ], [ -102.0, 50.58333 ], [ -101.95833, 50.625 ], [ -101.91667, 50.66667 ], [ -101.83333, 50.66667 ], [ -101.79167, 50.58333 ], [ -101.66667, 50.58333 ], [ -101.625, 50.5 ], [ -101.45833, 50.41667 ], [ -101.375, 50.33333 ], [ -101.375, 50.29167 ], [ -101.20833, 50.29167 ], [ -101.20833, 50.33333 ], [ -101.16667, 50.33333 ], [ -101.16667, 50.16667 ], [ -101.25, 50.16667 ], [ -101.25, 50.04167 ], [ -101.08333, 50.04167 ], [ -101.04167, 50.125 ], [ -100.95833, 50.08333 ], [ -100.875, 50.08333 ], [ -100.83333, 50.0 ], [ -100.75, 49.95833 ], [ -100.29167, 49.95833 ], [ -100.29167, 49.91667 ], [ -100.125, 49.91667 ], [ -100.125, 49.95833 ], [ -99.58333, 49.95833 ], [ -99.58333, 50.0 ], [ -99.33333, 50.0 ], [ -99.33333, 49.95833 ], [ -99.16667, 49.95833 ], [ -99.16667, 50.04167 ], [ -99.25, 50.16667 ], [ -99.25, 50.25 ], [ -99.20833, 50.33333 ], [ -99.125, 50.375 ], [ -98.95833, 50.375 ], [ -98.91667, 50.41667 ], [ -98.91667, 50.29167 ], [ -98.79167, 50.20833 ], [ -98.66667, 50.20833 ], [ -98.625, 50.29167 ], [ -98.625, 50.45833 ], [ -98.66667, 50.45833 ], [ -98.66667, 50.58333 ], [ -98.75, 50.625 ], [ -98.79167, 50.70833 ], [ -98.79167, 50.83333 ], [ -98.875, 50.83333 ], [ -98.875, 50.95833 ], [ -98.95833, 50.95833 ], [ -99.04167, 51.04167 ], [ -99.04167, 51.16667 ], [ -99.125, 51.29167 ], [ -99.125, 51.5 ], [ -99.29167, 51.5 ], [ -99.29167, 51.58333 ], [ -99.33333, 51.625 ], [ -99.45833, 51.625 ], [ -99.45833, 51.5 ], [ -99.54167, 51.5 ], [ -99.58333, 51.58333 ], [ -99.70833, 51.58333 ], [ -99.70833, 51.54167 ], [ -99.83333, 51.54167 ], [ -99.83333, 51.58333 ], [ -99.95833, 51.70833 ], [ -100.08333, 51.70833 ], [ -100.16667, 51.875 ], [ -100.20833, 52.08333 ], [ -100.33333, 52.08333 ], [ -100.33333, 52.0 ], [ -100.58333, 52.0 ], [ -100.66667, 51.91667 ], [ -100.66667, 51.5 ], [ -100.66667, 51.45833 ], [ -100.75, 51.41667 ], [ -100.75, 51.375 ], [ -100.875, 51.375 ], [ -100.875, 51.33333 ], [ -101.0, 51.33333 ], [ -101.0, 51.375 ], [ -101.125, 51.375 ], [ -101.125, 51.45833 ], [ -101.20833, 51.5 ], [ -101.20833, 51.58333 ], [ -101.66667, 51.58333 ], [ -101.66667, 51.66667 ], [ -101.70833, 51.70833 ], [ -101.5, 51.70833 ], [ -101.5, 51.83333 ], [ -101.375, 51.83333 ], [ -101.29167, 51.875 ], [ -101.25, 51.95833 ], [ -101.29167, 52.0 ], [ -101.29167, 52.08333 ], [ -101.375, 52.125 ], [ -101.66667, 52.125 ], [ -101.75, 52.08333 ], [ -101.79167, 52.0 ], [ -102.08333, 52.0 ], [ -102.125, 52.08333 ], [ -102.20833, 52.0 ], [ -102.29167, 52.08333 ], [ -102.5, 52.08333 ], [ -102.58333, 52.125 ], [ -102.625, 52.20833 ], [ -102.70833, 52.20833 ], [ -102.75, 52.25 ], [ -102.75, 52.20833 ], [ -102.875, 52.20833 ], [ -102.875, 52.16667 ], [ -103.0, 52.16667 ], [ -103.0, 52.04167 ], [ -103.125, 52.04167 ], [ -103.16667, 52.125 ], [ -103.29167, 52.125 ], [ -103.375, 52.16667 ], [ -103.375, 52.29167 ], [ -103.45833, 52.29167 ], [ -103.41667, 52.375 ], [ -103.54167, 52.375 ], [ -103.54167, 52.5 ], [ -103.375, 52.5 ], [ -103.33333, 52.41667 ], [ -103.16667, 52.41667 ], [ -103.16667, 52.45833 ], [ -103.04167, 52.45833 ], [ -103.04167, 52.41667 ], [ -102.83333, 52.41667 ], [ -102.83333, 52.45833 ], [ -102.75, 52.54167 ], [ -102.66667, 52.54167 ], [ -102.66667, 52.58333 ], [ -102.79167, 52.58333 ], [ -102.79167, 52.625 ], [ -102.91667, 52.625 ], [ -102.91667, 52.66667 ], [ -103.125, 52.66667 ], [ -103.16667, 52.75 ], [ -103.25, 52.79167 ], [ -103.375, 52.79167 ], [ -103.41667, 52.875 ], [ -103.54167, 52.875 ], [ -103.54167, 53.125 ], [ -103.70833, 53.125 ], [ -103.70833, 53.16667 ], [ -103.83333, 53.16667 ], [ -103.83333, 53.20833 ], [ -103.95833, 53.20833 ], [ -103.95833, 53.25 ], [ -104.04167, 53.33333 ], [ -104.16667, 53.33333 ], [ -104.16667, 53.375 ], [ -104.29167, 53.375 ], [ -104.29167, 53.41667 ], [ -104.45833, 53.41667 ], [ -104.45833, 53.45833 ], [ -104.58333, 53.45833 ], [ -104.58333, 53.5 ], [ -104.75, 53.5 ], [ -104.75, 53.54167 ], [ -104.83333, 53.54167 ], [ -104.83333, 53.5 ], [ -105.0, 53.5 ], [ -105.0, 53.70833 ], [ -105.08333, 53.79167 ], [ -105.08333, 53.75 ], [ -105.20833, 53.75 ], [ -105.33333, 53.83333 ], [ -105.33333, 53.91667 ], [ -105.54167, 53.91667 ], [ -105.58333, 54.0 ], [ -105.625, 54.04167 ], [ -105.75, 54.04167 ], [ -105.75, 54.16667 ], [ -105.79167, 54.16667 ], [ -105.79167, 54.33333 ], [ -105.875, 54.25 ], [ -105.91667, 54.25 ], [ -105.95833, 54.20833 ], [ -106.25, 54.20833 ], [ -106.25, 54.125 ], [ -106.41667, 54.04167 ], [ -106.41667, 54.125 ], [ -106.58333, 54.125 ], [ -106.66667, 54.08333 ], [ -106.66667, 54.16667 ], [ -106.625, 54.20833 ], [ -106.58333, 54.20833 ], [ -106.625, 54.33333 ], [ -106.70833, 54.33333 ], [ -106.75, 54.41667 ], [ -106.83333, 54.41667 ], [ -106.91667, 54.375 ], [ -106.91667, 54.70833 ], [ -106.95833, 54.66667 ], [ -107.33333, 54.66667 ], [ -107.33333, 54.70833 ], [ -107.45833, 54.70833 ], [ -107.45833, 54.91667 ], [ -107.54167, 54.91667 ], [ -107.625, 55.0 ], [ -107.625, 55.125 ], [ -107.66667, 55.16667 ], [ -108.04167, 55.16667 ], [ -108.29167, 55.04167 ], [ -108.29167, 55.125 ], [ -108.20833, 55.125 ], [ -108.25, 55.20833 ], [ -108.45833, 55.20833 ], [ -108.41667, 55.125 ], [ -108.41667, 55.04167 ], [ -108.5, 55.04167 ], [ -108.5, 55.16667 ], [ -108.54167, 55.20833 ], [ -108.79167, 55.20833 ], [ -108.75, 55.16667 ], [ -108.75, 55.08333 ], [ -108.70833, 55.08333 ], [ -108.70833, 54.95833 ], [ -108.625, 54.91667 ], [ -108.625, 54.83333 ], [ -108.54167, 54.79167 ], [ -108.54167, 54.70833 ], [ -108.625, 54.70833 ], [ -108.66667, 54.625 ], [ -108.75, 54.58333 ], [ -109.66667, 54.58333 ], [ -109.66667, 54.625 ], [ -109.83333, 54.625 ], [ -109.875, 54.70833 ], [ -109.83333, 54.75 ], [ -110.0, 54.75 ], [ -109.875, 54.83333 ], [ -109.875, 54.95833 ], [ -109.95833, 54.95833 ], [ -110.08333, 54.83333 ], [ -110.08333, 54.79167 ], [ -110.20833, 54.79167 ], [ -110.20833, 54.75 ], [ -110.45833, 54.75 ], [ -110.45833, 54.70833 ], [ -110.625, 54.70833 ], [ -110.625, 54.75 ], [ -110.79167, 54.75 ], [ -110.79167, 54.83333 ], [ -110.875, 54.83333 ], [ -110.95833, 54.875 ], [ -110.91667, 54.95833 ], [ -111.0, 55.04167 ], [ -111.08333, 55.0 ], [ -111.16667, 55.0 ], [ -111.25, 55.04167 ], [ -111.20833, 54.95833 ], [ -111.20833, 54.875 ], [ -111.25, 54.83333 ], [ -111.375, 54.83333 ], [ -111.45833, 54.875 ], [ -111.45833, 55.0 ], [ -111.375, 55.04167 ], [ -111.375, 55.125 ], [ -111.5, 55.125 ], [ -111.625, 55.20833 ], [ -112.08333, 55.20833 ], [ -112.16667, 55.16667 ], [ -112.375, 55.16667 ], [ -112.41667, 55.16667 ], [ -112.58333, 55.16667 ], [ -112.625, 55.20833 ], [ -112.625, 55.33333 ], [ -112.70833, 55.375 ], [ -112.70833, 55.54167 ], [ -112.75, 55.625 ], [ -112.70833, 55.66667 ], [ -112.54167, 55.66667 ], [ -112.54167, 55.70833 ], [ -112.54167, 55.75 ], [ -112.58333, 55.79167 ], [ -112.58333, 56.08333 ], [ -112.54167, 56.16667 ], [ -112.625, 56.08333 ], [ -112.66667, 56.0 ], [ -112.75, 55.95833 ], [ -113.33333, 55.95833 ], [ -113.33333, 55.83333 ], [ -113.375, 55.83333 ], [ -113.375, 55.95833 ], [ -113.45833, 55.91667 ], [ -113.54167, 55.91667 ], [ -113.75, 56.04167 ], [ -113.83333, 56.08333 ], [ -113.83333, 56.16667 ], [ -113.75, 56.25 ], [ -113.79167, 56.29167 ], [ -113.79167, 56.41667 ], [ -113.66667, 56.45833 ], [ -113.66667, 56.54167 ], [ -113.58333, 56.58333 ], [ -113.5, 56.58333 ] ], [ [ -121.20833, 55.08333 ], [ -121.20833, 55.04167 ], [ -121.25, 55.08333 ], [ -121.20833, 55.08333 ] ], [ [ -121.20833, 54.95833 ], [ -121.08333, 54.95833 ], [ -121.08333, 55.04167 ], [ -121.125, 55.125 ], [ -121.125, 55.16667 ], [ -121.0, 55.16667 ], [ -120.95833, 55.08333 ], [ -120.875, 55.08333 ], [ -120.875, 55.0 ], [ -121.0, 55.0 ], [ -121.0, 54.95833 ], [ -120.91667, 54.95833 ], [ -120.83333, 54.91667 ], [ -120.83333, 54.83333 ], [ -121.125, 54.83333 ], [ -121.08333, 54.91667 ], [ -121.20833, 54.91667 ], [ -121.20833, 54.95833 ] ], [ [ -116.45833, 56.16667 ], [ -116.375, 56.125 ], [ -116.41667, 56.04167 ], [ -116.41667, 55.95833 ], [ -116.5, 55.91667 ], [ -116.625, 55.91667 ], [ -116.66667, 55.95833 ], [ -116.66667, 56.16667 ], [ -116.83333, 56.16667 ], [ -116.83333, 56.125 ], [ -116.95833, 56.125 ], [ -116.95833, 56.20833 ], [ -116.91667, 56.29167 ], [ -116.79167, 56.29167 ], [ -116.75, 56.375 ], [ -116.875, 56.375 ], [ -116.91667, 56.45833 ], [ -116.75, 56.45833 ], [ -116.66667, 56.41667 ], [ -116.54167, 56.41667 ], [ -116.45833, 56.375 ], [ -116.41667, 56.29167 ], [ -116.29167, 56.29167 ], [ -116.20833, 56.16667 ], [ -116.45833, 56.16667 ] ], [ [ -121.95833, 56.0 ], [ -121.91667, 56.08333 ], [ -121.83333, 56.125 ], [ -121.66667, 56.125 ], [ -121.66667, 56.08333 ], [ -121.79167, 56.08333 ], [ -121.83333, 56.0 ], [ -121.95833, 56.0 ] ], [ [ -121.70833, 55.20833 ], [ -121.70833, 55.29167 ], [ -121.79167, 55.33333 ], [ -121.66667, 55.45833 ], [ -121.66667, 55.58333 ], [ -122.0, 55.58333 ], [ -122.0, 55.625 ], [ -121.79167, 55.625 ], [ -121.79167, 55.66667 ], [ -121.70833, 55.70833 ], [ -121.41667, 55.70833 ], [ -121.41667, 55.75 ], [ -121.29167, 55.75 ], [ -121.29167, 55.875 ], [ -121.25, 55.95833 ], [ -121.20833, 55.875 ], [ -121.20833, 55.75 ], [ -121.125, 55.75 ], [ -121.08333, 55.70833 ], [ -121.08333, 55.41667 ], [ -121.16667, 55.41667 ], [ -121.16667, 55.5 ], [ -121.20833, 55.54167 ], [ -121.375, 55.54167 ], [ -121.375, 55.5 ], [ -121.41667, 55.54167 ], [ -121.5, 55.54167 ], [ -121.5, 55.58333 ], [ -121.54167, 55.58333 ], [ -121.54167, 55.45833 ], [ -121.625, 55.45833 ], [ -121.66667, 55.41667 ], [ -121.66667, 55.25 ], [ -121.70833, 55.20833 ] ], [ [ -114.0, 55.66667 ], [ -113.29167, 55.66667 ], [ -113.29167, 55.625 ], [ -113.125, 55.625 ], [ -113.125, 55.45833 ], [ -112.95833, 55.45833 ], [ -112.875, 55.41667 ], [ -112.875, 55.375 ], [ -112.75, 55.375 ], [ -112.75, 55.29167 ], [ -113.04167, 55.29167 ], [ -113.04167, 55.33333 ], [ -113.125, 55.41667 ], [ -113.25, 55.41667 ], [ -113.25, 55.45833 ], [ -113.375, 55.45833 ], [ -113.5, 55.41667 ], [ -113.75, 55.41667 ], [ -113.75, 55.45833 ], [ -114.20833, 55.45833 ], [ -114.20833, 55.5 ], [ -114.45833, 55.5 ], [ -114.45833, 55.45833 ], [ -114.79167, 55.45833 ], [ -114.75, 55.54167 ], [ -114.66667, 55.58333 ], [ -114.54167, 55.58333 ], [ -114.54167, 55.625 ], [ -114.0, 55.625 ], [ -114.0, 55.66667 ] ], [ [ -121.95833, 55.5 ], [ -121.91667, 55.41667 ], [ -122.0, 55.41667 ], [ -121.95833, 55.5 ] ], [ [ -121.08333, 55.41667 ], [ -120.95833, 55.41667 ], [ -120.95833, 55.33333 ], [ -121.08333, 55.41667 ] ], [ [ -121.41667, 55.375 ], [ -121.25, 55.375 ], [ -121.25, 55.33333 ], [ -121.375, 55.33333 ], [ -121.41667, 55.375 ] ], [ [ -120.95833, 55.33333 ], [ -120.91667, 55.33333 ], [ -120.91667, 55.16667 ], [ -121.0, 55.16667 ], [ -120.95833, 55.20833 ], [ -120.95833, 55.33333 ] ], [ [ -121.75, 55.20833 ], [ -121.91667, 55.20833 ], [ -121.95833, 55.25 ], [ -121.91667, 55.29167 ], [ -121.75, 55.20833 ] ], [ [ -115.66667, 55.0 ], [ -115.66667, 54.95833 ], [ -115.45833, 54.95833 ], [ -115.45833, 54.875 ], [ -115.5, 54.79167 ], [ -115.29167, 54.79167 ], [ -115.16667, 54.91667 ], [ -115.16667, 55.04167 ], [ -115.08333, 55.08333 ], [ -115.04167, 55.16667 ], [ -115.04167, 55.125 ], [ -114.875, 55.125 ], [ -114.83333, 55.04167 ], [ -114.91667, 55.04167 ], [ -115.0, 54.95833 ], [ -115.0, 54.91667 ], [ -115.125, 54.91667 ], [ -115.20833, 54.83333 ], [ -115.20833, 54.75 ], [ -115.375, 54.66667 ], [ -115.625, 54.66667 ], [ -115.625, 54.625 ], [ -115.75, 54.625 ], [ -115.83333, 54.58333 ], [ -116.04167, 54.58333 ], [ -116.08333, 54.625 ], [ -116.08333, 54.79167 ], [ -115.95833, 54.79167 ], [ -115.91667, 54.83333 ], [ -115.91667, 54.91667 ], [ -115.875, 54.95833 ], [ -115.70833, 54.95833 ], [ -115.66667, 55.0 ] ], [ [ -120.04167, 54.70833 ], [ -120.04167, 54.75 ], [ -119.91667, 54.75 ], [ -119.875, 54.79167 ], [ -119.875, 54.875 ], [ -119.95833, 54.875 ], [ -119.95833, 54.95833 ], [ -120.04167, 54.95833 ], [ -120.08333, 55.0 ], [ -120.08333, 55.08333 ], [ -119.83333, 55.08333 ], [ -119.75, 55.04167 ], [ -119.20833, 55.04167 ], [ -119.20833, 54.95833 ], [ -119.16667, 54.91667 ], [ -119.04167, 54.91667 ], [ -119.04167, 54.875 ], [ -118.79167, 54.875 ], [ -118.70833, 54.83333 ], [ -118.70833, 54.75 ], [ -118.75, 54.70833 ], [ -118.75, 54.625 ], [ -118.83333, 54.66667 ], [ -118.95833, 54.66667 ], [ -118.95833, 54.70833 ], [ -119.08333, 54.70833 ], [ -119.125, 54.66667 ], [ -119.33333, 54.66667 ], [ -119.54167, 54.66667 ], [ -119.66667, 54.58333 ], [ -119.75, 54.66667 ], [ -119.70833, 54.75 ], [ -119.875, 54.75 ], [ -119.91667, 54.70833 ], [ -120.04167, 54.70833 ] ], [ [ -119.66667, 54.25 ], [ -119.70833, 54.29167 ], [ -119.625, 54.33333 ], [ -119.54167, 54.33333 ], [ -119.45833, 54.375 ], [ -119.45833, 54.45833 ], [ -119.29167, 54.45833 ], [ -119.25, 54.41667 ], [ -119.33333, 54.33333 ], [ -119.45833, 54.33333 ], [ -119.45833, 54.29167 ], [ -119.58333, 54.29167 ], [ -119.66667, 54.25 ] ], [ [ -106.83333, 54.33333 ], [ -106.75, 54.33333 ], [ -106.75, 54.25 ], [ -106.83333, 54.25 ], [ -106.83333, 54.33333 ] ], [ [ -106.16667, 54.04167 ], [ -106.125, 54.08333 ], [ -106.125, 54.16667 ], [ -106.04167, 54.16667 ], [ -106.04167, 54.04167 ], [ -106.125, 54.0 ], [ -106.16667, 54.04167 ] ], [ [ -118.66667, 54.0 ], [ -118.54167, 54.0 ], [ -118.54167, 53.95833 ], [ -118.66667, 53.95833 ], [ -118.66667, 54.0 ] ], [ [ -106.54167, 54.0 ], [ -106.45833, 53.95833 ], [ -106.29167, 53.95833 ], [ -106.29167, 53.79167 ], [ -106.33333, 53.70833 ], [ -106.45833, 53.70833 ], [ -106.58333, 53.79167 ], [ -106.58333, 53.875 ], [ -106.625, 53.95833 ], [ -106.54167, 54.0 ] ], [ [ -114.04167, 53.79167 ], [ -114.0, 53.70833 ], [ -113.91667, 53.70833 ], [ -113.91667, 53.625 ], [ -114.125, 53.625 ], [ -114.125, 53.75 ], [ -114.04167, 53.79167 ] ], [ [ -113.625, 53.70833 ], [ -113.54167, 53.66667 ], [ -113.29167, 53.66667 ], [ -113.20833, 53.70833 ], [ -113.16667, 53.66667 ], [ -113.16667, 53.5 ], [ -113.375, 53.375 ], [ -113.5, 53.375 ], [ -113.58333, 53.41667 ], [ -113.70833, 53.54167 ], [ -113.70833, 53.66667 ], [ -113.625, 53.70833 ] ], [ [ -117.33333, 53.54167 ], [ -117.29167, 53.625 ], [ -117.20833, 53.625 ], [ -117.25, 53.54167 ], [ -117.33333, 53.54167 ] ], [ [ -117.83333, 53.29167 ], [ -117.83333, 53.375 ], [ -117.70833, 53.375 ], [ -117.70833, 53.41667 ], [ -117.625, 53.45833 ], [ -117.5, 53.45833 ], [ -117.33333, 53.54167 ], [ -117.375, 53.45833 ], [ -117.45833, 53.41667 ], [ -117.54167, 53.41667 ], [ -117.58333, 53.33333 ], [ -117.66667, 53.29167 ], [ -117.83333, 53.29167 ] ], [ [ -114.58333, 53.54167 ], [ -114.5, 53.5 ], [ -114.375, 53.5 ], [ -114.375, 53.41667 ], [ -114.33333, 53.375 ], [ -114.25, 53.375 ], [ -114.16667, 53.29167 ], [ -114.16667, 53.25 ], [ -114.33333, 53.25 ], [ -114.41667, 53.33333 ], [ -114.41667, 53.41667 ], [ -114.5, 53.41667 ], [ -114.58333, 53.45833 ], [ -114.58333, 53.54167 ] ], [ [ -114.08333, 53.25 ], [ -113.95833, 53.25 ], [ -113.95833, 53.20833 ], [ -114.08333, 53.20833 ], [ -114.08333, 53.25 ] ], [ [ -114.125, 53.08333 ], [ -114.08333, 53.04167 ], [ -114.0, 53.04167 ], [ -113.95833, 52.95833 ], [ -114.04167, 52.95833 ], [ -114.125, 53.0 ], [ -114.125, 53.08333 ] ], [ [ -112.75, 53.0 ], [ -112.91667, 53.0 ], [ -112.91667, 53.04167 ], [ -112.75, 53.04167 ], [ -112.75, 53.0 ] ], [ [ -111.29167, 52.54167 ], [ -111.33333, 52.54167 ], [ -111.33333, 52.66667 ], [ -111.29167, 52.66667 ], [ -111.29167, 52.54167 ] ], [ [ -116.0, 52.5 ], [ -115.91667, 52.41667 ], [ -116.08333, 52.41667 ], [ -116.08333, 52.45833 ], [ -116.0, 52.5 ] ], [ [ -107.16667, 52.125 ], [ -107.125, 52.04167 ], [ -107.0, 52.04167 ], [ -107.0, 51.95833 ], [ -107.16667, 51.95833 ], [ -107.16667, 52.125 ] ], [ [ -104.375, 51.95833 ], [ -104.29167, 51.875 ], [ -104.25, 51.79167 ], [ -104.45833, 51.79167 ], [ -104.45833, 51.875 ], [ -104.375, 51.95833 ] ], [ [ -99.91667, 51.33333 ], [ -99.83333, 51.33333 ], [ -99.75, 51.25 ], [ -99.58333, 51.16667 ], [ -99.58333, 51.08333 ], [ -99.83333, 51.08333 ], [ -99.875, 51.125 ], [ -99.875, 51.25 ], [ -99.91667, 51.33333 ] ], [ [ -103.33333, 50.45833 ], [ -103.70833, 50.45833 ], [ -103.75, 50.5 ], [ -103.75, 50.70833 ], [ -103.70833, 50.75 ], [ -103.625, 50.75 ], [ -103.58333, 50.70833 ], [ -103.45833, 50.70833 ], [ -103.375, 50.625 ], [ -103.375, 50.58333 ], [ -103.25, 50.58333 ], [ -103.25, 50.54167 ], [ -103.08333, 50.54167 ], [ -103.04167, 50.625 ], [ -102.95833, 50.625 ], [ -103.04167, 50.54167 ], [ -103.04167, 50.5 ], [ -103.16667, 50.5 ], [ -103.25, 50.45833 ], [ -103.25, 50.375 ], [ -103.33333, 50.375 ], [ -103.33333, 50.45833 ] ], [ [ -102.91667, 50.66667 ], [ -102.79167, 50.66667 ], [ -102.79167, 50.625 ], [ -102.625, 50.625 ], [ -102.54167, 50.58333 ], [ -102.54167, 50.54167 ], [ -102.66667, 50.54167 ], [ -102.66667, 50.58333 ], [ -102.83333, 50.58333 ], [ -102.83333, 50.625 ], [ -102.91667, 50.66667 ] ], [ [ -98.91667, 50.41667 ], [ -98.875, 50.5 ], [ -98.79167, 50.5 ], [ -98.75, 50.45833 ], [ -98.79167, 50.375 ], [ -98.875, 50.375 ], [ -98.91667, 50.41667 ] ], [ [ -114.66667, 49.58333 ], [ -114.54167, 49.58333 ], [ -114.58333, 49.5 ], [ -114.58333, 49.41667 ], [ -114.54167, 49.375 ], [ -114.70833, 49.375 ], [ -114.75, 49.41667 ], [ -114.625, 49.54167 ], [ -114.66667, 49.58333 ] ], [ [ -114.75, 49.33333 ], [ -114.83333, 49.29167 ], [ -114.875, 49.33333 ], [ -114.875, 49.5 ], [ -114.75, 49.375 ], [ -114.75, 49.33333 ] ], [ [ -114.75, 49.33333 ], [ -114.66667, 49.33333 ], [ -114.625, 49.29167 ], [ -114.66667, 49.20833 ], [ -114.66667, 49.04167 ], [ -114.75, 49.0 ], [ -114.75, 49.16667 ], [ -114.79167, 49.16667 ], [ -114.79167, 49.25 ], [ -114.75, 49.33333 ] ] ], [ [ [ -121.08333, 54.95833 ], [ -121.08333, 54.91667 ], [ -121.04167, 54.95833 ], [ -121.08333, 54.95833 ] ] ], [ [ [ -116.45833, 56.16667 ], [ -116.5, 56.25 ], [ -116.66667, 56.25 ], [ -116.66667, 56.20833 ], [ -116.54167, 56.20833 ], [ -116.45833, 56.16667 ] ] ], [ [ [ -121.41667, 55.66667 ], [ -121.41667, 55.625 ], [ -121.29167, 55.625 ], [ -121.29167, 55.66667 ], [ -121.41667, 55.66667 ] ] ], [ [ [ -115.79167, 48.54167 ], [ -115.79167, 48.5 ], [ -115.75, 48.5 ], [ -115.75, 48.54167 ], [ -115.79167, 48.54167 ] ] ], [ [ [ -114.875, 48.54167 ], [ -114.875, 48.5 ], [ -114.75, 48.5 ], [ -114.75, 48.54167 ], [ -114.875, 48.54167 ] ] ], [ [ [ -119.95833, 48.5 ], [ -119.95833, 48.45833 ], [ -119.875, 48.5 ], [ -119.95833, 48.5 ] ] ], [ [ [ -116.20833, 48.41667 ], [ -116.20833, 48.375 ], [ -116.16667, 48.375 ], [ -116.16667, 48.41667 ], [ -116.20833, 48.41667 ] ] ], [ [ [ -113.625, 48.79167 ], [ -113.54167, 48.75 ], [ -113.625, 48.70833 ], [ -113.625, 48.66667 ], [ -113.58333, 48.58333 ], [ -113.66667, 48.58333 ], [ -113.70833, 48.54167 ], [ -113.70833, 48.5 ], [ -113.625, 48.45833 ], [ -113.58333, 48.375 ], [ -113.54167, 48.375 ], [ -113.5, 48.41667 ], [ -113.5, 48.33333 ], [ -113.33333, 48.33333 ], [ -113.33333, 48.41667 ], [ -113.29167, 48.41667 ], [ -113.375, 48.58333 ], [ -113.41667, 48.5 ], [ -113.41667, 48.375 ], [ -113.45833, 48.375 ], [ -113.45833, 48.5 ], [ -113.5, 48.5 ], [ -113.54167, 48.58333 ], [ -113.45833, 48.66667 ], [ -113.5, 48.66667 ], [ -113.45833, 48.75 ], [ -113.45833, 48.79167 ], [ -113.625, 48.79167 ] ] ], [ [ [ -115.79167, 48.41667 ], [ -115.79167, 48.29167 ], [ -115.70833, 48.25 ], [ -115.625, 48.29167 ], [ -115.66667, 48.29167 ], [ -115.66667, 48.375 ], [ -115.70833, 48.41667 ], [ -115.79167, 48.41667 ] ] ], [ [ [ -114.08333, 48.33333 ], [ -114.08333, 48.25 ], [ -114.0, 48.25 ], [ -114.0, 48.29167 ], [ -114.04167, 48.33333 ], [ -114.08333, 48.33333 ] ] ], [ [ [ -113.5, 48.25 ], [ -113.5, 48.16667 ], [ -113.41667, 48.16667 ], [ -113.5, 48.25 ] ] ], [ [ [ -113.875, 48.20833 ], [ -113.95833, 48.16667 ], [ -113.91667, 48.125 ], [ -113.875, 48.125 ], [ -113.875, 48.20833 ] ] ], [ [ [ -113.91667, 48.45833 ], [ -113.91667, 48.41667 ], [ -113.875, 48.375 ], [ -113.83333, 48.375 ], [ -113.79167, 48.33333 ], [ -113.79167, 48.29167 ], [ -113.75, 48.29167 ], [ -113.75, 48.20833 ], [ -113.70833, 48.16667 ], [ -113.66667, 48.125 ], [ -113.625, 48.08333 ], [ -113.58333, 48.16667 ], [ -113.625, 48.25 ], [ -113.70833, 48.29167 ], [ -113.70833, 48.375 ], [ -113.79167, 48.375 ], [ -113.79167, 48.41667 ], [ -113.83333, 48.41667 ], [ -113.83333, 48.45833 ], [ -113.91667, 48.45833 ] ] ], [ [ [ -113.375, 48.04167 ], [ -113.375, 48.125 ], [ -113.45833, 48.125 ], [ -113.375, 48.04167 ] ] ], [ [ [ -91.16667, 48.0 ], [ -91.29167, 48.0 ], [ -91.29167, 47.95833 ], [ -91.16667, 47.95833 ], [ -91.16667, 48.0 ] ] ], [ [ [ -113.66667, 47.58333 ], [ -113.625, 47.54167 ], [ -113.625, 47.58333 ], [ -113.66667, 47.58333 ] ] ], [ [ [ -91.41667, 47.66667 ], [ -91.58333, 47.58333 ], [ -91.625, 47.5 ], [ -91.625, 47.41667 ], [ -91.45833, 47.41667 ], [ -91.29167, 47.5 ], [ -91.20833, 47.58333 ], [ -91.20833, 47.66667 ], [ -91.41667, 47.66667 ] ] ], [ [ [ -113.25, 47.45833 ], [ -113.25, 47.41667 ], [ -113.20833, 47.41667 ], [ -113.20833, 47.45833 ], [ -113.25, 47.45833 ] ] ], [ [ [ -113.875, 47.66667 ], [ -114.0, 47.66667 ], [ -114.0, 47.58333 ], [ -113.95833, 47.58333 ], [ -113.95833, 47.375 ], [ -113.91667, 47.45833 ], [ -113.83333, 47.45833 ], [ -113.83333, 47.54167 ], [ -113.875, 47.54167 ], [ -113.875, 47.66667 ] ] ], [ [ [ -113.125, 48.25 ], [ -113.25, 48.25 ], [ -113.25, 48.16667 ], [ -113.16667, 48.125 ], [ -113.08333, 48.125 ], [ -113.08333, 48.04167 ], [ -113.375, 48.04167 ], [ -113.375, 47.95833 ], [ -113.20833, 47.95833 ], [ -113.20833, 47.875 ], [ -113.29167, 47.875 ], [ -113.29167, 47.625 ], [ -113.25, 47.58333 ], [ -113.20833, 47.5 ], [ -113.16667, 47.45833 ], [ -113.04167, 47.45833 ], [ -112.95833, 47.33333 ], [ -112.91667, 47.375 ], [ -112.83333, 47.375 ], [ -112.79167, 47.33333 ], [ -112.75, 47.375 ], [ -112.75, 47.54167 ], [ -112.79167, 47.58333 ], [ -112.83333, 47.58333 ], [ -112.875, 47.54167 ], [ -112.83333, 47.45833 ], [ -112.91667, 47.45833 ], [ -112.95833, 47.5 ], [ -112.95833, 47.58333 ], [ -112.91667, 47.58333 ], [ -112.91667, 47.66667 ], [ -113.0, 47.70833 ], [ -113.0, 47.83333 ], [ -112.95833, 47.875 ], [ -112.875, 47.83333 ], [ -112.875, 47.75 ], [ -112.83333, 47.66667 ], [ -112.70833, 47.66667 ], [ -112.66667, 47.75 ], [ -112.66667, 47.83333 ], [ -112.75, 47.83333 ], [ -112.79167, 47.875 ], [ -112.79167, 47.95833 ], [ -112.70833, 48.0 ], [ -112.75, 48.04167 ], [ -112.79167, 48.08333 ], [ -112.91667, 48.08333 ], [ -112.91667, 48.125 ], [ -112.95833, 48.20833 ], [ -113.08333, 48.20833 ], [ -113.125, 48.25 ] ], [ [ -113.08333, 47.875 ], [ -113.04167, 47.875 ], [ -113.04167, 47.75 ], [ -113.08333, 47.75 ], [ -113.08333, 47.875 ] ], [ [ -113.16667, 47.70833 ], [ -113.125, 47.70833 ], [ -113.125, 47.58333 ], [ -113.16667, 47.58333 ], [ -113.16667, 47.70833 ] ] ], [ [ [ -113.70833, 47.91667 ], [ -113.70833, 47.79167 ], [ -113.66667, 47.75 ], [ -113.70833, 47.75 ], [ -113.70833, 47.625 ], [ -113.625, 47.58333 ], [ -113.58333, 47.58333 ], [ -113.58333, 47.54167 ], [ -113.625, 47.54167 ], [ -113.58333, 47.5 ], [ -113.58333, 47.45833 ], [ -113.5, 47.41667 ], [ -113.41667, 47.41667 ], [ -113.41667, 47.33333 ], [ -113.25, 47.33333 ], [ -113.08333, 47.33333 ], [ -113.08333, 47.375 ], [ -113.25, 47.375 ], [ -113.25, 47.41667 ], [ -113.29167, 47.5 ], [ -113.33333, 47.54167 ], [ -113.41667, 47.58333 ], [ -113.41667, 47.75 ], [ -113.5, 47.75 ], [ -113.58333, 47.83333 ], [ -113.54167, 47.875 ], [ -113.58333, 47.91667 ], [ -113.70833, 47.91667 ] ] ], [ [ [ -114.58333, 47.29167 ], [ -114.58333, 47.25 ], [ -114.54167, 47.29167 ], [ -114.58333, 47.29167 ] ] ], [ [ [ -113.79167, 47.33333 ], [ -113.79167, 47.20833 ], [ -113.70833, 47.25 ], [ -113.66667, 47.33333 ], [ -113.79167, 47.33333 ] ] ], [ [ [ -114.5, 47.25 ], [ -114.5, 47.20833 ], [ -114.45833, 47.20833 ], [ -114.45833, 47.25 ], [ -114.5, 47.25 ] ] ], [ [ [ -113.04167, 47.25 ], [ -113.04167, 47.20833 ], [ -113.0, 47.20833 ], [ -113.04167, 47.25 ] ] ], [ [ [ -112.70833, 47.25 ], [ -112.70833, 47.20833 ], [ -112.58333, 47.20833 ], [ -112.58333, 47.25 ], [ -112.70833, 47.25 ] ] ], [ [ [ -113.375, 47.20833 ], [ -113.375, 47.16667 ], [ -113.33333, 47.16667 ], [ -113.33333, 47.20833 ], [ -113.375, 47.20833 ] ] ], [ [ [ -113.29167, 47.20833 ], [ -113.29167, 47.16667 ], [ -113.25, 47.20833 ], [ -113.29167, 47.20833 ] ] ], [ [ [ -112.83333, 47.20833 ], [ -112.83333, 47.16667 ], [ -112.79167, 47.16667 ], [ -112.83333, 47.20833 ] ] ], [ [ [ -112.5, 47.20833 ], [ -112.5, 47.16667 ], [ -112.45833, 47.16667 ], [ -112.45833, 47.20833 ], [ -112.5, 47.20833 ] ] ], [ [ [ -114.33333, 47.20833 ], [ -114.41667, 47.16667 ], [ -114.375, 47.125 ], [ -114.33333, 47.125 ], [ -114.33333, 47.20833 ] ] ], [ [ [ -112.625, 47.16667 ], [ -112.625, 47.125 ], [ -112.5, 47.125 ], [ -112.5, 47.16667 ], [ -112.625, 47.16667 ] ] ], [ [ [ -109.33333, 46.83333 ], [ -109.29167, 46.79167 ], [ -109.29167, 46.83333 ], [ -109.33333, 46.83333 ] ] ], [ [ [ -75.20833, 46.58333 ], [ -75.25, 46.54167 ], [ -75.20833, 46.5 ], [ -75.25, 46.41667 ], [ -75.16667, 46.41667 ], [ -75.125, 46.5 ], [ -75.04167, 46.5 ], [ -75.04167, 46.58333 ], [ -75.20833, 46.58333 ] ] ], [ [ [ -95.45833, 51.875 ], [ -96.33333, 51.875 ], [ -96.33333, 51.91667 ], [ -96.54167, 51.91667 ], [ -96.54167, 51.95833 ], [ -96.79167, 51.95833 ], [ -96.83333, 51.875 ], [ -96.70833, 51.875 ], [ -96.66667, 51.83333 ], [ -96.66667, 51.66667 ], [ -96.58333, 51.58333 ], [ -96.54167, 51.5 ], [ -96.41667, 51.375 ], [ -96.33333, 51.375 ], [ -96.33333, 51.29167 ], [ -96.25, 51.25 ], [ -96.29167, 51.16667 ], [ -96.29167, 51.08333 ], [ -96.375, 51.08333 ], [ -96.375, 50.91667 ], [ -96.33333, 50.91667 ], [ -96.33333, 50.66667 ], [ -96.29167, 50.625 ], [ -96.45833, 50.625 ], [ -96.41667, 50.58333 ], [ -96.25, 50.58333 ], [ -96.25, 50.66667 ], [ -96.16667, 50.66667 ], [ -96.16667, 50.58333 ], [ -95.91667, 50.58333 ], [ -95.91667, 50.45833 ], [ -95.875, 50.41667 ], [ -95.75, 50.41667 ], [ -95.75, 50.25 ], [ -95.83333, 50.25 ], [ -95.75, 50.16667 ], [ -95.79167, 50.08333 ], [ -96.33333, 50.08333 ], [ -96.33333, 50.29167 ], [ -96.29167, 50.33333 ], [ -96.45833, 50.33333 ], [ -96.45833, 50.16667 ], [ -96.54167, 50.08333 ], [ -96.58333, 50.08333 ], [ -96.58333, 49.91667 ], [ -96.54167, 49.91667 ], [ -96.54167, 49.58333 ], [ -96.45833, 49.58333 ], [ -96.33333, 49.45833 ], [ -96.375, 49.375 ], [ -96.33333, 49.29167 ], [ -96.33333, 49.20833 ], [ -96.16667, 49.20833 ], [ -96.125, 49.125 ], [ -96.04167, 49.125 ], [ -95.95833, 49.08333 ], [ -95.70833, 49.08333 ], [ -95.79167, 49.04167 ], [ -95.83333, 48.95833 ], [ -95.70833, 48.95833 ], [ -95.66667, 49.0 ], [ -95.66667, 49.08333 ], [ -95.58333, 49.08333 ], [ -95.54167, 49.125 ], [ -95.33333, 49.125 ], [ -95.33333, 49.16667 ], [ -95.25, 49.20833 ], [ -95.0, 49.20833 ], [ -95.0, 49.33333 ], [ -94.95833, 49.375 ], [ -94.95833, 49.45833 ], [ -95.04167, 49.41667 ], [ -95.125, 49.41667 ], [ -95.125, 49.58333 ], [ -95.04167, 49.625 ], [ -95.04167, 49.66667 ], [ -94.91667, 49.66667 ], [ -94.83333, 49.79167 ], [ -94.75, 49.83333 ], [ -94.75, 49.95833 ], [ -94.83333, 50.04167 ], [ -94.79167, 50.08333 ], [ -94.66667, 50.08333 ], [ -94.66667, 50.16667 ], [ -94.58333, 50.16667 ], [ -94.58333, 50.0 ], [ -94.25, 50.0 ], [ -94.20833, 50.08333 ], [ -94.20833, 50.16667 ], [ -94.41667, 50.16667 ], [ -94.45833, 50.20833 ], [ -94.45833, 50.29167 ], [ -94.375, 50.29167 ], [ -94.33333, 50.20833 ], [ -94.16667, 50.20833 ], [ -94.16667, 50.25 ], [ -94.04167, 50.25 ], [ -94.0, 50.16667 ], [ -94.0, 50.04167 ], [ -94.16667, 50.04167 ], [ -94.20833, 50.0 ], [ -94.20833, 49.91667 ], [ -94.08333, 49.91667 ], [ -94.04167, 49.83333 ], [ -93.91667, 49.83333 ], [ -93.91667, 49.79167 ], [ -93.875, 49.83333 ], [ -93.66667, 49.83333 ], [ -93.625, 49.79167 ], [ -93.54167, 49.83333 ], [ -93.41667, 49.83333 ], [ -93.33333, 49.79167 ], [ -93.04167, 49.79167 ], [ -93.0, 49.70833 ], [ -93.0, 49.54167 ], [ -93.08333, 49.54167 ], [ -93.04167, 49.45833 ], [ -92.75, 49.45833 ], [ -92.70833, 49.41667 ], [ -92.875, 49.25 ], [ -92.875, 49.20833 ], [ -92.75, 49.20833 ], [ -92.75, 49.16667 ], [ -92.66667, 49.125 ], [ -92.66667, 49.0 ], [ -92.75, 48.91667 ], [ -92.625, 48.91667 ], [ -92.54167, 48.875 ], [ -92.54167, 48.79167 ], [ -92.45833, 48.75 ], [ -92.33333, 48.75 ], [ -92.29167, 48.66667 ], [ -92.16667, 48.66667 ], [ -92.125, 48.58333 ], [ -91.91667, 48.58333 ], [ -91.91667, 48.54167 ], [ -92.125, 48.54167 ], [ -92.125, 48.5 ], [ -91.95833, 48.5 ], [ -91.95833, 48.45833 ], [ -91.79167, 48.45833 ], [ -91.79167, 48.41667 ], [ -91.66667, 48.41667 ], [ -91.70833, 48.29167 ], [ -91.83333, 48.29167 ], [ -91.83333, 48.25 ], [ -91.625, 48.25 ], [ -91.54167, 48.20833 ], [ -91.375, 48.20833 ], [ -91.375, 48.125 ], [ -91.25, 48.125 ], [ -91.16667, 48.04167 ], [ -91.16667, 48.0 ], [ -91.08333, 48.0 ], [ -91.08333, 47.875 ], [ -91.125, 47.875 ], [ -91.125, 47.66667 ], [ -91.0, 47.66667 ], [ -91.0, 47.70833 ], [ -90.83333, 47.70833 ], [ -90.83333, 47.75 ], [ -90.75, 47.79167 ], [ -90.54167, 47.79167 ], [ -90.54167, 47.83333 ], [ -90.33333, 47.83333 ], [ -90.29167, 47.91667 ], [ -90.33333, 47.95833 ], [ -90.125, 47.95833 ], [ -90.04167, 48.0 ], [ -90.08333, 48.04167 ], [ -90.04167, 48.125 ], [ -89.91667, 48.125 ], [ -89.91667, 48.16667 ], [ -89.83333, 48.125 ], [ -89.83333, 48.20833 ], [ -89.70833, 48.20833 ], [ -89.625, 48.25 ], [ -89.58333, 48.33333 ], [ -89.625, 48.41667 ], [ -89.375, 48.41667 ], [ -89.375, 48.45833 ], [ -89.25, 48.45833 ], [ -89.25, 48.5 ], [ -89.08333, 48.5 ], [ -89.08333, 48.54167 ], [ -88.95833, 48.54167 ], [ -88.95833, 48.58333 ], [ -88.75, 48.58333 ], [ -88.70833, 48.66667 ], [ -88.625, 48.75 ], [ -88.58333, 48.83333 ], [ -88.5, 48.875 ], [ -88.33333, 48.875 ], [ -88.29167, 48.79167 ], [ -88.29167, 49.0 ], [ -88.125, 49.0 ], [ -88.125, 49.04167 ], [ -88.0, 49.04167 ], [ -87.95833, 48.95833 ], [ -87.75, 48.95833 ], [ -87.75, 48.91667 ], [ -87.54167, 48.91667 ], [ -87.54167, 48.875 ], [ -87.41667, 48.875 ], [ -87.41667, 48.83333 ], [ -87.29167, 48.83333 ], [ -87.20833, 48.79167 ], [ -87.125, 48.79167 ], [ -87.08333, 48.79167 ], [ -87.08333, 48.83333 ], [ -86.83333, 48.83333 ], [ -86.83333, 48.79167 ], [ -86.75, 48.83333 ], [ -86.625, 48.83333 ], [ -86.58333, 48.79167 ], [ -86.375, 48.79167 ], [ -86.375, 48.70833 ], [ -86.25, 48.70833 ], [ -86.20833, 48.625 ], [ -86.125, 48.5 ], [ -86.04167, 48.5 ], [ -86.08333, 48.41667 ], [ -86.08333, 48.25 ], [ -85.95833, 48.25 ], [ -85.875, 48.20833 ], [ -85.83333, 48.125 ], [ -85.70833, 48.125 ], [ -85.70833, 48.08333 ], [ -85.58333, 48.08333 ], [ -85.58333, 48.0 ], [ -85.54167, 47.95833 ], [ -85.29167, 47.95833 ], [ -85.29167, 48.0 ], [ -84.79167, 48.0 ], [ -84.70833, 47.91667 ], [ -84.70833, 47.79167 ], [ -84.79167, 47.79167 ], [ -84.79167, 47.625 ], [ -84.58333, 47.625 ], [ -84.54167, 47.54167 ], [ -84.54167, 47.41667 ], [ -84.5, 47.41667 ], [ -84.5, 47.29167 ], [ -84.375, 47.29167 ], [ -84.20833, 47.20833 ], [ -84.20833, 47.25 ], [ -84.0, 47.25 ], [ -83.79167, 47.04167 ], [ -83.79167, 46.91667 ], [ -83.625, 46.91667 ], [ -83.41667, 47.04167 ], [ -83.33333, 47.04167 ], [ -83.29167, 47.08333 ], [ -83.25, 47.08333 ], [ -83.125, 47.08333 ], [ -83.125, 47.0 ], [ -82.95833, 47.0 ], [ -82.91667, 47.04167 ], [ -82.75, 47.04167 ], [ -82.66667, 47.0 ], [ -82.66667, 46.91667 ], [ -82.58333, 46.95833 ], [ -82.45833, 46.95833 ], [ -82.41667, 46.875 ], [ -82.29167, 46.875 ], [ -82.25, 46.79167 ], [ -82.125, 46.79167 ], [ -82.08333, 46.75 ], [ -82.0, 46.83333 ], [ -81.91667, 46.79167 ], [ -81.875, 46.79167 ], [ -81.79167, 46.875 ], [ -81.70833, 46.875 ], [ -81.70833, 46.79167 ], [ -81.625, 46.79167 ], [ -81.58333, 46.75 ], [ -81.45833, 46.75 ], [ -81.45833, 46.83333 ], [ -81.29167, 46.75 ], [ -81.125, 46.75 ], [ -81.08333, 46.79167 ], [ -81.08333, 46.875 ], [ -80.91667, 46.875 ], [ -80.875, 46.95833 ], [ -80.70833, 47.04167 ], [ -80.54167, 47.04167 ], [ -80.54167, 47.08333 ], [ -80.375, 47.08333 ], [ -80.29167, 47.25 ], [ -80.29167, 47.375 ], [ -80.20833, 47.41667 ], [ -80.0, 47.41667 ], [ -80.0, 47.33333 ], [ -80.08333, 47.29167 ], [ -80.08333, 47.20833 ], [ -80.04167, 47.16667 ], [ -79.91667, 47.16667 ], [ -80.0, 47.20833 ], [ -79.95833, 47.29167 ], [ -79.875, 47.29167 ], [ -79.875, 47.33333 ], [ -79.95833, 47.375 ], [ -79.875, 47.41667 ], [ -79.75, 47.41667 ], [ -79.66667, 47.375 ], [ -79.66667, 47.45833 ], [ -79.75, 47.5 ], [ -79.70833, 47.58333 ], [ -79.625, 47.625 ], [ -79.45833, 47.625 ], [ -79.45833, 47.54167 ], [ -79.375, 47.54167 ], [ -79.33333, 47.5 ], [ -79.33333, 47.41667 ], [ -79.25, 47.375 ], [ -79.25, 47.125 ], [ -79.125, 47.125 ], [ -79.04167, 47.16667 ], [ -79.0, 47.125 ], [ -78.875, 47.125 ], [ -78.875, 47.16667 ], [ -78.83333, 47.08333 ], [ -78.75, 47.0 ], [ -78.625, 47.0 ], [ -78.66667, 47.08333 ], [ -78.54167, 47.08333 ], [ -78.54167, 46.95833 ], [ -78.45833, 46.91667 ], [ -78.33333, 46.91667 ], [ -78.33333, 46.75 ], [ -78.125, 46.75 ], [ -78.16667, 46.70833 ], [ -78.08333, 46.625 ], [ -78.04167, 46.625 ], [ -77.95833, 46.625 ], [ -77.95833, 46.70833 ], [ -77.79167, 46.70833 ], [ -77.70833, 46.625 ], [ -77.625, 46.5 ], [ -77.5, 46.5 ], [ -77.45833, 46.54167 ], [ -77.45833, 46.625 ], [ -77.41667, 46.66667 ], [ -77.33333, 46.625 ], [ -77.20833, 46.625 ], [ -77.16667, 46.66667 ], [ -77.08333, 46.66667 ], [ -77.08333, 46.58333 ], [ -76.95833, 46.58333 ], [ -76.79167, 46.5 ], [ -76.625, 46.5 ], [ -76.54167, 46.45833 ], [ -76.54167, 46.66667 ], [ -76.41667, 46.66667 ], [ -76.41667, 46.70833 ], [ -76.33333, 46.75 ], [ -76.16667, 46.75 ], [ -76.16667, 46.875 ], [ -76.125, 46.875 ], [ -76.125, 46.79167 ], [ -76.0, 46.79167 ], [ -75.91667, 46.91667 ], [ -75.79167, 46.91667 ], [ -75.79167, 46.95833 ], [ -75.54167, 46.95833 ], [ -75.58333, 46.875 ], [ -75.58333, 46.79167 ], [ -75.66667, 46.79167 ], [ -75.70833, 46.75 ], [ -75.70833, 46.66667 ], [ -75.625, 46.58333 ], [ -75.58333, 46.625 ], [ -75.5, 46.625 ], [ -75.5, 46.75 ], [ -75.29167, 46.75 ], [ -75.29167, 46.66667 ], [ -75.20833, 46.625 ], [ -75.125, 46.70833 ], [ -75.04167, 46.70833 ], [ -75.04167, 46.625 ], [ -74.95833, 46.58333 ], [ -74.95833, 46.5 ], [ -74.83333, 46.625 ], [ -74.79167, 46.54167 ], [ -74.70833, 46.5 ], [ -74.625, 46.5 ], [ -74.625, 46.25 ], [ -74.58333, 46.20833 ], [ -74.5, 46.25 ], [ -74.33333, 46.16667 ], [ -74.16667, 46.25 ], [ -74.08333, 46.33333 ], [ -74.0, 46.33333 ], [ -73.95833, 46.375 ], [ -73.875, 46.41667 ], [ -73.83333, 46.33333 ], [ -73.70833, 46.33333 ], [ -73.70833, 46.375 ], [ -73.54167, 46.375 ], [ -73.5, 46.41667 ], [ -73.5, 46.5 ], [ -73.41667, 46.5 ], [ -73.375, 46.58333 ], [ -73.29167, 46.58333 ], [ -73.29167, 46.66667 ], [ -73.20833, 46.70833 ], [ -73.20833, 46.79167 ], [ -73.16667, 46.875 ], [ -73.04167, 46.91667 ], [ -72.95833, 47.0 ], [ -72.95833, 47.16667 ], [ -72.95833, 47.20833 ], [ -72.83333, 47.29167 ], [ -72.83333, 47.125 ], [ -72.70833, 47.125 ], [ -72.70833, 47.16667 ], [ -72.58333, 47.16667 ], [ -72.54167, 47.125 ], [ -72.54167, 47.41667 ], [ -72.625, 47.45833 ], [ -72.625, 47.54167 ], [ -72.58333, 47.625 ], [ -72.5, 47.66667 ], [ -72.5, 47.79167 ], [ -72.58333, 47.79167 ], [ -72.58333, 47.875 ], [ -72.54167, 47.95833 ], [ -72.625, 47.95833 ], [ -72.625, 48.08333 ], [ -72.66667, 48.08333 ], [ -72.66667, 48.20833 ], [ -72.75, 48.20833 ], [ -72.79167, 48.25 ], [ -72.79167, 48.41667 ], [ -72.83333, 48.41667 ], [ -72.83333, 48.33333 ], [ -72.875, 48.375 ], [ -72.95833, 48.29167 ], [ -73.0, 48.20833 ], [ -73.20833, 48.20833 ], [ -73.25, 48.25 ], [ -73.41667, 48.25 ], [ -73.45833, 48.20833 ], [ -73.45833, 48.125 ], [ -73.625, 48.125 ], [ -73.66667, 48.20833 ], [ -73.79167, 48.20833 ], [ -73.79167, 48.25 ], [ -73.91667, 48.375 ], [ -73.95833, 48.45833 ], [ -74.04167, 48.41667 ], [ -74.5, 48.41667 ], [ -74.58333, 48.45833 ], [ -74.66667, 48.54167 ], [ -74.70833, 48.54167 ], [ -74.75, 48.58333 ], [ -74.83333, 48.58333 ], [ -74.91667, 48.5 ], [ -74.91667, 48.58333 ], [ -75.0, 48.54167 ], [ -75.08333, 48.54167 ], [ -75.08333, 48.5 ], [ -75.25, 48.5 ], [ -75.33333, 48.54167 ], [ -75.45833, 48.41667 ], [ -75.45833, 48.375 ], [ -75.54167, 48.375 ], [ -75.58333, 48.45833 ], [ -75.66667, 48.45833 ], [ -75.70833, 48.5 ], [ -76.125, 48.5 ], [ -76.16667, 48.54167 ], [ -76.16667, 48.45833 ], [ -76.29167, 48.45833 ], [ -76.29167, 48.5 ], [ -76.33333, 48.45833 ], [ -76.54167, 48.45833 ], [ -76.70833, 48.375 ], [ -76.79167, 48.375 ], [ -76.875, 48.45833 ], [ -76.79167, 48.54167 ], [ -76.79167, 48.70833 ], [ -76.75, 48.70833 ], [ -76.75, 48.83333 ], [ -76.70833, 48.875 ], [ -76.91667, 48.875 ], [ -76.83333, 49.0 ], [ -76.75, 49.0 ], [ -76.75, 49.16667 ], [ -76.91667, 49.16667 ], [ -77.04167, 49.25 ], [ -77.04167, 49.33333 ], [ -77.125, 49.33333 ], [ -77.25, 49.41667 ], [ -77.54167, 49.41667 ], [ -77.54167, 49.54167 ], [ -78.0, 49.54167 ], [ -78.0, 49.45833 ], [ -78.25, 49.45833 ], [ -78.29167, 49.41667 ], [ -78.375, 49.41667 ], [ -78.375, 49.33333 ], [ -78.45833, 49.29167 ], [ -78.45833, 49.375 ], [ -78.5, 49.41667 ], [ -78.58333, 49.41667 ], [ -78.58333, 49.25 ], [ -78.66667, 49.25 ], [ -78.66667, 49.375 ], [ -78.70833, 49.375 ], [ -78.75, 49.45833 ], [ -78.83333, 49.54167 ], [ -78.91667, 49.54167 ], [ -79.0, 49.45833 ], [ -79.0, 49.41667 ], [ -79.125, 49.41667 ], [ -79.08333, 49.33333 ], [ -79.0, 49.33333 ], [ -78.95833, 49.25 ], [ -78.875, 49.25 ], [ -78.875, 49.125 ], [ -78.91667, 49.08333 ], [ -79.08333, 49.08333 ], [ -79.08333, 49.16667 ], [ -79.16667, 49.20833 ], [ -79.41667, 49.20833 ], [ -79.5, 49.25 ], [ -79.54167, 49.20833 ], [ -79.5, 49.125 ], [ -79.58333, 49.125 ], [ -79.625, 49.16667 ], [ -79.625, 49.25 ], [ -79.66667, 49.29167 ], [ -79.75, 49.29167 ], [ -79.75, 49.375 ], [ -79.625, 49.375 ], [ -79.625, 49.41667 ], [ -79.83333, 49.41667 ], [ -79.83333, 49.375 ], [ -79.875, 49.33333 ], [ -80.0, 49.33333 ], [ -80.0, 49.20833 ], [ -80.04167, 49.16667 ], [ -80.20833, 49.16667 ], [ -80.20833, 49.20833 ], [ -80.33333, 49.20833 ], [ -80.375, 49.20833 ], [ -80.45833, 49.20833 ], [ -80.45833, 49.29167 ], [ -80.5, 49.33333 ], [ -80.5, 49.41667 ], [ -80.54167, 49.5 ], [ -80.625, 49.5 ], [ -80.70833, 49.41667 ], [ -80.66667, 49.33333 ], [ -80.75, 49.33333 ], [ -80.75, 49.45833 ], [ -80.79167, 49.5 ], [ -81.0, 49.5 ], [ -81.04167, 49.54167 ], [ -81.20833, 49.54167 ], [ -81.20833, 49.625 ], [ -81.375, 49.625 ], [ -81.33333, 49.66667 ], [ -81.5, 49.66667 ], [ -81.5, 49.70833 ], [ -81.70833, 49.70833 ], [ -81.70833, 49.75 ], [ -81.83333, 49.75 ], [ -81.91667, 49.79167 ], [ -82.08333, 49.79167 ], [ -82.25, 49.875 ], [ -82.25, 49.91667 ], [ -82.20833, 50.0 ], [ -82.125, 50.08333 ], [ -82.04167, 50.125 ], [ -81.75, 50.125 ], [ -81.66667, 50.08333 ], [ -81.58333, 50.125 ], [ -81.58333, 50.29167 ], [ -81.54167, 50.29167 ], [ -81.54167, 50.41667 ], [ -81.625, 50.33333 ], [ -81.75, 50.33333 ], [ -81.70833, 50.25 ], [ -81.70833, 50.16667 ], [ -81.79167, 50.16667 ], [ -81.83333, 50.25 ], [ -81.95833, 50.25 ], [ -81.95833, 50.29167 ], [ -81.875, 50.375 ], [ -82.29167, 50.375 ], [ -82.45833, 50.45833 ], [ -82.5, 50.41667 ], [ -82.54167, 50.41667 ], [ -82.75, 50.41667 ], [ -82.75, 50.375 ], [ -83.125, 50.375 ], [ -83.125, 50.33333 ], [ -83.29167, 50.33333 ], [ -83.33333, 50.41667 ], [ -83.29167, 50.45833 ], [ -83.5, 50.45833 ], [ -83.5, 50.5 ], [ -83.58333, 50.58333 ], [ -83.875, 50.58333 ], [ -83.875, 50.70833 ], [ -83.91667, 50.75 ], [ -84.16667, 50.75 ], [ -84.16667, 50.79167 ], [ -84.29167, 50.79167 ], [ -84.375, 50.83333 ], [ -84.5, 50.83333 ], [ -84.5, 50.875 ], [ -84.625, 50.875 ], [ -84.70833, 50.79167 ], [ -84.66667, 50.70833 ], [ -84.75, 50.70833 ], [ -84.79167, 50.66667 ], [ -84.79167, 50.54167 ], [ -84.83333, 50.5 ], [ -84.95833, 50.5 ], [ -84.91667, 50.58333 ], [ -85.04167, 50.58333 ], [ -85.08333, 50.66667 ], [ -85.25, 50.66667 ], [ -85.20833, 50.58333 ], [ -85.29167, 50.54167 ], [ -85.29167, 50.66667 ], [ -85.41667, 50.66667 ], [ -85.41667, 50.58333 ], [ -85.54167, 50.58333 ], [ -85.54167, 50.54167 ], [ -85.66667, 50.54167 ], [ -85.79167, 50.41667 ], [ -85.875, 50.375 ], [ -85.875, 50.20833 ], [ -86.0, 50.08333 ], [ -86.125, 50.0 ], [ -86.08333, 49.91667 ], [ -86.16667, 49.91667 ], [ -86.16667, 49.83333 ], [ -86.25, 49.83333 ], [ -86.25, 49.75 ], [ -86.41667, 49.75 ], [ -86.5, 49.70833 ], [ -86.54167, 49.79167 ], [ -86.66667, 49.79167 ], [ -86.58333, 49.70833 ], [ -86.58333, 49.58333 ], [ -86.66667, 49.5 ], [ -86.70833, 49.58333 ], [ -86.66667, 49.66667 ], [ -86.83333, 49.66667 ], [ -86.83333, 49.58333 ], [ -86.91667, 49.58333 ], [ -86.91667, 49.5 ], [ -87.0, 49.41667 ], [ -87.125, 49.41667 ], [ -87.125, 49.45833 ], [ -87.45833, 49.45833 ], [ -87.45833, 49.41667 ], [ -87.58333, 49.41667 ], [ -87.58333, 49.25 ], [ -87.91667, 49.25 ], [ -88.0, 49.20833 ], [ -88.08333, 49.25 ], [ -88.08333, 49.33333 ], [ -87.95833, 49.375 ], [ -87.875, 49.45833 ], [ -87.83333, 49.54167 ], [ -87.79167, 49.625 ], [ -87.66667, 49.625 ], [ -87.58333, 49.66667 ], [ -87.66667, 49.75 ], [ -87.625, 49.79167 ], [ -87.83333, 49.79167 ], [ -88.0, 49.91667 ], [ -88.04167, 49.83333 ], [ -88.20833, 49.83333 ], [ -88.20833, 49.79167 ], [ -88.33333, 49.79167 ], [ -88.41667, 49.75 ], [ -88.54167, 49.875 ], [ -88.54167, 49.95833 ], [ -88.5, 50.04167 ], [ -88.58333, 50.04167 ], [ -88.625, 49.95833 ], [ -88.83333, 49.95833 ], [ -88.83333, 50.08333 ], [ -88.91667, 50.08333 ], [ -88.95833, 50.125 ], [ -89.20833, 50.125 ], [ -89.29167, 50.16667 ], [ -89.33333, 50.08333 ], [ -89.41667, 50.08333 ], [ -89.41667, 50.0 ], [ -89.54167, 50.0 ], [ -89.58333, 49.95833 ], [ -89.70833, 49.95833 ], [ -89.70833, 49.91667 ], [ -89.83333, 49.91667 ], [ -89.83333, 49.875 ], [ -90.0, 49.875 ], [ -90.0, 49.83333 ], [ -90.125, 49.83333 ], [ -90.125, 50.0 ], [ -90.29167, 50.0 ], [ -90.29167, 49.875 ], [ -90.45833, 49.875 ], [ -90.45833, 49.95833 ], [ -90.54167, 49.95833 ], [ -90.58333, 50.04167 ], [ -90.66667, 50.04167 ], [ -90.75, 50.08333 ], [ -90.79167, 50.16667 ], [ -90.91667, 50.16667 ], [ -91.0, 50.125 ], [ -91.0, 50.25 ], [ -91.08333, 50.29167 ], [ -91.0, 50.375 ], [ -90.95833, 50.375 ], [ -90.95833, 50.25 ], [ -90.91667, 50.25 ], [ -90.91667, 50.41667 ], [ -90.95833, 50.45833 ], [ -91.08333, 50.45833 ], [ -91.08333, 50.375 ], [ -91.25, 50.375 ], [ -91.25, 50.41667 ], [ -91.375, 50.41667 ], [ -91.375, 50.45833 ], [ -91.5, 50.45833 ], [ -91.5, 50.5 ], [ -91.54167, 50.5 ], [ -91.54167, 50.54167 ], [ -91.58333, 50.54167 ], [ -91.58333, 50.625 ], [ -91.625, 50.75 ], [ -91.75, 50.75 ], [ -91.75, 50.70833 ], [ -91.91667, 50.70833 ], [ -92.0, 50.66667 ], [ -92.08333, 50.70833 ], [ -92.20833, 50.70833 ], [ -92.20833, 50.66667 ], [ -92.375, 50.66667 ], [ -92.375, 50.625 ], [ -92.58333, 50.625 ], [ -92.54167, 50.66667 ], [ -92.54167, 50.79167 ], [ -92.5, 50.875 ], [ -92.66667, 50.875 ], [ -92.70833, 50.91667 ], [ -92.66667, 50.95833 ], [ -93.0, 50.95833 ], [ -93.0, 51.0 ], [ -93.20833, 51.0 ], [ -93.20833, 51.08333 ], [ -93.33333, 51.08333 ], [ -93.41667, 51.04167 ], [ -93.45833, 51.08333 ], [ -93.45833, 51.16667 ], [ -93.54167, 51.16667 ], [ -93.54167, 51.25 ], [ -93.625, 51.29167 ], [ -93.625, 51.375 ], [ -93.54167, 51.41667 ], [ -93.875, 51.41667 ], [ -93.875, 51.45833 ], [ -94.0, 51.45833 ], [ -93.95833, 51.375 ], [ -94.04167, 51.33333 ], [ -94.16667, 51.33333 ], [ -94.25, 51.41667 ], [ -94.25, 51.5 ], [ -94.54167, 51.5 ], [ -94.54167, 51.54167 ], [ -94.41667, 51.54167 ], [ -94.375, 51.625 ], [ -94.54167, 51.625 ], [ -94.58333, 51.66667 ], [ -94.625, 51.58333 ], [ -94.70833, 51.58333 ], [ -94.66667, 51.66667 ], [ -94.70833, 51.70833 ], [ -94.66667, 51.75 ], [ -94.70833, 51.79167 ], [ -94.83333, 51.79167 ], [ -94.83333, 51.83333 ], [ -95.41667, 51.83333 ], [ -95.45833, 51.875 ] ], [ [ -94.08333, 50.33333 ], [ -93.95833, 50.33333 ], [ -93.95833, 50.29167 ], [ -94.08333, 50.29167 ], [ -94.08333, 50.33333 ] ], [ [ -95.70833, 50.16667 ], [ -95.625, 50.08333 ], [ -95.70833, 50.08333 ], [ -95.70833, 50.16667 ] ], [ [ -95.29167, 50.16667 ], [ -95.20833, 50.08333 ], [ -95.29167, 50.08333 ], [ -95.29167, 50.16667 ] ], [ [ -93.58333, 50.08333 ], [ -93.5, 50.08333 ], [ -93.45833, 50.0 ], [ -93.625, 50.0 ], [ -93.58333, 50.08333 ] ], [ [ -82.54167, 49.875 ], [ -82.54167, 50.04167 ], [ -82.45833, 50.0 ], [ -82.33333, 50.0 ], [ -82.33333, 49.91667 ], [ -82.41667, 49.875 ], [ -82.41667, 49.75 ], [ -82.58333, 49.75 ], [ -82.58333, 49.875 ], [ -82.54167, 49.875 ] ], [ [ -96.25, 49.95833 ], [ -96.16667, 50.0 ], [ -96.125, 49.91667 ], [ -96.20833, 49.91667 ], [ -96.25, 49.95833 ] ], [ [ -92.79167, 49.75 ], [ -92.66667, 49.75 ], [ -92.66667, 49.70833 ], [ -92.79167, 49.70833 ], [ -92.79167, 49.75 ] ], [ [ -86.83333, 49.45833 ], [ -86.70833, 49.45833 ], [ -86.75, 49.375 ], [ -86.91667, 49.375 ], [ -86.91667, 49.41667 ], [ -86.83333, 49.45833 ] ], [ [ -87.54167, 49.20833 ], [ -87.45833, 49.20833 ], [ -87.41667, 49.29167 ], [ -87.29167, 49.29167 ], [ -87.29167, 49.16667 ], [ -87.25, 49.16667 ], [ -87.25, 49.0 ], [ -87.29167, 48.95833 ], [ -87.375, 48.95833 ], [ -87.33333, 49.04167 ], [ -87.375, 49.08333 ], [ -87.58333, 49.08333 ], [ -87.58333, 49.16667 ], [ -87.625, 49.125 ], [ -87.70833, 49.125 ], [ -87.75, 49.08333 ], [ -87.75, 49.16667 ], [ -87.66667, 49.16667 ], [ -87.58333, 49.20833 ], [ -87.58333, 49.25 ], [ -87.54167, 49.20833 ] ], [ [ -79.83333, 49.16667 ], [ -79.75, 49.08333 ], [ -79.66667, 49.08333 ], [ -79.66667, 49.0 ], [ -79.79167, 49.0 ], [ -79.83333, 49.04167 ], [ -79.83333, 49.16667 ] ], [ [ -76.45833, 48.33333 ], [ -76.41667, 48.375 ], [ -76.33333, 48.375 ], [ -76.375, 48.29167 ], [ -76.45833, 48.33333 ] ], [ [ -74.16667, 48.20833 ], [ -74.125, 48.29167 ], [ -74.20833, 48.375 ], [ -74.125, 48.375 ], [ -74.08333, 48.33333 ], [ -74.08333, 48.08333 ], [ -74.33333, 48.08333 ], [ -74.33333, 48.125 ], [ -74.25, 48.20833 ], [ -74.16667, 48.20833 ] ], [ [ -89.91667, 48.16667 ], [ -90.04167, 48.16667 ], [ -90.04167, 48.25 ], [ -89.95833, 48.25 ], [ -89.91667, 48.16667 ] ], [ [ -91.08333, 48.125 ], [ -90.95833, 48.125 ], [ -90.95833, 48.08333 ], [ -91.08333, 48.08333 ], [ -91.08333, 48.125 ] ], [ [ -76.29167, 48.125 ], [ -76.125, 48.125 ], [ -76.16667, 48.04167 ], [ -76.29167, 48.04167 ], [ -76.33333, 48.08333 ], [ -76.29167, 48.125 ] ], [ [ -78.79167, 47.66667 ], [ -78.58333, 47.66667 ], [ -78.58333, 47.58333 ], [ -78.79167, 47.58333 ], [ -78.79167, 47.66667 ] ], [ [ -79.29167, 47.58333 ], [ -79.125, 47.58333 ], [ -79.08333, 47.54167 ], [ -79.125, 47.5 ], [ -79.25, 47.5 ], [ -79.29167, 47.58333 ] ], [ [ -72.79167, 47.5 ], [ -72.75, 47.5 ], [ -72.75, 47.375 ], [ -72.83333, 47.375 ], [ -72.83333, 47.45833 ], [ -72.79167, 47.5 ] ], [ [ -77.95833, 46.95833 ], [ -77.875, 46.95833 ], [ -77.875, 46.79167 ], [ -77.95833, 46.83333 ], [ -77.95833, 46.95833 ] ] ], [ [ [ -87.58333, 49.20833 ], [ -87.58333, 49.16667 ], [ -87.54167, 49.20833 ], [ -87.58333, 49.20833 ] ] ] ] } },
{ "type": "Feature", "properties": { "ID": 4 }, "geometry": { "type": "MultiPolygon", "coordinates": [ [ [ [ -121.95833, 56.0 ], [ -121.83333, 56.0 ], [ -121.79167, 56.08333 ], [ -121.66667, 56.08333 ], [ -121.66667, 56.125 ], [ -121.83333, 56.125 ], [ -121.91667, 56.08333 ], [ -121.95833, 56.0 ] ] ], [ [ [ -122.5, 55.54167 ], [ -122.5, 55.5 ], [ -122.45833, 55.5 ], [ -122.45833, 55.54167 ], [ -122.5, 55.54167 ] ] ], [ [ [ -121.08333, 55.41667 ], [ -120.95833, 55.33333 ], [ -120.95833, 55.41667 ], [ -121.08333, 55.41667 ] ] ], [ [ [ -121.41667, 55.375 ], [ -121.375, 55.33333 ], [ -121.25, 55.33333 ], [ -121.25, 55.375 ], [ -121.41667, 55.375 ] ] ], [ [ [ -121.25, 55.95833 ], [ -121.29167, 55.875 ], [ -121.29167, 55.75 ], [ -121.41667, 55.75 ], [ -121.41667, 55.70833 ], [ -121.70833, 55.70833 ], [ -121.79167, 55.66667 ], [ -121.79167, 55.625 ], [ -122.0, 55.625 ], [ -122.0, 55.58333 ], [ -121.66667, 55.58333 ], [ -121.66667, 55.45833 ], [ -121.79167, 55.33333 ], [ -121.70833, 55.29167 ], [ -121.70833, 55.20833 ], [ -121.66667, 55.25 ], [ -121.66667, 55.41667 ], [ -121.625, 55.45833 ], [ -121.54167, 55.45833 ], [ -121.54167, 55.58333 ], [ -121.5, 55.58333 ], [ -121.5, 55.54167 ], [ -121.20833, 55.54167 ], [ -121.16667, 55.5 ], [ -121.16667, 55.41667 ], [ -121.08333, 55.41667 ], [ -121.08333, 55.70833 ], [ -121.125, 55.75 ], [ -121.20833, 55.75 ], [ -121.20833, 55.875 ], [ -121.25, 55.95833 ] ], [ [ -121.41667, 55.66667 ], [ -121.29167, 55.66667 ], [ -121.29167, 55.625 ], [ -121.41667, 55.625 ], [ -121.41667, 55.66667 ] ] ], [ [ [ -120.95833, 55.33333 ], [ -120.95833, 55.20833 ], [ -121.0, 55.16667 ], [ -120.91667, 55.16667 ], [ -120.91667, 55.33333 ], [ -120.95833, 55.33333 ] ] ], [ [ [ -121.25, 55.08333 ], [ -121.20833, 55.04167 ], [ -121.20833, 55.08333 ], [ -121.25, 55.08333 ] ] ], [ [ [ -121.0, 55.16667 ], [ -121.125, 55.16667 ], [ -121.125, 55.125 ], [ -121.08333, 55.04167 ], [ -121.08333, 54.95833 ], [ -121.0, 54.95833 ], [ -121.0, 55.0 ], [ -120.875, 55.0 ], [ -120.875, 55.08333 ], [ -120.95833, 55.08333 ], [ -121.0, 55.16667 ] ] ], [ [ [ -121.20833, 54.95833 ], [ -121.20833, 54.91667 ], [ -121.08333, 54.91667 ], [ -121.08333, 54.95833 ], [ -121.20833, 54.95833 ] ] ], [ [ [ -125.125, 54.875 ], [ -125.125, 54.83333 ], [ -125.0, 54.83333 ], [ -125.0, 54.875 ], [ -125.125, 54.875 ] ] ], [ [ [ -126.125, 54.91667 ], [ -126.20833, 54.875 ], [ -126.08333, 54.75 ], [ -126.0, 54.75 ], [ -125.95833, 54.66667 ], [ -125.91667, 54.70833 ], [ -125.91667, 54.79167 ], [ -126.0, 54.83333 ], [ -126.08333, 54.875 ], [ -126.125, 54.91667 ] ] ], [ [ [ -122.16667, 54.66667 ], [ -122.25, 54.70833 ], [ -122.375, 54.70833 ], [ -122.45833, 54.75 ], [ -122.54167, 54.70833 ], [ -122.41667, 54.70833 ], [ -122.41667, 54.66667 ], [ -122.29167, 54.66667 ], [ -122.125, 54.58333 ], [ -122.125, 54.54167 ], [ -122.0, 54.54167 ], [ -122.0, 54.58333 ], [ -122.16667, 54.66667 ] ] ], [ [ [ -118.75, 54.70833 ], [ -118.70833, 54.75 ], [ -118.70833, 54.83333 ], [ -118.79167, 54.875 ], [ -119.04167, 54.875 ], [ -119.04167, 54.91667 ], [ -119.16667, 54.91667 ], [ -119.20833, 54.95833 ], [ -119.20833, 55.04167 ], [ -119.75, 55.04167 ], [ -119.83333, 55.08333 ], [ -120.08333, 55.08333 ], [ -120.08333, 55.0 ], [ -120.04167, 54.95833 ], [ -119.95833, 54.95833 ], [ -119.95833, 54.875 ], [ -119.875, 54.875 ], [ -119.875, 54.79167 ], [ -119.91667, 54.75 ], [ -120.04167, 54.75 ], [ -120.04167, 54.70833 ], [ -119.91667, 54.70833 ], [ -119.875, 54.75 ], [ -119.70833, 54.75 ], [ -119.75, 54.66667 ], [ -119.66667, 54.58333 ], [ -119.54167, 54.66667 ], [ -119.33333, 54.66667 ], [ -119.125, 54.66667 ], [ -119.08333, 54.70833 ], [ -118.95833, 54.70833 ], [ -118.95833, 54.66667 ], [ -118.83333, 54.66667 ], [ -118.75, 54.625 ], [ -118.75, 54.70833 ] ] ], [ [ [ -125.41667, 54.5 ], [ -125.41667, 54.45833 ], [ -125.20833, 54.45833 ], [ -125.20833, 54.5 ], [ -125.41667, 54.5 ] ] ], [ [ [ -121.83333, 54.5 ], [ -121.83333, 54.45833 ], [ -121.79167, 54.5 ], [ -121.83333, 54.5 ] ] ], [ [ [ -124.75, 54.625 ], [ -124.70833, 54.54167 ], [ -124.625, 54.5 ], [ -124.54167, 54.5 ], [ -124.5, 54.41667 ], [ -124.33333, 54.41667 ], [ -124.33333, 54.45833 ], [ -124.41667, 54.54167 ], [ -124.5, 54.58333 ], [ -124.625, 54.58333 ], [ -124.625, 54.625 ], [ -124.75, 54.625 ] ] ], [ [ [ -126.625, 54.45833 ], [ -126.625, 54.41667 ], [ -126.75, 54.41667 ], [ -126.75, 54.375 ], [ -126.58333, 54.375 ], [ -126.625, 54.45833 ] ] ], [ [ [ -121.375, 54.41667 ], [ -121.375, 54.375 ], [ -121.41667, 54.375 ], [ -121.41667, 54.33333 ], [ -121.66667, 54.33333 ], [ -121.58333, 54.29167 ], [ -121.58333, 54.25 ], [ -121.45833, 54.25 ], [ -121.29167, 54.16667 ], [ -121.33333, 54.25 ], [ -121.375, 54.25 ], [ -121.375, 54.33333 ], [ -121.25, 54.33333 ], [ -121.25, 54.375 ], [ -121.29167, 54.41667 ], [ -121.375, 54.41667 ] ] ], [ [ [ -121.29167, 54.16667 ], [ -121.29167, 54.125 ], [ -121.25, 54.125 ], [ -121.25, 54.16667 ], [ -121.29167, 54.16667 ] ] ], [ [ [ -126.16667, 54.04167 ], [ -126.16667, 54.0 ], [ -125.875, 54.0 ], [ -125.875, 54.04167 ], [ -126.16667, 54.04167 ] ] ], [ [ [ -125.54167, 54.0 ], [ -125.54167, 54.04167 ], [ -125.83333, 54.04167 ], [ -125.83333, 54.0 ], [ -125.54167, 54.0 ] ] ], [ [ [ -126.25, 54.0 ], [ -126.41667, 54.0 ], [ -126.41667, 53.95833 ], [ -126.25, 53.95833 ], [ -126.25, 54.0 ] ] ], [ [ [ -125.54167, 54.0 ], [ -125.54167, 53.95833 ], [ -125.41667, 53.95833 ], [ -125.41667, 54.0 ], [ -125.29167, 54.0 ], [ -125.29167, 54.04167 ], [ -125.45833, 54.04167 ], [ -125.54167, 54.0 ] ] ], [ [ [ -125.20833, 54.0 ], [ -125.20833, 53.95833 ], [ -125.04167, 53.95833 ], [ -125.04167, 54.0 ], [ -125.20833, 54.0 ] ] ], [ [ [ -120.70833, 54.04167 ], [ -120.79167, 54.0 ], [ -120.79167, 53.95833 ], [ -120.66667, 53.95833 ], [ -120.66667, 54.04167 ], [ -120.70833, 54.04167 ] ] ], [ [ [ -120.58333, 53.95833 ], [ -120.625, 53.91667 ], [ -120.58333, 53.91667 ], [ -120.58333, 53.95833 ] ] ], [ [ [ -126.29167, 53.875 ], [ -126.33333, 53.79167 ], [ -126.20833, 53.79167 ], [ -126.20833, 53.83333 ], [ -126.29167, 53.875 ] ] ], [ [ [ -125.95833, 53.75 ], [ -126.125, 53.83333 ], [ -126.16667, 53.75 ], [ -125.95833, 53.75 ] ] ], [ [ [ -114.04167, 53.79167 ], [ -114.125, 53.75 ], [ -114.125, 53.625 ], [ -113.91667, 53.625 ], [ -113.91667, 53.70833 ], [ -114.0, 53.70833 ], [ -114.04167, 53.79167 ] ] ], [ [ [ -120.625, 53.70833 ], [ -120.70833, 53.66667 ], [ -120.66667, 53.58333 ], [ -120.58333, 53.58333 ], [ -120.58333, 53.66667 ], [ -120.41667, 53.66667 ], [ -120.41667, 53.70833 ], [ -120.625, 53.70833 ] ] ], [ [ [ -117.20833, 53.625 ], [ -117.29167, 53.625 ], [ -117.33333, 53.54167 ], [ -117.25, 53.54167 ], [ -117.20833, 53.625 ] ] ], [ [ [ -120.375, 53.45833 ], [ -120.375, 53.41667 ], [ -120.33333, 53.41667 ], [ -120.33333, 53.45833 ], [ -120.375, 53.45833 ] ] ], [ [ [ -113.625, 53.70833 ], [ -113.70833, 53.66667 ], [ -113.70833, 53.54167 ], [ -113.58333, 53.41667 ], [ -113.5, 53.375 ], [ -113.375, 53.375 ], [ -113.16667, 53.5 ], [ -113.16667, 53.66667 ], [ -113.20833, 53.70833 ], [ -113.29167, 53.66667 ], [ -113.54167, 53.66667 ], [ -113.625, 53.70833 ] ] ], [ [ [ -120.41667, 53.41667 ], [ -120.41667, 53.375 ], [ -120.375, 53.375 ], [ -120.375, 53.41667 ], [ -120.41667, 53.41667 ] ] ], [ [ [ -120.29167, 53.41667 ], [ -120.29167, 53.375 ], [ -120.25, 53.375 ], [ -120.25, 53.41667 ], [ -120.29167, 53.41667 ] ] ], [ [ [ -120.375, 53.375 ], [ -120.375, 53.33333 ], [ -120.29167, 53.33333 ], [ -120.29167, 53.375 ], [ -120.375, 53.375 ] ] ], [ [ [ -120.20833, 53.375 ], [ -120.20833, 53.33333 ], [ -120.16667, 53.33333 ], [ -120.16667, 53.375 ], [ -120.20833, 53.375 ] ] ], [ [ [ -117.33333, 53.54167 ], [ -117.5, 53.45833 ], [ -117.625, 53.45833 ], [ -117.70833, 53.41667 ], [ -117.70833, 53.375 ], [ -117.83333, 53.375 ], [ -117.83333, 53.29167 ], [ -117.66667, 53.29167 ], [ -117.58333, 53.33333 ], [ -117.54167, 53.41667 ], [ -117.45833, 53.41667 ], [ -117.375, 53.45833 ], [ -117.33333, 53.54167 ] ] ], [ [ [ -120.29167, 53.33333 ], [ -120.29167, 53.29167 ], [ -120.20833, 53.29167 ], [ -120.20833, 53.33333 ], [ -120.29167, 53.33333 ] ] ], [ [ [ -114.58333, 53.54167 ], [ -114.58333, 53.45833 ], [ -114.5, 53.41667 ], [ -114.41667, 53.41667 ], [ -114.41667, 53.33333 ], [ -114.33333, 53.25 ], [ -114.16667, 53.25 ], [ -114.16667, 53.29167 ], [ -114.25, 53.375 ], [ -114.33333, 53.375 ], [ -114.375, 53.41667 ], [ -114.375, 53.5 ], [ -114.5, 53.5 ], [ -114.58333, 53.54167 ] ] ], [ [ [ -120.0, 53.25 ], [ -120.0, 53.29167 ], [ -120.125, 53.29167 ], [ -120.125, 53.33333 ], [ -120.16667, 53.33333 ], [ -120.20833, 53.29167 ], [ -120.20833, 53.25 ], [ -120.125, 53.25 ], [ -120.125, 53.20833 ], [ -120.04167, 53.20833 ], [ -120.04167, 53.125 ], [ -120.0, 53.125 ], [ -120.0, 53.16667 ], [ -119.95833, 53.16667 ], [ -119.95833, 53.25 ], [ -120.0, 53.25 ] ] ], [ [ [ -120.95833, 53.25 ], [ -120.95833, 53.20833 ], [ -120.91667, 53.20833 ], [ -120.91667, 53.25 ], [ -120.95833, 53.25 ] ] ], [ [ [ -114.08333, 53.25 ], [ -114.08333, 53.20833 ], [ -113.95833, 53.20833 ], [ -113.95833, 53.25 ], [ -114.08333, 53.25 ] ] ], [ [ [ -120.0, 53.125 ], [ -120.0, 53.08333 ], [ -119.95833, 53.08333 ], [ -119.95833, 53.125 ], [ -120.0, 53.125 ] ] ], [ [ [ -119.91667, 53.20833 ], [ -119.91667, 53.125 ], [ -119.83333, 53.125 ], [ -119.83333, 53.08333 ], [ -119.70833, 53.08333 ], [ -119.66667, 53.04167 ], [ -119.66667, 53.125 ], [ -119.79167, 53.125 ], [ -119.79167, 53.16667 ], [ -119.875, 53.16667 ], [ -119.875, 53.20833 ], [ -119.91667, 53.20833 ] ] ], [ [ [ -119.91667, 53.08333 ], [ -119.91667, 53.04167 ], [ -119.875, 53.04167 ], [ -119.875, 53.08333 ], [ -119.91667, 53.08333 ] ] ], [ [ [ -119.875, 53.04167 ], [ -119.875, 53.0 ], [ -119.83333, 53.0 ], [ -119.875, 53.04167 ] ] ], [ [ [ -119.29167, 53.04167 ], [ -119.29167, 53.0 ], [ -119.25, 53.0 ], [ -119.25, 53.04167 ], [ -119.29167, 53.04167 ] ] ], [ [ [ -114.125, 53.08333 ], [ -114.125, 53.0 ], [ -114.04167, 52.95833 ], [ -113.95833, 52.95833 ], [ -114.0, 53.04167 ], [ -114.08333, 53.04167 ], [ -114.125, 53.08333 ] ] ], [ [ [ -119.625, 53.08333 ], [ -119.66667, 53.04167 ], [ -119.66667, 53.0 ], [ -119.54167, 53.0 ], [ -119.54167, 52.95833 ], [ -119.5, 52.95833 ], [ -119.5, 53.04167 ], [ -119.54167, 53.08333 ], [ -119.625, 53.08333 ] ] ], [ [ [ -112.75, 53.0 ], [ -112.75, 53.04167 ], [ -112.91667, 53.04167 ], [ -112.91667, 53.0 ], [ -112.75, 53.0 ] ] ], [ [ [ -121.0, 52.95833 ], [ -121.0, 52.91667 ], [ -120.91667, 52.91667 ], [ -120.91667, 52.95833 ], [ -121.0, 52.95833 ] ] ], [ [ [ -121.20833, 53.25 ], [ -121.20833, 53.29167 ], [ -121.33333, 53.29167 ], [ -121.375, 53.25 ], [ -121.25, 53.125 ], [ -121.25, 53.08333 ], [ -121.20833, 53.0 ], [ -121.20833, 52.875 ], [ -121.125, 52.91667 ], [ -121.125, 52.95833 ], [ -121.0, 52.95833 ], [ -121.0, 53.0 ], [ -121.04167, 53.04167 ], [ -121.08333, 53.08333 ], [ -121.16667, 53.08333 ], [ -121.16667, 53.16667 ], [ -121.20833, 53.20833 ], [ -121.20833, 53.25 ] ] ], [ [ [ -120.79167, 52.875 ], [ -120.79167, 52.83333 ], [ -120.75, 52.875 ], [ -120.79167, 52.875 ] ] ], [ [ [ -121.25, 52.875 ], [ -121.29167, 52.79167 ], [ -121.20833, 52.79167 ], [ -121.20833, 52.875 ], [ -121.25, 52.875 ] ] ], [ [ [ -120.79167, 52.83333 ], [ -120.83333, 52.75 ], [ -120.70833, 52.75 ], [ -120.70833, 52.79167 ], [ -120.79167, 52.83333 ] ] ], [ [ [ -121.41667, 52.79167 ], [ -121.41667, 52.75 ], [ -121.29167, 52.75 ], [ -121.29167, 52.79167 ], [ -121.41667, 52.79167 ] ] ], [ [ [ -119.45833, 53.0 ], [ -119.5, 52.95833 ], [ -119.5, 52.91667 ], [ -119.45833, 52.91667 ], [ -119.45833, 52.875 ], [ -119.41667, 52.83333 ], [ -119.375, 52.79167 ], [ -119.29167, 52.70833 ], [ -119.25, 52.66667 ], [ -119.20833, 52.66667 ], [ -119.20833, 52.75 ], [ -119.16667, 52.70833 ], [ -119.08333, 52.70833 ], [ -119.08333, 52.66667 ], [ -119.0, 52.66667 ], [ -119.0, 52.70833 ], [ -119.04167, 52.75 ], [ -119.08333, 52.79167 ], [ -119.16667, 52.79167 ], [ -119.16667, 52.83333 ], [ -119.20833, 52.83333 ], [ -119.20833, 52.875 ], [ -119.29167, 52.875 ], [ -119.29167, 52.91667 ], [ -119.33333, 52.91667 ], [ -119.29167, 52.95833 ], [ -119.29167, 53.0 ], [ -119.45833, 53.0 ] ] ], [ [ [ -120.5, 52.70833 ], [ -120.5, 52.66667 ], [ -120.45833, 52.66667 ], [ -120.45833, 52.70833 ], [ -120.5, 52.70833 ] ] ], [ [ [ -120.91667, 52.75 ], [ -120.95833, 52.70833 ], [ -120.95833, 52.625 ], [ -120.875, 52.625 ], [ -120.83333, 52.66667 ], [ -120.83333, 52.75 ], [ -120.91667, 52.75 ] ] ], [ [ [ -120.20833, 52.66667 ], [ -120.20833, 52.625 ], [ -120.125, 52.625 ], [ -120.125, 52.66667 ], [ -120.20833, 52.66667 ] ] ], [ [ [ -119.0, 52.66667 ], [ -119.0, 52.625 ], [ -118.95833, 52.625 ], [ -118.95833, 52.66667 ], [ -119.0, 52.66667 ] ] ], [ [ [ -121.125, 52.625 ], [ -121.125, 52.58333 ], [ -121.04167, 52.625 ], [ -121.125, 52.625 ] ] ], [ [ [ -118.875, 52.625 ], [ -118.91667, 52.58333 ], [ -118.875, 52.58333 ], [ -118.875, 52.625 ] ] ], [ [ [ -111.29167, 52.54167 ], [ -111.29167, 52.66667 ], [ -111.33333, 52.66667 ], [ -111.33333, 52.54167 ], [ -111.29167, 52.54167 ] ] ], [ [ [ -120.70833, 52.58333 ], [ -120.70833, 52.54167 ], [ -120.66667, 52.54167 ], [ -120.66667, 52.58333 ], [ -120.70833, 52.58333 ] ] ], [ [ [ -118.875, 52.58333 ], [ -118.875, 52.54167 ], [ -118.83333, 52.54167 ], [ -118.875, 52.58333 ] ] ], [ [ [ -120.66667, 52.54167 ], [ -120.66667, 52.5 ], [ -120.625, 52.5 ], [ -120.625, 52.54167 ], [ -120.66667, 52.54167 ] ] ], [ [ [ -119.45833, 52.54167 ], [ -119.45833, 52.5 ], [ -119.375, 52.5 ], [ -119.375, 52.54167 ], [ -119.45833, 52.54167 ] ] ], [ [ [ -118.83333, 52.54167 ], [ -118.83333, 52.5 ], [ -118.79167, 52.5 ], [ -118.79167, 52.54167 ], [ -118.83333, 52.54167 ] ] ], [ [ [ -120.95833, 52.58333 ], [ -120.95833, 52.54167 ], [ -120.875, 52.54167 ], [ -120.875, 52.45833 ], [ -120.83333, 52.41667 ], [ -120.75, 52.41667 ], [ -120.70833, 52.45833 ], [ -120.70833, 52.5 ], [ -120.75, 52.5 ], [ -120.75, 52.54167 ], [ -120.79167, 52.54167 ], [ -120.79167, 52.58333 ], [ -120.95833, 52.58333 ] ] ], [ [ [ -119.91667, 52.45833 ], [ -119.91667, 52.41667 ], [ -119.875, 52.41667 ], [ -119.875, 52.45833 ], [ -119.91667, 52.45833 ] ] ], [ [ [ -118.79167, 52.5 ], [ -118.79167, 52.41667 ], [ -118.75, 52.375 ], [ -118.66667, 52.375 ], [ -118.66667, 52.45833 ], [ -118.75, 52.45833 ], [ -118.75, 52.5 ], [ -118.79167, 52.5 ] ] ], [ [ [ -121.04167, 52.45833 ], [ -121.125, 52.41667 ], [ -121.125, 52.375 ], [ -121.08333, 52.375 ], [ -121.04167, 52.45833 ] ] ], [ [ [ -119.95833, 52.45833 ], [ -120.0, 52.41667 ], [ -120.08333, 52.41667 ], [ -120.08333, 52.33333 ], [ -119.91667, 52.33333 ], [ -119.91667, 52.41667 ], [ -119.95833, 52.45833 ] ] ], [ [ [ -120.25, 52.375 ], [ -120.16667, 52.25 ], [ -120.16667, 52.33333 ], [ -120.125, 52.33333 ], [ -120.125, 52.375 ], [ -120.25, 52.375 ] ] ], [ [ [ -120.45833, 52.66667 ], [ -120.45833, 52.625 ], [ -120.66667, 52.625 ], [ -120.66667, 52.58333 ], [ -120.625, 52.54167 ], [ -120.54167, 52.54167 ], [ -120.54167, 52.58333 ], [ -120.41667, 52.58333 ], [ -120.41667, 52.54167 ], [ -120.375, 52.54167 ], [ -120.375, 52.41667 ], [ -120.33333, 52.33333 ], [ -120.375, 52.33333 ], [ -120.375, 52.25 ], [ -120.33333, 52.20833 ], [ -120.25, 52.20833 ], [ -120.25, 52.375 ], [ -120.25, 52.45833 ], [ -120.29167, 52.45833 ], [ -120.29167, 52.54167 ], [ -120.25, 52.54167 ], [ -120.20833, 52.58333 ], [ -120.20833, 52.625 ], [ -120.33333, 52.625 ], [ -120.33333, 52.66667 ], [ -120.375, 52.66667 ], [ -120.41667, 52.66667 ], [ -120.45833, 52.66667 ] ] ], [ [ [ -118.66667, 52.375 ], [ -118.66667, 52.33333 ], [ -118.625, 52.33333 ], [ -118.625, 52.25 ], [ -118.5, 52.25 ], [ -118.5, 52.16667 ], [ -118.41667, 52.16667 ], [ -118.41667, 52.25 ], [ -118.45833, 52.29167 ], [ -118.54167, 52.29167 ], [ -118.54167, 52.33333 ], [ -118.58333, 52.375 ], [ -118.66667, 52.375 ] ] ], [ [ [ -122.20833, 52.25 ], [ -122.20833, 52.16667 ], [ -122.125, 52.16667 ], [ -122.125, 52.25 ], [ -122.20833, 52.25 ] ] ], [ [ [ -118.20833, 52.20833 ], [ -118.20833, 52.16667 ], [ -118.16667, 52.16667 ], [ -118.16667, 52.20833 ], [ -118.20833, 52.20833 ] ] ], [ [ [ -121.0, 52.41667 ], [ -121.0, 52.33333 ], [ -121.125, 52.33333 ], [ -121.125, 52.375 ], [ -121.25, 52.375 ], [ -121.25, 52.25 ], [ -121.08333, 52.25 ], [ -121.08333, 52.20833 ], [ -120.95833, 52.20833 ], [ -120.95833, 52.16667 ], [ -120.83333, 52.16667 ], [ -120.83333, 52.125 ], [ -120.75, 52.04167 ], [ -120.70833, 52.08333 ], [ -120.70833, 52.20833 ], [ -120.58333, 52.20833 ], [ -120.58333, 52.25 ], [ -120.70833, 52.25 ], [ -120.70833, 52.29167 ], [ -120.79167, 52.375 ], [ -120.91667, 52.375 ], [ -120.91667, 52.41667 ], [ -121.0, 52.41667 ] ] ], [ [ [ -118.375, 52.16667 ], [ -118.375, 52.04167 ], [ -118.25, 52.04167 ], [ -118.25, 52.08333 ], [ -118.33333, 52.08333 ], [ -118.33333, 52.16667 ], [ -118.375, 52.16667 ] ] ], [ [ [ -123.625, 52.125 ], [ -123.625, 52.04167 ], [ -123.54167, 52.08333 ], [ -123.58333, 52.08333 ], [ -123.58333, 52.125 ], [ -123.625, 52.125 ] ] ], [ [ [ -119.70833, 52.20833 ], [ -119.70833, 52.125 ], [ -119.75, 52.125 ], [ -119.75, 52.08333 ], [ -119.625, 52.08333 ], [ -119.625, 52.04167 ], [ -119.58333, 52.125 ], [ -119.625, 52.16667 ], [ -119.66667, 52.20833 ], [ -119.70833, 52.20833 ] ] ], [ [ [ -120.25, 52.20833 ], [ -120.25, 52.0 ], [ -120.20833, 52.04167 ], [ -120.20833, 52.20833 ], [ -120.25, 52.20833 ] ] ], [ [ [ -118.54167, 52.16667 ], [ -118.58333, 52.125 ], [ -118.58333, 52.08333 ], [ -118.66667, 52.08333 ], [ -118.66667, 52.04167 ], [ -118.70833, 52.04167 ], [ -118.70833, 52.0 ], [ -118.5, 52.0 ], [ -118.5, 52.04167 ], [ -118.5, 52.08333 ], [ -118.5, 52.16667 ], [ -118.54167, 52.16667 ] ] ], [ [ [ -118.25, 52.04167 ], [ -118.25, 52.0 ], [ -118.16667, 52.0 ], [ -118.16667, 52.04167 ], [ -118.25, 52.04167 ] ] ], [ [ [ -125.125, 52.0 ], [ -125.125, 51.95833 ], [ -124.875, 51.95833 ], [ -124.91667, 52.04167 ], [ -125.04167, 52.04167 ], [ -125.125, 52.0 ] ] ], [ [ [ -124.45833, 52.0 ], [ -124.45833, 51.95833 ], [ -124.41667, 51.95833 ], [ -124.41667, 52.0 ], [ -124.45833, 52.0 ] ] ], [ [ [ -107.16667, 52.125 ], [ -107.16667, 51.95833 ], [ -107.0, 51.95833 ], [ -107.0, 52.04167 ], [ -107.125, 52.04167 ], [ -107.16667, 52.125 ] ] ], [ [ [ -118.125, 52.0 ], [ -118.125, 51.95833 ], [ -118.08333, 51.91667 ], [ -118.04167, 51.91667 ], [ -118.04167, 52.0 ], [ -118.125, 52.0 ] ] ], [ [ [ -118.54167, 51.95833 ], [ -118.54167, 51.91667 ], [ -118.5, 51.95833 ], [ -118.54167, 51.95833 ] ] ], [ [ [ -118.625, 51.95833 ], [ -118.625, 51.875 ], [ -118.58333, 51.875 ], [ -118.58333, 51.95833 ], [ -118.625, 51.95833 ] ] ], [ [ [ -120.375, 51.91667 ], [ -120.375, 51.875 ], [ -120.16667, 51.875 ], [ -120.16667, 51.91667 ], [ -120.375, 51.91667 ] ] ], [ [ [ -117.95833, 51.95833 ], [ -118.04167, 51.91667 ], [ -118.04167, 51.875 ], [ -117.875, 51.875 ], [ -117.875, 51.91667 ], [ -117.91667, 51.95833 ], [ -117.95833, 51.95833 ] ] ], [ [ [ -120.16667, 52.25 ], [ -120.16667, 52.08333 ], [ -120.08333, 52.0 ], [ -120.0, 52.0 ], [ -120.0, 51.83333 ], [ -119.95833, 51.83333 ], [ -119.95833, 52.0 ], [ -119.91667, 52.0 ], [ -119.91667, 52.04167 ], [ -119.875, 52.04167 ], [ -119.83333, 52.08333 ], [ -119.79167, 52.16667 ], [ -119.875, 52.16667 ], [ -119.875, 52.125 ], [ -119.91667, 52.08333 ], [ -120.08333, 52.08333 ], [ -120.08333, 52.20833 ], [ -120.125, 52.25 ], [ -120.16667, 52.25 ] ] ], [ [ [ -119.625, 51.91667 ], [ -119.625, 51.83333 ], [ -119.54167, 51.83333 ], [ -119.54167, 51.91667 ], [ -119.625, 51.91667 ] ] ], [ [ [ -123.70833, 51.875 ], [ -123.70833, 51.83333 ], [ -123.66667, 51.83333 ], [ -123.66667, 51.875 ], [ -123.70833, 51.875 ] ] ], [ [ [ -118.29167, 51.875 ], [ -118.29167, 51.83333 ], [ -118.25, 51.83333 ], [ -118.25, 51.875 ], [ -118.29167, 51.875 ] ] ], [ [ [ -117.875, 51.875 ], [ -117.875, 51.83333 ], [ -117.79167, 51.83333 ], [ -117.79167, 51.875 ], [ -117.875, 51.875 ] ] ], [ [ [ -124.54167, 51.95833 ], [ -124.66667, 51.95833 ], [ -124.70833, 51.91667 ], [ -124.70833, 51.79167 ], [ -124.66667, 51.79167 ], [ -124.66667, 51.83333 ], [ -124.54167, 51.83333 ], [ -124.54167, 51.875 ], [ -124.41667, 51.875 ], [ -124.41667, 51.91667 ], [ -124.45833, 51.95833 ], [ -124.54167, 51.95833 ] ] ], [ [ [ -118.79167, 51.875 ], [ -118.79167, 51.83333 ], [ -118.70833, 51.83333 ], [ -118.70833, 51.79167 ], [ -118.625, 51.83333 ], [ -118.625, 51.875 ], [ -118.79167, 51.875 ] ] ], [ [ [ -104.375, 51.95833 ], [ -104.45833, 51.875 ], [ -104.45833, 51.79167 ], [ -104.25, 51.79167 ], [ -104.29167, 51.875 ], [ -104.375, 51.95833 ] ] ], [ [ [ -121.04167, 51.83333 ], [ -121.04167, 51.79167 ], [ -120.91667, 51.79167 ], [ -120.91667, 51.83333 ], [ -121.04167, 51.83333 ] ] ], [ [ [ -120.125, 51.83333 ], [ -120.125, 51.79167 ], [ -120.08333, 51.79167 ], [ -120.125, 51.83333 ] ] ], [ [ [ -118.83333, 51.83333 ], [ -118.83333, 51.79167 ], [ -118.79167, 51.79167 ], [ -118.79167, 51.83333 ], [ -118.83333, 51.83333 ] ] ], [ [ [ -117.79167, 51.83333 ], [ -117.79167, 51.79167 ], [ -117.70833, 51.79167 ], [ -117.70833, 51.83333 ], [ -117.79167, 51.83333 ] ] ], [ [ [ -117.375, 51.83333 ], [ -117.375, 51.79167 ], [ -117.29167, 51.79167 ], [ -117.29167, 51.83333 ], [ -117.375, 51.83333 ] ] ], [ [ [ -122.54167, 51.79167 ], [ -122.54167, 51.75 ], [ -122.5, 51.75 ], [ -122.5, 51.79167 ], [ -122.54167, 51.79167 ] ] ], [ [ [ -118.45833, 51.91667 ], [ -118.45833, 51.875 ], [ -118.5, 51.875 ], [ -118.54167, 51.875 ], [ -118.58333, 51.875 ], [ -118.625, 51.83333 ], [ -118.625, 51.70833 ], [ -118.58333, 51.70833 ], [ -118.54167, 51.79167 ], [ -118.375, 51.875 ], [ -118.41667, 51.91667 ], [ -118.45833, 51.91667 ] ] ], [ [ [ -120.0, 51.79167 ], [ -120.0, 51.70833 ], [ -119.95833, 51.70833 ], [ -119.95833, 51.79167 ], [ -120.0, 51.79167 ] ] ], [ [ [ -124.79167, 51.75 ], [ -124.70833, 51.70833 ], [ -124.70833, 51.75 ], [ -124.79167, 51.75 ] ] ], [ [ [ -119.375, 51.75 ], [ -119.41667, 51.70833 ], [ -119.375, 51.70833 ], [ -119.375, 51.75 ] ] ], [ [ [ -122.95833, 54.91667 ], [ -122.91667, 54.875 ], [ -122.91667, 54.79167 ], [ -122.83333, 54.75 ], [ -122.83333, 54.375 ], [ -123.0, 54.375 ], [ -123.0, 54.45833 ], [ -123.16667, 54.375 ], [ -123.16667, 54.125 ], [ -123.20833, 54.04167 ], [ -123.125, 54.0 ], [ -123.5, 54.0 ], [ -123.5, 53.95833 ], [ -123.29167, 53.95833 ], [ -123.25, 53.91667 ], [ -123.25, 53.83333 ], [ -123.16667, 53.83333 ], [ -123.125, 53.79167 ], [ -123.20833, 53.70833 ], [ -123.16667, 53.625 ], [ -123.25, 53.625 ], [ -123.25, 53.54167 ], [ -123.33333, 53.45833 ], [ -123.20833, 53.33333 ], [ -123.29167, 53.33333 ], [ -123.25, 53.25 ], [ -123.16667, 53.16667 ], [ -123.08333, 53.125 ], [ -122.91667, 53.125 ], [ -122.83333, 53.08333 ], [ -122.75, 53.08333 ], [ -122.70833, 53.0 ], [ -122.83333, 52.95833 ], [ -122.83333, 52.91667 ], [ -122.70833, 52.91667 ], [ -122.625, 52.83333 ], [ -122.66667, 52.79167 ], [ -122.66667, 52.54167 ], [ -122.75, 52.54167 ], [ -122.66667, 52.375 ], [ -122.66667, 52.25 ], [ -122.58333, 52.20833 ], [ -122.58333, 52.04167 ], [ -122.70833, 51.95833 ], [ -123.0, 51.95833 ], [ -123.125, 52.04167 ], [ -123.125, 52.125 ], [ -123.25, 52.125 ], [ -123.25, 52.16667 ], [ -123.41667, 52.16667 ], [ -123.41667, 52.125 ], [ -123.54167, 52.125 ], [ -123.54167, 52.08333 ], [ -123.45833, 52.0 ], [ -123.41667, 51.91667 ], [ -123.33333, 51.91667 ], [ -123.25, 51.83333 ], [ -123.16667, 51.83333 ], [ -122.95833, 51.83333 ], [ -122.95833, 51.70833 ], [ -122.875, 51.66667 ], [ -122.79167, 51.70833 ], [ -122.66667, 51.70833 ], [ -122.66667, 51.75 ], [ -122.58333, 51.79167 ], [ -122.625, 51.79167 ], [ -122.70833, 51.83333 ], [ -122.875, 51.83333 ], [ -122.875, 51.875 ], [ -122.45833, 51.875 ], [ -122.5, 51.95833 ], [ -122.375, 51.95833 ], [ -122.375, 52.16667 ], [ -122.33333, 52.16667 ], [ -122.33333, 52.29167 ], [ -122.41667, 52.33333 ], [ -122.41667, 52.41667 ], [ -122.5, 52.45833 ], [ -122.54167, 52.54167 ], [ -122.54167, 52.95833 ], [ -122.58333, 52.95833 ], [ -122.58333, 53.08333 ], [ -122.66667, 53.08333 ], [ -122.70833, 53.16667 ], [ -122.58333, 53.16667 ], [ -122.54167, 53.20833 ], [ -122.45833, 53.20833 ], [ -122.375, 53.0 ], [ -122.29167, 53.0 ], [ -122.125, 52.83333 ], [ -122.125, 52.75 ], [ -122.08333, 52.70833 ], [ -122.08333, 52.58333 ], [ -122.125, 52.58333 ], [ -122.20833, 52.75 ], [ -122.29167, 52.83333 ], [ -122.29167, 52.91667 ], [ -122.375, 52.91667 ], [ -122.33333, 52.83333 ], [ -122.375, 52.75 ], [ -122.375, 52.45833 ], [ -122.29167, 52.45833 ], [ -122.25, 52.41667 ], [ -122.25, 52.33333 ], [ -122.16667, 52.29167 ], [ -122.0, 52.29167 ], [ -122.0, 52.16667 ], [ -121.79167, 52.16667 ], [ -121.83333, 52.125 ], [ -121.79167, 52.04167 ], [ -121.70833, 52.04167 ], [ -121.66667, 52.0 ], [ -121.66667, 51.91667 ], [ -121.58333, 51.875 ], [ -121.375, 51.875 ], [ -121.375, 51.83333 ], [ -121.16667, 51.83333 ], [ -121.16667, 51.75 ], [ -121.125, 51.75 ], [ -121.125, 51.875 ], [ -121.04167, 51.875 ], [ -121.04167, 51.95833 ], [ -120.91667, 51.95833 ], [ -120.91667, 51.91667 ], [ -120.375, 51.91667 ], [ -120.375, 51.95833 ], [ -120.25, 51.95833 ], [ -120.25, 52.0 ], [ -120.33333, 52.0 ], [ -120.375, 52.04167 ], [ -120.375, 52.0 ], [ -120.54167, 52.0 ], [ -120.54167, 52.08333 ], [ -120.58333, 52.125 ], [ -120.66667, 52.125 ], [ -120.66667, 52.08333 ], [ -120.70833, 52.04167 ], [ -120.75, 52.04167 ], [ -120.75, 52.0 ], [ -121.04167, 52.0 ], [ -121.08333, 52.08333 ], [ -121.20833, 52.08333 ], [ -121.20833, 52.16667 ], [ -121.25, 52.25 ], [ -121.5, 52.25 ], [ -121.5, 52.29167 ], [ -121.58333, 52.33333 ], [ -121.75, 52.33333 ], [ -121.75, 52.375 ], [ -121.95833, 52.375 ], [ -121.91667, 52.45833 ], [ -121.91667, 52.54167 ], [ -121.875, 52.58333 ], [ -121.75, 52.45833 ], [ -121.625, 52.45833 ], [ -121.54167, 52.41667 ], [ -121.54167, 52.58333 ], [ -121.45833, 52.5 ], [ -121.375, 52.54167 ], [ -121.125, 52.54167 ], [ -121.125, 52.58333 ], [ -121.375, 52.58333 ], [ -121.41667, 52.625 ], [ -121.41667, 52.75 ], [ -121.45833, 52.70833 ], [ -121.75, 52.70833 ], [ -121.75, 52.79167 ], [ -121.79167, 52.83333 ], [ -121.875, 52.83333 ], [ -121.875, 52.91667 ], [ -122.08333, 53.125 ], [ -122.125, 53.25 ], [ -122.33333, 53.25 ], [ -122.45833, 53.5 ], [ -122.45833, 53.66667 ], [ -122.41667, 53.70833 ], [ -122.25, 53.70833 ], [ -122.125, 53.58333 ], [ -122.125, 53.5 ], [ -121.95833, 53.5 ], [ -121.95833, 53.58333 ], [ -122.0, 53.66667 ], [ -122.08333, 53.66667 ], [ -122.04167, 53.75 ], [ -121.875, 53.75 ], [ -121.875, 53.70833 ], [ -121.79167, 53.70833 ], [ -121.70833, 53.625 ], [ -121.70833, 53.875 ], [ -121.54167, 53.875 ], [ -121.54167, 53.83333 ], [ -121.41667, 53.83333 ], [ -121.33333, 53.75 ], [ -121.33333, 53.70833 ], [ -121.25, 53.75 ], [ -121.16667, 53.75 ], [ -121.125, 53.66667 ], [ -121.0, 53.66667 ], [ -121.0, 53.625 ], [ -120.91667, 53.625 ], [ -120.91667, 53.58333 ], [ -120.875, 53.54167 ], [ -120.75, 53.54167 ], [ -120.75, 53.5 ], [ -120.66667, 53.5 ], [ -120.66667, 53.45833 ], [ -120.54167, 53.45833 ], [ -120.54167, 53.41667 ], [ -120.41667, 53.41667 ], [ -120.375, 53.45833 ], [ -120.375, 53.5 ], [ -120.45833, 53.5 ], [ -120.45833, 53.54167 ], [ -120.5, 53.58333 ], [ -120.58333, 53.58333 ], [ -120.54167, 53.5 ], [ -120.625, 53.5 ], [ -120.66667, 53.58333 ], [ -120.75, 53.58333 ], [ -120.70833, 53.66667 ], [ -120.70833, 53.70833 ], [ -120.75, 53.70833 ], [ -120.75, 53.75 ], [ -120.83333, 53.75 ], [ -120.83333, 53.91667 ], [ -120.875, 53.91667 ], [ -120.875, 53.95833 ], [ -120.95833, 53.95833 ], [ -120.95833, 53.91667 ], [ -121.0, 53.875 ], [ -121.08333, 53.875 ], [ -121.08333, 53.83333 ], [ -121.25, 53.83333 ], [ -121.25, 53.875 ], [ -121.33333, 53.875 ], [ -121.33333, 53.91667 ], [ -121.45833, 53.91667 ], [ -121.45833, 53.95833 ], [ -121.54167, 54.0 ], [ -121.625, 54.0 ], [ -121.66667, 54.04167 ], [ -121.66667, 54.125 ], [ -121.58333, 54.25 ], [ -121.75, 54.25 ], [ -121.83333, 54.29167 ], [ -121.83333, 54.375 ], [ -122.08333, 54.375 ], [ -122.08333, 54.33333 ], [ -122.25, 54.33333 ], [ -122.33333, 54.29167 ], [ -122.41667, 54.33333 ], [ -122.45833, 54.29167 ], [ -122.58333, 54.41667 ], [ -122.58333, 54.54167 ], [ -122.625, 54.58333 ], [ -122.58333, 54.625 ], [ -122.625, 54.66667 ], [ -122.70833, 54.66667 ], [ -122.75, 54.70833 ], [ -122.75, 54.79167 ], [ -122.83333, 54.79167 ], [ -122.875, 54.83333 ], [ -122.875, 54.91667 ], [ -122.95833, 54.91667 ] ], [ [ -123.125, 53.66667 ], [ -122.95833, 53.66667 ], [ -122.875, 53.625 ], [ -122.875, 53.5 ], [ -122.83333, 53.41667 ], [ -122.95833, 53.41667 ], [ -123.04167, 53.54167 ], [ -123.125, 53.58333 ], [ -123.125, 53.66667 ] ], [ [ -122.70833, 53.66667 ], [ -122.66667, 53.66667 ], [ -122.66667, 53.45833 ], [ -122.625, 53.375 ], [ -122.70833, 53.375 ], [ -122.70833, 53.66667 ] ], [ [ -121.95833, 52.66667 ], [ -121.75, 52.66667 ], [ -121.75, 52.625 ], [ -121.95833, 52.625 ], [ -121.95833, 52.66667 ] ], [ [ -121.33333, 51.95833 ], [ -121.20833, 51.95833 ], [ -121.20833, 51.875 ], [ -121.29167, 51.875 ], [ -121.33333, 51.95833 ] ] ], [ [ [ -119.20833, 51.75 ], [ -119.20833, 51.66667 ], [ -119.125, 51.66667 ], [ -119.125, 51.70833 ], [ -119.08333, 51.70833 ], [ -119.04167, 51.75 ], [ -119.04167, 51.79167 ], [ -119.08333, 51.83333 ], [ -119.0, 51.83333 ], [ -119.0, 51.875 ], [ -119.08333, 51.875 ], [ -119.04167, 51.91667 ], [ -119.04167, 52.04167 ], [ -119.125, 52.04167 ], [ -119.125, 51.91667 ], [ -119.16667, 51.91667 ], [ -119.16667, 51.75 ], [ -119.20833, 51.75 ] ] ], [ [ [ -119.95833, 51.70833 ], [ -119.91667, 51.66667 ], [ -119.91667, 51.70833 ], [ -119.95833, 51.70833 ] ] ], [ [ [ -118.58333, 51.70833 ], [ -118.58333, 51.66667 ], [ -118.54167, 51.66667 ], [ -118.58333, 51.70833 ] ] ], [ [ [ -117.70833, 51.75 ], [ -117.75, 51.70833 ], [ -117.75, 51.625 ], [ -117.70833, 51.625 ], [ -117.66667, 51.66667 ], [ -117.66667, 51.75 ], [ -117.70833, 51.75 ] ] ], [ [ [ -119.25, 51.66667 ], [ -119.25, 51.625 ], [ -119.20833, 51.625 ], [ -119.20833, 51.66667 ], [ -119.25, 51.66667 ] ] ], [ [ [ -122.45833, 51.75 ], [ -122.45833, 51.58333 ], [ -122.375, 51.625 ], [ -122.375, 51.70833 ], [ -122.41667, 51.75 ], [ -122.45833, 51.75 ] ] ], [ [ [ -118.75, 51.79167 ], [ -118.75, 51.70833 ], [ -118.79167, 51.66667 ], [ -118.75, 51.58333 ], [ -118.625, 51.58333 ], [ -118.66667, 51.625 ], [ -118.66667, 51.70833 ], [ -118.70833, 51.79167 ], [ -118.75, 51.79167 ] ] ], [ [ [ -119.29167, 51.625 ], [ -119.29167, 51.58333 ], [ -119.25, 51.58333 ], [ -119.25, 51.625 ], [ -119.29167, 51.625 ] ] ], [ [ [ -118.20833, 51.70833 ], [ -118.20833, 51.625 ], [ -118.375, 51.625 ], [ -118.375, 51.66667 ], [ -118.41667, 51.66667 ], [ -118.41667, 51.625 ], [ -118.54167, 51.625 ], [ -118.54167, 51.54167 ], [ -118.5, 51.54167 ], [ -118.5, 51.58333 ], [ -118.08333, 51.58333 ], [ -118.08333, 51.625 ], [ -118.125, 51.625 ], [ -118.125, 51.66667 ], [ -118.16667, 51.66667 ], [ -118.16667, 51.70833 ], [ -118.20833, 51.70833 ] ] ], [ [ [ -120.08333, 51.58333 ], [ -120.08333, 51.54167 ], [ -120.04167, 51.54167 ], [ -120.04167, 51.58333 ], [ -120.08333, 51.58333 ] ] ], [ [ [ -119.33333, 51.58333 ], [ -119.33333, 51.54167 ], [ -119.29167, 51.54167 ], [ -119.29167, 51.58333 ], [ -119.33333, 51.58333 ] ] ], [ [ [ -118.625, 51.58333 ], [ -118.625, 51.54167 ], [ -118.58333, 51.54167 ], [ -118.625, 51.58333 ] ] ], [ [ [ -122.58333, 51.625 ], [ -122.5, 51.54167 ], [ -122.5, 51.5 ], [ -122.45833, 51.58333 ], [ -122.5, 51.625 ], [ -122.58333, 51.625 ] ] ], [ [ [ -119.45833, 51.54167 ], [ -119.41667, 51.5 ], [ -119.41667, 51.54167 ], [ -119.45833, 51.54167 ] ] ], [ [ [ -118.58333, 51.54167 ], [ -118.54167, 51.5 ], [ -118.54167, 51.54167 ], [ -118.58333, 51.54167 ] ] ], [ [ [ -119.75, 51.83333 ], [ -119.75, 51.79167 ], [ -119.79167, 51.70833 ], [ -119.79167, 51.66667 ], [ -119.91667, 51.66667 ], [ -119.875, 51.58333 ], [ -119.91667, 51.58333 ], [ -119.91667, 51.54167 ], [ -119.83333, 51.54167 ], [ -119.79167, 51.54167 ], [ -119.54167, 51.54167 ], [ -119.58333, 51.5 ], [ -119.5, 51.41667 ], [ -119.5, 51.625 ], [ -119.33333, 51.625 ], [ -119.25, 51.66667 ], [ -119.25, 51.70833 ], [ -119.29167, 51.70833 ], [ -119.29167, 51.75 ], [ -119.25, 51.75 ], [ -119.25, 51.875 ], [ -119.33333, 51.875 ], [ -119.29167, 51.91667 ], [ -119.29167, 52.04167 ], [ -119.25, 52.04167 ], [ -119.25, 52.08333 ], [ -119.20833, 52.08333 ], [ -119.20833, 52.20833 ], [ -119.16667, 52.20833 ], [ -119.16667, 52.33333 ], [ -119.125, 52.33333 ], [ -119.125, 52.45833 ], [ -119.08333, 52.45833 ], [ -119.08333, 52.625 ], [ -119.125, 52.625 ], [ -119.125, 52.5 ], [ -119.29167, 52.5 ], [ -119.29167, 52.45833 ], [ -119.16667, 52.45833 ], [ -119.20833, 52.41667 ], [ -119.20833, 52.25 ], [ -119.25, 52.16667 ], [ -119.33333, 52.16667 ], [ -119.33333, 52.125 ], [ -119.375, 52.08333 ], [ -119.375, 51.75 ], [ -119.33333, 51.75 ], [ -119.375, 51.70833 ], [ -119.375, 51.66667 ], [ -119.625, 51.66667 ], [ -119.625, 51.70833 ], [ -119.66667, 51.70833 ], [ -119.66667, 51.79167 ], [ -119.625, 51.83333 ], [ -119.75, 51.83333 ] ], [ [ -119.625, 51.66667 ], [ -119.625, 51.58333 ], [ -119.75, 51.58333 ], [ -119.70833, 51.66667 ], [ -119.625, 51.66667 ] ] ], [ [ [ -118.125, 51.41667 ], [ -118.125, 51.5 ], [ -118.16667, 51.54167 ], [ -118.25, 51.5 ], [ -118.125, 51.41667 ] ] ], [ [ [ -124.45833, 51.79167 ], [ -124.45833, 51.66667 ], [ -124.41667, 51.66667 ], [ -124.41667, 51.5 ], [ -124.45833, 51.5 ], [ -124.5, 51.41667 ], [ -124.41667, 51.41667 ], [ -124.41667, 51.45833 ], [ -124.375, 51.45833 ], [ -124.375, 51.70833 ], [ -124.41667, 51.70833 ], [ -124.45833, 51.79167 ] ] ], [ [ [ -124.20833, 51.45833 ], [ -124.20833, 51.41667 ], [ -124.16667, 51.45833 ], [ -124.20833, 51.45833 ] ] ], [ [ [ -118.5, 51.54167 ], [ -118.5, 51.5 ], [ -118.41667, 51.5 ], [ -118.41667, 51.375 ], [ -118.375, 51.375 ], [ -118.375, 51.5 ], [ -118.25, 51.5 ], [ -118.25, 51.54167 ], [ -118.5, 51.54167 ] ] ], [ [ [ -118.54167, 51.5 ], [ -118.54167, 51.375 ], [ -118.45833, 51.375 ], [ -118.5, 51.41667 ], [ -118.5, 51.5 ], [ -118.54167, 51.5 ] ] ], [ [ [ -119.5, 51.41667 ], [ -119.5, 51.375 ], [ -119.45833, 51.375 ], [ -119.5, 51.41667 ] ] ], [ [ [ -118.125, 51.41667 ], [ -118.125, 51.375 ], [ -118.08333, 51.41667 ], [ -118.125, 51.41667 ] ] ], [ [ [ -117.625, 51.41667 ], [ -117.58333, 51.375 ], [ -117.58333, 51.41667 ], [ -117.625, 51.41667 ] ] ], [ [ [ -118.45833, 51.375 ], [ -118.45833, 51.33333 ], [ -118.41667, 51.33333 ], [ -118.41667, 51.375 ], [ -118.45833, 51.375 ] ] ], [ [ [ -117.0, 51.375 ], [ -117.0, 51.33333 ], [ -116.95833, 51.33333 ], [ -116.95833, 51.375 ], [ -117.0, 51.375 ] ] ], [ [ [ -118.91667, 51.625 ], [ -118.95833, 51.54167 ], [ -118.95833, 51.375 ], [ -118.79167, 51.375 ], [ -118.79167, 51.33333 ], [ -118.70833, 51.33333 ], [ -118.70833, 51.29167 ], [ -118.66667, 51.29167 ], [ -118.66667, 51.375 ], [ -118.75, 51.45833 ], [ -118.83333, 51.41667 ], [ -118.875, 51.5 ], [ -118.875, 51.625 ], [ -118.91667, 51.625 ] ] ], [ [ [ -117.45833, 51.83333 ], [ -117.45833, 51.79167 ], [ -117.625, 51.79167 ], [ -117.58333, 51.70833 ], [ -117.625, 51.70833 ], [ -117.625, 51.66667 ], [ -117.54167, 51.66667 ], [ -117.54167, 51.58333 ], [ -117.54167, 51.54167 ], [ -117.54167, 51.41667 ], [ -117.5, 51.375 ], [ -117.41667, 51.29167 ], [ -117.375, 51.375 ], [ -117.41667, 51.41667 ], [ -117.45833, 51.41667 ], [ -117.45833, 51.5 ], [ -117.25, 51.5 ], [ -117.25, 51.45833 ], [ -117.16667, 51.45833 ], [ -117.16667, 51.41667 ], [ -117.125, 51.375 ], [ -117.08333, 51.33333 ], [ -117.04167, 51.33333 ], [ -117.04167, 51.41667 ], [ -116.95833, 51.41667 ], [ -116.95833, 51.5 ], [ -117.0, 51.5 ], [ -117.08333, 51.5 ], [ -117.20833, 51.58333 ], [ -117.33333, 51.58333 ], [ -117.33333, 51.625 ], [ -117.41667, 51.625 ], [ -117.41667, 51.66667 ], [ -117.45833, 51.66667 ], [ -117.45833, 51.70833 ], [ -117.5, 51.75 ], [ -117.375, 51.75 ], [ -117.375, 51.79167 ], [ -117.41667, 51.83333 ], [ -117.45833, 51.83333 ] ] ], [ [ [ -119.41667, 51.5 ], [ -119.375, 51.41667 ], [ -119.375, 51.29167 ], [ -119.33333, 51.29167 ], [ -119.33333, 51.33333 ], [ -119.25, 51.375 ], [ -119.33333, 51.375 ], [ -119.33333, 51.45833 ], [ -119.29167, 51.5 ], [ -119.41667, 51.5 ] ] ], [ [ [ -122.5, 51.5 ], [ -122.58333, 51.41667 ], [ -122.41667, 51.41667 ], [ -122.41667, 51.375 ], [ -122.375, 51.29167 ], [ -122.29167, 51.29167 ], [ -122.29167, 51.41667 ], [ -122.33333, 51.5 ], [ -122.41667, 51.45833 ], [ -122.5, 51.5 ] ] ], [ [ [ -124.08333, 51.29167 ], [ -124.08333, 51.41667 ], [ -124.125, 51.41667 ], [ -124.125, 51.29167 ], [ -124.08333, 51.29167 ] ] ], [ [ [ -117.04167, 51.33333 ], [ -117.04167, 51.29167 ], [ -117.0, 51.29167 ], [ -117.0, 51.33333 ], [ -117.04167, 51.33333 ] ] ], [ [ [ -116.95833, 51.33333 ], [ -116.95833, 51.29167 ], [ -116.91667, 51.29167 ], [ -116.91667, 51.33333 ], [ -116.95833, 51.33333 ] ] ], [ [ [ -119.625, 51.33333 ], [ -119.58333, 51.41667 ], [ -119.70833, 51.41667 ], [ -119.70833, 51.375 ], [ -119.91667, 51.375 ], [ -119.91667, 51.33333 ], [ -119.875, 51.29167 ], [ -119.70833, 51.29167 ], [ -119.58333, 51.29167 ], [ -119.58333, 51.25 ], [ -119.54167, 51.33333 ], [ -119.625, 51.33333 ] ] ], [ [ [ -120.08333, 51.33333 ], [ -120.125, 51.25 ], [ -119.95833, 51.25 ], [ -119.95833, 51.29167 ], [ -120.08333, 51.29167 ], [ -120.08333, 51.33333 ] ] ], [ [ [ -119.70833, 51.29167 ], [ -119.75, 51.25 ], [ -119.70833, 51.25 ], [ -119.70833, 51.29167 ] ] ], [ [ [ -117.0, 51.29167 ], [ -117.0, 51.25 ], [ -116.95833, 51.25 ], [ -116.95833, 51.29167 ], [ -117.0, 51.29167 ] ] ], [ [ [ -122.25, 51.25 ], [ -122.25, 51.20833 ], [ -122.20833, 51.20833 ], [ -122.20833, 51.25 ], [ -122.25, 51.25 ] ] ], [ [ [ -119.58333, 51.25 ], [ -119.625, 51.20833 ], [ -119.58333, 51.20833 ], [ -119.58333, 51.25 ] ] ], [ [ [ -119.45833, 51.25 ], [ -119.45833, 51.20833 ], [ -119.41667, 51.20833 ], [ -119.41667, 51.25 ], [ -119.45833, 51.25 ] ] ], [ [ [ -116.95833, 51.25 ], [ -116.95833, 51.20833 ], [ -116.91667, 51.20833 ], [ -116.91667, 51.25 ], [ -116.95833, 51.25 ] ] ], [ [ [ -118.875, 51.33333 ], [ -118.875, 51.16667 ], [ -118.83333, 51.125 ], [ -118.79167, 51.20833 ], [ -118.79167, 51.29167 ], [ -118.83333, 51.33333 ], [ -118.875, 51.33333 ] ] ], [ [ [ -119.75, 51.125 ], [ -119.70833, 51.16667 ], [ -119.625, 51.16667 ], [ -119.625, 51.20833 ], [ -119.79167, 51.20833 ], [ -119.79167, 51.25 ], [ -119.83333, 51.25 ], [ -119.83333, 51.20833 ], [ -120.04167, 51.20833 ], [ -120.04167, 51.125 ], [ -119.79167, 51.125 ], [ -119.79167, 51.08333 ], [ -119.75, 51.08333 ], [ -119.75, 51.125 ] ] ], [ [ [ -116.91667, 51.20833 ], [ -116.91667, 51.16667 ], [ -116.875, 51.125 ], [ -116.79167, 51.125 ], [ -116.79167, 51.16667 ], [ -116.83333, 51.16667 ], [ -116.83333, 51.20833 ], [ -116.91667, 51.20833 ] ] ], [ [ [ -122.16667, 51.16667 ], [ -122.16667, 51.125 ], [ -122.125, 51.125 ], [ -122.125, 51.16667 ], [ -122.16667, 51.16667 ] ] ], [ [ [ -116.75, 51.16667 ], [ -116.75, 51.125 ], [ -116.70833, 51.125 ], [ -116.75, 51.16667 ] ] ], [ [ [ -99.91667, 51.33333 ], [ -99.875, 51.25 ], [ -99.875, 51.125 ], [ -99.83333, 51.08333 ], [ -99.58333, 51.08333 ], [ -99.58333, 51.16667 ], [ -99.75, 51.25 ], [ -99.83333, 51.33333 ], [ -99.91667, 51.33333 ] ] ], [ [ [ -119.125, 51.66667 ], [ -119.20833, 51.625 ], [ -119.25, 51.58333 ], [ -119.25, 51.5 ], [ -119.20833, 51.5 ], [ -119.20833, 51.33333 ], [ -119.16667, 51.29167 ], [ -119.25, 51.29167 ], [ -119.25, 51.25 ], [ -119.08333, 51.25 ], [ -119.08333, 51.08333 ], [ -119.04167, 51.08333 ], [ -119.04167, 51.33333 ], [ -118.95833, 51.375 ], [ -119.08333, 51.375 ], [ -119.04167, 51.41667 ], [ -119.04167, 51.5 ], [ -119.125, 51.5 ], [ -119.08333, 51.54167 ], [ -119.08333, 51.66667 ], [ -119.125, 51.66667 ] ] ], [ [ [ -119.625, 51.125 ], [ -119.625, 51.08333 ], [ -119.54167, 51.08333 ], [ -119.54167, 51.125 ], [ -119.625, 51.125 ] ] ], [ [ [ -119.29167, 51.125 ], [ -119.29167, 51.08333 ], [ -119.25, 51.08333 ], [ -119.25, 51.125 ], [ -119.29167, 51.125 ] ] ], [ [ [ -122.125, 51.125 ], [ -122.125, 51.04167 ], [ -122.08333, 51.04167 ], [ -122.08333, 51.125 ], [ -122.125, 51.125 ] ] ], [ [ [ -116.70833, 51.125 ], [ -116.70833, 51.04167 ], [ -116.66667, 51.04167 ], [ -116.66667, 51.125 ], [ -116.70833, 51.125 ] ] ], [ [ [ -118.75, 51.08333 ], [ -118.75, 51.04167 ], [ -118.70833, 51.04167 ], [ -118.70833, 51.08333 ], [ -118.75, 51.08333 ] ] ], [ [ [ -119.45833, 51.20833 ], [ -119.54167, 51.16667 ], [ -119.54167, 51.125 ], [ -119.45833, 51.125 ], [ -119.45833, 51.04167 ], [ -119.41667, 51.0 ], [ -119.29167, 51.0 ], [ -119.29167, 51.08333 ], [ -119.41667, 51.08333 ], [ -119.41667, 51.16667 ], [ -119.45833, 51.20833 ] ] ], [ [ [ -121.79167, 51.04167 ], [ -121.79167, 51.0 ], [ -121.66667, 51.0 ], [ -121.66667, 51.04167 ], [ -121.79167, 51.04167 ] ] ], [ [ [ -119.70833, 51.04167 ], [ -119.66667, 51.0 ], [ -119.66667, 51.04167 ], [ -119.70833, 51.04167 ] ] ], [ [ [ -119.125, 51.08333 ], [ -119.125, 51.04167 ], [ -119.25, 51.04167 ], [ -119.25, 51.0 ], [ -119.08333, 51.0 ], [ -119.08333, 51.08333 ], [ -119.125, 51.08333 ] ] ], [ [ [ -117.83333, 51.25 ], [ -117.875, 51.16667 ], [ -117.95833, 51.20833 ], [ -117.95833, 51.04167 ], [ -118.04167, 51.04167 ], [ -118.04167, 51.0 ], [ -117.91667, 51.0 ], [ -117.91667, 51.08333 ], [ -117.79167, 51.08333 ], [ -117.79167, 51.16667 ], [ -117.70833, 51.20833 ], [ -117.79167, 51.25 ], [ -117.83333, 51.25 ] ] ], [ [ [ -117.5, 51.04167 ], [ -117.5, 51.0 ], [ -117.45833, 51.0 ], [ -117.45833, 51.04167 ], [ -117.5, 51.04167 ] ] ], [ [ [ -122.04167, 51.04167 ], [ -121.95833, 50.95833 ], [ -121.95833, 51.04167 ], [ -122.04167, 51.04167 ] ] ], [ [ [ -119.66667, 51.0 ], [ -119.66667, 50.95833 ], [ -119.5, 50.95833 ], [ -119.5, 51.0 ], [ -119.66667, 51.0 ] ] ], [ [ [ -118.16667, 51.125 ], [ -118.16667, 51.0 ], [ -118.125, 50.91667 ], [ -118.08333, 50.91667 ], [ -118.04167, 50.95833 ], [ -118.04167, 51.0 ], [ -118.08333, 51.04167 ], [ -118.125, 51.125 ], [ -118.16667, 51.125 ] ] ], [ [ [ -122.33333, 51.0 ], [ -122.33333, 50.91667 ], [ -122.20833, 50.91667 ], [ -122.33333, 51.0 ] ] ], [ [ [ -121.83333, 51.0 ], [ -121.83333, 50.91667 ], [ -121.75, 50.91667 ], [ -121.79167, 51.0 ], [ -121.83333, 51.0 ] ] ], [ [ [ -120.25, 51.125 ], [ -120.29167, 51.04167 ], [ -120.375, 51.0 ], [ -120.375, 50.91667 ], [ -120.33333, 50.91667 ], [ -120.25, 51.0 ], [ -120.25, 51.125 ] ] ], [ [ [ -118.375, 51.375 ], [ -118.41667, 51.33333 ], [ -118.41667, 51.29167 ], [ -118.375, 51.20833 ], [ -118.375, 51.08333 ], [ -118.33333, 51.0 ], [ -118.41667, 51.0 ], [ -118.41667, 50.91667 ], [ -118.33333, 50.91667 ], [ -118.25, 50.95833 ], [ -118.25, 51.0 ], [ -118.29167, 51.04167 ], [ -118.25, 51.08333 ], [ -118.20833, 51.08333 ], [ -118.16667, 51.16667 ], [ -118.16667, 51.20833 ], [ -118.125, 51.20833 ], [ -118.08333, 51.25 ], [ -118.08333, 51.29167 ], [ -118.16667, 51.33333 ], [ -118.29167, 51.33333 ], [ -118.375, 51.375 ] ], [ [ -118.25, 51.20833 ], [ -118.25, 51.08333 ], [ -118.29167, 51.08333 ], [ -118.29167, 51.20833 ], [ -118.25, 51.20833 ] ] ], [ [ [ -118.83333, 51.125 ], [ -118.875, 51.04167 ], [ -118.91667, 50.95833 ], [ -118.95833, 50.95833 ], [ -118.95833, 50.91667 ], [ -118.83333, 50.91667 ], [ -118.83333, 50.95833 ], [ -118.75, 51.04167 ], [ -118.83333, 51.125 ] ] ], [ [ [ -120.0, 51.08333 ], [ -120.0, 51.0 ], [ -119.83333, 51.0 ], [ -119.79167, 50.95833 ], [ -119.79167, 50.875 ], [ -119.75, 50.875 ], [ -119.75, 51.04167 ], [ -119.79167, 51.08333 ], [ -120.0, 51.08333 ] ] ], [ [ [ -122.79167, 50.95833 ], [ -122.79167, 50.91667 ], [ -122.75, 50.91667 ], [ -122.75, 50.875 ], [ -122.66667, 50.875 ], [ -122.625, 50.91667 ], [ -122.625, 50.95833 ], [ -122.79167, 50.95833 ] ] ], [ [ [ -121.04167, 50.91667 ], [ -121.08333, 50.875 ], [ -121.04167, 50.875 ], [ -121.04167, 50.91667 ] ] ], [ [ [ -118.08333, 50.91667 ], [ -118.04167, 50.875 ], [ -118.04167, 50.91667 ], [ -118.08333, 50.91667 ] ] ], [ [ [ -122.0, 51.95833 ], [ -122.04167, 52.0 ], [ -122.125, 52.0 ], [ -122.20833, 52.04167 ], [ -122.25, 52.0 ], [ -122.25, 51.83333 ], [ -122.20833, 51.75 ], [ -122.29167, 51.75 ], [ -122.29167, 51.66667 ], [ -122.20833, 51.625 ], [ -122.20833, 51.5 ], [ -122.16667, 51.5 ], [ -122.16667, 51.29167 ], [ -122.125, 51.25 ], [ -122.0, 51.25 ], [ -122.04167, 51.16667 ], [ -122.0, 51.125 ], [ -121.95833, 51.125 ], [ -121.91667, 51.20833 ], [ -121.91667, 51.33333 ], [ -121.83333, 51.25 ], [ -121.75, 51.20833 ], [ -121.66667, 51.20833 ], [ -121.66667, 51.04167 ], [ -121.58333, 51.04167 ], [ -121.58333, 50.875 ], [ -121.54167, 50.91667 ], [ -121.45833, 50.91667 ], [ -121.5, 51.0 ], [ -121.5, 51.125 ], [ -121.45833, 51.20833 ], [ -121.375, 51.16667 ], [ -121.41667, 51.08333 ], [ -121.33333, 51.0 ], [ -121.375, 50.95833 ], [ -121.33333, 50.875 ], [ -121.16667, 50.875 ], [ -121.16667, 50.91667 ], [ -121.25, 50.95833 ], [ -121.25, 51.04167 ], [ -121.20833, 51.08333 ], [ -120.95833, 51.08333 ], [ -121.0, 51.0 ], [ -120.83333, 51.0 ], [ -120.83333, 50.875 ], [ -120.75, 50.83333 ], [ -120.66667, 50.83333 ], [ -120.66667, 50.91667 ], [ -120.70833, 50.91667 ], [ -120.70833, 51.04167 ], [ -120.75, 51.08333 ], [ -120.70833, 51.16667 ], [ -120.83333, 51.25 ], [ -120.45833, 51.25 ], [ -120.45833, 51.29167 ], [ -120.66667, 51.29167 ], [ -120.66667, 51.33333 ], [ -120.58333, 51.375 ], [ -120.45833, 51.375 ], [ -120.45833, 51.41667 ], [ -120.29167, 51.41667 ], [ -120.29167, 51.16667 ], [ -120.20833, 51.16667 ], [ -120.20833, 51.29167 ], [ -120.25, 51.29167 ], [ -120.25, 51.54167 ], [ -120.125, 51.66667 ], [ -120.29167, 51.66667 ], [ -120.33333, 51.75 ], [ -120.41667, 51.75 ], [ -120.29167, 51.625 ], [ -120.29167, 51.54167 ], [ -120.33333, 51.5 ], [ -120.54167, 51.5 ], [ -120.66667, 51.625 ], [ -120.66667, 51.70833 ], [ -120.45833, 51.70833 ], [ -120.45833, 51.75 ], [ -120.54167, 51.83333 ], [ -120.41667, 51.83333 ], [ -120.41667, 51.875 ], [ -120.58333, 51.875 ], [ -120.58333, 51.83333 ], [ -120.83333, 51.83333 ], [ -120.875, 51.75 ], [ -121.125, 51.75 ], [ -121.16667, 51.70833 ], [ -121.16667, 51.75 ], [ -121.25, 51.70833 ], [ -121.41667, 51.70833 ], [ -121.41667, 51.75 ], [ -121.54167, 51.75 ], [ -121.54167, 51.79167 ], [ -121.625, 51.83333 ], [ -121.75, 51.83333 ], [ -121.75, 51.875 ], [ -121.875, 51.875 ], [ -121.875, 51.95833 ], [ -121.91667, 52.0 ], [ -122.0, 51.95833 ] ], [ [ -121.79167, 51.66667 ], [ -121.66667, 51.66667 ], [ -121.66667, 51.625 ], [ -121.54167, 51.625 ], [ -121.54167, 51.58333 ], [ -121.375, 51.58333 ], [ -121.375, 51.54167 ], [ -121.66667, 51.54167 ], [ -121.75, 51.58333 ], [ -121.79167, 51.66667 ] ], [ [ -122.08333, 51.58333 ], [ -122.0, 51.5 ], [ -122.125, 51.5 ], [ -122.08333, 51.58333 ] ] ], [ [ [ -122.20833, 50.91667 ], [ -122.20833, 50.875 ], [ -122.125, 50.83333 ], [ -122.08333, 50.83333 ], [ -122.08333, 50.91667 ], [ -122.20833, 50.91667 ] ] ], [ [ [ -120.5, 50.91667 ], [ -120.5, 50.83333 ], [ -120.41667, 50.83333 ], [ -120.375, 50.91667 ], [ -120.5, 50.91667 ] ] ], [ [ [ -118.66667, 51.16667 ], [ -118.70833, 51.125 ], [ -118.66667, 51.08333 ], [ -118.66667, 51.0 ], [ -118.54167, 51.0 ], [ -118.54167, 50.91667 ], [ -118.625, 50.91667 ], [ -118.625, 50.83333 ], [ -118.58333, 50.875 ], [ -118.5, 50.875 ], [ -118.5, 50.95833 ], [ -118.45833, 50.95833 ], [ -118.45833, 51.04167 ], [ -118.58333, 51.04167 ], [ -118.58333, 51.08333 ], [ -118.5, 51.16667 ], [ -118.66667, 51.16667 ] ] ], [ [ [ -123.04167, 50.875 ], [ -123.04167, 50.83333 ], [ -123.0, 50.83333 ], [ -123.0, 50.875 ], [ -123.04167, 50.875 ] ] ], [ [ [ -121.75, 50.91667 ], [ -121.83333, 50.875 ], [ -121.83333, 50.83333 ], [ -121.70833, 50.83333 ], [ -121.75, 50.91667 ] ] ], [ [ [ -120.625, 50.875 ], [ -120.625, 50.83333 ], [ -120.54167, 50.875 ], [ -120.625, 50.875 ] ] ], [ [ [ -118.70833, 50.95833 ], [ -118.75, 50.875 ], [ -118.875, 50.875 ], [ -118.875, 50.83333 ], [ -118.70833, 50.83333 ], [ -118.70833, 50.875 ], [ -118.66667, 50.875 ], [ -118.66667, 50.95833 ], [ -118.70833, 50.95833 ] ] ], [ [ [ -118.41667, 50.91667 ], [ -118.5, 50.875 ], [ -118.5, 50.83333 ], [ -118.375, 50.83333 ], [ -118.375, 50.875 ], [ -118.41667, 50.91667 ] ] ], [ [ [ -117.625, 51.125 ], [ -117.625, 51.0 ], [ -117.66667, 51.0 ], [ -117.70833, 50.91667 ], [ -117.70833, 50.79167 ], [ -117.66667, 50.79167 ], [ -117.58333, 50.95833 ], [ -117.54167, 50.875 ], [ -117.54167, 51.04167 ], [ -117.58333, 51.04167 ], [ -117.625, 51.125 ] ] ], [ [ [ -117.83333, 50.91667 ], [ -117.91667, 50.95833 ], [ -117.95833, 50.91667 ], [ -118.04167, 50.875 ], [ -117.95833, 50.79167 ], [ -117.95833, 50.83333 ], [ -117.83333, 50.83333 ], [ -117.83333, 50.875 ], [ -117.83333, 50.91667 ] ] ], [ [ [ -123.20833, 50.83333 ], [ -123.20833, 50.79167 ], [ -123.16667, 50.79167 ], [ -123.16667, 50.83333 ], [ -123.20833, 50.83333 ] ] ], [ [ [ -122.91667, 50.91667 ], [ -122.91667, 50.83333 ], [ -122.95833, 50.83333 ], [ -122.95833, 50.79167 ], [ -122.79167, 50.79167 ], [ -122.79167, 50.875 ], [ -122.83333, 50.875 ], [ -122.83333, 50.91667 ], [ -122.91667, 50.91667 ] ] ], [ [ [ -122.125, 50.83333 ], [ -122.16667, 50.79167 ], [ -122.125, 50.79167 ], [ -122.125, 50.83333 ] ] ], [ [ [ -121.95833, 50.95833 ], [ -121.95833, 50.83333 ], [ -122.0, 50.83333 ], [ -122.0, 50.79167 ], [ -121.91667, 50.79167 ], [ -121.91667, 50.95833 ], [ -121.95833, 50.95833 ] ] ], [ [ [ -120.66667, 50.83333 ], [ -120.66667, 50.79167 ], [ -120.625, 50.83333 ], [ -120.66667, 50.83333 ] ] ], [ [ [ -118.625, 50.83333 ], [ -118.66667, 50.79167 ], [ -118.625, 50.79167 ], [ -118.625, 50.83333 ] ] ], [ [ [ -116.25, 50.83333 ], [ -116.25, 50.79167 ], [ -116.20833, 50.79167 ], [ -116.20833, 50.83333 ], [ -116.25, 50.83333 ] ] ], [ [ [ -120.04167, 50.91667 ], [ -120.04167, 51.04167 ], [ -120.16667, 51.04167 ], [ -120.125, 50.95833 ], [ -120.125, 50.75 ], [ -119.83333, 50.75 ], [ -119.79167, 50.79167 ], [ -119.79167, 50.83333 ], [ -119.91667, 50.83333 ], [ -119.95833, 50.875 ], [ -120.0, 50.95833 ], [ -120.0, 50.91667 ], [ -120.04167, 50.91667 ] ] ], [ [ [ -116.29167, 50.79167 ], [ -116.29167, 50.83333 ], [ -116.375, 50.83333 ], [ -116.41667, 50.875 ], [ -116.41667, 51.0 ], [ -116.5, 51.0 ], [ -116.5, 51.04167 ], [ -116.54167, 51.04167 ], [ -116.58333, 51.0 ], [ -116.58333, 51.08333 ], [ -116.625, 51.08333 ], [ -116.66667, 51.04167 ], [ -116.58333, 50.95833 ], [ -116.58333, 50.91667 ], [ -116.54167, 50.875 ], [ -116.45833, 50.875 ], [ -116.41667, 50.79167 ], [ -116.375, 50.75 ], [ -116.33333, 50.75 ], [ -116.33333, 50.70833 ], [ -116.29167, 50.66667 ], [ -116.20833, 50.54167 ], [ -116.16667, 50.54167 ], [ -116.16667, 50.625 ], [ -116.125, 50.66667 ], [ -116.25, 50.79167 ], [ -116.29167, 50.79167 ] ] ], [ [ [ -117.20833, 50.875 ], [ -117.20833, 50.75 ], [ -117.16667, 50.75 ], [ -117.16667, 50.875 ], [ -117.20833, 50.875 ] ] ], [ [ [ -122.08333, 50.79167 ], [ -122.08333, 50.75 ], [ -122.0, 50.75 ], [ -122.0, 50.79167 ], [ -122.08333, 50.79167 ] ] ], [ [ [ -118.95833, 50.79167 ], [ -118.95833, 50.75 ], [ -118.91667, 50.79167 ], [ -118.95833, 50.79167 ] ] ], [ [ [ -118.79167, 50.79167 ], [ -118.79167, 50.75 ], [ -118.70833, 50.79167 ], [ -118.79167, 50.79167 ] ] ], [ [ [ -117.95833, 50.79167 ], [ -117.91667, 50.75 ], [ -117.91667, 50.79167 ], [ -117.95833, 50.79167 ] ] ], [ [ [ -117.58333, 50.83333 ], [ -117.66667, 50.79167 ], [ -117.66667, 50.75 ], [ -117.58333, 50.75 ], [ -117.58333, 50.83333 ] ] ], [ [ [ -116.16667, 50.79167 ], [ -116.125, 50.75 ], [ -116.125, 50.79167 ], [ -116.16667, 50.79167 ] ] ], [ [ [ -122.625, 50.91667 ], [ -122.625, 50.875 ], [ -122.58333, 50.83333 ], [ -122.45833, 50.83333 ], [ -122.45833, 50.79167 ], [ -122.375, 50.79167 ], [ -122.375, 50.70833 ], [ -122.29167, 50.70833 ], [ -122.29167, 50.75 ], [ -122.16667, 50.75 ], [ -122.16667, 50.79167 ], [ -122.33333, 50.79167 ], [ -122.33333, 50.83333 ], [ -122.41667, 50.875 ], [ -122.5, 50.875 ], [ -122.5, 50.91667 ], [ -122.625, 50.91667 ] ] ], [ [ [ -121.70833, 50.83333 ], [ -121.70833, 50.79167 ], [ -121.66667, 50.70833 ], [ -121.625, 50.70833 ], [ -121.625, 50.83333 ], [ -121.70833, 50.83333 ] ] ], [ [ [ -122.0, 50.75 ], [ -122.0, 50.70833 ], [ -121.95833, 50.70833 ], [ -122.0, 50.75 ] ] ], [ [ [ -121.83333, 50.75 ], [ -121.83333, 50.70833 ], [ -121.79167, 50.70833 ], [ -121.79167, 50.75 ], [ -121.83333, 50.75 ] ] ], [ [ [ -118.83333, 50.75 ], [ -118.83333, 50.70833 ], [ -118.79167, 50.75 ], [ -118.83333, 50.75 ] ] ], [ [ [ -117.875, 50.79167 ], [ -117.91667, 50.75 ], [ -117.75, 50.79167 ], [ -117.875, 50.79167 ] ] ], [ [ [ -115.875, 50.75 ], [ -115.91667, 50.70833 ], [ -115.875, 50.70833 ], [ -115.875, 50.75 ] ] ], [ [ [ -119.41667, 50.75 ], [ -119.41667, 50.66667 ], [ -119.375, 50.66667 ], [ -119.375, 50.75 ], [ -119.41667, 50.75 ] ] ], [ [ [ -119.0, 50.75 ], [ -119.0, 50.66667 ], [ -118.95833, 50.66667 ], [ -118.95833, 50.75 ], [ -119.0, 50.75 ] ] ], [ [ [ -117.16667, 50.75 ], [ -117.16667, 50.70833 ], [ -117.125, 50.66667 ], [ -117.04167, 50.66667 ], [ -117.04167, 50.70833 ], [ -117.08333, 50.70833 ], [ -117.08333, 50.75 ], [ -117.16667, 50.75 ] ] ], [ [ [ -122.41667, 50.70833 ], [ -122.41667, 50.66667 ], [ -122.375, 50.66667 ], [ -122.375, 50.70833 ], [ -122.41667, 50.70833 ] ] ], [ [ [ -122.29167, 50.70833 ], [ -122.29167, 50.66667 ], [ -122.25, 50.66667 ], [ -122.25, 50.70833 ], [ -122.29167, 50.70833 ] ] ], [ [ [ -122.20833, 50.70833 ], [ -122.20833, 50.66667 ], [ -122.16667, 50.66667 ], [ -122.16667, 50.70833 ], [ -122.20833, 50.70833 ] ] ], [ [ [ -121.875, 50.70833 ], [ -121.875, 50.66667 ], [ -121.83333, 50.66667 ], [ -121.83333, 50.70833 ], [ -121.875, 50.70833 ] ] ], [ [ [ -118.875, 50.70833 ], [ -118.875, 50.66667 ], [ -118.83333, 50.70833 ], [ -118.875, 50.70833 ] ] ], [ [ [ -109.70833, 50.70833 ], [ -109.70833, 50.625 ], [ -109.58333, 50.625 ], [ -109.58333, 50.70833 ], [ -109.70833, 50.70833 ] ] ], [ [ [ -122.45833, 50.66667 ], [ -122.45833, 50.625 ], [ -122.41667, 50.625 ], [ -122.41667, 50.66667 ], [ -122.45833, 50.66667 ] ] ], [ [ [ -122.375, 50.66667 ], [ -122.375, 50.625 ], [ -122.33333, 50.625 ], [ -122.33333, 50.66667 ], [ -122.375, 50.66667 ] ] ], [ [ [ -121.95833, 50.66667 ], [ -121.95833, 50.625 ], [ -121.91667, 50.625 ], [ -121.95833, 50.66667 ] ] ], [ [ [ -117.04167, 50.66667 ], [ -117.04167, 50.625 ], [ -117.0, 50.625 ], [ -117.0, 50.66667 ], [ -117.04167, 50.66667 ] ] ], [ [ [ -116.08333, 50.66667 ], [ -116.08333, 50.625 ], [ -116.04167, 50.625 ], [ -116.04167, 50.66667 ], [ -116.08333, 50.66667 ] ] ], [ [ [ -98.66667, 50.58333 ], [ -98.66667, 50.66667 ], [ -98.70833, 50.75 ], [ -98.79167, 50.70833 ], [ -98.75, 50.625 ], [ -98.66667, 50.58333 ] ] ], [ [ [ -119.54167, 50.75 ], [ -119.625, 50.75 ], [ -119.625, 50.58333 ], [ -119.58333, 50.58333 ], [ -119.58333, 50.625 ], [ -119.45833, 50.75 ], [ -119.54167, 50.75 ] ] ], [ [ [ -121.375, 50.70833 ], [ -121.375, 50.79167 ], [ -121.41667, 50.875 ], [ -121.5, 50.875 ], [ -121.58333, 50.79167 ], [ -121.625, 50.70833 ], [ -121.625, 50.625 ], [ -121.41667, 50.625 ], [ -121.41667, 50.66667 ], [ -121.54167, 50.66667 ], [ -121.54167, 50.75 ], [ -121.41667, 50.75 ], [ -121.41667, 50.70833 ], [ -121.375, 50.70833 ] ] ], [ [ [ -117.66667, 50.75 ], [ -117.75, 50.66667 ], [ -117.66667, 50.66667 ], [ -117.58333, 50.625 ], [ -117.5, 50.625 ], [ -117.41667, 50.625 ], [ -117.41667, 50.70833 ], [ -117.66667, 50.70833 ], [ -117.66667, 50.75 ] ] ], [ [ [ -121.83333, 50.66667 ], [ -121.79167, 50.58333 ], [ -121.75, 50.58333 ], [ -121.75, 50.66667 ], [ -121.83333, 50.66667 ] ] ], [ [ [ -119.04167, 50.66667 ], [ -119.04167, 50.58333 ], [ -118.875, 50.58333 ], [ -118.875, 50.625 ], [ -119.0, 50.625 ], [ -119.0, 50.66667 ], [ -119.04167, 50.66667 ] ] ], [ [ [ -122.41667, 50.625 ], [ -122.41667, 50.58333 ], [ -122.375, 50.58333 ], [ -122.375, 50.625 ], [ -122.41667, 50.625 ] ] ], [ [ [ -121.91667, 50.625 ], [ -121.91667, 50.58333 ], [ -121.875, 50.58333 ], [ -121.875, 50.625 ], [ -121.91667, 50.625 ] ] ], [ [ [ -121.25, 50.625 ], [ -121.25, 50.58333 ], [ -121.20833, 50.58333 ], [ -121.20833, 50.625 ], [ -121.25, 50.625 ] ] ], [ [ [ -117.75, 50.66667 ], [ -117.83333, 50.625 ], [ -117.83333, 50.58333 ], [ -117.75, 50.58333 ], [ -117.75, 50.66667 ] ] ], [ [ [ -117.41667, 50.625 ], [ -117.41667, 50.58333 ], [ -117.375, 50.58333 ], [ -117.41667, 50.625 ] ] ], [ [ [ -117.08333, 50.625 ], [ -117.08333, 50.58333 ], [ -117.04167, 50.58333 ], [ -117.04167, 50.625 ], [ -117.08333, 50.625 ] ] ], [ [ [ -118.54167, 50.83333 ], [ -118.54167, 50.66667 ], [ -118.58333, 50.70833 ], [ -118.625, 50.70833 ], [ -118.625, 50.58333 ], [ -118.45833, 50.58333 ], [ -118.45833, 50.54167 ], [ -118.41667, 50.625 ], [ -118.5, 50.625 ], [ -118.5, 50.70833 ], [ -118.45833, 50.79167 ], [ -118.5, 50.83333 ], [ -118.54167, 50.83333 ] ] ], [ [ [ -122.125, 50.66667 ], [ -122.125, 50.54167 ], [ -122.08333, 50.54167 ], [ -122.08333, 50.625 ], [ -122.04167, 50.625 ], [ -122.04167, 50.66667 ], [ -122.125, 50.66667 ] ] ], [ [ [ -102.91667, 50.66667 ], [ -102.83333, 50.625 ], [ -102.83333, 50.58333 ], [ -102.66667, 50.58333 ], [ -102.66667, 50.54167 ], [ -102.54167, 50.54167 ], [ -102.54167, 50.58333 ], [ -102.625, 50.625 ], [ -102.79167, 50.625 ], [ -102.79167, 50.66667 ], [ -102.91667, 50.66667 ] ] ], [ [ [ -117.54167, 50.625 ], [ -117.54167, 50.54167 ], [ -117.5, 50.54167 ], [ -117.5, 50.625 ], [ -117.54167, 50.625 ] ] ], [ [ [ -121.75, 50.58333 ], [ -121.75, 50.54167 ], [ -121.70833, 50.54167 ], [ -121.70833, 50.58333 ], [ -121.75, 50.58333 ] ] ], [ [ [ -119.75, 50.70833 ], [ -119.75, 50.625 ], [ -119.83333, 50.54167 ], [ -119.75, 50.54167 ], [ -119.66667, 50.625 ], [ -119.66667, 50.70833 ], [ -119.75, 50.70833 ] ] ], [ [ [ -118.66667, 50.58333 ], [ -118.66667, 50.54167 ], [ -118.625, 50.54167 ], [ -118.625, 50.58333 ], [ -118.66667, 50.58333 ] ] ], [ [ [ -117.45833, 50.58333 ], [ -117.41667, 50.54167 ], [ -117.41667, 50.58333 ], [ -117.45833, 50.58333 ] ] ], [ [ [ -117.375, 50.58333 ], [ -117.375, 50.54167 ], [ -117.33333, 50.54167 ], [ -117.375, 50.58333 ] ] ], [ [ [ -117.0, 50.58333 ], [ -117.0, 50.54167 ], [ -116.95833, 50.54167 ], [ -116.95833, 50.58333 ], [ -117.0, 50.58333 ] ] ], [ [ [ -115.79167, 50.58333 ], [ -115.79167, 50.54167 ], [ -115.75, 50.54167 ], [ -115.75, 50.58333 ], [ -115.79167, 50.58333 ] ] ], [ [ [ -121.875, 50.58333 ], [ -121.875, 50.5 ], [ -121.79167, 50.5 ], [ -121.79167, 50.54167 ], [ -121.83333, 50.58333 ], [ -121.875, 50.58333 ] ] ], [ [ [ -122.125, 50.54167 ], [ -122.16667, 50.5 ], [ -122.125, 50.5 ], [ -122.125, 50.54167 ] ] ], [ [ [ -119.75, 50.54167 ], [ -119.75, 50.5 ], [ -119.66667, 50.5 ], [ -119.66667, 50.54167 ], [ -119.75, 50.54167 ] ] ], [ [ [ -119.41667, 50.54167 ], [ -119.45833, 50.5 ], [ -119.41667, 50.5 ], [ -119.41667, 50.54167 ] ] ], [ [ [ -117.41667, 50.54167 ], [ -117.41667, 50.5 ], [ -117.375, 50.5 ], [ -117.375, 50.54167 ], [ -117.41667, 50.54167 ] ] ], [ [ [ -117.04167, 50.54167 ], [ -117.04167, 50.5 ], [ -117.0, 50.5 ], [ -117.0, 50.54167 ], [ -117.04167, 50.54167 ] ] ], [ [ [ -116.95833, 50.54167 ], [ -116.95833, 50.5 ], [ -116.91667, 50.5 ], [ -116.91667, 50.54167 ], [ -116.95833, 50.54167 ] ] ], [ [ [ -122.70833, 50.58333 ], [ -122.75, 50.54167 ], [ -122.75, 50.5 ], [ -122.70833, 50.45833 ], [ -122.625, 50.45833 ], [ -122.625, 50.5 ], [ -122.58333, 50.54167 ], [ -122.58333, 50.5 ], [ -122.54167, 50.5 ], [ -122.5, 50.58333 ], [ -122.70833, 50.58333 ] ] ], [ [ [ -118.83333, 50.54167 ], [ -118.83333, 50.5 ], [ -118.95833, 50.5 ], [ -118.95833, 50.45833 ], [ -118.79167, 50.45833 ], [ -118.83333, 50.54167 ] ] ], [ [ [ -118.70833, 50.5 ], [ -118.70833, 50.45833 ], [ -118.66667, 50.45833 ], [ -118.66667, 50.5 ], [ -118.70833, 50.5 ] ] ], [ [ [ -117.20833, 50.5 ], [ -117.20833, 50.54167 ], [ -117.29167, 50.54167 ], [ -117.375, 50.5 ], [ -117.375, 50.45833 ], [ -117.25, 50.45833 ], [ -117.25, 50.41667 ], [ -117.20833, 50.41667 ], [ -117.20833, 50.375 ], [ -117.125, 50.375 ], [ -117.125, 50.45833 ], [ -117.16667, 50.45833 ], [ -117.16667, 50.5 ], [ -117.20833, 50.5 ] ] ], [ [ [ -116.125, 50.5 ], [ -116.125, 50.45833 ], [ -116.08333, 50.45833 ], [ -116.125, 50.5 ] ] ], [ [ [ -121.79167, 50.5 ], [ -121.75, 50.41667 ], [ -121.75, 50.5 ], [ -121.79167, 50.5 ] ] ], [ [ [ -117.0, 50.5 ], [ -117.0, 50.41667 ], [ -116.95833, 50.5 ], [ -117.0, 50.5 ] ] ], [ [ [ -118.58333, 50.45833 ], [ -118.58333, 50.41667 ], [ -118.54167, 50.45833 ], [ -118.58333, 50.45833 ] ] ], [ [ [ -117.08333, 50.45833 ], [ -117.08333, 50.41667 ], [ -117.04167, 50.41667 ], [ -117.04167, 50.45833 ], [ -117.08333, 50.45833 ] ] ], [ [ [ -116.91667, 50.5 ], [ -116.91667, 50.375 ], [ -116.875, 50.375 ], [ -116.875, 50.5 ], [ -116.91667, 50.5 ] ] ], [ [ [ -103.33333, 50.45833 ], [ -103.33333, 50.375 ], [ -103.25, 50.375 ], [ -103.25, 50.45833 ], [ -103.16667, 50.5 ], [ -103.04167, 50.5 ], [ -103.04167, 50.54167 ], [ -102.95833, 50.625 ], [ -103.04167, 50.625 ], [ -103.08333, 50.54167 ], [ -103.25, 50.54167 ], [ -103.25, 50.58333 ], [ -103.375, 50.58333 ], [ -103.375, 50.625 ], [ -103.45833, 50.70833 ], [ -103.58333, 50.70833 ], [ -103.625, 50.75 ], [ -103.70833, 50.75 ], [ -103.75, 50.70833 ], [ -103.75, 50.5 ], [ -103.70833, 50.45833 ], [ -103.33333, 50.45833 ] ] ], [ [ [ -98.91667, 50.41667 ], [ -98.875, 50.375 ], [ -98.79167, 50.375 ], [ -98.75, 50.45833 ], [ -98.79167, 50.5 ], [ -98.875, 50.5 ], [ -98.91667, 50.41667 ] ] ], [ [ [ -122.75, 50.45833 ], [ -122.83333, 50.41667 ], [ -122.83333, 50.375 ], [ -122.70833, 50.375 ], [ -122.70833, 50.45833 ], [ -122.75, 50.45833 ] ] ], [ [ [ -121.75, 50.41667 ], [ -121.75, 50.375 ], [ -121.70833, 50.375 ], [ -121.70833, 50.41667 ], [ -121.75, 50.41667 ] ] ], [ [ [ -119.91667, 50.54167 ], [ -119.91667, 50.41667 ], [ -119.95833, 50.375 ], [ -119.875, 50.375 ], [ -119.875, 50.54167 ], [ -119.91667, 50.54167 ] ] ], [ [ [ -115.875, 50.41667 ], [ -115.875, 50.375 ], [ -115.83333, 50.375 ], [ -115.83333, 50.41667 ], [ -115.875, 50.41667 ] ] ], [ [ [ -118.625, 50.33333 ], [ -118.58333, 50.41667 ], [ -118.625, 50.45833 ], [ -118.66667, 50.45833 ], [ -118.66667, 50.375 ], [ -118.75, 50.29167 ], [ -118.625, 50.29167 ], [ -118.625, 50.33333 ] ] ], [ [ [ -117.875, 50.58333 ], [ -117.875, 50.5 ], [ -117.79167, 50.5 ], [ -117.875, 50.41667 ], [ -117.875, 50.375 ], [ -117.79167, 50.33333 ], [ -117.70833, 50.375 ], [ -117.75, 50.45833 ], [ -117.625, 50.45833 ], [ -117.625, 50.41667 ], [ -117.58333, 50.41667 ], [ -117.58333, 50.5 ], [ -117.66667, 50.5 ], [ -117.66667, 50.54167 ], [ -117.83333, 50.54167 ], [ -117.83333, 50.58333 ], [ -117.875, 50.58333 ] ] ], [ [ [ -122.54167, 50.375 ], [ -122.54167, 50.33333 ], [ -122.5, 50.375 ], [ -122.54167, 50.375 ] ] ], [ [ [ -121.45833, 50.58333 ], [ -121.45833, 50.5 ], [ -121.54167, 50.5 ], [ -121.54167, 50.45833 ], [ -121.58333, 50.5 ], [ -121.625, 50.54167 ], [ -121.66667, 50.54167 ], [ -121.66667, 50.45833 ], [ -121.625, 50.45833 ], [ -121.625, 50.33333 ], [ -121.54167, 50.29167 ], [ -121.45833, 50.29167 ], [ -121.41667, 50.375 ], [ -121.41667, 50.45833 ], [ -121.375, 50.45833 ], [ -121.33333, 50.5 ], [ -121.33333, 50.54167 ], [ -121.375, 50.58333 ], [ -121.45833, 50.58333 ] ] ], [ [ [ -115.75, 50.54167 ], [ -115.75, 50.5 ], [ -115.70833, 50.45833 ], [ -115.66667, 50.45833 ], [ -115.66667, 50.33333 ], [ -115.58333, 50.29167 ], [ -115.54167, 50.29167 ], [ -115.54167, 50.375 ], [ -115.625, 50.54167 ], [ -115.75, 50.54167 ] ] ], [ [ [ -119.08333, 50.5 ], [ -119.08333, 50.41667 ], [ -119.16667, 50.41667 ], [ -119.16667, 50.33333 ], [ -119.125, 50.29167 ], [ -119.0, 50.29167 ], [ -118.95833, 50.33333 ], [ -118.95833, 50.41667 ], [ -119.0, 50.5 ], [ -119.08333, 50.5 ] ] ], [ [ [ -121.70833, 50.33333 ], [ -121.70833, 50.29167 ], [ -121.66667, 50.29167 ], [ -121.66667, 50.33333 ], [ -121.70833, 50.33333 ] ] ], [ [ [ -117.08333, 50.33333 ], [ -117.08333, 50.29167 ], [ -117.04167, 50.29167 ], [ -117.04167, 50.33333 ], [ -117.08333, 50.33333 ] ] ], [ [ [ -116.875, 50.33333 ], [ -116.875, 50.29167 ], [ -116.83333, 50.33333 ], [ -116.875, 50.33333 ] ] ], [ [ [ -116.0, 50.33333 ], [ -116.0, 50.29167 ], [ -115.91667, 50.29167 ], [ -115.91667, 50.33333 ], [ -116.0, 50.33333 ] ] ], [ [ [ -115.70833, 50.33333 ], [ -115.70833, 50.29167 ], [ -115.66667, 50.29167 ], [ -115.66667, 50.33333 ], [ -115.70833, 50.33333 ] ] ], [ [ [ -94.08333, 50.33333 ], [ -94.08333, 50.29167 ], [ -93.95833, 50.29167 ], [ -93.95833, 50.33333 ], [ -94.08333, 50.33333 ] ] ], [ [ [ -120.16667, 50.54167 ], [ -120.20833, 50.45833 ], [ -120.20833, 50.375 ], [ -120.29167, 50.375 ], [ -120.29167, 50.25 ], [ -120.125, 50.25 ], [ -120.125, 50.29167 ], [ -119.95833, 50.375 ], [ -120.125, 50.375 ], [ -120.125, 50.45833 ], [ -120.0, 50.54167 ], [ -120.16667, 50.54167 ] ] ], [ [ [ -121.79167, 50.29167 ], [ -121.79167, 50.25 ], [ -121.75, 50.25 ], [ -121.75, 50.29167 ], [ -121.79167, 50.29167 ] ] ], [ [ [ -119.54167, 50.29167 ], [ -119.58333, 50.25 ], [ -119.54167, 50.25 ], [ -119.54167, 50.29167 ] ] ], [ [ [ -122.45833, 50.29167 ], [ -122.45833, 50.20833 ], [ -122.41667, 50.20833 ], [ -122.45833, 50.29167 ] ] ], [ [ [ -120.5, 50.29167 ], [ -120.66667, 50.29167 ], [ -120.66667, 50.25 ], [ -120.5, 50.25 ], [ -120.5, 50.29167 ] ] ], [ [ [ -119.79167, 50.41667 ], [ -119.875, 50.375 ], [ -119.95833, 50.29167 ], [ -119.95833, 50.20833 ], [ -119.83333, 50.33333 ], [ -119.66667, 50.41667 ], [ -119.79167, 50.41667 ] ] ], [ [ [ -116.91667, 50.29167 ], [ -116.91667, 50.20833 ], [ -116.83333, 50.20833 ], [ -116.83333, 50.25 ], [ -116.875, 50.25 ], [ -116.875, 50.29167 ], [ -116.91667, 50.29167 ] ] ], [ [ [ -116.04167, 50.29167 ], [ -116.04167, 50.20833 ], [ -116.0, 50.20833 ], [ -116.0, 50.29167 ], [ -116.04167, 50.29167 ] ] ], [ [ [ -122.04167, 50.33333 ], [ -122.04167, 50.25 ], [ -122.08333, 50.20833 ], [ -122.0, 50.20833 ], [ -121.95833, 50.25 ], [ -121.95833, 50.29167 ], [ -121.79167, 50.29167 ], [ -121.79167, 50.33333 ], [ -122.04167, 50.33333 ] ] ], [ [ [ -121.66667, 50.25 ], [ -121.66667, 50.20833 ], [ -121.625, 50.20833 ], [ -121.66667, 50.25 ] ] ], [ [ [ -121.45833, 50.25 ], [ -121.45833, 50.20833 ], [ -121.41667, 50.20833 ], [ -121.41667, 50.25 ], [ -121.45833, 50.25 ] ] ], [ [ [ -118.08333, 50.25 ], [ -118.08333, 50.20833 ], [ -118.04167, 50.20833 ], [ -118.08333, 50.25 ] ] ], [ [ [ -115.83333, 50.25 ], [ -115.83333, 50.20833 ], [ -115.79167, 50.20833 ], [ -115.83333, 50.25 ] ] ], [ [ [ -121.20833, 50.70833 ], [ -121.20833, 50.66667 ], [ -121.04167, 50.66667 ], [ -120.95833, 50.58333 ], [ -120.95833, 50.5 ], [ -121.04167, 50.5 ], [ -121.08333, 50.58333 ], [ -121.20833, 50.58333 ], [ -121.20833, 50.375 ], [ -121.16667, 50.375 ], [ -121.16667, 50.33333 ], [ -121.04167, 50.33333 ], [ -121.0, 50.25 ], [ -121.0, 50.16667 ], [ -120.95833, 50.16667 ], [ -120.875, 50.25 ], [ -120.83333, 50.33333 ], [ -120.83333, 50.5 ], [ -120.79167, 50.5 ], [ -120.79167, 50.20833 ], [ -120.66667, 50.20833 ], [ -120.66667, 50.25 ], [ -120.70833, 50.29167 ], [ -120.70833, 50.41667 ], [ -120.5, 50.41667 ], [ -120.5, 50.33333 ], [ -120.45833, 50.33333 ], [ -120.33333, 50.45833 ], [ -120.33333, 50.54167 ], [ -120.41667, 50.58333 ], [ -120.54167, 50.58333 ], [ -120.5, 50.5 ], [ -120.70833, 50.5 ], [ -120.75, 50.58333 ], [ -120.70833, 50.625 ], [ -120.625, 50.625 ], [ -120.625, 50.66667 ], [ -120.75, 50.66667 ], [ -120.79167, 50.70833 ], [ -120.875, 50.70833 ], [ -120.91667, 50.70833 ], [ -121.20833, 50.70833 ] ], [ [ -121.16667, 50.375 ], [ -121.16667, 50.5 ], [ -121.08333, 50.45833 ], [ -120.95833, 50.45833 ], [ -120.91667, 50.375 ], [ -121.16667, 50.375 ] ] ], [ [ [ -107.125, 50.25 ], [ -106.95833, 50.16667 ], [ -106.95833, 50.25 ], [ -107.125, 50.25 ] ] ], [ [ [ -121.54167, 50.20833 ], [ -121.54167, 50.16667 ], [ -121.5, 50.16667 ], [ -121.5, 50.20833 ], [ -121.54167, 50.20833 ] ] ], [ [ [ -119.58333, 50.20833 ], [ -119.58333, 50.16667 ], [ -119.54167, 50.16667 ], [ -119.58333, 50.20833 ] ] ], [ [ [ -118.125, 50.20833 ], [ -118.125, 50.16667 ], [ -118.08333, 50.16667 ], [ -118.08333, 50.20833 ], [ -118.125, 50.20833 ] ] ], [ [ [ -117.04167, 50.25 ], [ -117.04167, 50.20833 ], [ -117.125, 50.20833 ], [ -117.125, 50.16667 ], [ -117.0, 50.16667 ], [ -117.04167, 50.25 ] ] ], [ [ [ -115.79167, 50.20833 ], [ -115.75, 50.16667 ], [ -115.75, 50.20833 ], [ -115.79167, 50.20833 ] ] ], [ [ [ -121.16667, 50.25 ], [ -121.25, 50.25 ], [ -121.33333, 50.20833 ], [ -121.41667, 50.20833 ], [ -121.41667, 50.16667 ], [ -121.29167, 50.16667 ], [ -121.20833, 50.125 ], [ -121.125, 50.125 ], [ -121.125, 50.20833 ], [ -121.16667, 50.25 ] ] ], [ [ [ -118.70833, 50.16667 ], [ -118.70833, 50.20833 ], [ -118.875, 50.20833 ], [ -118.875, 50.125 ], [ -118.79167, 50.125 ], [ -118.70833, 50.16667 ] ] ], [ [ [ -106.79167, 50.20833 ], [ -106.79167, 50.125 ], [ -106.70833, 50.125 ], [ -106.79167, 50.20833 ] ] ], [ [ [ -121.5, 50.16667 ], [ -121.5, 50.125 ], [ -121.45833, 50.125 ], [ -121.45833, 50.16667 ], [ -121.5, 50.16667 ] ] ], [ [ [ -119.29167, 50.16667 ], [ -119.29167, 50.125 ], [ -119.25, 50.16667 ], [ -119.29167, 50.16667 ] ] ], [ [ [ -119.125, 50.16667 ], [ -119.125, 50.125 ], [ -118.91667, 50.125 ], [ -118.91667, 50.16667 ], [ -119.125, 50.16667 ] ] ], [ [ [ -117.5, 50.41667 ], [ -117.58333, 50.375 ], [ -117.66667, 50.33333 ], [ -117.79167, 50.33333 ], [ -117.66667, 50.25 ], [ -117.66667, 50.16667 ], [ -117.625, 50.16667 ], [ -117.625, 50.20833 ], [ -117.54167, 50.20833 ], [ -117.54167, 50.125 ], [ -117.45833, 50.125 ], [ -117.41667, 50.16667 ], [ -117.29167, 50.16667 ], [ -117.29167, 50.20833 ], [ -117.41667, 50.20833 ], [ -117.41667, 50.33333 ], [ -117.45833, 50.33333 ], [ -117.45833, 50.41667 ], [ -117.5, 50.41667 ] ], [ [ -117.5, 50.29167 ], [ -117.45833, 50.33333 ], [ -117.45833, 50.25 ], [ -117.58333, 50.25 ], [ -117.58333, 50.29167 ], [ -117.5, 50.29167 ] ] ], [ [ [ -117.0, 50.16667 ], [ -117.0, 50.08333 ], [ -116.95833, 50.08333 ], [ -116.95833, 50.16667 ], [ -117.0, 50.16667 ] ] ], [ [ [ -116.04167, 50.16667 ], [ -116.04167, 50.08333 ], [ -115.95833, 50.08333 ], [ -115.875, 50.125 ], [ -115.875, 50.16667 ], [ -116.04167, 50.16667 ] ] ], [ [ [ -95.70833, 50.16667 ], [ -95.70833, 50.08333 ], [ -95.625, 50.08333 ], [ -95.70833, 50.16667 ] ] ], [ [ [ -95.29167, 50.16667 ], [ -95.29167, 50.08333 ], [ -95.20833, 50.08333 ], [ -95.29167, 50.16667 ] ] ], [ [ [ -117.58333, 50.125 ], [ -117.58333, 50.08333 ], [ -117.54167, 50.08333 ], [ -117.54167, 50.125 ], [ -117.58333, 50.125 ] ] ], [ [ [ -116.875, 50.125 ], [ -116.875, 50.08333 ], [ -116.83333, 50.08333 ], [ -116.83333, 50.125 ], [ -116.875, 50.125 ] ] ], [ [ [ -116.75, 50.125 ], [ -116.70833, 50.08333 ], [ -116.70833, 50.125 ], [ -116.75, 50.125 ] ] ], [ [ [ -115.875, 50.125 ], [ -115.83333, 50.08333 ], [ -115.83333, 50.125 ], [ -115.875, 50.125 ] ] ], [ [ [ -115.70833, 50.20833 ], [ -115.75, 50.16667 ], [ -115.75, 50.04167 ], [ -115.70833, 50.04167 ], [ -115.66667, 50.04167 ], [ -115.625, 50.04167 ], [ -115.625, 50.16667 ], [ -115.66667, 50.16667 ], [ -115.66667, 50.20833 ], [ -115.70833, 50.20833 ] ] ], [ [ [ -117.375, 50.125 ], [ -117.33333, 50.04167 ], [ -117.29167, 50.08333 ], [ -117.29167, 50.125 ], [ -117.375, 50.125 ] ] ], [ [ [ -120.95833, 50.125 ], [ -121.0, 50.04167 ], [ -120.91667, 50.04167 ], [ -120.95833, 50.125 ] ] ], [ [ [ -119.33333, 50.08333 ], [ -119.29167, 50.04167 ], [ -119.29167, 50.08333 ], [ -119.33333, 50.08333 ] ] ], [ [ [ -118.0, 50.08333 ], [ -118.0, 50.04167 ], [ -117.95833, 50.04167 ], [ -117.95833, 50.08333 ], [ -118.0, 50.08333 ] ] ], [ [ [ -117.54167, 50.08333 ], [ -117.54167, 50.04167 ], [ -117.5, 50.04167 ], [ -117.54167, 50.08333 ] ] ], [ [ [ -116.83333, 50.08333 ], [ -116.83333, 50.04167 ], [ -116.79167, 50.04167 ], [ -116.79167, 50.08333 ], [ -116.83333, 50.08333 ] ] ], [ [ [ -107.20833, 50.08333 ], [ -107.20833, 50.04167 ], [ -107.08333, 50.04167 ], [ -107.08333, 50.08333 ], [ -107.20833, 50.08333 ] ] ], [ [ [ -121.5, 50.08333 ], [ -121.5, 50.04167 ], [ -121.45833, 50.0 ], [ -121.375, 50.0 ], [ -121.41667, 50.08333 ], [ -121.5, 50.08333 ] ] ], [ [ [ -118.20833, 50.16667 ], [ -118.20833, 50.125 ], [ -118.20833, 50.08333 ], [ -118.25, 50.08333 ], [ -118.25, 50.0 ], [ -118.125, 50.0 ], [ -118.125, 50.16667 ], [ -118.20833, 50.16667 ] ] ], [ [ [ -117.66667, 50.16667 ], [ -117.75, 50.125 ], [ -117.83333, 50.125 ], [ -117.875, 50.08333 ], [ -117.875, 50.0 ], [ -117.79167, 50.04167 ], [ -117.79167, 50.08333 ], [ -117.625, 50.08333 ], [ -117.625, 50.125 ], [ -117.66667, 50.125 ], [ -117.66667, 50.16667 ] ] ], [ [ [ -117.66667, 50.04167 ], [ -117.66667, 50.0 ], [ -117.625, 50.0 ], [ -117.625, 50.04167 ], [ -117.66667, 50.04167 ] ] ], [ [ [ -117.125, 50.04167 ], [ -117.125, 50.0 ], [ -117.04167, 50.0 ], [ -117.125, 50.04167 ] ] ], [ [ [ -93.58333, 50.08333 ], [ -93.625, 50.0 ], [ -93.45833, 50.0 ], [ -93.5, 50.08333 ], [ -93.58333, 50.08333 ] ] ], [ [ [ -118.25, 50.0 ], [ -118.33333, 50.0 ], [ -118.375, 49.95833 ], [ -118.29167, 49.95833 ], [ -118.25, 49.91667 ], [ -118.25, 50.0 ] ] ], [ [ [ -117.79167, 50.04167 ], [ -117.79167, 49.91667 ], [ -117.75, 49.91667 ], [ -117.70833, 50.0 ], [ -117.70833, 50.04167 ], [ -117.79167, 50.04167 ] ] ], [ [ [ -117.33333, 50.04167 ], [ -117.33333, 49.95833 ], [ -117.29167, 49.91667 ], [ -117.20833, 49.95833 ], [ -117.25, 50.04167 ], [ -117.25, 50.08333 ], [ -117.29167, 50.08333 ], [ -117.29167, 50.04167 ], [ -117.33333, 50.04167 ] ] ], [ [ [ -116.95833, 49.91667 ], [ -116.91667, 49.91667 ], [ -116.91667, 50.08333 ], [ -116.95833, 50.08333 ], [ -116.95833, 50.0 ], [ -117.04167, 50.0 ], [ -117.04167, 49.91667 ], [ -117.0, 49.91667 ], [ -117.0, 49.875 ], [ -116.95833, 49.875 ], [ -116.95833, 49.91667 ] ] ], [ [ [ -96.25, 49.95833 ], [ -96.20833, 49.91667 ], [ -96.125, 49.91667 ], [ -96.16667, 50.0 ], [ -96.25, 49.95833 ] ] ], [ [ [ -117.91667, 49.95833 ], [ -117.95833, 49.91667 ], [ -117.91667, 49.91667 ], [ -117.91667, 49.95833 ] ] ], [ [ [ -119.29167, 50.04167 ], [ -119.29167, 49.875 ], [ -119.20833, 49.875 ], [ -119.25, 49.91667 ], [ -119.25, 50.04167 ], [ -119.29167, 50.04167 ] ] ], [ [ [ -121.375, 50.0 ], [ -121.375, 49.875 ], [ -121.33333, 49.875 ], [ -121.33333, 50.0 ], [ -121.375, 50.0 ] ] ], [ [ [ -121.625, 50.125 ], [ -121.66667, 50.08333 ], [ -121.75, 50.08333 ], [ -121.79167, 50.04167 ], [ -121.79167, 50.0 ], [ -121.75, 50.0 ], [ -121.79167, 49.91667 ], [ -121.75, 49.875 ], [ -121.66667, 49.875 ], [ -121.66667, 50.0 ], [ -121.58333, 50.04167 ], [ -121.58333, 50.08333 ], [ -121.625, 50.08333 ], [ -121.625, 50.125 ] ] ], [ [ [ -118.0, 49.91667 ], [ -118.0, 49.875 ], [ -117.95833, 49.875 ], [ -117.95833, 49.91667 ], [ -118.0, 49.91667 ] ] ], [ [ [ -117.91667, 49.91667 ], [ -117.91667, 49.875 ], [ -117.875, 49.875 ], [ -117.91667, 49.91667 ] ] ], [ [ [ -117.79167, 49.91667 ], [ -117.83333, 49.875 ], [ -117.79167, 49.875 ], [ -117.79167, 49.91667 ] ] ], [ [ [ -117.29167, 49.91667 ], [ -117.33333, 49.875 ], [ -117.29167, 49.875 ], [ -117.29167, 49.91667 ] ] ], [ [ [ -120.79167, 50.04167 ], [ -120.875, 50.0 ], [ -120.875, 49.91667 ], [ -120.79167, 49.91667 ], [ -120.625, 50.0 ], [ -120.66667, 50.04167 ], [ -120.79167, 50.04167 ] ] ], [ [ [ -119.08333, 49.83333 ], [ -119.0, 49.91667 ], [ -119.16667, 49.91667 ], [ -119.16667, 49.875 ], [ -119.08333, 49.875 ], [ -119.08333, 49.83333 ] ] ], [ [ [ -117.33333, 49.875 ], [ -117.375, 49.83333 ], [ -117.33333, 49.83333 ], [ -117.33333, 49.875 ] ] ], [ [ [ -118.04167, 49.875 ], [ -118.04167, 49.79167 ], [ -118.0, 49.79167 ], [ -118.0, 49.875 ], [ -118.04167, 49.875 ] ] ], [ [ [ -116.95833, 49.875 ], [ -116.95833, 49.79167 ], [ -116.91667, 49.79167 ], [ -116.91667, 49.875 ], [ -116.95833, 49.875 ] ] ], [ [ [ -115.625, 49.83333 ], [ -115.625, 49.79167 ], [ -115.58333, 49.79167 ], [ -115.58333, 49.83333 ], [ -115.625, 49.83333 ] ] ], [ [ [ -117.54167, 49.875 ], [ -117.58333, 49.83333 ], [ -117.58333, 49.75 ], [ -117.5, 49.79167 ], [ -117.5, 49.875 ], [ -117.54167, 49.875 ] ] ], [ [ [ -119.41667, 49.79167 ], [ -119.41667, 49.75 ], [ -119.375, 49.75 ], [ -119.375, 49.79167 ], [ -119.41667, 49.79167 ] ] ], [ [ [ -121.54167, 49.95833 ], [ -121.58333, 49.91667 ], [ -121.58333, 49.83333 ], [ -121.66667, 49.83333 ], [ -121.66667, 49.75 ], [ -121.58333, 49.75 ], [ -121.58333, 49.70833 ], [ -121.5, 49.75 ], [ -121.5, 49.875 ], [ -121.5, 49.95833 ], [ -121.54167, 49.95833 ] ] ], [ [ [ -118.29167, 50.75 ], [ -118.375, 50.75 ], [ -118.375, 50.66667 ], [ -118.41667, 50.625 ], [ -118.375, 50.625 ], [ -118.375, 50.5 ], [ -118.54167, 50.33333 ], [ -118.5, 50.25 ], [ -118.5, 50.16667 ], [ -118.70833, 50.16667 ], [ -118.70833, 50.125 ], [ -118.54167, 50.125 ], [ -118.625, 50.04167 ], [ -118.70833, 50.0 ], [ -118.70833, 49.83333 ], [ -118.75, 49.79167 ], [ -118.70833, 49.75 ], [ -118.66667, 49.70833 ], [ -118.625, 49.70833 ], [ -118.625, 49.83333 ], [ -118.66667, 49.91667 ], [ -118.58333, 50.0 ], [ -118.5, 50.04167 ], [ -118.41667, 50.125 ], [ -118.33333, 50.16667 ], [ -118.29167, 50.25 ], [ -118.29167, 50.33333 ], [ -118.20833, 50.33333 ], [ -118.20833, 50.29167 ], [ -118.16667, 50.25 ], [ -118.08333, 50.25 ], [ -118.125, 50.29167 ], [ -118.125, 50.375 ], [ -118.04167, 50.375 ], [ -118.0, 50.41667 ], [ -118.0, 50.54167 ], [ -117.95833, 50.54167 ], [ -118.04167, 50.70833 ], [ -118.08333, 50.75 ], [ -118.08333, 50.83333 ], [ -118.16667, 50.91667 ], [ -118.20833, 50.91667 ], [ -118.20833, 50.83333 ], [ -118.16667, 50.83333 ], [ -118.125, 50.75 ], [ -118.125, 50.66667 ], [ -118.08333, 50.66667 ], [ -118.08333, 50.625 ], [ -118.04167, 50.625 ], [ -118.04167, 50.45833 ], [ -118.08333, 50.45833 ], [ -118.16667, 50.41667 ], [ -118.20833, 50.41667 ], [ -118.25, 50.375 ], [ -118.29167, 50.41667 ], [ -118.25, 50.5 ], [ -118.29167, 50.54167 ], [ -118.29167, 50.75 ] ] ], [ [ [ -118.75, 49.75 ], [ -118.70833, 49.70833 ], [ -118.70833, 49.75 ], [ -118.75, 49.75 ] ] ], [ [ [ -117.66667, 49.75 ], [ -117.66667, 49.70833 ], [ -117.625, 49.70833 ], [ -117.625, 49.75 ], [ -117.66667, 49.75 ] ] ], [ [ [ -116.70833, 49.75 ], [ -116.70833, 49.70833 ], [ -116.66667, 49.70833 ], [ -116.70833, 49.75 ] ] ], [ [ [ -115.875, 49.95833 ], [ -115.91667, 49.91667 ], [ -115.91667, 49.79167 ], [ -115.95833, 49.79167 ], [ -116.0, 49.70833 ], [ -115.91667, 49.70833 ], [ -115.83333, 49.79167 ], [ -115.83333, 49.95833 ], [ -115.875, 49.95833 ] ] ], [ [ [ -92.79167, 49.75 ], [ -92.79167, 49.70833 ], [ -92.66667, 49.70833 ], [ -92.66667, 49.75 ], [ -92.79167, 49.75 ] ] ], [ [ [ -107.54167, 50.25 ], [ -107.54167, 50.33333 ], [ -107.70833, 50.33333 ], [ -107.75, 50.25 ], [ -107.83333, 50.29167 ], [ -107.95833, 50.29167 ], [ -108.0, 50.20833 ], [ -108.16667, 50.125 ], [ -108.33333, 50.125 ], [ -108.5, 50.04167 ], [ -108.54167, 49.95833 ], [ -108.625, 49.95833 ], [ -108.5, 49.83333 ], [ -108.41667, 49.70833 ], [ -108.25, 49.70833 ], [ -108.25, 49.66667 ], [ -108.16667, 49.79167 ], [ -107.95833, 49.79167 ], [ -107.91667, 49.875 ], [ -107.66667, 49.875 ], [ -107.66667, 49.91667 ], [ -107.54167, 49.91667 ], [ -107.5, 50.0 ], [ -107.29167, 50.0 ], [ -107.29167, 50.04167 ], [ -107.375, 50.125 ], [ -107.29167, 50.125 ], [ -107.25, 50.20833 ], [ -107.29167, 50.25 ], [ -107.45833, 50.25 ], [ -107.5, 50.25 ], [ -107.54167, 50.25 ] ], [ [ -108.29167, 50.0 ], [ -108.08333, 50.0 ], [ -108.08333, 49.95833 ], [ -108.20833, 49.95833 ], [ -108.29167, 50.0 ] ] ], [ [ [ -119.08333, 49.83333 ], [ -119.29167, 49.83333 ], [ -119.29167, 49.79167 ], [ -119.20833, 49.79167 ], [ -119.20833, 49.70833 ], [ -119.125, 49.66667 ], [ -119.08333, 49.66667 ], [ -119.08333, 49.83333 ] ] ], [ [ [ -117.375, 49.83333 ], [ -117.41667, 49.83333 ], [ -117.41667, 49.66667 ], [ -117.29167, 49.66667 ], [ -117.29167, 49.75 ], [ -117.33333, 49.75 ], [ -117.33333, 49.70833 ], [ -117.375, 49.70833 ], [ -117.375, 49.83333 ] ] ], [ [ [ -119.95833, 49.70833 ], [ -119.95833, 49.66667 ], [ -119.875, 49.66667 ], [ -119.875, 49.875 ], [ -119.625, 49.875 ], [ -119.625, 49.91667 ], [ -119.58333, 49.91667 ], [ -119.58333, 50.04167 ], [ -119.66667, 50.04167 ], [ -119.70833, 49.95833 ], [ -119.79167, 49.91667 ], [ -119.91667, 49.91667 ], [ -119.95833, 49.875 ], [ -119.95833, 49.79167 ], [ -120.0, 49.75 ], [ -120.375, 49.75 ], [ -120.41667, 49.70833 ], [ -120.41667, 49.625 ], [ -120.375, 49.625 ], [ -120.375, 49.5 ], [ -120.33333, 49.45833 ], [ -120.29167, 49.45833 ], [ -120.29167, 49.54167 ], [ -120.33333, 49.58333 ], [ -120.20833, 49.70833 ], [ -120.04167, 49.70833 ], [ -120.0, 49.66667 ], [ -119.95833, 49.70833 ] ] ], [ [ [ -118.70833, 49.70833 ], [ -118.70833, 49.66667 ], [ -118.66667, 49.70833 ], [ -118.70833, 49.70833 ] ] ], [ [ [ -117.0, 49.70833 ], [ -117.0, 49.66667 ], [ -116.95833, 49.66667 ], [ -116.95833, 49.70833 ], [ -117.0, 49.70833 ] ] ], [ [ [ -115.58333, 49.70833 ], [ -115.54167, 49.66667 ], [ -115.54167, 49.70833 ], [ -115.58333, 49.70833 ] ] ], [ [ [ -119.625, 49.75 ], [ -119.54167, 49.70833 ], [ -119.54167, 49.625 ], [ -119.5, 49.625 ], [ -119.5, 49.75 ], [ -119.625, 49.75 ] ] ], [ [ [ -118.5, 49.70833 ], [ -118.5, 49.625 ], [ -118.45833, 49.625 ], [ -118.45833, 49.70833 ], [ -118.5, 49.70833 ] ] ], [ [ [ -115.25, 49.70833 ], [ -115.25, 49.625 ], [ -115.16667, 49.70833 ], [ -115.25, 49.70833 ] ] ], [ [ [ -120.0, 49.66667 ], [ -119.95833, 49.625 ], [ -119.95833, 49.66667 ], [ -120.0, 49.66667 ] ] ], [ [ [ -118.75, 49.66667 ], [ -118.75, 49.625 ], [ -118.70833, 49.66667 ], [ -118.75, 49.66667 ] ] ], [ [ [ -117.20833, 49.66667 ], [ -117.20833, 49.625 ], [ -117.125, 49.625 ], [ -117.125, 49.66667 ], [ -117.20833, 49.66667 ] ] ], [ [ [ -117.08333, 49.66667 ], [ -117.08333, 49.625 ], [ -117.0, 49.625 ], [ -117.0, 49.66667 ], [ -117.08333, 49.66667 ] ] ], [ [ [ -117.66667, 49.66667 ], [ -117.66667, 49.70833 ], [ -117.75, 49.70833 ], [ -117.75, 49.66667 ], [ -117.875, 49.66667 ], [ -117.91667, 49.75 ], [ -117.91667, 49.625 ], [ -117.83333, 49.625 ], [ -117.83333, 49.58333 ], [ -117.79167, 49.58333 ], [ -117.70833, 49.625 ], [ -117.625, 49.58333 ], [ -117.58333, 49.625 ], [ -117.66667, 49.66667 ] ] ], [ [ [ -117.29167, 49.66667 ], [ -117.29167, 49.58333 ], [ -117.25, 49.58333 ], [ -117.25, 49.66667 ], [ -117.29167, 49.66667 ] ] ], [ [ [ -114.91667, 49.875 ], [ -114.91667, 49.66667 ], [ -114.95833, 49.66667 ], [ -114.95833, 49.58333 ], [ -114.91667, 49.58333 ], [ -114.91667, 49.625 ], [ -114.875, 49.625 ], [ -114.875, 49.70833 ], [ -114.875, 49.83333 ], [ -114.83333, 49.875 ], [ -114.91667, 49.875 ] ] ], [ [ [ -119.95833, 49.625 ], [ -119.95833, 49.58333 ], [ -119.91667, 49.58333 ], [ -119.95833, 49.625 ] ] ], [ [ [ -118.54167, 49.625 ], [ -118.54167, 49.58333 ], [ -118.5, 49.625 ], [ -118.54167, 49.625 ] ] ], [ [ [ -115.54167, 49.625 ], [ -115.54167, 49.58333 ], [ -115.5, 49.58333 ], [ -115.5, 49.625 ], [ -115.54167, 49.625 ] ] ], [ [ [ -116.41667, 49.79167 ], [ -116.41667, 49.70833 ], [ -116.375, 49.625 ], [ -116.33333, 49.625 ], [ -116.33333, 49.58333 ], [ -116.04167, 49.58333 ], [ -115.95833, 49.54167 ], [ -115.95833, 49.625 ], [ -116.04167, 49.66667 ], [ -116.125, 49.66667 ], [ -116.125, 49.625 ], [ -116.29167, 49.625 ], [ -116.33333, 49.66667 ], [ -116.33333, 49.75 ], [ -116.375, 49.79167 ], [ -116.41667, 49.79167 ] ] ], [ [ [ -118.08333, 49.75 ], [ -118.08333, 49.54167 ], [ -118.04167, 49.54167 ], [ -118.04167, 49.75 ], [ -118.08333, 49.75 ] ] ], [ [ [ -120.58333, 49.625 ], [ -120.45833, 49.625 ], [ -120.5, 49.66667 ], [ -120.45833, 49.75 ], [ -120.45833, 49.875 ], [ -120.375, 49.95833 ], [ -120.29167, 50.0 ], [ -120.16667, 50.0 ], [ -120.0, 50.08333 ], [ -119.95833, 50.20833 ], [ -120.0, 50.125 ], [ -120.16667, 50.125 ], [ -120.16667, 50.08333 ], [ -120.29167, 50.08333 ], [ -120.33333, 50.0 ], [ -120.41667, 50.0 ], [ -120.45833, 49.91667 ], [ -120.54167, 49.91667 ], [ -120.54167, 49.83333 ], [ -120.625, 49.75 ], [ -120.70833, 49.75 ], [ -120.75, 49.70833 ], [ -120.75, 49.58333 ], [ -120.66667, 49.54167 ], [ -120.66667, 49.5 ], [ -120.58333, 49.5 ], [ -120.58333, 49.625 ] ], [ [ -120.625, 49.625 ], [ -120.625, 49.70833 ], [ -120.54167, 49.70833 ], [ -120.58333, 49.66667 ], [ -120.58333, 49.625 ], [ -120.625, 49.625 ] ] ], [ [ [ -115.25, 49.625 ], [ -115.33333, 49.625 ], [ -115.33333, 49.54167 ], [ -115.25, 49.54167 ], [ -115.25, 49.625 ] ] ], [ [ [ -119.5, 49.58333 ], [ -119.5, 49.54167 ], [ -119.45833, 49.54167 ], [ -119.45833, 49.58333 ], [ -119.5, 49.58333 ] ] ], [ [ [ -118.58333, 49.58333 ], [ -118.58333, 49.54167 ], [ -118.54167, 49.54167 ], [ -118.54167, 49.58333 ], [ -118.58333, 49.58333 ] ] ], [ [ [ -117.79167, 49.58333 ], [ -117.79167, 49.54167 ], [ -117.75, 49.54167 ], [ -117.79167, 49.58333 ] ] ], [ [ [ -117.16667, 49.58333 ], [ -117.16667, 49.54167 ], [ -117.0, 49.54167 ], [ -117.0, 49.58333 ], [ -117.16667, 49.58333 ] ] ], [ [ [ -119.875, 49.58333 ], [ -119.875, 49.5 ], [ -119.83333, 49.5 ], [ -119.83333, 49.58333 ], [ -119.875, 49.58333 ] ] ], [ [ [ -117.5, 49.625 ], [ -117.5, 49.58333 ], [ -117.625, 49.58333 ], [ -117.58333, 49.5 ], [ -117.45833, 49.5 ], [ -117.45833, 49.54167 ], [ -117.29167, 49.54167 ], [ -117.29167, 49.58333 ], [ -117.45833, 49.58333 ], [ -117.45833, 49.625 ], [ -117.5, 49.625 ] ] ], [ [ [ -118.04167, 49.54167 ], [ -118.0, 49.5 ], [ -118.0, 49.54167 ], [ -118.04167, 49.54167 ] ] ], [ [ [ -117.75, 49.54167 ], [ -117.75, 49.5 ], [ -117.66667, 49.5 ], [ -117.75, 49.54167 ] ] ], [ [ [ -115.45833, 49.54167 ], [ -115.45833, 49.5 ], [ -115.41667, 49.5 ], [ -115.41667, 49.54167 ], [ -115.45833, 49.54167 ] ] ], [ [ [ -115.33333, 49.54167 ], [ -115.375, 49.5 ], [ -115.33333, 49.5 ], [ -115.33333, 49.54167 ] ] ], [ [ [ -116.83333, 49.95833 ], [ -116.83333, 49.70833 ], [ -116.79167, 49.70833 ], [ -116.79167, 49.66667 ], [ -116.75, 49.66667 ], [ -116.75, 49.45833 ], [ -116.70833, 49.45833 ], [ -116.70833, 49.70833 ], [ -116.75, 49.75 ], [ -116.79167, 49.75 ], [ -116.79167, 49.95833 ], [ -116.83333, 49.95833 ] ] ], [ [ [ -93.08333, 49.54167 ], [ -93.125, 49.45833 ], [ -93.04167, 49.45833 ], [ -93.08333, 49.54167 ] ] ], [ [ [ -118.0, 49.5 ], [ -117.95833, 49.45833 ], [ -117.95833, 49.5 ], [ -118.0, 49.5 ] ] ], [ [ [ -117.66667, 49.5 ], [ -117.66667, 49.45833 ], [ -117.625, 49.45833 ], [ -117.66667, 49.5 ] ] ], [ [ [ -119.5, 49.5 ], [ -119.5, 49.41667 ], [ -119.41667, 49.41667 ], [ -119.41667, 49.5 ], [ -119.5, 49.5 ] ] ], [ [ [ -107.58333, 49.41667 ], [ -107.58333, 49.58333 ], [ -107.75, 49.58333 ], [ -107.83333, 49.5 ], [ -107.875, 49.41667 ], [ -107.83333, 49.41667 ], [ -107.83333, 49.45833 ], [ -107.625, 49.45833 ], [ -107.58333, 49.41667 ] ] ], [ [ [ -120.25, 49.45833 ], [ -120.25, 49.41667 ], [ -120.20833, 49.41667 ], [ -120.20833, 49.45833 ], [ -120.25, 49.45833 ] ] ], [ [ [ -117.95833, 49.45833 ], [ -117.95833, 49.41667 ], [ -117.91667, 49.41667 ], [ -117.95833, 49.45833 ] ] ], [ [ [ -116.95833, 49.45833 ], [ -116.95833, 49.41667 ], [ -116.91667, 49.41667 ], [ -116.91667, 49.45833 ], [ -116.95833, 49.45833 ] ] ], [ [ [ -116.29167, 49.45833 ], [ -116.33333, 49.41667 ], [ -116.29167, 49.41667 ], [ -116.29167, 49.45833 ] ] ], [ [ [ -114.95833, 49.58333 ], [ -115.04167, 49.58333 ], [ -115.08333, 49.54167 ], [ -115.08333, 49.5 ], [ -115.08333, 49.45833 ], [ -115.08333, 49.41667 ], [ -115.0, 49.41667 ], [ -115.0, 49.54167 ], [ -114.95833, 49.58333 ] ] ], [ [ [ -108.25, 49.66667 ], [ -108.29167, 49.625 ], [ -108.41667, 49.625 ], [ -108.58333, 49.54167 ], [ -108.58333, 49.45833 ], [ -108.5, 49.45833 ], [ -108.45833, 49.375 ], [ -108.375, 49.375 ], [ -108.33333, 49.41667 ], [ -108.33333, 49.5 ], [ -108.25, 49.5 ], [ -108.20833, 49.58333 ], [ -108.25, 49.66667 ] ] ], [ [ [ -121.125, 50.08333 ], [ -121.25, 50.08333 ], [ -121.25, 50.04167 ], [ -121.16667, 50.04167 ], [ -121.16667, 49.95833 ], [ -121.25, 49.95833 ], [ -121.20833, 49.875 ], [ -121.33333, 49.875 ], [ -121.29167, 49.83333 ], [ -121.29167, 49.54167 ], [ -121.20833, 49.54167 ], [ -121.16667, 49.5 ], [ -121.20833, 49.41667 ], [ -121.125, 49.41667 ], [ -121.08333, 49.45833 ], [ -121.08333, 49.5 ], [ -121.125, 49.54167 ], [ -121.04167, 49.58333 ], [ -120.95833, 49.625 ], [ -121.0, 49.54167 ], [ -121.0, 49.45833 ], [ -120.95833, 49.45833 ], [ -120.91667, 49.5 ], [ -120.79167, 49.5 ], [ -120.79167, 49.375 ], [ -120.75, 49.375 ], [ -120.66667, 49.45833 ], [ -120.66667, 49.5 ], [ -120.75, 49.5 ], [ -120.79167, 49.54167 ], [ -120.79167, 49.79167 ], [ -120.75, 49.875 ], [ -120.875, 49.875 ], [ -120.95833, 49.91667 ], [ -121.125, 49.91667 ], [ -121.125, 50.08333 ] ], [ [ -121.125, 49.58333 ], [ -121.20833, 49.625 ], [ -121.20833, 49.79167 ], [ -121.04167, 49.79167 ], [ -121.04167, 49.66667 ], [ -121.08333, 49.58333 ], [ -121.125, 49.58333 ] ], [ [ -120.95833, 49.625 ], [ -121.0, 49.70833 ], [ -120.95833, 49.75 ], [ -120.875, 49.75 ], [ -120.875, 49.625 ], [ -120.95833, 49.625 ] ] ], [ [ [ -118.58333, 49.45833 ], [ -118.58333, 49.375 ], [ -118.54167, 49.375 ], [ -118.54167, 49.45833 ], [ -118.58333, 49.45833 ] ] ], [ [ [ -117.79167, 49.45833 ], [ -117.75, 49.375 ], [ -117.70833, 49.375 ], [ -117.66667, 49.45833 ], [ -117.79167, 49.45833 ] ] ], [ [ [ -116.70833, 49.45833 ], [ -116.70833, 49.375 ], [ -116.66667, 49.375 ], [ -116.66667, 49.45833 ], [ -116.70833, 49.45833 ] ] ], [ [ [ -115.58333, 49.45833 ], [ -115.75, 49.45833 ], [ -115.75, 49.41667 ], [ -115.66667, 49.375 ], [ -115.54167, 49.375 ], [ -115.54167, 49.45833 ], [ -115.58333, 49.45833 ] ] ], [ [ [ -120.08333, 49.41667 ], [ -120.04167, 49.375 ], [ -120.04167, 49.41667 ], [ -120.08333, 49.41667 ] ] ], [ [ [ -117.91667, 49.41667 ], [ -117.91667, 49.375 ], [ -117.83333, 49.375 ], [ -117.91667, 49.41667 ] ] ], [ [ [ -117.5, 49.41667 ], [ -117.5, 49.375 ], [ -117.41667, 49.375 ], [ -117.41667, 49.41667 ], [ -117.5, 49.41667 ] ] ], [ [ [ -115.95833, 49.54167 ], [ -116.0, 49.45833 ], [ -116.04167, 49.41667 ], [ -115.95833, 49.375 ], [ -115.91667, 49.41667 ], [ -115.91667, 49.45833 ], [ -115.83333, 49.54167 ], [ -115.95833, 49.54167 ] ] ], [ [ [ -115.79167, 49.41667 ], [ -115.79167, 49.375 ], [ -115.75, 49.41667 ], [ -115.79167, 49.41667 ] ] ], [ [ [ -107.58333, 49.41667 ], [ -107.58333, 49.375 ], [ -107.54167, 49.375 ], [ -107.58333, 49.41667 ] ] ], [ [ [ -119.125, 49.66667 ], [ -119.25, 49.66667 ], [ -119.25, 49.54167 ], [ -119.33333, 49.41667 ], [ -119.16667, 49.41667 ], [ -119.125, 49.33333 ], [ -119.125, 49.5 ], [ -119.08333, 49.54167 ], [ -119.08333, 49.625 ], [ -119.125, 49.66667 ] ] ], [ [ [ -118.25, 49.875 ], [ -118.25, 49.83333 ], [ -118.33333, 49.79167 ], [ -118.375, 49.70833 ], [ -118.41667, 49.625 ], [ -118.41667, 49.58333 ], [ -118.33333, 49.58333 ], [ -118.33333, 49.45833 ], [ -118.375, 49.45833 ], [ -118.375, 49.33333 ], [ -118.33333, 49.33333 ], [ -118.29167, 49.41667 ], [ -118.29167, 49.625 ], [ -118.25, 49.625 ], [ -118.25, 49.41667 ], [ -118.20833, 49.41667 ], [ -118.20833, 49.875 ], [ -118.25, 49.875 ] ] ], [ [ [ -118.75, 49.79167 ], [ -118.83333, 49.79167 ], [ -118.83333, 49.70833 ], [ -118.875, 49.66667 ], [ -119.08333, 49.66667 ], [ -119.08333, 49.625 ], [ -119.04167, 49.58333 ], [ -119.04167, 49.45833 ], [ -119.08333, 49.41667 ], [ -119.04167, 49.33333 ], [ -118.95833, 49.33333 ], [ -118.95833, 49.41667 ], [ -118.875, 49.45833 ], [ -118.83333, 49.54167 ], [ -118.83333, 49.66667 ], [ -118.79167, 49.66667 ], [ -118.75, 49.75 ], [ -118.75, 49.79167 ] ] ], [ [ [ -115.20833, 49.41667 ], [ -115.125, 49.33333 ], [ -115.125, 49.41667 ], [ -115.20833, 49.41667 ] ] ], [ [ [ -120.04167, 49.375 ], [ -120.0, 49.33333 ], [ -120.0, 49.375 ], [ -120.04167, 49.375 ] ] ], [ [ [ -115.04167, 49.375 ], [ -115.04167, 49.33333 ], [ -114.95833, 49.33333 ], [ -114.95833, 49.375 ], [ -115.04167, 49.375 ] ] ], [ [ [ -116.875, 49.45833 ], [ -116.91667, 49.41667 ], [ -116.91667, 49.29167 ], [ -116.83333, 49.29167 ], [ -116.83333, 49.45833 ], [ -116.875, 49.45833 ] ] ], [ [ [ -120.29167, 49.375 ], [ -120.25, 49.29167 ], [ -120.08333, 49.29167 ], [ -120.08333, 49.33333 ], [ -120.20833, 49.33333 ], [ -120.29167, 49.375 ] ] ], [ [ [ -115.54167, 49.375 ], [ -115.54167, 49.29167 ], [ -115.41667, 49.29167 ], [ -115.45833, 49.375 ], [ -115.54167, 49.375 ] ] ], [ [ [ -120.5, 49.33333 ], [ -120.5, 49.29167 ], [ -120.41667, 49.29167 ], [ -120.41667, 49.33333 ], [ -120.5, 49.33333 ] ] ], [ [ [ -119.875, 49.33333 ], [ -119.875, 49.29167 ], [ -119.83333, 49.29167 ], [ -119.83333, 49.33333 ], [ -119.875, 49.33333 ] ] ], [ [ [ -116.66667, 49.33333 ], [ -116.625, 49.29167 ], [ -116.625, 49.33333 ], [ -116.66667, 49.33333 ] ] ], [ [ [ -115.125, 49.33333 ], [ -115.04167, 49.29167 ], [ -115.04167, 49.33333 ], [ -115.125, 49.33333 ] ] ], [ [ [ -107.41667, 49.33333 ], [ -107.45833, 49.29167 ], [ -107.41667, 49.29167 ], [ -107.41667, 49.33333 ] ] ], [ [ [ -120.66667, 49.45833 ], [ -120.66667, 49.29167 ], [ -120.58333, 49.25 ], [ -120.625, 49.33333 ], [ -120.625, 49.45833 ], [ -120.66667, 49.45833 ] ] ], [ [ [ -120.0, 49.29167 ], [ -120.0, 49.25 ], [ -119.95833, 49.25 ], [ -120.0, 49.29167 ] ] ], [ [ [ -116.83333, 49.29167 ], [ -116.83333, 49.25 ], [ -116.75, 49.25 ], [ -116.75, 49.29167 ], [ -116.83333, 49.29167 ] ] ], [ [ [ -116.625, 49.29167 ], [ -116.625, 49.25 ], [ -116.58333, 49.25 ], [ -116.58333, 49.29167 ], [ -116.625, 49.29167 ] ] ], [ [ [ -109.25, 49.20833 ], [ -109.20833, 49.29167 ], [ -109.20833, 49.45833 ], [ -109.25, 49.5 ], [ -109.08333, 49.5 ], [ -109.08333, 49.375 ], [ -109.04167, 49.33333 ], [ -108.83333, 49.33333 ], [ -108.83333, 49.45833 ], [ -108.95833, 49.45833 ], [ -108.91667, 49.54167 ], [ -108.83333, 49.54167 ], [ -108.75, 49.58333 ], [ -108.625, 49.70833 ], [ -108.625, 49.875 ], [ -108.875, 49.875 ], [ -108.875, 49.83333 ], [ -109.08333, 49.83333 ], [ -109.08333, 49.79167 ], [ -109.375, 49.79167 ], [ -109.375, 49.75 ], [ -109.5, 49.75 ], [ -109.5, 49.70833 ], [ -109.79167, 49.70833 ], [ -109.79167, 49.75 ], [ -110.08333, 49.75 ], [ -110.08333, 49.79167 ], [ -110.45833, 49.79167 ], [ -110.54167, 49.75 ], [ -110.54167, 49.70833 ], [ -110.70833, 49.70833 ], [ -110.75, 49.625 ], [ -110.66667, 49.625 ], [ -110.625, 49.58333 ], [ -110.66667, 49.5 ], [ -110.54167, 49.5 ], [ -110.54167, 49.41667 ], [ -110.45833, 49.375 ], [ -110.33333, 49.375 ], [ -110.33333, 49.33333 ], [ -109.83333, 49.33333 ], [ -109.75, 49.25 ], [ -109.66667, 49.20833 ], [ -109.66667, 49.29167 ], [ -109.54167, 49.29167 ], [ -109.45833, 49.33333 ], [ -109.45833, 49.25 ], [ -109.41667, 49.20833 ], [ -109.25, 49.20833 ] ], [ [ -109.91667, 49.58333 ], [ -109.91667, 49.54167 ], [ -110.20833, 49.54167 ], [ -110.20833, 49.58333 ], [ -110.375, 49.58333 ], [ -110.375, 49.625 ], [ -110.29167, 49.70833 ], [ -110.125, 49.70833 ], [ -110.125, 49.66667 ], [ -109.95833, 49.66667 ], [ -109.91667, 49.58333 ] ], [ [ -109.91667, 49.58333 ], [ -109.91667, 49.625 ], [ -109.79167, 49.625 ], [ -109.79167, 49.58333 ], [ -109.91667, 49.58333 ] ] ], [ [ [ -118.79167, 49.375 ], [ -118.83333, 49.375 ], [ -118.83333, 49.25 ], [ -118.79167, 49.20833 ], [ -118.70833, 49.29167 ], [ -118.79167, 49.29167 ], [ -118.79167, 49.375 ] ] ], [ [ [ -117.20833, 49.5 ], [ -117.25, 49.45833 ], [ -117.41667, 49.45833 ], [ -117.41667, 49.41667 ], [ -117.29167, 49.41667 ], [ -117.29167, 49.29167 ], [ -117.33333, 49.29167 ], [ -117.41667, 49.375 ], [ -117.41667, 49.29167 ], [ -117.33333, 49.20833 ], [ -117.25, 49.25 ], [ -117.20833, 49.33333 ], [ -117.20833, 49.5 ] ] ], [ [ [ -118.33333, 49.33333 ], [ -118.33333, 49.20833 ], [ -118.25, 49.25 ], [ -118.25, 49.29167 ], [ -118.29167, 49.29167 ], [ -118.33333, 49.33333 ] ] ], [ [ [ -117.54167, 49.33333 ], [ -117.54167, 49.25 ], [ -117.45833, 49.25 ], [ -117.41667, 49.29167 ], [ -117.5, 49.29167 ], [ -117.5, 49.33333 ], [ -117.54167, 49.33333 ] ] ], [ [ [ -115.79167, 49.29167 ], [ -115.83333, 49.20833 ], [ -115.79167, 49.20833 ], [ -115.79167, 49.29167 ] ] ], [ [ [ -114.95833, 49.33333 ], [ -115.04167, 49.29167 ], [ -115.04167, 49.20833 ], [ -115.0, 49.20833 ], [ -114.95833, 49.20833 ], [ -114.91667, 49.20833 ], [ -114.91667, 49.33333 ], [ -114.95833, 49.33333 ] ] ], [ [ [ -120.58333, 49.25 ], [ -120.58333, 49.20833 ], [ -120.54167, 49.20833 ], [ -120.58333, 49.25 ] ] ], [ [ [ -120.08333, 49.25 ], [ -120.08333, 49.20833 ], [ -120.04167, 49.20833 ], [ -120.04167, 49.25 ], [ -120.08333, 49.25 ] ] ], [ [ [ -118.54167, 49.25 ], [ -118.58333, 49.20833 ], [ -118.54167, 49.20833 ], [ -118.54167, 49.25 ] ] ], [ [ [ -116.75, 49.25 ], [ -116.70833, 49.20833 ], [ -116.70833, 49.25 ], [ -116.75, 49.25 ] ] ], [ [ [ -116.58333, 49.25 ], [ -116.58333, 49.20833 ], [ -116.5, 49.20833 ], [ -116.58333, 49.25 ] ] ], [ [ [ -116.41667, 49.25 ], [ -116.45833, 49.20833 ], [ -116.41667, 49.20833 ], [ -116.41667, 49.25 ] ] ], [ [ [ -118.66667, 49.29167 ], [ -118.66667, 49.16667 ], [ -118.58333, 49.20833 ], [ -118.625, 49.29167 ], [ -118.66667, 49.29167 ] ] ], [ [ [ -119.91667, 49.25 ], [ -119.91667, 49.16667 ], [ -119.875, 49.16667 ], [ -119.875, 49.25 ], [ -119.91667, 49.25 ] ] ], [ [ [ -120.54167, 49.20833 ], [ -120.54167, 49.16667 ], [ -120.5, 49.16667 ], [ -120.5, 49.20833 ], [ -120.54167, 49.20833 ] ] ], [ [ [ -117.20833, 49.33333 ], [ -117.16667, 49.29167 ], [ -117.25, 49.20833 ], [ -117.16667, 49.16667 ], [ -117.08333, 49.25 ], [ -117.08333, 49.33333 ], [ -117.20833, 49.33333 ] ] ], [ [ [ -116.70833, 49.20833 ], [ -116.70833, 49.16667 ], [ -116.66667, 49.20833 ], [ -116.70833, 49.20833 ] ] ], [ [ [ -116.41667, 49.20833 ], [ -116.375, 49.16667 ], [ -116.375, 49.20833 ], [ -116.41667, 49.20833 ] ] ], [ [ [ -117.875, 49.20833 ], [ -117.875, 49.125 ], [ -117.83333, 49.125 ], [ -117.83333, 49.20833 ], [ -117.875, 49.20833 ] ] ], [ [ [ -120.04167, 49.16667 ], [ -120.16667, 49.16667 ], [ -120.16667, 49.125 ], [ -120.04167, 49.125 ], [ -120.04167, 49.16667 ] ] ], [ [ [ -119.95833, 49.16667 ], [ -120.0, 49.125 ], [ -119.95833, 49.125 ], [ -119.95833, 49.16667 ] ] ], [ [ [ -119.70833, 49.16667 ], [ -119.70833, 49.125 ], [ -119.625, 49.125 ], [ -119.625, 49.16667 ], [ -119.70833, 49.16667 ] ] ], [ [ [ -118.79167, 49.20833 ], [ -118.875, 49.125 ], [ -118.79167, 49.125 ], [ -118.79167, 49.20833 ] ] ], [ [ [ -115.08333, 49.16667 ], [ -115.08333, 49.125 ], [ -115.04167, 49.125 ], [ -115.04167, 49.16667 ], [ -115.08333, 49.16667 ] ] ], [ [ [ -117.45833, 49.16667 ], [ -117.45833, 49.08333 ], [ -117.29167, 49.08333 ], [ -117.29167, 49.16667 ], [ -117.45833, 49.16667 ] ] ], [ [ [ -117.91667, 49.125 ], [ -117.875, 49.04167 ], [ -117.875, 49.125 ], [ -117.91667, 49.125 ] ] ], [ [ [ -117.16667, 49.16667 ], [ -117.20833, 49.125 ], [ -117.20833, 49.04167 ], [ -117.16667, 49.04167 ], [ -117.16667, 49.08333 ], [ -117.08333, 49.16667 ], [ -117.16667, 49.16667 ] ] ], [ [ [ -119.45833, 49.375 ], [ -119.45833, 49.29167 ], [ -119.45833, 49.25 ], [ -119.45833, 49.20833 ], [ -119.33333, 49.08333 ], [ -119.375, 49.04167 ], [ -119.25, 49.04167 ], [ -119.08333, 49.125 ], [ -119.08333, 49.33333 ], [ -119.125, 49.33333 ], [ -119.125, 49.16667 ], [ -119.20833, 49.125 ], [ -119.29167, 49.16667 ], [ -119.375, 49.25 ], [ -119.33333, 49.29167 ], [ -119.41667, 49.375 ], [ -119.45833, 49.375 ] ] ], [ [ [ -115.04167, 49.08333 ], [ -115.04167, 49.04167 ], [ -115.0, 49.04167 ], [ -115.0, 49.08333 ], [ -115.04167, 49.08333 ] ] ], [ [ [ -118.20833, 49.41667 ], [ -118.20833, 49.29167 ], [ -118.20833, 49.25 ], [ -118.25, 49.25 ], [ -118.20833, 49.20833 ], [ -118.125, 49.16667 ], [ -118.125, 49.04167 ], [ -118.08333, 49.0 ], [ -118.0, 49.04167 ], [ -117.95833, 49.125 ], [ -117.91667, 49.125 ], [ -117.91667, 49.25 ], [ -117.79167, 49.25 ], [ -117.79167, 49.20833 ], [ -117.75, 49.20833 ], [ -117.75, 49.29167 ], [ -117.95833, 49.29167 ], [ -117.95833, 49.33333 ], [ -118.0, 49.375 ], [ -118.04167, 49.375 ], [ -118.04167, 49.33333 ], [ -118.16667, 49.33333 ], [ -118.20833, 49.41667 ] ] ], [ [ [ -119.79167, 49.08333 ], [ -119.79167, 49.0 ], [ -119.75, 49.0 ], [ -119.75, 49.08333 ], [ -119.79167, 49.08333 ] ] ], [ [ [ -120.58333, 49.20833 ], [ -120.66667, 49.20833 ], [ -120.66667, 49.08333 ], [ -120.58333, 49.08333 ], [ -120.58333, 48.95833 ], [ -120.54167, 48.95833 ], [ -120.54167, 49.16667 ], [ -120.58333, 49.20833 ] ] ], [ [ [ -116.41667, 49.125 ], [ -116.41667, 49.0 ], [ -116.375, 48.95833 ], [ -116.25, 48.95833 ], [ -116.25, 49.125 ], [ -116.33333, 49.125 ], [ -116.375, 49.125 ], [ -116.41667, 49.125 ] ] ], [ [ [ -115.58333, 49.04167 ], [ -115.58333, 48.95833 ], [ -115.5, 48.95833 ], [ -115.58333, 49.04167 ] ] ], [ [ [ -117.41667, 49.0 ], [ -117.45833, 48.95833 ], [ -117.41667, 48.95833 ], [ -117.41667, 49.0 ] ] ], [ [ [ -115.33333, 49.08333 ], [ -115.375, 49.08333 ], [ -115.375, 48.95833 ], [ -115.29167, 48.91667 ], [ -115.29167, 49.04167 ], [ -115.33333, 49.04167 ], [ -115.33333, 49.08333 ] ] ], [ [ [ -117.20833, 49.0 ], [ -117.20833, 48.91667 ], [ -117.16667, 48.91667 ], [ -117.16667, 48.95833 ], [ -117.04167, 48.95833 ], [ -117.04167, 49.0 ], [ -117.20833, 49.0 ] ] ], [ [ [ -117.04167, 48.95833 ], [ -117.04167, 48.91667 ], [ -117.0, 48.95833 ], [ -117.04167, 48.95833 ] ] ], [ [ [ -115.91667, 49.41667 ], [ -115.95833, 49.33333 ], [ -115.95833, 49.25 ], [ -116.04167, 49.20833 ], [ -116.125, 49.16667 ], [ -116.125, 49.25 ], [ -116.20833, 49.25 ], [ -116.20833, 49.29167 ], [ -116.29167, 49.29167 ], [ -116.33333, 49.33333 ], [ -116.33333, 49.41667 ], [ -116.375, 49.41667 ], [ -116.41667, 49.41667 ], [ -116.45833, 49.41667 ], [ -116.5, 49.375 ], [ -116.41667, 49.33333 ], [ -116.41667, 49.25 ], [ -116.375, 49.25 ], [ -116.375, 49.29167 ], [ -116.29167, 49.20833 ], [ -116.20833, 49.20833 ], [ -116.08333, 49.08333 ], [ -116.04167, 49.125 ], [ -116.0, 49.04167 ], [ -116.08333, 49.04167 ], [ -116.125, 49.0 ], [ -116.125, 48.875 ], [ -116.08333, 48.875 ], [ -116.08333, 48.95833 ], [ -116.04167, 49.0 ], [ -115.875, 49.0 ], [ -115.875, 48.91667 ], [ -115.75, 48.91667 ], [ -115.66667, 48.95833 ], [ -115.70833, 49.04167 ], [ -115.58333, 49.04167 ], [ -115.54167, 49.08333 ], [ -115.45833, 49.04167 ], [ -115.45833, 49.125 ], [ -115.54167, 49.25 ], [ -115.58333, 49.16667 ], [ -115.66667, 49.125 ], [ -115.79167, 49.125 ], [ -115.79167, 49.08333 ], [ -115.91667, 49.08333 ], [ -115.95833, 49.16667 ], [ -115.83333, 49.16667 ], [ -115.83333, 49.20833 ], [ -115.875, 49.20833 ], [ -115.875, 49.41667 ], [ -115.91667, 49.41667 ] ] ], [ [ [ -115.5, 48.95833 ], [ -115.5, 48.875 ], [ -115.41667, 48.875 ], [ -115.5, 48.95833 ] ] ], [ [ [ -117.20833, 48.91667 ], [ -117.25, 48.875 ], [ -117.20833, 48.875 ], [ -117.20833, 48.91667 ] ] ], [ [ [ -116.625, 48.91667 ], [ -116.625, 48.875 ], [ -116.5, 48.875 ], [ -116.5, 48.91667 ], [ -116.625, 48.91667 ] ] ], [ [ [ -114.91667, 48.91667 ], [ -114.91667, 48.875 ], [ -114.875, 48.875 ], [ -114.875, 48.91667 ], [ -114.91667, 48.91667 ] ] ], [ [ [ -116.29167, 48.875 ], [ -116.20833, 48.83333 ], [ -116.20833, 48.91667 ], [ -116.29167, 48.875 ] ] ], [ [ [ -115.625, 48.91667 ], [ -115.58333, 48.83333 ], [ -115.54167, 48.91667 ], [ -115.625, 48.91667 ] ] ], [ [ [ -115.83333, 48.875 ], [ -115.91667, 48.83333 ], [ -115.83333, 48.83333 ], [ -115.83333, 48.875 ] ] ], [ [ [ -115.29167, 48.875 ], [ -115.33333, 48.83333 ], [ -115.29167, 48.83333 ], [ -115.29167, 48.875 ] ] ], [ [ [ -114.875, 48.875 ], [ -114.875, 48.83333 ], [ -114.79167, 48.83333 ], [ -114.875, 48.875 ] ] ], [ [ [ -117.45833, 48.95833 ], [ -117.54167, 48.79167 ], [ -117.5, 48.79167 ], [ -117.41667, 48.875 ], [ -117.41667, 48.91667 ], [ -117.45833, 48.95833 ] ] ], [ [ [ -115.33333, 48.83333 ], [ -115.375, 48.79167 ], [ -115.33333, 48.79167 ], [ -115.33333, 48.83333 ] ] ], [ [ [ -88.0, 48.83333 ], [ -87.95833, 48.79167 ], [ -87.95833, 48.83333 ], [ -88.0, 48.83333 ] ] ], [ [ [ -116.08333, 48.875 ], [ -116.08333, 48.75 ], [ -116.04167, 48.75 ], [ -116.04167, 48.875 ], [ -116.08333, 48.875 ] ] ], [ [ [ -119.125, 48.75 ], [ -119.04167, 48.83333 ], [ -119.16667, 48.83333 ], [ -119.16667, 48.79167 ], [ -119.125, 48.75 ] ] ], [ [ [ -119.83333, 48.91667 ], [ -119.83333, 48.79167 ], [ -119.79167, 48.70833 ], [ -119.70833, 48.75 ], [ -119.70833, 48.79167 ], [ -119.79167, 48.875 ], [ -119.70833, 48.875 ], [ -119.70833, 48.91667 ], [ -119.83333, 48.91667 ] ] ], [ [ [ -116.70833, 49.16667 ], [ -116.875, 49.16667 ], [ -116.91667, 49.08333 ], [ -116.79167, 49.08333 ], [ -116.79167, 49.04167 ], [ -116.95833, 49.04167 ], [ -117.0, 48.95833 ], [ -116.91667, 48.91667 ], [ -116.875, 48.83333 ], [ -116.79167, 48.83333 ], [ -116.79167, 48.70833 ], [ -116.75, 48.70833 ], [ -116.75, 48.79167 ], [ -116.625, 48.91667 ], [ -116.66667, 49.0 ], [ -116.625, 49.04167 ], [ -116.70833, 49.04167 ], [ -116.66667, 49.125 ], [ -116.70833, 49.16667 ] ], [ [ -116.83333, 48.95833 ], [ -116.75, 48.95833 ], [ -116.75, 48.875 ], [ -116.83333, 48.875 ], [ -116.83333, 48.95833 ] ] ], [ [ [ -114.25, 48.91667 ], [ -114.33333, 48.95833 ], [ -114.33333, 49.04167 ], [ -114.41667, 49.04167 ], [ -114.41667, 49.125 ], [ -114.54167, 49.125 ], [ -114.54167, 49.0 ], [ -114.5, 49.0 ], [ -114.5, 48.83333 ], [ -114.41667, 48.83333 ], [ -114.375, 48.79167 ], [ -114.33333, 48.83333 ], [ -114.25, 48.83333 ], [ -114.25, 48.75 ], [ -114.125, 48.75 ], [ -114.04167, 48.70833 ], [ -114.08333, 48.79167 ], [ -114.125, 48.83333 ], [ -114.25, 48.91667 ] ] ], [ [ [ -120.125, 48.79167 ], [ -120.08333, 48.70833 ], [ -120.08333, 48.79167 ], [ -120.125, 48.79167 ] ] ], [ [ [ -116.0, 48.83333 ], [ -116.04167, 48.75 ], [ -116.04167, 48.70833 ], [ -115.95833, 48.70833 ], [ -115.95833, 48.83333 ], [ -116.0, 48.83333 ] ] ], [ [ [ -115.16667, 48.79167 ], [ -115.20833, 48.75 ], [ -115.29167, 48.75 ], [ -115.29167, 48.70833 ], [ -115.16667, 48.70833 ], [ -115.16667, 48.79167 ] ] ], [ [ [ -117.16667, 48.91667 ], [ -117.16667, 48.83333 ], [ -117.25, 48.83333 ], [ -117.25, 48.75 ], [ -117.33333, 48.75 ], [ -117.33333, 48.66667 ], [ -117.16667, 48.66667 ], [ -117.08333, 48.70833 ], [ -117.04167, 48.79167 ], [ -117.04167, 48.91667 ], [ -117.16667, 48.91667 ] ] ], [ [ [ -114.75, 48.70833 ], [ -114.75, 48.66667 ], [ -114.70833, 48.66667 ], [ -114.70833, 48.70833 ], [ -114.75, 48.70833 ] ] ], [ [ [ -114.04167, 48.70833 ], [ -113.95833, 48.66667 ], [ -113.95833, 48.70833 ], [ -114.04167, 48.70833 ] ] ], [ [ [ -113.79167, 48.70833 ], [ -113.83333, 48.66667 ], [ -113.79167, 48.66667 ], [ -113.79167, 48.70833 ] ] ], [ [ [ -116.5, 48.875 ], [ -116.54167, 48.83333 ], [ -116.5, 48.75 ], [ -116.625, 48.75 ], [ -116.54167, 48.66667 ], [ -116.54167, 48.625 ], [ -116.5, 48.625 ], [ -116.45833, 48.70833 ], [ -116.45833, 48.875 ], [ -116.5, 48.875 ] ] ], [ [ [ -115.125, 48.75 ], [ -115.125, 48.66667 ], [ -115.08333, 48.625 ], [ -115.0, 48.625 ], [ -115.0, 48.70833 ], [ -115.08333, 48.75 ], [ -115.125, 48.75 ] ] ], [ [ [ -86.25, 48.70833 ], [ -86.29167, 48.625 ], [ -86.20833, 48.625 ], [ -86.25, 48.70833 ] ] ], [ [ [ -120.29167, 48.70833 ], [ -120.375, 48.66667 ], [ -120.375, 48.625 ], [ -120.25, 48.625 ], [ -120.16667, 48.66667 ], [ -120.16667, 48.70833 ], [ -120.29167, 48.70833 ] ] ], [ [ [ -115.25, 48.66667 ], [ -115.25, 48.625 ], [ -115.20833, 48.625 ], [ -115.25, 48.66667 ] ] ], [ [ [ -114.66667, 48.66667 ], [ -114.66667, 48.625 ], [ -114.625, 48.625 ], [ -114.625, 48.66667 ], [ -114.66667, 48.66667 ] ] ], [ [ [ -119.79167, 48.70833 ], [ -119.875, 48.66667 ], [ -119.875, 48.58333 ], [ -119.83333, 48.58333 ], [ -119.75, 48.625 ], [ -119.79167, 48.70833 ] ] ], [ [ [ -114.58333, 48.66667 ], [ -114.58333, 48.58333 ], [ -114.54167, 48.58333 ], [ -114.54167, 48.66667 ], [ -114.58333, 48.66667 ] ] ], [ [ [ -114.5, 48.625 ], [ -114.5, 48.58333 ], [ -114.45833, 48.58333 ], [ -114.45833, 48.625 ], [ -114.5, 48.625 ] ] ], [ [ [ -88.33333, 48.66667 ], [ -88.41667, 48.58333 ], [ -88.33333, 48.58333 ], [ -88.33333, 48.66667 ] ] ], [ [ [ -114.33333, 48.75 ], [ -114.29167, 48.58333 ], [ -114.20833, 48.58333 ], [ -114.20833, 48.625 ], [ -114.16667, 48.625 ], [ -114.16667, 48.66667 ], [ -114.25, 48.66667 ], [ -114.33333, 48.75 ] ] ], [ [ [ -118.5, 48.70833 ], [ -118.54167, 48.70833 ], [ -118.54167, 48.54167 ], [ -118.5, 48.54167 ], [ -118.5, 48.70833 ] ] ], [ [ [ -115.79167, 48.66667 ], [ -115.79167, 48.58333 ], [ -115.79167, 48.54167 ], [ -115.75, 48.54167 ], [ -115.70833, 48.58333 ], [ -115.70833, 48.625 ], [ -115.79167, 48.66667 ] ] ], [ [ [ -114.45833, 48.58333 ], [ -114.41667, 48.54167 ], [ -114.41667, 48.58333 ], [ -114.45833, 48.58333 ] ] ], [ [ [ -115.58333, 48.83333 ], [ -115.625, 48.83333 ], [ -115.625, 48.70833 ], [ -115.70833, 48.75 ], [ -115.79167, 48.75 ], [ -115.79167, 48.66667 ], [ -115.58333, 48.66667 ], [ -115.45833, 48.54167 ], [ -115.375, 48.58333 ], [ -115.375, 48.75 ], [ -115.41667, 48.79167 ], [ -115.54167, 48.79167 ], [ -115.58333, 48.83333 ] ] ], [ [ [ -102.41667, 48.54167 ], [ -102.25, 48.54167 ], [ -102.25, 48.5 ], [ -102.08333, 48.5 ], [ -102.125, 48.58333 ], [ -102.25, 48.58333 ], [ -102.25, 48.66667 ], [ -102.41667, 48.75 ], [ -102.58333, 48.75 ], [ -102.58333, 48.79167 ], [ -102.95833, 48.79167 ], [ -102.95833, 48.70833 ], [ -102.83333, 48.70833 ], [ -102.83333, 48.66667 ], [ -102.625, 48.66667 ], [ -102.54167, 48.625 ], [ -102.54167, 48.58333 ], [ -102.41667, 48.58333 ], [ -102.41667, 48.54167 ] ] ], [ [ [ -114.125, 48.625 ], [ -114.125, 48.54167 ], [ -114.04167, 48.5 ], [ -114.04167, 48.625 ], [ -114.125, 48.625 ] ] ], [ [ [ -118.5, 48.54167 ], [ -118.41667, 48.5 ], [ -118.41667, 48.625 ], [ -118.33333, 48.625 ], [ -118.33333, 48.95833 ], [ -118.41667, 48.95833 ], [ -118.41667, 48.83333 ], [ -118.5, 48.83333 ], [ -118.5, 48.75 ], [ -118.41667, 48.75 ], [ -118.45833, 48.66667 ], [ -118.45833, 48.54167 ], [ -118.5, 48.54167 ] ] ], [ [ [ -115.75, 48.54167 ], [ -115.75, 48.5 ], [ -115.70833, 48.5 ], [ -115.70833, 48.54167 ], [ -115.75, 48.54167 ] ] ], [ [ [ -120.125, 48.66667 ], [ -120.125, 48.625 ], [ -120.08333, 48.625 ], [ -120.08333, 48.45833 ], [ -119.95833, 48.45833 ], [ -119.95833, 48.5 ], [ -120.04167, 48.5 ], [ -120.04167, 48.66667 ], [ -120.125, 48.66667 ] ] ], [ [ [ -113.83333, 48.625 ], [ -113.83333, 48.5 ], [ -113.75, 48.45833 ], [ -113.70833, 48.5 ], [ -113.70833, 48.54167 ], [ -113.79167, 48.54167 ], [ -113.79167, 48.625 ], [ -113.83333, 48.625 ] ] ], [ [ [ -72.20833, 48.58333 ], [ -72.20833, 48.45833 ], [ -72.16667, 48.45833 ], [ -72.16667, 48.58333 ], [ -72.20833, 48.58333 ] ] ], [ [ [ -119.20833, 48.5 ], [ -119.20833, 48.45833 ], [ -119.08333, 48.45833 ], [ -119.08333, 48.5 ], [ -119.20833, 48.5 ] ] ], [ [ [ -114.20833, 48.58333 ], [ -114.20833, 48.5 ], [ -114.375, 48.5 ], [ -114.375, 48.45833 ], [ -114.16667, 48.45833 ], [ -114.16667, 48.58333 ], [ -114.20833, 48.58333 ] ] ], [ [ [ -113.875, 48.45833 ], [ -113.95833, 48.54167 ], [ -113.95833, 48.41667 ], [ -113.91667, 48.41667 ], [ -113.91667, 48.45833 ], [ -113.875, 48.45833 ] ] ], [ [ [ -119.875, 48.5 ], [ -119.95833, 48.45833 ], [ -119.95833, 48.41667 ], [ -119.79167, 48.41667 ], [ -119.875, 48.5 ] ] ], [ [ [ -118.54167, 48.54167 ], [ -118.58333, 48.54167 ], [ -118.58333, 48.375 ], [ -118.5, 48.375 ], [ -118.5, 48.45833 ], [ -118.54167, 48.54167 ] ] ], [ [ [ -117.54167, 48.5 ], [ -117.54167, 48.41667 ], [ -117.45833, 48.375 ], [ -117.45833, 48.45833 ], [ -117.54167, 48.5 ] ] ], [ [ [ -88.625, 48.75 ], [ -88.70833, 48.66667 ], [ -88.75, 48.58333 ], [ -88.75, 48.5 ], [ -88.83333, 48.45833 ], [ -88.83333, 48.375 ], [ -88.75, 48.375 ], [ -88.75, 48.45833 ], [ -88.66667, 48.625 ], [ -88.54167, 48.75 ], [ -88.625, 48.75 ] ] ], [ [ [ -113.91667, 48.41667 ], [ -113.91667, 48.375 ], [ -113.875, 48.375 ], [ -113.91667, 48.41667 ] ] ], [ [ [ -113.79167, 48.41667 ], [ -113.79167, 48.375 ], [ -113.75, 48.375 ], [ -113.75, 48.41667 ], [ -113.79167, 48.41667 ] ] ], [ [ [ -116.75, 48.70833 ], [ -116.75, 48.45833 ], [ -116.625, 48.33333 ], [ -116.625, 48.58333 ], [ -116.54167, 48.625 ], [ -116.66667, 48.625 ], [ -116.70833, 48.70833 ], [ -116.75, 48.70833 ] ] ], [ [ [ -116.25, 48.375 ], [ -116.25, 48.29167 ], [ -116.125, 48.29167 ], [ -116.16667, 48.375 ], [ -116.25, 48.375 ] ] ], [ [ [ -114.125, 48.375 ], [ -114.125, 48.29167 ], [ -114.08333, 48.29167 ], [ -114.08333, 48.33333 ], [ -114.04167, 48.33333 ], [ -114.04167, 48.375 ], [ -114.125, 48.375 ] ] ], [ [ [ -99.125, 48.375 ], [ -99.125, 48.29167 ], [ -99.04167, 48.29167 ], [ -99.04167, 48.375 ], [ -99.125, 48.375 ] ] ], [ [ [ -115.66667, 48.33333 ], [ -115.66667, 48.29167 ], [ -115.625, 48.29167 ], [ -115.625, 48.33333 ], [ -115.66667, 48.33333 ] ] ], [ [ [ -86.20833, 48.625 ], [ -86.25, 48.58333 ], [ -86.20833, 48.54167 ], [ -86.20833, 48.41667 ], [ -86.125, 48.25 ], [ -86.08333, 48.25 ], [ -86.08333, 48.41667 ], [ -86.04167, 48.5 ], [ -86.125, 48.5 ], [ -86.20833, 48.625 ] ] ], [ [ [ -113.79167, 48.29167 ], [ -113.79167, 48.25 ], [ -113.75, 48.25 ], [ -113.75, 48.29167 ], [ -113.79167, 48.29167 ] ] ], [ [ [ -116.25, 48.625 ], [ -116.29167, 48.58333 ], [ -116.29167, 48.5 ], [ -116.20833, 48.5 ], [ -116.20833, 48.41667 ], [ -116.16667, 48.41667 ], [ -116.125, 48.45833 ], [ -116.08333, 48.375 ], [ -116.08333, 48.20833 ], [ -116.04167, 48.20833 ], [ -116.0, 48.29167 ], [ -116.0, 48.375 ], [ -116.08333, 48.45833 ], [ -116.04167, 48.5 ], [ -116.08333, 48.54167 ], [ -116.20833, 48.54167 ], [ -116.16667, 48.58333 ], [ -116.16667, 48.625 ], [ -116.25, 48.625 ] ] ], [ [ [ -116.0, 48.29167 ], [ -116.0, 48.20833 ], [ -115.91667, 48.20833 ], [ -116.0, 48.29167 ] ] ], [ [ [ -116.20833, 48.25 ], [ -116.20833, 48.20833 ], [ -116.16667, 48.20833 ], [ -116.20833, 48.25 ] ] ], [ [ [ -115.41667, 48.25 ], [ -115.41667, 48.20833 ], [ -115.375, 48.25 ], [ -115.41667, 48.25 ] ] ], [ [ [ -114.83333, 48.66667 ], [ -114.875, 48.625 ], [ -114.91667, 48.58333 ], [ -114.95833, 48.5 ], [ -115.125, 48.5 ], [ -115.16667, 48.45833 ], [ -115.125, 48.375 ], [ -115.125, 48.41667 ], [ -114.95833, 48.41667 ], [ -114.95833, 48.45833 ], [ -114.91667, 48.41667 ], [ -114.875, 48.41667 ], [ -114.875, 48.375 ], [ -114.91667, 48.375 ], [ -114.91667, 48.33333 ], [ -114.875, 48.29167 ], [ -114.83333, 48.20833 ], [ -114.70833, 48.20833 ], [ -114.66667, 48.16667 ], [ -114.66667, 48.25 ], [ -114.58333, 48.25 ], [ -114.54167, 48.29167 ], [ -114.54167, 48.375 ], [ -114.625, 48.33333 ], [ -114.70833, 48.33333 ], [ -114.66667, 48.41667 ], [ -114.66667, 48.54167 ], [ -114.70833, 48.54167 ], [ -114.70833, 48.625 ], [ -114.79167, 48.625 ], [ -114.79167, 48.66667 ], [ -114.83333, 48.66667 ] ], [ [ -114.875, 48.54167 ], [ -114.75, 48.54167 ], [ -114.75, 48.5 ], [ -114.875, 48.5 ], [ -114.875, 48.54167 ] ] ], [ [ [ -114.0, 48.29167 ], [ -114.0, 48.25 ], [ -114.04167, 48.25 ], [ -113.95833, 48.16667 ], [ -113.875, 48.20833 ], [ -113.91667, 48.29167 ], [ -114.0, 48.29167 ] ] ], [ [ [ -89.91667, 48.16667 ], [ -89.95833, 48.25 ], [ -90.04167, 48.25 ], [ -90.04167, 48.16667 ], [ -89.91667, 48.16667 ] ] ], [ [ [ -113.75, 48.20833 ], [ -113.75, 48.16667 ], [ -113.70833, 48.16667 ], [ -113.75, 48.20833 ] ] ], [ [ [ -109.58333, 48.125 ], [ -109.54167, 48.20833 ], [ -109.75, 48.20833 ], [ -109.75, 48.125 ], [ -109.58333, 48.125 ] ] ], [ [ [ -115.625, 48.16667 ], [ -115.625, 48.08333 ], [ -115.54167, 48.125 ], [ -115.625, 48.16667 ] ] ], [ [ [ -115.04167, 48.125 ], [ -115.04167, 48.08333 ], [ -115.0, 48.08333 ], [ -115.0, 48.125 ], [ -115.04167, 48.125 ] ] ], [ [ [ -91.08333, 48.125 ], [ -91.08333, 48.08333 ], [ -90.95833, 48.08333 ], [ -90.95833, 48.125 ], [ -91.08333, 48.125 ] ] ], [ [ [ -112.91667, 48.125 ], [ -112.91667, 48.08333 ], [ -112.79167, 48.08333 ], [ -112.75, 48.04167 ], [ -112.75, 48.125 ], [ -112.91667, 48.125 ] ] ], [ [ [ -115.0, 48.08333 ], [ -114.95833, 48.04167 ], [ -114.95833, 48.08333 ], [ -115.0, 48.08333 ] ] ], [ [ [ -88.75, 48.04167 ], [ -88.875, 48.04167 ], [ -88.875, 48.0 ], [ -88.75, 48.0 ], [ -88.75, 48.04167 ] ] ], [ [ [ -86.08333, 48.25 ], [ -85.875, 48.04167 ], [ -85.875, 48.0 ], [ -85.75, 48.0 ], [ -85.75, 47.95833 ], [ -85.54167, 47.95833 ], [ -85.58333, 48.0 ], [ -85.58333, 48.08333 ], [ -85.70833, 48.08333 ], [ -85.70833, 48.125 ], [ -85.83333, 48.125 ], [ -85.875, 48.20833 ], [ -85.95833, 48.25 ], [ -86.08333, 48.25 ] ] ], [ [ [ -115.625, 48.0 ], [ -115.625, 47.95833 ], [ -115.58333, 47.95833 ], [ -115.58333, 48.0 ], [ -115.625, 48.0 ] ] ], [ [ [ -88.875, 48.0 ], [ -89.0, 48.0 ], [ -89.0, 47.95833 ], [ -88.875, 47.95833 ], [ -88.875, 48.0 ] ] ], [ [ [ -115.54167, 48.04167 ], [ -115.54167, 47.95833 ], [ -115.58333, 47.95833 ], [ -115.58333, 47.91667 ], [ -115.5, 47.91667 ], [ -115.5, 48.04167 ], [ -115.54167, 48.04167 ] ] ], [ [ [ -89.0, 47.95833 ], [ -89.125, 47.95833 ], [ -89.125, 47.875 ], [ -89.04167, 47.875 ], [ -89.0, 47.95833 ] ] ], [ [ [ -112.70833, 48.0 ], [ -112.79167, 47.95833 ], [ -112.79167, 47.875 ], [ -112.75, 47.83333 ], [ -112.66667, 47.83333 ], [ -112.66667, 48.0 ], [ -112.70833, 48.0 ] ] ], [ [ [ -115.41667, 47.83333 ], [ -115.41667, 47.79167 ], [ -115.33333, 47.79167 ], [ -115.41667, 47.83333 ] ] ], [ [ [ -115.20833, 47.83333 ], [ -115.29167, 47.79167 ], [ -115.20833, 47.79167 ], [ -115.20833, 47.83333 ] ] ], [ [ [ -85.875, 47.79167 ], [ -85.875, 47.75 ], [ -85.66667, 47.75 ], [ -85.66667, 47.79167 ], [ -85.875, 47.79167 ] ] ], [ [ [ -114.83333, 47.91667 ], [ -114.91667, 47.95833 ], [ -114.91667, 47.70833 ], [ -114.79167, 47.70833 ], [ -114.79167, 47.91667 ], [ -114.83333, 47.91667 ] ] ], [ [ [ -113.54167, 47.875 ], [ -113.58333, 47.83333 ], [ -113.5, 47.75 ], [ -113.41667, 47.75 ], [ -113.45833, 47.79167 ], [ -113.45833, 47.875 ], [ -113.54167, 47.875 ] ] ], [ [ [ -113.875, 48.20833 ], [ -113.875, 48.125 ], [ -113.91667, 48.125 ], [ -113.875, 48.04167 ], [ -113.875, 47.95833 ], [ -113.79167, 47.95833 ], [ -113.75, 47.875 ], [ -113.75, 47.66667 ], [ -113.70833, 47.66667 ], [ -113.70833, 47.75 ], [ -113.66667, 47.75 ], [ -113.70833, 47.79167 ], [ -113.70833, 47.91667 ], [ -113.58333, 47.91667 ], [ -113.58333, 48.0 ], [ -113.66667, 48.0 ], [ -113.79167, 48.125 ], [ -113.79167, 48.20833 ], [ -113.875, 48.20833 ] ] ], [ [ [ -114.0, 47.95833 ], [ -114.0, 47.66667 ], [ -113.875, 47.66667 ], [ -113.875, 47.83333 ], [ -113.91667, 47.83333 ], [ -113.91667, 47.95833 ], [ -114.0, 47.95833 ] ] ], [ [ [ -112.95833, 47.875 ], [ -113.0, 47.83333 ], [ -113.0, 47.70833 ], [ -112.91667, 47.66667 ], [ -112.91667, 47.75 ], [ -112.875, 47.75 ], [ -112.875, 47.83333 ], [ -112.95833, 47.875 ] ] ], [ [ [ -115.20833, 47.79167 ], [ -115.25, 47.75 ], [ -115.25, 47.66667 ], [ -115.20833, 47.66667 ], [ -115.16667, 47.70833 ], [ -115.16667, 47.79167 ], [ -115.20833, 47.79167 ] ] ], [ [ [ -112.66667, 47.75 ], [ -112.70833, 47.66667 ], [ -112.66667, 47.66667 ], [ -112.66667, 47.75 ] ] ], [ [ [ -115.16667, 47.70833 ], [ -115.16667, 47.66667 ], [ -115.125, 47.66667 ], [ -115.125, 47.70833 ], [ -115.16667, 47.70833 ] ] ], [ [ [ -113.875, 49.125 ], [ -113.91667, 49.125 ], [ -113.91667, 48.95833 ], [ -113.875, 48.95833 ], [ -113.875, 49.04167 ], [ -113.75, 49.04167 ], [ -113.75, 49.0 ], [ -113.70833, 49.0 ], [ -113.70833, 48.91667 ], [ -113.66667, 48.91667 ], [ -113.66667, 48.95833 ], [ -113.54167, 48.95833 ], [ -113.54167, 48.83333 ], [ -113.625, 48.83333 ], [ -113.625, 48.79167 ], [ -113.45833, 48.79167 ], [ -113.45833, 48.75 ], [ -113.5, 48.66667 ], [ -113.41667, 48.66667 ], [ -113.41667, 48.70833 ], [ -113.375, 48.70833 ], [ -113.375, 48.58333 ], [ -113.29167, 48.41667 ], [ -113.33333, 48.41667 ], [ -113.33333, 48.33333 ], [ -113.5, 48.33333 ], [ -113.5, 48.375 ], [ -113.58333, 48.375 ], [ -113.625, 48.45833 ], [ -113.70833, 48.5 ], [ -113.70833, 48.41667 ], [ -113.66667, 48.375 ], [ -113.70833, 48.375 ], [ -113.70833, 48.29167 ], [ -113.625, 48.25 ], [ -113.58333, 48.16667 ], [ -113.625, 48.08333 ], [ -113.58333, 48.0 ], [ -113.45833, 48.0 ], [ -113.41667, 47.95833 ], [ -113.45833, 47.875 ], [ -113.375, 47.875 ], [ -113.375, 47.75 ], [ -113.33333, 47.75 ], [ -113.33333, 47.625 ], [ -113.29167, 47.625 ], [ -113.29167, 47.875 ], [ -113.20833, 47.875 ], [ -113.20833, 47.95833 ], [ -113.375, 47.95833 ], [ -113.375, 48.04167 ], [ -113.08333, 48.04167 ], [ -113.08333, 48.125 ], [ -113.16667, 48.125 ], [ -113.25, 48.16667 ], [ -113.25, 48.25 ], [ -113.125, 48.25 ], [ -113.08333, 48.20833 ], [ -112.95833, 48.20833 ], [ -112.91667, 48.125 ], [ -112.875, 48.20833 ], [ -112.95833, 48.29167 ], [ -113.04167, 48.29167 ], [ -113.125, 48.33333 ], [ -113.20833, 48.375 ], [ -113.20833, 48.54167 ], [ -113.25, 48.54167 ], [ -113.25, 48.91667 ], [ -113.375, 48.91667 ], [ -113.375, 48.83333 ], [ -113.45833, 48.83333 ], [ -113.45833, 48.91667 ], [ -113.41667, 48.95833 ], [ -113.54167, 49.08333 ], [ -113.875, 49.08333 ], [ -113.875, 49.125 ] ], [ [ -113.5, 48.25 ], [ -113.41667, 48.16667 ], [ -113.5, 48.16667 ], [ -113.5, 48.25 ] ], [ [ -113.375, 48.04167 ], [ -113.45833, 48.125 ], [ -113.375, 48.125 ], [ -113.375, 48.04167 ] ] ], [ [ [ -112.83333, 47.66667 ], [ -112.83333, 47.625 ], [ -112.70833, 47.625 ], [ -112.70833, 47.66667 ], [ -112.83333, 47.66667 ] ] ], [ [ [ -113.70833, 47.625 ], [ -113.70833, 47.58333 ], [ -113.66667, 47.58333 ], [ -113.70833, 47.625 ] ] ], [ [ [ -113.41667, 47.75 ], [ -113.41667, 47.58333 ], [ -113.33333, 47.54167 ], [ -113.33333, 47.625 ], [ -113.375, 47.625 ], [ -113.375, 47.75 ], [ -113.41667, 47.75 ] ] ], [ [ [ -114.79167, 47.54167 ], [ -114.75, 47.625 ], [ -114.79167, 47.66667 ], [ -114.875, 47.625 ], [ -114.83333, 47.58333 ], [ -114.79167, 47.54167 ] ] ], [ [ [ -78.79167, 47.66667 ], [ -78.79167, 47.58333 ], [ -78.58333, 47.58333 ], [ -78.58333, 47.66667 ], [ -78.79167, 47.66667 ] ] ], [ [ [ -113.875, 47.625 ], [ -113.875, 47.54167 ], [ -113.83333, 47.54167 ], [ -113.83333, 47.625 ], [ -113.875, 47.625 ] ] ], [ [ [ -112.79167, 47.58333 ], [ -112.75, 47.54167 ], [ -112.75, 47.58333 ], [ -112.79167, 47.58333 ] ] ], [ [ [ -114.0, 47.58333 ], [ -114.0, 47.5 ], [ -113.95833, 47.5 ], [ -113.95833, 47.58333 ], [ -114.0, 47.58333 ] ] ], [ [ [ -113.25, 47.58333 ], [ -113.25, 47.5 ], [ -113.20833, 47.5 ], [ -113.25, 47.58333 ] ] ], [ [ [ -112.95833, 47.58333 ], [ -112.95833, 47.5 ], [ -112.91667, 47.45833 ], [ -112.83333, 47.45833 ], [ -112.875, 47.54167 ], [ -112.83333, 47.58333 ], [ -112.95833, 47.58333 ] ] ], [ [ [ -79.29167, 47.58333 ], [ -79.25, 47.5 ], [ -79.125, 47.5 ], [ -79.08333, 47.54167 ], [ -79.125, 47.58333 ], [ -79.29167, 47.58333 ] ] ], [ [ [ -115.20833, 47.54167 ], [ -115.20833, 47.45833 ], [ -115.16667, 47.45833 ], [ -115.16667, 47.54167 ], [ -115.20833, 47.54167 ] ] ], [ [ [ -113.83333, 47.5 ], [ -113.83333, 47.45833 ], [ -113.79167, 47.45833 ], [ -113.79167, 47.5 ], [ -113.83333, 47.5 ] ] ], [ [ [ -113.29167, 47.5 ], [ -113.25, 47.41667 ], [ -113.25, 47.5 ], [ -113.29167, 47.5 ] ] ], [ [ [ -113.58333, 47.45833 ], [ -113.58333, 47.41667 ], [ -113.54167, 47.41667 ], [ -113.58333, 47.45833 ] ] ], [ [ [ -72.79167, 47.5 ], [ -72.83333, 47.45833 ], [ -72.83333, 47.375 ], [ -72.75, 47.375 ], [ -72.75, 47.5 ], [ -72.79167, 47.5 ] ] ], [ [ [ -114.0, 47.41667 ], [ -114.0, 47.375 ], [ -113.95833, 47.375 ], [ -113.95833, 47.41667 ], [ -114.0, 47.41667 ] ] ], [ [ [ -112.66667, 47.58333 ], [ -112.75, 47.54167 ], [ -112.75, 47.33333 ], [ -112.70833, 47.33333 ], [ -112.70833, 47.5 ], [ -112.66667, 47.5 ], [ -112.66667, 47.58333 ] ] ], [ [ [ -113.79167, 47.41667 ], [ -113.79167, 47.33333 ], [ -113.75, 47.33333 ], [ -113.79167, 47.41667 ] ] ], [ [ [ -114.70833, 47.29167 ], [ -114.70833, 47.25 ], [ -114.58333, 47.25 ], [ -114.58333, 47.29167 ], [ -114.70833, 47.29167 ] ] ], [ [ [ -113.5, 47.29167 ], [ -113.5, 47.25 ], [ -113.41667, 47.25 ], [ -113.5, 47.29167 ] ] ], [ [ [ -114.54167, 47.29167 ], [ -114.58333, 47.25 ], [ -114.58333, 47.20833 ], [ -114.5, 47.20833 ], [ -114.5, 47.29167 ], [ -114.54167, 47.29167 ] ] ], [ [ [ -113.83333, 47.25 ], [ -113.83333, 47.20833 ], [ -113.79167, 47.20833 ], [ -113.83333, 47.25 ] ] ], [ [ [ -112.66667, 47.375 ], [ -112.66667, 47.33333 ], [ -112.70833, 47.33333 ], [ -112.70833, 47.25 ], [ -112.58333, 47.25 ], [ -112.58333, 47.20833 ], [ -112.5, 47.16667 ], [ -112.5, 47.25 ], [ -112.58333, 47.29167 ], [ -112.58333, 47.375 ], [ -112.66667, 47.375 ] ] ], [ [ [ -114.45833, 47.25 ], [ -114.45833, 47.16667 ], [ -114.41667, 47.16667 ], [ -114.33333, 47.20833 ], [ -114.33333, 47.25 ], [ -114.45833, 47.25 ] ] ], [ [ [ -113.83333, 47.20833 ], [ -113.875, 47.16667 ], [ -113.83333, 47.16667 ], [ -113.83333, 47.20833 ] ] ], [ [ [ -113.33333, 47.20833 ], [ -113.33333, 47.16667 ], [ -113.29167, 47.16667 ], [ -113.29167, 47.20833 ], [ -113.33333, 47.20833 ] ] ], [ [ [ -113.20833, 47.5 ], [ -113.20833, 47.41667 ], [ -113.25, 47.41667 ], [ -113.25, 47.375 ], [ -113.08333, 47.375 ], [ -113.08333, 47.29167 ], [ -113.04167, 47.25 ], [ -113.0, 47.20833 ], [ -112.95833, 47.125 ], [ -112.91667, 47.125 ], [ -112.83333, 47.16667 ], [ -112.83333, 47.20833 ], [ -112.91667, 47.25 ], [ -112.95833, 47.25 ], [ -112.95833, 47.33333 ], [ -113.04167, 47.45833 ], [ -113.16667, 47.45833 ], [ -113.20833, 47.5 ] ] ], [ [ [ -114.70833, 47.25 ], [ -114.79167, 47.20833 ], [ -114.75, 47.16667 ], [ -114.66667, 47.16667 ], [ -114.66667, 47.125 ], [ -114.625, 47.125 ], [ -114.625, 47.20833 ], [ -114.70833, 47.25 ] ] ], [ [ [ -113.04167, 47.20833 ], [ -113.04167, 47.125 ], [ -113.0, 47.125 ], [ -113.0, 47.20833 ], [ -113.04167, 47.20833 ] ] ], [ [ [ -114.41667, 47.16667 ], [ -114.41667, 47.125 ], [ -114.375, 47.125 ], [ -114.41667, 47.16667 ] ] ], [ [ [ -113.125, 47.16667 ], [ -113.16667, 47.20833 ], [ -113.25, 47.20833 ], [ -113.29167, 47.16667 ], [ -113.29167, 47.125 ], [ -113.20833, 47.125 ], [ -113.20833, 47.16667 ], [ -113.125, 47.16667 ] ] ], [ [ [ -113.125, 47.16667 ], [ -113.125, 47.125 ], [ -113.08333, 47.125 ], [ -113.125, 47.16667 ] ] ], [ [ [ -114.33333, 47.20833 ], [ -114.33333, 47.08333 ], [ -114.20833, 47.08333 ], [ -114.29167, 47.125 ], [ -114.29167, 47.20833 ], [ -114.33333, 47.20833 ] ] ], [ [ [ -115.0, 47.125 ], [ -115.0, 47.08333 ], [ -114.95833, 47.08333 ], [ -114.95833, 47.125 ], [ -115.0, 47.125 ] ] ], [ [ [ -114.625, 47.125 ], [ -114.625, 47.08333 ], [ -114.54167, 47.125 ], [ -114.625, 47.125 ] ] ], [ [ [ -113.08333, 47.125 ], [ -113.08333, 47.08333 ], [ -113.04167, 47.125 ], [ -113.08333, 47.125 ] ] ], [ [ [ -113.0, 47.125 ], [ -112.95833, 47.08333 ], [ -112.95833, 47.125 ], [ -113.0, 47.125 ] ] ], [ [ [ -110.58333, 47.125 ], [ -110.70833, 47.125 ], [ -110.70833, 47.08333 ], [ -110.58333, 47.08333 ], [ -110.58333, 47.125 ] ] ], [ [ [ -110.91667, 47.08333 ], [ -110.91667, 47.04167 ], [ -110.875, 47.04167 ], [ -110.875, 47.08333 ], [ -110.91667, 47.08333 ] ] ], [ [ [ -112.375, 46.95833 ], [ -112.25, 46.95833 ], [ -112.375, 47.08333 ], [ -112.375, 46.95833 ] ] ], [ [ [ -110.58333, 47.08333 ], [ -110.58333, 47.04167 ], [ -110.54167, 46.95833 ], [ -110.5, 46.95833 ], [ -110.5, 47.08333 ], [ -110.58333, 47.08333 ] ] ], [ [ [ -112.45833, 47.25 ], [ -112.45833, 47.16667 ], [ -112.5, 47.16667 ], [ -112.5, 47.125 ], [ -112.625, 47.125 ], [ -112.625, 47.16667 ], [ -112.66667, 47.16667 ], [ -112.66667, 47.04167 ], [ -112.875, 47.04167 ], [ -112.875, 47.0 ], [ -112.79167, 47.0 ], [ -112.625, 47.0 ], [ -112.58333, 47.04167 ], [ -112.58333, 47.08333 ], [ -112.41667, 47.08333 ], [ -112.41667, 47.25 ], [ -112.45833, 47.25 ] ] ], [ [ [ -110.83333, 47.0 ], [ -110.79167, 46.95833 ], [ -110.79167, 47.0 ], [ -110.83333, 47.0 ] ] ], [ [ [ -110.75, 47.0 ], [ -110.75, 46.95833 ], [ -110.70833, 47.0 ], [ -110.75, 47.0 ] ] ], [ [ [ -113.625, 47.375 ], [ -113.70833, 47.33333 ], [ -113.66667, 47.33333 ], [ -113.70833, 47.25 ], [ -113.79167, 47.20833 ], [ -113.79167, 47.0 ], [ -113.95833, 47.0 ], [ -113.95833, 46.95833 ], [ -113.875, 46.95833 ], [ -113.875, 46.91667 ], [ -113.83333, 46.95833 ], [ -113.75, 46.95833 ], [ -113.75, 47.04167 ], [ -113.54167, 47.04167 ], [ -113.625, 47.08333 ], [ -113.625, 47.125 ], [ -113.625, 47.20833 ], [ -113.625, 47.375 ] ] ], [ [ [ -112.20833, 52.04167 ], [ -112.33333, 52.125 ], [ -112.45833, 52.125 ], [ -112.45833, 52.20833 ], [ -112.41667, 52.25 ], [ -111.83333, 52.25 ], [ -111.75, 52.20833 ], [ -111.75, 52.16667 ], [ -111.625, 52.16667 ], [ -111.5, 52.29167 ], [ -111.5, 52.375 ], [ -111.66667, 52.375 ], [ -111.70833, 52.45833 ], [ -111.66667, 52.5 ], [ -111.54167, 52.5 ], [ -111.45833, 52.54167 ], [ -111.5, 52.625 ], [ -111.5, 52.70833 ], [ -111.41667, 52.875 ], [ -111.45833, 52.91667 ], [ -111.41667, 52.95833 ], [ -111.5, 53.04167 ], [ -111.58333, 53.04167 ], [ -111.625, 52.95833 ], [ -111.70833, 52.95833 ], [ -111.79167, 53.0 ], [ -111.91667, 53.0 ], [ -111.91667, 53.04167 ], [ -112.25, 53.04167 ], [ -112.25, 53.0 ], [ -112.5, 53.0 ], [ -112.45833, 52.95833 ], [ -112.5, 52.875 ], [ -112.70833, 52.875 ], [ -112.70833, 52.91667 ], [ -112.83333, 52.91667 ], [ -112.83333, 52.875 ], [ -112.95833, 52.875 ], [ -112.95833, 52.83333 ], [ -113.16667, 52.83333 ], [ -113.125, 52.79167 ], [ -113.16667, 52.75 ], [ -113.125, 52.70833 ], [ -113.125, 52.58333 ], [ -113.0, 52.58333 ], [ -113.0, 52.45833 ], [ -113.16667, 52.45833 ], [ -113.375, 52.25 ], [ -113.54167, 52.25 ], [ -113.54167, 52.20833 ], [ -113.41667, 52.20833 ], [ -113.41667, 52.16667 ], [ -113.20833, 52.16667 ], [ -113.20833, 52.04167 ], [ -113.16667, 52.04167 ], [ -113.20833, 52.0 ], [ -113.375, 52.0 ], [ -113.41667, 51.91667 ], [ -113.54167, 51.91667 ], [ -113.54167, 51.83333 ], [ -113.58333, 51.79167 ], [ -113.75, 51.79167 ], [ -113.83333, 51.75 ], [ -113.91667, 51.79167 ], [ -114.04167, 51.79167 ], [ -114.08333, 51.70833 ], [ -114.25, 51.70833 ], [ -114.20833, 51.66667 ], [ -114.25, 51.625 ], [ -114.33333, 51.66667 ], [ -114.33333, 51.75 ], [ -114.375, 51.79167 ], [ -114.5, 51.79167 ], [ -114.5, 51.875 ], [ -114.625, 51.875 ], [ -114.66667, 51.79167 ], [ -114.58333, 51.79167 ], [ -114.54167, 51.83333 ], [ -114.54167, 51.54167 ], [ -114.45833, 51.5 ], [ -114.54167, 51.41667 ], [ -114.41667, 51.41667 ], [ -114.41667, 51.33333 ], [ -114.375, 51.29167 ], [ -114.83333, 51.29167 ], [ -114.83333, 51.20833 ], [ -114.95833, 51.20833 ], [ -115.08333, 51.125 ], [ -115.0, 51.08333 ], [ -114.875, 51.08333 ], [ -114.875, 51.125 ], [ -114.75, 51.125 ], [ -114.75, 51.04167 ], [ -114.66667, 51.04167 ], [ -114.66667, 51.08333 ], [ -114.625, 51.04167 ], [ -114.54167, 51.04167 ], [ -114.54167, 50.95833 ], [ -114.54167, 50.70833 ], [ -114.45833, 50.66667 ], [ -114.45833, 50.41667 ], [ -114.375, 50.41667 ], [ -114.375, 50.33333 ], [ -114.33333, 50.29167 ], [ -114.25, 50.29167 ], [ -114.20833, 50.20833 ], [ -114.25, 50.125 ], [ -114.25, 50.04167 ], [ -114.16667, 50.0 ], [ -114.16667, 49.875 ], [ -114.33333, 49.875 ], [ -114.29167, 49.83333 ], [ -114.29167, 49.66667 ], [ -114.375, 49.58333 ], [ -114.375, 49.33333 ], [ -114.33333, 49.375 ], [ -114.20833, 49.375 ], [ -114.20833, 49.33333 ], [ -114.08333, 49.33333 ], [ -114.04167, 49.25 ], [ -113.95833, 49.25 ], [ -113.91667, 49.16667 ], [ -113.83333, 49.16667 ], [ -113.83333, 49.25 ], [ -113.91667, 49.29167 ], [ -113.91667, 49.375 ], [ -114.04167, 49.375 ], [ -114.04167, 49.41667 ], [ -114.16667, 49.41667 ], [ -114.29167, 49.54167 ], [ -114.20833, 49.625 ], [ -114.20833, 49.70833 ], [ -114.16667, 49.75 ], [ -114.04167, 49.75 ], [ -114.04167, 49.66667 ], [ -113.875, 49.66667 ], [ -113.875, 49.75 ], [ -113.75, 49.75 ], [ -113.875, 49.875 ], [ -113.875, 50.0 ], [ -113.79167, 50.0 ], [ -113.79167, 50.08333 ], [ -113.875, 50.16667 ], [ -113.79167, 50.25 ], [ -113.91667, 50.375 ], [ -114.04167, 50.375 ], [ -114.08333, 50.41667 ], [ -114.08333, 50.54167 ], [ -114.0, 50.54167 ], [ -113.95833, 50.625 ], [ -113.83333, 50.625 ], [ -113.83333, 50.58333 ], [ -113.70833, 50.58333 ], [ -113.70833, 50.54167 ], [ -113.375, 50.54167 ], [ -113.29167, 50.45833 ], [ -113.20833, 50.5 ], [ -113.125, 50.5 ], [ -113.04167, 50.58333 ], [ -113.04167, 50.70833 ], [ -113.375, 50.70833 ], [ -113.45833, 50.79167 ], [ -113.45833, 50.875 ], [ -112.79167, 50.875 ], [ -112.79167, 50.95833 ], [ -112.625, 50.95833 ], [ -112.58333, 50.875 ], [ -112.41667, 50.875 ], [ -112.41667, 50.91667 ], [ -112.5, 51.0 ], [ -112.29167, 51.0 ], [ -112.29167, 50.95833 ], [ -112.125, 50.95833 ], [ -112.125, 50.875 ], [ -112.08333, 50.875 ], [ -112.08333, 50.91667 ], [ -112.0, 50.91667 ], [ -112.0, 51.0 ], [ -111.95833, 51.04167 ], [ -111.875, 50.95833 ], [ -111.33333, 50.95833 ], [ -111.29167, 50.95833 ], [ -111.29167, 51.0 ], [ -111.20833, 51.04167 ], [ -110.91667, 51.04167 ], [ -110.91667, 51.0 ], [ -110.75, 51.0 ], [ -110.75, 50.95833 ], [ -110.625, 50.95833 ], [ -110.625, 51.0 ], [ -110.33333, 51.0 ], [ -110.33333, 51.04167 ], [ -109.95833, 51.04167 ], [ -109.79167, 50.95833 ], [ -109.79167, 51.20833 ], [ -109.70833, 51.16667 ], [ -109.70833, 51.04167 ], [ -109.66667, 51.0 ], [ -109.5, 51.0 ], [ -109.45833, 50.91667 ], [ -109.70833, 50.91667 ], [ -109.70833, 50.83333 ], [ -109.45833, 50.83333 ], [ -109.41667, 50.75 ], [ -109.20833, 50.75 ], [ -109.04167, 50.66667 ], [ -109.04167, 50.83333 ], [ -109.0, 50.875 ], [ -108.91667, 50.875 ], [ -108.91667, 50.95833 ], [ -108.95833, 51.0 ], [ -109.16667, 51.0 ], [ -109.16667, 51.04167 ], [ -108.91667, 51.04167 ], [ -108.91667, 51.0 ], [ -108.25, 51.0 ], [ -108.25, 50.95833 ], [ -107.91667, 50.95833 ], [ -107.91667, 50.875 ], [ -108.16667, 50.875 ], [ -108.16667, 50.79167 ], [ -108.04167, 50.79167 ], [ -108.04167, 50.70833 ], [ -107.58333, 50.70833 ], [ -107.5, 50.66667 ], [ -107.45833, 50.75 ], [ -107.29167, 50.75 ], [ -107.29167, 50.79167 ], [ -107.04167, 50.79167 ], [ -107.08333, 50.66667 ], [ -107.41667, 50.66667 ], [ -107.45833, 50.58333 ], [ -107.58333, 50.58333 ], [ -107.58333, 50.625 ], [ -107.91667, 50.625 ], [ -107.91667, 50.58333 ], [ -108.125, 50.58333 ], [ -108.125, 50.41667 ], [ -107.875, 50.41667 ], [ -107.875, 50.375 ], [ -107.66667, 50.375 ], [ -107.625, 50.45833 ], [ -107.58333, 50.41667 ], [ -107.45833, 50.41667 ], [ -107.375, 50.375 ], [ -107.29167, 50.41667 ], [ -106.95833, 50.41667 ], [ -106.95833, 50.29167 ], [ -106.875, 50.25 ], [ -106.875, 50.41667 ], [ -106.58333, 50.41667 ], [ -106.54167, 50.375 ], [ -106.58333, 50.33333 ], [ -106.5, 50.25 ], [ -106.5, 50.16667 ], [ -106.54167, 50.125 ], [ -106.16667, 50.125 ], [ -106.0, 50.04167 ], [ -105.79167, 50.04167 ], [ -105.75, 50.125 ], [ -105.66667, 50.125 ], [ -105.66667, 50.20833 ], [ -105.70833, 50.29167 ], [ -105.79167, 50.29167 ], [ -105.83333, 50.375 ], [ -106.20833, 50.375 ], [ -106.375, 50.45833 ], [ -106.375, 50.58333 ], [ -106.41667, 50.58333 ], [ -106.41667, 50.70833 ], [ -106.33333, 50.70833 ], [ -106.33333, 50.625 ], [ -106.20833, 50.5 ], [ -105.79167, 50.5 ], [ -105.79167, 50.45833 ], [ -105.5, 50.45833 ], [ -105.5, 50.5 ], [ -105.375, 50.5 ], [ -105.33333, 50.54167 ], [ -105.33333, 50.625 ], [ -105.29167, 50.66667 ], [ -105.04167, 50.66667 ], [ -105.0, 50.625 ], [ -105.0, 50.29167 ], [ -104.91667, 50.20833 ], [ -104.79167, 50.20833 ], [ -104.79167, 50.16667 ], [ -104.66667, 50.16667 ], [ -104.625, 50.08333 ], [ -104.45833, 50.0 ], [ -104.29167, 50.0 ], [ -104.25, 49.91667 ], [ -104.0, 49.79167 ], [ -103.875, 49.79167 ], [ -103.79167, 49.75 ], [ -103.75, 49.66667 ], [ -103.66667, 49.66667 ], [ -103.58333, 49.58333 ], [ -103.58333, 49.54167 ], [ -103.45833, 49.54167 ], [ -103.29167, 49.45833 ], [ -103.29167, 49.41667 ], [ -103.16667, 49.41667 ], [ -102.91667, 49.29167 ], [ -102.91667, 49.25 ], [ -102.79167, 49.25 ], [ -102.70833, 49.20833 ], [ -102.70833, 49.16667 ], [ -102.54167, 49.16667 ], [ -102.54167, 49.125 ], [ -102.20833, 49.125 ], [ -102.20833, 49.04167 ], [ -102.16667, 49.0 ], [ -102.08333, 49.0 ], [ -102.08333, 49.08333 ], [ -102.0, 49.08333 ], [ -101.95833, 49.04167 ], [ -101.83333, 49.04167 ], [ -101.79167, 49.08333 ], [ -101.625, 49.08333 ], [ -101.625, 49.04167 ], [ -101.5, 49.04167 ], [ -101.5, 49.08333 ], [ -101.16667, 49.08333 ], [ -101.08333, 49.125 ], [ -101.08333, 49.20833 ], [ -100.95833, 49.20833 ], [ -100.91667, 49.16667 ], [ -100.91667, 48.95833 ], [ -100.625, 48.95833 ], [ -100.625, 48.875 ], [ -100.54167, 48.83333 ], [ -100.45833, 48.83333 ], [ -100.41667, 48.75 ], [ -100.33333, 48.70833 ], [ -100.125, 48.70833 ], [ -100.08333, 48.625 ], [ -100.0, 48.58333 ], [ -99.83333, 48.58333 ], [ -99.83333, 48.54167 ], [ -99.70833, 48.54167 ], [ -99.625, 48.58333 ], [ -99.58333, 48.54167 ], [ -99.33333, 48.54167 ], [ -99.33333, 48.625 ], [ -99.25, 48.58333 ], [ -98.95833, 48.58333 ], [ -98.70833, 48.45833 ], [ -98.70833, 48.41667 ], [ -98.58333, 48.41667 ], [ -98.58333, 48.375 ], [ -98.45833, 48.375 ], [ -98.375, 48.33333 ], [ -98.25, 48.20833 ], [ -98.29167, 48.125 ], [ -98.20833, 48.125 ], [ -98.04167, 48.20833 ], [ -97.95833, 48.29167 ], [ -97.95833, 48.41667 ], [ -97.875, 48.45833 ], [ -97.875, 48.58333 ], [ -97.91667, 48.66667 ], [ -97.875, 48.75 ], [ -97.79167, 48.79167 ], [ -97.79167, 48.875 ], [ -97.83333, 48.91667 ], [ -97.79167, 48.95833 ], [ -97.83333, 49.0 ], [ -97.91667, 48.95833 ], [ -97.95833, 49.04167 ], [ -97.91667, 49.08333 ], [ -97.45833, 49.08333 ], [ -97.45833, 49.20833 ], [ -97.375, 49.125 ], [ -97.33333, 49.125 ], [ -97.20833, 49.0 ], [ -97.20833, 48.95833 ], [ -96.95833, 48.95833 ], [ -96.79167, 48.79167 ], [ -96.79167, 48.70833 ], [ -96.70833, 48.625 ], [ -96.66667, 48.54167 ], [ -96.54167, 48.41667 ], [ -96.41667, 48.41667 ], [ -96.41667, 48.375 ], [ -96.20833, 48.375 ], [ -96.20833, 48.33333 ], [ -95.95833, 48.33333 ], [ -95.91667, 48.25 ], [ -95.83333, 48.20833 ], [ -95.70833, 48.20833 ], [ -95.66667, 48.125 ], [ -95.58333, 48.125 ], [ -95.54167, 48.08333 ], [ -95.54167, 47.95833 ], [ -95.45833, 47.91667 ], [ -95.33333, 47.91667 ], [ -95.33333, 48.0 ], [ -95.25, 48.0 ], [ -95.25, 47.875 ], [ -94.83333, 47.875 ], [ -94.83333, 47.83333 ], [ -95.0, 47.83333 ], [ -95.04167, 47.79167 ], [ -95.16667, 47.79167 ], [ -95.16667, 47.70833 ], [ -95.33333, 47.70833 ], [ -95.41667, 47.66667 ], [ -95.45833, 47.58333 ], [ -95.54167, 47.5 ], [ -95.54167, 47.41667 ], [ -95.45833, 47.41667 ], [ -95.375, 47.33333 ], [ -95.45833, 47.29167 ], [ -95.54167, 47.29167 ], [ -95.54167, 47.16667 ], [ -95.29167, 47.16667 ], [ -95.29167, 47.25 ], [ -95.20833, 47.375 ], [ -95.20833, 47.45833 ], [ -95.125, 47.58333 ], [ -95.0, 47.58333 ], [ -94.95833, 47.625 ], [ -94.95833, 47.70833 ], [ -94.875, 47.66667 ], [ -94.75, 47.66667 ], [ -94.70833, 47.58333 ], [ -94.45833, 47.58333 ], [ -94.45833, 47.54167 ], [ -93.95833, 47.54167 ], [ -93.875, 47.58333 ], [ -93.83333, 47.54167 ], [ -93.83333, 47.45833 ], [ -93.75, 47.5 ], [ -93.625, 47.5 ], [ -93.58333, 47.58333 ], [ -93.5, 47.58333 ], [ -93.41667, 47.45833 ], [ -93.375, 47.45833 ], [ -93.29167, 47.54167 ], [ -93.29167, 47.41667 ], [ -93.25, 47.375 ], [ -93.16667, 47.41667 ], [ -93.04167, 47.41667 ], [ -93.04167, 47.33333 ], [ -92.95833, 47.29167 ], [ -92.95833, 47.20833 ], [ -92.83333, 47.20833 ], [ -92.75, 47.25 ], [ -92.75, 47.125 ], [ -92.625, 47.125 ], [ -92.5, 47.0 ], [ -92.29167, 47.0 ], [ -92.25, 46.95833 ], [ -92.25, 46.875 ], [ -92.08333, 46.875 ], [ -92.08333, 46.91667 ], [ -91.95833, 46.91667 ], [ -91.875, 46.95833 ], [ -91.83333, 47.04167 ], [ -91.75, 47.04167 ], [ -91.75, 47.08333 ], [ -91.625, 47.08333 ], [ -91.58333, 47.16667 ], [ -91.54167, 47.25 ], [ -91.41667, 47.25 ], [ -91.41667, 47.29167 ], [ -91.33333, 47.29167 ], [ -91.33333, 47.33333 ], [ -91.25, 47.33333 ], [ -91.20833, 47.375 ], [ -91.20833, 47.41667 ], [ -91.125, 47.41667 ], [ -91.08333, 47.5 ], [ -91.0, 47.5 ], [ -90.91667, 47.54167 ], [ -90.875, 47.625 ], [ -90.79167, 47.66667 ], [ -90.66667, 47.66667 ], [ -90.66667, 47.70833 ], [ -90.54167, 47.70833 ], [ -90.54167, 47.75 ], [ -90.33333, 47.75 ], [ -90.33333, 47.79167 ], [ -90.16667, 47.79167 ], [ -90.16667, 47.83333 ], [ -90.04167, 47.83333 ], [ -90.04167, 47.875 ], [ -89.91667, 47.875 ], [ -89.91667, 47.91667 ], [ -89.79167, 47.91667 ], [ -89.79167, 47.95833 ], [ -89.70833, 48.0 ], [ -89.58333, 48.0 ], [ -89.54167, 48.08333 ], [ -89.45833, 48.08333 ], [ -89.33333, 48.16667 ], [ -89.33333, 48.25 ], [ -89.25, 48.29167 ], [ -89.25, 48.45833 ], [ -89.375, 48.45833 ], [ -89.375, 48.41667 ], [ -89.625, 48.41667 ], [ -89.58333, 48.33333 ], [ -89.625, 48.25 ], [ -89.70833, 48.20833 ], [ -89.83333, 48.20833 ], [ -89.83333, 48.125 ], [ -89.91667, 48.16667 ], [ -89.91667, 48.125 ], [ -90.04167, 48.125 ], [ -90.08333, 48.04167 ], [ -90.04167, 48.0 ], [ -90.125, 47.95833 ], [ -90.33333, 47.95833 ], [ -90.29167, 47.91667 ], [ -90.33333, 47.83333 ], [ -90.54167, 47.83333 ], [ -90.54167, 47.79167 ], [ -90.75, 47.79167 ], [ -90.83333, 47.75 ], [ -90.83333, 47.70833 ], [ -91.0, 47.70833 ], [ -91.0, 47.66667 ], [ -91.125, 47.66667 ], [ -91.125, 47.875 ], [ -91.08333, 47.875 ], [ -91.08333, 48.0 ], [ -91.16667, 48.0 ], [ -91.16667, 48.04167 ], [ -91.25, 48.125 ], [ -91.375, 48.125 ], [ -91.375, 48.20833 ], [ -91.54167, 48.20833 ], [ -91.625, 48.25 ], [ -91.83333, 48.25 ], [ -91.83333, 48.29167 ], [ -91.70833, 48.29167 ], [ -91.66667, 48.41667 ], [ -91.79167, 48.41667 ], [ -91.79167, 48.45833 ], [ -91.95833, 48.45833 ], [ -91.95833, 48.5 ], [ -92.125, 48.5 ], [ -92.125, 48.54167 ], [ -91.91667, 48.54167 ], [ -91.91667, 48.58333 ], [ -92.125, 48.58333 ], [ -92.16667, 48.66667 ], [ -92.29167, 48.66667 ], [ -92.33333, 48.75 ], [ -92.45833, 48.75 ], [ -92.54167, 48.79167 ], [ -92.54167, 48.875 ], [ -92.625, 48.91667 ], [ -92.75, 48.91667 ], [ -92.66667, 49.0 ], [ -92.66667, 49.125 ], [ -92.75, 49.16667 ], [ -92.75, 49.20833 ], [ -92.875, 49.20833 ], [ -92.875, 49.25 ], [ -92.70833, 49.41667 ], [ -92.75, 49.45833 ], [ -93.04167, 49.45833 ], [ -93.08333, 49.375 ], [ -93.29167, 49.375 ], [ -93.29167, 49.45833 ], [ -93.20833, 49.45833 ], [ -93.20833, 49.54167 ], [ -93.33333, 49.54167 ], [ -93.33333, 49.58333 ], [ -93.20833, 49.58333 ], [ -93.20833, 49.625 ], [ -93.08333, 49.625 ], [ -93.08333, 49.54167 ], [ -93.0, 49.54167 ], [ -93.0, 49.70833 ], [ -93.04167, 49.79167 ], [ -93.33333, 49.79167 ], [ -93.41667, 49.83333 ], [ -93.54167, 49.83333 ], [ -93.625, 49.79167 ], [ -93.66667, 49.83333 ], [ -93.875, 49.83333 ], [ -93.91667, 49.79167 ], [ -93.91667, 49.83333 ], [ -94.04167, 49.83333 ], [ -94.08333, 49.91667 ], [ -94.20833, 49.91667 ], [ -94.20833, 50.0 ], [ -94.16667, 50.04167 ], [ -94.0, 50.04167 ], [ -94.0, 50.16667 ], [ -94.04167, 50.25 ], [ -94.16667, 50.25 ], [ -94.16667, 50.20833 ], [ -94.33333, 50.20833 ], [ -94.375, 50.29167 ], [ -94.45833, 50.29167 ], [ -94.45833, 50.20833 ], [ -94.41667, 50.16667 ], [ -94.20833, 50.16667 ], [ -94.20833, 50.08333 ], [ -94.25, 50.0 ], [ -94.58333, 50.0 ], [ -94.58333, 50.16667 ], [ -94.66667, 50.16667 ], [ -94.66667, 50.08333 ], [ -94.79167, 50.08333 ], [ -94.83333, 50.04167 ], [ -94.75, 49.95833 ], [ -94.75, 49.83333 ], [ -94.83333, 49.79167 ], [ -94.91667, 49.66667 ], [ -95.04167, 49.66667 ], [ -95.04167, 49.625 ], [ -95.125, 49.58333 ], [ -95.125, 49.41667 ], [ -95.04167, 49.41667 ], [ -94.95833, 49.45833 ], [ -94.95833, 49.375 ], [ -95.0, 49.33333 ], [ -95.0, 49.20833 ], [ -95.25, 49.20833 ], [ -95.33333, 49.16667 ], [ -95.33333, 49.125 ], [ -95.54167, 49.125 ], [ -95.58333, 49.08333 ], [ -95.66667, 49.08333 ], [ -95.66667, 49.0 ], [ -95.70833, 48.95833 ], [ -95.83333, 48.95833 ], [ -95.79167, 49.04167 ], [ -95.70833, 49.08333 ], [ -95.95833, 49.08333 ], [ -96.04167, 49.125 ], [ -96.125, 49.125 ], [ -96.16667, 49.20833 ], [ -96.33333, 49.20833 ], [ -96.33333, 49.29167 ], [ -96.375, 49.375 ], [ -96.33333, 49.45833 ], [ -96.45833, 49.58333 ], [ -96.54167, 49.58333 ], [ -96.54167, 49.91667 ], [ -96.58333, 49.91667 ], [ -96.58333, 50.08333 ], [ -96.54167, 50.08333 ], [ -96.45833, 50.16667 ], [ -96.45833, 50.33333 ], [ -96.29167, 50.33333 ], [ -96.33333, 50.29167 ], [ -96.33333, 50.08333 ], [ -95.79167, 50.08333 ], [ -95.75, 50.16667 ], [ -95.83333, 50.25 ], [ -95.75, 50.25 ], [ -95.75, 50.41667 ], [ -95.875, 50.41667 ], [ -95.91667, 50.45833 ], [ -95.91667, 50.58333 ], [ -96.16667, 50.58333 ], [ -96.16667, 50.66667 ], [ -96.25, 50.66667 ], [ -96.25, 50.58333 ], [ -96.41667, 50.58333 ], [ -96.45833, 50.625 ], [ -96.5, 50.625 ], [ -96.5, 50.375 ], [ -96.58333, 50.41667 ], [ -96.625, 50.375 ], [ -96.91667, 50.375 ], [ -96.95833, 50.41667 ], [ -96.95833, 50.54167 ], [ -97.0, 50.54167 ], [ -97.0, 50.66667 ], [ -97.04167, 50.66667 ], [ -97.04167, 50.45833 ], [ -97.125, 50.45833 ], [ -97.29167, 50.29167 ], [ -97.29167, 50.16667 ], [ -97.45833, 50.16667 ], [ -97.45833, 50.25 ], [ -97.54167, 50.25 ], [ -97.58333, 50.33333 ], [ -97.625, 50.375 ], [ -97.625, 50.5 ], [ -97.66667, 50.5 ], [ -97.70833, 50.41667 ], [ -97.75, 50.41667 ], [ -97.75, 50.29167 ], [ -97.79167, 50.20833 ], [ -97.875, 50.20833 ], [ -97.91667, 50.29167 ], [ -98.04167, 50.29167 ], [ -98.08333, 50.20833 ], [ -98.20833, 50.20833 ], [ -98.20833, 50.16667 ], [ -98.5, 50.16667 ], [ -98.58333, 50.20833 ], [ -98.58333, 50.375 ], [ -98.54167, 50.45833 ], [ -98.625, 50.5 ], [ -98.66667, 50.58333 ], [ -98.66667, 50.45833 ], [ -98.625, 50.45833 ], [ -98.625, 50.29167 ], [ -98.66667, 50.20833 ], [ -98.79167, 50.20833 ], [ -98.91667, 50.29167 ], [ -98.91667, 50.41667 ], [ -98.95833, 50.375 ], [ -99.125, 50.375 ], [ -99.20833, 50.33333 ], [ -99.25, 50.25 ], [ -99.25, 50.16667 ], [ -99.16667, 50.04167 ], [ -99.16667, 49.95833 ], [ -99.33333, 49.95833 ], [ -99.33333, 50.0 ], [ -99.58333, 50.0 ], [ -99.58333, 49.95833 ], [ -100.125, 49.95833 ], [ -100.125, 49.91667 ], [ -100.29167, 49.91667 ], [ -100.29167, 49.95833 ], [ -100.75, 49.95833 ], [ -100.83333, 50.0 ], [ -100.875, 50.08333 ], [ -100.95833, 50.08333 ], [ -101.04167, 50.125 ], [ -101.08333, 50.04167 ], [ -101.25, 50.04167 ], [ -101.25, 50.16667 ], [ -101.16667, 50.16667 ], [ -101.16667, 50.33333 ], [ -101.20833, 50.33333 ], [ -101.20833, 50.29167 ], [ -101.375, 50.29167 ], [ -101.375, 50.33333 ], [ -101.45833, 50.41667 ], [ -101.625, 50.5 ], [ -101.66667, 50.58333 ], [ -101.79167, 50.58333 ], [ -101.83333, 50.66667 ], [ -101.91667, 50.66667 ], [ -101.95833, 50.625 ], [ -102.0, 50.58333 ], [ -102.125, 50.58333 ], [ -102.16667, 50.54167 ], [ -102.5, 50.54167 ], [ -102.41667, 50.5 ], [ -102.41667, 50.45833 ], [ -102.16667, 50.45833 ], [ -102.16667, 50.5 ], [ -102.0, 50.5 ], [ -102.0, 50.33333 ], [ -101.95833, 50.25 ], [ -101.875, 50.25 ], [ -101.83333, 50.20833 ], [ -101.875, 50.16667 ], [ -101.83333, 50.125 ], [ -101.83333, 50.0 ], [ -101.79167, 49.95833 ], [ -101.66667, 49.95833 ], [ -101.66667, 49.875 ], [ -101.70833, 49.83333 ], [ -101.79167, 49.83333 ], [ -101.83333, 49.79167 ], [ -101.79167, 49.75 ], [ -101.79167, 49.66667 ], [ -102.0, 49.66667 ], [ -102.04167, 49.70833 ], [ -102.625, 49.70833 ], [ -102.625, 49.75 ], [ -102.75, 49.75 ], [ -102.79167, 49.83333 ], [ -102.875, 49.83333 ], [ -102.875, 49.91667 ], [ -102.95833, 49.95833 ], [ -103.04167, 50.08333 ], [ -103.20833, 50.08333 ], [ -103.20833, 50.125 ], [ -103.54167, 50.125 ], [ -103.58333, 50.20833 ], [ -103.66667, 50.20833 ], [ -103.66667, 50.29167 ], [ -103.75, 50.33333 ], [ -103.875, 50.33333 ], [ -103.91667, 50.29167 ], [ -104.0, 50.29167 ], [ -104.04167, 50.375 ], [ -104.16667, 50.375 ], [ -104.20833, 50.45833 ], [ -104.29167, 50.45833 ], [ -104.33333, 50.54167 ], [ -104.45833, 50.54167 ], [ -104.54167, 50.58333 ], [ -104.54167, 50.70833 ], [ -104.375, 50.70833 ], [ -104.375, 50.75 ], [ -103.95833, 50.75 ], [ -104.0, 50.83333 ], [ -104.08333, 50.83333 ], [ -104.125, 50.875 ], [ -104.29167, 50.875 ], [ -104.29167, 50.91667 ], [ -104.41667, 50.91667 ], [ -104.41667, 51.0 ], [ -104.54167, 51.0 ], [ -104.58333, 51.04167 ], [ -104.70833, 51.04167 ], [ -104.70833, 51.125 ], [ -104.66667, 51.20833 ], [ -104.75, 51.29167 ], [ -104.70833, 51.33333 ], [ -104.70833, 51.58333 ], [ -104.75, 51.58333 ], [ -104.79167, 51.5 ], [ -105.04167, 51.5 ], [ -105.08333, 51.54167 ], [ -105.20833, 51.54167 ], [ -105.20833, 51.5 ], [ -105.45833, 51.5 ], [ -105.54167, 51.45833 ], [ -105.54167, 51.29167 ], [ -105.625, 51.20833 ], [ -105.91667, 51.20833 ], [ -105.91667, 51.16667 ], [ -106.04167, 51.16667 ], [ -106.04167, 51.20833 ], [ -106.16667, 51.20833 ], [ -106.25, 51.25 ], [ -106.29167, 51.33333 ], [ -106.45833, 51.5 ], [ -106.45833, 51.375 ], [ -106.54167, 51.29167 ], [ -106.58333, 51.33333 ], [ -106.66667, 51.33333 ], [ -106.70833, 51.375 ], [ -106.70833, 51.45833 ], [ -106.66667, 51.5 ], [ -106.58333, 51.5 ], [ -106.58333, 51.66667 ], [ -106.54167, 51.66667 ], [ -106.54167, 51.875 ], [ -106.58333, 51.91667 ], [ -106.66667, 51.91667 ], [ -106.70833, 51.79167 ], [ -106.79167, 51.91667 ], [ -106.875, 51.91667 ], [ -106.875, 51.83333 ], [ -107.04167, 51.83333 ], [ -107.04167, 51.875 ], [ -107.375, 51.875 ], [ -107.375, 51.91667 ], [ -107.5, 52.04167 ], [ -107.58333, 52.08333 ], [ -107.70833, 52.08333 ], [ -107.66667, 52.0 ], [ -107.79167, 52.0 ], [ -107.875, 51.95833 ], [ -108.08333, 51.75 ], [ -108.08333, 51.70833 ], [ -108.29167, 51.70833 ], [ -108.375, 51.75 ], [ -108.41667, 51.83333 ], [ -108.70833, 51.83333 ], [ -108.70833, 51.79167 ], [ -108.875, 51.79167 ], [ -108.83333, 51.70833 ], [ -108.75, 51.66667 ], [ -108.54167, 51.66667 ], [ -108.5, 51.625 ], [ -108.5, 51.54167 ], [ -108.70833, 51.54167 ], [ -108.70833, 51.58333 ], [ -108.79167, 51.66667 ], [ -109.0, 51.66667 ], [ -109.0, 51.75 ], [ -109.125, 51.75 ], [ -109.29167, 51.66667 ], [ -109.33333, 51.75 ], [ -109.5, 51.75 ], [ -109.5, 51.79167 ], [ -109.70833, 51.79167 ], [ -109.70833, 51.875 ], [ -109.75, 51.91667 ], [ -109.45833, 51.91667 ], [ -109.41667, 51.95833 ], [ -109.41667, 52.04167 ], [ -109.5, 52.04167 ], [ -109.5, 52.16667 ], [ -109.58333, 52.25 ], [ -109.54167, 52.29167 ], [ -109.58333, 52.33333 ], [ -109.875, 52.33333 ], [ -109.875, 52.25 ], [ -110.04167, 52.08333 ], [ -110.0, 52.0 ], [ -109.91667, 51.91667 ], [ -109.83333, 51.91667 ], [ -109.83333, 51.79167 ], [ -110.08333, 51.79167 ], [ -110.16667, 51.75 ], [ -110.29167, 51.75 ], [ -110.33333, 51.83333 ], [ -110.41667, 51.83333 ], [ -110.41667, 51.66667 ], [ -110.45833, 51.625 ], [ -110.83333, 51.625 ], [ -110.83333, 51.66667 ], [ -111.0, 51.66667 ], [ -111.0, 51.70833 ], [ -110.91667, 51.75 ], [ -111.16667, 51.75 ], [ -111.16667, 51.79167 ], [ -111.33333, 51.875 ], [ -111.54167, 51.875 ], [ -111.58333, 51.91667 ], [ -111.70833, 51.91667 ], [ -111.75, 52.0 ], [ -111.875, 52.0 ], [ -111.95833, 51.95833 ], [ -112.0, 52.0 ], [ -112.0, 52.08333 ], [ -112.04167, 52.125 ], [ -112.20833, 52.125 ], [ -112.20833, 52.04167 ] ], [ [ -112.33333, 51.54167 ], [ -112.20833, 51.54167 ], [ -112.20833, 51.5 ], [ -112.33333, 51.5 ], [ -112.33333, 51.54167 ] ], [ [ -114.08333, 51.125 ], [ -114.04167, 51.08333 ], [ -113.91667, 51.08333 ], [ -113.95833, 51.0 ], [ -113.95833, 50.875 ], [ -114.08333, 50.875 ], [ -114.08333, 50.95833 ], [ -114.16667, 51.0 ], [ -114.16667, 51.08333 ], [ -114.08333, 51.125 ] ], [ [ -106.79167, 50.75 ], [ -106.70833, 50.75 ], [ -106.70833, 50.66667 ], [ -106.58333, 50.58333 ], [ -106.75, 50.58333 ], [ -106.75, 50.66667 ], [ -106.79167, 50.75 ] ], [ [ -96.375, 50.54167 ], [ -96.20833, 50.54167 ], [ -96.25, 50.45833 ], [ -96.375, 50.45833 ], [ -96.375, 50.54167 ] ], [ [ -97.125, 50.375 ], [ -97.08333, 50.29167 ], [ -97.16667, 50.20833 ], [ -97.20833, 50.29167 ], [ -97.125, 50.375 ] ], [ [ -114.20833, 50.20833 ], [ -114.20833, 50.29167 ], [ -114.125, 50.29167 ], [ -114.20833, 50.20833 ] ], [ [ -114.16667, 50.0 ], [ -114.16667, 50.08333 ], [ -114.0, 50.08333 ], [ -114.08333, 49.95833 ], [ -114.16667, 50.0 ] ], [ [ -98.66667, 49.375 ], [ -98.70833, 49.33333 ], [ -98.79167, 49.375 ], [ -98.875, 49.45833 ], [ -98.75, 49.45833 ], [ -98.66667, 49.375 ] ], [ [ -96.54167, 49.41667 ], [ -96.41667, 49.41667 ], [ -96.41667, 49.33333 ], [ -96.54167, 49.33333 ], [ -96.54167, 49.41667 ] ], [ [ -99.875, 48.95833 ], [ -99.83333, 48.875 ], [ -100.04167, 48.875 ], [ -100.04167, 48.91667 ], [ -100.16667, 48.91667 ], [ -100.16667, 48.875 ], [ -100.29167, 48.875 ], [ -100.375, 48.95833 ], [ -100.41667, 48.91667 ], [ -100.5, 49.0 ], [ -100.41667, 49.08333 ], [ -100.25, 49.08333 ], [ -100.25, 49.125 ], [ -100.125, 49.125 ], [ -100.125, 49.08333 ], [ -99.95833, 49.08333 ], [ -99.875, 49.04167 ], [ -99.875, 48.95833 ] ], [ [ -91.16667, 48.0 ], [ -91.16667, 47.95833 ], [ -91.29167, 47.95833 ], [ -91.29167, 48.0 ], [ -91.16667, 48.0 ] ], [ [ -93.58333, 47.83333 ], [ -93.54167, 47.75 ], [ -93.625, 47.75 ], [ -93.58333, 47.83333 ] ], [ [ -91.41667, 47.66667 ], [ -91.20833, 47.66667 ], [ -91.20833, 47.58333 ], [ -91.29167, 47.5 ], [ -91.45833, 47.41667 ], [ -91.625, 47.41667 ], [ -91.625, 47.5 ], [ -91.58333, 47.58333 ], [ -91.41667, 47.66667 ] ], [ [ -93.04167, 47.41667 ], [ -93.0, 47.5 ], [ -92.91667, 47.5 ], [ -92.91667, 47.41667 ], [ -93.04167, 47.41667 ] ] ], [ [ [ -110.91667, 47.04167 ], [ -111.04167, 47.04167 ], [ -111.125, 47.08333 ], [ -111.125, 46.95833 ], [ -111.08333, 46.95833 ], [ -111.04167, 46.875 ], [ -111.0, 46.875 ], [ -111.0, 47.0 ], [ -110.91667, 47.04167 ] ] ], [ [ [ -110.41667, 46.95833 ], [ -110.41667, 46.875 ], [ -110.33333, 46.91667 ], [ -110.33333, 46.95833 ], [ -110.41667, 46.95833 ] ] ], [ [ [ -114.58333, 46.91667 ], [ -114.58333, 46.875 ], [ -114.54167, 46.875 ], [ -114.54167, 46.91667 ], [ -114.58333, 46.91667 ] ] ], [ [ [ -112.54167, 46.95833 ], [ -112.54167, 46.91667 ], [ -112.58333, 46.91667 ], [ -112.58333, 46.875 ], [ -112.45833, 46.875 ], [ -112.41667, 46.83333 ], [ -112.375, 46.91667 ], [ -112.375, 46.95833 ], [ -112.54167, 46.95833 ] ] ], [ [ [ -114.54167, 46.875 ], [ -114.5, 46.83333 ], [ -114.5, 46.875 ], [ -114.54167, 46.875 ] ] ], [ [ [ -77.95833, 46.95833 ], [ -77.95833, 46.83333 ], [ -77.875, 46.79167 ], [ -77.875, 46.95833 ], [ -77.95833, 46.95833 ] ] ], [ [ [ -112.79167, 46.875 ], [ -112.83333, 46.83333 ], [ -112.66667, 46.83333 ], [ -112.625, 46.79167 ], [ -112.58333, 46.875 ], [ -112.79167, 46.875 ] ] ], [ [ [ -113.25, 46.95833 ], [ -113.29167, 46.91667 ], [ -113.29167, 46.83333 ], [ -113.20833, 46.75 ], [ -113.16667, 46.79167 ], [ -113.16667, 46.875 ], [ -113.25, 46.95833 ] ] ], [ [ [ -111.70833, 46.91667 ], [ -111.66667, 46.875 ], [ -111.70833, 46.79167 ], [ -111.58333, 46.79167 ], [ -111.58333, 46.75 ], [ -111.54167, 46.75 ], [ -111.5, 46.83333 ], [ -111.45833, 46.91667 ], [ -111.70833, 46.91667 ] ] ], [ [ [ -109.625, 46.83333 ], [ -109.625, 46.79167 ], [ -109.58333, 46.75 ], [ -109.54167, 46.75 ], [ -109.54167, 46.79167 ], [ -109.45833, 46.83333 ], [ -109.625, 46.83333 ] ] ], [ [ [ -109.29167, 46.83333 ], [ -109.29167, 46.79167 ], [ -109.20833, 46.75 ], [ -109.20833, 46.83333 ], [ -109.29167, 46.83333 ] ] ], [ [ [ -110.95833, 46.875 ], [ -110.95833, 46.70833 ], [ -110.83333, 46.70833 ], [ -110.875, 46.79167 ], [ -110.95833, 46.875 ] ] ], [ [ [ -110.41667, 46.875 ], [ -110.45833, 46.79167 ], [ -110.375, 46.79167 ], [ -110.33333, 46.83333 ], [ -110.41667, 46.875 ] ] ], [ [ [ -114.45833, 46.75 ], [ -114.375, 46.70833 ], [ -114.375, 46.75 ], [ -114.45833, 46.75 ] ] ], [ [ [ -112.95833, 46.79167 ], [ -113.04167, 46.70833 ], [ -112.95833, 46.70833 ], [ -112.95833, 46.79167 ] ] ], [ [ [ -110.0, 46.75 ], [ -110.04167, 46.70833 ], [ -110.0, 46.70833 ], [ -110.0, 46.75 ] ] ], [ [ [ -109.5, 46.75 ], [ -109.5, 46.70833 ], [ -109.33333, 46.70833 ], [ -109.33333, 46.75 ], [ -109.5, 46.75 ] ] ], [ [ [ -112.33333, 46.70833 ], [ -112.375, 46.75 ], [ -112.45833, 46.70833 ], [ -112.41667, 46.66667 ], [ -112.33333, 46.70833 ] ] ], [ [ [ -112.54167, 46.70833 ], [ -112.54167, 46.66667 ], [ -112.45833, 46.70833 ], [ -112.54167, 46.70833 ] ] ], [ [ [ -110.5, 46.66667 ], [ -110.5, 46.625 ], [ -110.45833, 46.625 ], [ -110.45833, 46.66667 ], [ -110.5, 46.66667 ] ] ], [ [ [ -88.20833, 46.75 ], [ -88.29167, 46.70833 ], [ -88.33333, 46.58333 ], [ -88.41667, 46.58333 ], [ -88.45833, 46.5 ], [ -88.45833, 46.41667 ], [ -88.29167, 46.41667 ], [ -88.29167, 46.375 ], [ -88.125, 46.375 ], [ -88.125, 46.54167 ], [ -87.95833, 46.54167 ], [ -87.875, 46.58333 ], [ -87.83333, 46.70833 ], [ -88.04167, 46.70833 ], [ -88.04167, 46.75 ], [ -88.20833, 46.75 ] ] ], [ [ [ -77.95833, 46.04167 ], [ -77.95833, 45.95833 ], [ -77.875, 45.95833 ], [ -77.95833, 46.04167 ] ] ], [ [ [ -72.83333, 47.29167 ], [ -72.95833, 47.20833 ], [ -72.95833, 47.16667 ], [ -72.95833, 47.0 ], [ -73.04167, 46.91667 ], [ -73.16667, 46.875 ], [ -73.20833, 46.79167 ], [ -73.20833, 46.70833 ], [ -73.29167, 46.66667 ], [ -73.29167, 46.58333 ], [ -73.375, 46.58333 ], [ -73.41667, 46.5 ], [ -73.5, 46.5 ], [ -73.5, 46.41667 ], [ -73.54167, 46.375 ], [ -73.70833, 46.375 ], [ -73.70833, 46.33333 ], [ -73.83333, 46.33333 ], [ -73.875, 46.41667 ], [ -73.95833, 46.375 ], [ -74.0, 46.33333 ], [ -74.08333, 46.33333 ], [ -74.16667, 46.25 ], [ -74.33333, 46.16667 ], [ -74.5, 46.25 ], [ -74.58333, 46.20833 ], [ -74.58333, 45.95833 ], [ -74.54167, 45.95833 ], [ -74.54167, 45.79167 ], [ -74.20833, 45.79167 ], [ -74.20833, 45.875 ], [ -74.125, 45.95833 ], [ -73.875, 45.95833 ], [ -73.83333, 46.04167 ], [ -73.875, 46.08333 ], [ -73.66667, 46.08333 ], [ -73.58333, 46.125 ], [ -73.54167, 46.20833 ], [ -73.45833, 46.20833 ], [ -73.375, 46.25 ], [ -73.20833, 46.25 ], [ -73.20833, 46.33333 ], [ -73.08333, 46.33333 ], [ -73.0, 46.375 ], [ -72.95833, 46.45833 ], [ -72.875, 46.5 ], [ -72.79167, 46.58333 ], [ -72.70833, 46.58333 ], [ -72.70833, 46.5 ], [ -72.5, 46.5 ], [ -72.33333, 46.58333 ], [ -72.29167, 46.66667 ], [ -72.33333, 46.66667 ], [ -72.33333, 46.83333 ], [ -72.41667, 46.875 ], [ -72.41667, 46.95833 ], [ -72.5, 46.95833 ], [ -72.5, 47.08333 ], [ -72.54167, 47.125 ], [ -72.58333, 47.16667 ], [ -72.70833, 47.16667 ], [ -72.70833, 47.125 ], [ -72.83333, 47.125 ], [ -72.83333, 47.29167 ] ] ], [ [ [ -75.75, 45.875 ], [ -75.875, 46.0 ], [ -75.875, 45.75 ], [ -75.79167, 45.70833 ], [ -75.79167, 45.875 ], [ -75.75, 45.875 ] ] ], [ [ [ -77.83333, 45.66667 ], [ -77.83333, 45.58333 ], [ -77.75, 45.58333 ], [ -77.83333, 45.66667 ] ] ], [ [ [ -77.33333, 45.45833 ], [ -77.41667, 45.41667 ], [ -77.41667, 45.375 ], [ -77.25, 45.375 ], [ -77.33333, 45.45833 ] ] ], [ [ [ -84.79167, 48.0 ], [ -84.83333, 48.0 ], [ -84.83333, 47.875 ], [ -84.875, 47.875 ], [ -84.875, 47.75 ], [ -85.0, 47.625 ], [ -84.91667, 47.54167 ], [ -84.75, 47.45833 ], [ -84.66667, 47.45833 ], [ -84.66667, 47.375 ], [ -84.58333, 47.375 ], [ -84.58333, 47.25 ], [ -84.66667, 47.20833 ], [ -84.70833, 47.125 ], [ -84.70833, 47.04167 ], [ -84.66667, 46.95833 ], [ -84.375, 46.95833 ], [ -84.33333, 46.91667 ], [ -84.375, 46.83333 ], [ -84.33333, 46.75 ], [ -84.25, 46.75 ], [ -84.25, 46.66667 ], [ -84.45833, 46.66667 ], [ -84.5, 46.58333 ], [ -84.375, 46.58333 ], [ -84.375, 46.625 ], [ -84.20833, 46.625 ], [ -84.20833, 46.58333 ], [ -84.16667, 46.58333 ], [ -84.16667, 46.625 ], [ -83.875, 46.625 ], [ -83.875, 46.58333 ], [ -83.66667, 46.58333 ], [ -83.66667, 46.54167 ], [ -83.5, 46.54167 ], [ -83.5, 46.5 ], [ -83.125, 46.5 ], [ -83.04167, 46.54167 ], [ -83.04167, 46.45833 ], [ -82.83333, 46.45833 ], [ -82.83333, 46.41667 ], [ -82.58333, 46.41667 ], [ -82.41667, 46.41667 ], [ -82.41667, 46.375 ], [ -81.58333, 46.375 ], [ -81.58333, 46.41667 ], [ -81.20833, 46.41667 ], [ -81.125, 46.45833 ], [ -81.08333, 46.54167 ], [ -80.75, 46.54167 ], [ -80.70833, 46.45833 ], [ -80.625, 46.45833 ], [ -80.58333, 46.41667 ], [ -79.83333, 46.41667 ], [ -79.83333, 46.375 ], [ -79.58333, 46.375 ], [ -79.58333, 46.33333 ], [ -79.04167, 46.33333 ], [ -79.04167, 46.29167 ], [ -79.125, 46.29167 ], [ -79.16667, 46.25 ], [ -79.20833, 46.20833 ], [ -79.16667, 46.16667 ], [ -79.20833, 46.08333 ], [ -79.33333, 46.0 ], [ -79.33333, 45.91667 ], [ -79.41667, 45.91667 ], [ -79.45833, 45.95833 ], [ -79.45833, 46.04167 ], [ -79.54167, 46.04167 ], [ -79.54167, 45.875 ], [ -79.45833, 45.875 ], [ -79.45833, 45.79167 ], [ -79.375, 45.83333 ], [ -79.29167, 45.83333 ], [ -79.29167, 45.75 ], [ -79.20833, 45.66667 ], [ -79.125, 45.66667 ], [ -79.125, 45.54167 ], [ -79.0, 45.45833 ], [ -78.91667, 45.45833 ], [ -78.83333, 45.375 ], [ -78.83333, 45.33333 ], [ -78.625, 45.33333 ], [ -78.58333, 45.33333 ], [ -78.45833, 45.33333 ], [ -78.45833, 45.29167 ], [ -78.33333, 45.29167 ], [ -78.29167, 45.25 ], [ -78.16667, 45.375 ], [ -78.16667, 45.25 ], [ -78.04167, 45.25 ], [ -78.0, 45.33333 ], [ -77.91667, 45.33333 ], [ -77.875, 45.41667 ], [ -77.91667, 45.45833 ], [ -78.125, 45.45833 ], [ -78.16667, 45.54167 ], [ -77.91667, 45.54167 ], [ -77.91667, 45.625 ], [ -77.83333, 45.66667 ], [ -78.0, 45.75 ], [ -78.0, 45.875 ], [ -78.04167, 45.91667 ], [ -78.20833, 45.91667 ], [ -78.20833, 46.0 ], [ -78.0, 46.0 ], [ -77.95833, 46.04167 ], [ -78.0, 46.125 ], [ -78.08333, 46.125 ], [ -78.16667, 46.20833 ], [ -78.41667, 46.20833 ], [ -78.41667, 46.25 ], [ -78.58333, 46.25 ], [ -78.58333, 46.29167 ], [ -78.08333, 46.29167 ], [ -78.08333, 46.25 ], [ -77.66667, 46.25 ], [ -77.66667, 46.20833 ], [ -77.54167, 46.20833 ], [ -77.45833, 46.16667 ], [ -77.41667, 46.08333 ], [ -77.29167, 46.08333 ], [ -77.29167, 46.04167 ], [ -77.16667, 46.04167 ], [ -77.08333, 46.0 ], [ -77.08333, 45.95833 ], [ -76.91667, 45.95833 ], [ -76.91667, 46.0 ], [ -76.79167, 46.0 ], [ -76.75, 46.0 ], [ -76.66667, 46.0 ], [ -76.625, 45.95833 ], [ -76.625, 45.875 ], [ -76.58333, 45.83333 ], [ -76.45833, 45.83333 ], [ -76.45833, 45.875 ], [ -76.33333, 45.875 ], [ -76.33333, 45.91667 ], [ -76.20833, 46.04167 ], [ -76.29167, 46.04167 ], [ -76.29167, 46.16667 ], [ -76.16667, 46.16667 ], [ -76.16667, 46.25 ], [ -76.125, 46.33333 ], [ -76.04167, 46.41667 ], [ -75.91667, 46.41667 ], [ -75.875, 46.33333 ], [ -75.75, 46.33333 ], [ -75.79167, 46.25 ], [ -75.79167, 46.04167 ], [ -75.70833, 46.04167 ], [ -75.70833, 45.875 ], [ -75.66667, 45.875 ], [ -75.58333, 45.95833 ], [ -75.58333, 45.875 ], [ -75.5, 45.79167 ], [ -75.375, 45.79167 ], [ -75.375, 45.83333 ], [ -75.20833, 45.83333 ], [ -75.125, 45.875 ], [ -75.125, 46.04167 ], [ -75.04167, 46.04167 ], [ -75.04167, 45.91667 ], [ -75.0, 45.875 ], [ -74.875, 45.875 ], [ -74.83333, 45.91667 ], [ -74.70833, 45.91667 ], [ -74.66667, 45.875 ], [ -74.58333, 45.875 ], [ -74.66667, 45.95833 ], [ -74.66667, 46.125 ], [ -74.625, 46.125 ], [ -74.58333, 46.20833 ], [ -74.625, 46.25 ], [ -74.625, 46.5 ], [ -74.70833, 46.5 ], [ -74.79167, 46.54167 ], [ -74.83333, 46.625 ], [ -74.95833, 46.5 ], [ -74.95833, 46.58333 ], [ -75.04167, 46.625 ], [ -75.04167, 46.70833 ], [ -75.125, 46.70833 ], [ -75.20833, 46.625 ], [ -75.29167, 46.66667 ], [ -75.29167, 46.75 ], [ -75.5, 46.75 ], [ -75.5, 46.625 ], [ -75.58333, 46.625 ], [ -75.625, 46.58333 ], [ -75.70833, 46.66667 ], [ -75.70833, 46.75 ], [ -75.66667, 46.79167 ], [ -75.58333, 46.79167 ], [ -75.58333, 46.875 ], [ -75.54167, 46.95833 ], [ -75.79167, 46.95833 ], [ -75.79167, 46.91667 ], [ -75.91667, 46.91667 ], [ -76.0, 46.79167 ], [ -76.125, 46.79167 ], [ -76.125, 46.875 ], [ -76.16667, 46.875 ], [ -76.16667, 46.75 ], [ -76.33333, 46.75 ], [ -76.41667, 46.70833 ], [ -76.41667, 46.66667 ], [ -76.54167, 46.66667 ], [ -76.54167, 46.45833 ], [ -76.625, 46.5 ], [ -76.79167, 46.5 ], [ -76.95833, 46.58333 ], [ -77.08333, 46.58333 ], [ -77.08333, 46.66667 ], [ -77.16667, 46.66667 ], [ -77.20833, 46.625 ], [ -77.33333, 46.625 ], [ -77.41667, 46.66667 ], [ -77.45833, 46.625 ], [ -77.45833, 46.54167 ], [ -77.5, 46.5 ], [ -77.625, 46.5 ], [ -77.70833, 46.625 ], [ -77.79167, 46.70833 ], [ -77.95833, 46.70833 ], [ -77.95833, 46.625 ], [ -78.04167, 46.625 ], [ -78.08333, 46.625 ], [ -78.16667, 46.70833 ], [ -78.125, 46.75 ], [ -78.33333, 46.75 ], [ -78.33333, 46.91667 ], [ -78.45833, 46.91667 ], [ -78.54167, 46.95833 ], [ -78.54167, 47.08333 ], [ -78.66667, 47.08333 ], [ -78.625, 47.0 ], [ -78.75, 47.0 ], [ -78.83333, 47.08333 ], [ -78.875, 47.16667 ], [ -78.875, 47.125 ], [ -79.0, 47.125 ], [ -79.04167, 47.16667 ], [ -79.125, 47.125 ], [ -79.25, 47.125 ], [ -79.25, 47.375 ], [ -79.33333, 47.41667 ], [ -79.33333, 47.5 ], [ -79.375, 47.54167 ], [ -79.45833, 47.54167 ], [ -79.45833, 47.625 ], [ -79.625, 47.625 ], [ -79.70833, 47.58333 ], [ -79.75, 47.5 ], [ -79.66667, 47.45833 ], [ -79.66667, 47.375 ], [ -79.75, 47.41667 ], [ -79.875, 47.41667 ], [ -79.95833, 47.375 ], [ -79.875, 47.33333 ], [ -79.875, 47.29167 ], [ -79.95833, 47.29167 ], [ -80.0, 47.20833 ], [ -79.91667, 47.16667 ], [ -80.04167, 47.16667 ], [ -80.08333, 47.20833 ], [ -80.08333, 47.29167 ], [ -80.0, 47.33333 ], [ -80.0, 47.41667 ], [ -80.20833, 47.41667 ], [ -80.29167, 47.375 ], [ -80.29167, 47.25 ], [ -80.375, 47.08333 ], [ -80.54167, 47.08333 ], [ -80.54167, 47.04167 ], [ -80.70833, 47.04167 ], [ -80.875, 46.95833 ], [ -80.91667, 46.875 ], [ -81.08333, 46.875 ], [ -81.08333, 46.79167 ], [ -81.125, 46.75 ], [ -81.29167, 46.75 ], [ -81.45833, 46.83333 ], [ -81.45833, 46.75 ], [ -81.58333, 46.75 ], [ -81.625, 46.79167 ], [ -81.70833, 46.79167 ], [ -81.70833, 46.875 ], [ -81.79167, 46.875 ], [ -81.875, 46.79167 ], [ -81.91667, 46.79167 ], [ -82.0, 46.83333 ], [ -82.08333, 46.75 ], [ -82.125, 46.79167 ], [ -82.25, 46.79167 ], [ -82.29167, 46.875 ], [ -82.41667, 46.875 ], [ -82.45833, 46.95833 ], [ -82.58333, 46.95833 ], [ -82.66667, 46.91667 ], [ -82.66667, 47.0 ], [ -82.75, 47.04167 ], [ -82.91667, 47.04167 ], [ -82.95833, 47.0 ], [ -83.125, 47.0 ], [ -83.125, 47.08333 ], [ -83.25, 47.08333 ], [ -83.29167, 47.08333 ], [ -83.33333, 47.04167 ], [ -83.41667, 47.04167 ], [ -83.625, 46.91667 ], [ -83.79167, 46.91667 ], [ -83.79167, 47.04167 ], [ -84.0, 47.25 ], [ -84.20833, 47.25 ], [ -84.20833, 47.20833 ], [ -84.375, 47.29167 ], [ -84.5, 47.29167 ], [ -84.5, 47.41667 ], [ -84.54167, 47.41667 ], [ -84.54167, 47.54167 ], [ -84.58333, 47.625 ], [ -84.79167, 47.625 ], [ -84.79167, 47.79167 ], [ -84.70833, 47.79167 ], [ -84.70833, 47.91667 ], [ -84.79167, 48.0 ] ], [ [ -75.58333, 45.95833 ], [ -75.66667, 46.08333 ], [ -75.66667, 46.125 ], [ -75.54167, 46.125 ], [ -75.58333, 46.04167 ], [ -75.45833, 46.04167 ], [ -75.5, 45.95833 ], [ -75.58333, 45.95833 ] ], [ [ -75.20833, 46.58333 ], [ -75.04167, 46.58333 ], [ -75.04167, 46.5 ], [ -75.125, 46.5 ], [ -75.16667, 46.41667 ], [ -75.25, 46.41667 ], [ -75.20833, 46.5 ], [ -75.25, 46.54167 ], [ -75.20833, 46.58333 ] ], [ [ -79.04167, 46.29167 ], [ -78.79167, 46.29167 ], [ -78.79167, 46.33333 ], [ -78.66667, 46.33333 ], [ -78.70833, 46.25 ], [ -79.04167, 46.25 ], [ -79.04167, 46.29167 ] ], [ [ -74.83333, 46.08333 ], [ -74.83333, 45.95833 ], [ -74.91667, 46.0 ], [ -74.83333, 46.08333 ] ], [ [ -78.41667, 45.54167 ], [ -78.375, 45.5 ], [ -78.29167, 45.5 ], [ -78.375, 45.41667 ], [ -78.41667, 45.45833 ], [ -78.41667, 45.54167 ] ] ], [ [ [ -73.875, 44.75 ], [ -73.91667, 44.66667 ], [ -73.83333, 44.66667 ], [ -73.875, 44.75 ] ] ], [ [ [ -73.91667, 44.33333 ], [ -73.875, 44.29167 ], [ -73.875, 44.33333 ], [ -73.91667, 44.33333 ] ] ] ] } },
{ "type": "Feature", "properties": { "ID": 5 }, "geometry": { "type": "MultiPolygon", "coordinates": [ [ [ [ -120.70833, 53.66667 ], [ -120.75, 53.58333 ], [ -120.66667, 53.58333 ], [ -120.70833, 53.66667 ] ] ], [ [ [ -120.66667, 53.58333 ], [ -120.625, 53.5 ], [ -120.54167, 53.5 ], [ -120.58333, 53.58333 ], [ -120.66667, 53.58333 ] ] ], [ [ [ -120.375, 53.45833 ], [ -120.41667, 53.41667 ], [ -120.375, 53.41667 ], [ -120.375, 53.45833 ] ] ], [ [ [ -122.70833, 53.66667 ], [ -122.70833, 53.375 ], [ -122.625, 53.375 ], [ -122.66667, 53.45833 ], [ -122.66667, 53.66667 ], [ -122.70833, 53.66667 ] ] ], [ [ [ -120.375, 53.41667 ], [ -120.375, 53.375 ], [ -120.29167, 53.375 ], [ -120.29167, 53.41667 ], [ -120.375, 53.41667 ] ] ], [ [ [ -120.29167, 53.375 ], [ -120.29167, 53.33333 ], [ -120.20833, 53.33333 ], [ -120.20833, 53.375 ], [ -120.29167, 53.375 ] ] ], [ [ [ -120.20833, 53.33333 ], [ -120.20833, 53.29167 ], [ -120.16667, 53.33333 ], [ -120.20833, 53.33333 ] ] ], [ [ [ -119.95833, 53.20833 ], [ -119.95833, 53.16667 ], [ -119.91667, 53.16667 ], [ -119.91667, 53.20833 ], [ -119.95833, 53.20833 ] ] ], [ [ [ -119.66667, 53.08333 ], [ -119.66667, 53.04167 ], [ -119.625, 53.08333 ], [ -119.66667, 53.08333 ] ] ], [ [ [ -119.5, 53.0 ], [ -119.5, 52.95833 ], [ -119.45833, 53.0 ], [ -119.5, 53.0 ] ] ], [ [ [ -121.95833, 52.66667 ], [ -121.95833, 52.625 ], [ -121.75, 52.625 ], [ -121.75, 52.66667 ], [ -121.95833, 52.66667 ] ] ], [ [ [ -120.66667, 52.58333 ], [ -120.66667, 52.54167 ], [ -120.625, 52.54167 ], [ -120.66667, 52.58333 ] ] ], [ [ [ -120.75, 52.54167 ], [ -120.75, 52.5 ], [ -120.66667, 52.5 ], [ -120.66667, 52.54167 ], [ -120.75, 52.54167 ] ] ], [ [ [ -121.0, 52.66667 ], [ -121.04167, 52.625 ], [ -121.125, 52.58333 ], [ -121.125, 52.54167 ], [ -121.375, 52.54167 ], [ -121.45833, 52.5 ], [ -121.54167, 52.58333 ], [ -121.54167, 52.41667 ], [ -121.625, 52.45833 ], [ -121.75, 52.45833 ], [ -121.875, 52.58333 ], [ -121.91667, 52.54167 ], [ -121.91667, 52.45833 ], [ -121.95833, 52.375 ], [ -121.75, 52.375 ], [ -121.75, 52.33333 ], [ -121.58333, 52.33333 ], [ -121.5, 52.29167 ], [ -121.5, 52.25 ], [ -121.25, 52.25 ], [ -121.25, 52.375 ], [ -121.125, 52.375 ], [ -121.125, 52.41667 ], [ -121.04167, 52.45833 ], [ -121.08333, 52.375 ], [ -121.0, 52.375 ], [ -121.0, 52.41667 ], [ -120.83333, 52.41667 ], [ -120.875, 52.45833 ], [ -120.875, 52.54167 ], [ -120.95833, 52.54167 ], [ -120.95833, 52.66667 ], [ -121.0, 52.66667 ] ] ], [ [ [ -118.5, 52.16667 ], [ -118.5, 52.08333 ], [ -118.375, 52.08333 ], [ -118.375, 52.16667 ], [ -118.5, 52.16667 ] ] ], [ [ [ -118.04167, 51.95833 ], [ -118.04167, 51.91667 ], [ -117.95833, 51.95833 ], [ -118.04167, 51.95833 ] ] ], [ [ [ -118.58333, 52.0 ], [ -118.58333, 51.875 ], [ -118.54167, 51.875 ], [ -118.54167, 52.0 ], [ -118.58333, 52.0 ] ] ], [ [ [ -119.29167, 51.91667 ], [ -119.33333, 51.875 ], [ -119.29167, 51.875 ], [ -119.29167, 51.91667 ] ] ], [ [ [ -118.625, 51.875 ], [ -118.625, 51.83333 ], [ -118.58333, 51.875 ], [ -118.625, 51.875 ] ] ], [ [ [ -121.04167, 51.95833 ], [ -121.04167, 51.875 ], [ -121.125, 51.875 ], [ -121.125, 51.75 ], [ -120.875, 51.75 ], [ -120.83333, 51.83333 ], [ -120.58333, 51.83333 ], [ -120.58333, 51.875 ], [ -120.375, 51.875 ], [ -120.375, 51.91667 ], [ -120.91667, 51.91667 ], [ -120.91667, 51.95833 ], [ -121.04167, 51.95833 ] ], [ [ -121.04167, 51.83333 ], [ -120.91667, 51.83333 ], [ -120.91667, 51.79167 ], [ -121.04167, 51.79167 ], [ -121.04167, 51.83333 ] ] ], [ [ [ -117.70833, 51.79167 ], [ -117.70833, 51.75 ], [ -117.66667, 51.75 ], [ -117.66667, 51.70833 ], [ -117.58333, 51.70833 ], [ -117.625, 51.79167 ], [ -117.70833, 51.79167 ] ] ], [ [ [ -121.16667, 51.75 ], [ -121.16667, 51.70833 ], [ -121.125, 51.75 ], [ -121.16667, 51.75 ] ] ], [ [ [ -119.375, 51.75 ], [ -119.375, 51.70833 ], [ -119.33333, 51.75 ], [ -119.375, 51.75 ] ] ], [ [ [ -119.625, 51.70833 ], [ -119.625, 51.66667 ], [ -119.375, 51.66667 ], [ -119.375, 51.70833 ], [ -119.625, 51.70833 ] ] ], [ [ [ -119.20833, 51.66667 ], [ -119.20833, 51.625 ], [ -119.125, 51.66667 ], [ -119.20833, 51.66667 ] ] ], [ [ [ -119.625, 51.66667 ], [ -119.70833, 51.66667 ], [ -119.75, 51.58333 ], [ -119.625, 51.58333 ], [ -119.625, 51.66667 ] ] ], [ [ [ -119.25, 51.625 ], [ -119.25, 51.58333 ], [ -119.20833, 51.625 ], [ -119.25, 51.625 ] ] ], [ [ [ -118.625, 51.83333 ], [ -118.70833, 51.79167 ], [ -118.66667, 51.70833 ], [ -118.66667, 51.625 ], [ -118.625, 51.58333 ], [ -118.58333, 51.54167 ], [ -118.54167, 51.54167 ], [ -118.54167, 51.625 ], [ -118.41667, 51.625 ], [ -118.41667, 51.66667 ], [ -118.58333, 51.66667 ], [ -118.58333, 51.70833 ], [ -118.625, 51.70833 ], [ -118.625, 51.83333 ] ] ], [ [ [ -119.29167, 51.58333 ], [ -119.29167, 51.54167 ], [ -119.41667, 51.54167 ], [ -119.41667, 51.5 ], [ -119.25, 51.5 ], [ -119.25, 51.58333 ], [ -119.29167, 51.58333 ] ] ], [ [ [ -118.54167, 51.54167 ], [ -118.54167, 51.5 ], [ -118.5, 51.5 ], [ -118.5, 51.54167 ], [ -118.54167, 51.54167 ] ] ], [ [ [ -118.5, 51.5 ], [ -118.5, 51.41667 ], [ -118.45833, 51.375 ], [ -118.41667, 51.375 ], [ -118.41667, 51.5 ], [ -118.5, 51.5 ] ] ], [ [ [ -117.04167, 51.41667 ], [ -117.04167, 51.33333 ], [ -117.0, 51.33333 ], [ -117.0, 51.41667 ], [ -117.04167, 51.41667 ] ] ], [ [ [ -119.5, 51.375 ], [ -119.5, 51.33333 ], [ -119.45833, 51.375 ], [ -119.5, 51.375 ] ] ], [ [ [ -118.41667, 51.375 ], [ -118.41667, 51.33333 ], [ -118.375, 51.375 ], [ -118.41667, 51.375 ] ] ], [ [ [ -119.5, 51.54167 ], [ -119.5, 51.41667 ], [ -119.45833, 51.375 ], [ -119.41667, 51.29167 ], [ -119.375, 51.29167 ], [ -119.375, 51.41667 ], [ -119.41667, 51.5 ], [ -119.45833, 51.54167 ], [ -119.5, 51.54167 ] ] ], [ [ [ -121.16667, 51.75 ], [ -121.16667, 51.83333 ], [ -121.375, 51.83333 ], [ -121.375, 51.875 ], [ -121.58333, 51.875 ], [ -121.66667, 51.91667 ], [ -121.66667, 52.0 ], [ -121.70833, 52.04167 ], [ -121.79167, 52.04167 ], [ -121.83333, 52.125 ], [ -121.79167, 52.16667 ], [ -122.0, 52.16667 ], [ -122.0, 52.29167 ], [ -122.16667, 52.29167 ], [ -122.25, 52.33333 ], [ -122.25, 52.41667 ], [ -122.29167, 52.45833 ], [ -122.375, 52.45833 ], [ -122.375, 52.75 ], [ -122.33333, 52.83333 ], [ -122.375, 52.91667 ], [ -122.29167, 52.91667 ], [ -122.29167, 52.83333 ], [ -122.20833, 52.75 ], [ -122.125, 52.58333 ], [ -122.08333, 52.58333 ], [ -122.08333, 52.70833 ], [ -122.125, 52.75 ], [ -122.125, 52.83333 ], [ -122.29167, 53.0 ], [ -122.375, 53.0 ], [ -122.45833, 53.20833 ], [ -122.54167, 53.20833 ], [ -122.58333, 53.16667 ], [ -122.70833, 53.16667 ], [ -122.66667, 53.08333 ], [ -122.58333, 53.08333 ], [ -122.58333, 52.95833 ], [ -122.54167, 52.95833 ], [ -122.54167, 52.54167 ], [ -122.5, 52.45833 ], [ -122.41667, 52.41667 ], [ -122.41667, 52.33333 ], [ -122.33333, 52.29167 ], [ -122.33333, 52.16667 ], [ -122.375, 52.16667 ], [ -122.375, 51.95833 ], [ -122.5, 51.95833 ], [ -122.45833, 51.875 ], [ -122.875, 51.875 ], [ -122.875, 51.83333 ], [ -122.70833, 51.83333 ], [ -122.625, 51.79167 ], [ -122.5, 51.79167 ], [ -122.5, 51.75 ], [ -122.41667, 51.75 ], [ -122.375, 51.70833 ], [ -122.375, 51.625 ], [ -122.45833, 51.58333 ], [ -122.5, 51.5 ], [ -122.41667, 51.45833 ], [ -122.33333, 51.5 ], [ -122.29167, 51.41667 ], [ -122.29167, 51.29167 ], [ -122.25, 51.29167 ], [ -122.25, 51.41667 ], [ -122.20833, 51.41667 ], [ -122.20833, 51.29167 ], [ -122.16667, 51.29167 ], [ -122.16667, 51.5 ], [ -122.20833, 51.5 ], [ -122.20833, 51.625 ], [ -122.29167, 51.66667 ], [ -122.29167, 51.75 ], [ -122.20833, 51.75 ], [ -122.25, 51.83333 ], [ -122.25, 52.0 ], [ -122.20833, 52.04167 ], [ -122.125, 52.0 ], [ -122.04167, 52.0 ], [ -122.0, 51.95833 ], [ -121.91667, 52.0 ], [ -121.875, 51.95833 ], [ -121.875, 51.875 ], [ -121.75, 51.875 ], [ -121.75, 51.83333 ], [ -121.625, 51.83333 ], [ -121.54167, 51.79167 ], [ -121.54167, 51.75 ], [ -121.41667, 51.75 ], [ -121.41667, 51.70833 ], [ -121.25, 51.70833 ], [ -121.16667, 51.75 ] ], [ [ -122.20833, 52.25 ], [ -122.125, 52.25 ], [ -122.125, 52.16667 ], [ -122.20833, 52.16667 ], [ -122.20833, 52.25 ] ] ], [ [ [ -119.25, 51.375 ], [ -119.33333, 51.33333 ], [ -119.33333, 51.29167 ], [ -119.16667, 51.29167 ], [ -119.20833, 51.33333 ], [ -119.20833, 51.375 ], [ -119.25, 51.375 ] ] ], [ [ [ -117.0, 51.33333 ], [ -117.0, 51.29167 ], [ -116.95833, 51.29167 ], [ -116.95833, 51.33333 ], [ -117.0, 51.33333 ] ] ], [ [ [ -122.25, 51.29167 ], [ -122.25, 51.25 ], [ -122.20833, 51.25 ], [ -122.20833, 51.29167 ], [ -122.25, 51.29167 ] ] ], [ [ [ -122.16667, 51.29167 ], [ -122.16667, 51.25 ], [ -122.125, 51.25 ], [ -122.16667, 51.29167 ] ] ], [ [ [ -119.41667, 51.29167 ], [ -119.45833, 51.25 ], [ -119.41667, 51.25 ], [ -119.41667, 51.29167 ] ] ], [ [ [ -116.95833, 51.29167 ], [ -116.95833, 51.25 ], [ -116.91667, 51.25 ], [ -116.91667, 51.29167 ], [ -116.95833, 51.29167 ] ] ], [ [ [ -122.20833, 51.25 ], [ -122.20833, 51.20833 ], [ -122.16667, 51.20833 ], [ -122.16667, 51.25 ], [ -122.20833, 51.25 ] ] ], [ [ [ -116.91667, 51.25 ], [ -116.91667, 51.20833 ], [ -116.875, 51.20833 ], [ -116.875, 51.25 ], [ -116.91667, 51.25 ] ] ], [ [ [ -122.125, 51.25 ], [ -122.125, 51.20833 ], [ -122.08333, 51.16667 ], [ -122.04167, 51.16667 ], [ -122.0, 51.25 ], [ -122.125, 51.25 ] ] ], [ [ [ -119.54167, 51.33333 ], [ -119.58333, 51.25 ], [ -119.58333, 51.20833 ], [ -119.54167, 51.16667 ], [ -119.45833, 51.20833 ], [ -119.45833, 51.25 ], [ -119.5, 51.33333 ], [ -119.54167, 51.33333 ] ] ], [ [ [ -122.16667, 51.20833 ], [ -122.16667, 51.16667 ], [ -122.125, 51.16667 ], [ -122.125, 51.20833 ], [ -122.16667, 51.20833 ] ] ], [ [ [ -119.625, 51.20833 ], [ -119.625, 51.16667 ], [ -119.58333, 51.16667 ], [ -119.58333, 51.20833 ], [ -119.625, 51.20833 ] ] ], [ [ [ -122.125, 51.16667 ], [ -122.125, 51.125 ], [ -122.08333, 51.125 ], [ -122.08333, 51.16667 ], [ -122.125, 51.16667 ] ] ], [ [ [ -119.58333, 51.16667 ], [ -119.58333, 51.125 ], [ -119.54167, 51.125 ], [ -119.54167, 51.16667 ], [ -119.58333, 51.16667 ] ] ], [ [ [ -116.79167, 51.16667 ], [ -116.79167, 51.125 ], [ -116.75, 51.125 ], [ -116.75, 51.16667 ], [ -116.79167, 51.16667 ] ] ], [ [ [ -116.75, 51.125 ], [ -116.70833, 51.08333 ], [ -116.70833, 51.125 ], [ -116.75, 51.125 ] ] ], [ [ [ -119.625, 51.16667 ], [ -119.70833, 51.16667 ], [ -119.75, 51.125 ], [ -119.75, 51.08333 ], [ -119.70833, 51.04167 ], [ -119.66667, 51.04167 ], [ -119.66667, 51.08333 ], [ -119.625, 51.08333 ], [ -119.625, 51.16667 ] ] ], [ [ [ -119.79167, 51.08333 ], [ -119.75, 51.04167 ], [ -119.75, 51.08333 ], [ -119.79167, 51.08333 ] ] ], [ [ [ -116.66667, 51.08333 ], [ -116.66667, 51.04167 ], [ -116.625, 51.08333 ], [ -116.66667, 51.08333 ] ] ], [ [ [ -118.08333, 51.04167 ], [ -118.04167, 51.0 ], [ -118.04167, 51.04167 ], [ -118.08333, 51.04167 ] ] ], [ [ [ -116.58333, 51.04167 ], [ -116.58333, 51.0 ], [ -116.54167, 51.04167 ], [ -116.58333, 51.04167 ] ] ], [ [ [ -114.08333, 51.125 ], [ -114.16667, 51.08333 ], [ -114.16667, 51.0 ], [ -114.08333, 50.95833 ], [ -114.08333, 50.875 ], [ -113.95833, 50.875 ], [ -113.95833, 51.0 ], [ -113.91667, 51.08333 ], [ -114.04167, 51.08333 ], [ -114.08333, 51.125 ] ] ], [ [ [ -118.5, 50.95833 ], [ -118.5, 50.875 ], [ -118.41667, 50.91667 ], [ -118.41667, 50.95833 ], [ -118.5, 50.95833 ] ] ], [ [ [ -122.83333, 50.91667 ], [ -122.83333, 50.875 ], [ -122.75, 50.875 ], [ -122.75, 50.91667 ], [ -122.83333, 50.91667 ] ] ], [ [ [ -122.625, 50.91667 ], [ -122.66667, 50.875 ], [ -122.625, 50.875 ], [ -122.625, 50.91667 ] ] ], [ [ [ -122.25, 50.91667 ], [ -122.25, 50.875 ], [ -122.20833, 50.875 ], [ -122.20833, 50.91667 ], [ -122.25, 50.91667 ] ] ], [ [ [ -116.41667, 50.95833 ], [ -116.41667, 50.875 ], [ -116.375, 50.83333 ], [ -116.29167, 50.83333 ], [ -116.29167, 50.875 ], [ -116.33333, 50.91667 ], [ -116.375, 50.95833 ], [ -116.41667, 50.95833 ] ] ], [ [ [ -120.66667, 50.875 ], [ -120.66667, 50.83333 ], [ -120.625, 50.83333 ], [ -120.625, 50.875 ], [ -120.66667, 50.875 ] ] ], [ [ [ -118.95833, 50.79167 ], [ -118.91667, 50.79167 ], [ -118.875, 50.83333 ], [ -118.875, 50.875 ], [ -118.75, 50.875 ], [ -118.70833, 50.95833 ], [ -118.54167, 50.95833 ], [ -118.54167, 51.0 ], [ -118.66667, 51.0 ], [ -118.66667, 51.08333 ], [ -118.70833, 51.125 ], [ -118.70833, 51.04167 ], [ -118.75, 51.04167 ], [ -118.83333, 50.95833 ], [ -118.83333, 50.91667 ], [ -118.95833, 50.91667 ], [ -118.95833, 50.95833 ], [ -119.0, 50.91667 ], [ -119.04167, 50.91667 ], [ -119.04167, 50.79167 ], [ -119.0, 50.79167 ], [ -119.0, 50.75 ], [ -118.95833, 50.75 ], [ -118.95833, 50.79167 ] ] ], [ [ [ -122.20833, 50.875 ], [ -122.20833, 50.79167 ], [ -122.16667, 50.79167 ], [ -122.125, 50.83333 ], [ -122.20833, 50.875 ] ] ], [ [ [ -117.58333, 50.95833 ], [ -117.66667, 50.79167 ], [ -117.58333, 50.83333 ], [ -117.58333, 50.95833 ] ] ], [ [ [ -122.125, 50.83333 ], [ -122.125, 50.79167 ], [ -122.0, 50.79167 ], [ -122.0, 50.83333 ], [ -122.125, 50.83333 ] ] ], [ [ [ -116.29167, 50.83333 ], [ -116.29167, 50.79167 ], [ -116.25, 50.79167 ], [ -116.25, 50.83333 ], [ -116.29167, 50.83333 ] ] ], [ [ [ -121.33333, 50.875 ], [ -121.375, 50.95833 ], [ -121.33333, 51.0 ], [ -121.41667, 51.08333 ], [ -121.375, 51.16667 ], [ -121.45833, 51.20833 ], [ -121.5, 51.125 ], [ -121.5, 51.0 ], [ -121.45833, 50.91667 ], [ -121.54167, 50.91667 ], [ -121.58333, 50.875 ], [ -121.625, 50.83333 ], [ -121.625, 50.70833 ], [ -121.58333, 50.79167 ], [ -121.5, 50.875 ], [ -121.41667, 50.875 ], [ -121.375, 50.79167 ], [ -121.375, 50.70833 ], [ -121.33333, 50.70833 ], [ -121.33333, 50.83333 ], [ -121.25, 50.79167 ], [ -120.66667, 50.79167 ], [ -120.66667, 50.83333 ], [ -120.75, 50.83333 ], [ -120.83333, 50.875 ], [ -120.83333, 51.0 ], [ -121.0, 51.0 ], [ -121.04167, 50.91667 ], [ -121.04167, 50.875 ], [ -121.33333, 50.875 ] ] ], [ [ [ -122.08333, 51.125 ], [ -122.08333, 51.04167 ], [ -121.95833, 51.04167 ], [ -121.95833, 50.95833 ], [ -121.91667, 50.95833 ], [ -121.91667, 50.79167 ], [ -122.0, 50.79167 ], [ -122.0, 50.75 ], [ -121.95833, 50.70833 ], [ -121.83333, 50.70833 ], [ -121.83333, 50.75 ], [ -121.79167, 50.75 ], [ -121.79167, 50.83333 ], [ -121.83333, 50.83333 ], [ -121.83333, 50.875 ], [ -121.75, 50.91667 ], [ -121.83333, 50.91667 ], [ -121.83333, 51.0 ], [ -121.875, 51.04167 ], [ -121.91667, 51.08333 ], [ -121.95833, 51.125 ], [ -122.0, 51.125 ], [ -122.04167, 51.16667 ], [ -122.04167, 51.125 ], [ -122.08333, 51.125 ] ] ], [ [ [ -120.91667, 50.70833 ], [ -120.91667, 50.75 ], [ -121.20833, 50.75 ], [ -121.20833, 50.70833 ], [ -120.91667, 50.70833 ] ] ], [ [ [ -120.25, 52.375 ], [ -120.25, 52.20833 ], [ -120.20833, 52.20833 ], [ -120.20833, 52.04167 ], [ -120.25, 52.0 ], [ -120.25, 51.95833 ], [ -120.375, 51.95833 ], [ -120.375, 51.91667 ], [ -120.16667, 51.91667 ], [ -120.16667, 51.875 ], [ -120.125, 51.875 ], [ -120.125, 51.83333 ], [ -120.08333, 51.79167 ], [ -120.08333, 51.70833 ], [ -120.125, 51.66667 ], [ -120.25, 51.54167 ], [ -120.25, 51.29167 ], [ -120.20833, 51.29167 ], [ -120.20833, 51.16667 ], [ -120.25, 51.16667 ], [ -120.25, 51.0 ], [ -120.33333, 50.91667 ], [ -120.375, 50.91667 ], [ -120.41667, 50.83333 ], [ -120.5, 50.83333 ], [ -120.5, 50.875 ], [ -120.54167, 50.875 ], [ -120.625, 50.83333 ], [ -120.66667, 50.79167 ], [ -120.66667, 50.75 ], [ -120.375, 50.75 ], [ -120.375, 50.83333 ], [ -120.33333, 50.83333 ], [ -120.33333, 50.875 ], [ -120.29167, 50.83333 ], [ -120.29167, 50.75 ], [ -120.25, 50.70833 ], [ -120.08333, 50.70833 ], [ -120.08333, 50.66667 ], [ -119.91667, 50.66667 ], [ -119.91667, 50.70833 ], [ -119.79167, 50.70833 ], [ -119.79167, 50.79167 ], [ -119.83333, 50.75 ], [ -120.125, 50.75 ], [ -120.125, 50.95833 ], [ -120.16667, 51.04167 ], [ -120.04167, 51.04167 ], [ -120.04167, 50.91667 ], [ -120.0, 50.91667 ], [ -120.0, 51.08333 ], [ -119.79167, 51.08333 ], [ -119.79167, 51.125 ], [ -120.04167, 51.125 ], [ -120.04167, 51.20833 ], [ -119.83333, 51.20833 ], [ -119.83333, 51.25 ], [ -119.75, 51.25 ], [ -119.70833, 51.29167 ], [ -119.875, 51.29167 ], [ -119.91667, 51.33333 ], [ -119.95833, 51.29167 ], [ -119.95833, 51.25 ], [ -120.125, 51.25 ], [ -120.08333, 51.33333 ], [ -120.08333, 51.41667 ], [ -120.08333, 51.45833 ], [ -120.08333, 51.58333 ], [ -120.04167, 51.58333 ], [ -120.0, 51.58333 ], [ -119.875, 51.58333 ], [ -119.91667, 51.66667 ], [ -119.95833, 51.70833 ], [ -120.0, 51.70833 ], [ -120.0, 52.0 ], [ -120.08333, 52.0 ], [ -120.16667, 52.08333 ], [ -120.16667, 52.25 ], [ -120.25, 52.375 ] ] ], [ [ [ -122.29167, 50.75 ], [ -122.29167, 50.70833 ], [ -122.16667, 50.70833 ], [ -122.16667, 50.66667 ], [ -122.125, 50.66667 ], [ -122.125, 50.75 ], [ -122.29167, 50.75 ] ] ], [ [ [ -122.375, 50.70833 ], [ -122.375, 50.66667 ], [ -122.29167, 50.66667 ], [ -122.29167, 50.70833 ], [ -122.375, 50.70833 ] ] ], [ [ [ -121.83333, 50.70833 ], [ -121.83333, 50.66667 ], [ -121.79167, 50.66667 ], [ -121.79167, 50.70833 ], [ -121.83333, 50.70833 ] ] ], [ [ [ -120.625, 50.66667 ], [ -120.625, 50.70833 ], [ -120.70833, 50.75 ], [ -120.875, 50.75 ], [ -120.875, 50.70833 ], [ -120.79167, 50.70833 ], [ -120.75, 50.66667 ], [ -120.625, 50.66667 ] ] ], [ [ [ -122.08333, 50.70833 ], [ -122.08333, 50.66667 ], [ -122.04167, 50.66667 ], [ -122.04167, 50.625 ], [ -121.95833, 50.625 ], [ -121.95833, 50.70833 ], [ -122.08333, 50.70833 ] ] ], [ [ [ -121.20833, 50.70833 ], [ -121.25, 50.625 ], [ -121.20833, 50.625 ], [ -121.20833, 50.70833 ] ] ], [ [ [ -122.41667, 50.66667 ], [ -122.41667, 50.625 ], [ -122.375, 50.625 ], [ -122.375, 50.66667 ], [ -122.41667, 50.66667 ] ] ], [ [ [ -117.08333, 50.66667 ], [ -117.08333, 50.625 ], [ -117.04167, 50.625 ], [ -117.04167, 50.66667 ], [ -117.08333, 50.66667 ] ] ], [ [ [ -121.875, 50.66667 ], [ -121.875, 50.58333 ], [ -121.79167, 50.58333 ], [ -121.83333, 50.66667 ], [ -121.875, 50.66667 ] ] ], [ [ [ -117.5, 50.625 ], [ -117.5, 50.58333 ], [ -117.41667, 50.58333 ], [ -117.41667, 50.625 ], [ -117.5, 50.625 ] ] ], [ [ [ -106.79167, 50.75 ], [ -106.75, 50.66667 ], [ -106.75, 50.58333 ], [ -106.58333, 50.58333 ], [ -106.70833, 50.66667 ], [ -106.70833, 50.75 ], [ -106.79167, 50.75 ] ] ], [ [ [ -121.41667, 50.70833 ], [ -121.41667, 50.58333 ], [ -121.375, 50.58333 ], [ -121.33333, 50.54167 ], [ -121.33333, 50.625 ], [ -121.375, 50.70833 ], [ -121.41667, 50.70833 ] ] ], [ [ [ -117.04167, 50.625 ], [ -117.04167, 50.54167 ], [ -117.0, 50.54167 ], [ -117.0, 50.625 ], [ -117.04167, 50.625 ] ] ], [ [ [ -123.125, 50.58333 ], [ -123.25, 50.58333 ], [ -123.25, 50.54167 ], [ -123.125, 50.54167 ], [ -123.125, 50.58333 ] ] ], [ [ [ -121.79167, 50.58333 ], [ -121.79167, 50.54167 ], [ -121.75, 50.54167 ], [ -121.75, 50.58333 ], [ -121.79167, 50.58333 ] ] ], [ [ [ -117.41667, 50.58333 ], [ -117.41667, 50.54167 ], [ -117.375, 50.54167 ], [ -117.375, 50.58333 ], [ -117.41667, 50.58333 ] ] ], [ [ [ -122.45833, 50.625 ], [ -122.5, 50.58333 ], [ -122.54167, 50.5 ], [ -122.41667, 50.5 ], [ -122.41667, 50.625 ], [ -122.45833, 50.625 ] ] ], [ [ [ -117.375, 50.54167 ], [ -117.375, 50.5 ], [ -117.29167, 50.54167 ], [ -117.375, 50.54167 ] ] ], [ [ [ -117.0, 50.54167 ], [ -117.0, 50.5 ], [ -116.95833, 50.5 ], [ -116.95833, 50.54167 ], [ -117.0, 50.54167 ] ] ], [ [ [ -121.70833, 50.54167 ], [ -121.70833, 50.45833 ], [ -121.66667, 50.45833 ], [ -121.66667, 50.54167 ], [ -121.70833, 50.54167 ] ] ], [ [ [ -122.75, 50.5 ], [ -122.75, 50.45833 ], [ -122.70833, 50.45833 ], [ -122.75, 50.5 ] ] ], [ [ [ -122.625, 50.5 ], [ -122.625, 50.45833 ], [ -122.54167, 50.45833 ], [ -122.54167, 50.5 ], [ -122.625, 50.5 ] ] ], [ [ [ -121.75, 50.45833 ], [ -121.75, 50.41667 ], [ -121.70833, 50.41667 ], [ -121.70833, 50.45833 ], [ -121.75, 50.45833 ] ] ], [ [ [ -121.41667, 50.45833 ], [ -121.41667, 50.41667 ], [ -121.375, 50.41667 ], [ -121.375, 50.45833 ], [ -121.41667, 50.45833 ] ] ], [ [ [ -119.08333, 50.5 ], [ -119.16667, 50.41667 ], [ -119.08333, 50.41667 ], [ -119.08333, 50.5 ] ] ], [ [ [ -123.125, 50.54167 ], [ -122.95833, 50.45833 ], [ -122.875, 50.375 ], [ -122.875, 50.33333 ], [ -122.75, 50.33333 ], [ -122.75, 50.375 ], [ -122.83333, 50.375 ], [ -122.83333, 50.41667 ], [ -122.91667, 50.5 ], [ -123.0, 50.5 ], [ -123.0, 50.54167 ], [ -123.125, 50.54167 ] ] ], [ [ [ -121.66667, 50.45833 ], [ -121.70833, 50.375 ], [ -121.70833, 50.33333 ], [ -121.625, 50.33333 ], [ -121.625, 50.45833 ], [ -121.66667, 50.45833 ] ] ], [ [ [ -121.41667, 50.375 ], [ -121.45833, 50.29167 ], [ -121.41667, 50.29167 ], [ -121.41667, 50.375 ] ] ], [ [ [ -121.625, 50.33333 ], [ -121.625, 50.29167 ], [ -121.54167, 50.29167 ], [ -121.625, 50.33333 ] ] ], [ [ [ -121.75, 50.29167 ], [ -121.75, 50.25 ], [ -121.66667, 50.25 ], [ -121.66667, 50.29167 ], [ -121.75, 50.29167 ] ] ], [ [ [ -122.70833, 50.45833 ], [ -122.70833, 50.29167 ], [ -122.625, 50.25 ], [ -122.54167, 50.25 ], [ -122.5, 50.20833 ], [ -122.45833, 50.25 ], [ -122.45833, 50.29167 ], [ -122.54167, 50.33333 ], [ -122.66667, 50.33333 ], [ -122.66667, 50.45833 ], [ -122.70833, 50.45833 ] ] ], [ [ [ -115.70833, 50.29167 ], [ -115.70833, 50.20833 ], [ -115.66667, 50.20833 ], [ -115.66667, 50.29167 ], [ -115.70833, 50.29167 ] ] ], [ [ [ -121.5, 50.29167 ], [ -121.54167, 50.25 ], [ -121.54167, 50.20833 ], [ -121.45833, 50.20833 ], [ -121.45833, 50.29167 ], [ -121.5, 50.29167 ] ] ], [ [ [ -115.75, 50.20833 ], [ -115.75, 50.16667 ], [ -115.70833, 50.20833 ], [ -115.75, 50.20833 ] ] ], [ [ [ -118.5, 50.875 ], [ -118.58333, 50.875 ], [ -118.625, 50.83333 ], [ -118.625, 50.79167 ], [ -118.70833, 50.79167 ], [ -118.79167, 50.75 ], [ -118.83333, 50.70833 ], [ -118.875, 50.66667 ], [ -118.875, 50.58333 ], [ -119.04167, 50.58333 ], [ -119.08333, 50.5 ], [ -119.0, 50.5 ], [ -118.95833, 50.41667 ], [ -118.95833, 50.33333 ], [ -119.0, 50.29167 ], [ -119.125, 50.29167 ], [ -119.16667, 50.33333 ], [ -119.16667, 50.41667 ], [ -119.20833, 50.41667 ], [ -119.20833, 50.25 ], [ -119.29167, 50.20833 ], [ -119.29167, 50.16667 ], [ -118.91667, 50.16667 ], [ -118.91667, 50.125 ], [ -118.875, 50.125 ], [ -118.875, 50.20833 ], [ -118.70833, 50.20833 ], [ -118.70833, 50.16667 ], [ -118.5, 50.16667 ], [ -118.5, 50.25 ], [ -118.54167, 50.33333 ], [ -118.375, 50.5 ], [ -118.375, 50.625 ], [ -118.41667, 50.625 ], [ -118.45833, 50.54167 ], [ -118.5, 50.5 ], [ -118.54167, 50.45833 ], [ -118.58333, 50.41667 ], [ -118.625, 50.33333 ], [ -118.625, 50.29167 ], [ -118.75, 50.29167 ], [ -118.66667, 50.375 ], [ -118.66667, 50.45833 ], [ -118.75, 50.45833 ], [ -118.75, 50.625 ], [ -118.70833, 50.625 ], [ -118.70833, 50.5 ], [ -118.66667, 50.5 ], [ -118.66667, 50.58333 ], [ -118.625, 50.58333 ], [ -118.625, 50.70833 ], [ -118.54167, 50.70833 ], [ -118.54167, 50.83333 ], [ -118.5, 50.83333 ], [ -118.5, 50.875 ] ], [ [ -118.83333, 50.54167 ], [ -118.79167, 50.45833 ], [ -118.95833, 50.45833 ], [ -118.95833, 50.5 ], [ -118.83333, 50.5 ], [ -118.83333, 50.54167 ] ] ], [ [ [ -117.66667, 50.16667 ], [ -117.66667, 50.125 ], [ -117.54167, 50.125 ], [ -117.54167, 50.16667 ], [ -117.66667, 50.16667 ] ] ], [ [ [ -121.625, 50.20833 ], [ -121.625, 50.08333 ], [ -121.58333, 50.08333 ], [ -121.58333, 50.20833 ], [ -121.625, 50.20833 ] ] ], [ [ [ -119.29167, 50.16667 ], [ -119.33333, 50.08333 ], [ -119.29167, 50.08333 ], [ -119.29167, 50.16667 ] ] ], [ [ [ -116.95833, 50.5 ], [ -117.0, 50.41667 ], [ -117.04167, 50.41667 ], [ -117.125, 50.41667 ], [ -117.125, 50.375 ], [ -117.08333, 50.33333 ], [ -117.04167, 50.33333 ], [ -117.04167, 50.25 ], [ -117.0, 50.16667 ], [ -116.91667, 50.16667 ], [ -116.95833, 50.125 ], [ -116.95833, 50.08333 ], [ -116.875, 50.08333 ], [ -116.875, 50.20833 ], [ -116.91667, 50.20833 ], [ -116.91667, 50.29167 ], [ -116.875, 50.29167 ], [ -116.875, 50.375 ], [ -116.91667, 50.375 ], [ -116.91667, 50.5 ], [ -116.95833, 50.5 ] ] ], [ [ [ -121.54167, 50.16667 ], [ -121.54167, 50.08333 ], [ -121.58333, 50.08333 ], [ -121.58333, 50.04167 ], [ -121.66667, 50.0 ], [ -121.66667, 49.95833 ], [ -121.625, 49.95833 ], [ -121.58333, 49.95833 ], [ -121.54167, 49.95833 ], [ -121.5, 50.04167 ], [ -121.5, 50.16667 ], [ -121.54167, 50.16667 ] ] ], [ [ [ -121.83333, 50.0 ], [ -121.83333, 49.95833 ], [ -122.0, 49.95833 ], [ -122.0, 49.91667 ], [ -121.79167, 49.91667 ], [ -121.75, 50.0 ], [ -121.83333, 50.0 ] ] ], [ [ [ -116.875, 50.08333 ], [ -116.91667, 50.0 ], [ -116.91667, 49.91667 ], [ -116.83333, 49.875 ], [ -116.83333, 50.08333 ], [ -116.875, 50.08333 ] ] ], [ [ [ -119.58333, 50.16667 ], [ -119.58333, 50.08333 ], [ -119.58333, 50.04167 ], [ -119.58333, 49.91667 ], [ -119.625, 49.91667 ], [ -119.625, 49.875 ], [ -119.54167, 49.875 ], [ -119.5, 49.95833 ], [ -119.5, 50.125 ], [ -119.54167, 50.16667 ], [ -119.58333, 50.16667 ] ] ], [ [ [ -116.95833, 49.91667 ], [ -116.95833, 49.875 ], [ -116.91667, 49.875 ], [ -116.91667, 49.91667 ], [ -116.95833, 49.91667 ] ] ], [ [ [ -119.33333, 50.08333 ], [ -119.33333, 49.83333 ], [ -119.41667, 49.79167 ], [ -119.29167, 49.79167 ], [ -119.29167, 49.83333 ], [ -119.08333, 49.83333 ], [ -119.08333, 49.875 ], [ -119.29167, 49.875 ], [ -119.29167, 50.04167 ], [ -119.33333, 50.08333 ] ] ], [ [ [ -118.08333, 49.875 ], [ -118.08333, 49.75 ], [ -118.04167, 49.75 ], [ -118.04167, 49.875 ], [ -118.08333, 49.875 ] ] ], [ [ [ -119.41667, 49.79167 ], [ -119.58333, 49.79167 ], [ -119.58333, 49.75 ], [ -119.41667, 49.75 ], [ -119.41667, 49.79167 ] ] ], [ [ [ -118.75, 49.79167 ], [ -118.75, 49.75 ], [ -118.70833, 49.75 ], [ -118.75, 49.79167 ] ] ], [ [ [ -118.70833, 49.75 ], [ -118.70833, 49.70833 ], [ -118.66667, 49.70833 ], [ -118.70833, 49.75 ] ] ], [ [ [ -116.95833, 49.79167 ], [ -116.95833, 49.66667 ], [ -116.91667, 49.66667 ], [ -116.91667, 49.79167 ], [ -116.95833, 49.79167 ] ] ], [ [ [ -119.95833, 49.70833 ], [ -120.0, 49.66667 ], [ -119.95833, 49.66667 ], [ -119.95833, 49.70833 ] ] ], [ [ [ -119.66667, 49.75 ], [ -119.66667, 49.66667 ], [ -119.58333, 49.66667 ], [ -119.54167, 49.625 ], [ -119.54167, 49.70833 ], [ -119.625, 49.75 ], [ -119.66667, 49.75 ] ] ], [ [ [ -120.625, 49.70833 ], [ -120.625, 49.625 ], [ -120.58333, 49.625 ], [ -120.58333, 49.70833 ], [ -120.625, 49.70833 ] ] ], [ [ [ -117.5, 49.625 ], [ -117.45833, 49.625 ], [ -117.45833, 49.66667 ], [ -117.41667, 49.66667 ], [ -117.41667, 49.83333 ], [ -117.375, 49.83333 ], [ -117.33333, 49.875 ], [ -117.29167, 49.91667 ], [ -117.33333, 49.95833 ], [ -117.33333, 50.04167 ], [ -117.375, 50.125 ], [ -117.33333, 50.125 ], [ -117.33333, 50.16667 ], [ -117.41667, 50.16667 ], [ -117.45833, 50.125 ], [ -117.54167, 50.125 ], [ -117.54167, 50.08333 ], [ -117.5, 50.04167 ], [ -117.45833, 50.0 ], [ -117.45833, 49.91667 ], [ -117.5, 49.875 ], [ -117.5, 49.79167 ], [ -117.58333, 49.75 ], [ -117.58333, 49.70833 ], [ -117.66667, 49.70833 ], [ -117.66667, 49.66667 ], [ -117.58333, 49.625 ], [ -117.54167, 49.625 ], [ -117.54167, 49.58333 ], [ -117.5, 49.58333 ], [ -117.5, 49.625 ] ] ], [ [ [ -117.0, 49.66667 ], [ -117.0, 49.58333 ], [ -116.875, 49.58333 ], [ -116.875, 49.625 ], [ -116.95833, 49.66667 ], [ -117.0, 49.66667 ] ] ], [ [ [ -117.58333, 49.625 ], [ -117.625, 49.58333 ], [ -117.58333, 49.58333 ], [ -117.58333, 49.625 ] ] ], [ [ [ -117.125, 49.625 ], [ -117.125, 49.58333 ], [ -117.08333, 49.58333 ], [ -117.08333, 49.625 ], [ -117.125, 49.625 ] ] ], [ [ [ -118.08333, 49.75 ], [ -118.125, 49.75 ], [ -118.125, 49.54167 ], [ -118.08333, 49.54167 ], [ -118.08333, 49.75 ] ] ], [ [ [ -118.95833, 51.375 ], [ -119.04167, 51.33333 ], [ -119.04167, 51.08333 ], [ -119.08333, 51.08333 ], [ -119.08333, 51.0 ], [ -119.41667, 51.0 ], [ -119.45833, 51.04167 ], [ -119.5, 51.0 ], [ -119.5, 50.95833 ], [ -119.66667, 50.95833 ], [ -119.66667, 51.0 ], [ -119.70833, 51.04167 ], [ -119.75, 51.04167 ], [ -119.75, 50.875 ], [ -119.79167, 50.875 ], [ -119.79167, 50.79167 ], [ -119.75, 50.83333 ], [ -119.66667, 50.83333 ], [ -119.75, 50.75 ], [ -119.75, 50.70833 ], [ -119.66667, 50.70833 ], [ -119.66667, 50.625 ], [ -119.75, 50.54167 ], [ -119.83333, 50.54167 ], [ -119.75, 50.625 ], [ -119.75, 50.66667 ], [ -119.83333, 50.66667 ], [ -119.83333, 50.625 ], [ -119.91667, 50.625 ], [ -119.95833, 50.625 ], [ -120.16667, 50.625 ], [ -120.16667, 50.66667 ], [ -120.29167, 50.66667 ], [ -120.33333, 50.66667 ], [ -120.625, 50.66667 ], [ -120.625, 50.625 ], [ -120.54167, 50.58333 ], [ -120.41667, 50.58333 ], [ -120.33333, 50.54167 ], [ -120.33333, 50.45833 ], [ -120.45833, 50.33333 ], [ -120.5, 50.33333 ], [ -120.5, 50.25 ], [ -120.66667, 50.25 ], [ -120.66667, 50.20833 ], [ -120.79167, 50.20833 ], [ -120.79167, 50.5 ], [ -120.83333, 50.5 ], [ -120.83333, 50.33333 ], [ -120.875, 50.25 ], [ -120.95833, 50.16667 ], [ -121.0, 50.16667 ], [ -121.0, 50.25 ], [ -121.04167, 50.33333 ], [ -121.16667, 50.33333 ], [ -121.16667, 50.375 ], [ -121.20833, 50.375 ], [ -121.20833, 50.58333 ], [ -121.25, 50.58333 ], [ -121.25, 50.45833 ], [ -121.29167, 50.41667 ], [ -121.375, 50.41667 ], [ -121.375, 50.25 ], [ -121.41667, 50.25 ], [ -121.41667, 50.20833 ], [ -121.33333, 50.20833 ], [ -121.25, 50.25 ], [ -121.16667, 50.25 ], [ -121.125, 50.20833 ], [ -121.125, 50.125 ], [ -121.125, 49.91667 ], [ -120.95833, 49.91667 ], [ -120.875, 49.875 ], [ -120.75, 49.875 ], [ -120.79167, 49.79167 ], [ -120.79167, 49.54167 ], [ -120.75, 49.5 ], [ -120.66667, 49.5 ], [ -120.66667, 49.54167 ], [ -120.75, 49.58333 ], [ -120.75, 49.70833 ], [ -120.70833, 49.75 ], [ -120.625, 49.75 ], [ -120.54167, 49.83333 ], [ -120.54167, 49.91667 ], [ -120.45833, 49.91667 ], [ -120.41667, 50.0 ], [ -120.33333, 50.0 ], [ -120.29167, 50.08333 ], [ -120.16667, 50.08333 ], [ -120.16667, 50.125 ], [ -120.0, 50.125 ], [ -119.95833, 50.20833 ], [ -119.95833, 50.29167 ], [ -119.875, 50.375 ], [ -119.79167, 50.41667 ], [ -119.625, 50.41667 ], [ -119.54167, 50.375 ], [ -119.54167, 50.33333 ], [ -119.54167, 50.25 ], [ -119.58333, 50.25 ], [ -119.58333, 50.20833 ], [ -119.54167, 50.16667 ], [ -119.5, 50.25 ], [ -119.41667, 50.33333 ], [ -119.33333, 50.33333 ], [ -119.33333, 50.41667 ], [ -119.25, 50.41667 ], [ -119.25, 50.5 ], [ -119.16667, 50.54167 ], [ -119.16667, 50.625 ], [ -119.08333, 50.66667 ], [ -119.04167, 50.58333 ], [ -119.04167, 50.66667 ], [ -119.0, 50.66667 ], [ -119.0, 50.75 ], [ -119.04167, 50.79167 ], [ -119.08333, 50.79167 ], [ -119.08333, 50.91667 ], [ -119.04167, 50.91667 ], [ -118.95833, 50.95833 ], [ -118.91667, 50.95833 ], [ -118.875, 51.04167 ], [ -118.83333, 51.125 ], [ -118.875, 51.16667 ], [ -118.875, 51.33333 ], [ -118.79167, 51.33333 ], [ -118.79167, 51.375 ], [ -118.95833, 51.375 ] ], [ [ -119.66667, 50.83333 ], [ -119.625, 50.91667 ], [ -119.41667, 50.91667 ], [ -119.41667, 50.95833 ], [ -119.16667, 50.95833 ], [ -119.16667, 50.91667 ], [ -119.33333, 50.91667 ], [ -119.29167, 50.875 ], [ -119.29167, 50.79167 ], [ -119.20833, 50.75 ], [ -119.20833, 50.66667 ], [ -119.25, 50.66667 ], [ -119.29167, 50.66667 ], [ -119.41667, 50.66667 ], [ -119.41667, 50.5 ], [ -119.45833, 50.5 ], [ -119.5, 50.5 ], [ -119.54167, 50.54167 ], [ -119.58333, 50.58333 ], [ -119.625, 50.58333 ], [ -119.625, 50.75 ], [ -119.54167, 50.75 ], [ -119.375, 50.75 ], [ -119.375, 50.70833 ], [ -119.33333, 50.79167 ], [ -119.375, 50.875 ], [ -119.58333, 50.875 ], [ -119.66667, 50.83333 ] ], [ [ -119.375, 50.625 ], [ -119.33333, 50.625 ], [ -119.33333, 50.45833 ], [ -119.375, 50.45833 ], [ -119.375, 50.625 ] ], [ [ -120.16667, 50.54167 ], [ -119.875, 50.54167 ], [ -119.875, 50.375 ], [ -119.95833, 50.375 ], [ -120.125, 50.29167 ], [ -120.125, 50.25 ], [ -120.29167, 50.25 ], [ -120.29167, 50.375 ], [ -120.20833, 50.375 ], [ -120.20833, 50.45833 ], [ -120.16667, 50.54167 ] ], [ [ -119.75, 50.54167 ], [ -119.625, 50.54167 ], [ -119.625, 50.5 ], [ -119.75, 50.5 ], [ -119.75, 50.54167 ] ], [ [ -120.45833, 50.29167 ], [ -120.41667, 50.29167 ], [ -120.41667, 50.20833 ], [ -120.33333, 50.16667 ], [ -120.5, 50.16667 ], [ -120.45833, 50.20833 ], [ -120.45833, 50.29167 ] ], [ [ -120.95833, 50.125 ], [ -120.91667, 50.04167 ], [ -121.0, 50.04167 ], [ -120.95833, 50.125 ] ], [ [ -120.79167, 50.04167 ], [ -120.66667, 50.04167 ], [ -120.625, 50.0 ], [ -120.79167, 49.91667 ], [ -120.875, 49.91667 ], [ -120.875, 50.0 ], [ -120.79167, 50.04167 ] ] ], [ [ [ -121.45833, 50.0 ], [ -121.45833, 49.91667 ], [ -121.5, 49.91667 ], [ -121.5, 49.875 ], [ -121.5, 49.75 ], [ -121.58333, 49.70833 ], [ -121.58333, 49.66667 ], [ -121.45833, 49.66667 ], [ -121.45833, 49.58333 ], [ -121.375, 49.58333 ], [ -121.33333, 49.5 ], [ -121.29167, 49.54167 ], [ -121.29167, 49.83333 ], [ -121.33333, 49.875 ], [ -121.375, 49.875 ], [ -121.375, 50.0 ], [ -121.45833, 50.0 ] ], [ [ -121.45833, 49.91667 ], [ -121.41667, 49.91667 ], [ -121.41667, 49.79167 ], [ -121.45833, 49.79167 ], [ -121.45833, 49.91667 ] ] ], [ [ [ -116.79167, 49.66667 ], [ -116.79167, 49.5 ], [ -116.75, 49.5 ], [ -116.75, 49.66667 ], [ -116.79167, 49.66667 ] ] ], [ [ [ -119.54167, 49.625 ], [ -119.54167, 49.5 ], [ -119.45833, 49.5 ], [ -119.45833, 49.54167 ], [ -119.5, 49.54167 ], [ -119.5, 49.625 ], [ -119.54167, 49.625 ] ] ], [ [ [ -116.875, 49.58333 ], [ -116.875, 49.45833 ], [ -116.83333, 49.45833 ], [ -116.83333, 49.58333 ], [ -116.875, 49.58333 ] ] ], [ [ [ -117.70833, 49.625 ], [ -117.79167, 49.58333 ], [ -117.75, 49.54167 ], [ -117.66667, 49.5 ], [ -117.625, 49.45833 ], [ -117.5, 49.45833 ], [ -117.5, 49.41667 ], [ -117.41667, 49.41667 ], [ -117.41667, 49.45833 ], [ -117.25, 49.45833 ], [ -117.20833, 49.5 ], [ -117.16667, 49.54167 ], [ -117.16667, 49.625 ], [ -117.25, 49.625 ], [ -117.25, 49.58333 ], [ -117.29167, 49.58333 ], [ -117.29167, 49.54167 ], [ -117.45833, 49.54167 ], [ -117.45833, 49.5 ], [ -117.58333, 49.5 ], [ -117.625, 49.58333 ], [ -117.70833, 49.625 ] ] ], [ [ [ -121.29167, 49.54167 ], [ -121.29167, 49.45833 ], [ -121.20833, 49.41667 ], [ -121.16667, 49.5 ], [ -121.20833, 49.54167 ], [ -121.29167, 49.54167 ] ] ], [ [ [ -118.08333, 49.54167 ], [ -118.08333, 49.45833 ], [ -118.04167, 49.41667 ], [ -117.95833, 49.41667 ], [ -117.95833, 49.45833 ], [ -118.0, 49.5 ], [ -118.04167, 49.54167 ], [ -118.08333, 49.54167 ] ] ], [ [ [ -116.75, 49.45833 ], [ -116.75, 49.41667 ], [ -116.70833, 49.41667 ], [ -116.70833, 49.45833 ], [ -116.75, 49.45833 ] ] ], [ [ [ -117.95833, 49.41667 ], [ -117.95833, 49.375 ], [ -117.91667, 49.375 ], [ -117.91667, 49.41667 ], [ -117.95833, 49.41667 ] ] ], [ [ [ -115.04167, 49.41667 ], [ -115.04167, 49.375 ], [ -115.0, 49.375 ], [ -115.0, 49.41667 ], [ -115.04167, 49.41667 ] ] ], [ [ [ -118.16667, 51.16667 ], [ -118.20833, 51.08333 ], [ -118.25, 51.08333 ], [ -118.29167, 51.04167 ], [ -118.25, 51.0 ], [ -118.25, 50.91667 ], [ -118.16667, 50.91667 ], [ -118.08333, 50.83333 ], [ -118.08333, 50.75 ], [ -118.04167, 50.70833 ], [ -117.95833, 50.54167 ], [ -118.0, 50.54167 ], [ -118.0, 50.41667 ], [ -118.04167, 50.375 ], [ -118.125, 50.375 ], [ -118.125, 50.29167 ], [ -118.08333, 50.25 ], [ -118.04167, 50.20833 ], [ -118.08333, 50.20833 ], [ -118.08333, 50.16667 ], [ -118.125, 50.16667 ], [ -118.125, 50.0 ], [ -118.25, 50.0 ], [ -118.25, 49.875 ], [ -118.20833, 49.875 ], [ -118.20833, 49.41667 ], [ -118.16667, 49.33333 ], [ -118.04167, 49.33333 ], [ -118.04167, 49.41667 ], [ -118.125, 49.41667 ], [ -118.16667, 49.5 ], [ -118.16667, 49.875 ], [ -118.08333, 49.875 ], [ -118.04167, 49.91667 ], [ -118.04167, 49.875 ], [ -118.0, 49.875 ], [ -118.0, 49.91667 ], [ -117.95833, 49.91667 ], [ -117.91667, 49.95833 ], [ -117.91667, 49.91667 ], [ -117.875, 49.875 ], [ -117.83333, 49.875 ], [ -117.79167, 49.91667 ], [ -117.79167, 50.04167 ], [ -117.875, 50.0 ], [ -117.875, 50.08333 ], [ -117.83333, 50.125 ], [ -117.75, 50.125 ], [ -117.66667, 50.16667 ], [ -117.66667, 50.25 ], [ -117.79167, 50.33333 ], [ -117.875, 50.375 ], [ -117.875, 50.29167 ], [ -117.91667, 50.29167 ], [ -117.91667, 50.45833 ], [ -117.875, 50.45833 ], [ -117.875, 50.41667 ], [ -117.79167, 50.5 ], [ -117.875, 50.5 ], [ -117.875, 50.58333 ], [ -117.83333, 50.58333 ], [ -117.83333, 50.625 ], [ -117.75, 50.66667 ], [ -117.66667, 50.75 ], [ -117.66667, 50.79167 ], [ -117.75, 50.79167 ], [ -117.91667, 50.75 ], [ -117.95833, 50.79167 ], [ -118.04167, 50.875 ], [ -118.08333, 50.91667 ], [ -118.125, 50.91667 ], [ -118.16667, 51.0 ], [ -118.16667, 51.16667 ] ], [ [ -118.04167, 50.08333 ], [ -117.95833, 50.08333 ], [ -117.95833, 50.0 ], [ -118.04167, 50.0 ], [ -118.04167, 50.08333 ] ] ], [ [ [ -117.66667, 49.45833 ], [ -117.70833, 49.375 ], [ -117.66667, 49.33333 ], [ -117.58333, 49.33333 ], [ -117.58333, 49.41667 ], [ -117.625, 49.45833 ], [ -117.66667, 49.45833 ] ] ], [ [ [ -117.5, 49.41667 ], [ -117.54167, 49.33333 ], [ -117.5, 49.33333 ], [ -117.5, 49.41667 ] ] ], [ [ [ -118.0, 49.375 ], [ -117.95833, 49.33333 ], [ -117.95833, 49.375 ], [ -118.0, 49.375 ] ] ], [ [ [ -116.70833, 49.375 ], [ -116.70833, 49.33333 ], [ -116.66667, 49.33333 ], [ -116.66667, 49.375 ], [ -116.70833, 49.375 ] ] ], [ [ [ -119.5, 49.375 ], [ -119.45833, 49.29167 ], [ -119.45833, 49.375 ], [ -119.5, 49.375 ] ] ], [ [ [ -116.83333, 49.375 ], [ -116.83333, 49.29167 ], [ -116.79167, 49.29167 ], [ -116.83333, 49.375 ] ] ], [ [ [ -118.25, 49.29167 ], [ -118.25, 49.25 ], [ -118.20833, 49.25 ], [ -118.20833, 49.29167 ], [ -118.25, 49.29167 ] ] ], [ [ [ -116.75, 49.29167 ], [ -116.75, 49.25 ], [ -116.70833, 49.25 ], [ -116.70833, 49.29167 ], [ -116.75, 49.29167 ] ] ], [ [ [ -120.58333, 49.625 ], [ -120.58333, 49.5 ], [ -120.66667, 49.5 ], [ -120.66667, 49.45833 ], [ -120.625, 49.45833 ], [ -120.625, 49.33333 ], [ -120.58333, 49.25 ], [ -120.54167, 49.20833 ], [ -120.5, 49.20833 ], [ -120.5, 49.33333 ], [ -120.41667, 49.33333 ], [ -120.41667, 49.375 ], [ -120.375, 49.375 ], [ -120.29167, 49.375 ], [ -120.20833, 49.33333 ], [ -120.08333, 49.33333 ], [ -120.08333, 49.25 ], [ -120.04167, 49.25 ], [ -120.0, 49.29167 ], [ -120.0, 49.33333 ], [ -120.04167, 49.375 ], [ -120.08333, 49.41667 ], [ -120.25, 49.41667 ], [ -120.25, 49.45833 ], [ -120.33333, 49.45833 ], [ -120.375, 49.5 ], [ -120.375, 49.625 ], [ -120.41667, 49.625 ], [ -120.45833, 49.625 ], [ -120.58333, 49.625 ] ] ], [ [ [ -117.91667, 49.375 ], [ -117.95833, 49.33333 ], [ -117.95833, 49.29167 ], [ -117.75, 49.29167 ], [ -117.75, 49.20833 ], [ -117.70833, 49.20833 ], [ -117.70833, 49.375 ], [ -117.91667, 49.375 ] ] ], [ [ [ -116.70833, 49.25 ], [ -116.70833, 49.20833 ], [ -116.66667, 49.20833 ], [ -116.70833, 49.25 ] ] ], [ [ [ -116.625, 49.25 ], [ -116.625, 49.20833 ], [ -116.58333, 49.20833 ], [ -116.58333, 49.25 ], [ -116.625, 49.25 ] ] ], [ [ [ -119.625, 49.875 ], [ -119.875, 49.875 ], [ -119.875, 49.66667 ], [ -119.95833, 49.66667 ], [ -119.95833, 49.625 ], [ -119.91667, 49.58333 ], [ -119.83333, 49.58333 ], [ -119.83333, 49.5 ], [ -119.83333, 49.41667 ], [ -119.83333, 49.29167 ], [ -119.875, 49.29167 ], [ -119.875, 49.16667 ], [ -119.79167, 49.16667 ], [ -119.79167, 49.20833 ], [ -119.70833, 49.20833 ], [ -119.70833, 49.16667 ], [ -119.625, 49.16667 ], [ -119.625, 49.29167 ], [ -119.66667, 49.29167 ], [ -119.66667, 49.54167 ], [ -119.75, 49.58333 ], [ -119.75, 49.70833 ], [ -119.79167, 49.79167 ], [ -119.625, 49.875 ] ] ], [ [ [ -120.58333, 49.20833 ], [ -120.54167, 49.16667 ], [ -120.54167, 49.20833 ], [ -120.58333, 49.20833 ] ] ], [ [ [ -120.04167, 49.25 ], [ -120.04167, 49.125 ], [ -120.0, 49.125 ], [ -119.95833, 49.16667 ], [ -119.95833, 49.20833 ], [ -119.91667, 49.20833 ], [ -119.91667, 49.25 ], [ -120.04167, 49.25 ] ] ], [ [ [ -119.79167, 49.125 ], [ -119.79167, 49.08333 ], [ -119.75, 49.08333 ], [ -119.75, 49.125 ], [ -119.79167, 49.125 ] ] ], [ [ [ -119.70833, 49.125 ], [ -119.70833, 49.08333 ], [ -119.625, 49.08333 ], [ -119.625, 49.125 ], [ -119.70833, 49.125 ] ] ], [ [ [ -119.45833, 49.20833 ], [ -119.45833, 49.08333 ], [ -119.375, 49.04167 ], [ -119.33333, 49.08333 ], [ -119.45833, 49.20833 ] ] ], [ [ [ -115.08333, 49.125 ], [ -115.04167, 49.04167 ], [ -115.04167, 49.125 ], [ -115.08333, 49.125 ] ] ], [ [ [ -116.66667, 49.20833 ], [ -116.70833, 49.16667 ], [ -116.66667, 49.125 ], [ -116.70833, 49.04167 ], [ -116.625, 49.04167 ], [ -116.625, 49.20833 ], [ -116.66667, 49.20833 ] ] ], [ [ [ -115.04167, 49.04167 ], [ -115.0, 49.0 ], [ -115.0, 49.04167 ], [ -115.04167, 49.04167 ] ] ], [ [ [ -104.5, 49.04167 ], [ -104.41667, 49.0 ], [ -104.375, 49.04167 ], [ -104.5, 49.04167 ] ] ], [ [ [ -116.41667, 49.0 ], [ -116.41667, 48.95833 ], [ -116.375, 48.95833 ], [ -116.41667, 49.0 ] ] ], [ [ [ -116.625, 49.04167 ], [ -116.66667, 49.0 ], [ -116.625, 48.91667 ], [ -116.5, 48.91667 ], [ -116.58333, 48.95833 ], [ -116.625, 49.04167 ] ] ], [ [ [ -111.625, 49.0 ], [ -111.625, 48.91667 ], [ -111.45833, 48.91667 ], [ -111.45833, 49.0 ], [ -111.625, 49.0 ] ] ], [ [ [ -119.75, 48.95833 ], [ -119.75, 48.91667 ], [ -119.70833, 48.91667 ], [ -119.75, 48.95833 ] ] ], [ [ [ -119.625, 48.95833 ], [ -119.58333, 48.91667 ], [ -119.58333, 48.95833 ], [ -119.625, 48.95833 ] ] ], [ [ [ -115.0, 48.95833 ], [ -115.0, 48.91667 ], [ -114.95833, 48.91667 ], [ -115.0, 48.95833 ] ] ], [ [ [ -119.70833, 48.91667 ], [ -119.70833, 48.875 ], [ -119.66667, 48.875 ], [ -119.66667, 48.91667 ], [ -119.70833, 48.91667 ] ] ], [ [ [ -116.5, 48.91667 ], [ -116.5, 48.875 ], [ -116.45833, 48.875 ], [ -116.5, 48.91667 ] ] ], [ [ [ -114.95833, 48.91667 ], [ -114.91667, 48.875 ], [ -114.91667, 48.91667 ], [ -114.95833, 48.91667 ] ] ], [ [ [ -111.41667, 48.91667 ], [ -111.41667, 48.83333 ], [ -111.29167, 48.83333 ], [ -111.29167, 48.91667 ], [ -111.41667, 48.91667 ] ] ], [ [ [ -111.08333, 48.83333 ], [ -111.0, 48.83333 ], [ -111.0, 48.91667 ], [ -111.04167, 48.95833 ], [ -111.20833, 48.95833 ], [ -111.25, 48.91667 ], [ -111.25, 48.83333 ], [ -111.16667, 48.83333 ], [ -111.08333, 48.83333 ] ] ], [ [ [ -114.91667, 48.875 ], [ -114.875, 48.83333 ], [ -114.875, 48.875 ], [ -114.91667, 48.875 ] ] ], [ [ [ -119.70833, 48.875 ], [ -119.79167, 48.875 ], [ -119.70833, 48.79167 ], [ -119.70833, 48.875 ] ] ], [ [ [ -114.875, 48.83333 ], [ -114.83333, 48.79167 ], [ -114.83333, 48.83333 ], [ -114.875, 48.83333 ] ] ], [ [ [ -116.375, 49.29167 ], [ -116.375, 49.16667 ], [ -116.41667, 49.20833 ], [ -116.45833, 49.20833 ], [ -116.5, 49.20833 ], [ -116.54167, 49.20833 ], [ -116.54167, 49.125 ], [ -116.5, 49.08333 ], [ -116.41667, 49.08333 ], [ -116.41667, 49.125 ], [ -116.25, 49.125 ], [ -116.25, 48.95833 ], [ -116.375, 48.95833 ], [ -116.29167, 48.875 ], [ -116.29167, 48.79167 ], [ -116.25, 48.75 ], [ -116.08333, 48.75 ], [ -116.08333, 48.875 ], [ -116.125, 48.875 ], [ -116.125, 49.04167 ], [ -116.0, 49.04167 ], [ -116.04167, 49.125 ], [ -116.08333, 49.08333 ], [ -116.20833, 49.20833 ], [ -116.29167, 49.20833 ], [ -116.375, 49.29167 ] ], [ [ -116.29167, 48.875 ], [ -116.20833, 48.91667 ], [ -116.20833, 48.83333 ], [ -116.29167, 48.875 ] ] ], [ [ [ -119.70833, 48.79167 ], [ -119.70833, 48.75 ], [ -119.66667, 48.75 ], [ -119.66667, 48.79167 ], [ -119.70833, 48.79167 ] ] ], [ [ [ -116.08333, 48.75 ], [ -116.04167, 48.70833 ], [ -116.04167, 48.75 ], [ -116.08333, 48.75 ] ] ], [ [ [ -114.83333, 48.75 ], [ -114.83333, 48.70833 ], [ -114.79167, 48.70833 ], [ -114.83333, 48.75 ] ] ], [ [ [ -120.16667, 48.79167 ], [ -120.16667, 48.66667 ], [ -120.08333, 48.66667 ], [ -120.08333, 48.70833 ], [ -120.125, 48.79167 ], [ -120.16667, 48.79167 ] ] ], [ [ [ -119.66667, 48.75 ], [ -119.625, 48.70833 ], [ -119.58333, 48.70833 ], [ -119.58333, 48.75 ], [ -119.66667, 48.75 ] ] ], [ [ [ -114.875, 48.66667 ], [ -114.875, 48.625 ], [ -114.83333, 48.66667 ], [ -114.875, 48.66667 ] ] ], [ [ [ -114.79167, 48.66667 ], [ -114.79167, 48.625 ], [ -114.75, 48.625 ], [ -114.75, 48.66667 ], [ -114.79167, 48.66667 ] ] ], [ [ [ -114.70833, 48.66667 ], [ -114.70833, 48.625 ], [ -114.66667, 48.625 ], [ -114.66667, 48.66667 ], [ -114.70833, 48.66667 ] ] ], [ [ [ -114.54167, 48.625 ], [ -114.54167, 48.58333 ], [ -114.5, 48.58333 ], [ -114.5, 48.625 ], [ -114.54167, 48.625 ] ] ], [ [ [ -120.45833, 48.625 ], [ -120.375, 48.54167 ], [ -120.33333, 48.58333 ], [ -120.33333, 48.625 ], [ -120.45833, 48.625 ] ] ], [ [ [ -120.16667, 48.66667 ], [ -120.25, 48.625 ], [ -120.33333, 48.58333 ], [ -120.33333, 48.54167 ], [ -120.25, 48.58333 ], [ -120.16667, 48.66667 ] ] ], [ [ [ -114.70833, 48.58333 ], [ -114.70833, 48.54167 ], [ -114.66667, 48.54167 ], [ -114.66667, 48.58333 ], [ -114.70833, 48.58333 ] ] ], [ [ [ -106.54167, 48.95833 ], [ -106.54167, 48.875 ], [ -106.66667, 48.83333 ], [ -106.66667, 48.75 ], [ -106.875, 48.75 ], [ -106.83333, 48.70833 ], [ -106.875, 48.66667 ], [ -106.875, 48.5 ], [ -106.58333, 48.5 ], [ -106.58333, 48.66667 ], [ -106.45833, 48.66667 ], [ -106.45833, 48.75 ], [ -106.54167, 48.83333 ], [ -106.45833, 48.875 ], [ -106.54167, 48.95833 ] ] ], [ [ [ -120.125, 48.625 ], [ -120.125, 48.5 ], [ -120.08333, 48.5 ], [ -120.08333, 48.625 ], [ -120.125, 48.625 ] ] ], [ [ [ -120.375, 48.54167 ], [ -120.33333, 48.5 ], [ -120.33333, 48.54167 ], [ -120.375, 48.54167 ] ] ], [ [ [ -114.95833, 48.45833 ], [ -114.95833, 48.41667 ], [ -114.91667, 48.41667 ], [ -114.95833, 48.45833 ] ] ], [ [ [ -114.41667, 48.5 ], [ -114.41667, 48.375 ], [ -114.375, 48.375 ], [ -114.375, 48.5 ], [ -114.41667, 48.5 ] ] ], [ [ [ -115.125, 48.41667 ], [ -115.125, 48.375 ], [ -115.08333, 48.41667 ], [ -115.125, 48.41667 ] ] ], [ [ [ -117.79167, 48.41667 ], [ -117.79167, 48.33333 ], [ -117.75, 48.375 ], [ -117.70833, 48.375 ], [ -117.79167, 48.41667 ] ] ], [ [ [ -114.95833, 48.375 ], [ -114.91667, 48.33333 ], [ -114.91667, 48.375 ], [ -114.95833, 48.375 ] ] ], [ [ [ -117.95833, 48.5 ], [ -117.95833, 48.54167 ], [ -118.08333, 48.54167 ], [ -118.08333, 48.33333 ], [ -118.04167, 48.29167 ], [ -118.0, 48.33333 ], [ -117.91667, 48.33333 ], [ -117.91667, 48.375 ], [ -117.95833, 48.41667 ], [ -118.04167, 48.41667 ], [ -118.0, 48.45833 ], [ -117.95833, 48.5 ] ] ], [ [ [ -116.95833, 48.375 ], [ -116.95833, 48.29167 ], [ -116.875, 48.29167 ], [ -116.875, 48.375 ], [ -116.95833, 48.375 ] ] ], [ [ [ -119.29167, 48.33333 ], [ -119.29167, 48.29167 ], [ -119.20833, 48.29167 ], [ -119.20833, 48.33333 ], [ -119.29167, 48.33333 ] ] ], [ [ [ -116.25, 48.625 ], [ -116.33333, 48.625 ], [ -116.41667, 48.54167 ], [ -116.41667, 48.45833 ], [ -116.33333, 48.375 ], [ -116.33333, 48.25 ], [ -116.25, 48.25 ], [ -116.25, 48.375 ], [ -116.20833, 48.375 ], [ -116.20833, 48.5 ], [ -116.29167, 48.5 ], [ -116.29167, 48.58333 ], [ -116.25, 48.625 ] ] ], [ [ [ -115.375, 48.25 ], [ -115.41667, 48.29167 ], [ -115.41667, 48.25 ], [ -115.375, 48.25 ] ] ], [ [ [ -117.0, 48.95833 ], [ -117.04167, 48.91667 ], [ -117.04167, 48.79167 ], [ -117.08333, 48.70833 ], [ -117.16667, 48.66667 ], [ -117.33333, 48.66667 ], [ -117.29167, 48.625 ], [ -117.29167, 48.58333 ], [ -117.25, 48.58333 ], [ -117.25, 48.375 ], [ -117.20833, 48.33333 ], [ -117.16667, 48.29167 ], [ -117.125, 48.25 ], [ -117.04167, 48.20833 ], [ -116.95833, 48.20833 ], [ -116.95833, 48.25 ], [ -117.08333, 48.375 ], [ -117.0, 48.375 ], [ -116.95833, 48.45833 ], [ -116.875, 48.45833 ], [ -116.95833, 48.54167 ], [ -116.875, 48.625 ], [ -116.83333, 48.70833 ], [ -116.83333, 48.29167 ], [ -116.79167, 48.25 ], [ -116.70833, 48.29167 ], [ -116.58333, 48.29167 ], [ -116.54167, 48.33333 ], [ -116.54167, 48.45833 ], [ -116.5, 48.45833 ], [ -116.41667, 48.625 ], [ -116.41667, 48.875 ], [ -116.45833, 48.875 ], [ -116.45833, 48.70833 ], [ -116.5, 48.625 ], [ -116.54167, 48.625 ], [ -116.625, 48.58333 ], [ -116.625, 48.33333 ], [ -116.75, 48.45833 ], [ -116.75, 48.70833 ], [ -116.79167, 48.70833 ], [ -116.79167, 48.83333 ], [ -116.875, 48.83333 ], [ -116.91667, 48.91667 ], [ -117.0, 48.95833 ] ] ], [ [ [ -115.79167, 48.375 ], [ -115.83333, 48.375 ], [ -115.83333, 48.20833 ], [ -115.79167, 48.20833 ], [ -115.79167, 48.375 ] ] ], [ [ [ -114.875, 48.29167 ], [ -114.875, 48.20833 ], [ -114.83333, 48.20833 ], [ -114.875, 48.29167 ] ] ], [ [ [ -119.70833, 48.75 ], [ -119.79167, 48.70833 ], [ -119.75, 48.625 ], [ -119.83333, 48.58333 ], [ -119.91667, 48.58333 ], [ -119.91667, 48.54167 ], [ -119.875, 48.5 ], [ -119.79167, 48.41667 ], [ -119.95833, 48.41667 ], [ -119.95833, 48.45833 ], [ -120.0, 48.45833 ], [ -119.95833, 48.375 ], [ -119.95833, 48.29167 ], [ -120.04167, 48.20833 ], [ -119.875, 48.20833 ], [ -119.875, 48.33333 ], [ -119.79167, 48.375 ], [ -119.66667, 48.375 ], [ -119.66667, 48.45833 ], [ -119.70833, 48.45833 ], [ -119.75, 48.5 ], [ -119.70833, 48.58333 ], [ -119.70833, 48.75 ] ] ], [ [ [ -116.25, 48.25 ], [ -116.25, 48.20833 ], [ -116.20833, 48.20833 ], [ -116.20833, 48.25 ], [ -116.25, 48.25 ] ] ], [ [ [ -117.58333, 49.33333 ], [ -117.625, 49.29167 ], [ -117.625, 49.20833 ], [ -117.70833, 49.20833 ], [ -117.70833, 49.125 ], [ -117.625, 49.125 ], [ -117.58333, 49.08333 ], [ -117.5, 49.04167 ], [ -117.66667, 48.95833 ], [ -117.70833, 48.91667 ], [ -117.70833, 48.83333 ], [ -117.75, 48.83333 ], [ -117.79167, 48.75 ], [ -117.875, 48.75 ], [ -117.875, 48.625 ], [ -117.79167, 48.625 ], [ -117.79167, 48.54167 ], [ -117.66667, 48.54167 ], [ -117.66667, 48.45833 ], [ -117.625, 48.45833 ], [ -117.625, 48.375 ], [ -117.66667, 48.375 ], [ -117.66667, 48.29167 ], [ -117.58333, 48.25 ], [ -117.58333, 48.16667 ], [ -117.375, 48.16667 ], [ -117.375, 48.25 ], [ -117.375, 48.33333 ], [ -117.375, 48.5 ], [ -117.375, 48.625 ], [ -117.45833, 48.66667 ], [ -117.45833, 48.79167 ], [ -117.41667, 48.875 ], [ -117.375, 48.875 ], [ -117.375, 48.66667 ], [ -117.33333, 48.66667 ], [ -117.33333, 48.75 ], [ -117.25, 48.75 ], [ -117.25, 48.83333 ], [ -117.16667, 48.83333 ], [ -117.16667, 48.875 ], [ -117.25, 48.875 ], [ -117.20833, 48.91667 ], [ -117.20833, 49.0 ], [ -117.125, 49.0 ], [ -117.125, 49.04167 ], [ -117.20833, 49.04167 ], [ -117.20833, 49.125 ], [ -117.16667, 49.16667 ], [ -117.25, 49.20833 ], [ -117.16667, 49.29167 ], [ -117.20833, 49.33333 ], [ -117.25, 49.25 ], [ -117.33333, 49.20833 ], [ -117.41667, 49.29167 ], [ -117.45833, 49.25 ], [ -117.54167, 49.25 ], [ -117.54167, 49.33333 ], [ -117.58333, 49.33333 ] ], [ [ -117.45833, 49.16667 ], [ -117.29167, 49.16667 ], [ -117.29167, 49.08333 ], [ -117.45833, 49.08333 ], [ -117.45833, 49.16667 ] ], [ [ -117.45833, 48.95833 ], [ -117.41667, 49.0 ], [ -117.41667, 48.875 ], [ -117.5, 48.79167 ], [ -117.54167, 48.79167 ], [ -117.45833, 48.95833 ] ], [ [ -117.54167, 48.5 ], [ -117.45833, 48.45833 ], [ -117.45833, 48.375 ], [ -117.54167, 48.41667 ], [ -117.54167, 48.5 ] ] ], [ [ [ -116.08333, 48.16667 ], [ -116.08333, 48.29167 ], [ -116.16667, 48.29167 ], [ -116.16667, 48.16667 ], [ -116.08333, 48.16667 ] ] ], [ [ [ -109.125, 48.25 ], [ -109.16667, 48.16667 ], [ -109.08333, 48.16667 ], [ -109.125, 48.25 ] ] ], [ [ [ -120.25, 48.33333 ], [ -120.25, 48.20833 ], [ -120.20833, 48.125 ], [ -120.16667, 48.125 ], [ -120.16667, 48.25 ], [ -120.125, 48.33333 ], [ -120.25, 48.33333 ] ] ], [ [ [ -118.75, 49.75 ], [ -118.79167, 49.66667 ], [ -118.83333, 49.66667 ], [ -118.83333, 49.54167 ], [ -118.875, 49.45833 ], [ -118.95833, 49.41667 ], [ -118.95833, 49.33333 ], [ -119.04167, 49.33333 ], [ -119.08333, 49.41667 ], [ -119.04167, 49.45833 ], [ -119.04167, 49.58333 ], [ -119.08333, 49.625 ], [ -119.08333, 49.54167 ], [ -119.125, 49.5 ], [ -119.125, 49.33333 ], [ -119.08333, 49.33333 ], [ -119.08333, 49.125 ], [ -119.25, 49.04167 ], [ -119.375, 49.04167 ], [ -119.375, 49.0 ], [ -119.29167, 49.0 ], [ -119.29167, 48.91667 ], [ -119.375, 48.91667 ], [ -119.375, 48.875 ], [ -119.33333, 48.83333 ], [ -119.29167, 48.75 ], [ -119.20833, 48.66667 ], [ -119.125, 48.625 ], [ -119.33333, 48.625 ], [ -119.29167, 48.58333 ], [ -119.29167, 48.5 ], [ -119.33333, 48.41667 ], [ -119.25, 48.41667 ], [ -119.25, 48.375 ], [ -119.16667, 48.375 ], [ -119.125, 48.33333 ], [ -119.16667, 48.25 ], [ -119.04167, 48.25 ], [ -119.04167, 48.29167 ], [ -118.91667, 48.29167 ], [ -118.83333, 48.29167 ], [ -118.83333, 48.25 ], [ -118.79167, 48.25 ], [ -118.79167, 48.125 ], [ -118.75, 48.125 ], [ -118.75, 48.29167 ], [ -118.79167, 48.29167 ], [ -118.79167, 48.5 ], [ -118.75, 48.5 ], [ -118.75, 48.66667 ], [ -118.70833, 48.75 ], [ -118.625, 48.79167 ], [ -118.625, 48.875 ], [ -118.75, 48.875 ], [ -118.75, 48.91667 ], [ -118.58333, 48.91667 ], [ -118.54167, 48.95833 ], [ -118.54167, 49.04167 ], [ -118.45833, 49.08333 ], [ -118.33333, 49.0 ], [ -118.5, 49.0 ], [ -118.5, 48.91667 ], [ -118.54167, 48.91667 ], [ -118.625, 48.75 ], [ -118.625, 48.66667 ], [ -118.70833, 48.625 ], [ -118.70833, 48.29167 ], [ -118.625, 48.29167 ], [ -118.58333, 48.20833 ], [ -118.5, 48.20833 ], [ -118.5, 48.125 ], [ -118.41667, 48.125 ], [ -118.33333, 48.16667 ], [ -118.33333, 48.5 ], [ -118.25, 48.5 ], [ -118.16667, 48.625 ], [ -118.16667, 48.75 ], [ -118.25, 48.79167 ], [ -118.25, 49.125 ], [ -118.16667, 49.08333 ], [ -118.16667, 48.95833 ], [ -118.125, 48.95833 ], [ -118.125, 48.83333 ], [ -118.0, 48.83333 ], [ -117.83333, 48.91667 ], [ -117.75, 49.0 ], [ -117.66667, 49.0 ], [ -117.66667, 49.08333 ], [ -117.79167, 49.08333 ], [ -117.79167, 49.16667 ], [ -117.75, 49.20833 ], [ -117.83333, 49.20833 ], [ -117.83333, 49.08333 ], [ -117.875, 49.08333 ], [ -117.875, 49.04167 ], [ -117.91667, 49.125 ], [ -117.95833, 49.125 ], [ -118.0, 49.04167 ], [ -118.08333, 49.0 ], [ -118.125, 49.04167 ], [ -118.125, 49.16667 ], [ -118.20833, 49.20833 ], [ -118.25, 49.25 ], [ -118.33333, 49.20833 ], [ -118.33333, 49.33333 ], [ -118.375, 49.33333 ], [ -118.375, 49.45833 ], [ -118.33333, 49.45833 ], [ -118.33333, 49.58333 ], [ -118.41667, 49.58333 ], [ -118.45833, 49.54167 ], [ -118.54167, 49.54167 ], [ -118.58333, 49.54167 ], [ -118.58333, 49.45833 ], [ -118.54167, 49.45833 ], [ -118.54167, 49.20833 ], [ -118.58333, 49.20833 ], [ -118.66667, 49.16667 ], [ -118.66667, 49.29167 ], [ -118.70833, 49.29167 ], [ -118.79167, 49.20833 ], [ -118.83333, 49.25 ], [ -118.83333, 49.375 ], [ -118.79167, 49.375 ], [ -118.79167, 49.54167 ], [ -118.75, 49.54167 ], [ -118.75, 49.66667 ], [ -118.70833, 49.66667 ], [ -118.70833, 49.70833 ], [ -118.75, 49.75 ] ], [ [ -118.79167, 49.20833 ], [ -118.79167, 49.125 ], [ -118.875, 49.125 ], [ -118.79167, 49.20833 ] ], [ [ -118.91667, 49.04167 ], [ -118.70833, 49.04167 ], [ -118.70833, 49.0 ], [ -118.75, 49.0 ], [ -118.75, 48.91667 ], [ -118.875, 48.91667 ], [ -118.875, 48.95833 ], [ -118.79167, 48.95833 ], [ -118.79167, 49.0 ], [ -118.91667, 49.0 ], [ -118.91667, 49.04167 ] ], [ [ -118.5, 48.83333 ], [ -118.41667, 48.83333 ], [ -118.41667, 48.95833 ], [ -118.33333, 48.95833 ], [ -118.33333, 48.625 ], [ -118.41667, 48.625 ], [ -118.41667, 48.5 ], [ -118.5, 48.54167 ], [ -118.54167, 48.54167 ], [ -118.54167, 48.70833 ], [ -118.5, 48.70833 ], [ -118.5, 48.83333 ] ], [ [ -119.16667, 48.79167 ], [ -119.16667, 48.83333 ], [ -119.04167, 48.83333 ], [ -119.125, 48.75 ], [ -119.16667, 48.75 ], [ -119.16667, 48.79167 ] ], [ [ -118.54167, 48.54167 ], [ -118.5, 48.45833 ], [ -118.5, 48.375 ], [ -118.58333, 48.375 ], [ -118.58333, 48.54167 ], [ -118.54167, 48.54167 ] ], [ [ -119.20833, 48.5 ], [ -119.08333, 48.5 ], [ -119.08333, 48.45833 ], [ -119.20833, 48.45833 ], [ -119.20833, 48.5 ] ] ], [ [ [ -115.375, 48.25 ], [ -115.41667, 48.20833 ], [ -115.41667, 48.125 ], [ -115.33333, 48.16667 ], [ -115.375, 48.25 ] ] ], [ [ [ -115.04167, 48.25 ], [ -115.16667, 48.25 ], [ -115.20833, 48.20833 ], [ -115.16667, 48.16667 ], [ -115.08333, 48.16667 ], [ -115.08333, 48.08333 ], [ -115.04167, 48.08333 ], [ -115.04167, 48.25 ] ] ], [ [ [ -109.54167, 48.125 ], [ -109.45833, 48.08333 ], [ -109.375, 48.125 ], [ -109.33333, 48.20833 ], [ -109.25, 48.25 ], [ -109.25, 48.29167 ], [ -109.58333, 48.29167 ], [ -109.625, 48.25 ], [ -109.83333, 48.25 ], [ -109.875, 48.20833 ], [ -109.83333, 48.125 ], [ -109.75, 48.125 ], [ -109.75, 48.20833 ], [ -109.54167, 48.20833 ], [ -109.58333, 48.125 ], [ -109.54167, 48.125 ] ] ], [ [ [ -116.54167, 48.16667 ], [ -116.58333, 48.08333 ], [ -116.5, 48.08333 ], [ -116.54167, 48.16667 ] ] ], [ [ [ -115.0, 48.125 ], [ -115.0, 48.08333 ], [ -114.95833, 48.08333 ], [ -114.95833, 48.125 ], [ -115.0, 48.125 ] ] ], [ [ [ -109.75, 48.125 ], [ -109.75, 48.08333 ], [ -109.625, 48.08333 ], [ -109.625, 48.125 ], [ -109.75, 48.125 ] ] ], [ [ [ -117.0, 48.08333 ], [ -117.0, 48.04167 ], [ -116.875, 48.04167 ], [ -116.875, 48.16667 ], [ -116.95833, 48.16667 ], [ -117.0, 48.08333 ] ] ], [ [ [ -114.16667, 48.75 ], [ -114.16667, 48.66667 ], [ -114.125, 48.625 ], [ -114.20833, 48.625 ], [ -114.20833, 48.58333 ], [ -114.16667, 48.58333 ], [ -114.16667, 48.45833 ], [ -114.33333, 48.45833 ], [ -114.25, 48.41667 ], [ -114.25, 48.375 ], [ -114.04167, 48.375 ], [ -114.04167, 48.33333 ], [ -114.0, 48.29167 ], [ -113.91667, 48.29167 ], [ -113.875, 48.20833 ], [ -113.79167, 48.20833 ], [ -113.79167, 48.125 ], [ -113.66667, 48.0 ], [ -113.58333, 48.0 ], [ -113.625, 48.08333 ], [ -113.66667, 48.125 ], [ -113.70833, 48.16667 ], [ -113.75, 48.16667 ], [ -113.75, 48.25 ], [ -113.79167, 48.25 ], [ -113.79167, 48.33333 ], [ -113.83333, 48.375 ], [ -113.91667, 48.375 ], [ -113.91667, 48.41667 ], [ -113.95833, 48.41667 ], [ -113.95833, 48.54167 ], [ -113.875, 48.45833 ], [ -113.83333, 48.45833 ], [ -113.83333, 48.41667 ], [ -113.75, 48.41667 ], [ -113.75, 48.375 ], [ -113.66667, 48.375 ], [ -113.70833, 48.41667 ], [ -113.70833, 48.5 ], [ -113.75, 48.45833 ], [ -113.83333, 48.5 ], [ -113.83333, 48.66667 ], [ -113.875, 48.66667 ], [ -113.95833, 48.66667 ], [ -114.04167, 48.70833 ], [ -114.125, 48.75 ], [ -114.16667, 48.75 ] ], [ [ -114.125, 48.625 ], [ -114.04167, 48.625 ], [ -114.04167, 48.5 ], [ -114.125, 48.54167 ], [ -114.125, 48.625 ] ] ], [ [ [ -115.91667, 48.5 ], [ -116.08333, 48.66667 ], [ -116.25, 48.66667 ], [ -116.25, 48.625 ], [ -116.16667, 48.625 ], [ -116.16667, 48.54167 ], [ -116.08333, 48.54167 ], [ -116.04167, 48.5 ], [ -116.08333, 48.45833 ], [ -116.0, 48.375 ], [ -116.0, 48.29167 ], [ -115.91667, 48.20833 ], [ -115.91667, 48.125 ], [ -116.0, 48.125 ], [ -116.0, 48.08333 ], [ -115.875, 48.08333 ], [ -115.79167, 48.08333 ], [ -115.79167, 48.0 ], [ -115.66667, 48.0 ], [ -115.70833, 48.04167 ], [ -115.70833, 48.16667 ], [ -115.75, 48.20833 ], [ -115.79167, 48.20833 ], [ -115.875, 48.16667 ], [ -115.875, 48.33333 ], [ -115.91667, 48.33333 ], [ -115.91667, 48.5 ] ] ], [ [ [ -118.04167, 48.29167 ], [ -118.04167, 48.125 ], [ -118.125, 48.08333 ], [ -118.125, 48.0 ], [ -118.08333, 47.95833 ], [ -118.0, 47.95833 ], [ -118.0, 48.04167 ], [ -117.95833, 48.08333 ], [ -117.875, 48.08333 ], [ -117.875, 48.25 ], [ -117.91667, 48.29167 ], [ -117.95833, 48.29167 ], [ -117.95833, 48.25 ], [ -118.04167, 48.29167 ] ] ], [ [ [ -116.125, 48.04167 ], [ -116.16667, 48.125 ], [ -116.375, 48.125 ], [ -116.41667, 48.08333 ], [ -116.41667, 47.95833 ], [ -116.33333, 47.95833 ], [ -116.29167, 48.08333 ], [ -116.20833, 48.04167 ], [ -116.125, 48.04167 ] ] ], [ [ [ -119.95833, 48.04167 ], [ -120.04167, 48.04167 ], [ -120.0, 47.95833 ], [ -119.95833, 48.04167 ] ] ], [ [ [ -116.0, 48.04167 ], [ -116.08333, 48.0 ], [ -116.04167, 47.95833 ], [ -115.95833, 48.0 ], [ -116.0, 48.04167 ] ] ], [ [ [ -115.58333, 48.0 ], [ -115.58333, 47.95833 ], [ -115.54167, 47.95833 ], [ -115.58333, 48.0 ] ] ], [ [ [ -115.83333, 48.0 ], [ -115.91667, 48.0 ], [ -115.83333, 47.91667 ], [ -115.83333, 48.0 ] ] ], [ [ [ -115.66667, 48.0 ], [ -115.625, 47.91667 ], [ -115.625, 48.0 ], [ -115.66667, 48.0 ] ] ], [ [ [ -116.41667, 47.95833 ], [ -116.54167, 47.95833 ], [ -116.54167, 47.91667 ], [ -116.41667, 47.91667 ], [ -116.41667, 47.95833 ] ] ], [ [ [ -113.58333, 48.0 ], [ -113.58333, 47.91667 ], [ -113.54167, 47.875 ], [ -113.45833, 47.875 ], [ -113.41667, 47.95833 ], [ -113.45833, 48.0 ], [ -113.58333, 48.0 ] ] ], [ [ [ -108.625, 48.04167 ], [ -108.625, 47.875 ], [ -108.54167, 47.875 ], [ -108.45833, 47.91667 ], [ -108.45833, 48.0 ], [ -108.54167, 48.0 ], [ -108.625, 48.04167 ] ] ], [ [ [ -117.16667, 48.04167 ], [ -117.20833, 47.95833 ], [ -117.20833, 47.875 ], [ -117.125, 47.83333 ], [ -116.875, 47.83333 ], [ -116.91667, 47.91667 ], [ -116.91667, 48.0 ], [ -117.04167, 48.0 ], [ -117.08333, 48.04167 ], [ -117.16667, 48.04167 ] ] ], [ [ [ -115.75, 47.95833 ], [ -115.83333, 47.91667 ], [ -115.79167, 47.83333 ], [ -115.75, 47.875 ], [ -115.75, 47.95833 ] ] ], [ [ [ -116.25, 50.79167 ], [ -116.125, 50.66667 ], [ -116.16667, 50.625 ], [ -116.16667, 50.54167 ], [ -116.125, 50.5 ], [ -116.08333, 50.45833 ], [ -116.04167, 50.41667 ], [ -115.95833, 50.33333 ], [ -115.91667, 50.33333 ], [ -115.91667, 50.16667 ], [ -115.875, 50.16667 ], [ -115.875, 50.125 ], [ -115.83333, 50.125 ], [ -115.83333, 49.79167 ], [ -115.91667, 49.70833 ], [ -116.0, 49.70833 ], [ -116.04167, 49.66667 ], [ -115.95833, 49.625 ], [ -115.95833, 49.54167 ], [ -115.83333, 49.54167 ], [ -115.91667, 49.45833 ], [ -115.91667, 49.41667 ], [ -115.875, 49.41667 ], [ -115.875, 49.20833 ], [ -115.83333, 49.20833 ], [ -115.79167, 49.29167 ], [ -115.79167, 49.41667 ], [ -115.75, 49.41667 ], [ -115.75, 49.45833 ], [ -115.58333, 49.45833 ], [ -115.54167, 49.45833 ], [ -115.54167, 49.41667 ], [ -115.5, 49.375 ], [ -115.45833, 49.375 ], [ -115.41667, 49.29167 ], [ -115.54167, 49.29167 ], [ -115.54167, 49.25 ], [ -115.45833, 49.125 ], [ -115.375, 49.125 ], [ -115.33333, 49.125 ], [ -115.33333, 49.04167 ], [ -115.29167, 49.04167 ], [ -115.29167, 48.83333 ], [ -115.33333, 48.83333 ], [ -115.33333, 48.79167 ], [ -115.41667, 48.79167 ], [ -115.375, 48.75 ], [ -115.375, 48.58333 ], [ -115.45833, 48.54167 ], [ -115.58333, 48.66667 ], [ -115.79167, 48.66667 ], [ -115.79167, 48.75 ], [ -115.70833, 48.75 ], [ -115.625, 48.70833 ], [ -115.625, 48.83333 ], [ -115.58333, 48.83333 ], [ -115.625, 48.91667 ], [ -115.5, 48.91667 ], [ -115.5, 48.95833 ], [ -115.58333, 48.95833 ], [ -115.58333, 49.04167 ], [ -115.70833, 49.04167 ], [ -115.66667, 48.95833 ], [ -115.75, 48.91667 ], [ -115.83333, 48.91667 ], [ -115.83333, 48.83333 ], [ -115.95833, 48.83333 ], [ -115.95833, 48.70833 ], [ -116.04167, 48.70833 ], [ -116.0, 48.625 ], [ -115.91667, 48.625 ], [ -115.91667, 48.54167 ], [ -115.83333, 48.45833 ], [ -115.79167, 48.45833 ], [ -115.79167, 48.41667 ], [ -115.70833, 48.41667 ], [ -115.66667, 48.375 ], [ -115.66667, 48.33333 ], [ -115.625, 48.33333 ], [ -115.625, 48.16667 ], [ -115.54167, 48.125 ], [ -115.54167, 48.04167 ], [ -115.5, 48.04167 ], [ -115.5, 47.91667 ], [ -115.58333, 47.91667 ], [ -115.58333, 47.875 ], [ -115.41667, 47.875 ], [ -115.41667, 47.83333 ], [ -115.33333, 47.79167 ], [ -115.29167, 47.79167 ], [ -115.20833, 47.83333 ], [ -115.20833, 47.91667 ], [ -115.29167, 47.95833 ], [ -115.375, 48.04167 ], [ -115.45833, 48.04167 ], [ -115.45833, 48.16667 ], [ -115.5, 48.25 ], [ -115.58333, 48.25 ], [ -115.58333, 48.375 ], [ -115.66667, 48.45833 ], [ -115.41667, 48.45833 ], [ -115.41667, 48.375 ], [ -115.33333, 48.41667 ], [ -115.33333, 48.54167 ], [ -115.25, 48.54167 ], [ -115.25, 48.29167 ], [ -115.125, 48.29167 ], [ -115.125, 48.375 ], [ -115.16667, 48.45833 ], [ -115.125, 48.5 ], [ -114.95833, 48.5 ], [ -114.91667, 48.58333 ], [ -114.95833, 48.58333 ], [ -114.95833, 48.79167 ], [ -115.0, 48.83333 ], [ -115.25, 48.83333 ], [ -115.25, 49.20833 ], [ -115.29167, 49.29167 ], [ -115.25, 49.25 ], [ -115.125, 49.20833 ], [ -115.08333, 49.125 ], [ -115.08333, 49.20833 ], [ -115.04167, 49.20833 ], [ -115.04167, 49.29167 ], [ -115.125, 49.33333 ], [ -115.20833, 49.41667 ], [ -115.25, 49.41667 ], [ -115.33333, 49.45833 ], [ -115.33333, 49.5 ], [ -115.45833, 49.5 ], [ -115.45833, 49.58333 ], [ -115.54167, 49.58333 ], [ -115.54167, 49.66667 ], [ -115.58333, 49.70833 ], [ -115.625, 49.70833 ], [ -115.625, 50.04167 ], [ -115.66667, 50.04167 ], [ -115.70833, 50.04167 ], [ -115.75, 50.04167 ], [ -115.75, 50.16667 ], [ -115.79167, 50.20833 ], [ -115.83333, 50.20833 ], [ -115.83333, 50.375 ], [ -115.875, 50.375 ], [ -115.875, 50.45833 ], [ -115.91667, 50.45833 ], [ -116.04167, 50.58333 ], [ -116.04167, 50.625 ], [ -116.08333, 50.625 ], [ -116.08333, 50.70833 ], [ -116.125, 50.70833 ], [ -116.125, 50.75 ], [ -116.16667, 50.79167 ], [ -116.25, 50.79167 ] ], [ [ -115.20833, 48.75 ], [ -115.16667, 48.79167 ], [ -115.16667, 48.75 ], [ -115.08333, 48.75 ], [ -115.0, 48.70833 ], [ -115.0, 48.625 ], [ -115.08333, 48.625 ], [ -115.16667, 48.625 ], [ -115.25, 48.625 ], [ -115.25, 48.70833 ], [ -115.33333, 48.70833 ], [ -115.33333, 48.75 ], [ -115.20833, 48.75 ] ], [ [ -115.79167, 48.58333 ], [ -115.79167, 48.66667 ], [ -115.70833, 48.625 ], [ -115.70833, 48.58333 ], [ -115.70833, 48.54167 ], [ -115.70833, 48.5 ], [ -115.79167, 48.5 ], [ -115.79167, 48.58333 ] ] ], [ [ [ -116.125, 47.91667 ], [ -116.20833, 47.91667 ], [ -116.25, 47.95833 ], [ -116.33333, 47.95833 ], [ -116.33333, 47.91667 ], [ -116.33333, 47.875 ], [ -116.29167, 47.83333 ], [ -116.125, 47.83333 ], [ -116.125, 47.91667 ] ] ], [ [ [ -115.20833, 47.83333 ], [ -115.20833, 47.79167 ], [ -115.16667, 47.79167 ], [ -115.20833, 47.83333 ] ] ], [ [ [ -113.45833, 47.875 ], [ -113.45833, 47.79167 ], [ -113.41667, 47.75 ], [ -113.375, 47.75 ], [ -113.375, 47.875 ], [ -113.45833, 47.875 ] ] ], [ [ [ -114.375, 47.79167 ], [ -114.5, 47.79167 ], [ -114.5, 47.75 ], [ -114.375, 47.75 ], [ -114.375, 47.79167 ] ] ], [ [ [ -93.58333, 47.83333 ], [ -93.625, 47.75 ], [ -93.54167, 47.75 ], [ -93.58333, 47.83333 ] ] ], [ [ [ -116.54167, 47.875 ], [ -116.54167, 47.75 ], [ -116.45833, 47.70833 ], [ -116.45833, 47.875 ], [ -116.54167, 47.875 ] ] ], [ [ [ -115.16667, 47.79167 ], [ -115.16667, 47.70833 ], [ -115.125, 47.70833 ], [ -115.125, 47.79167 ], [ -115.16667, 47.79167 ] ] ], [ [ [ -116.54167, 47.91667 ], [ -116.625, 47.91667 ], [ -116.66667, 47.875 ], [ -116.625, 47.83333 ], [ -116.625, 47.75 ], [ -116.66667, 47.70833 ], [ -116.58333, 47.70833 ], [ -116.58333, 47.875 ], [ -116.54167, 47.875 ], [ -116.54167, 47.91667 ] ] ], [ [ [ -116.41667, 47.66667 ], [ -116.33333, 47.66667 ], [ -116.33333, 47.75 ], [ -116.41667, 47.75 ], [ -116.41667, 47.66667 ] ] ], [ [ [ -115.16667, 47.70833 ], [ -115.20833, 47.66667 ], [ -115.16667, 47.66667 ], [ -115.16667, 47.70833 ] ] ], [ [ [ -113.375, 47.75 ], [ -113.375, 47.625 ], [ -113.33333, 47.625 ], [ -113.33333, 47.75 ], [ -113.375, 47.75 ] ] ], [ [ [ -115.25, 47.66667 ], [ -115.20833, 47.625 ], [ -115.20833, 47.66667 ], [ -115.25, 47.66667 ] ] ], [ [ [ -115.16667, 47.66667 ], [ -115.16667, 47.58333 ], [ -115.125, 47.58333 ], [ -115.04167, 47.58333 ], [ -114.95833, 47.58333 ], [ -115.0, 47.66667 ], [ -115.16667, 47.66667 ] ] ], [ [ [ -112.91667, 47.75 ], [ -112.91667, 47.58333 ], [ -112.75, 47.58333 ], [ -112.75, 47.54167 ], [ -112.66667, 47.58333 ], [ -112.66667, 47.66667 ], [ -112.70833, 47.66667 ], [ -112.70833, 47.625 ], [ -112.83333, 47.625 ], [ -112.83333, 47.66667 ], [ -112.875, 47.75 ], [ -112.91667, 47.75 ] ] ], [ [ [ -117.0, 47.66667 ], [ -117.04167, 47.58333 ], [ -116.95833, 47.54167 ], [ -116.95833, 47.625 ], [ -117.0, 47.66667 ] ] ], [ [ [ -114.0, 47.75 ], [ -114.04167, 47.75 ], [ -114.04167, 47.5 ], [ -114.0, 47.5 ], [ -114.0, 47.75 ] ] ], [ [ [ -113.33333, 47.625 ], [ -113.33333, 47.54167 ], [ -113.29167, 47.5 ], [ -113.25, 47.5 ], [ -113.25, 47.58333 ], [ -113.29167, 47.625 ], [ -113.33333, 47.625 ] ] ], [ [ [ -115.16667, 47.54167 ], [ -115.125, 47.5 ], [ -115.125, 47.54167 ], [ -115.16667, 47.54167 ] ] ], [ [ [ -113.25, 47.5 ], [ -113.25, 47.45833 ], [ -113.20833, 47.45833 ], [ -113.20833, 47.5 ], [ -113.25, 47.5 ] ] ], [ [ [ -114.0, 47.5 ], [ -114.0, 47.41667 ], [ -113.95833, 47.41667 ], [ -113.95833, 47.5 ], [ -114.0, 47.5 ] ] ], [ [ [ -115.20833, 47.45833 ], [ -115.20833, 47.41667 ], [ -115.16667, 47.45833 ], [ -115.20833, 47.45833 ] ] ], [ [ [ -102.95833, 47.54167 ], [ -102.95833, 47.45833 ], [ -102.875, 47.41667 ], [ -102.83333, 47.45833 ], [ -102.83333, 47.54167 ], [ -102.95833, 47.54167 ] ] ], [ [ [ -93.04167, 47.41667 ], [ -92.91667, 47.41667 ], [ -92.91667, 47.5 ], [ -93.0, 47.5 ], [ -93.04167, 47.41667 ] ] ], [ [ [ -114.66667, 48.5 ], [ -114.66667, 48.41667 ], [ -114.70833, 48.33333 ], [ -114.625, 48.33333 ], [ -114.54167, 48.375 ], [ -114.54167, 48.29167 ], [ -114.58333, 48.25 ], [ -114.66667, 48.25 ], [ -114.66667, 48.16667 ], [ -114.70833, 48.20833 ], [ -114.79167, 48.20833 ], [ -114.75, 48.16667 ], [ -114.79167, 48.08333 ], [ -114.95833, 48.08333 ], [ -114.95833, 47.79167 ], [ -114.91667, 47.79167 ], [ -114.91667, 47.95833 ], [ -114.83333, 47.91667 ], [ -114.79167, 47.91667 ], [ -114.79167, 47.70833 ], [ -114.91667, 47.70833 ], [ -114.91667, 47.625 ], [ -114.875, 47.625 ], [ -114.79167, 47.66667 ], [ -114.75, 47.625 ], [ -114.79167, 47.54167 ], [ -114.79167, 47.41667 ], [ -114.70833, 47.41667 ], [ -114.70833, 47.91667 ], [ -114.45833, 47.91667 ], [ -114.5, 47.83333 ], [ -114.375, 47.83333 ], [ -114.375, 47.875 ], [ -114.25, 47.875 ], [ -114.20833, 47.91667 ], [ -114.25, 48.0 ], [ -114.25, 48.125 ], [ -114.33333, 48.125 ], [ -114.41667, 48.16667 ], [ -114.41667, 48.33333 ], [ -114.45833, 48.41667 ], [ -114.625, 48.41667 ], [ -114.66667, 48.5 ] ] ], [ [ [ -115.125, 47.5 ], [ -115.125, 47.41667 ], [ -115.0, 47.41667 ], [ -115.125, 47.5 ] ] ], [ [ [ -112.66667, 47.5 ], [ -112.70833, 47.5 ], [ -112.70833, 47.33333 ], [ -112.66667, 47.33333 ], [ -112.66667, 47.375 ], [ -112.625, 47.375 ], [ -112.66667, 47.41667 ], [ -112.66667, 47.5 ] ] ], [ [ [ -110.625, 47.54167 ], [ -110.70833, 47.5 ], [ -110.75, 47.41667 ], [ -110.66667, 47.41667 ], [ -110.625, 47.375 ], [ -110.5, 47.375 ], [ -110.41667, 47.41667 ], [ -110.41667, 47.5 ], [ -110.45833, 47.54167 ], [ -110.625, 47.54167 ] ] ], [ [ [ -114.125, 48.29167 ], [ -114.125, 48.20833 ], [ -114.08333, 48.20833 ], [ -114.08333, 48.04167 ], [ -114.04167, 48.04167 ], [ -114.04167, 47.83333 ], [ -114.0, 47.83333 ], [ -114.0, 47.95833 ], [ -113.91667, 47.95833 ], [ -113.91667, 47.83333 ], [ -113.875, 47.83333 ], [ -113.875, 47.625 ], [ -113.83333, 47.625 ], [ -113.83333, 47.5 ], [ -113.79167, 47.5 ], [ -113.79167, 47.41667 ], [ -113.75, 47.33333 ], [ -113.70833, 47.33333 ], [ -113.625, 47.375 ], [ -113.625, 47.25 ], [ -113.54167, 47.29167 ], [ -113.54167, 47.41667 ], [ -113.58333, 47.41667 ], [ -113.58333, 47.5 ], [ -113.625, 47.54167 ], [ -113.66667, 47.58333 ], [ -113.70833, 47.58333 ], [ -113.70833, 47.66667 ], [ -113.75, 47.66667 ], [ -113.75, 47.875 ], [ -113.79167, 47.95833 ], [ -113.875, 47.95833 ], [ -113.875, 48.04167 ], [ -113.91667, 48.125 ], [ -113.95833, 48.16667 ], [ -114.04167, 48.25 ], [ -114.08333, 48.25 ], [ -114.08333, 48.29167 ], [ -114.125, 48.29167 ] ] ], [ [ [ -113.54167, 47.29167 ], [ -113.5, 47.25 ], [ -113.5, 47.29167 ], [ -113.54167, 47.29167 ] ] ], [ [ [ -112.58333, 47.33333 ], [ -112.58333, 47.29167 ], [ -112.5, 47.25 ], [ -112.5, 47.20833 ], [ -112.45833, 47.20833 ], [ -112.45833, 47.25 ], [ -112.41667, 47.25 ], [ -112.58333, 47.33333 ] ] ], [ [ [ -114.79167, 47.33333 ], [ -114.875, 47.29167 ], [ -114.79167, 47.20833 ], [ -114.70833, 47.25 ], [ -114.70833, 47.29167 ], [ -114.5, 47.29167 ], [ -114.5, 47.33333 ], [ -114.79167, 47.33333 ] ] ], [ [ [ -114.5, 47.29167 ], [ -114.5, 47.25 ], [ -114.33333, 47.25 ], [ -114.33333, 47.20833 ], [ -114.29167, 47.20833 ], [ -114.29167, 47.29167 ], [ -114.5, 47.29167 ] ] ], [ [ [ -114.0, 47.375 ], [ -114.0, 47.29167 ], [ -114.08333, 47.20833 ], [ -114.04167, 47.16667 ], [ -113.875, 47.16667 ], [ -113.83333, 47.20833 ], [ -113.83333, 47.25 ], [ -113.91667, 47.25 ], [ -113.91667, 47.29167 ], [ -113.95833, 47.29167 ], [ -113.95833, 47.375 ], [ -114.0, 47.375 ] ] ], [ [ [ -114.79167, 47.20833 ], [ -114.79167, 47.16667 ], [ -114.75, 47.16667 ], [ -114.79167, 47.20833 ] ] ], [ [ [ -113.83333, 47.20833 ], [ -113.83333, 47.16667 ], [ -113.79167, 47.16667 ], [ -113.79167, 47.20833 ], [ -113.83333, 47.20833 ] ] ], [ [ [ -91.41667, 47.25 ], [ -91.54167, 47.25 ], [ -91.58333, 47.16667 ], [ -91.45833, 47.16667 ], [ -91.41667, 47.25 ] ] ], [ [ [ -114.5, 47.125 ], [ -114.41667, 47.125 ], [ -114.41667, 47.16667 ], [ -114.45833, 47.16667 ], [ -114.45833, 47.20833 ], [ -114.58333, 47.20833 ], [ -114.58333, 47.25 ], [ -114.70833, 47.25 ], [ -114.625, 47.20833 ], [ -114.625, 47.125 ], [ -114.54167, 47.125 ], [ -114.625, 47.08333 ], [ -114.625, 47.04167 ], [ -114.5, 47.04167 ], [ -114.5, 46.91667 ], [ -114.33333, 46.91667 ], [ -114.29167, 46.83333 ], [ -114.29167, 46.79167 ], [ -114.16667, 46.79167 ], [ -114.16667, 46.875 ], [ -114.29167, 47.0 ], [ -114.375, 46.95833 ], [ -114.45833, 46.95833 ], [ -114.41667, 47.04167 ], [ -114.5, 47.125 ] ] ], [ [ [ -88.375, 47.125 ], [ -88.29167, 47.125 ], [ -88.25, 47.16667 ], [ -88.25, 47.25 ], [ -88.16667, 47.25 ], [ -88.0, 47.33333 ], [ -88.04167, 47.41667 ], [ -87.75, 47.41667 ], [ -87.75, 47.45833 ], [ -88.16667, 47.45833 ], [ -88.16667, 47.41667 ], [ -88.29167, 47.41667 ], [ -88.29167, 47.375 ], [ -88.41667, 47.375 ], [ -88.5, 47.29167 ], [ -88.58333, 47.25 ], [ -88.58333, 47.16667 ], [ -88.45833, 47.16667 ], [ -88.375, 47.20833 ], [ -88.375, 47.125 ] ] ], [ [ [ -115.0, 47.16667 ], [ -115.04167, 47.125 ], [ -115.0, 47.125 ], [ -115.0, 47.16667 ] ] ], [ [ [ -114.70833, 47.16667 ], [ -114.66667, 47.125 ], [ -114.66667, 47.16667 ], [ -114.70833, 47.16667 ] ] ], [ [ [ -113.20833, 47.16667 ], [ -113.20833, 47.125 ], [ -113.16667, 47.125 ], [ -113.16667, 47.16667 ], [ -113.20833, 47.16667 ] ] ], [ [ [ -109.29167, 47.25 ], [ -109.29167, 47.08333 ], [ -109.20833, 47.08333 ], [ -109.16667, 47.125 ], [ -109.16667, 47.20833 ], [ -109.04167, 47.20833 ], [ -109.04167, 47.25 ], [ -109.29167, 47.25 ] ] ], [ [ [ -114.95833, 47.125 ], [ -114.95833, 47.08333 ], [ -114.91667, 47.08333 ], [ -114.91667, 47.125 ], [ -114.95833, 47.125 ] ] ], [ [ [ -114.66667, 47.125 ], [ -114.625, 47.08333 ], [ -114.625, 47.125 ], [ -114.66667, 47.125 ] ] ], [ [ [ -114.41667, 47.125 ], [ -114.41667, 47.08333 ], [ -114.33333, 47.08333 ], [ -114.33333, 47.125 ], [ -114.41667, 47.125 ] ] ], [ [ [ -113.125, 47.125 ], [ -113.125, 47.08333 ], [ -113.08333, 47.08333 ], [ -113.08333, 47.125 ], [ -113.125, 47.125 ] ] ], [ [ [ -114.91667, 47.08333 ], [ -114.91667, 47.04167 ], [ -114.875, 47.04167 ], [ -114.91667, 47.08333 ] ] ], [ [ [ -88.375, 47.125 ], [ -88.45833, 47.04167 ], [ -88.375, 47.04167 ], [ -88.375, 47.125 ] ] ], [ [ [ -110.58333, 47.16667 ], [ -110.58333, 47.08333 ], [ -110.5, 47.08333 ], [ -110.5, 47.0 ], [ -110.41667, 47.0 ], [ -110.45833, 47.04167 ], [ -110.45833, 47.125 ], [ -110.54167, 47.125 ], [ -110.58333, 47.16667 ] ] ], [ [ [ -110.79167, 47.08333 ], [ -110.75, 47.0 ], [ -110.70833, 47.0 ], [ -110.70833, 47.04167 ], [ -110.625, 47.04167 ], [ -110.625, 47.08333 ], [ -110.79167, 47.08333 ] ] ], [ [ [ -114.875, 47.04167 ], [ -114.875, 47.0 ], [ -114.83333, 47.0 ], [ -114.875, 47.04167 ] ] ], [ [ [ -114.29167, 47.20833 ], [ -114.29167, 47.125 ], [ -114.20833, 47.08333 ], [ -114.29167, 47.08333 ], [ -114.29167, 47.04167 ], [ -114.16667, 47.04167 ], [ -114.16667, 47.0 ], [ -114.04167, 47.0 ], [ -114.0, 47.04167 ], [ -114.0, 47.08333 ], [ -114.08333, 47.08333 ], [ -114.125, 47.16667 ], [ -114.25, 47.16667 ], [ -114.29167, 47.20833 ] ] ], [ [ [ -112.58333, 47.04167 ], [ -112.625, 47.0 ], [ -112.58333, 47.0 ], [ -112.58333, 47.04167 ] ] ], [ [ [ -114.04167, 47.0 ], [ -114.04167, 46.95833 ], [ -113.95833, 46.95833 ], [ -113.95833, 47.0 ], [ -114.04167, 47.0 ] ] ], [ [ [ -110.79167, 47.0 ], [ -110.79167, 46.95833 ], [ -110.75, 46.95833 ], [ -110.75, 47.0 ], [ -110.79167, 47.0 ] ] ], [ [ [ -110.41667, 47.0 ], [ -110.41667, 46.95833 ], [ -110.33333, 46.95833 ], [ -110.33333, 47.0 ], [ -110.41667, 47.0 ] ] ], [ [ [ -91.75, 47.04167 ], [ -91.83333, 47.04167 ], [ -91.875, 46.95833 ], [ -91.79167, 46.95833 ], [ -91.75, 47.04167 ] ] ], [ [ [ -114.58333, 46.95833 ], [ -114.58333, 46.91667 ], [ -114.54167, 46.91667 ], [ -114.58333, 46.95833 ] ] ], [ [ [ -112.41667, 47.25 ], [ -112.41667, 47.08333 ], [ -112.58333, 47.08333 ], [ -112.58333, 47.04167 ], [ -112.45833, 47.04167 ], [ -112.5, 46.95833 ], [ -112.375, 46.95833 ], [ -112.375, 46.91667 ], [ -112.20833, 46.91667 ], [ -112.16667, 47.0 ], [ -112.16667, 47.08333 ], [ -112.20833, 47.125 ], [ -112.33333, 47.125 ], [ -112.41667, 47.25 ] ], [ [ -112.375, 46.95833 ], [ -112.375, 47.08333 ], [ -112.25, 46.95833 ], [ -112.375, 46.95833 ] ] ], [ [ [ -112.04167, 46.95833 ], [ -112.04167, 46.875 ], [ -111.95833, 46.875 ], [ -111.95833, 46.91667 ], [ -112.04167, 46.95833 ] ] ], [ [ [ -114.54167, 46.91667 ], [ -114.54167, 46.875 ], [ -114.5, 46.875 ], [ -114.5, 46.91667 ], [ -114.54167, 46.91667 ] ] ], [ [ [ -112.70833, 46.91667 ], [ -112.70833, 46.875 ], [ -112.58333, 46.875 ], [ -112.58333, 46.91667 ], [ -112.70833, 46.91667 ] ] ], [ [ [ -91.95833, 46.91667 ], [ -92.08333, 46.91667 ], [ -92.08333, 46.875 ], [ -91.95833, 46.875 ], [ -91.95833, 46.91667 ] ] ], [ [ [ -110.33333, 46.91667 ], [ -110.41667, 46.875 ], [ -110.33333, 46.83333 ], [ -110.33333, 46.91667 ] ] ], [ [ [ -111.0, 46.875 ], [ -110.95833, 46.79167 ], [ -110.95833, 46.875 ], [ -111.0, 46.875 ] ] ], [ [ [ -110.33333, 46.83333 ], [ -110.29167, 46.75 ], [ -110.29167, 46.83333 ], [ -110.33333, 46.83333 ] ] ], [ [ [ -109.625, 46.79167 ], [ -109.625, 46.75 ], [ -109.58333, 46.75 ], [ -109.625, 46.79167 ] ] ], [ [ [ -109.16667, 46.70833 ], [ -109.125, 46.75 ], [ -109.04167, 46.75 ], [ -109.04167, 46.91667 ], [ -109.33333, 46.91667 ], [ -109.33333, 46.95833 ], [ -109.5, 46.95833 ], [ -109.58333, 46.91667 ], [ -109.625, 46.83333 ], [ -109.45833, 46.83333 ], [ -109.41667, 46.83333 ], [ -109.375, 46.83333 ], [ -109.33333, 46.83333 ], [ -109.20833, 46.83333 ], [ -109.20833, 46.75 ], [ -109.16667, 46.70833 ] ] ], [ [ [ -109.95833, 46.79167 ], [ -110.16667, 46.79167 ], [ -110.16667, 46.75 ], [ -110.0, 46.75 ], [ -110.0, 46.70833 ], [ -109.875, 46.70833 ], [ -109.875, 46.75 ], [ -109.95833, 46.79167 ] ] ], [ [ [ -114.375, 46.75 ], [ -114.375, 46.70833 ], [ -114.33333, 46.70833 ], [ -114.33333, 46.75 ], [ -114.375, 46.75 ] ] ], [ [ [ -109.54167, 46.75 ], [ -109.54167, 46.70833 ], [ -109.5, 46.70833 ], [ -109.5, 46.75 ], [ -109.54167, 46.75 ] ] ], [ [ [ -84.375, 46.83333 ], [ -84.54167, 46.83333 ], [ -84.5, 46.79167 ], [ -84.41667, 46.79167 ], [ -84.41667, 46.66667 ], [ -84.25, 46.66667 ], [ -84.25, 46.75 ], [ -84.33333, 46.75 ], [ -84.375, 46.83333 ] ] ], [ [ [ -110.875, 46.70833 ], [ -110.875, 46.66667 ], [ -110.83333, 46.70833 ], [ -110.875, 46.70833 ] ] ], [ [ [ -109.33333, 46.70833 ], [ -109.33333, 46.66667 ], [ -109.16667, 46.66667 ], [ -109.16667, 46.70833 ], [ -109.33333, 46.70833 ] ] ], [ [ [ -110.54167, 46.66667 ], [ -110.54167, 46.625 ], [ -110.5, 46.625 ], [ -110.5, 46.66667 ], [ -110.54167, 46.66667 ] ] ], [ [ [ -110.16667, 46.66667 ], [ -110.16667, 46.625 ], [ -110.125, 46.625 ], [ -110.125, 46.66667 ], [ -110.16667, 46.66667 ] ] ], [ [ [ -111.41667, 47.04167 ], [ -111.45833, 47.0 ], [ -111.58333, 47.0 ], [ -111.58333, 47.125 ], [ -111.625, 47.16667 ], [ -111.70833, 47.125 ], [ -111.83333, 47.125 ], [ -111.83333, 47.0 ], [ -111.875, 46.95833 ], [ -111.875, 46.83333 ], [ -111.75, 46.83333 ], [ -111.75, 46.75 ], [ -111.45833, 46.58333 ], [ -111.375, 46.58333 ], [ -111.375, 46.625 ], [ -111.29167, 46.625 ], [ -111.375, 46.70833 ], [ -111.375, 46.79167 ], [ -111.20833, 46.79167 ], [ -111.20833, 46.875 ], [ -111.04167, 46.875 ], [ -111.08333, 46.95833 ], [ -111.125, 46.95833 ], [ -111.125, 47.08333 ], [ -111.04167, 47.04167 ], [ -110.91667, 47.04167 ], [ -110.91667, 47.08333 ], [ -110.95833, 47.08333 ], [ -110.95833, 47.16667 ], [ -111.25, 47.16667 ], [ -111.25, 46.91667 ], [ -111.33333, 46.83333 ], [ -111.41667, 46.83333 ], [ -111.41667, 47.04167 ] ], [ [ -111.58333, 46.75 ], [ -111.58333, 46.79167 ], [ -111.70833, 46.79167 ], [ -111.66667, 46.875 ], [ -111.70833, 46.91667 ], [ -111.45833, 46.91667 ], [ -111.5, 46.83333 ], [ -111.45833, 46.83333 ], [ -111.45833, 46.75 ], [ -111.58333, 46.75 ] ] ], [ [ [ -110.45833, 46.66667 ], [ -110.45833, 46.58333 ], [ -110.375, 46.625 ], [ -110.45833, 46.66667 ] ] ], [ [ [ -84.20833, 46.58333 ], [ -84.20833, 46.625 ], [ -84.375, 46.625 ], [ -84.375, 46.58333 ], [ -84.54167, 46.58333 ], [ -84.54167, 46.54167 ], [ -84.25, 46.54167 ], [ -84.20833, 46.58333 ] ] ], [ [ [ -112.41667, 46.83333 ], [ -112.5, 46.83333 ], [ -112.5, 46.75 ], [ -112.29167, 46.75 ], [ -112.29167, 46.66667 ], [ -112.375, 46.625 ], [ -112.29167, 46.625 ], [ -112.29167, 46.5 ], [ -112.125, 46.5 ], [ -112.0, 46.5 ], [ -112.0, 46.54167 ], [ -112.20833, 46.54167 ], [ -112.20833, 46.75 ], [ -112.25, 46.79167 ], [ -112.41667, 46.79167 ], [ -112.41667, 46.83333 ] ] ], [ [ [ -110.58333, 46.54167 ], [ -110.54167, 46.45833 ], [ -110.5, 46.5 ], [ -110.58333, 46.54167 ] ] ], [ [ [ -97.75, 46.25 ], [ -97.66667, 46.25 ], [ -97.66667, 46.33333 ], [ -97.75, 46.33333 ], [ -97.75, 46.25 ] ] ], [ [ [ -79.04167, 46.29167 ], [ -79.04167, 46.25 ], [ -78.70833, 46.25 ], [ -78.66667, 46.33333 ], [ -78.79167, 46.33333 ], [ -78.79167, 46.29167 ], [ -79.04167, 46.29167 ] ] ], [ [ [ -84.08333, 46.29167 ], [ -83.91667, 46.16667 ], [ -83.83333, 46.16667 ], [ -83.83333, 46.25 ], [ -83.91667, 46.29167 ], [ -84.08333, 46.29167 ] ] ], [ [ [ -97.75, 46.20833 ], [ -97.79167, 46.125 ], [ -97.70833, 46.125 ], [ -97.75, 46.20833 ] ] ], [ [ [ -97.0, 46.08333 ], [ -97.0, 46.04167 ], [ -96.875, 46.04167 ], [ -96.875, 46.08333 ], [ -97.0, 46.08333 ] ] ], [ [ [ -75.45833, 46.04167 ], [ -75.58333, 46.04167 ], [ -75.54167, 46.125 ], [ -75.66667, 46.125 ], [ -75.66667, 46.08333 ], [ -75.58333, 45.95833 ], [ -75.5, 45.95833 ], [ -75.45833, 46.04167 ] ] ], [ [ [ -74.83333, 46.08333 ], [ -74.91667, 46.0 ], [ -74.83333, 45.95833 ], [ -74.83333, 46.08333 ] ] ], [ [ [ -83.66667, 46.08333 ], [ -83.70833, 46.0 ], [ -83.79167, 45.95833 ], [ -83.54167, 45.95833 ], [ -83.58333, 46.0 ], [ -83.58333, 46.08333 ], [ -83.66667, 46.08333 ] ] ], [ [ [ -83.16667, 45.95833 ], [ -83.16667, 45.875 ], [ -82.875, 45.875 ], [ -82.875, 45.95833 ], [ -82.95833, 45.91667 ], [ -83.125, 45.91667 ], [ -83.16667, 45.95833 ] ] ], [ [ [ -81.75, 45.66667 ], [ -81.625, 45.79167 ], [ -81.79167, 45.79167 ], [ -81.79167, 45.70833 ], [ -81.75, 45.66667 ] ] ], [ [ [ -85.58333, 45.70833 ], [ -85.58333, 45.625 ], [ -85.5, 45.625 ], [ -85.5, 45.70833 ], [ -85.58333, 45.70833 ] ] ], [ [ [ -82.41667, 45.95833 ], [ -82.41667, 45.91667 ], [ -82.5, 45.875 ], [ -82.5, 45.79167 ], [ -82.45833, 45.70833 ], [ -82.25, 45.70833 ], [ -82.20833, 45.625 ], [ -82.08333, 45.625 ], [ -82.0, 45.58333 ], [ -81.95833, 45.66667 ], [ -81.875, 45.66667 ], [ -81.875, 45.83333 ], [ -81.91667, 45.875 ], [ -81.91667, 45.95833 ], [ -82.04167, 45.95833 ], [ -82.125, 45.875 ], [ -82.20833, 45.83333 ], [ -82.25, 45.91667 ], [ -82.33333, 45.91667 ], [ -82.41667, 45.95833 ] ] ], [ [ [ -94.41667, 45.625 ], [ -94.41667, 45.58333 ], [ -94.54167, 45.58333 ], [ -94.54167, 45.54167 ], [ -94.33333, 45.54167 ], [ -94.41667, 45.625 ] ] ], [ [ [ -95.95833, 45.54167 ], [ -96.08333, 45.54167 ], [ -96.08333, 45.5 ], [ -95.95833, 45.5 ], [ -95.95833, 45.54167 ] ] ], [ [ [ -84.5, 45.66667 ], [ -84.625, 45.75 ], [ -84.91667, 45.75 ], [ -85.0, 45.66667 ], [ -85.08333, 45.625 ], [ -85.08333, 45.5 ], [ -85.04167, 45.45833 ], [ -84.79167, 45.45833 ], [ -84.79167, 45.5 ], [ -84.625, 45.5 ], [ -84.5, 45.58333 ], [ -84.5, 45.66667 ] ] ], [ [ [ -78.41667, 45.54167 ], [ -78.41667, 45.45833 ], [ -78.375, 45.41667 ], [ -78.29167, 45.5 ], [ -78.375, 45.5 ], [ -78.41667, 45.54167 ] ] ], [ [ [ -97.5, 45.91667 ], [ -97.54167, 45.83333 ], [ -97.54167, 45.75 ], [ -97.625, 45.66667 ], [ -97.45833, 45.5 ], [ -97.41667, 45.54167 ], [ -97.25, 45.54167 ], [ -97.25, 45.45833 ], [ -97.45833, 45.45833 ], [ -97.45833, 45.375 ], [ -97.375, 45.375 ], [ -97.33333, 45.33333 ], [ -97.33333, 45.25 ], [ -97.25, 45.25 ], [ -97.25, 45.375 ], [ -97.125, 45.375 ], [ -97.08333, 45.33333 ], [ -97.08333, 45.20833 ], [ -97.0, 45.125 ], [ -96.95833, 45.125 ], [ -96.95833, 45.29167 ], [ -97.0, 45.29167 ], [ -97.08333, 45.45833 ], [ -97.08333, 45.625 ], [ -97.25, 45.79167 ], [ -97.33333, 45.83333 ], [ -97.41667, 45.91667 ], [ -97.5, 45.91667 ] ] ], [ [ [ -83.70833, 45.375 ], [ -83.70833, 45.29167 ], [ -83.58333, 45.16667 ], [ -83.54167, 45.08333 ], [ -83.5, 45.08333 ], [ -83.41667, 45.16667 ], [ -83.41667, 45.29167 ], [ -83.45833, 45.33333 ], [ -83.625, 45.33333 ], [ -83.70833, 45.375 ] ] ], [ [ [ -83.41667, 45.16667 ], [ -83.375, 45.08333 ], [ -83.33333, 45.16667 ], [ -83.41667, 45.16667 ] ] ], [ [ [ -83.79167, 45.04167 ], [ -83.79167, 44.875 ], [ -83.75, 44.875 ], [ -83.75, 45.04167 ], [ -83.79167, 45.04167 ] ] ], [ [ [ -88.45833, 44.79167 ], [ -88.45833, 44.75 ], [ -88.33333, 44.75 ], [ -88.33333, 44.79167 ], [ -88.45833, 44.79167 ] ] ], [ [ [ -83.75, 44.83333 ], [ -83.75, 44.70833 ], [ -83.875, 44.70833 ], [ -83.70833, 44.625 ], [ -83.70833, 44.75 ], [ -83.66667, 44.83333 ], [ -83.75, 44.83333 ] ] ], [ [ [ -84.41667, 45.66667 ], [ -84.41667, 45.45833 ], [ -84.5, 45.45833 ], [ -84.54167, 45.375 ], [ -84.625, 45.33333 ], [ -84.79167, 45.33333 ], [ -84.79167, 45.16667 ], [ -84.875, 45.125 ], [ -84.95833, 45.125 ], [ -84.95833, 45.0 ], [ -85.08333, 44.875 ], [ -85.125, 44.875 ], [ -85.125, 44.66667 ], [ -85.20833, 44.58333 ], [ -85.04167, 44.58333 ], [ -85.04167, 44.70833 ], [ -84.95833, 44.66667 ], [ -84.875, 44.70833 ], [ -84.66667, 44.70833 ], [ -84.58333, 44.75 ], [ -84.58333, 44.875 ], [ -84.45833, 44.875 ], [ -84.41667, 44.83333 ], [ -84.41667, 44.79167 ], [ -84.375, 44.79167 ], [ -84.375, 44.83333 ], [ -84.29167, 44.79167 ], [ -84.29167, 44.75 ], [ -84.20833, 44.75 ], [ -84.04167, 44.75 ], [ -84.16667, 44.83333 ], [ -84.16667, 44.91667 ], [ -84.25, 45.0 ], [ -84.20833, 45.04167 ], [ -84.45833, 45.04167 ], [ -84.45833, 45.08333 ], [ -84.375, 45.08333 ], [ -84.375, 45.25 ], [ -84.125, 45.25 ], [ -84.125, 45.125 ], [ -84.04167, 45.08333 ], [ -83.83333, 45.08333 ], [ -83.83333, 45.25 ], [ -83.875, 45.29167 ], [ -83.83333, 45.33333 ], [ -83.875, 45.375 ], [ -84.04167, 45.375 ], [ -84.04167, 45.41667 ], [ -84.33333, 45.41667 ], [ -84.375, 45.45833 ], [ -84.375, 45.54167 ], [ -84.33333, 45.58333 ], [ -84.375, 45.625 ], [ -84.41667, 45.66667 ] ], [ [ -84.625, 45.25 ], [ -84.5, 45.25 ], [ -84.5, 45.20833 ], [ -84.625, 45.20833 ], [ -84.625, 45.25 ] ] ], [ [ [ -73.04167, 44.58333 ], [ -73.08333, 44.54167 ], [ -73.04167, 44.54167 ], [ -73.04167, 44.58333 ] ] ], [ [ [ -107.625, 50.45833 ], [ -107.66667, 50.375 ], [ -107.875, 50.375 ], [ -107.875, 50.41667 ], [ -108.125, 50.41667 ], [ -108.125, 50.58333 ], [ -107.91667, 50.58333 ], [ -107.91667, 50.625 ], [ -107.58333, 50.625 ], [ -107.58333, 50.58333 ], [ -107.45833, 50.58333 ], [ -107.41667, 50.66667 ], [ -107.08333, 50.66667 ], [ -107.04167, 50.79167 ], [ -107.29167, 50.79167 ], [ -107.29167, 50.75 ], [ -107.45833, 50.75 ], [ -107.5, 50.66667 ], [ -107.58333, 50.70833 ], [ -108.04167, 50.70833 ], [ -108.04167, 50.79167 ], [ -108.16667, 50.79167 ], [ -108.16667, 50.875 ], [ -107.91667, 50.875 ], [ -107.91667, 50.95833 ], [ -108.25, 50.95833 ], [ -108.25, 51.0 ], [ -108.91667, 51.0 ], [ -108.91667, 51.04167 ], [ -109.16667, 51.04167 ], [ -109.16667, 51.0 ], [ -108.95833, 51.0 ], [ -108.91667, 50.95833 ], [ -108.91667, 50.875 ], [ -109.0, 50.875 ], [ -109.04167, 50.83333 ], [ -109.04167, 50.66667 ], [ -109.20833, 50.75 ], [ -109.41667, 50.75 ], [ -109.45833, 50.83333 ], [ -109.70833, 50.83333 ], [ -109.70833, 50.91667 ], [ -109.45833, 50.91667 ], [ -109.5, 51.0 ], [ -109.66667, 51.0 ], [ -109.70833, 51.04167 ], [ -109.70833, 51.16667 ], [ -109.79167, 51.20833 ], [ -109.79167, 50.95833 ], [ -109.95833, 51.04167 ], [ -110.33333, 51.04167 ], [ -110.33333, 51.0 ], [ -110.625, 51.0 ], [ -110.625, 50.95833 ], [ -110.75, 50.95833 ], [ -110.75, 51.0 ], [ -110.91667, 51.0 ], [ -110.91667, 51.04167 ], [ -111.20833, 51.04167 ], [ -111.29167, 51.0 ], [ -111.29167, 50.95833 ], [ -111.25, 50.95833 ], [ -111.16667, 50.91667 ], [ -111.16667, 50.70833 ], [ -111.25, 50.70833 ], [ -111.29167, 50.75 ], [ -111.375, 50.70833 ], [ -111.375, 50.625 ], [ -111.54167, 50.625 ], [ -111.54167, 50.70833 ], [ -111.58333, 50.79167 ], [ -111.66667, 50.83333 ], [ -111.91667, 50.83333 ], [ -111.91667, 50.91667 ], [ -112.0, 50.95833 ], [ -112.0, 50.91667 ], [ -112.04167, 50.91667 ], [ -112.04167, 50.875 ], [ -112.125, 50.875 ], [ -112.125, 50.95833 ], [ -112.29167, 50.95833 ], [ -112.29167, 51.0 ], [ -112.5, 51.0 ], [ -112.41667, 50.91667 ], [ -112.41667, 50.875 ], [ -112.58333, 50.875 ], [ -112.625, 50.95833 ], [ -112.79167, 50.95833 ], [ -112.79167, 50.875 ], [ -113.45833, 50.875 ], [ -113.45833, 50.79167 ], [ -113.375, 50.70833 ], [ -113.04167, 50.70833 ], [ -113.04167, 50.58333 ], [ -113.125, 50.5 ], [ -113.20833, 50.5 ], [ -113.29167, 50.45833 ], [ -113.375, 50.54167 ], [ -113.70833, 50.54167 ], [ -113.70833, 50.58333 ], [ -113.83333, 50.58333 ], [ -113.83333, 50.625 ], [ -113.95833, 50.625 ], [ -114.0, 50.54167 ], [ -114.08333, 50.54167 ], [ -114.08333, 50.41667 ], [ -114.04167, 50.375 ], [ -113.91667, 50.375 ], [ -113.79167, 50.25 ], [ -113.875, 50.16667 ], [ -113.79167, 50.08333 ], [ -113.79167, 50.0 ], [ -113.875, 50.0 ], [ -113.875, 49.875 ], [ -113.75, 49.75 ], [ -113.875, 49.75 ], [ -113.875, 49.66667 ], [ -114.04167, 49.66667 ], [ -114.04167, 49.75 ], [ -114.16667, 49.75 ], [ -114.20833, 49.70833 ], [ -114.20833, 49.625 ], [ -114.29167, 49.54167 ], [ -114.16667, 49.41667 ], [ -114.04167, 49.41667 ], [ -114.04167, 49.375 ], [ -113.91667, 49.375 ], [ -113.91667, 49.29167 ], [ -113.83333, 49.25 ], [ -113.83333, 49.16667 ], [ -113.875, 49.16667 ], [ -113.875, 49.08333 ], [ -113.54167, 49.08333 ], [ -113.41667, 48.95833 ], [ -113.45833, 48.91667 ], [ -113.45833, 48.83333 ], [ -113.375, 48.83333 ], [ -113.375, 48.91667 ], [ -113.25, 48.91667 ], [ -113.25, 48.54167 ], [ -113.20833, 48.54167 ], [ -113.20833, 48.375 ], [ -113.125, 48.33333 ], [ -113.04167, 48.29167 ], [ -112.95833, 48.29167 ], [ -112.875, 48.20833 ], [ -112.91667, 48.125 ], [ -112.75, 48.125 ], [ -112.75, 48.04167 ], [ -112.70833, 48.0 ], [ -112.66667, 48.0 ], [ -112.66667, 47.66667 ], [ -112.625, 47.66667 ], [ -112.625, 48.125 ], [ -112.70833, 48.125 ], [ -112.75, 48.16667 ], [ -112.75, 48.25 ], [ -112.79167, 48.29167 ], [ -112.875, 48.29167 ], [ -112.875, 48.54167 ], [ -112.95833, 48.54167 ], [ -112.95833, 48.70833 ], [ -112.91667, 48.75 ], [ -112.79167, 48.75 ], [ -112.79167, 48.83333 ], [ -112.75, 48.875 ], [ -112.625, 48.875 ], [ -112.625, 48.91667 ], [ -112.70833, 49.0 ], [ -112.625, 49.0 ], [ -112.58333, 49.04167 ], [ -112.58333, 49.125 ], [ -112.54167, 49.16667 ], [ -112.25, 49.16667 ], [ -112.25, 49.25 ], [ -112.33333, 49.25 ], [ -112.375, 49.29167 ], [ -112.29167, 49.375 ], [ -112.16667, 49.375 ], [ -112.16667, 49.45833 ], [ -111.91667, 49.45833 ], [ -111.91667, 49.41667 ], [ -111.41667, 49.41667 ], [ -111.33333, 49.375 ], [ -111.33333, 49.33333 ], [ -111.0, 49.33333 ], [ -111.0, 49.29167 ], [ -110.79167, 49.29167 ], [ -110.75, 49.25 ], [ -110.83333, 49.20833 ], [ -110.83333, 49.08333 ], [ -110.79167, 49.04167 ], [ -110.625, 49.04167 ], [ -110.58333, 49.125 ], [ -110.45833, 49.125 ], [ -110.45833, 49.25 ], [ -110.375, 49.25 ], [ -110.33333, 49.29167 ], [ -110.33333, 49.375 ], [ -110.45833, 49.375 ], [ -110.54167, 49.41667 ], [ -110.54167, 49.5 ], [ -110.66667, 49.5 ], [ -110.625, 49.58333 ], [ -110.66667, 49.625 ], [ -110.75, 49.625 ], [ -110.70833, 49.70833 ], [ -110.54167, 49.70833 ], [ -110.54167, 49.75 ], [ -110.45833, 49.79167 ], [ -110.08333, 49.79167 ], [ -110.08333, 49.75 ], [ -109.79167, 49.75 ], [ -109.79167, 49.70833 ], [ -109.5, 49.70833 ], [ -109.5, 49.75 ], [ -109.375, 49.75 ], [ -109.375, 49.79167 ], [ -109.08333, 49.79167 ], [ -109.08333, 49.83333 ], [ -108.875, 49.83333 ], [ -108.875, 49.875 ], [ -108.625, 49.875 ], [ -108.625, 49.70833 ], [ -108.75, 49.58333 ], [ -108.83333, 49.54167 ], [ -108.91667, 49.54167 ], [ -108.95833, 49.45833 ], [ -108.83333, 49.45833 ], [ -108.83333, 49.33333 ], [ -109.04167, 49.33333 ], [ -109.08333, 49.375 ], [ -109.08333, 49.5 ], [ -109.25, 49.5 ], [ -109.20833, 49.45833 ], [ -109.20833, 49.29167 ], [ -109.25, 49.20833 ], [ -109.29167, 49.20833 ], [ -109.20833, 49.16667 ], [ -109.16667, 49.08333 ], [ -109.04167, 49.08333 ], [ -108.91667, 48.95833 ], [ -108.91667, 48.875 ], [ -108.83333, 48.91667 ], [ -108.83333, 49.04167 ], [ -108.66667, 49.04167 ], [ -108.66667, 49.0 ], [ -108.45833, 49.0 ], [ -108.45833, 48.95833 ], [ -108.29167, 48.95833 ], [ -108.29167, 49.125 ], [ -108.16667, 49.125 ], [ -108.16667, 49.16667 ], [ -108.04167, 49.16667 ], [ -108.0, 49.20833 ], [ -108.0, 49.33333 ], [ -107.95833, 49.375 ], [ -108.0, 49.41667 ], [ -107.875, 49.41667 ], [ -107.83333, 49.5 ], [ -107.75, 49.58333 ], [ -107.58333, 49.58333 ], [ -107.58333, 49.41667 ], [ -107.54167, 49.375 ], [ -107.5, 49.375 ], [ -107.5, 49.29167 ], [ -107.45833, 49.29167 ], [ -107.41667, 49.33333 ], [ -107.41667, 49.25 ], [ -107.25, 49.25 ], [ -107.20833, 49.20833 ], [ -107.25, 49.16667 ], [ -107.25, 49.08333 ], [ -107.16667, 49.125 ], [ -106.54167, 49.125 ], [ -106.54167, 49.16667 ], [ -106.33333, 49.16667 ], [ -106.29167, 49.08333 ], [ -106.20833, 49.08333 ], [ -106.125, 49.16667 ], [ -106.0, 49.16667 ], [ -106.0, 49.25 ], [ -105.79167, 49.25 ], [ -105.79167, 49.20833 ], [ -105.58333, 49.20833 ], [ -105.54167, 49.29167 ], [ -105.54167, 49.375 ], [ -105.41667, 49.375 ], [ -105.41667, 49.41667 ], [ -105.29167, 49.41667 ], [ -105.29167, 49.45833 ], [ -105.04167, 49.45833 ], [ -105.0, 49.41667 ], [ -105.0, 49.29167 ], [ -104.95833, 49.25 ], [ -104.70833, 49.25 ], [ -104.70833, 49.20833 ], [ -104.58333, 49.20833 ], [ -104.5, 49.16667 ], [ -104.45833, 49.08333 ], [ -104.375, 49.04167 ], [ -104.20833, 48.95833 ], [ -104.125, 48.95833 ], [ -104.04167, 48.875 ], [ -104.04167, 48.79167 ], [ -103.95833, 48.625 ], [ -103.95833, 48.41667 ], [ -103.75, 48.41667 ], [ -103.66667, 48.45833 ], [ -103.58333, 48.45833 ], [ -103.5, 48.375 ], [ -103.5, 48.25 ], [ -103.41667, 48.25 ], [ -103.41667, 48.04167 ], [ -103.20833, 48.04167 ], [ -103.20833, 48.08333 ], [ -102.91667, 48.08333 ], [ -102.91667, 48.0 ], [ -102.83333, 48.04167 ], [ -102.66667, 48.04167 ], [ -102.66667, 47.91667 ], [ -102.75, 47.83333 ], [ -102.66667, 47.83333 ], [ -102.625, 47.79167 ], [ -102.625, 47.70833 ], [ -102.45833, 47.70833 ], [ -102.45833, 47.66667 ], [ -102.33333, 47.66667 ], [ -102.41667, 47.58333 ], [ -102.375, 47.5 ], [ -102.20833, 47.5 ], [ -102.16667, 47.41667 ], [ -102.04167, 47.41667 ], [ -102.04167, 47.375 ], [ -101.91667, 47.375 ], [ -101.875, 47.45833 ], [ -101.79167, 47.41667 ], [ -101.41667, 47.41667 ], [ -101.33333, 47.375 ], [ -101.33333, 47.29167 ], [ -101.04167, 47.29167 ], [ -101.04167, 47.25 ], [ -101.20833, 47.25 ], [ -101.20833, 47.20833 ], [ -101.33333, 47.20833 ], [ -101.33333, 47.25 ], [ -101.54167, 47.25 ], [ -101.58333, 47.08333 ], [ -101.70833, 47.08333 ], [ -101.79167, 47.04167 ], [ -101.83333, 46.95833 ], [ -101.5, 46.95833 ], [ -101.41667, 47.0 ], [ -101.375, 46.95833 ], [ -101.16667, 46.95833 ], [ -101.125, 47.0 ], [ -101.29167, 47.0 ], [ -101.33333, 47.08333 ], [ -101.125, 47.08333 ], [ -100.95833, 47.0 ], [ -100.875, 47.04167 ], [ -100.875, 46.95833 ], [ -100.79167, 46.95833 ], [ -100.75, 46.875 ], [ -100.66667, 46.91667 ], [ -100.375, 46.91667 ], [ -100.33333, 46.83333 ], [ -100.20833, 46.83333 ], [ -100.16667, 46.79167 ], [ -100.20833, 46.70833 ], [ -100.20833, 46.625 ], [ -100.125, 46.625 ], [ -100.04167, 46.66667 ], [ -100.04167, 46.5 ], [ -100.0, 46.45833 ], [ -99.91667, 46.45833 ], [ -99.91667, 46.375 ], [ -99.79167, 46.375 ], [ -99.75, 46.33333 ], [ -99.75, 46.25 ], [ -99.83333, 46.16667 ], [ -99.75, 46.125 ], [ -99.75, 46.04167 ], [ -99.66667, 46.04167 ], [ -99.66667, 45.95833 ], [ -99.5, 45.95833 ], [ -99.5, 45.91667 ], [ -99.33333, 45.91667 ], [ -99.33333, 45.95833 ], [ -99.20833, 45.95833 ], [ -99.125, 46.0 ], [ -99.125, 45.875 ], [ -99.16667, 45.875 ], [ -99.16667, 45.83333 ], [ -99.0, 45.83333 ], [ -98.83333, 46.0 ], [ -98.83333, 46.125 ], [ -98.79167, 46.125 ], [ -98.79167, 46.375 ], [ -98.75, 46.41667 ], [ -98.66667, 46.41667 ], [ -98.58333, 46.45833 ], [ -98.54167, 46.41667 ], [ -98.25, 46.41667 ], [ -98.20833, 46.33333 ], [ -98.125, 46.29167 ], [ -97.91667, 46.29167 ], [ -97.875, 46.20833 ], [ -97.75, 46.20833 ], [ -97.75, 46.25 ], [ -97.83333, 46.25 ], [ -97.79167, 46.33333 ], [ -97.79167, 46.5 ], [ -97.66667, 46.5 ], [ -97.66667, 46.45833 ], [ -97.54167, 46.45833 ], [ -97.54167, 46.5 ], [ -97.33333, 46.5 ], [ -97.33333, 46.41667 ], [ -97.25, 46.41667 ], [ -97.25, 46.33333 ], [ -97.125, 46.33333 ], [ -97.08333, 46.25 ], [ -97.0, 46.29167 ], [ -96.70833, 46.29167 ], [ -96.66667, 46.16667 ], [ -96.58333, 46.16667 ], [ -96.54167, 46.125 ], [ -96.54167, 46.04167 ], [ -96.5, 46.0 ], [ -96.16667, 46.0 ], [ -96.125, 45.95833 ], [ -96.125, 45.83333 ], [ -96.16667, 45.75 ], [ -96.04167, 45.625 ], [ -95.95833, 45.58333 ], [ -95.95833, 45.54167 ], [ -95.875, 45.5 ], [ -95.66667, 45.5 ], [ -95.58333, 45.54167 ], [ -95.58333, 45.45833 ], [ -95.25, 45.45833 ], [ -95.16667, 45.375 ], [ -95.16667, 45.54167 ], [ -95.125, 45.54167 ], [ -95.04167, 45.625 ], [ -95.04167, 45.70833 ], [ -95.0, 45.79167 ], [ -94.91667, 45.75 ], [ -94.58333, 45.75 ], [ -94.58333, 45.83333 ], [ -94.54167, 45.91667 ], [ -94.45833, 45.91667 ], [ -94.41667, 46.0 ], [ -94.29167, 46.0 ], [ -94.29167, 45.95833 ], [ -94.16667, 45.95833 ], [ -94.16667, 45.91667 ], [ -94.16667, 45.875 ], [ -94.125, 45.875 ], [ -94.16667, 45.83333 ], [ -94.125, 45.79167 ], [ -94.125, 45.66667 ], [ -94.04167, 45.625 ], [ -93.83333, 45.625 ], [ -93.79167, 45.66667 ], [ -93.79167, 45.625 ], [ -93.75, 45.625 ], [ -93.75, 45.66667 ], [ -93.70833, 45.625 ], [ -93.375, 45.625 ], [ -93.375, 45.58333 ], [ -93.16667, 45.58333 ], [ -93.16667, 45.5 ], [ -93.08333, 45.5 ], [ -93.04167, 45.58333 ], [ -92.95833, 45.58333 ], [ -92.91667, 45.66667 ], [ -92.83333, 45.625 ], [ -92.70833, 45.625 ], [ -92.625, 45.58333 ], [ -92.625, 45.375 ], [ -92.54167, 45.33333 ], [ -92.45833, 45.33333 ], [ -92.41667, 45.20833 ], [ -92.33333, 45.20833 ], [ -92.29167, 45.16667 ], [ -92.25, 45.125 ], [ -92.29167, 45.08333 ], [ -92.29167, 45.0 ], [ -92.20833, 45.0 ], [ -92.20833, 45.125 ], [ -92.16667, 45.16667 ], [ -91.79167, 45.16667 ], [ -91.70833, 45.20833 ], [ -91.625, 45.20833 ], [ -91.625, 45.125 ], [ -91.54167, 45.16667 ], [ -91.375, 45.16667 ], [ -91.375, 45.08333 ], [ -91.33333, 45.04167 ], [ -91.20833, 45.04167 ], [ -91.16667, 44.95833 ], [ -91.20833, 44.875 ], [ -91.20833, 44.79167 ], [ -91.16667, 44.75 ], [ -91.04167, 44.75 ], [ -91.04167, 44.625 ], [ -91.08333, 44.54167 ], [ -91.04167, 44.5 ], [ -90.66667, 44.5 ], [ -90.45833, 44.5 ], [ -90.45833, 44.45833 ], [ -90.29167, 44.45833 ], [ -90.29167, 44.41667 ], [ -90.25, 44.41667 ], [ -90.25, 44.45833 ], [ -90.125, 44.45833 ], [ -90.125, 44.5 ], [ -89.625, 44.5 ], [ -89.625, 44.58333 ], [ -89.45833, 44.58333 ], [ -89.45833, 44.54167 ], [ -89.29167, 44.54167 ], [ -89.20833, 44.5 ], [ -89.20833, 44.58333 ], [ -89.25, 44.625 ], [ -89.04167, 44.625 ], [ -88.95833, 44.70833 ], [ -88.875, 44.70833 ], [ -88.875, 44.79167 ], [ -88.79167, 44.79167 ], [ -88.66667, 44.91667 ], [ -88.58333, 44.95833 ], [ -88.5, 44.95833 ], [ -88.45833, 45.0 ], [ -88.45833, 45.16667 ], [ -88.25, 45.16667 ], [ -88.25, 45.04167 ], [ -88.20833, 45.04167 ], [ -88.125, 45.125 ], [ -88.125, 45.20833 ], [ -88.04167, 45.29167 ], [ -87.95833, 45.29167 ], [ -87.91667, 45.33333 ], [ -87.875, 45.20833 ], [ -87.70833, 45.20833 ], [ -87.58333, 45.20833 ], [ -87.54167, 45.25 ], [ -87.33333, 45.45833 ], [ -87.29167, 45.54167 ], [ -87.20833, 45.625 ], [ -87.20833, 45.70833 ], [ -87.125, 45.70833 ], [ -87.08333, 45.75 ], [ -87.08333, 45.875 ], [ -87.04167, 45.875 ], [ -86.95833, 45.95833 ], [ -86.95833, 45.75 ], [ -86.875, 45.79167 ], [ -86.79167, 45.875 ], [ -86.625, 45.875 ], [ -86.54167, 45.91667 ], [ -86.5, 45.875 ], [ -86.54167, 45.79167 ], [ -86.45833, 45.79167 ], [ -86.33333, 45.875 ], [ -86.33333, 45.95833 ], [ -86.20833, 45.95833 ], [ -86.20833, 46.0 ], [ -85.66667, 46.0 ], [ -85.66667, 46.04167 ], [ -85.58333, 46.125 ], [ -85.25, 46.125 ], [ -85.25, 46.08333 ], [ -85.08333, 46.08333 ], [ -85.08333, 46.04167 ], [ -84.95833, 46.04167 ], [ -84.91667, 45.95833 ], [ -84.83333, 45.95833 ], [ -84.75, 45.875 ], [ -84.75, 46.0 ], [ -84.70833, 46.08333 ], [ -84.54167, 46.08333 ], [ -84.54167, 46.04167 ], [ -84.29167, 46.04167 ], [ -84.29167, 46.0 ], [ -83.95833, 46.0 ], [ -83.95833, 46.04167 ], [ -84.04167, 46.08333 ], [ -84.125, 46.16667 ], [ -84.29167, 46.16667 ], [ -84.29167, 46.25 ], [ -84.25, 46.29167 ], [ -84.25, 46.375 ], [ -84.33333, 46.5 ], [ -84.41667, 46.5 ], [ -84.45833, 46.41667 ], [ -84.625, 46.41667 ], [ -84.625, 46.45833 ], [ -85.04167, 46.45833 ], [ -85.04167, 46.75 ], [ -85.29167, 46.75 ], [ -85.29167, 46.70833 ], [ -85.41667, 46.70833 ], [ -85.41667, 46.66667 ], [ -86.16667, 46.66667 ], [ -86.25, 46.625 ], [ -86.25, 46.58333 ], [ -86.375, 46.58333 ], [ -86.375, 46.54167 ], [ -86.5, 46.54167 ], [ -86.58333, 46.45833 ], [ -86.95833, 46.45833 ], [ -86.95833, 46.5 ], [ -87.41667, 46.5 ], [ -87.41667, 46.58333 ], [ -87.625, 46.79167 ], [ -87.70833, 46.79167 ], [ -87.75, 46.875 ], [ -87.875, 46.875 ], [ -87.875, 46.91667 ], [ -88.16667, 46.91667 ], [ -88.20833, 46.83333 ], [ -88.33333, 46.83333 ], [ -88.41667, 46.75 ], [ -88.5, 46.75 ], [ -88.5, 46.91667 ], [ -88.45833, 47.0 ], [ -88.54167, 47.04167 ], [ -88.54167, 47.125 ], [ -88.66667, 47.125 ], [ -88.70833, 47.16667 ], [ -88.79167, 47.16667 ], [ -88.91667, 47.04167 ], [ -88.91667, 47.0 ], [ -89.125, 47.0 ], [ -89.16667, 46.91667 ], [ -89.33333, 46.83333 ], [ -89.75, 46.83333 ], [ -89.75, 46.79167 ], [ -89.875, 46.79167 ], [ -89.91667, 46.70833 ], [ -90.0, 46.66667 ], [ -90.125, 46.66667 ], [ -90.125, 46.625 ], [ -90.25, 46.625 ], [ -90.25, 46.58333 ], [ -90.625, 46.58333 ], [ -90.625, 46.625 ], [ -90.79167, 46.625 ], [ -90.79167, 46.58333 ], [ -90.95833, 46.58333 ], [ -90.95833, 46.66667 ], [ -90.875, 46.70833 ], [ -90.875, 46.83333 ], [ -90.79167, 46.91667 ], [ -91.04167, 46.91667 ], [ -91.08333, 46.83333 ], [ -91.29167, 46.83333 ], [ -91.375, 46.79167 ], [ -91.375, 46.75 ], [ -91.625, 46.75 ], [ -91.625, 46.70833 ], [ -91.79167, 46.70833 ], [ -91.79167, 46.66667 ], [ -92.04167, 46.66667 ], [ -92.125, 46.70833 ], [ -92.125, 46.83333 ], [ -92.08333, 46.875 ], [ -92.25, 46.875 ], [ -92.25, 46.95833 ], [ -92.29167, 47.0 ], [ -92.5, 47.0 ], [ -92.625, 47.125 ], [ -92.75, 47.125 ], [ -92.75, 47.25 ], [ -92.83333, 47.20833 ], [ -92.95833, 47.20833 ], [ -92.95833, 47.29167 ], [ -93.04167, 47.33333 ], [ -93.04167, 47.41667 ], [ -93.16667, 47.41667 ], [ -93.25, 47.375 ], [ -93.29167, 47.41667 ], [ -93.29167, 47.54167 ], [ -93.375, 47.45833 ], [ -93.41667, 47.45833 ], [ -93.5, 47.58333 ], [ -93.58333, 47.58333 ], [ -93.625, 47.5 ], [ -93.75, 47.5 ], [ -93.83333, 47.45833 ], [ -93.83333, 47.54167 ], [ -93.875, 47.58333 ], [ -93.95833, 47.54167 ], [ -94.45833, 47.54167 ], [ -94.45833, 47.58333 ], [ -94.70833, 47.58333 ], [ -94.75, 47.66667 ], [ -94.875, 47.66667 ], [ -94.95833, 47.70833 ], [ -94.95833, 47.625 ], [ -95.0, 47.58333 ], [ -95.125, 47.58333 ], [ -95.20833, 47.45833 ], [ -95.20833, 47.375 ], [ -95.29167, 47.25 ], [ -95.29167, 47.16667 ], [ -95.54167, 47.16667 ], [ -95.54167, 47.29167 ], [ -95.45833, 47.29167 ], [ -95.375, 47.33333 ], [ -95.45833, 47.41667 ], [ -95.54167, 47.41667 ], [ -95.54167, 47.5 ], [ -95.45833, 47.58333 ], [ -95.41667, 47.66667 ], [ -95.33333, 47.70833 ], [ -95.16667, 47.70833 ], [ -95.16667, 47.79167 ], [ -95.04167, 47.79167 ], [ -95.0, 47.83333 ], [ -94.83333, 47.83333 ], [ -94.83333, 47.875 ], [ -95.25, 47.875 ], [ -95.25, 48.0 ], [ -95.33333, 48.0 ], [ -95.33333, 47.91667 ], [ -95.45833, 47.91667 ], [ -95.54167, 47.95833 ], [ -95.54167, 48.08333 ], [ -95.58333, 48.125 ], [ -95.66667, 48.125 ], [ -95.70833, 48.20833 ], [ -95.83333, 48.20833 ], [ -95.91667, 48.25 ], [ -95.95833, 48.33333 ], [ -96.20833, 48.33333 ], [ -96.20833, 48.375 ], [ -96.41667, 48.375 ], [ -96.41667, 48.41667 ], [ -96.54167, 48.41667 ], [ -96.66667, 48.54167 ], [ -96.70833, 48.625 ], [ -96.79167, 48.70833 ], [ -96.79167, 48.79167 ], [ -96.95833, 48.95833 ], [ -97.20833, 48.95833 ], [ -97.20833, 49.0 ], [ -97.33333, 49.125 ], [ -97.375, 49.125 ], [ -97.45833, 49.20833 ], [ -97.45833, 49.08333 ], [ -97.91667, 49.08333 ], [ -97.95833, 49.04167 ], [ -97.91667, 48.95833 ], [ -97.83333, 49.0 ], [ -97.79167, 48.95833 ], [ -97.83333, 48.91667 ], [ -97.79167, 48.875 ], [ -97.79167, 48.79167 ], [ -97.875, 48.75 ], [ -97.91667, 48.66667 ], [ -97.875, 48.58333 ], [ -97.875, 48.45833 ], [ -97.95833, 48.41667 ], [ -97.95833, 48.29167 ], [ -98.04167, 48.20833 ], [ -98.20833, 48.125 ], [ -98.29167, 48.125 ], [ -98.25, 48.20833 ], [ -98.375, 48.33333 ], [ -98.45833, 48.375 ], [ -98.58333, 48.375 ], [ -98.58333, 48.41667 ], [ -98.70833, 48.41667 ], [ -98.70833, 48.45833 ], [ -98.95833, 48.58333 ], [ -99.25, 48.58333 ], [ -99.33333, 48.625 ], [ -99.33333, 48.54167 ], [ -99.58333, 48.54167 ], [ -99.625, 48.58333 ], [ -99.70833, 48.54167 ], [ -99.83333, 48.54167 ], [ -99.83333, 48.58333 ], [ -100.0, 48.58333 ], [ -100.08333, 48.625 ], [ -100.125, 48.70833 ], [ -100.33333, 48.70833 ], [ -100.41667, 48.75 ], [ -100.45833, 48.83333 ], [ -100.54167, 48.83333 ], [ -100.625, 48.875 ], [ -100.625, 48.95833 ], [ -100.91667, 48.95833 ], [ -100.91667, 49.16667 ], [ -100.95833, 49.20833 ], [ -101.08333, 49.20833 ], [ -101.08333, 49.125 ], [ -101.16667, 49.08333 ], [ -101.5, 49.08333 ], [ -101.5, 49.04167 ], [ -101.625, 49.04167 ], [ -101.625, 49.08333 ], [ -101.79167, 49.08333 ], [ -101.83333, 49.04167 ], [ -101.95833, 49.04167 ], [ -102.0, 49.08333 ], [ -102.08333, 49.08333 ], [ -102.08333, 49.0 ], [ -102.16667, 49.0 ], [ -102.20833, 49.04167 ], [ -102.20833, 49.125 ], [ -102.54167, 49.125 ], [ -102.54167, 49.16667 ], [ -102.70833, 49.16667 ], [ -102.70833, 49.20833 ], [ -102.79167, 49.25 ], [ -102.91667, 49.25 ], [ -102.91667, 49.29167 ], [ -103.16667, 49.41667 ], [ -103.29167, 49.41667 ], [ -103.29167, 49.45833 ], [ -103.45833, 49.54167 ], [ -103.58333, 49.54167 ], [ -103.58333, 49.58333 ], [ -103.66667, 49.66667 ], [ -103.75, 49.66667 ], [ -103.79167, 49.75 ], [ -103.875, 49.79167 ], [ -104.0, 49.79167 ], [ -104.25, 49.91667 ], [ -104.29167, 50.0 ], [ -104.45833, 50.0 ], [ -104.625, 50.08333 ], [ -104.66667, 50.16667 ], [ -104.79167, 50.16667 ], [ -104.79167, 50.20833 ], [ -104.91667, 50.20833 ], [ -105.0, 50.29167 ], [ -105.0, 50.625 ], [ -105.04167, 50.66667 ], [ -105.29167, 50.66667 ], [ -105.33333, 50.625 ], [ -105.33333, 50.54167 ], [ -105.375, 50.5 ], [ -105.5, 50.5 ], [ -105.5, 50.45833 ], [ -105.79167, 50.45833 ], [ -105.79167, 50.5 ], [ -106.20833, 50.5 ], [ -106.33333, 50.625 ], [ -106.33333, 50.70833 ], [ -106.41667, 50.70833 ], [ -106.41667, 50.58333 ], [ -106.375, 50.58333 ], [ -106.375, 50.45833 ], [ -106.20833, 50.375 ], [ -105.83333, 50.375 ], [ -105.79167, 50.29167 ], [ -105.70833, 50.29167 ], [ -105.66667, 50.20833 ], [ -105.66667, 50.125 ], [ -105.75, 50.125 ], [ -105.79167, 50.04167 ], [ -106.0, 50.04167 ], [ -106.16667, 50.125 ], [ -106.54167, 50.125 ], [ -106.5, 50.16667 ], [ -106.5, 50.25 ], [ -106.58333, 50.33333 ], [ -106.54167, 50.375 ], [ -106.58333, 50.41667 ], [ -106.875, 50.41667 ], [ -106.875, 50.25 ], [ -106.95833, 50.29167 ], [ -106.95833, 50.41667 ], [ -107.29167, 50.41667 ], [ -107.375, 50.375 ], [ -107.45833, 50.41667 ], [ -107.58333, 50.41667 ], [ -107.625, 50.45833 ] ], [ [ -110.75, 49.29167 ], [ -110.79167, 49.29167 ], [ -110.79167, 49.33333 ], [ -110.75, 49.29167 ] ], [ [ -109.70833, 50.70833 ], [ -109.58333, 50.70833 ], [ -109.58333, 50.625 ], [ -109.70833, 50.625 ], [ -109.70833, 50.70833 ] ], [ [ -109.41667, 50.41667 ], [ -109.33333, 50.41667 ], [ -109.29167, 50.33333 ], [ -109.375, 50.33333 ], [ -109.41667, 50.41667 ] ], [ [ -112.25, 50.375 ], [ -112.16667, 50.375 ], [ -112.16667, 50.29167 ], [ -112.25, 50.29167 ], [ -112.25, 50.375 ] ], [ [ -108.25, 49.66667 ], [ -108.25, 49.70833 ], [ -108.41667, 49.70833 ], [ -108.5, 49.83333 ], [ -108.625, 49.95833 ], [ -108.54167, 49.95833 ], [ -108.5, 50.04167 ], [ -108.33333, 50.125 ], [ -108.16667, 50.125 ], [ -108.0, 50.20833 ], [ -107.95833, 50.29167 ], [ -107.83333, 50.29167 ], [ -107.75, 50.25 ], [ -107.70833, 50.33333 ], [ -107.54167, 50.33333 ], [ -107.54167, 50.25 ], [ -107.5, 50.25 ], [ -107.45833, 50.25 ], [ -107.29167, 50.25 ], [ -107.25, 50.20833 ], [ -107.29167, 50.125 ], [ -107.375, 50.125 ], [ -107.29167, 50.04167 ], [ -107.29167, 50.0 ], [ -107.5, 50.0 ], [ -107.54167, 49.91667 ], [ -107.66667, 49.91667 ], [ -107.66667, 49.875 ], [ -107.91667, 49.875 ], [ -107.95833, 49.79167 ], [ -108.16667, 49.79167 ], [ -108.25, 49.66667 ] ], [ [ -110.08333, 50.16667 ], [ -110.08333, 50.20833 ], [ -109.45833, 50.20833 ], [ -109.45833, 50.25 ], [ -109.125, 50.25 ], [ -109.08333, 50.20833 ], [ -109.16667, 50.125 ], [ -109.16667, 50.08333 ], [ -109.5, 50.08333 ], [ -109.5, 50.04167 ], [ -109.875, 50.04167 ], [ -109.875, 49.95833 ], [ -109.95833, 49.875 ], [ -110.08333, 49.875 ], [ -110.08333, 49.91667 ], [ -110.16667, 49.95833 ], [ -110.16667, 50.08333 ], [ -110.20833, 50.16667 ], [ -110.08333, 50.16667 ] ], [ [ -107.125, 50.25 ], [ -106.95833, 50.25 ], [ -106.95833, 50.16667 ], [ -107.125, 50.25 ] ], [ [ -106.79167, 50.20833 ], [ -106.70833, 50.125 ], [ -106.79167, 50.125 ], [ -106.79167, 50.20833 ] ], [ [ -107.20833, 50.08333 ], [ -107.08333, 50.08333 ], [ -107.08333, 50.04167 ], [ -107.20833, 50.04167 ], [ -107.20833, 50.08333 ] ], [ [ -109.16667, 50.04167 ], [ -109.08333, 50.04167 ], [ -109.08333, 49.95833 ], [ -109.16667, 49.95833 ], [ -109.16667, 50.04167 ] ], [ [ -107.41667, 49.83333 ], [ -107.375, 49.75 ], [ -107.25, 49.75 ], [ -107.25, 49.70833 ], [ -107.08333, 49.70833 ], [ -107.08333, 49.66667 ], [ -106.875, 49.66667 ], [ -106.875, 49.58333 ], [ -106.79167, 49.58333 ], [ -106.70833, 49.41667 ], [ -106.75, 49.33333 ], [ -106.83333, 49.33333 ], [ -106.91667, 49.25 ], [ -107.0, 49.29167 ], [ -107.08333, 49.29167 ], [ -107.08333, 49.375 ], [ -107.20833, 49.375 ], [ -107.20833, 49.41667 ], [ -107.29167, 49.45833 ], [ -107.41667, 49.45833 ], [ -107.5, 49.5 ], [ -107.5, 49.58333 ], [ -107.58333, 49.66667 ], [ -107.66667, 49.66667 ], [ -107.70833, 49.75 ], [ -107.45833, 49.75 ], [ -107.41667, 49.83333 ] ], [ [ -112.91667, 49.625 ], [ -112.875, 49.625 ], [ -112.875, 49.75 ], [ -112.83333, 49.75 ], [ -112.83333, 49.58333 ], [ -112.75, 49.58333 ], [ -112.75, 49.45833 ], [ -112.83333, 49.45833 ], [ -112.91667, 49.54167 ], [ -112.91667, 49.625 ] ], [ [ -108.25, 49.66667 ], [ -108.20833, 49.58333 ], [ -108.25, 49.5 ], [ -108.33333, 49.5 ], [ -108.33333, 49.41667 ], [ -108.375, 49.375 ], [ -108.45833, 49.375 ], [ -108.5, 49.45833 ], [ -108.58333, 49.45833 ], [ -108.58333, 49.54167 ], [ -108.41667, 49.625 ], [ -108.29167, 49.625 ], [ -108.25, 49.66667 ] ], [ [ -111.875, 49.58333 ], [ -111.70833, 49.58333 ], [ -111.70833, 49.54167 ], [ -111.875, 49.54167 ], [ -111.875, 49.58333 ] ], [ [ -111.625, 49.54167 ], [ -111.45833, 49.54167 ], [ -111.5, 49.45833 ], [ -111.58333, 49.45833 ], [ -111.625, 49.54167 ] ], [ [ -102.41667, 48.54167 ], [ -102.41667, 48.58333 ], [ -102.54167, 48.58333 ], [ -102.54167, 48.625 ], [ -102.625, 48.66667 ], [ -102.83333, 48.66667 ], [ -102.83333, 48.70833 ], [ -102.95833, 48.70833 ], [ -102.95833, 48.79167 ], [ -102.58333, 48.79167 ], [ -102.58333, 48.75 ], [ -102.41667, 48.75 ], [ -102.25, 48.66667 ], [ -102.25, 48.58333 ], [ -102.125, 48.58333 ], [ -102.08333, 48.5 ], [ -102.25, 48.5 ], [ -102.25, 48.54167 ], [ -102.41667, 48.54167 ] ], [ [ -99.125, 48.375 ], [ -99.04167, 48.375 ], [ -99.04167, 48.29167 ], [ -99.125, 48.29167 ], [ -99.125, 48.375 ] ], [ [ -103.08333, 48.25 ], [ -103.0, 48.20833 ], [ -102.83333, 48.20833 ], [ -102.83333, 48.16667 ], [ -103.16667, 48.16667 ], [ -103.16667, 48.20833 ], [ -103.08333, 48.25 ] ], [ [ -102.125, 48.08333 ], [ -102.04167, 48.04167 ], [ -102.04167, 47.95833 ], [ -102.125, 48.0 ], [ -102.125, 48.08333 ] ], [ [ -102.125, 48.0 ], [ -102.20833, 47.91667 ], [ -102.25, 47.95833 ], [ -102.25, 48.04167 ], [ -102.375, 48.04167 ], [ -102.375, 48.08333 ], [ -102.16667, 48.08333 ], [ -102.125, 48.0 ] ], [ [ -102.5, 47.95833 ], [ -102.45833, 47.875 ], [ -102.58333, 47.875 ], [ -102.58333, 47.91667 ], [ -102.5, 47.95833 ] ], [ [ -102.20833, 47.83333 ], [ -102.16667, 47.79167 ], [ -101.95833, 47.79167 ], [ -101.91667, 47.70833 ], [ -102.125, 47.70833 ], [ -102.20833, 47.75 ], [ -102.20833, 47.83333 ] ], [ [ -88.20833, 46.75 ], [ -88.04167, 46.75 ], [ -88.04167, 46.70833 ], [ -87.83333, 46.70833 ], [ -87.875, 46.58333 ], [ -87.95833, 46.54167 ], [ -88.125, 46.54167 ], [ -88.125, 46.375 ], [ -88.29167, 46.375 ], [ -88.29167, 46.41667 ], [ -88.45833, 46.41667 ], [ -88.45833, 46.5 ], [ -88.41667, 46.58333 ], [ -88.33333, 46.58333 ], [ -88.29167, 46.70833 ], [ -88.20833, 46.75 ] ], [ [ -95.58333, 45.54167 ], [ -95.54167, 45.625 ], [ -95.41667, 45.625 ], [ -95.58333, 45.54167 ] ], [ [ -89.70833, 44.75 ], [ -89.625, 44.70833 ], [ -89.625, 44.625 ], [ -89.70833, 44.66667 ], [ -89.70833, 44.75 ] ] ], [ [ [ -108.29167, 50.0 ], [ -108.20833, 49.95833 ], [ -108.08333, 49.95833 ], [ -108.08333, 50.0 ], [ -108.29167, 50.0 ] ] ], [ [ [ -106.95833, 49.54167 ], [ -107.0, 49.45833 ], [ -106.91667, 49.45833 ], [ -106.95833, 49.54167 ] ] ], [ [ [ -104.5, 44.54167 ], [ -104.5, 44.45833 ], [ -104.45833, 44.41667 ], [ -104.375, 44.5 ], [ -104.41667, 44.54167 ], [ -104.5, 44.54167 ] ] ], [ [ [ -85.08333, 44.54167 ], [ -85.08333, 44.5 ], [ -85.20833, 44.5 ], [ -85.29167, 44.45833 ], [ -85.29167, 44.41667 ], [ -85.45833, 44.41667 ], [ -85.625, 44.33333 ], [ -85.66667, 44.29167 ], [ -85.625, 44.20833 ], [ -85.625, 44.125 ], [ -85.375, 44.125 ], [ -85.375, 43.95833 ], [ -85.29167, 43.95833 ], [ -85.33333, 44.04167 ], [ -85.25, 44.125 ], [ -85.25, 44.20833 ], [ -85.29167, 44.25 ], [ -85.25, 44.29167 ], [ -85.16667, 44.29167 ], [ -85.0, 44.45833 ], [ -85.0, 44.54167 ], [ -85.08333, 44.54167 ] ] ], [ [ [ -103.625, 43.875 ], [ -103.625, 43.83333 ], [ -103.5, 43.83333 ], [ -103.5, 43.875 ], [ -103.625, 43.875 ] ] ], [ [ [ -104.125, 44.41667 ], [ -104.125, 44.33333 ], [ -104.20833, 44.25 ], [ -104.20833, 44.04167 ], [ -104.08333, 44.04167 ], [ -104.04167, 44.0 ], [ -104.04167, 43.875 ], [ -103.91667, 43.875 ], [ -103.875, 43.79167 ], [ -103.79167, 43.79167 ], [ -103.70833, 43.75 ], [ -103.625, 43.875 ], [ -103.625, 43.95833 ], [ -103.70833, 44.0 ], [ -103.70833, 44.125 ], [ -103.66667, 44.125 ], [ -103.66667, 44.33333 ], [ -103.79167, 44.33333 ], [ -103.79167, 44.375 ], [ -103.95833, 44.375 ], [ -103.95833, 44.41667 ], [ -104.125, 44.41667 ] ] ], [ [ [ -73.875, 43.75 ], [ -73.95833, 43.79167 ], [ -74.04167, 43.75 ], [ -73.95833, 43.66667 ], [ -73.875, 43.75 ] ] ], [ [ [ -72.29167, 46.66667 ], [ -72.33333, 46.58333 ], [ -72.5, 46.5 ], [ -72.70833, 46.5 ], [ -72.70833, 46.58333 ], [ -72.79167, 46.58333 ], [ -72.875, 46.5 ], [ -72.95833, 46.45833 ], [ -73.0, 46.375 ], [ -73.08333, 46.33333 ], [ -73.20833, 46.33333 ], [ -73.20833, 46.25 ], [ -73.375, 46.25 ], [ -73.45833, 46.20833 ], [ -73.54167, 46.20833 ], [ -73.58333, 46.125 ], [ -73.66667, 46.08333 ], [ -73.875, 46.08333 ], [ -73.83333, 46.04167 ], [ -73.875, 45.95833 ], [ -74.125, 45.95833 ], [ -74.20833, 45.875 ], [ -74.20833, 45.79167 ], [ -74.54167, 45.79167 ], [ -74.54167, 45.95833 ], [ -74.58333, 45.95833 ], [ -74.58333, 46.20833 ], [ -74.625, 46.125 ], [ -74.66667, 46.125 ], [ -74.66667, 45.95833 ], [ -74.58333, 45.875 ], [ -74.66667, 45.875 ], [ -74.70833, 45.91667 ], [ -74.83333, 45.91667 ], [ -74.875, 45.875 ], [ -75.0, 45.875 ], [ -75.04167, 45.91667 ], [ -75.04167, 46.04167 ], [ -75.125, 46.04167 ], [ -75.125, 45.875 ], [ -75.20833, 45.83333 ], [ -75.375, 45.83333 ], [ -75.375, 45.79167 ], [ -75.5, 45.79167 ], [ -75.58333, 45.875 ], [ -75.58333, 45.95833 ], [ -75.66667, 45.875 ], [ -75.70833, 45.875 ], [ -75.70833, 46.04167 ], [ -75.79167, 46.04167 ], [ -75.79167, 46.25 ], [ -75.75, 46.33333 ], [ -75.875, 46.33333 ], [ -75.91667, 46.41667 ], [ -76.04167, 46.41667 ], [ -76.125, 46.33333 ], [ -76.16667, 46.25 ], [ -76.16667, 46.16667 ], [ -76.29167, 46.16667 ], [ -76.29167, 46.04167 ], [ -76.20833, 46.04167 ], [ -76.33333, 45.91667 ], [ -76.33333, 45.875 ], [ -76.45833, 45.875 ], [ -76.45833, 45.83333 ], [ -76.58333, 45.83333 ], [ -76.625, 45.875 ], [ -76.625, 45.95833 ], [ -76.66667, 46.0 ], [ -76.75, 46.0 ], [ -76.79167, 46.0 ], [ -76.91667, 46.0 ], [ -76.91667, 45.95833 ], [ -77.08333, 45.95833 ], [ -77.08333, 46.0 ], [ -77.16667, 46.04167 ], [ -77.29167, 46.04167 ], [ -77.29167, 46.08333 ], [ -77.41667, 46.08333 ], [ -77.45833, 46.16667 ], [ -77.54167, 46.20833 ], [ -77.66667, 46.20833 ], [ -77.66667, 46.25 ], [ -78.08333, 46.25 ], [ -78.08333, 46.29167 ], [ -78.58333, 46.29167 ], [ -78.58333, 46.25 ], [ -78.41667, 46.25 ], [ -78.41667, 46.20833 ], [ -78.16667, 46.20833 ], [ -78.08333, 46.125 ], [ -78.0, 46.125 ], [ -77.95833, 46.04167 ], [ -78.0, 46.0 ], [ -78.20833, 46.0 ], [ -78.20833, 45.91667 ], [ -78.04167, 45.91667 ], [ -78.0, 45.875 ], [ -78.0, 45.75 ], [ -77.83333, 45.66667 ], [ -77.91667, 45.625 ], [ -77.91667, 45.54167 ], [ -78.16667, 45.54167 ], [ -78.125, 45.45833 ], [ -77.91667, 45.45833 ], [ -77.875, 45.41667 ], [ -77.91667, 45.33333 ], [ -78.0, 45.33333 ], [ -78.04167, 45.25 ], [ -78.16667, 45.25 ], [ -78.16667, 45.375 ], [ -78.29167, 45.25 ], [ -78.33333, 45.29167 ], [ -78.45833, 45.29167 ], [ -78.45833, 45.33333 ], [ -78.58333, 45.33333 ], [ -78.625, 45.33333 ], [ -78.83333, 45.33333 ], [ -78.83333, 45.375 ], [ -78.91667, 45.45833 ], [ -79.0, 45.45833 ], [ -79.125, 45.54167 ], [ -79.125, 45.66667 ], [ -79.20833, 45.66667 ], [ -79.29167, 45.75 ], [ -79.29167, 45.83333 ], [ -79.375, 45.83333 ], [ -79.45833, 45.79167 ], [ -79.45833, 45.875 ], [ -79.54167, 45.875 ], [ -79.54167, 46.04167 ], [ -79.45833, 46.04167 ], [ -79.45833, 45.95833 ], [ -79.41667, 45.91667 ], [ -79.33333, 45.91667 ], [ -79.33333, 46.0 ], [ -79.20833, 46.08333 ], [ -79.16667, 46.16667 ], [ -79.20833, 46.20833 ], [ -79.16667, 46.25 ], [ -79.125, 46.29167 ], [ -79.04167, 46.29167 ], [ -79.04167, 46.33333 ], [ -79.58333, 46.33333 ], [ -79.58333, 46.375 ], [ -79.83333, 46.375 ], [ -79.83333, 46.41667 ], [ -80.58333, 46.41667 ], [ -80.625, 46.45833 ], [ -80.70833, 46.45833 ], [ -80.75, 46.54167 ], [ -81.08333, 46.54167 ], [ -81.125, 46.45833 ], [ -81.20833, 46.41667 ], [ -81.58333, 46.41667 ], [ -81.58333, 46.375 ], [ -82.41667, 46.375 ], [ -82.41667, 46.41667 ], [ -82.58333, 46.41667 ], [ -82.83333, 46.41667 ], [ -82.83333, 46.45833 ], [ -83.04167, 46.45833 ], [ -83.04167, 46.54167 ], [ -83.125, 46.5 ], [ -83.5, 46.5 ], [ -83.5, 46.54167 ], [ -83.66667, 46.54167 ], [ -83.66667, 46.58333 ], [ -83.875, 46.58333 ], [ -83.875, 46.625 ], [ -84.16667, 46.625 ], [ -84.16667, 46.58333 ], [ -84.08333, 46.58333 ], [ -84.04167, 46.54167 ], [ -84.08333, 46.45833 ], [ -84.08333, 46.375 ], [ -84.04167, 46.33333 ], [ -83.75, 46.33333 ], [ -83.75, 46.29167 ], [ -83.45833, 46.29167 ], [ -83.45833, 46.25 ], [ -83.25, 46.25 ], [ -83.25, 46.20833 ], [ -82.29167, 46.20833 ], [ -82.29167, 46.16667 ], [ -82.04167, 46.16667 ], [ -82.04167, 46.125 ], [ -81.70833, 46.125 ], [ -81.66667, 46.16667 ], [ -81.58333, 46.16667 ], [ -81.45833, 46.04167 ], [ -81.45833, 46.0 ], [ -81.25, 46.0 ], [ -81.25, 46.04167 ], [ -81.125, 46.04167 ], [ -81.125, 45.95833 ], [ -80.70833, 45.95833 ], [ -80.70833, 45.875 ], [ -80.625, 45.83333 ], [ -80.625, 45.75 ], [ -80.5, 45.625 ], [ -80.375, 45.625 ], [ -80.375, 45.45833 ], [ -80.29167, 45.45833 ], [ -80.29167, 45.375 ], [ -80.20833, 45.41667 ], [ -80.04167, 45.41667 ], [ -80.0, 45.375 ], [ -80.04167, 45.29167 ], [ -80.0, 45.20833 ], [ -80.0, 45.125 ], [ -79.91667, 45.04167 ], [ -79.83333, 45.0 ], [ -79.75, 44.91667 ], [ -79.66667, 44.91667 ], [ -79.66667, 44.75 ], [ -79.91667, 44.75 ], [ -79.95833, 44.83333 ], [ -80.04167, 44.83333 ], [ -80.08333, 44.75 ], [ -80.0, 44.75 ], [ -79.95833, 44.70833 ], [ -80.0, 44.625 ], [ -80.0, 44.5 ], [ -80.04167, 44.45833 ], [ -80.20833, 44.45833 ], [ -80.20833, 44.5 ], [ -80.375, 44.5 ], [ -80.375, 44.54167 ], [ -80.5, 44.54167 ], [ -80.5, 44.58333 ], [ -80.625, 44.58333 ], [ -80.625, 44.66667 ], [ -80.66667, 44.70833 ], [ -80.79167, 44.70833 ], [ -80.875, 44.625 ], [ -80.95833, 44.58333 ], [ -80.95833, 44.70833 ], [ -80.91667, 44.79167 ], [ -81.04167, 44.79167 ], [ -81.04167, 44.75 ], [ -81.16667, 44.75 ], [ -81.125, 44.83333 ], [ -81.04167, 44.875 ], [ -81.125, 44.91667 ], [ -81.20833, 45.0 ], [ -81.29167, 45.0 ], [ -81.29167, 45.125 ], [ -81.33333, 45.125 ], [ -81.33333, 45.25 ], [ -81.625, 45.25 ], [ -81.54167, 45.20833 ], [ -81.54167, 45.125 ], [ -81.45833, 45.04167 ], [ -81.33333, 45.04167 ], [ -81.33333, 44.875 ], [ -81.25, 44.83333 ], [ -81.25, 44.58333 ], [ -81.375, 44.45833 ], [ -81.29167, 44.45833 ], [ -81.29167, 44.375 ], [ -81.41667, 44.25 ], [ -81.45833, 44.25 ], [ -81.45833, 44.0 ], [ -81.5, 44.0 ], [ -81.5, 43.75 ], [ -81.375, 43.66667 ], [ -81.29167, 43.58333 ], [ -81.25, 43.58333 ], [ -81.25, 43.45833 ], [ -81.125, 43.45833 ], [ -81.08333, 43.375 ], [ -81.0, 43.41667 ], [ -80.91667, 43.41667 ], [ -80.875, 43.33333 ], [ -80.79167, 43.33333 ], [ -80.75, 43.41667 ], [ -80.625, 43.41667 ], [ -80.58333, 43.5 ], [ -80.33333, 43.5 ], [ -80.29167, 43.58333 ], [ -80.20833, 43.58333 ], [ -80.16667, 43.5 ], [ -79.95833, 43.5 ], [ -79.95833, 43.66667 ], [ -79.875, 43.75 ], [ -79.79167, 43.75 ], [ -79.75, 43.79167 ], [ -79.75, 43.875 ], [ -79.45833, 43.875 ], [ -79.45833, 43.91667 ], [ -79.04167, 43.91667 ], [ -79.04167, 43.95833 ], [ -78.75, 43.95833 ], [ -78.75, 44.0 ], [ -78.5, 44.0 ], [ -78.5, 44.04167 ], [ -78.04167, 44.04167 ], [ -77.95833, 44.08333 ], [ -77.91667, 44.16667 ], [ -77.91667, 44.375 ], [ -77.83333, 44.33333 ], [ -77.75, 44.33333 ], [ -77.79167, 44.41667 ], [ -77.54167, 44.41667 ], [ -77.5, 44.33333 ], [ -77.25, 44.33333 ], [ -77.25, 44.29167 ], [ -77.0, 44.29167 ], [ -77.0, 44.33333 ], [ -76.875, 44.33333 ], [ -76.875, 44.25 ], [ -76.79167, 44.20833 ], [ -76.75, 44.25 ], [ -76.625, 44.25 ], [ -76.625, 44.29167 ], [ -76.45833, 44.29167 ], [ -76.375, 44.29167 ], [ -76.33333, 44.33333 ], [ -76.20833, 44.33333 ], [ -76.20833, 44.375 ], [ -76.08333, 44.375 ], [ -76.04167, 44.375 ], [ -75.95833, 44.45833 ], [ -75.875, 44.45833 ], [ -75.83333, 44.54167 ], [ -75.75, 44.54167 ], [ -75.70833, 44.58333 ], [ -75.66667, 44.54167 ], [ -75.54167, 44.54167 ], [ -75.5, 44.625 ], [ -75.41667, 44.66667 ], [ -75.33333, 44.75 ], [ -75.29167, 44.70833 ], [ -75.33333, 44.625 ], [ -75.25, 44.625 ], [ -75.33333, 44.54167 ], [ -75.41667, 44.5 ], [ -75.41667, 44.41667 ], [ -75.54167, 44.375 ], [ -75.54167, 44.29167 ], [ -75.625, 44.25 ], [ -75.625, 44.16667 ], [ -75.54167, 44.16667 ], [ -75.625, 44.08333 ], [ -75.58333, 44.04167 ], [ -75.625, 44.0 ], [ -75.83333, 44.0 ], [ -75.875, 43.91667 ], [ -75.95833, 43.91667 ], [ -76.0, 43.83333 ], [ -76.0, 43.70833 ], [ -76.04167, 43.625 ], [ -75.91667, 43.5 ], [ -75.83333, 43.5 ], [ -75.66667, 43.41667 ], [ -75.66667, 43.375 ], [ -75.33333, 43.375 ], [ -75.33333, 43.33333 ], [ -75.20833, 43.33333 ], [ -74.95833, 43.20833 ], [ -74.95833, 43.125 ], [ -74.91667, 43.08333 ], [ -74.79167, 43.08333 ], [ -74.70833, 43.125 ], [ -74.70833, 43.16667 ], [ -74.83333, 43.16667 ], [ -74.83333, 43.25 ], [ -74.875, 43.33333 ], [ -74.83333, 43.41667 ], [ -74.91667, 43.41667 ], [ -74.91667, 43.5 ], [ -74.875, 43.58333 ], [ -74.625, 43.70833 ], [ -74.54167, 43.79167 ], [ -74.45833, 43.79167 ], [ -74.29167, 43.70833 ], [ -74.20833, 43.70833 ], [ -74.16667, 43.79167 ], [ -74.08333, 43.79167 ], [ -74.04167, 43.75 ], [ -74.04167, 43.83333 ], [ -74.125, 43.83333 ], [ -74.125, 43.91667 ], [ -74.04167, 43.91667 ], [ -74.08333, 44.04167 ], [ -74.16667, 44.04167 ], [ -74.16667, 44.125 ], [ -74.16667, 44.16667 ], [ -74.16667, 44.20833 ], [ -73.91667, 44.20833 ], [ -73.91667, 44.33333 ], [ -74.04167, 44.33333 ], [ -74.04167, 44.375 ], [ -73.91667, 44.375 ], [ -73.875, 44.33333 ], [ -73.875, 44.29167 ], [ -73.83333, 44.25 ], [ -73.83333, 44.16667 ], [ -73.75, 44.16667 ], [ -73.75, 44.29167 ], [ -73.70833, 44.33333 ], [ -73.625, 44.33333 ], [ -73.66667, 44.25 ], [ -73.66667, 44.125 ], [ -73.70833, 44.125 ], [ -73.70833, 44.0 ], [ -73.75, 43.91667 ], [ -73.79167, 43.91667 ], [ -73.79167, 43.75 ], [ -73.70833, 43.79167 ], [ -73.70833, 43.875 ], [ -73.625, 43.875 ], [ -73.625, 44.08333 ], [ -73.58333, 44.08333 ], [ -73.5, 44.16667 ], [ -73.54167, 44.20833 ], [ -73.54167, 44.33333 ], [ -73.41667, 44.45833 ], [ -73.625, 44.45833 ], [ -73.58333, 44.54167 ], [ -73.58333, 44.75 ], [ -73.54167, 44.75 ], [ -73.54167, 44.91667 ], [ -73.58333, 44.95833 ], [ -73.54167, 45.0 ], [ -73.375, 45.0 ], [ -73.29167, 44.95833 ], [ -73.20833, 45.0 ], [ -73.0, 45.0 ], [ -73.0, 44.875 ], [ -73.08333, 44.75 ], [ -73.08333, 44.625 ], [ -73.04167, 44.58333 ], [ -72.95833, 44.625 ], [ -72.95833, 44.70833 ], [ -73.0, 44.79167 ], [ -72.91667, 44.79167 ], [ -72.875, 44.875 ], [ -72.875, 45.04167 ], [ -72.83333, 45.04167 ], [ -72.79167, 45.125 ], [ -72.70833, 45.20833 ], [ -72.70833, 45.29167 ], [ -72.66667, 45.375 ], [ -72.58333, 45.41667 ], [ -72.58333, 45.5 ], [ -72.5, 45.5 ], [ -72.45833, 45.54167 ], [ -72.375, 45.70833 ], [ -72.29167, 45.79167 ], [ -72.16667, 46.04167 ], [ -72.16667, 46.375 ], [ -72.125, 46.375 ], [ -72.125, 46.58333 ], [ -72.20833, 46.58333 ], [ -72.29167, 46.66667 ] ], [ [ -72.91667, 46.16667 ], [ -72.91667, 46.20833 ], [ -72.75, 46.20833 ], [ -72.75, 46.16667 ], [ -72.91667, 46.16667 ] ], [ [ -77.95833, 46.04167 ], [ -77.875, 45.95833 ], [ -77.95833, 45.95833 ], [ -77.95833, 46.04167 ] ], [ [ -75.75, 45.875 ], [ -75.79167, 45.875 ], [ -75.79167, 45.70833 ], [ -75.875, 45.75 ], [ -75.875, 46.0 ], [ -75.75, 45.875 ] ], [ [ -77.83333, 45.66667 ], [ -77.75, 45.58333 ], [ -77.83333, 45.58333 ], [ -77.83333, 45.66667 ] ], [ [ -73.70833, 45.41667 ], [ -73.70833, 45.54167 ], [ -73.625, 45.54167 ], [ -73.58333, 45.625 ], [ -73.45833, 45.5 ], [ -73.54167, 45.5 ], [ -73.54167, 45.41667 ], [ -73.70833, 45.41667 ] ], [ [ -77.33333, 45.45833 ], [ -77.25, 45.375 ], [ -77.41667, 45.375 ], [ -77.41667, 45.41667 ], [ -77.33333, 45.45833 ] ], [ [ -73.83333, 45.375 ], [ -73.83333, 45.41667 ], [ -73.70833, 45.41667 ], [ -73.70833, 45.375 ], [ -73.83333, 45.375 ] ], [ [ -74.91667, 44.95833 ], [ -74.66667, 44.95833 ], [ -74.66667, 44.79167 ], [ -74.79167, 44.79167 ], [ -74.79167, 44.83333 ], [ -75.0, 44.83333 ], [ -74.91667, 44.875 ], [ -74.91667, 44.95833 ] ], [ [ -75.29167, 44.83333 ], [ -75.25, 44.83333 ], [ -75.29167, 44.79167 ], [ -75.29167, 44.83333 ] ], [ [ -73.875, 44.75 ], [ -73.83333, 44.66667 ], [ -73.91667, 44.66667 ], [ -73.875, 44.75 ] ], [ [ -78.125, 44.25 ], [ -78.29167, 44.25 ], [ -78.375, 44.20833 ], [ -78.375, 44.33333 ], [ -78.25, 44.33333 ], [ -78.25, 44.29167 ], [ -78.125, 44.29167 ], [ -78.125, 44.25 ] ], [ [ -78.08333, 44.33333 ], [ -77.95833, 44.33333 ], [ -77.95833, 44.29167 ], [ -78.08333, 44.29167 ], [ -78.08333, 44.33333 ] ] ], [ [ [ -75.08333, 42.95833 ], [ -75.08333, 42.91667 ], [ -74.95833, 42.91667 ], [ -74.95833, 42.95833 ], [ -75.08333, 42.95833 ] ] ], [ [ [ -75.125, 42.91667 ], [ -75.125, 42.875 ], [ -75.08333, 42.91667 ], [ -75.125, 42.91667 ] ] ], [ [ [ -75.25, 42.79167 ], [ -75.25, 42.95833 ], [ -75.33333, 42.95833 ], [ -75.33333, 42.875 ], [ -75.41667, 42.83333 ], [ -75.41667, 42.70833 ], [ -75.33333, 42.70833 ], [ -75.33333, 42.79167 ], [ -75.25, 42.79167 ] ] ], [ [ [ -76.08333, 42.79167 ], [ -76.125, 42.70833 ], [ -76.04167, 42.70833 ], [ -76.08333, 42.79167 ] ] ], [ [ [ -75.75, 42.66667 ], [ -75.75, 42.79167 ], [ -75.70833, 42.79167 ], [ -75.70833, 42.95833 ], [ -75.79167, 42.95833 ], [ -75.875, 42.79167 ], [ -75.875, 42.70833 ], [ -75.79167, 42.70833 ], [ -75.75, 42.66667 ] ] ], [ [ [ -105.91667, 42.625 ], [ -105.91667, 42.70833 ], [ -106.04167, 42.70833 ], [ -106.04167, 42.66667 ], [ -106.0, 42.625 ], [ -105.91667, 42.625 ] ] ], [ [ [ -105.91667, 42.625 ], [ -105.79167, 42.54167 ], [ -105.79167, 42.625 ], [ -105.91667, 42.625 ] ] ], [ [ [ -105.625, 42.54167 ], [ -105.75, 42.54167 ], [ -105.70833, 42.45833 ], [ -105.625, 42.45833 ], [ -105.625, 42.54167 ] ] ], [ [ [ -105.625, 42.45833 ], [ -105.625, 42.375 ], [ -105.54167, 42.375 ], [ -105.625, 42.45833 ] ] ], [ [ [ -78.25, 42.58333 ], [ -78.25, 42.54167 ], [ -78.375, 42.54167 ], [ -78.45833, 42.45833 ], [ -78.45833, 42.375 ], [ -78.375, 42.33333 ], [ -78.29167, 42.41667 ], [ -78.20833, 42.41667 ], [ -78.20833, 42.58333 ], [ -78.25, 42.58333 ] ] ], [ [ [ -78.66667, 42.29167 ], [ -78.625, 42.25 ], [ -78.5, 42.25 ], [ -78.5, 42.45833 ], [ -78.58333, 42.45833 ], [ -78.58333, 42.375 ], [ -78.66667, 42.375 ], [ -78.66667, 42.29167 ] ] ], [ [ [ -77.875, 41.83333 ], [ -77.91667, 41.75 ], [ -77.83333, 41.75 ], [ -77.875, 41.83333 ] ] ] ] } },
{ "type": "Feature", "properties": { "ID": 6 }, "geometry": { "type": "GeometryCollection", "geometries": [ { "type": "MultiPolygon", "coordinates": [ [ [ [ -120.5, 47.0 ], [ -120.41667, 47.0 ], [ -120.41667, 46.95833 ], [ -120.5, 46.91667 ], [ -120.5, 47.0 ] ] ], [ [ [ -120.25, 47.75 ], [ -120.375, 47.75 ], [ -120.20833, 47.83333 ], [ -120.25, 47.75 ] ] ], [ [ [ -120.125, 47.91667 ], [ -120.125, 47.95833 ], [ -119.95833, 47.95833 ], [ -119.95833, 47.91667 ], [ -120.125, 47.91667 ] ] ], [ [ [ -120.125, 48.0 ], [ -120.125, 47.95833 ], [ -120.16667, 48.0 ], [ -120.125, 48.0 ] ] ], [ [ [ -119.41667, 48.16667 ], [ -119.45833, 48.125 ], [ -119.58333, 48.125 ], [ -119.58333, 48.29167 ], [ -119.54167, 48.33333 ], [ -119.45833, 48.25 ], [ -119.41667, 48.16667 ] ] ], [ [ [ -119.29167, 48.29167 ], [ -119.375, 48.29167 ], [ -119.29167, 48.33333 ], [ -119.29167, 48.29167 ] ] ], [ [ [ -119.95833, 48.375 ], [ -119.95833, 48.29167 ], [ -120.04167, 48.20833 ], [ -119.875, 48.20833 ], [ -119.875, 48.33333 ], [ -119.79167, 48.375 ], [ -119.66667, 48.375 ], [ -119.66667, 48.20833 ], [ -119.70833, 48.20833 ], [ -119.70833, 48.125 ], [ -119.875, 48.125 ], [ -119.875, 48.08333 ], [ -120.0, 48.08333 ], [ -120.0, 48.04167 ], [ -120.08333, 48.04167 ], [ -120.125, 48.08333 ], [ -120.16667, 48.125 ], [ -120.16667, 48.25 ], [ -120.125, 48.33333 ], [ -120.25, 48.33333 ], [ -120.29167, 48.33333 ], [ -120.33333, 48.33333 ], [ -120.33333, 48.41667 ], [ -120.25, 48.41667 ], [ -120.29167, 48.45833 ], [ -120.33333, 48.5 ], [ -120.33333, 48.54167 ], [ -120.25, 48.58333 ], [ -120.16667, 48.66667 ], [ -120.125, 48.66667 ], [ -120.125, 48.5 ], [ -120.08333, 48.5 ], [ -120.08333, 48.45833 ], [ -120.0, 48.45833 ], [ -119.95833, 48.375 ] ] ], [ [ [ -120.33333, 48.58333 ], [ -120.33333, 48.54167 ], [ -120.375, 48.54167 ], [ -120.33333, 48.58333 ] ] ], [ [ [ -119.70833, 48.45833 ], [ -119.75, 48.5 ], [ -119.70833, 48.58333 ], [ -119.70833, 48.75 ], [ -119.66667, 48.75 ], [ -119.625, 48.70833 ], [ -119.54167, 48.70833 ], [ -119.58333, 48.625 ], [ -119.58333, 48.54167 ], [ -119.625, 48.45833 ], [ -119.70833, 48.45833 ] ] ], [ [ [ -119.625, 48.75 ], [ -119.58333, 48.79167 ], [ -119.58333, 48.75 ], [ -119.625, 48.75 ] ] ], [ [ [ -119.70833, 48.875 ], [ -119.66667, 48.875 ], [ -119.66667, 48.79167 ], [ -119.70833, 48.79167 ], [ -119.70833, 48.875 ] ] ], [ [ [ -119.375, 48.83333 ], [ -119.375, 48.875 ], [ -119.33333, 48.83333 ], [ -119.375, 48.83333 ] ] ], [ [ [ -119.54167, 48.95833 ], [ -119.58333, 48.875 ], [ -119.58333, 48.95833 ], [ -119.54167, 48.95833 ] ] ], [ [ [ -119.29167, 48.91667 ], [ -119.33333, 48.91667 ], [ -119.375, 48.95833 ], [ -119.375, 49.0 ], [ -119.29167, 49.0 ], [ -119.29167, 48.91667 ] ] ], [ [ [ -119.625, 49.04167 ], [ -119.5, 49.04167 ], [ -119.5, 49.0 ], [ -119.625, 49.0 ], [ -119.625, 49.04167 ] ] ], [ [ [ -119.625, 49.04167 ], [ -119.70833, 49.04167 ], [ -119.70833, 49.08333 ], [ -119.625, 49.08333 ], [ -119.625, 49.04167 ] ] ], [ [ [ -120.41667, 50.20833 ], [ -120.33333, 50.16667 ], [ -120.45833, 50.16667 ], [ -120.45833, 50.29167 ], [ -120.41667, 50.29167 ], [ -120.41667, 50.20833 ] ] ], [ [ [ -119.875, 50.66667 ], [ -119.83333, 50.66667 ], [ -119.83333, 50.625 ], [ -119.875, 50.625 ], [ -119.875, 50.66667 ] ] ], [ [ [ -119.875, 50.66667 ], [ -119.91667, 50.66667 ], [ -119.91667, 50.70833 ], [ -119.875, 50.70833 ], [ -119.875, 50.66667 ] ] ], [ [ [ -119.79167, 50.66667 ], [ -119.79167, 50.70833 ], [ -119.75, 50.70833 ], [ -119.75, 50.66667 ], [ -119.79167, 50.66667 ] ] ], [ [ [ -120.29167, 50.70833 ], [ -120.29167, 50.75 ], [ -120.25, 50.70833 ], [ -120.29167, 50.70833 ] ] ], [ [ [ -120.375, 50.83333 ], [ -120.33333, 50.83333 ], [ -120.33333, 50.79167 ], [ -120.375, 50.79167 ], [ -120.375, 50.83333 ] ] ], [ [ [ -123.625, 51.83333 ], [ -123.70833, 51.79167 ], [ -123.70833, 51.83333 ], [ -123.625, 51.83333 ] ] ], [ [ [ -124.41667, 51.91667 ], [ -124.45833, 51.95833 ], [ -124.41667, 51.95833 ], [ -124.41667, 51.91667 ] ] ], [ [ [ -123.41667, 51.91667 ], [ -123.45833, 51.91667 ], [ -123.45833, 52.0 ], [ -123.41667, 51.91667 ] ] ], [ [ [ -124.45833, 51.95833 ], [ -124.5, 51.95833 ], [ -124.5, 52.0 ], [ -124.45833, 52.0 ], [ -124.45833, 51.95833 ] ] ], [ [ [ -124.375, 52.0 ], [ -124.41667, 51.95833 ], [ -124.41667, 52.04167 ], [ -124.33333, 52.04167 ], [ -124.29167, 52.125 ], [ -124.04167, 52.125 ], [ -124.04167, 52.08333 ], [ -124.16667, 52.08333 ], [ -124.29167, 52.0 ], [ -124.375, 52.0 ] ] ], [ [ [ -123.79167, 52.0 ], [ -123.79167, 52.08333 ], [ -123.91667, 52.08333 ], [ -123.91667, 52.16667 ], [ -123.875, 52.20833 ], [ -123.70833, 52.20833 ], [ -123.66667, 52.125 ], [ -123.625, 52.125 ], [ -123.625, 52.04167 ], [ -123.54167, 52.08333 ], [ -123.45833, 52.0 ], [ -123.54167, 51.91667 ], [ -123.625, 51.875 ], [ -123.75, 51.875 ], [ -123.75, 51.91667 ], [ -123.79167, 51.875 ], [ -123.91667, 51.875 ], [ -123.79167, 52.0 ] ] ], [ [ [ -123.54167, 52.08333 ], [ -123.58333, 52.08333 ], [ -123.58333, 52.16667 ], [ -123.54167, 52.16667 ], [ -123.54167, 52.08333 ] ] ], [ [ [ -123.5, 52.125 ], [ -123.41667, 52.20833 ], [ -123.41667, 52.125 ], [ -123.5, 52.125 ] ] ], [ [ [ -114.83333, 46.5 ], [ -114.83333, 46.54167 ], [ -114.66667, 46.54167 ], [ -114.66667, 46.5 ], [ -114.83333, 46.5 ] ] ], [ [ [ -114.91667, 47.08333 ], [ -114.91667, 47.04167 ], [ -114.95833, 47.04167 ], [ -114.95833, 47.08333 ], [ -114.91667, 47.08333 ] ] ], [ [ [ -115.04167, 47.125 ], [ -115.0, 47.125 ], [ -115.0, 47.08333 ], [ -115.04167, 47.125 ] ] ], [ [ [ -115.25, 47.5 ], [ -115.41667, 47.5 ], [ -115.5, 47.54167 ], [ -115.5, 47.66667 ], [ -115.58333, 47.66667 ], [ -115.58333, 47.79167 ], [ -115.70833, 47.79167 ], [ -115.70833, 47.83333 ], [ -115.79167, 47.83333 ], [ -115.75, 47.875 ], [ -115.75, 47.95833 ], [ -115.83333, 48.0 ], [ -115.95833, 48.0 ], [ -115.91667, 48.08333 ], [ -115.875, 48.08333 ], [ -115.79167, 48.08333 ], [ -115.79167, 48.0 ], [ -115.66667, 48.0 ], [ -115.625, 47.91667 ], [ -115.625, 47.95833 ], [ -115.58333, 47.95833 ], [ -115.58333, 47.875 ], [ -115.41667, 47.875 ], [ -115.41667, 47.83333 ], [ -115.41667, 47.79167 ], [ -115.375, 47.75 ], [ -115.33333, 47.70833 ], [ -115.33333, 47.625 ], [ -115.20833, 47.625 ], [ -115.20833, 47.66667 ], [ -115.16667, 47.66667 ], [ -115.16667, 47.58333 ], [ -115.08333, 47.58333 ], [ -115.04167, 47.58333 ], [ -114.95833, 47.58333 ], [ -115.0, 47.66667 ], [ -115.125, 47.66667 ], [ -115.125, 47.79167 ], [ -115.16667, 47.79167 ], [ -115.20833, 47.83333 ], [ -115.20833, 47.91667 ], [ -115.29167, 47.95833 ], [ -115.375, 48.04167 ], [ -115.45833, 48.04167 ], [ -115.45833, 48.16667 ], [ -115.5, 48.25 ], [ -115.58333, 48.25 ], [ -115.58333, 48.375 ], [ -115.66667, 48.45833 ], [ -115.41667, 48.45833 ], [ -115.41667, 48.375 ], [ -115.33333, 48.41667 ], [ -115.33333, 48.54167 ], [ -115.25, 48.54167 ], [ -115.25, 48.29167 ], [ -115.125, 48.29167 ], [ -115.125, 48.375 ], [ -115.08333, 48.41667 ], [ -114.875, 48.41667 ], [ -114.875, 48.375 ], [ -114.95833, 48.375 ], [ -114.91667, 48.33333 ], [ -114.875, 48.29167 ], [ -114.875, 48.20833 ], [ -114.79167, 48.20833 ], [ -114.75, 48.16667 ], [ -114.79167, 48.08333 ], [ -114.95833, 48.08333 ], [ -114.95833, 48.125 ], [ -115.04167, 48.125 ], [ -115.04167, 48.25 ], [ -115.16667, 48.25 ], [ -115.20833, 48.20833 ], [ -115.16667, 48.16667 ], [ -115.08333, 48.16667 ], [ -115.08333, 48.08333 ], [ -115.0, 48.08333 ], [ -114.95833, 48.04167 ], [ -114.95833, 47.79167 ], [ -114.91667, 47.79167 ], [ -114.91667, 47.625 ], [ -114.875, 47.625 ], [ -114.83333, 47.58333 ], [ -114.79167, 47.54167 ], [ -114.79167, 47.41667 ], [ -114.70833, 47.41667 ], [ -114.70833, 47.91667 ], [ -114.45833, 47.91667 ], [ -114.5, 47.83333 ], [ -114.375, 47.83333 ], [ -114.375, 47.79167 ], [ -114.5, 47.79167 ], [ -114.5, 47.75 ], [ -114.41667, 47.75 ], [ -114.41667, 47.625 ], [ -114.375, 47.625 ], [ -114.375, 47.41667 ], [ -114.29167, 47.41667 ], [ -114.20833, 47.45833 ], [ -114.25, 47.54167 ], [ -114.08333, 47.54167 ], [ -114.08333, 47.45833 ], [ -114.0, 47.45833 ], [ -114.0, 47.29167 ], [ -114.08333, 47.20833 ], [ -114.04167, 47.16667 ], [ -113.95833, 47.16667 ], [ -113.95833, 47.125 ], [ -114.0, 47.08333 ], [ -114.08333, 47.08333 ], [ -114.125, 47.16667 ], [ -114.25, 47.16667 ], [ -114.29167, 47.20833 ], [ -114.29167, 47.29167 ], [ -114.5, 47.29167 ], [ -114.5, 47.33333 ], [ -114.79167, 47.33333 ], [ -114.875, 47.29167 ], [ -114.79167, 47.20833 ], [ -114.79167, 47.16667 ], [ -114.70833, 47.16667 ], [ -114.66667, 47.125 ], [ -114.625, 47.08333 ], [ -114.625, 47.04167 ], [ -114.5, 47.04167 ], [ -114.5, 46.91667 ], [ -114.41667, 46.91667 ], [ -114.375, 46.875 ], [ -114.29167, 46.83333 ], [ -114.29167, 46.79167 ], [ -114.16667, 46.79167 ], [ -114.16667, 46.875 ], [ -114.29167, 47.0 ], [ -114.375, 46.95833 ], [ -114.45833, 46.95833 ], [ -114.41667, 47.04167 ], [ -114.5, 47.125 ], [ -114.41667, 47.125 ], [ -114.41667, 47.08333 ], [ -114.29167, 47.08333 ], [ -114.29167, 47.04167 ], [ -114.16667, 47.04167 ], [ -114.16667, 47.0 ], [ -114.04167, 47.0 ], [ -114.04167, 46.95833 ], [ -113.875, 46.95833 ], [ -113.875, 46.91667 ], [ -113.75, 46.91667 ], [ -113.75, 47.04167 ], [ -113.54167, 47.04167 ], [ -113.625, 47.08333 ], [ -113.625, 47.25 ], [ -113.54167, 47.29167 ], [ -113.5, 47.25 ], [ -113.45833, 47.25 ], [ -113.41667, 47.25 ], [ -113.375, 47.20833 ], [ -113.375, 47.16667 ], [ -113.33333, 47.16667 ], [ -113.29167, 47.16667 ], [ -113.29167, 47.125 ], [ -113.16667, 47.125 ], [ -113.16667, 47.16667 ], [ -113.125, 47.16667 ], [ -113.125, 47.08333 ], [ -112.95833, 47.08333 ], [ -112.95833, 47.125 ], [ -112.91667, 47.125 ], [ -112.875, 47.08333 ], [ -112.875, 47.0 ], [ -112.79167, 47.0 ], [ -112.58333, 47.0 ], [ -112.58333, 47.04167 ], [ -112.45833, 47.04167 ], [ -112.5, 46.95833 ], [ -112.54167, 46.95833 ], [ -112.54167, 46.91667 ], [ -112.70833, 46.91667 ], [ -112.70833, 46.875 ], [ -112.79167, 46.875 ], [ -112.83333, 46.83333 ], [ -112.66667, 46.83333 ], [ -112.625, 46.79167 ], [ -112.58333, 46.75 ], [ -112.54167, 46.70833 ], [ -112.54167, 46.66667 ], [ -112.41667, 46.66667 ], [ -112.375, 46.625 ], [ -112.33333, 46.54167 ], [ -112.41667, 46.5 ], [ -112.41667, 46.54167 ], [ -112.5, 46.54167 ], [ -112.625, 46.41667 ], [ -112.625, 46.29167 ], [ -112.66667, 46.20833 ], [ -112.75, 46.125 ], [ -112.91667, 46.125 ], [ -112.875, 46.16667 ], [ -112.875, 46.45833 ], [ -112.91667, 46.5 ], [ -113.16667, 46.5 ], [ -113.16667, 46.45833 ], [ -113.29167, 46.45833 ], [ -113.375, 46.54167 ], [ -113.375, 46.625 ], [ -113.45833, 46.66667 ], [ -113.58333, 46.66667 ], [ -113.625, 46.625 ], [ -113.625, 46.54167 ], [ -113.70833, 46.58333 ], [ -113.70833, 46.66667 ], [ -113.79167, 46.66667 ], [ -113.875, 46.70833 ], [ -113.875, 46.5 ], [ -113.91667, 46.41667 ], [ -114.0, 46.375 ], [ -114.0, 46.25 ], [ -114.04167, 46.16667 ], [ -114.125, 46.16667 ], [ -114.20833, 46.08333 ], [ -114.20833, 46.33333 ], [ -114.25, 46.33333 ], [ -114.16667, 46.5 ], [ -114.16667, 46.625 ], [ -114.125, 46.70833 ], [ -114.20833, 46.70833 ], [ -114.25, 46.70833 ], [ -114.33333, 46.70833 ], [ -114.33333, 46.75 ], [ -114.45833, 46.75 ], [ -114.45833, 46.66667 ], [ -114.58333, 46.66667 ], [ -114.625, 46.75 ], [ -114.70833, 46.79167 ], [ -114.75, 46.875 ], [ -114.83333, 46.875 ], [ -114.83333, 46.95833 ], [ -114.83333, 47.0 ], [ -114.875, 47.04167 ], [ -114.91667, 47.08333 ], [ -114.91667, 47.125 ], [ -115.0, 47.125 ], [ -115.0, 47.16667 ], [ -115.08333, 47.16667 ], [ -115.08333, 47.25 ], [ -115.20833, 47.25 ], [ -115.33333, 47.375 ], [ -115.25, 47.41667 ], [ -115.25, 47.5 ] ], [ [ -114.54167, 46.91667 ], [ -114.58333, 46.95833 ], [ -114.58333, 46.875 ], [ -114.54167, 46.875 ], [ -114.5, 46.83333 ], [ -114.5, 46.91667 ], [ -114.54167, 46.91667 ] ], [ [ -115.375, 48.25 ], [ -115.41667, 48.29167 ], [ -115.41667, 48.125 ], [ -115.33333, 48.16667 ], [ -115.375, 48.25 ] ], [ [ -115.0, 47.41667 ], [ -115.125, 47.5 ], [ -115.125, 47.54167 ], [ -115.20833, 47.54167 ], [ -115.20833, 47.41667 ], [ -115.0, 47.41667 ] ], [ [ -113.29167, 46.91667 ], [ -113.29167, 46.83333 ], [ -113.20833, 46.75 ], [ -113.16667, 46.79167 ], [ -113.16667, 46.875 ], [ -113.25, 46.95833 ], [ -113.29167, 46.91667 ] ], [ [ -112.95833, 46.79167 ], [ -113.04167, 46.70833 ], [ -112.91667, 46.70833 ], [ -112.91667, 46.66667 ], [ -112.75, 46.66667 ], [ -112.75, 46.75 ], [ -112.83333, 46.75 ], [ -112.83333, 46.79167 ], [ -112.95833, 46.79167 ] ] ], [ [ [ -117.95833, 46.95833 ], [ -118.16667, 46.95833 ], [ -118.25, 47.0 ], [ -118.29167, 46.91667 ], [ -118.45833, 47.0 ], [ -118.75, 47.0 ], [ -118.83333, 47.04167 ], [ -118.875, 47.125 ], [ -118.95833, 47.125 ], [ -119.0, 47.20833 ], [ -119.0, 47.375 ], [ -118.95833, 47.375 ], [ -118.95833, 47.5 ], [ -119.0, 47.54167 ], [ -118.95833, 47.58333 ], [ -118.79167, 47.58333 ], [ -118.79167, 47.70833 ], [ -118.83333, 47.75 ], [ -118.83333, 47.83333 ], [ -118.875, 47.875 ], [ -118.54167, 47.875 ], [ -118.375, 47.79167 ], [ -118.33333, 47.70833 ], [ -118.08333, 47.70833 ], [ -118.04167, 47.625 ], [ -118.125, 47.625 ], [ -118.125, 47.5 ], [ -118.25, 47.5 ], [ -118.25, 47.41667 ], [ -118.29167, 47.33333 ], [ -118.20833, 47.33333 ], [ -118.16667, 47.29167 ], [ -118.16667, 47.20833 ], [ -117.95833, 47.20833 ], [ -118.0, 47.125 ], [ -117.58333, 47.125 ], [ -117.625, 47.08333 ], [ -117.58333, 47.04167 ], [ -117.58333, 46.95833 ], [ -117.75, 46.95833 ], [ -117.91667, 47.04167 ], [ -117.95833, 46.95833 ] ] ], [ [ [ -114.29167, 47.75 ], [ -114.375, 47.70833 ], [ -114.375, 47.79167 ], [ -114.29167, 47.75 ] ] ], [ [ [ -117.0, 48.08333 ], [ -117.08333, 48.125 ], [ -117.20833, 48.125 ], [ -117.20833, 48.16667 ], [ -117.125, 48.20833 ], [ -117.0, 48.20833 ], [ -117.0, 48.08333 ] ] ], [ [ [ -118.91667, 48.125 ], [ -118.91667, 48.20833 ], [ -118.83333, 48.20833 ], [ -118.79167, 48.16667 ], [ -118.79167, 48.125 ], [ -118.91667, 48.125 ] ] ], [ [ [ -118.79167, 48.20833 ], [ -118.83333, 48.20833 ], [ -118.83333, 48.25 ], [ -118.79167, 48.25 ], [ -118.79167, 48.20833 ] ] ], [ [ [ -118.83333, 48.29167 ], [ -118.83333, 48.25 ], [ -118.875, 48.29167 ], [ -118.83333, 48.29167 ] ] ], [ [ [ -118.0, 48.33333 ], [ -117.95833, 48.33333 ], [ -117.95833, 48.25 ], [ -118.04167, 48.29167 ], [ -118.0, 48.33333 ] ] ], [ [ [ -119.125, 48.33333 ], [ -119.16667, 48.25 ], [ -119.20833, 48.25 ], [ -119.20833, 48.375 ], [ -119.16667, 48.375 ], [ -119.125, 48.33333 ] ] ], [ [ [ -117.20833, 48.33333 ], [ -117.16667, 48.29167 ], [ -117.125, 48.25 ], [ -117.125, 48.20833 ], [ -117.29167, 48.20833 ], [ -117.375, 48.25 ], [ -117.375, 48.33333 ], [ -117.375, 48.375 ], [ -117.375, 48.45833 ], [ -117.25, 48.45833 ], [ -117.25, 48.33333 ], [ -117.20833, 48.33333 ] ] ], [ [ [ -115.875, 48.33333 ], [ -115.91667, 48.33333 ], [ -115.91667, 48.54167 ], [ -115.83333, 48.45833 ], [ -115.79167, 48.45833 ], [ -115.79167, 48.375 ], [ -115.83333, 48.375 ], [ -115.83333, 48.20833 ], [ -115.79167, 48.20833 ], [ -115.875, 48.16667 ], [ -115.875, 48.33333 ] ] ], [ [ [ -117.75, 48.375 ], [ -117.66667, 48.375 ], [ -117.66667, 48.20833 ], [ -117.625, 48.16667 ], [ -117.66667, 48.125 ], [ -117.75, 48.125 ], [ -117.83333, 48.25 ], [ -117.91667, 48.29167 ], [ -117.91667, 48.41667 ], [ -118.0, 48.41667 ], [ -118.0, 48.45833 ], [ -117.95833, 48.5 ], [ -117.91667, 48.58333 ], [ -117.875, 48.58333 ], [ -117.875, 48.625 ], [ -117.79167, 48.625 ], [ -117.79167, 48.54167 ], [ -117.66667, 48.54167 ], [ -117.66667, 48.45833 ], [ -117.79167, 48.45833 ], [ -117.79167, 48.33333 ], [ -117.75, 48.375 ] ] ], [ [ [ -114.375, 48.45833 ], [ -114.33333, 48.45833 ], [ -114.25, 48.41667 ], [ -114.25, 48.375 ], [ -114.125, 48.375 ], [ -114.125, 48.20833 ], [ -114.08333, 48.20833 ], [ -114.08333, 48.16667 ], [ -114.125, 48.125 ], [ -114.33333, 48.125 ], [ -114.41667, 48.16667 ], [ -114.41667, 48.33333 ], [ -114.45833, 48.41667 ], [ -114.625, 48.41667 ], [ -114.66667, 48.5 ], [ -114.66667, 48.58333 ], [ -114.70833, 48.58333 ], [ -114.70833, 48.625 ], [ -114.58333, 48.625 ], [ -114.58333, 48.58333 ], [ -114.45833, 48.58333 ], [ -114.41667, 48.54167 ], [ -114.41667, 48.375 ], [ -114.375, 48.375 ], [ -114.375, 48.45833 ] ] ], [ [ [ -117.29167, 48.54167 ], [ -117.29167, 48.58333 ], [ -117.25, 48.58333 ], [ -117.25, 48.54167 ], [ -117.29167, 48.54167 ] ] ], [ [ [ -119.33333, 48.625 ], [ -119.29167, 48.58333 ], [ -119.29167, 48.5 ], [ -119.33333, 48.41667 ], [ -119.25, 48.41667 ], [ -119.25, 48.33333 ], [ -119.29167, 48.33333 ], [ -119.41667, 48.41667 ], [ -119.41667, 48.66667 ], [ -119.33333, 48.70833 ], [ -119.33333, 48.83333 ], [ -119.29167, 48.75 ], [ -119.20833, 48.66667 ], [ -119.125, 48.625 ], [ -119.33333, 48.625 ] ] ], [ [ [ -118.75, 48.66667 ], [ -118.70833, 48.75 ], [ -118.625, 48.79167 ], [ -118.625, 48.875 ], [ -118.75, 48.875 ], [ -118.75, 48.91667 ], [ -118.54167, 48.91667 ], [ -118.625, 48.75 ], [ -118.625, 48.66667 ], [ -118.70833, 48.625 ], [ -118.70833, 48.375 ], [ -118.79167, 48.33333 ], [ -118.79167, 48.5 ], [ -118.75, 48.5 ], [ -118.75, 48.66667 ] ] ], [ [ [ -114.70833, 48.66667 ], [ -114.70833, 48.625 ], [ -114.75, 48.625 ], [ -114.75, 48.66667 ], [ -114.70833, 48.66667 ] ] ], [ [ [ -114.16667, 48.625 ], [ -114.16667, 48.66667 ], [ -114.125, 48.625 ], [ -114.16667, 48.625 ] ] ], [ [ [ -115.33333, 48.75 ], [ -115.29167, 48.75 ], [ -115.29167, 48.70833 ], [ -115.33333, 48.70833 ], [ -115.33333, 48.75 ] ] ], [ [ [ -114.16667, 48.75 ], [ -114.16667, 48.66667 ], [ -114.25, 48.66667 ], [ -114.33333, 48.75 ], [ -114.375, 48.79167 ], [ -114.33333, 48.83333 ], [ -114.25, 48.83333 ], [ -114.25, 48.75 ], [ -114.16667, 48.75 ] ] ], [ [ [ -115.25, 49.20833 ], [ -115.29167, 49.29167 ], [ -115.25, 49.25 ], [ -115.125, 49.20833 ], [ -115.08333, 49.125 ], [ -115.04167, 49.04167 ], [ -115.0, 49.0 ], [ -115.0, 48.91667 ], [ -114.95833, 48.91667 ], [ -114.91667, 48.875 ], [ -114.875, 48.83333 ], [ -114.83333, 48.79167 ], [ -114.83333, 48.70833 ], [ -114.75, 48.70833 ], [ -114.75, 48.66667 ], [ -114.875, 48.66667 ], [ -114.875, 48.625 ], [ -114.91667, 48.58333 ], [ -114.95833, 48.58333 ], [ -114.95833, 48.79167 ], [ -115.0, 48.83333 ], [ -115.25, 48.83333 ], [ -115.25, 49.20833 ] ] ], [ [ [ -118.54167, 48.91667 ], [ -118.54167, 48.95833 ], [ -118.5, 48.95833 ], [ -118.5, 48.91667 ], [ -118.54167, 48.91667 ] ] ], [ [ [ -118.75, 48.95833 ], [ -118.75, 48.91667 ], [ -118.875, 48.91667 ], [ -118.875, 48.95833 ], [ -118.75, 48.95833 ] ] ], [ [ [ -118.91667, 49.0 ], [ -118.91667, 49.04167 ], [ -118.70833, 49.04167 ], [ -118.70833, 49.0 ], [ -118.91667, 49.0 ] ] ], [ [ [ -112.83333, 49.45833 ], [ -112.91667, 49.54167 ], [ -112.91667, 49.625 ], [ -112.875, 49.625 ], [ -112.875, 49.75 ], [ -112.83333, 49.75 ], [ -112.83333, 49.58333 ], [ -112.75, 49.58333 ], [ -112.75, 49.45833 ], [ -112.83333, 49.45833 ] ] ], [ [ [ -112.25, 50.375 ], [ -112.16667, 50.375 ], [ -112.16667, 50.29167 ], [ -112.25, 50.29167 ], [ -112.25, 50.375 ] ] ], [ [ [ -114.54167, 51.0 ], [ -114.66667, 51.0 ], [ -114.66667, 51.08333 ], [ -114.625, 51.04167 ], [ -114.54167, 51.04167 ], [ -114.54167, 51.0 ] ] ], [ [ [ -98.95833, 41.5 ], [ -98.95833, 41.54167 ], [ -98.875, 41.54167 ], [ -98.875, 41.5 ], [ -98.95833, 41.5 ] ] ], [ [ [ -98.41667, 42.0 ], [ -98.33333, 42.0 ], [ -98.29167, 41.91667 ], [ -98.375, 41.91667 ], [ -98.41667, 42.0 ] ] ], [ [ [ -106.04167, 42.625 ], [ -106.04167, 42.66667 ], [ -106.0, 42.625 ], [ -106.04167, 42.625 ] ] ], [ [ [ -107.875, 43.16667 ], [ -107.95833, 43.25 ], [ -108.08333, 43.25 ], [ -108.08333, 43.375 ], [ -108.0, 43.33333 ], [ -107.83333, 43.33333 ], [ -107.83333, 43.375 ], [ -107.70833, 43.375 ], [ -107.70833, 43.41667 ], [ -107.58333, 43.41667 ], [ -107.5, 43.375 ], [ -107.5, 43.29167 ], [ -107.45833, 43.25 ], [ -107.33333, 43.25 ], [ -107.33333, 43.16667 ], [ -107.375, 43.125 ], [ -107.5, 43.04167 ], [ -107.625, 43.04167 ], [ -107.625, 43.08333 ], [ -107.75, 43.08333 ], [ -107.75, 43.125 ], [ -107.875, 43.125 ], [ -107.875, 43.16667 ] ] ], [ [ [ -111.54167, 45.66667 ], [ -111.54167, 45.75 ], [ -111.83333, 45.75 ], [ -111.875, 45.83333 ], [ -112.04167, 45.83333 ], [ -112.04167, 45.79167 ], [ -112.25, 45.79167 ], [ -112.25, 45.91667 ], [ -112.20833, 45.91667 ], [ -112.125, 46.0 ], [ -112.0, 45.91667 ], [ -111.95833, 45.95833 ], [ -111.95833, 46.08333 ], [ -112.04167, 46.16667 ], [ -112.125, 46.16667 ], [ -112.16667, 46.20833 ], [ -112.125, 46.29167 ], [ -112.125, 46.5 ], [ -112.0, 46.5 ], [ -112.0, 46.54167 ], [ -112.20833, 46.54167 ], [ -112.20833, 46.75 ], [ -112.25, 46.79167 ], [ -112.41667, 46.79167 ], [ -112.41667, 46.83333 ], [ -112.375, 46.91667 ], [ -112.20833, 46.91667 ], [ -112.16667, 47.0 ], [ -112.16667, 47.08333 ], [ -112.20833, 47.125 ], [ -112.33333, 47.125 ], [ -112.41667, 47.25 ], [ -112.58333, 47.33333 ], [ -112.58333, 47.375 ], [ -112.625, 47.375 ], [ -112.66667, 47.41667 ], [ -112.66667, 47.5 ], [ -112.66667, 47.58333 ], [ -112.66667, 47.66667 ], [ -112.625, 47.66667 ], [ -112.625, 48.125 ], [ -112.70833, 48.125 ], [ -112.75, 48.16667 ], [ -112.75, 48.25 ], [ -112.79167, 48.29167 ], [ -112.875, 48.29167 ], [ -112.875, 48.54167 ], [ -112.95833, 48.54167 ], [ -112.95833, 48.70833 ], [ -112.91667, 48.75 ], [ -112.79167, 48.75 ], [ -112.79167, 48.83333 ], [ -112.75, 48.875 ], [ -112.625, 48.875 ], [ -112.625, 48.91667 ], [ -112.70833, 49.0 ], [ -112.625, 49.0 ], [ -112.58333, 49.04167 ], [ -112.58333, 49.125 ], [ -112.54167, 49.16667 ], [ -112.25, 49.16667 ], [ -112.25, 49.25 ], [ -112.33333, 49.25 ], [ -112.375, 49.29167 ], [ -112.29167, 49.375 ], [ -112.16667, 49.375 ], [ -112.16667, 49.45833 ], [ -111.91667, 49.45833 ], [ -111.91667, 49.41667 ], [ -111.41667, 49.41667 ], [ -111.33333, 49.375 ], [ -111.33333, 49.33333 ], [ -111.0, 49.33333 ], [ -111.0, 49.29167 ], [ -110.79167, 49.29167 ], [ -110.75, 49.25 ], [ -110.83333, 49.20833 ], [ -110.83333, 49.08333 ], [ -110.79167, 49.04167 ], [ -110.625, 49.04167 ], [ -110.58333, 49.125 ], [ -110.45833, 49.125 ], [ -110.45833, 49.25 ], [ -110.375, 49.25 ], [ -110.33333, 49.29167 ], [ -110.33333, 49.33333 ], [ -109.83333, 49.33333 ], [ -109.75, 49.25 ], [ -109.66667, 49.20833 ], [ -109.66667, 49.29167 ], [ -109.54167, 49.29167 ], [ -109.45833, 49.33333 ], [ -109.45833, 49.25 ], [ -109.41667, 49.20833 ], [ -109.29167, 49.20833 ], [ -109.20833, 49.16667 ], [ -109.16667, 49.08333 ], [ -109.04167, 49.08333 ], [ -108.91667, 48.95833 ], [ -108.91667, 48.875 ], [ -108.83333, 48.91667 ], [ -108.83333, 49.04167 ], [ -108.66667, 49.04167 ], [ -108.66667, 49.0 ], [ -108.45833, 49.0 ], [ -108.45833, 48.95833 ], [ -108.29167, 48.95833 ], [ -108.29167, 49.125 ], [ -108.16667, 49.125 ], [ -108.16667, 49.16667 ], [ -108.04167, 49.16667 ], [ -108.0, 49.20833 ], [ -108.0, 49.33333 ], [ -107.95833, 49.375 ], [ -108.0, 49.41667 ], [ -107.83333, 49.41667 ], [ -107.83333, 49.45833 ], [ -107.625, 49.45833 ], [ -107.58333, 49.41667 ], [ -107.58333, 49.375 ], [ -107.5, 49.375 ], [ -107.5, 49.29167 ], [ -107.41667, 49.29167 ], [ -107.41667, 49.25 ], [ -107.25, 49.25 ], [ -107.20833, 49.20833 ], [ -107.25, 49.16667 ], [ -107.25, 49.08333 ], [ -107.16667, 49.125 ], [ -106.54167, 49.125 ], [ -106.54167, 49.16667 ], [ -106.33333, 49.16667 ], [ -106.29167, 49.08333 ], [ -106.20833, 49.08333 ], [ -106.125, 49.16667 ], [ -106.0, 49.16667 ], [ -106.0, 49.25 ], [ -105.79167, 49.25 ], [ -105.79167, 49.20833 ], [ -105.58333, 49.20833 ], [ -105.54167, 49.29167 ], [ -105.54167, 49.375 ], [ -105.41667, 49.375 ], [ -105.41667, 49.41667 ], [ -105.29167, 49.41667 ], [ -105.29167, 49.45833 ], [ -105.04167, 49.45833 ], [ -105.0, 49.41667 ], [ -105.0, 49.29167 ], [ -104.95833, 49.25 ], [ -104.70833, 49.25 ], [ -104.70833, 49.20833 ], [ -104.58333, 49.20833 ], [ -104.5, 49.16667 ], [ -104.45833, 49.08333 ], [ -104.375, 49.04167 ], [ -104.20833, 48.95833 ], [ -104.125, 48.95833 ], [ -104.04167, 48.875 ], [ -104.04167, 48.79167 ], [ -103.95833, 48.625 ], [ -103.95833, 48.41667 ], [ -103.75, 48.41667 ], [ -103.66667, 48.45833 ], [ -103.58333, 48.45833 ], [ -103.5, 48.375 ], [ -103.5, 48.25 ], [ -103.41667, 48.25 ], [ -103.41667, 48.04167 ], [ -103.20833, 48.04167 ], [ -103.20833, 48.08333 ], [ -102.91667, 48.08333 ], [ -102.91667, 48.0 ], [ -102.83333, 48.04167 ], [ -102.66667, 48.04167 ], [ -102.66667, 47.91667 ], [ -102.75, 47.83333 ], [ -102.66667, 47.83333 ], [ -102.625, 47.79167 ], [ -102.625, 47.70833 ], [ -102.45833, 47.70833 ], [ -102.45833, 47.66667 ], [ -102.33333, 47.66667 ], [ -102.41667, 47.58333 ], [ -102.375, 47.5 ], [ -102.20833, 47.5 ], [ -102.16667, 47.41667 ], [ -102.04167, 47.41667 ], [ -102.04167, 47.375 ], [ -101.91667, 47.375 ], [ -101.875, 47.45833 ], [ -101.79167, 47.41667 ], [ -101.41667, 47.41667 ], [ -101.33333, 47.375 ], [ -101.33333, 47.29167 ], [ -101.04167, 47.29167 ], [ -101.04167, 47.25 ], [ -101.20833, 47.25 ], [ -101.20833, 47.20833 ], [ -101.33333, 47.20833 ], [ -101.33333, 47.25 ], [ -101.54167, 47.25 ], [ -101.58333, 47.08333 ], [ -101.70833, 47.08333 ], [ -101.79167, 47.04167 ], [ -101.83333, 46.95833 ], [ -101.5, 46.95833 ], [ -101.41667, 47.0 ], [ -101.375, 46.95833 ], [ -101.16667, 46.95833 ], [ -101.125, 47.0 ], [ -101.29167, 47.0 ], [ -101.33333, 47.08333 ], [ -101.125, 47.08333 ], [ -100.95833, 47.0 ], [ -100.875, 47.04167 ], [ -100.875, 46.95833 ], [ -100.79167, 46.95833 ], [ -100.75, 46.875 ], [ -100.66667, 46.91667 ], [ -100.375, 46.91667 ], [ -100.33333, 46.83333 ], [ -100.20833, 46.83333 ], [ -100.16667, 46.79167 ], [ -100.20833, 46.70833 ], [ -100.20833, 46.625 ], [ -100.125, 46.625 ], [ -100.04167, 46.66667 ], [ -100.04167, 46.5 ], [ -100.0, 46.45833 ], [ -99.91667, 46.45833 ], [ -99.91667, 46.375 ], [ -99.79167, 46.375 ], [ -99.75, 46.33333 ], [ -99.75, 46.25 ], [ -99.83333, 46.16667 ], [ -99.75, 46.125 ], [ -99.75, 46.04167 ], [ -99.66667, 46.04167 ], [ -99.66667, 45.95833 ], [ -99.5, 45.95833 ], [ -99.5, 45.91667 ], [ -99.33333, 45.91667 ], [ -99.33333, 45.95833 ], [ -99.20833, 45.95833 ], [ -99.125, 46.0 ], [ -99.125, 45.875 ], [ -99.16667, 45.875 ], [ -99.16667, 45.83333 ], [ -99.0, 45.83333 ], [ -98.83333, 46.0 ], [ -98.83333, 46.125 ], [ -98.79167, 46.125 ], [ -98.79167, 46.375 ], [ -98.75, 46.41667 ], [ -98.66667, 46.41667 ], [ -98.58333, 46.45833 ], [ -98.54167, 46.41667 ], [ -98.25, 46.41667 ], [ -98.20833, 46.33333 ], [ -98.125, 46.29167 ], [ -97.91667, 46.29167 ], [ -97.875, 46.20833 ], [ -97.75, 46.20833 ], [ -97.75, 46.25 ], [ -97.83333, 46.25 ], [ -97.79167, 46.33333 ], [ -97.79167, 46.5 ], [ -97.66667, 46.5 ], [ -97.66667, 46.45833 ], [ -97.54167, 46.45833 ], [ -97.54167, 46.5 ], [ -97.33333, 46.5 ], [ -97.33333, 46.41667 ], [ -97.25, 46.41667 ], [ -97.25, 46.33333 ], [ -97.16667, 46.33333 ], [ -97.25, 46.29167 ], [ -97.25, 46.25 ], [ -97.45833, 46.25 ], [ -97.54167, 46.20833 ], [ -97.54167, 46.125 ], [ -97.625, 46.08333 ], [ -97.625, 46.0 ], [ -97.83333, 46.0 ], [ -97.91667, 45.95833 ], [ -97.95833, 45.875 ], [ -98.08333, 45.875 ], [ -98.04167, 45.95833 ], [ -98.20833, 45.95833 ], [ -98.16667, 45.91667 ], [ -98.20833, 45.875 ], [ -98.16667, 45.79167 ], [ -98.29167, 45.79167 ], [ -98.33333, 45.75 ], [ -98.33333, 45.625 ], [ -98.25, 45.58333 ], [ -98.08333, 45.58333 ], [ -98.04167, 45.54167 ], [ -98.04167, 45.45833 ], [ -98.125, 45.41667 ], [ -98.08333, 45.33333 ], [ -98.08333, 45.25 ], [ -98.0, 45.20833 ], [ -98.0, 45.04167 ], [ -98.04167, 44.95833 ], [ -98.16667, 44.95833 ], [ -98.20833, 44.91667 ], [ -98.20833, 44.79167 ], [ -98.25, 44.75 ], [ -98.25, 44.66667 ], [ -98.5, 44.66667 ], [ -98.54167, 44.54167 ], [ -98.66667, 44.54167 ], [ -98.79167, 44.45833 ], [ -98.79167, 44.33333 ], [ -98.875, 44.25 ], [ -98.875, 44.125 ], [ -98.91667, 44.04167 ], [ -98.91667, 43.79167 ], [ -98.83333, 43.75 ], [ -98.75, 43.66667 ], [ -98.79167, 43.625 ], [ -98.70833, 43.54167 ], [ -98.79167, 43.5 ], [ -98.79167, 43.45833 ], [ -98.91667, 43.45833 ], [ -98.95833, 43.375 ], [ -99.04167, 43.375 ], [ -99.08333, 43.45833 ], [ -99.16667, 43.5 ], [ -99.25, 43.5 ], [ -99.33333, 43.58333 ], [ -99.33333, 43.41667 ], [ -99.29167, 43.375 ], [ -99.16667, 43.375 ], [ -99.125, 43.33333 ], [ -99.125, 43.20833 ], [ -99.20833, 43.125 ], [ -99.125, 43.125 ], [ -99.125, 43.04167 ], [ -99.16667, 43.0 ], [ -99.25, 43.04167 ], [ -99.33333, 43.04167 ], [ -99.33333, 42.95833 ], [ -99.29167, 42.91667 ], [ -99.83333, 42.91667 ], [ -99.83333, 42.875 ], [ -100.04167, 42.875 ], [ -100.08333, 42.83333 ], [ -100.08333, 42.58333 ], [ -100.04167, 42.58333 ], [ -100.04167, 42.45833 ], [ -99.91667, 42.45833 ], [ -99.875, 42.375 ], [ -99.70833, 42.375 ], [ -99.70833, 42.33333 ], [ -99.375, 42.33333 ], [ -99.33333, 42.25 ], [ -99.16667, 42.25 ], [ -99.16667, 42.20833 ], [ -99.125, 42.20833 ], [ -99.04167, 42.16667 ], [ -99.04167, 42.125 ], [ -98.91667, 42.125 ], [ -98.91667, 42.08333 ], [ -98.66667, 42.08333 ], [ -98.58333, 42.04167 ], [ -98.58333, 41.95833 ], [ -98.5, 41.91667 ], [ -98.33333, 41.75 ], [ -98.33333, 41.70833 ], [ -98.45833, 41.70833 ], [ -98.45833, 41.75 ], [ -98.70833, 41.75 ], [ -98.66667, 41.66667 ], [ -98.54167, 41.66667 ], [ -98.45833, 41.625 ], [ -98.45833, 41.54167 ], [ -98.66667, 41.54167 ], [ -98.66667, 41.58333 ], [ -98.75, 41.58333 ], [ -98.75, 41.625 ], [ -99.0, 41.625 ], [ -98.95833, 41.54167 ], [ -99.04167, 41.45833 ], [ -99.04167, 41.375 ], [ -99.0, 41.375 ], [ -99.0, 41.29167 ], [ -99.125, 41.29167 ], [ -99.125, 41.20833 ], [ -99.33333, 41.20833 ], [ -99.33333, 41.25 ], [ -99.45833, 41.25 ], [ -99.5, 41.16667 ], [ -99.375, 41.16667 ], [ -99.375, 41.125 ], [ -99.5, 41.125 ], [ -99.5, 41.08333 ], [ -99.58333, 41.08333 ], [ -99.625, 41.0 ], [ -99.70833, 40.95833 ], [ -99.70833, 40.83333 ], [ -99.75, 40.79167 ], [ -99.83333, 40.79167 ], [ -99.83333, 40.75 ], [ -99.91667, 40.75 ], [ -99.91667, 40.58333 ], [ -99.875, 40.58333 ], [ -99.875, 40.5 ], [ -99.79167, 40.41667 ], [ -99.75, 40.41667 ], [ -99.75, 40.33333 ], [ -99.83333, 40.33333 ], [ -99.83333, 40.29167 ], [ -99.75, 40.29167 ], [ -99.75, 40.25 ], [ -99.91667, 40.25 ], [ -99.95833, 40.16667 ], [ -99.79167, 40.16667 ], [ -99.79167, 40.125 ], [ -99.875, 40.125 ], [ -99.875, 40.08333 ], [ -100.125, 40.08333 ], [ -100.125, 40.04167 ], [ -100.20833, 40.04167 ], [ -100.20833, 40.0 ], [ -100.41667, 40.0 ], [ -100.41667, 40.08333 ], [ -100.33333, 40.08333 ], [ -100.29167, 40.125 ], [ -100.29167, 40.16667 ], [ -100.45833, 40.16667 ], [ -100.45833, 40.125 ], [ -100.58333, 40.125 ], [ -100.625, 40.08333 ], [ -100.75, 40.08333 ], [ -100.75, 39.91667 ], [ -100.70833, 39.91667 ], [ -100.70833, 39.875 ], [ -100.83333, 39.875 ], [ -100.79167, 39.79167 ], [ -100.70833, 39.79167 ], [ -100.79167, 39.70833 ], [ -100.79167, 39.54167 ], [ -100.75, 39.54167 ], [ -100.75, 39.45833 ], [ -100.79167, 39.45833 ], [ -100.79167, 39.375 ], [ -100.91667, 39.375 ], [ -100.95833, 39.33333 ], [ -100.95833, 39.25 ], [ -101.0, 39.20833 ], [ -101.08333, 39.20833 ], [ -101.08333, 39.16667 ], [ -101.16667, 39.16667 ], [ -101.16667, 39.20833 ], [ -101.29167, 39.20833 ], [ -101.33333, 39.125 ], [ -101.41667, 39.125 ], [ -101.41667, 39.16667 ], [ -101.54167, 39.16667 ], [ -101.54167, 39.125 ], [ -101.625, 39.125 ], [ -101.625, 39.16667 ], [ -101.70833, 39.16667 ], [ -101.70833, 39.08333 ], [ -101.75, 39.04167 ], [ -101.91667, 39.04167 ], [ -101.91667, 38.875 ], [ -101.83333, 38.875 ], [ -101.83333, 38.83333 ], [ -101.70833, 38.83333 ], [ -101.70833, 38.79167 ], [ -101.5, 38.79167 ], [ -101.41667, 38.70833 ], [ -101.41667, 38.66667 ], [ -101.33333, 38.66667 ], [ -101.41667, 38.58333 ], [ -101.375, 38.45833 ], [ -101.5, 38.45833 ], [ -101.5, 38.375 ], [ -101.45833, 38.375 ], [ -101.45833, 38.29167 ], [ -101.5, 38.29167 ], [ -101.5, 38.16667 ], [ -101.58333, 38.08333 ], [ -101.58333, 38.04167 ], [ -101.75, 38.04167 ], [ -101.75, 38.0 ], [ -101.83333, 38.0 ], [ -101.83333, 37.95833 ], [ -101.95833, 37.95833 ], [ -102.0, 38.04167 ], [ -102.08333, 38.04167 ], [ -102.125, 38.125 ], [ -102.33333, 38.125 ], [ -102.33333, 38.08333 ], [ -102.45833, 38.08333 ], [ -102.45833, 38.125 ], [ -102.375, 38.125 ], [ -102.375, 38.16667 ], [ -102.5, 38.16667 ], [ -102.5, 38.20833 ], [ -102.75, 38.20833 ], [ -102.75, 38.16667 ], [ -102.83333, 38.16667 ], [ -102.91667, 38.125 ], [ -103.0, 38.125 ], [ -103.0, 38.16667 ], [ -103.20833, 38.16667 ], [ -103.20833, 38.29167 ], [ -103.25, 38.29167 ], [ -103.25, 38.20833 ], [ -103.29167, 38.16667 ], [ -103.375, 38.16667 ], [ -103.375, 38.20833 ], [ -103.45833, 38.20833 ], [ -103.45833, 38.25 ], [ -103.625, 38.25 ], [ -103.625, 38.29167 ], [ -103.70833, 38.29167 ], [ -103.70833, 38.33333 ], [ -103.79167, 38.33333 ], [ -103.875, 38.41667 ], [ -103.875, 38.54167 ], [ -103.75, 38.54167 ], [ -103.75, 38.79167 ], [ -103.66667, 38.79167 ], [ -103.66667, 38.70833 ], [ -103.625, 38.70833 ], [ -103.625, 38.625 ], [ -103.54167, 38.58333 ], [ -103.54167, 38.75 ], [ -103.58333, 38.75 ], [ -103.66667, 38.83333 ], [ -103.66667, 39.04167 ], [ -103.58333, 39.04167 ], [ -103.66667, 39.125 ], [ -103.66667, 39.20833 ], [ -103.75, 39.20833 ], [ -103.79167, 39.25 ], [ -103.79167, 39.33333 ], [ -104.04167, 39.33333 ], [ -104.04167, 39.41667 ], [ -104.16667, 39.41667 ], [ -104.16667, 39.45833 ], [ -104.33333, 39.45833 ], [ -104.33333, 39.5 ], [ -104.41667, 39.5 ], [ -104.41667, 39.54167 ], [ -104.5, 39.54167 ], [ -104.5, 39.58333 ], [ -104.95833, 39.58333 ], [ -104.95833, 39.625 ], [ -105.04167, 39.625 ], [ -105.04167, 39.70833 ], [ -105.08333, 39.70833 ], [ -105.08333, 39.875 ], [ -105.125, 39.875 ], [ -105.125, 40.08333 ], [ -105.16667, 40.08333 ], [ -105.25, 40.16667 ], [ -105.25, 40.25 ], [ -105.20833, 40.25 ], [ -105.20833, 40.41667 ], [ -105.25, 40.41667 ], [ -105.25, 40.5 ], [ -105.20833, 40.5 ], [ -105.20833, 40.625 ], [ -105.29167, 40.66667 ], [ -105.29167, 40.75 ], [ -105.33333, 40.75 ], [ -105.33333, 40.875 ], [ -105.29167, 40.91667 ], [ -105.20833, 40.91667 ], [ -105.20833, 41.0 ], [ -105.125, 41.0 ], [ -105.08333, 41.04167 ], [ -105.16667, 41.125 ], [ -105.16667, 41.20833 ], [ -105.20833, 41.20833 ], [ -105.20833, 41.29167 ], [ -105.25, 41.29167 ], [ -105.25, 41.375 ], [ -105.29167, 41.375 ], [ -105.29167, 41.45833 ], [ -105.375, 41.5 ], [ -105.375, 41.66667 ], [ -105.58333, 41.66667 ], [ -105.58333, 41.58333 ], [ -105.79167, 41.58333 ], [ -105.79167, 41.625 ], [ -105.91667, 41.625 ], [ -105.875, 41.70833 ], [ -106.0, 41.70833 ], [ -106.0, 41.75 ], [ -106.20833, 41.75 ], [ -106.29167, 41.83333 ], [ -106.29167, 41.95833 ], [ -106.33333, 42.04167 ], [ -106.20833, 42.04167 ], [ -106.20833, 42.125 ], [ -106.25, 42.20833 ], [ -105.83333, 42.20833 ], [ -105.91667, 42.16667 ], [ -105.91667, 42.125 ], [ -105.58333, 42.125 ], [ -105.54167, 42.20833 ], [ -105.45833, 42.20833 ], [ -105.45833, 42.25 ], [ -105.41667, 42.33333 ], [ -105.45833, 42.29167 ], [ -105.5, 42.29167 ], [ -105.54167, 42.375 ], [ -105.625, 42.45833 ], [ -105.625, 42.54167 ], [ -105.79167, 42.54167 ], [ -105.79167, 42.625 ], [ -105.91667, 42.625 ], [ -105.91667, 42.70833 ], [ -106.04167, 42.70833 ], [ -106.04167, 42.66667 ], [ -106.20833, 42.66667 ], [ -106.20833, 42.75 ], [ -106.41667, 42.75 ], [ -106.375, 42.70833 ], [ -106.375, 42.625 ], [ -106.29167, 42.58333 ], [ -106.29167, 42.5 ], [ -106.33333, 42.45833 ], [ -106.33333, 42.375 ], [ -106.45833, 42.375 ], [ -106.5, 42.45833 ], [ -106.79167, 42.45833 ], [ -106.83333, 42.375 ], [ -106.91667, 42.375 ], [ -106.91667, 42.29167 ], [ -106.95833, 42.375 ], [ -107.04167, 42.45833 ], [ -107.04167, 42.5 ], [ -107.16667, 42.5 ], [ -107.16667, 42.58333 ], [ -107.08333, 42.625 ], [ -106.91667, 42.625 ], [ -106.95833, 42.54167 ], [ -106.875, 42.58333 ], [ -106.79167, 42.66667 ], [ -106.875, 42.75 ], [ -107.0, 42.75 ], [ -107.0, 42.79167 ], [ -107.16667, 42.875 ], [ -107.29167, 42.875 ], [ -107.29167, 42.95833 ], [ -107.20833, 43.08333 ], [ -107.20833, 43.16667 ], [ -107.125, 43.20833 ], [ -107.125, 43.375 ], [ -107.08333, 43.41667 ], [ -107.0, 43.41667 ], [ -106.95833, 43.45833 ], [ -106.95833, 43.79167 ], [ -106.875, 43.79167 ], [ -106.875, 43.875 ], [ -106.83333, 43.91667 ], [ -106.83333, 44.33333 ], [ -106.875, 44.33333 ], [ -106.91667, 44.41667 ], [ -106.91667, 44.58333 ], [ -107.04167, 44.58333 ], [ -107.20833, 44.66667 ], [ -107.20833, 44.75 ], [ -107.29167, 44.79167 ], [ -107.41667, 44.91667 ], [ -107.54167, 44.91667 ], [ -107.54167, 44.95833 ], [ -107.66667, 44.95833 ], [ -107.75, 45.0 ], [ -107.75, 45.08333 ], [ -107.83333, 45.16667 ], [ -107.95833, 45.16667 ], [ -108.04167, 45.20833 ], [ -108.08333, 45.16667 ], [ -108.08333, 45.08333 ], [ -108.0, 45.04167 ], [ -108.04167, 44.95833 ], [ -108.04167, 44.83333 ], [ -107.91667, 44.70833 ], [ -107.83333, 44.70833 ], [ -107.79167, 44.625 ], [ -107.70833, 44.625 ], [ -107.625, 44.5 ], [ -107.625, 44.41667 ], [ -107.58333, 44.375 ], [ -107.5, 44.375 ], [ -107.41667, 44.25 ], [ -107.41667, 44.16667 ], [ -107.29167, 44.04167 ], [ -107.25, 44.04167 ], [ -107.25, 43.66667 ], [ -107.375, 43.58333 ], [ -108.0, 43.58333 ], [ -108.0, 43.66667 ], [ -108.125, 43.66667 ], [ -108.16667, 43.75 ], [ -108.25, 43.79167 ], [ -108.33333, 43.79167 ], [ -108.33333, 44.0 ], [ -108.45833, 44.0 ], [ -108.5, 44.08333 ], [ -108.5, 44.16667 ], [ -108.625, 44.16667 ], [ -108.625, 44.20833 ], [ -108.54167, 44.29167 ], [ -108.66667, 44.29167 ], [ -108.66667, 44.33333 ], [ -108.79167, 44.33333 ], [ -108.83333, 44.41667 ], [ -109.04167, 44.41667 ], [ -109.125, 44.45833 ], [ -109.125, 44.58333 ], [ -109.04167, 44.625 ], [ -109.04167, 44.70833 ], [ -109.16667, 44.70833 ], [ -109.29167, 44.79167 ], [ -109.29167, 44.875 ], [ -109.25, 44.95833 ], [ -109.16667, 45.0 ], [ -109.16667, 45.16667 ], [ -109.125, 45.16667 ], [ -109.125, 45.33333 ], [ -109.25, 45.33333 ], [ -109.25, 45.375 ], [ -109.375, 45.375 ], [ -109.375, 45.41667 ], [ -109.58333, 45.41667 ], [ -109.58333, 45.45833 ], [ -109.75, 45.45833 ], [ -109.70833, 45.5 ], [ -109.70833, 45.58333 ], [ -109.79167, 45.625 ], [ -109.91667, 45.625 ], [ -109.91667, 45.66667 ], [ -110.5, 45.66667 ], [ -110.5, 45.625 ], [ -110.625, 45.625 ], [ -110.625, 45.70833 ], [ -110.58333, 45.79167 ], [ -110.66667, 45.83333 ], [ -110.66667, 45.91667 ], [ -110.75, 46.0 ], [ -110.75, 46.20833 ], [ -111.04167, 46.20833 ], [ -111.04167, 46.125 ], [ -111.125, 46.08333 ], [ -111.125, 45.91667 ], [ -111.04167, 45.875 ], [ -111.04167, 45.79167 ], [ -111.45833, 45.79167 ], [ -111.45833, 45.70833 ], [ -111.54167, 45.66667 ] ], [ [ -104.5, 49.04167 ], [ -104.41667, 49.0 ], [ -104.375, 49.04167 ], [ -104.5, 49.04167 ] ], [ [ -97.79167, 46.125 ], [ -97.70833, 46.125 ], [ -97.75, 46.20833 ], [ -97.79167, 46.125 ] ], [ [ -97.66667, 46.25 ], [ -97.66667, 46.33333 ], [ -97.75, 46.33333 ], [ -97.75, 46.25 ], [ -97.66667, 46.25 ] ], [ [ -103.70833, 39.33333 ], [ -103.70833, 39.375 ], [ -103.79167, 39.375 ], [ -103.79167, 39.33333 ], [ -103.70833, 39.33333 ] ], [ [ -111.04167, 46.41667 ], [ -111.08333, 46.41667 ], [ -111.16667, 46.5 ], [ -111.20833, 46.54167 ], [ -111.25, 46.58333 ], [ -111.29167, 46.625 ], [ -111.375, 46.70833 ], [ -111.375, 46.79167 ], [ -111.20833, 46.79167 ], [ -111.20833, 46.875 ], [ -111.0, 46.875 ], [ -110.95833, 46.79167 ], [ -110.95833, 46.70833 ], [ -110.875, 46.70833 ], [ -110.875, 46.66667 ], [ -110.75, 46.66667 ], [ -110.75, 46.70833 ], [ -110.66667, 46.70833 ], [ -110.66667, 46.66667 ], [ -110.54167, 46.66667 ], [ -110.54167, 46.625 ], [ -110.45833, 46.625 ], [ -110.45833, 46.58333 ], [ -110.375, 46.625 ], [ -110.125, 46.625 ], [ -110.125, 46.66667 ], [ -110.04167, 46.66667 ], [ -110.04167, 46.70833 ], [ -109.875, 46.70833 ], [ -109.875, 46.75 ], [ -109.95833, 46.79167 ], [ -110.29167, 46.79167 ], [ -110.29167, 46.83333 ], [ -110.33333, 46.83333 ], [ -110.33333, 47.0 ], [ -110.41667, 47.0 ], [ -110.45833, 47.04167 ], [ -110.45833, 47.125 ], [ -110.54167, 47.125 ], [ -110.58333, 47.16667 ], [ -110.58333, 47.125 ], [ -110.70833, 47.125 ], [ -110.70833, 47.08333 ], [ -110.79167, 47.08333 ], [ -110.75, 47.0 ], [ -110.83333, 47.0 ], [ -110.875, 47.04167 ], [ -110.875, 47.08333 ], [ -110.95833, 47.08333 ], [ -110.95833, 47.16667 ], [ -111.25, 47.16667 ], [ -111.25, 46.91667 ], [ -111.33333, 46.83333 ], [ -111.41667, 46.83333 ], [ -111.41667, 47.04167 ], [ -111.45833, 47.0 ], [ -111.58333, 47.0 ], [ -111.58333, 47.125 ], [ -111.625, 47.16667 ], [ -111.70833, 47.125 ], [ -111.83333, 47.125 ], [ -111.83333, 47.0 ], [ -111.875, 46.95833 ], [ -111.875, 46.83333 ], [ -111.75, 46.83333 ], [ -111.75, 46.75 ], [ -111.45833, 46.58333 ], [ -111.41667, 46.5 ], [ -111.33333, 46.5 ], [ -111.29167, 46.45833 ], [ -111.29167, 46.375 ], [ -111.20833, 46.375 ], [ -111.20833, 46.33333 ], [ -111.20833, 46.25 ], [ -111.29167, 46.25 ], [ -111.20833, 46.16667 ], [ -111.08333, 46.16667 ], [ -111.04167, 46.20833 ], [ -111.04167, 46.41667 ] ], [ [ -111.625, 49.0 ], [ -111.625, 48.91667 ], [ -111.45833, 48.91667 ], [ -111.45833, 49.0 ], [ -111.625, 49.0 ] ], [ [ -111.16667, 48.83333 ], [ -111.08333, 48.83333 ], [ -111.0, 48.83333 ], [ -111.0, 48.91667 ], [ -111.04167, 48.95833 ], [ -111.20833, 48.95833 ], [ -111.25, 48.91667 ], [ -111.25, 48.83333 ], [ -111.16667, 48.83333 ] ], [ [ -106.58333, 48.5 ], [ -106.58333, 48.66667 ], [ -106.45833, 48.66667 ], [ -106.45833, 48.75 ], [ -106.54167, 48.83333 ], [ -106.45833, 48.875 ], [ -106.54167, 48.95833 ], [ -106.54167, 48.875 ], [ -106.66667, 48.83333 ], [ -106.66667, 48.75 ], [ -106.875, 48.75 ], [ -106.83333, 48.70833 ], [ -106.875, 48.66667 ], [ -106.875, 48.5 ], [ -106.58333, 48.5 ] ], [ [ -111.41667, 48.91667 ], [ -111.41667, 48.83333 ], [ -111.29167, 48.83333 ], [ -111.29167, 48.91667 ], [ -111.41667, 48.91667 ] ], [ [ -109.25, 48.25 ], [ -109.25, 48.29167 ], [ -109.58333, 48.29167 ], [ -109.625, 48.25 ], [ -109.83333, 48.25 ], [ -109.875, 48.20833 ], [ -109.83333, 48.125 ], [ -109.75, 48.125 ], [ -109.75, 48.08333 ], [ -109.625, 48.08333 ], [ -109.625, 48.125 ], [ -109.54167, 48.125 ], [ -109.45833, 48.08333 ], [ -109.375, 48.125 ], [ -109.33333, 48.20833 ], [ -109.25, 48.25 ] ], [ [ -109.08333, 48.16667 ], [ -109.125, 48.25 ], [ -109.16667, 48.16667 ], [ -109.08333, 48.16667 ] ], [ [ -108.54167, 47.875 ], [ -108.45833, 47.91667 ], [ -108.45833, 48.0 ], [ -108.54167, 48.0 ], [ -108.625, 48.04167 ], [ -108.625, 47.875 ], [ -108.54167, 47.875 ] ], [ [ -110.45833, 47.54167 ], [ -110.625, 47.54167 ], [ -110.70833, 47.5 ], [ -110.75, 47.41667 ], [ -110.66667, 47.41667 ], [ -110.625, 47.375 ], [ -110.5, 47.375 ], [ -110.41667, 47.41667 ], [ -110.41667, 47.5 ], [ -110.45833, 47.54167 ] ], [ [ -102.83333, 47.45833 ], [ -102.83333, 47.54167 ], [ -102.95833, 47.54167 ], [ -102.95833, 47.45833 ], [ -102.875, 47.41667 ], [ -102.83333, 47.45833 ] ], [ [ -109.29167, 47.08333 ], [ -109.20833, 47.08333 ], [ -109.16667, 47.125 ], [ -109.16667, 47.20833 ], [ -109.04167, 47.20833 ], [ -109.04167, 47.25 ], [ -109.29167, 47.25 ], [ -109.29167, 47.08333 ] ], [ [ -112.04167, 47.04167 ], [ -112.04167, 46.875 ], [ -111.95833, 46.875 ], [ -111.95833, 47.0 ], [ -112.04167, 47.04167 ] ], [ [ -109.16667, 46.70833 ], [ -109.125, 46.75 ], [ -109.04167, 46.75 ], [ -109.04167, 46.91667 ], [ -109.33333, 46.91667 ], [ -109.33333, 46.95833 ], [ -109.5, 46.95833 ], [ -109.58333, 46.91667 ], [ -109.625, 46.83333 ], [ -109.625, 46.79167 ], [ -109.625, 46.75 ], [ -109.54167, 46.75 ], [ -109.54167, 46.70833 ], [ -109.33333, 46.70833 ], [ -109.33333, 46.66667 ], [ -109.16667, 46.66667 ], [ -109.16667, 46.70833 ] ], [ [ -110.5, 45.83333 ], [ -110.375, 45.83333 ], [ -110.33333, 45.875 ], [ -110.20833, 45.875 ], [ -110.125, 45.95833 ], [ -110.125, 46.04167 ], [ -110.08333, 46.125 ], [ -110.16667, 46.16667 ], [ -110.16667, 46.25 ], [ -110.25, 46.33333 ], [ -110.45833, 46.33333 ], [ -110.45833, 46.375 ], [ -110.625, 46.375 ], [ -110.625, 46.45833 ], [ -110.54167, 46.45833 ], [ -110.5, 46.5 ], [ -110.58333, 46.54167 ], [ -110.58333, 46.58333 ], [ -110.79167, 46.58333 ], [ -110.79167, 46.54167 ], [ -110.83333, 46.54167 ], [ -110.83333, 46.41667 ], [ -110.79167, 46.375 ], [ -110.70833, 46.375 ], [ -110.70833, 46.125 ], [ -110.625, 45.95833 ], [ -110.5, 45.83333 ] ], [ [ -111.70833, 46.20833 ], [ -111.70833, 46.41667 ], [ -111.75, 46.45833 ], [ -111.83333, 46.45833 ], [ -111.91667, 46.45833 ], [ -111.91667, 46.375 ], [ -112.0, 46.375 ], [ -112.04167, 46.33333 ], [ -112.04167, 46.20833 ], [ -111.83333, 46.20833 ], [ -111.75, 46.16667 ], [ -111.70833, 46.20833 ] ], [ [ -100.625, 46.16667 ], [ -100.625, 46.0 ], [ -100.54167, 46.04167 ], [ -100.54167, 46.125 ], [ -100.625, 46.16667 ] ], [ [ -111.33333, 45.95833 ], [ -111.25, 45.95833 ], [ -111.20833, 46.0 ], [ -111.20833, 46.08333 ], [ -111.29167, 46.08333 ], [ -111.33333, 46.04167 ], [ -111.33333, 45.95833 ] ], [ [ -100.04167, 44.54167 ], [ -100.08333, 44.625 ], [ -100.16667, 44.625 ], [ -100.16667, 44.70833 ], [ -100.20833, 44.75 ], [ -100.29167, 44.75 ], [ -100.29167, 44.875 ], [ -100.33333, 44.875 ], [ -100.33333, 45.0 ], [ -100.20833, 45.0 ], [ -100.20833, 45.41667 ], [ -100.25, 45.5 ], [ -100.33333, 45.5 ], [ -100.375, 45.54167 ], [ -100.375, 45.625 ], [ -100.29167, 45.66667 ], [ -100.29167, 45.79167 ], [ -100.33333, 45.875 ], [ -100.41667, 45.875 ], [ -100.45833, 45.95833 ], [ -100.54167, 45.95833 ], [ -100.375, 45.79167 ], [ -100.375, 45.70833 ], [ -100.41667, 45.66667 ], [ -100.58333, 45.66667 ], [ -100.54167, 45.625 ], [ -100.54167, 45.5 ], [ -100.75, 45.5 ], [ -100.70833, 45.45833 ], [ -100.41667, 45.45833 ], [ -100.58333, 45.375 ], [ -100.58333, 45.33333 ], [ -100.70833, 45.33333 ], [ -100.70833, 45.29167 ], [ -100.83333, 45.29167 ], [ -100.91667, 45.25 ], [ -100.91667, 45.33333 ], [ -101.0, 45.33333 ], [ -101.0, 45.25 ], [ -101.04167, 45.20833 ], [ -101.16667, 45.20833 ], [ -101.20833, 45.125 ], [ -101.125, 45.125 ], [ -101.08333, 45.08333 ], [ -101.08333, 44.875 ], [ -101.04167, 44.91667 ], [ -100.83333, 44.91667 ], [ -100.83333, 44.83333 ], [ -100.91667, 44.79167 ], [ -101.0, 44.79167 ], [ -101.08333, 44.70833 ], [ -101.08333, 44.66667 ], [ -100.875, 44.66667 ], [ -100.83333, 44.58333 ], [ -100.83333, 44.5 ], [ -100.66667, 44.5 ], [ -100.5, 44.41667 ], [ -100.45833, 44.33333 ], [ -100.375, 44.29167 ], [ -100.0, 44.29167 ], [ -100.0, 44.33333 ], [ -100.125, 44.33333 ], [ -100.125, 44.375 ], [ -100.25, 44.375 ], [ -100.25, 44.41667 ], [ -100.125, 44.41667 ], [ -100.04167, 44.45833 ], [ -100.04167, 44.54167 ] ], [ [ -101.0, 45.45833 ], [ -101.125, 45.45833 ], [ -101.125, 45.375 ], [ -100.875, 45.375 ], [ -100.875, 45.41667 ], [ -101.0, 45.41667 ], [ -101.0, 45.45833 ] ], [ [ -108.33333, 45.20833 ], [ -108.375, 45.29167 ], [ -108.45833, 45.375 ], [ -108.5, 45.29167 ], [ -108.58333, 45.29167 ], [ -108.625, 45.20833 ], [ -108.54167, 45.125 ], [ -108.54167, 45.08333 ], [ -108.29167, 45.08333 ], [ -108.29167, 45.20833 ], [ -108.33333, 45.20833 ] ], [ [ -104.375, 44.5 ], [ -104.41667, 44.54167 ], [ -104.5, 44.54167 ], [ -104.5, 44.45833 ], [ -104.45833, 44.41667 ], [ -104.375, 44.5 ] ], [ [ -103.83333, 44.5 ], [ -104.0, 44.5 ], [ -104.0, 44.45833 ], [ -104.125, 44.45833 ], [ -104.125, 44.33333 ], [ -104.20833, 44.25 ], [ -104.20833, 44.04167 ], [ -104.08333, 44.04167 ], [ -104.04167, 44.0 ], [ -104.04167, 43.875 ], [ -103.91667, 43.875 ], [ -103.875, 43.79167 ], [ -103.79167, 43.79167 ], [ -103.70833, 43.75 ], [ -103.625, 43.875 ], [ -103.625, 43.95833 ], [ -103.70833, 44.0 ], [ -103.70833, 44.125 ], [ -103.66667, 44.125 ], [ -103.66667, 44.33333 ], [ -103.75, 44.33333 ], [ -103.75, 44.45833 ], [ -103.83333, 44.5 ] ], [ [ -103.625, 43.83333 ], [ -103.45833, 43.83333 ], [ -103.45833, 43.875 ], [ -103.625, 43.875 ], [ -103.625, 43.83333 ] ], [ [ -99.5, 44.125 ], [ -99.58333, 44.20833 ], [ -99.70833, 44.20833 ], [ -99.70833, 44.08333 ], [ -99.5, 44.08333 ], [ -99.5, 44.125 ] ], [ [ -105.625, 42.0 ], [ -105.54167, 42.08333 ], [ -105.66667, 42.08333 ], [ -105.75, 42.04167 ], [ -105.75, 42.0 ], [ -105.625, 42.0 ] ], [ [ -99.08333, 41.79167 ], [ -99.20833, 41.79167 ], [ -99.20833, 41.875 ], [ -99.33333, 41.79167 ], [ -99.33333, 41.70833 ], [ -99.16667, 41.70833 ], [ -99.16667, 41.75 ], [ -99.08333, 41.75 ], [ -99.08333, 41.79167 ] ], [ [ -99.04167, 41.79167 ], [ -99.04167, 41.875 ], [ -99.08333, 41.79167 ], [ -99.04167, 41.79167 ] ], [ [ -103.0, 38.25 ], [ -102.91667, 38.20833 ], [ -102.91667, 38.29167 ], [ -103.0, 38.29167 ], [ -103.0, 38.25 ] ] ], [ [ [ -90.45833, 44.45833 ], [ -90.29167, 44.45833 ], [ -90.29167, 44.41667 ], [ -90.45833, 44.41667 ], [ -90.45833, 44.45833 ] ] ], [ [ [ -90.5, 44.5 ], [ -90.45833, 44.5 ], [ -90.45833, 44.45833 ], [ -90.5, 44.5 ] ] ], [ [ [ -84.25, 44.45833 ], [ -84.375, 44.45833 ], [ -84.375, 44.54167 ], [ -84.33333, 44.58333 ], [ -84.20833, 44.58333 ], [ -84.25, 44.45833 ] ] ], [ [ [ -84.25, 44.75 ], [ -84.29167, 44.70833 ], [ -84.29167, 44.75 ], [ -84.25, 44.75 ] ] ], [ [ [ -84.41667, 44.79167 ], [ -84.375, 44.79167 ], [ -84.375, 44.70833 ], [ -84.41667, 44.70833 ], [ -84.41667, 44.79167 ] ] ], [ [ [ -84.58333, 44.79167 ], [ -84.58333, 44.83333 ], [ -84.54167, 44.875 ], [ -84.5, 44.875 ], [ -84.5, 44.79167 ], [ -84.58333, 44.79167 ] ] ], [ [ [ -88.25, 45.08333 ], [ -88.33333, 44.95833 ], [ -88.5, 44.95833 ], [ -88.45833, 45.0 ], [ -88.45833, 45.16667 ], [ -88.25, 45.16667 ], [ -88.25, 45.08333 ] ] ], [ [ [ -100.54167, 45.25 ], [ -100.58333, 45.29167 ], [ -100.54167, 45.33333 ], [ -100.5, 45.29167 ], [ -100.41667, 45.29167 ], [ -100.375, 45.20833 ], [ -100.375, 45.125 ], [ -100.41667, 45.08333 ], [ -100.5, 45.125 ], [ -100.58333, 45.20833 ], [ -100.54167, 45.25 ] ] ], [ [ [ -93.79167, 45.625 ], [ -93.75, 45.625 ], [ -93.75, 45.58333 ], [ -93.79167, 45.58333 ], [ -93.79167, 45.625 ] ] ], [ [ [ -94.16667, 45.875 ], [ -94.20833, 45.875 ], [ -94.16667, 45.91667 ], [ -94.16667, 45.875 ] ] ], [ [ [ -101.95833, 47.79167 ], [ -101.91667, 47.70833 ], [ -102.125, 47.70833 ], [ -102.20833, 47.75 ], [ -102.20833, 47.83333 ], [ -102.16667, 47.79167 ], [ -101.95833, 47.79167 ] ] ], [ [ [ -102.5, 47.95833 ], [ -102.45833, 47.875 ], [ -102.58333, 47.875 ], [ -102.58333, 47.91667 ], [ -102.5, 47.95833 ] ] ], [ [ [ -102.125, 48.0 ], [ -102.20833, 47.91667 ], [ -102.25, 47.95833 ], [ -102.25, 48.04167 ], [ -102.375, 48.04167 ], [ -102.375, 48.08333 ], [ -102.16667, 48.08333 ], [ -102.125, 48.0 ] ] ], [ [ [ -102.125, 48.0 ], [ -102.125, 48.08333 ], [ -102.04167, 48.04167 ], [ -102.04167, 47.95833 ], [ -102.125, 48.0 ] ] ], [ [ [ -102.83333, 48.20833 ], [ -102.83333, 48.16667 ], [ -103.16667, 48.16667 ], [ -103.16667, 48.20833 ], [ -103.08333, 48.25 ], [ -103.0, 48.20833 ], [ -102.83333, 48.20833 ] ] ], [ [ [ -110.79167, 49.33333 ], [ -110.75, 49.29167 ], [ -110.79167, 49.29167 ], [ -110.79167, 49.33333 ] ] ], [ [ [ -111.625, 49.54167 ], [ -111.45833, 49.54167 ], [ -111.5, 49.45833 ], [ -111.58333, 49.45833 ], [ -111.625, 49.54167 ] ] ], [ [ [ -106.79167, 49.58333 ], [ -106.70833, 49.41667 ], [ -106.75, 49.33333 ], [ -106.83333, 49.33333 ], [ -106.91667, 49.25 ], [ -107.0, 49.29167 ], [ -107.08333, 49.29167 ], [ -107.08333, 49.375 ], [ -107.20833, 49.375 ], [ -107.20833, 49.41667 ], [ -107.29167, 49.45833 ], [ -107.41667, 49.45833 ], [ -107.5, 49.5 ], [ -107.5, 49.58333 ], [ -107.58333, 49.66667 ], [ -107.66667, 49.66667 ], [ -107.70833, 49.75 ], [ -107.45833, 49.75 ], [ -107.41667, 49.83333 ], [ -107.375, 49.75 ], [ -107.25, 49.75 ], [ -107.25, 49.70833 ], [ -107.08333, 49.70833 ], [ -107.08333, 49.66667 ], [ -106.875, 49.66667 ], [ -106.875, 49.58333 ], [ -106.79167, 49.58333 ] ], [ [ -106.91667, 49.45833 ], [ -106.95833, 49.54167 ], [ -107.0, 49.45833 ], [ -106.91667, 49.45833 ] ] ], [ [ [ -111.875, 49.54167 ], [ -111.875, 49.58333 ], [ -111.70833, 49.58333 ], [ -111.70833, 49.54167 ], [ -111.875, 49.54167 ] ] ], [ [ [ -109.16667, 50.04167 ], [ -109.08333, 50.04167 ], [ -109.08333, 49.95833 ], [ -109.16667, 49.95833 ], [ -109.16667, 50.04167 ] ] ], [ [ [ -110.08333, 50.20833 ], [ -109.45833, 50.20833 ], [ -109.45833, 50.25 ], [ -109.125, 50.25 ], [ -109.08333, 50.20833 ], [ -109.16667, 50.125 ], [ -109.16667, 50.08333 ], [ -109.5, 50.08333 ], [ -109.5, 50.04167 ], [ -109.875, 50.04167 ], [ -109.875, 49.95833 ], [ -109.95833, 49.875 ], [ -110.08333, 49.875 ], [ -110.08333, 49.91667 ], [ -110.16667, 49.95833 ], [ -110.16667, 50.08333 ], [ -110.20833, 50.16667 ], [ -110.08333, 50.16667 ], [ -110.08333, 50.20833 ] ] ], [ [ [ -109.375, 50.33333 ], [ -109.41667, 50.41667 ], [ -109.33333, 50.41667 ], [ -109.29167, 50.33333 ], [ -109.375, 50.33333 ] ] ], [ [ [ -111.375, 50.70833 ], [ -111.375, 50.625 ], [ -111.54167, 50.625 ], [ -111.54167, 50.70833 ], [ -111.58333, 50.79167 ], [ -111.66667, 50.83333 ], [ -111.91667, 50.83333 ], [ -111.91667, 50.91667 ], [ -112.0, 50.95833 ], [ -112.0, 51.0 ], [ -111.95833, 51.04167 ], [ -111.875, 50.95833 ], [ -111.33333, 50.95833 ], [ -111.25, 50.95833 ], [ -111.16667, 50.91667 ], [ -111.16667, 50.70833 ], [ -111.25, 50.70833 ], [ -111.29167, 50.75 ], [ -111.375, 50.70833 ] ] ], [ [ [ -112.08333, 50.91667 ], [ -112.04167, 50.91667 ], [ -112.04167, 50.875 ], [ -112.08333, 50.875 ], [ -112.08333, 50.91667 ] ] ] ] }, { "type": "LineString", "coordinates": [ [ -113.375, 47.16667 ], [ -113.41667, 47.16667 ] ] } ] } },
{ "type": "Feature", "properties": { "ID": 7 }, "geometry": { "type": "MultiPolygon", "coordinates": [ [ [ [ -122.20833, 51.29167 ], [ -122.20833, 51.41667 ], [ -122.25, 51.41667 ], [ -122.25, 51.29167 ], [ -122.20833, 51.29167 ] ] ], [ [ [ -119.45833, 51.375 ], [ -119.5, 51.33333 ], [ -119.45833, 51.25 ], [ -119.41667, 51.29167 ], [ -119.45833, 51.375 ] ] ], [ [ [ -122.20833, 51.29167 ], [ -122.20833, 51.25 ], [ -122.16667, 51.25 ], [ -122.16667, 51.29167 ], [ -122.20833, 51.29167 ] ] ], [ [ [ -122.16667, 51.25 ], [ -122.16667, 51.20833 ], [ -122.125, 51.20833 ], [ -122.125, 51.25 ], [ -122.16667, 51.25 ] ] ], [ [ [ -122.125, 51.20833 ], [ -122.125, 51.16667 ], [ -122.08333, 51.16667 ], [ -122.125, 51.20833 ] ] ], [ [ [ -119.58333, 51.20833 ], [ -119.58333, 51.16667 ], [ -119.54167, 51.16667 ], [ -119.58333, 51.20833 ] ] ], [ [ [ -122.08333, 51.16667 ], [ -122.08333, 51.125 ], [ -122.04167, 51.125 ], [ -122.04167, 51.16667 ], [ -122.08333, 51.16667 ] ] ], [ [ [ -119.625, 51.16667 ], [ -119.625, 51.125 ], [ -119.58333, 51.125 ], [ -119.58333, 51.16667 ], [ -119.625, 51.16667 ] ] ], [ [ [ -119.75, 51.08333 ], [ -119.75, 51.04167 ], [ -119.70833, 51.04167 ], [ -119.75, 51.08333 ] ] ], [ [ [ -118.95833, 50.95833 ], [ -119.04167, 50.91667 ], [ -119.0, 50.91667 ], [ -118.95833, 50.95833 ] ] ], [ [ [ -119.04167, 50.91667 ], [ -119.08333, 50.91667 ], [ -119.08333, 50.79167 ], [ -119.04167, 50.79167 ], [ -119.04167, 50.91667 ] ] ], [ [ [ -119.04167, 50.79167 ], [ -119.0, 50.75 ], [ -119.0, 50.79167 ], [ -119.04167, 50.79167 ] ] ], [ [ [ -119.66667, 50.83333 ], [ -119.75, 50.83333 ], [ -119.79167, 50.79167 ], [ -119.79167, 50.70833 ], [ -119.75, 50.70833 ], [ -119.75, 50.75 ], [ -119.66667, 50.83333 ] ] ], [ [ [ -122.125, 50.70833 ], [ -122.125, 50.66667 ], [ -122.08333, 50.66667 ], [ -122.08333, 50.70833 ], [ -122.125, 50.70833 ] ] ], [ [ [ -119.875, 50.70833 ], [ -119.875, 50.66667 ], [ -119.79167, 50.66667 ], [ -119.79167, 50.70833 ], [ -119.875, 50.70833 ] ] ], [ [ [ -119.20833, 50.66667 ], [ -119.20833, 50.75 ], [ -119.29167, 50.79167 ], [ -119.29167, 50.875 ], [ -119.33333, 50.91667 ], [ -119.16667, 50.91667 ], [ -119.16667, 50.95833 ], [ -119.41667, 50.95833 ], [ -119.41667, 50.91667 ], [ -119.625, 50.91667 ], [ -119.66667, 50.83333 ], [ -119.58333, 50.875 ], [ -119.375, 50.875 ], [ -119.33333, 50.79167 ], [ -119.375, 50.70833 ], [ -119.375, 50.66667 ], [ -119.20833, 50.66667 ] ] ], [ [ [ -121.95833, 50.70833 ], [ -121.95833, 50.66667 ], [ -121.91667, 50.625 ], [ -121.875, 50.625 ], [ -121.875, 50.70833 ], [ -121.95833, 50.70833 ] ] ], [ [ [ -121.83333, 50.58333 ], [ -121.79167, 50.54167 ], [ -121.79167, 50.58333 ], [ -121.83333, 50.58333 ] ] ], [ [ [ -119.375, 50.625 ], [ -119.375, 50.45833 ], [ -119.33333, 50.45833 ], [ -119.33333, 50.625 ], [ -119.375, 50.625 ] ] ], [ [ [ -118.70833, 50.625 ], [ -118.75, 50.625 ], [ -118.75, 50.45833 ], [ -118.70833, 50.45833 ], [ -118.70833, 50.625 ] ] ], [ [ [ -121.79167, 50.54167 ], [ -121.79167, 50.5 ], [ -121.75, 50.5 ], [ -121.75, 50.45833 ], [ -121.70833, 50.45833 ], [ -121.70833, 50.54167 ], [ -121.79167, 50.54167 ] ] ], [ [ [ -120.29167, 50.83333 ], [ -120.33333, 50.875 ], [ -120.33333, 50.79167 ], [ -120.375, 50.79167 ], [ -120.375, 50.75 ], [ -120.66667, 50.75 ], [ -120.66667, 50.79167 ], [ -121.25, 50.79167 ], [ -121.33333, 50.83333 ], [ -121.33333, 50.70833 ], [ -121.375, 50.70833 ], [ -121.33333, 50.625 ], [ -121.33333, 50.54167 ], [ -121.33333, 50.5 ], [ -121.375, 50.45833 ], [ -121.375, 50.41667 ], [ -121.29167, 50.41667 ], [ -121.25, 50.45833 ], [ -121.25, 50.58333 ], [ -121.25, 50.625 ], [ -121.20833, 50.70833 ], [ -121.20833, 50.75 ], [ -120.91667, 50.75 ], [ -120.91667, 50.70833 ], [ -120.875, 50.70833 ], [ -120.875, 50.75 ], [ -120.70833, 50.75 ], [ -120.625, 50.70833 ], [ -120.625, 50.66667 ], [ -120.16667, 50.66667 ], [ -120.16667, 50.625 ], [ -119.875, 50.625 ], [ -119.875, 50.66667 ], [ -120.08333, 50.66667 ], [ -120.08333, 50.70833 ], [ -120.29167, 50.70833 ], [ -120.29167, 50.83333 ] ] ], [ [ [ -121.70833, 50.45833 ], [ -121.70833, 50.375 ], [ -121.66667, 50.45833 ], [ -121.70833, 50.45833 ] ] ], [ [ [ -117.875, 50.45833 ], [ -117.91667, 50.45833 ], [ -117.91667, 50.29167 ], [ -117.875, 50.29167 ], [ -117.875, 50.45833 ] ] ], [ [ [ -122.75, 50.375 ], [ -122.70833, 50.29167 ], [ -122.70833, 50.375 ], [ -122.75, 50.375 ] ] ], [ [ [ -121.41667, 50.41667 ], [ -121.41667, 50.29167 ], [ -121.45833, 50.29167 ], [ -121.45833, 50.25 ], [ -121.375, 50.25 ], [ -121.375, 50.41667 ], [ -121.41667, 50.41667 ] ] ], [ [ [ -122.45833, 50.25 ], [ -122.5, 50.20833 ], [ -122.45833, 50.20833 ], [ -122.45833, 50.25 ] ] ], [ [ [ -120.45833, 50.20833 ], [ -120.5, 50.16667 ], [ -120.45833, 50.16667 ], [ -120.45833, 50.20833 ] ] ], [ [ [ -116.95833, 50.16667 ], [ -116.95833, 50.125 ], [ -116.91667, 50.16667 ], [ -116.95833, 50.16667 ] ] ], [ [ [ -121.66667, 50.33333 ], [ -121.66667, 50.25 ], [ -121.625, 50.20833 ], [ -121.58333, 50.20833 ], [ -121.58333, 50.08333 ], [ -121.54167, 50.08333 ], [ -121.54167, 50.25 ], [ -121.5, 50.29167 ], [ -121.625, 50.29167 ], [ -121.625, 50.33333 ], [ -121.66667, 50.33333 ] ] ], [ [ [ -116.91667, 50.08333 ], [ -116.91667, 50.0 ], [ -116.875, 50.08333 ], [ -116.91667, 50.08333 ] ] ], [ [ [ -121.5, 50.04167 ], [ -121.54167, 49.95833 ], [ -121.5, 49.95833 ], [ -121.5, 49.91667 ], [ -121.45833, 49.91667 ], [ -121.45833, 50.0 ], [ -121.5, 50.04167 ] ] ], [ [ [ -118.04167, 49.91667 ], [ -118.08333, 49.875 ], [ -118.04167, 49.875 ], [ -118.04167, 49.91667 ] ] ], [ [ [ -121.45833, 49.91667 ], [ -121.45833, 49.79167 ], [ -121.41667, 49.79167 ], [ -121.41667, 49.91667 ], [ -121.45833, 49.91667 ] ] ], [ [ [ -117.58333, 49.625 ], [ -117.58333, 49.58333 ], [ -117.54167, 49.58333 ], [ -117.54167, 49.625 ], [ -117.58333, 49.625 ] ] ], [ [ [ -117.16667, 49.625 ], [ -117.16667, 49.58333 ], [ -117.125, 49.58333 ], [ -117.125, 49.625 ], [ -117.16667, 49.625 ] ] ], [ [ [ -117.08333, 49.625 ], [ -117.08333, 49.58333 ], [ -117.0, 49.58333 ], [ -117.0, 49.625 ], [ -117.08333, 49.625 ] ] ], [ [ [ -118.08333, 49.875 ], [ -118.16667, 49.875 ], [ -118.16667, 49.5 ], [ -118.125, 49.41667 ], [ -118.04167, 49.41667 ], [ -118.08333, 49.45833 ], [ -118.08333, 49.54167 ], [ -118.125, 49.54167 ], [ -118.125, 49.75 ], [ -118.08333, 49.75 ], [ -118.08333, 49.875 ] ] ], [ [ [ -118.04167, 49.41667 ], [ -118.04167, 49.375 ], [ -117.95833, 49.375 ], [ -117.95833, 49.41667 ], [ -118.04167, 49.41667 ] ] ], [ [ [ -117.625, 49.45833 ], [ -117.58333, 49.41667 ], [ -117.58333, 49.33333 ], [ -117.54167, 49.33333 ], [ -117.5, 49.41667 ], [ -117.5, 49.45833 ], [ -117.625, 49.45833 ] ] ], [ [ [ -117.95833, 49.375 ], [ -117.95833, 49.33333 ], [ -117.91667, 49.375 ], [ -117.95833, 49.375 ] ] ], [ [ [ -120.0, 49.29167 ], [ -120.04167, 49.25 ], [ -120.0, 49.25 ], [ -120.0, 49.29167 ] ] ], [ [ [ -116.91667, 49.91667 ], [ -116.91667, 49.66667 ], [ -116.95833, 49.66667 ], [ -116.875, 49.625 ], [ -116.875, 49.58333 ], [ -116.83333, 49.58333 ], [ -116.83333, 49.375 ], [ -116.79167, 49.29167 ], [ -116.70833, 49.29167 ], [ -116.70833, 49.25 ], [ -116.66667, 49.20833 ], [ -116.625, 49.20833 ], [ -116.625, 49.29167 ], [ -116.66667, 49.33333 ], [ -116.70833, 49.33333 ], [ -116.70833, 49.41667 ], [ -116.75, 49.41667 ], [ -116.75, 49.5 ], [ -116.79167, 49.5 ], [ -116.79167, 49.70833 ], [ -116.83333, 49.70833 ], [ -116.83333, 49.875 ], [ -116.91667, 49.91667 ] ] ], [ [ [ -117.70833, 49.375 ], [ -117.70833, 49.20833 ], [ -117.625, 49.20833 ], [ -117.625, 49.29167 ], [ -117.58333, 49.33333 ], [ -117.66667, 49.33333 ], [ -117.70833, 49.375 ] ] ], [ [ [ -118.5, 49.0 ], [ -118.33333, 49.0 ], [ -118.45833, 49.08333 ], [ -118.54167, 49.04167 ], [ -118.54167, 48.95833 ], [ -118.5, 48.95833 ], [ -118.5, 49.0 ] ] ], [ [ [ -118.79167, 49.0 ], [ -118.79167, 48.95833 ], [ -118.75, 48.95833 ], [ -118.75, 49.0 ], [ -118.79167, 49.0 ] ] ], [ [ [ -118.54167, 48.95833 ], [ -118.58333, 48.91667 ], [ -118.54167, 48.91667 ], [ -118.54167, 48.95833 ] ] ], [ [ [ -123.04167, 48.75 ], [ -123.04167, 48.83333 ], [ -123.125, 48.83333 ], [ -123.125, 48.75 ], [ -123.04167, 48.75 ] ] ], [ [ [ -122.58333, 48.66667 ], [ -122.58333, 48.75 ], [ -122.75, 48.75 ], [ -122.75, 48.70833 ], [ -122.625, 48.70833 ], [ -122.58333, 48.66667 ] ] ], [ [ [ -117.33333, 48.66667 ], [ -117.375, 48.66667 ], [ -117.375, 48.875 ], [ -117.41667, 48.875 ], [ -117.45833, 48.79167 ], [ -117.45833, 48.66667 ], [ -117.375, 48.625 ], [ -117.375, 48.5 ], [ -117.375, 48.45833 ], [ -117.25, 48.45833 ], [ -117.25, 48.54167 ], [ -117.29167, 48.54167 ], [ -117.29167, 48.625 ], [ -117.33333, 48.66667 ] ] ], [ [ [ -122.75, 48.5 ], [ -122.79167, 48.54167 ], [ -122.79167, 48.625 ], [ -122.875, 48.625 ], [ -122.875, 48.70833 ], [ -122.95833, 48.75 ], [ -122.95833, 48.625 ], [ -123.0, 48.625 ], [ -123.0, 48.75 ], [ -123.04167, 48.75 ], [ -123.08333, 48.66667 ], [ -123.125, 48.66667 ], [ -123.20833, 48.75 ], [ -123.20833, 48.54167 ], [ -123.125, 48.54167 ], [ -123.125, 48.45833 ], [ -123.0, 48.45833 ], [ -123.0, 48.41667 ], [ -122.79167, 48.41667 ], [ -122.75, 48.5 ] ] ], [ [ [ -118.0, 48.45833 ], [ -118.04167, 48.41667 ], [ -118.0, 48.41667 ], [ -118.0, 48.45833 ] ] ], [ [ [ -117.79167, 48.45833 ], [ -117.79167, 48.41667 ], [ -117.70833, 48.375 ], [ -117.625, 48.375 ], [ -117.625, 48.45833 ], [ -117.79167, 48.45833 ] ] ], [ [ [ -117.95833, 48.41667 ], [ -117.91667, 48.375 ], [ -117.91667, 48.41667 ], [ -117.95833, 48.41667 ] ] ], [ [ [ -119.25, 48.375 ], [ -119.25, 48.33333 ], [ -119.20833, 48.33333 ], [ -119.20833, 48.375 ], [ -119.25, 48.375 ] ] ], [ [ [ -117.25, 48.375 ], [ -117.25, 48.33333 ], [ -117.20833, 48.33333 ], [ -117.25, 48.375 ] ] ], [ [ [ -117.95833, 48.33333 ], [ -117.95833, 48.29167 ], [ -117.91667, 48.29167 ], [ -117.91667, 48.33333 ], [ -117.95833, 48.33333 ] ] ], [ [ [ -117.125, 48.25 ], [ -117.125, 48.20833 ], [ -117.04167, 48.20833 ], [ -117.125, 48.25 ] ] ], [ [ [ -118.83333, 48.20833 ], [ -118.79167, 48.16667 ], [ -118.79167, 48.20833 ], [ -118.83333, 48.20833 ] ] ], [ [ [ -122.58333, 48.66667 ], [ -122.66667, 48.625 ], [ -122.66667, 48.58333 ], [ -122.75, 48.5 ], [ -122.66667, 48.41667 ], [ -122.79167, 48.29167 ], [ -122.79167, 48.20833 ], [ -122.75, 48.16667 ], [ -122.83333, 48.16667 ], [ -122.75, 48.08333 ], [ -122.66667, 48.04167 ], [ -122.625, 48.08333 ], [ -122.54167, 48.08333 ], [ -122.54167, 48.16667 ], [ -122.41667, 48.16667 ], [ -122.33333, 48.20833 ], [ -122.33333, 48.5 ], [ -122.41667, 48.58333 ], [ -122.54167, 48.58333 ], [ -122.58333, 48.66667 ] ] ], [ [ [ -116.20833, 47.75 ], [ -116.20833, 47.70833 ], [ -116.16667, 47.70833 ], [ -116.20833, 47.75 ] ] ], [ [ [ -114.08333, 48.16667 ], [ -114.125, 48.125 ], [ -114.25, 48.125 ], [ -114.25, 48.0 ], [ -114.20833, 47.91667 ], [ -114.25, 47.875 ], [ -114.375, 47.875 ], [ -114.375, 47.79167 ], [ -114.29167, 47.75 ], [ -114.375, 47.70833 ], [ -114.375, 47.75 ], [ -114.41667, 47.75 ], [ -114.41667, 47.625 ], [ -114.375, 47.625 ], [ -114.375, 47.41667 ], [ -114.29167, 47.41667 ], [ -114.20833, 47.45833 ], [ -114.25, 47.54167 ], [ -114.08333, 47.54167 ], [ -114.08333, 47.45833 ], [ -114.0, 47.45833 ], [ -114.0, 47.5 ], [ -114.04167, 47.5 ], [ -114.04167, 47.75 ], [ -114.0, 47.75 ], [ -114.0, 47.83333 ], [ -114.04167, 47.83333 ], [ -114.04167, 48.04167 ], [ -114.08333, 48.04167 ], [ -114.08333, 48.16667 ] ] ], [ [ [ -120.375, 47.04167 ], [ -120.41667, 47.0 ], [ -120.41667, 46.95833 ], [ -120.25, 46.95833 ], [ -120.375, 47.04167 ] ] ], [ [ [ -112.04167, 47.04167 ], [ -112.04167, 46.95833 ], [ -111.95833, 46.91667 ], [ -111.95833, 47.0 ], [ -112.04167, 47.04167 ] ] ], [ [ [ -100.625, 46.16667 ], [ -100.625, 46.0 ], [ -100.54167, 46.04167 ], [ -100.54167, 46.125 ], [ -100.625, 46.16667 ] ] ], [ [ [ -119.08333, 50.66667 ], [ -119.16667, 50.625 ], [ -119.16667, 50.54167 ], [ -119.25, 50.5 ], [ -119.25, 50.41667 ], [ -119.33333, 50.41667 ], [ -119.33333, 50.33333 ], [ -119.41667, 50.33333 ], [ -119.5, 50.25 ], [ -119.54167, 50.16667 ], [ -119.5, 50.125 ], [ -119.5, 49.95833 ], [ -119.54167, 49.875 ], [ -119.625, 49.875 ], [ -119.79167, 49.79167 ], [ -119.75, 49.70833 ], [ -119.75, 49.58333 ], [ -119.66667, 49.54167 ], [ -119.66667, 49.29167 ], [ -119.625, 49.29167 ], [ -119.625, 49.04167 ], [ -119.70833, 49.04167 ], [ -119.70833, 49.20833 ], [ -119.79167, 49.20833 ], [ -119.79167, 49.125 ], [ -119.75, 49.125 ], [ -119.75, 48.95833 ], [ -119.70833, 48.91667 ], [ -119.66667, 48.91667 ], [ -119.66667, 48.75 ], [ -119.625, 48.75 ], [ -119.58333, 48.79167 ], [ -119.58333, 48.70833 ], [ -119.54167, 48.70833 ], [ -119.58333, 48.625 ], [ -119.58333, 48.54167 ], [ -119.625, 48.45833 ], [ -119.66667, 48.45833 ], [ -119.66667, 48.41667 ], [ -119.66667, 48.375 ], [ -119.66667, 48.20833 ], [ -119.70833, 48.20833 ], [ -119.70833, 48.125 ], [ -119.875, 48.125 ], [ -119.875, 48.08333 ], [ -120.0, 48.08333 ], [ -120.0, 48.04167 ], [ -119.95833, 48.04167 ], [ -120.0, 47.95833 ], [ -119.95833, 47.95833 ], [ -119.95833, 47.91667 ], [ -120.125, 47.91667 ], [ -120.125, 47.95833 ], [ -120.16667, 48.0 ], [ -120.25, 48.0 ], [ -120.25, 48.04167 ], [ -120.29167, 48.0 ], [ -120.25, 47.95833 ], [ -120.25, 47.83333 ], [ -120.20833, 47.83333 ], [ -120.25, 47.75 ], [ -120.375, 47.75 ], [ -120.375, 47.66667 ], [ -120.33333, 47.58333 ], [ -120.375, 47.54167 ], [ -120.54167, 47.54167 ], [ -120.5, 47.45833 ], [ -120.41667, 47.45833 ], [ -120.33333, 47.375 ], [ -120.33333, 47.33333 ], [ -120.20833, 47.33333 ], [ -120.16667, 47.25 ], [ -120.16667, 46.875 ], [ -120.125, 46.875 ], [ -120.125, 46.70833 ], [ -120.08333, 46.66667 ], [ -119.95833, 46.66667 ], [ -119.91667, 46.625 ], [ -119.91667, 46.5 ], [ -119.83333, 46.45833 ], [ -119.625, 46.45833 ], [ -119.54167, 46.41667 ], [ -119.54167, 46.25 ], [ -119.41667, 46.25 ], [ -119.41667, 46.20833 ], [ -119.29167, 46.20833 ], [ -119.29167, 46.16667 ], [ -119.08333, 46.16667 ], [ -118.91667, 46.08333 ], [ -118.875, 46.125 ], [ -118.875, 46.20833 ], [ -118.54167, 46.20833 ], [ -118.45833, 46.25 ], [ -118.375, 46.41667 ], [ -118.25, 46.41667 ], [ -118.25, 46.45833 ], [ -118.125, 46.45833 ], [ -118.125, 46.41667 ], [ -117.70833, 46.41667 ], [ -117.70833, 46.45833 ], [ -117.5, 46.45833 ], [ -117.5, 46.5 ], [ -117.41667, 46.54167 ], [ -117.29167, 46.54167 ], [ -117.29167, 46.45833 ], [ -117.375, 46.45833 ], [ -117.375, 46.375 ], [ -117.29167, 46.29167 ], [ -117.20833, 46.25 ], [ -117.04167, 46.25 ], [ -116.95833, 46.16667 ], [ -117.08333, 46.04167 ], [ -117.08333, 46.0 ], [ -116.91667, 46.0 ], [ -116.91667, 46.29167 ], [ -116.70833, 46.29167 ], [ -116.625, 46.375 ], [ -116.625, 46.625 ], [ -116.70833, 46.66667 ], [ -116.79167, 46.58333 ], [ -116.79167, 46.5 ], [ -117.0, 46.5 ], [ -117.0, 46.45833 ], [ -117.125, 46.45833 ], [ -117.20833, 46.5 ], [ -117.25, 46.58333 ], [ -117.25, 46.70833 ], [ -117.125, 46.70833 ], [ -117.125, 46.79167 ], [ -117.08333, 46.875 ], [ -116.95833, 46.875 ], [ -116.91667, 46.91667 ], [ -116.91667, 46.95833 ], [ -116.95833, 47.0 ], [ -116.95833, 47.08333 ], [ -116.83333, 47.08333 ], [ -116.83333, 47.20833 ], [ -116.875, 47.25 ], [ -116.70833, 47.25 ], [ -116.70833, 47.29167 ], [ -116.54167, 47.29167 ], [ -116.54167, 47.33333 ], [ -116.58333, 47.41667 ], [ -116.5, 47.5 ], [ -116.20833, 47.5 ], [ -116.20833, 47.625 ], [ -116.125, 47.66667 ], [ -116.41667, 47.66667 ], [ -116.41667, 47.625 ], [ -116.54167, 47.625 ], [ -116.54167, 47.70833 ], [ -116.66667, 47.70833 ], [ -116.625, 47.75 ], [ -116.625, 47.83333 ], [ -116.66667, 47.875 ], [ -116.625, 47.91667 ], [ -116.54167, 47.91667 ], [ -116.54167, 47.95833 ], [ -116.41667, 47.95833 ], [ -116.41667, 48.08333 ], [ -116.375, 48.125 ], [ -116.16667, 48.125 ], [ -116.125, 48.04167 ], [ -116.0, 48.04167 ], [ -115.95833, 48.0 ], [ -115.91667, 48.08333 ], [ -116.0, 48.08333 ], [ -116.0, 48.125 ], [ -116.08333, 48.125 ], [ -116.08333, 48.16667 ], [ -116.16667, 48.16667 ], [ -116.16667, 48.20833 ], [ -116.25, 48.20833 ], [ -116.25, 48.25 ], [ -116.33333, 48.25 ], [ -116.33333, 48.375 ], [ -116.41667, 48.45833 ], [ -116.41667, 48.54167 ], [ -116.33333, 48.625 ], [ -116.25, 48.625 ], [ -116.25, 48.66667 ], [ -116.08333, 48.66667 ], [ -115.91667, 48.5 ], [ -115.91667, 48.625 ], [ -116.0, 48.625 ], [ -116.04167, 48.70833 ], [ -116.08333, 48.75 ], [ -116.25, 48.75 ], [ -116.29167, 48.79167 ], [ -116.29167, 48.875 ], [ -116.375, 48.95833 ], [ -116.41667, 48.95833 ], [ -116.41667, 49.08333 ], [ -116.5, 49.08333 ], [ -116.54167, 49.125 ], [ -116.54167, 49.20833 ], [ -116.625, 49.20833 ], [ -116.625, 49.04167 ], [ -116.58333, 48.95833 ], [ -116.5, 48.91667 ], [ -116.45833, 48.875 ], [ -116.41667, 48.875 ], [ -116.41667, 48.625 ], [ -116.5, 48.45833 ], [ -116.54167, 48.45833 ], [ -116.54167, 48.33333 ], [ -116.58333, 48.29167 ], [ -116.70833, 48.29167 ], [ -116.79167, 48.25 ], [ -116.83333, 48.29167 ], [ -116.83333, 48.70833 ], [ -116.875, 48.625 ], [ -116.95833, 48.54167 ], [ -116.875, 48.45833 ], [ -116.95833, 48.45833 ], [ -117.0, 48.375 ], [ -117.08333, 48.375 ], [ -116.95833, 48.25 ], [ -116.95833, 48.20833 ], [ -117.0, 48.20833 ], [ -117.0, 48.08333 ], [ -117.08333, 48.125 ], [ -117.20833, 48.125 ], [ -117.20833, 48.16667 ], [ -117.125, 48.20833 ], [ -117.29167, 48.20833 ], [ -117.375, 48.25 ], [ -117.375, 48.16667 ], [ -117.58333, 48.16667 ], [ -117.58333, 48.25 ], [ -117.66667, 48.29167 ], [ -117.66667, 48.20833 ], [ -117.625, 48.16667 ], [ -117.66667, 48.125 ], [ -117.75, 48.125 ], [ -117.83333, 48.25 ], [ -117.91667, 48.29167 ], [ -117.875, 48.25 ], [ -117.875, 48.08333 ], [ -117.95833, 48.08333 ], [ -118.0, 48.04167 ], [ -118.0, 47.95833 ], [ -118.08333, 47.95833 ], [ -118.125, 48.0 ], [ -118.125, 48.08333 ], [ -118.04167, 48.125 ], [ -118.04167, 48.29167 ], [ -118.08333, 48.33333 ], [ -118.08333, 48.54167 ], [ -117.95833, 48.54167 ], [ -117.95833, 48.5 ], [ -117.91667, 48.58333 ], [ -117.875, 48.58333 ], [ -117.875, 48.75 ], [ -117.79167, 48.75 ], [ -117.75, 48.83333 ], [ -117.70833, 48.83333 ], [ -117.70833, 48.91667 ], [ -117.66667, 48.95833 ], [ -117.5, 49.04167 ], [ -117.58333, 49.08333 ], [ -117.625, 49.125 ], [ -117.70833, 49.125 ], [ -117.70833, 49.20833 ], [ -117.75, 49.20833 ], [ -117.79167, 49.16667 ], [ -117.79167, 49.08333 ], [ -117.66667, 49.08333 ], [ -117.66667, 49.0 ], [ -117.75, 49.0 ], [ -117.83333, 48.91667 ], [ -118.0, 48.83333 ], [ -118.125, 48.83333 ], [ -118.125, 48.95833 ], [ -118.16667, 48.95833 ], [ -118.16667, 49.08333 ], [ -118.25, 49.125 ], [ -118.25, 48.79167 ], [ -118.16667, 48.75 ], [ -118.16667, 48.625 ], [ -118.25, 48.5 ], [ -118.33333, 48.5 ], [ -118.33333, 48.16667 ], [ -118.41667, 48.125 ], [ -118.5, 48.125 ], [ -118.5, 48.20833 ], [ -118.58333, 48.20833 ], [ -118.625, 48.29167 ], [ -118.70833, 48.29167 ], [ -118.70833, 48.375 ], [ -118.79167, 48.33333 ], [ -118.79167, 48.29167 ], [ -118.75, 48.29167 ], [ -118.75, 48.125 ], [ -118.79167, 48.125 ], [ -118.83333, 48.125 ], [ -118.91667, 48.125 ], [ -118.91667, 48.20833 ], [ -118.83333, 48.20833 ], [ -118.83333, 48.25 ], [ -118.875, 48.29167 ], [ -118.91667, 48.29167 ], [ -119.04167, 48.29167 ], [ -119.04167, 48.25 ], [ -119.20833, 48.25 ], [ -119.20833, 48.29167 ], [ -119.375, 48.29167 ], [ -119.29167, 48.33333 ], [ -119.41667, 48.41667 ], [ -119.41667, 48.66667 ], [ -119.33333, 48.70833 ], [ -119.33333, 48.83333 ], [ -119.375, 48.83333 ], [ -119.375, 48.91667 ], [ -119.33333, 48.91667 ], [ -119.375, 48.95833 ], [ -119.375, 49.04167 ], [ -119.45833, 49.08333 ], [ -119.45833, 49.20833 ], [ -119.45833, 49.25 ], [ -119.45833, 49.29167 ], [ -119.5, 49.375 ], [ -119.5, 49.45833 ], [ -119.5, 49.5 ], [ -119.54167, 49.5 ], [ -119.54167, 49.625 ], [ -119.58333, 49.66667 ], [ -119.66667, 49.66667 ], [ -119.66667, 49.75 ], [ -119.58333, 49.75 ], [ -119.58333, 49.79167 ], [ -119.41667, 49.79167 ], [ -119.33333, 49.83333 ], [ -119.33333, 50.08333 ], [ -119.29167, 50.16667 ], [ -119.29167, 50.20833 ], [ -119.20833, 50.25 ], [ -119.20833, 50.41667 ], [ -119.16667, 50.41667 ], [ -119.08333, 50.5 ], [ -119.04167, 50.58333 ], [ -119.08333, 50.66667 ] ], [ [ -119.625, 49.04167 ], [ -119.5, 49.04167 ], [ -119.5, 49.0 ], [ -119.625, 49.0 ], [ -119.625, 49.04167 ] ], [ [ -119.625, 48.95833 ], [ -119.54167, 48.95833 ], [ -119.58333, 48.875 ], [ -119.58333, 48.91667 ], [ -119.625, 48.95833 ] ], [ [ -116.95833, 48.375 ], [ -116.875, 48.375 ], [ -116.875, 48.29167 ], [ -116.95833, 48.29167 ], [ -116.95833, 48.375 ] ], [ [ -119.54167, 48.33333 ], [ -119.45833, 48.25 ], [ -119.41667, 48.16667 ], [ -119.45833, 48.125 ], [ -119.58333, 48.125 ], [ -119.58333, 48.29167 ], [ -119.54167, 48.33333 ] ], [ [ -117.0, 48.08333 ], [ -116.95833, 48.16667 ], [ -116.875, 48.16667 ], [ -116.875, 48.04167 ], [ -117.0, 48.04167 ], [ -117.0, 48.08333 ] ], [ [ -116.54167, 48.16667 ], [ -116.5, 48.08333 ], [ -116.58333, 48.08333 ], [ -116.54167, 48.16667 ] ], [ [ -117.16667, 48.04167 ], [ -117.08333, 48.04167 ], [ -117.04167, 48.0 ], [ -116.91667, 48.0 ], [ -116.91667, 47.91667 ], [ -116.875, 47.83333 ], [ -117.125, 47.83333 ], [ -117.20833, 47.875 ], [ -117.20833, 47.95833 ], [ -117.16667, 48.04167 ] ], [ [ -118.0, 47.125 ], [ -117.58333, 47.125 ], [ -117.625, 47.08333 ], [ -117.58333, 47.04167 ], [ -117.58333, 46.95833 ], [ -117.75, 46.95833 ], [ -117.91667, 47.04167 ], [ -117.95833, 46.95833 ], [ -118.16667, 46.95833 ], [ -118.25, 47.0 ], [ -118.29167, 46.91667 ], [ -118.45833, 47.0 ], [ -118.75, 47.0 ], [ -118.83333, 47.04167 ], [ -118.875, 47.125 ], [ -118.95833, 47.125 ], [ -119.0, 47.20833 ], [ -119.0, 47.375 ], [ -118.95833, 47.375 ], [ -118.95833, 47.5 ], [ -119.0, 47.54167 ], [ -118.95833, 47.58333 ], [ -118.79167, 47.58333 ], [ -118.79167, 47.70833 ], [ -118.83333, 47.75 ], [ -118.83333, 47.83333 ], [ -118.875, 47.875 ], [ -118.54167, 47.875 ], [ -118.375, 47.79167 ], [ -118.33333, 47.70833 ], [ -118.08333, 47.70833 ], [ -118.04167, 47.625 ], [ -118.125, 47.625 ], [ -118.125, 47.5 ], [ -118.25, 47.5 ], [ -118.25, 47.41667 ], [ -118.29167, 47.33333 ], [ -118.20833, 47.33333 ], [ -118.16667, 47.29167 ], [ -118.16667, 47.20833 ], [ -117.95833, 47.20833 ], [ -118.0, 47.125 ] ], [ [ -117.0, 47.66667 ], [ -116.95833, 47.625 ], [ -116.95833, 47.54167 ], [ -117.04167, 47.58333 ], [ -117.0, 47.66667 ] ], [ [ -120.16667, 47.625 ], [ -120.08333, 47.54167 ], [ -120.16667, 47.54167 ], [ -120.20833, 47.58333 ], [ -120.16667, 47.625 ] ] ], [ [ [ -95.41667, 45.625 ], [ -95.54167, 45.625 ], [ -95.58333, 45.54167 ], [ -95.41667, 45.625 ] ] ], [ [ [ -73.70833, 45.41667 ], [ -73.54167, 45.41667 ], [ -73.54167, 45.5 ], [ -73.45833, 45.5 ], [ -73.58333, 45.625 ], [ -73.625, 45.54167 ], [ -73.70833, 45.54167 ], [ -73.70833, 45.41667 ] ] ], [ [ [ -100.875, 45.41667 ], [ -101.0, 45.41667 ], [ -101.0, 45.45833 ], [ -101.125, 45.45833 ], [ -101.125, 45.375 ], [ -100.875, 45.375 ], [ -100.875, 45.41667 ] ] ], [ [ [ -84.625, 45.25 ], [ -84.625, 45.20833 ], [ -84.5, 45.20833 ], [ -84.5, 45.25 ], [ -84.625, 45.25 ] ] ], [ [ [ -87.16667, 45.16667 ], [ -87.25, 45.125 ], [ -87.29167, 45.04167 ], [ -87.29167, 44.95833 ], [ -87.33333, 44.95833 ], [ -87.33333, 44.83333 ], [ -87.29167, 44.83333 ], [ -87.20833, 44.91667 ], [ -87.20833, 45.04167 ], [ -87.125, 45.08333 ], [ -87.125, 45.16667 ], [ -87.16667, 45.16667 ] ] ], [ [ [ -84.58333, 44.875 ], [ -84.58333, 44.83333 ], [ -84.54167, 44.875 ], [ -84.58333, 44.875 ] ] ], [ [ [ -74.91667, 44.95833 ], [ -74.91667, 44.875 ], [ -75.0, 44.83333 ], [ -74.79167, 44.83333 ], [ -74.79167, 44.79167 ], [ -74.66667, 44.79167 ], [ -74.66667, 44.95833 ], [ -74.91667, 44.95833 ] ] ], [ [ [ -75.29167, 44.83333 ], [ -75.29167, 44.79167 ], [ -75.25, 44.83333 ], [ -75.29167, 44.83333 ] ] ], [ [ [ -89.70833, 44.75 ], [ -89.70833, 44.66667 ], [ -89.625, 44.625 ], [ -89.625, 44.70833 ], [ -89.70833, 44.75 ] ] ], [ [ [ -103.75, 44.33333 ], [ -103.75, 44.45833 ], [ -103.83333, 44.5 ], [ -104.0, 44.5 ], [ -104.0, 44.45833 ], [ -104.125, 44.45833 ], [ -104.125, 44.41667 ], [ -103.95833, 44.41667 ], [ -103.95833, 44.375 ], [ -103.79167, 44.375 ], [ -103.79167, 44.33333 ], [ -103.75, 44.33333 ] ] ], [ [ [ -100.0, 44.29167 ], [ -100.0, 44.33333 ], [ -100.125, 44.33333 ], [ -100.125, 44.375 ], [ -100.25, 44.375 ], [ -100.25, 44.41667 ], [ -100.125, 44.41667 ], [ -100.04167, 44.45833 ], [ -100.04167, 44.54167 ], [ -100.08333, 44.625 ], [ -100.16667, 44.625 ], [ -100.16667, 44.70833 ], [ -100.20833, 44.75 ], [ -100.29167, 44.75 ], [ -100.29167, 44.875 ], [ -100.33333, 44.875 ], [ -100.33333, 45.0 ], [ -100.20833, 45.0 ], [ -100.20833, 45.41667 ], [ -100.25, 45.5 ], [ -100.33333, 45.5 ], [ -100.375, 45.54167 ], [ -100.375, 45.625 ], [ -100.29167, 45.66667 ], [ -100.29167, 45.79167 ], [ -100.33333, 45.875 ], [ -100.41667, 45.875 ], [ -100.45833, 45.95833 ], [ -100.54167, 45.95833 ], [ -100.375, 45.79167 ], [ -100.375, 45.70833 ], [ -100.41667, 45.66667 ], [ -100.58333, 45.66667 ], [ -100.54167, 45.625 ], [ -100.54167, 45.5 ], [ -100.75, 45.5 ], [ -100.70833, 45.45833 ], [ -100.41667, 45.45833 ], [ -100.58333, 45.375 ], [ -100.58333, 45.33333 ], [ -100.70833, 45.33333 ], [ -100.70833, 45.29167 ], [ -100.83333, 45.29167 ], [ -100.91667, 45.25 ], [ -100.91667, 45.33333 ], [ -101.0, 45.33333 ], [ -101.0, 45.25 ], [ -101.04167, 45.20833 ], [ -101.16667, 45.20833 ], [ -101.20833, 45.125 ], [ -101.125, 45.125 ], [ -101.08333, 45.08333 ], [ -101.08333, 44.875 ], [ -101.04167, 44.91667 ], [ -100.83333, 44.91667 ], [ -100.83333, 44.83333 ], [ -100.91667, 44.79167 ], [ -101.0, 44.79167 ], [ -101.08333, 44.70833 ], [ -101.08333, 44.66667 ], [ -100.875, 44.66667 ], [ -100.83333, 44.58333 ], [ -100.83333, 44.5 ], [ -100.66667, 44.5 ], [ -100.5, 44.41667 ], [ -100.45833, 44.33333 ], [ -100.375, 44.29167 ], [ -100.0, 44.29167 ] ], [ [ -100.54167, 45.33333 ], [ -100.5, 45.29167 ], [ -100.41667, 45.29167 ], [ -100.375, 45.20833 ], [ -100.375, 45.125 ], [ -100.41667, 45.08333 ], [ -100.5, 45.125 ], [ -100.58333, 45.20833 ], [ -100.54167, 45.25 ], [ -100.58333, 45.29167 ], [ -100.54167, 45.33333 ] ] ], [ [ [ -78.08333, 44.33333 ], [ -78.08333, 44.29167 ], [ -77.95833, 44.29167 ], [ -77.95833, 44.33333 ], [ -78.08333, 44.33333 ] ] ], [ [ [ -76.625, 44.29167 ], [ -76.625, 44.25 ], [ -76.5, 44.25 ], [ -76.5, 44.29167 ], [ -76.625, 44.29167 ] ] ], [ [ [ -78.125, 44.25 ], [ -78.125, 44.29167 ], [ -78.25, 44.29167 ], [ -78.25, 44.33333 ], [ -78.375, 44.33333 ], [ -78.375, 44.20833 ], [ -78.29167, 44.25 ], [ -78.125, 44.25 ] ] ], [ [ [ -99.70833, 44.20833 ], [ -99.70833, 44.08333 ], [ -99.5, 44.08333 ], [ -99.5, 44.125 ], [ -99.58333, 44.20833 ], [ -99.70833, 44.20833 ] ] ], [ [ [ -77.125, 44.125 ], [ -77.25, 44.125 ], [ -77.25, 44.08333 ], [ -77.375, 44.08333 ], [ -77.45833, 44.125 ], [ -77.5, 44.04167 ], [ -77.5, 43.95833 ], [ -77.41667, 44.0 ], [ -77.25, 44.0 ], [ -77.16667, 43.95833 ], [ -77.125, 43.875 ], [ -77.04167, 43.95833 ], [ -77.04167, 44.04167 ], [ -77.16667, 44.04167 ], [ -77.125, 44.125 ] ] ], [ [ [ -73.08333, 44.75 ], [ -73.0, 44.875 ], [ -73.0, 45.0 ], [ -73.20833, 45.0 ], [ -73.29167, 44.95833 ], [ -73.375, 45.0 ], [ -73.54167, 45.0 ], [ -73.58333, 44.95833 ], [ -73.54167, 44.91667 ], [ -73.54167, 44.75 ], [ -73.58333, 44.75 ], [ -73.58333, 44.54167 ], [ -73.625, 44.45833 ], [ -73.41667, 44.45833 ], [ -73.54167, 44.33333 ], [ -73.54167, 44.20833 ], [ -73.5, 44.16667 ], [ -73.5, 44.08333 ], [ -73.5, 43.91667 ], [ -73.45833, 43.83333 ], [ -73.33333, 43.83333 ], [ -73.33333, 43.95833 ], [ -73.25, 43.95833 ], [ -73.25, 44.04167 ], [ -73.20833, 44.04167 ], [ -73.16667, 44.125 ], [ -73.16667, 44.29167 ], [ -73.125, 44.29167 ], [ -73.125, 44.41667 ], [ -73.04167, 44.45833 ], [ -73.04167, 44.54167 ], [ -73.08333, 44.54167 ], [ -73.08333, 44.75 ] ] ], [ [ [ -103.5, 43.875 ], [ -103.5, 43.83333 ], [ -103.45833, 43.83333 ], [ -103.45833, 43.875 ], [ -103.5, 43.875 ] ] ], [ [ [ -75.25, 42.79167 ], [ -75.33333, 42.79167 ], [ -75.33333, 42.70833 ], [ -75.41667, 42.70833 ], [ -75.41667, 42.66667 ], [ -75.29167, 42.66667 ], [ -75.29167, 42.75 ], [ -75.25, 42.79167 ] ] ], [ [ [ -99.04167, 41.875 ], [ -99.08333, 41.79167 ], [ -99.04167, 41.79167 ], [ -99.04167, 41.875 ] ] ], [ [ [ -99.08333, 41.79167 ], [ -99.20833, 41.79167 ], [ -99.20833, 41.875 ], [ -99.33333, 41.79167 ], [ -99.33333, 41.70833 ], [ -99.16667, 41.70833 ], [ -99.16667, 41.75 ], [ -99.08333, 41.75 ], [ -99.08333, 41.79167 ] ] ], [ [ [ -97.16667, 46.33333 ], [ -97.25, 46.29167 ], [ -97.25, 46.25 ], [ -97.45833, 46.25 ], [ -97.54167, 46.20833 ], [ -97.54167, 46.125 ], [ -97.625, 46.08333 ], [ -97.625, 46.0 ], [ -97.83333, 46.0 ], [ -97.91667, 45.95833 ], [ -97.95833, 45.875 ], [ -98.08333, 45.875 ], [ -98.04167, 45.95833 ], [ -98.20833, 45.95833 ], [ -98.16667, 45.91667 ], [ -98.20833, 45.875 ], [ -98.16667, 45.79167 ], [ -98.29167, 45.79167 ], [ -98.33333, 45.75 ], [ -98.33333, 45.625 ], [ -98.25, 45.58333 ], [ -98.08333, 45.58333 ], [ -98.04167, 45.54167 ], [ -98.04167, 45.45833 ], [ -98.125, 45.41667 ], [ -98.08333, 45.33333 ], [ -98.08333, 45.25 ], [ -98.0, 45.20833 ], [ -98.0, 45.04167 ], [ -98.04167, 44.95833 ], [ -98.16667, 44.95833 ], [ -98.20833, 44.91667 ], [ -98.20833, 44.79167 ], [ -98.25, 44.75 ], [ -98.25, 44.66667 ], [ -98.5, 44.66667 ], [ -98.54167, 44.54167 ], [ -98.66667, 44.54167 ], [ -98.79167, 44.45833 ], [ -98.79167, 44.33333 ], [ -98.875, 44.25 ], [ -98.875, 44.125 ], [ -98.91667, 44.04167 ], [ -98.91667, 43.79167 ], [ -98.83333, 43.75 ], [ -98.75, 43.66667 ], [ -98.79167, 43.625 ], [ -98.70833, 43.54167 ], [ -98.79167, 43.5 ], [ -98.79167, 43.45833 ], [ -98.91667, 43.45833 ], [ -98.95833, 43.375 ], [ -99.04167, 43.375 ], [ -99.08333, 43.45833 ], [ -99.16667, 43.5 ], [ -99.25, 43.5 ], [ -99.33333, 43.58333 ], [ -99.33333, 43.41667 ], [ -99.29167, 43.375 ], [ -99.16667, 43.375 ], [ -99.125, 43.33333 ], [ -99.125, 43.20833 ], [ -99.20833, 43.125 ], [ -99.125, 43.125 ], [ -99.125, 43.04167 ], [ -99.16667, 43.0 ], [ -99.25, 43.04167 ], [ -99.33333, 43.04167 ], [ -99.33333, 42.95833 ], [ -99.29167, 42.91667 ], [ -99.83333, 42.91667 ], [ -99.83333, 42.875 ], [ -100.04167, 42.875 ], [ -100.08333, 42.83333 ], [ -100.08333, 42.58333 ], [ -100.04167, 42.58333 ], [ -100.04167, 42.45833 ], [ -99.91667, 42.45833 ], [ -99.875, 42.375 ], [ -99.70833, 42.375 ], [ -99.70833, 42.33333 ], [ -99.375, 42.33333 ], [ -99.33333, 42.25 ], [ -99.16667, 42.25 ], [ -99.16667, 42.20833 ], [ -99.125, 42.20833 ], [ -99.04167, 42.16667 ], [ -99.04167, 42.125 ], [ -98.91667, 42.125 ], [ -98.91667, 42.08333 ], [ -98.66667, 42.08333 ], [ -98.58333, 42.04167 ], [ -98.58333, 41.95833 ], [ -98.5, 41.91667 ], [ -98.33333, 41.75 ], [ -98.33333, 41.70833 ], [ -98.45833, 41.70833 ], [ -98.45833, 41.75 ], [ -98.70833, 41.75 ], [ -98.66667, 41.66667 ], [ -98.54167, 41.66667 ], [ -98.45833, 41.625 ], [ -98.45833, 41.54167 ], [ -98.66667, 41.54167 ], [ -98.66667, 41.58333 ], [ -98.75, 41.58333 ], [ -98.75, 41.625 ], [ -99.0, 41.625 ], [ -98.95833, 41.54167 ], [ -99.04167, 41.45833 ], [ -99.04167, 41.375 ], [ -99.0, 41.375 ], [ -99.0, 41.29167 ], [ -99.125, 41.29167 ], [ -99.125, 41.20833 ], [ -99.33333, 41.20833 ], [ -99.33333, 41.25 ], [ -99.45833, 41.25 ], [ -99.5, 41.16667 ], [ -99.375, 41.16667 ], [ -99.375, 41.125 ], [ -99.5, 41.125 ], [ -99.5, 41.08333 ], [ -99.58333, 41.08333 ], [ -99.625, 41.0 ], [ -99.70833, 40.95833 ], [ -99.70833, 40.83333 ], [ -99.75, 40.79167 ], [ -99.83333, 40.79167 ], [ -99.83333, 40.75 ], [ -99.91667, 40.75 ], [ -99.91667, 40.58333 ], [ -99.875, 40.58333 ], [ -99.875, 40.5 ], [ -99.79167, 40.41667 ], [ -99.75, 40.41667 ], [ -99.75, 40.33333 ], [ -99.83333, 40.33333 ], [ -99.83333, 40.29167 ], [ -99.75, 40.29167 ], [ -99.75, 40.25 ], [ -99.91667, 40.25 ], [ -99.95833, 40.16667 ], [ -99.79167, 40.16667 ], [ -99.79167, 40.125 ], [ -99.875, 40.125 ], [ -99.875, 40.08333 ], [ -100.125, 40.08333 ], [ -100.125, 40.04167 ], [ -100.20833, 40.04167 ], [ -100.20833, 40.0 ], [ -100.41667, 40.0 ], [ -100.41667, 40.08333 ], [ -100.33333, 40.08333 ], [ -100.29167, 40.125 ], [ -100.29167, 40.16667 ], [ -100.45833, 40.16667 ], [ -100.45833, 40.125 ], [ -100.58333, 40.125 ], [ -100.625, 40.08333 ], [ -100.75, 40.08333 ], [ -100.75, 39.91667 ], [ -100.70833, 39.91667 ], [ -100.70833, 39.875 ], [ -100.83333, 39.875 ], [ -100.79167, 39.79167 ], [ -100.70833, 39.79167 ], [ -100.79167, 39.70833 ], [ -100.79167, 39.54167 ], [ -100.75, 39.54167 ], [ -100.75, 39.45833 ], [ -100.79167, 39.45833 ], [ -100.79167, 39.375 ], [ -100.91667, 39.375 ], [ -100.95833, 39.33333 ], [ -100.95833, 39.25 ], [ -101.0, 39.20833 ], [ -101.08333, 39.20833 ], [ -101.08333, 39.16667 ], [ -101.16667, 39.16667 ], [ -101.16667, 39.20833 ], [ -101.29167, 39.20833 ], [ -101.33333, 39.125 ], [ -101.41667, 39.125 ], [ -101.41667, 39.16667 ], [ -101.54167, 39.16667 ], [ -101.54167, 39.125 ], [ -101.625, 39.125 ], [ -101.625, 39.16667 ], [ -101.70833, 39.16667 ], [ -101.70833, 39.08333 ], [ -101.75, 39.04167 ], [ -101.91667, 39.04167 ], [ -101.91667, 38.875 ], [ -101.83333, 38.875 ], [ -101.83333, 38.83333 ], [ -101.70833, 38.83333 ], [ -101.70833, 38.79167 ], [ -101.5, 38.79167 ], [ -101.41667, 38.70833 ], [ -101.41667, 38.66667 ], [ -101.33333, 38.66667 ], [ -101.41667, 38.58333 ], [ -101.375, 38.45833 ], [ -101.5, 38.45833 ], [ -101.5, 38.375 ], [ -101.45833, 38.375 ], [ -101.45833, 38.29167 ], [ -101.5, 38.29167 ], [ -101.5, 38.16667 ], [ -101.58333, 38.08333 ], [ -101.58333, 38.04167 ], [ -101.75, 38.04167 ], [ -101.75, 38.0 ], [ -101.83333, 38.0 ], [ -101.83333, 37.95833 ], [ -101.91667, 37.95833 ], [ -101.91667, 37.91667 ], [ -101.79167, 37.91667 ], [ -101.79167, 37.875 ], [ -101.25, 37.875 ], [ -101.25, 37.91667 ], [ -101.16667, 37.91667 ], [ -101.16667, 37.95833 ], [ -100.91667, 37.95833 ], [ -100.91667, 37.91667 ], [ -100.83333, 37.91667 ], [ -100.79167, 38.0 ], [ -100.29167, 38.0 ], [ -100.29167, 37.95833 ], [ -100.08333, 37.95833 ], [ -100.08333, 37.91667 ], [ -100.0, 37.91667 ], [ -100.0, 37.875 ], [ -99.79167, 37.875 ], [ -99.79167, 37.91667 ], [ -99.54167, 37.91667 ], [ -99.54167, 37.875 ], [ -99.08333, 37.875 ], [ -99.08333, 37.83333 ], [ -98.58333, 37.83333 ], [ -98.58333, 37.875 ], [ -98.16667, 37.875 ], [ -98.16667, 37.91667 ], [ -98.08333, 37.91667 ], [ -98.08333, 37.95833 ], [ -97.75, 37.95833 ], [ -97.75, 38.0 ], [ -97.5, 38.0 ], [ -97.5, 38.04167 ], [ -97.29167, 38.04167 ], [ -97.29167, 38.08333 ], [ -97.125, 38.08333 ], [ -97.125, 38.125 ], [ -96.79167, 38.125 ], [ -96.79167, 38.16667 ], [ -96.41667, 38.16667 ], [ -96.41667, 38.20833 ], [ -96.29167, 38.20833 ], [ -96.29167, 38.25 ], [ -96.125, 38.25 ], [ -96.125, 38.29167 ], [ -95.33333, 38.29167 ], [ -95.33333, 38.33333 ], [ -95.0, 38.33333 ], [ -95.0, 38.375 ], [ -94.625, 38.375 ], [ -94.625, 38.41667 ], [ -94.125, 38.41667 ], [ -94.125, 38.45833 ], [ -93.75, 38.45833 ], [ -93.75, 38.5 ], [ -93.29167, 38.5 ], [ -93.29167, 38.54167 ], [ -93.125, 38.54167 ], [ -93.125, 38.5 ], [ -92.58333, 38.5 ], [ -92.58333, 38.54167 ], [ -92.33333, 38.54167 ], [ -92.33333, 38.5 ], [ -92.16667, 38.5 ], [ -92.16667, 38.54167 ], [ -91.83333, 38.54167 ], [ -91.83333, 38.58333 ], [ -90.75, 38.58333 ], [ -90.75, 38.625 ], [ -90.66667, 38.625 ], [ -90.66667, 38.58333 ], [ -90.08333, 38.58333 ], [ -90.08333, 38.625 ], [ -89.95833, 38.625 ], [ -89.95833, 38.66667 ], [ -89.75, 38.66667 ], [ -89.75, 38.70833 ], [ -89.45833, 38.70833 ], [ -89.45833, 38.75 ], [ -89.20833, 38.75 ], [ -89.20833, 38.79167 ], [ -89.0, 38.79167 ], [ -89.0, 38.83333 ], [ -88.66667, 38.83333 ], [ -88.66667, 38.875 ], [ -88.29167, 38.875 ], [ -88.29167, 38.91667 ], [ -87.95833, 38.91667 ], [ -87.95833, 38.95833 ], [ -87.70833, 38.95833 ], [ -87.70833, 39.0 ], [ -87.45833, 39.0 ], [ -87.45833, 39.04167 ], [ -87.29167, 39.04167 ], [ -87.29167, 39.08333 ], [ -87.08333, 39.08333 ], [ -87.08333, 39.125 ], [ -86.875, 39.125 ], [ -86.875, 39.16667 ], [ -86.70833, 39.16667 ], [ -86.70833, 39.20833 ], [ -86.375, 39.20833 ], [ -86.375, 39.25 ], [ -85.875, 39.25 ], [ -85.875, 39.29167 ], [ -85.66667, 39.29167 ], [ -85.66667, 39.33333 ], [ -85.54167, 39.33333 ], [ -85.54167, 39.375 ], [ -85.375, 39.375 ], [ -85.375, 39.41667 ], [ -85.0, 39.41667 ], [ -85.0, 39.45833 ], [ -84.33333, 39.45833 ], [ -84.33333, 39.5 ], [ -84.16667, 39.5 ], [ -84.16667, 39.54167 ], [ -83.91667, 39.54167 ], [ -83.91667, 39.58333 ], [ -83.79167, 39.58333 ], [ -83.79167, 39.625 ], [ -83.375, 39.625 ], [ -83.375, 39.66667 ], [ -83.08333, 39.66667 ], [ -83.08333, 39.70833 ], [ -82.91667, 39.70833 ], [ -82.91667, 39.75 ], [ -82.83333, 39.75 ], [ -82.83333, 39.79167 ], [ -82.625, 39.79167 ], [ -82.625, 39.83333 ], [ -82.54167, 39.83333 ], [ -82.54167, 39.875 ], [ -82.45833, 39.875 ], [ -82.45833, 39.91667 ], [ -82.33333, 39.91667 ], [ -82.33333, 39.95833 ], [ -81.95833, 39.95833 ], [ -81.95833, 40.0 ], [ -81.83333, 40.0 ], [ -81.83333, 40.04167 ], [ -81.33333, 40.04167 ], [ -81.33333, 40.08333 ], [ -81.25, 40.08333 ], [ -81.25, 40.125 ], [ -81.125, 40.125 ], [ -81.125, 40.16667 ], [ -81.04167, 40.16667 ], [ -81.04167, 40.20833 ], [ -80.95833, 40.20833 ], [ -80.95833, 40.25 ], [ -80.83333, 40.25 ], [ -80.83333, 40.29167 ], [ -80.54167, 40.29167 ], [ -80.5, 40.375 ], [ -79.95833, 40.375 ], [ -79.95833, 40.41667 ], [ -79.875, 40.41667 ], [ -79.875, 40.45833 ], [ -79.79167, 40.54167 ], [ -79.70833, 40.54167 ], [ -79.66667, 40.625 ], [ -79.58333, 40.625 ], [ -79.58333, 40.66667 ], [ -79.5, 40.66667 ], [ -79.45833, 40.75 ], [ -79.375, 40.75 ], [ -79.375, 40.79167 ], [ -79.29167, 40.79167 ], [ -79.25, 40.875 ], [ -79.16667, 40.875 ], [ -79.125, 40.95833 ], [ -78.95833, 40.95833 ], [ -78.95833, 41.0 ], [ -78.875, 41.0 ], [ -78.875, 41.04167 ], [ -78.75, 41.04167 ], [ -78.75, 41.08333 ], [ -78.66667, 41.08333 ], [ -78.66667, 41.125 ], [ -78.58333, 41.125 ], [ -78.58333, 41.16667 ], [ -78.5, 41.16667 ], [ -78.45833, 41.25 ], [ -78.375, 41.25 ], [ -78.375, 41.29167 ], [ -78.04167, 41.29167 ], [ -78.04167, 41.375 ], [ -77.875, 41.375 ], [ -77.83333, 41.45833 ], [ -77.70833, 41.45833 ], [ -77.66667, 41.54167 ], [ -77.54167, 41.54167 ], [ -77.5, 41.54167 ], [ -77.29167, 41.54167 ], [ -77.29167, 41.58333 ], [ -77.16667, 41.70833 ], [ -77.04167, 41.70833 ], [ -77.0, 41.75 ], [ -76.91667, 41.75 ], [ -76.91667, 41.79167 ], [ -76.83333, 41.79167 ], [ -76.75, 41.75 ], [ -76.54167, 41.75 ], [ -76.54167, 41.79167 ], [ -76.45833, 41.79167 ], [ -76.45833, 41.875 ], [ -76.375, 41.95833 ], [ -76.25, 41.95833 ], [ -76.25, 42.0 ], [ -76.125, 42.0 ], [ -76.125, 42.04167 ], [ -76.04167, 42.08333 ], [ -75.875, 42.08333 ], [ -75.875, 42.16667 ], [ -75.79167, 42.20833 ], [ -75.79167, 42.29167 ], [ -75.70833, 42.33333 ], [ -75.58333, 42.45833 ], [ -75.5, 42.45833 ], [ -75.45833, 42.54167 ], [ -75.45833, 42.70833 ], [ -75.41667, 42.70833 ], [ -75.41667, 42.83333 ], [ -75.33333, 42.875 ], [ -75.33333, 42.95833 ], [ -75.25, 42.95833 ], [ -75.25, 42.79167 ], [ -75.20833, 42.875 ], [ -75.125, 42.875 ], [ -75.125, 42.91667 ], [ -75.08333, 42.91667 ], [ -75.08333, 42.95833 ], [ -74.625, 42.95833 ], [ -74.70833, 43.04167 ], [ -74.70833, 43.125 ], [ -74.79167, 43.08333 ], [ -74.91667, 43.08333 ], [ -74.95833, 43.125 ], [ -74.95833, 43.20833 ], [ -75.20833, 43.33333 ], [ -75.33333, 43.33333 ], [ -75.33333, 43.375 ], [ -75.66667, 43.375 ], [ -75.66667, 43.41667 ], [ -75.83333, 43.5 ], [ -75.91667, 43.5 ], [ -76.04167, 43.625 ], [ -76.0, 43.70833 ], [ -76.0, 43.83333 ], [ -75.95833, 43.91667 ], [ -75.875, 43.91667 ], [ -75.83333, 44.0 ], [ -75.625, 44.0 ], [ -75.58333, 44.04167 ], [ -75.625, 44.08333 ], [ -75.54167, 44.16667 ], [ -75.625, 44.16667 ], [ -75.625, 44.25 ], [ -75.54167, 44.29167 ], [ -75.54167, 44.375 ], [ -75.41667, 44.41667 ], [ -75.41667, 44.5 ], [ -75.33333, 44.54167 ], [ -75.25, 44.625 ], [ -75.33333, 44.625 ], [ -75.29167, 44.70833 ], [ -75.33333, 44.75 ], [ -75.41667, 44.66667 ], [ -75.5, 44.625 ], [ -75.54167, 44.54167 ], [ -75.66667, 44.54167 ], [ -75.70833, 44.58333 ], [ -75.75, 44.54167 ], [ -75.75, 44.375 ], [ -75.875, 44.375 ], [ -75.91667, 44.29167 ], [ -76.0, 44.29167 ], [ -76.08333, 44.25 ], [ -76.08333, 44.20833 ], [ -76.20833, 44.20833 ], [ -76.29167, 44.16667 ], [ -76.33333, 44.08333 ], [ -76.125, 44.08333 ], [ -76.04167, 44.04167 ], [ -76.04167, 43.95833 ], [ -76.125, 43.95833 ], [ -76.125, 43.875 ], [ -76.20833, 43.83333 ], [ -76.20833, 43.70833 ], [ -76.16667, 43.70833 ], [ -76.16667, 43.54167 ], [ -76.20833, 43.5 ], [ -76.45833, 43.5 ], [ -76.625, 43.41667 ], [ -76.66667, 43.33333 ], [ -76.75, 43.29167 ], [ -76.91667, 43.29167 ], [ -76.91667, 43.25 ], [ -77.16667, 43.25 ], [ -77.16667, 43.29167 ], [ -77.41667, 43.29167 ], [ -77.41667, 43.25 ], [ -77.66667, 43.25 ], [ -77.66667, 43.29167 ], [ -77.75, 43.33333 ], [ -77.95833, 43.33333 ], [ -77.95833, 43.375 ], [ -78.58333, 43.375 ], [ -78.58333, 43.33333 ], [ -78.79167, 43.33333 ], [ -78.79167, 43.29167 ], [ -78.95833, 43.29167 ], [ -78.95833, 43.25 ], [ -79.16667, 43.25 ], [ -79.16667, 43.20833 ], [ -79.29167, 43.20833 ], [ -79.29167, 43.16667 ], [ -79.41667, 43.16667 ], [ -79.41667, 43.20833 ], [ -79.70833, 43.20833 ], [ -79.79167, 43.25 ], [ -79.79167, 43.375 ], [ -79.75, 43.375 ], [ -79.625, 43.5 ], [ -79.625, 43.58333 ], [ -79.5, 43.66667 ], [ -79.375, 43.66667 ], [ -79.375, 43.70833 ], [ -79.29167, 43.75 ], [ -79.20833, 43.75 ], [ -79.16667, 43.83333 ], [ -79.04167, 43.83333 ], [ -79.04167, 43.875 ], [ -78.83333, 43.875 ], [ -78.83333, 43.91667 ], [ -78.45833, 43.91667 ], [ -78.45833, 43.95833 ], [ -78.29167, 43.95833 ], [ -78.29167, 44.0 ], [ -77.875, 44.0 ], [ -77.875, 44.04167 ], [ -77.75, 44.04167 ], [ -77.54167, 44.16667 ], [ -77.41667, 44.16667 ], [ -77.41667, 44.20833 ], [ -76.79167, 44.20833 ], [ -76.875, 44.25 ], [ -76.875, 44.33333 ], [ -77.0, 44.33333 ], [ -77.0, 44.29167 ], [ -77.25, 44.29167 ], [ -77.25, 44.33333 ], [ -77.5, 44.33333 ], [ -77.54167, 44.41667 ], [ -77.79167, 44.41667 ], [ -77.75, 44.33333 ], [ -77.83333, 44.33333 ], [ -77.91667, 44.375 ], [ -77.91667, 44.16667 ], [ -77.95833, 44.08333 ], [ -78.04167, 44.04167 ], [ -78.5, 44.04167 ], [ -78.5, 44.0 ], [ -78.75, 44.0 ], [ -78.75, 43.95833 ], [ -79.04167, 43.95833 ], [ -79.04167, 43.91667 ], [ -79.45833, 43.91667 ], [ -79.45833, 43.875 ], [ -79.75, 43.875 ], [ -79.75, 43.79167 ], [ -79.79167, 43.75 ], [ -79.875, 43.75 ], [ -79.95833, 43.66667 ], [ -79.95833, 43.5 ], [ -80.16667, 43.5 ], [ -80.20833, 43.58333 ], [ -80.29167, 43.58333 ], [ -80.33333, 43.5 ], [ -80.58333, 43.5 ], [ -80.625, 43.41667 ], [ -80.75, 43.41667 ], [ -80.79167, 43.33333 ], [ -80.875, 43.33333 ], [ -80.91667, 43.41667 ], [ -81.0, 43.41667 ], [ -81.08333, 43.375 ], [ -81.125, 43.45833 ], [ -81.25, 43.45833 ], [ -81.25, 43.58333 ], [ -81.29167, 43.58333 ], [ -81.375, 43.66667 ], [ -81.5, 43.75 ], [ -81.5, 44.0 ], [ -81.45833, 44.0 ], [ -81.45833, 44.25 ], [ -81.41667, 44.25 ], [ -81.29167, 44.375 ], [ -81.29167, 44.45833 ], [ -81.375, 44.45833 ], [ -81.375, 44.41667 ], [ -81.5, 44.41667 ], [ -81.5, 44.33333 ], [ -81.58333, 44.29167 ], [ -81.58333, 44.25 ], [ -81.625, 44.20833 ], [ -81.625, 44.125 ], [ -81.70833, 44.125 ], [ -81.70833, 43.58333 ], [ -81.66667, 43.58333 ], [ -81.66667, 43.41667 ], [ -81.75, 43.29167 ], [ -81.83333, 43.29167 ], [ -81.875, 43.20833 ], [ -82.0, 43.20833 ], [ -82.08333, 43.125 ], [ -82.16667, 43.08333 ], [ -82.16667, 43.04167 ], [ -82.29167, 43.04167 ], [ -82.29167, 43.0 ], [ -82.45833, 43.0 ], [ -82.54167, 43.16667 ], [ -82.54167, 43.41667 ], [ -82.58333, 43.41667 ], [ -82.58333, 43.54167 ], [ -82.625, 43.54167 ], [ -82.625, 43.75 ], [ -82.70833, 43.91667 ], [ -82.79167, 44.0 ], [ -82.875, 44.04167 ], [ -83.04167, 44.04167 ], [ -83.125, 44.0 ], [ -83.125, 43.95833 ], [ -83.25, 43.95833 ], [ -83.33333, 43.91667 ], [ -83.33333, 43.83333 ], [ -83.41667, 43.75 ], [ -83.45833, 43.66667 ], [ -83.58333, 43.66667 ], [ -83.625, 43.58333 ], [ -83.75, 43.58333 ], [ -83.75, 43.625 ], [ -83.875, 43.625 ], [ -83.95833, 43.66667 ], [ -83.95833, 43.91667 ], [ -83.91667, 44.0 ], [ -83.83333, 44.04167 ], [ -83.70833, 44.04167 ], [ -83.58333, 44.125 ], [ -83.58333, 44.25 ], [ -83.45833, 44.33333 ], [ -83.375, 44.33333 ], [ -83.33333, 44.375 ], [ -83.33333, 44.875 ], [ -83.41667, 44.875 ], [ -83.45833, 44.91667 ], [ -83.45833, 45.08333 ], [ -83.375, 45.08333 ], [ -83.41667, 45.16667 ], [ -83.5, 45.08333 ], [ -83.54167, 45.08333 ], [ -83.58333, 45.16667 ], [ -83.70833, 45.29167 ], [ -83.70833, 45.375 ], [ -83.75, 45.41667 ], [ -83.875, 45.41667 ], [ -83.875, 45.45833 ], [ -83.95833, 45.5 ], [ -84.16667, 45.5 ], [ -84.16667, 45.58333 ], [ -84.20833, 45.625 ], [ -84.375, 45.625 ], [ -84.33333, 45.58333 ], [ -84.375, 45.54167 ], [ -84.375, 45.45833 ], [ -84.33333, 45.41667 ], [ -84.04167, 45.41667 ], [ -84.04167, 45.375 ], [ -83.875, 45.375 ], [ -83.83333, 45.33333 ], [ -83.875, 45.29167 ], [ -83.83333, 45.25 ], [ -83.83333, 45.08333 ], [ -84.04167, 45.08333 ], [ -84.125, 45.125 ], [ -84.125, 45.25 ], [ -84.375, 45.25 ], [ -84.375, 45.08333 ], [ -84.45833, 45.08333 ], [ -84.45833, 45.04167 ], [ -84.20833, 45.04167 ], [ -84.25, 45.0 ], [ -84.16667, 44.91667 ], [ -84.16667, 44.83333 ], [ -84.04167, 44.75 ], [ -84.20833, 44.75 ], [ -84.25, 44.75 ], [ -84.29167, 44.70833 ], [ -84.29167, 44.79167 ], [ -84.375, 44.83333 ], [ -84.375, 44.70833 ], [ -84.41667, 44.70833 ], [ -84.41667, 44.83333 ], [ -84.45833, 44.875 ], [ -84.5, 44.875 ], [ -84.5, 44.79167 ], [ -84.58333, 44.79167 ], [ -84.58333, 44.75 ], [ -84.66667, 44.70833 ], [ -84.875, 44.70833 ], [ -84.95833, 44.66667 ], [ -85.04167, 44.70833 ], [ -85.04167, 44.58333 ], [ -85.20833, 44.58333 ], [ -85.125, 44.66667 ], [ -85.125, 44.875 ], [ -85.08333, 44.875 ], [ -84.95833, 45.0 ], [ -84.95833, 45.125 ], [ -84.875, 45.125 ], [ -84.79167, 45.16667 ], [ -84.79167, 45.33333 ], [ -84.625, 45.33333 ], [ -84.54167, 45.375 ], [ -84.5, 45.45833 ], [ -84.41667, 45.45833 ], [ -84.41667, 45.66667 ], [ -84.5, 45.66667 ], [ -84.5, 45.58333 ], [ -84.625, 45.5 ], [ -84.79167, 45.5 ], [ -84.79167, 45.45833 ], [ -84.875, 45.45833 ], [ -84.91667, 45.375 ], [ -85.16667, 45.375 ], [ -85.16667, 45.33333 ], [ -85.29167, 45.33333 ], [ -85.375, 45.25 ], [ -85.375, 44.91667 ], [ -85.45833, 44.875 ], [ -85.45833, 44.79167 ], [ -85.5, 44.75 ], [ -85.625, 44.75 ], [ -85.66667, 44.79167 ], [ -85.66667, 45.08333 ], [ -85.75, 45.0 ], [ -85.79167, 44.91667 ], [ -86.04167, 44.91667 ], [ -86.08333, 44.83333 ], [ -86.08333, 44.70833 ], [ -86.25, 44.70833 ], [ -86.20833, 44.66667 ], [ -86.20833, 44.5 ], [ -86.25, 44.5 ], [ -86.25, 44.33333 ], [ -86.29167, 44.25 ], [ -86.375, 44.20833 ], [ -86.375, 44.125 ], [ -86.45833, 44.125 ], [ -86.5, 44.08333 ], [ -86.41667, 44.0 ], [ -86.41667, 43.75 ], [ -86.5, 43.625 ], [ -86.375, 43.375 ], [ -86.375, 43.29167 ], [ -86.25, 43.29167 ], [ -86.25, 43.04167 ], [ -86.20833, 43.04167 ], [ -86.20833, 42.58333 ], [ -86.25, 42.58333 ], [ -86.25, 42.41667 ], [ -86.33333, 42.25 ], [ -86.41667, 42.16667 ], [ -86.45833, 42.08333 ], [ -86.54167, 42.04167 ], [ -86.54167, 41.95833 ], [ -86.625, 41.91667 ], [ -86.625, 41.83333 ], [ -86.70833, 41.83333 ], [ -86.75, 41.75 ], [ -86.83333, 41.75 ], [ -86.83333, 41.70833 ], [ -86.95833, 41.70833 ], [ -86.95833, 41.66667 ], [ -87.08333, 41.66667 ], [ -87.08333, 41.625 ], [ -87.45833, 41.625 ], [ -87.625, 41.79167 ], [ -87.66667, 41.875 ], [ -87.66667, 42.04167 ], [ -87.70833, 42.04167 ], [ -87.83333, 42.16667 ], [ -87.83333, 42.70833 ], [ -87.79167, 42.79167 ], [ -87.875, 42.83333 ], [ -87.875, 43.0 ], [ -87.91667, 43.0 ], [ -87.91667, 43.375 ], [ -87.875, 43.375 ], [ -87.83333, 43.45833 ], [ -87.83333, 43.58333 ], [ -87.79167, 43.66667 ], [ -87.70833, 43.70833 ], [ -87.75, 43.79167 ], [ -87.75, 43.95833 ], [ -87.70833, 43.95833 ], [ -87.70833, 44.08333 ], [ -87.625, 44.16667 ], [ -87.54167, 44.16667 ], [ -87.54167, 44.45833 ], [ -87.5, 44.45833 ], [ -87.5, 44.58333 ], [ -87.41667, 44.625 ], [ -87.41667, 44.70833 ], [ -87.375, 44.79167 ], [ -87.41667, 44.83333 ], [ -87.625, 44.83333 ], [ -87.70833, 44.75 ], [ -87.70833, 44.66667 ], [ -87.75, 44.625 ], [ -87.83333, 44.625 ], [ -87.875, 44.54167 ], [ -88.04167, 44.54167 ], [ -88.04167, 44.66667 ], [ -87.95833, 44.83333 ], [ -87.875, 44.875 ], [ -87.875, 44.95833 ], [ -87.79167, 45.0 ], [ -87.66667, 45.0 ], [ -87.625, 45.08333 ], [ -87.625, 45.20833 ], [ -87.70833, 45.20833 ], [ -87.875, 45.20833 ], [ -87.91667, 45.33333 ], [ -87.95833, 45.29167 ], [ -88.04167, 45.29167 ], [ -88.125, 45.20833 ], [ -88.125, 45.125 ], [ -88.20833, 45.04167 ], [ -88.25, 45.04167 ], [ -88.25, 45.08333 ], [ -88.33333, 44.95833 ], [ -88.58333, 44.95833 ], [ -88.66667, 44.91667 ], [ -88.79167, 44.79167 ], [ -88.875, 44.79167 ], [ -88.875, 44.70833 ], [ -88.95833, 44.70833 ], [ -89.04167, 44.625 ], [ -89.25, 44.625 ], [ -89.20833, 44.58333 ], [ -89.20833, 44.5 ], [ -89.29167, 44.54167 ], [ -89.45833, 44.54167 ], [ -89.45833, 44.58333 ], [ -89.625, 44.58333 ], [ -89.625, 44.5 ], [ -90.125, 44.5 ], [ -90.125, 44.45833 ], [ -90.25, 44.45833 ], [ -90.25, 44.41667 ], [ -90.45833, 44.41667 ], [ -90.45833, 44.45833 ], [ -90.5, 44.5 ], [ -90.66667, 44.5 ], [ -91.04167, 44.5 ], [ -91.08333, 44.54167 ], [ -91.04167, 44.625 ], [ -91.04167, 44.75 ], [ -91.16667, 44.75 ], [ -91.20833, 44.79167 ], [ -91.20833, 44.875 ], [ -91.16667, 44.95833 ], [ -91.20833, 45.04167 ], [ -91.33333, 45.04167 ], [ -91.375, 45.08333 ], [ -91.375, 45.16667 ], [ -91.54167, 45.16667 ], [ -91.625, 45.125 ], [ -91.625, 45.20833 ], [ -91.70833, 45.20833 ], [ -91.79167, 45.16667 ], [ -92.16667, 45.16667 ], [ -92.20833, 45.125 ], [ -92.20833, 45.0 ], [ -92.29167, 45.0 ], [ -92.29167, 45.08333 ], [ -92.25, 45.125 ], [ -92.29167, 45.16667 ], [ -92.33333, 45.20833 ], [ -92.41667, 45.20833 ], [ -92.45833, 45.33333 ], [ -92.54167, 45.33333 ], [ -92.625, 45.375 ], [ -92.625, 45.58333 ], [ -92.70833, 45.625 ], [ -92.83333, 45.625 ], [ -92.91667, 45.66667 ], [ -92.95833, 45.58333 ], [ -93.04167, 45.58333 ], [ -93.08333, 45.5 ], [ -93.16667, 45.5 ], [ -93.16667, 45.58333 ], [ -93.375, 45.58333 ], [ -93.375, 45.625 ], [ -93.70833, 45.625 ], [ -93.75, 45.66667 ], [ -93.75, 45.58333 ], [ -93.79167, 45.58333 ], [ -93.79167, 45.66667 ], [ -93.83333, 45.625 ], [ -94.04167, 45.625 ], [ -94.125, 45.66667 ], [ -94.125, 45.79167 ], [ -94.16667, 45.83333 ], [ -94.125, 45.875 ], [ -94.20833, 45.875 ], [ -94.16667, 45.91667 ], [ -94.16667, 45.95833 ], [ -94.29167, 45.95833 ], [ -94.29167, 46.0 ], [ -94.41667, 46.0 ], [ -94.45833, 45.91667 ], [ -94.54167, 45.91667 ], [ -94.58333, 45.83333 ], [ -94.58333, 45.75 ], [ -94.91667, 45.75 ], [ -95.0, 45.79167 ], [ -95.04167, 45.70833 ], [ -95.04167, 45.625 ], [ -95.125, 45.54167 ], [ -95.16667, 45.54167 ], [ -95.16667, 45.375 ], [ -95.25, 45.45833 ], [ -95.58333, 45.45833 ], [ -95.58333, 45.54167 ], [ -95.66667, 45.5 ], [ -95.875, 45.5 ], [ -95.95833, 45.54167 ], [ -95.95833, 45.58333 ], [ -96.04167, 45.625 ], [ -96.16667, 45.75 ], [ -96.125, 45.83333 ], [ -96.125, 45.95833 ], [ -96.16667, 46.0 ], [ -96.5, 46.0 ], [ -96.54167, 46.04167 ], [ -96.54167, 46.125 ], [ -96.58333, 46.16667 ], [ -96.66667, 46.16667 ], [ -96.70833, 46.29167 ], [ -97.0, 46.29167 ], [ -97.08333, 46.25 ], [ -97.125, 46.33333 ], [ -97.16667, 46.33333 ] ], [ [ -97.0, 46.08333 ], [ -96.875, 46.08333 ], [ -96.875, 46.04167 ], [ -97.0, 46.04167 ], [ -97.0, 46.08333 ] ], [ [ -97.5, 45.91667 ], [ -97.41667, 45.91667 ], [ -97.33333, 45.83333 ], [ -97.25, 45.79167 ], [ -97.08333, 45.625 ], [ -97.08333, 45.45833 ], [ -97.0, 45.29167 ], [ -96.95833, 45.29167 ], [ -96.95833, 45.125 ], [ -97.0, 45.125 ], [ -97.08333, 45.20833 ], [ -97.08333, 45.33333 ], [ -97.125, 45.375 ], [ -97.25, 45.375 ], [ -97.25, 45.25 ], [ -97.33333, 45.25 ], [ -97.33333, 45.33333 ], [ -97.375, 45.375 ], [ -97.45833, 45.375 ], [ -97.45833, 45.45833 ], [ -97.25, 45.45833 ], [ -97.25, 45.54167 ], [ -97.41667, 45.54167 ], [ -97.45833, 45.5 ], [ -97.625, 45.66667 ], [ -97.54167, 45.75 ], [ -97.54167, 45.83333 ], [ -97.5, 45.91667 ] ], [ [ -94.41667, 45.625 ], [ -94.33333, 45.54167 ], [ -94.54167, 45.54167 ], [ -94.54167, 45.58333 ], [ -94.41667, 45.58333 ], [ -94.41667, 45.625 ] ], [ [ -95.95833, 45.54167 ], [ -95.95833, 45.5 ], [ -96.08333, 45.5 ], [ -96.08333, 45.54167 ], [ -95.95833, 45.54167 ] ], [ [ -83.79167, 45.04167 ], [ -83.75, 45.04167 ], [ -83.75, 44.875 ], [ -83.79167, 44.875 ], [ -83.79167, 45.04167 ] ], [ [ -83.75, 44.83333 ], [ -83.66667, 44.83333 ], [ -83.70833, 44.75 ], [ -83.70833, 44.625 ], [ -83.875, 44.70833 ], [ -83.75, 44.70833 ], [ -83.75, 44.83333 ] ], [ [ -88.45833, 44.79167 ], [ -88.33333, 44.79167 ], [ -88.33333, 44.75 ], [ -88.45833, 44.75 ], [ -88.45833, 44.79167 ] ], [ [ -84.33333, 44.58333 ], [ -84.20833, 44.58333 ], [ -84.25, 44.45833 ], [ -84.375, 44.45833 ], [ -84.375, 44.54167 ], [ -84.33333, 44.58333 ] ], [ [ -85.08333, 44.54167 ], [ -85.0, 44.54167 ], [ -85.0, 44.45833 ], [ -85.16667, 44.29167 ], [ -85.25, 44.29167 ], [ -85.29167, 44.25 ], [ -85.25, 44.20833 ], [ -85.25, 44.125 ], [ -85.33333, 44.04167 ], [ -85.29167, 43.95833 ], [ -85.375, 43.95833 ], [ -85.375, 44.125 ], [ -85.625, 44.125 ], [ -85.625, 44.20833 ], [ -85.66667, 44.29167 ], [ -85.625, 44.33333 ], [ -85.45833, 44.41667 ], [ -85.29167, 44.41667 ], [ -85.29167, 44.45833 ], [ -85.20833, 44.5 ], [ -85.08333, 44.5 ], [ -85.08333, 44.54167 ] ], [ [ -79.08333, 43.125 ], [ -79.0, 43.08333 ], [ -78.875, 43.08333 ], [ -78.875, 42.875 ], [ -78.83333, 42.79167 ], [ -78.91667, 42.70833 ], [ -79.04167, 42.70833 ], [ -79.04167, 42.625 ], [ -79.125, 42.54167 ], [ -79.25, 42.54167 ], [ -79.41667, 42.45833 ], [ -79.5, 42.375 ], [ -79.5, 42.33333 ], [ -79.625, 42.33333 ], [ -79.79167, 42.25 ], [ -79.79167, 42.20833 ], [ -79.91667, 42.20833 ], [ -80.0, 42.16667 ], [ -80.0, 42.125 ], [ -80.125, 42.125 ], [ -80.20833, 42.08333 ], [ -80.20833, 42.04167 ], [ -80.33333, 42.04167 ], [ -80.33333, 42.0 ], [ -80.45833, 42.0 ], [ -80.45833, 41.95833 ], [ -80.625, 41.95833 ], [ -80.625, 41.91667 ], [ -80.75, 41.91667 ], [ -80.75, 41.875 ], [ -80.875, 41.875 ], [ -80.875, 41.83333 ], [ -81.04167, 41.83333 ], [ -81.04167, 41.79167 ], [ -81.16667, 41.79167 ], [ -81.16667, 41.75 ], [ -81.29167, 41.75 ], [ -81.29167, 41.70833 ], [ -81.375, 41.70833 ], [ -81.41667, 41.625 ], [ -81.5, 41.625 ], [ -81.54167, 41.54167 ], [ -81.625, 41.54167 ], [ -81.625, 41.5 ], [ -81.70833, 41.5 ], [ -81.70833, 41.45833 ], [ -81.95833, 41.45833 ], [ -81.95833, 41.5 ], [ -82.08333, 41.5 ], [ -82.08333, 41.45833 ], [ -82.20833, 41.45833 ], [ -82.20833, 41.41667 ], [ -82.375, 41.41667 ], [ -82.375, 41.375 ], [ -82.58333, 41.375 ], [ -82.58333, 41.41667 ], [ -82.66667, 41.41667 ], [ -82.66667, 41.45833 ], [ -82.83333, 41.45833 ], [ -82.83333, 41.41667 ], [ -83.0, 41.41667 ], [ -83.0, 41.45833 ], [ -83.08333, 41.45833 ], [ -83.08333, 41.5 ], [ -83.0, 41.5 ], [ -83.0, 41.54167 ], [ -83.08333, 41.54167 ], [ -83.08333, 41.58333 ], [ -83.16667, 41.58333 ], [ -83.16667, 41.625 ], [ -83.25, 41.625 ], [ -83.25, 41.66667 ], [ -83.41667, 41.66667 ], [ -83.41667, 41.70833 ], [ -83.5, 41.70833 ], [ -83.5, 41.79167 ], [ -83.45833, 41.79167 ], [ -83.20833, 42.04167 ], [ -83.20833, 42.16667 ], [ -83.16667, 42.16667 ], [ -83.16667, 42.29167 ], [ -83.08333, 42.375 ], [ -82.95833, 42.375 ], [ -82.91667, 42.41667 ], [ -82.91667, 42.54167 ], [ -82.83333, 42.58333 ], [ -82.83333, 42.66667 ], [ -82.79167, 42.70833 ], [ -82.625, 42.70833 ], [ -82.58333, 42.625 ], [ -82.58333, 42.54167 ], [ -82.41667, 42.54167 ], [ -82.375, 42.45833 ], [ -82.375, 42.375 ], [ -82.45833, 42.29167 ], [ -83.08333, 42.29167 ], [ -83.08333, 42.08333 ], [ -83.04167, 42.04167 ], [ -82.54167, 42.04167 ], [ -82.41667, 42.16667 ], [ -82.29167, 42.16667 ], [ -82.29167, 42.20833 ], [ -82.125, 42.29167 ], [ -81.91667, 42.29167 ], [ -81.83333, 42.33333 ], [ -81.83333, 42.41667 ], [ -81.79167, 42.45833 ], [ -81.70833, 42.45833 ], [ -81.66667, 42.54167 ], [ -81.41667, 42.66667 ], [ -81.25, 42.66667 ], [ -81.25, 42.70833 ], [ -81.125, 42.70833 ], [ -81.125, 42.66667 ], [ -80.70833, 42.66667 ], [ -80.70833, 42.625 ], [ -80.54167, 42.625 ], [ -80.45833, 42.58333 ], [ -80.45833, 42.66667 ], [ -80.41667, 42.70833 ], [ -80.33333, 42.70833 ], [ -80.29167, 42.79167 ], [ -80.20833, 42.83333 ], [ -79.83333, 42.83333 ], [ -79.83333, 42.875 ], [ -79.5, 42.875 ], [ -79.5, 42.91667 ], [ -79.16667, 42.91667 ], [ -79.16667, 42.875 ], [ -79.04167, 42.875 ], [ -79.04167, 43.04167 ], [ -79.08333, 43.125 ] ], [ [ -75.875, 42.70833 ], [ -75.875, 42.79167 ], [ -75.79167, 42.95833 ], [ -75.70833, 42.95833 ], [ -75.70833, 42.79167 ], [ -75.75, 42.79167 ], [ -75.75, 42.66667 ], [ -75.79167, 42.70833 ], [ -75.875, 42.70833 ] ], [ [ -76.08333, 42.79167 ], [ -76.04167, 42.70833 ], [ -76.125, 42.70833 ], [ -76.08333, 42.79167 ] ], [ [ -78.25, 42.58333 ], [ -78.20833, 42.58333 ], [ -78.20833, 42.41667 ], [ -78.29167, 42.41667 ], [ -78.375, 42.33333 ], [ -78.45833, 42.375 ], [ -78.45833, 42.45833 ], [ -78.375, 42.54167 ], [ -78.25, 42.54167 ], [ -78.25, 42.58333 ] ], [ [ -78.66667, 42.29167 ], [ -78.66667, 42.375 ], [ -78.58333, 42.375 ], [ -78.58333, 42.45833 ], [ -78.5, 42.45833 ], [ -78.5, 42.25 ], [ -78.625, 42.25 ], [ -78.66667, 42.29167 ] ], [ [ -98.41667, 42.0 ], [ -98.33333, 42.0 ], [ -98.29167, 41.91667 ], [ -98.375, 41.91667 ], [ -98.41667, 42.0 ] ], [ [ -77.875, 41.83333 ], [ -77.83333, 41.75 ], [ -77.91667, 41.75 ], [ -77.875, 41.83333 ] ], [ [ -98.95833, 41.54167 ], [ -98.875, 41.54167 ], [ -98.875, 41.5 ], [ -98.95833, 41.5 ], [ -98.95833, 41.54167 ] ] ] ] } },
{ "type": "Feature", "properties": { "ID": 8 }, "geometry": { "type": "MultiPolygon", "coordinates": [ [ [ [ -79.08333, 51.79167 ], [ -79.08333, 51.75 ], [ -79.04167, 51.79167 ], [ -79.08333, 51.79167 ] ] ], [ [ [ -79.125, 51.66667 ], [ -79.125, 51.625 ], [ -79.04167, 51.625 ], [ -79.04167, 51.66667 ], [ -79.125, 51.66667 ] ] ] ] } }
]
}
