{
"type": "FeatureCollection",
"name": "Ruellia_humilis",
"crs": { "type": "name", "properties": { "name": "urn:ogc:def:crs:OGC:1.3:CRS84" } },
"features": [
{ "type": "Feature", "properties": { "ID": 1 }, "geometry": { "type": "MultiPolygon", "coordinates": [ [ [ [ -74.2083333, 59.5 ], [ -74.2916667, 59.4583333 ], [ -74.2083333, 59.4583333 ], [ -74.2083333, 59.5 ] ] ], [ [ [ -108.1666667, 43.375 ], [ -108.125, 43.3333333 ], [ -108.125, 43.375 ], [ -108.1666667, 43.375 ] ] ], [ [ [ -108.1666667, 43.2083333 ], [ -108.2916667, 43.125 ], [ -108.25, 43.125 ], [ -108.2083333, 43.125 ], [ -108.1666667, 43.125 ], [ -108.1666667, 43.2083333 ] ] ], [ [ [ -108.7916667, 40.1666667 ], [ -108.7083333, 40.125 ], [ -108.4583333, 40.1666667 ], [ -108.4583333, 40.25 ], [ -108.7916667, 40.25 ], [ -108.7916667, 40.1666667 ] ] ], [ [ [ -108.7916667, 40.1666667 ], [ -108.9166667, 40.0833333 ], [ -109.0, 40.0833333 ], [ -109.125, 40.1666667 ], [ -109.0833333, 40.3333333 ], [ -109.2083333, 40.3333333 ], [ -109.2083333, 40.4583333 ], [ -109.3333333, 40.5 ], [ -109.5416667, 40.5 ], [ -109.5833333, 40.4166667 ], [ -109.75, 40.4166667 ], [ -109.875, 40.375 ], [ -110.125, 40.375 ], [ -110.2916667, 40.2083333 ], [ -110.2916667, 40.1666667 ], [ -110.2916667, 40.0833333 ], [ -110.0833333, 40.0416667 ], [ -109.9166667, 39.9166667 ], [ -109.9583333, 39.75 ], [ -109.7916667, 39.75 ], [ -109.7916667, 39.8333333 ], [ -109.5833333, 39.8333333 ], [ -109.4166667, 39.9166667 ], [ -109.1666667, 39.9166667 ], [ -109.1666667, 39.9583333 ], [ -109.125, 40.0 ], [ -108.8333333, 40.0 ], [ -108.75, 40.0416667 ], [ -108.7916667, 40.1666667 ] ] ] ] } },
{ "type": "Feature", "properties": { "ID": 2 }, "geometry": { "type": "MultiPolygon", "coordinates": [ [ [ [ -74.25, 56.125 ], [ -74.25, 56.0416667 ], [ -74.0416667, 56.0 ], [ -74.0, 56.125 ], [ -74.25, 56.125 ] ] ], [ [ [ -105.375, 49.2916667 ], [ -105.375, 49.25 ], [ -105.3333333, 49.25 ], [ -105.3333333, 49.2916667 ], [ -105.375, 49.2916667 ] ] ], [ [ [ -69.2083333, 48.875 ], [ -69.25, 48.8333333 ], [ -69.2083333, 48.8333333 ], [ -69.2083333, 48.875 ] ] ], [ [ [ -105.2083333, 48.5833333 ], [ -105.3333333, 48.5833333 ], [ -105.375, 48.4583333 ], [ -105.2916667, 48.3333333 ], [ -105.25, 48.1666667 ], [ -105.5, 48.1666667 ], [ -105.6666667, 48.0833333 ], [ -105.625, 48.0 ], [ -105.4583333, 48.0416667 ], [ -105.4166667, 48.0416667 ], [ -105.25, 47.9166667 ], [ -105.0833333, 47.875 ], [ -105.0, 48.0 ], [ -105.0416667, 48.2083333 ], [ -105.0416667, 48.4583333 ], [ -105.2083333, 48.5 ], [ -105.2083333, 48.5833333 ] ] ], [ [ [ -71.375, 46.9166667 ], [ -71.3333333, 46.75 ], [ -71.1666667, 46.7916667 ], [ -71.1666667, 46.875 ], [ -71.375, 46.9166667 ] ] ], [ [ [ -60.875, 45.6666667 ], [ -60.8333333, 45.625 ], [ -60.8333333, 45.6666667 ], [ -60.875, 45.6666667 ] ] ], [ [ [ -60.9166667, 45.5833333 ], [ -61.2083333, 45.5833333 ], [ -61.25, 45.5 ], [ -61.0833333, 45.4583333 ], [ -60.875, 45.4583333 ], [ -60.9166667, 45.5416667 ], [ -60.9166667, 45.5833333 ] ] ], [ [ [ -73.75, 45.5833333 ], [ -73.7916667, 45.5 ], [ -73.5833333, 45.4166667 ], [ -73.5833333, 45.5 ], [ -73.6666667, 45.5833333 ], [ -73.75, 45.5833333 ] ] ], [ [ [ -75.75, 45.3333333 ], [ -75.625, 45.3333333 ], [ -75.625, 45.4583333 ], [ -75.75, 45.4583333 ], [ -75.75, 45.3333333 ] ] ], [ [ [ -75.75, 45.2916667 ], [ -75.75, 45.25 ], [ -75.7083333, 45.2083333 ], [ -75.75, 45.2916667 ] ] ], [ [ [ -61.125, 45.2916667 ], [ -61.0416667, 45.25 ], [ -60.9166667, 45.2916667 ], [ -60.9166667, 45.375 ], [ -61.125, 45.3333333 ], [ -61.0833333, 45.2916667 ], [ -61.125, 45.2916667 ] ] ], [ [ [ -73.6666667, 45.2083333 ], [ -73.625, 45.375 ], [ -73.75, 45.375 ], [ -73.75, 45.1666667 ], [ -73.7083333, 45.1666667 ], [ -73.6666667, 45.2083333 ] ] ], [ [ [ -93.25, 45.1666667 ], [ -93.25, 45.125 ], [ -93.2083333, 45.125 ], [ -93.25, 45.1666667 ] ] ], [ [ [ -73.125, 45.4166667 ], [ -73.2916667, 45.4166667 ], [ -73.2916667, 45.1666667 ], [ -73.1666667, 45.2083333 ], [ -73.1666667, 45.2916667 ], [ -73.0416667, 45.2916667 ], [ -73.125, 45.4166667 ] ] ], [ [ [ -72.875, 45.1666667 ], [ -72.875, 45.125 ], [ -72.8333333, 45.125 ], [ -72.875, 45.1666667 ] ] ], [ [ [ -75.5416667, 45.125 ], [ -75.625, 45.0833333 ], [ -75.75, 45.0833333 ], [ -75.7083333, 44.9166667 ], [ -75.625, 44.9166667 ], [ -75.625, 44.7916667 ], [ -75.4583333, 44.6666667 ], [ -75.5833333, 44.625 ], [ -75.5833333, 44.5416667 ], [ -75.375, 44.5833333 ], [ -75.2916667, 44.5833333 ], [ -75.1666667, 44.625 ], [ -75.125, 44.625 ], [ -74.9166667, 44.625 ], [ -74.7916667, 44.6666667 ], [ -74.7916667, 44.75 ], [ -74.7083333, 44.875 ], [ -74.9166667, 44.9583333 ], [ -75.0416667, 44.875 ], [ -75.25, 44.875 ], [ -75.2916667, 44.8333333 ], [ -75.2916667, 44.9166667 ], [ -75.1666667, 44.9166667 ], [ -75.125, 45.0 ], [ -75.2916667, 45.0416667 ], [ -75.5416667, 45.125 ] ], [ [ -75.625, 44.9166667 ], [ -75.625, 44.9583333 ], [ -75.5833333, 44.9583333 ], [ -75.625, 44.9166667 ] ], [ [ -75.5833333, 45.0416667 ], [ -75.625, 45.0833333 ], [ -75.5833333, 45.0833333 ], [ -75.5833333, 45.0416667 ] ] ], [ [ [ -73.7083333, 45.1666667 ], [ -73.6666667, 45.0833333 ], [ -73.6666667, 45.1666667 ], [ -73.7083333, 45.1666667 ] ] ], [ [ [ -72.9166667, 45.125 ], [ -72.9166667, 45.0833333 ], [ -72.875, 45.125 ], [ -72.9166667, 45.125 ] ] ], [ [ [ -73.5833333, 45.4166667 ], [ -73.5833333, 45.25 ], [ -73.6666667, 45.2083333 ], [ -73.6666667, 45.1666667 ], [ -73.625, 45.0833333 ], [ -73.5, 45.0416667 ], [ -73.5416667, 45.2083333 ], [ -73.4166667, 45.2916667 ], [ -73.375, 45.4166667 ], [ -73.5833333, 45.4166667 ] ] ], [ [ [ -72.7916667, 45.4583333 ], [ -72.875, 45.375 ], [ -73.0, 45.375 ], [ -73.0416667, 45.2916667 ], [ -73.1666667, 45.2083333 ], [ -73.0833333, 45.125 ], [ -73.0416667, 45.0 ], [ -73.0, 45.0416667 ], [ -72.9166667, 45.125 ], [ -72.875, 45.1666667 ], [ -72.875, 45.2916667 ], [ -72.6666667, 45.375 ], [ -72.6666667, 45.4583333 ], [ -72.75, 45.4583333 ], [ -72.7916667, 45.4583333 ] ] ], [ [ [ -74.4583333, 44.8333333 ], [ -74.5416667, 44.9583333 ], [ -74.7083333, 44.9583333 ], [ -74.7083333, 44.875 ], [ -74.4583333, 44.8333333 ] ] ], [ [ [ -73.0416667, 45.0 ], [ -73.125, 44.9166667 ], [ -73.0833333, 44.8333333 ], [ -72.9583333, 44.875 ], [ -72.9583333, 44.9166667 ], [ -72.9583333, 44.9583333 ], [ -72.9166667, 45.0833333 ], [ -73.0, 45.0416667 ], [ -73.0, 45.0 ], [ -73.0416667, 45.0 ] ] ], [ [ [ -93.375, 45.125 ], [ -93.5, 45.0833333 ], [ -93.4583333, 44.9583333 ], [ -93.5, 44.7916667 ], [ -93.625, 44.75 ], [ -93.4583333, 44.625 ], [ -93.2916667, 44.7083333 ], [ -93.2916667, 44.7916667 ], [ -93.125, 44.7916667 ], [ -93.0416667, 44.8333333 ], [ -92.9583333, 44.7916667 ], [ -92.9166667, 44.9583333 ], [ -93.0416667, 45.0833333 ], [ -93.2083333, 45.0 ], [ -93.2083333, 45.0833333 ], [ -93.25, 45.125 ], [ -93.375, 45.125 ] ] ], [ [ [ -94.2083333, 44.6666667 ], [ -94.2083333, 44.625 ], [ -94.1666667, 44.6666667 ], [ -94.2083333, 44.6666667 ] ] ], [ [ [ -92.4166667, 44.4583333 ], [ -92.3333333, 44.5 ], [ -92.3333333, 44.625 ], [ -92.6666667, 44.625 ], [ -92.6666667, 44.5833333 ], [ -92.9583333, 44.5833333 ], [ -92.9166667, 44.5 ], [ -92.7916667, 44.5 ], [ -92.75, 44.5 ], [ -92.4166667, 44.5 ], [ -92.4166667, 44.4583333 ] ] ], [ [ [ -94.9166667, 44.5416667 ], [ -94.9166667, 44.625 ], [ -95.125, 44.5833333 ], [ -94.9166667, 44.5416667 ] ] ], [ [ [ -94.75, 44.4583333 ], [ -94.6666667, 44.4583333 ], [ -94.625, 44.625 ], [ -94.7916667, 44.625 ], [ -94.9166667, 44.5416667 ], [ -94.9166667, 44.5 ], [ -94.7916667, 44.4583333 ], [ -94.75, 44.4166667 ], [ -94.75, 44.4583333 ] ] ], [ [ [ -91.875, 44.4583333 ], [ -91.9583333, 44.4166667 ], [ -91.9166667, 44.4166667 ], [ -91.9166667, 44.3333333 ], [ -91.8333333, 44.3333333 ], [ -91.875, 44.4583333 ] ] ], [ [ [ -94.4166667, 44.375 ], [ -94.4166667, 44.5416667 ], [ -94.5, 44.5833333 ], [ -94.5833333, 44.4583333 ], [ -94.6666667, 44.4583333 ], [ -94.75, 44.4166667 ], [ -94.7083333, 44.2916667 ], [ -94.5833333, 44.3333333 ], [ -94.4583333, 44.3333333 ], [ -94.4583333, 44.2083333 ], [ -94.3333333, 44.1666667 ], [ -94.1666667, 44.1666667 ], [ -94.2083333, 44.2916667 ], [ -94.3333333, 44.3333333 ], [ -94.3333333, 44.375 ], [ -94.4166667, 44.375 ] ] ], [ [ [ -93.0, 44.5 ], [ -93.0416667, 44.5416667 ], [ -93.4166667, 44.5416667 ], [ -93.3333333, 44.4166667 ], [ -93.3333333, 44.3333333 ], [ -93.2916667, 44.3333333 ], [ -93.2083333, 44.2916667 ], [ -93.0416667, 44.375 ], [ -93.0, 44.5 ] ] ], [ [ [ -93.875, 44.2916667 ], [ -93.875, 44.25 ], [ -93.8333333, 44.2916667 ], [ -93.875, 44.2916667 ] ] ], [ [ [ -93.25, 44.2916667 ], [ -93.25, 44.2083333 ], [ -93.1666667, 44.2083333 ], [ -93.2083333, 44.2916667 ], [ -93.25, 44.2916667 ] ] ], [ [ [ -93.9583333, 44.2083333 ], [ -93.9583333, 44.1666667 ], [ -93.9166667, 44.2083333 ], [ -93.9583333, 44.2083333 ] ] ], [ [ [ -69.7083333, 44.1666667 ], [ -69.7083333, 44.2916667 ], [ -69.875, 44.2083333 ], [ -69.7083333, 44.1666667 ] ] ], [ [ [ -92.4583333, 44.0833333 ], [ -92.5, 44.1666667 ], [ -92.625, 44.125 ], [ -92.5416667, 44.0416667 ], [ -92.625, 43.9583333 ], [ -92.375, 43.9583333 ], [ -92.375, 44.0416667 ], [ -92.4166667, 44.0833333 ], [ -92.4583333, 44.0833333 ] ] ], [ [ [ -91.1666667, 44.0416667 ], [ -91.1666667, 44.0 ], [ -91.125, 44.0 ], [ -91.1666667, 44.0416667 ] ] ], [ [ [ -88.2083333, 44.125 ], [ -88.2083333, 44.0416667 ], [ -88.0416667, 44.0416667 ], [ -88.2083333, 44.125 ] ] ], [ [ [ -93.9583333, 44.1666667 ], [ -94.0833333, 44.1666667 ], [ -94.1666667, 44.0833333 ], [ -94.0416667, 44.0 ], [ -93.9583333, 44.1666667 ] ] ], [ [ [ -93.2916667, 44.0 ], [ -93.2916667, 43.9583333 ], [ -93.25, 43.9583333 ], [ -93.2916667, 44.0 ] ] ], [ [ [ -93.1666667, 43.9166667 ], [ -93.0833333, 44.2083333 ], [ -93.1666667, 44.2083333 ], [ -93.125, 44.125 ], [ -93.1666667, 44.0 ], [ -93.25, 43.9583333 ], [ -93.2083333, 43.875 ], [ -93.2083333, 43.8333333 ], [ -93.125, 43.75 ], [ -93.1666667, 43.9166667 ] ] ], [ [ [ -94.375, 43.9166667 ], [ -94.375, 43.7916667 ], [ -94.25, 43.7916667 ], [ -94.2083333, 43.875 ], [ -94.375, 43.9166667 ] ] ], [ [ [ -88.2916667, 43.8333333 ], [ -88.2916667, 43.7916667 ], [ -88.2083333, 43.8333333 ], [ -88.2916667, 43.8333333 ] ] ], [ [ [ -88.5833333, 43.9166667 ], [ -88.75, 43.8333333 ], [ -88.625, 43.7916667 ], [ -88.5, 43.75 ], [ -88.5833333, 43.8333333 ], [ -88.5833333, 43.9166667 ] ] ], [ [ [ -88.3333333, 43.8333333 ], [ -88.4166667, 43.75 ], [ -88.3333333, 43.7916667 ], [ -88.3333333, 43.8333333 ] ] ], [ [ [ -93.0416667, 43.7083333 ], [ -93.125, 43.75 ], [ -93.125, 43.7083333 ], [ -93.0416667, 43.7083333 ] ] ], [ [ [ -88.875, 43.75 ], [ -88.875, 43.7083333 ], [ -88.8333333, 43.7083333 ], [ -88.875, 43.75 ] ] ], [ [ [ -93.0416667, 43.7083333 ], [ -93.0416667, 43.6666667 ], [ -93.0, 43.6666667 ], [ -93.0416667, 43.7083333 ] ] ], [ [ [ -88.8333333, 43.7083333 ], [ -88.8333333, 43.6666667 ], [ -88.7916667, 43.6666667 ], [ -88.8333333, 43.7083333 ] ] ], [ [ [ -73.3333333, 43.7083333 ], [ -73.1666667, 43.875 ], [ -73.2083333, 43.9166667 ], [ -73.25, 44.0 ], [ -73.2083333, 44.0416667 ], [ -73.25, 44.0416667 ], [ -73.4166667, 44.0416667 ], [ -73.3333333, 43.9166667 ], [ -73.4166667, 43.875 ], [ -73.4166667, 43.625 ], [ -73.3333333, 43.625 ], [ -73.5, 43.5 ], [ -73.5416667, 43.4166667 ], [ -73.6666667, 43.375 ], [ -73.7083333, 43.2083333 ], [ -73.75, 43.125 ], [ -73.7083333, 42.9583333 ], [ -73.8333333, 42.9166667 ], [ -73.9583333, 42.9583333 ], [ -74.0416667, 42.875 ], [ -74.0416667, 42.7916667 ], [ -73.9583333, 42.7916667 ], [ -73.9583333, 42.6666667 ], [ -73.875, 42.75 ], [ -73.7916667, 42.5833333 ], [ -73.75, 42.5416667 ], [ -73.6666667, 42.6666667 ], [ -73.625, 42.875 ], [ -73.5416667, 42.9166667 ], [ -73.5416667, 43.0416667 ], [ -73.375, 43.0416667 ], [ -73.375, 43.0 ], [ -73.3333333, 43.0416667 ], [ -73.25, 43.125 ], [ -73.2916667, 43.2083333 ], [ -73.5, 43.25 ], [ -73.5, 43.3333333 ], [ -73.375, 43.4166667 ], [ -73.3333333, 43.3333333 ], [ -73.1666667, 43.2916667 ], [ -73.1666667, 43.5416667 ], [ -73.2916667, 43.5416667 ], [ -73.25, 43.7083333 ], [ -73.3333333, 43.7083333 ] ] ], [ [ [ -88.5, 43.75 ], [ -88.5, 43.6666667 ], [ -88.2916667, 43.6666667 ], [ -88.4166667, 43.75 ], [ -88.5, 43.75 ] ] ], [ [ [ -72.2083333, 43.7916667 ], [ -72.2916667, 43.7916667 ], [ -72.3333333, 43.625 ], [ -72.25, 43.6666667 ], [ -72.2083333, 43.7916667 ] ] ], [ [ [ -92.3333333, 43.6666667 ], [ -92.25, 43.625 ], [ -92.25, 43.6666667 ], [ -92.3333333, 43.6666667 ] ] ], [ [ [ -88.2916667, 43.6666667 ], [ -88.25, 43.625 ], [ -88.25, 43.6666667 ], [ -88.2916667, 43.6666667 ] ] ], [ [ [ -88.5416667, 43.6666667 ], [ -88.7083333, 43.7083333 ], [ -88.7083333, 43.5833333 ], [ -88.5833333, 43.5833333 ], [ -88.5416667, 43.6666667 ] ] ], [ [ [ -94.0416667, 43.5833333 ], [ -94.0, 43.5833333 ], [ -94.0, 43.6666667 ], [ -94.0833333, 43.625 ], [ -94.25, 43.7083333 ], [ -94.2916667, 43.625 ], [ -94.25, 43.5 ], [ -94.125, 43.5 ], [ -94.0416667, 43.5833333 ] ] ], [ [ [ -92.25, 43.625 ], [ -92.25, 43.5833333 ], [ -92.2083333, 43.625 ], [ -92.25, 43.625 ] ] ], [ [ [ -88.9583333, 43.625 ], [ -88.9583333, 43.5833333 ], [ -88.9166667, 43.5833333 ], [ -88.9583333, 43.625 ] ] ], [ [ [ -88.0416667, 43.625 ], [ -88.0416667, 43.5833333 ], [ -88.0, 43.5833333 ], [ -88.0416667, 43.625 ] ] ], [ [ [ -89.25, 43.7916667 ], [ -89.375, 43.7083333 ], [ -89.375, 43.5 ], [ -89.2083333, 43.4583333 ], [ -89.25, 43.7916667 ] ] ], [ [ [ -92.7916667, 43.625 ], [ -92.875, 43.5833333 ], [ -92.875, 43.4583333 ], [ -92.75, 43.4583333 ], [ -92.7916667, 43.5416667 ], [ -92.7916667, 43.625 ] ] ], [ [ [ -92.4166667, 43.5833333 ], [ -92.4166667, 43.4583333 ], [ -92.2916667, 43.4583333 ], [ -92.4166667, 43.5833333 ] ] ], [ [ [ -94.125, 43.5 ], [ -93.9583333, 43.375 ], [ -94.0, 43.4583333 ], [ -94.125, 43.5 ] ] ], [ [ [ -93.875, 43.5 ], [ -93.9166667, 43.375 ], [ -93.875, 43.375 ], [ -93.875, 43.5 ] ] ], [ [ [ -93.2083333, 43.6666667 ], [ -93.3333333, 43.7083333 ], [ -93.375, 43.625 ], [ -93.5, 43.5416667 ], [ -93.4166667, 43.4583333 ], [ -93.25, 43.4166667 ], [ -93.0416667, 43.4166667 ], [ -93.0, 43.5 ], [ -93.0416667, 43.6666667 ], [ -93.1666667, 43.6666667 ], [ -93.2083333, 43.6666667 ] ] ], [ [ [ -93.9583333, 43.375 ], [ -93.9166667, 43.3333333 ], [ -93.9166667, 43.375 ], [ -93.9583333, 43.375 ] ] ], [ [ [ -93.875, 43.375 ], [ -93.875, 43.3333333 ], [ -93.7916667, 43.3333333 ], [ -93.875, 43.375 ] ] ], [ [ [ -92.1666667, 43.5416667 ], [ -92.0833333, 43.4583333 ], [ -92.125, 43.3333333 ], [ -92.0, 43.3333333 ], [ -92.0, 43.4583333 ], [ -92.1666667, 43.5416667 ] ] ], [ [ [ -108.1666667, 43.375 ], [ -108.25, 43.2916667 ], [ -108.1666667, 43.2083333 ], [ -108.125, 43.3333333 ], [ -108.1666667, 43.375 ] ] ], [ [ [ -93.625, 43.375 ], [ -93.6666667, 43.2083333 ], [ -93.5416667, 43.2083333 ], [ -93.625, 43.375 ] ] ], [ [ [ -94.1666667, 43.3333333 ], [ -94.3333333, 43.3333333 ], [ -94.3333333, 43.2083333 ], [ -94.2083333, 43.0416667 ], [ -94.1666667, 43.125 ], [ -94.125, 43.1666667 ], [ -94.1666667, 43.3333333 ] ] ], [ [ [ -90.5416667, 43.0833333 ], [ -90.5416667, 43.0416667 ], [ -90.5, 43.0833333 ], [ -90.5416667, 43.0833333 ] ] ], [ [ [ -93.9166667, 43.0833333 ], [ -93.9166667, 43.125 ], [ -94.0, 43.1666667 ], [ -94.0416667, 43.1666667 ], [ -94.1666667, 43.125 ], [ -94.1666667, 43.0416667 ], [ -93.9583333, 43.0 ], [ -93.9166667, 42.9166667 ], [ -93.875, 43.0833333 ], [ -93.9166667, 43.0833333 ] ] ], [ [ [ -94.2083333, 43.0416667 ], [ -94.2083333, 43.0 ], [ -94.1666667, 43.0416667 ], [ -94.2083333, 43.0416667 ] ] ], [ [ [ -93.6666667, 43.0833333 ], [ -93.7083333, 43.2083333 ], [ -93.7916667, 43.2083333 ], [ -93.9166667, 43.125 ], [ -93.875, 43.0833333 ], [ -93.75, 43.0833333 ], [ -93.7083333, 43.0 ], [ -93.6666667, 43.0833333 ] ] ], [ [ [ -89.25, 42.9583333 ], [ -89.2083333, 42.9166667 ], [ -89.2083333, 42.9583333 ], [ -89.25, 42.9583333 ] ] ], [ [ [ -94.3333333, 43.0 ], [ -94.375, 42.875 ], [ -94.2916667, 42.9583333 ], [ -94.3333333, 43.0 ] ] ], [ [ [ -94.2916667, 43.0 ], [ -94.2916667, 42.9583333 ], [ -94.2083333, 42.8333333 ], [ -94.1666667, 42.875 ], [ -94.2083333, 43.0 ], [ -94.2916667, 43.0 ] ] ], [ [ [ -89.5833333, 42.9166667 ], [ -89.7083333, 42.7916667 ], [ -89.625, 42.7916667 ], [ -89.5833333, 42.9166667 ] ] ], [ [ [ -89.625, 42.7916667 ], [ -89.625, 42.75 ], [ -89.5833333, 42.75 ], [ -89.625, 42.7916667 ] ] ], [ [ [ -93.7916667, 42.5416667 ], [ -93.7916667, 42.5 ], [ -93.75, 42.5 ], [ -93.7916667, 42.5416667 ] ] ], [ [ [ -73.7916667, 42.5416667 ], [ -73.75, 42.5 ], [ -73.75, 42.5416667 ], [ -73.7916667, 42.5416667 ] ] ], [ [ [ -93.7916667, 42.4583333 ], [ -93.75, 42.4166667 ], [ -93.75, 42.4583333 ], [ -93.7916667, 42.4583333 ] ] ], [ [ [ -93.5833333, 42.4583333 ], [ -93.625, 42.3333333 ], [ -93.5833333, 42.3333333 ], [ -93.5833333, 42.4583333 ] ] ], [ [ [ -73.6666667, 42.375 ], [ -73.7083333, 42.3333333 ], [ -73.6666667, 42.3333333 ], [ -73.6666667, 42.375 ] ] ], [ [ [ -93.75, 42.4166667 ], [ -93.75, 42.2083333 ], [ -93.6666667, 42.2083333 ], [ -93.625, 42.3333333 ], [ -93.75, 42.4166667 ] ] ], [ [ [ -94.2916667, 42.125 ], [ -94.375, 42.0833333 ], [ -94.2916667, 42.0833333 ], [ -94.2916667, 42.125 ] ] ], [ [ [ -93.75, 42.125 ], [ -93.75, 42.0833333 ], [ -93.7083333, 42.0833333 ], [ -93.7083333, 42.125 ], [ -93.75, 42.125 ] ] ], [ [ [ -86.2916667, 42.125 ], [ -86.2916667, 42.0 ], [ -86.25, 41.9583333 ], [ -86.2083333, 41.9583333 ], [ -86.2083333, 42.0416667 ], [ -86.2083333, 42.0833333 ], [ -86.2916667, 42.125 ] ] ], [ [ [ -73.8333333, 42.3333333 ], [ -73.9583333, 42.25 ], [ -74.0, 42.0416667 ], [ -73.9583333, 41.9583333 ], [ -73.875, 41.9583333 ], [ -73.875, 42.0 ], [ -73.8333333, 42.0416667 ], [ -73.75, 41.9583333 ], [ -73.75, 42.125 ], [ -73.875, 42.1666667 ], [ -73.7916667, 42.25 ], [ -73.8333333, 42.3333333 ] ] ], [ [ [ -95.9583333, 42.0833333 ], [ -95.9583333, 41.9583333 ], [ -95.9166667, 41.9583333 ], [ -95.9583333, 42.0833333 ] ] ], [ [ [ -94.4583333, 42.0833333 ], [ -94.4166667, 41.9583333 ], [ -94.25, 41.9583333 ], [ -94.2916667, 42.0416667 ], [ -94.375, 42.0833333 ], [ -94.4583333, 42.0833333 ] ] ], [ [ [ -93.9166667, 42.375 ], [ -94.0416667, 42.375 ], [ -94.0416667, 42.4583333 ], [ -94.1666667, 42.5 ], [ -94.1666667, 42.6666667 ], [ -94.2083333, 42.75 ], [ -94.3333333, 42.75 ], [ -94.2916667, 42.5833333 ], [ -94.4583333, 42.5416667 ], [ -94.4166667, 42.4583333 ], [ -94.25, 42.4583333 ], [ -94.2916667, 42.2916667 ], [ -94.2083333, 42.3333333 ], [ -94.125, 42.1666667 ], [ -94.125, 42.0833333 ], [ -94.0, 42.0833333 ], [ -93.9583333, 41.9583333 ], [ -93.875, 41.9583333 ], [ -93.875, 42.125 ], [ -93.75, 42.125 ], [ -93.8333333, 42.2083333 ], [ -93.8333333, 42.25 ], [ -93.9166667, 42.375 ] ] ], [ [ [ -73.6666667, 41.9166667 ], [ -73.75, 41.9583333 ], [ -73.75, 41.8333333 ], [ -73.7083333, 41.8333333 ], [ -73.6666667, 41.9166667 ] ] ], [ [ [ -95.9583333, 41.8333333 ], [ -96.125, 41.7083333 ], [ -95.9166667, 41.7083333 ], [ -95.9583333, 41.8333333 ] ] ], [ [ [ -72.7916667, 41.7916667 ], [ -72.8333333, 41.7083333 ], [ -72.7916667, 41.625 ], [ -72.6666667, 41.5833333 ], [ -72.625, 41.7083333 ], [ -72.7916667, 41.7916667 ] ] ], [ [ [ -95.2083333, 41.5833333 ], [ -95.2916667, 41.6666667 ], [ -95.2916667, 41.625 ], [ -95.2083333, 41.5833333 ] ] ], [ [ [ -95.7083333, 41.7083333 ], [ -95.7916667, 41.6666667 ], [ -95.75, 41.5416667 ], [ -95.6666667, 41.5416667 ], [ -95.7083333, 41.7083333 ] ] ], [ [ [ -95.8333333, 41.5833333 ], [ -95.8333333, 41.5416667 ], [ -95.7916667, 41.5416667 ], [ -95.8333333, 41.5833333 ] ] ], [ [ [ -95.7916667, 41.5416667 ], [ -95.75, 41.5 ], [ -95.75, 41.5416667 ], [ -95.7916667, 41.5416667 ] ] ], [ [ [ -95.875, 41.5416667 ], [ -95.8333333, 41.4583333 ], [ -95.8333333, 41.5416667 ], [ -95.875, 41.5416667 ] ] ], [ [ [ -95.7083333, 41.4583333 ], [ -95.7083333, 41.4166667 ], [ -95.6666667, 41.4583333 ], [ -95.7083333, 41.4583333 ] ] ], [ [ [ -96.2916667, 41.4166667 ], [ -96.2916667, 41.375 ], [ -96.25, 41.4166667 ], [ -96.2916667, 41.4166667 ] ] ], [ [ [ -74.0, 41.9583333 ], [ -74.1666667, 41.875 ], [ -74.2083333, 41.7916667 ], [ -74.2083333, 41.6666667 ], [ -74.3333333, 41.625 ], [ -74.4166667, 41.5416667 ], [ -74.375, 41.5 ], [ -74.4166667, 41.5 ], [ -74.375, 41.375 ], [ -74.1666667, 41.375 ], [ -73.875, 41.5416667 ], [ -73.75, 41.5416667 ], [ -73.7083333, 41.7916667 ], [ -73.75, 41.7916667 ], [ -73.75, 41.8333333 ], [ -73.8333333, 41.8333333 ], [ -73.875, 41.9583333 ], [ -73.875, 41.8333333 ], [ -73.9166667, 41.8333333 ], [ -73.9583333, 41.875 ], [ -73.9583333, 41.9583333 ], [ -74.0, 41.9583333 ] ], [ [ -73.9583333, 41.875 ], [ -73.9583333, 41.8333333 ], [ -74.0, 41.8333333 ], [ -73.9583333, 41.875 ] ] ], [ [ [ -96.2916667, 41.375 ], [ -96.375, 41.25 ], [ -96.2916667, 41.2916667 ], [ -96.2916667, 41.375 ] ] ], [ [ [ -95.5416667, 41.375 ], [ -95.625, 41.2916667 ], [ -95.625, 41.25 ], [ -95.5, 41.25 ], [ -95.4583333, 41.3333333 ], [ -95.5416667, 41.375 ] ] ], [ [ [ -87.0, 41.2916667 ], [ -86.9583333, 41.25 ], [ -86.9583333, 41.2916667 ], [ -87.0, 41.2916667 ] ] ], [ [ [ -73.0833333, 41.2916667 ], [ -73.0833333, 41.25 ], [ -73.0416667, 41.2916667 ], [ -73.0833333, 41.2916667 ] ] ], [ [ [ -96.4166667, 41.25 ], [ -96.4166667, 41.2083333 ], [ -96.375, 41.25 ], [ -96.4166667, 41.25 ] ] ], [ [ [ -95.8333333, 41.2083333 ], [ -95.75, 41.1666667 ], [ -95.75, 41.2083333 ], [ -95.8333333, 41.2083333 ] ] ], [ [ [ -96.2916667, 41.2916667 ], [ -96.2916667, 41.125 ], [ -96.1666667, 41.1666667 ], [ -96.1666667, 41.2083333 ], [ -96.2916667, 41.2916667 ] ] ], [ [ [ -86.2916667, 41.2083333 ], [ -86.2916667, 41.125 ], [ -86.125, 41.0416667 ], [ -86.2916667, 41.2083333 ] ] ], [ [ [ -95.375, 41.0 ], [ -95.375, 41.1666667 ], [ -95.5, 41.125 ], [ -95.4166667, 41.0 ], [ -95.375, 41.0 ] ] ], [ [ [ -96.0, 41.0416667 ], [ -96.0833333, 40.9166667 ], [ -96.0416667, 40.9166667 ], [ -96.0, 41.0416667 ] ] ], [ [ [ -95.9583333, 41.625 ], [ -96.0416667, 41.4583333 ], [ -96.0416667, 41.2916667 ], [ -96.125, 41.25 ], [ -96.1666667, 41.2083333 ], [ -96.125, 41.2083333 ], [ -96.1666667, 41.1666667 ], [ -95.9583333, 41.125 ], [ -96.0, 41.0416667 ], [ -96.0, 40.9166667 ], [ -95.875, 40.9583333 ], [ -95.7916667, 41.0416667 ], [ -95.9166667, 41.125 ], [ -95.8333333, 41.2083333 ], [ -95.7916667, 41.375 ], [ -95.8333333, 41.4583333 ], [ -95.9166667, 41.375 ], [ -95.9583333, 41.375 ], [ -95.9583333, 41.625 ] ] ], [ [ [ -95.5416667, 41.125 ], [ -95.625, 41.0833333 ], [ -95.625, 41.0416667 ], [ -95.5833333, 40.9583333 ], [ -95.4583333, 40.9166667 ], [ -95.4166667, 41.0 ], [ -95.5416667, 41.0 ], [ -95.5416667, 41.125 ] ] ], [ [ [ -87.7083333, 40.9583333 ], [ -87.7083333, 40.875 ], [ -87.6666667, 40.9583333 ], [ -87.7083333, 40.9583333 ] ] ], [ [ [ -95.6666667, 40.9166667 ], [ -95.6666667, 40.875 ], [ -95.625, 40.9166667 ], [ -95.6666667, 40.9166667 ] ] ], [ [ [ -95.375, 41.0 ], [ -95.4583333, 40.9166667 ], [ -95.4583333, 40.875 ], [ -95.2083333, 40.875 ], [ -95.25, 40.9583333 ], [ -95.375, 41.0 ] ] ], [ [ [ -96.125, 40.9166667 ], [ -96.125, 40.8333333 ], [ -96.0833333, 40.9166667 ], [ -96.125, 40.9166667 ] ] ], [ [ [ -88.0, 40.875 ], [ -88.0416667, 40.8333333 ], [ -88.0, 40.8333333 ], [ -88.0, 40.875 ] ] ], [ [ [ -86.5416667, 40.875 ], [ -86.5833333, 40.75 ], [ -86.5833333, 40.6666667 ], [ -86.4583333, 40.7083333 ], [ -86.4166667, 40.7916667 ], [ -86.5416667, 40.875 ] ] ], [ [ [ -96.5, 40.7083333 ], [ -96.5416667, 40.8333333 ], [ -96.75, 40.7916667 ], [ -96.5833333, 40.75 ], [ -96.5, 40.7083333 ] ] ], [ [ [ -88.6666667, 40.625 ], [ -88.7083333, 40.5833333 ], [ -88.6666667, 40.5833333 ], [ -88.6666667, 40.625 ] ] ], [ [ [ -96.5, 40.7083333 ], [ -96.5833333, 40.6666667 ], [ -96.5833333, 40.5416667 ], [ -96.5, 40.5416667 ], [ -96.4583333, 40.625 ], [ -96.5, 40.7083333 ] ] ], [ [ [ -96.4583333, 40.625 ], [ -96.4583333, 40.5416667 ], [ -96.4166667, 40.5416667 ], [ -96.4166667, 40.625 ], [ -96.4583333, 40.625 ] ] ], [ [ [ -96.5, 40.5416667 ], [ -96.5, 40.5 ], [ -96.4583333, 40.5416667 ], [ -96.5, 40.5416667 ] ] ], [ [ [ -87.7916667, 40.4583333 ], [ -87.7916667, 40.5416667 ], [ -87.9583333, 40.5833333 ], [ -87.9166667, 40.4583333 ], [ -87.7916667, 40.4583333 ] ] ], [ [ [ -87.0, 40.5 ], [ -87.0833333, 40.4166667 ], [ -87.0416667, 40.4166667 ], [ -87.0, 40.5 ] ] ], [ [ [ -88.5833333, 40.375 ], [ -88.7083333, 40.3333333 ], [ -88.5833333, 40.3333333 ], [ -88.5833333, 40.375 ] ] ], [ [ [ -88.0416667, 40.375 ], [ -88.125, 40.3333333 ], [ -88.0416667, 40.3333333 ], [ -88.0416667, 40.375 ] ] ], [ [ [ -96.0416667, 40.2916667 ], [ -96.0416667, 40.4166667 ], [ -96.1666667, 40.375 ], [ -96.0416667, 40.2916667 ] ] ], [ [ [ -88.125, 40.3333333 ], [ -88.2916667, 40.25 ], [ -88.125, 40.2916667 ], [ -88.125, 40.3333333 ] ] ], [ [ [ -96.25, 40.4166667 ], [ -96.3333333, 40.375 ], [ -96.25, 40.2083333 ], [ -96.1666667, 40.375 ], [ -96.25, 40.4166667 ] ] ], [ [ [ -86.9583333, 40.3333333 ], [ -87.0833333, 40.2916667 ], [ -87.0416667, 40.2083333 ], [ -87.0, 40.2083333 ], [ -86.9583333, 40.3333333 ] ] ], [ [ [ -86.7916667, 40.5416667 ], [ -86.9583333, 40.5 ], [ -87.0416667, 40.4166667 ], [ -86.9583333, 40.3333333 ], [ -86.8333333, 40.4166667 ], [ -86.75, 40.3333333 ], [ -86.7083333, 40.25 ], [ -86.5416667, 40.2916667 ], [ -86.5833333, 40.4166667 ], [ -86.7916667, 40.4166667 ], [ -86.7916667, 40.5416667 ] ] ], [ [ [ -75.75, 40.125 ], [ -75.8333333, 40.0416667 ], [ -75.7916667, 40.0416667 ], [ -75.75, 40.125 ] ] ], [ [ [ -86.5833333, 40.0833333 ], [ -86.5, 40.0416667 ], [ -86.5416667, 40.0833333 ], [ -86.5833333, 40.0833333 ] ] ], [ [ [ -75.8333333, 40.0416667 ], [ -75.875, 40.0 ], [ -75.8333333, 40.0 ], [ -75.8333333, 40.0416667 ] ] ], [ [ [ -75.9166667, 40.0 ], [ -75.9166667, 39.9583333 ], [ -75.875, 40.0 ], [ -75.9166667, 40.0 ] ] ], [ [ [ -86.7083333, 39.9166667 ], [ -86.75, 39.875 ], [ -86.7083333, 39.875 ], [ -86.7083333, 39.9166667 ] ] ], [ [ [ -74.0, 41.0833333 ], [ -74.0416667, 41.0 ], [ -74.1666667, 41.0 ], [ -74.25, 40.9583333 ], [ -74.2916667, 40.875 ], [ -74.4583333, 40.75 ], [ -74.4583333, 40.6666667 ], [ -74.4583333, 40.5416667 ], [ -74.625, 40.5416667 ], [ -74.7083333, 40.4583333 ], [ -74.6666667, 40.4166667 ], [ -74.7083333, 40.4166667 ], [ -74.7083333, 40.3333333 ], [ -74.8333333, 40.3333333 ], [ -75.0, 40.125 ], [ -75.0833333, 40.125 ], [ -75.0833333, 40.0 ], [ -75.1666667, 39.9166667 ], [ -75.0833333, 39.8333333 ], [ -75.0833333, 39.7916667 ], [ -75.0, 39.7916667 ], [ -74.8333333, 39.7083333 ], [ -74.8333333, 39.875 ], [ -74.75, 39.9583333 ], [ -74.7083333, 40.0833333 ], [ -74.5833333, 40.125 ], [ -74.5416667, 39.9583333 ], [ -74.4583333, 40.0 ], [ -74.4583333, 40.125 ], [ -74.375, 40.1666667 ], [ -74.3333333, 40.2916667 ], [ -74.2083333, 40.2916667 ], [ -74.2083333, 40.4583333 ], [ -74.25, 40.5833333 ], [ -74.0833333, 40.5833333 ], [ -74.0, 40.625 ], [ -73.875, 40.5833333 ], [ -73.5416667, 40.5833333 ], [ -73.5833333, 40.6666667 ], [ -73.25, 40.6666667 ], [ -73.3333333, 40.7916667 ], [ -73.4166667, 40.75 ], [ -73.5, 40.7916667 ], [ -73.5833333, 40.75 ], [ -73.8333333, 40.75 ], [ -73.8333333, 40.875 ], [ -74.0, 40.875 ], [ -74.0, 41.0833333 ] ], [ [ -74.7916667, 40.0416667 ], [ -74.7916667, 40.0 ], [ -74.875, 40.0 ], [ -74.7916667, 40.0416667 ] ] ], [ [ [ -75.375, 39.7083333 ], [ -75.4166667, 39.5833333 ], [ -75.375, 39.5833333 ], [ -75.375, 39.7083333 ] ] ], [ [ [ -96.125, 39.5833333 ], [ -96.125, 39.5416667 ], [ -96.0416667, 39.5416667 ], [ -96.125, 39.5833333 ] ] ], [ [ [ -76.9166667, 39.5833333 ], [ -77.0833333, 39.5 ], [ -77.0833333, 39.4166667 ], [ -76.9583333, 39.4166667 ], [ -76.9166667, 39.5833333 ] ] ], [ [ [ -77.3333333, 39.4583333 ], [ -77.375, 39.4166667 ], [ -77.3333333, 39.4166667 ], [ -77.3333333, 39.4583333 ] ] ], [ [ [ -86.375, 39.0833333 ], [ -86.3333333, 38.9583333 ], [ -86.125, 38.9583333 ], [ -86.375, 39.0833333 ] ] ], [ [ [ -110.125, 38.9583333 ], [ -110.2916667, 39.0 ], [ -110.2916667, 38.875 ], [ -110.1666667, 38.875 ], [ -110.125, 38.9583333 ] ] ], [ [ [ -85.5833333, 38.875 ], [ -85.5833333, 38.9583333 ], [ -85.7083333, 39.0 ], [ -85.7083333, 38.875 ], [ -85.5833333, 38.875 ] ] ], [ [ [ -97.5833333, 38.875 ], [ -97.5833333, 38.8333333 ], [ -97.5, 38.8333333 ], [ -97.5833333, 38.875 ] ] ], [ [ [ -85.125, 38.8333333 ], [ -85.0416667, 38.75 ], [ -85.0416667, 38.7916667 ], [ -85.125, 38.8333333 ] ] ], [ [ [ -85.9583333, 38.7916667 ], [ -86.0, 38.75 ], [ -85.9583333, 38.75 ], [ -85.9583333, 38.7916667 ] ] ], [ [ [ -86.125, 38.9583333 ], [ -86.1666667, 38.9166667 ], [ -86.125, 38.6666667 ], [ -86.0, 38.6666667 ], [ -86.0, 38.75 ], [ -86.0833333, 38.8333333 ], [ -86.0416667, 38.9166667 ], [ -86.125, 38.9583333 ] ] ], [ [ [ -97.1666667, 38.875 ], [ -97.2083333, 38.875 ], [ -97.2083333, 38.625 ], [ -97.1666667, 38.6666667 ], [ -97.1666667, 38.875 ] ] ], [ [ [ -85.8333333, 38.875 ], [ -85.8333333, 38.7083333 ], [ -85.7916667, 38.875 ], [ -85.8333333, 38.875 ] ] ], [ [ [ -96.0416667, 38.625 ], [ -96.0416667, 38.5833333 ], [ -96.0, 38.5833333 ], [ -96.0416667, 38.625 ] ] ], [ [ [ -86.5833333, 38.6666667 ], [ -86.625, 38.5416667 ], [ -86.5, 38.5416667 ], [ -86.5833333, 38.6666667 ] ] ], [ [ [ -97.1666667, 38.5416667 ], [ -97.1666667, 38.4166667 ], [ -97.0833333, 38.4583333 ], [ -97.1666667, 38.5416667 ] ] ], [ [ [ -97.1666667, 38.4166667 ], [ -97.25, 38.25 ], [ -97.2083333, 38.2083333 ], [ -97.125, 38.3333333 ], [ -97.1666667, 38.4166667 ] ] ], [ [ [ -86.4583333, 38.2083333 ], [ -86.5, 38.1666667 ], [ -86.4583333, 38.1666667 ], [ -86.4583333, 38.2083333 ] ] ], [ [ [ -86.3333333, 38.125 ], [ -86.2083333, 38.1666667 ], [ -86.2083333, 38.2916667 ], [ -86.2916667, 38.2916667 ], [ -86.4166667, 38.2083333 ], [ -86.4166667, 38.1666667 ], [ -86.3333333, 38.125 ] ] ], [ [ [ -86.5, 38.1666667 ], [ -86.5416667, 38.125 ], [ -86.5, 38.125 ], [ -86.5, 38.1666667 ] ] ], [ [ [ -86.4583333, 38.1666667 ], [ -86.5, 38.125 ], [ -86.5, 38.0833333 ], [ -86.4166667, 38.0833333 ], [ -86.4166667, 38.1666667 ], [ -86.4583333, 38.1666667 ] ] ], [ [ [ -86.4166667, 38.0833333 ], [ -86.4166667, 38.0416667 ], [ -86.375, 38.0416667 ], [ -86.4166667, 38.0833333 ] ] ], [ [ [ -78.75, 38.0 ], [ -78.7916667, 37.9583333 ], [ -78.75, 37.9583333 ], [ -78.75, 38.0 ] ] ], [ [ [ -75.5833333, 38.0 ], [ -75.625, 37.9583333 ], [ -75.5833333, 37.9583333 ], [ -75.5833333, 38.0 ] ] ], [ [ [ -75.625, 37.9583333 ], [ -75.6666667, 37.9166667 ], [ -75.625, 37.9166667 ], [ -75.625, 37.9583333 ] ] ], [ [ [ -85.125, 37.7916667 ], [ -85.2083333, 37.875 ], [ -85.2083333, 37.8333333 ], [ -85.125, 37.7916667 ] ] ], [ [ [ -86.375, 38.0416667 ], [ -86.4166667, 38.0 ], [ -86.5, 37.9583333 ], [ -86.5, 37.875 ], [ -86.5416667, 37.875 ], [ -86.5, 37.8333333 ], [ -86.5, 37.7916667 ], [ -86.4583333, 37.75 ], [ -86.375, 37.7083333 ], [ -86.2083333, 37.7916667 ], [ -86.2916667, 37.8333333 ], [ -86.375, 38.0416667 ] ] ], [ [ [ -86.25, 37.625 ], [ -86.125, 37.5416667 ], [ -86.0833333, 37.625 ], [ -86.25, 37.625 ] ] ], [ [ [ -85.2916667, 37.2916667 ], [ -85.2916667, 37.25 ], [ -85.25, 37.2916667 ], [ -85.2916667, 37.2916667 ] ] ], [ [ [ -79.875, 37.25 ], [ -80.0416667, 37.2916667 ], [ -80.0416667, 37.2083333 ], [ -79.875, 37.25 ] ] ], [ [ [ -79.75, 37.2083333 ], [ -79.75, 37.1666667 ], [ -79.7083333, 37.1666667 ], [ -79.75, 37.2083333 ] ] ], [ [ [ -75.5833333, 37.7083333 ], [ -75.4166667, 37.8333333 ], [ -75.5, 37.9583333 ], [ -75.5833333, 37.9583333 ], [ -75.625, 37.9166667 ], [ -75.625, 37.875 ], [ -75.6666667, 37.875 ], [ -75.6666667, 37.7916667 ], [ -75.7916667, 37.7916667 ], [ -75.8333333, 37.7083333 ], [ -75.9583333, 37.625 ], [ -76.0416667, 37.375 ], [ -76.0416667, 37.1666667 ], [ -75.8333333, 37.125 ], [ -75.8333333, 37.375 ], [ -75.7916667, 37.4583333 ], [ -75.625, 37.5833333 ], [ -75.5833333, 37.7083333 ] ] ], [ [ [ -79.8333333, 37.2083333 ], [ -79.7916667, 37.0833333 ], [ -79.7083333, 37.0833333 ], [ -79.7083333, 37.125 ], [ -79.75, 37.1666667 ], [ -79.7916667, 37.2083333 ], [ -79.8333333, 37.2083333 ] ] ], [ [ [ -98.75, 36.9166667 ], [ -98.75, 36.7916667 ], [ -98.5416667, 36.8333333 ], [ -98.75, 36.9166667 ] ] ], [ [ [ -98.7916667, 36.5416667 ], [ -98.9583333, 36.7083333 ], [ -99.0, 36.5416667 ], [ -98.7916667, 36.5416667 ] ] ], [ [ [ -98.4166667, 36.125 ], [ -98.4583333, 36.0833333 ], [ -98.4166667, 36.0833333 ], [ -98.4166667, 36.125 ] ] ], [ [ [ -98.4166667, 36.0833333 ], [ -98.4166667, 35.9583333 ], [ -98.375, 36.0833333 ], [ -98.4166667, 36.0833333 ] ] ], [ [ [ -116.625, 35.875 ], [ -116.75, 36.0 ], [ -116.7916667, 36.1666667 ], [ -116.7916667, 36.375 ], [ -116.8333333, 36.5416667 ], [ -116.9166667, 36.625 ], [ -117.0833333, 36.6666667 ], [ -117.2083333, 36.625 ], [ -117.0416667, 36.5833333 ], [ -116.9583333, 36.4583333 ], [ -116.875, 36.1666667 ], [ -116.875, 36.0 ], [ -116.75, 35.875 ], [ -116.625, 35.875 ] ] ], [ [ [ -87.7083333, 36.0 ], [ -87.75, 35.9166667 ], [ -87.75, 35.875 ], [ -87.6666667, 35.875 ], [ -87.6666667, 36.0 ], [ -87.7083333, 36.0 ] ] ], [ [ [ -98.25, 35.9166667 ], [ -98.25, 35.8333333 ], [ -98.2083333, 35.8333333 ], [ -98.25, 35.9166667 ] ] ], [ [ [ -87.7916667, 35.875 ], [ -87.7916667, 35.8333333 ], [ -87.75, 35.875 ], [ -87.7916667, 35.875 ] ] ], [ [ [ -87.9166667, 35.8333333 ], [ -87.9583333, 35.7916667 ], [ -87.9166667, 35.7916667 ], [ -87.9166667, 35.8333333 ] ] ], [ [ [ -98.2083333, 35.8333333 ], [ -98.2083333, 35.75 ], [ -98.1666667, 35.75 ], [ -98.1666667, 35.8333333 ], [ -98.2083333, 35.8333333 ] ] ], [ [ [ -87.7916667, 35.7916667 ], [ -87.7916667, 35.75 ], [ -87.75, 35.75 ], [ -87.7916667, 35.7916667 ] ] ], [ [ [ -116.625, 35.875 ], [ -116.541666699999979, 35.75 ], [ -116.541666699999979, 35.6666667 ], [ -116.4166667, 35.6666667 ], [ -116.4166667, 35.75 ], [ -116.5, 35.8333333 ], [ -116.625, 35.875 ] ] ], [ [ [ -87.875, 35.75 ], [ -87.875, 35.7083333 ], [ -87.7916667, 35.75 ], [ -87.875, 35.75 ] ] ], [ [ [ -87.875, 35.7083333 ], [ -87.9583333, 35.5416667 ], [ -87.875, 35.5833333 ], [ -87.875, 35.7083333 ] ] ], [ [ [ -80.7083333, 35.375 ], [ -80.7083333, 35.3333333 ], [ -80.6666667, 35.3333333 ], [ -80.7083333, 35.375 ] ] ], [ [ [ -75.5, 35.375 ], [ -75.625, 35.2916667 ], [ -75.6666667, 35.2083333 ], [ -75.5, 35.2083333 ], [ -75.5, 35.375 ] ] ], [ [ [ -87.7083333, 35.2083333 ], [ -87.8333333, 35.1666667 ], [ -87.7083333, 35.1666667 ], [ -87.7083333, 35.2083333 ] ] ], [ [ [ -87.875, 35.1666667 ], [ -87.875, 35.125 ], [ -87.8333333, 35.1666667 ], [ -87.875, 35.1666667 ] ] ], [ [ [ -80.375, 35.2083333 ], [ -80.4583333, 35.1666667 ], [ -80.4583333, 35.0833333 ], [ -80.375, 35.0833333 ], [ -80.375, 35.2083333 ] ] ], [ [ [ -80.625, 35.0 ], [ -80.6666667, 34.9166667 ], [ -80.625, 34.9166667 ], [ -80.625, 35.0 ] ] ], [ [ [ -81.1666667, 34.8333333 ], [ -81.1666667, 34.75 ], [ -81.0416667, 34.75 ], [ -81.1666667, 34.8333333 ] ] ], [ [ [ -114.375, 34.7916667 ], [ -114.375, 34.75 ], [ -114.3333333, 34.75 ], [ -114.375, 34.7916667 ] ] ], [ [ [ -82.7083333, 34.7916667 ], [ -82.7083333, 34.75 ], [ -82.6666667, 34.7916667 ], [ -82.7083333, 34.7916667 ] ] ], [ [ [ -82.5, 34.7916667 ], [ -82.5833333, 34.7083333 ], [ -82.5, 34.7083333 ], [ -82.5, 34.7916667 ] ] ], [ [ [ -82.1666667, 34.75 ], [ -82.2083333, 34.9583333 ], [ -82.2916667, 34.9166667 ], [ -82.3333333, 34.875 ], [ -82.4583333, 34.8333333 ], [ -82.2916667, 34.7916667 ], [ -82.2916667, 34.7083333 ], [ -82.2083333, 34.6666667 ], [ -82.1666667, 34.75 ] ] ], [ [ [ -114.625, 34.8333333 ], [ -114.6666667, 34.7916667 ], [ -114.5833333, 34.7083333 ], [ -114.4583333, 34.6666667 ], [ -114.375, 34.75 ], [ -114.4166667, 34.7916667 ], [ -114.5, 34.8333333 ], [ -114.625, 34.8333333 ] ] ], [ [ [ -82.7916667, 34.75 ], [ -82.7916667, 34.7083333 ], [ -82.7083333, 34.6666667 ], [ -82.7083333, 34.75 ], [ -82.7916667, 34.75 ] ] ], [ [ [ -82.2083333, 34.625 ], [ -82.25, 34.5833333 ], [ -82.2083333, 34.5833333 ], [ -82.2083333, 34.625 ] ] ], [ [ [ -87.7083333, 34.5833333 ], [ -87.7083333, 34.5416667 ], [ -87.6666667, 34.5416667 ], [ -87.6666667, 34.5833333 ], [ -87.7083333, 34.5833333 ] ] ], [ [ [ -83.0416667, 34.5416667 ], [ -83.0416667, 34.5833333 ], [ -83.1666667, 34.5833333 ], [ -83.1666667, 34.5 ], [ -83.0833333, 34.4583333 ], [ -83.0833333, 34.4166667 ], [ -82.9583333, 34.4166667 ], [ -83.0416667, 34.5416667 ] ] ], [ [ [ -82.9166667, 34.5 ], [ -82.875, 34.4583333 ], [ -82.875, 34.5 ], [ -82.9166667, 34.5 ] ] ], [ [ [ -81.4583333, 34.5 ], [ -81.4583333, 34.4583333 ], [ -81.4166667, 34.5 ], [ -81.4583333, 34.5 ] ] ], [ [ [ -82.5833333, 34.7083333 ], [ -82.7083333, 34.6666667 ], [ -82.7083333, 34.5833333 ], [ -82.625, 34.5 ], [ -82.625, 34.4166667 ], [ -82.5833333, 34.4166667 ], [ -82.5833333, 34.7083333 ] ] ], [ [ [ -113.8333333, 34.2916667 ], [ -113.875, 34.2083333 ], [ -113.875, 34.1666667 ], [ -113.6666667, 34.1666667 ], [ -113.6666667, 34.25 ], [ -113.8333333, 34.2916667 ] ] ], [ [ [ -115.8333333, 34.2083333 ], [ -115.7916667, 34.0833333 ], [ -115.625, 34.0833333 ], [ -115.625, 34.1666667 ], [ -115.8333333, 34.2083333 ] ] ], [ [ [ -81.5, 34.1666667 ], [ -81.5416667, 34.0833333 ], [ -81.5, 34.0833333 ], [ -81.5, 34.1666667 ] ] ], [ [ [ -81.6666667, 34.125 ], [ -81.6666667, 34.0833333 ], [ -81.5833333, 34.0833333 ], [ -81.6666667, 34.125 ] ] ], [ [ [ -83.75, 33.9583333 ], [ -83.7916667, 33.9166667 ], [ -83.75, 33.9166667 ], [ -83.75, 33.9583333 ] ] ], [ [ [ -83.4583333, 34.125 ], [ -83.5416667, 34.1666667 ], [ -83.625, 34.0833333 ], [ -83.5416667, 34.0 ], [ -83.5833333, 33.8333333 ], [ -83.5, 33.8333333 ], [ -83.5, 33.875 ], [ -83.4166667, 33.875 ], [ -83.3333333, 33.7916667 ], [ -83.3333333, 33.8333333 ], [ -83.25, 33.75 ], [ -83.125, 33.7916667 ], [ -83.125, 33.875 ], [ -83.0, 33.9166667 ], [ -83.125, 34.0 ], [ -83.4583333, 34.0833333 ], [ -83.4583333, 34.125 ] ] ], [ [ [ -83.25, 33.6666667 ], [ -83.25, 33.75 ], [ -83.2916667, 33.75 ], [ -83.3333333, 33.6666667 ], [ -83.375, 33.5833333 ], [ -83.25, 33.5 ], [ -83.25, 33.6666667 ] ] ], [ [ [ -84.7083333, 33.6666667 ], [ -84.625, 33.625 ], [ -84.625, 33.6666667 ], [ -84.7083333, 33.6666667 ] ] ], [ [ [ -89.4583333, 33.6666667 ], [ -89.4166667, 33.5416667 ], [ -89.25, 33.5416667 ], [ -89.25, 33.5833333 ], [ -89.4583333, 33.6666667 ] ] ], [ [ [ -89.0416667, 33.5416667 ], [ -89.0416667, 33.5 ], [ -89.0, 33.5 ], [ -89.0416667, 33.5416667 ] ] ], [ [ [ -83.7916667, 33.4583333 ], [ -83.7916667, 33.4166667 ], [ -83.75, 33.4583333 ], [ -83.7916667, 33.4583333 ] ] ], [ [ [ -84.1666667, 34.2083333 ], [ -84.2916667, 34.1666667 ], [ -84.5416667, 34.2083333 ], [ -84.625, 34.125 ], [ -84.625, 34.0416667 ], [ -84.6666667, 34.0 ], [ -84.625, 34.0 ], [ -84.625, 33.6666667 ], [ -84.5833333, 33.6666667 ], [ -84.625, 33.625 ], [ -84.6666667, 33.5 ], [ -84.5416667, 33.4583333 ], [ -84.4166667, 33.4583333 ], [ -84.3333333, 33.4166667 ], [ -84.3333333, 33.375 ], [ -84.1666667, 33.4166667 ], [ -84.1666667, 33.5416667 ], [ -84.0416667, 33.625 ], [ -83.9583333, 33.5833333 ], [ -84.0, 33.5 ], [ -83.8333333, 33.5 ], [ -83.8333333, 33.5833333 ], [ -83.75, 33.6666667 ], [ -83.8333333, 33.75 ], [ -83.75, 33.75 ], [ -83.7916667, 33.9166667 ], [ -83.875, 34.0 ], [ -83.75, 34.0 ], [ -83.75, 33.9583333 ], [ -83.625, 34.0 ], [ -83.625, 34.0833333 ], [ -83.7083333, 34.0416667 ], [ -83.7916667, 34.0833333 ], [ -83.7916667, 34.125 ], [ -83.8333333, 34.0833333 ], [ -83.875, 34.1666667 ], [ -84.0416667, 34.1666667 ], [ -84.0833333, 34.125 ], [ -84.125, 34.2083333 ], [ -84.1666667, 34.2083333 ] ], [ [ -83.9166667, 33.625 ], [ -83.9166667, 33.5833333 ], [ -83.9583333, 33.5833333 ], [ -83.9166667, 33.625 ] ] ], [ [ [ -100.4166667, 33.4166667 ], [ -100.4583333, 33.3333333 ], [ -100.4166667, 33.3333333 ], [ -100.4166667, 33.4166667 ] ] ], [ [ [ -83.7916667, 33.4166667 ], [ -83.9166667, 33.4166667 ], [ -84.0, 33.3333333 ], [ -83.8333333, 33.3333333 ], [ -83.7916667, 33.375 ], [ -83.7916667, 33.4166667 ] ] ], [ [ [ -82.1666667, 33.4583333 ], [ -81.9583333, 33.4166667 ], [ -82.0416667, 33.5416667 ], [ -82.1666667, 33.4583333 ] ] ], [ [ [ -87.7916667, 33.25 ], [ -87.7916667, 33.2083333 ], [ -87.75, 33.2083333 ], [ -87.7916667, 33.25 ] ] ], [ [ [ -100.7916667, 33.2083333 ], [ -100.7916667, 33.1666667 ], [ -100.75, 33.2083333 ], [ -100.7916667, 33.2083333 ] ] ], [ [ [ -115.3333333, 34.5 ], [ -115.4166667, 34.5833333 ], [ -115.9166667, 34.5833333 ], [ -115.9166667, 34.4583333 ], [ -115.75, 34.4583333 ], [ -115.7083333, 34.2916667 ], [ -115.5416667, 34.2916667 ], [ -115.4166667, 34.1666667 ], [ -115.4166667, 34.0833333 ], [ -115.2916667, 33.9583333 ], [ -115.4166667, 33.9166667 ], [ -115.4583333, 33.875 ], [ -115.4583333, 33.6666667 ], [ -115.2916667, 33.6666667 ], [ -115.125, 33.5 ], [ -114.9583333, 33.4583333 ], [ -115.0, 33.3333333 ], [ -114.9583333, 33.25 ], [ -114.8333333, 33.2916667 ], [ -114.5833333, 33.2916667 ], [ -114.4583333, 33.375 ], [ -114.375, 33.375 ], [ -114.3333333, 33.5 ], [ -114.1666667, 33.5416667 ], [ -114.1666667, 33.6666667 ], [ -114.0833333, 33.6666667 ], [ -114.0, 33.75 ], [ -113.9166667, 33.75 ], [ -114.0, 34.1666667 ], [ -114.0833333, 34.125 ], [ -114.1666667, 33.9583333 ], [ -114.3333333, 33.9583333 ], [ -114.4166667, 33.625 ], [ -114.7083333, 33.375 ], [ -114.7083333, 33.5833333 ], [ -114.7916667, 33.5833333 ], [ -114.7916667, 33.7083333 ], [ -114.7083333, 33.7083333 ], [ -114.7083333, 33.8333333 ], [ -114.6666667, 33.9166667 ], [ -114.7083333, 34.0 ], [ -114.875, 34.125 ], [ -114.875, 34.2083333 ], [ -115.0, 34.25 ], [ -114.9583333, 34.375 ], [ -114.916666699999979, 34.4166667 ], [ -114.9583333, 34.4166667 ], [ -114.9583333, 34.5 ], [ -115.0416667, 34.5 ], [ -115.0416667, 34.375 ], [ -115.125, 34.375 ], [ -115.2083333, 34.2916667 ], [ -115.3333333, 34.5 ] ], [ [ -115.2083333, 34.1666667 ], [ -115.1666667, 34.0416667 ], [ -115.0416667, 34.0 ], [ -115.0416667, 33.9166667 ], [ -114.875, 33.875 ], [ -115.0, 33.8333333 ], [ -115.0, 33.7916667 ], [ -115.083333299999978, 33.7916667 ], [ -115.083333299999978, 33.9583333 ], [ -115.2083333, 34.0 ], [ -115.2083333, 34.1666667 ] ] ], [ [ [ -100.7083333, 33.2916667 ], [ -100.75, 33.2083333 ], [ -100.7083333, 33.125 ], [ -100.625, 33.125 ], [ -100.625, 33.25 ], [ -100.7083333, 33.2916667 ] ] ], [ [ [ -89.125, 33.1666667 ], [ -89.125, 33.125 ], [ -89.0833333, 33.125 ], [ -89.125, 33.1666667 ] ] ], [ [ [ -87.4583333, 33.2916667 ], [ -87.625, 33.1666667 ], [ -87.4583333, 33.1666667 ], [ -87.4583333, 33.2916667 ] ] ], [ [ [ -112.6666667, 33.25 ], [ -112.75, 33.25 ], [ -112.75, 33.0833333 ], [ -112.7083333, 33.0833333 ], [ -112.6666667, 33.25 ] ] ], [ [ [ -112.7083333, 33.0833333 ], [ -112.6666667, 33.0416667 ], [ -112.6666667, 33.0833333 ], [ -112.7083333, 33.0833333 ] ] ], [ [ [ -100.7916667, 33.2083333 ], [ -100.9583333, 33.25 ], [ -101.0, 33.2916667 ], [ -101.0, 33.25 ], [ -100.9166667, 33.1666667 ], [ -100.9583333, 33.0833333 ], [ -100.875, 33.0416667 ], [ -100.8333333, 33.125 ], [ -100.7916667, 33.125 ], [ -100.7916667, 33.1666667 ], [ -100.8333333, 33.1666667 ], [ -100.7916667, 33.2083333 ] ] ], [ [ [ -89.0833333, 33.125 ], [ -89.125, 33.0833333 ], [ -89.0, 33.0 ], [ -88.9583333, 33.0 ], [ -88.875, 33.0416667 ], [ -88.9166667, 33.125 ], [ -89.0833333, 33.125 ] ] ], [ [ [ -113.2083333, 33.0833333 ], [ -113.25, 33.0 ], [ -113.2083333, 32.9166667 ], [ -113.0833333, 32.9166667 ], [ -113.1666667, 33.0833333 ], [ -113.2083333, 33.0833333 ] ] ], [ [ [ -113.2916667, 33.0 ], [ -113.375, 32.9583333 ], [ -113.375, 32.8333333 ], [ -113.2916667, 32.8333333 ], [ -113.25, 33.0 ], [ -113.2916667, 33.0 ] ] ], [ [ [ -100.5416667, 32.9166667 ], [ -100.5833333, 32.8333333 ], [ -100.5416667, 32.875 ], [ -100.5416667, 32.9166667 ] ] ], [ [ [ -83.625, 32.875 ], [ -83.6666667, 32.7916667 ], [ -83.625, 32.7916667 ], [ -83.625, 32.875 ] ] ], [ [ [ -113.4166667, 32.8333333 ], [ -113.5, 32.875 ], [ -113.5833333, 32.7916667 ], [ -113.4583333, 32.75 ], [ -113.4166667, 32.8333333 ] ] ], [ [ [ -89.0833333, 32.7916667 ], [ -89.0416667, 32.75 ], [ -89.0416667, 32.7916667 ], [ -89.0833333, 32.7916667 ] ] ], [ [ [ -83.6666667, 32.7916667 ], [ -83.75, 32.6666667 ], [ -83.625, 32.6666667 ], [ -83.625, 32.75 ], [ -83.6666667, 32.7916667 ] ] ], [ [ [ -83.125, 32.75 ], [ -83.1666667, 32.625 ], [ -83.0833333, 32.6666667 ], [ -83.125, 32.75 ] ] ], [ [ [ -83.3333333, 32.625 ], [ -83.375, 32.6666667 ], [ -83.5416667, 32.6666667 ], [ -83.5416667, 32.5833333 ], [ -83.375, 32.5833333 ], [ -83.3333333, 32.625 ] ] ], [ [ [ -83.5833333, 32.5833333 ], [ -83.5833333, 32.4583333 ], [ -83.5416667, 32.5833333 ], [ -83.5833333, 32.5833333 ] ] ], [ [ [ -86.4583333, 32.4583333 ], [ -86.5, 32.375 ], [ -86.4583333, 32.4166667 ], [ -86.4583333, 32.4583333 ] ] ], [ [ [ -83.5833333, 32.4166667 ], [ -83.5833333, 32.375 ], [ -83.5416667, 32.375 ], [ -83.5833333, 32.4166667 ] ] ], [ [ [ -86.1666667, 32.375 ], [ -86.1666667, 32.4583333 ], [ -86.25, 32.5 ], [ -86.375, 32.4583333 ], [ -86.4583333, 32.4166667 ], [ -86.4583333, 32.375 ], [ -86.4166667, 32.2916667 ], [ -86.1666667, 32.375 ] ] ], [ [ [ -86.5, 32.375 ], [ -86.5, 32.2916667 ], [ -86.4583333, 32.2916667 ], [ -86.4583333, 32.375 ], [ -86.5, 32.375 ] ] ], [ [ [ -83.5416667, 32.375 ], [ -83.5833333, 32.3333333 ], [ -83.5833333, 32.25 ], [ -83.5, 32.2916667 ], [ -83.5, 32.375 ], [ -83.5416667, 32.375 ] ] ], [ [ [ -64.7083333, 32.4166667 ], [ -64.75, 32.3333333 ], [ -64.9166667, 32.3333333 ], [ -64.9166667, 32.25 ], [ -64.75, 32.25 ], [ -64.625, 32.3333333 ], [ -64.7083333, 32.4166667 ] ] ], [ [ [ -86.4583333, 32.2916667 ], [ -86.4583333, 32.25 ], [ -86.4166667, 32.2916667 ], [ -86.4583333, 32.2916667 ] ] ], [ [ [ -83.5833333, 32.25 ], [ -83.6666667, 32.2083333 ], [ -83.5833333, 32.2083333 ], [ -83.5833333, 32.25 ] ] ], [ [ [ -82.1666667, 31.5833333 ], [ -82.1666667, 31.5416667 ], [ -82.125, 31.5416667 ], [ -82.1666667, 31.5833333 ] ] ], [ [ [ -91.0833333, 31.5416667 ], [ -91.0833333, 31.5 ], [ -91.0416667, 31.5 ], [ -91.0833333, 31.5416667 ] ] ], [ [ [ -102.6666667, 31.5416667 ], [ -102.75, 31.4583333 ], [ -102.6666667, 31.4583333 ], [ -102.6666667, 31.5416667 ] ] ], [ [ [ -91.0833333, 31.5 ], [ -91.125, 31.4583333 ], [ -91.0833333, 31.4583333 ], [ -91.0833333, 31.5 ] ] ], [ [ [ -82.5416667, 31.5 ], [ -82.5, 31.4583333 ], [ -82.5, 31.5 ], [ -82.5416667, 31.5 ] ] ], [ [ [ -91.0416667, 31.5 ], [ -91.0833333, 31.4583333 ], [ -91.0416667, 31.3333333 ], [ -91.0, 31.5 ], [ -91.0416667, 31.5 ] ] ], [ [ [ -100.8333333, 31.2083333 ], [ -100.7083333, 31.1666667 ], [ -100.7083333, 31.2083333 ], [ -100.8333333, 31.2083333 ] ] ], [ [ [ -85.375, 31.125 ], [ -85.4583333, 31.0416667 ], [ -85.25, 31.0 ], [ -85.25, 31.0416667 ], [ -85.375, 31.125 ] ] ], [ [ [ -85.5833333, 31.4166667 ], [ -85.6666667, 31.33333330000001 ], [ -85.6666667, 31.375 ], [ -85.7083333, 31.3333333 ], [ -85.875, 31.1666667 ], [ -85.7916667, 31.125 ], [ -85.8333333, 31.0416667 ], [ -85.5833333, 30.9583333 ], [ -85.5833333, 31.1666667 ], [ -85.5416667, 31.1666667 ], [ -85.4583333, 31.0833333 ], [ -85.375, 31.125 ], [ -85.3333333, 31.2916667 ], [ -85.4166667, 31.3333333 ], [ -85.4166667, 31.4166667 ], [ -85.5833333, 31.4166667 ] ] ], [ [ [ -103.0, 31.5 ], [ -103.0416667, 31.4583333 ], [ -102.9583333, 31.2916667 ], [ -103.0, 31.2083333 ], [ -102.8333333, 31.1666667 ], [ -102.8333333, 31.0416667 ], [ -102.7083333, 30.9583333 ], [ -102.625, 30.9166667 ], [ -102.375, 31.0833333 ], [ -102.25, 30.9583333 ], [ -102.0833333, 30.9583333 ], [ -102.0416667, 31.0 ], [ -102.2083333, 31.0833333 ], [ -102.2916667, 31.0833333 ], [ -102.3333333, 31.2083333 ], [ -102.5, 31.2083333 ], [ -102.5416667, 31.25 ], [ -102.5, 31.375 ], [ -102.625, 31.4166667 ], [ -102.75, 31.4583333 ], [ -102.875, 31.4583333 ], [ -102.875, 31.5416667 ], [ -102.9583333, 31.5 ], [ -103.0, 31.5 ] ], [ [ -102.5, 31.2083333 ], [ -102.5, 31.1666667 ], [ -102.625, 31.1666667 ], [ -102.5, 31.2083333 ] ] ], [ [ [ -83.75, 31.0 ], [ -83.6666667, 30.9583333 ], [ -83.6666667, 30.875 ], [ -83.5833333, 30.9583333 ], [ -83.75, 31.0 ] ] ], [ [ [ -87.5833333, 30.7083333 ], [ -87.5833333, 30.6666667 ], [ -87.5416667, 30.6666667 ], [ -87.5833333, 30.7083333 ] ] ], [ [ [ -100.7916667, 30.625 ], [ -100.8333333, 30.75 ], [ -100.9166667, 30.7083333 ], [ -100.9166667, 30.625 ], [ -100.7916667, 30.625 ] ] ], [ [ [ -87.5416667, 30.6666667 ], [ -87.5416667, 30.625 ], [ -87.4583333, 30.625 ], [ -87.5416667, 30.6666667 ] ] ], [ [ [ -87.5833333, 30.625 ], [ -87.5416667, 30.5833333 ], [ -87.5416667, 30.625 ], [ -87.5833333, 30.625 ] ] ], [ [ [ -100.7916667, 30.625 ], [ -100.9166667, 30.5833333 ], [ -100.9583333, 30.5 ], [ -100.75, 30.5 ], [ -100.7083333, 30.5416667 ], [ -100.7916667, 30.625 ] ] ], [ [ [ -100.75, 30.5 ], [ -100.75, 30.4583333 ], [ -100.7083333, 30.5 ], [ -100.75, 30.5 ] ] ], [ [ [ -101.7916667, 30.3333333 ], [ -101.7916667, 30.5 ], [ -101.9166667, 30.4583333 ], [ -101.875, 30.375 ], [ -101.875, 30.3333333 ], [ -101.7916667, 30.3333333 ] ] ], [ [ [ -101.875, 30.3333333 ], [ -101.9166667, 30.25 ], [ -101.875, 30.25 ], [ -101.875, 30.3333333 ] ] ], [ [ [ -101.875, 30.25 ], [ -101.9166667, 30.2083333 ], [ -101.9166667, 30.125 ], [ -101.75, 30.1666667 ], [ -101.8333333, 30.25 ], [ -101.875, 30.25 ] ] ], [ [ [ -75.7916667, 40.0416667 ], [ -75.8333333, 40.0 ], [ -75.7916667, 39.75 ], [ -75.875, 39.7083333 ], [ -76.0, 39.5416667 ], [ -76.1666667, 39.625 ], [ -76.2916667, 39.6666667 ], [ -76.3333333, 39.75 ], [ -76.375, 39.75 ], [ -76.375, 39.625 ], [ -76.5416667, 39.625 ], [ -76.625, 39.5833333 ], [ -76.7916667, 39.5416667 ], [ -76.8333333, 39.4583333 ], [ -76.75, 39.4166667 ], [ -76.7083333, 39.3333333 ], [ -76.7083333, 39.2916667 ], [ -76.7083333, 39.1666667 ], [ -77.0416667, 39.2083333 ], [ -77.125, 39.1666667 ], [ -77.1666667, 39.1666667 ], [ -77.25, 39.25 ], [ -77.3333333, 39.0416667 ], [ -77.4166667, 39.125 ], [ -77.5416667, 39.125 ], [ -77.5833333, 39.0833333 ], [ -77.5833333, 39.125 ], [ -77.6666667, 39.0416667 ], [ -77.7083333, 39.0416667 ], [ -77.7083333, 38.7916667 ], [ -77.7916667, 38.875 ], [ -77.8333333, 38.7916667 ], [ -77.8333333, 38.75 ], [ -77.7083333, 38.6666667 ], [ -77.8333333, 38.5833333 ], [ -77.875, 38.625 ], [ -78.0833333, 38.625 ], [ -78.1666667, 38.3333333 ], [ -78.2916667, 38.3333333 ], [ -78.4166667, 38.25 ], [ -78.5833333, 38.125 ], [ -78.625, 37.9583333 ], [ -78.75, 37.9583333 ], [ -78.75, 37.9166667 ], [ -78.7916667, 37.9166667 ], [ -78.8333333, 37.75 ], [ -79.0, 37.75 ], [ -79.0416667, 37.7083333 ], [ -79.0416667, 37.6666667 ], [ -78.9583333, 37.5833333 ], [ -79.0833333, 37.5 ], [ -79.2916667, 37.5 ], [ -79.2916667, 37.4166667 ], [ -79.375, 37.3333333 ], [ -79.5416667, 37.3333333 ], [ -79.5, 37.2083333 ], [ -79.3333333, 37.1666667 ], [ -79.2916667, 37.0833333 ], [ -79.2083333, 37.0 ], [ -79.3333333, 36.9583333 ], [ -79.3333333, 36.8333333 ], [ -79.5416667, 36.7916667 ], [ -79.5833333, 36.7916667 ], [ -79.5833333, 36.9583333 ], [ -79.625, 37.0 ], [ -79.7916667, 37.0 ], [ -79.7916667, 37.0833333 ], [ -79.9166667, 37.0416667 ], [ -79.8333333, 36.9583333 ], [ -79.875, 36.7916667 ], [ -80.0, 36.7916667 ], [ -80.0, 36.7083333 ], [ -80.125, 36.6666667 ], [ -80.1666667, 36.625 ], [ -80.25, 36.5416667 ], [ -80.2916667, 36.5 ], [ -80.3333333, 36.375 ], [ -80.375, 36.375 ], [ -80.5, 36.25 ], [ -80.5416667, 36.0833333 ], [ -80.625, 36.0416667 ], [ -80.625, 35.9583333 ], [ -80.5833333, 35.875 ], [ -80.4166667, 35.875 ], [ -80.375, 35.9166667 ], [ -80.2083333, 35.875 ], [ -80.2083333, 35.7916667 ], [ -80.125, 35.625 ], [ -80.125, 35.4583333 ], [ -80.2083333, 35.4166667 ], [ -80.2916667, 35.2916667 ], [ -80.2916667, 35.0416667 ], [ -80.4583333, 35.0833333 ], [ -80.625, 35.0416667 ], [ -80.625, 35.0 ], [ -80.5, 34.9583333 ], [ -80.5833333, 34.875 ], [ -80.6666667, 34.9166667 ], [ -80.75, 35.0416667 ], [ -80.75, 35.125 ], [ -80.625, 35.2083333 ], [ -80.6666667, 35.3333333 ], [ -80.75, 35.2916667 ], [ -80.7083333, 35.3333333 ], [ -80.75, 35.3333333 ], [ -80.75, 35.375 ], [ -80.8333333, 35.375 ], [ -80.875, 35.4166667 ], [ -80.875, 35.375 ], [ -80.9166667, 35.375 ], [ -80.9583333, 35.2916667 ], [ -81.0, 35.1666667 ], [ -81.0416667, 35.1666667 ], [ -81.0416667, 35.0416667 ], [ -81.1666667, 35.0416667 ], [ -81.1666667, 35.0833333 ], [ -81.2916667, 35.0833333 ], [ -81.2916667, 34.9583333 ], [ -81.2083333, 34.9583333 ], [ -81.25, 34.8333333 ], [ -81.1666667, 34.8333333 ], [ -81.1666667, 34.9166667 ], [ -81.0, 34.875 ], [ -80.9166667, 34.7916667 ], [ -80.875, 34.6666667 ], [ -80.9166667, 34.6666667 ], [ -81.0416667, 34.75 ], [ -81.0416667, 34.6666667 ], [ -80.9583333, 34.5833333 ], [ -81.0416667, 34.5 ], [ -81.0, 34.375 ], [ -81.0833333, 34.3333333 ], [ -81.125, 34.4583333 ], [ -81.2083333, 34.2083333 ], [ -81.25, 34.2083333 ], [ -81.2916667, 34.0833333 ], [ -81.4166667, 34.0416667 ], [ -81.4166667, 33.9583333 ], [ -81.7916667, 33.5833333 ], [ -81.7916667, 33.4583333 ], [ -81.9166667, 33.2916667 ], [ -82.0416667, 33.25 ], [ -82.0416667, 33.1666667 ], [ -82.1666667, 33.0833333 ], [ -82.3333333, 33.0833333 ], [ -82.375, 32.9583333 ], [ -82.5, 32.8333333 ], [ -82.5833333, 32.875 ], [ -82.625, 32.7916667 ], [ -82.5416667, 32.75 ], [ -82.6666667, 32.625 ], [ -82.6666667, 32.2083333 ], [ -82.8333333, 32.1666667 ], [ -82.9166667, 32.1666667 ], [ -83.0, 32.0833333 ], [ -83.1666667, 32.0416667 ], [ -83.1666667, 31.9583333 ], [ -83.2916667, 31.9583333 ], [ -83.2916667, 31.875 ], [ -83.4166667, 31.75 ], [ -83.4166667, 31.625 ], [ -83.375, 31.625 ], [ -83.375, 31.375 ], [ -83.4583333, 31.375 ], [ -83.625, 31.2916667 ], [ -83.75, 31.3333333 ], [ -83.875, 31.2916667 ], [ -83.875, 31.2083333 ], [ -83.75, 31.0833333 ], [ -83.75, 31.0416667 ], [ -83.7083333, 31.0833333 ], [ -83.5, 31.0416667 ], [ -83.5416667, 31.2083333 ], [ -83.375, 31.2083333 ], [ -83.375, 31.2916667 ], [ -83.25, 31.33333330000001 ], [ -83.25, 31.375 ], [ -83.1666667, 31.4166667 ], [ -83.125, 31.3333333 ], [ -83.0, 31.33333330000001 ], [ -82.9583333, 31.4583333 ], [ -82.8333333, 31.5416667 ], [ -82.8333333, 31.625 ], [ -82.8333333, 31.6666667 ], [ -82.875, 31.7916667 ], [ -82.7916667, 31.8333333 ], [ -82.75, 31.7083333 ], [ -82.625, 31.7083333 ], [ -82.5833333, 31.5833333 ], [ -82.5416667, 31.5 ], [ -82.5, 31.5416667 ], [ -82.5, 31.5 ], [ -82.4166667, 31.5833333 ], [ -82.4583333, 31.5833333 ], [ -82.4166667, 31.625 ], [ -82.375, 31.75 ], [ -82.3333333, 31.75 ], [ -82.2916667, 31.75 ], [ -82.2916667, 31.6666667 ], [ -82.1666667, 31.5833333 ], [ -82.125, 31.6666667 ], [ -82.0416667, 31.625 ], [ -81.9583333, 31.5 ], [ -81.9166667, 31.4583333 ], [ -81.9166667, 31.4166667 ], [ -82.0, 31.2916667 ], [ -81.875, 31.375 ], [ -81.7916667, 31.33333330000001 ], [ -81.9166667, 31.2083333 ], [ -81.9166667, 31.1666667 ], [ -81.9166667, 31.0 ], [ -81.9583333, 31.0 ], [ -81.9166667, 30.9166667 ], [ -81.9583333, 30.8333333 ], [ -81.875, 30.7916667 ], [ -81.9166667, 30.6666667 ], [ -81.875, 30.5833333 ], [ -81.9583333, 30.5 ], [ -81.875, 30.4583333 ], [ -81.875, 30.375 ], [ -81.75, 30.25 ], [ -81.75, 30.1666667 ], [ -81.75, 30.125 ], [ -81.6666667, 30.0416667 ], [ -81.5, 30.125 ], [ -81.5, 30.0416667 ], [ -81.4166667, 30.0416667 ], [ -81.4166667, 30.0 ], [ -81.3333333, 30.0 ], [ -81.3333333, 30.25 ], [ -81.375, 30.25 ], [ -81.375, 30.5 ], [ -81.4166667, 30.5 ], [ -81.4166667, 30.875 ], [ -81.375, 30.875 ], [ -81.375, 31.125 ], [ -81.25, 31.2083333 ], [ -81.25, 31.4166667 ], [ -81.1666667, 31.4583333 ], [ -81.0833333, 31.7083333 ], [ -80.8333333, 31.9583333 ], [ -80.7916667, 32.125 ], [ -80.6666667, 32.1666667 ], [ -80.6666667, 32.25 ], [ -80.5416667, 32.25 ], [ -80.4166667, 32.3333333 ], [ -80.4166667, 32.4166667 ], [ -80.2916667, 32.4583333 ], [ -80.25, 32.5416667 ], [ -79.9583333, 32.625 ], [ -79.6666667, 32.875 ], [ -79.5416667, 32.875 ], [ -79.5416667, 32.9583333 ], [ -79.375, 33.0 ], [ -79.1666667, 33.1666667 ], [ -79.1666667, 33.3333333 ], [ -79.0416667, 33.4166667 ], [ -79.0416667, 33.5833333 ], [ -78.7916667, 33.75 ], [ -78.625, 33.8333333 ], [ -78.4583333, 33.875 ], [ -78.0416667, 33.875 ], [ -77.9583333, 33.8333333 ], [ -77.875, 33.9583333 ], [ -77.875, 34.0833333 ], [ -77.7916667, 34.2083333 ], [ -77.625, 34.375 ], [ -77.5416667, 34.375 ], [ -77.4166667, 34.5 ], [ -77.2916667, 34.5 ], [ -77.1666667, 34.625 ], [ -77.0, 34.625 ], [ -76.875, 34.6666667 ], [ -76.5833333, 34.6666667 ], [ -76.5, 34.75 ], [ -76.375, 34.7916667 ], [ -76.2083333, 34.9583333 ], [ -76.25, 35.0416667 ], [ -76.5416667, 35.0833333 ], [ -76.5416667, 35.1666667 ], [ -76.4583333, 35.2083333 ], [ -76.4583333, 35.3333333 ], [ -76.0833333, 35.3333333 ], [ -76.0833333, 35.375 ], [ -75.9166667, 35.5416667 ], [ -75.75, 35.5416667 ], [ -75.7083333, 35.5833333 ], [ -75.7083333, 35.875 ], [ -75.625, 35.75 ], [ -75.5, 35.6666667 ], [ -75.5, 35.375 ], [ -75.4583333, 35.375 ], [ -75.4583333, 35.75 ], [ -75.5416667, 35.7916667 ], [ -75.5416667, 35.875 ], [ -75.6666667, 36.125 ], [ -75.75, 36.1666667 ], [ -75.7916667, 36.2083333 ], [ -75.75, 36.2916667 ], [ -75.875, 36.375 ], [ -75.875, 36.4166667 ], [ -75.8333333, 36.5833333 ], [ -75.9166667, 36.625 ], [ -75.9166667, 36.7916667 ], [ -75.9583333, 36.9583333 ], [ -76.25, 36.9583333 ], [ -76.2916667, 37.0 ], [ -76.2916667, 37.1666667 ], [ -76.3333333, 37.2916667 ], [ -76.25, 37.2916667 ], [ -76.25, 37.5416667 ], [ -76.3333333, 37.5833333 ], [ -76.25, 37.75 ], [ -76.25, 37.9583333 ], [ -76.4583333, 38.0 ], [ -76.5833333, 38.125 ], [ -76.5833333, 38.1666667 ], [ -76.2916667, 38.1666667 ], [ -76.4166667, 38.25 ], [ -76.375, 38.4166667 ], [ -76.5, 38.5 ], [ -76.5, 38.8333333 ], [ -76.4583333, 38.9583333 ], [ -76.375, 39.0 ], [ -76.375, 38.875 ], [ -76.2916667, 38.875 ], [ -76.3333333, 38.75 ], [ -76.25, 38.6666667 ], [ -76.3333333, 38.5833333 ], [ -76.2916667, 38.5 ], [ -76.2916667, 38.4583333 ], [ -76.2916667, 38.2916667 ], [ -76.1666667, 38.2916667 ], [ -76.1666667, 38.375 ], [ -76.0833333, 38.25 ], [ -75.875, 38.2916667 ], [ -75.7916667, 38.4583333 ], [ -75.7083333, 38.375 ], [ -75.7083333, 38.2916667 ], [ -75.4583333, 38.2916667 ], [ -75.375, 38.3333333 ], [ -75.25, 38.25 ], [ -75.125, 38.25 ], [ -75.0416667, 38.4166667 ], [ -75.0833333, 38.5416667 ], [ -75.0833333, 38.75 ], [ -75.1666667, 38.7916667 ], [ -75.2916667, 38.75 ], [ -75.2916667, 38.9583333 ], [ -75.375, 38.9166667 ], [ -75.375, 39.2083333 ], [ -75.4166667, 39.2916667 ], [ -75.5, 39.375 ], [ -75.5833333, 39.5416667 ], [ -75.5416667, 39.5833333 ], [ -75.5416667, 39.9166667 ], [ -75.625, 39.9583333 ], [ -75.7916667, 40.0416667 ] ], [ [ -75.7916667, 36.1666667 ], [ -75.75, 36.1666667 ], [ -75.75, 36.0 ], [ -76.2916667, 36.0 ], [ -76.375, 36.0833333 ], [ -76.1666667, 36.0833333 ], [ -76.0416667, 36.1666667 ], [ -75.7916667, 36.1666667 ] ], [ [ -81.9166667, 31.5 ], [ -81.9583333, 31.5 ], [ -81.9166667, 31.5416667 ], [ -81.9166667, 31.5 ] ], [ [ -81.4583333, 30.125 ], [ -81.5, 30.125 ], [ -81.4583333, 30.1666667 ], [ -81.4583333, 30.125 ] ], [ [ -76.0416667, 39.4583333 ], [ -76.0, 39.5416667 ], [ -75.9166667, 39.4583333 ], [ -76.0416667, 39.4583333 ] ], [ [ -76.375, 39.0 ], [ -76.4166667, 39.0416667 ], [ -76.4166667, 39.2083333 ], [ -76.3333333, 39.3333333 ], [ -76.25, 39.25 ], [ -76.2916667, 39.2083333 ], [ -76.2083333, 39.0416667 ], [ -76.375, 39.0 ] ], [ [ -76.9583333, 38.2916667 ], [ -76.8333333, 38.2083333 ], [ -76.9583333, 38.2083333 ], [ -76.9583333, 38.2916667 ] ], [ [ -76.8333333, 38.2083333 ], [ -76.5833333, 38.2083333 ], [ -76.5833333, 38.1666667 ], [ -76.8333333, 38.1666667 ], [ -76.8333333, 38.2083333 ] ], [ [ -80.4166667, 36.1666667 ], [ -80.3333333, 36.2083333 ], [ -80.375, 36.125 ], [ -80.4166667, 36.1666667 ] ], [ [ -80.4166667, 36.125 ], [ -80.4583333, 36.1666667 ], [ -80.4166667, 36.1666667 ], [ -80.4166667, 36.125 ] ], [ [ -79.25, 35.75 ], [ -79.2916667, 35.9583333 ], [ -79.125, 36.125 ], [ -78.9583333, 36.125 ], [ -78.9583333, 35.9166667 ], [ -78.875, 35.8333333 ], [ -78.9166667, 35.75 ], [ -79.1666667, 35.7083333 ], [ -79.25, 35.75 ] ], [ [ -80.875, 34.875 ], [ -80.7916667, 34.8333333 ], [ -80.9166667, 34.7916667 ], [ -80.9166667, 34.8333333 ], [ -80.875, 34.875 ] ], [ [ -77.7916667, 34.7916667 ], [ -77.75, 34.625 ], [ -77.8333333, 34.7083333 ], [ -77.7916667, 34.7916667 ] ], [ [ -80.7083333, 34.75 ], [ -80.625, 34.6666667 ], [ -80.75, 34.625 ], [ -80.7916667, 34.7083333 ], [ -80.7083333, 34.75 ] ], [ [ -78.0416667, 34.5 ], [ -78.0416667, 34.4583333 ], [ -78.0833333, 34.5 ], [ -78.0416667, 34.5 ] ], [ [ -78.0833333, 34.5416667 ], [ -78.125, 34.625 ], [ -78.0, 34.7083333 ], [ -77.8333333, 34.7083333 ], [ -77.9583333, 34.625 ], [ -77.9583333, 34.5833333 ], [ -77.9583333, 34.5416667 ], [ -78.0416667, 34.5 ], [ -78.0833333, 34.5416667 ] ], [ [ -78.3333333, 34.125 ], [ -78.2916667, 34.2083333 ], [ -78.2916667, 34.125 ], [ -78.3333333, 34.125 ] ] ], [ [ [ -103.0, 29.0416667 ], [ -102.9166667, 29.0833333 ], [ -102.9166667, 29.2083333 ], [ -103.0416667, 29.1666667 ], [ -103.0, 29.0416667 ] ] ], [ [ [ -90.375, 29.1666667 ], [ -90.4583333, 29.0833333 ], [ -90.375, 29.0416667 ], [ -90.25, 29.0833333 ], [ -90.3333333, 29.0833333 ], [ -90.375, 29.1666667 ] ] ], [ [ [ -77.4166667, 26.8333333 ], [ -77.5416667, 26.9166667 ], [ -77.9583333, 26.9166667 ], [ -77.9583333, 26.75 ], [ -77.8333333, 26.875 ], [ -77.75, 26.8333333 ], [ -77.5416667, 26.8333333 ], [ -77.4583333, 26.7916667 ], [ -77.4583333, 26.5833333 ], [ -77.4166667, 26.5 ], [ -77.3333333, 26.5 ], [ -77.3333333, 26.3333333 ], [ -77.2083333, 26.25 ], [ -77.1666667, 26.2916667 ], [ -77.1666667, 26.4583333 ], [ -77.0416667, 26.4583333 ], [ -76.9583333, 26.375 ], [ -76.9583333, 26.625 ], [ -77.0416667, 26.625 ], [ -77.125, 26.6666667 ], [ -77.125, 26.625 ], [ -77.25, 26.625 ], [ -77.3333333, 26.7916667 ], [ -77.375, 26.8333333 ], [ -77.375, 26.7916667 ], [ -77.4166667, 26.8333333 ] ] ], [ [ [ -98.2083333, 25.375 ], [ -98.2083333, 25.2916667 ], [ -98.0833333, 25.2916667 ], [ -98.2083333, 25.375 ] ] ], [ [ [ -91.8333333, 44.3333333 ], [ -91.8333333, 44.25 ], [ -91.9166667, 44.3333333 ], [ -92.0, 44.375 ], [ -92.0416667, 44.375 ], [ -92.0833333, 44.375 ], [ -92.0416667, 44.25 ], [ -92.0, 44.2083333 ], [ -92.0416667, 44.2083333 ], [ -92.0416667, 44.0833333 ], [ -91.9166667, 44.0416667 ], [ -91.875, 44.1666667 ], [ -91.875, 44.0833333 ], [ -91.6666667, 44.0 ], [ -91.5, 43.9583333 ], [ -91.4583333, 43.9583333 ], [ -91.375, 43.9166667 ], [ -91.375, 43.7916667 ], [ -91.5, 43.8333333 ], [ -91.5833333, 43.875 ], [ -91.6666667, 43.8333333 ], [ -91.7916667, 43.875 ], [ -91.7916667, 43.9166667 ], [ -91.8333333, 43.875 ], [ -91.875, 43.7916667 ], [ -92.0416667, 43.7916667 ], [ -92.125, 43.7083333 ], [ -92.25, 43.6666667 ], [ -92.2083333, 43.625 ], [ -92.125, 43.5833333 ], [ -91.9583333, 43.625 ], [ -91.75, 43.7083333 ], [ -91.625, 43.625 ], [ -91.5833333, 43.5416667 ], [ -91.7083333, 43.4166667 ], [ -91.7916667, 43.4583333 ], [ -91.9583333, 43.4583333 ], [ -91.9166667, 43.375 ], [ -91.9166667, 43.2083333 ], [ -92.0, 43.125 ], [ -92.25, 43.1666667 ], [ -92.375, 43.25 ], [ -92.4583333, 43.25 ], [ -92.5833333, 43.3333333 ], [ -92.75, 43.4583333 ], [ -92.7916667, 43.3333333 ], [ -92.875, 43.2916667 ], [ -92.9583333, 43.2083333 ], [ -93.2916667, 43.2083333 ], [ -93.2083333, 43.0416667 ], [ -93.0833333, 43.0416667 ], [ -93.2083333, 43.0 ], [ -93.25, 42.9166667 ], [ -93.25, 42.875 ], [ -93.25, 42.6666667 ], [ -93.375, 42.625 ], [ -93.4583333, 42.5 ], [ -93.375, 42.375 ], [ -93.4583333, 42.2916667 ], [ -93.2916667, 42.1666667 ], [ -93.2083333, 42.1666667 ], [ -93.25, 42.2916667 ], [ -93.0833333, 42.2083333 ], [ -93.1666667, 42.125 ], [ -93.1666667, 42.0833333 ], [ -93.3333333, 42.0 ], [ -93.4583333, 42.0416667 ], [ -93.5833333, 42.125 ], [ -93.6666667, 42.125 ], [ -93.6666667, 42.0833333 ], [ -93.7083333, 42.0833333 ], [ -93.7083333, 42.0 ], [ -93.8333333, 42.0 ], [ -93.8333333, 41.875 ], [ -93.9166667, 41.8333333 ], [ -93.9583333, 41.8333333 ], [ -93.9583333, 41.7916667 ], [ -94.0, 41.75 ], [ -94.1666667, 41.7083333 ], [ -94.2916667, 41.7916667 ], [ -94.4583333, 41.75 ], [ -94.5416667, 41.7083333 ], [ -94.5416667, 41.75 ], [ -94.5833333, 41.7083333 ], [ -94.625, 41.625 ], [ -94.7916667, 41.625 ], [ -94.875, 41.7083333 ], [ -95.125, 41.6666667 ], [ -95.2083333, 41.5833333 ], [ -95.2083333, 41.5416667 ], [ -95.1666667, 41.4583333 ], [ -95.125, 41.5833333 ], [ -95.0, 41.625 ], [ -94.9166667, 41.5416667 ], [ -94.9583333, 41.375 ], [ -95.0, 41.2916667 ], [ -95.0833333, 41.1666667 ], [ -94.8333333, 40.9583333 ], [ -94.7916667, 40.9166667 ], [ -94.8333333, 40.9166667 ], [ -94.9583333, 40.875 ], [ -95.0, 41.0 ], [ -95.125, 41.0833333 ], [ -95.0833333, 40.8333333 ], [ -95.0, 40.75 ], [ -95.0833333, 40.7083333 ], [ -95.1666667, 40.7916667 ], [ -95.1666667, 40.875 ], [ -95.2083333, 40.875 ], [ -95.25, 40.7083333 ], [ -95.3333333, 40.5416667 ], [ -95.4583333, 40.5 ], [ -95.4583333, 40.625 ], [ -95.2916667, 40.6666667 ], [ -95.3333333, 40.75 ], [ -95.5416667, 40.7916667 ], [ -95.5416667, 40.8333333 ], [ -95.625, 40.7916667 ], [ -95.7916667, 40.7916667 ], [ -95.75, 40.875 ], [ -95.7083333, 40.875 ], [ -95.6666667, 40.9166667 ], [ -95.6666667, 41.0 ], [ -95.7916667, 41.0416667 ], [ -95.7916667, 40.9166667 ], [ -95.875, 40.8333333 ], [ -95.9166667, 40.7083333 ], [ -96.0416667, 40.6666667 ], [ -96.1666667, 40.5416667 ], [ -96.3333333, 40.5833333 ], [ -96.2916667, 40.5 ], [ -96.25, 40.4166667 ], [ -96.2083333, 40.5 ], [ -95.9583333, 40.5 ], [ -95.9166667, 40.4583333 ], [ -95.9166667, 40.4166667 ], [ -95.9166667, 40.3333333 ], [ -95.8333333, 40.25 ], [ -95.9166667, 40.125 ], [ -96.0, 39.875 ], [ -96.0833333, 39.7916667 ], [ -96.0833333, 39.6666667 ], [ -95.9583333, 39.6666667 ], [ -96.0416667, 39.5416667 ], [ -96.0416667, 39.4583333 ], [ -96.1666667, 39.4166667 ], [ -96.25, 39.2916667 ], [ -96.4166667, 39.3333333 ], [ -96.4583333, 39.25 ], [ -96.5833333, 39.25 ], [ -96.5416667, 39.0833333 ], [ -96.4166667, 39.125 ], [ -96.2916667, 39.0 ], [ -96.25, 39.0416667 ], [ -96.25, 39.0 ], [ -96.125, 39.0 ], [ -96.125, 39.0416667 ], [ -96.0416667, 39.0416667 ], [ -96.0416667, 38.875 ], [ -96.125, 38.8333333 ], [ -96.0416667, 38.625 ], [ -95.875, 38.6666667 ], [ -95.875, 38.5833333 ], [ -96.0, 38.5833333 ], [ -96.0416667, 38.5416667 ], [ -96.0416667, 38.5833333 ], [ -96.125, 38.5416667 ], [ -96.2916667, 38.4583333 ], [ -96.375, 38.5 ], [ -96.5, 38.4166667 ], [ -96.5, 38.25 ], [ -96.5416667, 38.25 ], [ -96.5, 38.2083333 ], [ -96.5, 38.0833333 ], [ -96.4166667, 38.0 ], [ -96.25, 37.9583333 ], [ -96.3333333, 37.8333333 ], [ -96.4166667, 37.9166667 ], [ -96.5416667, 38.0416667 ], [ -96.625, 37.9583333 ], [ -96.75, 38.0 ], [ -96.75, 38.0416667 ], [ -96.6666667, 38.0416667 ], [ -96.5833333, 38.2916667 ], [ -96.5833333, 38.4166667 ], [ -96.7083333, 38.4166667 ], [ -96.75, 38.3333333 ], [ -96.875, 38.2916667 ], [ -97.0416667, 38.4166667 ], [ -97.0, 38.2916667 ], [ -97.0833333, 38.2916667 ], [ -97.0833333, 38.0 ], [ -97.2083333, 38.0833333 ], [ -97.2083333, 38.2083333 ], [ -97.375, 38.2083333 ], [ -97.3333333, 38.125 ], [ -97.25, 38.0 ], [ -97.375, 38.0416667 ], [ -97.5833333, 38.0 ], [ -97.5833333, 37.625 ], [ -97.7083333, 37.625 ], [ -97.6666667, 37.5 ], [ -97.8333333, 37.625 ], [ -97.875, 37.5 ], [ -97.75, 37.4583333 ], [ -97.8333333, 37.375 ], [ -97.9166667, 37.2083333 ], [ -98.0, 37.25 ], [ -98.0416667, 37.125 ], [ -98.2916667, 37.125 ], [ -98.25, 36.9583333 ], [ -98.375, 36.9583333 ], [ -98.375, 37.0416667 ], [ -98.4583333, 37.0 ], [ -98.5416667, 37.0 ], [ -98.5416667, 36.8333333 ], [ -98.4583333, 36.75 ], [ -98.5, 36.625 ], [ -98.375, 36.5416667 ], [ -98.25, 36.5 ], [ -98.2083333, 36.5 ], [ -98.2083333, 36.4166667 ], [ -98.375, 36.25 ], [ -98.2916667, 36.1666667 ], [ -98.2916667, 35.9583333 ], [ -98.25, 35.9166667 ], [ -98.2083333, 36.0 ], [ -98.0833333, 36.0 ], [ -98.1666667, 35.9166667 ], [ -98.1666667, 35.8333333 ], [ -98.0833333, 35.8333333 ], [ -98.0416667, 35.7916667 ], [ -98.0416667, 35.5416667 ], [ -98.0, 35.5 ], [ -98.125, 35.4166667 ], [ -98.1666667, 35.5416667 ], [ -98.25, 35.5416667 ], [ -98.2916667, 35.5833333 ], [ -98.3333333, 35.6666667 ], [ -98.2083333, 35.7083333 ], [ -98.2083333, 35.75 ], [ -98.25, 35.8333333 ], [ -98.2916667, 35.8333333 ], [ -98.3333333, 35.8333333 ], [ -98.375, 35.75 ], [ -98.4583333, 35.4583333 ], [ -98.5416667, 35.4583333 ], [ -98.5416667, 35.5416667 ], [ -98.625, 35.5833333 ], [ -98.75, 35.5 ], [ -98.6666667, 35.2916667 ], [ -98.625, 35.2083333 ], [ -98.7916667, 35.25 ], [ -98.8333333, 35.3333333 ], [ -99.0, 35.4166667 ], [ -99.0833333, 35.375 ], [ -99.125, 35.375 ], [ -99.2083333, 35.2916667 ], [ -99.4166667, 35.2916667 ], [ -99.5, 35.0833333 ], [ -99.4583333, 35.0 ], [ -99.5, 34.875 ], [ -99.6666667, 34.875 ], [ -99.625, 34.8333333 ], [ -99.7083333, 34.75 ], [ -99.75, 34.7083333 ], [ -99.6666667, 34.6666667 ], [ -99.75, 34.5833333 ], [ -99.7916667, 34.5833333 ], [ -99.8333333, 34.5833333 ], [ -99.875, 34.4583333 ], [ -100.0833333, 34.4583333 ], [ -100.2083333, 34.3333333 ], [ -100.1666667, 34.25 ], [ -100.25, 34.2083333 ], [ -100.25, 34.1666667 ], [ -100.2916667, 34.0416667 ], [ -100.25, 34.0416667 ], [ -100.2916667, 34.0 ], [ -100.1666667, 33.9583333 ], [ -100.1666667, 33.875 ], [ -100.0416667, 33.875 ], [ -100.0, 33.7916667 ], [ -100.125, 33.75 ], [ -100.1666667, 33.75 ], [ -100.125, 33.7083333 ], [ -100.0, 33.6666667 ], [ -100.0416667, 33.4583333 ], [ -100.125, 33.2916667 ], [ -100.2916667, 33.25 ], [ -100.4583333, 33.2083333 ], [ -100.3333333, 33.0833333 ], [ -100.4166667, 33.0 ], [ -100.5416667, 33.0 ], [ -100.5416667, 32.9166667 ], [ -100.4166667, 32.9583333 ], [ -100.4583333, 32.875 ], [ -100.5416667, 32.875 ], [ -100.5416667, 32.8333333 ], [ -100.5833333, 32.8333333 ], [ -100.625, 32.75 ], [ -100.6666667, 32.75 ], [ -100.75, 32.5833333 ], [ -100.9166667, 32.5416667 ], [ -101.0, 32.4583333 ], [ -101.0, 32.2916667 ], [ -100.9583333, 32.25 ], [ -100.7916667, 32.25 ], [ -100.7916667, 32.0416667 ], [ -100.7083333, 31.9583333 ], [ -100.7083333, 32.0416667 ], [ -100.625, 32.0 ], [ -100.625, 31.875 ], [ -100.5, 31.875 ], [ -100.5, 31.7916667 ], [ -100.4166667, 31.75 ], [ -100.375, 31.5833333 ], [ -100.4583333, 31.5833333 ], [ -100.4583333, 31.6666667 ], [ -100.5833333, 31.6666667 ], [ -100.625, 31.4166667 ], [ -100.7083333, 31.375 ], [ -100.75, 31.375 ], [ -100.7083333, 31.2083333 ], [ -100.5833333, 31.2083333 ], [ -100.5833333, 30.9166667 ], [ -100.5, 30.9166667 ], [ -100.4583333, 30.875 ], [ -100.5416667, 30.8333333 ], [ -100.5416667, 30.75 ], [ -100.5833333, 30.75 ], [ -100.5833333, 30.6666667 ], [ -100.625, 30.625 ], [ -100.7083333, 30.5416667 ], [ -100.7083333, 30.5 ], [ -100.75, 30.4166667 ], [ -100.8333333, 30.375 ], [ -101.0, 30.4166667 ], [ -101.0, 30.5833333 ], [ -101.0833333, 30.5833333 ], [ -101.0833333, 30.5 ], [ -101.125, 30.5 ], [ -101.2083333, 30.5 ], [ -101.2083333, 30.3333333 ], [ -101.4583333, 30.3333333 ], [ -101.5833333, 30.2916667 ], [ -101.625, 30.2916667 ], [ -101.7083333, 30.4166667 ], [ -101.7916667, 30.3333333 ], [ -101.8333333, 30.25 ], [ -101.75, 30.2083333 ], [ -101.75, 30.1666667 ], [ -101.7083333, 30.2083333 ], [ -101.6666667, 30.0833333 ], [ -101.7083333, 30.0416667 ], [ -101.875, 30.0416667 ], [ -101.875, 29.875 ], [ -102.0, 29.875 ], [ -102.0416667, 30.0 ], [ -102.0833333, 29.9166667 ], [ -102.125, 29.9166667 ], [ -102.25, 29.9166667 ], [ -102.1666667, 29.7083333 ], [ -102.0, 29.6666667 ], [ -101.9583333, 29.75 ], [ -101.875, 29.625 ], [ -101.7916667, 29.5833333 ], [ -101.625, 29.4583333 ], [ -101.5416667, 29.375 ], [ -101.5, 29.25 ], [ -101.25, 29.1666667 ], [ -101.1666667, 29.0833333 ], [ -101.1666667, 28.875 ], [ -100.9583333, 28.875 ], [ -100.875, 28.7916667 ], [ -100.875, 28.7083333 ], [ -100.8333333, 28.5833333 ], [ -100.75, 28.5833333 ], [ -100.5833333, 28.625 ], [ -100.5416667, 28.5 ], [ -100.5, 28.4583333 ], [ -100.2916667, 28.4583333 ], [ -100.2916667, 28.4166667 ], [ -100.25, 28.2916667 ], [ -100.1666667, 28.1666667 ], [ -100.0833333, 28.125 ], [ -100.0833333, 27.9166667 ], [ -100.1666667, 27.8333333 ], [ -100.125, 27.6666667 ], [ -100.25, 27.625 ], [ -100.3333333, 27.375 ], [ -100.4583333, 27.4166667 ], [ -100.5416667, 27.375 ], [ -100.7083333, 27.3333333 ], [ -100.7083333, 27.2916667 ], [ -100.7916667, 27.375 ], [ -100.875, 27.375 ], [ -101.0, 27.2916667 ], [ -100.9166667, 27.25 ], [ -100.875, 27.0416667 ], [ -100.7083333, 27.0416667 ], [ -100.7083333, 26.7916667 ], [ -100.7916667, 26.875 ], [ -100.9166667, 26.875 ], [ -100.9166667, 26.8333333 ], [ -100.9166667, 26.7916667 ], [ -100.9166667, 26.7083333 ], [ -100.75, 26.6666667 ], [ -100.625, 26.7083333 ], [ -100.625, 26.7916667 ], [ -100.4166667, 26.875 ], [ -100.25, 26.875 ], [ -100.25, 26.7916667 ], [ -100.125, 26.75 ], [ -100.0416667, 26.6666667 ], [ -100.0833333, 26.5833333 ], [ -100.0416667, 26.4583333 ], [ -100.0833333, 26.4166667 ], [ -100.0416667, 26.4166667 ], [ -99.9583333, 26.375 ], [ -99.875, 26.25 ], [ -99.6666667, 26.1666667 ], [ -99.625, 25.9166667 ], [ -99.7083333, 25.8333333 ], [ -99.625, 25.75 ], [ -99.625, 25.6666667 ], [ -99.4583333, 25.7083333 ], [ -99.3333333, 25.6666667 ], [ -99.4166667, 25.5833333 ], [ -99.375, 25.5 ], [ -99.25, 25.625 ], [ -99.2083333, 25.625 ], [ -98.9166667, 25.625 ], [ -98.875, 25.6666667 ], [ -98.9166667, 25.5833333 ], [ -98.9166667, 25.375 ], [ -98.875, 25.3333333 ], [ -98.625, 25.3333333 ], [ -98.625, 25.2916667 ], [ -98.5833333, 25.2916667 ], [ -98.5, 25.375 ], [ -98.4166667, 25.375 ], [ -98.4583333, 25.4583333 ], [ -98.3333333, 25.4166667 ], [ -98.2083333, 25.375 ], [ -98.125, 25.4166667 ], [ -98.125, 25.5 ], [ -98.0, 25.375 ], [ -97.9166667, 25.4166667 ], [ -97.9166667, 25.5 ], [ -97.75, 25.5 ], [ -97.7083333, 25.4583333 ], [ -97.6666667, 25.4583333 ], [ -97.6666667, 25.4166667 ], [ -97.7083333, 25.4166667 ], [ -97.7083333, 25.375 ], [ -97.6666667, 25.375 ], [ -97.625, 25.2916667 ], [ -97.5, 25.25 ], [ -97.5, 25.125 ], [ -97.6666667, 25.0 ], [ -97.6666667, 24.9166667 ], [ -97.5833333, 24.875 ], [ -97.5416667, 25.0 ], [ -97.3333333, 25.4166667 ], [ -97.25, 25.4583333 ], [ -97.125, 25.75 ], [ -97.125, 26.125 ], [ -97.1666667, 26.125 ], [ -97.1666667, 26.3333333 ], [ -97.2083333, 26.3333333 ], [ -97.375, 26.9166667 ], [ -97.375, 27.1666667 ], [ -97.3333333, 27.3333333 ], [ -97.1666667, 27.6666667 ], [ -97.0833333, 27.7083333 ], [ -97.0833333, 27.7916667 ], [ -97.0, 27.8333333 ], [ -97.0, 27.9166667 ], [ -96.8333333, 28.0833333 ], [ -96.6666667, 28.2083333 ], [ -96.4166667, 28.3333333 ], [ -96.3333333, 28.4166667 ], [ -96.25, 28.4166667 ], [ -96.125, 28.5416667 ], [ -96.0, 28.5416667 ], [ -95.9166667, 28.625 ], [ -95.625, 28.75 ], [ -95.5416667, 28.75 ], [ -95.5, 28.8333333 ], [ -95.375, 28.8333333 ], [ -95.125, 29.0833333 ], [ -95.0416667, 29.0833333 ], [ -95.0, 29.1666667 ], [ -94.8333333, 29.2083333 ], [ -94.7916667, 29.2916667 ], [ -94.6666667, 29.2916667 ], [ -94.6666667, 29.4166667 ], [ -94.5, 29.4583333 ], [ -94.4166667, 29.5416667 ], [ -94.1666667, 29.5833333 ], [ -94.0833333, 29.6666667 ], [ -93.7916667, 29.6666667 ], [ -93.6666667, 29.75 ], [ -93.0833333, 29.75 ], [ -92.9583333, 29.7083333 ], [ -92.875, 29.625 ], [ -92.75, 29.625 ], [ -92.625, 29.5416667 ], [ -92.375, 29.5416667 ], [ -92.25, 29.5 ], [ -92.1666667, 29.5833333 ], [ -92.0416667, 29.5833333 ], [ -92.0, 29.5 ], [ -91.75, 29.4583333 ], [ -91.7083333, 29.5833333 ], [ -91.8333333, 29.6666667 ], [ -92.0833333, 29.625 ], [ -92.0833333, 29.75 ], [ -91.9166667, 29.7916667 ], [ -91.9166667, 29.7083333 ], [ -91.625, 29.7083333 ], [ -91.5416667, 29.5833333 ], [ -91.375, 29.4166667 ], [ -91.2916667, 29.375 ], [ -91.375, 29.3333333 ], [ -91.2916667, 29.2083333 ], [ -91.125, 29.2083333 ], [ -90.875, 29.125 ], [ -90.875, 29.0416667 ], [ -90.7083333, 29.0833333 ], [ -90.5833333, 29.2083333 ], [ -90.5833333, 29.2916667 ], [ -90.4583333, 29.2916667 ], [ -90.375, 29.1666667 ], [ -90.25, 29.0833333 ], [ -90.125, 29.0833333 ], [ -90.0833333, 29.1666667 ], [ -89.9166667, 29.2916667 ], [ -89.625, 29.2916667 ], [ -89.5833333, 29.2083333 ], [ -89.5, 29.2083333 ], [ -89.3333333, 29.125 ], [ -89.375, 29.0 ], [ -89.1666667, 29.0 ], [ -89.0416667, 29.0833333 ], [ -89.0416667, 29.2083333 ], [ -89.125, 29.25 ], [ -89.125, 29.3333333 ], [ -89.25, 29.3333333 ], [ -89.2916667, 29.4166667 ], [ -89.5, 29.4166667 ], [ -89.5416667, 29.4583333 ], [ -89.5416667, 29.625 ], [ -89.4166667, 29.625 ], [ -89.375, 29.7083333 ], [ -89.2916667, 29.75 ], [ -89.2916667, 29.8333333 ], [ -89.2083333, 29.875 ], [ -89.1666667, 30.0833333 ], [ -89.5, 30.0833333 ], [ -89.5833333, 30.0416667 ], [ -89.625, 29.875 ], [ -89.7083333, 29.875 ], [ -89.7083333, 30.0416667 ], [ -89.625, 30.125 ], [ -89.4583333, 30.1666667 ], [ -89.3333333, 30.2916667 ], [ -89.1666667, 30.2916667 ], [ -89.0416667, 30.375 ], [ -88.875, 30.3333333 ], [ -88.2916667, 30.3333333 ], [ -88.1666667, 30.2916667 ], [ -88.0833333, 30.20833330000001 ], [ -88.0833333, 30.5 ], [ -87.9166667, 30.625 ], [ -87.9583333, 30.5416667 ], [ -87.9166667, 30.375 ], [ -87.8333333, 30.25 ], [ -87.6666667, 30.25 ], [ -87.4583333, 30.2916667 ], [ -87.2083333, 30.2916667 ], [ -87.2083333, 30.3333333 ], [ -86.9166667, 30.3333333 ], [ -86.875, 30.4583333 ], [ -86.875, 30.375 ], [ -86.5, 30.375 ], [ -86.5, 30.4166667 ], [ -86.7916667, 30.4166667 ], [ -86.8333333, 30.5 ], [ -86.875, 30.5833333 ], [ -86.9583333, 30.5833333 ], [ -86.9583333, 30.6666667 ], [ -87.1666667, 30.6666667 ], [ -87.2083333, 30.70833330000001 ], [ -87.4166667, 30.6666667 ], [ -87.4583333, 30.625 ], [ -87.5416667, 30.5833333 ], [ -87.5416667, 30.5 ], [ -87.6666667, 30.5 ], [ -87.7083333, 30.5833333 ], [ -87.75, 30.70833330000001 ], [ -87.8333333, 30.70833330000001 ], [ -87.8333333, 30.875 ], [ -87.9166667, 30.9583333 ], [ -87.875, 31.0833333 ], [ -87.7916667, 31.1666667 ], [ -88.0416667, 31.1666667 ], [ -88.0416667, 31.0833333 ], [ -88.25, 31.0833333 ], [ -88.2916667, 31.0416667 ], [ -88.2083333, 30.9583333 ], [ -88.4583333, 30.9166667 ], [ -88.4583333, 30.75 ], [ -88.625, 30.7083333 ], [ -88.7916667, 30.7916667 ], [ -89.0416667, 30.8333333 ], [ -88.9583333, 30.9166667 ], [ -88.9583333, 31.0 ], [ -89.0, 31.0 ], [ -89.125, 31.0 ], [ -89.125, 30.9166667 ], [ -89.375, 30.875 ], [ -89.5, 30.75 ], [ -89.5416667, 30.7083333 ], [ -89.7916667, 30.7083333 ], [ -89.9583333, 30.6666667 ], [ -89.9583333, 30.5416667 ], [ -90.0833333, 30.5 ], [ -90.2083333, 30.5 ], [ -90.2083333, 30.6666667 ], [ -90.3333333, 30.6666667 ], [ -90.375, 30.5833333 ], [ -90.5, 30.5833333 ], [ -90.5, 30.6666667 ], [ -90.75, 30.75 ], [ -90.9583333, 30.7083333 ], [ -91.2916667, 30.7083333 ], [ -91.2916667, 30.75 ], [ -91.1666667, 30.7916667 ], [ -91.125, 30.8333333 ], [ -91.125, 31.0416667 ], [ -91.125, 31.0833333 ], [ -91.125, 31.1666667 ], [ -91.0416667, 31.25 ], [ -91.0416667, 31.2916667 ], [ -91.0416667, 31.3333333 ], [ -91.125, 31.375 ], [ -91.125, 31.4583333 ], [ -91.0833333, 31.5416667 ], [ -91.0833333, 31.625 ], [ -91.1666667, 31.6666667 ], [ -91.1666667, 31.75 ], [ -90.9166667, 31.8333333 ], [ -90.9583333, 32.0416667 ], [ -90.875, 32.0833333 ], [ -90.9583333, 32.125 ], [ -90.9583333, 32.2083333 ], [ -91.0416667, 32.3333333 ], [ -90.875, 32.3333333 ], [ -90.875, 32.4583333 ], [ -90.625, 32.4583333 ], [ -90.6666667, 32.375 ], [ -90.5833333, 32.4583333 ], [ -90.4166667, 32.5 ], [ -90.3333333, 32.4583333 ], [ -90.3333333, 32.3333333 ], [ -90.25, 32.25 ], [ -90.125, 32.25 ], [ -90.125, 32.3333333 ], [ -90.0, 32.375 ], [ -89.9583333, 32.4583333 ], [ -89.9583333, 32.625 ], [ -89.9166667, 32.7083333 ], [ -90.0, 32.75 ], [ -89.9583333, 32.875 ], [ -90.0, 32.9583333 ], [ -89.9583333, 33.125 ], [ -89.875, 33.3333333 ], [ -89.7916667, 33.25 ], [ -89.6666667, 33.2916667 ], [ -89.75, 33.2916667 ], [ -89.8333333, 33.375 ], [ -89.75, 33.625 ], [ -89.7083333, 33.75 ], [ -89.7083333, 33.8333333 ], [ -89.5416667, 33.8333333 ], [ -89.5416667, 33.6666667 ], [ -89.4583333, 33.6666667 ], [ -89.4583333, 33.7083333 ], [ -89.2916667, 33.6666667 ], [ -89.25, 33.5833333 ], [ -89.0833333, 33.5833333 ], [ -89.0416667, 33.6666667 ], [ -88.9583333, 33.5833333 ], [ -88.9583333, 33.5 ], [ -89.0, 33.5 ], [ -89.0, 33.3333333 ], [ -89.0833333, 33.3333333 ], [ -89.125, 33.2916667 ], [ -89.2083333, 33.2083333 ], [ -89.2083333, 33.1666667 ], [ -89.125, 33.1666667 ], [ -89.0416667, 33.25 ], [ -88.9166667, 33.125 ], [ -88.75, 33.0416667 ], [ -88.5, 33.0416667 ], [ -88.5416667, 33.25 ], [ -88.375, 33.2916667 ], [ -88.2916667, 33.125 ], [ -88.0833333, 33.1666667 ], [ -88.25, 33.2083333 ], [ -88.25, 33.2916667 ], [ -88.1666667, 33.375 ], [ -88.3333333, 33.375 ], [ -88.3333333, 33.5833333 ], [ -88.4166667, 33.5833333 ], [ -88.4166667, 33.9166667 ], [ -88.25, 34.0 ], [ -88.2083333, 34.1666667 ], [ -88.125, 34.1666667 ], [ -88.0833333, 34.2916667 ], [ -88.375, 34.2916667 ], [ -88.375, 34.3333333 ], [ -88.0416667, 34.3333333 ], [ -88.0, 34.4166667 ], [ -87.9166667, 34.4166667 ], [ -87.7916667, 34.5416667 ], [ -87.75, 34.5416667 ], [ -87.7083333, 34.5833333 ], [ -87.7083333, 34.625 ], [ -87.6666667, 34.5833333 ], [ -87.625, 34.5416667 ], [ -87.5416667, 34.625 ], [ -87.625, 34.7083333 ], [ -87.4166667, 34.7916667 ], [ -87.3333333, 34.875 ], [ -87.25, 34.9583333 ], [ -87.2916667, 35.0416667 ], [ -87.4166667, 35.0833333 ], [ -87.375, 35.25 ], [ -87.4583333, 35.25 ], [ -87.5833333, 35.25 ], [ -87.5833333, 35.1666667 ], [ -87.7083333, 35.1666667 ], [ -87.6666667, 35.0 ], [ -87.875, 35.0416667 ], [ -87.875, 35.125 ], [ -87.9583333, 35.1666667 ], [ -87.875, 35.1666667 ], [ -87.9166667, 35.2916667 ], [ -87.9583333, 35.375 ], [ -88.0833333, 35.5 ], [ -88.0416667, 35.6666667 ], [ -88.1666667, 35.7083333 ], [ -88.0416667, 35.7083333 ], [ -88.0, 35.7916667 ], [ -88.0, 35.8333333 ], [ -88.1666667, 35.9166667 ], [ -88.0416667, 35.9166667 ], [ -88.0416667, 36.0 ], [ -88.125, 36.0416667 ], [ -88.25, 36.0833333 ], [ -88.125, 36.0833333 ], [ -88.125, 36.125 ], [ -87.9583333, 36.125 ], [ -87.875, 36.2083333 ], [ -87.7916667, 36.1666667 ], [ -87.625, 36.1666667 ], [ -87.6666667, 36.25 ], [ -87.5833333, 36.25 ], [ -87.5833333, 36.3333333 ], [ -87.5, 36.375 ], [ -87.4583333, 36.375 ], [ -87.3333333, 36.4583333 ], [ -87.2083333, 36.4166667 ], [ -87.125, 36.375 ], [ -87.0, 36.375 ], [ -87.0, 36.2916667 ], [ -87.0, 36.25 ], [ -87.0, 36.2083333 ], [ -87.1666667, 36.2083333 ], [ -87.1666667, 36.125 ], [ -86.9583333, 36.125 ], [ -86.875, 36.2083333 ], [ -86.875, 35.9166667 ], [ -86.7916667, 35.9166667 ], [ -86.6666667, 36.0 ], [ -86.5416667, 36.0 ], [ -86.625, 36.125 ], [ -86.3333333, 36.125 ], [ -86.2083333, 36.1666667 ], [ -86.1666667, 36.1666667 ], [ -86.0833333, 36.25 ], [ -85.8333333, 36.375 ], [ -85.7083333, 36.375 ], [ -85.625, 36.4166667 ], [ -85.5833333, 36.5416667 ], [ -85.4583333, 36.625 ], [ -85.375, 36.6666667 ], [ -85.4583333, 36.75 ], [ -85.3333333, 36.7916667 ], [ -85.2916667, 36.9583333 ], [ -85.3333333, 36.8333333 ], [ -85.5833333, 36.8333333 ], [ -85.6666667, 36.875 ], [ -85.625, 36.9583333 ], [ -85.5416667, 37.0416667 ], [ -85.5416667, 37.0833333 ], [ -85.5833333, 37.1666667 ], [ -85.4166667, 37.2083333 ], [ -85.4583333, 37.375 ], [ -85.5, 37.4166667 ], [ -85.4583333, 37.5 ], [ -85.5, 37.5833333 ], [ -85.375, 37.6666667 ], [ -85.4583333, 37.75 ], [ -85.4583333, 37.8333333 ], [ -85.4583333, 37.9583333 ], [ -85.4166667, 38.2083333 ], [ -85.5, 38.25 ], [ -85.5, 38.3333333 ], [ -85.625, 38.2916667 ], [ -85.7083333, 38.375 ], [ -85.7916667, 38.4166667 ], [ -85.75, 38.5 ], [ -85.5416667, 38.5 ], [ -85.5416667, 38.5833333 ], [ -85.7916667, 38.5833333 ], [ -85.8333333, 38.7083333 ], [ -85.9583333, 38.75 ], [ -85.9166667, 38.6666667 ], [ -85.9166667, 38.5833333 ], [ -86.0, 38.4583333 ], [ -85.9166667, 38.4166667 ], [ -85.875, 38.375 ], [ -85.9166667, 38.2916667 ], [ -85.9166667, 38.25 ], [ -85.9583333, 38.25 ], [ -86.0416667, 38.125 ], [ -86.0, 37.9583333 ], [ -85.9166667, 37.875 ], [ -86.0, 37.7916667 ], [ -85.875, 37.5416667 ], [ -86.0416667, 37.5 ], [ -86.125, 37.5 ], [ -86.125, 37.5416667 ], [ -86.2916667, 37.5416667 ], [ -86.3333333, 37.4583333 ], [ -86.375, 37.625 ], [ -86.4583333, 37.75 ], [ -86.5, 37.75 ], [ -86.5, 37.7916667 ], [ -86.5833333, 37.7916667 ], [ -86.5416667, 37.875 ], [ -86.5, 37.9583333 ], [ -86.5, 38.0833333 ], [ -86.5416667, 38.125 ], [ -86.5833333, 38.2083333 ], [ -86.5, 38.25 ], [ -86.5416667, 38.3333333 ], [ -86.75, 38.3333333 ], [ -86.7916667, 38.2916667 ], [ -86.9166667, 38.3333333 ], [ -86.875, 38.3333333 ], [ -86.6666667, 38.375 ], [ -86.625, 38.5416667 ], [ -86.7916667, 38.625 ], [ -86.875, 38.4583333 ], [ -86.9166667, 38.5833333 ], [ -87.0, 38.625 ], [ -87.0833333, 38.75 ], [ -86.7916667, 38.75 ], [ -86.75, 38.9583333 ], [ -86.7916667, 39.0833333 ], [ -86.7916667, 39.125 ], [ -86.6666667, 39.2083333 ], [ -86.6666667, 39.3333333 ], [ -86.625, 39.5416667 ], [ -86.6666667, 39.6666667 ], [ -86.5, 39.7083333 ], [ -86.4166667, 39.625 ], [ -86.5416667, 39.4583333 ], [ -86.3333333, 39.4583333 ], [ -86.3333333, 39.5416667 ], [ -86.125, 39.5416667 ], [ -86.0416667, 39.625 ], [ -86.0, 39.625 ], [ -85.875, 39.625 ], [ -85.875, 39.7083333 ], [ -85.75, 39.75 ], [ -85.75, 39.8333333 ], [ -85.9583333, 39.8333333 ], [ -85.8333333, 39.9583333 ], [ -85.8333333, 40.0 ], [ -85.875, 40.0416667 ], [ -86.0, 40.125 ], [ -86.0, 40.0416667 ], [ -86.1666667, 40.0416667 ], [ -86.25, 40.0 ], [ -86.4166667, 40.0416667 ], [ -86.375, 39.9166667 ], [ -86.375, 39.875 ], [ -86.4166667, 39.7916667 ], [ -86.5416667, 39.7916667 ], [ -86.7083333, 39.875 ], [ -86.7083333, 39.7916667 ], [ -86.75, 39.7916667 ], [ -86.75, 39.875 ], [ -86.7916667, 39.7916667 ], [ -86.9166667, 39.7916667 ], [ -87.0, 39.875 ], [ -87.0833333, 39.875 ], [ -87.0416667, 39.9583333 ], [ -87.1666667, 40.0 ], [ -87.1666667, 40.1666667 ], [ -87.25, 40.2083333 ], [ -87.25, 40.2916667 ], [ -87.125, 40.2916667 ], [ -87.0833333, 40.4166667 ], [ -87.125, 40.4166667 ], [ -87.1666667, 40.3333333 ], [ -87.2916667, 40.375 ], [ -87.3333333, 40.2916667 ], [ -87.4583333, 40.1666667 ], [ -87.375, 40.125 ], [ -87.4166667, 40.0416667 ], [ -87.5416667, 40.0416667 ], [ -87.5833333, 40.2916667 ], [ -87.7083333, 40.3333333 ], [ -87.7083333, 40.375 ], [ -87.7916667, 40.4166667 ], [ -87.8333333, 40.2916667 ], [ -87.9166667, 40.2916667 ], [ -88.0416667, 40.3333333 ], [ -88.0416667, 40.2916667 ], [ -88.125, 40.2916667 ], [ -88.1666667, 40.1666667 ], [ -88.2916667, 40.25 ], [ -88.375, 40.2083333 ], [ -88.4166667, 40.2083333 ], [ -88.5416667, 40.1666667 ], [ -88.5416667, 40.25 ], [ -88.6666667, 40.25 ], [ -88.7083333, 40.3333333 ], [ -88.8333333, 40.5 ], [ -88.75, 40.5833333 ], [ -88.6666667, 40.625 ], [ -88.5833333, 40.625 ], [ -88.5, 40.7083333 ], [ -88.375, 40.6666667 ], [ -88.1666667, 40.625 ], [ -88.125, 40.5416667 ], [ -88.125, 40.75 ], [ -88.0416667, 40.8333333 ], [ -88.1666667, 40.9166667 ], [ -88.4583333, 41.0833333 ], [ -88.4583333, 41.125 ], [ -88.625, 41.1666667 ], [ -88.5416667, 41.1666667 ], [ -88.5416667, 41.2916667 ], [ -88.375, 41.2916667 ], [ -88.2083333, 41.25 ], [ -88.0833333, 41.1666667 ], [ -88.0416667, 41.0833333 ], [ -88.0, 41.0833333 ], [ -88.0, 41.3333333 ], [ -87.9583333, 41.375 ], [ -87.875, 41.4166667 ], [ -87.8333333, 41.3333333 ], [ -87.7083333, 41.3333333 ], [ -87.7083333, 41.2083333 ], [ -87.7916667, 41.2083333 ], [ -87.9166667, 41.125 ], [ -87.8333333, 41.0416667 ], [ -88.0416667, 41.0 ], [ -87.9583333, 40.9166667 ], [ -87.9166667, 40.9583333 ], [ -87.7083333, 40.9583333 ], [ -87.7083333, 41.0416667 ], [ -87.6666667, 41.0416667 ], [ -87.6666667, 40.9583333 ], [ -87.625, 41.0416667 ], [ -87.3333333, 40.875 ], [ -87.375, 41.0416667 ], [ -87.3333333, 41.1666667 ], [ -87.4166667, 41.25 ], [ -87.375, 41.2916667 ], [ -87.3333333, 41.2916667 ], [ -87.2916667, 41.375 ], [ -87.0833333, 41.375 ], [ -87.0833333, 41.4583333 ], [ -86.8333333, 41.4166667 ], [ -86.75, 41.3333333 ], [ -86.8333333, 41.25 ], [ -86.9583333, 41.25 ], [ -87.0416667, 41.125 ], [ -86.875, 41.125 ], [ -86.9166667, 41.0416667 ], [ -86.75, 41.0416667 ], [ -86.7083333, 41.125 ], [ -86.5833333, 41.0833333 ], [ -86.3333333, 41.0833333 ], [ -86.2916667, 41.2083333 ], [ -86.2916667, 41.3333333 ], [ -86.375, 41.4166667 ], [ -86.25, 41.4583333 ], [ -86.25, 41.5416667 ], [ -86.125, 41.5416667 ], [ -86.0833333, 41.75 ], [ -86.1666667, 41.7916667 ], [ -86.3333333, 41.75 ], [ -86.3333333, 41.7916667 ], [ -86.5416667, 41.8333333 ], [ -86.3333333, 41.8333333 ], [ -86.25, 41.9583333 ], [ -86.2916667, 41.9583333 ], [ -86.2916667, 42.0 ], [ -86.5, 41.9583333 ], [ -86.5833333, 41.875 ], [ -86.7083333, 41.8333333 ], [ -86.75, 41.7083333 ], [ -86.9583333, 41.6666667 ], [ -87.125, 41.625 ], [ -87.125, 41.5416667 ], [ -87.125, 41.5 ], [ -87.2083333, 41.5833333 ], [ -87.4166667, 41.625 ], [ -87.625, 41.7916667 ], [ -87.6666667, 41.875 ], [ -87.6666667, 42.0416667 ], [ -87.75, 42.0833333 ], [ -87.8333333, 42.125 ], [ -87.8333333, 42.2916667 ], [ -87.9166667, 42.375 ], [ -87.8333333, 42.5 ], [ -87.8333333, 42.625 ], [ -88.0, 42.5833333 ], [ -88.0, 42.7083333 ], [ -88.0833333, 42.7083333 ], [ -88.0, 42.8333333 ], [ -87.875, 42.7916667 ], [ -87.9166667, 42.9583333 ], [ -87.9166667, 43.1666667 ], [ -88.0, 43.2083333 ], [ -88.0833333, 43.125 ], [ -88.125, 43.0833333 ], [ -88.25, 43.0833333 ], [ -88.3333333, 43.125 ], [ -88.375, 43.25 ], [ -88.5, 43.25 ], [ -88.4166667, 43.375 ], [ -88.5833333, 43.375 ], [ -88.5416667, 43.4583333 ], [ -88.625, 43.5416667 ], [ -88.75, 43.5833333 ], [ -88.9166667, 43.5833333 ], [ -88.9583333, 43.4166667 ], [ -89.0, 43.2083333 ], [ -89.125, 43.3333333 ], [ -89.2083333, 43.25 ], [ -89.1666667, 43.0833333 ], [ -89.1666667, 43.0416667 ], [ -89.2083333, 42.9583333 ], [ -89.125, 42.9583333 ], [ -89.125, 42.8333333 ], [ -89.1666667, 42.8333333 ], [ -89.3333333, 42.8333333 ], [ -89.375, 42.8333333 ], [ -89.4166667, 42.7083333 ], [ -89.5416667, 42.7083333 ], [ -89.5833333, 42.75 ], [ -89.5833333, 42.7083333 ], [ -89.625, 42.75 ], [ -89.7083333, 42.7916667 ], [ -90.125, 42.7916667 ], [ -90.125, 42.6666667 ], [ -90.4166667, 42.6666667 ], [ -90.5, 42.75 ], [ -90.4166667, 42.875 ], [ -90.5833333, 42.9166667 ], [ -90.6666667, 42.8333333 ], [ -90.75, 42.9583333 ], [ -90.6666667, 43.0833333 ], [ -90.5416667, 43.0833333 ], [ -90.5416667, 43.125 ], [ -90.5, 43.0833333 ], [ -90.375, 43.125 ], [ -90.2916667, 43.25 ], [ -90.3333333, 43.25 ], [ -90.4583333, 43.2083333 ], [ -90.5, 43.3333333 ], [ -90.5833333, 43.25 ], [ -90.6666667, 43.1666667 ], [ -90.7916667, 43.2083333 ], [ -90.8333333, 43.0833333 ], [ -90.875, 43.2916667 ], [ -90.9166667, 43.375 ], [ -91.0833333, 43.5416667 ], [ -91.1666667, 43.7083333 ], [ -91.125, 43.75 ], [ -91.125, 43.7916667 ], [ -91.1666667, 43.875 ], [ -91.1666667, 44.0 ], [ -91.3333333, 44.0 ], [ -91.4166667, 44.0833333 ], [ -91.4583333, 44.25 ], [ -91.625, 44.2083333 ], [ -91.625, 44.125 ], [ -91.7083333, 44.2083333 ], [ -91.7083333, 44.2916667 ], [ -91.7916667, 44.3333333 ], [ -91.8333333, 44.3333333 ] ], [ [ -88.3333333, 43.0833333 ], [ -88.25, 43.0833333 ], [ -88.3333333, 43.0416667 ], [ -88.3333333, 43.0833333 ] ], [ [ -93.9583333, 41.75 ], [ -93.9583333, 41.7916667 ], [ -93.9166667, 41.7916667 ], [ -93.9166667, 41.75 ], [ -93.9583333, 41.75 ] ], [ [ -88.0, 41.375 ], [ -88.0, 41.3333333 ], [ -88.25, 41.3333333 ], [ -88.0833333, 41.4583333 ], [ -88.0, 41.375 ] ], [ [ -94.9583333, 41.2916667 ], [ -94.9583333, 41.375 ], [ -94.9166667, 41.375 ], [ -94.875, 41.375 ], [ -94.7083333, 41.3333333 ], [ -94.9583333, 41.2916667 ] ], [ [ -96.0, 39.875 ], [ -95.9166667, 39.9166667 ], [ -95.9166667, 40.0416667 ], [ -95.7916667, 40.0833333 ], [ -95.625, 40.0416667 ], [ -95.5, 40.125 ], [ -95.375, 40.0416667 ], [ -95.4166667, 39.875 ], [ -95.5, 39.9166667 ], [ -95.625, 39.875 ], [ -95.6666667, 39.8333333 ], [ -95.875, 39.75 ], [ -95.9166667, 39.8333333 ], [ -96.0, 39.875 ] ], [ [ -96.1666667, 39.2916667 ], [ -96.2083333, 39.2916667 ], [ -96.1666667, 39.375 ], [ -96.1666667, 39.2916667 ] ], [ [ -96.1666667, 39.1666667 ], [ -96.1666667, 39.2083333 ], [ -96.0833333, 39.2083333 ], [ -95.9583333, 39.125 ], [ -96.1666667, 39.1666667 ] ], [ [ -96.1666667, 39.2083333 ], [ -96.25, 39.2916667 ], [ -96.2083333, 39.2916667 ], [ -96.1666667, 39.25 ], [ -96.1666667, 39.2083333 ] ], [ [ -86.9166667, 38.4166667 ], [ -86.9166667, 38.3333333 ], [ -87.0, 38.375 ], [ -86.9166667, 38.4166667 ] ], [ [ -86.3333333, 37.4583333 ], [ -86.2083333, 37.4583333 ], [ -86.2083333, 37.375 ], [ -86.0416667, 37.3333333 ], [ -86.125, 37.2916667 ], [ -86.1666667, 37.25 ], [ -86.3333333, 37.25 ], [ -86.4166667, 37.2916667 ], [ -86.4583333, 37.4583333 ], [ -86.3333333, 37.4583333 ] ], [ [ -86.0416667, 37.3333333 ], [ -85.9583333, 37.3333333 ], [ -85.9583333, 37.2916667 ], [ -86.0416667, 37.3333333 ] ], [ [ -85.9166667, 37.25 ], [ -85.875, 37.25 ], [ -85.8333333, 37.2916667 ], [ -85.8333333, 37.25 ], [ -85.7083333, 37.2916667 ], [ -85.7916667, 37.125 ], [ -85.9166667, 37.1666667 ], [ -85.9166667, 37.25 ] ], [ [ -85.7083333, 37.2916667 ], [ -85.5, 37.375 ], [ -85.4583333, 37.375 ], [ -85.5416667, 37.2916667 ], [ -85.7083333, 37.2916667 ] ], [ [ -85.7916667, 37.5416667 ], [ -85.75, 37.7083333 ], [ -85.7083333, 37.5833333 ], [ -85.5416667, 37.5416667 ], [ -85.625, 37.4583333 ], [ -85.7916667, 37.5 ], [ -85.8333333, 37.5 ], [ -85.7916667, 37.5416667 ] ], [ [ -85.6666667, 36.875 ], [ -85.75, 36.625 ], [ -85.875, 36.7083333 ], [ -85.875, 36.9166667 ], [ -85.6666667, 36.875 ] ], [ [ -88.1666667, 36.1666667 ], [ -88.25, 36.125 ], [ -88.1666667, 36.2083333 ], [ -88.1666667, 36.1666667 ] ], [ [ -98.2916667, 35.5416667 ], [ -98.25, 35.5416667 ], [ -98.25, 35.5 ], [ -98.2916667, 35.5416667 ] ], [ [ -100.25, 34.0416667 ], [ -100.2083333, 34.125 ], [ -100.1666667, 34.125 ], [ -100.25, 34.0416667 ] ], [ [ -100.375, 31.0416667 ], [ -100.3333333, 30.875 ], [ -100.4166667, 30.9166667 ], [ -100.375, 31.0416667 ] ], [ [ -100.4166667, 30.9166667 ], [ -100.4583333, 30.875 ], [ -100.4583333, 30.9166667 ], [ -100.4166667, 30.9166667 ] ], [ [ -100.5, 30.7083333 ], [ -100.4583333, 30.6666667 ], [ -100.2083333, 30.6666667 ], [ -100.0833333, 30.7083333 ], [ -100.0833333, 30.75 ], [ -100.1666667, 30.8333333 ], [ -100.3333333, 30.875 ], [ -100.25, 30.9583333 ], [ -100.25, 31.0833333 ], [ -100.375, 31.0833333 ], [ -100.2916667, 31.125 ], [ -100.2916667, 31.2083333 ], [ -100.1666667, 31.25 ], [ -100.0833333, 31.3333333 ], [ -100.0416667, 31.2083333 ], [ -99.9166667, 31.2083333 ], [ -99.625, 31.0833333 ], [ -99.5416667, 31.0 ], [ -99.6666667, 30.9166667 ], [ -99.6666667, 30.875 ], [ -99.75, 30.875 ], [ -99.7083333, 30.7083333 ], [ -99.7916667, 30.70833330000001 ], [ -99.8333333, 30.70833330000001 ], [ -99.9583333, 30.5833333 ], [ -99.9583333, 30.5 ], [ -100.1666667, 30.5416667 ], [ -100.25, 30.5 ], [ -100.25, 30.4166667 ], [ -100.1666667, 30.375 ], [ -100.0833333, 30.4166667 ], [ -100.0416667, 30.25 ], [ -99.9166667, 30.2083333 ], [ -99.7916667, 30.125 ], [ -99.6666667, 30.125 ], [ -99.6666667, 30.2083333 ], [ -99.5416667, 30.20833330000001 ], [ -99.5416667, 30.2916667 ], [ -99.5, 30.2916667 ], [ -99.5, 30.3333333 ], [ -99.3333333, 30.3333333 ], [ -99.3333333, 30.5416667 ], [ -99.25, 30.5416667 ], [ -99.25, 30.375 ], [ -99.2916667, 30.2916667 ], [ -99.2083333, 30.2916667 ], [ -99.25, 30.1666667 ], [ -99.2916667, 30.1666667 ], [ -99.4583333, 30.0833333 ], [ -99.2916667, 30.0416667 ], [ -99.2916667, 29.9583333 ], [ -99.4583333, 29.9166667 ], [ -99.375, 29.7916667 ], [ -99.625, 29.7083333 ], [ -99.75, 29.7083333 ], [ -99.8333333, 29.625 ], [ -99.9166667, 29.625 ], [ -99.9166667, 29.6666667 ], [ -99.9583333, 29.7083333 ], [ -100.0833333, 29.75 ], [ -100.0416667, 29.5416667 ], [ -100.1666667, 29.5416667 ], [ -100.2083333, 29.5833333 ], [ -100.25, 29.6666667 ], [ -100.375, 29.7083333 ], [ -100.375, 29.75 ], [ -100.375, 29.875 ], [ -100.5, 29.8333333 ], [ -100.4583333, 29.6666667 ], [ -100.5, 29.625 ], [ -100.5833333, 29.7916667 ], [ -100.5833333, 30.0416667 ], [ -100.5, 30.125 ], [ -100.5, 30.2083333 ], [ -100.6666667, 30.25 ], [ -100.7083333, 30.1666667 ], [ -100.8333333, 30.1666667 ], [ -100.7916667, 30.2916667 ], [ -100.75, 30.2916667 ], [ -100.7083333, 30.2916667 ], [ -100.7083333, 30.375 ], [ -100.5416667, 30.4166667 ], [ -100.5, 30.7083333 ] ], [ [ -101.125, 30.5 ], [ -101.0833333, 30.4583333 ], [ -101.0833333, 30.4166667 ], [ -101.125, 30.5 ] ], [ [ -99.5, 30.3333333 ], [ -99.5416667, 30.3333333 ], [ -99.5416667, 30.375 ], [ -99.5, 30.3333333 ] ], [ [ -100.0, 29.5833333 ], [ -99.9166667, 29.625 ], [ -99.9166667, 29.5833333 ], [ -100.0, 29.5833333 ] ], [ [ -91.7916667, 43.0833333 ], [ -91.6666667, 43.2083333 ], [ -91.6666667, 43.125 ], [ -91.7916667, 43.0833333 ] ], [ [ -92.875, 43.1666667 ], [ -92.7916667, 43.2083333 ], [ -92.7916667, 43.125 ], [ -92.875, 43.1666667 ] ], [ [ -92.5416667, 42.8333333 ], [ -92.7083333, 42.9166667 ], [ -92.875, 42.875 ], [ -92.8333333, 42.9583333 ], [ -93.0416667, 42.9583333 ], [ -93.0833333, 43.0416667 ], [ -92.9166667, 43.0833333 ], [ -92.875, 43.1666667 ], [ -92.875, 43.0416667 ], [ -92.7916667, 43.0 ], [ -92.75, 43.0416667 ], [ -92.75, 43.0833333 ], [ -92.7083333, 43.0416667 ], [ -92.5833333, 43.0416667 ], [ -92.5833333, 42.9166667 ], [ -92.5, 42.875 ], [ -92.5416667, 42.8333333 ] ], [ [ -91.7916667, 42.7916667 ], [ -91.9583333, 42.7916667 ], [ -92.1666667, 42.875 ], [ -92.2916667, 43.0 ], [ -92.1666667, 43.0833333 ], [ -92.125, 42.9583333 ], [ -91.7916667, 42.9583333 ], [ -91.7916667, 42.9166667 ], [ -91.7916667, 42.7916667 ] ], [ [ -91.5416667, 43.0416667 ], [ -91.3333333, 43.0416667 ], [ -91.375, 42.9583333 ], [ -91.5, 42.9583333 ], [ -91.5416667, 43.0416667 ] ], [ [ -92.9166667, 42.8333333 ], [ -92.875, 42.875 ], [ -92.875, 42.8333333 ], [ -92.9166667, 42.8333333 ] ], [ [ -92.9166667, 42.7916667 ], [ -93.0, 42.7916667 ], [ -92.9166667, 42.8333333 ], [ -92.9166667, 42.7916667 ] ], [ [ -93.0833333, 42.7916667 ], [ -93.0, 42.7916667 ], [ -93.0833333, 42.75 ], [ -93.0833333, 42.7916667 ] ], [ [ -91.5833333, 42.7083333 ], [ -91.5416667, 42.6666667 ], [ -91.375, 42.6666667 ], [ -91.4166667, 42.5833333 ], [ -91.5416667, 42.625 ], [ -91.625, 42.5416667 ], [ -91.8333333, 42.7083333 ], [ -91.7916667, 42.7916667 ], [ -91.75, 42.7083333 ], [ -91.625, 42.7083333 ], [ -91.5833333, 42.6666667 ], [ -91.5833333, 42.7083333 ] ], [ [ -92.2916667, 42.7083333 ], [ -92.1666667, 42.5833333 ], [ -92.3333333, 42.5833333 ], [ -92.2916667, 42.7083333 ] ], [ [ -88.7916667, 42.625 ], [ -88.75, 42.625 ], [ -88.7916667, 42.5416667 ], [ -88.7916667, 42.625 ] ], [ [ -92.75, 42.25 ], [ -92.5833333, 42.2916667 ], [ -92.5833333, 42.1666667 ], [ -92.7083333, 42.1666667 ], [ -92.75, 42.25 ] ], [ [ -92.8333333, 42.125 ], [ -93.0, 42.0833333 ], [ -93.0416667, 42.1666667 ], [ -92.9583333, 42.2083333 ], [ -93.0416667, 42.3333333 ], [ -92.7916667, 42.4166667 ], [ -92.7916667, 42.5 ], [ -92.7083333, 42.4583333 ], [ -92.625, 42.4166667 ], [ -92.9166667, 42.3333333 ], [ -92.9166667, 42.25 ], [ -92.75, 42.25 ], [ -92.875, 42.2083333 ], [ -92.8333333, 42.125 ] ], [ [ -91.7083333, 42.5 ], [ -91.625, 42.5416667 ], [ -91.625, 42.5 ], [ -91.7083333, 42.5 ] ], [ [ -89.9583333, 42.4583333 ], [ -89.7916667, 42.4166667 ], [ -89.75, 42.4166667 ], [ -89.7083333, 42.2916667 ], [ -89.5, 42.25 ], [ -89.4583333, 42.2916667 ], [ -89.4166667, 42.2916667 ], [ -89.3333333, 42.375 ], [ -89.0416667, 42.0416667 ], [ -88.9583333, 42.0 ], [ -88.9583333, 41.875 ], [ -88.7916667, 41.8333333 ], [ -88.7083333, 41.8333333 ], [ -88.7083333, 41.7083333 ], [ -88.7916667, 41.7083333 ], [ -88.8333333, 41.6666667 ], [ -88.9166667, 41.625 ], [ -88.8333333, 41.4583333 ], [ -88.9583333, 41.4166667 ], [ -89.125, 41.4583333 ], [ -89.125, 41.375 ], [ -89.2916667, 41.4166667 ], [ -89.1666667, 41.4583333 ], [ -89.1666667, 41.5833333 ], [ -89.25, 41.5833333 ], [ -89.4166667, 41.5 ], [ -89.5416667, 41.5 ], [ -89.5416667, 41.625 ], [ -89.2916667, 41.625 ], [ -89.25, 41.7083333 ], [ -89.0833333, 41.75 ], [ -89.375, 41.75 ], [ -89.4166667, 41.7916667 ], [ -89.2916667, 41.875 ], [ -89.25, 42.0 ], [ -89.2916667, 42.0833333 ], [ -89.375, 42.0 ], [ -89.5, 42.0 ], [ -89.5, 41.875 ], [ -89.7083333, 41.8333333 ], [ -89.7083333, 41.9166667 ], [ -89.7916667, 41.8333333 ], [ -89.9166667, 42.0416667 ], [ -89.9166667, 42.125 ], [ -89.8333333, 42.125 ], [ -89.8333333, 42.25 ], [ -90.0, 42.2916667 ], [ -89.9583333, 42.4583333 ] ], [ [ -91.4583333, 42.3333333 ], [ -91.625, 42.3333333 ], [ -91.625, 42.5 ], [ -91.5, 42.5 ], [ -91.4166667, 42.4166667 ], [ -91.4166667, 42.25 ], [ -91.4583333, 42.3333333 ] ], [ [ -92.5, 42.3333333 ], [ -92.375, 42.2916667 ], [ -92.4583333, 42.25 ], [ -92.5, 42.3333333 ] ], [ [ -92.375, 42.2916667 ], [ -92.3333333, 42.2916667 ], [ -92.3333333, 42.25 ], [ -92.375, 42.2916667 ] ], [ [ -92.9583333, 41.9583333 ], [ -93.0, 42.0833333 ], [ -92.9583333, 42.0 ], [ -92.9583333, 41.9583333 ] ], [ [ -88.5833333, 42.0416667 ], [ -88.5416667, 42.0416667 ], [ -88.5833333, 42.0 ], [ -88.5833333, 42.0416667 ] ], [ [ -93.7083333, 42.0 ], [ -93.6666667, 41.9583333 ], [ -93.7083333, 41.9583333 ], [ -93.7083333, 42.0 ] ], [ [ -92.875, 41.8333333 ], [ -92.8333333, 42.0 ], [ -92.6666667, 41.9166667 ], [ -92.625, 41.8333333 ], [ -92.6666667, 41.75 ], [ -92.875, 41.8333333 ] ], [ [ -93.7916667, 41.7916667 ], [ -93.7083333, 41.9583333 ], [ -93.7083333, 41.7916667 ], [ -93.7916667, 41.7916667 ] ], [ [ -93.4166667, 41.9166667 ], [ -93.375, 41.9166667 ], [ -93.375, 41.875 ], [ -93.4166667, 41.9166667 ] ], [ [ -92.9166667, 41.6666667 ], [ -92.75, 41.6666667 ], [ -92.75, 41.625 ], [ -92.9166667, 41.6666667 ] ], [ [ -88.625, 41.4583333 ], [ -88.5833333, 41.5833333 ], [ -88.5416667, 41.5 ], [ -88.625, 41.4583333 ] ], [ [ -89.5833333, 41.5 ], [ -89.5416667, 41.5 ], [ -89.5416667, 41.4583333 ], [ -89.5833333, 41.5 ] ], [ [ -88.6666667, 41.4583333 ], [ -88.625, 41.4583333 ], [ -88.625, 41.375 ], [ -88.6666667, 41.4583333 ] ], [ [ -87.5, 41.1666667 ], [ -87.6666667, 41.2083333 ], [ -87.625, 41.375 ], [ -87.5, 41.25 ], [ -87.5, 41.1666667 ] ], [ [ -94.7083333, 41.3333333 ], [ -94.6666667, 41.3333333 ], [ -94.6666667, 41.2916667 ], [ -94.7083333, 41.2916667 ], [ -94.7083333, 41.3333333 ] ], [ [ -94.4166667, 41.1666667 ], [ -94.375, 41.125 ], [ -94.4166667, 41.125 ], [ -94.4166667, 41.1666667 ] ], [ [ -94.5833333, 41.0833333 ], [ -94.4166667, 41.125 ], [ -94.5, 41.0416667 ], [ -94.5833333, 41.0833333 ] ], [ [ -94.75, 41.0 ], [ -94.625, 40.9583333 ], [ -94.6666667, 40.875 ], [ -94.75, 40.7916667 ], [ -94.7916667, 40.9166667 ], [ -94.75, 41.0 ] ], [ [ -94.625, 40.9583333 ], [ -94.5, 40.9583333 ], [ -94.5416667, 40.8333333 ], [ -94.625, 40.9583333 ] ], [ [ -88.25, 40.9166667 ], [ -88.1666667, 40.9166667 ], [ -88.2083333, 40.8333333 ], [ -88.25, 40.75 ], [ -88.25, 40.8333333 ], [ -88.4166667, 40.875 ], [ -88.2916667, 40.9166667 ], [ -88.25, 40.875 ], [ -88.25, 40.9166667 ] ], [ [ -89.0, 40.9166667 ], [ -89.125, 40.7916667 ], [ -89.25, 40.875 ], [ -89.0, 40.9166667 ] ], [ [ -95.2916667, 40.4166667 ], [ -95.3333333, 40.4166667 ], [ -95.2916667, 40.4583333 ], [ -95.2916667, 40.4166667 ] ], [ [ -87.9166667, 40.1666667 ], [ -87.9166667, 40.2916667 ], [ -87.8333333, 40.2083333 ], [ -87.9166667, 40.1666667 ] ], [ [ -95.75, 40.2083333 ], [ -95.6666667, 40.2083333 ], [ -95.6666667, 40.1666667 ], [ -95.75, 40.2083333 ] ], [ [ -89.0416667, 39.9583333 ], [ -88.875, 40.0833333 ], [ -88.8333333, 39.9583333 ], [ -89.0416667, 39.9583333 ] ], [ [ -88.75, 40.0 ], [ -88.7083333, 40.0 ], [ -88.7083333, 39.9583333 ], [ -88.75, 40.0 ] ], [ [ -88.7083333, 39.9583333 ], [ -88.6666667, 39.75 ], [ -88.625, 39.7083333 ], [ -88.6666667, 39.7083333 ], [ -88.7916667, 39.75 ], [ -88.7916667, 39.875 ], [ -88.7083333, 39.9583333 ] ], [ [ -87.4583333, 39.7916667 ], [ -87.4583333, 39.75 ], [ -87.5, 39.7916667 ], [ -87.4583333, 39.7916667 ] ], [ [ -87.5, 39.7916667 ], [ -87.625, 39.7916667 ], [ -87.625, 39.9166667 ], [ -87.4583333, 39.8333333 ], [ -87.5, 39.7916667 ] ], [ [ -87.2083333, 39.875 ], [ -87.0833333, 39.875 ], [ -87.125, 39.7916667 ], [ -87.2083333, 39.8333333 ], [ -87.2083333, 39.875 ] ], [ [ -87.9166667, 39.7916667 ], [ -87.75, 39.8333333 ], [ -87.75, 39.75 ], [ -87.9166667, 39.7916667 ] ], [ [ -87.875, 39.6666667 ], [ -87.9583333, 39.7083333 ], [ -87.9166667, 39.7916667 ], [ -87.875, 39.6666667 ] ], [ [ -86.7916667, 39.5416667 ], [ -86.75, 39.7083333 ], [ -86.6666667, 39.6666667 ], [ -86.7083333, 39.5 ], [ -86.7916667, 39.5416667 ] ], [ [ -87.0833333, 38.75 ], [ -87.125, 38.7916667 ], [ -87.125, 39.0833333 ], [ -86.9166667, 39.0416667 ], [ -86.9583333, 39.0 ], [ -86.9583333, 38.8333333 ], [ -87.0833333, 38.75 ] ], [ [ -97.0, 38.0833333 ], [ -97.0, 38.1666667 ], [ -96.875, 38.2083333 ], [ -96.875, 38.0833333 ], [ -96.9583333, 38.0416667 ], [ -97.0, 38.0833333 ] ], [ [ -96.9583333, 38.0416667 ], [ -96.9583333, 38.0 ], [ -97.0, 38.0416667 ], [ -96.9583333, 38.0416667 ] ], [ [ -96.8333333, 37.9583333 ], [ -96.7916667, 37.9583333 ], [ -96.7916667, 37.9166667 ], [ -96.8333333, 37.9583333 ] ], [ [ -96.5416667, 37.625 ], [ -96.5416667, 37.75 ], [ -96.4166667, 37.8333333 ], [ -96.4166667, 37.6666667 ], [ -96.5416667, 37.625 ] ], [ [ -86.5416667, 37.4583333 ], [ -86.4583333, 37.5 ], [ -86.4583333, 37.4583333 ], [ -86.5416667, 37.4583333 ] ], [ [ -86.1666667, 37.125 ], [ -86.0416667, 37.0416667 ], [ -86.1666667, 37.0 ], [ -86.1666667, 37.125 ] ], [ [ -86.0416667, 37.0416667 ], [ -85.9166667, 37.0833333 ], [ -85.9166667, 36.875 ], [ -86.0, 36.875 ], [ -86.0416667, 37.0416667 ] ], [ [ -86.9583333, 36.625 ], [ -87.1666667, 36.7083333 ], [ -87.125, 36.75 ], [ -86.9166667, 36.75 ], [ -86.9583333, 36.625 ] ], [ [ -88.0, 36.2916667 ], [ -87.9166667, 36.2916667 ], [ -88.0, 36.25 ], [ -88.0, 36.2916667 ] ], [ [ -88.25, 35.7083333 ], [ -88.2083333, 35.7083333 ], [ -88.2083333, 35.625 ], [ -88.25, 35.7083333 ] ], [ [ -98.25, 35.375 ], [ -98.125, 35.4166667 ], [ -98.2083333, 35.2916667 ], [ -98.25, 35.375 ] ], [ [ -87.6666667, 35.0 ], [ -87.625, 35.0 ], [ -87.625, 34.9583333 ], [ -87.6666667, 35.0 ] ], [ [ -88.125, 34.5 ], [ -88.0, 34.5 ], [ -88.0, 34.4166667 ], [ -88.125, 34.5 ] ], [ [ -89.5, 33.9166667 ], [ -89.75, 33.9166667 ], [ -89.625, 34.0 ], [ -89.5416667, 34.0416667 ], [ -89.4583333, 33.9583333 ], [ -89.4166667, 33.9166667 ], [ -89.375, 33.9166667 ], [ -89.4166667, 33.875 ], [ -89.5416667, 33.8333333 ], [ -89.5, 33.9166667 ] ], [ [ -89.2916667, 33.7916667 ], [ -89.2083333, 33.7083333 ], [ -89.2916667, 33.6666667 ], [ -89.2916667, 33.7916667 ] ], [ [ -88.9583333, 33.5 ], [ -88.8333333, 33.4166667 ], [ -88.9583333, 33.4166667 ], [ -88.9583333, 33.5 ] ], [ [ -100.2916667, 32.2083333 ], [ -100.25, 32.1666667 ], [ -100.2916667, 32.1666667 ], [ -100.2916667, 32.2083333 ] ], [ [ -100.3333333, 32.125 ], [ -100.4166667, 32.0 ], [ -100.5833333, 31.9583333 ], [ -100.625, 32.0 ], [ -100.625, 32.2916667 ], [ -100.5416667, 32.2083333 ], [ -100.3333333, 32.125 ] ], [ [ -100.5416667, 32.2083333 ], [ -100.5416667, 32.375 ], [ -100.5833333, 32.4583333 ], [ -100.5833333, 32.5 ], [ -100.5, 32.5833333 ], [ -100.5, 32.4583333 ], [ -100.4166667, 32.3333333 ], [ -100.2916667, 32.2916667 ], [ -100.2916667, 32.25 ], [ -100.2916667, 32.2083333 ], [ -100.5416667, 32.2083333 ] ], [ [ -100.0833333, 32.2083333 ], [ -100.0416667, 32.2916667 ], [ -99.9583333, 32.2083333 ], [ -100.0833333, 32.2083333 ] ], [ [ -100.25, 32.1666667 ], [ -100.1666667, 32.1666667 ], [ -100.2083333, 32.0833333 ], [ -100.25, 32.1666667 ] ], [ [ -93.875, 32.0833333 ], [ -93.625, 32.0833333 ], [ -93.625, 32.1666667 ], [ -93.5, 32.1666667 ], [ -93.5416667, 32.0833333 ], [ -93.5416667, 32.0 ], [ -93.625, 31.9166667 ], [ -93.75, 31.9166667 ], [ -93.75, 32.0416667 ], [ -93.875, 32.0833333 ] ], [ [ -94.2083333, 32.0 ], [ -94.125, 32.0 ], [ -94.2083333, 31.9583333 ], [ -94.2083333, 32.0 ] ], [ [ -94.2083333, 31.9166667 ], [ -94.1666667, 31.875 ], [ -94.2083333, 31.875 ], [ -94.2083333, 31.9166667 ] ], [ [ -93.5833333, 31.75 ], [ -93.4166667, 31.7083333 ], [ -93.375, 31.625 ], [ -93.25, 31.625 ], [ -93.2916667, 31.4583333 ], [ -93.375, 31.5833333 ], [ -93.5, 31.5416667 ], [ -93.5416667, 31.625 ], [ -93.5833333, 31.75 ] ], [ [ -94.0, 31.33333330000001 ], [ -93.9166667, 31.25 ], [ -93.9166667, 31.125 ], [ -94.0416667, 31.2916667 ], [ -94.0, 31.33333330000001 ] ], [ [ -94.0416667, 31.2916667 ], [ -94.0833333, 31.3333333 ], [ -94.0416667, 31.3333333 ], [ -94.0416667, 31.2916667 ] ], [ [ -93.25, 31.25 ], [ -93.125, 31.0833333 ], [ -93.25, 31.0833333 ], [ -93.25, 31.25 ] ], [ [ -93.4166667, 31.2083333 ], [ -93.4166667, 31.125 ], [ -93.3333333, 31.0833333 ], [ -93.3333333, 31.0416667 ], [ -93.4583333, 31.0 ], [ -93.5, 31.125 ], [ -93.4166667, 31.2083333 ] ], [ [ -93.9166667, 31.125 ], [ -93.75, 31.0833333 ], [ -93.8333333, 30.7916667 ], [ -93.7916667, 30.7916667 ], [ -93.7916667, 30.7083333 ], [ -93.6666667, 30.625 ], [ -93.9166667, 30.625 ], [ -94.0, 30.7083333 ], [ -93.9583333, 30.8333333 ], [ -94.0416667, 30.9583333 ], [ -94.0416667, 31.0416667 ], [ -93.875, 31.0416667 ], [ -93.9166667, 31.125 ] ], [ [ -93.625, 31.0416667 ], [ -93.5833333, 31.0 ], [ -93.625, 31.0 ], [ -93.625, 31.0416667 ] ], [ [ -94.8333333, 30.875 ], [ -94.75, 30.9583333 ], [ -94.6666667, 30.9583333 ], [ -94.6666667, 30.8333333 ], [ -94.8333333, 30.875 ] ], [ [ -94.5833333, 30.9166667 ], [ -94.4583333, 30.8333333 ], [ -94.5416667, 30.6666667 ], [ -94.6666667, 30.7916667 ], [ -94.6666667, 30.8333333 ], [ -94.5833333, 30.9166667 ] ], [ [ -93.2916667, 30.875 ], [ -93.25, 30.9166667 ], [ -93.25, 30.875 ], [ -93.2916667, 30.875 ] ], [ [ -94.4583333, 30.8333333 ], [ -94.2083333, 30.875 ], [ -94.2916667, 30.75 ], [ -94.375, 30.75 ], [ -94.4166667, 30.75 ], [ -94.4583333, 30.8333333 ] ], [ [ -93.375, 30.875 ], [ -93.2916667, 30.875 ], [ -93.375, 30.8333333 ], [ -93.375, 30.875 ] ], [ [ -93.6666667, 30.625 ], [ -93.625, 30.625 ], [ -93.5833333, 30.5416667 ], [ -93.6666667, 30.625 ] ], [ [ -87.7916667, 30.4583333 ], [ -87.7916667, 30.5833333 ], [ -87.7083333, 30.5833333 ], [ -87.7916667, 30.4583333 ] ], [ [ -98.9583333, 30.4166667 ], [ -98.9166667, 30.375 ], [ -99.0, 30.3333333 ], [ -99.0833333, 30.2916667 ], [ -99.0833333, 30.25 ], [ -99.1666667, 30.2916667 ], [ -99.2083333, 30.2916667 ], [ -99.2083333, 30.375 ], [ -99.125, 30.4166667 ], [ -98.9583333, 30.4166667 ] ], [ [ -89.7916667, 30.3333333 ], [ -89.9166667, 30.2916667 ], [ -89.9166667, 30.4166667 ], [ -89.7916667, 30.4166667 ], [ -89.7916667, 30.3333333 ] ], [ [ -99.7083333, 30.25 ], [ -99.6666667, 30.25 ], [ -99.6666667, 30.2083333 ], [ -99.7083333, 30.25 ] ], [ [ -94.7083333, 29.5 ], [ -94.875, 29.3333333 ], [ -94.875, 29.5 ], [ -95.0, 29.5833333 ], [ -94.7916667, 29.75 ], [ -94.7083333, 29.75 ], [ -94.7083333, 29.5 ] ], [ [ -89.9166667, 29.2916667 ], [ -89.9583333, 29.4166667 ], [ -89.8333333, 29.4166667 ], [ -89.9166667, 29.2916667 ] ], [ [ -96.2916667, 28.6666667 ], [ -96.25, 28.5416667 ], [ -96.2916667, 28.4583333 ], [ -96.4166667, 28.4583333 ], [ -96.4583333, 28.5833333 ], [ -96.2916667, 28.6666667 ] ], [ [ -97.4166667, 26.7916667 ], [ -97.3333333, 26.5833333 ], [ -97.4166667, 26.5416667 ], [ -97.4166667, 26.7916667 ] ] ], [ [ [ -85.7083333, 37.5833333 ], [ -85.7916667, 37.5416667 ], [ -85.7916667, 37.5 ], [ -85.7083333, 37.5833333 ] ] ], [ [ [ -100.1666667, 31.25 ], [ -100.1666667, 31.125 ], [ -100.0416667, 31.2083333 ], [ -100.1666667, 31.25 ] ] ], [ [ [ -100.25, 30.5 ], [ -100.25, 30.5833333 ], [ -100.4166667, 30.5833333 ], [ -100.4166667, 30.5 ], [ -100.25, 30.5 ] ] ], [ [ [ -99.5416667, 30.20833330000001 ], [ -99.5416667, 30.1666667 ], [ -99.5833333, 30.125 ], [ -99.5416667, 30.125 ], [ -99.4583333, 30.0833333 ], [ -99.4583333, 30.20833330000001 ], [ -99.5416667, 30.20833330000001 ] ] ], [ [ [ -99.9166667, 29.9583333 ], [ -100.0416667, 30.0 ], [ -100.0416667, 29.8333333 ], [ -99.9583333, 29.8333333 ], [ -99.9166667, 29.9583333 ] ] ], [ [ [ -92.75, 43.0416667 ], [ -92.75, 43.0 ], [ -92.7083333, 43.0416667 ], [ -92.75, 43.0416667 ] ] ], [ [ [ -92.7916667, 43.0 ], [ -92.75, 42.9583333 ], [ -92.75, 43.0 ], [ -92.7916667, 43.0 ] ] ], [ [ [ -91.5833333, 42.6666667 ], [ -91.5416667, 42.625 ], [ -91.5416667, 42.6666667 ], [ -91.5833333, 42.6666667 ] ] ], [ [ [ -89.6666667, 42.0 ], [ -89.7083333, 41.9166667 ], [ -89.625, 41.9583333 ], [ -89.6666667, 42.0 ] ] ], [ [ [ -89.0, 41.7916667 ], [ -89.0833333, 41.75 ], [ -89.0, 41.7083333 ], [ -89.0, 41.7916667 ] ] ], [ [ [ -89.0, 41.7083333 ], [ -88.8333333, 41.6666667 ], [ -88.8333333, 41.7083333 ], [ -89.0, 41.7083333 ] ] ], [ [ [ -88.25, 40.875 ], [ -88.25, 40.8333333 ], [ -88.2083333, 40.8333333 ], [ -88.25, 40.875 ] ] ], [ [ [ -89.4583333, 33.9583333 ], [ -89.5, 33.9166667 ], [ -89.4583333, 33.9166667 ], [ -89.4583333, 33.9583333 ] ] ], [ [ [ -89.4583333, 33.9166667 ], [ -89.4166667, 33.875 ], [ -89.4166667, 33.9166667 ], [ -89.4583333, 33.9166667 ] ] ], [ [ [ -81.4583333, 24.75 ], [ -81.5833333, 24.7916667 ], [ -81.625, 24.75 ], [ -81.625, 24.5833333 ], [ -81.5416667, 24.625 ], [ -81.5416667, 24.6666667 ], [ -81.4583333, 24.625 ], [ -81.25, 24.625 ], [ -81.2083333, 24.7083333 ], [ -81.25, 24.8333333 ], [ -81.3333333, 24.8333333 ], [ -81.3333333, 24.6666667 ], [ -81.4166667, 24.6666667 ], [ -81.4583333, 24.75 ] ] ], [ [ [ -81.7083333, 24.5833333 ], [ -81.7916667, 24.625 ], [ -81.75, 24.5833333 ], [ -81.7083333, 24.5833333 ] ] ], [ [ [ -81.7916667, 24.625 ], [ -81.8333333, 24.5833333 ], [ -81.7916667, 24.5833333 ], [ -81.7916667, 24.625 ] ] ] ] } }
]
}
