{
"type": "FeatureCollection",
"name": "Carex_davisii",
"crs": { "type": "name", "properties": { "name": "urn:ogc:def:crs:OGC:1.3:CRS84" } },
"features": [
{ "type": "Feature", "properties": { "ID": 1 }, "geometry": { "type": "MultiPolygon", "coordinates": [ [ [ [ -88.26747, 45.51717 ], [ -88.28675, 45.65998 ], [ -88.35631, 45.71076 ], [ -88.43205, 45.71454 ], [ -88.49879, 45.78875 ], [ -88.49277, 45.83573 ], [ -88.64166, 45.86661 ], [ -88.63575, 45.91359 ], [ -88.7791, 45.99133 ], [ -88.8933, 45.99667 ], [ -88.88758, 46.04367 ], [ -89.11346, 46.07761 ], [ -89.1079, 46.12462 ], [ -89.25785, 46.1549 ], [ -89.4488, 46.16316 ], [ -89.44351, 46.21019 ], [ -89.67291, 46.21979 ], [ -89.78512, 46.24799 ], [ -90.12955, 46.2615 ], [ -90.2873, 46.2202 ], [ -90.28961, 46.19667 ], [ -90.55733, 46.20637 ], [ -90.56173, 46.15931 ], [ -90.75286, 46.16595 ], [ -90.75709, 46.11888 ], [ -90.8717, 46.12275 ], [ -90.87583, 46.07568 ], [ -90.99036, 46.07945 ], [ -90.9944, 46.03238 ], [ -91.10885, 46.03607 ], [ -91.11279, 45.989 ], [ -91.2672, 45.97024 ], [ -91.30909, 45.92434 ], [ -91.38526, 45.92665 ], [ -91.4307, 45.83364 ], [ -91.50676, 45.83589 ], [ -91.51396, 45.74174 ], [ -91.48143, 45.67002 ], [ -91.49765, 45.45821 ], [ -91.42208, 45.45595 ], [ -91.37692, 45.54894 ], [ -91.30123, 45.54662 ], [ -91.29183, 45.66428 ], [ -91.25011, 45.71018 ], [ -91.09834, 45.70538 ], [ -91.10227, 45.65832 ], [ -90.95267, 45.62985 ], [ -90.88508, 45.53321 ], [ -90.77787, 45.45879 ], [ -90.78204, 45.41174 ], [ -90.70866, 45.38561 ], [ -90.67941, 45.29021 ], [ -90.60623, 45.26403 ], [ -90.61907, 45.12292 ], [ -90.54396, 45.12023 ], [ -90.40486, 44.99717 ], [ -90.40928, 44.95014 ], [ -90.29696, 44.94594 ], [ -90.29245, 44.99296 ], [ -90.18006, 44.98867 ], [ -90.10047, 45.03277 ], [ -90.01602, 45.12386 ], [ -89.93613, 45.16788 ], [ -89.93132, 45.2149 ], [ -89.81853, 45.21033 ], [ -89.81362, 45.25735 ], [ -89.55031, 45.24636 ], [ -89.55543, 45.19936 ], [ -89.40775, 45.16939 ], [ -89.41298, 45.12239 ], [ -89.30307, 45.09395 ], [ -89.30837, 45.04695 ], [ -89.08356, 45.03682 ], [ -89.07808, 45.0838 ], [ -88.96561, 45.07861 ], [ -88.72345, 45.20888 ], [ -88.67426, 45.30101 ], [ -88.5119, 45.3876 ], [ -88.43657, 45.38386 ], [ -88.35212, 45.45054 ], [ -88.34601, 45.4975 ], [ -88.26747, 45.51717 ] ] ] ] } },
{ "type": "Feature", "properties": { "ID": 2 }, "geometry": { "type": "MultiPolygon", "coordinates": [ [ [ [ -80.51416, 43.51206 ], [ -80.44813, 43.62439 ], [ -80.55674, 43.63589 ], [ -80.68391, 43.72082 ], [ -80.73785, 43.65487 ], [ -80.85825, 43.61966 ], [ -80.86992, 43.57316 ], [ -81.08716, 43.59546 ], [ -81.14056, 43.52936 ], [ -81.24913, 43.54035 ], [ -81.26831, 43.61379 ], [ -81.24557, 43.70685 ], [ -81.3125, 43.73739 ], [ -81.45781, 43.75186 ], [ -81.46903, 43.70531 ], [ -81.39642, 43.69811 ], [ -81.28533, 43.544 ], [ -81.30795, 43.45093 ], [ -81.22999, 43.46691 ], [ -81.21657, 43.3702 ], [ -81.04189, 43.32855 ], [ -81.05336, 43.28204 ], [ -80.87904, 43.24019 ], [ -80.8198, 43.32944 ], [ -80.74186, 43.34515 ], [ -80.56166, 43.32617 ], [ -80.51416, 43.51206 ] ] ], [ [ [ -79.97794, 43.57364 ], [ -79.9656, 43.62007 ], [ -80.02563, 43.67441 ], [ -80.07475, 43.48868 ], [ -80.18305, 43.50046 ], [ -80.20094, 43.57403 ], [ -80.22523, 43.48114 ], [ -80.00872, 43.45758 ], [ -79.97794, 43.57364 ] ] ], [ [ [ -87.58129, 44.2038 ], [ -87.54499, 44.46182 ], [ -87.49127, 44.57699 ], [ -87.41028, 44.61966 ], [ -87.38659, 44.78384 ], [ -87.41707, 44.83289 ], [ -87.6408, 44.8455 ], [ -87.65397, 44.75166 ], [ -87.70428, 44.65988 ], [ -87.8287, 44.57216 ], [ -87.90614, 44.55273 ], [ -87.91883, 44.45887 ], [ -87.99297, 44.46286 ], [ -87.99924, 44.41593 ], [ -88.03628, 44.41791 ], [ -88.04252, 44.37098 ], [ -88.07953, 44.37295 ], [ -88.10118, 44.20868 ], [ -88.02735, 44.20474 ], [ -87.9998, 44.13236 ], [ -87.93236, 44.08145 ], [ -87.78504, 44.07337 ], [ -87.77864, 44.12029 ], [ -87.66809, 44.11413 ], [ -87.61818, 44.20588 ], [ -87.58129, 44.2038 ] ] ], [ [ [ -88.04529, 44.63109 ], [ -87.95513, 44.74446 ], [ -87.94244, 44.83833 ], [ -87.85499, 44.92818 ], [ -87.96389, 44.95767 ], [ -87.97657, 44.86379 ], [ -88.05122, 44.86776 ], [ -88.12587, 44.87168 ], [ -88.14447, 44.73086 ], [ -88.11964, 44.63502 ], [ -88.04529, 44.63109 ] ] ], [ [ [ -87.21685, 44.91593 ], [ -87.19948, 45.0332 ], [ -87.14807, 45.12482 ], [ -87.26045, 45.13136 ], [ -87.28118, 44.99064 ], [ -87.37299, 44.87766 ], [ -87.26108, 44.8712 ], [ -87.21685, 44.91593 ] ] ], [ [ [ -87.68588, 45.0608 ], [ -87.71348, 45.13325 ], [ -87.78844, 45.13735 ], [ -87.80144, 45.04348 ], [ -87.73314, 44.99246 ], [ -87.68588, 45.0608 ] ] ], [ [ [ -78.6496, 44.30778 ], [ -78.62932, 44.37725 ], [ -78.74565, 44.36692 ], [ -78.7658, 44.29744 ], [ -78.6496, 44.30778 ] ] ], [ [ [ -76.19644, 44.74419 ], [ -76.21752, 44.79515 ], [ -76.39291, 44.84249 ], [ -76.43722, 44.82427 ], [ -76.45255, 44.77816 ], [ -76.5624, 44.79259 ], [ -76.60799, 44.65423 ], [ -76.65966, 44.61289 ], [ -76.88638, 44.61828 ], [ -77.0326, 44.63708 ], [ -77.1497, 44.62799 ], [ -77.21565, 44.54028 ], [ -77.32524, 44.55415 ], [ -77.33982, 44.50796 ], [ -77.43459, 44.44786 ], [ -77.54406, 44.46156 ], [ -77.55845, 44.41535 ], [ -77.66789, 44.42897 ], [ -77.72575, 44.36415 ], [ -77.90809, 44.3866 ], [ -77.98808, 44.37239 ], [ -78.20011, 44.42205 ], [ -78.36688, 44.37013 ], [ -78.45125, 44.21247 ], [ -78.60372, 44.20658 ], [ -78.71301, 44.21943 ], [ -78.73315, 44.14995 ], [ -78.87878, 44.16694 ], [ -78.95493, 44.03216 ], [ -79.04077, 43.99422 ], [ -79.18611, 44.01091 ], [ -79.33799, 44.00428 ], [ -79.3509, 43.9579 ], [ -79.24194, 43.94552 ], [ -79.10328, 43.90571 ], [ -79.04734, 43.97105 ], [ -78.89551, 43.97739 ], [ -78.71404, 43.95615 ], [ -78.70065, 44.00247 ], [ -78.58501, 44.01276 ], [ -78.40356, 43.99114 ], [ -78.31732, 44.02871 ], [ -78.25161, 43.99682 ], [ -78.02017, 44.01662 ], [ -77.93366, 44.05396 ], [ -77.75231, 44.03155 ], [ -77.6948, 44.09637 ], [ -77.62223, 44.08732 ], [ -77.44841, 44.1615 ], [ -77.47034, 44.21228 ], [ -77.3541, 44.22161 ], [ -77.17247, 44.19849 ], [ -77.09252, 44.21226 ], [ -77.07783, 44.25843 ], [ -76.96883, 44.24438 ], [ -76.90361, 44.2119 ], [ -76.79474, 44.19772 ], [ -76.73604, 44.26217 ], [ -76.55453, 44.2383 ], [ -76.49553, 44.30266 ], [ -76.35029, 44.28334 ], [ -76.33501, 44.32943 ], [ -76.18206, 44.333 ], [ -76.16664, 44.37907 ], [ -76.05764, 44.36436 ], [ -75.87328, 44.45973 ], [ -75.81333, 44.52382 ], [ -75.74844, 44.49083 ], [ -75.78782, 44.37575 ], [ -75.86044, 44.3857 ], [ -75.928, 44.29857 ], [ -76.00833, 44.28543 ], [ -76.07556, 44.19823 ], [ -76.14802, 44.20804 ], [ -76.23584, 44.17174 ], [ -76.30262, 44.08444 ], [ -76.11413, 44.08307 ], [ -76.02886, 43.99924 ], [ -75.95667, 43.98938 ], [ -76.05688, 43.69003 ], [ -76.04398, 43.61603 ], [ -75.94408, 43.57821 ], [ -75.93135, 43.50419 ], [ -75.79594, 43.46132 ], [ -75.8114, 43.41528 ], [ -75.71198, 43.3773 ], [ -75.56919, 43.35723 ], [ -75.50567, 43.32414 ], [ -75.5135, 43.30114 ], [ -75.47785, 43.29608 ], [ -75.46216, 43.34208 ], [ -75.31954, 43.32176 ], [ -75.32359, 43.41882 ], [ -75.40288, 43.406 ], [ -75.54573, 43.42624 ], [ -75.68089, 43.46934 ], [ -75.76018, 43.45633 ], [ -75.77269, 43.53036 ], [ -75.88013, 43.54528 ], [ -75.86468, 43.59132 ], [ -75.96455, 43.6292 ], [ -75.87952, 43.88244 ], [ -75.82794, 43.92351 ], [ -75.68383, 43.90354 ], [ -75.56793, 43.91148 ], [ -75.48009, 43.94739 ], [ -75.53634, 44.00349 ], [ -75.64456, 44.01859 ], [ -75.64918, 44.11563 ], [ -75.59724, 44.15662 ], [ -75.56557, 44.24864 ], [ -75.44899, 44.25649 ], [ -75.40904, 44.37148 ], [ -75.54623, 44.41471 ], [ -75.5303, 44.46072 ], [ -75.76905, 44.54185 ], [ -75.75325, 44.58788 ], [ -75.92766, 44.63576 ], [ -75.98499, 44.6917 ], [ -76.19644, 44.74419 ] ], [ [ -78.28988, 44.12127 ], [ -78.20339, 44.15877 ], [ -78.16184, 44.29758 ], [ -78.02309, 44.25676 ], [ -78.051, 44.16425 ], [ -78.18776, 44.08497 ], [ -78.28988, 44.12127 ] ] ], [ [ [ -75.27598, 43.33965 ], [ -75.29181, 43.29367 ], [ -75.18497, 43.27833 ], [ -75.16906, 43.32429 ], [ -75.27598, 43.33965 ] ] ], [ [ [ -75.35139, 43.44691 ], [ -75.28395, 43.53377 ], [ -75.35549, 43.54396 ], [ -75.35139, 43.44691 ] ] ], [ [ [ -72.378, 43.54884 ], [ -72.27149, 43.53138 ], [ -72.23514, 43.62263 ], [ -72.26988, 43.72556 ], [ -72.36831, 43.66875 ], [ -72.40449, 43.57746 ], [ -72.378, 43.54884 ] ] ], [ [ [ -73.38079, 44.29062 ], [ -73.35446, 44.35926 ], [ -73.40032, 44.43904 ], [ -73.53496, 44.38701 ], [ -73.60453, 44.20387 ], [ -73.46925, 44.15887 ], [ -73.4518, 44.20464 ], [ -73.41581, 44.19909 ], [ -73.39831, 44.24485 ], [ -73.43433, 44.25041 ], [ -73.38079, 44.29062 ] ] ], [ [ [ -73.13691, 44.13149 ], [ -73.10098, 44.12586 ], [ -73.03887, 44.2859 ], [ -73.10203, 44.32004 ], [ -73.07537, 44.38864 ], [ -72.93112, 44.36601 ], [ -72.9132, 44.41172 ], [ -73.10256, 44.41714 ], [ -73.1564, 44.37703 ], [ -73.14693, 44.30281 ], [ -73.18231, 44.21133 ], [ -73.13691, 44.13149 ] ] ], [ [ [ -73.67949, 44.40906 ], [ -73.56237, 44.41543 ], [ -73.54492, 44.46122 ], [ -73.6983, 44.46035 ], [ -73.67949, 44.40906 ] ] ] ] } },
{ "type": "Feature", "properties": { "ID": 3 }, "geometry": { "type": "MultiPolygon", "coordinates": [ [ [ [ -91.51396, 45.74174 ], [ -91.58991, 45.74395 ], [ -91.63313, 45.67443 ], [ -91.709, 45.67658 ], [ -91.75373, 45.58349 ], [ -91.87889, 45.42185 ], [ -91.88545, 45.32771 ], [ -91.96569, 45.25913 ], [ -91.93126, 45.21105 ], [ -91.93449, 45.16398 ], [ -91.74646, 45.15882 ], [ -91.66782, 45.20375 ], [ -91.6354, 45.13207 ], [ -91.37235, 45.12426 ], [ -91.30094, 45.07489 ], [ -91.26902, 45.00314 ], [ -91.15655, 44.99957 ], [ -91.17374, 44.78787 ], [ -91.14022, 44.73963 ], [ -91.06557, 44.7372 ], [ -91.08494, 44.502 ], [ -90.71324, 44.48934 ], [ -90.56674, 44.4605 ], [ -90.571, 44.41348 ], [ -90.46184, 44.38589 ], [ -90.2764, 44.3789 ], [ -90.30903, 44.42733 ], [ -90.16059, 44.4216 ], [ -89.96325, 44.53175 ], [ -89.9213, 44.57725 ], [ -89.91173, 44.67126 ], [ -89.86724, 44.74025 ], [ -89.70815, 44.82809 ], [ -89.6982, 44.92209 ], [ -89.65578, 44.96752 ], [ -89.58092, 44.96435 ], [ -89.54859, 44.91576 ], [ -89.56131, 44.79827 ], [ -89.52909, 44.74967 ], [ -89.26808, 44.7382 ], [ -89.15355, 44.75664 ], [ -88.96713, 44.74802 ], [ -88.8067, 44.8349 ], [ -88.75795, 44.92705 ], [ -88.6774, 44.9704 ], [ -88.52779, 44.96306 ], [ -88.52187, 45.01002 ], [ -88.44104, 45.05325 ], [ -88.32565, 45.07106 ], [ -88.16342, 45.15726 ], [ -88.1134, 45.24921 ], [ -88.06322, 45.34115 ], [ -88.13847, 45.34507 ], [ -88.18887, 45.53679 ], [ -88.26747, 45.51717 ], [ -88.34601, 45.4975 ], [ -88.35212, 45.45054 ], [ -88.43657, 45.38386 ], [ -88.5119, 45.3876 ], [ -88.67426, 45.30101 ], [ -88.72345, 45.20888 ], [ -88.96561, 45.07861 ], [ -89.07808, 45.0838 ], [ -89.08356, 45.03682 ], [ -89.30837, 45.04695 ], [ -89.30307, 45.09395 ], [ -89.41298, 45.12239 ], [ -89.40775, 45.16939 ], [ -89.55543, 45.19936 ], [ -89.55031, 45.24636 ], [ -89.81362, 45.25735 ], [ -89.81853, 45.21033 ], [ -89.93132, 45.2149 ], [ -89.93613, 45.16788 ], [ -90.01602, 45.12386 ], [ -90.10047, 45.03277 ], [ -90.18006, 44.98867 ], [ -90.29245, 44.99296 ], [ -90.29696, 44.94594 ], [ -90.40928, 44.95014 ], [ -90.40486, 44.99717 ], [ -90.54396, 45.12023 ], [ -90.61907, 45.12292 ], [ -90.60623, 45.26403 ], [ -90.67941, 45.29021 ], [ -90.70866, 45.38561 ], [ -90.78204, 45.41174 ], [ -90.77787, 45.45879 ], [ -90.88508, 45.53321 ], [ -90.95267, 45.62985 ], [ -91.10227, 45.65832 ], [ -91.09834, 45.70538 ], [ -91.25011, 45.71018 ], [ -91.29183, 45.66428 ], [ -91.30123, 45.54662 ], [ -91.37692, 45.54894 ], [ -91.42208, 45.45595 ], [ -91.49765, 45.45821 ], [ -91.48143, 45.67002 ], [ -91.51396, 45.74174 ] ] ], [ [ [ -76.43722, 44.82427 ], [ -76.45854, 44.8752 ], [ -76.61286, 44.87135 ], [ -76.59903, 44.79738 ], [ -76.45255, 44.77816 ], [ -76.43722, 44.82427 ] ] ] ] } },
{ "type": "Feature", "properties": { "ID": 4 }, "geometry": { "type": "MultiPolygon", "coordinates": [ [ [ [ -90.08176, 42.95564 ], [ -90.07269, 43.04965 ], [ -90.18153, 43.05403 ], [ -90.22666, 42.96144 ], [ -90.08176, 42.95564 ] ] ], [ [ [ -89.46498, 43.28339 ], [ -89.61059, 43.2898 ], [ -89.69311, 43.19897 ], [ -89.74148, 43.08304 ], [ -89.92294, 43.0907 ], [ -90.00014, 43.04669 ], [ -90.00932, 42.95268 ], [ -89.86447, 42.94666 ], [ -89.79443, 42.92009 ], [ -89.61348, 42.91228 ], [ -89.57239, 42.95768 ], [ -89.60125, 43.02976 ], [ -89.59144, 43.12375 ], [ -89.54523, 43.21613 ], [ -89.46498, 43.28339 ] ] ], [ [ [ -88.54903, 43.594 ], [ -88.51247, 43.59215 ], [ -88.50958, 43.61562 ], [ -88.54615, 43.61748 ], [ -88.54903, 43.594 ] ] ], [ [ [ -88.50958, 43.61562 ], [ -88.47301, 43.61376 ], [ -88.46719, 43.66071 ], [ -88.50378, 43.66257 ], [ -88.50958, 43.61562 ] ] ], [ [ [ -88.82493, 43.74939 ], [ -88.71496, 43.744 ], [ -88.70931, 43.79096 ], [ -88.81937, 43.79635 ], [ -88.82493, 43.74939 ] ] ], [ [ [ -88.05122, 44.86776 ], [ -88.02289, 45.07899 ], [ -88.06034, 45.08097 ], [ -88.03827, 45.24528 ], [ -88.1134, 45.24921 ], [ -88.16342, 45.15726 ], [ -88.32565, 45.07106 ], [ -88.44104, 45.05325 ], [ -88.52187, 45.01002 ], [ -88.52779, 44.96306 ], [ -88.6774, 44.9704 ], [ -88.75795, 44.92705 ], [ -88.8067, 44.8349 ], [ -88.96713, 44.74802 ], [ -89.15355, 44.75664 ], [ -89.26808, 44.7382 ], [ -89.52909, 44.74967 ], [ -89.56131, 44.79827 ], [ -89.54859, 44.91576 ], [ -89.58092, 44.96435 ], [ -89.65578, 44.96752 ], [ -89.6982, 44.92209 ], [ -89.70815, 44.82809 ], [ -89.86724, 44.74025 ], [ -89.91173, 44.67126 ], [ -89.9213, 44.57725 ], [ -89.96325, 44.53175 ], [ -90.16059, 44.4216 ], [ -90.30903, 44.42733 ], [ -90.2764, 44.3789 ], [ -90.46184, 44.38589 ], [ -90.571, 44.41348 ], [ -90.56674, 44.4605 ], [ -90.71324, 44.48934 ], [ -90.78757, 44.49195 ], [ -90.7937, 44.4214 ], [ -90.75658, 44.4201 ], [ -90.76478, 44.32605 ], [ -90.84496, 44.25809 ], [ -90.81402, 44.18626 ], [ -90.82211, 44.09221 ], [ -90.97763, 44.00322 ], [ -90.79331, 43.99687 ], [ -90.74827, 44.08962 ], [ -90.67444, 44.08699 ], [ -90.69306, 43.87539 ], [ -90.73394, 43.82968 ], [ -90.99128, 43.83861 ], [ -91.01258, 43.57994 ], [ -90.83153, 43.55013 ], [ -90.87604, 43.45735 ], [ -90.69338, 43.45088 ], [ -90.69951, 43.38034 ], [ -90.44415, 43.37091 ], [ -90.43986, 43.41792 ], [ -90.33036, 43.41374 ], [ -90.33473, 43.36673 ], [ -90.1911, 43.33753 ], [ -90.19557, 43.29052 ], [ -89.97707, 43.28171 ], [ -89.97243, 43.32871 ], [ -89.79026, 43.32112 ], [ -89.74902, 43.36657 ], [ -89.67611, 43.36344 ], [ -89.63475, 43.40886 ], [ -89.5618, 43.40568 ], [ -89.55186, 43.49966 ], [ -89.62493, 43.50284 ], [ -89.6126, 43.62032 ], [ -89.56604, 43.7127 ], [ -89.44592, 43.80184 ], [ -89.44084, 43.84882 ], [ -89.32804, 43.86738 ], [ -89.24931, 43.91103 ], [ -89.16515, 44.00161 ], [ -89.15983, 44.04858 ], [ -89.04928, 44.04345 ], [ -88.97012, 44.08695 ], [ -88.92222, 44.17913 ], [ -88.6638, 44.16661 ], [ -88.66952, 44.11966 ], [ -88.55889, 44.11416 ], [ -88.51618, 44.15926 ], [ -88.50449, 44.25316 ], [ -88.46164, 44.29824 ], [ -88.23978, 44.28685 ], [ -88.24887, 44.21644 ], [ -88.32872, 44.17333 ], [ -88.34961, 44.00903 ], [ -88.20241, 44.00136 ], [ -88.17502, 44.21258 ], [ -88.19671, 44.33186 ], [ -88.11038, 44.42185 ], [ -88.07333, 44.41988 ], [ -88.1011, 44.49225 ], [ -88.05154, 44.58416 ], [ -88.04529, 44.63109 ], [ -88.11964, 44.63502 ], [ -88.14447, 44.73086 ], [ -88.12587, 44.87168 ], [ -88.05122, 44.86776 ] ] ] ] } },
{ "type": "Feature", "properties": { "ID": 5 }, "geometry": { "type": "MultiPolygon", "coordinates": [ [ [ [ -96.07488, 43.9232 ], [ -96.00114, 43.87612 ], [ -95.96435, 43.78192 ], [ -95.81728, 43.75827 ], [ -95.78042, 43.78177 ], [ -95.77982, 43.9466 ], [ -96.07488, 43.9232 ] ] ], [ [ [ -91.93126, 45.21105 ], [ -92.11946, 45.21599 ], [ -92.12255, 45.16891 ], [ -92.35838, 45.00976 ], [ -92.43341, 45.01155 ], [ -92.51122, 44.96623 ], [ -92.50014, 45.15454 ], [ -92.57536, 45.15626 ], [ -92.60759, 45.25127 ], [ -92.72062, 45.25376 ], [ -92.71801, 45.30084 ], [ -92.8626, 45.42175 ], [ -92.90533, 45.32835 ], [ -92.98078, 45.32987 ], [ -92.98439, 45.25923 ], [ -92.98917, 45.16505 ], [ -92.95397, 45.11721 ], [ -92.84119, 45.1149 ], [ -92.83868, 45.16199 ], [ -92.72583, 45.15959 ], [ -92.61701, 45.08649 ], [ -92.62904, 44.87464 ], [ -92.70391, 44.87629 ], [ -92.713, 44.71153 ], [ -92.6809, 44.61656 ], [ -92.79399, 44.59545 ], [ -92.83623, 44.5021 ], [ -92.91307, 44.45657 ], [ -92.99215, 44.36394 ], [ -93.17778, 44.36756 ], [ -93.1855, 44.20279 ], [ -93.11257, 44.17783 ], [ -93.12157, 43.98953 ], [ -93.01437, 43.91674 ], [ -93.01785, 43.84613 ], [ -92.94424, 43.84463 ], [ -92.91223, 43.74972 ], [ -92.91702, 43.65558 ], [ -92.84974, 43.53636 ], [ -92.73989, 43.53397 ], [ -92.63655, 43.41383 ], [ -92.56612, 43.36508 ], [ -92.57008, 43.29448 ], [ -92.49715, 43.29276 ], [ -92.43108, 43.17334 ], [ -92.36109, 43.12448 ], [ -92.1444, 43.09537 ], [ -91.9627, 43.09047 ], [ -91.92323, 43.13651 ], [ -91.66871, 43.12921 ], [ -91.66538, 43.17626 ], [ -91.59092, 43.19761 ], [ -91.58753, 43.24466 ], [ -91.84253, 43.2521 ], [ -91.83772, 43.32268 ], [ -91.76151, 43.36765 ], [ -91.68186, 43.45962 ], [ -91.57221, 43.45636 ], [ -91.41895, 43.54597 ], [ -91.37699, 43.61539 ], [ -91.36983, 43.70947 ], [ -91.4397, 43.7588 ], [ -91.36084, 43.82707 ], [ -91.39046, 43.9223 ], [ -91.46235, 43.94809 ], [ -91.45882, 43.99513 ], [ -91.6432, 44.00066 ], [ -91.6398, 44.04771 ], [ -91.78581, 44.07549 ], [ -91.77922, 44.16959 ], [ -91.6364, 44.09475 ], [ -91.45173, 44.08922 ], [ -91.45528, 44.04218 ], [ -91.41838, 44.04104 ], [ -91.34095, 44.08579 ], [ -91.27447, 43.98938 ], [ -91.2376, 43.9882 ], [ -91.23946, 43.96469 ], [ -91.16576, 43.9623 ], [ -91.16952, 43.91527 ], [ -91.05907, 43.91163 ], [ -91.02805, 43.83985 ], [ -91.10729, 43.77175 ], [ -91.11298, 43.7012 ], [ -91.04153, 43.67524 ], [ -91.05493, 43.51063 ], [ -90.98566, 43.46113 ], [ -90.87604, 43.45735 ], [ -90.83153, 43.55013 ], [ -91.01258, 43.57994 ], [ -90.99128, 43.83861 ], [ -90.73394, 43.82968 ], [ -90.69306, 43.87539 ], [ -90.67444, 44.08699 ], [ -90.74827, 44.08962 ], [ -90.79331, 43.99687 ], [ -90.97763, 44.00322 ], [ -90.82211, 44.09221 ], [ -90.81402, 44.18626 ], [ -90.84496, 44.25809 ], [ -90.76478, 44.32605 ], [ -90.75658, 44.4201 ], [ -90.7937, 44.4214 ], [ -90.78757, 44.49195 ], [ -91.08494, 44.502 ], [ -91.06557, 44.7372 ], [ -91.14022, 44.73963 ], [ -91.17374, 44.78787 ], [ -91.15655, 44.99957 ], [ -91.26902, 45.00314 ], [ -91.30094, 45.07489 ], [ -91.37235, 45.12426 ], [ -91.6354, 45.13207 ], [ -91.66782, 45.20375 ], [ -91.74646, 45.15882 ], [ -91.93449, 45.16398 ], [ -91.93126, 45.21105 ] ], [ [ -91.91601, 44.3384 ], [ -91.9224, 44.24429 ], [ -91.95627, 44.29235 ], [ -91.9902, 44.34041 ], [ -92.02729, 44.3414 ], [ -92.02262, 44.41199 ], [ -91.98863, 44.36394 ], [ -91.95311, 44.33941 ], [ -91.91601, 44.3384 ] ] ], [ [ [ -93.55197, 44.30348 ], [ -93.40361, 44.30098 ], [ -93.28704, 44.4167 ], [ -93.24556, 44.51018 ], [ -93.24014, 44.62788 ], [ -93.27529, 44.67565 ], [ -93.42457, 44.67828 ], [ -93.50021, 44.656 ], [ -93.57769, 44.58659 ], [ -93.6187, 44.49302 ], [ -93.62523, 44.32822 ], [ -93.55197, 44.30348 ] ] ], [ [ [ -93.74094, 45.20169 ], [ -93.77948, 45.1787 ], [ -93.78914, 44.91967 ], [ -93.63549, 45.01159 ], [ -93.55946, 45.03394 ], [ -93.55364, 45.17522 ], [ -93.62798, 45.19997 ], [ -93.74094, 45.20169 ] ] ] ] } },
{ "type": "Feature", "properties": { "ID": 6 }, "geometry": { "type": "MultiPolygon", "coordinates": [ [ [ [ -93.17394, 45.23931 ], [ -93.28697, 45.24138 ], [ -93.28481, 45.28847 ], [ -93.39793, 45.29045 ], [ -93.47536, 45.24463 ], [ -93.54682, 45.34006 ], [ -93.6242, 45.29416 ], [ -93.62798, 45.19997 ], [ -93.55364, 45.17522 ], [ -93.55946, 45.03394 ], [ -93.63549, 45.01159 ], [ -93.78914, 44.91967 ], [ -93.77948, 45.1787 ], [ -93.74094, 45.20169 ], [ -93.70146, 45.24823 ], [ -93.96527, 45.252 ], [ -94.00137, 45.2996 ], [ -94.15226, 45.30151 ], [ -94.1552, 45.2073 ], [ -94.30586, 45.20906 ], [ -94.3072, 45.16196 ], [ -94.45775, 45.16356 ], [ -94.45652, 45.21067 ], [ -94.49539, 45.16394 ], [ -94.72122, 45.16602 ], [ -94.72325, 45.07181 ], [ -94.98633, 45.0738 ], [ -94.91159, 45.04972 ], [ -94.9146, 44.88486 ], [ -95.10157, 44.90964 ], [ -95.17588, 44.95717 ], [ -95.21464, 44.86316 ], [ -95.4019, 44.86402 ], [ -95.40142, 44.91113 ], [ -95.6638, 44.91194 ], [ -95.73856, 44.9592 ], [ -95.77652, 44.84149 ], [ -95.88884, 44.84162 ], [ -95.96374, 44.79455 ], [ -95.96377, 44.74744 ], [ -95.88914, 44.67675 ], [ -95.70246, 44.6765 ], [ -95.70293, 44.5823 ], [ -95.77766, 44.53533 ], [ -95.81513, 44.46473 ], [ -95.77827, 44.37048 ], [ -95.77905, 44.15854 ], [ -95.63142, 44.0876 ], [ -95.55661, 44.20514 ], [ -95.55627, 44.25223 ], [ -95.33383, 44.25141 ], [ -95.33305, 44.32205 ], [ -95.25824, 44.3688 ], [ -95.11002, 44.34444 ], [ -95.11141, 44.25025 ], [ -95.22262, 44.25087 ], [ -95.22323, 44.20377 ], [ -95.1121, 44.20315 ], [ -95.03877, 44.1556 ], [ -95.0399, 44.08496 ], [ -94.92899, 44.0842 ], [ -94.81993, 43.98917 ], [ -95.26286, 43.99203 ], [ -95.26315, 43.96848 ], [ -95.74284, 43.97009 ], [ -95.77982, 43.9466 ], [ -95.78042, 43.78177 ], [ -95.81728, 43.75827 ], [ -95.96435, 43.78192 ], [ -96.00114, 43.87612 ], [ -96.07488, 43.9232 ], [ -96.25924, 43.92299 ], [ -96.25904, 43.87589 ], [ -96.44325, 43.87546 ], [ -96.4429, 43.82836 ], [ -96.59016, 43.82785 ], [ -96.5897, 43.78075 ], [ -96.81008, 43.75616 ], [ -96.88294, 43.70865 ], [ -96.91825, 43.61424 ], [ -96.99239, 43.66086 ], [ -97.06581, 43.66035 ], [ -97.0687, 43.82517 ], [ -97.14321, 43.87171 ], [ -97.21688, 43.87113 ], [ -97.18188, 43.96561 ], [ -97.07162, 43.99 ], [ -97.11025, 44.08391 ], [ -97.18511, 44.13044 ], [ -97.33309, 44.12918 ], [ -97.41093, 44.29333 ], [ -97.48396, 44.24552 ], [ -97.44407, 44.12815 ], [ -97.59204, 44.12664 ], [ -97.58955, 44.03246 ], [ -97.5151, 44.00969 ], [ -97.51156, 43.86842 ], [ -97.47359, 43.8217 ], [ -97.36264, 43.79921 ], [ -97.24887, 43.63536 ], [ -97.21123, 43.58857 ], [ -97.10124, 43.58944 ], [ -97.02711, 43.54287 ], [ -97.02631, 43.49578 ], [ -96.87987, 43.49673 ], [ -96.84456, 43.59113 ], [ -96.73484, 43.61526 ], [ -96.5512, 43.59251 ], [ -96.55035, 43.49832 ], [ -96.44, 43.42805 ], [ -96.29371, 43.42841 ], [ -96.11089, 43.45221 ], [ -96.07422, 43.38159 ], [ -96.00113, 43.38161 ], [ -95.96464, 43.28741 ], [ -95.89174, 43.24028 ], [ -95.70956, 43.21648 ], [ -95.70978, 43.16938 ], [ -95.34561, 43.16821 ], [ -95.3451, 43.21531 ], [ -95.12644, 43.21417 ], [ -95.12711, 43.16707 ], [ -95.01787, 43.16638 ], [ -94.98223, 43.11904 ], [ -94.80031, 43.11766 ], [ -94.79939, 43.16475 ], [ -94.54451, 43.16245 ], [ -94.50982, 43.09144 ], [ -94.32799, 43.08948 ], [ -94.32927, 43.04238 ], [ -94.18392, 43.04065 ], [ -94.14901, 42.99311 ], [ -93.93118, 42.99018 ], [ -93.82311, 42.96506 ], [ -93.75225, 42.91687 ], [ -93.75397, 42.86978 ], [ -93.50037, 42.86566 ], [ -93.49846, 42.91274 ], [ -93.42398, 42.95856 ], [ -93.34736, 43.05143 ], [ -93.23837, 43.04941 ], [ -93.23306, 43.16711 ], [ -93.01467, 43.16282 ], [ -93.01696, 43.11575 ], [ -92.83635, 43.08839 ], [ -92.40022, 43.07832 ], [ -92.40298, 43.03125 ], [ -92.33177, 43.00591 ], [ -92.11402, 43.00029 ], [ -92.11104, 43.04735 ], [ -92.07473, 43.04638 ], [ -92.07172, 43.09343 ], [ -92.1444, 43.09537 ], [ -92.36109, 43.12448 ], [ -92.43108, 43.17334 ], [ -92.49715, 43.29276 ], [ -92.57008, 43.29448 ], [ -92.56612, 43.36508 ], [ -92.63655, 43.41383 ], [ -92.73989, 43.53397 ], [ -92.84974, 43.53636 ], [ -92.91702, 43.65558 ], [ -92.91223, 43.74972 ], [ -92.94424, 43.84463 ], [ -93.01785, 43.84613 ], [ -93.01437, 43.91674 ], [ -93.12157, 43.98953 ], [ -93.11257, 44.17783 ], [ -93.1855, 44.20279 ], [ -93.17778, 44.36756 ], [ -92.99215, 44.36394 ], [ -92.91307, 44.45657 ], [ -92.83623, 44.5021 ], [ -92.79399, 44.59545 ], [ -92.6809, 44.61656 ], [ -92.713, 44.71153 ], [ -92.70391, 44.87629 ], [ -92.62904, 44.87464 ], [ -92.61701, 45.08649 ], [ -92.72583, 45.15959 ], [ -92.83868, 45.16199 ], [ -92.84119, 45.1149 ], [ -92.95397, 45.11721 ], [ -92.98917, 45.16505 ], [ -92.98439, 45.25923 ], [ -93.09744, 45.26144 ], [ -93.09975, 45.21435 ], [ -93.17394, 45.23931 ] ], [ [ -95.62882, 44.51148 ], [ -95.5919, 44.46428 ], [ -95.51712, 44.51116 ], [ -95.44265, 44.5109 ], [ -95.36868, 44.46351 ], [ -95.36918, 44.41641 ], [ -95.6294, 44.41728 ], [ -95.62882, 44.51148 ] ], [ [ -93.59471, 44.16284 ], [ -93.4837, 44.161 ], [ -93.48566, 44.11392 ], [ -93.63357, 44.11635 ], [ -93.59471, 44.16284 ] ], [ [ -94.03038, 44.42833 ], [ -93.9932, 44.42784 ], [ -93.99791, 44.28657 ], [ -94.07209, 44.28755 ], [ -94.06906, 44.38173 ], [ -94.03038, 44.42833 ] ], [ [ -93.55197, 44.30348 ], [ -93.59095, 44.257 ], [ -93.66417, 44.28172 ], [ -93.88666, 44.28504 ], [ -93.88169, 44.4263 ], [ -93.84452, 44.42577 ], [ -93.83773, 44.61412 ], [ -93.76316, 44.61303 ], [ -93.72408, 44.65956 ], [ -93.61214, 44.65782 ], [ -93.57769, 44.58659 ], [ -93.50021, 44.656 ], [ -93.42457, 44.67828 ], [ -93.27529, 44.67565 ], [ -93.24014, 44.62788 ], [ -93.24556, 44.51018 ], [ -93.28704, 44.4167 ], [ -93.40361, 44.30098 ], [ -93.55197, 44.30348 ] ], [ [ -93.72408, 44.65956 ], [ -93.83603, 44.66121 ], [ -93.83432, 44.7083 ], [ -93.72229, 44.70665 ], [ -93.72408, 44.65956 ] ], [ [ -93.29557, 45.05301 ], [ -93.22266, 45.00456 ], [ -93.07256, 45.00173 ], [ -93.07719, 44.90756 ], [ -93.22815, 44.88684 ], [ -93.30198, 44.91175 ], [ -93.29557, 45.05301 ] ] ], [ [ [ -96.22543, 44.74728 ], [ -96.22588, 44.86504 ], [ -96.15109, 44.91224 ], [ -96.37599, 44.91185 ], [ -96.33811, 44.84128 ], [ -96.33718, 44.67642 ], [ -96.1505, 44.67672 ], [ -96.15067, 44.74737 ], [ -96.22543, 44.74728 ] ] ], [ [ [ -94.98633, 45.0738 ], [ -94.98472, 45.16801 ], [ -94.94624, 45.21486 ], [ -94.79555, 45.21374 ], [ -94.79411, 45.28441 ], [ -94.64379, 45.25958 ], [ -94.64217, 45.33024 ], [ -94.52894, 45.32919 ], [ -94.48999, 45.37593 ], [ -94.3389, 45.37435 ], [ -94.33159, 45.63347 ], [ -94.40746, 45.63428 ], [ -94.40555, 45.70496 ], [ -94.48152, 45.70573 ], [ -94.55517, 45.80071 ], [ -94.70736, 45.80207 ], [ -94.78444, 45.75557 ], [ -94.86048, 45.75616 ], [ -94.67622, 45.49547 ], [ -94.67781, 45.4248 ], [ -94.75342, 45.42544 ], [ -94.79315, 45.33152 ], [ -95.13288, 45.33384 ], [ -95.13426, 45.23961 ], [ -95.09765, 45.16873 ], [ -95.09908, 45.07451 ], [ -94.98633, 45.0738 ] ] ], [ [ [ -91.27447, 43.98938 ], [ -91.34095, 44.08579 ], [ -91.41838, 44.04104 ], [ -91.38148, 44.0399 ], [ -91.38507, 43.99286 ], [ -91.27447, 43.98938 ] ] ], [ [ [ -91.9902, 44.34041 ], [ -91.95627, 44.29235 ], [ -91.95311, 44.33941 ], [ -91.9902, 44.34041 ] ] ], [ [ [ -92.02574, 44.36493 ], [ -92.02729, 44.3414 ], [ -91.9902, 44.34041 ], [ -91.98863, 44.36394 ], [ -92.02574, 44.36493 ] ] ] ] } },
{ "type": "Feature", "properties": { "ID": 7 }, "geometry": { "type": "MultiPolygon", "coordinates": [ [ [ [ -85.24833, 43.50803 ], [ -85.25661, 43.46124 ], [ -85.07487, 43.44781 ], [ -84.9531, 43.50981 ], [ -84.97673, 43.58271 ], [ -84.92321, 43.67353 ], [ -84.9919, 43.70239 ], [ -85.01314, 43.58544 ], [ -85.05801, 43.54138 ], [ -85.20363, 43.55215 ], [ -85.24833, 43.50803 ] ] ], [ [ [ -81.66103, 43.36689 ], [ -81.62491, 43.36334 ], [ -81.50275, 43.25595 ], [ -81.51939, 43.18612 ], [ -81.45296, 43.15567 ], [ -81.46964, 43.08585 ], [ -81.36742, 43.05175 ], [ -81.152, 43.02987 ], [ -81.07852, 42.87926 ], [ -80.93536, 42.86442 ], [ -80.92388, 42.91093 ], [ -80.8465, 42.92671 ], [ -80.70329, 42.91164 ], [ -80.45309, 43.02819 ], [ -80.40535, 43.07081 ], [ -80.38149, 43.16373 ], [ -80.25569, 43.22178 ], [ -80.07601, 43.2022 ], [ -79.94369, 43.2832 ], [ -79.88304, 43.37207 ], [ -79.80851, 43.65055 ], [ -79.95324, 43.66649 ], [ -79.97794, 43.57364 ], [ -80.00872, 43.45758 ], [ -80.22523, 43.48114 ], [ -80.20094, 43.57403 ], [ -80.27325, 43.58182 ], [ -80.33354, 43.4928 ], [ -80.51416, 43.51206 ], [ -80.56166, 43.32617 ], [ -80.74186, 43.34515 ], [ -80.8198, 43.32944 ], [ -80.87904, 43.24019 ], [ -81.05336, 43.28204 ], [ -81.04189, 43.32855 ], [ -81.21657, 43.3702 ], [ -81.22999, 43.46691 ], [ -81.30795, 43.45093 ], [ -81.28533, 43.544 ], [ -81.39642, 43.69811 ], [ -81.46903, 43.70531 ], [ -81.49703, 43.58895 ], [ -81.55553, 43.49944 ], [ -81.62792, 43.50657 ], [ -81.66103, 43.36689 ] ] ], [ [ [ -84.91464, 43.7203 ], [ -84.75128, 43.80277 ], [ -84.64168, 43.79437 ], [ -84.61965, 43.91126 ], [ -84.76607, 43.92247 ], [ -84.78348, 43.82894 ], [ -84.91464, 43.7203 ] ] ], [ [ [ -84.49559, 43.78304 ], [ -84.50004, 43.75966 ], [ -84.28109, 43.7424 ], [ -84.34504, 43.79493 ], [ -84.33149, 43.86504 ], [ -84.40461, 43.87081 ], [ -84.41808, 43.80069 ], [ -84.49559, 43.78304 ] ] ], [ [ [ -82.62744, 43.50609 ], [ -82.68458, 43.58264 ], [ -82.64855, 43.74585 ], [ -82.71108, 43.79908 ], [ -82.69564, 43.86903 ], [ -82.80509, 43.87887 ], [ -82.8628, 43.95535 ], [ -83.04554, 43.97151 ], [ -83.12366, 43.95457 ], [ -83.14361, 43.86125 ], [ -83.07563, 43.83153 ], [ -83.13044, 43.5749 ], [ -82.95892, 43.5122 ], [ -82.70508, 43.48938 ], [ -82.62744, 43.50609 ] ] ], [ [ [ -86.17821, 44.59119 ], [ -86.14886, 44.5419 ], [ -86.20513, 44.42722 ], [ -86.13889, 44.3755 ], [ -86.04553, 44.48769 ], [ -86.02207, 44.62821 ], [ -86.12951, 44.65902 ], [ -86.14113, 44.58875 ], [ -86.17821, 44.59119 ] ] ], [ [ [ -78.88571, 43.8805 ], [ -78.8362, 43.9226 ], [ -78.68447, 43.92872 ], [ -78.50322, 43.90722 ], [ -78.41037, 43.968 ], [ -78.30159, 43.95492 ], [ -78.25161, 43.99682 ], [ -78.31732, 44.02871 ], [ -78.40356, 43.99114 ], [ -78.58501, 44.01276 ], [ -78.70065, 44.00247 ], [ -78.71404, 43.95615 ], [ -78.89551, 43.97739 ], [ -79.04734, 43.97105 ], [ -79.10328, 43.90571 ], [ -79.24194, 43.94552 ], [ -79.42356, 43.96612 ], [ -79.48548, 43.87744 ], [ -79.37021, 43.88835 ], [ -79.19535, 43.84451 ], [ -79.0504, 43.82783 ], [ -79.0373, 43.87417 ], [ -78.92856, 43.86156 ], [ -78.91535, 43.90789 ], [ -78.88571, 43.8805 ] ] ], [ [ [ -76.29024, 42.63873 ], [ -76.30513, 42.59264 ], [ -76.16396, 42.57314 ], [ -76.14897, 42.61922 ], [ -76.29024, 42.63873 ] ] ], [ [ [ -75.51868, 42.62677 ], [ -75.46791, 42.66772 ], [ -75.43681, 42.75972 ], [ -75.57043, 42.80294 ], [ -75.54718, 42.87195 ], [ -75.63345, 42.836 ], [ -75.57817, 42.77993 ], [ -75.56604, 42.70587 ], [ -75.58149, 42.65986 ], [ -75.54621, 42.65482 ], [ -75.55394, 42.63181 ], [ -75.51868, 42.62677 ] ] ], [ [ [ -74.38776, 42.58087 ], [ -74.28474, 42.66196 ], [ -74.24957, 42.65661 ], [ -74.19192, 42.81714 ], [ -74.21068, 42.86837 ], [ -74.29771, 42.83321 ], [ -74.27889, 42.78199 ], [ -74.40101, 42.75211 ], [ -74.41733, 42.70623 ], [ -74.38776, 42.58087 ] ] ], [ [ [ -74.09655, 42.87516 ], [ -74.00934, 42.91019 ], [ -73.9592, 43.0477 ], [ -73.90705, 43.0881 ], [ -73.83629, 43.0772 ], [ -73.78403, 43.11755 ], [ -73.73322, 43.25498 ], [ -73.76021, 43.28336 ], [ -73.81263, 43.24301 ], [ -73.91725, 43.16227 ], [ -73.95082, 43.07062 ], [ -74.0383, 43.03561 ], [ -74.20693, 43.08547 ], [ -74.35686, 43.08393 ], [ -74.37331, 43.03805 ], [ -74.47953, 43.05399 ], [ -74.57482, 42.99572 ], [ -74.65669, 43.08039 ], [ -74.8066, 43.07838 ], [ -74.97596, 43.12735 ], [ -74.98746, 43.20145 ], [ -75.10579, 43.29103 ], [ -75.18497, 43.27833 ], [ -75.29181, 43.29367 ], [ -75.27598, 43.33965 ], [ -75.31954, 43.32176 ], [ -75.46216, 43.34208 ], [ -75.47785, 43.29608 ], [ -75.40658, 43.28595 ], [ -75.26017, 43.16852 ], [ -75.16149, 43.13016 ], [ -75.18527, 43.06121 ], [ -75.45724, 43.02791 ], [ -75.63474, 43.05312 ], [ -75.78453, 43.05012 ], [ -75.94957, 43.00091 ], [ -75.97242, 42.93183 ], [ -75.95218, 42.88084 ], [ -75.84589, 42.86597 ], [ -75.73662, 42.97109 ], [ -75.52388, 42.94096 ], [ -75.54718, 42.87195 ], [ -75.36242, 42.86963 ], [ -75.33107, 42.96161 ], [ -75.22478, 42.94629 ], [ -75.16564, 43.01011 ], [ -75.03185, 42.96653 ], [ -74.99644, 42.96136 ], [ -74.92564, 42.95099 ], [ -74.87421, 42.99173 ], [ -74.79215, 42.90719 ], [ -74.63973, 42.8121 ], [ -74.53388, 42.79627 ], [ -74.47963, 42.73979 ], [ -74.42808, 42.78037 ], [ -74.39538, 42.87214 ], [ -74.466, 42.88277 ], [ -74.44148, 42.9516 ], [ -74.35436, 42.98685 ], [ -74.10694, 42.94932 ], [ -74.09655, 42.87516 ] ], [ [ -74.57482, 42.99572 ], [ -74.52036, 42.93926 ], [ -74.54478, 42.87041 ], [ -74.6861, 42.89148 ], [ -74.71337, 42.91969 ], [ -74.68102, 43.01152 ], [ -74.57482, 42.99572 ] ] ], [ [ [ -75.50567, 43.32414 ], [ -75.56919, 43.35723 ], [ -75.71198, 43.3773 ], [ -75.8114, 43.41528 ], [ -75.79594, 43.46132 ], [ -75.93135, 43.50419 ], [ -75.94408, 43.57821 ], [ -76.04398, 43.61603 ], [ -76.05688, 43.69003 ], [ -75.95667, 43.98938 ], [ -76.02886, 43.99924 ], [ -76.11645, 43.96301 ], [ -76.16244, 43.82481 ], [ -76.22894, 43.73755 ], [ -76.16466, 43.70475 ], [ -76.14626, 43.53372 ], [ -76.18427, 43.41855 ], [ -76.11274, 43.40876 ], [ -76.0565, 43.35288 ], [ -75.88565, 43.30516 ], [ -75.70732, 43.28026 ], [ -75.69957, 43.30327 ], [ -75.52132, 43.27814 ], [ -75.50567, 43.32414 ] ] ], [ [ [ -77.1152, 43.90287 ], [ -77.07176, 43.92129 ], [ -77.03513, 44.03668 ], [ -77.18727, 44.03224 ], [ -77.29594, 44.04613 ], [ -77.28144, 44.09231 ], [ -77.33217, 44.05074 ], [ -77.39745, 44.08304 ], [ -77.48433, 44.046 ], [ -77.51297, 43.9536 ], [ -77.43342, 43.96755 ], [ -77.41905, 44.01375 ], [ -77.23802, 43.99071 ], [ -77.1152, 43.90287 ] ] ], [ [ [ -73.4518, 44.20464 ], [ -73.39731, 44.14776 ], [ -73.41581, 44.19909 ], [ -73.4518, 44.20464 ] ] ], [ [ [ -73.12195, 43.08634 ], [ -73.25386, 43.03457 ], [ -73.20193, 43.17181 ], [ -73.26403, 43.20588 ], [ -73.15847, 43.28616 ], [ -73.18521, 43.31464 ], [ -73.15036, 43.40612 ], [ -73.25689, 43.42294 ], [ -73.34527, 43.38836 ], [ -73.37119, 43.31972 ], [ -73.40667, 43.32528 ], [ -73.42389, 43.27951 ], [ -73.46685, 43.16509 ], [ -73.45719, 43.09088 ], [ -73.49141, 42.99933 ], [ -73.35885, 42.95422 ], [ -73.48064, 42.82802 ], [ -73.35702, 42.76002 ], [ -73.2344, 42.78902 ], [ -73.14741, 42.92064 ], [ -73.15666, 42.99487 ], [ -73.10403, 43.03498 ], [ -73.12195, 43.08634 ] ] ], [ [ [ -73.12195, 43.08634 ], [ -73.03388, 43.12079 ], [ -72.99891, 43.21224 ], [ -73.07841, 43.20067 ], [ -73.12195, 43.08634 ] ] ], [ [ [ -72.22866, 43.35417 ], [ -72.28135, 43.41147 ], [ -72.35221, 43.42311 ], [ -72.31605, 43.51439 ], [ -72.378, 43.54884 ], [ -72.40449, 43.57746 ], [ -72.39606, 43.50319 ], [ -72.4321, 43.4119 ], [ -72.42366, 43.33763 ], [ -72.50343, 43.32638 ], [ -72.45956, 43.24633 ], [ -72.50429, 43.13219 ], [ -72.44269, 43.09779 ], [ -72.49625, 42.96083 ], [ -72.46106, 42.95504 ], [ -72.30848, 43.34302 ], [ -72.22866, 43.35417 ] ] ], [ [ [ -73.54128, 43.46743 ], [ -73.47014, 43.45636 ], [ -73.40003, 43.54234 ], [ -73.47125, 43.55345 ], [ -73.54128, 43.46743 ] ] ], [ [ [ -73.15155, 43.6003 ], [ -73.12526, 43.6689 ], [ -73.18783, 43.703 ], [ -73.21406, 43.63439 ], [ -73.15155, 43.6003 ] ] ], [ [ [ -73.4107, 43.71364 ], [ -73.40202, 43.73652 ], [ -73.4388, 43.83917 ], [ -73.47459, 43.84471 ], [ -73.51784, 43.73028 ], [ -73.44641, 43.71919 ], [ -73.4107, 43.71364 ] ] ], [ [ [ -73.13517, 43.84021 ], [ -73.1703, 43.74874 ], [ -73.06322, 43.73186 ], [ -73.02794, 43.8233 ], [ -73.13517, 43.84021 ] ] ] ] } },
{ "type": "Feature", "properties": { "ID": 8 }, "geometry": { "type": "MultiPolygon", "coordinates": [ [ [ [ -88.11659, 42.9571 ], [ -88.18893, 42.96099 ], [ -88.23698, 42.86904 ], [ -88.12863, 42.86322 ], [ -88.11659, 42.9571 ] ] ], [ [ [ -87.66809, 44.11413 ], [ -87.77864, 44.12029 ], [ -87.78504, 44.07337 ], [ -87.93236, 44.08145 ], [ -87.9998, 44.13236 ], [ -88.02735, 44.20474 ], [ -88.10118, 44.20868 ], [ -88.07953, 44.37295 ], [ -88.04252, 44.37098 ], [ -88.03628, 44.41791 ], [ -88.11038, 44.42185 ], [ -88.19671, 44.33186 ], [ -88.17502, 44.21258 ], [ -88.20241, 44.00136 ], [ -88.27601, 44.00521 ], [ -88.28801, 43.91133 ], [ -88.37039, 43.84473 ], [ -88.38811, 43.70389 ], [ -88.43059, 43.65883 ], [ -88.46719, 43.66071 ], [ -88.47301, 43.61376 ], [ -88.50958, 43.61562 ], [ -88.51247, 43.59215 ], [ -88.54903, 43.594 ], [ -88.55479, 43.54705 ], [ -88.48173, 43.54334 ], [ -88.50776, 43.33207 ], [ -88.44078, 43.28138 ], [ -88.45529, 43.16401 ], [ -88.4248, 43.11519 ], [ -88.38853, 43.1133 ], [ -88.39145, 43.08983 ], [ -88.13773, 43.07639 ], [ -88.05308, 43.16634 ], [ -88.04698, 43.21327 ], [ -88.01066, 43.21129 ], [ -87.92564, 43.30117 ], [ -87.87991, 43.36955 ], [ -87.86111, 43.51032 ], [ -87.82463, 43.50829 ], [ -87.7866, 43.78981 ], [ -87.74995, 43.78777 ], [ -87.73072, 43.92852 ], [ -87.75143, 44.04787 ], [ -87.71463, 44.04582 ], [ -87.66809, 44.11413 ] ] ], [ [ [ -87.9559, 44.46087 ], [ -87.91883, 44.45887 ], [ -87.94643, 44.53127 ], [ -87.9559, 44.46087 ] ] ], [ [ [ -77.18727, 44.03224 ], [ -77.12184, 44.11993 ], [ -77.23064, 44.13387 ], [ -77.28144, 44.09231 ], [ -77.29594, 44.04613 ], [ -77.18727, 44.03224 ] ] ], [ [ [ -73.13691, 44.13149 ], [ -73.18231, 44.21133 ], [ -73.14693, 44.30281 ], [ -73.1564, 44.37703 ], [ -73.10256, 44.41714 ], [ -73.20202, 44.45687 ], [ -73.29907, 44.20525 ], [ -73.39731, 44.14776 ], [ -73.45943, 44.08466 ], [ -73.51274, 44.04443 ], [ -73.45833, 43.98757 ], [ -73.47459, 43.84471 ], [ -73.4388, 43.83917 ], [ -73.40202, 43.73652 ], [ -73.43669, 43.64499 ], [ -73.35576, 43.55966 ], [ -73.43354, 43.35372 ], [ -73.39804, 43.34816 ], [ -73.40667, 43.32528 ], [ -73.37119, 43.31972 ], [ -73.34527, 43.38836 ], [ -73.25689, 43.42294 ], [ -73.18586, 43.41173 ], [ -73.15095, 43.50321 ], [ -73.15155, 43.6003 ], [ -73.21406, 43.63439 ], [ -73.18783, 43.703 ], [ -73.1703, 43.74874 ], [ -73.13517, 43.84021 ], [ -73.09942, 43.83458 ], [ -73.10046, 44.02876 ], [ -73.06506, 44.12022 ], [ -73.13691, 44.13149 ] ] ], [ [ [ -73.36229, 44.23929 ], [ -73.38079, 44.29062 ], [ -73.43433, 44.25041 ], [ -73.36229, 44.23929 ] ] ] ] } },
{ "type": "Feature", "properties": { "ID": 9 }, "geometry": { "type": "MultiPolygon", "coordinates": [ [ [ [ -79.31433, 38.97361 ], [ -79.30836, 38.99687 ], [ -79.27844, 39.11316 ], [ -79.37935, 39.12555 ], [ -79.40315, 39.03251 ], [ -79.36956, 39.02839 ], [ -79.3874, 38.95861 ], [ -79.31433, 38.97361 ] ] ], [ [ [ -76.74591, 41.54616 ], [ -76.7592, 41.62015 ], [ -76.8288, 41.62964 ], [ -76.82255, 41.53257 ], [ -76.74591, 41.54616 ] ] ], [ [ [ -77.21893, 41.65808 ], [ -77.08663, 41.61637 ], [ -77.07254, 41.66256 ], [ -77.21893, 41.65808 ] ] ], [ [ [ -76.82792, 41.74978 ], [ -76.96033, 41.79173 ], [ -76.99579, 41.67629 ], [ -76.97513, 41.62541 ], [ -76.90552, 41.616 ], [ -76.87705, 41.70834 ], [ -76.82792, 41.74978 ] ] ], [ [ [ -78.11839, 41.67879 ], [ -78.02035, 41.64235 ], [ -77.81106, 41.61555 ], [ -77.71329, 41.5789 ], [ -77.56026, 41.607 ], [ -77.53276, 41.69948 ], [ -77.63746, 41.71312 ], [ -77.62375, 41.75936 ], [ -77.44915, 41.73656 ], [ -77.38648, 41.82442 ], [ -77.40755, 41.87523 ], [ -77.55441, 41.87041 ], [ -77.44343, 42.24018 ], [ -77.61944, 42.26298 ], [ -77.71134, 42.3228 ], [ -77.81713, 42.33631 ], [ -77.96375, 42.21096 ], [ -78.00434, 42.07217 ], [ -78.03948, 42.07661 ], [ -78.14, 41.72949 ], [ -78.11839, 41.67879 ] ] ], [ [ [ -77.62073, 42.50319 ], [ -77.64153, 42.43385 ], [ -77.52818, 42.32322 ], [ -77.48635, 42.46187 ], [ -77.62073, 42.50319 ] ] ], [ [ [ -77.28159, 42.53129 ], [ -77.423, 42.5497 ], [ -77.43703, 42.5035 ], [ -77.33104, 42.48971 ], [ -77.28159, 42.53129 ] ] ], [ [ [ -75.37548, 41.30324 ], [ -75.40237, 41.33134 ], [ -75.52114, 41.3005 ], [ -75.55894, 41.18539 ], [ -75.45559, 41.17022 ], [ -75.40192, 41.11403 ], [ -75.35228, 41.15498 ], [ -75.31412, 41.27004 ], [ -75.37548, 41.30324 ] ] ], [ [ [ -76.15073, 41.36702 ], [ -76.15593, 41.46413 ], [ -76.22526, 41.47391 ], [ -76.23793, 41.54795 ], [ -76.41322, 41.45207 ], [ -76.435, 41.38288 ], [ -76.38028, 41.32707 ], [ -76.38754, 41.304 ], [ -76.24923, 41.28457 ], [ -76.16543, 41.32091 ], [ -76.15073, 41.36702 ] ] ], [ [ [ -75.39197, 41.90898 ], [ -75.39604, 42.00608 ], [ -75.4812, 41.9702 ], [ -75.58153, 41.88825 ], [ -75.5924, 41.74511 ], [ -75.52287, 41.73503 ], [ -75.54573, 41.66598 ], [ -75.41454, 41.62272 ], [ -75.31457, 41.9218 ], [ -75.39197, 41.90898 ] ] ], [ [ [ -74.05348, 42.06998 ], [ -74.0206, 42.16169 ], [ -74.15194, 42.20621 ], [ -74.50131, 42.2596 ], [ -74.5982, 42.29841 ], [ -74.60909, 42.37255 ], [ -74.7333, 42.43949 ], [ -74.83859, 42.45517 ], [ -75.03707, 42.62935 ], [ -75.14276, 42.64481 ], [ -75.2328, 42.70617 ], [ -75.28376, 42.6653 ], [ -75.32284, 42.55033 ], [ -75.29151, 42.42516 ], [ -75.22127, 42.41493 ], [ -75.15478, 42.50176 ], [ -74.97114, 42.49894 ], [ -75.00279, 42.40703 ], [ -75.07299, 42.41736 ], [ -75.13951, 42.33057 ], [ -75.20964, 42.34084 ], [ -75.29537, 42.30508 ], [ -75.35371, 42.24118 ], [ -75.43922, 42.20534 ], [ -75.46234, 42.13632 ], [ -75.32248, 42.116 ], [ -75.31078, 42.0419 ], [ -75.24097, 42.03168 ], [ -75.15189, 41.97031 ], [ -75.18301, 41.87834 ], [ -74.80044, 41.82137 ], [ -74.65354, 41.82337 ], [ -74.59488, 41.88699 ], [ -74.45586, 41.86583 ], [ -74.32742, 41.91871 ], [ -74.2869, 42.03343 ], [ -74.22767, 42.0969 ], [ -74.05348, 42.06998 ] ] ], [ [ [ -75.63345, 42.836 ], [ -75.78272, 42.833 ], [ -75.84589, 42.86597 ], [ -75.88131, 42.87094 ], [ -75.88894, 42.84791 ], [ -75.85353, 42.84295 ], [ -75.8688, 42.79691 ], [ -75.94718, 42.78379 ], [ -76.00023, 42.62259 ], [ -75.8162, 42.62085 ], [ -75.81144, 42.52379 ], [ -75.63539, 42.49879 ], [ -75.60462, 42.59083 ], [ -75.56604, 42.70587 ], [ -75.57817, 42.77993 ], [ -75.63345, 42.836 ] ] ], [ [ [ -75.48342, 42.62172 ], [ -75.50665, 42.5527 ], [ -75.39325, 42.56051 ], [ -75.3543, 42.67549 ], [ -75.33085, 42.74448 ], [ -75.43681, 42.75972 ], [ -75.46791, 42.66772 ], [ -75.51868, 42.62677 ], [ -75.48342, 42.62172 ] ] ] ] } },
{ "type": "Feature", "properties": { "ID": 10 }, "geometry": { "type": "MultiPolygon", "coordinates": [ [ [ [ -84.40746, 41.92526 ], [ -84.42985, 41.99829 ], [ -84.57175, 42.00969 ], [ -84.55779, 41.88991 ], [ -84.45156, 41.88136 ], [ -84.40746, 41.92526 ] ] ], [ [ [ -87.8238, 42.42088 ], [ -87.85038, 42.49331 ], [ -87.82245, 42.7045 ], [ -87.77391, 42.79631 ], [ -87.87901, 42.82586 ], [ -87.86659, 42.91972 ], [ -87.94503, 42.87681 ], [ -88.12563, 42.88669 ], [ -88.13764, 42.79281 ], [ -88.1106, 42.72044 ], [ -88.12859, 42.57962 ], [ -88.10165, 42.50725 ], [ -88.02984, 42.50331 ], [ -87.97024, 42.40546 ], [ -87.9672, 42.42893 ], [ -87.8238, 42.42088 ] ] ], [ [ [ -87.97435, 43.20931 ], [ -87.90795, 43.15838 ], [ -87.92564, 43.30117 ], [ -88.01066, 43.21129 ], [ -87.97435, 43.20931 ] ] ], [ [ [ -82.62744, 43.50609 ], [ -82.70508, 43.48938 ], [ -82.95892, 43.5122 ], [ -83.13044, 43.5749 ], [ -83.07563, 43.83153 ], [ -83.14361, 43.86125 ], [ -83.12366, 43.95457 ], [ -83.17017, 43.91109 ], [ -83.24323, 43.91743 ], [ -83.32613, 43.87705 ], [ -83.34575, 43.7837 ], [ -83.39197, 43.74015 ], [ -83.46484, 43.74638 ], [ -83.52059, 43.6561 ], [ -83.59338, 43.66227 ], [ -83.64887, 43.57194 ], [ -83.75793, 43.58108 ], [ -83.82126, 43.63383 ], [ -83.85765, 43.63685 ], [ -83.96221, 43.66919 ], [ -83.93892, 43.78598 ], [ -83.99797, 43.86202 ], [ -84.07105, 43.86794 ], [ -84.08491, 43.79786 ], [ -84.12142, 43.80081 ], [ -84.13061, 43.75408 ], [ -84.24461, 43.73949 ], [ -84.50004, 43.75966 ], [ -84.49559, 43.78304 ], [ -84.75128, 43.80277 ], [ -84.91464, 43.7203 ], [ -84.92321, 43.67353 ], [ -84.97673, 43.58271 ], [ -84.9531, 43.50981 ], [ -85.07487, 43.44781 ], [ -85.25661, 43.46124 ], [ -85.24833, 43.50803 ], [ -85.3616, 43.49258 ], [ -85.3698, 43.44578 ], [ -85.53136, 43.36263 ], [ -85.71296, 43.3755 ], [ -85.70503, 43.42232 ], [ -85.88294, 43.45838 ], [ -85.90766, 43.53113 ], [ -86.06489, 43.47081 ], [ -86.08018, 43.37713 ], [ -86.22557, 43.3869 ], [ -86.30202, 43.3683 ], [ -86.2406, 43.2932 ], [ -86.24809, 43.24636 ], [ -86.13929, 43.23906 ], [ -86.0782, 43.16389 ], [ -85.90103, 43.12806 ], [ -85.84034, 43.0528 ], [ -85.6958, 43.04265 ], [ -85.72407, 43.09202 ], [ -85.54331, 43.07917 ], [ -85.51921, 43.00636 ], [ -85.23051, 42.98528 ], [ -85.15422, 43.00332 ], [ -84.97385, 42.98977 ], [ -84.96541, 43.03655 ], [ -84.88898, 43.05445 ], [ -84.74461, 43.04337 ], [ -84.73599, 43.09013 ], [ -84.55546, 43.07606 ], [ -84.44276, 43.09089 ], [ -84.46924, 42.95064 ], [ -84.51841, 42.88336 ], [ -84.45526, 42.8309 ], [ -84.46405, 42.78414 ], [ -84.40546, 42.70828 ], [ -84.42747, 42.5914 ], [ -84.35585, 42.58564 ], [ -84.33334, 42.51263 ], [ -84.11884, 42.49512 ], [ -84.08762, 42.46881 ], [ -83.94475, 42.45693 ], [ -83.86415, 42.49766 ], [ -83.84573, 42.5911 ], [ -83.66686, 42.57593 ], [ -83.6575, 42.62264 ], [ -83.55014, 42.61342 ], [ -83.46908, 42.65393 ], [ -83.41416, 42.7442 ], [ -83.33765, 42.76129 ], [ -83.08676, 42.73912 ], [ -82.99533, 42.82603 ], [ -82.98541, 42.87269 ], [ -82.83682, 42.88305 ], [ -82.65737, 42.86664 ], [ -82.59072, 42.8367 ], [ -82.49845, 42.92329 ], [ -82.44187, 43.01319 ], [ -82.48281, 43.15975 ], [ -82.5549, 43.16642 ], [ -82.52395, 43.30629 ], [ -82.53424, 43.42618 ], [ -82.63773, 43.45946 ], [ -82.62744, 43.50609 ] ], [ [ -83.7808, 42.9181 ], [ -83.79349, 43.0379 ], [ -83.74808, 43.08158 ], [ -83.57257, 43.04294 ], [ -83.59154, 42.94955 ], [ -83.63696, 42.90592 ], [ -83.7808, 42.9181 ] ], [ [ -83.87275, 43.37693 ], [ -84.01315, 43.41224 ], [ -83.99467, 43.50568 ], [ -83.88571, 43.49671 ], [ -83.87275, 43.37693 ] ] ], [ [ [ -78.73778, 42.83354 ], [ -78.75089, 42.78722 ], [ -78.67971, 42.77868 ], [ -78.66655, 42.825 ], [ -78.73778, 42.83354 ] ] ], [ [ [ -79.84703, 43.36808 ], [ -79.7688, 43.38328 ], [ -79.75634, 43.42969 ], [ -79.6294, 43.4872 ], [ -79.59157, 43.62638 ], [ -79.50659, 43.66464 ], [ -79.43428, 43.65647 ], [ -79.37892, 43.72193 ], [ -79.29368, 43.76006 ], [ -79.22128, 43.75179 ], [ -79.19535, 43.84451 ], [ -79.37021, 43.88835 ], [ -79.48548, 43.87744 ], [ -79.49824, 43.83106 ], [ -79.57077, 43.8392 ], [ -79.58346, 43.79281 ], [ -79.6922, 43.80494 ], [ -79.70479, 43.75854 ], [ -79.74102, 43.76256 ], [ -79.78352, 43.74337 ], [ -79.80851, 43.65055 ], [ -79.88304, 43.37207 ], [ -79.94369, 43.2832 ], [ -80.07601, 43.2022 ], [ -80.25569, 43.22178 ], [ -80.38149, 43.16373 ], [ -80.40535, 43.07081 ], [ -80.45309, 43.02819 ], [ -80.70329, 42.91164 ], [ -80.8465, 42.92671 ], [ -80.92388, 42.91093 ], [ -80.93536, 42.86442 ], [ -81.07852, 42.87926 ], [ -81.152, 43.02987 ], [ -81.36742, 43.05175 ], [ -81.46964, 43.08585 ], [ -81.45296, 43.15567 ], [ -81.51939, 43.18612 ], [ -81.50275, 43.25595 ], [ -81.62491, 43.36334 ], [ -81.66103, 43.36689 ], [ -81.74422, 43.32741 ], [ -81.80212, 43.23779 ], [ -81.88505, 43.19823 ], [ -81.99316, 43.20867 ], [ -82.01459, 43.11549 ], [ -82.09721, 43.07581 ], [ -82.11314, 43.00592 ], [ -82.19028, 42.98947 ], [ -82.33402, 43.00308 ], [ -82.31376, 42.92977 ], [ -82.3346, 42.83655 ], [ -82.30918, 42.78655 ], [ -82.17121, 42.74962 ], [ -82.18172, 42.70302 ], [ -81.97788, 42.63574 ], [ -81.91716, 42.5822 ], [ -81.81553, 42.54841 ], [ -81.79065, 42.49832 ], [ -81.71941, 42.49127 ], [ -81.42059, 42.67579 ], [ -81.24214, 42.65764 ], [ -80.98109, 42.67838 ], [ -80.76711, 42.65593 ], [ -80.45822, 42.57519 ], [ -80.42282, 42.7146 ], [ -80.3515, 42.70688 ], [ -80.29201, 42.79592 ], [ -80.20861, 42.83459 ], [ -80.09543, 42.84605 ], [ -79.8812, 42.8223 ], [ -79.82707, 42.88794 ], [ -79.64228, 42.89104 ], [ -79.62358, 42.96064 ], [ -79.51634, 42.94845 ], [ -79.50377, 42.99484 ], [ -79.34806, 43.02484 ], [ -79.35845, 43.1217 ], [ -79.46597, 43.134 ], [ -79.45965, 43.15719 ], [ -79.48288, 43.20766 ], [ -79.70454, 43.2088 ], [ -79.73422, 43.23602 ], [ -79.81846, 43.19764 ], [ -79.89028, 43.20562 ], [ -79.90157, 43.30244 ], [ -79.8656, 43.29845 ], [ -79.84703, 43.36808 ] ] ], [ [ [ -76.99011, 42.87741 ], [ -77.12506, 42.91919 ], [ -77.20333, 42.9054 ], [ -77.34557, 42.92388 ], [ -77.4382, 42.98386 ], [ -77.61634, 43.00666 ], [ -77.70157, 42.96949 ], [ -77.76495, 42.88155 ], [ -77.67988, 42.91875 ], [ -77.56612, 42.92825 ], [ -77.29577, 42.84538 ], [ -77.18922, 42.83149 ], [ -77.22485, 42.71604 ], [ -77.08312, 42.69743 ], [ -77.09028, 42.67435 ], [ -77.01947, 42.665 ], [ -76.98348, 42.7804 ], [ -77.01895, 42.78509 ], [ -76.99011, 42.87741 ] ] ], [ [ [ -77.87745, 42.75181 ], [ -77.89236, 42.82565 ], [ -77.81642, 43.07997 ], [ -77.81746, 43.20005 ], [ -77.96057, 43.21793 ], [ -78.02529, 43.24995 ], [ -78.18902, 43.19823 ], [ -78.36806, 43.22011 ], [ -78.50468, 43.26061 ], [ -78.58306, 43.24609 ], [ -78.64547, 43.15776 ], [ -78.78872, 43.17484 ], [ -78.78214, 43.198 ], [ -78.83111, 43.15593 ], [ -78.90275, 43.16439 ], [ -78.92232, 43.09489 ], [ -78.77922, 43.07794 ], [ -78.72746, 42.99994 ], [ -78.62695, 42.96394 ], [ -78.66655, 42.825 ], [ -78.56886, 42.90903 ], [ -78.50659, 42.99733 ], [ -78.42851, 43.01181 ], [ -78.29248, 42.97124 ], [ -78.1142, 42.94927 ], [ -78.09899, 42.87545 ], [ -77.99222, 42.86215 ], [ -77.99906, 42.83902 ], [ -77.97718, 42.78832 ], [ -77.87745, 42.75181 ] ] ], [ [ [ -75.52132, 43.27814 ], [ -75.69957, 43.30327 ], [ -75.70732, 43.28026 ], [ -75.88565, 43.30516 ], [ -76.0565, 43.35288 ], [ -76.11274, 43.40876 ], [ -76.18427, 43.41855 ], [ -76.14626, 43.53372 ], [ -76.19729, 43.49254 ], [ -76.3406, 43.51201 ], [ -76.45564, 43.50346 ], [ -76.62878, 43.43045 ], [ -76.65842, 43.33821 ], [ -76.78779, 43.28328 ], [ -76.81712, 43.19101 ], [ -76.70386, 43.07976 ], [ -76.60443, 43.04238 ], [ -76.65598, 42.88096 ], [ -76.69148, 42.88573 ], [ -76.72077, 42.79347 ], [ -76.64988, 42.78394 ], [ -76.67186, 42.71475 ], [ -76.60107, 42.7052 ], [ -76.57165, 42.79743 ], [ -76.48598, 42.83394 ], [ -76.45632, 42.92615 ], [ -76.40593, 42.96742 ], [ -76.26387, 42.94802 ], [ -76.22086, 42.96619 ], [ -76.18535, 42.96131 ], [ -76.19828, 43.03531 ], [ -76.26939, 43.04506 ], [ -76.23177, 43.16026 ], [ -76.08172, 43.16372 ], [ -76.0969, 43.11766 ], [ -75.99778, 43.07987 ], [ -76.03579, 42.96472 ], [ -75.96481, 42.95486 ], [ -75.94957, 43.00091 ], [ -75.78453, 43.05012 ], [ -75.63474, 43.05312 ], [ -75.45724, 43.02791 ], [ -75.18527, 43.06121 ], [ -75.16149, 43.13016 ], [ -75.26017, 43.16852 ], [ -75.40658, 43.28595 ], [ -75.5135, 43.30114 ], [ -75.52132, 43.27814 ] ] ], [ [ [ -73.83302, 42.37459 ], [ -73.81634, 42.42041 ], [ -73.89642, 42.50551 ], [ -73.92967, 42.41384 ], [ -74.14803, 42.42336 ], [ -74.09446, 42.36673 ], [ -74.08418, 42.29255 ], [ -74.01429, 42.28173 ], [ -73.95454, 42.34508 ], [ -73.88462, 42.33421 ], [ -73.83302, 42.37459 ] ] ], [ [ [ -73.92316, 42.53387 ], [ -73.89818, 42.60262 ], [ -73.98692, 42.66474 ], [ -74.01183, 42.59598 ], [ -73.94161, 42.58513 ], [ -73.92316, 42.53387 ] ] ], [ [ [ -73.39804, 43.34816 ], [ -73.43354, 43.35372 ], [ -73.35576, 43.55966 ], [ -73.43669, 43.64499 ], [ -73.47125, 43.55345 ], [ -73.40003, 43.54234 ], [ -73.47014, 43.45636 ], [ -73.54128, 43.46743 ], [ -73.65658, 43.46107 ], [ -73.70921, 43.42077 ], [ -73.70773, 43.32368 ], [ -73.76021, 43.28336 ], [ -73.73322, 43.25498 ], [ -73.78403, 43.11755 ], [ -73.83629, 43.0772 ], [ -73.90705, 43.0881 ], [ -73.9592, 43.0477 ], [ -74.00934, 42.91019 ], [ -74.09655, 42.87516 ], [ -74.10484, 42.85223 ], [ -74.06958, 42.84683 ], [ -74.10275, 42.75514 ], [ -74.08412, 42.70389 ], [ -73.98692, 42.66474 ], [ -74.01377, 42.69308 ], [ -73.94712, 42.87643 ], [ -73.8766, 42.86556 ], [ -73.81614, 42.92883 ], [ -73.60453, 42.89591 ], [ -73.60322, 42.79882 ], [ -73.63706, 42.70722 ], [ -73.67221, 42.71272 ], [ -73.68064, 42.68982 ], [ -73.64551, 42.68432 ], [ -73.68764, 42.56981 ], [ -73.67781, 42.49561 ], [ -73.60777, 42.4846 ], [ -73.60647, 42.38749 ], [ -73.72368, 42.06681 ], [ -73.66246, 42.03292 ], [ -73.65139, 41.86156 ], [ -73.68465, 41.76992 ], [ -73.65834, 41.74151 ], [ -73.62374, 41.736 ], [ -73.59875, 41.80473 ], [ -73.51275, 41.83948 ], [ -73.45292, 41.90263 ], [ -73.54022, 41.96505 ], [ -73.55819, 42.01638 ], [ -73.5246, 42.10798 ], [ -73.59421, 42.11903 ], [ -73.60388, 42.19325 ], [ -73.53656, 42.37645 ], [ -73.55464, 42.42777 ], [ -73.47843, 42.63381 ], [ -73.48804, 42.70803 ], [ -73.54983, 42.74199 ], [ -73.48064, 42.82802 ], [ -73.35885, 42.95422 ], [ -73.49141, 42.99933 ], [ -73.45719, 43.09088 ], [ -73.46685, 43.16509 ], [ -73.42389, 43.27951 ], [ -73.39804, 43.34816 ] ] ], [ [ [ -74.57482, 42.99572 ], [ -74.68102, 43.01152 ], [ -74.71337, 42.91969 ], [ -74.6861, 42.89148 ], [ -74.54478, 42.87041 ], [ -74.52036, 42.93926 ], [ -74.57482, 42.99572 ] ] ], [ [ [ -74.09655, 42.87516 ], [ -74.10694, 42.94932 ], [ -74.35436, 42.98685 ], [ -74.44148, 42.9516 ], [ -74.466, 42.88277 ], [ -74.39538, 42.87214 ], [ -74.29771, 42.83321 ], [ -74.21068, 42.86837 ], [ -74.09655, 42.87516 ] ] ], [ [ [ -72.54921, 42.92093 ], [ -72.58468, 42.8296 ], [ -72.48825, 42.78945 ], [ -72.54921, 42.92093 ] ] ], [ [ [ -71.13759, 43.07187 ], [ -71.20092, 43.00972 ], [ -71.16584, 43.00363 ], [ -71.13759, 43.07187 ] ] ], [ [ [ -70.96872, 43.11558 ], [ -70.9402, 43.18377 ], [ -71.02674, 43.24767 ], [ -71.07413, 43.13398 ], [ -70.96872, 43.11558 ] ] ], [ [ [ -73.4107, 43.71364 ], [ -73.44641, 43.71919 ], [ -73.43669, 43.64499 ], [ -73.4107, 43.71364 ] ] ] ] } },
{ "type": "Feature", "properties": { "ID": 11 }, "geometry": { "type": "MultiPolygon", "coordinates": [ [ [ [ -88.34961, 44.00903 ], [ -88.32872, 44.17333 ], [ -88.24887, 44.21644 ], [ -88.23978, 44.28685 ], [ -88.46164, 44.29824 ], [ -88.50449, 44.25316 ], [ -88.51618, 44.15926 ], [ -88.55889, 44.11416 ], [ -88.66952, 44.11966 ], [ -88.6638, 44.16661 ], [ -88.92222, 44.17913 ], [ -88.97012, 44.08695 ], [ -89.04928, 44.04345 ], [ -89.15983, 44.04858 ], [ -89.16515, 44.00161 ], [ -89.24931, 43.91103 ], [ -89.32804, 43.86738 ], [ -89.44084, 43.84882 ], [ -89.44592, 43.80184 ], [ -89.56604, 43.7127 ], [ -89.6126, 43.62032 ], [ -89.62493, 43.50284 ], [ -89.55186, 43.49966 ], [ -89.5618, 43.40568 ], [ -89.63475, 43.40886 ], [ -89.67611, 43.36344 ], [ -89.74902, 43.36657 ], [ -89.79026, 43.32112 ], [ -89.97243, 43.32871 ], [ -89.97707, 43.28171 ], [ -90.19557, 43.29052 ], [ -90.1911, 43.33753 ], [ -90.33473, 43.36673 ], [ -90.33036, 43.41374 ], [ -90.43986, 43.41792 ], [ -90.44415, 43.37091 ], [ -90.69951, 43.38034 ], [ -90.69338, 43.45088 ], [ -90.98566, 43.46113 ], [ -91.05493, 43.51063 ], [ -91.04153, 43.67524 ], [ -91.11298, 43.7012 ], [ -91.10729, 43.77175 ], [ -91.02805, 43.83985 ], [ -91.05907, 43.91163 ], [ -91.16952, 43.91527 ], [ -91.16576, 43.9623 ], [ -91.20261, 43.9635 ], [ -91.21564, 43.79887 ], [ -91.25239, 43.80006 ], [ -91.31498, 43.94351 ], [ -91.35182, 43.94467 ], [ -91.3482, 43.99171 ], [ -91.38507, 43.99286 ], [ -91.38148, 44.0399 ], [ -91.45528, 44.04218 ], [ -91.45173, 44.08922 ], [ -91.6364, 44.09475 ], [ -91.77922, 44.16959 ], [ -91.78581, 44.07549 ], [ -91.6398, 44.04771 ], [ -91.6432, 44.00066 ], [ -91.45882, 43.99513 ], [ -91.46235, 43.94809 ], [ -91.39046, 43.9223 ], [ -91.36084, 43.82707 ], [ -91.4397, 43.7588 ], [ -91.36983, 43.70947 ], [ -91.37699, 43.61539 ], [ -91.41895, 43.54597 ], [ -91.57221, 43.45636 ], [ -91.68186, 43.45962 ], [ -91.76151, 43.36765 ], [ -91.83772, 43.32268 ], [ -91.84253, 43.2521 ], [ -91.58753, 43.24466 ], [ -91.59092, 43.19761 ], [ -91.66538, 43.17626 ], [ -91.66871, 43.12921 ], [ -91.92323, 43.13651 ], [ -91.9627, 43.09047 ], [ -92.07172, 43.09343 ], [ -92.07473, 43.04638 ], [ -92.11104, 43.04735 ], [ -92.11402, 43.00029 ], [ -92.33177, 43.00591 ], [ -92.40298, 43.03125 ], [ -92.40022, 43.07832 ], [ -92.58192, 43.08267 ], [ -92.58454, 43.0356 ], [ -92.51325, 43.01036 ], [ -92.40986, 42.91358 ], [ -92.41397, 42.84298 ], [ -92.34437, 42.79412 ], [ -92.23586, 42.79135 ], [ -92.2026, 42.74335 ], [ -92.21271, 42.57862 ], [ -92.03402, 42.55027 ], [ -92.03704, 42.5032 ], [ -91.85708, 42.49817 ], [ -91.86022, 42.45111 ], [ -91.68207, 42.42232 ], [ -91.68534, 42.37526 ], [ -91.50578, 42.36979 ], [ -91.49895, 42.4639 ], [ -91.24724, 42.45586 ], [ -91.24363, 42.50291 ], [ -91.1357, 42.49932 ], [ -91.06749, 42.44985 ], [ -91.0731, 42.37928 ], [ -90.75001, 42.36791 ], [ -90.74203, 42.46198 ], [ -90.77402, 42.51032 ], [ -90.80999, 42.51161 ], [ -90.81196, 42.48809 ], [ -90.88389, 42.49065 ], [ -90.91213, 42.58599 ], [ -90.90244, 42.70358 ], [ -90.76008, 42.67493 ], [ -90.57974, 42.66832 ], [ -90.58799, 42.57426 ], [ -90.55405, 42.5494 ], [ -90.41009, 42.54392 ], [ -90.41433, 42.49689 ], [ -90.34242, 42.4941 ], [ -90.26833, 42.51478 ], [ -90.12447, 42.50902 ], [ -90.12893, 42.462 ], [ -89.87744, 42.45158 ], [ -89.86813, 42.5456 ], [ -89.76021, 42.54099 ], [ -89.76495, 42.49398 ], [ -89.58769, 42.46263 ], [ -89.59255, 42.41563 ], [ -89.48488, 42.41082 ], [ -89.4031, 42.50156 ], [ -89.42656, 42.62067 ], [ -89.28255, 42.61407 ], [ -89.16936, 42.65601 ], [ -89.1281, 42.70129 ], [ -89.11762, 42.79525 ], [ -89.07094, 42.88749 ], [ -88.95442, 42.95275 ], [ -88.94092, 43.07017 ], [ -88.96639, 43.16586 ], [ -88.88284, 43.25628 ], [ -88.73739, 43.24914 ], [ -88.67031, 43.19856 ], [ -88.67874, 43.12812 ], [ -88.4248, 43.11519 ], [ -88.45529, 43.16401 ], [ -88.44078, 43.28138 ], [ -88.50776, 43.33207 ], [ -88.48173, 43.54334 ], [ -88.55479, 43.54705 ], [ -88.54615, 43.61748 ], [ -88.50958, 43.61562 ], [ -88.50378, 43.66257 ], [ -88.43059, 43.65883 ], [ -88.38811, 43.70389 ], [ -88.37039, 43.84473 ], [ -88.28801, 43.91133 ], [ -88.27601, 44.00521 ], [ -88.34961, 44.00903 ] ], [ [ -91.10782, 42.85214 ], [ -91.07352, 42.8274 ], [ -91.03736, 42.82617 ], [ -91.04304, 42.75562 ], [ -91.11901, 42.71102 ], [ -91.11529, 42.75806 ], [ -91.11342, 42.78158 ], [ -91.10782, 42.85214 ] ], [ [ -90.08176, 42.95564 ], [ -90.22666, 42.96144 ], [ -90.18153, 43.05403 ], [ -90.07269, 43.04965 ], [ -90.08176, 42.95564 ] ], [ [ -89.46498, 43.28339 ], [ -89.54523, 43.21613 ], [ -89.59144, 43.12375 ], [ -89.60125, 43.02976 ], [ -89.57239, 42.95768 ], [ -89.61348, 42.91228 ], [ -89.79443, 42.92009 ], [ -89.86447, 42.94666 ], [ -90.00932, 42.95268 ], [ -90.00014, 43.04669 ], [ -89.92294, 43.0907 ], [ -89.74148, 43.08304 ], [ -89.69311, 43.19897 ], [ -89.61059, 43.2898 ], [ -89.46498, 43.28339 ] ], [ [ -88.82493, 43.74939 ], [ -88.81937, 43.79635 ], [ -88.70931, 43.79096 ], [ -88.71496, 43.744 ], [ -88.82493, 43.74939 ] ] ], [ [ [ -91.95627, 44.29235 ], [ -91.91921, 44.29134 ], [ -91.91601, 44.3384 ], [ -91.95311, 44.33941 ], [ -91.95627, 44.29235 ] ] ], [ [ [ -91.95311, 44.33941 ], [ -91.98863, 44.36394 ], [ -91.9902, 44.34041 ], [ -91.95311, 44.33941 ] ] ], [ [ [ -92.02574, 44.36493 ], [ -91.98863, 44.36394 ], [ -92.02262, 44.41199 ], [ -92.02574, 44.36493 ] ] ], [ [ [ -87.94643, 44.53127 ], [ -88.05777, 44.53722 ], [ -88.05154, 44.58416 ], [ -88.1011, 44.49225 ], [ -88.07333, 44.41988 ], [ -87.99924, 44.41593 ], [ -87.99297, 44.46286 ], [ -87.9559, 44.46087 ], [ -87.94643, 44.53127 ] ] ] ] } },
{ "type": "Feature", "properties": { "ID": 12 }, "geometry": { "type": "MultiPolygon", "coordinates": [ [ [ [ -79.40315, 39.03251 ], [ -79.37935, 39.12555 ], [ -79.34571, 39.12143 ], [ -79.40109, 39.17619 ], [ -79.44664, 39.13378 ], [ -79.47035, 39.04072 ], [ -79.40315, 39.03251 ] ] ], [ [ [ -78.52832, 41.25058 ], [ -78.67101, 41.12444 ], [ -78.70298, 41.00853 ], [ -78.59922, 40.99566 ], [ -78.43502, 41.07107 ], [ -78.38089, 41.13622 ], [ -78.24236, 41.11873 ], [ -78.15994, 41.15625 ], [ -78.10546, 41.22129 ], [ -78.41768, 41.26075 ], [ -78.52832, 41.25058 ] ] ], [ [ [ -79.91169, 41.86976 ], [ -79.61838, 41.88407 ], [ -79.51298, 41.87188 ], [ -79.43034, 41.91011 ], [ -79.41792, 41.95651 ], [ -79.34135, 41.97149 ], [ -79.20071, 41.95495 ], [ -79.15294, 41.99717 ], [ -79.12129, 42.1131 ], [ -79.20809, 42.19514 ], [ -79.21813, 42.29204 ], [ -79.1928, 42.38479 ], [ -79.12202, 42.37646 ], [ -79.06108, 42.465 ], [ -79.24462, 42.46264 ], [ -79.3053, 42.37402 ], [ -79.45317, 42.36726 ], [ -79.46564, 42.32087 ], [ -79.57179, 42.33309 ], [ -79.58417, 42.28668 ], [ -79.65491, 42.29478 ], [ -79.66722, 42.24837 ], [ -79.73793, 42.25643 ], [ -79.75017, 42.21001 ], [ -79.83301, 42.1716 ], [ -79.92784, 42.0867 ], [ -79.99839, 42.09463 ], [ -80.06362, 41.98246 ], [ -80.00518, 41.92811 ], [ -79.95797, 41.9706 ], [ -79.89964, 41.9162 ], [ -79.91169, 41.86976 ] ] ], [ [ [ -78.09899, 42.87545 ], [ -78.1142, 42.94927 ], [ -78.29248, 42.97124 ], [ -78.42851, 43.01181 ], [ -78.50659, 42.99733 ], [ -78.56886, 42.90903 ], [ -78.66655, 42.825 ], [ -78.4952, 42.78033 ], [ -78.43964, 42.84544 ], [ -78.26167, 42.82365 ], [ -78.20582, 42.88867 ], [ -78.09899, 42.87545 ] ] ], [ [ [ -77.67623, 41.21387 ], [ -77.69054, 41.28779 ], [ -77.79459, 41.30132 ], [ -77.88413, 41.24088 ], [ -77.90422, 41.17146 ], [ -77.76575, 41.1535 ], [ -77.75226, 41.19977 ], [ -77.67623, 41.21387 ] ] ], [ [ [ -76.24923, 41.28457 ], [ -76.21466, 41.27969 ], [ -76.17277, 41.29786 ], [ -76.16543, 41.32091 ], [ -76.24923, 41.28457 ] ] ], [ [ [ -76.15808, 41.34397 ], [ -76.0889, 41.33416 ], [ -76.03717, 41.49549 ], [ -76.06444, 41.52346 ], [ -76.23793, 41.54795 ], [ -76.22526, 41.47391 ], [ -76.15593, 41.46413 ], [ -76.15073, 41.36702 ], [ -76.15808, 41.34397 ] ] ], [ [ [ -74.31455, 41.74739 ], [ -74.33874, 41.67855 ], [ -74.30411, 41.6732 ], [ -74.27989, 41.74205 ], [ -74.31455, 41.74739 ] ] ], [ [ [ -75.60462, 42.59083 ], [ -75.63539, 42.49879 ], [ -75.81144, 42.52379 ], [ -75.8162, 42.62085 ], [ -76.00023, 42.62259 ], [ -75.94718, 42.78379 ], [ -75.8688, 42.79691 ], [ -75.85353, 42.84295 ], [ -75.88894, 42.84791 ], [ -75.88131, 42.87094 ], [ -75.95218, 42.88084 ], [ -75.97242, 42.93183 ], [ -75.96481, 42.95486 ], [ -76.07129, 42.96964 ], [ -76.07886, 42.94661 ], [ -76.22086, 42.96619 ], [ -76.26387, 42.94802 ], [ -76.40593, 42.96742 ], [ -76.45632, 42.92615 ], [ -76.48598, 42.83394 ], [ -76.57165, 42.79743 ], [ -76.60107, 42.7052 ], [ -76.63646, 42.70998 ], [ -76.64379, 42.68692 ], [ -76.60841, 42.68214 ], [ -76.49646, 42.57071 ], [ -76.51854, 42.50154 ], [ -76.44801, 42.49191 ], [ -76.47012, 42.42274 ], [ -76.59641, 42.48807 ], [ -76.65235, 42.54376 ], [ -76.82168, 42.59059 ], [ -76.89314, 42.47995 ], [ -76.82981, 42.44742 ], [ -76.85148, 42.3782 ], [ -76.92193, 42.38763 ], [ -76.90035, 42.45687 ], [ -76.9709, 42.46628 ], [ -76.94214, 42.5586 ], [ -76.99846, 42.61415 ], [ -77.08351, 42.57734 ], [ -77.1192, 42.46191 ], [ -77.18269, 42.4943 ], [ -77.11887, 42.582 ], [ -77.08312, 42.69743 ], [ -77.2603, 42.72067 ], [ -77.36652, 42.61441 ], [ -77.62073, 42.50319 ], [ -77.65608, 42.50773 ], [ -77.75438, 42.4243 ], [ -77.78187, 42.33181 ], [ -77.71134, 42.3228 ], [ -77.61944, 42.26298 ], [ -77.44343, 42.24018 ], [ -77.55441, 41.87041 ], [ -77.40755, 41.87523 ], [ -77.38648, 41.82442 ], [ -77.44915, 41.73656 ], [ -77.62375, 41.75936 ], [ -77.63746, 41.71312 ], [ -77.53276, 41.69948 ], [ -77.56026, 41.607 ], [ -77.71329, 41.5789 ], [ -77.81106, 41.61555 ], [ -78.02035, 41.64235 ], [ -78.11839, 41.67879 ], [ -78.14502, 41.5862 ], [ -78.1301, 41.51235 ], [ -78.06712, 41.48035 ], [ -78.10038, 41.36461 ], [ -78.05086, 41.28631 ], [ -77.98948, 41.37445 ], [ -77.91329, 41.38867 ], [ -77.70489, 41.3617 ], [ -77.57288, 41.32043 ], [ -77.44792, 41.25591 ], [ -77.39973, 41.41774 ], [ -77.30251, 41.3808 ], [ -77.28169, 41.32996 ], [ -77.21236, 41.3207 ], [ -77.15676, 41.38537 ], [ -77.08739, 41.37604 ], [ -77.02457, 41.46376 ], [ -76.88571, 41.44495 ], [ -76.77449, 41.45383 ], [ -76.76834, 41.35675 ], [ -76.52594, 41.3233 ], [ -76.3948, 41.28094 ], [ -76.38028, 41.32707 ], [ -76.435, 41.38288 ], [ -76.41322, 41.45207 ], [ -76.23793, 41.54795 ], [ -76.30004, 41.58075 ], [ -76.31282, 41.65478 ], [ -76.44468, 41.69721 ], [ -76.6188, 41.72123 ], [ -76.76536, 41.71722 ], [ -76.66687, 41.80001 ], [ -76.58262, 41.83658 ], [ -76.58127, 41.95671 ], [ -76.64397, 41.98935 ], [ -76.58718, 42.05377 ], [ -76.44715, 42.03454 ], [ -76.4764, 41.9423 ], [ -76.43577, 41.84041 ], [ -76.29626, 41.82103 ], [ -76.06718, 41.7407 ], [ -75.97771, 41.67983 ], [ -75.80396, 41.65503 ], [ -75.7617, 41.67307 ], [ -75.68772, 41.56596 ], [ -75.72538, 41.45082 ], [ -75.6637, 41.41777 ], [ -75.70882, 41.2796 ], [ -75.74335, 41.2846 ], [ -75.75832, 41.23853 ], [ -75.84225, 41.20242 ], [ -75.87674, 41.20739 ], [ -75.8916, 41.16131 ], [ -75.85713, 41.15634 ], [ -75.91385, 41.09218 ], [ -75.9582, 40.95389 ], [ -75.84771, 40.96206 ], [ -75.78359, 41.04924 ], [ -75.7148, 41.03925 ], [ -75.70284, 40.96513 ], [ -75.56548, 40.94503 ], [ -75.40548, 40.99385 ], [ -75.37512, 41.08593 ], [ -75.2758, 41.16778 ], [ -75.14946, 41.22142 ], [ -74.9773, 41.1956 ], [ -74.91175, 41.28238 ], [ -74.86488, 41.42029 ], [ -74.93395, 41.4307 ], [ -75.07571, 41.54854 ], [ -74.66069, 41.48603 ], [ -74.63693, 41.55494 ], [ -74.5332, 41.5391 ], [ -74.4933, 41.65391 ], [ -74.56257, 41.66449 ], [ -74.50664, 41.82522 ], [ -74.46389, 41.84287 ], [ -74.32501, 41.82158 ], [ -74.27645, 41.95925 ], [ -74.11287, 42.00658 ], [ -74.0883, 42.07538 ], [ -74.22767, 42.0969 ], [ -74.2869, 42.03343 ], [ -74.32742, 41.91871 ], [ -74.45586, 41.86583 ], [ -74.59488, 41.88699 ], [ -74.65354, 41.82337 ], [ -74.80044, 41.82137 ], [ -75.18301, 41.87834 ], [ -75.15189, 41.97031 ], [ -75.24097, 42.03168 ], [ -75.31078, 42.0419 ], [ -75.32248, 42.116 ], [ -75.46234, 42.13632 ], [ -75.43922, 42.20534 ], [ -75.35371, 42.24118 ], [ -75.29537, 42.30508 ], [ -75.20964, 42.34084 ], [ -75.13951, 42.33057 ], [ -75.07299, 42.41736 ], [ -75.00279, 42.40703 ], [ -74.97114, 42.49894 ], [ -75.15478, 42.50176 ], [ -75.22127, 42.41493 ], [ -75.29151, 42.42516 ], [ -75.32284, 42.55033 ], [ -75.28376, 42.6653 ], [ -75.2328, 42.70617 ], [ -75.33867, 42.72148 ], [ -75.3543, 42.67549 ], [ -75.39325, 42.56051 ], [ -75.50665, 42.5527 ], [ -75.48342, 42.62172 ], [ -75.55394, 42.63181 ], [ -75.54621, 42.65482 ], [ -75.58149, 42.65986 ], [ -75.60462, 42.59083 ] ], [ [ -77.62073, 42.50319 ], [ -77.48635, 42.46187 ], [ -77.52818, 42.32322 ], [ -77.64153, 42.43385 ], [ -77.62073, 42.50319 ] ], [ [ -76.74591, 41.54616 ], [ -76.82255, 41.53257 ], [ -76.8288, 41.62964 ], [ -76.7592, 41.62015 ], [ -76.74591, 41.54616 ] ], [ [ -77.21893, 41.65808 ], [ -77.07254, 41.66256 ], [ -77.08663, 41.61637 ], [ -77.21893, 41.65808 ] ], [ [ -76.82792, 41.74978 ], [ -76.87705, 41.70834 ], [ -76.90552, 41.616 ], [ -76.97513, 41.62541 ], [ -76.99579, 41.67629 ], [ -76.96033, 41.79173 ], [ -76.82792, 41.74978 ] ], [ [ -76.93765, 42.10125 ], [ -76.91618, 42.17049 ], [ -76.77578, 42.15158 ], [ -76.83245, 42.08709 ], [ -76.93765, 42.10125 ] ], [ [ -77.28159, 42.53129 ], [ -77.33104, 42.48971 ], [ -77.43703, 42.5035 ], [ -77.423, 42.5497 ], [ -77.28159, 42.53129 ] ], [ [ -75.37548, 41.30324 ], [ -75.31412, 41.27004 ], [ -75.35228, 41.15498 ], [ -75.40192, 41.11403 ], [ -75.45559, 41.17022 ], [ -75.55894, 41.18539 ], [ -75.52114, 41.3005 ], [ -75.40237, 41.33134 ], [ -75.37548, 41.30324 ] ], [ [ -75.39197, 41.90898 ], [ -75.31457, 41.9218 ], [ -75.41454, 41.62272 ], [ -75.54573, 41.66598 ], [ -75.52287, 41.73503 ], [ -75.5924, 41.74511 ], [ -75.58153, 41.88825 ], [ -75.4812, 41.9702 ], [ -75.39604, 42.00608 ], [ -75.39197, 41.90898 ] ], [ [ -76.02513, 42.09614 ], [ -76.03262, 42.07311 ], [ -76.06761, 42.07803 ], [ -76.08253, 42.03195 ], [ -76.22245, 42.05153 ], [ -76.32007, 42.08918 ], [ -76.30531, 42.13529 ], [ -76.15774, 42.13883 ], [ -75.98264, 42.11425 ], [ -75.99014, 42.09121 ], [ -76.02513, 42.09614 ] ], [ [ -76.29024, 42.63873 ], [ -76.14897, 42.61922 ], [ -76.16396, 42.57314 ], [ -76.30513, 42.59264 ], [ -76.29024, 42.63873 ] ] ], [ [ [ -71.02674, 43.24767 ], [ -71.0809, 43.20832 ], [ -71.11872, 43.11735 ], [ -71.08358, 43.11124 ], [ -71.02674, 43.24767 ] ] ] ] } },
{ "type": "Feature", "properties": { "ID": 13 }, "geometry": { "type": "MultiPolygon", "coordinates": [ [ [ [ -97.24887, 43.63536 ], [ -97.36264, 43.79921 ], [ -97.47359, 43.8217 ], [ -97.51156, 43.86842 ], [ -97.5151, 44.00969 ], [ -97.58955, 44.03246 ], [ -97.59204, 44.12664 ], [ -97.6303, 44.17333 ], [ -97.70433, 44.1725 ], [ -97.73864, 44.0779 ], [ -97.84951, 44.07656 ], [ -97.99345, 43.95693 ], [ -98.02797, 43.88581 ], [ -98.10165, 43.88478 ], [ -98.13517, 43.79009 ], [ -98.20873, 43.78901 ], [ -98.20445, 43.6713 ], [ -97.98419, 43.67442 ], [ -97.90781, 43.58121 ], [ -97.72119, 43.46575 ], [ -97.682, 43.37199 ], [ -97.60893, 43.37281 ], [ -97.57058, 43.30257 ], [ -97.49817, 43.32688 ], [ -97.50164, 43.46815 ], [ -97.28209, 43.47022 ], [ -97.24453, 43.42345 ], [ -97.31563, 43.32863 ], [ -97.38758, 43.28086 ], [ -97.42242, 43.20987 ], [ -97.41969, 43.09214 ], [ -97.34592, 43.04573 ], [ -97.34489, 42.99864 ], [ -97.23595, 42.9996 ], [ -97.235, 42.9525 ], [ -97.12614, 42.95338 ], [ -97.12528, 42.90629 ], [ -96.90772, 42.9078 ], [ -96.83487, 42.88468 ], [ -96.83423, 42.83759 ], [ -96.50824, 42.83909 ], [ -96.4713, 42.745 ], [ -96.39866, 42.69812 ], [ -96.29024, 42.69837 ], [ -96.29046, 42.74548 ], [ -96.18196, 42.74565 ], [ -96.18175, 42.675 ], [ -95.92886, 42.67509 ], [ -95.92892, 42.62799 ], [ -95.71232, 42.62772 ], [ -95.64081, 42.5098 ], [ -95.53272, 42.50949 ], [ -95.53307, 42.46238 ], [ -95.42507, 42.46199 ], [ -95.4255, 42.41489 ], [ -95.31758, 42.41442 ], [ -95.3181, 42.36731 ], [ -95.03053, 42.36567 ], [ -95.02979, 42.41278 ], [ -94.74203, 42.41056 ], [ -94.70655, 42.38669 ], [ -94.41891, 42.38384 ], [ -94.42011, 42.33673 ], [ -94.27642, 42.33509 ], [ -94.27772, 42.28799 ], [ -94.02646, 42.28477 ], [ -94.02497, 42.33187 ], [ -93.91721, 42.33036 ], [ -93.91879, 42.28326 ], [ -93.77607, 42.25757 ], [ -93.59671, 42.2547 ], [ -93.59853, 42.2076 ], [ -93.491, 42.20577 ], [ -93.49289, 42.15868 ], [ -93.35064, 42.13257 ], [ -93.31687, 42.08481 ], [ -93.17379, 42.08207 ], [ -93.17166, 42.12916 ], [ -92.84954, 42.12248 ], [ -92.81616, 42.0746 ], [ -92.70889, 42.07219 ], [ -92.7064, 42.11928 ], [ -92.5275, 42.11507 ], [ -92.48641, 42.20837 ], [ -92.41204, 42.25368 ], [ -92.30448, 42.25097 ], [ -92.26297, 42.3442 ], [ -91.7245, 42.32927 ], [ -91.72612, 42.30574 ], [ -91.47502, 42.29809 ], [ -91.4426, 42.2499 ], [ -91.33509, 42.24647 ], [ -91.33156, 42.29352 ], [ -91.00886, 42.28273 ], [ -90.90325, 42.25544 ], [ -90.54501, 42.24234 ], [ -90.60645, 42.36262 ], [ -90.67419, 42.41232 ], [ -90.74602, 42.41494 ], [ -90.75001, 42.36791 ], [ -91.0731, 42.37928 ], [ -91.06749, 42.44985 ], [ -91.1357, 42.49932 ], [ -91.24363, 42.50291 ], [ -91.24724, 42.45586 ], [ -91.49895, 42.4639 ], [ -91.50578, 42.36979 ], [ -91.68534, 42.37526 ], [ -91.68207, 42.42232 ], [ -91.86022, 42.45111 ], [ -91.85708, 42.49817 ], [ -92.03704, 42.5032 ], [ -92.03402, 42.55027 ], [ -92.21271, 42.57862 ], [ -92.2026, 42.74335 ], [ -92.23586, 42.79135 ], [ -92.34437, 42.79412 ], [ -92.41397, 42.84298 ], [ -92.40986, 42.91358 ], [ -92.51325, 43.01036 ], [ -92.58454, 43.0356 ], [ -92.58192, 43.08267 ], [ -92.83635, 43.08839 ], [ -93.01696, 43.11575 ], [ -93.01467, 43.16282 ], [ -93.23306, 43.16711 ], [ -93.23837, 43.04941 ], [ -93.34736, 43.05143 ], [ -93.42398, 42.95856 ], [ -93.49846, 42.91274 ], [ -93.50037, 42.86566 ], [ -93.75397, 42.86978 ], [ -93.75225, 42.91687 ], [ -93.82311, 42.96506 ], [ -93.93118, 42.99018 ], [ -94.14901, 42.99311 ], [ -94.18392, 43.04065 ], [ -94.32927, 43.04238 ], [ -94.32799, 43.08948 ], [ -94.50982, 43.09144 ], [ -94.54451, 43.16245 ], [ -94.79939, 43.16475 ], [ -94.80031, 43.11766 ], [ -94.98223, 43.11904 ], [ -95.01787, 43.16638 ], [ -95.12711, 43.16707 ], [ -95.12644, 43.21417 ], [ -95.3451, 43.21531 ], [ -95.34561, 43.16821 ], [ -95.70978, 43.16938 ], [ -95.70956, 43.21648 ], [ -95.89174, 43.24028 ], [ -95.96464, 43.28741 ], [ -96.00113, 43.38161 ], [ -96.07422, 43.38159 ], [ -96.11089, 43.45221 ], [ -96.29371, 43.42841 ], [ -96.44, 43.42805 ], [ -96.55035, 43.49832 ], [ -96.5512, 43.59251 ], [ -96.73484, 43.61526 ], [ -96.84456, 43.59113 ], [ -96.87987, 43.49673 ], [ -97.02631, 43.49578 ], [ -97.02711, 43.54287 ], [ -97.28357, 43.54086 ], [ -97.24887, 43.63536 ] ], [ [ -97.72318, 43.53638 ], [ -97.61329, 43.53763 ], [ -97.61204, 43.49054 ], [ -97.72185, 43.48929 ], [ -97.72318, 43.53638 ] ] ], [ [ [ -91.3482, 43.99171 ], [ -91.35182, 43.94467 ], [ -91.31498, 43.94351 ], [ -91.25239, 43.80006 ], [ -91.21564, 43.79887 ], [ -91.20261, 43.9635 ], [ -91.23946, 43.96469 ], [ -91.2376, 43.9882 ], [ -91.3482, 43.99171 ] ] ], [ [ [ -91.95627, 44.29235 ], [ -91.9224, 44.24429 ], [ -91.91921, 44.29134 ], [ -91.95627, 44.29235 ] ] ], [ [ [ -93.29557, 45.05301 ], [ -93.30198, 44.91175 ], [ -93.22815, 44.88684 ], [ -93.07719, 44.90756 ], [ -93.07256, 45.00173 ], [ -93.22266, 45.00456 ], [ -93.29557, 45.05301 ] ] ], [ [ [ -90.41433, 42.49689 ], [ -90.41009, 42.54392 ], [ -90.55405, 42.5494 ], [ -90.58799, 42.57426 ], [ -90.59415, 42.50372 ], [ -90.48626, 42.49965 ], [ -90.49044, 42.45262 ], [ -90.38477, 42.42496 ], [ -90.37837, 42.4955 ], [ -90.41433, 42.49689 ] ] ], [ [ [ -90.81196, 42.48809 ], [ -90.79615, 42.67623 ], [ -90.76008, 42.67493 ], [ -90.90244, 42.70358 ], [ -90.91213, 42.58599 ], [ -90.88389, 42.49065 ], [ -90.81196, 42.48809 ] ] ], [ [ [ -90.65187, 42.67099 ], [ -90.65594, 42.62396 ], [ -90.61991, 42.62263 ], [ -90.58799, 42.57426 ], [ -90.57974, 42.66832 ], [ -90.65187, 42.67099 ] ] ], [ [ [ -91.10782, 42.85214 ], [ -91.10969, 42.82862 ], [ -91.07352, 42.8274 ], [ -91.10782, 42.85214 ] ] ] ] } },
{ "type": "Feature", "properties": { "ID": 14 }, "geometry": { "type": "MultiPolygon", "coordinates": [ [ [ [ -79.52372, 37.46244 ], [ -79.55654, 37.46653 ], [ -79.54503, 37.51318 ], [ -79.44651, 37.50087 ], [ -79.44072, 37.52419 ], [ -79.61073, 37.52134 ], [ -79.66075, 37.45543 ], [ -79.67217, 37.40877 ], [ -79.63937, 37.4047 ], [ -79.63365, 37.42803 ], [ -79.53524, 37.41579 ], [ -79.52372, 37.46244 ] ] ], [ [ [ -79.38461, 37.61332 ], [ -79.4175, 37.61745 ], [ -79.42331, 37.59413 ], [ -79.39043, 37.59001 ], [ -79.38461, 37.61332 ] ] ], [ [ [ -78.94549, 37.87018 ], [ -78.99044, 37.82785 ], [ -78.95748, 37.82362 ], [ -78.94549, 37.87018 ] ] ], [ [ [ -78.7434, 38.253 ], [ -78.82188, 38.21503 ], [ -78.87033, 38.02888 ], [ -79.03567, 38.05004 ], [ -79.09588, 38.08172 ], [ -78.9999, 38.45407 ], [ -78.95452, 38.49638 ], [ -79.05443, 38.50902 ], [ -79.13304, 38.47088 ], [ -79.15098, 38.40107 ], [ -79.20212, 38.33542 ], [ -79.25551, 38.12589 ], [ -79.32178, 38.13418 ], [ -79.40565, 38.07257 ], [ -79.57126, 38.09307 ], [ -79.61597, 38.05053 ], [ -79.66209, 37.86406 ], [ -79.74531, 37.80221 ], [ -79.76813, 37.70893 ], [ -79.75229, 37.63492 ], [ -79.6979, 37.58018 ], [ -79.63213, 37.57206 ], [ -79.58775, 37.61463 ], [ -79.5416, 37.80115 ], [ -79.45237, 37.88618 ], [ -79.32031, 37.86967 ], [ -79.36129, 37.70656 ], [ -79.37879, 37.63663 ], [ -79.28012, 37.62421 ], [ -79.26839, 37.67082 ], [ -79.23899, 37.78732 ], [ -79.20603, 37.78316 ], [ -79.17055, 37.92291 ], [ -79.12565, 37.96531 ], [ -78.99352, 37.94848 ], [ -78.94549, 37.87018 ], [ -78.91251, 37.86595 ], [ -78.87637, 38.00561 ], [ -78.83123, 38.0479 ], [ -78.7651, 38.03936 ], [ -78.71987, 38.08161 ], [ -78.69545, 38.17465 ], [ -78.76778, 38.15996 ], [ -78.7434, 38.253 ] ] ], [ [ [ -82.98071, 39.27839 ], [ -83.03923, 39.33163 ], [ -83.23842, 39.37419 ], [ -83.41073, 39.19954 ], [ -83.43333, 39.08248 ], [ -83.36565, 39.07622 ], [ -83.34545, 39.00284 ], [ -83.27785, 38.99653 ], [ -83.2532, 38.94654 ], [ -83.17649, 38.98701 ], [ -83.12424, 39.07745 ], [ -83.04729, 39.11783 ], [ -82.96088, 39.20497 ], [ -82.89311, 39.19848 ], [ -82.90816, 39.2953 ], [ -82.98071, 39.27839 ] ] ], [ [ [ -78.66872, 38.79628 ], [ -78.6229, 38.83845 ], [ -78.61049, 38.88492 ], [ -78.64396, 38.88922 ], [ -78.63776, 38.91246 ], [ -78.70474, 38.92105 ], [ -78.71709, 38.87457 ], [ -78.8086, 38.79016 ], [ -78.66872, 38.79628 ] ] ], [ [ [ -82.76294, 39.329 ], [ -82.75339, 39.37577 ], [ -82.61756, 39.36254 ], [ -82.60791, 39.4093 ], [ -82.77782, 39.42582 ], [ -82.77304, 39.4492 ], [ -82.87507, 39.45901 ], [ -82.894, 39.36547 ], [ -82.92796, 39.36872 ], [ -82.76294, 39.329 ] ] ], [ [ [ -78.91488, 39.04382 ], [ -78.96066, 39.00157 ], [ -78.92711, 38.99734 ], [ -78.91488, 39.04382 ] ] ], [ [ [ -81.38947, 39.42781 ], [ -81.25382, 39.41325 ], [ -81.23253, 39.50655 ], [ -81.3291, 39.54083 ], [ -81.38649, 39.59475 ], [ -81.45977, 39.57865 ], [ -81.59059, 39.61634 ], [ -81.58016, 39.66301 ], [ -81.71639, 39.67725 ], [ -81.75562, 39.65745 ], [ -81.76593, 39.61077 ], [ -81.86979, 39.45439 ], [ -81.63735, 39.4063 ], [ -81.62699, 39.45298 ], [ -81.486, 39.46199 ], [ -81.38947, 39.42781 ] ] ], [ [ [ -77.91127, 39.77912 ], [ -77.97252, 39.81123 ], [ -77.96599, 39.8344 ], [ -78.02733, 39.86649 ], [ -78.19708, 39.88862 ], [ -78.22285, 39.79588 ], [ -78.35018, 39.71626 ], [ -78.42431, 39.70179 ], [ -78.43701, 39.65539 ], [ -78.5386, 39.66839 ], [ -78.55121, 39.62198 ], [ -78.63146, 39.58418 ], [ -78.76682, 39.60132 ], [ -78.7606, 39.62454 ], [ -78.72674, 39.62026 ], [ -78.78202, 39.67524 ], [ -78.79446, 39.6288 ], [ -78.82833, 39.63306 ], [ -78.84073, 39.58662 ], [ -78.92076, 39.54865 ], [ -78.93923, 39.47897 ], [ -78.95766, 39.40928 ], [ -79.01588, 39.32055 ], [ -78.98828, 39.29311 ], [ -79.02199, 39.29732 ], [ -79.04636, 39.20436 ], [ -79.11369, 39.21274 ], [ -79.17153, 39.12393 ], [ -79.22566, 38.91465 ], [ -79.19214, 38.91049 ], [ -79.03065, 38.8663 ], [ -78.95151, 38.90436 ], [ -78.96066, 39.00157 ], [ -79.05527, 39.03745 ], [ -79.04313, 39.08394 ], [ -79.07673, 39.08814 ], [ -79.03097, 39.13043 ], [ -78.89651, 39.11354 ], [ -78.88424, 39.16001 ], [ -78.79231, 39.24444 ], [ -78.75865, 39.24017 ], [ -78.73385, 39.33307 ], [ -78.63275, 39.3202 ], [ -78.6178, 39.24624 ], [ -78.52312, 39.21007 ], [ -78.54817, 39.11719 ], [ -78.64024, 39.03291 ], [ -78.60669, 39.0286 ], [ -78.53337, 39.04319 ], [ -78.55834, 38.95029 ], [ -78.59806, 38.93138 ], [ -78.53108, 38.92274 ], [ -78.45159, 38.96051 ], [ -78.40757, 39.12304 ], [ -78.32776, 39.16073 ], [ -78.27692, 39.34638 ], [ -78.19676, 39.38398 ], [ -78.16469, 39.49996 ], [ -78.08427, 39.53749 ], [ -78.06487, 39.60705 ], [ -78.17439, 39.7175 ], [ -78.03894, 39.69979 ], [ -77.93088, 39.70959 ], [ -77.91127, 39.77912 ] ] ], [ [ [ -79.92697, 39.57476 ], [ -79.88142, 39.61731 ], [ -79.85808, 39.71036 ], [ -79.95422, 39.74559 ], [ -79.99981, 39.70303 ], [ -79.99479, 39.58271 ], [ -79.92697, 39.57476 ] ] ], [ [ [ -79.939, 40.36619 ], [ -79.94487, 40.34294 ], [ -79.91056, 40.33896 ], [ -79.92231, 40.29246 ], [ -79.81947, 40.28048 ], [ -79.78394, 40.41995 ], [ -79.85265, 40.42796 ], [ -79.86446, 40.38147 ], [ -79.90468, 40.36221 ], [ -79.939, 40.36619 ] ] ], [ [ [ -80.12763, 40.45968 ], [ -80.14505, 40.38991 ], [ -80.042, 40.37809 ], [ -80.09324, 40.45574 ], [ -80.12763, 40.45968 ] ] ], [ [ [ -78.61694, 38.21256 ], [ -78.57149, 38.25475 ], [ -78.55297, 38.3245 ], [ -78.58616, 38.32882 ], [ -78.57382, 38.37531 ], [ -78.67347, 38.38824 ], [ -78.698, 38.29523 ], [ -78.7434, 38.253 ], [ -78.67709, 38.24443 ], [ -78.69545, 38.17465 ], [ -78.61694, 38.21256 ] ] ], [ [ [ -78.38286, 38.44655 ], [ -78.4161, 38.45092 ], [ -78.42233, 38.42768 ], [ -78.38911, 38.42332 ], [ -78.38286, 38.44655 ] ] ], [ [ [ -78.34337, 38.46541 ], [ -78.3371, 38.48865 ], [ -78.37036, 38.49302 ], [ -78.37661, 38.46979 ], [ -78.34337, 38.46541 ] ] ], [ [ [ -78.57382, 38.37531 ], [ -78.495, 38.41314 ], [ -78.47015, 38.5061 ], [ -78.46392, 38.52934 ], [ -78.59708, 38.54666 ], [ -78.56611, 38.66286 ], [ -78.61185, 38.6207 ], [ -78.67853, 38.62931 ], [ -78.66984, 38.53203 ], [ -78.76094, 38.44761 ], [ -78.58852, 38.44937 ], [ -78.57382, 38.37531 ] ] ], [ [ [ -78.2787, 38.57718 ], [ -78.31828, 38.55834 ], [ -78.33083, 38.51188 ], [ -78.29757, 38.50749 ], [ -78.2787, 38.57718 ] ] ], [ [ [ -78.42647, 38.66874 ], [ -78.39939, 38.64115 ], [ -78.40565, 38.61792 ], [ -78.37233, 38.61355 ], [ -78.35979, 38.66001 ], [ -78.42647, 38.66874 ] ] ], [ [ [ -78.31386, 38.70208 ], [ -78.33273, 38.6324 ], [ -78.26609, 38.62363 ], [ -78.20748, 38.71211 ], [ -78.31386, 38.70208 ] ] ], [ [ [ -78.54126, 38.7558 ], [ -78.43482, 38.76601 ], [ -78.41602, 38.83569 ], [ -78.52258, 38.82549 ], [ -78.54126, 38.7558 ] ] ], [ [ [ -78.12805, 38.74971 ], [ -78.08191, 38.7917 ], [ -78.08337, 38.91218 ], [ -78.17574, 38.82819 ], [ -78.20916, 38.83261 ], [ -78.22184, 38.78617 ], [ -78.1821, 38.80498 ], [ -78.1487, 38.80056 ], [ -78.16142, 38.75413 ], [ -78.12805, 38.74971 ] ] ], [ [ [ -77.59869, 39.52092 ], [ -77.49752, 39.50722 ], [ -77.49085, 39.53038 ], [ -77.55832, 39.53953 ], [ -77.54501, 39.58585 ], [ -77.57877, 39.59041 ], [ -77.59869, 39.52092 ] ] ], [ [ [ -77.40353, 39.71104 ], [ -77.36972, 39.70643 ], [ -77.35624, 39.75273 ], [ -77.31566, 39.77126 ], [ -77.3495, 39.77588 ], [ -77.34275, 39.79902 ], [ -77.37661, 39.80363 ], [ -77.38335, 39.78049 ], [ -77.39681, 39.73419 ], [ -77.40353, 39.71104 ] ] ], [ [ [ -77.36987, 39.82678 ], [ -77.336, 39.82217 ], [ -77.32248, 39.86846 ], [ -77.35637, 39.87307 ], [ -77.36987, 39.82678 ] ] ], [ [ [ -77.34286, 39.91936 ], [ -77.32248, 39.86846 ], [ -77.27503, 39.91012 ], [ -77.34286, 39.91936 ] ] ], [ [ [ -77.71705, 40.08993 ], [ -77.69632, 40.03909 ], [ -77.66232, 40.03456 ], [ -77.64899, 40.08087 ], [ -77.71705, 40.08993 ] ] ], [ [ [ -77.18659, 40.09056 ], [ -77.17995, 39.99338 ], [ -77.146, 39.98872 ], [ -77.09835, 40.03031 ], [ -77.07086, 40.12281 ], [ -77.1729, 40.13682 ], [ -77.18659, 40.09056 ] ] ], [ [ [ -76.81725, 40.37665 ], [ -76.88551, 40.38611 ], [ -76.89872, 40.46016 ], [ -77.04238, 40.45586 ], [ -77.02207, 40.40494 ], [ -77.05666, 40.28935 ], [ -76.98848, 40.27997 ], [ -76.98155, 40.30309 ], [ -76.89945, 40.33989 ], [ -76.83124, 40.33043 ], [ -76.81725, 40.37665 ] ] ], [ [ [ -76.57239, 39.66758 ], [ -76.5443, 39.76001 ], [ -76.48938, 39.82451 ], [ -76.41469, 39.83795 ], [ -76.40051, 39.88414 ], [ -76.42726, 39.91208 ], [ -76.52882, 39.92656 ], [ -76.63745, 39.91785 ], [ -76.80079, 39.84447 ], [ -76.85542, 39.77985 ], [ -76.92305, 39.7893 ], [ -76.97123, 39.6274 ], [ -76.90376, 39.61797 ], [ -76.79567, 39.62689 ], [ -76.7818, 39.67313 ], [ -76.63986, 39.67717 ], [ -76.57239, 39.66758 ] ] ], [ [ [ -76.25093, 39.91088 ], [ -76.30617, 39.84648 ], [ -76.23857, 39.83673 ], [ -76.26523, 39.8647 ], [ -76.25093, 39.91088 ] ] ], [ [ [ -76.04803, 39.88145 ], [ -76.03357, 39.9276 ], [ -75.86451, 39.90283 ], [ -75.83531, 39.9951 ], [ -75.78681, 40.03624 ], [ -75.62924, 40.08536 ], [ -75.60704, 40.15451 ], [ -75.66009, 40.21066 ], [ -75.72799, 40.22069 ], [ -75.81519, 40.28179 ], [ -75.95122, 40.30166 ], [ -75.96581, 40.25554 ], [ -75.89784, 40.24562 ], [ -75.83722, 40.21262 ], [ -75.88113, 40.07424 ], [ -75.98282, 40.08911 ], [ -76.0191, 39.97375 ], [ -76.12787, 39.96545 ], [ -76.08904, 39.86329 ], [ -76.08183, 39.88637 ], [ -76.04803, 39.88145 ] ] ], [ [ [ -75.55504, 40.31582 ], [ -75.46804, 40.25457 ], [ -75.41911, 40.29557 ], [ -75.40411, 40.34164 ], [ -75.47211, 40.35179 ], [ -75.53267, 40.38495 ], [ -75.55504, 40.31582 ] ] ], [ [ [ -74.67879, 40.37627 ], [ -74.64768, 40.46823 ], [ -74.72641, 40.55298 ], [ -74.70307, 40.62195 ], [ -74.73716, 40.6272 ], [ -74.7527, 40.58122 ], [ -74.83633, 40.54569 ], [ -74.80227, 40.54046 ], [ -74.78372, 40.48924 ], [ -74.91986, 40.51011 ], [ -74.97694, 40.44628 ], [ -75.11305, 40.46697 ], [ -75.21149, 40.38518 ], [ -75.22664, 40.33913 ], [ -75.11712, 40.34673 ], [ -74.94732, 40.32086 ], [ -74.93965, 40.34387 ], [ -74.80386, 40.32301 ], [ -74.72825, 40.33553 ], [ -74.71275, 40.38152 ], [ -74.67879, 40.37627 ] ] ], [ [ [ -74.52485, 40.61856 ], [ -74.62709, 40.63441 ], [ -74.64272, 40.58844 ], [ -74.54055, 40.5726 ], [ -74.52485, 40.61856 ] ] ], [ [ [ -74.41478, 40.62561 ], [ -74.33081, 40.66088 ], [ -74.29906, 40.75274 ], [ -74.37524, 40.74046 ], [ -74.40936, 40.74579 ], [ -74.42517, 40.69985 ], [ -74.47504, 40.65921 ], [ -74.44884, 40.63093 ], [ -74.41478, 40.62561 ] ] ], [ [ [ -74.29906, 40.75274 ], [ -74.26493, 40.74739 ], [ -74.249, 40.79331 ], [ -74.28314, 40.79867 ], [ -74.29906, 40.75274 ] ] ], [ [ [ -73.30362, 40.61701 ], [ -73.26136, 40.63432 ], [ -73.12552, 40.61184 ], [ -73.06645, 40.67489 ], [ -73.19406, 40.72032 ], [ -73.25305, 40.65722 ], [ -73.30362, 40.61701 ] ] ], [ [ [ -73.60389, 40.88435 ], [ -73.56032, 40.80454 ], [ -73.49216, 40.79347 ], [ -73.45913, 40.88513 ], [ -73.32269, 40.86285 ], [ -73.27192, 40.90307 ], [ -73.25523, 40.94887 ], [ -73.39183, 40.97121 ], [ -73.50262, 40.96497 ], [ -73.51913, 40.91914 ], [ -73.60389, 40.88435 ] ] ], [ [ [ -73.8544, 41.09423 ], [ -73.76799, 41.03197 ], [ -73.58044, 41.05031 ], [ -73.512, 41.03925 ], [ -73.46122, 41.07953 ], [ -73.44462, 41.12534 ], [ -73.51313, 41.13644 ], [ -73.57218, 41.07323 ], [ -73.70917, 41.09526 ], [ -73.71737, 41.07234 ], [ -73.78587, 41.0833 ], [ -73.77769, 41.10623 ], [ -73.84624, 41.11716 ], [ -73.8544, 41.09423 ] ] ], [ [ [ -72.93952, 40.82378 ], [ -72.96484, 40.75513 ], [ -72.80335, 40.70378 ], [ -72.78638, 40.74954 ], [ -72.64192, 40.74947 ], [ -72.62482, 40.79521 ], [ -72.52284, 40.7779 ], [ -72.46303, 40.84069 ], [ -72.37772, 40.87478 ], [ -72.30969, 40.86314 ], [ -72.24958, 40.92582 ], [ -72.13875, 40.93109 ], [ -72.11247, 40.99958 ], [ -72.2575, 41.00019 ], [ -72.23131, 41.0687 ], [ -72.43609, 41.10364 ], [ -72.49618, 41.04088 ], [ -72.56444, 41.05244 ], [ -72.62435, 40.98962 ], [ -72.76082, 41.01257 ], [ -73.16181, 41.00633 ], [ -73.21273, 40.96616 ], [ -73.24616, 40.87456 ], [ -73.10142, 40.87497 ], [ -73.08461, 40.92075 ], [ -72.98231, 40.90378 ], [ -72.93952, 40.82378 ] ] ], [ [ [ -73.40205, 41.14269 ], [ -73.4353, 41.05106 ], [ -73.3327, 41.03435 ], [ -73.31601, 41.08015 ], [ -73.23922, 41.09186 ], [ -73.22246, 41.13765 ], [ -73.08556, 41.11515 ], [ -73.06868, 41.16092 ], [ -72.99174, 41.17249 ], [ -72.94928, 41.28688 ], [ -73.12928, 41.29227 ], [ -73.163, 41.20071 ], [ -73.26582, 41.21754 ], [ -73.28258, 41.17175 ], [ -73.40205, 41.14269 ] ] ], [ [ [ -72.88924, 41.25264 ], [ -72.83779, 41.19551 ], [ -72.78647, 41.33272 ], [ -72.82078, 41.33843 ], [ -72.83788, 41.29269 ], [ -72.88924, 41.25264 ] ] ] ] } },
{ "type": "Feature", "properties": { "ID": 15 }, "geometry": { "type": "MultiPolygon", "coordinates": [ [ [ [ -87.95574, 42.23917 ], [ -87.88732, 42.21169 ], [ -87.8516, 42.20967 ], [ -87.8238, 42.42088 ], [ -87.9672, 42.42893 ], [ -87.97328, 42.38199 ], [ -87.99149, 42.24116 ], [ -87.95574, 42.23917 ] ] ], [ [ [ -81.79065, 42.49832 ], [ -81.81553, 42.54841 ], [ -81.91716, 42.5822 ], [ -81.97788, 42.63574 ], [ -82.18172, 42.70302 ], [ -82.17121, 42.74962 ], [ -82.30918, 42.78655 ], [ -82.3346, 42.83655 ], [ -82.31376, 42.92977 ], [ -82.33402, 43.00308 ], [ -82.44187, 43.01319 ], [ -82.49845, 42.92329 ], [ -82.59072, 42.8367 ], [ -82.65737, 42.86664 ], [ -82.83682, 42.88305 ], [ -82.98541, 42.87269 ], [ -82.99533, 42.82603 ], [ -83.08676, 42.73912 ], [ -83.33765, 42.76129 ], [ -83.41416, 42.7442 ], [ -83.46908, 42.65393 ], [ -83.55014, 42.61342 ], [ -83.6575, 42.62264 ], [ -83.66686, 42.57593 ], [ -83.84573, 42.5911 ], [ -83.86415, 42.49766 ], [ -83.94475, 42.45693 ], [ -84.08762, 42.46881 ], [ -84.11884, 42.49512 ], [ -84.33334, 42.51263 ], [ -84.35585, 42.58564 ], [ -84.42747, 42.5914 ], [ -84.40546, 42.70828 ], [ -84.46405, 42.78414 ], [ -84.45526, 42.8309 ], [ -84.51841, 42.88336 ], [ -84.46924, 42.95064 ], [ -84.44276, 43.09089 ], [ -84.55546, 43.07606 ], [ -84.73599, 43.09013 ], [ -84.74461, 43.04337 ], [ -84.88898, 43.05445 ], [ -84.96541, 43.03655 ], [ -84.97385, 42.98977 ], [ -85.15422, 43.00332 ], [ -85.23051, 42.98528 ], [ -85.51921, 43.00636 ], [ -85.54331, 43.07917 ], [ -85.72407, 43.09202 ], [ -85.6958, 43.04265 ], [ -85.84034, 43.0528 ], [ -85.90103, 43.12806 ], [ -86.0782, 43.16389 ], [ -86.13929, 43.23906 ], [ -86.24809, 43.24636 ], [ -86.26678, 43.12923 ], [ -86.23806, 43.07996 ], [ -86.20189, 43.07754 ], [ -86.22061, 42.96042 ], [ -86.14841, 42.95555 ], [ -86.1597, 42.88528 ], [ -86.12364, 42.88283 ], [ -86.06671, 42.78423 ], [ -86.07427, 42.73739 ], [ -86.18218, 42.74473 ], [ -86.18592, 42.72131 ], [ -86.14996, 42.71887 ], [ -86.18359, 42.50803 ], [ -86.11192, 42.50315 ], [ -86.06664, 42.33425 ], [ -86.10035, 42.1234 ], [ -86.02913, 42.11848 ], [ -86.05537, 41.95448 ], [ -85.98435, 41.94952 ], [ -85.9247, 41.87426 ], [ -85.85759, 41.84582 ], [ -85.71583, 41.83568 ], [ -85.66101, 41.95023 ], [ -85.58219, 41.99192 ], [ -85.56649, 42.08558 ], [ -85.35714, 42.04649 ], [ -85.32963, 41.99703 ], [ -85.41658, 41.90865 ], [ -85.4285, 41.83841 ], [ -85.35766, 41.83315 ], [ -85.38553, 41.66925 ], [ -85.43272, 41.60163 ], [ -85.3701, 41.54953 ], [ -85.39387, 41.40902 ], [ -85.37057, 41.33613 ], [ -85.26517, 41.32818 ], [ -85.25717, 41.37501 ], [ -85.11657, 41.36428 ], [ -85.03813, 41.40569 ], [ -85.02995, 41.4525 ], [ -84.95546, 41.47045 ], [ -84.63882, 41.44545 ], [ -84.63035, 41.49224 ], [ -84.51193, 41.55392 ], [ -84.40627, 41.54533 ], [ -84.32714, 41.58634 ], [ -84.31841, 41.63311 ], [ -84.1774, 41.62146 ], [ -84.16856, 41.66822 ], [ -84.0275, 41.65642 ], [ -83.90365, 41.74096 ], [ -83.86731, 41.92791 ], [ -83.77356, 42.0387 ], [ -83.69339, 42.07934 ], [ -83.67018, 42.19613 ], [ -83.74128, 42.20222 ], [ -83.75837, 42.2987 ], [ -83.54478, 42.28034 ], [ -83.49975, 42.32395 ], [ -83.46185, 42.51074 ], [ -83.38087, 42.5512 ], [ -83.23795, 42.53863 ], [ -83.21857, 42.63199 ], [ -83.09167, 42.71579 ], [ -82.9176, 42.67636 ], [ -82.81027, 42.6666 ], [ -82.80024, 42.71325 ], [ -82.62129, 42.6968 ], [ -82.63653, 42.62684 ], [ -82.56505, 42.62021 ], [ -82.58033, 42.55026 ], [ -82.40191, 42.53353 ], [ -82.41735, 42.4636 ], [ -82.35642, 42.41023 ], [ -82.44813, 42.32372 ], [ -82.46346, 42.25377 ], [ -82.41294, 42.15379 ], [ -82.30143, 42.16697 ], [ -82.13874, 42.24655 ], [ -82.12828, 42.29316 ], [ -81.98623, 42.27935 ], [ -81.8282, 42.33528 ], [ -81.79065, 42.49832 ] ], [ [ -84.40746, 41.92526 ], [ -84.45156, 41.88136 ], [ -84.55779, 41.88991 ], [ -84.57175, 42.00969 ], [ -84.42985, 41.99829 ], [ -84.40746, 41.92526 ] ], [ [ -85.60631, 42.27806 ], [ -85.63415, 42.32747 ], [ -85.48736, 42.34052 ], [ -85.45962, 42.29109 ], [ -85.58244, 42.20524 ], [ -85.60631, 42.27806 ] ] ], [ [ [ -83.7808, 42.9181 ], [ -83.63696, 42.90592 ], [ -83.59154, 42.94955 ], [ -83.57257, 43.04294 ], [ -83.74808, 43.08158 ], [ -83.79349, 43.0379 ], [ -83.7808, 42.9181 ] ] ], [ [ [ -78.73778, 42.83354 ], [ -78.78649, 42.79148 ], [ -78.75089, 42.78722 ], [ -78.73778, 42.83354 ] ] ], [ [ [ -83.87275, 43.37693 ], [ -83.88571, 43.49671 ], [ -83.99467, 43.50568 ], [ -84.01315, 43.41224 ], [ -83.87275, 43.37693 ] ] ], [ [ [ -79.29318, 43.09028 ], [ -79.34573, 43.16808 ], [ -79.447, 43.20358 ], [ -79.46597, 43.134 ], [ -79.35845, 43.1217 ], [ -79.34806, 43.02484 ], [ -79.50377, 42.99484 ], [ -79.51634, 42.94845 ], [ -79.62358, 42.96064 ], [ -79.64228, 42.89104 ], [ -79.49945, 42.87479 ], [ -79.48689, 42.92118 ], [ -79.30199, 42.92385 ], [ -79.12349, 42.90311 ], [ -79.12064, 43.04635 ], [ -79.0655, 43.1117 ], [ -79.28042, 43.13664 ], [ -79.29318, 43.09028 ] ] ], [ [ [ -78.66655, 42.825 ], [ -78.62695, 42.96394 ], [ -78.72746, 42.99994 ], [ -78.77922, 43.07794 ], [ -78.86384, 43.0401 ], [ -78.73404, 42.97677 ], [ -78.76686, 42.86097 ], [ -78.73778, 42.83354 ], [ -78.66655, 42.825 ] ] ], [ [ [ -79.90157, 43.30244 ], [ -79.89028, 43.20562 ], [ -79.85437, 43.20163 ], [ -79.82963, 43.29446 ], [ -79.90157, 43.30244 ] ] ], [ [ [ -76.69148, 42.88573 ], [ -76.65598, 42.88096 ], [ -76.60443, 43.04238 ], [ -76.70386, 43.07976 ], [ -76.81712, 43.19101 ], [ -76.78779, 43.28328 ], [ -76.93079, 43.30217 ], [ -76.98837, 43.23765 ], [ -77.16707, 43.26099 ], [ -77.30299, 43.30261 ], [ -77.41749, 43.29331 ], [ -77.46747, 43.25169 ], [ -77.43879, 43.22402 ], [ -77.47418, 43.10852 ], [ -77.631, 43.08052 ], [ -77.61698, 43.12674 ], [ -77.64569, 43.15438 ], [ -77.71716, 43.16343 ], [ -77.6892, 43.25587 ], [ -77.718, 43.2835 ], [ -77.73985, 43.33424 ], [ -77.8185, 43.32012 ], [ -77.9619, 43.338 ], [ -77.99086, 43.36558 ], [ -78.17031, 43.3877 ], [ -78.17715, 43.36457 ], [ -78.35666, 43.38647 ], [ -78.50708, 43.38068 ], [ -78.49799, 43.28376 ], [ -78.63484, 43.32414 ], [ -78.67075, 43.32842 ], [ -78.68401, 43.28211 ], [ -78.77556, 43.22116 ], [ -78.78872, 43.17484 ], [ -78.64547, 43.15776 ], [ -78.58306, 43.24609 ], [ -78.50468, 43.26061 ], [ -78.36806, 43.22011 ], [ -78.18902, 43.19823 ], [ -78.02529, 43.24995 ], [ -77.96057, 43.21793 ], [ -77.81746, 43.20005 ], [ -77.81642, 43.07997 ], [ -77.89236, 42.82565 ], [ -77.87745, 42.75181 ], [ -77.79263, 42.78908 ], [ -77.76495, 42.88155 ], [ -77.70157, 42.96949 ], [ -77.61634, 43.00666 ], [ -77.4382, 42.98386 ], [ -77.34557, 42.92388 ], [ -77.20333, 42.9054 ], [ -77.12506, 42.91919 ], [ -76.99011, 42.87741 ], [ -77.00454, 42.83125 ], [ -76.96905, 42.82656 ], [ -76.85535, 42.8355 ], [ -76.79896, 42.7799 ], [ -76.78439, 42.82604 ], [ -76.69881, 42.86267 ], [ -76.69148, 42.88573 ] ] ], [ [ [ -79.78125, 43.33687 ], [ -79.84703, 43.36808 ], [ -79.85322, 43.34487 ], [ -79.78125, 43.33687 ] ] ], [ [ [ -76.05266, 42.1241 ], [ -76.06014, 42.10107 ], [ -75.99014, 42.09121 ], [ -75.98264, 42.11425 ], [ -76.05266, 42.1241 ] ] ], [ [ [ -77.01947, 42.665 ], [ -76.94868, 42.65561 ], [ -76.94147, 42.67869 ], [ -76.97687, 42.68339 ], [ -76.96967, 42.70647 ], [ -77.00509, 42.71116 ], [ -77.01947, 42.665 ] ] ], [ [ [ -74.00412, 42.20754 ], [ -73.91779, 42.24253 ], [ -73.88462, 42.33421 ], [ -73.95454, 42.34508 ], [ -74.01429, 42.28173 ], [ -74.00412, 42.20754 ] ] ], [ [ [ -73.63706, 42.70722 ], [ -73.60322, 42.79882 ], [ -73.60453, 42.89591 ], [ -73.81614, 42.92883 ], [ -73.8766, 42.86556 ], [ -73.94712, 42.87643 ], [ -74.01377, 42.69308 ], [ -73.98692, 42.66474 ], [ -73.89818, 42.60262 ], [ -73.92316, 42.53387 ], [ -73.89642, 42.50551 ], [ -73.81634, 42.42041 ], [ -73.83302, 42.37459 ], [ -73.73649, 42.33527 ], [ -73.7335, 42.14103 ], [ -73.80827, 41.93481 ], [ -73.73883, 41.92386 ], [ -73.72904, 41.84964 ], [ -73.67634, 41.79283 ], [ -73.65139, 41.86156 ], [ -73.66246, 42.03292 ], [ -73.72368, 42.06681 ], [ -73.60647, 42.38749 ], [ -73.60777, 42.4846 ], [ -73.67781, 42.49561 ], [ -73.68764, 42.56981 ], [ -73.65395, 42.66142 ], [ -73.70737, 42.71821 ], [ -73.63706, 42.70722 ] ] ], [ [ [ -72.62127, 42.25268 ], [ -72.57739, 42.36688 ], [ -72.69949, 42.33843 ], [ -72.75183, 42.20134 ], [ -72.62127, 42.25268 ] ] ], [ [ [ -76.03579, 42.96472 ], [ -75.99778, 43.07987 ], [ -76.0969, 43.11766 ], [ -76.08172, 43.16372 ], [ -76.23177, 43.16026 ], [ -76.26939, 43.04506 ], [ -76.19828, 43.03531 ], [ -76.18535, 42.96131 ], [ -76.07886, 42.94661 ], [ -76.07129, 42.96964 ], [ -76.03579, 42.96472 ] ] ] ] } },
{ "type": "Feature", "properties": { "ID": 16 }, "geometry": { "type": "MultiPolygon", "coordinates": [ [ [ [ -88.99856, 42.24636 ], [ -88.98795, 42.34032 ], [ -89.09546, 42.3455 ], [ -89.10069, 42.29852 ], [ -89.02907, 42.29508 ], [ -89.03434, 42.24809 ], [ -88.99856, 42.24636 ] ] ], [ [ [ -97.57058, 43.30257 ], [ -97.60893, 43.37281 ], [ -97.682, 43.37199 ], [ -97.72119, 43.46575 ], [ -97.90781, 43.58121 ], [ -97.98419, 43.67442 ], [ -98.20445, 43.6713 ], [ -98.19849, 43.50651 ], [ -98.16021, 43.45996 ], [ -98.2351, 43.50596 ], [ -98.30832, 43.50483 ], [ -98.30209, 43.34004 ], [ -98.37511, 43.33888 ], [ -98.26036, 43.19935 ], [ -98.25776, 43.12873 ], [ -98.17997, 42.98857 ], [ -98.10656, 42.96609 ], [ -97.9614, 42.96811 ], [ -97.9599, 42.92102 ], [ -97.92363, 42.9215 ], [ -97.92511, 42.96859 ], [ -97.74297, 42.94733 ], [ -97.59785, 42.94899 ], [ -97.66977, 42.92463 ], [ -97.66531, 42.7598 ], [ -97.62666, 42.66601 ], [ -97.55443, 42.6668 ], [ -97.51715, 42.62009 ], [ -97.51312, 42.45523 ], [ -97.47544, 42.38495 ], [ -97.40354, 42.38567 ], [ -97.40141, 42.29146 ], [ -97.3286, 42.24503 ], [ -97.3271, 42.17437 ], [ -97.11209, 42.17619 ], [ -97.03964, 42.12961 ], [ -97.03885, 42.0825 ], [ -96.85994, 42.08368 ], [ -96.85929, 42.03656 ], [ -96.46596, 42.03837 ], [ -96.43102, 42.15627 ], [ -96.43233, 42.34472 ], [ -96.28859, 42.34508 ], [ -96.28837, 42.29797 ], [ -96.10883, 42.29821 ], [ -96.10875, 42.2511 ], [ -95.92935, 42.25112 ], [ -95.71482, 42.08596 ], [ -95.71525, 41.99173 ], [ -95.67964, 41.96809 ], [ -95.46533, 41.96746 ], [ -95.46614, 41.87322 ], [ -95.43111, 41.8024 ], [ -95.253, 41.80158 ], [ -95.11185, 41.70653 ], [ -95.11252, 41.6594 ], [ -95.04179, 41.63538 ], [ -94.82863, 41.63379 ], [ -94.79491, 41.53925 ], [ -94.61756, 41.53764 ], [ -94.57996, 41.63154 ], [ -94.5773, 41.74934 ], [ -94.39935, 41.74746 ], [ -94.43377, 41.79497 ], [ -94.29131, 41.79334 ], [ -94.29259, 41.74623 ], [ -93.8656, 41.7405 ], [ -93.86399, 41.78761 ], [ -93.57916, 41.78308 ], [ -93.58007, 41.75953 ], [ -93.04634, 41.74951 ], [ -93.04855, 41.70241 ], [ -92.94305, 41.67662 ], [ -92.44567, 41.66512 ], [ -92.443, 41.71221 ], [ -92.30082, 41.7086 ], [ -92.29804, 41.75569 ], [ -92.19133, 41.75289 ], [ -92.11437, 41.84515 ], [ -91.9719, 41.84122 ], [ -91.8976, 41.88628 ], [ -91.75345, 41.90566 ], [ -91.74705, 41.99981 ], [ -91.53287, 41.99331 ], [ -91.4632, 41.96754 ], [ -91.46661, 41.92047 ], [ -91.35967, 41.91705 ], [ -91.36316, 41.86999 ], [ -91.22249, 41.84178 ], [ -91.22608, 41.79472 ], [ -90.8704, 41.78242 ], [ -90.82707, 41.87524 ], [ -90.64903, 41.86871 ], [ -90.50869, 41.8398 ], [ -90.50456, 41.88684 ], [ -90.21971, 41.87564 ], [ -90.17536, 41.96826 ], [ -90.13971, 41.96681 ], [ -90.2271, 42.18276 ], [ -90.21617, 42.30033 ], [ -90.39328, 42.33091 ], [ -90.38477, 42.42496 ], [ -90.49044, 42.45262 ], [ -90.48626, 42.49965 ], [ -90.59415, 42.50372 ], [ -90.58799, 42.57426 ], [ -90.61991, 42.62263 ], [ -90.65594, 42.62396 ], [ -90.65187, 42.67099 ], [ -90.79615, 42.67623 ], [ -90.80999, 42.51161 ], [ -90.77402, 42.51032 ], [ -90.74203, 42.46198 ], [ -90.74602, 42.41494 ], [ -90.67419, 42.41232 ], [ -90.60645, 42.36262 ], [ -90.54501, 42.24234 ], [ -90.90325, 42.25544 ], [ -91.00886, 42.28273 ], [ -91.33156, 42.29352 ], [ -91.33509, 42.24647 ], [ -91.4426, 42.2499 ], [ -91.47502, 42.29809 ], [ -91.72612, 42.30574 ], [ -91.7245, 42.32927 ], [ -92.26297, 42.3442 ], [ -92.30448, 42.25097 ], [ -92.41204, 42.25368 ], [ -92.48641, 42.20837 ], [ -92.5275, 42.11507 ], [ -92.7064, 42.11928 ], [ -92.70889, 42.07219 ], [ -92.81616, 42.0746 ], [ -92.84954, 42.12248 ], [ -93.17166, 42.12916 ], [ -93.17379, 42.08207 ], [ -93.31687, 42.08481 ], [ -93.35064, 42.13257 ], [ -93.49289, 42.15868 ], [ -93.491, 42.20577 ], [ -93.59853, 42.2076 ], [ -93.59671, 42.2547 ], [ -93.77607, 42.25757 ], [ -93.91879, 42.28326 ], [ -93.91721, 42.33036 ], [ -94.02497, 42.33187 ], [ -94.02646, 42.28477 ], [ -94.27772, 42.28799 ], [ -94.27642, 42.33509 ], [ -94.42011, 42.33673 ], [ -94.41891, 42.38384 ], [ -94.70655, 42.38669 ], [ -94.74203, 42.41056 ], [ -95.02979, 42.41278 ], [ -95.03053, 42.36567 ], [ -95.3181, 42.36731 ], [ -95.31758, 42.41442 ], [ -95.4255, 42.41489 ], [ -95.42507, 42.46199 ], [ -95.53307, 42.46238 ], [ -95.53272, 42.50949 ], [ -95.64081, 42.5098 ], [ -95.71232, 42.62772 ], [ -95.92892, 42.62799 ], [ -95.92886, 42.67509 ], [ -96.18175, 42.675 ], [ -96.18196, 42.74565 ], [ -96.29046, 42.74548 ], [ -96.29024, 42.69837 ], [ -96.39866, 42.69812 ], [ -96.4713, 42.745 ], [ -96.50824, 42.83909 ], [ -96.83423, 42.83759 ], [ -96.83487, 42.88468 ], [ -96.90772, 42.9078 ], [ -97.12528, 42.90629 ], [ -97.12614, 42.95338 ], [ -97.235, 42.9525 ], [ -97.23595, 42.9996 ], [ -97.34489, 42.99864 ], [ -97.34592, 43.04573 ], [ -97.41969, 43.09214 ], [ -97.4953, 43.20915 ], [ -97.56817, 43.20839 ], [ -97.57058, 43.30257 ] ], [ [ -98.16021, 43.45996 ], [ -98.05047, 43.46153 ], [ -98.04888, 43.41445 ], [ -98.15855, 43.41288 ], [ -98.16021, 43.45996 ] ], [ [ -97.85679, 43.1108 ], [ -97.78335, 43.08816 ], [ -97.78198, 43.04107 ], [ -97.92732, 43.03923 ], [ -97.9288, 43.08632 ], [ -97.85679, 43.1108 ] ], [ [ -98.01078, 43.36787 ], [ -97.86466, 43.36979 ], [ -97.86322, 43.3227 ], [ -98.01078, 43.36787 ] ] ], [ [ [ -91.11901, 42.71102 ], [ -91.04304, 42.75562 ], [ -91.03736, 42.82617 ], [ -91.10969, 42.82862 ], [ -91.11901, 42.71102 ] ] ] ] } },
{ "type": "Feature", "properties": { "ID": 17 }, "geometry": { "type": "MultiPolygon", "coordinates": [ [ [ [ -88.67874, 43.12812 ], [ -88.67031, 43.19856 ], [ -88.73739, 43.24914 ], [ -88.88284, 43.25628 ], [ -88.96639, 43.16586 ], [ -88.94092, 43.07017 ], [ -88.95442, 42.95275 ], [ -89.07094, 42.88749 ], [ -89.11762, 42.79525 ], [ -89.1281, 42.70129 ], [ -89.16936, 42.65601 ], [ -89.28255, 42.61407 ], [ -89.42656, 42.62067 ], [ -89.4031, 42.50156 ], [ -89.48488, 42.41082 ], [ -89.59255, 42.41563 ], [ -89.58769, 42.46263 ], [ -89.76495, 42.49398 ], [ -89.76021, 42.54099 ], [ -89.86813, 42.5456 ], [ -89.87744, 42.45158 ], [ -90.12893, 42.462 ], [ -90.12447, 42.50902 ], [ -90.26833, 42.51478 ], [ -90.34242, 42.4941 ], [ -90.37837, 42.4955 ], [ -90.39328, 42.33091 ], [ -90.21617, 42.30033 ], [ -90.2271, 42.18276 ], [ -90.13971, 41.96681 ], [ -90.06841, 41.96388 ], [ -90.08178, 41.8228 ], [ -89.97283, 41.84186 ], [ -89.94181, 41.79333 ], [ -89.69303, 41.78258 ], [ -89.61717, 41.82645 ], [ -89.55333, 41.75274 ], [ -89.55816, 41.70572 ], [ -89.45171, 41.70088 ], [ -89.49451, 41.63198 ], [ -89.50909, 41.49093 ], [ -89.43591, 41.51119 ], [ -89.15298, 41.49787 ], [ -88.925, 41.6285 ], [ -88.9197, 41.6755 ], [ -88.7779, 41.6684 ], [ -88.62509, 41.75512 ], [ -88.61955, 41.8021 ], [ -88.51302, 41.79656 ], [ -88.50739, 41.84354 ], [ -88.43348, 41.86328 ], [ -88.42209, 41.95722 ], [ -88.3307, 42.11781 ], [ -88.15525, 42.08471 ], [ -88.10769, 42.17666 ], [ -88.03627, 42.17272 ], [ -88.02723, 42.24314 ], [ -87.99149, 42.24116 ], [ -87.97328, 42.38199 ], [ -87.97024, 42.40546 ], [ -88.02984, 42.50331 ], [ -88.10165, 42.50725 ], [ -88.12859, 42.57962 ], [ -88.1106, 42.72044 ], [ -88.13764, 42.79281 ], [ -88.12863, 42.86322 ], [ -88.23698, 42.86904 ], [ -88.18893, 42.96099 ], [ -88.11659, 42.9571 ], [ -88.12563, 42.88669 ], [ -87.94503, 42.87681 ], [ -87.86659, 42.91972 ], [ -87.85726, 42.99011 ], [ -87.92962, 42.99413 ], [ -87.90795, 43.15838 ], [ -87.97435, 43.20931 ], [ -88.04698, 43.21327 ], [ -88.05308, 43.16634 ], [ -88.13773, 43.07639 ], [ -88.39145, 43.08983 ], [ -88.38853, 43.1133 ], [ -88.67874, 43.12812 ] ], [ [ -89.10069, 42.29852 ], [ -89.09546, 42.3455 ], [ -88.98795, 42.34032 ], [ -88.99856, 42.24636 ], [ -89.07012, 42.24982 ], [ -89.06488, 42.2968 ], [ -89.10069, 42.29852 ] ] ] ] } },
{ "type": "Feature", "properties": { "ID": 18 }, "geometry": { "type": "MultiPolygon", "coordinates": [ [ [ [ -80.83959, 41.3272 ], [ -80.89819, 41.38122 ], [ -80.91631, 41.45477 ], [ -80.87007, 41.49756 ], [ -80.9695, 41.53203 ], [ -81.10963, 41.54684 ], [ -81.18525, 41.53092 ], [ -81.1927, 41.65097 ], [ -81.29803, 41.66193 ], [ -81.3441, 41.619 ], [ -81.39316, 41.40943 ], [ -81.35045, 41.28575 ], [ -81.297, 41.20862 ], [ -81.0475, 41.2062 ], [ -80.9904, 41.29559 ], [ -80.88573, 41.28441 ], [ -80.83959, 41.3272 ] ] ], [ [ [ -79.83164, 41.62158 ], [ -79.9717, 41.63751 ], [ -80.04771, 41.62219 ], [ -80.02388, 41.71511 ], [ -80.14688, 41.65723 ], [ -80.14142, 41.53713 ], [ -80.07147, 41.52927 ], [ -80.05432, 41.45562 ], [ -79.98447, 41.44771 ], [ -80.00232, 41.37802 ], [ -79.90367, 41.34288 ], [ -79.72945, 41.32286 ], [ -79.70526, 41.41574 ], [ -79.769, 41.44701 ], [ -79.77978, 41.54391 ], [ -79.84971, 41.55191 ], [ -79.83164, 41.62158 ] ] ], [ [ [ -80.00518, 41.92811 ], [ -80.01716, 41.88166 ], [ -79.91169, 41.86976 ], [ -79.89964, 41.9162 ], [ -79.95797, 41.9706 ], [ -80.00518, 41.92811 ] ] ], [ [ [ -80.06362, 41.98246 ], [ -79.99839, 42.09463 ], [ -79.92784, 42.0867 ], [ -79.83301, 42.1716 ], [ -79.98034, 42.1643 ], [ -79.99238, 42.11786 ], [ -80.13359, 42.13362 ], [ -80.2161, 42.09499 ], [ -80.26914, 42.02919 ], [ -80.33967, 42.03696 ], [ -80.42192, 41.9982 ], [ -80.45109, 41.88199 ], [ -80.34554, 41.87041 ], [ -80.33381, 41.91689 ], [ -80.15191, 41.92063 ], [ -80.06362, 41.98246 ] ] ], [ [ [ -86.25527, 42.51288 ], [ -86.18359, 42.50803 ], [ -86.14996, 42.71887 ], [ -86.18592, 42.72131 ], [ -86.14841, 42.95555 ], [ -86.22061, 42.96042 ], [ -86.19201, 42.91114 ], [ -86.2256, 42.70031 ], [ -86.20828, 42.58075 ], [ -86.25527, 42.51288 ] ] ], [ [ [ -79.06108, 42.465 ], [ -78.99022, 42.45661 ], [ -78.92902, 42.5451 ], [ -78.90315, 42.63778 ], [ -78.81911, 42.67565 ], [ -78.78649, 42.79148 ], [ -78.82209, 42.79573 ], [ -78.8837, 42.70729 ], [ -78.95482, 42.71573 ], [ -79.08722, 42.63562 ], [ -79.11281, 42.5429 ], [ -79.2611, 42.53634 ], [ -79.32182, 42.44772 ], [ -79.44067, 42.41365 ], [ -79.45317, 42.36726 ], [ -79.3053, 42.37402 ], [ -79.24462, 42.46264 ], [ -79.06108, 42.465 ] ] ], [ [ [ -79.12349, 42.90311 ], [ -78.9743, 42.90953 ], [ -79.03276, 42.96427 ], [ -79.04911, 43.03799 ], [ -79.12064, 43.04635 ], [ -79.12349, 42.90311 ] ] ], [ [ [ -79.34573, 43.16808 ], [ -79.29318, 43.09028 ], [ -79.27403, 43.15983 ], [ -79.34573, 43.16808 ] ] ], [ [ [ -79.45965, 43.15719 ], [ -79.447, 43.20358 ], [ -79.48288, 43.20766 ], [ -79.45965, 43.15719 ] ] ], [ [ [ -78.77556, 43.22116 ], [ -78.68401, 43.28211 ], [ -78.67075, 43.32842 ], [ -78.77848, 43.34123 ], [ -78.79167, 43.2949 ], [ -78.94181, 43.28867 ], [ -78.95487, 43.24233 ], [ -79.10486, 43.23593 ], [ -79.10131, 43.11588 ], [ -79.0655, 43.1117 ], [ -78.9158, 43.11806 ], [ -78.90275, 43.16439 ], [ -78.83111, 43.15593 ], [ -78.78214, 43.198 ], [ -78.77556, 43.22116 ] ] ], [ [ [ -74.2718, 41.76499 ], [ -74.24751, 41.83383 ], [ -74.16183, 41.86897 ], [ -74.11287, 42.00658 ], [ -74.27645, 41.95925 ], [ -74.32501, 41.82158 ], [ -74.46389, 41.84287 ], [ -74.50664, 41.82522 ], [ -74.56257, 41.66449 ], [ -74.4933, 41.65391 ], [ -74.5332, 41.5391 ], [ -74.63693, 41.55494 ], [ -74.66069, 41.48603 ], [ -75.07571, 41.54854 ], [ -74.93395, 41.4307 ], [ -74.86488, 41.42029 ], [ -74.91175, 41.28238 ], [ -74.9773, 41.1956 ], [ -75.14946, 41.22142 ], [ -75.2758, 41.16778 ], [ -75.37512, 41.08593 ], [ -75.40548, 40.99385 ], [ -75.56548, 40.94503 ], [ -75.70284, 40.96513 ], [ -75.7148, 41.03925 ], [ -75.78359, 41.04924 ], [ -75.84771, 40.96206 ], [ -75.9582, 40.95389 ], [ -75.91385, 41.09218 ], [ -75.85713, 41.15634 ], [ -75.8916, 41.16131 ], [ -75.87674, 41.20739 ], [ -75.91124, 41.21236 ], [ -75.88151, 41.30452 ], [ -75.83203, 41.34563 ], [ -75.73585, 41.30763 ], [ -75.74335, 41.2846 ], [ -75.70882, 41.2796 ], [ -75.6637, 41.41777 ], [ -75.72538, 41.45082 ], [ -75.68772, 41.56596 ], [ -75.7617, 41.67307 ], [ -75.80396, 41.65503 ], [ -75.97771, 41.67983 ], [ -76.06718, 41.7407 ], [ -76.29626, 41.82103 ], [ -76.43577, 41.84041 ], [ -76.4764, 41.9423 ], [ -76.44715, 42.03454 ], [ -76.58718, 42.05377 ], [ -76.64397, 41.98935 ], [ -76.58127, 41.95671 ], [ -76.58262, 41.83658 ], [ -76.66687, 41.80001 ], [ -76.76536, 41.71722 ], [ -76.6188, 41.72123 ], [ -76.44468, 41.69721 ], [ -76.31282, 41.65478 ], [ -76.30004, 41.58075 ], [ -76.23793, 41.54795 ], [ -76.06444, 41.52346 ], [ -76.03717, 41.49549 ], [ -76.0889, 41.33416 ], [ -76.15808, 41.34397 ], [ -76.17277, 41.29786 ], [ -76.21466, 41.27969 ], [ -76.38754, 41.304 ], [ -76.3948, 41.28094 ], [ -76.52594, 41.3233 ], [ -76.76834, 41.35675 ], [ -76.77449, 41.45383 ], [ -76.88571, 41.44495 ], [ -77.02457, 41.46376 ], [ -77.08739, 41.37604 ], [ -77.15676, 41.38537 ], [ -77.21236, 41.3207 ], [ -77.28169, 41.32996 ], [ -77.30251, 41.3808 ], [ -77.39973, 41.41774 ], [ -77.44792, 41.25591 ], [ -77.57288, 41.32043 ], [ -77.70489, 41.3617 ], [ -77.91329, 41.38867 ], [ -77.98948, 41.37445 ], [ -78.05086, 41.28631 ], [ -78.00147, 41.20798 ], [ -78.10546, 41.22129 ], [ -78.15994, 41.15625 ], [ -78.24236, 41.11873 ], [ -78.38089, 41.13622 ], [ -78.43502, 41.07107 ], [ -78.59922, 40.99566 ], [ -78.70298, 41.00853 ], [ -78.67101, 41.12444 ], [ -78.52832, 41.25058 ], [ -78.63248, 41.2635 ], [ -78.68646, 41.19826 ], [ -78.82529, 41.21531 ], [ -78.90739, 41.17741 ], [ -78.91371, 41.15423 ], [ -79.12192, 41.17943 ], [ -79.17532, 41.11399 ], [ -79.25708, 41.07589 ], [ -79.36111, 41.08827 ], [ -79.3734, 41.04185 ], [ -79.61171, 40.95027 ], [ -79.67043, 40.86141 ], [ -79.73959, 40.86948 ], [ -79.75755, 40.79978 ], [ -79.71101, 40.84222 ], [ -79.57277, 40.82603 ], [ -79.49152, 40.86432 ], [ -79.47521, 40.79057 ], [ -79.41227, 40.75916 ], [ -79.2398, 40.73853 ], [ -79.1081, 40.69867 ], [ -79.13907, 40.58262 ], [ -79.0889, 40.50463 ], [ -79.10127, 40.45821 ], [ -78.99832, 40.44563 ], [ -79.02937, 40.32958 ], [ -79.26183, 40.11825 ], [ -79.33015, 40.12652 ], [ -79.37642, 40.08418 ], [ -79.43069, 39.87506 ], [ -79.3286, 39.86271 ], [ -79.27269, 39.80796 ], [ -79.38884, 39.63031 ], [ -79.52449, 39.6467 ], [ -79.60156, 39.34437 ], [ -79.58717, 39.12686 ], [ -79.62083, 39.13092 ], [ -79.63257, 39.08438 ], [ -79.50396, 39.04482 ], [ -79.51577, 38.99828 ], [ -79.3874, 38.95861 ], [ -79.36956, 39.02839 ], [ -79.47035, 39.04072 ], [ -79.44664, 39.13378 ], [ -79.40109, 39.17619 ], [ -79.34571, 39.12143 ], [ -79.27844, 39.11316 ], [ -79.27244, 39.13641 ], [ -79.18708, 39.19785 ], [ -79.16291, 39.29083 ], [ -79.19663, 39.295 ], [ -79.22432, 39.32241 ], [ -79.20015, 39.41539 ], [ -79.14817, 39.48094 ], [ -79.16377, 39.55482 ], [ -79.0284, 39.53807 ], [ -79.00388, 39.63099 ], [ -78.91143, 39.71545 ], [ -78.87752, 39.71121 ], [ -78.8465, 39.8273 ], [ -78.76607, 39.86521 ], [ -78.69708, 40.12048 ], [ -78.6162, 40.15829 ], [ -78.59084, 40.25107 ], [ -78.50974, 40.28882 ], [ -78.43927, 40.54385 ], [ -78.3318, 40.6742 ], [ -78.25001, 40.71178 ], [ -78.14026, 40.72173 ], [ -77.93395, 40.69509 ], [ -77.90073, 40.81084 ], [ -77.90856, 40.90791 ], [ -77.785, 40.96388 ], [ -77.71681, 41.07507 ], [ -77.64092, 41.08915 ], [ -77.62735, 41.13541 ], [ -77.48904, 41.11718 ], [ -77.40618, 41.15426 ], [ -77.30248, 41.26063 ], [ -77.16398, 41.24208 ], [ -77.15003, 41.2883 ], [ -77.07376, 41.30207 ], [ -76.90063, 41.27859 ], [ -76.82431, 41.29223 ], [ -76.65845, 41.24537 ], [ -76.67989, 41.17612 ], [ -76.58346, 41.13869 ], [ -76.41096, 41.11462 ], [ -76.28033, 41.07214 ], [ -76.20413, 41.08545 ], [ -76.19889, 40.98831 ], [ -76.33654, 41.0078 ], [ -76.36548, 40.91552 ], [ -76.47735, 40.78673 ], [ -76.46455, 40.71267 ], [ -76.35455, 40.72123 ], [ -76.21751, 40.70176 ], [ -76.20299, 40.74789 ], [ -76.00477, 40.69535 ], [ -75.8995, 40.80073 ], [ -75.73268, 40.87298 ], [ -75.588, 40.87593 ], [ -75.57299, 40.922 ], [ -75.46251, 40.92986 ], [ -75.3253, 40.90952 ], [ -75.29486, 41.00159 ], [ -75.16887, 41.05525 ], [ -75.03148, 41.03463 ], [ -74.98941, 41.05245 ], [ -74.85209, 41.03166 ], [ -74.75218, 41.11315 ], [ -74.73651, 41.15911 ], [ -74.65989, 41.17158 ], [ -74.59393, 41.25821 ], [ -74.53844, 41.41899 ], [ -74.50394, 41.41369 ], [ -74.44008, 41.59738 ], [ -74.34679, 41.65559 ], [ -74.31455, 41.74739 ], [ -74.27989, 41.74205 ], [ -74.2718, 41.76499 ] ], [ [ -77.67623, 41.21387 ], [ -77.75226, 41.19977 ], [ -77.76575, 41.1535 ], [ -77.90422, 41.17146 ], [ -77.88413, 41.24088 ], [ -77.79459, 41.30132 ], [ -77.69054, 41.28779 ], [ -77.67623, 41.21387 ] ] ], [ [ [ -76.98452, 41.12163 ], [ -77.03258, 41.20031 ], [ -77.13635, 41.21432 ], [ -77.21945, 41.17741 ], [ -77.33012, 41.16817 ], [ -77.39222, 41.0803 ], [ -77.46132, 41.08948 ], [ -77.48866, 40.99698 ], [ -77.68825, 40.9272 ], [ -77.83188, 40.80188 ], [ -77.85189, 40.73244 ], [ -77.7965, 40.67715 ], [ -77.65912, 40.65908 ], [ -77.61131, 40.70082 ], [ -77.63218, 40.75164 ], [ -77.52227, 40.76112 ], [ -77.35044, 40.73818 ], [ -77.30236, 40.77981 ], [ -77.27485, 40.87229 ], [ -77.11637, 40.92305 ], [ -77.09549, 40.99237 ], [ -77.01257, 41.02922 ], [ -76.98452, 41.12163 ] ] ], [ [ [ -74.41686, 41.03737 ], [ -74.36112, 41.19811 ], [ -74.49864, 41.21937 ], [ -74.53034, 41.1275 ], [ -74.68057, 41.00547 ], [ -74.75698, 40.99299 ], [ -74.81155, 40.83207 ], [ -74.74314, 40.8216 ], [ -74.7119, 40.91354 ], [ -74.64342, 40.90303 ], [ -74.61986, 40.97197 ], [ -74.44859, 40.9455 ], [ -74.41686, 41.03737 ] ] ], [ [ [ -76.93765, 42.10125 ], [ -76.83245, 42.08709 ], [ -76.77578, 42.15158 ], [ -76.91618, 42.17049 ], [ -76.93765, 42.10125 ] ] ], [ [ [ -76.15774, 42.13883 ], [ -76.30531, 42.13529 ], [ -76.32007, 42.08918 ], [ -76.22245, 42.05153 ], [ -76.08253, 42.03195 ], [ -76.06761, 42.07803 ], [ -76.03262, 42.07311 ], [ -76.02513, 42.09614 ], [ -76.06014, 42.10107 ], [ -76.05266, 42.1241 ], [ -76.15774, 42.13883 ] ] ], [ [ [ -73.69295, 41.74701 ], [ -73.71782, 41.67826 ], [ -73.64868, 41.66727 ], [ -73.69839, 41.52979 ], [ -73.51768, 41.52513 ], [ -73.4843, 41.61674 ], [ -73.37237, 41.62297 ], [ -73.32018, 41.56603 ], [ -73.19987, 41.59501 ], [ -73.13091, 41.58377 ], [ -73.06242, 41.66965 ], [ -72.95891, 41.65267 ], [ -72.89029, 41.83561 ], [ -72.86445, 41.9042 ], [ -73.003, 41.92691 ], [ -73.03724, 41.83542 ], [ -73.14959, 41.82946 ], [ -73.18357, 41.73793 ], [ -73.26961, 41.70337 ], [ -73.43405, 41.75414 ], [ -73.44347, 41.82839 ], [ -73.51275, 41.83948 ], [ -73.59875, 41.80473 ], [ -73.62374, 41.736 ], [ -73.69295, 41.74701 ] ] ], [ [ [ -72.41598, 41.63519 ], [ -72.34712, 41.62357 ], [ -72.31199, 41.7149 ], [ -72.32818, 41.86353 ], [ -72.42309, 41.90379 ], [ -72.5106, 41.6754 ], [ -72.41598, 41.63519 ] ] ], [ [ [ -72.8126, 42.04136 ], [ -72.85595, 42.0242 ], [ -72.89046, 41.93275 ], [ -72.82119, 41.92136 ], [ -72.84719, 41.94992 ], [ -72.8126, 42.04136 ] ] ], [ [ [ -76.79896, 42.7799 ], [ -76.85535, 42.8355 ], [ -76.96905, 42.82656 ], [ -76.9408, 42.79878 ], [ -76.93425, 42.70177 ], [ -76.96967, 42.70647 ], [ -76.97687, 42.68339 ], [ -76.94147, 42.67869 ], [ -76.94868, 42.65561 ], [ -77.09028, 42.67435 ], [ -77.11887, 42.582 ], [ -77.18269, 42.4943 ], [ -77.1192, 42.46191 ], [ -77.08351, 42.57734 ], [ -76.99846, 42.61415 ], [ -76.94214, 42.5586 ], [ -76.9709, 42.46628 ], [ -76.90035, 42.45687 ], [ -76.92193, 42.38763 ], [ -76.85148, 42.3782 ], [ -76.82981, 42.44742 ], [ -76.89314, 42.47995 ], [ -76.82168, 42.59059 ], [ -76.65235, 42.54376 ], [ -76.59641, 42.48807 ], [ -76.47012, 42.42274 ], [ -76.44801, 42.49191 ], [ -76.51854, 42.50154 ], [ -76.49646, 42.57071 ], [ -76.60841, 42.68214 ], [ -76.64379, 42.68692 ], [ -76.63646, 42.70998 ], [ -76.70726, 42.71952 ], [ -76.7708, 42.75209 ], [ -76.80624, 42.75683 ], [ -76.79896, 42.7799 ] ] ], [ [ [ -76.64988, 42.78394 ], [ -76.75622, 42.79822 ], [ -76.7708, 42.75209 ], [ -76.66454, 42.73782 ], [ -76.64988, 42.78394 ] ] ], [ [ [ -78.63484, 43.32414 ], [ -78.49799, 43.28376 ], [ -78.50708, 43.38068 ], [ -78.63484, 43.32414 ] ] ], [ [ [ -71.42439, 42.46354 ], [ -71.35481, 42.45145 ], [ -71.28291, 42.53643 ], [ -71.35258, 42.54855 ], [ -71.35962, 42.62289 ], [ -71.4294, 42.63498 ], [ -71.39668, 42.53184 ], [ -71.42439, 42.46354 ] ] ], [ [ [ -70.8884, 42.85749 ], [ -70.8664, 43.00002 ], [ -70.93651, 43.01235 ], [ -70.89848, 43.10327 ], [ -70.96872, 43.11558 ], [ -71.07413, 43.13398 ], [ -71.08358, 43.11124 ], [ -71.11872, 43.11735 ], [ -71.16584, 43.00363 ], [ -71.20092, 43.00972 ], [ -71.19402, 42.93539 ], [ -71.27585, 42.82771 ], [ -71.32246, 42.71393 ], [ -71.25261, 42.70179 ], [ -71.23394, 42.74729 ], [ -71.10098, 42.79724 ], [ -70.97065, 42.74998 ], [ -70.85343, 42.85132 ], [ -70.8884, 42.85749 ] ] ] ] } },
{ "type": "Feature", "properties": { "ID": 19 }, "geometry": { "type": "MultiPolygon", "coordinates": [ [ [ [ -90.69688, 41.30405 ], [ -90.62631, 41.3014 ], [ -90.61628, 41.41905 ], [ -90.7577, 41.42433 ], [ -90.76551, 41.3302 ], [ -90.69491, 41.32758 ], [ -90.69688, 41.30405 ] ] ], [ [ [ -90.17536, 41.96826 ], [ -90.21971, 41.87564 ], [ -90.50456, 41.88684 ], [ -90.50869, 41.8398 ], [ -90.64903, 41.86871 ], [ -90.82707, 41.87524 ], [ -90.8704, 41.78242 ], [ -91.22608, 41.79472 ], [ -91.22249, 41.84178 ], [ -91.36316, 41.86999 ], [ -91.35967, 41.91705 ], [ -91.46661, 41.92047 ], [ -91.4632, 41.96754 ], [ -91.53287, 41.99331 ], [ -91.74705, 41.99981 ], [ -91.75345, 41.90566 ], [ -91.8976, 41.88628 ], [ -91.9719, 41.84122 ], [ -92.11437, 41.84515 ], [ -92.19133, 41.75289 ], [ -92.29804, 41.75569 ], [ -92.30082, 41.7086 ], [ -92.443, 41.71221 ], [ -92.44567, 41.66512 ], [ -92.94305, 41.67662 ], [ -93.04855, 41.70241 ], [ -93.04634, 41.74951 ], [ -93.58007, 41.75953 ], [ -93.57916, 41.78308 ], [ -93.86399, 41.78761 ], [ -93.8656, 41.7405 ], [ -94.29259, 41.74623 ], [ -94.29131, 41.79334 ], [ -94.43377, 41.79497 ], [ -94.39935, 41.74746 ], [ -94.5773, 41.74934 ], [ -94.57996, 41.63154 ], [ -94.61756, 41.53764 ], [ -94.79491, 41.53925 ], [ -94.82863, 41.63379 ], [ -95.04179, 41.63538 ], [ -95.11252, 41.6594 ], [ -95.11185, 41.70653 ], [ -95.253, 41.80158 ], [ -95.43111, 41.8024 ], [ -95.46614, 41.87322 ], [ -95.46533, 41.96746 ], [ -95.67964, 41.96809 ], [ -95.71525, 41.99173 ], [ -95.71482, 42.08596 ], [ -95.92935, 42.25112 ], [ -96.10875, 42.2511 ], [ -96.10883, 42.29821 ], [ -96.28837, 42.29797 ], [ -96.28859, 42.34508 ], [ -96.43233, 42.34472 ], [ -96.43102, 42.15627 ], [ -96.46596, 42.03837 ], [ -96.85929, 42.03656 ], [ -96.85994, 42.08368 ], [ -97.03885, 42.0825 ], [ -97.03964, 42.12961 ], [ -97.11209, 42.17619 ], [ -97.29126, 42.17469 ], [ -97.29029, 42.12758 ], [ -97.21776, 42.08109 ], [ -97.18064, 42.01072 ], [ -97.10916, 42.01129 ], [ -97.0718, 41.91733 ], [ -97.00043, 41.91785 ], [ -96.96329, 41.82386 ], [ -96.89168, 41.80076 ], [ -96.71357, 41.80175 ], [ -96.71304, 41.75463 ], [ -96.32148, 41.75605 ], [ -96.25075, 41.87399 ], [ -96.2516, 42.08602 ], [ -96.21598, 42.1332 ], [ -96.0011, 42.13336 ], [ -95.96532, 42.08624 ], [ -95.96541, 41.92133 ], [ -95.92972, 41.92132 ], [ -95.9299, 41.75639 ], [ -95.85871, 41.75634 ], [ -95.85892, 41.66209 ], [ -95.75229, 41.66194 ], [ -95.75275, 41.54412 ], [ -95.71748, 41.49693 ], [ -95.61113, 41.49668 ], [ -95.61142, 41.44954 ], [ -95.54075, 41.42577 ], [ -95.54109, 41.37863 ], [ -95.36417, 41.37795 ], [ -95.29472, 41.25978 ], [ -95.11814, 41.25879 ], [ -95.11879, 41.21165 ], [ -94.94235, 41.21045 ], [ -94.94313, 41.16331 ], [ -94.55527, 41.15989 ], [ -94.55581, 41.13632 ], [ -94.3091, 41.13359 ], [ -94.1322, 41.15495 ], [ -94.13081, 41.20208 ], [ -94.05953, 41.2247 ], [ -94.05736, 41.29539 ], [ -93.9867, 41.29441 ], [ -93.98294, 41.41222 ], [ -93.87676, 41.41068 ], [ -93.83975, 41.45727 ], [ -93.83571, 41.57506 ], [ -93.79692, 41.66875 ], [ -93.72414, 41.71475 ], [ -93.61745, 41.71301 ], [ -93.54817, 41.6647 ], [ -93.51543, 41.59342 ], [ -93.44636, 41.54506 ], [ -93.23358, 41.54109 ], [ -93.23565, 41.49398 ], [ -92.98762, 41.48895 ], [ -92.98537, 41.53606 ], [ -92.84474, 41.50944 ], [ -92.84709, 41.46234 ], [ -92.20983, 41.44681 ], [ -92.13327, 41.53909 ], [ -91.84974, 41.53112 ], [ -91.84663, 41.5782 ], [ -91.74025, 41.57507 ], [ -91.66609, 41.62001 ], [ -91.62405, 41.71308 ], [ -91.44639, 41.70754 ], [ -91.41945, 41.58872 ], [ -91.1358, 41.57934 ], [ -91.13944, 41.53227 ], [ -90.99962, 41.50383 ], [ -91.00336, 41.45677 ], [ -90.75574, 41.44786 ], [ -90.75182, 41.49492 ], [ -90.67307, 41.58641 ], [ -90.31869, 41.57273 ], [ -90.24998, 41.54637 ], [ -90.29393, 41.4537 ], [ -90.44162, 41.38872 ], [ -90.44577, 41.34167 ], [ -90.41463, 41.29323 ], [ -90.34408, 41.29044 ], [ -90.2778, 41.24056 ], [ -90.24898, 41.16855 ], [ -89.93223, 41.15533 ], [ -89.92997, 41.17885 ], [ -89.7188, 41.16965 ], [ -89.65314, 41.11947 ], [ -89.60848, 41.21196 ], [ -89.53325, 41.2558 ], [ -89.49075, 41.32473 ], [ -89.42021, 41.32148 ], [ -89.38001, 41.36686 ], [ -89.36517, 41.50792 ], [ -89.43591, 41.51119 ], [ -89.50909, 41.49093 ], [ -89.49451, 41.63198 ], [ -89.45171, 41.70088 ], [ -89.55816, 41.70572 ], [ -89.55333, 41.75274 ], [ -89.61717, 41.82645 ], [ -89.69303, 41.78258 ], [ -89.94181, 41.79333 ], [ -89.97283, 41.84186 ], [ -90.08178, 41.8228 ], [ -90.06841, 41.96388 ], [ -90.17536, 41.96826 ] ] ], [ [ [ -97.0718, 41.91733 ], [ -97.21455, 41.9162 ], [ -97.21226, 41.7984 ], [ -97.14146, 41.82255 ], [ -97.14231, 41.86967 ], [ -97.0718, 41.91733 ] ] ], [ [ [ -89.07012, 42.24982 ], [ -89.03434, 42.24809 ], [ -89.02907, 42.29508 ], [ -89.06488, 42.2968 ], [ -89.07012, 42.24982 ] ] ], [ [ [ -97.7745, 42.78206 ], [ -97.66595, 42.78334 ], [ -97.6685, 42.87753 ], [ -97.84969, 42.87535 ], [ -97.77586, 42.82916 ], [ -97.7745, 42.78206 ] ] ], [ [ [ -98.03087, 42.87294 ], [ -97.9584, 42.87393 ], [ -97.9614, 42.96811 ], [ -98.03398, 42.96712 ], [ -98.03087, 42.87294 ] ] ], [ [ [ -98.40329, 43.12641 ], [ -98.36872, 43.17409 ], [ -98.25949, 43.17581 ], [ -98.26036, 43.19935 ], [ -98.44154, 43.17289 ], [ -98.40329, 43.12641 ] ] ] ] } },
{ "type": "Feature", "properties": { "ID": 20 }, "geometry": { "type": "MultiPolygon", "coordinates": [ [ [ [ -73.64551, 42.68432 ], [ -73.68064, 42.68982 ], [ -73.67221, 42.71272 ], [ -73.70737, 42.71821 ], [ -73.65395, 42.66142 ], [ -73.64551, 42.68432 ] ], [ [ -86.72172, 41.33624 ], [ -86.69346, 41.28702 ], [ -86.73552, 41.24241 ], [ -86.84095, 41.24927 ], [ -86.82731, 41.34311 ], [ -86.72172, 41.33624 ] ], [ [ -87.8313, 42.0903 ], [ -87.85775, 42.16273 ], [ -88.03627, 42.17272 ], [ -88.02723, 42.24314 ], [ -87.95574, 42.23917 ], [ -87.88732, 42.21169 ], [ -87.75378, 42.13316 ], [ -87.76, 42.08622 ], [ -87.8313, 42.0903 ] ], [ [ -85.63415, 42.32747 ], [ -85.48736, 42.34052 ], [ -85.45962, 42.29109 ], [ -85.58244, 42.20524 ], [ -85.60631, 42.27806 ], [ -85.63415, 42.32747 ] ], [ [ -83.60001, 41.64354 ], [ -83.49434, 41.63428 ], [ -83.44505, 41.70124 ], [ -83.4145, 41.67477 ], [ -83.23835, 41.65907 ], [ -83.18229, 41.58268 ], [ -83.07678, 41.57311 ], [ -83.10085, 41.45638 ], [ -83.00041, 41.4234 ], [ -82.82507, 41.40718 ], [ -82.81525, 41.45386 ], [ -82.66998, 41.46406 ], [ -82.6799, 41.41739 ], [ -82.54471, 41.38079 ], [ -82.57468, 41.2408 ], [ -82.69931, 41.15738 ], [ -82.839, 41.1705 ], [ -82.84875, 41.12381 ], [ -82.98839, 41.13678 ], [ -83.0774, 41.0498 ], [ -83.12031, 40.83958 ], [ -83.15507, 40.84277 ], [ -83.18345, 40.70259 ], [ -83.07326, 40.54964 ], [ -83.10169, 40.40944 ], [ -83.27437, 40.42533 ], [ -83.2837, 40.37858 ], [ -83.38727, 40.388 ], [ -83.43562, 40.32098 ], [ -83.50462, 40.3272 ], [ -83.51376, 40.28043 ], [ -83.54824, 40.28353 ], [ -83.52542, 40.40045 ], [ -83.59451, 40.40662 ], [ -83.5763, 40.50016 ], [ -83.71473, 40.51242 ], [ -83.76862, 40.23173 ], [ -83.73864, 40.2053 ], [ -83.87646, 40.2174 ], [ -83.92858, 40.1268 ], [ -84.1007, 40.14168 ], [ -84.23415, 40.17683 ], [ -84.24274, 40.13001 ], [ -84.39745, 40.04795 ], [ -84.4059, 40.00111 ], [ -84.50903, 40.00971 ], [ -84.5174, 39.96286 ], [ -84.66723, 39.90391 ], [ -84.90762, 39.9234 ], [ -84.91569, 39.87653 ], [ -85.05302, 39.88747 ], [ -85.20611, 39.80449 ], [ -85.25603, 39.71336 ], [ -85.36267, 39.69788 ], [ -85.53396, 39.71099 ], [ -85.52636, 39.75791 ], [ -85.59116, 39.78655 ], [ -85.69409, 39.79428 ], [ -85.69035, 39.81774 ], [ -85.81657, 39.89831 ], [ -85.89764, 40.04664 ], [ -86.06633, 40.08255 ], [ -86.07358, 40.03562 ], [ -86.17697, 40.04298 ], [ -86.18413, 39.99604 ], [ -86.28747, 40.00332 ], [ -86.3634, 39.96118 ], [ -86.4875, 39.82744 ], [ -86.49442, 39.78048 ], [ -86.66614, 39.79218 ], [ -86.65935, 39.83916 ], [ -86.75239, 39.91654 ], [ -86.73214, 40.05745 ], [ -86.75651, 40.13019 ], [ -86.82223, 40.15825 ], [ -86.80205, 40.29913 ], [ -86.72601, 40.3415 ], [ -86.69188, 40.57622 ], [ -86.90056, 40.58994 ], [ -86.90726, 40.54299 ], [ -87.01155, 40.54972 ], [ -87.01816, 40.50277 ], [ -87.0942, 40.46025 ], [ -87.23634, 40.44555 ], [ -87.40997, 40.45633 ], [ -87.47317, 40.50756 ], [ -87.45117, 40.67197 ], [ -87.41632, 40.66984 ], [ -87.42265, 40.62287 ], [ -87.28337, 40.61428 ], [ -87.16593, 40.70166 ], [ -87.15288, 40.79557 ], [ -87.11141, 40.84031 ], [ -87.04155, 40.83588 ], [ -86.99331, 40.92753 ], [ -86.91664, 40.96998 ], [ -86.63676, 40.95166 ], [ -86.46544, 40.91647 ], [ -86.4234, 40.96101 ], [ -86.44068, 41.08065 ], [ -86.61591, 41.09241 ], [ -86.64055, 41.16511 ], [ -86.62663, 41.25893 ], [ -86.54931, 41.30116 ], [ -86.53875, 41.37152 ], [ -86.7148, 41.38315 ], [ -86.82731, 41.34311 ], [ -86.86251, 41.34538 ], [ -86.89304, 41.13423 ], [ -86.96657, 41.11527 ], [ -86.94304, 41.27952 ], [ -87.15409, 41.29285 ], [ -87.1475, 41.33978 ], [ -87.24988, 41.3698 ], [ -87.23354, 41.48714 ], [ -87.31999, 41.63442 ], [ -87.07239, 41.61913 ], [ -87.0657, 41.66604 ], [ -86.95955, 41.65935 ], [ -86.95278, 41.70626 ], [ -86.84657, 41.69949 ], [ -86.76886, 41.74183 ], [ -86.71952, 41.83333 ], [ -86.61312, 41.82638 ], [ -86.59194, 41.96705 ], [ -86.46021, 42.12408 ], [ -86.38171, 42.1662 ], [ -86.2035, 42.15416 ], [ -86.13596, 42.12586 ], [ -86.09288, 42.17026 ], [ -86.10035, 42.1234 ], [ -86.02913, 42.11848 ], [ -86.05537, 41.95448 ], [ -85.98435, 41.94952 ], [ -85.9247, 41.87426 ], [ -85.85759, 41.84582 ], [ -85.71583, 41.83568 ], [ -85.66101, 41.95023 ], [ -85.58219, 41.99192 ], [ -85.56649, 42.08558 ], [ -85.35714, 42.04649 ], [ -85.32963, 41.99703 ], [ -85.41658, 41.90865 ], [ -85.4285, 41.83841 ], [ -85.35766, 41.83315 ], [ -85.38553, 41.66925 ], [ -85.43272, 41.60163 ], [ -85.3701, 41.54953 ], [ -85.39387, 41.40902 ], [ -85.37057, 41.33613 ], [ -85.26517, 41.32818 ], [ -85.25717, 41.37501 ], [ -85.11657, 41.36428 ], [ -85.03813, 41.40569 ], [ -85.02995, 41.4525 ], [ -84.95546, 41.47045 ], [ -84.63882, 41.44545 ], [ -84.63035, 41.49224 ], [ -84.51193, 41.55392 ], [ -84.40627, 41.54533 ], [ -84.32714, 41.58634 ], [ -84.31841, 41.63311 ], [ -84.1774, 41.62146 ], [ -84.16856, 41.66822 ], [ -84.0275, 41.65642 ], [ -83.90365, 41.74096 ], [ -83.86731, 41.92791 ], [ -83.77356, 42.0387 ], [ -83.69339, 42.07934 ], [ -83.67018, 42.19613 ], [ -83.74128, 42.20222 ], [ -83.75837, 42.2987 ], [ -83.54478, 42.28034 ], [ -83.49975, 42.32395 ], [ -83.46185, 42.51074 ], [ -83.38087, 42.5512 ], [ -83.23795, 42.53863 ], [ -83.21857, 42.63199 ], [ -83.09167, 42.71579 ], [ -82.9176, 42.67636 ], [ -82.81528, 42.64328 ], [ -82.83028, 42.5733 ], [ -82.91165, 42.53315 ], [ -82.94629, 42.36984 ], [ -83.08875, 42.3827 ], [ -83.13411, 42.33922 ], [ -83.16805, 42.17584 ], [ -83.20356, 42.17902 ], [ -83.24203, 41.99226 ], [ -83.3319, 41.90517 ], [ -83.40736, 41.88808 ], [ -83.49685, 41.80088 ], [ -83.51556, 41.70745 ], [ -83.58609, 41.71362 ], [ -83.60001, 41.64354 ] ], [ [ -82.41294, 42.15379 ], [ -82.46369, 42.0872 ], [ -82.53454, 42.09388 ], [ -82.54467, 42.04724 ], [ -82.68631, 42.0605 ], [ -82.90875, 42.03347 ], [ -83.05044, 42.04637 ], [ -83.04069, 42.09304 ], [ -83.1019, 42.14613 ], [ -83.07268, 42.28616 ], [ -83.00155, 42.27973 ], [ -82.95122, 42.34651 ], [ -82.88994, 42.29337 ], [ -82.74272, 42.30363 ], [ -82.49389, 42.28043 ], [ -82.46346, 42.25377 ], [ -82.41294, 42.15379 ] ], [ [ -72.50017, 42.08681 ], [ -72.54363, 42.06974 ], [ -72.63899, 42.10986 ], [ -72.56047, 42.21832 ], [ -72.50853, 42.1611 ], [ -72.50017, 42.08681 ] ] ] ] } },
{ "type": "Feature", "properties": { "ID": 21 }, "geometry": { "type": "MultiPolygon", "coordinates": [ [ [ [ -90.79111, 41.44916 ], [ -90.86185, 41.45173 ], [ -90.87143, 41.33407 ], [ -90.83997, 41.28572 ], [ -90.69886, 41.28052 ], [ -90.69491, 41.32758 ], [ -90.76551, 41.3302 ], [ -90.7577, 41.42433 ], [ -90.79305, 41.42563 ], [ -90.79111, 41.44916 ] ] ], [ [ [ -87.76, 42.08622 ], [ -87.8313, 42.0903 ], [ -87.85775, 42.16273 ], [ -88.10769, 42.17666 ], [ -88.15525, 42.08471 ], [ -88.3307, 42.11781 ], [ -88.42209, 41.95722 ], [ -88.43348, 41.86328 ], [ -88.50739, 41.84354 ], [ -88.51302, 41.79656 ], [ -88.61955, 41.8021 ], [ -88.62509, 41.75512 ], [ -88.7779, 41.6684 ], [ -88.9197, 41.6755 ], [ -88.925, 41.6285 ], [ -89.15298, 41.49787 ], [ -89.36517, 41.50792 ], [ -89.38001, 41.36686 ], [ -89.42021, 41.32148 ], [ -89.49075, 41.32473 ], [ -89.53325, 41.2558 ], [ -89.60848, 41.21196 ], [ -89.65314, 41.11947 ], [ -89.7188, 41.16965 ], [ -89.92997, 41.17885 ], [ -89.93223, 41.15533 ], [ -90.24898, 41.16855 ], [ -90.2778, 41.24056 ], [ -90.34408, 41.29044 ], [ -90.41463, 41.29323 ], [ -90.44577, 41.34167 ], [ -90.4437, 41.3652 ], [ -90.6203, 41.37199 ], [ -90.63031, 41.25434 ], [ -90.59908, 41.20593 ], [ -90.46023, 41.17696 ], [ -90.47256, 41.03577 ], [ -90.54688, 40.99143 ], [ -90.55697, 40.87375 ], [ -90.4168, 40.86827 ], [ -90.40437, 41.00947 ], [ -90.29903, 41.00526 ], [ -90.30958, 40.8876 ], [ -90.34881, 40.84194 ], [ -90.03366, 40.82894 ], [ -90.00087, 40.80393 ], [ -89.61602, 40.787 ], [ -89.57629, 40.83246 ], [ -89.56678, 40.92655 ], [ -89.49427, 40.94685 ], [ -89.48461, 41.04093 ], [ -89.41439, 41.03767 ], [ -89.37437, 41.08306 ], [ -89.38174, 41.01251 ], [ -89.31651, 40.96218 ], [ -89.32887, 40.84459 ], [ -89.22387, 40.83957 ], [ -89.21886, 40.88661 ], [ -89.00876, 40.87634 ], [ -88.96334, 40.96864 ], [ -88.88795, 41.01215 ], [ -88.81779, 41.00859 ], [ -88.77736, 41.05382 ], [ -88.71257, 41.0032 ], [ -88.60736, 40.99773 ], [ -88.61284, 40.95073 ], [ -88.39982, 40.96306 ], [ -88.40545, 40.91606 ], [ -88.30326, 40.88686 ], [ -87.98839, 40.8693 ], [ -87.98246, 40.91628 ], [ -87.84247, 40.90825 ], [ -87.74056, 40.87864 ], [ -87.74666, 40.83167 ], [ -87.60999, 40.79991 ], [ -87.48602, 40.67409 ], [ -87.41632, 40.66984 ], [ -87.42265, 40.62287 ], [ -87.28337, 40.61428 ], [ -87.16593, 40.70166 ], [ -87.15288, 40.79557 ], [ -87.11141, 40.84031 ], [ -87.04155, 40.83588 ], [ -86.99331, 40.92753 ], [ -86.91664, 40.96998 ], [ -86.63676, 40.95166 ], [ -86.46544, 40.91647 ], [ -86.4234, 40.96101 ], [ -86.44068, 41.08065 ], [ -86.61591, 41.09241 ], [ -86.64055, 41.16511 ], [ -86.62663, 41.25893 ], [ -86.54931, 41.30116 ], [ -86.53875, 41.37152 ], [ -86.7148, 41.38315 ], [ -86.82731, 41.34311 ], [ -86.86251, 41.34538 ], [ -86.89304, 41.13423 ], [ -86.96657, 41.11527 ], [ -86.94304, 41.27952 ], [ -87.15409, 41.29285 ], [ -87.1475, 41.33978 ], [ -87.24988, 41.3698 ], [ -87.23354, 41.48714 ], [ -87.31999, 41.63442 ], [ -87.36184, 41.58964 ], [ -87.40362, 41.54484 ], [ -87.54181, 41.57678 ], [ -87.71861, 41.58717 ], [ -87.71241, 41.63412 ], [ -87.77397, 41.70864 ], [ -87.90663, 41.78717 ], [ -87.9209, 41.9535 ], [ -87.87921, 41.99843 ], [ -87.70121, 41.98824 ], [ -87.66876, 41.96271 ], [ -87.65934, 42.03311 ], [ -87.7662, 42.03929 ], [ -87.76, 42.08622 ] ], [ [ -86.82731, 41.34311 ], [ -86.72172, 41.33624 ], [ -86.69346, 41.28702 ], [ -86.73552, 41.24241 ], [ -86.84095, 41.24927 ], [ -86.82731, 41.34311 ] ], [ [ -88.11663, 41.53881 ], [ -88.20773, 41.3783 ], [ -88.22223, 41.26085 ], [ -88.19864, 41.16495 ], [ -88.30409, 41.17073 ], [ -88.2725, 41.42913 ], [ -88.19901, 41.44876 ], [ -88.19318, 41.49573 ], [ -88.11663, 41.53881 ] ] ] ] } },
{ "type": "Feature", "properties": { "ID": 22 }, "geometry": { "type": "MultiPolygon", "coordinates": [ [ [ [ -79.77171, 39.22095 ], [ -79.74967, 39.17037 ], [ -79.738, 39.21692 ], [ -79.77171, 39.22095 ] ] ], [ [ [ -83.70419, 40.20225 ], [ -83.68325, 40.12901 ], [ -83.58005, 40.11981 ], [ -83.55279, 40.26014 ], [ -83.52542, 40.40045 ], [ -83.59451, 40.40662 ], [ -83.5763, 40.50016 ], [ -83.71473, 40.51242 ], [ -83.76862, 40.23173 ], [ -83.73864, 40.2053 ], [ -83.70419, 40.20225 ] ] ], [ [ [ -79.58717, 39.12686 ], [ -79.60156, 39.34437 ], [ -79.52449, 39.6467 ], [ -79.38884, 39.63031 ], [ -79.27269, 39.80796 ], [ -79.3286, 39.86271 ], [ -79.43069, 39.87506 ], [ -79.37642, 40.08418 ], [ -79.33015, 40.12652 ], [ -79.26183, 40.11825 ], [ -79.02937, 40.32958 ], [ -78.99832, 40.44563 ], [ -79.10127, 40.45821 ], [ -79.0889, 40.50463 ], [ -79.13907, 40.58262 ], [ -79.1081, 40.69867 ], [ -79.2398, 40.73853 ], [ -79.41227, 40.75916 ], [ -79.47521, 40.79057 ], [ -79.49152, 40.86432 ], [ -79.57277, 40.82603 ], [ -79.71101, 40.84222 ], [ -79.75755, 40.79978 ], [ -79.83261, 40.78457 ], [ -79.8445, 40.7381 ], [ -79.93718, 40.65311 ], [ -79.90861, 40.62588 ], [ -79.85154, 40.57142 ], [ -79.79929, 40.63713 ], [ -79.73037, 40.6291 ], [ -79.70334, 40.45838 ], [ -79.60627, 40.423 ], [ -79.61825, 40.37653 ], [ -79.48707, 40.33701 ], [ -79.43062, 40.28236 ], [ -79.4608, 40.1662 ], [ -79.495, 40.17029 ], [ -79.53699, 40.00762 ], [ -79.57111, 40.01169 ], [ -79.70902, 39.88437 ], [ -79.74441, 39.74484 ], [ -79.7784, 39.74887 ], [ -79.80772, 39.63256 ], [ -79.84858, 39.46971 ], [ -79.79258, 39.41515 ], [ -79.69114, 39.40306 ], [ -79.738, 39.21692 ], [ -79.71599, 39.16634 ], [ -79.65449, 39.13498 ], [ -79.58717, 39.12686 ] ] ], [ [ [ -80.31686, 40.40943 ], [ -80.35124, 40.41331 ], [ -80.3168, 40.55289 ], [ -80.35126, 40.55677 ], [ -80.42589, 40.54124 ], [ -80.48311, 40.45202 ], [ -80.46577, 40.37836 ], [ -80.33406, 40.33964 ], [ -80.31686, 40.40943 ] ] ], [ [ [ -81.29803, 41.66193 ], [ -81.22781, 41.65464 ], [ -81.17055, 41.74408 ], [ -81.27604, 41.75505 ], [ -81.35734, 41.71576 ], [ -81.4143, 41.62624 ], [ -81.48452, 41.63345 ], [ -81.50616, 41.54029 ], [ -81.54122, 41.54388 ], [ -81.57886, 41.38082 ], [ -81.86932, 41.36251 ], [ -82.04428, 41.3799 ], [ -82.11946, 41.36348 ], [ -82.17918, 41.41697 ], [ -82.35946, 41.41066 ], [ -82.3696, 41.36401 ], [ -82.54471, 41.38079 ], [ -82.57468, 41.2408 ], [ -82.69931, 41.15738 ], [ -82.839, 41.1705 ], [ -82.84875, 41.12381 ], [ -82.98839, 41.13678 ], [ -83.0774, 41.0498 ], [ -83.12031, 40.83958 ], [ -83.15507, 40.84277 ], [ -83.18345, 40.70259 ], [ -83.07326, 40.54964 ], [ -83.10169, 40.40944 ], [ -83.06716, 40.40623 ], [ -83.0124, 40.3297 ], [ -82.8793, 40.29338 ], [ -82.8889, 40.24665 ], [ -82.79045, 40.2135 ], [ -82.80972, 40.12004 ], [ -82.74102, 40.11348 ], [ -82.7212, 40.0401 ], [ -82.54478, 40.04688 ], [ -82.46632, 40.0869 ], [ -82.45644, 40.1336 ], [ -82.31908, 40.1201 ], [ -82.29475, 40.07001 ], [ -82.28475, 40.1167 ], [ -82.21107, 40.13323 ], [ -82.20101, 40.17991 ], [ -82.09795, 40.16961 ], [ -82.08779, 40.21628 ], [ -82.01906, 40.20937 ], [ -81.9642, 40.29923 ], [ -81.92979, 40.29574 ], [ -81.91949, 40.3424 ], [ -81.71298, 40.3213 ], [ -81.70775, 40.34462 ], [ -81.5357, 40.32681 ], [ -81.52511, 40.37343 ], [ -81.44562, 40.41286 ], [ -81.44029, 40.43617 ], [ -81.47474, 40.43977 ], [ -81.46942, 40.46308 ], [ -81.50389, 40.46668 ], [ -81.48793, 40.53661 ], [ -81.42427, 40.50609 ], [ -81.43495, 40.45948 ], [ -81.33157, 40.44861 ], [ -81.1992, 40.4107 ], [ -81.18105, 40.33713 ], [ -81.11229, 40.32977 ], [ -81.09426, 40.25618 ], [ -80.92262, 40.23761 ], [ -80.87174, 40.30374 ], [ -80.80305, 40.29623 ], [ -80.66643, 40.42458 ], [ -80.64957, 40.49441 ], [ -80.70724, 40.54855 ], [ -80.74731, 40.52906 ], [ -80.95417, 40.55157 ], [ -80.94312, 40.59814 ], [ -80.86855, 40.61395 ], [ -80.82397, 40.80019 ], [ -80.8932, 40.80769 ], [ -80.91116, 40.88126 ], [ -80.8721, 41.0442 ], [ -80.82614, 41.08699 ], [ -80.80365, 41.18007 ], [ -80.73401, 41.17253 ], [ -80.7566, 41.07946 ], [ -80.658, 41.04483 ], [ -80.57713, 41.08374 ], [ -80.63528, 41.13789 ], [ -80.65303, 41.21148 ], [ -80.72269, 41.21906 ], [ -80.69432, 41.33538 ], [ -80.83959, 41.3272 ], [ -80.85084, 41.28066 ], [ -80.9904, 41.29559 ], [ -81.0475, 41.2062 ], [ -81.297, 41.20862 ], [ -81.35045, 41.28575 ], [ -81.39316, 41.40943 ], [ -81.3441, 41.619 ], [ -81.29803, 41.66193 ] ], [ [ -81.49843, 40.80015 ], [ -81.48773, 40.84676 ], [ -81.31439, 40.82868 ], [ -81.37062, 40.73912 ], [ -81.47448, 40.74995 ], [ -81.49843, 40.80015 ] ], [ [ -81.45807, 41.12994 ], [ -81.47421, 41.06005 ], [ -81.54916, 41.04393 ], [ -81.52775, 41.13712 ], [ -81.45807, 41.12994 ] ] ], [ [ [ -86.06664, 42.33425 ], [ -86.11192, 42.50315 ], [ -86.25527, 42.51288 ], [ -86.28476, 42.32544 ], [ -86.3205, 42.32785 ], [ -86.45301, 42.17096 ], [ -86.46021, 42.12408 ], [ -86.38171, 42.1662 ], [ -86.2035, 42.15416 ], [ -86.13596, 42.12586 ], [ -86.09288, 42.17026 ], [ -86.06664, 42.33425 ] ] ], [ [ [ -86.18218, 42.74473 ], [ -86.07427, 42.73739 ], [ -86.06671, 42.78423 ], [ -86.12364, 42.88283 ], [ -86.1597, 42.88528 ], [ -86.18218, 42.74473 ] ] ], [ [ [ -78.73778, 42.83354 ], [ -78.76686, 42.86097 ], [ -78.73404, 42.97677 ], [ -78.86384, 43.0401 ], [ -78.87379, 42.8737 ], [ -78.82209, 42.79573 ], [ -78.78649, 42.79148 ], [ -78.73778, 42.83354 ] ] ], [ [ [ -79.28042, 43.13664 ], [ -79.10131, 43.11588 ], [ -79.10486, 43.23593 ], [ -79.27403, 43.15983 ], [ -79.28042, 43.13664 ] ] ], [ [ [ -79.81846, 43.19764 ], [ -79.73422, 43.23602 ], [ -79.80608, 43.24405 ], [ -79.78125, 43.33687 ], [ -79.85322, 43.34487 ], [ -79.8656, 43.29845 ], [ -79.82963, 43.29446 ], [ -79.85437, 43.20163 ], [ -79.81846, 43.19764 ] ] ], [ [ [ -77.51921, 39.91918 ], [ -77.42417, 39.88228 ], [ -77.37678, 39.92397 ], [ -77.39046, 39.99801 ], [ -77.37694, 40.04429 ], [ -77.44493, 40.05349 ], [ -77.49237, 40.01178 ], [ -77.51921, 39.91918 ] ] ], [ [ [ -77.44581, 40.41435 ], [ -77.5484, 40.42808 ], [ -77.56187, 40.38179 ], [ -77.45936, 40.36808 ], [ -77.44581, 40.41435 ] ] ], [ [ [ -75.70732, 40.50731 ], [ -75.72214, 40.46121 ], [ -75.5933, 40.41808 ], [ -75.57094, 40.4872 ], [ -75.70732, 40.50731 ] ] ], [ [ [ -72.42309, 41.90379 ], [ -72.43134, 41.9781 ], [ -72.39612, 42.06943 ], [ -72.39553, 42.16656 ], [ -72.43855, 42.24665 ], [ -72.5429, 42.264 ], [ -72.53411, 42.28683 ], [ -72.62127, 42.25268 ], [ -72.75183, 42.20134 ], [ -72.80398, 42.16134 ], [ -72.8126, 42.04136 ], [ -72.84719, 41.94992 ], [ -72.82119, 41.92136 ], [ -72.89029, 41.83561 ], [ -72.95891, 41.65267 ], [ -73.06242, 41.66965 ], [ -73.13091, 41.58377 ], [ -73.19987, 41.59501 ], [ -73.32018, 41.56603 ], [ -73.37237, 41.62297 ], [ -73.4843, 41.61674 ], [ -73.51768, 41.52513 ], [ -73.69839, 41.52979 ], [ -73.64868, 41.66727 ], [ -73.71782, 41.67826 ], [ -73.69295, 41.74701 ], [ -73.65834, 41.74151 ], [ -73.68465, 41.76992 ], [ -73.67634, 41.79283 ], [ -73.72904, 41.84964 ], [ -73.73883, 41.92386 ], [ -73.80827, 41.93481 ], [ -73.7335, 42.14103 ], [ -73.73649, 42.33527 ], [ -73.83302, 42.37459 ], [ -73.88462, 42.33421 ], [ -73.91779, 42.24253 ], [ -74.00412, 42.20754 ], [ -74.05348, 42.06998 ], [ -74.0883, 42.07538 ], [ -74.10469, 42.02952 ], [ -74.11287, 42.00658 ], [ -74.16183, 41.86897 ], [ -74.24751, 41.83383 ], [ -74.2718, 41.76499 ], [ -74.30411, 41.6732 ], [ -74.33874, 41.67855 ], [ -74.34679, 41.65559 ], [ -74.44008, 41.59738 ], [ -74.50394, 41.41369 ], [ -74.53844, 41.41899 ], [ -74.59393, 41.25821 ], [ -74.65989, 41.17158 ], [ -74.73651, 41.15911 ], [ -74.75218, 41.11315 ], [ -74.85209, 41.03166 ], [ -74.98941, 41.05245 ], [ -75.03148, 41.03463 ], [ -75.16887, 41.05525 ], [ -75.29486, 41.00159 ], [ -75.3253, 40.90952 ], [ -75.46251, 40.92986 ], [ -75.57299, 40.922 ], [ -75.588, 40.87593 ], [ -75.73268, 40.87298 ], [ -75.8995, 40.80073 ], [ -76.00477, 40.69535 ], [ -76.20299, 40.74789 ], [ -76.21751, 40.70176 ], [ -76.35455, 40.72123 ], [ -76.46455, 40.71267 ], [ -76.47735, 40.78673 ], [ -76.36548, 40.91552 ], [ -76.33654, 41.0078 ], [ -76.19889, 40.98831 ], [ -76.20413, 41.08545 ], [ -76.28033, 41.07214 ], [ -76.41096, 41.11462 ], [ -76.58346, 41.13869 ], [ -76.67989, 41.17612 ], [ -76.65845, 41.24537 ], [ -76.82431, 41.29223 ], [ -76.90063, 41.27859 ], [ -77.07376, 41.30207 ], [ -77.15003, 41.2883 ], [ -77.16398, 41.24208 ], [ -77.30248, 41.26063 ], [ -77.40618, 41.15426 ], [ -77.48904, 41.11718 ], [ -77.62735, 41.13541 ], [ -77.64092, 41.08915 ], [ -77.71681, 41.07507 ], [ -77.785, 40.96388 ], [ -77.90856, 40.90791 ], [ -77.90073, 40.81084 ], [ -77.93395, 40.69509 ], [ -78.14026, 40.72173 ], [ -78.25001, 40.71178 ], [ -78.3318, 40.6742 ], [ -78.43927, 40.54385 ], [ -78.50974, 40.28882 ], [ -78.59084, 40.25107 ], [ -78.6162, 40.15829 ], [ -78.69708, 40.12048 ], [ -78.76607, 39.86521 ], [ -78.8465, 39.8273 ], [ -78.87752, 39.71121 ], [ -78.91143, 39.71545 ], [ -79.00388, 39.63099 ], [ -79.0284, 39.53807 ], [ -79.16377, 39.55482 ], [ -79.14817, 39.48094 ], [ -79.20015, 39.41539 ], [ -79.22432, 39.32241 ], [ -79.19663, 39.295 ], [ -79.1292, 39.28666 ], [ -79.08333, 39.32895 ], [ -79.07115, 39.37543 ], [ -78.94537, 39.45574 ], [ -78.93923, 39.47897 ], [ -78.92076, 39.54865 ], [ -78.84073, 39.58662 ], [ -78.81591, 39.6795 ], [ -78.78202, 39.67524 ], [ -78.8097, 39.70271 ], [ -78.75085, 39.79131 ], [ -78.55356, 39.74233 ], [ -78.49432, 39.83081 ], [ -78.42643, 39.82213 ], [ -78.37333, 39.88736 ], [ -78.20353, 39.86544 ], [ -78.19062, 39.91181 ], [ -78.09672, 39.99569 ], [ -78.06416, 40.11156 ], [ -77.95665, 40.24167 ], [ -77.90389, 40.42696 ], [ -77.83545, 40.418 ], [ -77.74034, 40.50159 ], [ -77.71358, 40.59418 ], [ -77.6107, 40.58058 ], [ -77.6376, 40.48801 ], [ -77.70609, 40.49708 ], [ -77.7537, 40.4553 ], [ -77.78699, 40.33954 ], [ -77.84767, 40.25141 ], [ -77.7453, 40.2379 ], [ -77.76524, 40.16843 ], [ -77.63564, 40.12717 ], [ -77.62227, 40.17348 ], [ -77.55414, 40.16437 ], [ -77.39085, 40.23861 ], [ -77.37728, 40.28489 ], [ -77.50703, 40.32638 ], [ -77.64365, 40.3446 ], [ -77.65704, 40.2983 ], [ -77.76613, 40.28872 ], [ -77.62353, 40.41404 ], [ -77.61009, 40.46033 ], [ -77.52815, 40.49749 ], [ -77.48752, 40.63631 ], [ -77.31604, 40.61333 ], [ -77.30919, 40.63645 ], [ -77.2406, 40.6272 ], [ -77.26116, 40.67807 ], [ -77.08964, 40.65481 ], [ -77.0345, 40.71947 ], [ -76.96587, 40.71008 ], [ -76.9379, 40.8025 ], [ -77.02705, 40.8628 ], [ -77.09586, 40.87216 ], [ -77.068, 40.96459 ], [ -76.7845, 41.0702 ], [ -76.77129, 40.99618 ], [ -76.80665, 40.88072 ], [ -76.75203, 40.82504 ], [ -76.84891, 40.74213 ], [ -76.82164, 40.7143 ], [ -76.78734, 40.70956 ], [ -76.80846, 40.64026 ], [ -76.73994, 40.63076 ], [ -76.76813, 40.53837 ], [ -76.74801, 40.48741 ], [ -76.61135, 40.46832 ], [ -76.54305, 40.45872 ], [ -76.48039, 40.54626 ], [ -76.30232, 40.54512 ], [ -76.28257, 40.4941 ], [ -76.24843, 40.48923 ], [ -76.09738, 40.51578 ], [ -76.07553, 40.58498 ], [ -75.97302, 40.57018 ], [ -75.96569, 40.59324 ], [ -75.93152, 40.58829 ], [ -75.91683, 40.6344 ], [ -75.7801, 40.6145 ], [ -75.7875, 40.59145 ], [ -75.7192, 40.58145 ], [ -75.6211, 40.66358 ], [ -75.53776, 40.69957 ], [ -75.52276, 40.74564 ], [ -75.30237, 40.76121 ], [ -75.16557, 40.74071 ], [ -75.13903, 40.71255 ], [ -75.0707, 40.70224 ], [ -74.90769, 40.65332 ], [ -74.7976, 40.66067 ], [ -74.7138, 40.69617 ], [ -74.65623, 40.75987 ], [ -74.55379, 40.74404 ], [ -74.48813, 40.83065 ], [ -74.45651, 40.92253 ], [ -74.35385, 40.90656 ], [ -74.31403, 41.02137 ], [ -74.32437, 41.09559 ], [ -74.18718, 41.07415 ], [ -74.17915, 41.09711 ], [ -74.14485, 41.09172 ], [ -74.12068, 41.16057 ], [ -74.04394, 41.17271 ], [ -74.02774, 41.21859 ], [ -74.01963, 41.24153 ], [ -73.97899, 41.35621 ], [ -73.99714, 41.40751 ], [ -74.10052, 41.42373 ], [ -74.04167, 41.48715 ], [ -73.99274, 41.62475 ], [ -73.95817, 41.61933 ], [ -73.90895, 41.75689 ], [ -73.85617, 41.70015 ], [ -73.88084, 41.63138 ], [ -73.81996, 41.59754 ], [ -73.84463, 41.52877 ], [ -73.9382, 41.47088 ], [ -73.97084, 41.37915 ], [ -73.86756, 41.36283 ], [ -73.81515, 41.30606 ], [ -73.82334, 41.28313 ], [ -73.78898, 41.27766 ], [ -73.78077, 41.30059 ], [ -73.60897, 41.27311 ], [ -73.59117, 41.22177 ], [ -73.45396, 41.19962 ], [ -73.43732, 41.24543 ], [ -73.34363, 41.303 ], [ -73.20633, 41.28062 ], [ -73.18949, 41.3264 ], [ -73.00976, 41.41827 ], [ -72.95807, 41.36118 ], [ -72.89832, 41.52129 ], [ -72.8987, 41.7156 ], [ -72.81243, 41.74994 ], [ -72.70875, 41.82993 ], [ -72.6914, 41.87563 ], [ -72.57021, 41.90408 ], [ -72.59637, 41.83554 ], [ -72.52726, 41.82401 ], [ -72.6056, 41.6184 ], [ -72.61428, 41.59555 ], [ -72.57985, 41.58979 ], [ -72.61453, 41.49838 ], [ -72.6833, 41.50988 ], [ -72.72639, 41.39558 ], [ -72.5205, 41.36107 ], [ -72.46013, 41.42382 ], [ -72.36592, 41.38357 ], [ -72.2288, 41.36024 ], [ -72.21123, 41.4059 ], [ -72.30537, 41.44626 ], [ -72.27028, 41.53759 ], [ -72.27829, 41.61192 ], [ -72.41598, 41.63519 ], [ -72.5106, 41.6754 ], [ -72.42309, 41.90379 ] ], [ [ -78.10279, 40.47683 ], [ -78.04883, 40.54189 ], [ -77.95256, 40.50537 ], [ -77.97236, 40.4359 ], [ -78.12894, 40.38416 ], [ -78.10279, 40.47683 ] ], [ [ -76.98452, 41.12163 ], [ -77.01257, 41.02922 ], [ -77.09549, 40.99237 ], [ -77.11637, 40.92305 ], [ -77.27485, 40.87229 ], [ -77.30236, 40.77981 ], [ -77.35044, 40.73818 ], [ -77.52227, 40.76112 ], [ -77.63218, 40.75164 ], [ -77.61131, 40.70082 ], [ -77.65912, 40.65908 ], [ -77.7965, 40.67715 ], [ -77.85189, 40.73244 ], [ -77.83188, 40.80188 ], [ -77.68825, 40.9272 ], [ -77.48866, 40.99698 ], [ -77.46132, 41.08948 ], [ -77.39222, 41.0803 ], [ -77.33012, 41.16817 ], [ -77.21945, 41.17741 ], [ -77.13635, 41.21432 ], [ -77.03258, 41.20031 ], [ -76.98452, 41.12163 ] ], [ [ -74.41686, 41.03737 ], [ -74.44859, 40.9455 ], [ -74.61986, 40.97197 ], [ -74.64342, 40.90303 ], [ -74.7119, 40.91354 ], [ -74.74314, 40.8216 ], [ -74.81155, 40.83207 ], [ -74.75698, 40.99299 ], [ -74.68057, 41.00547 ], [ -74.53034, 41.1275 ], [ -74.49864, 41.21937 ], [ -74.36112, 41.19811 ], [ -74.41686, 41.03737 ] ], [ [ -72.50853, 42.1611 ], [ -72.50017, 42.08681 ], [ -72.54363, 42.06974 ], [ -72.63899, 42.10986 ], [ -72.56047, 42.21832 ], [ -72.50853, 42.1611 ] ] ], [ [ [ -75.84225, 41.20242 ], [ -75.75832, 41.23853 ], [ -75.73585, 41.30763 ], [ -75.83203, 41.34563 ], [ -75.88151, 41.30452 ], [ -75.91124, 41.21236 ], [ -75.84225, 41.20242 ] ] ], [ [ [ -76.7708, 42.75209 ], [ -76.70726, 42.71952 ], [ -76.67186, 42.71475 ], [ -76.66454, 42.73782 ], [ -76.7708, 42.75209 ] ] ], [ [ [ -76.93425, 42.70177 ], [ -76.9408, 42.79878 ], [ -76.96905, 42.82656 ], [ -77.00454, 42.83125 ], [ -77.01895, 42.78509 ], [ -76.98348, 42.7804 ], [ -77.00509, 42.71116 ], [ -76.93425, 42.70177 ] ] ], [ [ [ -76.80624, 42.75683 ], [ -76.7708, 42.75209 ], [ -76.75622, 42.79822 ], [ -76.72077, 42.79347 ], [ -76.69881, 42.86267 ], [ -76.78439, 42.82604 ], [ -76.80624, 42.75683 ] ] ], [ [ [ -77.46747, 43.25169 ], [ -77.54608, 43.23772 ], [ -77.718, 43.2835 ], [ -77.6892, 43.25587 ], [ -77.71716, 43.16343 ], [ -77.64569, 43.15438 ], [ -77.61698, 43.12674 ], [ -77.631, 43.08052 ], [ -77.47418, 43.10852 ], [ -77.43879, 43.22402 ], [ -77.46747, 43.25169 ] ] ], [ [ [ -70.93498, 42.47529 ], [ -70.83073, 42.45679 ], [ -70.85302, 42.58278 ], [ -70.81514, 42.67369 ], [ -70.81205, 42.77078 ], [ -70.85343, 42.85132 ], [ -70.97065, 42.74998 ], [ -71.10098, 42.79724 ], [ -71.23394, 42.74729 ], [ -71.25261, 42.70179 ], [ -71.35739, 42.71999 ], [ -71.4294, 42.63498 ], [ -71.35962, 42.62289 ], [ -71.35258, 42.54855 ], [ -71.28291, 42.53643 ], [ -71.35481, 42.45145 ], [ -71.42439, 42.46354 ], [ -71.47965, 42.32693 ], [ -71.39393, 42.26328 ], [ -71.2899, 42.24511 ], [ -71.27608, 42.0964 ], [ -71.3497, 41.91428 ], [ -71.31521, 41.90822 ], [ -71.3083, 41.83386 ], [ -71.14542, 41.78066 ], [ -71.07137, 41.96268 ], [ -70.90835, 41.90922 ], [ -70.93995, 42.0125 ], [ -71.03418, 42.05367 ], [ -71.09397, 42.08867 ], [ -71.06605, 42.15692 ], [ -71.11666, 42.21465 ], [ -71.08871, 42.28289 ], [ -71.18345, 42.32397 ], [ -71.12755, 42.46047 ], [ -71.05802, 42.44823 ], [ -70.93498, 42.47529 ] ] ] ] } },
{ "type": "Feature", "properties": { "ID": 23 }, "geometry": { "type": "MultiPolygon", "coordinates": [ [ [ [ -98.16389, 40.46679 ], [ -98.13294, 40.58522 ], [ -98.23775, 40.58358 ], [ -98.16389, 40.46679 ] ] ], [ [ [ -89.60938, 40.50308 ], [ -89.56509, 40.5956 ], [ -89.49295, 40.61591 ], [ -89.51828, 40.71163 ], [ -89.50149, 40.87629 ], [ -89.46647, 40.87467 ], [ -89.45678, 40.96875 ], [ -89.49186, 40.97037 ], [ -89.49427, 40.94685 ], [ -89.56678, 40.92655 ], [ -89.57629, 40.83246 ], [ -89.61602, 40.787 ], [ -89.65099, 40.78858 ], [ -89.65568, 40.74153 ], [ -89.69064, 40.7431 ], [ -89.69529, 40.69605 ], [ -89.8373, 40.67871 ], [ -89.87674, 40.63318 ], [ -89.89025, 40.49197 ], [ -89.92508, 40.49349 ], [ -89.93177, 40.42288 ], [ -89.96656, 40.42438 ], [ -89.97541, 40.33022 ], [ -89.76702, 40.32108 ], [ -89.66053, 40.33993 ], [ -89.63047, 40.29127 ], [ -89.60938, 40.50308 ] ] ], [ [ [ -91.00336, 41.45677 ], [ -90.99962, 41.50383 ], [ -91.13944, 41.53227 ], [ -91.1358, 41.57934 ], [ -91.41945, 41.58872 ], [ -91.44639, 41.70754 ], [ -91.62405, 41.71308 ], [ -91.66609, 41.62001 ], [ -91.74025, 41.57507 ], [ -91.84663, 41.5782 ], [ -91.84974, 41.53112 ], [ -92.13327, 41.53909 ], [ -92.20983, 41.44681 ], [ -92.84709, 41.46234 ], [ -92.84474, 41.50944 ], [ -92.98537, 41.53606 ], [ -92.98762, 41.48895 ], [ -93.23565, 41.49398 ], [ -93.23358, 41.54109 ], [ -93.44636, 41.54506 ], [ -93.51543, 41.59342 ], [ -93.54817, 41.6647 ], [ -93.61745, 41.71301 ], [ -93.72414, 41.71475 ], [ -93.79692, 41.66875 ], [ -93.83571, 41.57506 ], [ -93.83975, 41.45727 ], [ -93.87676, 41.41068 ], [ -93.98294, 41.41222 ], [ -93.9867, 41.29441 ], [ -94.05736, 41.29539 ], [ -94.05953, 41.2247 ], [ -94.13081, 41.20208 ], [ -94.1322, 41.15495 ], [ -94.3091, 41.13359 ], [ -94.55581, 41.13632 ], [ -94.55527, 41.15989 ], [ -94.94313, 41.16331 ], [ -94.94235, 41.21045 ], [ -95.11879, 41.21165 ], [ -95.11814, 41.25879 ], [ -95.29472, 41.25978 ], [ -95.36417, 41.37795 ], [ -95.54109, 41.37863 ], [ -95.54075, 41.42577 ], [ -95.61142, 41.44954 ], [ -95.61113, 41.49668 ], [ -95.71748, 41.49693 ], [ -95.75275, 41.54412 ], [ -95.75229, 41.66194 ], [ -95.85892, 41.66209 ], [ -95.85871, 41.75634 ], [ -95.9299, 41.75639 ], [ -95.92972, 41.92132 ], [ -95.96541, 41.92133 ], [ -95.96532, 42.08624 ], [ -96.0011, 42.13336 ], [ -96.21598, 42.1332 ], [ -96.2516, 42.08602 ], [ -96.25075, 41.87399 ], [ -96.32148, 41.75605 ], [ -96.71304, 41.75463 ], [ -96.71357, 41.80175 ], [ -96.78482, 41.80138 ], [ -96.78423, 41.75426 ], [ -96.74863, 41.75445 ], [ -96.7125, 41.70751 ], [ -96.74611, 41.54239 ], [ -96.88801, 41.54157 ], [ -96.88934, 41.63583 ], [ -96.96076, 41.65893 ], [ -96.9622, 41.75317 ], [ -97.14017, 41.75187 ], [ -97.20908, 41.63348 ], [ -97.35118, 41.63221 ], [ -97.34916, 41.53796 ], [ -97.41851, 41.46658 ], [ -97.59565, 41.46471 ], [ -97.59446, 41.41758 ], [ -97.70066, 41.41635 ], [ -97.73412, 41.34523 ], [ -97.8402, 41.3439 ], [ -97.83746, 41.24964 ], [ -97.76553, 41.20341 ], [ -97.55384, 41.20588 ], [ -97.58617, 41.08765 ], [ -97.58381, 40.99337 ], [ -97.65353, 40.96899 ], [ -97.64986, 40.82756 ], [ -97.68182, 40.70927 ], [ -97.78684, 40.70797 ], [ -97.81916, 40.61322 ], [ -97.60943, 40.61578 ], [ -97.60883, 40.5922 ], [ -97.53951, 40.61656 ], [ -97.39967, 40.61802 ], [ -97.40071, 40.66518 ], [ -97.29575, 40.66618 ], [ -97.29766, 40.7605 ], [ -97.15751, 40.76172 ], [ -97.08783, 40.78585 ], [ -96.98412, 40.88093 ], [ -96.91425, 40.90498 ], [ -96.80859, 40.88204 ], [ -96.59794, 40.88309 ], [ -96.5975, 40.83594 ], [ -96.52734, 40.83622 ], [ -96.52656, 40.74191 ], [ -96.49134, 40.71846 ], [ -96.28123, 40.71903 ], [ -96.28102, 40.67187 ], [ -96.03607, 40.67215 ], [ -96.03605, 40.62499 ], [ -95.93114, 40.62497 ], [ -95.93104, 40.7193 ], [ -95.861, 40.71924 ], [ -95.86085, 40.78998 ], [ -95.72062, 40.78977 ], [ -95.72083, 40.74262 ], [ -95.54584, 40.71858 ], [ -95.54651, 40.62426 ], [ -95.5119, 40.57698 ], [ -95.4073, 40.55299 ], [ -95.23266, 40.55215 ], [ -95.23323, 40.50498 ], [ -94.98893, 40.50343 ], [ -94.99078, 40.38551 ], [ -94.95672, 40.33808 ], [ -94.88628, 40.38472 ], [ -94.78178, 40.38385 ], [ -94.78267, 40.33667 ], [ -94.67825, 40.33573 ], [ -94.67728, 40.3829 ], [ -94.4683, 40.38077 ], [ -94.46717, 40.42793 ], [ -94.32775, 40.42634 ], [ -94.2606, 40.33116 ], [ -94.26188, 40.28399 ], [ -93.98369, 40.28025 ], [ -93.95117, 40.20899 ], [ -93.84697, 40.20742 ], [ -93.84381, 40.30176 ], [ -93.80822, 40.3248 ], [ -93.70469, 40.29954 ], [ -93.56557, 40.29719 ], [ -93.53441, 40.20225 ], [ -93.22191, 40.19638 ], [ -93.04724, 40.21639 ], [ -93.01688, 40.12133 ], [ -92.8435, 40.11751 ], [ -92.8065, 40.16388 ], [ -92.80181, 40.25819 ], [ -92.69393, 40.32649 ], [ -92.62561, 40.30126 ], [ -92.59583, 40.20611 ], [ -92.28342, 40.19814 ], [ -92.2432, 40.2915 ], [ -92.17369, 40.28961 ], [ -92.13184, 40.4065 ], [ -91.88359, 40.47024 ], [ -91.7442, 40.46608 ], [ -91.70619, 40.51214 ], [ -91.46213, 40.50445 ], [ -91.45712, 40.57512 ], [ -91.31925, 40.54698 ], [ -91.32957, 40.40564 ], [ -91.2617, 40.37974 ], [ -91.26518, 40.33262 ], [ -91.16089, 40.32905 ], [ -91.13506, 40.21005 ], [ -90.96159, 40.20389 ], [ -90.84621, 40.34142 ], [ -90.77669, 40.33884 ], [ -90.71105, 40.28912 ], [ -90.70717, 40.33623 ], [ -90.62978, 40.42777 ], [ -90.49057, 40.42236 ], [ -90.41688, 40.4667 ], [ -90.41071, 40.53733 ], [ -90.23644, 40.53027 ], [ -90.19945, 40.55237 ], [ -89.99031, 40.54356 ], [ -89.951, 40.58914 ], [ -89.97478, 40.7083 ], [ -89.96587, 40.80243 ], [ -90.00087, 40.80393 ], [ -90.03366, 40.82894 ], [ -90.34881, 40.84194 ], [ -90.30958, 40.8876 ], [ -90.29903, 41.00526 ], [ -90.40437, 41.00947 ], [ -90.4168, 40.86827 ], [ -90.55697, 40.87375 ], [ -90.54688, 40.99143 ], [ -90.47256, 41.03577 ], [ -90.46023, 41.17696 ], [ -90.59908, 41.20593 ], [ -90.63031, 41.25434 ], [ -90.62631, 41.3014 ], [ -90.69688, 41.30405 ], [ -90.69886, 41.28052 ], [ -90.83997, 41.28572 ], [ -90.87143, 41.33407 ], [ -90.86185, 41.45173 ], [ -91.00336, 41.45677 ] ], [ [ -92.97556, 40.26206 ], [ -93.00922, 40.28639 ], [ -93.00482, 40.3807 ], [ -92.96778, 40.4271 ], [ -92.82842, 40.42401 ], [ -92.79594, 40.37607 ], [ -92.80064, 40.28177 ], [ -92.83656, 40.25899 ], [ -92.97556, 40.26206 ] ] ], [ [ [ -89.41439, 41.03767 ], [ -89.37928, 41.03603 ], [ -89.37437, 41.08306 ], [ -89.41439, 41.03767 ] ] ], [ [ [ -90.44162, 41.38872 ], [ -90.29393, 41.4537 ], [ -90.24998, 41.54637 ], [ -90.31869, 41.57273 ], [ -90.67307, 41.58641 ], [ -90.75182, 41.49492 ], [ -90.75574, 41.44786 ], [ -90.79111, 41.44916 ], [ -90.79305, 41.42563 ], [ -90.61628, 41.41905 ], [ -90.6203, 41.37199 ], [ -90.4437, 41.3652 ], [ -90.44162, 41.38872 ] ] ], [ [ [ -98.10656, 42.96609 ], [ -98.17997, 42.98857 ], [ -98.25776, 43.12873 ], [ -98.25949, 43.17581 ], [ -98.36872, 43.17409 ], [ -98.40329, 43.12641 ], [ -98.3996, 43.03224 ], [ -98.32428, 42.96279 ], [ -98.32072, 42.86861 ], [ -98.46564, 42.86624 ], [ -98.46093, 42.74852 ], [ -98.3163, 42.75089 ], [ -98.24226, 42.70494 ], [ -98.24826, 42.86975 ], [ -98.21373, 42.91739 ], [ -98.13957, 42.87138 ], [ -98.03087, 42.87294 ], [ -98.03398, 42.96712 ], [ -98.10656, 42.96609 ] ] ] ] } },
{ "type": "Feature", "properties": { "ID": 24 }, "geometry": { "type": "MultiPolygon", "coordinates": [ [ [ [ -92.75288, 37.08777 ], [ -92.79048, 36.99385 ], [ -92.75741, 36.99304 ], [ -92.75288, 37.08777 ] ] ], [ [ [ -85.45591, 37.42149 ], [ -85.44851, 37.46856 ], [ -85.57735, 37.50255 ], [ -85.55521, 37.42934 ], [ -85.45591, 37.42149 ] ] ], [ [ [ -86.55941, 37.671 ], [ -86.58273, 37.74401 ], [ -86.57608, 37.79111 ], [ -86.70938, 37.80044 ], [ -86.75576, 37.70853 ], [ -86.69247, 37.68035 ], [ -86.69902, 37.63323 ], [ -86.59929, 37.62624 ], [ -86.59267, 37.67335 ], [ -86.55941, 37.671 ] ] ], [ [ [ -85.32872, 38.22109 ], [ -85.42545, 38.25252 ], [ -85.41793, 38.29953 ], [ -85.45147, 38.30216 ], [ -85.45521, 38.27865 ], [ -85.48874, 38.28127 ], [ -85.50737, 38.16375 ], [ -85.54084, 38.16636 ], [ -85.55195, 38.09582 ], [ -85.48508, 38.0906 ], [ -85.46657, 37.99394 ], [ -85.39982, 37.98867 ], [ -85.38521, 37.86846 ], [ -85.25576, 37.83431 ], [ -85.26712, 37.76376 ], [ -85.20061, 37.7584 ], [ -85.1494, 37.65894 ], [ -85.18364, 37.44725 ], [ -85.28295, 37.4553 ], [ -85.29421, 37.38471 ], [ -85.23185, 37.35583 ], [ -85.23562, 37.33229 ], [ -85.20257, 37.32961 ], [ -85.17332, 37.30338 ], [ -85.10727, 37.29796 ], [ -85.11489, 37.2509 ], [ -84.94993, 37.23723 ], [ -84.85877, 37.18187 ], [ -84.84141, 37.08498 ], [ -84.80069, 37.12925 ], [ -84.63609, 37.11518 ], [ -84.62021, 37.20927 ], [ -84.49724, 37.3418 ], [ -84.43121, 37.33605 ], [ -84.37786, 37.45069 ], [ -84.27045, 37.48896 ], [ -84.23331, 37.7004 ], [ -84.20013, 37.69746 ], [ -84.19182, 37.74444 ], [ -84.15862, 37.74149 ], [ -84.15027, 37.78846 ], [ -84.1835, 37.7914 ], [ -84.16265, 37.90881 ], [ -84.3624, 37.92634 ], [ -84.42492, 37.9556 ], [ -84.41674, 38.00257 ], [ -84.51677, 38.01118 ], [ -84.50458, 38.08163 ], [ -84.53797, 38.08449 ], [ -84.54607, 38.03752 ], [ -84.67955, 38.04886 ], [ -84.84252, 38.08634 ], [ -84.8148, 38.25076 ], [ -84.91526, 38.25908 ], [ -84.93098, 38.16512 ], [ -84.97614, 38.09739 ], [ -85.04685, 38.07936 ], [ -85.21392, 38.09289 ], [ -85.20245, 38.1634 ], [ -85.26175, 38.21576 ], [ -85.32872, 38.22109 ] ] ], [ [ [ -86.01674, 38.15496 ], [ -86.18418, 38.16729 ], [ -86.17722, 38.21434 ], [ -86.24426, 38.21921 ], [ -86.24079, 38.24274 ], [ -86.34141, 38.24999 ], [ -86.34826, 38.20293 ], [ -86.38178, 38.20533 ], [ -86.3886, 38.15827 ], [ -86.48911, 38.16542 ], [ -86.53604, 38.07364 ], [ -86.63643, 38.08067 ], [ -86.6798, 38.01237 ], [ -86.65298, 37.96296 ], [ -86.48597, 37.95121 ], [ -86.50275, 37.83349 ], [ -86.41289, 37.75572 ], [ -86.42639, 37.66152 ], [ -86.35989, 37.65673 ], [ -86.26359, 37.62594 ], [ -86.17429, 37.54797 ], [ -86.07474, 37.54059 ], [ -86.03456, 37.5852 ], [ -86.00998, 37.74998 ], [ -86.02569, 37.87014 ], [ -85.98528, 37.91472 ], [ -86.08187, 37.9457 ], [ -86.14864, 37.95062 ], [ -86.15212, 37.92709 ], [ -86.18896, 37.906 ], [ -86.25569, 37.91088 ], [ -86.2419, 38.00502 ], [ -86.04146, 37.99028 ], [ -85.94482, 37.95927 ], [ -85.77795, 37.94665 ], [ -85.75623, 38.08777 ], [ -85.83031, 38.04581 ], [ -85.93415, 38.02985 ], [ -85.90558, 38.21802 ], [ -86.00966, 38.202 ], [ -86.01674, 38.15496 ] ] ], [ [ [ -79.51219, 37.50908 ], [ -79.51796, 37.48576 ], [ -79.48513, 37.48166 ], [ -79.4909, 37.45834 ], [ -79.45809, 37.45423 ], [ -79.44651, 37.50087 ], [ -79.51219, 37.50908 ] ] ], [ [ [ -79.36129, 37.70656 ], [ -79.32031, 37.86967 ], [ -79.45237, 37.88618 ], [ -79.5416, 37.80115 ], [ -79.58775, 37.61463 ], [ -79.63213, 37.57206 ], [ -79.6979, 37.58018 ], [ -79.75229, 37.63492 ], [ -79.80907, 37.4016 ], [ -79.75482, 37.34686 ], [ -79.68357, 37.3621 ], [ -79.66075, 37.45543 ], [ -79.61073, 37.52134 ], [ -79.44072, 37.52419 ], [ -79.44651, 37.50087 ], [ -79.43492, 37.54751 ], [ -79.4175, 37.61745 ], [ -79.38461, 37.61332 ], [ -79.36129, 37.70656 ] ] ], [ [ [ -79.24723, 37.62005 ], [ -79.18148, 37.61171 ], [ -79.15787, 37.70491 ], [ -79.25664, 37.71742 ], [ -79.26839, 37.67082 ], [ -79.28012, 37.62421 ], [ -79.24723, 37.62005 ] ] ], [ [ [ -85.6007, 38.4327 ], [ -85.61548, 38.33869 ], [ -85.54837, 38.3335 ], [ -85.52976, 38.451 ], [ -85.59699, 38.4562 ], [ -85.6007, 38.4327 ] ] ], [ [ [ -79.03534, 37.78549 ], [ -79.08018, 37.74312 ], [ -79.04725, 37.73891 ], [ -79.03534, 37.78549 ] ] ], [ [ [ -79.03534, 37.78549 ], [ -79.00836, 37.75798 ], [ -78.87666, 37.74104 ], [ -78.81963, 37.8299 ], [ -78.70862, 37.86362 ], [ -78.69036, 37.93343 ], [ -78.78332, 37.96955 ], [ -78.81029, 37.99709 ], [ -78.79816, 38.04363 ], [ -78.83123, 38.0479 ], [ -78.87637, 38.00561 ], [ -78.91251, 37.86595 ], [ -78.94549, 37.87018 ], [ -78.95748, 37.82362 ], [ -79.02341, 37.83206 ], [ -79.03534, 37.78549 ] ] ], [ [ [ -78.61694, 38.21256 ], [ -78.69545, 38.17465 ], [ -78.70766, 38.12813 ], [ -78.64148, 38.11953 ], [ -78.61694, 38.21256 ] ] ], [ [ [ -77.87735, 38.28275 ], [ -77.80469, 38.29696 ], [ -77.79825, 38.32018 ], [ -77.87735, 38.28275 ] ] ], [ [ [ -77.60011, 38.41352 ], [ -77.54079, 38.50175 ], [ -77.47439, 38.49258 ], [ -77.42802, 38.53436 ], [ -77.40162, 38.6271 ], [ -77.46814, 38.6363 ], [ -77.52112, 38.57132 ], [ -77.62086, 38.58502 ], [ -77.63391, 38.53863 ], [ -77.71336, 38.50131 ], [ -77.80563, 38.41753 ], [ -77.73928, 38.40849 ], [ -77.74575, 38.38529 ], [ -77.71259, 38.38076 ], [ -77.69962, 38.42717 ], [ -77.60011, 38.41352 ] ] ], [ [ [ -77.87735, 38.28275 ], [ -77.89767, 38.33368 ], [ -78.0571, 38.37924 ], [ -78.03164, 38.47212 ], [ -77.9524, 38.50962 ], [ -77.85271, 38.49617 ], [ -77.76039, 38.57997 ], [ -77.63454, 38.65916 ], [ -77.60838, 38.75192 ], [ -77.62208, 38.82604 ], [ -77.5022, 38.88189 ], [ -77.51581, 38.95601 ], [ -77.48936, 39.04871 ], [ -77.44261, 39.09047 ], [ -77.37562, 39.08126 ], [ -77.22839, 38.98862 ], [ -77.20153, 39.08127 ], [ -77.12783, 39.0951 ], [ -76.96051, 39.07164 ], [ -76.90658, 39.13635 ], [ -76.83962, 39.12689 ], [ -76.74512, 39.20993 ], [ -76.71056, 39.32558 ], [ -76.58899, 39.38059 ], [ -76.56804, 39.44994 ], [ -76.61561, 39.40851 ], [ -76.71643, 39.42285 ], [ -76.79748, 39.38612 ], [ -76.82505, 39.29359 ], [ -76.90588, 39.25678 ], [ -76.93323, 39.16422 ], [ -77.04054, 39.15519 ], [ -77.16783, 39.19705 ], [ -77.33555, 39.22025 ], [ -77.40934, 39.20631 ], [ -77.53697, 39.24782 ], [ -77.57003, 39.13196 ], [ -77.66337, 39.04835 ], [ -77.73689, 39.03423 ], [ -77.75647, 38.96466 ], [ -77.68957, 38.95561 ], [ -77.72222, 38.83966 ], [ -77.7955, 38.82551 ], [ -77.80847, 38.77911 ], [ -77.8279, 38.70951 ], [ -77.90101, 38.6953 ], [ -78.10106, 38.72206 ], [ -78.20748, 38.71211 ], [ -78.26609, 38.62363 ], [ -78.29941, 38.62802 ], [ -78.3057, 38.60479 ], [ -78.2724, 38.6004 ], [ -78.29757, 38.50749 ], [ -78.33083, 38.51188 ], [ -78.34337, 38.46541 ], [ -78.37661, 38.46979 ], [ -78.38911, 38.42332 ], [ -78.42233, 38.42768 ], [ -78.43479, 38.3812 ], [ -78.44723, 38.33472 ], [ -78.51979, 38.32016 ], [ -78.55297, 38.3245 ], [ -78.57149, 38.25475 ], [ -78.61694, 38.21256 ], [ -78.51756, 38.19959 ], [ -78.50519, 38.24608 ], [ -78.43271, 38.26063 ], [ -78.30016, 38.24314 ], [ -78.27331, 38.21551 ], [ -78.31082, 38.07605 ], [ -78.20543, 38.08609 ], [ -78.1472, 38.17462 ], [ -78.06838, 38.21221 ], [ -77.96911, 38.19883 ], [ -77.89016, 38.23631 ], [ -77.87735, 38.28275 ] ] ], [ [ [ -75.46744, 38.82822 ], [ -75.50066, 38.8333 ], [ -75.48205, 38.78206 ], [ -75.46744, 38.82822 ] ] ], [ [ [ -74.2896, 39.63694 ], [ -74.43932, 39.61231 ], [ -74.60707, 39.63883 ], [ -74.63016, 39.5698 ], [ -74.76432, 39.59084 ], [ -74.88781, 39.53747 ], [ -74.98843, 39.55307 ], [ -75.1377, 39.52769 ], [ -75.30551, 39.55336 ], [ -75.31675, 39.62761 ], [ -75.38399, 39.63781 ], [ -75.38046, 39.75815 ], [ -75.29815, 39.79403 ], [ -75.19707, 39.77865 ], [ -75.14478, 39.72229 ], [ -75.01022, 39.70162 ], [ -74.96142, 39.74248 ], [ -74.86227, 40.04171 ], [ -74.87309, 40.11596 ], [ -74.90692, 40.12117 ], [ -74.92223, 40.07515 ], [ -74.95604, 40.08034 ], [ -75.0051, 40.0395 ], [ -75.02791, 39.97044 ], [ -75.04309, 39.92439 ], [ -75.13325, 39.86564 ], [ -75.26819, 39.88618 ], [ -75.26069, 39.90922 ], [ -75.32821, 39.91945 ], [ -75.45929, 39.84254 ], [ -75.48895, 39.75034 ], [ -75.52264, 39.7554 ], [ -75.55218, 39.66317 ], [ -75.66049, 39.65523 ], [ -75.76148, 39.67027 ], [ -75.79064, 39.57799 ], [ -75.89154, 39.59293 ], [ -75.94686, 39.52866 ], [ -76.02847, 39.49238 ], [ -76.09568, 39.50224 ], [ -76.11498, 39.55334 ], [ -76.17005, 39.48897 ], [ -76.33815, 39.51338 ], [ -76.3523, 39.46717 ], [ -76.43361, 39.43065 ], [ -76.36642, 39.42096 ], [ -76.31341, 39.36502 ], [ -76.30108, 39.29083 ], [ -76.24114, 39.25796 ], [ -76.22183, 39.20686 ], [ -76.14779, 39.22017 ], [ -75.98051, 39.19551 ], [ -76.0163, 39.08003 ], [ -76.00436, 39.00579 ], [ -75.89716, 39.01401 ], [ -75.7305, 38.98904 ], [ -75.7189, 38.91477 ], [ -75.62634, 38.8766 ], [ -75.5681, 39.06124 ], [ -75.60145, 39.06629 ], [ -75.54298, 39.25088 ], [ -75.45005, 39.2126 ], [ -75.39798, 39.1563 ], [ -75.36107, 39.27161 ], [ -75.41319, 39.32792 ], [ -75.19396, 39.246 ], [ -75.18292, 39.1717 ], [ -75.04199, 39.1741 ], [ -74.90859, 39.15332 ], [ -74.93119, 39.0842 ], [ -74.86459, 39.07377 ], [ -74.79044, 39.08634 ], [ -74.77528, 39.13241 ], [ -74.67535, 39.11664 ], [ -74.62678, 39.15741 ], [ -74.59617, 39.24949 ], [ -74.53207, 39.33625 ], [ -74.43189, 39.32031 ], [ -74.3675, 39.40699 ], [ -74.32082, 39.54497 ], [ -74.23821, 39.58023 ], [ -74.2896, 39.63694 ] ] ], [ [ [ -74.19113, 39.71814 ], [ -74.1733, 39.66679 ], [ -74.15756, 39.71275 ], [ -74.19113, 39.71814 ] ] ] ] } },
{ "type": "Feature", "properties": { "ID": 25 }, "geometry": { "type": "MultiPolygon", "coordinates": [ [ [ [ -79.07673, 39.08814 ], [ -79.00953, 39.07973 ], [ -78.99735, 39.12622 ], [ -79.03097, 39.13043 ], [ -79.07673, 39.08814 ] ] ], [ [ [ -79.03418, 39.25084 ], [ -79.08003, 39.20856 ], [ -79.04636, 39.20436 ], [ -79.03418, 39.25084 ] ] ], [ [ [ -78.64024, 39.03291 ], [ -78.54817, 39.11719 ], [ -78.52312, 39.21007 ], [ -78.6178, 39.24624 ], [ -78.63275, 39.3202 ], [ -78.73385, 39.33307 ], [ -78.75246, 39.2634 ], [ -78.65146, 39.25054 ], [ -78.70734, 39.0415 ], [ -78.64024, 39.03291 ] ] ], [ [ [ -78.98828, 39.29311 ], [ -79.01588, 39.32055 ], [ -78.95766, 39.40928 ], [ -78.94537, 39.45574 ], [ -79.07115, 39.37543 ], [ -79.09549, 39.28247 ], [ -79.0557, 39.30152 ], [ -78.98828, 39.29311 ] ] ], [ [ [ -78.78202, 39.67524 ], [ -78.81591, 39.6795 ], [ -78.82833, 39.63306 ], [ -78.79446, 39.6288 ], [ -78.78202, 39.67524 ] ] ], [ [ [ -80.48311, 40.45202 ], [ -80.58634, 40.46351 ], [ -80.55806, 40.57987 ], [ -80.50084, 40.66912 ], [ -80.61009, 40.65732 ], [ -80.61574, 40.63405 ], [ -80.70724, 40.54855 ], [ -80.64957, 40.49441 ], [ -80.66643, 40.42458 ], [ -80.80305, 40.29623 ], [ -80.87174, 40.30374 ], [ -80.92262, 40.23761 ], [ -81.09426, 40.25618 ], [ -81.11229, 40.32977 ], [ -81.18105, 40.33713 ], [ -81.1992, 40.4107 ], [ -81.33157, 40.44861 ], [ -81.46942, 40.46308 ], [ -81.47474, 40.43977 ], [ -81.44029, 40.43617 ], [ -81.44562, 40.41286 ], [ -81.52511, 40.37343 ], [ -81.5357, 40.32681 ], [ -81.63892, 40.33752 ], [ -81.64417, 40.3142 ], [ -81.60977, 40.31064 ], [ -81.62554, 40.24069 ], [ -81.67037, 40.1976 ], [ -81.73906, 40.20469 ], [ -81.76301, 40.25487 ], [ -81.86098, 40.28875 ], [ -81.9642, 40.29923 ], [ -82.01906, 40.20937 ], [ -81.9847, 40.2059 ], [ -82.01024, 40.08922 ], [ -81.94164, 40.08226 ], [ -81.85939, 39.97843 ], [ -81.87481, 39.90842 ], [ -82.08005, 39.92929 ], [ -82.08392, 40.0728 ], [ -82.22113, 40.08654 ], [ -82.21107, 40.13323 ], [ -82.28475, 40.1167 ], [ -82.30972, 39.99996 ], [ -82.33459, 39.88319 ], [ -82.44708, 39.84661 ], [ -82.45692, 39.79989 ], [ -82.39846, 39.74643 ], [ -82.40831, 39.69971 ], [ -82.5448, 39.71313 ], [ -82.55455, 39.6664 ], [ -82.65688, 39.67637 ], [ -82.68582, 39.53613 ], [ -82.72466, 39.51605 ], [ -82.70984, 39.41924 ], [ -82.57393, 39.40597 ], [ -82.47692, 39.37256 ], [ -82.45739, 39.46605 ], [ -82.40867, 39.53279 ], [ -82.37465, 39.52941 ], [ -82.37913, 39.67297 ], [ -82.33514, 39.71631 ], [ -82.26691, 39.70951 ], [ -82.24697, 39.80293 ], [ -82.14953, 39.7693 ], [ -82.16959, 39.67589 ], [ -82.10142, 39.66901 ], [ -82.04713, 39.75896 ], [ -81.91065, 39.74504 ], [ -81.90043, 39.79173 ], [ -81.7774, 39.87454 ], [ -81.66969, 39.88725 ], [ -81.43056, 39.86217 ], [ -81.32281, 39.87461 ], [ -81.34099, 39.9482 ], [ -81.22233, 40.00719 ], [ -81.19889, 39.9569 ], [ -81.03345, 39.91515 ], [ -81.01167, 40.00836 ], [ -80.8749, 39.99343 ], [ -80.79547, 40.03251 ], [ -80.77331, 40.12567 ], [ -80.69366, 40.16468 ], [ -80.59088, 40.15326 ], [ -80.54582, 40.33949 ], [ -80.46577, 40.37836 ], [ -80.48311, 40.45202 ] ] ], [ [ [ -78.63146, 39.58418 ], [ -78.55121, 39.62198 ], [ -78.5386, 39.66839 ], [ -78.43701, 39.65539 ], [ -78.42431, 39.70179 ], [ -78.35018, 39.71626 ], [ -78.22285, 39.79588 ], [ -78.20353, 39.86544 ], [ -78.37333, 39.88736 ], [ -78.42643, 39.82213 ], [ -78.49432, 39.83081 ], [ -78.55356, 39.74233 ], [ -78.75085, 39.79131 ], [ -78.8097, 39.70271 ], [ -78.78202, 39.67524 ], [ -78.72674, 39.62026 ], [ -78.69288, 39.61598 ], [ -78.69913, 39.59277 ], [ -78.63146, 39.58418 ] ] ], [ [ [ -79.7784, 39.74887 ], [ -79.74441, 39.74484 ], [ -79.70902, 39.88437 ], [ -79.57111, 40.01169 ], [ -79.53699, 40.00762 ], [ -79.495, 40.17029 ], [ -79.4608, 40.1662 ], [ -79.43062, 40.28236 ], [ -79.48707, 40.33701 ], [ -79.61825, 40.37653 ], [ -79.60627, 40.423 ], [ -79.70334, 40.45838 ], [ -79.73037, 40.6291 ], [ -79.79929, 40.63713 ], [ -79.85154, 40.57142 ], [ -79.90861, 40.62588 ], [ -80.02376, 40.5913 ], [ -80.06991, 40.54875 ], [ -80.09324, 40.45574 ], [ -80.04717, 40.4983 ], [ -79.86929, 40.50169 ], [ -79.84674, 40.45121 ], [ -79.85265, 40.42796 ], [ -79.78394, 40.41995 ], [ -79.81947, 40.28048 ], [ -79.92231, 40.29246 ], [ -79.91056, 40.33896 ], [ -79.94487, 40.34294 ], [ -79.939, 40.36619 ], [ -80.11069, 40.38598 ], [ -80.1165, 40.36272 ], [ -80.15084, 40.36665 ], [ -80.20252, 40.30079 ], [ -80.19131, 40.20382 ], [ -80.2602, 39.92459 ], [ -80.19199, 39.91677 ], [ -80.22636, 39.77713 ], [ -80.16403, 39.74602 ], [ -80.18122, 39.6762 ], [ -80.12476, 39.62179 ], [ -80.14196, 39.55196 ], [ -80.02365, 39.46634 ], [ -80.00133, 39.41583 ], [ -79.91049, 39.50097 ], [ -79.92697, 39.57476 ], [ -79.99479, 39.58271 ], [ -79.99981, 39.70303 ], [ -79.95422, 39.74559 ], [ -79.85808, 39.71036 ], [ -79.88142, 39.61731 ], [ -79.80186, 39.65583 ], [ -79.7784, 39.74887 ] ] ], [ [ [ -80.12763, 40.45968 ], [ -80.11017, 40.52944 ], [ -80.21347, 40.54121 ], [ -80.20188, 40.58772 ], [ -80.33402, 40.62656 ], [ -80.35126, 40.55677 ], [ -80.3168, 40.55289 ], [ -80.35124, 40.41331 ], [ -80.31686, 40.40943 ], [ -80.17361, 40.41709 ], [ -80.12763, 40.45968 ] ] ], [ [ [ -77.21389, 39.99803 ], [ -77.17995, 39.99338 ], [ -77.18659, 40.09056 ], [ -77.17975, 40.11369 ], [ -77.2614, 40.07671 ], [ -77.36341, 40.09057 ], [ -77.39046, 39.99801 ], [ -77.37678, 39.92397 ], [ -77.42417, 39.88228 ], [ -77.51921, 39.91918 ], [ -77.5058, 39.96548 ], [ -77.53976, 39.97005 ], [ -77.55983, 39.90059 ], [ -77.52591, 39.89603 ], [ -77.55932, 39.78025 ], [ -77.55882, 39.6599 ], [ -77.59262, 39.66446 ], [ -77.59926, 39.6413 ], [ -77.56547, 39.63674 ], [ -77.57877, 39.59041 ], [ -77.54501, 39.58585 ], [ -77.55832, 39.53953 ], [ -77.49085, 39.53038 ], [ -77.48418, 39.55354 ], [ -77.43037, 39.61843 ], [ -77.39681, 39.73419 ], [ -77.38335, 39.78049 ], [ -77.35637, 39.87307 ], [ -77.32248, 39.86846 ], [ -77.34286, 39.91936 ], [ -77.30894, 39.91474 ], [ -77.22752, 39.95175 ], [ -77.21389, 39.99803 ] ] ], [ [ [ -77.5882, 40.16893 ], [ -77.62227, 40.17348 ], [ -77.63564, 40.12717 ], [ -77.60159, 40.12263 ], [ -77.5882, 40.16893 ] ] ], [ [ [ -77.63564, 40.12717 ], [ -77.76524, 40.16843 ], [ -77.7453, 40.2379 ], [ -77.84767, 40.25141 ], [ -77.78699, 40.33954 ], [ -77.7537, 40.4553 ], [ -77.70609, 40.49708 ], [ -77.6376, 40.48801 ], [ -77.6107, 40.58058 ], [ -77.71358, 40.59418 ], [ -77.74034, 40.50159 ], [ -77.83545, 40.418 ], [ -77.90389, 40.42696 ], [ -77.95665, 40.24167 ], [ -78.06416, 40.11156 ], [ -78.09672, 39.99569 ], [ -78.19062, 39.91181 ], [ -78.19708, 39.88862 ], [ -78.02733, 39.86649 ], [ -77.96599, 39.8344 ], [ -77.95292, 39.88075 ], [ -77.90587, 39.92262 ], [ -77.83796, 39.91365 ], [ -77.7436, 39.9973 ], [ -77.73033, 40.04361 ], [ -77.69632, 40.03909 ], [ -77.71705, 40.08993 ], [ -77.61497, 40.07633 ], [ -77.63564, 40.12717 ] ] ], [ [ [ -78.10279, 40.47683 ], [ -78.12894, 40.38416 ], [ -77.97236, 40.4359 ], [ -77.95256, 40.50537 ], [ -78.04883, 40.54189 ], [ -78.10279, 40.47683 ] ] ], [ [ [ -75.88113, 40.07424 ], [ -75.83722, 40.21262 ], [ -75.89784, 40.24562 ], [ -75.99981, 40.26048 ], [ -75.94642, 40.20445 ], [ -75.97555, 40.11218 ], [ -75.94892, 40.08417 ], [ -75.88113, 40.07424 ] ] ], [ [ [ -76.31318, 40.28152 ], [ -76.1843, 40.23892 ], [ -76.08732, 40.3214 ], [ -76.25757, 40.34589 ], [ -76.23792, 40.29486 ], [ -76.306, 40.3046 ], [ -76.31318, 40.28152 ] ] ], [ [ [ -76.61135, 40.46832 ], [ -76.74801, 40.48741 ], [ -76.76813, 40.53837 ], [ -76.73994, 40.63076 ], [ -76.80846, 40.64026 ], [ -76.78734, 40.70956 ], [ -76.85594, 40.71903 ], [ -76.81549, 40.61716 ], [ -76.82953, 40.57096 ], [ -76.96647, 40.58984 ], [ -76.94554, 40.65916 ], [ -77.01412, 40.66856 ], [ -77.00018, 40.71478 ], [ -77.0345, 40.71947 ], [ -77.08964, 40.65481 ], [ -77.26116, 40.67807 ], [ -77.2406, 40.6272 ], [ -77.27489, 40.63183 ], [ -77.3023, 40.53933 ], [ -77.3502, 40.49769 ], [ -77.41866, 40.50689 ], [ -77.39825, 40.57629 ], [ -77.43252, 40.58088 ], [ -77.41891, 40.62714 ], [ -77.48752, 40.63631 ], [ -77.52815, 40.49749 ], [ -77.61009, 40.46033 ], [ -77.62353, 40.41404 ], [ -77.76613, 40.28872 ], [ -77.65704, 40.2983 ], [ -77.64365, 40.3446 ], [ -77.50703, 40.32638 ], [ -77.37728, 40.28489 ], [ -77.38407, 40.26175 ], [ -77.2477, 40.24327 ], [ -77.23403, 40.28953 ], [ -77.15896, 40.30336 ], [ -77.05666, 40.28935 ], [ -77.02207, 40.40494 ], [ -77.04238, 40.45586 ], [ -76.89872, 40.46016 ], [ -76.88551, 40.38611 ], [ -76.71491, 40.36239 ], [ -76.65964, 40.42691 ], [ -76.59138, 40.41734 ], [ -76.5772, 40.46353 ], [ -76.61135, 40.46832 ] ], [ [ -77.44581, 40.41435 ], [ -77.45936, 40.36808 ], [ -77.56187, 40.38179 ], [ -77.5484, 40.42808 ], [ -77.44581, 40.41435 ] ] ], [ [ [ -76.47477, 40.44909 ], [ -76.36522, 40.45767 ], [ -76.38502, 40.50868 ], [ -76.28257, 40.4941 ], [ -76.30232, 40.54512 ], [ -76.48039, 40.54626 ], [ -76.54305, 40.45872 ], [ -76.47477, 40.44909 ] ] ], [ [ [ -76.00718, 40.57512 ], [ -76.07553, 40.58498 ], [ -76.0901, 40.53885 ], [ -76.0218, 40.529 ], [ -76.00718, 40.57512 ] ] ], [ [ [ -75.93152, 40.58829 ], [ -75.8632, 40.57836 ], [ -75.80228, 40.54535 ], [ -75.7801, 40.6145 ], [ -75.91683, 40.6344 ], [ -75.93152, 40.58829 ] ] ], [ [ [ -74.47763, 40.75642 ], [ -74.43813, 40.87128 ], [ -74.396, 40.88893 ], [ -74.43021, 40.89425 ], [ -74.42229, 40.91722 ], [ -74.45651, 40.92253 ], [ -74.48813, 40.83065 ], [ -74.55379, 40.74404 ], [ -74.65623, 40.75987 ], [ -74.7138, 40.69617 ], [ -74.7976, 40.66067 ], [ -74.90769, 40.65332 ], [ -75.0707, 40.70224 ], [ -75.10486, 40.7074 ], [ -75.12016, 40.66138 ], [ -75.16956, 40.6205 ], [ -75.27954, 40.61286 ], [ -75.31367, 40.61797 ], [ -75.3288, 40.57193 ], [ -75.46529, 40.59227 ], [ -75.44619, 40.54113 ], [ -75.51441, 40.55126 ], [ -75.52938, 40.50519 ], [ -75.56347, 40.51024 ], [ -75.5933, 40.41808 ], [ -75.72214, 40.46121 ], [ -75.70732, 40.50731 ], [ -75.74143, 40.51231 ], [ -75.8465, 40.40703 ], [ -75.88056, 40.41201 ], [ -75.8879, 40.38895 ], [ -75.78575, 40.37401 ], [ -75.75909, 40.34596 ], [ -75.58903, 40.32087 ], [ -75.54759, 40.33887 ], [ -75.53267, 40.38495 ], [ -75.47211, 40.35179 ], [ -75.33613, 40.33145 ], [ -75.32107, 40.37751 ], [ -75.21907, 40.36216 ], [ -75.21149, 40.38518 ], [ -75.11305, 40.46697 ], [ -74.97694, 40.44628 ], [ -74.91986, 40.51011 ], [ -74.88582, 40.5049 ], [ -74.87039, 40.5509 ], [ -74.83633, 40.54569 ], [ -74.7527, 40.58122 ], [ -74.73716, 40.6272 ], [ -74.63491, 40.61143 ], [ -74.62709, 40.63441 ], [ -74.49079, 40.61326 ], [ -74.48292, 40.63624 ], [ -74.44884, 40.63093 ], [ -74.47504, 40.65921 ], [ -74.42517, 40.69985 ], [ -74.40936, 40.74579 ], [ -74.47763, 40.75642 ] ] ], [ [ [ -74.32201, 40.99841 ], [ -74.2535, 40.98771 ], [ -74.2455, 41.01066 ], [ -74.177, 40.99992 ], [ -74.16094, 41.04582 ], [ -74.18718, 41.07415 ], [ -74.32437, 41.09559 ], [ -74.31403, 41.02137 ], [ -74.32201, 40.99841 ] ] ], [ [ [ -72.5205, 41.36107 ], [ -72.72639, 41.39558 ], [ -72.6833, 41.50988 ], [ -72.61453, 41.49838 ], [ -72.57985, 41.58979 ], [ -72.61428, 41.59555 ], [ -72.62295, 41.57269 ], [ -72.67466, 41.53273 ], [ -72.74348, 41.5442 ], [ -72.7693, 41.47561 ], [ -72.88103, 41.46986 ], [ -72.88958, 41.44699 ], [ -72.92396, 41.45268 ], [ -72.95807, 41.36118 ], [ -73.00976, 41.41827 ], [ -73.18949, 41.3264 ], [ -73.20633, 41.28062 ], [ -73.34363, 41.303 ], [ -73.43732, 41.24543 ], [ -73.45396, 41.19962 ], [ -73.59117, 41.22177 ], [ -73.60897, 41.27311 ], [ -73.78077, 41.30059 ], [ -73.78898, 41.27766 ], [ -73.82334, 41.28313 ], [ -73.83971, 41.23727 ], [ -73.87406, 41.24273 ], [ -73.89038, 41.19687 ], [ -73.82991, 41.16302 ], [ -73.84624, 41.11716 ], [ -73.77769, 41.10623 ], [ -73.78587, 41.0833 ], [ -73.71737, 41.07234 ], [ -73.70917, 41.09526 ], [ -73.57218, 41.07323 ], [ -73.51313, 41.13644 ], [ -73.41037, 41.11978 ], [ -73.40205, 41.14269 ], [ -73.28258, 41.17175 ], [ -73.26582, 41.21754 ], [ -73.163, 41.20071 ], [ -73.12928, 41.29227 ], [ -72.94928, 41.28688 ], [ -72.94077, 41.30976 ], [ -72.88941, 41.34982 ], [ -72.78647, 41.33272 ], [ -72.81216, 41.26412 ], [ -72.70938, 41.24696 ], [ -72.5209, 41.26389 ], [ -72.38398, 41.24071 ], [ -72.26386, 41.26891 ], [ -72.2288, 41.36024 ], [ -72.36592, 41.38357 ], [ -72.46013, 41.42382 ], [ -72.5205, 41.36107 ] ] ], [ [ [ -71.37936, 41.74884 ], [ -71.47348, 41.78973 ], [ -71.5624, 41.65907 ], [ -71.50276, 41.62425 ], [ -71.39064, 41.62893 ], [ -71.35411, 41.72002 ], [ -71.37936, 41.74884 ] ] ], [ [ [ -71.1872, 41.49534 ], [ -71.0595, 41.44813 ], [ -70.9106, 41.54344 ], [ -70.8548, 41.67989 ], [ -70.86115, 41.75428 ], [ -70.93633, 41.841 ], [ -70.90835, 41.90922 ], [ -71.07137, 41.96268 ], [ -71.14542, 41.78066 ], [ -71.3083, 41.83386 ], [ -71.31521, 41.90822 ], [ -71.38419, 41.92034 ], [ -71.37936, 41.74884 ], [ -71.23262, 41.74733 ], [ -71.14794, 41.68352 ], [ -71.15046, 41.58638 ], [ -71.1872, 41.49534 ] ] ], [ [ [ -71.03418, 42.05367 ], [ -70.9306, 42.03524 ], [ -70.85562, 42.21713 ], [ -70.86203, 42.2915 ], [ -70.95663, 42.33272 ], [ -70.97256, 42.38434 ], [ -70.93498, 42.47529 ], [ -71.05802, 42.44823 ], [ -71.02327, 42.4421 ], [ -71.07005, 42.32839 ], [ -71.11666, 42.21465 ], [ -71.06605, 42.15692 ], [ -71.09397, 42.08867 ], [ -71.03418, 42.05367 ] ] ] ] } },
{ "type": "Feature", "properties": { "ID": 26 }, "geometry": { "type": "MultiPolygon", "coordinates": [ [ [ [ -92.97556, 40.26206 ], [ -92.83656, 40.25899 ], [ -92.80064, 40.28177 ], [ -92.79594, 40.37607 ], [ -92.82842, 40.42401 ], [ -92.96778, 40.4271 ], [ -93.00482, 40.3807 ], [ -93.00922, 40.28639 ], [ -92.97556, 40.26206 ] ] ], [ [ [ -87.48602, 40.67409 ], [ -87.60999, 40.79991 ], [ -87.74666, 40.83167 ], [ -87.74056, 40.87864 ], [ -87.84247, 40.90825 ], [ -87.98246, 40.91628 ], [ -87.98839, 40.8693 ], [ -88.30326, 40.88686 ], [ -88.40545, 40.91606 ], [ -88.39982, 40.96306 ], [ -88.61284, 40.95073 ], [ -88.60736, 40.99773 ], [ -88.71257, 41.0032 ], [ -88.77736, 41.05382 ], [ -88.81779, 41.00859 ], [ -88.88795, 41.01215 ], [ -88.96334, 40.96864 ], [ -89.00876, 40.87634 ], [ -89.21886, 40.88661 ], [ -89.22387, 40.83957 ], [ -89.32887, 40.84459 ], [ -89.31651, 40.96218 ], [ -89.38174, 41.01251 ], [ -89.37928, 41.03603 ], [ -89.48461, 41.04093 ], [ -89.49186, 40.97037 ], [ -89.45678, 40.96875 ], [ -89.46647, 40.87467 ], [ -89.50149, 40.87629 ], [ -89.51828, 40.71163 ], [ -89.49295, 40.61591 ], [ -89.56509, 40.5956 ], [ -89.60938, 40.50308 ], [ -89.63513, 40.2442 ], [ -89.56813, 40.21748 ], [ -89.32551, 40.20608 ], [ -89.23394, 40.08339 ], [ -89.13019, 40.07831 ], [ -89.13521, 40.03124 ], [ -89.06864, 40.00428 ], [ -88.82691, 39.992 ], [ -88.7605, 39.96489 ], [ -88.76578, 39.91783 ], [ -88.63055, 39.88704 ], [ -88.18268, 39.86249 ], [ -88.01633, 39.80563 ], [ -87.87873, 39.79762 ], [ -87.88464, 39.75059 ], [ -87.71282, 39.74039 ], [ -87.70679, 39.78742 ], [ -87.56927, 39.7791 ], [ -87.46306, 39.79628 ], [ -87.44127, 39.9608 ], [ -87.46952, 40.00993 ], [ -87.33156, 40.00138 ], [ -87.30659, 39.92873 ], [ -87.2377, 39.92439 ], [ -87.21606, 39.82821 ], [ -87.11291, 39.82162 ], [ -86.98523, 39.74223 ], [ -86.99505, 39.67174 ], [ -86.7893, 39.65815 ], [ -86.76507, 39.58538 ], [ -86.68983, 39.62775 ], [ -86.51854, 39.61607 ], [ -86.51166, 39.66305 ], [ -86.4327, 39.72877 ], [ -86.42227, 39.79921 ], [ -86.08082, 39.98868 ], [ -85.93944, 40.00222 ], [ -85.99054, 39.67366 ], [ -85.96356, 39.62422 ], [ -85.82294, 39.63765 ], [ -85.75447, 39.63257 ], [ -85.70905, 39.70042 ], [ -85.69035, 39.81774 ], [ -85.81657, 39.89831 ], [ -85.89764, 40.04664 ], [ -86.06633, 40.08255 ], [ -86.07358, 40.03562 ], [ -86.17697, 40.04298 ], [ -86.18413, 39.99604 ], [ -86.28747, 40.00332 ], [ -86.3634, 39.96118 ], [ -86.4875, 39.82744 ], [ -86.49442, 39.78048 ], [ -86.66614, 39.79218 ], [ -86.65935, 39.83916 ], [ -86.75239, 39.91654 ], [ -86.73214, 40.05745 ], [ -86.75651, 40.13019 ], [ -86.82223, 40.15825 ], [ -86.80205, 40.29913 ], [ -86.72601, 40.3415 ], [ -86.69188, 40.57622 ], [ -86.90056, 40.58994 ], [ -86.90726, 40.54299 ], [ -87.01155, 40.54972 ], [ -87.01816, 40.50277 ], [ -87.0942, 40.46025 ], [ -87.23634, 40.44555 ], [ -87.40997, 40.45633 ], [ -87.47317, 40.50756 ], [ -87.45117, 40.67197 ], [ -87.48602, 40.67409 ] ] ], [ [ [ -89.89025, 40.49197 ], [ -89.87674, 40.63318 ], [ -89.8373, 40.67871 ], [ -89.69529, 40.69605 ], [ -89.69064, 40.7431 ], [ -89.65568, 40.74153 ], [ -89.65099, 40.78858 ], [ -89.96587, 40.80243 ], [ -89.97478, 40.7083 ], [ -89.951, 40.58914 ], [ -89.99031, 40.54356 ], [ -90.19945, 40.55237 ], [ -90.23644, 40.53027 ], [ -90.41071, 40.53733 ], [ -90.41688, 40.4667 ], [ -90.49057, 40.42236 ], [ -90.62978, 40.42777 ], [ -90.70717, 40.33623 ], [ -90.71493, 40.24202 ], [ -90.6128, 40.21448 ], [ -90.61674, 40.16737 ], [ -90.37413, 40.15779 ], [ -90.37001, 40.20489 ], [ -90.19664, 40.19778 ], [ -90.19026, 40.26842 ], [ -90.07093, 40.42884 ], [ -90.00135, 40.42588 ], [ -89.9599, 40.49499 ], [ -89.89025, 40.49197 ] ] ], [ [ [ -88.11663, 41.53881 ], [ -88.19318, 41.49573 ], [ -88.19901, 41.44876 ], [ -88.2725, 41.42913 ], [ -88.30409, 41.17073 ], [ -88.19864, 41.16495 ], [ -88.22223, 41.26085 ], [ -88.20773, 41.3783 ], [ -88.11663, 41.53881 ] ] ], [ [ [ -87.66876, 41.96271 ], [ -87.70121, 41.98824 ], [ -87.87921, 41.99843 ], [ -87.9209, 41.9535 ], [ -87.90663, 41.78717 ], [ -87.77397, 41.70864 ], [ -87.71241, 41.63412 ], [ -87.71861, 41.58717 ], [ -87.54181, 41.57678 ], [ -87.40362, 41.54484 ], [ -87.36184, 41.58964 ], [ -87.46472, 41.6195 ], [ -87.48736, 41.71549 ], [ -87.55823, 41.7197 ], [ -87.61968, 41.79428 ], [ -87.61023, 41.86469 ], [ -87.68128, 41.86884 ], [ -87.66876, 41.96271 ] ] ], [ [ [ -83.58609, 41.71362 ], [ -83.60001, 41.64354 ], [ -83.49434, 41.63428 ], [ -83.44505, 41.70124 ], [ -83.58609, 41.71362 ] ] ] ] } },
{ "type": "Feature", "properties": { "ID": 27 }, "geometry": { "type": "MultiPolygon", "coordinates": [ [ [ [ -82.29475, 40.07001 ], [ -82.31908, 40.1201 ], [ -82.45644, 40.1336 ], [ -82.46632, 40.0869 ], [ -82.54478, 40.04688 ], [ -82.7212, 40.0401 ], [ -82.74102, 40.11348 ], [ -82.80972, 40.12004 ], [ -82.79045, 40.2135 ], [ -82.8889, 40.24665 ], [ -82.8793, 40.29338 ], [ -83.0124, 40.3297 ], [ -83.06716, 40.40623 ], [ -83.27437, 40.42533 ], [ -83.2837, 40.37858 ], [ -83.38727, 40.388 ], [ -83.43562, 40.32098 ], [ -83.50462, 40.3272 ], [ -83.51376, 40.28043 ], [ -83.54824, 40.28353 ], [ -83.55279, 40.26014 ], [ -83.58005, 40.11981 ], [ -83.68325, 40.12901 ], [ -83.70419, 40.20225 ], [ -83.87646, 40.2174 ], [ -83.92858, 40.1268 ], [ -84.1007, 40.14168 ], [ -84.23415, 40.17683 ], [ -84.24274, 40.13001 ], [ -84.39745, 40.04795 ], [ -84.4059, 40.00111 ], [ -84.50903, 40.00971 ], [ -84.5174, 39.96286 ], [ -84.66723, 39.90391 ], [ -84.90762, 39.9234 ], [ -84.91569, 39.87653 ], [ -85.05302, 39.88747 ], [ -85.20611, 39.80449 ], [ -85.25603, 39.71336 ], [ -85.36267, 39.69788 ], [ -85.53396, 39.71099 ], [ -85.52636, 39.75791 ], [ -85.59116, 39.78655 ], [ -85.69409, 39.79428 ], [ -85.70905, 39.70042 ], [ -85.75447, 39.63257 ], [ -85.72024, 39.63002 ], [ -85.56803, 39.49982 ], [ -85.51111, 39.42421 ], [ -85.27238, 39.40576 ], [ -85.26463, 39.45268 ], [ -84.9417, 39.52212 ], [ -84.88147, 39.46972 ], [ -84.77915, 39.46139 ], [ -84.72875, 39.55237 ], [ -84.62632, 39.54393 ], [ -84.61808, 39.59081 ], [ -84.4473, 39.57656 ], [ -84.42216, 39.71714 ], [ -84.34527, 39.75823 ], [ -84.32407, 39.87534 ], [ -84.25548, 39.86952 ], [ -84.20403, 39.96027 ], [ -84.00241, 39.91914 ], [ -83.94257, 39.86634 ], [ -83.96445, 39.74929 ], [ -83.90041, 39.71988 ], [ -83.9521, 39.62923 ], [ -83.97388, 39.51214 ], [ -83.9057, 39.50615 ], [ -83.92316, 39.41247 ], [ -83.82545, 39.38002 ], [ -83.83423, 39.33318 ], [ -83.73669, 39.30065 ], [ -83.74552, 39.25382 ], [ -83.57582, 39.23849 ], [ -83.53993, 39.42578 ], [ -83.47189, 39.41957 ], [ -83.44923, 39.5366 ], [ -83.40604, 39.58027 ], [ -83.30375, 39.57086 ], [ -83.29456, 39.61765 ], [ -83.20781, 39.70489 ], [ -83.1395, 39.69852 ], [ -83.10678, 39.86221 ], [ -83.17526, 39.86859 ], [ -83.14724, 40.00888 ], [ -83.16753, 40.08221 ], [ -83.12379, 40.12577 ], [ -82.98631, 40.11293 ], [ -82.87845, 40.12657 ], [ -82.81934, 40.07331 ], [ -82.79944, 39.99994 ], [ -82.73086, 39.99337 ], [ -82.76459, 39.82979 ], [ -82.84256, 39.78959 ], [ -82.8854, 39.57919 ], [ -82.81726, 39.57266 ], [ -82.79751, 39.49924 ], [ -82.72466, 39.51605 ], [ -82.70063, 39.63293 ], [ -82.65688, 39.67637 ], [ -82.55455, 39.6664 ], [ -82.5448, 39.71313 ], [ -82.40831, 39.69971 ], [ -82.39846, 39.74643 ], [ -82.45692, 39.79989 ], [ -82.44708, 39.84661 ], [ -82.33459, 39.88319 ], [ -82.30972, 39.99996 ], [ -82.29475, 40.07001 ] ] ], [ [ [ -82.22113, 40.08654 ], [ -82.08392, 40.0728 ], [ -82.08005, 39.92929 ], [ -81.87481, 39.90842 ], [ -81.85939, 39.97843 ], [ -81.94164, 40.08226 ], [ -82.01024, 40.08922 ], [ -81.9847, 40.2059 ], [ -82.08779, 40.21628 ], [ -82.09795, 40.16961 ], [ -82.20101, 40.17991 ], [ -82.22113, 40.08654 ] ] ], [ [ [ -81.86098, 40.28875 ], [ -81.76301, 40.25487 ], [ -81.73906, 40.20469 ], [ -81.67037, 40.1976 ], [ -81.62554, 40.24069 ], [ -81.60977, 40.31064 ], [ -81.64417, 40.3142 ], [ -81.63892, 40.33752 ], [ -81.70775, 40.34462 ], [ -81.71298, 40.3213 ], [ -81.91949, 40.3424 ], [ -81.92979, 40.29574 ], [ -81.86098, 40.28875 ] ] ], [ [ [ -81.43495, 40.45948 ], [ -81.42427, 40.50609 ], [ -81.48793, 40.53661 ], [ -81.50389, 40.46668 ], [ -81.43495, 40.45948 ] ] ], [ [ [ -81.49843, 40.80015 ], [ -81.47448, 40.74995 ], [ -81.37062, 40.73912 ], [ -81.31439, 40.82868 ], [ -81.48773, 40.84676 ], [ -81.49843, 40.80015 ] ] ], [ [ [ -81.45807, 41.12994 ], [ -81.52775, 41.13712 ], [ -81.54916, 41.04393 ], [ -81.47421, 41.06005 ], [ -81.45807, 41.12994 ] ] ], [ [ [ -82.17918, 41.41697 ], [ -82.11946, 41.36348 ], [ -82.04428, 41.3799 ], [ -81.86932, 41.36251 ], [ -81.57886, 41.38082 ], [ -81.54122, 41.54388 ], [ -81.61136, 41.55102 ], [ -81.69219, 41.51153 ], [ -81.74319, 41.44517 ], [ -81.95339, 41.4662 ], [ -82.08842, 41.50336 ], [ -82.09878, 41.45674 ], [ -82.17918, 41.41697 ] ] ], [ [ [ -77.41891, 40.62714 ], [ -77.43252, 40.58088 ], [ -77.39825, 40.57629 ], [ -77.41866, 40.50689 ], [ -77.3502, 40.49769 ], [ -77.3023, 40.53933 ], [ -77.27489, 40.63183 ], [ -77.30919, 40.63645 ], [ -77.31604, 40.61333 ], [ -77.41891, 40.62714 ] ] ], [ [ [ -75.27954, 40.61286 ], [ -75.16956, 40.6205 ], [ -75.12016, 40.66138 ], [ -75.10486, 40.7074 ], [ -75.13903, 40.71255 ], [ -75.16557, 40.74071 ], [ -75.30237, 40.76121 ], [ -75.52276, 40.74564 ], [ -75.53776, 40.69957 ], [ -75.6211, 40.66358 ], [ -75.7192, 40.58145 ], [ -75.7875, 40.59145 ], [ -75.80228, 40.54535 ], [ -75.8632, 40.57836 ], [ -75.96569, 40.59324 ], [ -75.97302, 40.57018 ], [ -76.00718, 40.57512 ], [ -76.0218, 40.529 ], [ -76.0901, 40.53885 ], [ -76.09738, 40.51578 ], [ -76.24843, 40.48923 ], [ -76.38502, 40.50868 ], [ -76.36522, 40.45767 ], [ -76.47477, 40.44909 ], [ -76.44064, 40.44427 ], [ -76.38671, 40.38842 ], [ -76.31853, 40.37871 ], [ -76.29882, 40.32769 ], [ -76.306, 40.3046 ], [ -76.23792, 40.29486 ], [ -76.25757, 40.34589 ], [ -76.12136, 40.32632 ], [ -76.12643, 40.42351 ], [ -75.9901, 40.40381 ], [ -75.91463, 40.41697 ], [ -75.8465, 40.40703 ], [ -75.74143, 40.51231 ], [ -75.57094, 40.4872 ], [ -75.56347, 40.51024 ], [ -75.52938, 40.50519 ], [ -75.49192, 40.62036 ], [ -75.44273, 40.66136 ], [ -75.38195, 40.62817 ], [ -75.27954, 40.61286 ] ] ], [ [ [ -76.82164, 40.7143 ], [ -76.84891, 40.74213 ], [ -76.75203, 40.82504 ], [ -76.80665, 40.88072 ], [ -76.77129, 40.99618 ], [ -76.7845, 41.0702 ], [ -77.068, 40.96459 ], [ -77.09586, 40.87216 ], [ -77.02705, 40.8628 ], [ -76.9379, 40.8025 ], [ -76.96587, 40.71008 ], [ -77.00018, 40.71478 ], [ -77.01412, 40.66856 ], [ -76.94554, 40.65916 ], [ -76.96647, 40.58984 ], [ -76.82953, 40.57096 ], [ -76.81549, 40.61716 ], [ -76.85594, 40.71903 ], [ -76.82164, 40.7143 ] ] ], [ [ [ -74.18718, 41.07415 ], [ -74.16094, 41.04582 ], [ -74.1529, 41.06877 ], [ -74.18718, 41.07415 ] ] ], [ [ [ -74.07628, 41.08093 ], [ -74.06012, 41.12682 ], [ -74.04394, 41.17271 ], [ -74.12068, 41.16057 ], [ -74.14485, 41.09172 ], [ -74.07628, 41.08093 ] ] ], [ [ [ -73.81515, 41.30606 ], [ -73.86756, 41.36283 ], [ -73.97084, 41.37915 ], [ -73.9382, 41.47088 ], [ -73.84463, 41.52877 ], [ -73.81996, 41.59754 ], [ -73.88084, 41.63138 ], [ -73.85617, 41.70015 ], [ -73.90895, 41.75689 ], [ -73.95817, 41.61933 ], [ -73.99274, 41.62475 ], [ -74.04167, 41.48715 ], [ -74.10052, 41.42373 ], [ -73.99714, 41.40751 ], [ -73.97899, 41.35621 ], [ -74.00339, 41.28741 ], [ -73.969, 41.28198 ], [ -73.97714, 41.25905 ], [ -73.83971, 41.23727 ], [ -73.81515, 41.30606 ] ] ], [ [ [ -72.6056, 41.6184 ], [ -72.52726, 41.82401 ], [ -72.59637, 41.83554 ], [ -72.57021, 41.90408 ], [ -72.6914, 41.87563 ], [ -72.70875, 41.82993 ], [ -72.81243, 41.74994 ], [ -72.8987, 41.7156 ], [ -72.89832, 41.52129 ], [ -72.92396, 41.45268 ], [ -72.88958, 41.44699 ], [ -72.88103, 41.46986 ], [ -72.7693, 41.47561 ], [ -72.74348, 41.5442 ], [ -72.67466, 41.53273 ], [ -72.62295, 41.57269 ], [ -72.6056, 41.6184 ] ] ], [ [ [ -71.37936, 41.74884 ], [ -71.38419, 41.92034 ], [ -71.41869, 41.92638 ], [ -71.47348, 41.78973 ], [ -71.37936, 41.74884 ] ] ], [ [ [ -71.07005, 42.32839 ], [ -71.02327, 42.4421 ], [ -71.12755, 42.46047 ], [ -71.18345, 42.32397 ], [ -71.08871, 42.28289 ], [ -71.07005, 42.32839 ] ] ] ] } },
{ "type": "Feature", "properties": { "ID": 28 }, "geometry": { "type": "MultiPolygon", "coordinates": [ [ [ [ -96.38178, 39.96396 ], [ -96.27795, 39.96421 ], [ -96.27846, 40.08219 ], [ -96.3478, 40.08203 ], [ -96.38178, 39.96396 ] ] ], [ [ [ -96.80859, 40.88204 ], [ -96.91425, 40.90498 ], [ -96.98412, 40.88093 ], [ -97.08783, 40.78585 ], [ -97.15751, 40.76172 ], [ -97.29766, 40.7605 ], [ -97.29575, 40.66618 ], [ -97.40071, 40.66518 ], [ -97.39967, 40.61802 ], [ -97.53951, 40.61656 ], [ -97.60883, 40.5922 ], [ -97.53781, 40.54582 ], [ -97.50068, 40.45187 ], [ -97.56984, 40.42752 ], [ -97.56753, 40.33319 ], [ -97.63714, 40.33239 ], [ -97.6701, 40.26122 ], [ -97.91344, 40.2581 ], [ -97.98369, 40.28072 ], [ -97.98514, 40.32788 ], [ -98.08954, 40.32636 ], [ -98.09107, 40.37353 ], [ -98.29999, 40.37025 ], [ -98.29157, 40.13442 ], [ -98.22219, 40.13554 ], [ -98.04947, 40.16179 ], [ -98.01624, 40.20946 ], [ -97.91204, 40.21093 ], [ -97.87455, 40.11705 ], [ -97.70112, 40.11928 ], [ -97.70237, 40.16645 ], [ -97.63474, 40.23805 ], [ -97.49573, 40.23961 ], [ -97.49682, 40.28678 ], [ -97.32292, 40.28853 ], [ -97.32389, 40.33571 ], [ -97.21947, 40.33666 ], [ -97.22037, 40.38383 ], [ -97.04658, 40.40882 ], [ -97.04543, 40.33806 ], [ -96.6277, 40.34056 ], [ -96.55726, 40.2465 ], [ -96.55685, 40.19932 ], [ -96.34831, 40.17641 ], [ -96.34895, 40.29436 ], [ -96.38416, 40.36503 ], [ -96.34959, 40.4123 ], [ -96.14048, 40.41266 ], [ -96.14038, 40.36549 ], [ -96.00107, 40.36556 ], [ -95.9662, 40.4599 ], [ -95.82669, 40.4598 ], [ -95.79212, 40.3654 ], [ -95.72226, 40.41246 ], [ -95.65256, 40.4123 ], [ -95.61715, 40.50655 ], [ -95.51369, 40.34113 ], [ -95.40926, 40.34072 ], [ -95.3406, 40.24606 ], [ -95.34108, 40.19888 ], [ -95.20244, 40.17456 ], [ -95.20448, 40.00941 ], [ -95.06731, 39.91416 ], [ -95.06799, 39.86697 ], [ -95.13742, 39.84381 ], [ -95.13867, 39.74941 ], [ -95.03519, 39.74873 ], [ -94.99997, 39.79569 ], [ -94.99815, 39.91368 ], [ -94.85983, 39.91261 ], [ -94.86066, 39.86542 ], [ -94.72244, 39.86422 ], [ -94.62029, 39.79243 ], [ -94.6223, 39.69803 ], [ -94.5539, 39.67372 ], [ -94.55495, 39.62652 ], [ -94.45167, 39.6254 ], [ -94.38575, 39.50659 ], [ -93.90474, 39.50012 ], [ -93.90322, 39.54733 ], [ -93.83289, 39.59347 ], [ -93.83052, 39.66427 ], [ -93.65833, 39.66146 ], [ -93.65321, 39.80304 ], [ -93.37713, 39.79809 ], [ -93.37904, 39.7509 ], [ -93.27559, 39.74891 ], [ -93.27757, 39.70172 ], [ -93.20968, 39.67675 ], [ -93.03748, 39.67317 ], [ -93.03963, 39.62598 ], [ -92.76435, 39.61981 ], [ -92.762, 39.667 ], [ -92.58985, 39.66286 ], [ -92.55918, 39.59123 ], [ -92.45602, 39.58863 ], [ -92.45859, 39.54144 ], [ -92.04632, 39.53025 ], [ -91.97471, 39.57543 ], [ -91.83572, 39.59494 ], [ -91.59509, 39.58748 ], [ -91.59189, 39.63464 ], [ -91.45431, 39.63018 ], [ -91.40825, 39.79408 ], [ -91.50842, 39.84462 ], [ -91.50022, 39.96248 ], [ -91.36195, 39.95793 ], [ -91.3704, 39.84008 ], [ -91.30482, 39.79061 ], [ -91.30823, 39.74347 ], [ -91.1722, 39.71515 ], [ -91.04349, 39.59241 ], [ -91.04708, 39.54526 ], [ -90.94407, 39.54152 ], [ -90.94773, 39.49437 ], [ -90.88097, 39.46826 ], [ -90.67521, 39.46047 ], [ -90.59294, 39.62279 ], [ -90.52419, 39.62008 ], [ -90.49382, 39.57158 ], [ -90.50379, 39.45373 ], [ -90.36872, 39.42462 ], [ -90.33035, 39.47035 ], [ -90.19322, 39.46464 ], [ -90.19742, 39.4175 ], [ -89.88918, 39.40416 ], [ -89.88697, 39.42772 ], [ -89.68148, 39.41844 ], [ -89.65183, 39.36974 ], [ -89.51263, 39.38691 ], [ -89.30732, 39.37707 ], [ -89.2952, 39.49484 ], [ -89.19239, 39.48979 ], [ -89.2389, 39.37373 ], [ -89.03367, 39.36348 ], [ -88.81813, 39.4471 ], [ -88.74441, 39.49059 ], [ -88.69958, 39.58294 ], [ -88.56508, 39.55207 ], [ -88.57584, 39.45792 ], [ -88.61542, 39.41268 ], [ -88.47858, 39.40527 ], [ -88.41292, 39.37797 ], [ -88.242, 39.36842 ], [ -88.20219, 39.41356 ], [ -88.19089, 39.50768 ], [ -88.06253, 39.42926 ], [ -87.92572, 39.42129 ], [ -87.95119, 39.49387 ], [ -88.05391, 39.49984 ], [ -88.03949, 39.61747 ], [ -87.99358, 39.70957 ], [ -87.95338, 39.75461 ], [ -87.91901, 39.7526 ], [ -87.91313, 39.79964 ], [ -88.01633, 39.80563 ], [ -88.18268, 39.86249 ], [ -88.63055, 39.88704 ], [ -88.76578, 39.91783 ], [ -88.7605, 39.96489 ], [ -88.82691, 39.992 ], [ -89.06864, 40.00428 ], [ -89.13521, 40.03124 ], [ -89.13019, 40.07831 ], [ -89.23394, 40.08339 ], [ -89.32551, 40.20608 ], [ -89.56813, 40.21748 ], [ -89.63513, 40.2442 ], [ -89.63047, 40.29127 ], [ -89.66053, 40.33993 ], [ -89.76702, 40.32108 ], [ -89.97541, 40.33022 ], [ -89.96656, 40.42438 ], [ -89.93177, 40.42288 ], [ -89.92508, 40.49349 ], [ -89.9599, 40.49499 ], [ -90.00135, 40.42588 ], [ -90.07093, 40.42884 ], [ -90.19026, 40.26842 ], [ -90.19664, 40.19778 ], [ -90.37001, 40.20489 ], [ -90.37413, 40.15779 ], [ -90.61674, 40.16737 ], [ -90.6128, 40.21448 ], [ -90.71493, 40.24202 ], [ -90.71105, 40.28912 ], [ -90.77669, 40.33884 ], [ -90.84621, 40.34142 ], [ -90.96159, 40.20389 ], [ -91.13506, 40.21005 ], [ -91.16089, 40.32905 ], [ -91.26518, 40.33262 ], [ -91.2617, 40.37974 ], [ -91.32957, 40.40564 ], [ -91.31925, 40.54698 ], [ -91.45712, 40.57512 ], [ -91.46213, 40.50445 ], [ -91.70619, 40.51214 ], [ -91.7442, 40.46608 ], [ -91.88359, 40.47024 ], [ -92.13184, 40.4065 ], [ -92.17369, 40.28961 ], [ -92.2432, 40.2915 ], [ -92.28342, 40.19814 ], [ -92.59583, 40.20611 ], [ -92.62561, 40.30126 ], [ -92.69393, 40.32649 ], [ -92.80181, 40.25819 ], [ -92.8065, 40.16388 ], [ -92.8435, 40.11751 ], [ -93.01688, 40.12133 ], [ -93.04724, 40.21639 ], [ -93.22191, 40.19638 ], [ -93.53441, 40.20225 ], [ -93.56557, 40.29719 ], [ -93.70469, 40.29954 ], [ -93.80822, 40.3248 ], [ -93.84381, 40.30176 ], [ -93.84697, 40.20742 ], [ -93.95117, 40.20899 ], [ -93.98369, 40.28025 ], [ -94.26188, 40.28399 ], [ -94.2606, 40.33116 ], [ -94.32775, 40.42634 ], [ -94.46717, 40.42793 ], [ -94.4683, 40.38077 ], [ -94.67728, 40.3829 ], [ -94.67825, 40.33573 ], [ -94.78267, 40.33667 ], [ -94.78178, 40.38385 ], [ -94.88628, 40.38472 ], [ -94.95672, 40.33808 ], [ -94.99078, 40.38551 ], [ -94.98893, 40.50343 ], [ -95.23323, 40.50498 ], [ -95.23266, 40.55215 ], [ -95.4073, 40.55299 ], [ -95.5119, 40.57698 ], [ -95.54651, 40.62426 ], [ -95.54584, 40.71858 ], [ -95.72083, 40.74262 ], [ -95.72062, 40.78977 ], [ -95.86085, 40.78998 ], [ -95.861, 40.71924 ], [ -95.93104, 40.7193 ], [ -95.93114, 40.62497 ], [ -96.03605, 40.62499 ], [ -96.03607, 40.67215 ], [ -96.28102, 40.67187 ], [ -96.28123, 40.71903 ], [ -96.49134, 40.71846 ], [ -96.52656, 40.74191 ], [ -96.52734, 40.83622 ], [ -96.5975, 40.83594 ], [ -96.63165, 40.74148 ], [ -96.73674, 40.74097 ], [ -96.73838, 40.88243 ], [ -96.80859, 40.88204 ] ], [ [ -89.52813, 39.57697 ], [ -89.48436, 39.66956 ], [ -89.4204, 39.6192 ], [ -89.42517, 39.5721 ], [ -89.52813, 39.57697 ] ], [ [ -89.58049, 39.74503 ], [ -89.68373, 39.74978 ], [ -89.67914, 39.79688 ], [ -89.57581, 39.79213 ], [ -89.58049, 39.74503 ] ] ], [ [ [ -96.63305, 40.88294 ], [ -96.63258, 40.83579 ], [ -96.5975, 40.83594 ], [ -96.59794, 40.88309 ], [ -96.63305, 40.88294 ] ] ] ] } },
{ "type": "Feature", "properties": { "ID": 29 }, "geometry": { "type": "MultiPolygon", "coordinates": [ [ [ [ -79.0557, 39.30152 ], [ -79.09549, 39.28247 ], [ -79.08333, 39.32895 ], [ -79.1292, 39.28666 ], [ -79.16291, 39.29083 ], [ -79.18708, 39.19785 ], [ -79.27244, 39.13641 ], [ -79.30836, 38.99687 ], [ -79.31433, 38.97361 ], [ -79.32626, 38.92709 ], [ -79.19214, 38.91049 ], [ -79.22566, 38.91465 ], [ -79.17153, 39.12393 ], [ -79.11369, 39.21274 ], [ -79.08003, 39.20856 ], [ -79.03418, 39.25084 ], [ -79.02199, 39.29732 ], [ -79.0557, 39.30152 ] ] ], [ [ [ -79.4909, 37.45834 ], [ -79.48513, 37.48166 ], [ -79.51796, 37.48576 ], [ -79.51219, 37.50908 ], [ -79.54503, 37.51318 ], [ -79.55654, 37.46653 ], [ -79.4909, 37.45834 ] ] ], [ [ [ -79.40565, 38.07257 ], [ -79.32178, 38.13418 ], [ -79.25551, 38.12589 ], [ -79.20212, 38.33542 ], [ -79.15098, 38.40107 ], [ -79.21752, 38.40941 ], [ -79.27452, 38.32046 ], [ -79.34098, 38.32874 ], [ -79.40362, 38.21644 ], [ -79.53813, 38.08898 ], [ -79.40565, 38.07257 ] ] ], [ [ [ -79.62083, 39.13092 ], [ -79.65449, 39.13498 ], [ -79.71599, 39.16634 ], [ -79.72767, 39.1198 ], [ -79.63257, 39.08438 ], [ -79.62083, 39.13092 ] ] ], [ [ [ -79.738, 39.21692 ], [ -79.74967, 39.17037 ], [ -79.71599, 39.16634 ], [ -79.738, 39.21692 ] ] ], [ [ [ -79.738, 39.21692 ], [ -79.69114, 39.40306 ], [ -79.79258, 39.41515 ], [ -79.84858, 39.46971 ], [ -79.80772, 39.63256 ], [ -79.80186, 39.65583 ], [ -79.88142, 39.61731 ], [ -79.92697, 39.57476 ], [ -79.91049, 39.50097 ], [ -80.00133, 39.41583 ], [ -79.9675, 39.41186 ], [ -79.87185, 39.37662 ], [ -79.85548, 39.3028 ], [ -79.77171, 39.22095 ], [ -79.738, 39.21692 ] ] ], [ [ [ -78.94549, 37.87018 ], [ -78.99352, 37.94848 ], [ -79.12565, 37.96531 ], [ -79.17055, 37.92291 ], [ -79.20603, 37.78316 ], [ -79.23899, 37.78732 ], [ -79.25664, 37.71742 ], [ -79.12496, 37.70072 ], [ -79.11311, 37.74731 ], [ -79.08018, 37.74312 ], [ -79.03534, 37.78549 ], [ -79.02341, 37.83206 ], [ -78.99044, 37.82785 ], [ -78.94549, 37.87018 ] ] ], [ [ [ -78.7434, 38.253 ], [ -78.76778, 38.15996 ], [ -78.69545, 38.17465 ], [ -78.67709, 38.24443 ], [ -78.7434, 38.253 ] ] ], [ [ [ -78.29941, 38.62802 ], [ -78.33273, 38.6324 ], [ -78.31386, 38.70208 ], [ -78.35979, 38.66001 ], [ -78.37233, 38.61355 ], [ -78.40565, 38.61792 ], [ -78.41815, 38.57145 ], [ -78.45146, 38.57581 ], [ -78.47015, 38.5061 ], [ -78.495, 38.41314 ], [ -78.57382, 38.37531 ], [ -78.58616, 38.32882 ], [ -78.51979, 38.32016 ], [ -78.44723, 38.33472 ], [ -78.43479, 38.3812 ], [ -78.4161, 38.45092 ], [ -78.38286, 38.44655 ], [ -78.37036, 38.49302 ], [ -78.3371, 38.48865 ], [ -78.31828, 38.55834 ], [ -78.2787, 38.57718 ], [ -78.2724, 38.6004 ], [ -78.3057, 38.60479 ], [ -78.29941, 38.62802 ] ] ], [ [ [ -78.16142, 38.75413 ], [ -78.1487, 38.80056 ], [ -78.1821, 38.80498 ], [ -78.22184, 38.78617 ], [ -78.20916, 38.83261 ], [ -78.24258, 38.83701 ], [ -78.30126, 38.74853 ], [ -78.16142, 38.75413 ] ] ], [ [ [ -78.70734, 39.0415 ], [ -78.65146, 39.25054 ], [ -78.75246, 39.2634 ], [ -78.75865, 39.24017 ], [ -78.79231, 39.24444 ], [ -78.88424, 39.16001 ], [ -78.89038, 39.13678 ], [ -78.85677, 39.13253 ], [ -78.86905, 39.08606 ], [ -78.90264, 39.0903 ], [ -78.92711, 38.99734 ], [ -78.96066, 39.00157 ], [ -78.95151, 38.90436 ], [ -79.03065, 38.8663 ], [ -78.8086, 38.79016 ], [ -78.71709, 38.87457 ], [ -78.70474, 38.92105 ], [ -78.5708, 38.90383 ], [ -78.56457, 38.92706 ], [ -78.59806, 38.93138 ], [ -78.55834, 38.95029 ], [ -78.53337, 39.04319 ], [ -78.60669, 39.0286 ], [ -78.70734, 39.0415 ] ] ] ] } },
{ "type": "Feature", "properties": { "ID": 30 }, "geometry": { "type": "MultiPolygon", "coordinates": [ [ [ [ -82.79751, 39.49924 ], [ -82.81726, 39.57266 ], [ -82.8854, 39.57919 ], [ -82.84256, 39.78959 ], [ -82.76459, 39.82979 ], [ -82.73086, 39.99337 ], [ -82.79944, 39.99994 ], [ -82.81934, 40.07331 ], [ -82.87845, 40.12657 ], [ -82.98631, 40.11293 ], [ -83.12379, 40.12577 ], [ -83.16753, 40.08221 ], [ -83.14724, 40.00888 ], [ -83.17526, 39.86859 ], [ -83.10678, 39.86221 ], [ -83.1395, 39.69852 ], [ -83.20781, 39.70489 ], [ -83.29456, 39.61765 ], [ -83.30375, 39.57086 ], [ -83.40604, 39.58027 ], [ -83.44923, 39.5366 ], [ -83.47189, 39.41957 ], [ -83.53993, 39.42578 ], [ -83.57582, 39.23849 ], [ -83.74552, 39.25382 ], [ -83.73669, 39.30065 ], [ -83.83423, 39.33318 ], [ -83.82545, 39.38002 ], [ -83.92316, 39.41247 ], [ -83.9057, 39.50615 ], [ -83.97388, 39.51214 ], [ -83.9521, 39.62923 ], [ -83.90041, 39.71988 ], [ -83.96445, 39.74929 ], [ -83.94257, 39.86634 ], [ -84.00241, 39.91914 ], [ -84.20403, 39.96027 ], [ -84.25548, 39.86952 ], [ -84.32407, 39.87534 ], [ -84.34527, 39.75823 ], [ -84.42216, 39.71714 ], [ -84.4473, 39.57656 ], [ -84.61808, 39.59081 ], [ -84.62632, 39.54393 ], [ -84.72875, 39.55237 ], [ -84.77915, 39.46139 ], [ -84.88147, 39.46972 ], [ -84.9417, 39.52212 ], [ -85.26463, 39.45268 ], [ -85.27238, 39.40576 ], [ -85.51111, 39.42421 ], [ -85.56803, 39.49982 ], [ -85.72024, 39.63002 ], [ -85.82294, 39.63765 ], [ -85.96356, 39.62422 ], [ -85.99054, 39.67366 ], [ -85.93944, 40.00222 ], [ -86.08082, 39.98868 ], [ -86.42227, 39.79921 ], [ -86.4327, 39.72877 ], [ -86.51166, 39.66305 ], [ -86.51854, 39.61607 ], [ -86.68983, 39.62775 ], [ -86.76507, 39.58538 ], [ -86.7893, 39.65815 ], [ -86.99505, 39.67174 ], [ -86.98523, 39.74223 ], [ -87.11291, 39.82162 ], [ -87.21606, 39.82821 ], [ -87.2377, 39.92439 ], [ -87.30659, 39.92873 ], [ -87.33156, 40.00138 ], [ -87.46952, 40.00993 ], [ -87.44127, 39.9608 ], [ -87.46306, 39.79628 ], [ -87.56927, 39.7791 ], [ -87.70679, 39.78742 ], [ -87.71282, 39.74039 ], [ -87.88464, 39.75059 ], [ -87.87873, 39.79762 ], [ -87.91313, 39.79964 ], [ -87.91901, 39.7526 ], [ -87.95338, 39.75461 ], [ -87.99358, 39.70957 ], [ -88.03949, 39.61747 ], [ -88.05391, 39.49984 ], [ -87.95119, 39.49387 ], [ -87.92572, 39.42129 ], [ -87.78895, 39.41319 ], [ -87.78301, 39.46023 ], [ -87.54357, 39.44572 ], [ -87.53745, 39.49275 ], [ -87.46283, 39.53555 ], [ -87.45044, 39.6296 ], [ -87.40992, 39.67449 ], [ -87.25424, 39.54617 ], [ -87.2669, 39.45213 ], [ -87.23588, 39.42644 ], [ -87.06502, 39.41544 ], [ -87.07147, 39.36842 ], [ -87.00644, 39.34046 ], [ -86.92701, 39.16915 ], [ -86.93353, 39.12212 ], [ -86.89953, 39.11986 ], [ -86.90607, 39.07284 ], [ -86.8414, 39.04478 ], [ -86.85127, 38.97424 ], [ -86.79003, 38.92264 ], [ -86.58667, 38.90874 ], [ -86.546, 38.95341 ], [ -86.53241, 39.04744 ], [ -86.49162, 39.09209 ], [ -86.42367, 39.08734 ], [ -86.36266, 39.03556 ], [ -86.37994, 38.91804 ], [ -86.34952, 38.89214 ], [ -86.21407, 38.88246 ], [ -86.20704, 38.92947 ], [ -86.13575, 38.94808 ], [ -86.12866, 38.99507 ], [ -86.02693, 38.98767 ], [ -85.87315, 39.09512 ], [ -85.73735, 39.08498 ], [ -85.53748, 39.04604 ], [ -85.54499, 38.99908 ], [ -85.41324, 38.96513 ], [ -85.21006, 38.94918 ], [ -85.20232, 38.99613 ], [ -85.1007, 38.98803 ], [ -85.05111, 39.07918 ], [ -84.94938, 39.07098 ], [ -84.94143, 39.1179 ], [ -84.81553, 39.25035 ], [ -84.73943, 39.29167 ], [ -84.63741, 39.28324 ], [ -84.62101, 39.37702 ], [ -84.57871, 39.42107 ], [ -84.44244, 39.40965 ], [ -84.42093, 39.33646 ], [ -84.31888, 39.32779 ], [ -84.30595, 39.2077 ], [ -84.23806, 39.20187 ], [ -84.2253, 39.08176 ], [ -84.15755, 39.07589 ], [ -84.18301, 38.93524 ], [ -84.09015, 38.87951 ], [ -84.09868, 38.83262 ], [ -83.95941, 38.84416 ], [ -83.79071, 38.82909 ], [ -83.69394, 38.79652 ], [ -83.55912, 38.78421 ], [ -83.55022, 38.83107 ], [ -83.44907, 38.82175 ], [ -83.37262, 38.86233 ], [ -83.32529, 38.92944 ], [ -83.2532, 38.94654 ], [ -83.27785, 38.99653 ], [ -83.34545, 39.00284 ], [ -83.36565, 39.07622 ], [ -83.43333, 39.08248 ], [ -83.41073, 39.19954 ], [ -83.23842, 39.37419 ], [ -83.03923, 39.33163 ], [ -82.98071, 39.27839 ], [ -82.92796, 39.36872 ], [ -82.894, 39.36547 ], [ -82.86558, 39.50578 ], [ -82.79751, 39.49924 ] ], [ [ -86.11685, 39.75397 ], [ -86.1926, 39.71191 ], [ -86.26119, 39.71677 ], [ -86.24348, 39.83416 ], [ -86.10607, 39.82439 ], [ -86.11685, 39.75397 ] ] ], [ [ [ -78.7606, 39.62454 ], [ -78.76682, 39.60132 ], [ -78.69913, 39.59277 ], [ -78.69288, 39.61598 ], [ -78.7606, 39.62454 ] ] ], [ [ [ -76.53866, 39.66277 ], [ -76.45712, 39.69934 ], [ -76.43593, 39.76865 ], [ -76.41469, 39.83795 ], [ -76.48938, 39.82451 ], [ -76.5443, 39.76001 ], [ -76.57239, 39.66758 ], [ -76.53866, 39.66277 ] ] ], [ [ [ -76.49496, 39.92174 ], [ -76.62341, 39.96407 ], [ -76.71218, 39.9043 ], [ -76.88157, 39.92804 ], [ -76.86076, 39.99739 ], [ -76.77898, 40.03414 ], [ -76.73703, 40.17279 ], [ -76.90017, 40.21961 ], [ -77.00925, 40.21062 ], [ -76.98848, 40.27997 ], [ -77.15896, 40.30336 ], [ -77.23403, 40.28953 ], [ -77.2477, 40.24327 ], [ -77.38407, 40.26175 ], [ -77.39085, 40.23861 ], [ -77.55414, 40.16437 ], [ -77.5882, 40.16893 ], [ -77.60159, 40.12263 ], [ -77.63564, 40.12717 ], [ -77.61497, 40.07633 ], [ -77.64899, 40.08087 ], [ -77.66232, 40.03456 ], [ -77.73033, 40.04361 ], [ -77.7436, 39.9973 ], [ -77.83796, 39.91365 ], [ -77.90587, 39.92262 ], [ -77.95292, 39.88075 ], [ -77.97252, 39.81123 ], [ -77.91127, 39.77912 ], [ -77.90472, 39.80229 ], [ -77.85769, 39.84415 ], [ -77.6948, 39.79844 ], [ -77.68081, 39.72441 ], [ -77.62642, 39.66901 ], [ -77.55882, 39.6599 ], [ -77.55932, 39.78025 ], [ -77.52591, 39.89603 ], [ -77.55983, 39.90059 ], [ -77.53976, 39.97005 ], [ -77.5058, 39.96548 ], [ -77.49237, 40.01178 ], [ -77.44493, 40.05349 ], [ -77.37694, 40.04429 ], [ -77.36341, 40.09057 ], [ -77.2614, 40.07671 ], [ -77.17975, 40.11369 ], [ -77.1729, 40.13682 ], [ -77.07086, 40.12281 ], [ -77.09835, 40.03031 ], [ -77.146, 39.98872 ], [ -77.21389, 39.99803 ], [ -77.22752, 39.95175 ], [ -77.30894, 39.91474 ], [ -77.27503, 39.91012 ], [ -77.32248, 39.86846 ], [ -77.336, 39.82217 ], [ -77.36987, 39.82678 ], [ -77.37661, 39.80363 ], [ -77.24121, 39.78514 ], [ -77.15991, 39.82212 ], [ -76.99811, 39.65523 ], [ -77.00497, 39.6321 ], [ -76.97123, 39.6274 ], [ -76.92305, 39.7893 ], [ -76.85542, 39.77985 ], [ -76.80079, 39.84447 ], [ -76.63745, 39.91785 ], [ -76.52882, 39.92656 ], [ -76.49496, 39.92174 ] ] ], [ [ [ -79.86446, 40.38147 ], [ -79.84674, 40.45121 ], [ -79.86929, 40.50169 ], [ -80.04717, 40.4983 ], [ -80.09324, 40.45574 ], [ -80.042, 40.37809 ], [ -79.90468, 40.36221 ], [ -79.86446, 40.38147 ] ] ], [ [ [ -75.88056, 40.41201 ], [ -75.91463, 40.41697 ], [ -75.9901, 40.40381 ], [ -76.12643, 40.42351 ], [ -76.12136, 40.32632 ], [ -76.08732, 40.3214 ], [ -76.1843, 40.23892 ], [ -76.31318, 40.28152 ], [ -76.29882, 40.32769 ], [ -76.31853, 40.37871 ], [ -76.38671, 40.38842 ], [ -76.44064, 40.44427 ], [ -76.5772, 40.46353 ], [ -76.59138, 40.41734 ], [ -76.65964, 40.42691 ], [ -76.71491, 40.36239 ], [ -76.81725, 40.37665 ], [ -76.84521, 40.28422 ], [ -76.77708, 40.27473 ], [ -76.68897, 40.21424 ], [ -76.71705, 40.12182 ], [ -76.65613, 40.08916 ], [ -76.51326, 40.09307 ], [ -76.37751, 40.07374 ], [ -76.32215, 40.13815 ], [ -76.25424, 40.12841 ], [ -76.14734, 40.01651 ], [ -76.23662, 39.95705 ], [ -76.26523, 39.8647 ], [ -76.23857, 39.83673 ], [ -76.13721, 39.82204 ], [ -76.09624, 39.84021 ], [ -76.08904, 39.86329 ], [ -76.12787, 39.96545 ], [ -76.0191, 39.97375 ], [ -75.98282, 40.08911 ], [ -75.94892, 40.08417 ], [ -75.97555, 40.11218 ], [ -75.94642, 40.20445 ], [ -75.99981, 40.26048 ], [ -75.96581, 40.25554 ], [ -75.95122, 40.30166 ], [ -75.81519, 40.28179 ], [ -75.72799, 40.22069 ], [ -75.66009, 40.21066 ], [ -75.60704, 40.15451 ], [ -75.62924, 40.08536 ], [ -75.78681, 40.03624 ], [ -75.83531, 39.9951 ], [ -75.86451, 39.90283 ], [ -76.03357, 39.9276 ], [ -76.04803, 39.88145 ], [ -75.98043, 39.87157 ], [ -75.85259, 39.82865 ], [ -75.72201, 39.90593 ], [ -75.69261, 39.99816 ], [ -75.62495, 39.98811 ], [ -75.55084, 40.2186 ], [ -75.34729, 40.18816 ], [ -75.27572, 40.2982 ], [ -75.13233, 40.30069 ], [ -74.99656, 40.28003 ], [ -74.95498, 40.29785 ], [ -74.94732, 40.32086 ], [ -75.11712, 40.34673 ], [ -75.22664, 40.33913 ], [ -75.21907, 40.36216 ], [ -75.32107, 40.37751 ], [ -75.33613, 40.33145 ], [ -75.40411, 40.34164 ], [ -75.41911, 40.29557 ], [ -75.46804, 40.25457 ], [ -75.55504, 40.31582 ], [ -75.54759, 40.33887 ], [ -75.58903, 40.32087 ], [ -75.75909, 40.34596 ], [ -75.78575, 40.37401 ], [ -75.8879, 40.38895 ], [ -75.88056, 40.41201 ] ] ], [ [ [ -74.78372, 40.48924 ], [ -74.80227, 40.54046 ], [ -74.87039, 40.5509 ], [ -74.88582, 40.5049 ], [ -74.78372, 40.48924 ] ] ], [ [ [ -74.64484, 40.371 ], [ -74.56134, 40.40642 ], [ -74.53004, 40.49836 ], [ -74.59806, 40.50893 ], [ -74.5746, 40.57789 ], [ -74.64272, 40.58844 ], [ -74.63491, 40.61143 ], [ -74.70307, 40.62195 ], [ -74.72641, 40.55298 ], [ -74.64768, 40.46823 ], [ -74.67879, 40.37627 ], [ -74.64484, 40.371 ] ] ], [ [ [ -75.31367, 40.61797 ], [ -75.38195, 40.62817 ], [ -75.44273, 40.66136 ], [ -75.49192, 40.62036 ], [ -75.51441, 40.55126 ], [ -75.44619, 40.54113 ], [ -75.46529, 40.59227 ], [ -75.3288, 40.57193 ], [ -75.31367, 40.61797 ] ] ], [ [ [ -73.82991, 41.16302 ], [ -73.89038, 41.19687 ], [ -73.87406, 41.24273 ], [ -73.97714, 41.25905 ], [ -73.969, 41.28198 ], [ -74.00339, 41.28741 ], [ -74.01963, 41.24153 ], [ -74.02774, 41.21859 ], [ -74.06012, 41.12682 ], [ -74.07628, 41.08093 ], [ -74.17915, 41.09711 ], [ -74.18718, 41.07415 ], [ -74.1529, 41.06877 ], [ -74.177, 40.99992 ], [ -74.2455, 41.01066 ], [ -74.2535, 40.98771 ], [ -74.32201, 40.99841 ], [ -74.35385, 40.90656 ], [ -74.42229, 40.91722 ], [ -74.43021, 40.89425 ], [ -74.396, 40.88893 ], [ -74.43813, 40.87128 ], [ -74.47763, 40.75642 ], [ -74.37524, 40.74046 ], [ -74.29906, 40.75274 ], [ -74.28314, 40.79867 ], [ -74.21486, 40.78795 ], [ -74.15079, 40.97159 ], [ -74.10047, 41.01209 ], [ -73.96353, 40.99044 ], [ -73.78433, 40.98611 ], [ -73.69813, 40.9238 ], [ -73.66397, 40.9183 ], [ -73.57921, 40.95312 ], [ -73.56272, 40.99895 ], [ -73.45189, 41.00524 ], [ -73.41037, 41.11978 ], [ -73.44462, 41.12534 ], [ -73.46122, 41.07953 ], [ -73.512, 41.03925 ], [ -73.58044, 41.05031 ], [ -73.76799, 41.03197 ], [ -73.8544, 41.09423 ], [ -73.82991, 41.16302 ] ] ], [ [ [ -72.88924, 41.25264 ], [ -72.83788, 41.29269 ], [ -72.82078, 41.33843 ], [ -72.88941, 41.34982 ], [ -72.94077, 41.30976 ], [ -72.88924, 41.25264 ] ] ] ] } },
{ "type": "Feature", "properties": { "ID": 31 }, "geometry": { "type": "MultiPolygon", "coordinates": [ [ [ [ -93.37904, 39.7509 ], [ -93.37713, 39.79809 ], [ -93.65321, 39.80304 ], [ -93.65833, 39.66146 ], [ -93.62389, 39.66087 ], [ -93.62216, 39.70807 ], [ -93.55146, 39.75406 ], [ -93.37904, 39.7509 ] ] ], [ [ [ -94.62029, 39.79243 ], [ -94.72244, 39.86422 ], [ -94.86066, 39.86542 ], [ -94.85983, 39.91261 ], [ -94.99815, 39.91368 ], [ -94.99924, 39.84289 ], [ -94.9647, 39.84263 ], [ -94.96621, 39.74823 ], [ -94.86273, 39.74742 ], [ -94.82824, 39.74713 ], [ -94.6213, 39.74523 ], [ -94.62029, 39.79243 ] ] ], [ [ [ -95.13742, 39.84381 ], [ -95.06799, 39.86697 ], [ -95.06731, 39.91416 ], [ -95.20448, 40.00941 ], [ -95.20244, 40.17456 ], [ -95.34108, 40.19888 ], [ -95.3406, 40.24606 ], [ -95.40926, 40.34072 ], [ -95.51369, 40.34113 ], [ -95.61715, 40.50655 ], [ -95.65256, 40.4123 ], [ -95.72226, 40.41246 ], [ -95.79212, 40.3654 ], [ -95.82669, 40.4598 ], [ -95.9662, 40.4599 ], [ -96.00107, 40.36556 ], [ -96.14038, 40.36549 ], [ -96.14048, 40.41266 ], [ -96.34959, 40.4123 ], [ -96.38416, 40.36503 ], [ -96.34895, 40.29436 ], [ -96.34831, 40.17641 ], [ -96.55685, 40.19932 ], [ -96.55726, 40.2465 ], [ -96.6277, 40.34056 ], [ -97.04543, 40.33806 ], [ -97.04658, 40.40882 ], [ -97.22037, 40.38383 ], [ -97.21947, 40.33666 ], [ -97.32389, 40.33571 ], [ -97.32292, 40.28853 ], [ -97.49682, 40.28678 ], [ -97.49573, 40.23961 ], [ -97.63474, 40.23805 ], [ -97.70237, 40.16645 ], [ -97.70112, 40.11928 ], [ -97.87455, 40.11705 ], [ -97.91204, 40.21093 ], [ -98.01624, 40.20946 ], [ -98.04947, 40.16179 ], [ -98.22219, 40.13554 ], [ -98.21328, 39.87605 ], [ -98.24783, 39.8755 ], [ -98.23885, 39.61594 ], [ -98.1716, 39.66424 ], [ -98.06828, 39.66582 ], [ -98.06978, 39.71302 ], [ -97.79402, 39.71686 ], [ -97.79272, 39.66966 ], [ -97.65493, 39.67138 ], [ -97.62225, 39.74259 ], [ -97.4843, 39.74414 ], [ -97.48322, 39.69694 ], [ -97.03517, 39.70101 ], [ -97.07119, 39.79516 ], [ -97.03743, 39.84262 ], [ -96.86471, 39.8438 ], [ -96.82896, 39.74961 ], [ -96.72548, 39.75019 ], [ -96.65601, 39.70333 ], [ -96.65554, 39.65612 ], [ -96.552, 39.63297 ], [ -96.5512, 39.53854 ], [ -96.61951, 39.49103 ], [ -96.61839, 39.37297 ], [ -96.51551, 39.3734 ], [ -96.51588, 39.42062 ], [ -96.24131, 39.42138 ], [ -96.24149, 39.4686 ], [ -96.13845, 39.46874 ], [ -96.13835, 39.42152 ], [ -95.86377, 39.42152 ], [ -95.79491, 39.49227 ], [ -95.65747, 39.49199 ], [ -95.65722, 39.53921 ], [ -95.48531, 39.53868 ], [ -95.48568, 39.49146 ], [ -95.27953, 39.49054 ], [ -95.24408, 39.58479 ], [ -95.24215, 39.75002 ], [ -95.17317, 39.74962 ], [ -95.13805, 39.79661 ], [ -95.13742, 39.84381 ] ], [ [ -96.38178, 39.96396 ], [ -96.3478, 40.08203 ], [ -96.27846, 40.08219 ], [ -96.27795, 39.96421 ], [ -96.38178, 39.96396 ] ] ], [ [ [ -91.36195, 39.95793 ], [ -91.50022, 39.96248 ], [ -91.50678, 39.86819 ], [ -91.47226, 39.86707 ], [ -91.46896, 39.91421 ], [ -91.36533, 39.91079 ], [ -91.36195, 39.95793 ] ] ], [ [ [ -96.5975, 40.83594 ], [ -96.63258, 40.83579 ], [ -96.63305, 40.88294 ], [ -96.73838, 40.88243 ], [ -96.73674, 40.74097 ], [ -96.63165, 40.74148 ], [ -96.5975, 40.83594 ] ] ] ] } },
{ "type": "Feature", "properties": { "ID": 32 }, "geometry": { "type": "MultiPolygon", "coordinates": [ [ [ [ -96.13701, 38.78374 ], [ -96.1371, 38.831 ], [ -96.30717, 38.83072 ], [ -96.30684, 38.75983 ], [ -96.17093, 38.76007 ], [ -96.13701, 38.78374 ] ] ], [ [ [ -88.06253, 39.42926 ], [ -88.19089, 39.50768 ], [ -88.20219, 39.41356 ], [ -88.242, 39.36842 ], [ -88.41292, 39.37797 ], [ -88.47858, 39.40527 ], [ -88.61542, 39.41268 ], [ -88.57584, 39.45792 ], [ -88.56508, 39.55207 ], [ -88.69958, 39.58294 ], [ -88.74441, 39.49059 ], [ -88.81813, 39.4471 ], [ -89.03367, 39.36348 ], [ -89.2389, 39.37373 ], [ -89.19239, 39.48979 ], [ -89.2952, 39.49484 ], [ -89.30732, 39.37707 ], [ -89.51263, 39.38691 ], [ -89.65183, 39.36974 ], [ -89.68148, 39.41844 ], [ -89.88697, 39.42772 ], [ -89.88918, 39.40416 ], [ -90.19742, 39.4175 ], [ -90.19322, 39.46464 ], [ -90.33035, 39.47035 ], [ -90.36872, 39.42462 ], [ -90.50379, 39.45373 ], [ -90.49382, 39.57158 ], [ -90.52419, 39.62008 ], [ -90.59294, 39.62279 ], [ -90.67521, 39.46047 ], [ -90.88097, 39.46826 ], [ -90.94773, 39.49437 ], [ -90.94407, 39.54152 ], [ -91.04708, 39.54526 ], [ -91.04349, 39.59241 ], [ -91.1722, 39.71515 ], [ -91.30823, 39.74347 ], [ -91.30482, 39.79061 ], [ -91.3704, 39.84008 ], [ -91.36533, 39.91079 ], [ -91.46896, 39.91421 ], [ -91.47226, 39.86707 ], [ -91.50678, 39.86819 ], [ -91.50842, 39.84462 ], [ -91.40825, 39.79408 ], [ -91.45431, 39.63018 ], [ -91.59189, 39.63464 ], [ -91.59509, 39.58748 ], [ -91.83572, 39.59494 ], [ -91.97471, 39.57543 ], [ -92.04632, 39.53025 ], [ -92.45859, 39.54144 ], [ -92.45602, 39.58863 ], [ -92.55918, 39.59123 ], [ -92.58985, 39.66286 ], [ -92.762, 39.667 ], [ -92.76435, 39.61981 ], [ -93.03963, 39.62598 ], [ -93.03748, 39.67317 ], [ -93.20968, 39.67675 ], [ -93.27757, 39.70172 ], [ -93.27559, 39.74891 ], [ -93.55146, 39.75406 ], [ -93.62216, 39.70807 ], [ -93.62389, 39.66087 ], [ -93.83052, 39.66427 ], [ -93.83289, 39.59347 ], [ -93.90322, 39.54733 ], [ -93.90474, 39.50012 ], [ -94.38575, 39.50659 ], [ -94.45167, 39.6254 ], [ -94.55495, 39.62652 ], [ -94.5539, 39.67372 ], [ -94.6223, 39.69803 ], [ -94.6213, 39.74523 ], [ -94.79375, 39.74684 ], [ -94.79462, 39.69963 ], [ -94.93249, 39.70077 ], [ -94.93171, 39.74797 ], [ -94.96621, 39.74823 ], [ -94.9647, 39.84263 ], [ -94.99924, 39.84289 ], [ -94.99997, 39.79569 ], [ -95.03519, 39.74873 ], [ -95.13867, 39.74941 ], [ -95.13805, 39.79661 ], [ -95.17317, 39.74962 ], [ -95.24215, 39.75002 ], [ -95.24408, 39.58479 ], [ -95.27953, 39.49054 ], [ -95.45132, 39.49133 ], [ -95.45152, 39.46772 ], [ -95.41717, 39.46758 ], [ -95.4176, 39.42036 ], [ -95.38328, 39.42021 ], [ -95.38417, 39.32576 ], [ -95.35013, 39.30198 ], [ -95.17884, 39.30107 ], [ -95.07574, 39.32403 ], [ -95.07373, 39.4657 ], [ -95.17646, 39.48996 ], [ -95.17527, 39.58439 ], [ -95.14024, 39.63139 ], [ -95.03694, 39.63071 ], [ -95.03834, 39.53629 ], [ -94.90281, 39.41722 ], [ -94.69691, 39.41543 ], [ -94.62928, 39.36754 ], [ -94.59651, 39.29636 ], [ -94.42525, 39.2945 ], [ -94.42639, 39.24728 ], [ -94.28949, 39.24564 ], [ -94.29073, 39.19841 ], [ -94.15327, 39.22025 ], [ -93.91381, 39.21682 ], [ -93.98513, 39.12339 ], [ -93.98876, 39.0053 ], [ -94.05835, 38.95905 ], [ -94.09242, 38.95953 ], [ -94.09379, 38.91229 ], [ -94.19594, 38.91367 ], [ -94.19724, 38.86643 ], [ -93.99381, 38.83995 ], [ -93.95833, 38.8867 ], [ -93.7201, 38.88293 ], [ -93.61716, 38.9048 ], [ -93.57964, 38.99868 ], [ -93.23878, 38.99222 ], [ -93.17163, 38.96722 ], [ -93.17061, 38.99083 ], [ -93.06837, 38.98868 ], [ -93.06626, 39.0359 ], [ -92.96395, 39.03367 ], [ -92.96177, 39.08089 ], [ -92.55232, 39.0712 ], [ -92.55107, 39.0948 ], [ -92.51318, 39.16475 ], [ -92.34237, 39.16031 ], [ -92.34895, 39.04229 ], [ -92.24666, 39.03952 ], [ -92.17572, 39.08484 ], [ -92.11029, 39.03571 ], [ -92.08043, 38.96392 ], [ -92.00946, 39.00916 ], [ -91.80502, 39.00304 ], [ -91.802, 39.05025 ], [ -91.66563, 39.046 ], [ -91.66251, 39.09319 ], [ -91.45785, 39.08656 ], [ -91.45457, 39.13374 ], [ -91.18156, 39.12441 ], [ -91.17808, 39.17159 ], [ -91.04151, 39.16672 ], [ -91.04508, 39.11955 ], [ -90.94273, 39.11581 ], [ -90.87082, 39.16044 ], [ -90.93361, 39.23373 ], [ -90.92629, 39.32806 ], [ -90.75708, 39.29806 ], [ -90.76086, 39.2509 ], [ -90.62416, 39.24561 ], [ -90.52362, 39.21798 ], [ -90.53151, 39.12366 ], [ -90.50334, 39.05155 ], [ -90.29894, 39.04318 ], [ -90.29483, 39.09034 ], [ -90.1585, 39.08459 ], [ -90.1627, 39.03744 ], [ -89.99028, 39.05364 ], [ -89.71784, 39.04139 ], [ -89.72236, 38.99425 ], [ -89.6203, 38.98952 ], [ -89.54762, 39.03347 ], [ -89.54298, 39.0806 ], [ -89.37268, 39.07246 ], [ -89.34581, 39.00011 ], [ -89.20487, 39.04054 ], [ -89.19998, 39.08766 ], [ -89.0297, 39.07909 ], [ -89.02468, 39.12621 ], [ -88.92247, 39.12096 ], [ -88.9301, 39.05029 ], [ -88.86204, 39.04675 ], [ -88.83832, 38.95074 ], [ -88.76517, 38.99428 ], [ -88.69717, 38.99066 ], [ -88.65262, 39.08304 ], [ -88.5792, 39.12647 ], [ -88.44296, 39.11901 ], [ -88.45112, 39.04837 ], [ -88.24704, 39.03694 ], [ -88.24146, 39.08403 ], [ -88.03731, 39.07229 ], [ -87.92656, 39.13692 ], [ -87.75634, 39.12676 ], [ -87.71037, 39.21883 ], [ -87.63919, 39.23821 ], [ -87.63315, 39.28526 ], [ -87.53081, 39.27898 ], [ -87.54606, 39.16136 ], [ -87.33869, 39.1721 ], [ -87.34492, 39.12506 ], [ -87.178, 39.09067 ], [ -86.97404, 39.07735 ], [ -86.96754, 39.12437 ], [ -86.93353, 39.12212 ], [ -86.92701, 39.16915 ], [ -87.00644, 39.34046 ], [ -87.07147, 39.36842 ], [ -87.06502, 39.41544 ], [ -87.23588, 39.42644 ], [ -87.2669, 39.45213 ], [ -87.25424, 39.54617 ], [ -87.40992, 39.67449 ], [ -87.45044, 39.6296 ], [ -87.46283, 39.53555 ], [ -87.53745, 39.49275 ], [ -87.54357, 39.44572 ], [ -87.78301, 39.46023 ], [ -87.78895, 39.41319 ], [ -88.06253, 39.42926 ] ] ], [ [ [ -89.52813, 39.57697 ], [ -89.42517, 39.5721 ], [ -89.4204, 39.6192 ], [ -89.48436, 39.66956 ], [ -89.52813, 39.57697 ] ] ], [ [ [ -89.58049, 39.74503 ], [ -89.57581, 39.79213 ], [ -89.67914, 39.79688 ], [ -89.68373, 39.74978 ], [ -89.58049, 39.74503 ] ] ], [ [ [ -86.11685, 39.75397 ], [ -86.10607, 39.82439 ], [ -86.24348, 39.83416 ], [ -86.26119, 39.71677 ], [ -86.1926, 39.71191 ], [ -86.11685, 39.75397 ] ] ] ] } },
{ "type": "Feature", "properties": { "ID": 33 }, "geometry": { "type": "MultiPolygon", "coordinates": [ [ [ [ -86.24426, 38.21921 ], [ -86.21074, 38.21678 ], [ -86.24079, 38.24274 ], [ -86.24426, 38.21921 ] ] ], [ [ [ -83.37262, 38.86233 ], [ -83.44907, 38.82175 ], [ -83.55022, 38.83107 ], [ -83.55912, 38.78421 ], [ -83.69394, 38.79652 ], [ -83.79071, 38.82909 ], [ -83.95941, 38.84416 ], [ -84.09868, 38.83262 ], [ -84.09015, 38.87951 ], [ -84.18301, 38.93524 ], [ -84.15755, 39.07589 ], [ -84.2253, 39.08176 ], [ -84.23806, 39.20187 ], [ -84.30595, 39.2077 ], [ -84.31888, 39.32779 ], [ -84.42093, 39.33646 ], [ -84.44244, 39.40965 ], [ -84.57871, 39.42107 ], [ -84.62101, 39.37702 ], [ -84.63741, 39.28324 ], [ -84.73943, 39.29167 ], [ -84.81553, 39.25035 ], [ -84.94143, 39.1179 ], [ -84.94938, 39.07098 ], [ -85.05111, 39.07918 ], [ -85.1007, 38.98803 ], [ -85.20232, 38.99613 ], [ -85.21006, 38.94918 ], [ -85.41324, 38.96513 ], [ -85.54499, 38.99908 ], [ -85.53748, 39.04604 ], [ -85.73735, 39.08498 ], [ -85.87315, 39.09512 ], [ -86.02693, 38.98767 ], [ -86.12866, 38.99507 ], [ -86.13575, 38.94808 ], [ -86.20704, 38.92947 ], [ -86.21407, 38.88246 ], [ -86.34952, 38.89214 ], [ -86.37994, 38.91804 ], [ -86.36266, 39.03556 ], [ -86.42367, 39.08734 ], [ -86.49162, 39.09209 ], [ -86.53241, 39.04744 ], [ -86.546, 38.95341 ], [ -86.58667, 38.90874 ], [ -86.79003, 38.92264 ], [ -86.85127, 38.97424 ], [ -86.8414, 39.04478 ], [ -86.90607, 39.07284 ], [ -86.89953, 39.11986 ], [ -86.96754, 39.12437 ], [ -86.97404, 39.07735 ], [ -86.94006, 39.0751 ], [ -86.97575, 38.81639 ], [ -86.91131, 38.78836 ], [ -86.91781, 38.74131 ], [ -86.884, 38.73904 ], [ -86.88726, 38.71552 ], [ -86.78588, 38.70868 ], [ -86.762, 38.63581 ], [ -86.6945, 38.63119 ], [ -86.71439, 38.49004 ], [ -86.4855, 38.42661 ], [ -86.49903, 38.3325 ], [ -86.39827, 38.32537 ], [ -86.37495, 38.25239 ], [ -86.24079, 38.24274 ], [ -86.19334, 38.33439 ], [ -86.02902, 38.29856 ], [ -86.05023, 38.15744 ], [ -86.01674, 38.15496 ], [ -86.00966, 38.202 ], [ -85.90558, 38.21802 ], [ -85.90199, 38.24153 ], [ -85.82773, 38.28351 ], [ -85.81688, 38.35405 ], [ -85.85046, 38.35658 ], [ -85.82151, 38.54463 ], [ -85.86355, 38.7142 ], [ -85.93108, 38.71922 ], [ -85.95407, 38.79223 ], [ -85.91305, 38.83672 ], [ -85.74396, 38.82406 ], [ -85.69847, 38.67799 ], [ -85.72051, 38.537 ], [ -85.58958, 38.5032 ], [ -85.59699, 38.4562 ], [ -85.52976, 38.451 ], [ -85.54837, 38.3335 ], [ -85.44772, 38.32566 ], [ -85.45147, 38.30216 ], [ -85.41793, 38.29953 ], [ -85.42545, 38.25252 ], [ -85.32872, 38.22109 ], [ -85.29523, 38.21843 ], [ -85.19095, 38.23389 ], [ -85.21392, 38.09289 ], [ -85.04685, 38.07936 ], [ -84.97614, 38.09739 ], [ -84.93098, 38.16512 ], [ -84.91526, 38.25908 ], [ -84.8148, 38.25076 ], [ -84.84252, 38.08634 ], [ -84.67955, 38.04886 ], [ -84.54607, 38.03752 ], [ -84.53797, 38.08449 ], [ -84.4712, 38.07877 ], [ -84.40854, 38.04953 ], [ -84.42492, 37.9556 ], [ -84.3624, 37.92634 ], [ -84.12936, 37.90585 ], [ -84.11258, 37.99975 ], [ -84.02902, 38.0877 ], [ -83.99077, 38.29886 ], [ -83.89037, 38.28986 ], [ -83.84829, 38.33375 ], [ -83.831, 38.42755 ], [ -83.78879, 38.47142 ], [ -83.64143, 38.52953 ], [ -83.63262, 38.5764 ], [ -83.5274, 38.59057 ], [ -83.51405, 38.66087 ], [ -83.44679, 38.65465 ], [ -83.40418, 38.69837 ], [ -83.37262, 38.86233 ] ], [ [ -84.55603, 39.1575 ], [ -84.54779, 39.20439 ], [ -84.44593, 39.19582 ], [ -84.40308, 39.04939 ], [ -84.50884, 39.03455 ], [ -84.58478, 38.99334 ], [ -84.55603, 39.1575 ] ] ], [ [ [ -78.57382, 38.37531 ], [ -78.58852, 38.44937 ], [ -78.76094, 38.44761 ], [ -78.66984, 38.53203 ], [ -78.67853, 38.62931 ], [ -78.74523, 38.63788 ], [ -78.79695, 38.57241 ], [ -78.86361, 38.58092 ], [ -78.90909, 38.53866 ], [ -78.95452, 38.49638 ], [ -78.9999, 38.45407 ], [ -79.09588, 38.08172 ], [ -79.03567, 38.05004 ], [ -78.87033, 38.02888 ], [ -78.82188, 38.21503 ], [ -78.7434, 38.253 ], [ -78.698, 38.29523 ], [ -78.67347, 38.38824 ], [ -78.57382, 38.37531 ] ] ], [ [ [ -78.39939, 38.64115 ], [ -78.42647, 38.66874 ], [ -78.56611, 38.66286 ], [ -78.59708, 38.54666 ], [ -78.46392, 38.52934 ], [ -78.45146, 38.57581 ], [ -78.41815, 38.57145 ], [ -78.39939, 38.64115 ] ] ], [ [ [ -78.90264, 39.0903 ], [ -78.86905, 39.08606 ], [ -78.85677, 39.13253 ], [ -78.89038, 39.13678 ], [ -78.89651, 39.11354 ], [ -78.99735, 39.12622 ], [ -79.00953, 39.07973 ], [ -79.04313, 39.08394 ], [ -79.05527, 39.03745 ], [ -78.96066, 39.00157 ], [ -78.91488, 39.04382 ], [ -78.90264, 39.0903 ] ] ], [ [ [ -81.486, 39.46199 ], [ -81.51214, 39.3453 ], [ -81.37664, 39.33086 ], [ -81.38947, 39.42781 ], [ -81.486, 39.46199 ] ] ], [ [ [ -72.93952, 40.82378 ], [ -72.98231, 40.90378 ], [ -73.08461, 40.92075 ], [ -73.10142, 40.87497 ], [ -73.24616, 40.87456 ], [ -73.27192, 40.90307 ], [ -73.32269, 40.86285 ], [ -73.45913, 40.88513 ], [ -73.49216, 40.79347 ], [ -73.56032, 40.80454 ], [ -73.60389, 40.88435 ], [ -73.66397, 40.9183 ], [ -73.69813, 40.9238 ], [ -73.78433, 40.98611 ], [ -73.96353, 40.99044 ], [ -74.10047, 41.01209 ], [ -74.15079, 40.97159 ], [ -74.21486, 40.78795 ], [ -74.249, 40.79331 ], [ -74.26493, 40.74739 ], [ -74.29906, 40.75274 ], [ -74.33081, 40.66088 ], [ -74.41478, 40.62561 ], [ -74.48292, 40.63624 ], [ -74.49079, 40.61326 ], [ -74.52485, 40.61856 ], [ -74.54055, 40.5726 ], [ -74.5746, 40.57789 ], [ -74.59806, 40.50893 ], [ -74.53004, 40.49836 ], [ -74.56134, 40.40642 ], [ -74.64484, 40.371 ], [ -74.71275, 40.38152 ], [ -74.72825, 40.33553 ], [ -74.80386, 40.32301 ], [ -74.93965, 40.34387 ], [ -74.95498, 40.29785 ], [ -74.99656, 40.28003 ], [ -75.13233, 40.30069 ], [ -75.27572, 40.2982 ], [ -75.34729, 40.18816 ], [ -75.55084, 40.2186 ], [ -75.62495, 39.98811 ], [ -75.69261, 39.99816 ], [ -75.72201, 39.90593 ], [ -75.85259, 39.82865 ], [ -75.98043, 39.87157 ], [ -76.08183, 39.88637 ], [ -76.09624, 39.84021 ], [ -76.13721, 39.82204 ], [ -76.30617, 39.84648 ], [ -76.25093, 39.91088 ], [ -76.23662, 39.95705 ], [ -76.14734, 40.01651 ], [ -76.25424, 40.12841 ], [ -76.32215, 40.13815 ], [ -76.37751, 40.07374 ], [ -76.51326, 40.09307 ], [ -76.65613, 40.08916 ], [ -76.71705, 40.12182 ], [ -76.68897, 40.21424 ], [ -76.77708, 40.27473 ], [ -76.84521, 40.28422 ], [ -76.83124, 40.33043 ], [ -76.89945, 40.33989 ], [ -76.98155, 40.30309 ], [ -77.00925, 40.21062 ], [ -76.90017, 40.21961 ], [ -76.73703, 40.17279 ], [ -76.77898, 40.03414 ], [ -76.86076, 39.99739 ], [ -76.88157, 39.92804 ], [ -76.71218, 39.9043 ], [ -76.62341, 39.96407 ], [ -76.49496, 39.92174 ], [ -76.42726, 39.91208 ], [ -76.40051, 39.88414 ], [ -76.43593, 39.76865 ], [ -76.45712, 39.69934 ], [ -76.53866, 39.66277 ], [ -76.63986, 39.67717 ], [ -76.7818, 39.67313 ], [ -76.79567, 39.62689 ], [ -76.90376, 39.61797 ], [ -77.00497, 39.6321 ], [ -76.99811, 39.65523 ], [ -77.15991, 39.82212 ], [ -77.24121, 39.78514 ], [ -77.34275, 39.79902 ], [ -77.3495, 39.77588 ], [ -77.31566, 39.77126 ], [ -77.35624, 39.75273 ], [ -77.36972, 39.70643 ], [ -77.40353, 39.71104 ], [ -77.43037, 39.61843 ], [ -77.48418, 39.55354 ], [ -77.49752, 39.50722 ], [ -77.59869, 39.52092 ], [ -77.56547, 39.63674 ], [ -77.59926, 39.6413 ], [ -77.59262, 39.66446 ], [ -77.62642, 39.66901 ], [ -77.68081, 39.72441 ], [ -77.6948, 39.79844 ], [ -77.85769, 39.84415 ], [ -77.90472, 39.80229 ], [ -77.93088, 39.70959 ], [ -78.03894, 39.69979 ], [ -78.17439, 39.7175 ], [ -78.06487, 39.60705 ], [ -78.08427, 39.53749 ], [ -78.16469, 39.49996 ], [ -78.19676, 39.38398 ], [ -78.27692, 39.34638 ], [ -78.32776, 39.16073 ], [ -78.40757, 39.12304 ], [ -78.45159, 38.96051 ], [ -78.53108, 38.92274 ], [ -78.56457, 38.92706 ], [ -78.5708, 38.90383 ], [ -78.63776, 38.91246 ], [ -78.64396, 38.88922 ], [ -78.61049, 38.88492 ], [ -78.6229, 38.83845 ], [ -78.66872, 38.79628 ], [ -78.54126, 38.7558 ], [ -78.52258, 38.82549 ], [ -78.41602, 38.83569 ], [ -78.43482, 38.76601 ], [ -78.30126, 38.74853 ], [ -78.24258, 38.83701 ], [ -78.17574, 38.82819 ], [ -78.08337, 38.91218 ], [ -78.08191, 38.7917 ], [ -78.12805, 38.74971 ], [ -77.97535, 38.80154 ], [ -77.80847, 38.77911 ], [ -77.7955, 38.82551 ], [ -77.72222, 38.83966 ], [ -77.68957, 38.95561 ], [ -77.75647, 38.96466 ], [ -77.73689, 39.03423 ], [ -77.66337, 39.04835 ], [ -77.57003, 39.13196 ], [ -77.53697, 39.24782 ], [ -77.40934, 39.20631 ], [ -77.33555, 39.22025 ], [ -77.16783, 39.19705 ], [ -77.04054, 39.15519 ], [ -76.93323, 39.16422 ], [ -76.90588, 39.25678 ], [ -76.82505, 39.29359 ], [ -76.79748, 39.38612 ], [ -76.71643, 39.42285 ], [ -76.61561, 39.40851 ], [ -76.56804, 39.44994 ], [ -76.57503, 39.42683 ], [ -76.40706, 39.4027 ], [ -76.40001, 39.42581 ], [ -76.43361, 39.43065 ], [ -76.3523, 39.46717 ], [ -76.33815, 39.51338 ], [ -76.17005, 39.48897 ], [ -76.11498, 39.55334 ], [ -75.94686, 39.52866 ], [ -75.89154, 39.59293 ], [ -75.79064, 39.57799 ], [ -75.76148, 39.67027 ], [ -75.72781, 39.66527 ], [ -75.66482, 39.75251 ], [ -75.55634, 39.76045 ], [ -75.48895, 39.75034 ], [ -75.45929, 39.84254 ], [ -75.32821, 39.91945 ], [ -75.29445, 39.91434 ], [ -75.23063, 40.00136 ], [ -75.16303, 39.99108 ], [ -75.14792, 40.03714 ], [ -75.06513, 40.07287 ], [ -75.00847, 40.13675 ], [ -74.87309, 40.11596 ], [ -74.86227, 40.04171 ], [ -74.96142, 39.74248 ], [ -75.01022, 39.70162 ], [ -75.14478, 39.72229 ], [ -75.19707, 39.77865 ], [ -75.29815, 39.79403 ], [ -75.38046, 39.75815 ], [ -75.38399, 39.63781 ], [ -75.31675, 39.62761 ], [ -75.30551, 39.55336 ], [ -75.1377, 39.52769 ], [ -74.98843, 39.55307 ], [ -74.88781, 39.53747 ], [ -74.76432, 39.59084 ], [ -74.63016, 39.5698 ], [ -74.60707, 39.63883 ], [ -74.43932, 39.61231 ], [ -74.2896, 39.63694 ], [ -74.22254, 39.62621 ], [ -74.19113, 39.71814 ], [ -74.15756, 39.71275 ], [ -74.07062, 39.96547 ], [ -74.03693, 39.96006 ], [ -74.05474, 40.01141 ], [ -73.94293, 40.33284 ], [ -73.95274, 40.40714 ], [ -74.04649, 40.44636 ], [ -74.18229, 40.46795 ], [ -74.11641, 40.55441 ], [ -73.97241, 40.55571 ], [ -73.83649, 40.53392 ], [ -73.7782, 40.59727 ], [ -73.60829, 40.56978 ], [ -73.45601, 40.59347 ], [ -73.37157, 40.62818 ], [ -73.30362, 40.61701 ], [ -73.25305, 40.65722 ], [ -73.19406, 40.72032 ], [ -73.02408, 40.69213 ], [ -72.93952, 40.82378 ] ], [ [ -74.18073, 40.78257 ], [ -74.13859, 40.80014 ], [ -74.10649, 40.89195 ], [ -74.03007, 40.90409 ], [ -74.08639, 40.74344 ], [ -74.1205, 40.74884 ], [ -74.16848, 40.6111 ], [ -74.22064, 40.66778 ], [ -74.18073, 40.78257 ] ] ] ] } },
{ "type": "Feature", "properties": { "ID": 34 }, "geometry": { "type": "MultiPolygon", "coordinates": [ [ [ [ -90.76072, 38.82502 ], [ -90.75696, 38.87221 ], [ -90.82493, 38.8748 ], [ -90.79655, 38.80273 ], [ -90.79468, 38.82632 ], [ -90.76072, 38.82502 ] ] ], [ [ [ -89.94178, 38.83843 ], [ -90.00753, 38.86501 ], [ -90.21133, 38.87381 ], [ -90.21549, 38.82664 ], [ -90.0797, 38.82081 ], [ -90.0479, 38.79575 ], [ -90.05216, 38.74858 ], [ -89.95045, 38.74409 ], [ -89.94178, 38.83843 ] ] ], [ [ [ -92.55232, 39.0712 ], [ -92.96177, 39.08089 ], [ -92.96395, 39.03367 ], [ -93.06626, 39.0359 ], [ -93.07678, 38.79974 ], [ -92.97158, 38.86837 ], [ -92.73349, 38.86288 ], [ -92.63025, 38.88402 ], [ -92.49418, 38.88059 ], [ -92.4967, 38.83336 ], [ -92.36074, 38.8298 ], [ -92.35813, 38.87703 ], [ -92.2901, 38.8752 ], [ -92.2534, 38.92149 ], [ -92.24936, 38.99231 ], [ -92.28343, 38.99324 ], [ -92.28076, 39.04045 ], [ -92.41715, 39.04409 ], [ -92.45635, 38.95054 ], [ -92.55851, 38.95315 ], [ -92.55232, 39.0712 ] ] ], [ [ [ -95.48568, 39.49146 ], [ -95.48531, 39.53868 ], [ -95.65722, 39.53921 ], [ -95.65747, 39.49199 ], [ -95.79491, 39.49227 ], [ -95.86377, 39.42152 ], [ -96.13835, 39.42152 ], [ -96.13845, 39.46874 ], [ -96.24149, 39.4686 ], [ -96.24131, 39.42138 ], [ -96.51588, 39.42062 ], [ -96.51551, 39.3734 ], [ -96.61839, 39.37297 ], [ -96.61951, 39.49103 ], [ -96.5512, 39.53854 ], [ -96.552, 39.63297 ], [ -96.65554, 39.65612 ], [ -96.65601, 39.70333 ], [ -96.72548, 39.75019 ], [ -96.82896, 39.74961 ], [ -96.86471, 39.8438 ], [ -97.03743, 39.84262 ], [ -97.07119, 39.79516 ], [ -97.03517, 39.70101 ], [ -97.48322, 39.69694 ], [ -97.4843, 39.74414 ], [ -97.62225, 39.74259 ], [ -97.65493, 39.67138 ], [ -97.79272, 39.66966 ], [ -97.79402, 39.71686 ], [ -98.06978, 39.71302 ], [ -98.06828, 39.66582 ], [ -98.1716, 39.66424 ], [ -98.23885, 39.61594 ], [ -98.37651, 39.61364 ], [ -98.51142, 39.54041 ], [ -98.54302, 39.46897 ], [ -98.61169, 39.46769 ], [ -98.60791, 39.37328 ], [ -98.63933, 39.30181 ], [ -98.53659, 39.30374 ], [ -98.53293, 39.20931 ], [ -98.70391, 39.20605 ], [ -98.70099, 39.13522 ], [ -98.79942, 39.03872 ], [ -98.6971, 39.04077 ], [ -98.69904, 39.088 ], [ -98.59757, 39.11359 ], [ -98.25607, 39.11963 ], [ -98.25769, 39.16686 ], [ -98.19171, 39.2388 ], [ -97.88373, 39.24337 ], [ -97.88646, 39.33782 ], [ -97.7151, 39.34006 ], [ -97.6784, 39.24604 ], [ -97.57572, 39.24725 ], [ -97.57458, 39.20002 ], [ -97.50564, 39.17717 ], [ -97.46933, 39.08307 ], [ -97.33276, 39.08447 ], [ -97.33517, 39.20256 ], [ -96.99312, 39.20546 ], [ -96.95718, 39.08761 ], [ -96.78646, 39.0887 ], [ -96.78448, 38.92333 ], [ -96.81854, 38.92313 ], [ -96.81678, 38.78136 ], [ -96.88475, 38.78094 ], [ -96.91709, 38.66255 ], [ -96.9148, 38.49709 ], [ -96.88033, 38.45003 ], [ -96.74506, 38.45084 ], [ -96.74559, 38.49812 ], [ -96.61023, 38.4988 ], [ -96.60979, 38.45152 ], [ -96.47452, 38.45206 ], [ -96.47485, 38.49934 ], [ -96.37333, 38.49966 ], [ -96.37359, 38.54694 ], [ -96.20425, 38.5473 ], [ -96.13642, 38.5001 ], [ -96.13632, 38.45282 ], [ -95.83194, 38.45278 ], [ -95.83206, 38.4055 ], [ -95.69688, 38.40526 ], [ -95.69667, 38.45255 ], [ -95.62876, 38.49966 ], [ -95.62823, 38.59422 ], [ -95.5942, 38.61776 ], [ -95.45858, 38.61729 ], [ -95.45819, 38.66456 ], [ -95.085, 38.66256 ], [ -95.08566, 38.61529 ], [ -94.88225, 38.61377 ], [ -94.78099, 38.58926 ], [ -94.74889, 38.49441 ], [ -94.68169, 38.47013 ], [ -94.54639, 38.46874 ], [ -94.54587, 38.49238 ], [ -94.44436, 38.49126 ], [ -94.44325, 38.53853 ], [ -94.34168, 38.53733 ], [ -94.34286, 38.49005 ], [ -94.20753, 38.48833 ], [ -94.0729, 38.46284 ], [ -94.07564, 38.36829 ], [ -93.73797, 38.36306 ], [ -93.73716, 38.3867 ], [ -93.63584, 38.38497 ], [ -93.635, 38.40861 ], [ -93.43229, 38.40492 ], [ -93.43046, 38.45219 ], [ -93.46064, 38.54735 ], [ -93.66379, 38.551 ], [ -93.69682, 38.57521 ], [ -93.69353, 38.66973 ], [ -93.65793, 38.71641 ], [ -93.59177, 38.66797 ], [ -93.15088, 38.65945 ], [ -93.11283, 38.75323 ], [ -93.18075, 38.75465 ], [ -93.21271, 38.80259 ], [ -93.17366, 38.91998 ], [ -93.17163, 38.96722 ], [ -93.23878, 38.99222 ], [ -93.57964, 38.99868 ], [ -93.61716, 38.9048 ], [ -93.7201, 38.88293 ], [ -93.95833, 38.8867 ], [ -93.99381, 38.83995 ], [ -94.19724, 38.86643 ], [ -94.19594, 38.91367 ], [ -94.12784, 38.91276 ], [ -94.12649, 38.96 ], [ -94.05835, 38.95905 ], [ -93.98876, 39.0053 ], [ -93.98513, 39.12339 ], [ -93.91381, 39.21682 ], [ -94.15327, 39.22025 ], [ -94.29073, 39.19841 ], [ -94.28949, 39.24564 ], [ -94.42639, 39.24728 ], [ -94.42525, 39.2945 ], [ -94.59651, 39.29636 ], [ -94.62928, 39.36754 ], [ -94.69691, 39.41543 ], [ -94.90281, 39.41722 ], [ -95.03834, 39.53629 ], [ -95.03694, 39.63071 ], [ -95.14024, 39.63139 ], [ -95.17527, 39.58439 ], [ -95.17646, 39.48996 ], [ -95.07373, 39.4657 ], [ -95.07574, 39.32403 ], [ -95.17884, 39.30107 ], [ -95.35013, 39.30198 ], [ -95.38417, 39.32576 ], [ -95.38328, 39.42021 ], [ -95.4176, 39.42036 ], [ -95.41717, 39.46758 ], [ -95.45152, 39.46772 ], [ -95.45132, 39.49133 ], [ -95.48568, 39.49146 ] ], [ [ -96.13701, 38.78374 ], [ -96.17093, 38.76007 ], [ -96.30684, 38.75983 ], [ -96.30717, 38.83072 ], [ -96.1371, 38.831 ], [ -96.13701, 38.78374 ] ], [ [ -95.28549, 38.94734 ], [ -95.1495, 38.92294 ], [ -95.15011, 38.87568 ], [ -95.28626, 38.87646 ], [ -95.28549, 38.94734 ] ], [ [ -95.76218, 39.0435 ], [ -95.76201, 39.09075 ], [ -95.62542, 39.09044 ], [ -95.62596, 38.99595 ], [ -95.6603, 38.94879 ], [ -95.76253, 38.949 ], [ -95.76218, 39.0435 ] ], [ [ -94.63323, 39.17863 ], [ -94.49647, 39.1772 ], [ -94.46339, 39.12959 ], [ -94.4656, 39.03511 ], [ -94.53647, 38.91774 ], [ -94.63863, 38.9188 ], [ -94.63961, 38.87155 ], [ -94.74171, 38.87253 ], [ -94.7408, 38.91978 ], [ -94.80849, 38.94402 ], [ -94.80591, 39.08575 ], [ -94.73672, 39.13238 ], [ -94.66838, 39.13173 ], [ -94.63323, 39.17863 ] ] ], [ [ [ -94.79375, 39.74684 ], [ -94.82824, 39.74713 ], [ -94.86273, 39.74742 ], [ -94.93171, 39.74797 ], [ -94.93249, 39.70077 ], [ -94.79462, 39.69963 ], [ -94.79375, 39.74684 ] ] ] ] } },
{ "type": "Feature", "properties": { "ID": 35 }, "geometry": { "type": "MultiPolygon", "coordinates": [ [ [ [ -93.07678, 38.79974 ], [ -93.06837, 38.98868 ], [ -93.17061, 38.99083 ], [ -93.17366, 38.91998 ], [ -93.21271, 38.80259 ], [ -93.18075, 38.75465 ], [ -93.11283, 38.75323 ], [ -93.15088, 38.65945 ], [ -93.59177, 38.66797 ], [ -93.65793, 38.71641 ], [ -93.69353, 38.66973 ], [ -93.69682, 38.57521 ], [ -93.66379, 38.551 ], [ -93.46064, 38.54735 ], [ -93.43046, 38.45219 ], [ -93.4332, 38.38128 ], [ -93.29812, 38.37865 ], [ -93.2962, 38.42592 ], [ -93.02588, 38.42026 ], [ -92.98995, 38.46678 ], [ -92.98349, 38.60854 ], [ -92.94743, 38.65504 ], [ -92.88073, 38.62987 ], [ -92.88519, 38.53537 ], [ -92.78366, 38.533 ], [ -92.74517, 38.6267 ], [ -92.6774, 38.62506 ], [ -92.67264, 38.71954 ], [ -92.6375, 38.74232 ], [ -92.50172, 38.7389 ], [ -92.49921, 38.78613 ], [ -92.46524, 38.78526 ], [ -92.46271, 38.83249 ], [ -92.4967, 38.83336 ], [ -92.49418, 38.88059 ], [ -92.63025, 38.88402 ], [ -92.73349, 38.86288 ], [ -92.97158, 38.86837 ], [ -93.07678, 38.79974 ] ] ], [ [ [ -94.09379, 38.91229 ], [ -94.09242, 38.95953 ], [ -94.12649, 38.96 ], [ -94.12784, 38.91276 ], [ -94.09379, 38.91229 ] ] ], [ [ [ -87.178, 39.09067 ], [ -87.34492, 39.12506 ], [ -87.33869, 39.1721 ], [ -87.54606, 39.16136 ], [ -87.53081, 39.27898 ], [ -87.63315, 39.28526 ], [ -87.63919, 39.23821 ], [ -87.71037, 39.21883 ], [ -87.75634, 39.12676 ], [ -87.92656, 39.13692 ], [ -88.03731, 39.07229 ], [ -88.24146, 39.08403 ], [ -88.24704, 39.03694 ], [ -88.45112, 39.04837 ], [ -88.44296, 39.11901 ], [ -88.5792, 39.12647 ], [ -88.65262, 39.08304 ], [ -88.69717, 38.99066 ], [ -88.76517, 38.99428 ], [ -88.83832, 38.95074 ], [ -88.86204, 39.04675 ], [ -88.9301, 39.05029 ], [ -88.92247, 39.12096 ], [ -89.02468, 39.12621 ], [ -89.0297, 39.07909 ], [ -89.19998, 39.08766 ], [ -89.20487, 39.04054 ], [ -89.34581, 39.00011 ], [ -89.37268, 39.07246 ], [ -89.54298, 39.0806 ], [ -89.54762, 39.03347 ], [ -89.6203, 38.98952 ], [ -89.72236, 38.99425 ], [ -89.71784, 39.04139 ], [ -89.99028, 39.05364 ], [ -90.1627, 39.03744 ], [ -90.1585, 39.08459 ], [ -90.29483, 39.09034 ], [ -90.29894, 39.04318 ], [ -90.50334, 39.05155 ], [ -90.53151, 39.12366 ], [ -90.52362, 39.21798 ], [ -90.62416, 39.24561 ], [ -90.76086, 39.2509 ], [ -90.75708, 39.29806 ], [ -90.92629, 39.32806 ], [ -90.93361, 39.23373 ], [ -90.87082, 39.16044 ], [ -90.94273, 39.11581 ], [ -91.04508, 39.11955 ], [ -91.04151, 39.16672 ], [ -91.17808, 39.17159 ], [ -91.18156, 39.12441 ], [ -91.45457, 39.13374 ], [ -91.45785, 39.08656 ], [ -91.66251, 39.09319 ], [ -91.66563, 39.046 ], [ -91.802, 39.05025 ], [ -91.80502, 39.00304 ], [ -92.00946, 39.00916 ], [ -92.08043, 38.96392 ], [ -92.11029, 39.03571 ], [ -92.17572, 39.08484 ], [ -92.24666, 39.03952 ], [ -92.28076, 39.04045 ], [ -92.28343, 38.99324 ], [ -92.24936, 38.99231 ], [ -92.2534, 38.92149 ], [ -92.2901, 38.8752 ], [ -92.35813, 38.87703 ], [ -92.36335, 38.78258 ], [ -92.33333, 38.71082 ], [ -92.19763, 38.7071 ], [ -92.16782, 38.6353 ], [ -91.99841, 38.63042 ], [ -91.99554, 38.67765 ], [ -91.85993, 38.67359 ], [ -91.82304, 38.71977 ], [ -91.55169, 38.71118 ], [ -91.5485, 38.75839 ], [ -91.34489, 38.75158 ], [ -91.34822, 38.70437 ], [ -91.1109, 38.69605 ], [ -91.07347, 38.74203 ], [ -91.00742, 38.71596 ], [ -91.01099, 38.66875 ], [ -90.90935, 38.66499 ], [ -90.9057, 38.71219 ], [ -90.804, 38.70834 ], [ -90.79655, 38.80273 ], [ -90.82493, 38.8748 ], [ -90.51911, 38.86286 ], [ -90.48712, 38.8379 ], [ -90.35129, 38.83234 ], [ -90.34724, 38.87951 ], [ -90.24531, 38.87525 ], [ -90.24943, 38.82808 ], [ -90.21549, 38.82664 ], [ -90.21133, 38.87381 ], [ -90.00753, 38.86501 ], [ -89.94178, 38.83843 ], [ -89.95694, 38.67334 ], [ -89.92743, 38.62465 ], [ -89.79209, 38.61853 ], [ -89.65904, 38.58869 ], [ -89.6545, 38.63586 ], [ -89.28239, 38.61796 ], [ -89.28479, 38.59438 ], [ -89.04818, 38.58247 ], [ -88.98561, 38.53184 ], [ -88.99311, 38.46111 ], [ -88.89192, 38.45583 ], [ -88.848, 38.54835 ], [ -88.57788, 38.53383 ], [ -88.43207, 38.62062 ], [ -88.42666, 38.66774 ], [ -88.18995, 38.65433 ], [ -88.18716, 38.67789 ], [ -87.84906, 38.65801 ], [ -87.80355, 38.75016 ], [ -87.60051, 38.73776 ], [ -87.52982, 38.7571 ], [ -87.48684, 38.8256 ], [ -87.42217, 38.79781 ], [ -87.28676, 38.7892 ], [ -87.24037, 38.88114 ], [ -87.13869, 38.87457 ], [ -87.11118, 38.8253 ], [ -87.04346, 38.82086 ], [ -86.96928, 38.86343 ], [ -86.94006, 39.0751 ], [ -87.178, 39.09067 ] ] ], [ [ [ -92.34895, 39.04229 ], [ -92.34237, 39.16031 ], [ -92.51318, 39.16475 ], [ -92.55107, 39.0948 ], [ -92.55851, 38.95315 ], [ -92.45635, 38.95054 ], [ -92.41715, 39.04409 ], [ -92.34895, 39.04229 ] ] ] ] } },
{ "type": "Feature", "properties": { "ID": 36 }, "geometry": { "type": "MultiPolygon", "coordinates": [ [ [ [ -94.68169, 38.47013 ], [ -94.74889, 38.49441 ], [ -94.78099, 38.58926 ], [ -94.88225, 38.61377 ], [ -95.08566, 38.61529 ], [ -95.085, 38.66256 ], [ -95.45819, 38.66456 ], [ -95.45858, 38.61729 ], [ -95.5942, 38.61776 ], [ -95.62823, 38.59422 ], [ -95.62876, 38.49966 ], [ -95.69667, 38.45255 ], [ -95.69688, 38.40526 ], [ -95.83206, 38.4055 ], [ -95.83194, 38.45278 ], [ -96.13632, 38.45282 ], [ -96.13642, 38.5001 ], [ -96.20425, 38.5473 ], [ -96.37359, 38.54694 ], [ -96.37333, 38.49966 ], [ -96.47485, 38.49934 ], [ -96.47452, 38.45206 ], [ -96.60979, 38.45152 ], [ -96.61023, 38.4988 ], [ -96.74559, 38.49812 ], [ -96.74506, 38.45084 ], [ -96.88033, 38.45003 ], [ -96.9148, 38.49709 ], [ -96.91709, 38.66255 ], [ -96.88475, 38.78094 ], [ -96.81678, 38.78136 ], [ -96.81854, 38.92313 ], [ -96.78448, 38.92333 ], [ -96.78646, 39.0887 ], [ -96.95718, 39.08761 ], [ -96.99312, 39.20546 ], [ -97.33517, 39.20256 ], [ -97.33276, 39.08447 ], [ -97.46933, 39.08307 ], [ -97.50564, 39.17717 ], [ -97.57458, 39.20002 ], [ -97.57572, 39.24725 ], [ -97.6784, 39.24604 ], [ -97.7151, 39.34006 ], [ -97.88646, 39.33782 ], [ -97.88373, 39.24337 ], [ -98.19171, 39.2388 ], [ -98.25769, 39.16686 ], [ -98.25607, 39.11963 ], [ -98.59757, 39.11359 ], [ -98.69904, 39.088 ], [ -98.6971, 39.04077 ], [ -98.79942, 39.03872 ], [ -98.79741, 38.99149 ], [ -98.86454, 38.96646 ], [ -98.9965, 38.86908 ], [ -98.9593, 38.79897 ], [ -98.94978, 38.58636 ], [ -98.9107, 38.46895 ], [ -98.83903, 38.37585 ], [ -98.83499, 38.2813 ], [ -98.49778, 38.28795 ], [ -98.496, 38.24067 ], [ -98.26009, 38.24482 ], [ -98.25848, 38.19754 ], [ -98.05566, 38.17712 ], [ -98.05785, 38.24806 ], [ -97.99185, 38.29635 ], [ -97.75571, 38.29962 ], [ -97.71953, 38.20548 ], [ -97.41631, 38.209 ], [ -97.34797, 38.16239 ], [ -97.34701, 38.11508 ], [ -97.24608, 38.11605 ], [ -97.21114, 38.0454 ], [ -96.94225, 38.04755 ], [ -96.87379, 37.95337 ], [ -96.87317, 37.90605 ], [ -96.8058, 37.88281 ], [ -96.80523, 37.83548 ], [ -96.70471, 37.83605 ], [ -96.63612, 37.67071 ], [ -96.56927, 37.67101 ], [ -96.50295, 37.74229 ], [ -96.5042, 37.90794 ], [ -96.47099, 37.95539 ], [ -96.37028, 37.9557 ], [ -96.37002, 37.90838 ], [ -96.2023, 37.90874 ], [ -96.20244, 37.95606 ], [ -96.06817, 37.95619 ], [ -96.00104, 38.00353 ], [ -95.96749, 37.90888 ], [ -95.9004, 37.90885 ], [ -95.83349, 37.83779 ], [ -95.83361, 37.79046 ], [ -95.69967, 37.79023 ], [ -95.63179, 37.95571 ], [ -95.53108, 37.95539 ], [ -95.53075, 38.00271 ], [ -95.32921, 38.00186 ], [ -95.26385, 37.83588 ], [ -95.12983, 37.83508 ], [ -95.09536, 37.90584 ], [ -95.02759, 37.9527 ], [ -94.95899, 38.04682 ], [ -94.32042, 38.04037 ], [ -94.31923, 38.08768 ], [ -94.21834, 38.08638 ], [ -94.08723, 37.96627 ], [ -94.08655, 37.98993 ], [ -94.05159, 38.03675 ], [ -93.95079, 38.03526 ], [ -93.91423, 38.12934 ], [ -93.77965, 38.12719 ], [ -93.77807, 38.17448 ], [ -93.67459, 38.24372 ], [ -93.66961, 38.38556 ], [ -93.73716, 38.3867 ], [ -93.73797, 38.36306 ], [ -94.07564, 38.36829 ], [ -94.0729, 38.46284 ], [ -94.20753, 38.48833 ], [ -94.34286, 38.49005 ], [ -94.34168, 38.53733 ], [ -94.44325, 38.53853 ], [ -94.44436, 38.49126 ], [ -94.51203, 38.49201 ], [ -94.51257, 38.46838 ], [ -94.68169, 38.47013 ] ] ], [ [ [ -92.20171, 38.63625 ], [ -92.20713, 38.54177 ], [ -92.13946, 38.53987 ], [ -92.13394, 38.63434 ], [ -92.20171, 38.63625 ] ] ], [ [ [ -90.24943, 38.82808 ], [ -90.24531, 38.87525 ], [ -90.34724, 38.87951 ], [ -90.35129, 38.83234 ], [ -90.48712, 38.8379 ], [ -90.51911, 38.86286 ], [ -90.72298, 38.8709 ], [ -90.72487, 38.84731 ], [ -90.6909, 38.84599 ], [ -90.69281, 38.8224 ], [ -90.76072, 38.82502 ], [ -90.69471, 38.7988 ], [ -90.69851, 38.75161 ], [ -90.52893, 38.7449 ], [ -90.49896, 38.69635 ], [ -90.50878, 38.57836 ], [ -90.44113, 38.57561 ], [ -90.41329, 38.50343 ], [ -90.2106, 38.49492 ], [ -90.13886, 38.53921 ], [ -90.06067, 38.65423 ], [ -90.0479, 38.79575 ], [ -90.0797, 38.82081 ], [ -90.24943, 38.82808 ] ], [ [ -90.33562, 38.61861 ], [ -90.25973, 38.71014 ], [ -90.15806, 38.70581 ], [ -90.1685, 38.58785 ], [ -90.24027, 38.54355 ], [ -90.34169, 38.54782 ], [ -90.33562, 38.61861 ] ] ], [ [ [ -95.28549, 38.94734 ], [ -95.28626, 38.87646 ], [ -95.15011, 38.87568 ], [ -95.1495, 38.92294 ], [ -95.28549, 38.94734 ] ] ], [ [ [ -95.76218, 39.0435 ], [ -95.76253, 38.949 ], [ -95.6603, 38.94879 ], [ -95.62596, 38.99595 ], [ -95.62542, 39.09044 ], [ -95.76201, 39.09075 ], [ -95.76218, 39.0435 ] ] ], [ [ [ -94.63323, 39.17863 ], [ -94.66838, 39.13173 ], [ -94.73672, 39.13238 ], [ -94.80591, 39.08575 ], [ -94.80849, 38.94402 ], [ -94.7408, 38.91978 ], [ -94.74171, 38.87253 ], [ -94.63961, 38.87155 ], [ -94.63863, 38.9188 ], [ -94.53647, 38.91774 ], [ -94.4656, 39.03511 ], [ -94.46339, 39.12959 ], [ -94.49647, 39.1772 ], [ -94.63323, 39.17863 ] ] ] ] } },
{ "type": "Feature", "properties": { "ID": 37 }, "geometry": { "type": "MultiPolygon", "coordinates": [ [ [ [ -93.61627, 35.15892 ], [ -93.58405, 35.15832 ], [ -93.58076, 35.25343 ], [ -93.61627, 35.15892 ] ] ], [ [ [ -85.82131, 36.11463 ], [ -85.7818, 36.15928 ], [ -85.75713, 36.32444 ], [ -85.92005, 36.33713 ], [ -85.93394, 36.24275 ], [ -85.91183, 36.16943 ], [ -86.07782, 36.15833 ], [ -86.08806, 36.0875 ], [ -85.89323, 36.07249 ], [ -85.82131, 36.11463 ] ] ], [ [ [ -79.63285, 36.46558 ], [ -79.73552, 36.45439 ], [ -79.75231, 36.38426 ], [ -79.69891, 36.3294 ], [ -79.63434, 36.32126 ], [ -79.6118, 36.41476 ], [ -79.50916, 36.42585 ], [ -79.63285, 36.46558 ] ] ], [ [ [ -76.33792, 37.67747 ], [ -76.25177, 37.73718 ], [ -76.21016, 37.8761 ], [ -76.25497, 37.95535 ], [ -76.47812, 38.01256 ], [ -76.49041, 38.08687 ], [ -76.56311, 38.07336 ], [ -76.59604, 38.07817 ], [ -76.60287, 38.05501 ], [ -76.56996, 38.0502 ], [ -76.58363, 38.00387 ], [ -76.52471, 37.97107 ], [ -76.51925, 37.87359 ], [ -76.68342, 37.89763 ], [ -76.67663, 37.9208 ], [ -76.74235, 37.93036 ], [ -76.74911, 37.90719 ], [ -76.88057, 37.92621 ], [ -76.894, 37.87985 ], [ -76.92081, 37.7871 ], [ -77.07201, 37.73637 ], [ -77.17041, 37.75042 ], [ -77.18361, 37.70401 ], [ -77.15083, 37.69934 ], [ -77.16403, 37.65293 ], [ -77.23613, 37.63905 ], [ -77.28854, 37.57406 ], [ -77.33425, 37.41152 ], [ -77.3016, 37.40688 ], [ -77.19072, 37.3186 ], [ -77.24293, 37.25359 ], [ -77.27551, 37.25824 ], [ -77.28854, 37.21179 ], [ -77.33408, 37.16996 ], [ -77.43171, 37.18383 ], [ -77.47749, 37.26275 ], [ -77.44519, 37.37892 ], [ -77.47137, 37.40676 ], [ -77.56937, 37.42052 ], [ -77.60847, 37.40185 ], [ -77.67381, 37.41097 ], [ -77.68021, 37.38772 ], [ -77.77099, 37.30382 ], [ -77.82168, 37.11778 ], [ -77.86683, 37.07577 ], [ -77.99698, 37.09373 ], [ -78.04201, 37.05165 ], [ -78.07935, 36.91199 ], [ -78.15666, 36.87432 ], [ -78.26017, 36.8643 ], [ -78.42249, 36.88625 ], [ -78.59094, 36.88469 ], [ -78.63786, 36.96325 ], [ -78.77397, 36.95714 ], [ -78.83033, 36.86816 ], [ -78.96033, 36.88518 ], [ -79.03123, 36.87031 ], [ -79.11966, 36.78542 ], [ -79.13134, 36.73875 ], [ -79.26116, 36.75547 ], [ -79.2843, 36.6621 ], [ -79.32824, 36.61956 ], [ -79.42547, 36.63197 ], [ -79.42169, 36.51106 ], [ -79.32464, 36.49865 ], [ -79.28077, 36.5412 ], [ -79.30161, 36.59205 ], [ -79.20446, 36.57955 ], [ -79.09831, 36.46939 ], [ -78.91036, 36.42067 ], [ -78.92212, 36.37398 ], [ -78.67607, 36.29305 ], [ -78.57347, 36.30341 ], [ -78.45071, 36.26267 ], [ -78.2577, 36.23632 ], [ -78.25161, 36.25963 ], [ -78.09083, 36.23745 ], [ -77.88561, 36.25717 ], [ -77.79634, 36.34132 ], [ -77.77756, 36.41119 ], [ -77.81696, 36.51339 ], [ -77.73987, 36.55089 ], [ -77.67534, 36.54179 ], [ -77.58545, 36.62575 ], [ -77.55363, 36.74208 ], [ -77.41785, 36.74693 ], [ -77.28205, 36.87253 ], [ -77.2561, 36.96549 ], [ -77.16534, 36.92826 ], [ -77.03574, 36.90948 ], [ -77.05501, 36.96065 ], [ -77.02871, 37.05355 ], [ -76.95058, 37.09055 ], [ -76.88564, 37.08108 ], [ -76.85906, 37.17393 ], [ -77.01505, 37.2208 ], [ -77.09295, 37.30456 ], [ -76.96264, 37.28572 ], [ -76.94937, 37.33214 ], [ -76.87754, 37.34587 ], [ -76.71465, 37.32205 ], [ -76.57766, 37.32603 ], [ -76.49896, 37.36275 ], [ -76.48536, 37.40912 ], [ -76.33446, 37.45921 ], [ -76.34649, 37.5336 ], [ -76.31899, 37.62627 ], [ -76.33792, 37.67747 ] ] ], [ [ [ -75.80633, 37.4033 ], [ -75.79225, 37.44959 ], [ -75.6295, 37.42444 ], [ -75.64075, 37.4989 ], [ -75.57967, 37.58637 ], [ -75.5296, 37.74823 ], [ -75.48255, 37.78938 ], [ -75.33005, 37.83831 ], [ -75.29374, 37.95382 ], [ -75.21361, 37.98973 ], [ -75.21718, 38.08724 ], [ -75.25001, 38.09238 ], [ -75.29014, 38.07442 ], [ -75.35204, 37.98716 ], [ -75.39931, 37.94606 ], [ -75.49766, 37.96133 ], [ -75.51205, 37.91511 ], [ -75.70875, 37.94541 ], [ -75.87083, 37.75227 ], [ -75.91306, 37.61343 ], [ -75.94571, 37.6184 ], [ -76.0156, 37.38688 ], [ -75.85292, 37.362 ], [ -75.83888, 37.4083 ], [ -75.80633, 37.4033 ] ] ], [ [ [ -76.04173, 38.09275 ], [ -76.04398, 37.97213 ], [ -75.97128, 37.98536 ], [ -75.95718, 38.03162 ], [ -76.00884, 38.0878 ], [ -76.04173, 38.09275 ] ] ] ] } },
{ "type": "Feature", "properties": { "ID": 38 }, "geometry": { "type": "MultiPolygon", "coordinates": [ [ [ [ -93.36197, 37.62254 ], [ -93.36011, 37.66986 ], [ -93.46035, 37.6718 ], [ -93.46214, 37.62448 ], [ -93.36197, 37.62254 ] ] ], [ [ [ -86.96928, 38.86343 ], [ -87.04346, 38.82086 ], [ -87.11118, 38.8253 ], [ -87.13869, 38.87457 ], [ -87.24037, 38.88114 ], [ -87.28676, 38.7892 ], [ -87.42217, 38.79781 ], [ -87.48684, 38.8256 ], [ -87.52982, 38.7571 ], [ -87.60051, 38.73776 ], [ -87.80355, 38.75016 ], [ -87.84906, 38.65801 ], [ -88.18716, 38.67789 ], [ -88.18995, 38.65433 ], [ -88.42666, 38.66774 ], [ -88.43207, 38.62062 ], [ -88.57788, 38.53383 ], [ -88.848, 38.54835 ], [ -88.89192, 38.45583 ], [ -88.99311, 38.46111 ], [ -88.98561, 38.53184 ], [ -89.04818, 38.58247 ], [ -89.28479, 38.59438 ], [ -89.28239, 38.61796 ], [ -89.6545, 38.63586 ], [ -89.65904, 38.58869 ], [ -89.79209, 38.61853 ], [ -89.92743, 38.62465 ], [ -89.95694, 38.67334 ], [ -89.95045, 38.74409 ], [ -90.05216, 38.74858 ], [ -90.06067, 38.65423 ], [ -90.13886, 38.53921 ], [ -90.2106, 38.49492 ], [ -90.41329, 38.50343 ], [ -90.44113, 38.57561 ], [ -90.50878, 38.57836 ], [ -90.49896, 38.69635 ], [ -90.52893, 38.7449 ], [ -90.69851, 38.75161 ], [ -90.69471, 38.7988 ], [ -90.76072, 38.82502 ], [ -90.79468, 38.82632 ], [ -90.804, 38.70834 ], [ -90.9057, 38.71219 ], [ -90.90935, 38.66499 ], [ -91.01099, 38.66875 ], [ -91.00742, 38.71596 ], [ -91.07347, 38.74203 ], [ -91.1109, 38.69605 ], [ -91.34822, 38.70437 ], [ -91.34489, 38.75158 ], [ -91.5485, 38.75839 ], [ -91.55169, 38.71118 ], [ -91.82304, 38.71977 ], [ -91.85993, 38.67359 ], [ -91.99554, 38.67765 ], [ -91.99841, 38.63042 ], [ -92.13394, 38.63434 ], [ -92.13946, 38.53987 ], [ -92.20713, 38.54177 ], [ -92.20171, 38.63625 ], [ -92.16782, 38.6353 ], [ -92.19763, 38.7071 ], [ -92.33333, 38.71082 ], [ -92.36335, 38.78258 ], [ -92.36074, 38.8298 ], [ -92.46271, 38.83249 ], [ -92.46524, 38.78526 ], [ -92.49921, 38.78613 ], [ -92.50172, 38.7389 ], [ -92.6375, 38.74232 ], [ -92.67264, 38.71954 ], [ -92.6774, 38.62506 ], [ -92.74517, 38.6267 ], [ -92.78366, 38.533 ], [ -92.88519, 38.53537 ], [ -92.88073, 38.62987 ], [ -92.94743, 38.65504 ], [ -92.98349, 38.60854 ], [ -92.98995, 38.46678 ], [ -93.02588, 38.42026 ], [ -93.2962, 38.42592 ], [ -93.29812, 38.37865 ], [ -93.4332, 38.38128 ], [ -93.43229, 38.40492 ], [ -93.635, 38.40861 ], [ -93.63584, 38.38497 ], [ -93.66961, 38.38556 ], [ -93.67459, 38.24372 ], [ -93.77807, 38.17448 ], [ -93.77965, 38.12719 ], [ -93.91423, 38.12934 ], [ -93.95079, 38.03526 ], [ -94.05159, 38.03675 ], [ -94.08655, 37.98993 ], [ -94.08858, 37.91896 ], [ -94.05641, 37.87116 ], [ -93.98938, 37.87018 ], [ -93.99151, 37.7992 ], [ -93.92455, 37.79818 ], [ -93.75715, 37.79548 ], [ -93.69182, 37.74703 ], [ -93.69345, 37.6997 ], [ -93.62743, 37.67487 ], [ -93.6291, 37.62754 ], [ -93.52892, 37.62573 ], [ -93.52456, 37.74404 ], [ -93.41875, 37.88409 ], [ -93.1171, 37.87795 ], [ -93.10994, 38.0435 ], [ -93.00385, 38.15951 ], [ -92.90289, 38.15723 ], [ -92.86701, 38.20374 ], [ -92.86255, 38.29828 ], [ -92.82657, 38.34476 ], [ -92.76139, 38.2959 ], [ -92.66023, 38.29344 ], [ -92.66261, 38.24617 ], [ -92.42677, 38.24013 ], [ -92.43311, 38.12196 ], [ -92.40204, 38.07379 ], [ -92.29992, 38.09469 ], [ -92.19909, 38.09189 ], [ -92.19774, 38.11552 ], [ -92.1305, 38.11361 ], [ -92.13187, 38.08997 ], [ -92.09826, 38.08901 ], [ -92.09549, 38.13627 ], [ -91.92735, 38.1313 ], [ -91.92446, 38.17856 ], [ -91.75623, 38.17338 ], [ -91.71802, 38.24319 ], [ -91.54806, 38.26137 ], [ -91.34597, 38.25456 ], [ -91.34266, 38.3018 ], [ -91.24156, 38.29828 ], [ -91.23817, 38.34551 ], [ -90.99858, 38.38422 ], [ -90.97201, 38.28852 ], [ -90.87095, 38.28472 ], [ -90.8673, 38.33195 ], [ -90.79618, 38.37659 ], [ -90.52638, 38.36594 ], [ -90.50245, 38.24653 ], [ -90.57363, 38.20204 ], [ -90.5794, 38.13119 ], [ -90.5122, 38.12847 ], [ -90.50831, 38.1757 ], [ -90.34021, 38.16875 ], [ -90.34423, 38.12153 ], [ -90.24346, 38.11726 ], [ -90.21603, 38.04498 ], [ -90.02533, 37.91811 ], [ -90.02956, 37.87088 ], [ -89.9022, 37.79401 ], [ -89.9108, 37.69953 ], [ -89.7839, 37.62253 ], [ -89.73955, 37.73907 ], [ -89.80632, 37.74217 ], [ -89.83101, 37.83818 ], [ -89.69727, 37.83196 ], [ -89.65488, 37.92483 ], [ -89.48751, 37.91681 ], [ -89.47828, 38.01123 ], [ -89.37774, 38.00631 ], [ -89.38243, 37.95911 ], [ -89.34894, 37.95745 ], [ -89.34423, 38.00465 ], [ -89.21021, 37.99795 ], [ -89.21501, 37.95075 ], [ -89.14805, 37.94735 ], [ -89.11701, 37.92204 ], [ -89.01663, 37.91685 ], [ -89.01169, 37.96404 ], [ -88.91126, 37.95878 ], [ -88.91627, 37.91159 ], [ -88.78247, 37.90446 ], [ -88.71301, 37.92443 ], [ -88.66659, 38.04055 ], [ -88.56607, 38.03503 ], [ -88.57396, 37.96427 ], [ -88.33972, 37.95111 ], [ -88.3343, 37.99827 ], [ -88.2004, 37.99056 ], [ -88.19487, 38.03772 ], [ -88.0944, 38.03185 ], [ -88.08879, 38.07899 ], [ -88.01045, 38.16932 ], [ -87.7756, 38.15517 ], [ -87.66316, 38.24323 ], [ -87.49225, 38.25629 ], [ -87.4862, 38.3034 ], [ -87.41594, 38.32269 ], [ -87.40371, 38.41689 ], [ -87.46497, 38.46825 ], [ -87.39145, 38.51107 ], [ -87.29033, 38.5046 ], [ -87.28412, 38.55168 ], [ -87.2104, 38.59439 ], [ -87.07543, 38.58557 ], [ -87.06905, 38.63264 ], [ -86.96778, 38.62593 ], [ -86.92755, 38.67073 ], [ -86.91131, 38.78836 ], [ -86.97575, 38.81639 ], [ -86.96928, 38.86343 ] ] ], [ [ [ -94.54639, 38.46874 ], [ -94.51257, 38.46838 ], [ -94.51203, 38.49201 ], [ -94.54587, 38.49238 ], [ -94.54639, 38.46874 ] ] ], [ [ [ -90.76072, 38.82502 ], [ -90.69281, 38.8224 ], [ -90.6909, 38.84599 ], [ -90.72487, 38.84731 ], [ -90.72298, 38.8709 ], [ -90.75696, 38.87221 ], [ -90.76072, 38.82502 ] ] ] ] } },
{ "type": "Feature", "properties": { "ID": 39 }, "geometry": { "type": "MultiPolygon", "coordinates": [ [ [ [ -93.70772, 36.30129 ], [ -93.80521, 36.3267 ], [ -93.83872, 36.30352 ], [ -93.8417, 36.20862 ], [ -93.74359, 36.20696 ], [ -93.70772, 36.30129 ] ] ], [ [ [ -93.70137, 36.49104 ], [ -93.70376, 36.41989 ], [ -93.67095, 36.41931 ], [ -93.66853, 36.49046 ], [ -93.70137, 36.49104 ] ] ], [ [ [ -93.10836, 36.52677 ], [ -93.1721, 36.57562 ], [ -93.23785, 36.57702 ], [ -93.30547, 36.53097 ], [ -93.30827, 36.45983 ], [ -93.24454, 36.41104 ], [ -93.17504, 36.5045 ], [ -93.10936, 36.50307 ], [ -93.10836, 36.52677 ] ] ], [ [ [ -93.62417, 36.82176 ], [ -93.82217, 36.82518 ], [ -93.98858, 36.78039 ], [ -93.98367, 36.94629 ], [ -94.04707, 37.04205 ], [ -94.04365, 37.1605 ], [ -94.10866, 37.20883 ], [ -94.17504, 37.20976 ], [ -94.17376, 37.25713 ], [ -94.33984, 37.25931 ], [ -94.33926, 37.28299 ], [ -94.40572, 37.28381 ], [ -94.40628, 37.26012 ], [ -94.37306, 37.25972 ], [ -94.37647, 37.1176 ], [ -94.44331, 37.0947 ], [ -94.4444, 37.04732 ], [ -94.57686, 37.04881 ], [ -94.57884, 36.95402 ], [ -94.5473, 36.88256 ], [ -94.54932, 36.78775 ], [ -94.48334, 36.78701 ], [ -94.48492, 36.71589 ], [ -94.38831, 36.61988 ], [ -94.25729, 36.59449 ], [ -94.25971, 36.49963 ], [ -94.19401, 36.49874 ], [ -94.16435, 36.37969 ], [ -94.00041, 36.37729 ], [ -93.99902, 36.42473 ], [ -93.9334, 36.42371 ], [ -93.83348, 36.46956 ], [ -93.83273, 36.49327 ], [ -93.73421, 36.49161 ], [ -93.73342, 36.51532 ], [ -93.66691, 36.53788 ], [ -93.63077, 36.63213 ], [ -93.49914, 36.6297 ], [ -93.49741, 36.67711 ], [ -93.46448, 36.67648 ], [ -93.46624, 36.62907 ], [ -93.33463, 36.62647 ], [ -93.33278, 36.67388 ], [ -93.16817, 36.67044 ], [ -93.17014, 36.62303 ], [ -92.97276, 36.61864 ], [ -92.97381, 36.59493 ], [ -92.34919, 36.57907 ], [ -92.28088, 36.62462 ], [ -92.2519, 36.55259 ], [ -92.15334, 36.54974 ], [ -92.15601, 36.50234 ], [ -92.02471, 36.49843 ], [ -92.02746, 36.45103 ], [ -91.92906, 36.44801 ], [ -91.92624, 36.49541 ], [ -91.69652, 36.48807 ], [ -91.52937, 36.52998 ], [ -91.4981, 36.50516 ], [ -91.33402, 36.49943 ], [ -91.29469, 36.59302 ], [ -90.96617, 36.58084 ], [ -90.92629, 36.6743 ], [ -90.76186, 36.66786 ], [ -90.59745, 36.6612 ], [ -90.5279, 36.70583 ], [ -90.45054, 36.84509 ], [ -90.28574, 36.83805 ], [ -90.24678, 36.9076 ], [ -90.17675, 36.95202 ], [ -90.11073, 36.9491 ], [ -90.03224, 37.08804 ], [ -89.9661, 37.08505 ], [ -89.92879, 37.13083 ], [ -89.92667, 37.15447 ], [ -90.12531, 37.16342 ], [ -90.19559, 37.11904 ], [ -90.19965, 37.07174 ], [ -90.69582, 37.09255 ], [ -90.76017, 37.11884 ], [ -90.80236, 37.00184 ], [ -90.99891, 37.03315 ], [ -91.02503, 37.12905 ], [ -91.19229, 37.1115 ], [ -91.20235, 36.9695 ], [ -91.37078, 36.92804 ], [ -91.40701, 36.88185 ], [ -91.54056, 36.86269 ], [ -91.70554, 36.86816 ], [ -91.74298, 36.79819 ], [ -91.90781, 36.80341 ], [ -92.00811, 36.78275 ], [ -92.03832, 36.83112 ], [ -92.03279, 36.92585 ], [ -92.13054, 36.95247 ], [ -92.59325, 36.9652 ], [ -92.66169, 36.91951 ], [ -92.66402, 36.87214 ], [ -92.92814, 36.87855 ], [ -92.95798, 36.95038 ], [ -93.02616, 36.9045 ], [ -93.19133, 36.90812 ], [ -93.32535, 36.86347 ], [ -93.4244, 36.86544 ], [ -93.45564, 36.91347 ], [ -93.42709, 36.79435 ], [ -93.36112, 36.79305 ], [ -93.33185, 36.69758 ], [ -93.59536, 36.70266 ], [ -93.59201, 36.79746 ], [ -93.62417, 36.82176 ] ] ], [ [ [ -91.32636, 37.09257 ], [ -91.28832, 37.16239 ], [ -91.38772, 37.16588 ], [ -91.39095, 37.11855 ], [ -91.32636, 37.09257 ] ] ], [ [ [ -89.04804, 36.96871 ], [ -88.91609, 36.9617 ], [ -88.87814, 37.00719 ], [ -88.87068, 37.07808 ], [ -88.90867, 37.03259 ], [ -89.04076, 37.03961 ], [ -89.04804, 36.96871 ] ] ], [ [ [ -89.7921, 37.17198 ], [ -89.75462, 37.2177 ], [ -89.74367, 37.33588 ], [ -89.84324, 37.34053 ], [ -89.84971, 37.26962 ], [ -89.92241, 37.20176 ], [ -89.92454, 37.17811 ], [ -89.85832, 37.17506 ], [ -89.86261, 37.12778 ], [ -89.82952, 37.12624 ], [ -89.82521, 37.17352 ], [ -89.7921, 37.17198 ] ] ], [ [ [ -85.49247, 38.25777 ], [ -85.5595, 38.26299 ], [ -85.55579, 38.28649 ], [ -85.58932, 38.28909 ], [ -85.58192, 38.3361 ], [ -85.68261, 38.34384 ], [ -85.68627, 38.32033 ], [ -85.8205, 38.33054 ], [ -85.82773, 38.28351 ], [ -85.90199, 38.24153 ], [ -85.93415, 38.02985 ], [ -85.83031, 38.04581 ], [ -85.75623, 38.08777 ], [ -85.77795, 37.94665 ], [ -85.94482, 37.95927 ], [ -86.04146, 37.99028 ], [ -86.17508, 38.00014 ], [ -86.18202, 37.95307 ], [ -86.08187, 37.9457 ], [ -85.98528, 37.91472 ], [ -86.02569, 37.87014 ], [ -86.00998, 37.74998 ], [ -86.03456, 37.5852 ], [ -86.07474, 37.54059 ], [ -86.17429, 37.54797 ], [ -86.26359, 37.62594 ], [ -86.35989, 37.65673 ], [ -86.59267, 37.67335 ], [ -86.59929, 37.62624 ], [ -86.76552, 37.63785 ], [ -87.01578, 37.77382 ], [ -87.03647, 37.8703 ], [ -87.1366, 37.87696 ], [ -87.20958, 37.83424 ], [ -87.23366, 37.90712 ], [ -87.35812, 37.98648 ], [ -87.49191, 37.99502 ], [ -87.49793, 37.9479 ], [ -87.59823, 37.95422 ], [ -87.59228, 38.00135 ], [ -87.62574, 38.00344 ], [ -87.63166, 37.95631 ], [ -87.70441, 37.91332 ], [ -87.93839, 37.92759 ], [ -88.03588, 37.95716 ], [ -88.11394, 37.86679 ], [ -88.1612, 37.75083 ], [ -88.36134, 37.76241 ], [ -88.36403, 37.73882 ], [ -88.6309, 37.75379 ], [ -88.63609, 37.7066 ], [ -88.73613, 37.71207 ], [ -88.74891, 37.59405 ], [ -88.61576, 37.58675 ], [ -88.61056, 37.63396 ], [ -88.44406, 37.62464 ], [ -88.45733, 37.50663 ], [ -88.55967, 37.48864 ], [ -88.79234, 37.50143 ], [ -88.7974, 37.45421 ], [ -88.99677, 37.46484 ], [ -89.19858, 37.45156 ], [ -89.20335, 37.40432 ], [ -89.3362, 37.41104 ], [ -89.36009, 37.50719 ], [ -89.42431, 37.53411 ], [ -89.52415, 37.53899 ], [ -89.54458, 37.32636 ], [ -89.44505, 37.32149 ], [ -89.48508, 37.25223 ], [ -89.49419, 37.15769 ], [ -89.4257, 37.17806 ], [ -89.19403, 37.16637 ], [ -89.02859, 37.15777 ], [ -89.02616, 37.18139 ], [ -89.05196, 37.25401 ], [ -88.95258, 37.24877 ], [ -88.95751, 37.20152 ], [ -88.82762, 37.1708 ], [ -88.52994, 37.15435 ], [ -88.52733, 37.17796 ], [ -88.16357, 37.15694 ], [ -88.03414, 37.12544 ], [ -88.0397, 37.07822 ], [ -87.91047, 37.0466 ], [ -87.92175, 36.95215 ], [ -87.69403, 36.91421 ], [ -87.71423, 36.74891 ], [ -87.87849, 36.75915 ], [ -87.88413, 36.71191 ], [ -87.71998, 36.70167 ], [ -87.65723, 36.67389 ], [ -87.63603, 36.57731 ], [ -87.53482, 36.59463 ], [ -87.50205, 36.59251 ], [ -87.49321, 36.66337 ], [ -87.36203, 36.6548 ], [ -87.20115, 36.6203 ], [ -87.1745, 36.57087 ], [ -87.17144, 36.59448 ], [ -87.07318, 36.58783 ], [ -87.06699, 36.63505 ], [ -86.80488, 36.61694 ], [ -86.73617, 36.63593 ], [ -86.57239, 36.62426 ], [ -86.56585, 36.67146 ], [ -86.49371, 36.71391 ], [ -86.48381, 36.78468 ], [ -86.44434, 36.82948 ], [ -86.4115, 36.82709 ], [ -86.40483, 36.87426 ], [ -86.47056, 36.87903 ], [ -86.48689, 36.99932 ], [ -86.4473, 37.04409 ], [ -86.38141, 37.03931 ], [ -86.32227, 36.98734 ], [ -86.32564, 36.96377 ], [ -86.25984, 36.95892 ], [ -86.25305, 37.00607 ], [ -86.12138, 36.99628 ], [ -86.01917, 37.01241 ], [ -85.7559, 36.99223 ], [ -85.74876, 37.03934 ], [ -85.62832, 37.17295 ], [ -85.43048, 37.15728 ], [ -85.42309, 37.20437 ], [ -85.34222, 37.29324 ], [ -85.24315, 37.28523 ], [ -85.23185, 37.35583 ], [ -85.29421, 37.38471 ], [ -85.28295, 37.4553 ], [ -85.18364, 37.44725 ], [ -85.1494, 37.65894 ], [ -85.20061, 37.7584 ], [ -85.26712, 37.76376 ], [ -85.25576, 37.83431 ], [ -85.38521, 37.86846 ], [ -85.39982, 37.98867 ], [ -85.46657, 37.99394 ], [ -85.48508, 38.0906 ], [ -85.55195, 38.09582 ], [ -85.53341, 38.21337 ], [ -85.49992, 38.21076 ], [ -85.49247, 38.25777 ] ], [ [ -85.45591, 37.42149 ], [ -85.55521, 37.42934 ], [ -85.57735, 37.50255 ], [ -85.44851, 37.46856 ], [ -85.45591, 37.42149 ] ] ], [ [ [ -89.16739, 37.75853 ], [ -89.17702, 37.66409 ], [ -89.07702, 37.65895 ], [ -89.06725, 37.75338 ], [ -89.16739, 37.75853 ] ] ], [ [ [ -76.30108, 39.29083 ], [ -76.31341, 39.36502 ], [ -76.36642, 39.42096 ], [ -76.40001, 39.42581 ], [ -76.40706, 39.4027 ], [ -76.57503, 39.42683 ], [ -76.58899, 39.38059 ], [ -76.71056, 39.32558 ], [ -76.74512, 39.20993 ], [ -76.83962, 39.12689 ], [ -76.90658, 39.13635 ], [ -76.96051, 39.07164 ], [ -77.12783, 39.0951 ], [ -77.20153, 39.08127 ], [ -77.22839, 38.98862 ], [ -77.37562, 39.08126 ], [ -77.44261, 39.09047 ], [ -77.48936, 39.04871 ], [ -77.51581, 38.95601 ], [ -77.5022, 38.88189 ], [ -77.62208, 38.82604 ], [ -77.60838, 38.75192 ], [ -77.63454, 38.65916 ], [ -77.76039, 38.57997 ], [ -77.85271, 38.49617 ], [ -77.9524, 38.50962 ], [ -78.03164, 38.47212 ], [ -78.0571, 38.37924 ], [ -77.89767, 38.33368 ], [ -77.87735, 38.28275 ], [ -77.79825, 38.32018 ], [ -77.79181, 38.34339 ], [ -77.75867, 38.33887 ], [ -77.73928, 38.40849 ], [ -77.80563, 38.41753 ], [ -77.71336, 38.50131 ], [ -77.63391, 38.53863 ], [ -77.62086, 38.58502 ], [ -77.52112, 38.57132 ], [ -77.46814, 38.6363 ], [ -77.40162, 38.6271 ], [ -77.42802, 38.53436 ], [ -77.47439, 38.49258 ], [ -77.54079, 38.50175 ], [ -77.60011, 38.41352 ], [ -77.63328, 38.41808 ], [ -77.63978, 38.39488 ], [ -77.60663, 38.39032 ], [ -77.63265, 38.29751 ], [ -77.50679, 38.25603 ], [ -77.4606, 38.29784 ], [ -77.4146, 38.46019 ], [ -77.36821, 38.50196 ], [ -77.26865, 38.48807 ], [ -77.27527, 38.58543 ], [ -77.11558, 38.65949 ], [ -77.16246, 38.49729 ], [ -77.08941, 38.51111 ], [ -76.96348, 38.46914 ], [ -76.76468, 38.4407 ], [ -76.73739, 38.53332 ], [ -76.65048, 38.59321 ], [ -76.58411, 38.58361 ], [ -76.49007, 38.66654 ], [ -76.51636, 38.6945 ], [ -76.42589, 38.99519 ], [ -76.35916, 38.98549 ], [ -76.39416, 38.86987 ], [ -76.33456, 38.83703 ], [ -76.38348, 38.67514 ], [ -76.28388, 38.66054 ], [ -76.26986, 38.70679 ], [ -76.25582, 38.75303 ], [ -76.15612, 38.73834 ], [ -76.17727, 38.66898 ], [ -76.1109, 38.65915 ], [ -76.09893, 38.58487 ], [ -75.94039, 38.53703 ], [ -75.83394, 38.54521 ], [ -75.81963, 38.59142 ], [ -75.68717, 38.57138 ], [ -75.56203, 38.52811 ], [ -75.51848, 38.66665 ], [ -75.48205, 38.78206 ], [ -75.50066, 38.8333 ], [ -75.43423, 38.82314 ], [ -75.29405, 38.8258 ], [ -75.30516, 38.90012 ], [ -75.2904, 38.94625 ], [ -75.34957, 38.97954 ], [ -75.32744, 39.04874 ], [ -75.39409, 39.05895 ], [ -75.39798, 39.1563 ], [ -75.45005, 39.2126 ], [ -75.54298, 39.25088 ], [ -75.60145, 39.06629 ], [ -75.5681, 39.06124 ], [ -75.62634, 38.8766 ], [ -75.7189, 38.91477 ], [ -75.7305, 38.98904 ], [ -75.89716, 39.01401 ], [ -76.00436, 39.00579 ], [ -76.0163, 39.08003 ], [ -75.98051, 39.19551 ], [ -76.14779, 39.22017 ], [ -76.22183, 39.20686 ], [ -76.24114, 39.25796 ], [ -76.30994, 39.1473 ], [ -76.23086, 39.06332 ], [ -76.4119, 39.04143 ], [ -76.43131, 39.09252 ], [ -76.40328, 39.18499 ], [ -76.3293, 39.19839 ], [ -76.30108, 39.29083 ] ] ] ] } },
{ "type": "Feature", "properties": { "ID": 40 }, "geometry": { "type": "MultiPolygon", "coordinates": [ [ [ [ -90.5794, 38.13119 ], [ -90.57363, 38.20204 ], [ -90.50245, 38.24653 ], [ -90.52638, 38.36594 ], [ -90.79618, 38.37659 ], [ -90.8673, 38.33195 ], [ -90.87095, 38.28472 ], [ -90.97201, 38.28852 ], [ -90.99858, 38.38422 ], [ -91.23817, 38.34551 ], [ -91.24156, 38.29828 ], [ -91.34266, 38.3018 ], [ -91.34597, 38.25456 ], [ -91.54806, 38.26137 ], [ -91.71802, 38.24319 ], [ -91.75623, 38.17338 ], [ -91.78987, 38.17443 ], [ -91.79882, 38.03264 ], [ -91.73319, 38.00689 ], [ -91.73621, 37.95962 ], [ -91.73923, 37.91235 ], [ -91.74224, 37.86507 ], [ -91.87766, 37.84561 ], [ -91.98379, 37.75408 ], [ -91.99086, 37.63583 ], [ -92.02704, 37.58952 ], [ -92.09375, 37.59149 ], [ -92.12302, 37.66342 ], [ -92.2566, 37.66723 ], [ -92.26187, 37.57261 ], [ -92.32987, 37.5508 ], [ -92.3376, 37.40883 ], [ -92.40666, 37.36331 ], [ -92.47316, 37.36509 ], [ -92.50151, 37.46063 ], [ -92.60021, 37.48688 ], [ -92.59542, 37.58152 ], [ -92.65744, 37.67784 ], [ -92.72541, 37.65584 ], [ -92.71847, 37.79777 ], [ -92.78541, 37.79939 ], [ -92.78994, 37.70477 ], [ -92.86233, 37.58806 ], [ -92.92906, 37.58961 ], [ -92.93338, 37.49495 ], [ -93.06667, 37.49795 ], [ -93.07182, 37.3796 ], [ -93.04063, 37.33152 ], [ -93.1736, 37.33441 ], [ -93.17855, 37.21603 ], [ -93.11218, 37.2146 ], [ -93.11622, 37.11988 ], [ -93.08614, 37.04811 ], [ -92.98683, 37.04588 ], [ -92.95798, 36.95038 ], [ -92.82577, 36.94727 ], [ -92.82355, 36.99465 ], [ -92.79048, 36.99385 ], [ -92.75288, 37.08777 ], [ -92.75514, 37.04041 ], [ -92.35806, 37.03008 ], [ -92.15688, 37.07183 ], [ -92.09477, 36.99886 ], [ -92.09749, 36.9515 ], [ -92.03279, 36.92585 ], [ -91.96673, 36.92385 ], [ -91.93087, 36.9702 ], [ -91.79868, 36.96606 ], [ -91.75823, 37.08338 ], [ -91.62583, 37.07907 ], [ -91.58657, 37.17265 ], [ -91.48714, 37.1693 ], [ -91.44922, 37.23916 ], [ -91.44284, 37.3338 ], [ -91.34319, 37.33035 ], [ -91.34645, 37.28303 ], [ -91.21536, 37.25466 ], [ -91.21871, 37.20734 ], [ -91.0861, 37.2025 ], [ -91.08266, 37.24981 ], [ -90.94998, 37.24483 ], [ -90.94644, 37.29214 ], [ -90.84687, 37.28832 ], [ -90.84326, 37.33562 ], [ -90.67722, 37.32908 ], [ -90.64026, 37.37503 ], [ -90.40771, 37.36546 ], [ -90.34327, 37.33901 ], [ -90.21047, 37.3333 ], [ -90.20641, 37.38058 ], [ -90.07354, 37.37472 ], [ -90.03615, 37.42051 ], [ -90.02566, 37.53867 ], [ -89.9463, 37.67743 ], [ -90.04429, 37.70554 ], [ -90.06931, 37.80151 ], [ -90.13823, 37.78083 ], [ -90.12994, 37.87531 ], [ -90.19071, 37.94908 ], [ -90.25772, 37.95196 ], [ -90.28313, 38.04785 ], [ -90.41538, 38.0771 ], [ -90.41141, 38.12433 ], [ -90.5794, 38.13119 ] ] ], [ [ [ -92.16548, 38.09094 ], [ -92.17091, 37.99638 ], [ -92.14008, 37.94814 ], [ -92.00028, 38.03878 ], [ -91.99461, 38.13332 ], [ -92.09549, 38.13627 ], [ -92.09826, 38.08901 ], [ -92.16548, 38.09094 ] ] ], [ [ [ -86.42639, 37.66152 ], [ -86.41289, 37.75572 ], [ -86.50275, 37.83349 ], [ -86.49269, 37.90412 ], [ -86.56943, 37.83821 ], [ -86.58273, 37.74401 ], [ -86.55941, 37.671 ], [ -86.42639, 37.66152 ] ] ], [ [ [ -86.25569, 37.91088 ], [ -86.18896, 37.906 ], [ -86.15212, 37.92709 ], [ -86.14864, 37.95062 ], [ -86.18202, 37.95307 ], [ -86.17508, 38.00014 ], [ -86.2419, 38.00502 ], [ -86.25569, 37.91088 ] ] ], [ [ [ -86.18418, 38.16729 ], [ -86.05023, 38.15744 ], [ -86.02902, 38.29856 ], [ -86.19334, 38.33439 ], [ -86.24079, 38.24274 ], [ -86.21074, 38.21678 ], [ -86.17722, 38.21434 ], [ -86.18418, 38.16729 ] ] ], [ [ [ -86.37495, 38.25239 ], [ -86.39827, 38.32537 ], [ -86.49903, 38.3325 ], [ -86.4855, 38.42661 ], [ -86.71439, 38.49004 ], [ -86.6945, 38.63119 ], [ -86.762, 38.63581 ], [ -86.78588, 38.70868 ], [ -86.88726, 38.71552 ], [ -86.884, 38.73904 ], [ -86.91781, 38.74131 ], [ -86.92755, 38.67073 ], [ -86.96778, 38.62593 ], [ -87.06905, 38.63264 ], [ -87.07543, 38.58557 ], [ -87.2104, 38.59439 ], [ -87.28412, 38.55168 ], [ -87.29033, 38.5046 ], [ -87.39145, 38.51107 ], [ -87.46497, 38.46825 ], [ -87.40371, 38.41689 ], [ -87.40983, 38.36979 ], [ -87.27529, 38.36117 ], [ -87.24478, 38.33544 ], [ -87.26652, 38.1706 ], [ -87.2057, 38.11913 ], [ -87.10519, 38.11252 ], [ -87.02866, 38.17871 ], [ -86.92808, 38.17197 ], [ -86.93451, 38.12488 ], [ -86.80379, 38.09223 ], [ -86.7434, 38.04055 ], [ -86.7198, 37.9676 ], [ -86.65298, 37.96296 ], [ -86.6798, 38.01237 ], [ -86.63643, 38.08067 ], [ -86.53604, 38.07364 ], [ -86.48911, 38.16542 ], [ -86.3886, 38.15827 ], [ -86.38178, 38.20533 ], [ -86.34826, 38.20293 ], [ -86.34141, 38.24999 ], [ -86.37495, 38.25239 ] ] ], [ [ [ -85.58958, 38.5032 ], [ -85.72051, 38.537 ], [ -85.69847, 38.67799 ], [ -85.74396, 38.82406 ], [ -85.91305, 38.83672 ], [ -85.95407, 38.79223 ], [ -85.93108, 38.71922 ], [ -85.86355, 38.7142 ], [ -85.82151, 38.54463 ], [ -85.85046, 38.35658 ], [ -85.81688, 38.35405 ], [ -85.8205, 38.33054 ], [ -85.68627, 38.32033 ], [ -85.68261, 38.34384 ], [ -85.61548, 38.33869 ], [ -85.6007, 38.4327 ], [ -85.58958, 38.5032 ] ] ], [ [ [ -84.41674, 38.00257 ], [ -84.40854, 38.04953 ], [ -84.4712, 38.07877 ], [ -84.50458, 38.08163 ], [ -84.51677, 38.01118 ], [ -84.41674, 38.00257 ] ] ], [ [ [ -85.20245, 38.1634 ], [ -85.19095, 38.23389 ], [ -85.29523, 38.21843 ], [ -85.26175, 38.21576 ], [ -85.20245, 38.1634 ] ] ], [ [ [ -85.5595, 38.26299 ], [ -85.49247, 38.25777 ], [ -85.48874, 38.28127 ], [ -85.45521, 38.27865 ], [ -85.44772, 38.32566 ], [ -85.54837, 38.3335 ], [ -85.5595, 38.26299 ] ] ], [ [ [ -84.55603, 39.1575 ], [ -84.58478, 38.99334 ], [ -84.50884, 39.03455 ], [ -84.40308, 39.04939 ], [ -84.44593, 39.19582 ], [ -84.54779, 39.20439 ], [ -84.55603, 39.1575 ] ] ], [ [ [ -75.66049, 39.65523 ], [ -75.55218, 39.66317 ], [ -75.52264, 39.7554 ], [ -75.55634, 39.76045 ], [ -75.66482, 39.75251 ], [ -75.72781, 39.66527 ], [ -75.66049, 39.65523 ] ] ], [ [ [ -75.20071, 39.87593 ], [ -75.22694, 39.90409 ], [ -75.19683, 39.99622 ], [ -75.23063, 40.00136 ], [ -75.29445, 39.91434 ], [ -75.26069, 39.90922 ], [ -75.26819, 39.88618 ], [ -75.20071, 39.87593 ] ] ], [ [ [ -75.02791, 39.97044 ], [ -75.0051, 40.0395 ], [ -74.95604, 40.08034 ], [ -74.92223, 40.07515 ], [ -74.90692, 40.12117 ], [ -75.00847, 40.13675 ], [ -75.06513, 40.07287 ], [ -75.14792, 40.03714 ], [ -75.16303, 39.99108 ], [ -75.12924, 39.98593 ], [ -75.0355, 39.94741 ], [ -75.02791, 39.97044 ] ] ], [ [ [ -74.18073, 40.78257 ], [ -74.22064, 40.66778 ], [ -74.16848, 40.6111 ], [ -74.1205, 40.74884 ], [ -74.08639, 40.74344 ], [ -74.03007, 40.90409 ], [ -74.10649, 40.89195 ], [ -74.13859, 40.80014 ], [ -74.18073, 40.78257 ] ] ] ] } },
{ "type": "Feature", "properties": { "ID": 41 }, "geometry": { "type": "MultiPolygon", "coordinates": [ [ [ [ -89.9661, 37.08505 ], [ -89.93303, 37.08354 ], [ -89.92879, 37.13083 ], [ -89.9661, 37.08505 ] ] ], [ [ [ -89.92879, 37.13083 ], [ -89.86261, 37.12778 ], [ -89.85832, 37.17506 ], [ -89.92454, 37.17811 ], [ -89.92879, 37.13083 ] ] ], [ [ [ -89.7921, 37.17198 ], [ -89.75899, 37.17042 ], [ -89.75462, 37.2177 ], [ -89.7921, 37.17198 ] ] ], [ [ [ -89.54458, 37.32636 ], [ -89.53551, 37.42087 ], [ -89.56648, 37.44611 ], [ -89.69944, 37.45247 ], [ -89.70386, 37.40521 ], [ -89.80353, 37.40989 ], [ -89.77686, 37.33744 ], [ -89.74367, 37.33588 ], [ -89.75462, 37.2177 ], [ -89.68394, 37.26184 ], [ -89.61765, 37.25867 ], [ -89.57776, 37.32797 ], [ -89.54458, 37.32636 ] ] ], [ [ [ -94.08723, 37.96627 ], [ -94.21834, 38.08638 ], [ -94.31923, 38.08768 ], [ -94.32042, 38.04037 ], [ -94.95899, 38.04682 ], [ -95.02759, 37.9527 ], [ -95.09536, 37.90584 ], [ -95.12983, 37.83508 ], [ -95.26385, 37.83588 ], [ -95.32921, 38.00186 ], [ -95.53075, 38.00271 ], [ -95.53108, 37.95539 ], [ -95.63179, 37.95571 ], [ -95.69967, 37.79023 ], [ -95.83361, 37.79046 ], [ -95.83349, 37.83779 ], [ -95.9004, 37.90885 ], [ -95.96749, 37.90888 ], [ -96.00104, 38.00353 ], [ -96.06817, 37.95619 ], [ -96.20244, 37.95606 ], [ -96.2023, 37.90874 ], [ -96.37002, 37.90838 ], [ -96.37028, 37.9557 ], [ -96.47099, 37.95539 ], [ -96.5042, 37.90794 ], [ -96.50295, 37.74229 ], [ -96.56927, 37.67101 ], [ -96.63612, 37.67071 ], [ -96.70471, 37.83605 ], [ -96.80523, 37.83548 ], [ -96.8058, 37.88281 ], [ -96.87317, 37.90605 ], [ -96.87379, 37.95337 ], [ -96.94225, 38.04755 ], [ -97.21114, 38.0454 ], [ -97.24608, 38.11605 ], [ -97.34701, 38.11508 ], [ -97.34797, 38.16239 ], [ -97.41631, 38.209 ], [ -97.71953, 38.20548 ], [ -97.75571, 38.29962 ], [ -97.99185, 38.29635 ], [ -98.05785, 38.24806 ], [ -98.05566, 38.17712 ], [ -98.25848, 38.19754 ], [ -98.26009, 38.24482 ], [ -98.496, 38.24067 ], [ -98.49778, 38.28795 ], [ -98.80127, 38.28201 ], [ -98.79629, 38.1638 ], [ -98.76264, 38.1645 ], [ -98.75091, 37.88072 ], [ -98.68198, 37.83477 ], [ -98.6782, 37.74014 ], [ -98.77755, 37.71444 ], [ -98.80801, 37.64276 ], [ -98.79717, 37.38242 ], [ -98.8637, 37.38101 ], [ -98.75713, 37.21738 ], [ -98.72203, 37.17071 ], [ -98.59209, 37.2444 ], [ -98.16041, 37.25212 ], [ -98.16192, 37.29948 ], [ -97.96252, 37.30257 ], [ -97.96321, 37.32625 ], [ -97.6307, 37.33074 ], [ -97.62956, 37.28338 ], [ -97.52987, 37.28456 ], [ -97.42918, 37.2383 ], [ -97.26314, 37.23998 ], [ -97.1299, 37.21749 ], [ -97.12911, 37.17012 ], [ -97.09593, 37.17039 ], [ -97.0967, 37.21777 ], [ -97.0303, 37.2183 ], [ -96.99885, 37.33699 ], [ -97.00131, 37.50274 ], [ -96.86795, 37.50368 ], [ -96.73355, 37.40976 ], [ -96.69952, 37.33889 ], [ -96.63255, 37.29186 ], [ -96.53284, 37.29229 ], [ -96.50013, 37.36348 ], [ -96.36704, 37.36391 ], [ -96.36755, 37.45864 ], [ -95.96771, 37.45914 ], [ -95.96767, 37.53017 ], [ -95.8009, 37.53003 ], [ -95.80076, 37.57738 ], [ -95.50035, 37.5766 ], [ -95.50123, 37.45821 ], [ -95.46828, 37.41072 ], [ -95.23521, 37.40959 ], [ -95.2336, 37.55166 ], [ -95.1335, 37.55104 ], [ -95.00145, 37.45541 ], [ -95.00215, 37.40805 ], [ -94.8024, 37.4064 ], [ -94.80155, 37.45376 ], [ -94.6683, 37.45249 ], [ -94.63642, 37.38112 ], [ -94.56986, 37.38042 ], [ -94.50436, 37.33233 ], [ -94.50541, 37.28496 ], [ -94.33926, 37.28299 ], [ -94.33984, 37.25931 ], [ -94.14055, 37.25667 ], [ -94.1327, 37.5408 ], [ -94.16605, 37.54126 ], [ -94.16152, 37.70695 ], [ -94.02778, 37.70504 ], [ -94.02639, 37.75237 ], [ -93.82564, 37.74926 ], [ -93.8241, 37.79659 ], [ -93.92455, 37.79818 ], [ -93.99151, 37.7992 ], [ -93.98938, 37.87018 ], [ -94.05641, 37.87116 ], [ -94.08858, 37.91896 ], [ -94.08723, 37.96627 ] ] ], [ [ [ -90.33562, 38.61861 ], [ -90.34169, 38.54782 ], [ -90.24027, 38.54355 ], [ -90.1685, 38.58785 ], [ -90.15806, 38.70581 ], [ -90.25973, 38.71014 ], [ -90.33562, 38.61861 ] ] ], [ [ [ -89.18394, 37.92545 ], [ -89.18153, 37.94905 ], [ -89.21501, 37.95075 ], [ -89.21021, 37.99795 ], [ -89.24371, 37.99964 ], [ -89.24849, 37.95244 ], [ -89.38243, 37.95911 ], [ -89.39178, 37.86469 ], [ -89.37005, 37.74499 ], [ -89.33902, 37.71973 ], [ -89.17221, 37.71131 ], [ -89.16739, 37.75853 ], [ -89.06725, 37.75338 ], [ -89.07214, 37.70617 ], [ -89.00543, 37.70269 ], [ -88.96713, 37.74815 ], [ -88.94972, 37.91335 ], [ -89.18394, 37.92545 ] ] ] ] } },
{ "type": "Feature", "properties": { "ID": 42 }, "geometry": { "type": "MultiPolygon", "coordinates": [ [ [ [ -92.03279, 36.92585 ], [ -92.09749, 36.9515 ], [ -92.09477, 36.99886 ], [ -92.15688, 37.07183 ], [ -92.35806, 37.03008 ], [ -92.75514, 37.04041 ], [ -92.75741, 36.99304 ], [ -92.82355, 36.99465 ], [ -92.82577, 36.94727 ], [ -92.95798, 36.95038 ], [ -92.92814, 36.87855 ], [ -92.66402, 36.87214 ], [ -92.66169, 36.91951 ], [ -92.59325, 36.9652 ], [ -92.13054, 36.95247 ], [ -92.03279, 36.92585 ] ] ], [ [ [ -92.13187, 38.08997 ], [ -92.1305, 38.11361 ], [ -92.19774, 38.11552 ], [ -92.19909, 38.09189 ], [ -92.29992, 38.09469 ], [ -92.40204, 38.07379 ], [ -92.43311, 38.12196 ], [ -92.42677, 38.24013 ], [ -92.66261, 38.24617 ], [ -92.66023, 38.29344 ], [ -92.76139, 38.2959 ], [ -92.82657, 38.34476 ], [ -92.86255, 38.29828 ], [ -92.86701, 38.20374 ], [ -92.90289, 38.15723 ], [ -93.00385, 38.15951 ], [ -93.10994, 38.0435 ], [ -93.1171, 37.87795 ], [ -93.41875, 37.88409 ], [ -93.52456, 37.74404 ], [ -93.52892, 37.62573 ], [ -93.6291, 37.62754 ], [ -93.62743, 37.67487 ], [ -93.69345, 37.6997 ], [ -93.69182, 37.74703 ], [ -93.75715, 37.79548 ], [ -93.8241, 37.79659 ], [ -93.82564, 37.74926 ], [ -94.02639, 37.75237 ], [ -94.02778, 37.70504 ], [ -94.16152, 37.70695 ], [ -94.16605, 37.54126 ], [ -94.1327, 37.5408 ], [ -94.14055, 37.25667 ], [ -94.17376, 37.25713 ], [ -94.17504, 37.20976 ], [ -94.10866, 37.20883 ], [ -94.04365, 37.1605 ], [ -94.04707, 37.04205 ], [ -93.98367, 36.94629 ], [ -93.98858, 36.78039 ], [ -93.82217, 36.82518 ], [ -93.62417, 36.82176 ], [ -93.55477, 36.91534 ], [ -93.45564, 36.91347 ], [ -93.4244, 36.86544 ], [ -93.32535, 36.86347 ], [ -93.19133, 36.90812 ], [ -93.02616, 36.9045 ], [ -92.95798, 36.95038 ], [ -92.98683, 37.04588 ], [ -93.08614, 37.04811 ], [ -93.11622, 37.11988 ], [ -93.11218, 37.2146 ], [ -93.17855, 37.21603 ], [ -93.1736, 37.33441 ], [ -93.04063, 37.33152 ], [ -93.07182, 37.3796 ], [ -93.06667, 37.49795 ], [ -92.93338, 37.49495 ], [ -92.92906, 37.58961 ], [ -92.86233, 37.58806 ], [ -92.78994, 37.70477 ], [ -92.78541, 37.79939 ], [ -92.71847, 37.79777 ], [ -92.72541, 37.65584 ], [ -92.65744, 37.67784 ], [ -92.59542, 37.58152 ], [ -92.60021, 37.48688 ], [ -92.50151, 37.46063 ], [ -92.47316, 37.36509 ], [ -92.40666, 37.36331 ], [ -92.3376, 37.40883 ], [ -92.32987, 37.5508 ], [ -92.26187, 37.57261 ], [ -92.2566, 37.66723 ], [ -92.12302, 37.66342 ], [ -92.09375, 37.59149 ], [ -92.02704, 37.58952 ], [ -91.99086, 37.63583 ], [ -91.98379, 37.75408 ], [ -91.87766, 37.84561 ], [ -91.74224, 37.86507 ], [ -91.73319, 38.00689 ], [ -91.79882, 38.03264 ], [ -91.78987, 38.17443 ], [ -91.92446, 38.17856 ], [ -91.92735, 38.1313 ], [ -91.99461, 38.13332 ], [ -92.00028, 38.03878 ], [ -92.14008, 37.94814 ], [ -92.17091, 37.99638 ], [ -92.16548, 38.09094 ], [ -92.13187, 38.08997 ] ], [ [ -93.36197, 37.62254 ], [ -93.46214, 37.62448 ], [ -93.46035, 37.6718 ], [ -93.36011, 37.66986 ], [ -93.36197, 37.62254 ] ] ], [ [ [ -86.65298, 37.96296 ], [ -86.7198, 37.9676 ], [ -86.7434, 38.04055 ], [ -86.80379, 38.09223 ], [ -86.93451, 38.12488 ], [ -86.92808, 38.17197 ], [ -87.02866, 38.17871 ], [ -87.10519, 38.11252 ], [ -87.2057, 38.11913 ], [ -87.26652, 38.1706 ], [ -87.24478, 38.33544 ], [ -87.27529, 38.36117 ], [ -87.40983, 38.36979 ], [ -87.41594, 38.32269 ], [ -87.4862, 38.3034 ], [ -87.49225, 38.25629 ], [ -87.66316, 38.24323 ], [ -87.7756, 38.15517 ], [ -88.01045, 38.16932 ], [ -88.08879, 38.07899 ], [ -88.0944, 38.03185 ], [ -88.19487, 38.03772 ], [ -88.2004, 37.99056 ], [ -88.3343, 37.99827 ], [ -88.33972, 37.95111 ], [ -88.57396, 37.96427 ], [ -88.56607, 38.03503 ], [ -88.66659, 38.04055 ], [ -88.71301, 37.92443 ], [ -88.78247, 37.90446 ], [ -88.91627, 37.91159 ], [ -88.91126, 37.95878 ], [ -89.01169, 37.96404 ], [ -89.01663, 37.91685 ], [ -88.94972, 37.91335 ], [ -88.96713, 37.74815 ], [ -89.00543, 37.70269 ], [ -89.07214, 37.70617 ], [ -89.07702, 37.65895 ], [ -89.17702, 37.66409 ], [ -89.17221, 37.71131 ], [ -89.20557, 37.71301 ], [ -89.23893, 37.7147 ], [ -89.33902, 37.71973 ], [ -89.37005, 37.74499 ], [ -89.39178, 37.86469 ], [ -89.37774, 38.00631 ], [ -89.47828, 38.01123 ], [ -89.48751, 37.91681 ], [ -89.65488, 37.92483 ], [ -89.69727, 37.83196 ], [ -89.83101, 37.83818 ], [ -89.80632, 37.74217 ], [ -89.73955, 37.73907 ], [ -89.7839, 37.62253 ], [ -89.9108, 37.69953 ], [ -89.9022, 37.79401 ], [ -90.02956, 37.87088 ], [ -90.02533, 37.91811 ], [ -90.21603, 38.04498 ], [ -90.24346, 38.11726 ], [ -90.34423, 38.12153 ], [ -90.34021, 38.16875 ], [ -90.50831, 38.1757 ], [ -90.5122, 38.12847 ], [ -90.41141, 38.12433 ], [ -90.41538, 38.0771 ], [ -90.28313, 38.04785 ], [ -90.25772, 37.95196 ], [ -90.19071, 37.94908 ], [ -90.12994, 37.87531 ], [ -90.13823, 37.78083 ], [ -90.06931, 37.80151 ], [ -90.04429, 37.70554 ], [ -89.9463, 37.67743 ], [ -90.02566, 37.53867 ], [ -90.03615, 37.42051 ], [ -90.07354, 37.37472 ], [ -90.20641, 37.38058 ], [ -90.21047, 37.3333 ], [ -90.34327, 37.33901 ], [ -90.40771, 37.36546 ], [ -90.64026, 37.37503 ], [ -90.67722, 37.32908 ], [ -90.84326, 37.33562 ], [ -90.84687, 37.28832 ], [ -90.94644, 37.29214 ], [ -90.94998, 37.24483 ], [ -91.08266, 37.24981 ], [ -91.0861, 37.2025 ], [ -91.21871, 37.20734 ], [ -91.21536, 37.25466 ], [ -91.34645, 37.28303 ], [ -91.34319, 37.33035 ], [ -91.44284, 37.3338 ], [ -91.44922, 37.23916 ], [ -91.48714, 37.1693 ], [ -91.58657, 37.17265 ], [ -91.62583, 37.07907 ], [ -91.75823, 37.08338 ], [ -91.79868, 36.96606 ], [ -91.93087, 36.9702 ], [ -91.96673, 36.92385 ], [ -92.03279, 36.92585 ], [ -92.03832, 36.83112 ], [ -92.00811, 36.78275 ], [ -91.90781, 36.80341 ], [ -91.74298, 36.79819 ], [ -91.70554, 36.86816 ], [ -91.54056, 36.86269 ], [ -91.40701, 36.88185 ], [ -91.37078, 36.92804 ], [ -91.20235, 36.9695 ], [ -91.19229, 37.1115 ], [ -91.02503, 37.12905 ], [ -90.99891, 37.03315 ], [ -90.80236, 37.00184 ], [ -90.76017, 37.11884 ], [ -90.69582, 37.09255 ], [ -90.19965, 37.07174 ], [ -90.19559, 37.11904 ], [ -90.12531, 37.16342 ], [ -89.92667, 37.15447 ], [ -89.92241, 37.20176 ], [ -89.84971, 37.26962 ], [ -89.84324, 37.34053 ], [ -89.77686, 37.33744 ], [ -89.80353, 37.40989 ], [ -89.70386, 37.40521 ], [ -89.69944, 37.45247 ], [ -89.56648, 37.44611 ], [ -89.53551, 37.42087 ], [ -89.52415, 37.53899 ], [ -89.49087, 37.53737 ], [ -89.45759, 37.53574 ], [ -89.42431, 37.53411 ], [ -89.36009, 37.50719 ], [ -89.3362, 37.41104 ], [ -89.20335, 37.40432 ], [ -89.19858, 37.45156 ], [ -88.99677, 37.46484 ], [ -88.7974, 37.45421 ], [ -88.79234, 37.50143 ], [ -88.55967, 37.48864 ], [ -88.45733, 37.50663 ], [ -88.44406, 37.62464 ], [ -88.61056, 37.63396 ], [ -88.61576, 37.58675 ], [ -88.74891, 37.59405 ], [ -88.73613, 37.71207 ], [ -88.63609, 37.7066 ], [ -88.6309, 37.75379 ], [ -88.36403, 37.73882 ], [ -88.36134, 37.76241 ], [ -88.1612, 37.75083 ], [ -88.11394, 37.86679 ], [ -88.03588, 37.95716 ], [ -87.93839, 37.92759 ], [ -87.70441, 37.91332 ], [ -87.63166, 37.95631 ], [ -87.62574, 38.00344 ], [ -87.55882, 37.99925 ], [ -87.48589, 38.04215 ], [ -87.49191, 37.99502 ], [ -87.35812, 37.98648 ], [ -87.23366, 37.90712 ], [ -87.20958, 37.83424 ], [ -87.1366, 37.87696 ], [ -87.03647, 37.8703 ], [ -87.01578, 37.77382 ], [ -86.76552, 37.63785 ], [ -86.69902, 37.63323 ], [ -86.69247, 37.68035 ], [ -86.75576, 37.70853 ], [ -86.70938, 37.80044 ], [ -86.57608, 37.79111 ], [ -86.56943, 37.83821 ], [ -86.49269, 37.90412 ], [ -86.48597, 37.95121 ], [ -86.58617, 37.95828 ], [ -86.65298, 37.96296 ] ], [ [ -91.32636, 37.09257 ], [ -91.39095, 37.11855 ], [ -91.38772, 37.16588 ], [ -91.28832, 37.16239 ], [ -91.32636, 37.09257 ] ] ], [ [ [ -89.18394, 37.92545 ], [ -89.11701, 37.92204 ], [ -89.14805, 37.94735 ], [ -89.18153, 37.94905 ], [ -89.18394, 37.92545 ] ] ], [ [ [ -89.34894, 37.95745 ], [ -89.24849, 37.95244 ], [ -89.24371, 37.99964 ], [ -89.34423, 38.00465 ], [ -89.34894, 37.95745 ] ] ], [ [ [ -85.54084, 38.16636 ], [ -85.50737, 38.16375 ], [ -85.49992, 38.21076 ], [ -85.53341, 38.21337 ], [ -85.54084, 38.16636 ] ] ], [ [ [ -85.58192, 38.3361 ], [ -85.58932, 38.28909 ], [ -85.55579, 38.28649 ], [ -85.54837, 38.3335 ], [ -85.58192, 38.3361 ] ] ], [ [ [ -75.04309, 39.92439 ], [ -75.0355, 39.94741 ], [ -75.12924, 39.98593 ], [ -75.19683, 39.99622 ], [ -75.22694, 39.90409 ], [ -75.20071, 39.87593 ], [ -75.13325, 39.86564 ], [ -75.04309, 39.92439 ] ] ] ] } },
{ "type": "Feature", "properties": { "ID": 43 }, "geometry": { "type": "MultiPolygon", "coordinates": [ [ [ [ -92.84011, 35.92692 ], [ -92.90736, 35.88102 ], [ -93.07008, 35.88479 ], [ -93.13419, 35.90998 ], [ -93.13221, 35.95745 ], [ -93.19545, 36.00634 ], [ -93.15991, 36.07683 ], [ -93.156, 36.17174 ], [ -93.12033, 36.24219 ], [ -93.05287, 36.28818 ], [ -92.95467, 36.28593 ], [ -92.98323, 36.38155 ], [ -93.11436, 36.3845 ], [ -93.10936, 36.50307 ], [ -93.17504, 36.5045 ], [ -93.24454, 36.41104 ], [ -93.2493, 36.29245 ], [ -93.38027, 36.29514 ], [ -93.37845, 36.34258 ], [ -93.4431, 36.3676 ], [ -93.54144, 36.36948 ], [ -93.54314, 36.32204 ], [ -93.64141, 36.32385 ], [ -93.67256, 36.37187 ], [ -93.67095, 36.41931 ], [ -93.70376, 36.41989 ], [ -93.70216, 36.46732 ], [ -93.73499, 36.46789 ], [ -93.73421, 36.49161 ], [ -93.79989, 36.49273 ], [ -93.80065, 36.46901 ], [ -93.83348, 36.46956 ], [ -93.83797, 36.32724 ], [ -93.96903, 36.32934 ], [ -94.00317, 36.2824 ], [ -94.00661, 36.16375 ], [ -93.91072, 36.09102 ], [ -93.91503, 35.9486 ], [ -94.17571, 35.95251 ], [ -94.17696, 35.90503 ], [ -94.27525, 35.88262 ], [ -94.27761, 35.78762 ], [ -94.24631, 35.73968 ], [ -94.05206, 35.71315 ], [ -94.0534, 35.66564 ], [ -93.89115, 35.6631 ], [ -93.8897, 35.71061 ], [ -93.75982, 35.70842 ], [ -93.76365, 35.58965 ], [ -93.37473, 35.58234 ], [ -93.37294, 35.62985 ], [ -93.30624, 35.67602 ], [ -93.17644, 35.67325 ], [ -93.17838, 35.62575 ], [ -92.95142, 35.6206 ], [ -92.92216, 35.54858 ], [ -92.825, 35.54623 ], [ -92.82717, 35.49872 ], [ -92.79481, 35.49792 ], [ -92.79262, 35.54543 ], [ -92.69547, 35.54298 ], [ -92.62263, 35.70754 ], [ -92.49281, 35.70409 ], [ -92.4868, 35.82279 ], [ -92.61684, 35.82624 ], [ -92.61452, 35.87371 ], [ -92.84228, 35.87945 ], [ -92.84011, 35.92692 ] ], [ [ -93.53086, 35.75179 ], [ -93.52832, 35.82303 ], [ -93.46328, 35.82178 ], [ -93.46589, 35.75054 ], [ -93.53086, 35.75179 ] ], [ [ -93.54991, 36.13224 ], [ -93.54738, 36.20342 ], [ -93.44928, 36.20154 ], [ -93.45191, 36.13036 ], [ -93.54991, 36.13224 ] ], [ [ -93.70772, 36.30129 ], [ -93.74359, 36.20696 ], [ -93.8417, 36.20862 ], [ -93.83872, 36.30352 ], [ -93.80521, 36.3267 ], [ -93.70772, 36.30129 ] ] ], [ [ [ -93.99902, 36.42473 ], [ -94.00041, 36.37729 ], [ -93.96762, 36.37678 ], [ -93.96621, 36.42422 ], [ -93.99902, 36.42473 ] ] ], [ [ [ -87.30288, 36.34122 ], [ -87.29386, 36.4121 ], [ -87.45725, 36.42288 ], [ -87.52555, 36.4035 ], [ -87.57279, 36.28745 ], [ -87.70329, 36.29581 ], [ -87.71758, 36.1776 ], [ -87.61987, 36.17135 ], [ -87.61409, 36.21863 ], [ -87.45116, 36.20805 ], [ -87.43936, 36.30259 ], [ -87.3415, 36.29613 ], [ -87.30288, 36.34122 ] ] ], [ [ [ -87.70329, 36.29581 ], [ -87.76571, 36.32358 ], [ -87.75433, 36.41813 ], [ -87.91501, 36.45197 ], [ -87.92339, 36.38106 ], [ -87.85804, 36.377 ], [ -87.83383, 36.30404 ], [ -87.70329, 36.29581 ] ] ], [ [ [ -87.53482, 36.59463 ], [ -87.63603, 36.57731 ], [ -87.65723, 36.67389 ], [ -87.71998, 36.70167 ], [ -87.88413, 36.71191 ], [ -87.88976, 36.66466 ], [ -87.82414, 36.66059 ], [ -87.80555, 36.5404 ], [ -87.74005, 36.53629 ], [ -87.71591, 36.46333 ], [ -87.55238, 36.45288 ], [ -87.54654, 36.50013 ], [ -87.44838, 36.49376 ], [ -87.46929, 36.59038 ], [ -87.53482, 36.59463 ] ] ], [ [ [ -84.84141, 37.08498 ], [ -84.85877, 37.18187 ], [ -84.94993, 37.23723 ], [ -85.11489, 37.2509 ], [ -85.10727, 37.29796 ], [ -85.17332, 37.30338 ], [ -85.20257, 37.32961 ], [ -85.23562, 37.33229 ], [ -85.24315, 37.28523 ], [ -85.34222, 37.29324 ], [ -85.42309, 37.20437 ], [ -85.43048, 37.15728 ], [ -85.62832, 37.17295 ], [ -85.74876, 37.03934 ], [ -85.7559, 36.99223 ], [ -86.01917, 37.01241 ], [ -86.12138, 36.99628 ], [ -86.25305, 37.00607 ], [ -86.25984, 36.95892 ], [ -86.32564, 36.96377 ], [ -86.33238, 36.91661 ], [ -86.37197, 36.87186 ], [ -86.40483, 36.87426 ], [ -86.4115, 36.82709 ], [ -86.44434, 36.82948 ], [ -86.48381, 36.78468 ], [ -86.49371, 36.71391 ], [ -86.56585, 36.67146 ], [ -86.57239, 36.62426 ], [ -86.73617, 36.63593 ], [ -86.80488, 36.61694 ], [ -87.06699, 36.63505 ], [ -87.07318, 36.58783 ], [ -87.17144, 36.59448 ], [ -87.18366, 36.50002 ], [ -87.24909, 36.50441 ], [ -87.26421, 36.3863 ], [ -87.20497, 36.33466 ], [ -87.07445, 36.32581 ], [ -86.98592, 36.24821 ], [ -86.8556, 36.23913 ], [ -86.71251, 36.32439 ], [ -86.70609, 36.37162 ], [ -86.64083, 36.36696 ], [ -86.63436, 36.41418 ], [ -86.53641, 36.40712 ], [ -86.52987, 36.45433 ], [ -86.42857, 36.4708 ], [ -86.10196, 36.44648 ], [ -86.04011, 36.41793 ], [ -86.01783, 36.34465 ], [ -85.75713, 36.32444 ], [ -85.7818, 36.15928 ], [ -85.82131, 36.11463 ], [ -85.78532, 36.13568 ], [ -85.65538, 36.1254 ], [ -85.5689, 36.26177 ], [ -85.5002, 36.28012 ], [ -85.49296, 36.32729 ], [ -85.37327, 36.46085 ], [ -85.24278, 36.45017 ], [ -85.17006, 36.49191 ], [ -85.15506, 36.58617 ], [ -85.11107, 36.65414 ], [ -85.20922, 36.66225 ], [ -85.19423, 36.75648 ], [ -85.12871, 36.75107 ], [ -85.14002, 36.68041 ], [ -85.07458, 36.67497 ], [ -85.00152, 36.71661 ], [ -84.98241, 36.83435 ], [ -84.90913, 36.87592 ], [ -84.86083, 36.96731 ], [ -84.88207, 37.04069 ], [ -85.01364, 37.05172 ], [ -84.97306, 37.09604 ], [ -84.84141, 37.08498 ] ] ], [ [ [ -76.38475, 38.09548 ], [ -76.35183, 38.09061 ], [ -76.31716, 38.20635 ], [ -76.38311, 38.21608 ], [ -76.35538, 38.30866 ], [ -76.36064, 38.40608 ], [ -76.42679, 38.41579 ], [ -76.4391, 38.49006 ], [ -76.50535, 38.49973 ], [ -76.51777, 38.57398 ], [ -76.49007, 38.66654 ], [ -76.58411, 38.58361 ], [ -76.65048, 38.59321 ], [ -76.73739, 38.53332 ], [ -76.76468, 38.4407 ], [ -76.96348, 38.46914 ], [ -77.08941, 38.51111 ], [ -77.16246, 38.49729 ], [ -77.11558, 38.65949 ], [ -77.27527, 38.58543 ], [ -77.26865, 38.48807 ], [ -77.36821, 38.50196 ], [ -77.4146, 38.46019 ], [ -77.4606, 38.29784 ], [ -77.50679, 38.25603 ], [ -77.63265, 38.29751 ], [ -77.60663, 38.39032 ], [ -77.63978, 38.39488 ], [ -77.63328, 38.41808 ], [ -77.69962, 38.42717 ], [ -77.71259, 38.38076 ], [ -77.74575, 38.38529 ], [ -77.75867, 38.33887 ], [ -77.79181, 38.34339 ], [ -77.80469, 38.29696 ], [ -77.87735, 38.28275 ], [ -77.89016, 38.23631 ], [ -77.96911, 38.19883 ], [ -78.06838, 38.21221 ], [ -78.1472, 38.17462 ], [ -78.20543, 38.08609 ], [ -78.31082, 38.07605 ], [ -78.27331, 38.21551 ], [ -78.30016, 38.24314 ], [ -78.43271, 38.26063 ], [ -78.50519, 38.24608 ], [ -78.51756, 38.19959 ], [ -78.61694, 38.21256 ], [ -78.64148, 38.11953 ], [ -78.70766, 38.12813 ], [ -78.71987, 38.08161 ], [ -78.7651, 38.03936 ], [ -78.79816, 38.04363 ], [ -78.81029, 37.99709 ], [ -78.78332, 37.96955 ], [ -78.69036, 37.93343 ], [ -78.70862, 37.86362 ], [ -78.81963, 37.8299 ], [ -78.87666, 37.74104 ], [ -79.00836, 37.75798 ], [ -79.03534, 37.78549 ], [ -79.04725, 37.73891 ], [ -79.11311, 37.74731 ], [ -79.12496, 37.70072 ], [ -79.15787, 37.70491 ], [ -79.18148, 37.61171 ], [ -79.24723, 37.62005 ], [ -79.37879, 37.63663 ], [ -79.39043, 37.59001 ], [ -79.42331, 37.59413 ], [ -79.43492, 37.54751 ], [ -79.44651, 37.50087 ], [ -79.45809, 37.45423 ], [ -79.52372, 37.46244 ], [ -79.53524, 37.41579 ], [ -79.63365, 37.42803 ], [ -79.63937, 37.4047 ], [ -79.67217, 37.40877 ], [ -79.68357, 37.3621 ], [ -79.75482, 37.34686 ], [ -79.7334, 37.29614 ], [ -79.76173, 37.17944 ], [ -79.69635, 37.17134 ], [ -79.71903, 37.07797 ], [ -79.65374, 37.06985 ], [ -79.67078, 36.99981 ], [ -79.61127, 36.96833 ], [ -79.60146, 36.87085 ], [ -79.53639, 36.86268 ], [ -79.37583, 36.69789 ], [ -79.2843, 36.6621 ], [ -79.26116, 36.75547 ], [ -79.13134, 36.73875 ], [ -79.11966, 36.78542 ], [ -79.03123, 36.87031 ], [ -78.96033, 36.88518 ], [ -78.83033, 36.86816 ], [ -78.77397, 36.95714 ], [ -78.63786, 36.96325 ], [ -78.59094, 36.88469 ], [ -78.42249, 36.88625 ], [ -78.26017, 36.8643 ], [ -78.15666, 36.87432 ], [ -78.07935, 36.91199 ], [ -78.04201, 37.05165 ], [ -77.99698, 37.09373 ], [ -77.86683, 37.07577 ], [ -77.82168, 37.11778 ], [ -77.77099, 37.30382 ], [ -77.68021, 37.38772 ], [ -77.64819, 37.50392 ], [ -77.68091, 37.50847 ], [ -77.6231, 37.71755 ], [ -77.45904, 37.69465 ], [ -77.41974, 37.71327 ], [ -77.28855, 37.69476 ], [ -77.2164, 37.70867 ], [ -77.20322, 37.75508 ], [ -77.07201, 37.73637 ], [ -76.92081, 37.7871 ], [ -76.894, 37.87985 ], [ -76.88729, 37.90303 ], [ -76.91949, 38.02841 ], [ -77.01829, 38.04256 ], [ -77.00491, 38.08892 ], [ -76.90604, 38.07476 ], [ -76.89329, 38.00049 ], [ -76.73558, 37.95354 ], [ -76.74235, 37.93036 ], [ -76.67663, 37.9208 ], [ -76.68342, 37.89763 ], [ -76.51925, 37.87359 ], [ -76.52471, 37.97107 ], [ -76.58363, 38.00387 ], [ -76.56996, 38.0502 ], [ -76.60287, 38.05501 ], [ -76.59604, 38.07817 ], [ -76.72779, 38.09734 ], [ -76.74037, 38.17161 ], [ -76.83258, 38.20906 ], [ -76.97138, 38.20482 ], [ -76.94447, 38.29752 ], [ -76.81226, 38.27857 ], [ -76.66077, 38.20838 ], [ -76.53569, 38.16599 ], [ -76.54941, 38.11968 ], [ -76.49041, 38.08687 ], [ -76.42457, 38.07718 ], [ -76.38475, 38.09548 ] ] ], [ [ [ -75.21718, 38.08724 ], [ -75.26825, 38.1437 ], [ -75.24632, 38.21296 ], [ -75.13295, 38.24368 ], [ -75.02195, 38.58973 ], [ -75.02527, 38.68716 ], [ -75.09493, 38.79493 ], [ -75.22026, 38.83861 ], [ -75.30516, 38.90012 ], [ -75.29405, 38.8258 ], [ -75.43423, 38.82314 ], [ -75.46744, 38.82822 ], [ -75.51848, 38.66665 ], [ -75.56203, 38.52811 ], [ -75.68717, 38.57138 ], [ -75.81963, 38.59142 ], [ -75.83394, 38.54521 ], [ -75.94039, 38.53703 ], [ -76.09893, 38.58487 ], [ -76.1109, 38.65915 ], [ -76.17727, 38.66898 ], [ -76.15818, 38.61783 ], [ -76.29088, 38.63741 ], [ -76.2857, 38.54002 ], [ -76.34673, 38.45236 ], [ -76.28753, 38.41947 ], [ -76.28934, 38.29891 ], [ -76.19032, 38.28423 ], [ -76.17832, 38.20992 ], [ -76.11241, 38.20008 ], [ -76.14044, 38.10754 ], [ -76.04173, 38.09275 ], [ -76.00884, 38.0878 ], [ -75.96184, 38.1291 ], [ -75.86314, 38.11418 ], [ -75.91974, 37.92915 ], [ -75.78856, 37.90919 ], [ -75.70875, 37.94541 ], [ -75.51205, 37.91511 ], [ -75.49766, 37.96133 ], [ -75.39931, 37.94606 ], [ -75.35204, 37.98716 ], [ -75.29014, 38.07442 ], [ -75.25001, 38.09238 ], [ -75.21718, 38.08724 ] ] ], [ [ [ -76.26986, 38.70679 ], [ -76.17727, 38.66898 ], [ -76.15612, 38.73834 ], [ -76.25582, 38.75303 ], [ -76.26986, 38.70679 ] ] ], [ [ [ -74.86459, 39.07377 ], [ -74.93872, 39.06116 ], [ -75.01698, 38.92808 ], [ -74.88409, 38.90727 ], [ -74.74663, 39.00675 ], [ -74.73146, 39.05282 ], [ -74.69819, 39.04756 ], [ -74.69058, 39.07059 ], [ -74.72386, 39.07585 ], [ -74.70865, 39.1219 ], [ -74.77528, 39.13241 ], [ -74.79044, 39.08634 ], [ -74.86459, 39.07377 ] ] ] ] } },
{ "type": "Feature", "properties": { "ID": 44 }, "geometry": { "type": "MultiPolygon", "coordinates": [ [ [ [ -89.19403, 37.16637 ], [ -89.4257, 37.17806 ], [ -89.49419, 37.15769 ], [ -89.48508, 37.25223 ], [ -89.44505, 37.32149 ], [ -89.57776, 37.32797 ], [ -89.61765, 37.25867 ], [ -89.68394, 37.26184 ], [ -89.75462, 37.2177 ], [ -89.75899, 37.17042 ], [ -89.82521, 37.17352 ], [ -89.82952, 37.12624 ], [ -89.92879, 37.13083 ], [ -89.93303, 37.08354 ], [ -90.03224, 37.08804 ], [ -90.11073, 36.9491 ], [ -90.17675, 36.95202 ], [ -90.24678, 36.9076 ], [ -90.28574, 36.83805 ], [ -90.45054, 36.84509 ], [ -90.5279, 36.70583 ], [ -90.59745, 36.6612 ], [ -90.43308, 36.65435 ], [ -90.29963, 36.67239 ], [ -90.30359, 36.62504 ], [ -90.13934, 36.61782 ], [ -90.0757, 36.5912 ], [ -90.09413, 36.37813 ], [ -89.96322, 36.37215 ], [ -89.95904, 36.41951 ], [ -89.86081, 36.41494 ], [ -89.85868, 36.43861 ], [ -89.89144, 36.44014 ], [ -89.87448, 36.6295 ], [ -89.80449, 36.67375 ], [ -89.73876, 36.67064 ], [ -89.69934, 36.74005 ], [ -89.63576, 36.71322 ], [ -89.50425, 36.70679 ], [ -89.49973, 36.7541 ], [ -89.36815, 36.74754 ], [ -89.36354, 36.79484 ], [ -89.28838, 36.88609 ], [ -89.18714, 36.90467 ], [ -89.11642, 36.94853 ], [ -89.17764, 36.99923 ], [ -89.16572, 37.1174 ], [ -89.13265, 37.11569 ], [ -89.12785, 37.16295 ], [ -89.19403, 37.16637 ] ] ], [ [ [ -94.50541, 37.28496 ], [ -94.50436, 37.33233 ], [ -94.56986, 37.38042 ], [ -94.63642, 37.38112 ], [ -94.6683, 37.45249 ], [ -94.80155, 37.45376 ], [ -94.8024, 37.4064 ], [ -95.00215, 37.40805 ], [ -95.00145, 37.45541 ], [ -95.1335, 37.55104 ], [ -95.2336, 37.55166 ], [ -95.23521, 37.40959 ], [ -95.46828, 37.41072 ], [ -95.50123, 37.45821 ], [ -95.50035, 37.5766 ], [ -95.80076, 37.57738 ], [ -95.8009, 37.53003 ], [ -95.96767, 37.53017 ], [ -95.96771, 37.45914 ], [ -96.36755, 37.45864 ], [ -96.36704, 37.36391 ], [ -96.50013, 37.36348 ], [ -96.53284, 37.29229 ], [ -96.63255, 37.29186 ], [ -96.69952, 37.33889 ], [ -96.73355, 37.40976 ], [ -96.86795, 37.50368 ], [ -97.00131, 37.50274 ], [ -96.99885, 37.33699 ], [ -97.0303, 37.2183 ], [ -97.0967, 37.21777 ], [ -97.09249, 36.95714 ], [ -97.05831, 36.88631 ], [ -97.05427, 36.62552 ], [ -96.98845, 36.62604 ], [ -96.98673, 36.50745 ], [ -96.7896, 36.50879 ], [ -96.3296, 36.51075 ], [ -96.19823, 36.53473 ], [ -96.19837, 36.58217 ], [ -95.80366, 36.58217 ], [ -95.8038, 36.53473 ], [ -95.70519, 36.53455 ], [ -95.70498, 36.58199 ], [ -95.57341, 36.58162 ], [ -95.57371, 36.53419 ], [ -95.37649, 36.5334 ], [ -95.37563, 36.62827 ], [ -95.34226, 36.67553 ], [ -95.24345, 36.675 ], [ -95.24502, 36.53271 ], [ -95.21215, 36.53252 ], [ -95.21161, 36.57995 ], [ -95.11294, 36.57932 ], [ -95.11232, 36.62675 ], [ -95.01358, 36.62605 ], [ -95.0129, 36.67348 ], [ -94.9141, 36.6727 ], [ -94.91334, 36.72012 ], [ -94.78024, 36.79009 ], [ -94.77812, 36.9086 ], [ -94.67621, 37.04984 ], [ -94.4444, 37.04732 ], [ -94.44331, 37.0947 ], [ -94.37647, 37.1176 ], [ -94.37306, 37.25972 ], [ -94.40628, 37.26012 ], [ -94.40572, 37.28381 ], [ -94.50541, 37.28496 ] ] ], [ [ [ -88.82762, 37.1708 ], [ -88.95751, 37.20152 ], [ -88.95258, 37.24877 ], [ -89.05196, 37.25401 ], [ -89.02616, 37.18139 ], [ -89.03103, 37.13414 ], [ -89.0359, 37.08688 ], [ -89.04076, 37.03961 ], [ -88.90867, 37.03259 ], [ -88.87068, 37.07808 ], [ -88.86071, 37.17258 ], [ -88.82762, 37.1708 ] ] ], [ [ [ -87.59228, 38.00135 ], [ -87.59823, 37.95422 ], [ -87.49793, 37.9479 ], [ -87.48589, 38.04215 ], [ -87.55882, 37.99925 ], [ -87.59228, 38.00135 ] ] ] ] } },
{ "type": "Feature", "properties": { "ID": 45 }, "geometry": { "type": "MultiPolygon", "coordinates": [ [ [ [ -97.09593, 37.17039 ], [ -97.12911, 37.17012 ], [ -97.1299, 37.21749 ], [ -97.26314, 37.23998 ], [ -97.42918, 37.2383 ], [ -97.52987, 37.28456 ], [ -97.62956, 37.28338 ], [ -97.6307, 37.33074 ], [ -97.96321, 37.32625 ], [ -97.96252, 37.30257 ], [ -98.16192, 37.29948 ], [ -98.16041, 37.25212 ], [ -98.59209, 37.2444 ], [ -98.72203, 37.17071 ], [ -98.65384, 37.12468 ], [ -98.65199, 37.07731 ], [ -98.75038, 37.0516 ], [ -98.74655, 36.95685 ], [ -98.77767, 36.90877 ], [ -98.84374, 36.90737 ], [ -98.83386, 36.6704 ], [ -98.80094, 36.6711 ], [ -98.78739, 36.33916 ], [ -98.71998, 36.2931 ], [ -98.58901, 36.29575 ], [ -98.58722, 36.24831 ], [ -98.42361, 36.25144 ], [ -98.42027, 36.15654 ], [ -98.32223, 36.15832 ], [ -98.25609, 36.13573 ], [ -98.25454, 36.08827 ], [ -97.99334, 36.09252 ], [ -97.99197, 36.04505 ], [ -97.86145, 36.04698 ], [ -97.86273, 36.09446 ], [ -97.79804, 36.11911 ], [ -97.79928, 36.16657 ], [ -97.57046, 36.16953 ], [ -97.57154, 36.21699 ], [ -97.50663, 36.24149 ], [ -97.50767, 36.28895 ], [ -97.44318, 36.33714 ], [ -97.24654, 36.33916 ], [ -97.21503, 36.41064 ], [ -97.1166, 36.41152 ], [ -97.0853, 36.50668 ], [ -96.98673, 36.50745 ], [ -96.98845, 36.62604 ], [ -97.05427, 36.62552 ], [ -97.05831, 36.88631 ], [ -97.09249, 36.95714 ], [ -97.09593, 37.17039 ] ] ] ] } },
{ "type": "Feature", "properties": { "ID": 46 }, "geometry": { "type": "MultiPolygon", "coordinates": [ [ [ [ -92.69547, 35.54298 ], [ -92.79262, 35.54543 ], [ -92.79481, 35.49792 ], [ -92.69773, 35.49547 ], [ -92.69547, 35.54298 ] ] ], [ [ [ -92.82717, 35.49872 ], [ -92.825, 35.54623 ], [ -92.92216, 35.54858 ], [ -92.95142, 35.6206 ], [ -93.17838, 35.62575 ], [ -93.17644, 35.67325 ], [ -93.30624, 35.67602 ], [ -93.37294, 35.62985 ], [ -93.37473, 35.58234 ], [ -93.24511, 35.57964 ], [ -93.24699, 35.53213 ], [ -92.95454, 35.54934 ], [ -92.95662, 35.50183 ], [ -92.82717, 35.49872 ] ] ], [ [ [ -93.8587, 35.66257 ], [ -93.86016, 35.61505 ], [ -93.79607, 35.59021 ], [ -93.76365, 35.58965 ], [ -93.75982, 35.70842 ], [ -93.8897, 35.71061 ], [ -93.89115, 35.6631 ], [ -93.8587, 35.66257 ] ] ], [ [ [ -90.0757, 36.5912 ], [ -90.13934, 36.61782 ], [ -90.30359, 36.62504 ], [ -90.29963, 36.67239 ], [ -90.43308, 36.65435 ], [ -90.76186, 36.66786 ], [ -90.92629, 36.6743 ], [ -90.96617, 36.58084 ], [ -91.29469, 36.59302 ], [ -91.33402, 36.49943 ], [ -91.4981, 36.50516 ], [ -91.52937, 36.52998 ], [ -91.69652, 36.48807 ], [ -91.92624, 36.49541 ], [ -91.92906, 36.44801 ], [ -92.02746, 36.45103 ], [ -92.02471, 36.49843 ], [ -92.15601, 36.50234 ], [ -92.15334, 36.54974 ], [ -92.2519, 36.55259 ], [ -92.28088, 36.62462 ], [ -92.34919, 36.57907 ], [ -92.97381, 36.59493 ], [ -92.97276, 36.61864 ], [ -93.17014, 36.62303 ], [ -93.16817, 36.67044 ], [ -93.33278, 36.67388 ], [ -93.33463, 36.62647 ], [ -93.30547, 36.53097 ], [ -93.23785, 36.57702 ], [ -93.1721, 36.57562 ], [ -93.10836, 36.52677 ], [ -93.11436, 36.3845 ], [ -92.98323, 36.38155 ], [ -92.95467, 36.28593 ], [ -93.05287, 36.28818 ], [ -93.12033, 36.24219 ], [ -93.156, 36.17174 ], [ -93.15991, 36.07683 ], [ -93.19545, 36.00634 ], [ -93.13221, 35.95745 ], [ -93.13419, 35.90998 ], [ -93.07008, 35.88479 ], [ -92.90736, 35.88102 ], [ -92.84011, 35.92692 ], [ -92.84228, 35.87945 ], [ -92.61452, 35.87371 ], [ -92.61684, 35.82624 ], [ -92.4868, 35.82279 ], [ -92.49281, 35.70409 ], [ -92.62263, 35.70754 ], [ -92.69547, 35.54298 ], [ -92.59833, 35.54046 ], [ -92.59601, 35.58796 ], [ -92.49881, 35.58536 ], [ -92.49641, 35.63286 ], [ -92.36674, 35.62928 ], [ -92.36425, 35.67677 ], [ -92.0399, 35.66725 ], [ -92.01157, 35.59503 ], [ -91.88058, 35.61471 ], [ -91.87494, 35.70966 ], [ -91.90318, 35.78189 ], [ -91.96538, 35.83139 ], [ -92.12792, 35.83635 ], [ -92.12526, 35.88381 ], [ -92.28921, 35.86483 ], [ -92.28411, 35.95975 ], [ -92.15383, 35.95596 ], [ -92.17983, 36.07554 ], [ -92.04934, 36.07165 ], [ -91.95288, 36.04493 ], [ -91.95566, 35.99748 ], [ -91.82677, 35.96964 ], [ -91.50113, 35.95879 ], [ -91.49804, 36.00622 ], [ -91.42973, 36.05138 ], [ -91.26674, 36.04556 ], [ -91.26348, 36.09298 ], [ -91.13301, 36.08818 ], [ -91.12966, 36.13559 ], [ -90.9974, 36.15435 ], [ -90.99395, 36.20176 ], [ -90.8633, 36.19668 ], [ -90.66184, 36.25991 ], [ -90.67837, 36.04662 ], [ -90.54804, 36.04122 ], [ -90.54428, 36.08863 ], [ -90.5079, 36.13465 ], [ -90.41003, 36.13049 ], [ -90.3409, 36.17507 ], [ -90.30237, 36.24472 ], [ -90.13902, 36.23749 ], [ -90.10025, 36.30708 ], [ -90.0757, 36.5912 ] ], [ [ -92.20985, 36.12393 ], [ -92.23991, 36.17232 ], [ -92.30525, 36.17418 ], [ -92.29887, 36.29276 ], [ -92.26356, 36.33925 ], [ -92.19806, 36.33736 ], [ -92.20985, 36.12393 ] ], [ [ -92.84011, 35.92692 ], [ -92.80425, 35.99732 ], [ -92.67388, 35.99406 ], [ -92.67731, 35.92286 ], [ -92.84011, 35.92692 ] ] ], [ [ [ -94.16435, 36.37969 ], [ -94.19401, 36.49874 ], [ -94.25971, 36.49963 ], [ -94.25729, 36.59449 ], [ -94.38831, 36.61988 ], [ -94.48492, 36.71589 ], [ -94.48334, 36.78701 ], [ -94.54932, 36.78775 ], [ -94.5473, 36.88256 ], [ -94.57884, 36.95402 ], [ -94.57686, 37.04881 ], [ -94.67621, 37.04984 ], [ -94.77812, 36.9086 ], [ -94.78024, 36.79009 ], [ -94.91334, 36.72012 ], [ -94.9141, 36.6727 ], [ -95.0129, 36.67348 ], [ -95.01358, 36.62605 ], [ -95.11232, 36.62675 ], [ -95.11386, 36.50817 ], [ -95.081, 36.50795 ], [ -95.08164, 36.4605 ], [ -95.04881, 36.46027 ], [ -95.05012, 36.36538 ], [ -95.1157, 36.36584 ], [ -95.11723, 36.24719 ], [ -95.08449, 36.24697 ], [ -95.08607, 36.1283 ], [ -95.0547, 36.03311 ], [ -94.76105, 36.03064 ], [ -94.66363, 36.00594 ], [ -94.66455, 35.95845 ], [ -94.53418, 35.95705 ], [ -94.53921, 35.71955 ], [ -94.34434, 35.71721 ], [ -94.34547, 35.6697 ], [ -94.1183, 35.6666 ], [ -94.11959, 35.61908 ], [ -93.98987, 35.61713 ], [ -93.98849, 35.66465 ], [ -94.0534, 35.66564 ], [ -94.05206, 35.71315 ], [ -94.24631, 35.73968 ], [ -94.27761, 35.78762 ], [ -94.27525, 35.88262 ], [ -94.17696, 35.90503 ], [ -94.17571, 35.95251 ], [ -93.91503, 35.9486 ], [ -93.91072, 36.09102 ], [ -94.00661, 36.16375 ], [ -94.00317, 36.2824 ], [ -93.96903, 36.32934 ], [ -93.83797, 36.32724 ], [ -93.83348, 36.46956 ], [ -93.9334, 36.42371 ], [ -93.96621, 36.42422 ], [ -93.96762, 36.37678 ], [ -94.16435, 36.37969 ] ] ], [ [ [ -93.83273, 36.49327 ], [ -93.83348, 36.46956 ], [ -93.80065, 36.46901 ], [ -93.79989, 36.49273 ], [ -93.83273, 36.49327 ] ] ], [ [ [ -93.50866, 36.36886 ], [ -93.50261, 36.53486 ], [ -93.53547, 36.53548 ], [ -93.53205, 36.63032 ], [ -93.63077, 36.63213 ], [ -93.66691, 36.53788 ], [ -93.73342, 36.51532 ], [ -93.73499, 36.46789 ], [ -93.70216, 36.46732 ], [ -93.70137, 36.49104 ], [ -93.66853, 36.49046 ], [ -93.67256, 36.37187 ], [ -93.64141, 36.32385 ], [ -93.54314, 36.32204 ], [ -93.54144, 36.36948 ], [ -93.50866, 36.36886 ] ] ], [ [ [ -95.34363, 36.53324 ], [ -95.27789, 36.5329 ], [ -95.24502, 36.53271 ], [ -95.24345, 36.675 ], [ -95.34226, 36.67553 ], [ -95.37563, 36.62827 ], [ -95.37649, 36.5334 ], [ -95.34363, 36.53324 ] ] ], [ [ [ -86.01783, 36.34465 ], [ -86.04011, 36.41793 ], [ -86.10196, 36.44648 ], [ -86.42857, 36.4708 ], [ -86.52987, 36.45433 ], [ -86.53641, 36.40712 ], [ -86.63436, 36.41418 ], [ -86.64083, 36.36696 ], [ -86.70609, 36.37162 ], [ -86.71251, 36.32439 ], [ -86.8556, 36.23913 ], [ -86.98592, 36.24821 ], [ -87.07445, 36.32581 ], [ -87.17233, 36.33246 ], [ -87.18147, 36.26158 ], [ -87.1224, 36.2099 ], [ -87.0247, 36.2032 ], [ -86.99523, 36.17733 ], [ -87.0138, 36.03553 ], [ -86.94884, 36.03102 ], [ -86.92571, 35.95785 ], [ -86.86083, 35.95329 ], [ -86.87023, 35.88238 ], [ -86.74061, 35.87318 ], [ -86.73426, 35.92045 ], [ -86.57541, 35.88513 ], [ -86.58187, 35.83786 ], [ -86.45237, 35.82837 ], [ -86.47168, 35.92528 ], [ -86.34204, 35.91568 ], [ -86.32877, 36.01017 ], [ -86.26387, 36.00532 ], [ -86.25383, 36.07617 ], [ -86.12733, 36.04275 ], [ -86.08806, 36.0875 ], [ -86.07782, 36.15833 ], [ -85.91183, 36.16943 ], [ -85.93394, 36.24275 ], [ -85.92005, 36.33713 ], [ -86.01783, 36.34465 ] ], [ [ -86.76106, 36.20861 ], [ -86.75469, 36.25586 ], [ -86.67668, 36.34568 ], [ -86.54621, 36.3363 ], [ -86.58197, 36.07651 ], [ -86.62091, 36.03161 ], [ -86.75081, 36.04093 ], [ -86.74445, 36.08818 ], [ -86.84196, 36.09509 ], [ -86.86504, 36.16826 ], [ -86.82618, 36.21322 ], [ -86.76106, 36.20861 ] ] ], [ [ [ -87.87849, 36.75915 ], [ -87.71423, 36.74891 ], [ -87.69403, 36.91421 ], [ -87.92175, 36.95215 ], [ -87.91047, 37.0466 ], [ -88.0397, 37.07822 ], [ -88.03414, 37.12544 ], [ -88.16357, 37.15694 ], [ -88.52733, 37.17796 ], [ -88.52994, 37.15435 ], [ -88.86071, 37.17258 ], [ -88.87814, 37.00719 ], [ -88.91609, 36.9617 ], [ -89.04804, 36.96871 ], [ -89.0359, 37.08688 ], [ -89.03103, 37.13414 ], [ -89.02859, 37.15777 ], [ -89.12785, 37.16295 ], [ -89.13265, 37.11569 ], [ -89.16572, 37.1174 ], [ -89.17764, 36.99923 ], [ -89.11642, 36.94853 ], [ -89.18714, 36.90467 ], [ -89.28838, 36.88609 ], [ -89.36354, 36.79484 ], [ -89.36815, 36.74754 ], [ -89.49973, 36.7541 ], [ -89.50425, 36.70679 ], [ -89.63576, 36.71322 ], [ -89.69934, 36.74005 ], [ -89.73876, 36.67064 ], [ -89.80449, 36.67375 ], [ -89.87448, 36.6295 ], [ -89.89144, 36.44014 ], [ -89.85868, 36.43861 ], [ -89.86505, 36.36759 ], [ -89.73418, 36.36138 ], [ -89.70364, 36.33614 ], [ -89.7145, 36.21774 ], [ -89.62096, 36.16562 ], [ -89.59276, 36.11666 ], [ -89.58835, 36.16402 ], [ -89.45789, 36.15754 ], [ -89.46464, 36.0865 ], [ -89.33434, 36.07989 ], [ -89.27151, 36.05286 ], [ -89.0762, 36.04261 ], [ -89.08096, 35.99525 ], [ -88.94844, 36.01194 ], [ -88.81833, 36.00481 ], [ -88.82327, 35.95746 ], [ -88.66078, 35.94838 ], [ -88.67838, 35.78262 ], [ -88.61355, 35.77894 ], [ -88.58876, 35.70603 ], [ -88.45926, 35.69854 ], [ -88.39192, 35.71843 ], [ -88.26243, 35.71075 ], [ -88.23537, 35.66145 ], [ -88.07095, 35.67531 ], [ -88.10059, 35.70096 ], [ -88.08434, 35.843 ], [ -88.01128, 35.91002 ], [ -87.99479, 36.05199 ], [ -87.92697, 36.07162 ], [ -87.92142, 36.11893 ], [ -87.82377, 36.11283 ], [ -87.78557, 36.15808 ], [ -87.72043, 36.15395 ], [ -87.70329, 36.29581 ], [ -87.57279, 36.28745 ], [ -87.52555, 36.4035 ], [ -87.45725, 36.42288 ], [ -87.29386, 36.4121 ], [ -87.30288, 36.34122 ], [ -87.20497, 36.33466 ], [ -87.26421, 36.3863 ], [ -87.24909, 36.50441 ], [ -87.18366, 36.50002 ], [ -87.1745, 36.57087 ], [ -87.20115, 36.6203 ], [ -87.36203, 36.6548 ], [ -87.49321, 36.66337 ], [ -87.50205, 36.59251 ], [ -87.46929, 36.59038 ], [ -87.44838, 36.49376 ], [ -87.54654, 36.50013 ], [ -87.55238, 36.45288 ], [ -87.71591, 36.46333 ], [ -87.74005, 36.53629 ], [ -87.80555, 36.5404 ], [ -87.82414, 36.66059 ], [ -87.88976, 36.66466 ], [ -87.87849, 36.75915 ] ], [ [ -87.70329, 36.29581 ], [ -87.83383, 36.30404 ], [ -87.85804, 36.377 ], [ -87.92339, 36.38106 ], [ -87.91501, 36.45197 ], [ -87.75433, 36.41813 ], [ -87.76571, 36.32358 ], [ -87.70329, 36.29581 ] ] ], [ [ [ -86.33238, 36.91661 ], [ -86.32227, 36.98734 ], [ -86.38141, 37.03931 ], [ -86.4473, 37.04409 ], [ -86.48689, 36.99932 ], [ -86.47056, 36.87903 ], [ -86.37197, 36.87186 ], [ -86.33238, 36.91661 ] ] ], [ [ [ -77.33425, 37.41152 ], [ -77.28854, 37.57406 ], [ -77.23613, 37.63905 ], [ -77.16403, 37.65293 ], [ -77.15083, 37.69934 ], [ -77.18361, 37.70401 ], [ -77.17041, 37.75042 ], [ -77.20322, 37.75508 ], [ -77.2164, 37.70867 ], [ -77.28855, 37.69476 ], [ -77.41974, 37.71327 ], [ -77.45904, 37.69465 ], [ -77.6231, 37.71755 ], [ -77.68091, 37.50847 ], [ -77.64819, 37.50392 ], [ -77.67381, 37.41097 ], [ -77.60847, 37.40185 ], [ -77.56937, 37.42052 ], [ -77.50403, 37.41135 ], [ -77.51735, 37.48563 ], [ -77.49148, 37.57854 ], [ -77.38024, 37.61117 ], [ -77.3604, 37.43937 ], [ -77.36691, 37.41615 ], [ -77.33425, 37.41152 ] ] ], [ [ [ -76.73558, 37.95354 ], [ -76.89329, 38.00049 ], [ -76.90604, 38.07476 ], [ -77.00491, 38.08892 ], [ -77.01829, 38.04256 ], [ -76.91949, 38.02841 ], [ -76.88729, 37.90303 ], [ -76.88057, 37.92621 ], [ -76.74911, 37.90719 ], [ -76.73558, 37.95354 ] ] ], [ [ [ -76.56311, 38.07336 ], [ -76.54941, 38.11968 ], [ -76.56866, 38.17081 ], [ -76.74037, 38.17161 ], [ -76.72779, 38.09734 ], [ -76.56311, 38.07336 ] ] ], [ [ [ -76.66077, 38.20838 ], [ -76.81226, 38.27857 ], [ -76.91141, 38.29279 ], [ -76.9249, 38.24645 ], [ -76.83258, 38.20906 ], [ -76.66077, 38.20838 ] ] ] ] } },
{ "type": "Feature", "properties": { "ID": 47 }, "geometry": { "type": "MultiPolygon", "coordinates": [ [ [ [ -93.39079, 35.15454 ], [ -93.32547, 35.17699 ], [ -93.29049, 35.24764 ], [ -93.28864, 35.29518 ], [ -93.67595, 35.30276 ], [ -93.67753, 35.25521 ], [ -93.70979, 35.25579 ], [ -93.71291, 35.16068 ], [ -93.61627, 35.15892 ], [ -93.58076, 35.25343 ], [ -93.58241, 35.20588 ], [ -93.55018, 35.20526 ], [ -93.55184, 35.15771 ], [ -93.39079, 35.15454 ] ] ], [ [ [ -93.98849, 35.66465 ], [ -93.98987, 35.61713 ], [ -94.11959, 35.61908 ], [ -94.1183, 35.6666 ], [ -94.34547, 35.6697 ], [ -94.34434, 35.71721 ], [ -94.53921, 35.71955 ], [ -94.53418, 35.95705 ], [ -94.66455, 35.95845 ], [ -94.66363, 36.00594 ], [ -94.76105, 36.03064 ], [ -95.0547, 36.03311 ], [ -95.08607, 36.1283 ], [ -95.08449, 36.24697 ], [ -95.18269, 36.24762 ], [ -95.24945, 36.12934 ], [ -95.21812, 36.01045 ], [ -95.21973, 35.86797 ], [ -95.15463, 35.86756 ], [ -95.15665, 35.70128 ], [ -95.0271, 35.67661 ], [ -94.96359, 35.58107 ], [ -94.9643, 35.53354 ], [ -94.64037, 35.53053 ], [ -94.64084, 35.50677 ], [ -94.09042, 35.4998 ], [ -94.08912, 35.54733 ], [ -93.95954, 35.54535 ], [ -93.96093, 35.49782 ], [ -93.41068, 35.48796 ], [ -93.28216, 35.46154 ], [ -93.28587, 35.36648 ], [ -93.2545, 35.34203 ], [ -93.22221, 35.34134 ], [ -93.12337, 35.38674 ], [ -93.02643, 35.38454 ], [ -93.03048, 35.28948 ], [ -92.90142, 35.28644 ], [ -92.9316, 35.33474 ], [ -92.67332, 35.32833 ], [ -92.67559, 35.2808 ], [ -92.64333, 35.27996 ], [ -92.54538, 35.30116 ], [ -92.54421, 35.32492 ], [ -92.4151, 35.32139 ], [ -92.31953, 35.2949 ], [ -92.15824, 35.29018 ], [ -92.16085, 35.24266 ], [ -91.99969, 35.23774 ], [ -91.99833, 35.26151 ], [ -91.96609, 35.2605 ], [ -91.92969, 35.33076 ], [ -91.86515, 35.3287 ], [ -91.85951, 35.42371 ], [ -91.82435, 35.47016 ], [ -91.63035, 35.46374 ], [ -91.63333, 35.41624 ], [ -91.53642, 35.41292 ], [ -91.53337, 35.46042 ], [ -91.40407, 35.45587 ], [ -91.40093, 35.50336 ], [ -91.43328, 35.50451 ], [ -91.43016, 35.55199 ], [ -91.46253, 35.55313 ], [ -91.49027, 35.62547 ], [ -91.58748, 35.62883 ], [ -91.58446, 35.6763 ], [ -91.71271, 35.70439 ], [ -91.67435, 35.79824 ], [ -91.57689, 35.79495 ], [ -91.57992, 35.74749 ], [ -91.41763, 35.74186 ], [ -91.41449, 35.78931 ], [ -91.34315, 35.88189 ], [ -91.27811, 35.87955 ], [ -91.24069, 35.94951 ], [ -91.1756, 35.94711 ], [ -91.13971, 35.99333 ], [ -91.13301, 36.08818 ], [ -91.26348, 36.09298 ], [ -91.26674, 36.04556 ], [ -91.42973, 36.05138 ], [ -91.49804, 36.00622 ], [ -91.50113, 35.95879 ], [ -91.82677, 35.96964 ], [ -91.95566, 35.99748 ], [ -91.95288, 36.04493 ], [ -92.04934, 36.07165 ], [ -92.17983, 36.07554 ], [ -92.15383, 35.95596 ], [ -92.28411, 35.95975 ], [ -92.28921, 35.86483 ], [ -92.12526, 35.88381 ], [ -92.12792, 35.83635 ], [ -91.96538, 35.83139 ], [ -91.90318, 35.78189 ], [ -91.87494, 35.70966 ], [ -91.88058, 35.61471 ], [ -92.01157, 35.59503 ], [ -92.0399, 35.66725 ], [ -92.36425, 35.67677 ], [ -92.36674, 35.62928 ], [ -92.49641, 35.63286 ], [ -92.49881, 35.58536 ], [ -92.59601, 35.58796 ], [ -92.59833, 35.54046 ], [ -92.69547, 35.54298 ], [ -92.69773, 35.49547 ], [ -92.95662, 35.50183 ], [ -92.95454, 35.54934 ], [ -93.24699, 35.53213 ], [ -93.24511, 35.57964 ], [ -93.79607, 35.59021 ], [ -93.86016, 35.61505 ], [ -93.8587, 35.66257 ], [ -93.98849, 35.66465 ] ] ], [ [ [ -92.84011, 35.92692 ], [ -92.67731, 35.92286 ], [ -92.67388, 35.99406 ], [ -92.80425, 35.99732 ], [ -92.84011, 35.92692 ] ] ], [ [ [ -92.20985, 36.12393 ], [ -92.19806, 36.33736 ], [ -92.26356, 36.33925 ], [ -92.29887, 36.29276 ], [ -92.30525, 36.17418 ], [ -92.23991, 36.17232 ], [ -92.20985, 36.12393 ] ] ], [ [ [ -95.08164, 36.4605 ], [ -95.08291, 36.36561 ], [ -95.05012, 36.36538 ], [ -95.04881, 36.46027 ], [ -95.08164, 36.4605 ] ] ], [ [ [ -88.07095, 35.67531 ], [ -88.23537, 35.66145 ], [ -88.26243, 35.71075 ], [ -88.39192, 35.71843 ], [ -88.45926, 35.69854 ], [ -88.58876, 35.70603 ], [ -88.61355, 35.77894 ], [ -88.67838, 35.78262 ], [ -88.66078, 35.94838 ], [ -88.82327, 35.95746 ], [ -88.81833, 36.00481 ], [ -88.94844, 36.01194 ], [ -89.08096, 35.99525 ], [ -89.0762, 36.04261 ], [ -89.27151, 36.05286 ], [ -89.33434, 36.07989 ], [ -89.46464, 36.0865 ], [ -89.45789, 36.15754 ], [ -89.58835, 36.16402 ], [ -89.59497, 36.09297 ], [ -89.6645, 36.04879 ], [ -89.70573, 35.9556 ], [ -89.81817, 35.79439 ], [ -89.82241, 35.74698 ], [ -89.91969, 35.75159 ], [ -89.93217, 35.60932 ], [ -89.91021, 35.48921 ], [ -89.94872, 35.41956 ], [ -90.07784, 35.42557 ], [ -90.08993, 35.28318 ], [ -90.0255, 35.2802 ], [ -89.95284, 35.37211 ], [ -89.92059, 35.37059 ], [ -89.91644, 35.41804 ], [ -89.78735, 35.41188 ], [ -89.79158, 35.36443 ], [ -89.75933, 35.36287 ], [ -89.75721, 35.3866 ], [ -89.66044, 35.38187 ], [ -89.63686, 35.28538 ], [ -89.51025, 35.25521 ], [ -89.4847, 35.1824 ], [ -89.48692, 35.15867 ], [ -89.42263, 35.15538 ], [ -89.41815, 35.20284 ], [ -89.32167, 35.19785 ], [ -89.28037, 35.29107 ], [ -89.21135, 35.33512 ], [ -89.08248, 35.32825 ], [ -89.07777, 35.37567 ], [ -88.88437, 35.36512 ], [ -88.82237, 35.33783 ], [ -88.82725, 35.29041 ], [ -88.70099, 35.25945 ], [ -88.41149, 35.24266 ], [ -88.40633, 35.29007 ], [ -88.33154, 35.38104 ], [ -88.13826, 35.36937 ], [ -88.16513, 35.41872 ], [ -88.15176, 35.53717 ], [ -88.1787, 35.5865 ], [ -88.11409, 35.58257 ], [ -88.07095, 35.67531 ] ], [ [ -89.70995, 35.55106 ], [ -89.67113, 35.62061 ], [ -89.54389, 35.5905 ], [ -89.5571, 35.44822 ], [ -89.65395, 35.45303 ], [ -89.64962, 35.50046 ], [ -89.70995, 35.55106 ] ] ], [ [ [ -90.12662, 35.99909 ], [ -90.13066, 35.9517 ], [ -90.03308, 35.94725 ], [ -90.02897, 35.99465 ], [ -90.12662, 35.99909 ] ] ], [ [ [ -90.55553, 35.9464 ], [ -90.54804, 36.04122 ], [ -90.67837, 36.04662 ], [ -90.6692, 36.16512 ], [ -90.70184, 36.16645 ], [ -90.74354, 36.04926 ], [ -90.75437, 35.90701 ], [ -90.62061, 35.94911 ], [ -90.55553, 35.9464 ] ] ], [ [ [ -86.45237, 35.82837 ], [ -86.28723, 35.83996 ], [ -86.27723, 35.91084 ], [ -86.47168, 35.92528 ], [ -86.45237, 35.82837 ] ] ], [ [ [ -86.76106, 36.20861 ], [ -86.82618, 36.21322 ], [ -86.86504, 36.16826 ], [ -86.84196, 36.09509 ], [ -86.74445, 36.08818 ], [ -86.75081, 36.04093 ], [ -86.62091, 36.03161 ], [ -86.58197, 36.07651 ], [ -86.54621, 36.3363 ], [ -86.67668, 36.34568 ], [ -86.75469, 36.25586 ], [ -86.76106, 36.20861 ] ] ], [ [ [ -77.3604, 37.43937 ], [ -77.38024, 37.61117 ], [ -77.49148, 37.57854 ], [ -77.51735, 37.48563 ], [ -77.50403, 37.41135 ], [ -77.47137, 37.40676 ], [ -77.44519, 37.37892 ], [ -77.47749, 37.26275 ], [ -77.43171, 37.18383 ], [ -77.33408, 37.16996 ], [ -77.28854, 37.21179 ], [ -77.27551, 37.25824 ], [ -77.30808, 37.26289 ], [ -77.31464, 37.36043 ], [ -77.3799, 37.36969 ], [ -77.3604, 37.43937 ] ] ] ] } },
{ "type": "Feature", "properties": { "ID": 48 }, "geometry": { "type": "MultiPolygon", "coordinates": [ [ [ [ -98.2439, 34.75677 ], [ -98.27747, 34.80381 ], [ -98.40567, 34.80145 ], [ -98.4681, 34.75263 ], [ -98.46643, 34.70503 ], [ -98.24239, 34.70917 ], [ -98.2439, 34.75677 ] ] ], [ [ [ -97.25416, 34.96078 ], [ -97.25502, 35.00837 ], [ -97.28717, 35.00805 ], [ -97.28848, 35.07942 ], [ -97.41721, 35.07806 ], [ -97.54541, 35.05279 ], [ -97.54436, 35.0052 ], [ -97.6408, 35.00401 ], [ -97.63969, 34.95642 ], [ -97.25416, 34.96078 ] ] ], [ [ [ -92.80463, 35.28407 ], [ -92.67559, 35.2808 ], [ -92.67332, 35.32833 ], [ -92.80245, 35.3316 ], [ -92.80463, 35.28407 ] ] ], [ [ [ -93.03048, 35.28948 ], [ -93.02643, 35.38454 ], [ -93.12337, 35.38674 ], [ -93.22221, 35.34134 ], [ -93.12533, 35.33921 ], [ -93.12729, 35.29168 ], [ -93.03048, 35.28948 ] ] ], [ [ [ -95.57371, 36.53419 ], [ -95.57341, 36.58162 ], [ -95.70498, 36.58199 ], [ -95.70519, 36.53455 ], [ -95.8038, 36.53473 ], [ -95.80366, 36.58217 ], [ -96.19837, 36.58217 ], [ -96.19823, 36.53473 ], [ -96.3296, 36.51075 ], [ -96.7896, 36.50879 ], [ -97.0853, 36.50668 ], [ -97.1166, 36.41152 ], [ -97.21503, 36.41064 ], [ -97.24654, 36.33916 ], [ -97.44318, 36.33714 ], [ -97.50767, 36.28895 ], [ -97.50663, 36.24149 ], [ -97.57154, 36.21699 ], [ -97.57046, 36.16953 ], [ -97.79928, 36.16657 ], [ -97.79804, 36.11911 ], [ -97.86273, 36.09446 ], [ -97.86145, 36.04698 ], [ -97.99197, 36.04505 ], [ -97.99334, 36.09252 ], [ -98.25454, 36.08827 ], [ -98.25609, 36.13573 ], [ -98.32223, 36.15832 ], [ -98.28719, 36.0877 ], [ -98.28404, 35.99276 ], [ -98.21807, 35.97015 ], [ -98.18248, 35.87573 ], [ -98.11738, 35.87681 ], [ -98.08197, 35.78235 ], [ -98.01627, 35.75963 ], [ -98.01489, 35.71212 ], [ -97.91747, 35.7136 ], [ -97.84872, 35.572 ], [ -97.75149, 35.57336 ], [ -97.71732, 35.5025 ], [ -97.65257, 35.50335 ], [ -97.61798, 35.40869 ], [ -97.48814, 35.38647 ], [ -97.42155, 35.29211 ], [ -97.42058, 35.24455 ], [ -97.32381, 35.24558 ], [ -97.25715, 35.12731 ], [ -97.22328, 35.03247 ], [ -97.09463, 35.03363 ], [ -97.09686, 35.17636 ], [ -97.03241, 35.1769 ], [ -96.96959, 35.2963 ], [ -96.71131, 35.29799 ], [ -96.61466, 35.32227 ], [ -96.54988, 35.29878 ], [ -96.54951, 35.25122 ], [ -96.42045, 35.25171 ], [ -96.42073, 35.29927 ], [ -96.32398, 35.32333 ], [ -96.13019, 35.32367 ], [ -96.13028, 35.37122 ], [ -96.03332, 35.37128 ], [ -96.0333, 35.32373 ], [ -95.9041, 35.3237 ], [ -95.80727, 35.29981 ], [ -95.74261, 35.32348 ], [ -95.74243, 35.37103 ], [ -95.58083, 35.37061 ], [ -95.54882, 35.32294 ], [ -95.54989, 35.15647 ], [ -95.48545, 35.15623 ], [ -95.45286, 35.20366 ], [ -95.45211, 35.29879 ], [ -95.41923, 35.36998 ], [ -95.32227, 35.36951 ], [ -95.32135, 35.4646 ], [ -94.90064, 35.4617 ], [ -94.90139, 35.41416 ], [ -94.80438, 35.41329 ], [ -94.8056, 35.34197 ], [ -94.67593, 35.36449 ], [ -94.67503, 35.41203 ], [ -94.51335, 35.41027 ], [ -94.25468, 35.40703 ], [ -94.25349, 35.45456 ], [ -94.09173, 35.45227 ], [ -94.09368, 35.38097 ], [ -93.96441, 35.37899 ], [ -93.96579, 35.33145 ], [ -93.83662, 35.32934 ], [ -93.83883, 35.25802 ], [ -93.74205, 35.25636 ], [ -93.70823, 35.30334 ], [ -93.28864, 35.29518 ], [ -93.28679, 35.34272 ], [ -93.2545, 35.34203 ], [ -93.28587, 35.36648 ], [ -93.28216, 35.46154 ], [ -93.41068, 35.48796 ], [ -93.96093, 35.49782 ], [ -93.95954, 35.54535 ], [ -94.08912, 35.54733 ], [ -94.09042, 35.4998 ], [ -94.64084, 35.50677 ], [ -94.64037, 35.53053 ], [ -94.9643, 35.53354 ], [ -94.96359, 35.58107 ], [ -95.0271, 35.67661 ], [ -95.15665, 35.70128 ], [ -95.15463, 35.86756 ], [ -95.21973, 35.86797 ], [ -95.21812, 36.01045 ], [ -95.24945, 36.12934 ], [ -95.18269, 36.24762 ], [ -95.11723, 36.24719 ], [ -95.1157, 36.36584 ], [ -95.08291, 36.36561 ], [ -95.081, 36.50795 ], [ -95.11386, 36.50817 ], [ -95.11294, 36.57932 ], [ -95.21161, 36.57995 ], [ -95.21215, 36.53252 ], [ -95.27789, 36.5329 ], [ -95.34363, 36.53324 ], [ -95.57371, 36.53419 ] ], [ [ -95.87154, 35.46632 ], [ -95.90403, 35.37125 ], [ -95.96868, 35.37128 ], [ -95.96863, 35.46638 ], [ -95.87154, 35.46632 ] ] ], [ [ [ -92.09639, 35.24072 ], [ -92.09771, 35.21696 ], [ -92.00105, 35.21398 ], [ -91.99969, 35.23774 ], [ -92.09639, 35.24072 ] ] ], [ [ [ -92.16085, 35.24266 ], [ -92.15824, 35.29018 ], [ -92.31953, 35.2949 ], [ -92.4151, 35.32139 ], [ -92.54421, 35.32492 ], [ -92.54773, 35.25363 ], [ -92.2898, 35.24645 ], [ -92.29232, 35.19892 ], [ -92.19568, 35.19609 ], [ -92.12994, 35.21793 ], [ -92.12862, 35.24169 ], [ -92.16085, 35.24266 ] ] ], [ [ [ -91.53337, 35.46042 ], [ -91.53642, 35.41292 ], [ -91.63333, 35.41624 ], [ -91.63035, 35.46374 ], [ -91.82435, 35.47016 ], [ -91.85951, 35.42371 ], [ -91.86515, 35.3287 ], [ -91.92969, 35.33076 ], [ -91.96609, 35.2605 ], [ -91.90161, 35.25846 ], [ -91.80061, 35.32661 ], [ -91.54098, 35.34168 ], [ -91.50718, 35.3643 ], [ -91.50411, 35.4118 ], [ -91.47181, 35.41067 ], [ -91.46872, 35.45816 ], [ -91.53337, 35.46042 ] ] ], [ [ [ -89.88833, 35.36906 ], [ -89.79369, 35.34071 ], [ -89.78735, 35.41188 ], [ -89.91644, 35.41804 ], [ -89.92059, 35.37059 ], [ -89.88833, 35.36906 ] ] ], [ [ [ -89.70995, 35.55106 ], [ -89.64962, 35.50046 ], [ -89.65395, 35.45303 ], [ -89.5571, 35.44822 ], [ -89.54389, 35.5905 ], [ -89.67113, 35.62061 ], [ -89.70995, 35.55106 ] ] ], [ [ [ -89.59276, 36.11666 ], [ -89.62096, 36.16562 ], [ -89.7145, 36.21774 ], [ -89.70364, 36.33614 ], [ -89.73418, 36.36138 ], [ -89.86505, 36.36759 ], [ -89.86081, 36.41494 ], [ -89.95904, 36.41951 ], [ -89.96322, 36.37215 ], [ -90.09413, 36.37813 ], [ -90.10025, 36.30708 ], [ -90.13902, 36.23749 ], [ -90.30237, 36.24472 ], [ -90.3409, 36.17507 ], [ -90.41003, 36.13049 ], [ -90.5079, 36.13465 ], [ -90.54428, 36.08863 ], [ -90.55553, 35.9464 ], [ -90.62061, 35.94911 ], [ -90.75437, 35.90701 ], [ -90.74354, 36.04926 ], [ -90.70184, 36.16645 ], [ -90.6692, 36.16512 ], [ -90.66184, 36.25991 ], [ -90.8633, 36.19668 ], [ -90.99395, 36.20176 ], [ -90.9974, 36.15435 ], [ -91.12966, 36.13559 ], [ -91.13971, 35.99333 ], [ -91.1756, 35.94711 ], [ -91.24069, 35.94951 ], [ -91.27811, 35.87955 ], [ -91.34315, 35.88189 ], [ -91.41449, 35.78931 ], [ -91.41763, 35.74186 ], [ -91.57992, 35.74749 ], [ -91.57689, 35.79495 ], [ -91.67435, 35.79824 ], [ -91.71271, 35.70439 ], [ -91.58446, 35.6763 ], [ -91.58748, 35.62883 ], [ -91.49027, 35.62547 ], [ -91.46253, 35.55313 ], [ -91.36543, 35.54968 ], [ -91.29749, 35.59481 ], [ -91.20034, 35.59124 ], [ -91.20362, 35.54377 ], [ -91.00948, 35.53641 ], [ -90.9465, 35.51016 ], [ -90.9211, 35.41394 ], [ -90.82422, 35.41009 ], [ -90.83303, 35.29138 ], [ -90.7041, 35.28613 ], [ -90.69688, 35.3811 ], [ -90.58715, 35.5432 ], [ -90.26373, 35.52923 ], [ -90.19708, 35.55006 ], [ -90.16873, 35.50116 ], [ -90.18263, 35.33506 ], [ -90.0859, 35.33065 ], [ -90.07784, 35.42557 ], [ -89.94872, 35.41956 ], [ -89.91021, 35.48921 ], [ -89.93217, 35.60932 ], [ -89.91969, 35.75159 ], [ -89.82241, 35.74698 ], [ -89.81817, 35.79439 ], [ -89.70573, 35.9556 ], [ -89.6645, 36.04879 ], [ -89.59497, 36.09297 ], [ -89.59276, 36.11666 ] ], [ [ -90.12662, 35.99909 ], [ -90.02897, 35.99465 ], [ -90.03308, 35.94725 ], [ -90.13066, 35.9517 ], [ -90.12662, 35.99909 ] ] ] ] } },
{ "type": "Feature", "properties": { "ID": 49 }, "geometry": { "type": "MultiPolygon", "coordinates": [ [ [ [ -93.12245, 34.62493 ], [ -93.05753, 34.64727 ], [ -93.05455, 34.71868 ], [ -92.98952, 34.74098 ], [ -92.86147, 34.73789 ], [ -92.82731, 34.78469 ], [ -92.82302, 34.87985 ], [ -92.88612, 34.90522 ], [ -93.01448, 34.90828 ], [ -93.11174, 34.8867 ], [ -93.17495, 34.91193 ], [ -93.43173, 34.91734 ], [ -93.40139, 34.86911 ], [ -93.24194, 34.84196 ], [ -93.24381, 34.79437 ], [ -93.11564, 34.79153 ], [ -93.12245, 34.62493 ] ] ], [ [ [ -87.57473, 34.66475 ], [ -87.67035, 34.67106 ], [ -87.67596, 34.62361 ], [ -87.5804, 34.61731 ], [ -87.57473, 34.66475 ] ] ], [ [ [ -94.20289, 34.9067 ], [ -94.20167, 34.95429 ], [ -94.26474, 35.00276 ], [ -94.42548, 35.00484 ], [ -94.42761, 34.90966 ], [ -94.36396, 34.88506 ], [ -94.3313, 34.90844 ], [ -94.20289, 34.9067 ] ] ], [ [ [ -93.75276, 34.92339 ], [ -93.71911, 34.9704 ], [ -93.62273, 34.96865 ], [ -93.61708, 35.13514 ], [ -93.68148, 35.13632 ], [ -93.71679, 35.04177 ], [ -93.94191, 35.04558 ], [ -94.00759, 34.99902 ], [ -94.04173, 34.92814 ], [ -93.91329, 34.92611 ], [ -93.9147, 34.87852 ], [ -93.81845, 34.87691 ], [ -93.75276, 34.92339 ] ] ], [ [ [ -88.28934, 34.59064 ], [ -88.22301, 34.6105 ], [ -88.21251, 34.70543 ], [ -88.0849, 34.69755 ], [ -87.9865, 34.71528 ], [ -88.01032, 34.78846 ], [ -87.99951, 34.88334 ], [ -87.95938, 34.95247 ], [ -88.05542, 34.95848 ], [ -88.07402, 35.07903 ], [ -88.13817, 35.08298 ], [ -88.11947, 35.24892 ], [ -88.18377, 35.25285 ], [ -88.13826, 35.36937 ], [ -88.33154, 35.38104 ], [ -88.40633, 35.29007 ], [ -88.41149, 35.24266 ], [ -88.70099, 35.25945 ], [ -88.82725, 35.29041 ], [ -88.82237, 35.33783 ], [ -88.88437, 35.36512 ], [ -89.07777, 35.37567 ], [ -89.08248, 35.32825 ], [ -89.21135, 35.33512 ], [ -89.28037, 35.29107 ], [ -89.32167, 35.19785 ], [ -89.41815, 35.20284 ], [ -89.42263, 35.15538 ], [ -89.48692, 35.15867 ], [ -89.49354, 35.08747 ], [ -89.47029, 34.99089 ], [ -89.37185, 35.00967 ], [ -89.23668, 35.07416 ], [ -89.21149, 35.00126 ], [ -89.14968, 34.97411 ], [ -89.09493, 34.87571 ], [ -89.03563, 34.82475 ], [ -89.01073, 34.75177 ], [ -88.94683, 34.74825 ], [ -88.92206, 34.67524 ], [ -88.85824, 34.67168 ], [ -88.83599, 34.57489 ], [ -88.711, 34.54388 ], [ -88.70363, 34.61513 ], [ -88.62497, 34.75389 ], [ -88.52915, 34.7483 ], [ -88.4461, 34.62396 ], [ -88.28934, 34.59064 ] ] ], [ [ [ -93.55184, 35.15771 ], [ -93.55018, 35.20526 ], [ -93.58241, 35.20588 ], [ -93.58405, 35.15832 ], [ -93.55184, 35.15771 ] ] ], [ [ [ -87.59243, 34.78545 ], [ -87.53144, 34.7575 ], [ -87.39219, 34.84377 ], [ -87.57821, 34.904 ], [ -87.67416, 34.91029 ], [ -87.67979, 34.86288 ], [ -87.6187, 34.83498 ], [ -87.59243, 34.78545 ] ] ], [ [ [ -85.13072, 35.07783 ], [ -85.255, 35.11229 ], [ -85.32261, 35.09401 ], [ -85.34428, 34.95215 ], [ -85.21295, 34.96506 ], [ -85.14176, 35.00692 ], [ -85.13072, 35.07783 ] ] ], [ [ [ -79.84133, 36.01004 ], [ -79.76593, 36.04876 ], [ -79.74922, 36.11894 ], [ -79.87802, 36.13507 ], [ -79.93228, 36.04549 ], [ -79.84133, 36.01004 ] ] ], [ [ [ -76.25782, 36.91501 ], [ -76.23044, 37.00776 ], [ -76.23542, 37.1054 ], [ -76.2866, 37.16155 ], [ -76.384, 37.17619 ], [ -76.36353, 37.24574 ], [ -76.24542, 37.30062 ], [ -76.2642, 37.35186 ], [ -76.23666, 37.44454 ], [ -76.26743, 37.57017 ], [ -76.2398, 37.66281 ], [ -76.33792, 37.67747 ], [ -76.31899, 37.62627 ], [ -76.34649, 37.5336 ], [ -76.33446, 37.45921 ], [ -76.48536, 37.40912 ], [ -76.49896, 37.36275 ], [ -76.57766, 37.32603 ], [ -76.71465, 37.32205 ], [ -76.87754, 37.34587 ], [ -76.94937, 37.33214 ], [ -76.96264, 37.28572 ], [ -77.09295, 37.30456 ], [ -77.01505, 37.2208 ], [ -76.85906, 37.17393 ], [ -76.88564, 37.08108 ], [ -76.95058, 37.09055 ], [ -77.02871, 37.05355 ], [ -77.05501, 36.96065 ], [ -77.03574, 36.90948 ], [ -77.16534, 36.92826 ], [ -77.2561, 36.96549 ], [ -77.28205, 36.87253 ], [ -77.41785, 36.74693 ], [ -77.55363, 36.74208 ], [ -77.58545, 36.62575 ], [ -77.67534, 36.54179 ], [ -77.73987, 36.55089 ], [ -77.81696, 36.51339 ], [ -77.77756, 36.41119 ], [ -77.79634, 36.34132 ], [ -77.88561, 36.25717 ], [ -77.75081, 36.26237 ], [ -77.59019, 36.23957 ], [ -77.45541, 36.24447 ], [ -77.44268, 36.29102 ], [ -77.30779, 36.29577 ], [ -77.29495, 36.34231 ], [ -77.16642, 36.32364 ], [ -77.11484, 36.38872 ], [ -76.9601, 36.46287 ], [ -76.8636, 36.44864 ], [ -76.70181, 36.54571 ], [ -76.65075, 36.48965 ], [ -76.67071, 36.41996 ], [ -76.60645, 36.41034 ], [ -76.59433, 36.33582 ], [ -76.49808, 36.32131 ], [ -76.44587, 36.38614 ], [ -76.3175, 36.36664 ], [ -76.38486, 36.13439 ], [ -76.25697, 36.11482 ], [ -76.23668, 36.18449 ], [ -76.10874, 36.16478 ], [ -76.03797, 36.17809 ], [ -75.87814, 36.15318 ], [ -75.78658, 36.23596 ], [ -75.79087, 36.33376 ], [ -75.91214, 36.37697 ], [ -75.85241, 36.46474 ], [ -75.81772, 36.58067 ], [ -75.88203, 36.59067 ], [ -75.86122, 36.66022 ], [ -75.89788, 36.76293 ], [ -75.95545, 36.79607 ], [ -75.97847, 36.94508 ], [ -76.0755, 36.95995 ], [ -76.12162, 36.91853 ], [ -76.07076, 36.86228 ], [ -76.09141, 36.79273 ], [ -76.15596, 36.80259 ], [ -76.20876, 36.73794 ], [ -76.33781, 36.75753 ], [ -76.34972, 36.83201 ], [ -76.3225, 36.92479 ], [ -76.25782, 36.91501 ] ] ], [ [ [ -77.24293, 37.25359 ], [ -77.19072, 37.3186 ], [ -77.3016, 37.40688 ], [ -77.36691, 37.41615 ], [ -77.3799, 37.36969 ], [ -77.31464, 37.36043 ], [ -77.30808, 37.26289 ], [ -77.24293, 37.25359 ] ] ], [ [ [ -76.0156, 37.38688 ], [ -76.05731, 37.24791 ], [ -76.04564, 37.17346 ], [ -75.95528, 37.13541 ], [ -75.85104, 37.14361 ], [ -75.86249, 37.21809 ], [ -75.8204, 37.357 ], [ -76.0156, 37.38688 ] ] ] ] } },
{ "type": "Feature", "properties": { "ID": 50 }, "geometry": { "type": "MultiPolygon", "coordinates": [ [ [ [ -93.42837, 34.13088 ], [ -93.3014, 34.12823 ], [ -93.29959, 34.1759 ], [ -93.42665, 34.17855 ], [ -93.42837, 34.13088 ] ] ], [ [ [ -88.28934, 34.59064 ], [ -88.4461, 34.62396 ], [ -88.52915, 34.7483 ], [ -88.62497, 34.75389 ], [ -88.70363, 34.61513 ], [ -88.7159, 34.49638 ], [ -88.62043, 34.49086 ], [ -88.59608, 34.41774 ], [ -88.50072, 34.41213 ], [ -88.40793, 34.38269 ], [ -88.36848, 34.45203 ], [ -88.29971, 34.49568 ], [ -88.28934, 34.59064 ] ] ], [ [ [ -90.0859, 35.33065 ], [ -90.18263, 35.33506 ], [ -90.16873, 35.50116 ], [ -90.19708, 35.55006 ], [ -90.26373, 35.52923 ], [ -90.58715, 35.5432 ], [ -90.69688, 35.3811 ], [ -90.7041, 35.28613 ], [ -90.83303, 35.29138 ], [ -90.82422, 35.41009 ], [ -90.9211, 35.41394 ], [ -90.9465, 35.51016 ], [ -91.00948, 35.53641 ], [ -91.20362, 35.54377 ], [ -91.20034, 35.59124 ], [ -91.29749, 35.59481 ], [ -91.36543, 35.54968 ], [ -91.43016, 35.55199 ], [ -91.43328, 35.50451 ], [ -91.40093, 35.50336 ], [ -91.40407, 35.45587 ], [ -91.46872, 35.45816 ], [ -91.47181, 35.41067 ], [ -91.50411, 35.4118 ], [ -91.50718, 35.3643 ], [ -91.54098, 35.34168 ], [ -91.80061, 35.32661 ], [ -91.90161, 35.25846 ], [ -91.99833, 35.26151 ], [ -92.00105, 35.21398 ], [ -92.09771, 35.21696 ], [ -92.09639, 35.24072 ], [ -92.12862, 35.24169 ], [ -92.12994, 35.21793 ], [ -92.19568, 35.19609 ], [ -92.29232, 35.19892 ], [ -92.2898, 35.24645 ], [ -92.54773, 35.25363 ], [ -92.54538, 35.30116 ], [ -92.64333, 35.27996 ], [ -92.80463, 35.28407 ], [ -92.80245, 35.3316 ], [ -92.9316, 35.33474 ], [ -92.90142, 35.28644 ], [ -93.12729, 35.29168 ], [ -93.12533, 35.33921 ], [ -93.28679, 35.34272 ], [ -93.29049, 35.24764 ], [ -93.32547, 35.17699 ], [ -93.39079, 35.15454 ], [ -93.71291, 35.16068 ], [ -93.70979, 35.25579 ], [ -93.67753, 35.25521 ], [ -93.67595, 35.30276 ], [ -93.70823, 35.30334 ], [ -93.74205, 35.25636 ], [ -93.83883, 35.25802 ], [ -93.83662, 35.32934 ], [ -93.96579, 35.33145 ], [ -93.96441, 35.37899 ], [ -94.09368, 35.38097 ], [ -94.09173, 35.45227 ], [ -94.25349, 35.45456 ], [ -94.25468, 35.40703 ], [ -94.31935, 35.40789 ], [ -94.32106, 35.33657 ], [ -94.38566, 35.3374 ], [ -94.45132, 35.29064 ], [ -94.44868, 35.40951 ], [ -94.51335, 35.41027 ], [ -94.67503, 35.41203 ], [ -94.67593, 35.36449 ], [ -94.8056, 35.34197 ], [ -94.80438, 35.41329 ], [ -94.90139, 35.41416 ], [ -94.90064, 35.4617 ], [ -95.32135, 35.4646 ], [ -95.32227, 35.36951 ], [ -95.41923, 35.36998 ], [ -95.45211, 35.29879 ], [ -95.45286, 35.20366 ], [ -95.48545, 35.15623 ], [ -95.54989, 35.15647 ], [ -95.54882, 35.32294 ], [ -95.58083, 35.37061 ], [ -95.74243, 35.37103 ], [ -95.74261, 35.32348 ], [ -95.80727, 35.29981 ], [ -95.9041, 35.3237 ], [ -96.0333, 35.32373 ], [ -96.03332, 35.37128 ], [ -96.13028, 35.37122 ], [ -96.13019, 35.32367 ], [ -96.32398, 35.32333 ], [ -96.42073, 35.29927 ], [ -96.42045, 35.25171 ], [ -96.54951, 35.25122 ], [ -96.54988, 35.29878 ], [ -96.61466, 35.32227 ], [ -96.71131, 35.29799 ], [ -96.96959, 35.2963 ], [ -97.03241, 35.1769 ], [ -97.09686, 35.17636 ], [ -97.09463, 35.03363 ], [ -97.22328, 35.03247 ], [ -97.25715, 35.12731 ], [ -97.28717, 35.00805 ], [ -97.25502, 35.00837 ], [ -97.25332, 34.91319 ], [ -97.22121, 34.9135 ], [ -97.22038, 34.8659 ], [ -97.09167, 34.84326 ], [ -97.02682, 34.79618 ], [ -96.99476, 34.79644 ], [ -96.99342, 34.70121 ], [ -96.96108, 34.67764 ], [ -96.83308, 34.67854 ], [ -96.73732, 34.70295 ], [ -96.73857, 34.82198 ], [ -96.61009, 34.79886 ], [ -96.60968, 34.75124 ], [ -95.87284, 34.75264 ], [ -95.87241, 34.99066 ], [ -95.74383, 34.99046 ], [ -95.67965, 34.96652 ], [ -95.58381, 34.87105 ], [ -95.61629, 34.79974 ], [ -95.77658, 34.80012 ], [ -95.8408, 34.7526 ], [ -95.90504, 34.6336 ], [ -95.969, 34.63364 ], [ -96.00099, 34.58601 ], [ -96.00098, 34.4669 ], [ -95.90539, 34.37156 ], [ -95.42743, 34.3703 ], [ -95.42801, 34.2988 ], [ -95.30068, 34.29817 ], [ -95.29903, 34.46497 ], [ -95.23522, 34.4646 ], [ -95.20198, 34.5835 ], [ -95.13806, 34.58309 ], [ -95.13689, 34.67834 ], [ -95.07289, 34.67789 ], [ -95.07195, 34.74932 ], [ -95.00721, 34.79645 ], [ -94.84694, 34.79511 ], [ -94.84772, 34.74749 ], [ -94.65553, 34.74561 ], [ -94.65644, 34.698 ], [ -94.52841, 34.69658 ], [ -94.52741, 34.7442 ], [ -94.43133, 34.74305 ], [ -94.42814, 34.88586 ], [ -94.36396, 34.88506 ], [ -94.42761, 34.90966 ], [ -94.42548, 35.00484 ], [ -94.26474, 35.00276 ], [ -94.20167, 34.95429 ], [ -94.20289, 34.9067 ], [ -94.07449, 34.90483 ], [ -94.04173, 34.92814 ], [ -94.00759, 34.99902 ], [ -93.94191, 35.04558 ], [ -93.71679, 35.04177 ], [ -93.68148, 35.13632 ], [ -93.61708, 35.13514 ], [ -93.62273, 34.96865 ], [ -93.71911, 34.9704 ], [ -93.75276, 34.92339 ], [ -93.72374, 34.82764 ], [ -93.59549, 34.82529 ], [ -93.59387, 34.87288 ], [ -93.40139, 34.86911 ], [ -93.43173, 34.91734 ], [ -93.17495, 34.91193 ], [ -93.11174, 34.8867 ], [ -93.01448, 34.90828 ], [ -92.88612, 34.90522 ], [ -92.82302, 34.87985 ], [ -92.82731, 34.78469 ], [ -92.86147, 34.73789 ], [ -92.98952, 34.74098 ], [ -93.05455, 34.71868 ], [ -93.05753, 34.64727 ], [ -93.12245, 34.62493 ], [ -93.12051, 34.67254 ], [ -93.24846, 34.67537 ], [ -93.21835, 34.62707 ], [ -93.22397, 34.48421 ], [ -93.25679, 34.46109 ], [ -93.26324, 34.29435 ], [ -93.29868, 34.19973 ], [ -93.17254, 34.17312 ], [ -93.1379, 34.24389 ], [ -93.00672, 34.33624 ], [ -92.94305, 34.33471 ], [ -92.90811, 34.40539 ], [ -92.84226, 34.45145 ], [ -92.74661, 34.44903 ], [ -92.74442, 34.49665 ], [ -92.67614, 34.59022 ], [ -92.60997, 34.63614 ], [ -92.54605, 34.63442 ], [ -92.51056, 34.70494 ], [ -92.44657, 34.70317 ], [ -92.44176, 34.79834 ], [ -92.50584, 34.80011 ], [ -92.49992, 34.91904 ], [ -92.37156, 34.91547 ], [ -92.37402, 34.8679 ], [ -92.2137, 34.86325 ], [ -92.21114, 34.91081 ], [ -92.01865, 34.90496 ], [ -91.82337, 34.94637 ], [ -91.7242, 34.99074 ], [ -91.7213, 35.03828 ], [ -91.65408, 35.08365 ], [ -91.58978, 35.08145 ], [ -91.55159, 35.17539 ], [ -91.35844, 35.16855 ], [ -91.36159, 35.12103 ], [ -91.2024, 35.09136 ], [ -91.1768, 34.9951 ], [ -91.11259, 34.99266 ], [ -91.08548, 34.92014 ], [ -90.98928, 34.9164 ], [ -90.99267, 34.86887 ], [ -90.83246, 34.86248 ], [ -90.70252, 34.88099 ], [ -90.69174, 35.02356 ], [ -90.62205, 35.09214 ], [ -90.58072, 35.20953 ], [ -90.45195, 35.20403 ], [ -90.42166, 35.17889 ], [ -90.03564, 35.16152 ], [ -89.99533, 35.25497 ], [ -89.80214, 35.24579 ], [ -89.73988, 35.21894 ], [ -89.75686, 35.02904 ], [ -89.82314, 35.00841 ], [ -89.82733, 34.96092 ], [ -89.95559, 34.96705 ], [ -89.95969, 34.91955 ], [ -90.08589, 34.9493 ], [ -90.07786, 35.0443 ], [ -90.14009, 35.071 ], [ -90.33284, 35.07967 ], [ -90.34627, 34.9134 ], [ -90.38213, 34.8673 ], [ -90.4462, 34.8701 ], [ -90.58351, 34.75678 ], [ -90.58717, 34.70924 ], [ -90.71504, 34.71461 ], [ -90.72216, 34.61951 ], [ -90.65831, 34.61684 ], [ -90.63182, 34.54415 ], [ -90.53615, 34.54007 ], [ -90.46865, 34.58487 ], [ -90.43112, 34.6548 ], [ -90.42359, 34.74988 ], [ -90.31999, 34.8407 ], [ -90.15991, 34.83348 ], [ -90.18351, 34.54827 ], [ -90.08786, 34.54385 ], [ -90.08388, 34.5914 ], [ -89.98818, 34.58691 ], [ -89.98412, 34.63444 ], [ -89.91619, 34.67894 ], [ -89.82038, 34.67432 ], [ -89.75019, 34.74248 ], [ -89.65431, 34.73774 ], [ -89.61373, 34.83115 ], [ -89.47472, 34.9434 ], [ -89.47029, 34.99089 ], [ -89.49354, 35.08747 ], [ -89.4847, 35.1824 ], [ -89.51025, 35.25521 ], [ -89.63686, 35.28538 ], [ -89.66044, 35.38187 ], [ -89.75721, 35.3866 ], [ -89.75933, 35.36287 ], [ -89.79158, 35.36443 ], [ -89.79369, 35.34071 ], [ -89.88833, 35.36906 ], [ -89.95284, 35.37211 ], [ -90.0255, 35.2802 ], [ -90.08993, 35.28318 ], [ -90.0859, 35.33065 ] ], [ [ -92.96775, 34.50218 ], [ -92.97183, 34.40693 ], [ -93.13116, 34.41064 ], [ -93.1273, 34.50589 ], [ -92.96775, 34.50218 ] ], [ [ -94.68043, 35.12669 ], [ -94.71044, 35.24593 ], [ -94.61367, 35.24492 ], [ -94.61461, 35.19736 ], [ -94.55063, 35.17287 ], [ -94.55407, 35.00635 ], [ -94.61837, 35.00706 ], [ -94.61696, 35.07843 ], [ -94.68043, 35.12669 ] ], [ [ -95.19492, 35.20231 ], [ -94.96923, 35.20069 ], [ -94.97028, 35.12934 ], [ -95.03535, 35.08226 ], [ -95.19629, 35.08337 ], [ -95.19492, 35.20231 ] ] ], [ [ [ -95.87154, 35.46632 ], [ -95.96863, 35.46638 ], [ -95.96868, 35.37128 ], [ -95.90403, 35.37125 ], [ -95.87154, 35.46632 ] ] ], [ [ [ -86.90588, 34.61861 ], [ -86.96345, 34.67057 ], [ -87.03321, 34.62767 ], [ -87.01046, 34.55428 ], [ -86.94686, 34.54976 ], [ -86.90588, 34.61861 ] ] ], [ [ [ -87.57473, 34.66475 ], [ -87.59243, 34.78545 ], [ -87.6187, 34.83498 ], [ -87.71455, 34.84125 ], [ -87.75208, 34.79589 ], [ -87.76321, 34.70101 ], [ -87.70223, 34.67314 ], [ -87.57473, 34.66475 ] ] ], [ [ [ -76.25782, 36.91501 ], [ -76.3225, 36.92479 ], [ -76.34972, 36.83201 ], [ -76.33781, 36.75753 ], [ -76.20876, 36.73794 ], [ -76.15596, 36.80259 ], [ -76.09141, 36.79273 ], [ -76.07076, 36.86228 ], [ -76.12162, 36.91853 ], [ -76.15395, 36.92346 ], [ -76.25782, 36.91501 ] ] ] ] } },
{ "type": "Feature", "properties": { "ID": 51 }, "geometry": { "type": "MultiPolygon", "coordinates": [ [ [ [ -95.30068, 34.29817 ], [ -95.42801, 34.2988 ], [ -95.42743, 34.3703 ], [ -95.90539, 34.37156 ], [ -96.00098, 34.4669 ], [ -96.00099, 34.58601 ], [ -95.969, 34.63364 ], [ -95.90504, 34.6336 ], [ -95.8408, 34.7526 ], [ -95.77658, 34.80012 ], [ -95.61629, 34.79974 ], [ -95.58381, 34.87105 ], [ -95.67965, 34.96652 ], [ -95.74383, 34.99046 ], [ -95.87241, 34.99066 ], [ -95.87284, 34.75264 ], [ -96.60968, 34.75124 ], [ -96.61009, 34.79886 ], [ -96.73857, 34.82198 ], [ -96.73732, 34.70295 ], [ -96.70531, 34.70313 ], [ -96.70412, 34.58406 ], [ -96.6402, 34.5844 ], [ -96.57589, 34.53706 ], [ -96.57454, 34.37029 ], [ -96.63869, 34.41764 ], [ -96.73435, 34.41712 ], [ -96.73484, 34.46477 ], [ -96.92627, 34.46352 ], [ -96.92721, 34.53499 ], [ -97.11882, 34.53344 ], [ -97.15348, 34.69986 ], [ -97.2175, 34.69926 ], [ -97.2474, 34.57989 ], [ -97.34236, 34.53128 ], [ -97.3401, 34.41217 ], [ -97.30734, 34.36485 ], [ -97.21177, 34.3658 ], [ -97.24154, 34.24633 ], [ -97.23946, 34.12714 ], [ -97.17596, 34.12775 ], [ -97.07925, 34.03322 ], [ -96.88898, 34.03471 ], [ -96.88957, 34.0824 ], [ -96.76264, 34.08323 ], [ -96.76315, 34.13092 ], [ -96.66788, 34.13146 ], [ -96.6357, 34.08393 ], [ -96.63485, 33.98854 ], [ -96.57146, 33.98884 ], [ -96.57051, 33.86957 ], [ -96.44395, 33.87008 ], [ -96.44454, 33.9655 ], [ -96.3813, 33.98956 ], [ -96.31781, 33.96589 ], [ -96.15939, 33.96619 ], [ -96.15929, 33.91848 ], [ -95.87433, 33.91851 ], [ -95.87441, 33.8708 ], [ -95.77949, 33.87067 ], [ -95.77971, 33.79909 ], [ -95.87454, 33.79922 ], [ -95.87462, 33.75149 ], [ -95.96939, 33.75155 ], [ -95.96941, 33.70381 ], [ -95.36964, 33.70223 ], [ -95.36985, 33.67836 ], [ -95.24337, 33.70153 ], [ -95.11711, 33.70071 ], [ -95.11652, 33.74844 ], [ -94.99018, 33.74749 ], [ -94.98782, 33.91451 ], [ -95.0828, 33.91523 ], [ -95.08157, 34.01064 ], [ -95.24008, 34.0117 ], [ -95.23881, 34.13093 ], [ -95.30232, 34.1313 ], [ -95.30068, 34.29817 ] ], [ [ -95.08372, 33.84366 ], [ -95.08433, 33.79594 ], [ -95.17915, 33.7966 ], [ -95.1786, 33.84432 ], [ -95.08372, 33.84366 ] ], [ [ -95.71621, 33.87054 ], [ -95.71602, 33.91826 ], [ -95.62103, 33.91801 ], [ -95.62128, 33.87029 ], [ -95.71621, 33.87054 ] ] ], [ [ [ -98.13986, 34.49652 ], [ -98.13483, 34.32977 ], [ -98.07254, 34.37848 ], [ -97.91324, 34.38099 ], [ -97.81826, 34.40622 ], [ -97.91646, 34.50009 ], [ -97.91904, 34.59535 ], [ -98.04756, 34.61717 ], [ -98.04895, 34.66479 ], [ -98.11578, 34.75896 ], [ -98.2439, 34.75677 ], [ -98.24239, 34.70917 ], [ -98.46643, 34.70503 ], [ -98.4681, 34.75263 ], [ -98.49843, 34.7044 ], [ -98.62645, 34.70183 ], [ -98.62379, 34.63042 ], [ -98.46393, 34.63361 ], [ -98.33683, 34.65983 ], [ -98.30251, 34.58899 ], [ -98.20665, 34.59069 ], [ -98.13986, 34.49652 ] ] ], [ [ [ -95.13806, 34.58309 ], [ -95.00889, 34.67741 ], [ -95.13689, 34.67834 ], [ -95.13806, 34.58309 ] ] ], [ [ [ -97.02682, 34.79618 ], [ -97.09019, 34.74804 ], [ -97.05709, 34.67688 ], [ -96.99309, 34.6774 ], [ -96.99476, 34.79644 ], [ -97.02682, 34.79618 ] ] ], [ [ [ -97.25416, 34.96078 ], [ -97.83243, 34.95381 ], [ -97.83119, 34.90622 ], [ -97.76519, 34.83573 ], [ -97.66899, 34.83702 ], [ -97.66786, 34.78942 ], [ -97.37941, 34.79286 ], [ -97.34872, 34.86461 ], [ -97.25247, 34.86559 ], [ -97.22121, 34.9135 ], [ -97.25332, 34.91319 ], [ -97.25416, 34.96078 ] ] ], [ [ [ -95.19492, 35.20231 ], [ -95.19629, 35.08337 ], [ -95.03535, 35.08226 ], [ -94.97028, 35.12934 ], [ -94.96923, 35.20069 ], [ -95.19492, 35.20231 ] ] ], [ [ [ -94.45482, 33.67042 ], [ -94.48536, 33.71854 ], [ -94.64322, 33.72034 ], [ -94.70679, 33.69714 ], [ -94.70808, 33.62554 ], [ -94.55043, 33.62381 ], [ -94.45585, 33.62268 ], [ -94.45482, 33.67042 ] ] ], [ [ [ -93.70007, 33.58719 ], [ -93.69624, 33.70652 ], [ -93.75936, 33.70766 ], [ -93.75562, 33.82696 ], [ -93.78354, 33.94677 ], [ -93.87854, 33.94841 ], [ -93.87712, 33.99611 ], [ -93.97219, 33.99767 ], [ -93.97355, 33.94998 ], [ -94.06855, 33.95147 ], [ -94.16541, 33.88134 ], [ -94.26033, 33.88269 ], [ -94.29311, 33.83541 ], [ -94.29708, 33.66837 ], [ -94.29822, 33.62064 ], [ -94.20364, 33.61932 ], [ -94.20245, 33.66705 ], [ -94.07627, 33.66518 ], [ -94.07755, 33.61744 ], [ -93.82538, 33.61332 ], [ -93.70007, 33.58719 ] ] ], [ [ [ -92.96775, 34.50218 ], [ -93.1273, 34.50589 ], [ -93.13116, 34.41064 ], [ -92.97183, 34.40693 ], [ -92.96775, 34.50218 ] ] ], [ [ [ -90.18351, 34.54827 ], [ -90.15991, 34.83348 ], [ -90.31999, 34.8407 ], [ -90.42359, 34.74988 ], [ -90.43112, 34.6548 ], [ -90.46865, 34.58487 ], [ -90.53615, 34.54007 ], [ -90.63182, 34.54415 ], [ -90.65831, 34.61684 ], [ -90.72216, 34.61951 ], [ -90.71504, 34.71461 ], [ -90.58717, 34.70924 ], [ -90.58351, 34.75678 ], [ -90.4462, 34.8701 ], [ -90.38213, 34.8673 ], [ -90.34627, 34.9134 ], [ -90.33284, 35.07967 ], [ -90.14009, 35.071 ], [ -90.07786, 35.0443 ], [ -90.08589, 34.9493 ], [ -89.95969, 34.91955 ], [ -89.95559, 34.96705 ], [ -89.82733, 34.96092 ], [ -89.82314, 35.00841 ], [ -89.75686, 35.02904 ], [ -89.73988, 35.21894 ], [ -89.80214, 35.24579 ], [ -89.99533, 35.25497 ], [ -90.03564, 35.16152 ], [ -90.42166, 35.17889 ], [ -90.45195, 35.20403 ], [ -90.58072, 35.20953 ], [ -90.62205, 35.09214 ], [ -90.69174, 35.02356 ], [ -90.70252, 34.88099 ], [ -90.83246, 34.86248 ], [ -90.99267, 34.86887 ], [ -90.98928, 34.9164 ], [ -91.08548, 34.92014 ], [ -91.11259, 34.99266 ], [ -91.1768, 34.9951 ], [ -91.2024, 35.09136 ], [ -91.36159, 35.12103 ], [ -91.35844, 35.16855 ], [ -91.55159, 35.17539 ], [ -91.58978, 35.08145 ], [ -91.65408, 35.08365 ], [ -91.7213, 35.03828 ], [ -91.7242, 34.99074 ], [ -91.82337, 34.94637 ], [ -92.01865, 34.90496 ], [ -92.21114, 34.91081 ], [ -92.2137, 34.86325 ], [ -92.37402, 34.8679 ], [ -92.37156, 34.91547 ], [ -92.49992, 34.91904 ], [ -92.50584, 34.80011 ], [ -92.44176, 34.79834 ], [ -92.44657, 34.70317 ], [ -92.51056, 34.70494 ], [ -92.54605, 34.63442 ], [ -92.60997, 34.63614 ], [ -92.67614, 34.59022 ], [ -92.74442, 34.49665 ], [ -92.74661, 34.44903 ], [ -92.84226, 34.45145 ], [ -92.90811, 34.40539 ], [ -92.94305, 34.33471 ], [ -93.00672, 34.33624 ], [ -93.1379, 34.24389 ], [ -92.91537, 34.23865 ], [ -92.91329, 34.2863 ], [ -92.84756, 34.33237 ], [ -92.43384, 34.3214 ], [ -92.43264, 34.34521 ], [ -91.70078, 34.32248 ], [ -91.70222, 34.29867 ], [ -91.19357, 34.28036 ], [ -91.12673, 34.32553 ], [ -91.02966, 34.34562 ], [ -90.80703, 34.33669 ], [ -90.80354, 34.38428 ], [ -90.58081, 34.37494 ], [ -90.57717, 34.42252 ], [ -90.41801, 34.41561 ], [ -90.41425, 34.46318 ], [ -90.28686, 34.4575 ], [ -90.28302, 34.50506 ], [ -90.15556, 34.49926 ], [ -90.18351, 34.54827 ] ] ], [ [ [ -94.68043, 35.12669 ], [ -94.61696, 35.07843 ], [ -94.61837, 35.00706 ], [ -94.55407, 35.00635 ], [ -94.55063, 35.17287 ], [ -94.61461, 35.19736 ], [ -94.61367, 35.24492 ], [ -94.71044, 35.24593 ], [ -94.68043, 35.12669 ] ] ], [ [ [ -94.44868, 35.40951 ], [ -94.45132, 35.29064 ], [ -94.38566, 35.3374 ], [ -94.32106, 35.33657 ], [ -94.31935, 35.40789 ], [ -94.44868, 35.40951 ] ] ] ] } },
{ "type": "Feature", "properties": { "ID": 52 }, "geometry": { "type": "MultiPolygon", "coordinates": [ [ [ [ -98.86048, 32.57103 ], [ -98.83127, 32.61961 ], [ -98.86235, 32.61889 ], [ -98.86048, 32.57103 ] ] ], [ [ [ -98.54982, 32.57786 ], [ -98.48768, 32.57913 ], [ -98.45822, 32.62762 ], [ -98.46631, 32.86683 ], [ -98.37273, 32.86866 ], [ -98.37586, 32.9643 ], [ -98.2829, 32.98997 ], [ -98.28441, 33.03778 ], [ -98.22334, 33.08672 ], [ -98.09818, 33.0889 ], [ -98.03627, 33.11384 ], [ -98.03761, 33.16164 ], [ -98.19422, 33.15897 ], [ -98.25836, 33.20564 ], [ -98.29273, 33.30062 ], [ -98.32257, 33.25227 ], [ -98.41665, 33.25047 ], [ -98.41505, 33.20269 ], [ -98.53956, 33.1763 ], [ -98.53036, 32.91339 ], [ -98.59279, 32.9121 ], [ -98.58852, 32.79253 ], [ -98.682, 32.79054 ], [ -98.68024, 32.7427 ], [ -98.80386, 32.71601 ], [ -98.80202, 32.66817 ], [ -98.61538, 32.67227 ], [ -98.58258, 32.62507 ], [ -98.58004, 32.55328 ], [ -98.54898, 32.55393 ], [ -98.54982, 32.57786 ] ] ], [ [ [ -97.84539, 32.99726 ], [ -97.84661, 33.04507 ], [ -97.91042, 33.09193 ], [ -98.03559, 33.08994 ], [ -98.00298, 33.04264 ], [ -98.00034, 32.94701 ], [ -97.90602, 32.92458 ], [ -97.87233, 32.82939 ], [ -97.77878, 32.83078 ], [ -97.75048, 32.9508 ], [ -97.78289, 32.99817 ], [ -97.84539, 32.99726 ] ] ], [ [ [ -97.99941, 34.04584 ], [ -97.99674, 33.95045 ], [ -97.86881, 33.9047 ], [ -97.87131, 34.00009 ], [ -97.90427, 34.04731 ], [ -97.99941, 34.04584 ] ] ], [ [ [ -98.13986, 34.49652 ], [ -98.20665, 34.59069 ], [ -98.30251, 34.58899 ], [ -98.33683, 34.65983 ], [ -98.46393, 34.63361 ], [ -98.62379, 34.63042 ], [ -98.62202, 34.5828 ], [ -98.84564, 34.578 ], [ -98.90854, 34.55274 ], [ -99.00029, 34.45527 ], [ -98.99525, 34.33619 ], [ -99.09074, 34.33389 ], [ -99.08867, 34.28625 ], [ -98.96143, 34.28929 ], [ -98.95944, 34.24165 ], [ -99.05378, 34.21555 ], [ -99.08143, 34.11946 ], [ -98.98622, 34.12175 ], [ -98.95152, 34.051 ], [ -98.82469, 34.0539 ], [ -98.69875, 34.08052 ], [ -98.69695, 34.03284 ], [ -98.59924, 33.96331 ], [ -98.59577, 33.86792 ], [ -98.46925, 33.87047 ], [ -98.4709, 33.91817 ], [ -98.40921, 33.96709 ], [ -98.28327, 33.9933 ], [ -98.28786, 34.13634 ], [ -98.38391, 34.15842 ], [ -98.3855, 34.20608 ], [ -98.45071, 34.25253 ], [ -98.38871, 34.3014 ], [ -98.32506, 34.30258 ], [ -98.32194, 34.20727 ], [ -98.25838, 34.20842 ], [ -98.25535, 34.11308 ], [ -98.15941, 34.0909 ], [ -98.03316, 34.11685 ], [ -97.99941, 34.04584 ], [ -98.00411, 34.21271 ], [ -98.03726, 34.25986 ], [ -98.2599, 34.25608 ], [ -98.26217, 34.32756 ], [ -98.19998, 34.37633 ], [ -98.13626, 34.37742 ], [ -98.13986, 34.49652 ] ], [ [ -98.95944, 34.24165 ], [ -98.83227, 34.24456 ], [ -98.83037, 34.1969 ], [ -98.95646, 34.17016 ], [ -98.95944, 34.24165 ] ] ], [ [ [ -97.88099, 33.16411 ], [ -97.78701, 33.1655 ], [ -97.78938, 33.26108 ], [ -97.88348, 33.25969 ], [ -97.88099, 33.16411 ] ] ], [ [ [ -95.36985, 33.67836 ], [ -95.36964, 33.70223 ], [ -95.96941, 33.70381 ], [ -95.96939, 33.75155 ], [ -95.87462, 33.75149 ], [ -95.87454, 33.79922 ], [ -95.77971, 33.79909 ], [ -95.77949, 33.87067 ], [ -95.87441, 33.8708 ], [ -95.87433, 33.91851 ], [ -96.15929, 33.91848 ], [ -96.15939, 33.96619 ], [ -96.31781, 33.96589 ], [ -96.3813, 33.98956 ], [ -96.44454, 33.9655 ], [ -96.44395, 33.87008 ], [ -96.57051, 33.86957 ], [ -96.57146, 33.98884 ], [ -96.63485, 33.98854 ], [ -96.6357, 34.08393 ], [ -96.66788, 34.13146 ], [ -96.76315, 34.13092 ], [ -96.76264, 34.08323 ], [ -96.88957, 34.0824 ], [ -96.88898, 34.03471 ], [ -97.07925, 34.03322 ], [ -97.17596, 34.12775 ], [ -97.23946, 34.12714 ], [ -97.2378, 34.03176 ], [ -97.33293, 34.03079 ], [ -97.36236, 33.9112 ], [ -97.6789, 33.90737 ], [ -97.73814, 33.73951 ], [ -97.8007, 33.71475 ], [ -97.82983, 33.61883 ], [ -97.64068, 33.62145 ], [ -97.63958, 33.57371 ], [ -97.79711, 33.57154 ], [ -97.89099, 33.54628 ], [ -97.91929, 33.42641 ], [ -98.04505, 33.42441 ], [ -98.04234, 33.32888 ], [ -97.88535, 33.33135 ], [ -97.8866, 33.37913 ], [ -97.66666, 33.38226 ], [ -97.63307, 33.28712 ], [ -97.57031, 33.28793 ], [ -97.4467, 33.38501 ], [ -97.321, 33.3864 ], [ -97.25857, 33.41094 ], [ -97.2594, 33.4587 ], [ -97.19728, 33.50708 ], [ -97.13432, 33.50767 ], [ -97.07065, 33.46046 ], [ -97.06924, 33.36492 ], [ -96.91215, 33.36617 ], [ -96.91275, 33.41394 ], [ -96.72412, 33.41518 ], [ -96.6608, 33.36776 ], [ -96.62875, 33.29624 ], [ -96.5032, 33.29682 ], [ -96.5017, 33.08171 ], [ -96.4701, 33.03402 ], [ -96.2199, 33.03471 ], [ -96.21968, 32.96298 ], [ -96.15719, 32.96307 ], [ -96.15708, 32.91524 ], [ -96.12586, 32.91527 ], [ -96.12594, 32.96311 ], [ -96.09476, 33.01096 ], [ -96.03223, 33.01099 ], [ -96.03226, 33.08272 ], [ -95.96963, 33.17834 ], [ -95.87557, 33.20218 ], [ -95.87541, 33.29777 ], [ -95.84397, 33.32163 ], [ -95.71837, 33.32141 ], [ -95.52966, 33.36862 ], [ -95.49757, 33.46404 ], [ -95.24588, 33.46278 ], [ -95.30673, 33.67803 ], [ -95.36985, 33.67836 ] ], [ [ -97.6129, 33.78892 ], [ -97.5813, 33.78932 ], [ -97.57762, 33.62226 ], [ -97.60915, 33.62186 ], [ -97.6129, 33.78892 ] ] ], [ [ [ -94.36018, 33.66922 ], [ -94.36127, 33.62148 ], [ -94.29822, 33.62064 ], [ -94.29708, 33.66837 ], [ -94.36018, 33.66922 ] ] ], [ [ [ -95.71621, 33.87054 ], [ -95.62128, 33.87029 ], [ -95.62103, 33.91801 ], [ -95.71602, 33.91826 ], [ -95.71621, 33.87054 ] ] ] ] } },
{ "type": "Feature", "properties": { "ID": 53 }, "geometry": { "type": "MultiPolygon", "coordinates": [ [ [ [ -98.54898, 32.55393 ], [ -98.58004, 32.55328 ], [ -98.58258, 32.62507 ], [ -98.61538, 32.67227 ], [ -98.80202, 32.66817 ], [ -98.83127, 32.61961 ], [ -98.86048, 32.57103 ], [ -98.85954, 32.5471 ], [ -99.01479, 32.54339 ], [ -98.99127, 31.9686 ], [ -98.92585, 31.87421 ], [ -98.92111, 31.75431 ], [ -98.82529, 31.66053 ], [ -98.79461, 31.66125 ], [ -98.7928, 31.61326 ], [ -98.76124, 31.58997 ], [ -98.69819, 31.54335 ], [ -98.66583, 31.49602 ], [ -98.57399, 31.49801 ], [ -98.57232, 31.45 ], [ -98.53763, 31.33058 ], [ -98.44598, 31.33248 ], [ -98.4131, 31.26103 ], [ -98.35206, 31.26224 ], [ -98.32004, 31.21478 ], [ -98.25904, 31.21594 ], [ -98.26122, 31.28801 ], [ -98.20157, 31.33719 ], [ -98.07936, 31.33936 ], [ -98.04946, 31.3639 ], [ -98.05343, 31.50798 ], [ -98.11537, 31.53093 ], [ -98.1181, 31.62694 ], [ -98.17945, 31.62585 ], [ -98.21227, 31.69728 ], [ -98.27367, 31.69614 ], [ -98.3381, 31.79094 ], [ -98.55327, 31.7866 ], [ -98.55658, 31.88253 ], [ -98.64977, 31.90453 ], [ -98.7131, 31.95112 ], [ -98.7184, 32.09493 ], [ -98.65581, 32.07232 ], [ -98.65927, 32.16817 ], [ -98.63009, 32.21675 ], [ -98.44459, 32.2206 ], [ -98.47228, 32.12414 ], [ -98.41053, 32.12538 ], [ -98.34495, 32.00674 ], [ -98.28329, 32.00791 ], [ -98.25466, 32.0804 ], [ -98.2576, 32.17625 ], [ -98.19579, 32.17737 ], [ -98.20082, 32.34506 ], [ -98.2635, 32.36788 ], [ -98.44938, 32.36431 ], [ -98.45099, 32.4122 ], [ -98.54398, 32.4103 ], [ -98.54898, 32.55393 ] ] ], [ [ [ -94.20364, 33.61932 ], [ -94.36127, 33.62148 ], [ -94.36018, 33.66922 ], [ -94.45482, 33.67042 ], [ -94.45585, 33.62268 ], [ -94.55043, 33.62381 ], [ -94.55476, 33.40891 ], [ -94.61809, 33.38574 ], [ -94.619, 33.33797 ], [ -94.74462, 33.33929 ], [ -94.77765, 33.24404 ], [ -94.65264, 33.21885 ], [ -94.65442, 33.12325 ], [ -94.71704, 33.12391 ], [ -94.78047, 33.07673 ], [ -94.78248, 32.95719 ], [ -94.84496, 32.95778 ], [ -94.8461, 32.88604 ], [ -94.78368, 32.88544 ], [ -94.65885, 32.88415 ], [ -94.66149, 32.74061 ], [ -94.6308, 32.71635 ], [ -94.44399, 32.71413 ], [ -94.41025, 32.83335 ], [ -94.34679, 32.88037 ], [ -94.28438, 32.87952 ], [ -94.25605, 32.75948 ], [ -94.25948, 32.61591 ], [ -94.07294, 32.61313 ], [ -93.94926, 32.58719 ], [ -93.95195, 32.49144 ], [ -93.82852, 32.46537 ], [ -93.82353, 32.63292 ], [ -93.88572, 32.634 ], [ -93.91477, 32.70632 ], [ -93.88086, 32.80148 ], [ -93.87387, 33.04059 ], [ -93.78006, 33.03895 ], [ -93.77712, 33.13455 ], [ -93.80481, 33.25458 ], [ -93.67936, 33.2523 ], [ -93.67398, 33.41949 ], [ -93.70541, 33.42007 ], [ -93.70007, 33.58719 ], [ -93.82538, 33.61332 ], [ -94.07755, 33.61744 ], [ -94.07627, 33.66518 ], [ -94.20245, 33.66705 ], [ -94.20364, 33.61932 ] ], [ [ -94.41025, 32.83335 ], [ -94.5038, 32.83452 ], [ -94.4701, 32.95372 ], [ -94.40763, 32.95293 ], [ -94.41025, 32.83335 ] ] ], [ [ [ -95.75158, 32.79548 ], [ -95.72013, 32.86718 ], [ -95.59532, 32.86684 ], [ -95.59478, 32.96251 ], [ -95.62578, 33.01043 ], [ -95.71958, 33.01068 ], [ -95.7193, 33.08241 ], [ -95.50023, 33.08172 ], [ -95.4994, 33.20124 ], [ -95.37401, 33.20067 ], [ -95.3418, 33.29609 ], [ -95.27854, 33.34353 ], [ -95.40398, 33.36808 ], [ -95.40358, 33.41586 ], [ -95.37214, 33.4157 ], [ -95.37173, 33.46347 ], [ -95.49757, 33.46404 ], [ -95.52966, 33.36862 ], [ -95.71837, 33.32141 ], [ -95.84397, 33.32163 ], [ -95.87541, 33.29777 ], [ -95.87557, 33.20218 ], [ -95.96963, 33.17834 ], [ -96.03226, 33.08272 ], [ -96.03223, 33.01099 ], [ -96.09476, 33.01096 ], [ -96.12594, 32.96311 ], [ -96.12578, 32.86743 ], [ -96.09454, 32.84354 ], [ -95.90738, 32.84354 ], [ -95.90744, 32.79569 ], [ -95.75158, 32.79548 ] ] ] ] } },
{ "type": "Feature", "properties": { "ID": 54 }, "geometry": { "type": "MultiPolygon", "coordinates": [ [ [ [ -96.12586, 32.91527 ], [ -96.15708, 32.91524 ], [ -96.15719, 32.96307 ], [ -96.21968, 32.96298 ], [ -96.2199, 33.03471 ], [ -96.4701, 33.03402 ], [ -96.5017, 33.08171 ], [ -96.5032, 33.29682 ], [ -96.62875, 33.29624 ], [ -96.6608, 33.36776 ], [ -96.72412, 33.41518 ], [ -96.91275, 33.41394 ], [ -96.91215, 33.36617 ], [ -97.06924, 33.36492 ], [ -97.07065, 33.46046 ], [ -97.13432, 33.50767 ], [ -97.19728, 33.50708 ], [ -97.2594, 33.4587 ], [ -97.25857, 33.41094 ], [ -97.321, 33.3864 ], [ -97.4467, 33.38501 ], [ -97.57031, 33.28793 ], [ -97.63307, 33.28712 ], [ -97.66666, 33.38226 ], [ -97.8866, 33.37913 ], [ -97.88535, 33.33135 ], [ -98.04234, 33.32888 ], [ -98.04369, 33.37665 ], [ -98.16935, 33.37453 ], [ -98.16792, 33.32676 ], [ -98.29273, 33.30062 ], [ -98.25836, 33.20564 ], [ -98.19422, 33.15897 ], [ -98.03761, 33.16164 ], [ -98.03627, 33.11384 ], [ -98.09818, 33.0889 ], [ -98.22334, 33.08672 ], [ -98.28441, 33.03778 ], [ -98.2829, 32.98997 ], [ -98.37586, 32.9643 ], [ -98.37273, 32.86866 ], [ -98.46631, 32.86683 ], [ -98.45822, 32.62762 ], [ -98.48768, 32.57913 ], [ -98.54982, 32.57786 ], [ -98.54398, 32.4103 ], [ -98.45099, 32.4122 ], [ -98.44938, 32.36431 ], [ -98.2635, 32.36788 ], [ -98.20082, 32.34506 ], [ -98.19579, 32.17737 ], [ -98.2576, 32.17625 ], [ -98.25466, 32.0804 ], [ -98.28329, 32.00791 ], [ -98.34495, 32.00674 ], [ -98.41053, 32.12538 ], [ -98.47228, 32.12414 ], [ -98.44459, 32.2206 ], [ -98.63009, 32.21675 ], [ -98.65927, 32.16817 ], [ -98.65581, 32.07232 ], [ -98.7184, 32.09493 ], [ -98.7131, 31.95112 ], [ -98.64977, 31.90453 ], [ -98.55658, 31.88253 ], [ -98.55327, 31.7866 ], [ -98.3381, 31.79094 ], [ -98.27367, 31.69614 ], [ -98.21227, 31.69728 ], [ -98.17945, 31.62585 ], [ -98.1181, 31.62694 ], [ -98.11948, 31.67493 ], [ -97.90461, 31.6785 ], [ -97.90956, 31.87041 ], [ -97.75568, 31.87273 ], [ -97.75796, 31.96865 ], [ -97.79052, 32.04013 ], [ -97.69798, 32.04145 ], [ -97.69964, 32.11336 ], [ -97.76197, 32.13645 ], [ -97.7637, 32.20834 ], [ -97.82672, 32.25535 ], [ -97.8315, 32.44696 ], [ -97.73788, 32.42436 ], [ -97.61384, 32.42606 ], [ -97.5508, 32.37896 ], [ -97.48882, 32.37973 ], [ -97.45926, 32.45195 ], [ -97.46261, 32.61952 ], [ -97.5263, 32.69057 ], [ -97.5273, 32.73842 ], [ -97.46694, 32.83487 ], [ -97.34352, 32.90804 ], [ -97.3444, 32.95587 ], [ -97.09449, 32.95833 ], [ -97.09521, 33.00616 ], [ -97.03302, 33.03061 ], [ -96.90793, 33.03159 ], [ -96.90853, 33.0794 ], [ -96.65818, 33.08098 ], [ -96.65775, 33.03316 ], [ -96.595, 33.00957 ], [ -96.59422, 32.91391 ], [ -96.53177, 32.9142 ], [ -96.50005, 32.84257 ], [ -96.4994, 32.74686 ], [ -96.46794, 32.69912 ], [ -96.3433, 32.6756 ], [ -96.34262, 32.53197 ], [ -96.21831, 32.50831 ], [ -96.00096, 32.50851 ], [ -96.00096, 32.46061 ], [ -95.90787, 32.46058 ], [ -95.877, 32.36475 ], [ -95.78403, 32.36462 ], [ -95.78353, 32.53226 ], [ -95.84566, 32.53235 ], [ -95.84545, 32.62811 ], [ -95.78311, 32.67589 ], [ -95.75158, 32.79548 ], [ -95.90744, 32.79569 ], [ -95.90738, 32.84354 ], [ -96.09454, 32.84354 ], [ -96.12578, 32.86743 ], [ -96.12586, 32.91527 ] ], [ [ -97.84539, 32.99726 ], [ -97.78289, 32.99817 ], [ -97.75048, 32.9508 ], [ -97.77878, 32.83078 ], [ -97.87233, 32.82939 ], [ -97.90602, 32.92458 ], [ -98.00034, 32.94701 ], [ -98.00298, 33.04264 ], [ -98.03559, 33.08994 ], [ -97.91042, 33.09193 ], [ -97.84661, 33.04507 ], [ -97.84539, 32.99726 ] ], [ [ -97.88099, 33.16411 ], [ -97.88348, 33.25969 ], [ -97.78938, 33.26108 ], [ -97.78701, 33.1655 ], [ -97.88099, 33.16411 ] ] ], [ [ [ -94.66149, 32.74061 ], [ -94.65885, 32.88415 ], [ -94.78368, 32.88544 ], [ -94.72379, 32.74127 ], [ -94.66149, 32.74061 ] ] ], [ [ [ -98.80202, 32.66817 ], [ -98.80386, 32.71601 ], [ -98.68024, 32.7427 ], [ -98.682, 32.79054 ], [ -98.58852, 32.79253 ], [ -98.59279, 32.9121 ], [ -98.53036, 32.91339 ], [ -98.56749, 33.08008 ], [ -98.63006, 33.07876 ], [ -98.65871, 33.0064 ], [ -98.72121, 33.00504 ], [ -98.77913, 32.88412 ], [ -98.84152, 32.8827 ], [ -98.83778, 32.78705 ], [ -98.93028, 32.76095 ], [ -98.95754, 32.66453 ], [ -98.95269, 32.5449 ], [ -98.85954, 32.5471 ], [ -98.86235, 32.61889 ], [ -98.83127, 32.61961 ], [ -98.80202, 32.66817 ] ] ] ] } },
{ "type": "Feature", "properties": { "ID": 55 }, "geometry": { "type": "MultiPolygon", "coordinates": [ [ [ [ -95.54577, 30.8034 ], [ -95.57571, 30.8757 ], [ -95.63645, 30.8759 ], [ -95.66704, 30.82786 ], [ -95.63703, 30.75558 ], [ -95.54606, 30.75527 ], [ -95.54577, 30.8034 ] ] ], [ [ [ -98.66583, 31.49602 ], [ -98.66411, 31.44801 ], [ -98.57232, 31.45 ], [ -98.57399, 31.49801 ], [ -98.66583, 31.49602 ] ] ], [ [ [ -95.78403, 32.36462 ], [ -95.877, 32.36475 ], [ -95.90787, 32.46058 ], [ -96.00096, 32.46061 ], [ -96.00096, 32.50851 ], [ -96.21831, 32.50831 ], [ -96.34262, 32.53197 ], [ -96.3433, 32.6756 ], [ -96.46794, 32.69912 ], [ -96.4994, 32.74686 ], [ -96.50005, 32.84257 ], [ -96.53177, 32.9142 ], [ -96.59422, 32.91391 ], [ -96.595, 33.00957 ], [ -96.65775, 33.03316 ], [ -96.65818, 33.08098 ], [ -96.90853, 33.0794 ], [ -96.90793, 33.03159 ], [ -97.03302, 33.03061 ], [ -97.09521, 33.00616 ], [ -97.09449, 32.95833 ], [ -97.3444, 32.95587 ], [ -97.34352, 32.90804 ], [ -97.46694, 32.83487 ], [ -97.5273, 32.73842 ], [ -97.5263, 32.69057 ], [ -97.46261, 32.61952 ], [ -97.45926, 32.45195 ], [ -97.48882, 32.37973 ], [ -97.5508, 32.37896 ], [ -97.61384, 32.42606 ], [ -97.73788, 32.42436 ], [ -97.8315, 32.44696 ], [ -97.82672, 32.25535 ], [ -97.7637, 32.20834 ], [ -97.76197, 32.13645 ], [ -97.69964, 32.11336 ], [ -97.69798, 32.04145 ], [ -97.79052, 32.04013 ], [ -97.75796, 31.96865 ], [ -97.75568, 31.87273 ], [ -97.90956, 31.87041 ], [ -97.90461, 31.6785 ], [ -98.11948, 31.67493 ], [ -98.11537, 31.53093 ], [ -98.05343, 31.50798 ], [ -98.04946, 31.3639 ], [ -98.07936, 31.33936 ], [ -98.20157, 31.33719 ], [ -98.26122, 31.28801 ], [ -98.25758, 31.16788 ], [ -98.16613, 31.16956 ], [ -98.16474, 31.1215 ], [ -98.07334, 31.12311 ], [ -98.07201, 31.07503 ], [ -97.95022, 31.07707 ], [ -97.91853, 31.02948 ], [ -97.73595, 31.03226 ], [ -97.73539, 31.00822 ], [ -97.46158, 31.01187 ], [ -97.46111, 30.98782 ], [ -97.03527, 30.99225 ], [ -97.03593, 31.04035 ], [ -96.88374, 31.04157 ], [ -96.8843, 31.08965 ], [ -96.70155, 31.09086 ], [ -96.61036, 31.1154 ], [ -96.61076, 31.16348 ], [ -96.55013, 31.21185 ], [ -96.4586, 31.21223 ], [ -96.45889, 31.2603 ], [ -96.36731, 31.26061 ], [ -96.3371, 31.33279 ], [ -96.24542, 31.33301 ], [ -96.21507, 31.40514 ], [ -96.15399, 31.45327 ], [ -96.09289, 31.54938 ], [ -96.00095, 31.57343 ], [ -96.00095, 31.66945 ], [ -95.97023, 31.71745 ], [ -95.90879, 31.71742 ], [ -95.84701, 31.8853 ], [ -95.84676, 32.00522 ], [ -95.78508, 32.00513 ], [ -95.78403, 32.36462 ] ] ], [ [ [ -95.19499, 32.38612 ], [ -95.25698, 32.38651 ], [ -95.25625, 32.45836 ], [ -95.38036, 32.45905 ], [ -95.38077, 32.41115 ], [ -95.53581, 32.41184 ], [ -95.53733, 32.17225 ], [ -95.50674, 32.12419 ], [ -95.44497, 32.12393 ], [ -95.38279, 32.17157 ], [ -95.38218, 32.24346 ], [ -95.25843, 32.24277 ], [ -95.19604, 32.2903 ], [ -95.19499, 32.38612 ] ] ], [ [ [ -94.69607, 32.54948 ], [ -94.7582, 32.55012 ], [ -94.75982, 32.45435 ], [ -94.69778, 32.45371 ], [ -94.69607, 32.54948 ] ] ] ] } }
]
}
