{
"type": "FeatureCollection",
"name": "Carex_cristatella",
"crs": { "type": "name", "properties": { "name": "urn:ogc:def:crs:OGC:1.3:CRS84" } },
"features": [
{ "type": "Feature", "properties": { "ID": 1 }, "geometry": { "type": "MultiPolygon", "coordinates": [ [ [ [ -95.19414, 49.15777 ], [ -95.2345, 49.15797 ], [ -95.23482, 49.1343 ], [ -95.19449, 49.1341 ], [ -95.19414, 49.15777 ] ] ], [ [ [ -98.81291, 50.48685 ], [ -98.89429, 50.4617 ], [ -98.89177, 50.41425 ], [ -98.80679, 50.36823 ], [ -98.81291, 50.48685 ] ] ], [ [ [ -99.55553, 51.09065 ], [ -99.56024, 51.16194 ], [ -99.6439, 51.16013 ], [ -99.63908, 51.08885 ], [ -99.55553, 51.09065 ] ] ], [ [ [ -99.05278, 51.07683 ], [ -99.06494, 51.29077 ], [ -99.1544, 51.38434 ], [ -99.23842, 51.38274 ], [ -99.27752, 51.33435 ], [ -99.27172, 51.23925 ], [ -99.1809, 51.12202 ], [ -99.09729, 51.12359 ], [ -99.05278, 51.07683 ] ] ], [ [ [ -96.79788, 51.24559 ], [ -96.71403, 51.24597 ], [ -96.6733, 51.3413 ], [ -96.7573, 51.34095 ], [ -96.79788, 51.24559 ] ] ], [ [ [ -97.35062, 51.55145 ], [ -97.35363, 51.67051 ], [ -97.31138, 51.67085 ], [ -97.22906, 51.76677 ], [ -97.23181, 51.88591 ], [ -97.27481, 51.90943 ], [ -97.48702, 51.90769 ], [ -97.61362, 51.88269 ], [ -97.61218, 51.83503 ], [ -97.78171, 51.83332 ], [ -97.78012, 51.78567 ], [ -97.99093, 51.75948 ], [ -97.98915, 51.71185 ], [ -98.116, 51.7103 ], [ -98.11411, 51.66267 ], [ -98.32531, 51.65988 ], [ -98.40871, 51.63488 ], [ -98.49092, 51.58604 ], [ -98.65963, 51.58345 ], [ -98.74153, 51.53449 ], [ -98.73182, 51.34416 ], [ -98.56273, 51.32303 ], [ -98.55481, 51.15657 ], [ -98.63849, 51.15527 ], [ -98.635, 51.08396 ], [ -98.71617, 51.03509 ], [ -98.7102, 50.91629 ], [ -98.46027, 50.92017 ], [ -98.37486, 50.87387 ], [ -98.39167, 51.25417 ], [ -98.26691, 51.2797 ], [ -98.27093, 51.37485 ], [ -98.1869, 51.37597 ], [ -98.14965, 51.49549 ], [ -98.06359, 51.44895 ], [ -98.14298, 51.32893 ], [ -98.18496, 51.32839 ], [ -98.18206, 51.25704 ], [ -98.09636, 51.21055 ], [ -98.08805, 50.99659 ], [ -97.96289, 50.99812 ], [ -97.96462, 51.04565 ], [ -97.92285, 51.04614 ], [ -97.9254, 51.11745 ], [ -97.96722, 51.11697 ], [ -98.01081, 51.16402 ], [ -98.01258, 51.21158 ], [ -98.05447, 51.21107 ], [ -98.0572, 51.28242 ], [ -97.97331, 51.28343 ], [ -97.97681, 51.37858 ], [ -97.93651, 51.42666 ], [ -97.76827, 51.42852 ], [ -97.77141, 51.52372 ], [ -97.60429, 51.57303 ], [ -97.3934, 51.57491 ], [ -97.35062, 51.55145 ] ] ], [ [ [ -97.0075, 51.24445 ], [ -96.84316, 51.45954 ], [ -96.84391, 51.50714 ], [ -96.75999, 51.53135 ], [ -96.76067, 51.57897 ], [ -96.84692, 51.69765 ], [ -97.05784, 51.67263 ], [ -97.09912, 51.62473 ], [ -97.09667, 51.50568 ], [ -97.17883, 51.4099 ], [ -97.05268, 51.41074 ], [ -97.04942, 51.2442 ], [ -97.0075, 51.24445 ] ] ], [ [ [ -94.46196, 49.36554 ], [ -94.62161, 49.46171 ], [ -94.70275, 49.46237 ], [ -94.70497, 49.36766 ], [ -94.62396, 49.367 ], [ -94.58527, 49.29563 ], [ -94.42348, 49.29413 ], [ -94.46196, 49.36554 ] ] ], [ [ [ -86.85069, 49.25652 ], [ -86.96757, 49.28688 ], [ -86.91957, 49.33176 ], [ -86.90406, 49.42604 ], [ -87.03282, 49.38565 ], [ -87.04047, 49.33851 ], [ -87.12865, 49.29581 ], [ -87.2495, 49.3024 ], [ -87.44733, 49.33677 ], [ -87.54241, 49.2467 ], [ -87.89221, 49.0746 ], [ -88.01266, 49.08062 ], [ -88.00587, 49.12778 ], [ -88.20685, 49.13762 ], [ -88.21017, 49.11404 ], [ -88.29054, 49.1179 ], [ -88.347, 49.00189 ], [ -88.14648, 48.99222 ], [ -88.13981, 49.03938 ], [ -87.97932, 49.03147 ], [ -87.94944, 48.95874 ], [ -87.7892, 48.95063 ], [ -87.70207, 48.99365 ], [ -87.69503, 49.0408 ], [ -87.49449, 49.03032 ], [ -87.49088, 49.05389 ], [ -87.12995, 49.03439 ], [ -87.00589, 49.05127 ], [ -86.64515, 49.03069 ], [ -86.58913, 49.12255 ], [ -86.4728, 49.09192 ], [ -86.31241, 49.08234 ], [ -86.22809, 49.10103 ], [ -86.21563, 49.17166 ], [ -86.25578, 49.17409 ], [ -86.31138, 49.32022 ], [ -86.30725, 49.34377 ], [ -86.43218, 49.32742 ], [ -86.4444, 49.25676 ], [ -86.52889, 49.23795 ], [ -86.72999, 49.24963 ], [ -86.77022, 49.25194 ], [ -86.85069, 49.25652 ] ] ], [ [ [ -92.36958, 49.75885 ], [ -92.52817, 49.83345 ], [ -92.53415, 49.73872 ], [ -92.3727, 49.71149 ], [ -92.36958, 49.75885 ] ] ], [ [ [ -88.33185, 50.28474 ], [ -88.42055, 50.24125 ], [ -88.54363, 50.24689 ], [ -88.53716, 50.2942 ], [ -88.66038, 50.29975 ], [ -88.71411, 50.20696 ], [ -88.79613, 50.21058 ], [ -88.84335, 50.16507 ], [ -88.87729, 49.90497 ], [ -88.92722, 49.83584 ], [ -89.00871, 49.83935 ], [ -89.02073, 49.74481 ], [ -88.90176, 49.7159 ], [ -88.91394, 49.6214 ], [ -88.87947, 49.57238 ], [ -88.76095, 49.54338 ], [ -88.77024, 49.47254 ], [ -88.69556, 49.42169 ], [ -88.53388, 49.41431 ], [ -88.4466, 49.45778 ], [ -88.41588, 49.38508 ], [ -88.33511, 49.38127 ], [ -88.28484, 49.45016 ], [ -88.20398, 49.44629 ], [ -88.15685, 49.49154 ], [ -88.09599, 49.91658 ], [ -88.12658, 49.98942 ], [ -88.11296, 50.08395 ], [ -88.22558, 50.16073 ], [ -88.25312, 50.25724 ], [ -88.33185, 50.28474 ] ] ], [ [ [ -74.0191, 48.62834 ], [ -74.00071, 48.67437 ], [ -74.13821, 48.74209 ], [ -74.06473, 48.92629 ], [ -74.07621, 49.0008 ], [ -74.15457, 49.01163 ], [ -74.18211, 48.94252 ], [ -74.11304, 48.90868 ], [ -74.13142, 48.86263 ], [ -74.24868, 48.87881 ], [ -74.34509, 48.84347 ], [ -74.35693, 48.91795 ], [ -74.46533, 48.95702 ], [ -74.47735, 49.0315 ], [ -74.55583, 49.04214 ], [ -74.5919, 48.9499 ], [ -74.44428, 48.90559 ], [ -74.39325, 48.82578 ], [ -74.57659, 48.77793 ], [ -74.69381, 48.79379 ], [ -74.71167, 48.74768 ], [ -74.82886, 48.76343 ], [ -74.89448, 48.69947 ], [ -75.05069, 48.72028 ], [ -75.17664, 48.71271 ], [ -75.25049, 48.62553 ], [ -75.32832, 48.41783 ], [ -75.22037, 48.37938 ], [ -75.16871, 48.29989 ], [ -75.05239, 48.2844 ], [ -74.98249, 48.46886 ], [ -74.84824, 48.49933 ], [ -74.77046, 48.48885 ], [ -74.72821, 48.38616 ], [ -74.56413, 48.38808 ], [ -74.37027, 48.36147 ], [ -74.31082, 48.30473 ], [ -74.16511, 48.26021 ], [ -74.04916, 48.24398 ], [ -73.93929, 48.51999 ], [ -73.97811, 48.52544 ], [ -73.94131, 48.61746 ], [ -74.0191, 48.62834 ] ] ], [ [ [ -91.58305, 49.38375 ], [ -91.42117, 49.37926 ], [ -91.25119, 49.46921 ], [ -91.12752, 49.48925 ], [ -91.11497, 49.63119 ], [ -90.99304, 49.62748 ], [ -90.90739, 49.67228 ], [ -90.90301, 49.7196 ], [ -90.7809, 49.71573 ], [ -90.69266, 49.78408 ], [ -90.72887, 49.83273 ], [ -90.71978, 49.9274 ], [ -90.54931, 49.99305 ], [ -90.53515, 50.13509 ], [ -90.65123, 50.2102 ], [ -90.63961, 50.32864 ], [ -90.55256, 50.37332 ], [ -90.38783, 50.36778 ], [ -90.29058, 50.50711 ], [ -90.27811, 50.62561 ], [ -90.22665, 50.719 ], [ -90.09975, 50.73833 ], [ -90.05309, 50.78426 ], [ -90.02166, 51.0689 ], [ -90.06336, 51.07039 ], [ -90.04763, 51.2128 ], [ -90.17309, 51.21723 ], [ -90.17823, 51.16975 ], [ -90.3454, 51.1755 ], [ -90.35039, 51.12802 ], [ -90.47568, 51.13223 ], [ -90.56401, 51.0875 ], [ -90.5688, 51.04002 ], [ -90.6939, 51.04406 ], [ -90.69857, 50.99659 ], [ -90.82357, 51.00053 ], [ -90.82813, 50.95306 ], [ -91.00347, 50.86323 ], [ -91.17189, 50.84442 ], [ -91.17613, 50.79696 ], [ -91.3504, 50.70681 ], [ -91.4413, 50.61423 ], [ -91.52604, 50.59277 ], [ -91.52994, 50.54533 ], [ -91.61645, 50.50012 ], [ -91.70656, 50.40744 ], [ -91.79087, 50.38586 ], [ -91.79453, 50.33845 ], [ -91.88407, 50.24571 ], [ -91.88942, 50.17461 ], [ -91.77356, 50.0767 ], [ -91.78995, 49.86353 ], [ -91.91246, 49.86665 ], [ -91.9265, 49.67724 ], [ -92.0503, 49.65657 ], [ -92.0401, 49.79862 ], [ -92.24406, 49.80344 ], [ -92.32882, 49.75794 ], [ -92.33513, 49.66323 ], [ -92.41652, 49.66504 ], [ -92.46481, 49.54757 ], [ -92.42726, 49.49934 ], [ -92.30554, 49.49662 ], [ -92.3087, 49.44929 ], [ -92.22924, 49.42376 ], [ -92.23568, 49.32912 ], [ -92.39748, 49.3328 ], [ -92.47387, 49.40557 ], [ -92.67643, 49.40984 ], [ -92.72394, 49.29235 ], [ -92.84523, 49.29476 ], [ -92.89097, 49.20091 ], [ -93.01588, 49.13222 ], [ -93.09652, 49.13369 ], [ -93.10145, 49.03908 ], [ -93.01842, 49.08492 ], [ -92.8573, 49.08186 ], [ -92.85463, 49.12916 ], [ -92.65308, 49.12511 ], [ -92.60556, 49.24254 ], [ -92.48439, 49.23995 ], [ -92.48139, 49.28727 ], [ -92.27931, 49.28275 ], [ -92.15971, 49.25626 ], [ -92.0856, 49.15973 ], [ -92.09059, 49.08879 ], [ -92.01682, 48.99225 ], [ -91.93298, 49.03752 ], [ -91.73184, 49.03232 ], [ -91.76847, 49.08066 ], [ -91.5672, 49.07526 ], [ -91.55587, 49.2171 ], [ -91.59623, 49.21821 ], [ -91.58305, 49.38375 ] ] ], [ [ [ -90.37113, 50.12955 ], [ -90.4218, 50.03625 ], [ -90.25809, 50.03059 ], [ -90.24814, 50.12528 ], [ -90.37113, 50.12955 ] ] ], [ [ [ -70.235, 48.68759 ], [ -70.31211, 48.70027 ], [ -70.31855, 48.77496 ], [ -70.43444, 48.7939 ], [ -70.44104, 48.8686 ], [ -70.55717, 48.88746 ], [ -70.61337, 48.94561 ], [ -70.79675, 48.99963 ], [ -70.77559, 49.04528 ], [ -71.00888, 49.08245 ], [ -71.10471, 49.14662 ], [ -71.26063, 49.17112 ], [ -71.35691, 49.23515 ], [ -71.78701, 49.30151 ], [ -71.8943, 49.34233 ], [ -71.98285, 49.3313 ], [ -72.02336, 49.23962 ], [ -72.01459, 49.16495 ], [ -72.06375, 49.14795 ], [ -72.104, 49.05629 ], [ -72.026, 49.04447 ], [ -72.05619, 48.97574 ], [ -71.97832, 48.96389 ], [ -71.95957, 48.91216 ], [ -71.99982, 48.82056 ], [ -72.05871, 48.78068 ], [ -72.17518, 48.79837 ], [ -72.27273, 48.76429 ], [ -72.34125, 48.70139 ], [ -72.47731, 48.67303 ], [ -72.49694, 48.62718 ], [ -72.66176, 48.62739 ], [ -72.64249, 48.57576 ], [ -72.71037, 48.51273 ], [ -72.74911, 48.42102 ], [ -72.80699, 48.28345 ], [ -72.75884, 48.20322 ], [ -72.80689, 48.08862 ], [ -72.73008, 48.07716 ], [ -72.72055, 48.00268 ], [ -72.57689, 47.95673 ], [ -72.51967, 47.89937 ], [ -72.54866, 47.83068 ], [ -72.38615, 47.83036 ], [ -72.32772, 47.96768 ], [ -72.17465, 47.94426 ], [ -72.08831, 47.95536 ], [ -72.01911, 48.11547 ], [ -72.23952, 48.17366 ], [ -72.32539, 48.25989 ], [ -72.29591, 48.32858 ], [ -72.15177, 48.28223 ], [ -72.11215, 48.37378 ], [ -72.26636, 48.39728 ], [ -72.23673, 48.46597 ], [ -72.31397, 48.47768 ], [ -72.31317, 48.57515 ], [ -72.25377, 48.7126 ], [ -72.12749, 48.71788 ], [ -71.89498, 48.68236 ], [ -71.74015, 48.65849 ], [ -71.75205, 48.53814 ], [ -71.77223, 48.4924 ], [ -71.73365, 48.48642 ], [ -71.67675, 48.4287 ], [ -71.61796, 48.46842 ], [ -71.46383, 48.44429 ], [ -71.25344, 48.36216 ], [ -71.16628, 48.37277 ], [ -71.09976, 48.33769 ], [ -71.04066, 48.37719 ], [ -70.99917, 48.46847 ], [ -70.90136, 48.50176 ], [ -70.82439, 48.48937 ], [ -70.75444, 48.55158 ], [ -70.63895, 48.53288 ], [ -70.56873, 48.59501 ], [ -70.41472, 48.56987 ], [ -70.3057, 48.62559 ], [ -70.235, 48.68759 ] ], [ [ -71.34336, 48.62102 ], [ -71.19652, 48.67126 ], [ -71.17859, 48.61946 ], [ -71.2199, 48.52811 ], [ -71.33558, 48.5464 ], [ -71.34336, 48.62102 ] ] ], [ [ [ -74.77898, 48.99934 ], [ -74.70948, 48.96575 ], [ -74.65232, 49.0066 ], [ -74.7611, 49.04548 ], [ -74.77898, 48.99934 ] ] ], [ [ [ -74.17784, 49.16067 ], [ -74.06, 49.14442 ], [ -74.02292, 49.23657 ], [ -74.15018, 49.2298 ], [ -74.17784, 49.16067 ] ] ], [ [ [ -93.31751, 51.24975 ], [ -93.27078, 51.3442 ], [ -93.43759, 51.37064 ], [ -93.51941, 51.41949 ], [ -93.5582, 51.49149 ], [ -93.72258, 51.58907 ], [ -93.89038, 51.61508 ], [ -94.05574, 51.71237 ], [ -94.054, 51.76001 ], [ -94.18015, 51.78525 ], [ -94.30718, 51.78657 ], [ -94.30567, 51.83423 ], [ -94.43282, 51.83546 ], [ -94.43142, 51.88311 ], [ -94.55804, 51.90808 ], [ -94.72781, 51.90945 ], [ -94.72667, 51.95712 ], [ -94.89661, 51.95832 ], [ -94.89562, 52.006 ], [ -95.15076, 52.00747 ], [ -95.15038, 52.03132 ], [ -95.53329, 52.03281 ], [ -95.53287, 52.0805 ], [ -96.51234, 52.08037 ], [ -96.51188, 52.03268 ], [ -96.80934, 52.00767 ], [ -96.80789, 51.91231 ], [ -96.67962, 51.84137 ], [ -96.67841, 51.74606 ], [ -96.63468, 51.62713 ], [ -96.54974, 51.5798 ], [ -96.54901, 51.50837 ], [ -96.42149, 51.36592 ], [ -96.33745, 51.36612 ], [ -96.337, 51.29473 ], [ -96.25285, 51.2473 ], [ -96.29439, 51.17588 ], [ -96.29387, 51.08075 ], [ -96.37746, 51.08059 ], [ -96.3763, 50.91419 ], [ -96.33463, 50.91428 ], [ -96.33317, 50.6767 ], [ -96.29143, 50.62928 ], [ -96.49868, 50.62878 ], [ -96.5406, 50.67615 ], [ -96.53918, 50.53368 ], [ -96.58056, 50.53353 ], [ -96.53895, 50.50993 ], [ -96.53801, 50.41499 ], [ -96.62004, 50.36723 ], [ -96.74379, 50.36672 ], [ -96.74282, 50.29553 ], [ -96.8664, 50.29493 ], [ -96.90839, 50.34216 ], [ -96.95086, 50.41312 ], [ -96.95293, 50.53181 ], [ -96.9943, 50.53156 ], [ -97.00218, 50.95913 ], [ -96.96048, 50.95938 ], [ -96.96344, 51.12579 ], [ -96.88056, 51.17381 ], [ -97.00661, 51.19688 ], [ -97.04849, 51.19663 ], [ -97.0448, 51.00641 ], [ -97.08462, 50.91107 ], [ -97.20908, 50.88645 ], [ -97.20802, 50.83893 ], [ -97.2901, 50.79079 ], [ -97.45637, 50.78941 ], [ -97.4551, 50.7419 ], [ -97.41357, 50.74226 ], [ -97.41295, 50.71851 ], [ -97.45446, 50.71815 ], [ -97.44749, 50.45699 ], [ -97.53011, 50.45624 ], [ -97.57417, 50.5508 ], [ -97.70055, 50.62079 ], [ -97.69021, 50.28853 ], [ -97.64759, 50.2415 ], [ -97.35953, 50.24414 ], [ -97.35835, 50.1967 ], [ -97.27556, 50.17364 ], [ -97.27335, 50.07877 ], [ -97.23125, 50.03166 ], [ -97.10827, 50.03254 ], [ -97.06589, 49.96169 ], [ -96.77927, 49.9633 ], [ -96.78164, 50.12929 ], [ -96.49414, 50.13041 ], [ -96.45346, 50.17796 ], [ -96.45484, 50.34404 ], [ -96.41379, 50.36788 ], [ -96.24878, 50.36821 ], [ -96.24846, 50.29702 ], [ -96.33057, 50.24942 ], [ -96.32956, 50.08339 ], [ -96.41128, 50.03577 ], [ -96.3698, 49.96474 ], [ -96.36837, 49.75142 ], [ -96.246, 49.75165 ], [ -96.24632, 49.82274 ], [ -96.16477, 49.87025 ], [ -96.16527, 50.03621 ], [ -96.08334, 50.0837 ], [ -96.08341, 50.13113 ], [ -95.96019, 50.13115 ], [ -95.96023, 50.08371 ], [ -95.87826, 50.03624 ], [ -95.59125, 50.03578 ], [ -95.63273, 49.96475 ], [ -95.63336, 49.86992 ], [ -95.59283, 49.82242 ], [ -95.51115, 49.8222 ], [ -95.51031, 49.91701 ], [ -95.34666, 49.91644 ], [ -95.30635, 49.86886 ], [ -95.30724, 49.79776 ], [ -95.26642, 49.79758 ], [ -95.26831, 49.65541 ], [ -95.14652, 49.63113 ], [ -95.14799, 49.53638 ], [ -95.06872, 49.41752 ], [ -94.9471, 49.41678 ], [ -94.94935, 49.2984 ], [ -94.90889, 49.29813 ], [ -94.90749, 49.36915 ], [ -94.82347, 49.51066 ], [ -94.74225, 49.51006 ], [ -94.73955, 49.62848 ], [ -94.77867, 49.69987 ], [ -94.69606, 49.74662 ], [ -94.68986, 50.00734 ], [ -94.77021, 50.07911 ], [ -94.68702, 50.1259 ], [ -94.68588, 50.17333 ], [ -94.56196, 50.19602 ], [ -94.5582, 50.33836 ], [ -94.22843, 50.33514 ], [ -94.18484, 50.40587 ], [ -94.1023, 50.40494 ], [ -94.01803, 50.45143 ], [ -94.0163, 50.4989 ], [ -93.64426, 50.49401 ], [ -93.64014, 50.58895 ], [ -93.47453, 50.5865 ], [ -93.47232, 50.63398 ], [ -93.34801, 50.63203 ], [ -93.35379, 50.51336 ], [ -93.14708, 50.50991 ], [ -93.22613, 50.58252 ], [ -93.22006, 50.70121 ], [ -93.01394, 50.67386 ], [ -93.01655, 50.62639 ], [ -92.93772, 50.55367 ], [ -92.64815, 50.54805 ], [ -92.654, 50.45315 ], [ -92.57291, 50.42773 ], [ -92.2428, 50.42054 ], [ -92.23952, 50.46798 ], [ -92.2346, 50.53914 ], [ -92.31247, 50.61218 ], [ -92.39528, 50.61401 ], [ -92.38897, 50.70894 ], [ -92.55037, 50.78369 ], [ -92.62754, 50.88038 ], [ -92.62458, 50.92788 ], [ -92.74811, 50.95413 ], [ -92.82868, 51.00325 ], [ -92.86625, 51.07533 ], [ -93.0281, 51.17346 ], [ -93.1955, 51.17636 ], [ -93.19798, 51.12881 ], [ -93.36409, 51.15531 ], [ -93.31751, 51.24975 ] ], [ [ -97.07237, 50.29372 ], [ -97.19595, 50.29286 ], [ -97.15626, 50.36434 ], [ -97.07377, 50.3649 ], [ -97.07237, 50.29372 ] ], [ [ -93.54769, 50.80144 ], [ -93.46456, 50.80019 ], [ -93.47121, 50.65772 ], [ -93.55413, 50.65896 ], [ -93.54769, 50.80144 ] ], [ [ -95.58369, 51.03294 ], [ -95.45841, 51.03258 ], [ -95.41742, 50.96113 ], [ -95.54253, 50.96152 ], [ -95.58369, 51.03294 ] ], [ [ -95.66529, 51.34232 ], [ -95.66559, 51.29474 ], [ -95.58203, 51.24697 ], [ -95.58369, 51.03294 ], [ -95.79249, 51.03333 ], [ -95.83395, 51.12849 ], [ -95.83344, 51.29499 ], [ -95.79129, 51.34253 ], [ -95.66529, 51.34232 ] ] ], [ [ [ -87.96788, 50.79153 ], [ -88.08871, 50.82119 ], [ -88.37895, 50.8348 ], [ -88.30275, 50.7836 ], [ -88.31957, 50.66523 ], [ -88.15766, 50.63379 ], [ -88.10601, 50.70282 ], [ -87.9441, 50.67117 ], [ -87.96788, 50.79153 ] ] ], [ [ [ -87.97768, 51.00666 ], [ -87.99177, 50.91192 ], [ -87.78782, 50.87809 ], [ -87.76977, 50.99648 ], [ -87.97768, 51.00666 ] ] ] ] } },
{ "type": "Feature", "properties": { "ID": 2 }, "geometry": { "type": "MultiPolygon", "coordinates": [ [ [ [ -90.16145, 48.62761 ], [ -90.14665, 48.76922 ], [ -90.25938, 48.84438 ], [ -90.25208, 48.91522 ], [ -90.3323, 48.91806 ], [ -90.34188, 48.82361 ], [ -90.30425, 48.79859 ], [ -90.26423, 48.79716 ], [ -90.19401, 48.69986 ], [ -90.20135, 48.62906 ], [ -90.16145, 48.62761 ] ] ], [ [ [ -95.30724, 49.79776 ], [ -95.30694, 49.82146 ], [ -95.3881, 49.86919 ], [ -95.46985, 49.86947 ], [ -95.47099, 49.75097 ], [ -95.43069, 49.70345 ], [ -95.30843, 49.70297 ], [ -95.26705, 49.75019 ], [ -95.26642, 49.79758 ], [ -95.30724, 49.79776 ] ] ], [ [ [ -99.85401, 50.58462 ], [ -99.86245, 50.70327 ], [ -99.98685, 50.70032 ], [ -99.97989, 50.6054 ], [ -100.01953, 50.58068 ], [ -99.85401, 50.58462 ] ] ], [ [ [ -95.58369, 51.03294 ], [ -95.54253, 50.96152 ], [ -95.41742, 50.96113 ], [ -95.45841, 51.03258 ], [ -95.58369, 51.03294 ] ] ], [ [ [ -97.30614, 51.45657 ], [ -97.35062, 51.55145 ], [ -97.3934, 51.57491 ], [ -97.60429, 51.57303 ], [ -97.77141, 51.52372 ], [ -97.76827, 51.42852 ], [ -97.93651, 51.42666 ], [ -97.97681, 51.37858 ], [ -97.97331, 51.28343 ], [ -98.0572, 51.28242 ], [ -98.05447, 51.21107 ], [ -97.9288, 51.21257 ], [ -97.92285, 51.04614 ], [ -97.83933, 51.04708 ], [ -97.75658, 51.07175 ], [ -97.58944, 51.07343 ], [ -97.54561, 51.00251 ], [ -97.46215, 51.00327 ], [ -97.45957, 50.9082 ], [ -97.54221, 50.88369 ], [ -97.49794, 50.78904 ], [ -97.2901, 50.79079 ], [ -97.20802, 50.83893 ], [ -97.20908, 50.88645 ], [ -97.08462, 50.91107 ], [ -97.0448, 51.00641 ], [ -97.04849, 51.19663 ], [ -97.00661, 51.19688 ], [ -97.0075, 51.24445 ], [ -97.04942, 51.2442 ], [ -97.05268, 51.41074 ], [ -97.30498, 51.40897 ], [ -97.30614, 51.45657 ] ] ], [ [ [ -95.58369, 51.03294 ], [ -95.58203, 51.24697 ], [ -95.66559, 51.29474 ], [ -95.66529, 51.34232 ], [ -95.79129, 51.34253 ], [ -95.83344, 51.29499 ], [ -95.83395, 51.12849 ], [ -95.79249, 51.03333 ], [ -95.58369, 51.03294 ] ] ], [ [ [ -98.14298, 51.32893 ], [ -98.06359, 51.44895 ], [ -98.14965, 51.49549 ], [ -98.1869, 51.37597 ], [ -98.22891, 51.37542 ], [ -98.22694, 51.32784 ], [ -98.14298, 51.32893 ] ] ], [ [ [ -81.55195, 48.79524 ], [ -81.494, 48.86177 ], [ -81.58871, 48.96608 ], [ -81.66217, 48.99662 ], [ -81.64396, 49.06679 ], [ -81.72362, 49.07391 ], [ -81.73931, 49.17105 ], [ -81.893, 49.20857 ], [ -81.88101, 49.25539 ], [ -81.95501, 49.28581 ], [ -81.94306, 49.33264 ], [ -82.06319, 49.34309 ], [ -82.08548, 49.41682 ], [ -82.16571, 49.42373 ], [ -82.18816, 49.49747 ], [ -82.38327, 49.53798 ], [ -82.37163, 49.58486 ], [ -82.5269, 49.62181 ], [ -82.63061, 49.7022 ], [ -82.75168, 49.71215 ], [ -82.86716, 49.74548 ], [ -82.93675, 49.79895 ], [ -82.98836, 49.75525 ], [ -83.01621, 49.63789 ], [ -82.93557, 49.6314 ], [ -82.9579, 49.53754 ], [ -82.88302, 49.50757 ], [ -82.89421, 49.46065 ], [ -82.8307, 49.38375 ], [ -82.68723, 49.30023 ], [ -82.76045, 48.99557 ], [ -82.64658, 48.96222 ], [ -82.44756, 48.94549 ], [ -82.37375, 48.91531 ], [ -82.34491, 49.03239 ], [ -82.29927, 49.0524 ], [ -82.15745, 48.96847 ], [ -82.0661, 49.00837 ], [ -81.90689, 48.99443 ], [ -81.89692, 48.87394 ], [ -81.55195, 48.79524 ] ] ], [ [ [ -72.74911, 48.42102 ], [ -72.71037, 48.51273 ], [ -72.64249, 48.57576 ], [ -72.66176, 48.62739 ], [ -72.49694, 48.62718 ], [ -72.47731, 48.67303 ], [ -72.34125, 48.70139 ], [ -72.27273, 48.76429 ], [ -72.17518, 48.79837 ], [ -72.05871, 48.78068 ], [ -71.99982, 48.82056 ], [ -71.95957, 48.91216 ], [ -71.97832, 48.96389 ], [ -72.05619, 48.97574 ], [ -72.026, 49.04447 ], [ -72.104, 49.05629 ], [ -72.06375, 49.14795 ], [ -72.01459, 49.16495 ], [ -72.02336, 49.23962 ], [ -71.98285, 49.3313 ], [ -72.05112, 49.36607 ], [ -72.17889, 49.36085 ], [ -72.33588, 49.38433 ], [ -72.36515, 49.41312 ], [ -72.493, 49.40765 ], [ -72.65026, 49.43082 ], [ -73.15188, 49.43043 ], [ -73.18088, 49.36145 ], [ -73.34788, 49.36095 ], [ -73.54473, 49.38885 ], [ -73.57323, 49.3198 ], [ -73.77005, 49.34742 ], [ -73.79824, 49.27834 ], [ -73.99503, 49.30569 ], [ -74.06, 49.14442 ], [ -74.17784, 49.16067 ], [ -74.23807, 49.21755 ], [ -74.30491, 49.15377 ], [ -74.42284, 49.16984 ], [ -74.51964, 49.13438 ], [ -74.53775, 49.08826 ], [ -74.62533, 49.0758 ], [ -74.65232, 49.0066 ], [ -74.70948, 48.96575 ], [ -74.77898, 48.99934 ], [ -74.93221, 48.92275 ], [ -75.04586, 48.84084 ], [ -75.13294, 48.82811 ], [ -75.15044, 48.78195 ], [ -75.26349, 48.69991 ], [ -75.35894, 48.66398 ], [ -75.47145, 48.58181 ], [ -75.50572, 48.48946 ], [ -75.69888, 48.29679 ], [ -75.73771, 48.3018 ], [ -75.78817, 48.16325 ], [ -75.82692, 48.16824 ], [ -76.01772, 47.63719 ], [ -76.01488, 47.41958 ], [ -75.92191, 47.45583 ], [ -75.88894, 47.54813 ], [ -75.77907, 47.63046 ], [ -75.79253, 47.70468 ], [ -75.66889, 47.71272 ], [ -75.61013, 47.87422 ], [ -75.52462, 47.88719 ], [ -75.30207, 47.8336 ], [ -75.25072, 47.97192 ], [ -75.21216, 47.96679 ], [ -75.15183, 48.12817 ], [ -75.03586, 48.11267 ], [ -74.97108, 48.17662 ], [ -74.89373, 48.16621 ], [ -74.88134, 48.09187 ], [ -74.73574, 48.04789 ], [ -74.67952, 48.08868 ], [ -74.60865, 48.27292 ], [ -74.50445, 48.33141 ], [ -74.48656, 48.37746 ], [ -74.56413, 48.38808 ], [ -74.72821, 48.38616 ], [ -74.77046, 48.48885 ], [ -74.84824, 48.49933 ], [ -74.98249, 48.46886 ], [ -75.05239, 48.2844 ], [ -75.16871, 48.29989 ], [ -75.22037, 48.37938 ], [ -75.32832, 48.41783 ], [ -75.25049, 48.62553 ], [ -75.17664, 48.71271 ], [ -75.05069, 48.72028 ], [ -74.89448, 48.69947 ], [ -74.82886, 48.76343 ], [ -74.71167, 48.74768 ], [ -74.69381, 48.79379 ], [ -74.57659, 48.77793 ], [ -74.39325, 48.82578 ], [ -74.44428, 48.90559 ], [ -74.5919, 48.9499 ], [ -74.55583, 49.04214 ], [ -74.47735, 49.0315 ], [ -74.46533, 48.95702 ], [ -74.35693, 48.91795 ], [ -74.34509, 48.84347 ], [ -74.24868, 48.87881 ], [ -74.13142, 48.86263 ], [ -74.11304, 48.90868 ], [ -74.18211, 48.94252 ], [ -74.15457, 49.01163 ], [ -74.07621, 49.0008 ], [ -74.06473, 48.92629 ], [ -74.13821, 48.74209 ], [ -74.00071, 48.67437 ], [ -74.0191, 48.62834 ], [ -73.90242, 48.612 ], [ -73.89319, 48.63501 ], [ -73.81541, 48.62406 ], [ -73.80435, 48.54958 ], [ -73.72671, 48.53859 ], [ -73.68632, 48.43563 ], [ -73.71416, 48.36667 ], [ -73.67391, 48.26373 ], [ -73.55809, 48.24715 ], [ -73.50208, 48.38498 ], [ -73.38606, 48.36827 ], [ -73.27955, 48.32851 ], [ -73.30783, 48.25964 ], [ -73.25899, 48.17957 ], [ -73.14346, 48.16269 ], [ -73.04747, 48.19726 ], [ -73.00937, 48.28902 ], [ -72.90349, 48.34645 ], [ -72.78773, 48.32931 ], [ -72.74911, 48.42102 ] ], [ [ -73.16438, 48.40908 ], [ -73.23226, 48.4433 ], [ -73.20379, 48.51218 ], [ -73.12632, 48.5009 ], [ -73.16438, 48.40908 ] ] ], [ [ [ -85.53849, 49.96319 ], [ -85.61989, 49.96839 ], [ -85.64721, 50.04169 ], [ -85.72874, 50.04684 ], [ -85.71542, 50.11757 ], [ -85.78824, 50.16985 ], [ -85.77496, 50.2406 ], [ -85.88019, 50.34259 ], [ -85.95783, 50.37122 ], [ -85.98145, 50.46813 ], [ -86.06365, 50.47312 ], [ -86.09182, 50.54643 ], [ -86.17415, 50.55137 ], [ -86.24373, 50.62712 ], [ -86.23521, 50.67437 ], [ -86.3961, 50.70768 ], [ -86.3877, 50.75495 ], [ -86.54892, 50.78812 ], [ -86.54064, 50.8354 ], [ -86.70219, 50.86844 ], [ -86.69403, 50.91574 ], [ -86.89743, 50.95091 ], [ -86.88942, 50.99823 ], [ -87.01406, 51.00503 ], [ -87.00615, 51.05236 ], [ -87.37298, 51.11957 ], [ -87.36537, 51.16694 ], [ -87.52842, 51.1992 ], [ -87.69534, 51.2076 ], [ -87.688, 51.255 ], [ -87.81333, 51.2612 ], [ -87.94225, 51.2436 ], [ -87.97693, 51.29303 ], [ -88.26969, 51.30685 ], [ -88.26627, 51.33056 ], [ -88.60118, 51.34574 ], [ -88.60446, 51.32202 ], [ -89.14884, 51.34524 ], [ -89.15187, 51.32151 ], [ -89.44506, 51.33327 ], [ -89.45086, 51.2858 ], [ -89.74392, 51.29704 ], [ -89.74945, 51.24956 ], [ -90.00051, 51.25878 ], [ -90.04763, 51.2128 ], [ -90.06336, 51.07039 ], [ -90.02166, 51.0689 ], [ -90.05309, 50.78426 ], [ -90.09975, 50.73833 ], [ -90.22665, 50.719 ], [ -90.27811, 50.62561 ], [ -90.29058, 50.50711 ], [ -90.38783, 50.36778 ], [ -90.55256, 50.37332 ], [ -90.63961, 50.32864 ], [ -90.65123, 50.2102 ], [ -90.53515, 50.13509 ], [ -90.54931, 49.99305 ], [ -90.71978, 49.9274 ], [ -90.72887, 49.83273 ], [ -90.69266, 49.78408 ], [ -90.7809, 49.71573 ], [ -90.90301, 49.7196 ], [ -90.90739, 49.67228 ], [ -90.99304, 49.62748 ], [ -91.11497, 49.63119 ], [ -91.12752, 49.48925 ], [ -91.25119, 49.46921 ], [ -91.42117, 49.37926 ], [ -91.58305, 49.38375 ], [ -91.59059, 49.28915 ], [ -91.50978, 49.28693 ], [ -91.51361, 49.23963 ], [ -91.42898, 49.28466 ], [ -91.34818, 49.28236 ], [ -91.22496, 49.30248 ], [ -91.02294, 49.29639 ], [ -91.02718, 49.24911 ], [ -90.86574, 49.24406 ], [ -90.83638, 49.12461 ], [ -90.75584, 49.12201 ], [ -90.70658, 49.21522 ], [ -90.50493, 49.20849 ], [ -90.45517, 49.30164 ], [ -90.37918, 49.25159 ], [ -90.21779, 49.2459 ], [ -90.21286, 49.29316 ], [ -90.09174, 49.28878 ], [ -89.96033, 49.37882 ], [ -89.94741, 49.49699 ], [ -90.1095, 49.50295 ], [ -90.13749, 49.62263 ], [ -89.93443, 49.61518 ], [ -89.88858, 49.66095 ], [ -89.8728, 49.80283 ], [ -89.79132, 49.79974 ], [ -89.80731, 49.65787 ], [ -89.72874, 49.63112 ], [ -89.73411, 49.58384 ], [ -89.61239, 49.5791 ], [ -89.59317, 49.74457 ], [ -89.47391, 49.71609 ], [ -89.02672, 49.69755 ], [ -89.0506, 49.50854 ], [ -88.97861, 49.4342 ], [ -88.9906, 49.33974 ], [ -89.07726, 49.296 ], [ -89.08905, 49.20156 ], [ -89.13518, 49.15607 ], [ -89.2588, 49.13755 ], [ -89.27024, 49.04313 ], [ -89.23582, 48.99425 ], [ -89.07823, 48.96383 ], [ -89.08995, 48.86945 ], [ -89.1358, 48.82398 ], [ -89.57604, 48.84221 ], [ -89.5923, 48.70063 ], [ -89.56052, 48.62825 ], [ -89.40101, 48.62175 ], [ -89.39544, 48.66893 ], [ -89.23584, 48.66227 ], [ -89.23013, 48.70944 ], [ -89.14449, 48.75322 ], [ -88.90479, 48.74279 ], [ -88.88376, 48.90789 ], [ -88.69881, 49.08944 ], [ -88.41758, 49.07645 ], [ -88.36445, 49.16891 ], [ -88.20354, 49.16121 ], [ -88.20685, 49.13762 ], [ -88.00587, 49.12778 ], [ -88.01266, 49.08062 ], [ -87.89221, 49.0746 ], [ -87.54241, 49.2467 ], [ -87.44733, 49.33677 ], [ -87.2495, 49.3024 ], [ -87.12865, 49.29581 ], [ -87.04047, 49.33851 ], [ -87.03282, 49.38565 ], [ -86.90406, 49.42604 ], [ -86.91957, 49.33176 ], [ -86.96757, 49.28688 ], [ -86.85069, 49.25652 ], [ -86.64954, 49.24499 ], [ -86.67388, 49.34155 ], [ -86.51274, 49.33217 ], [ -86.44033, 49.28031 ], [ -86.43218, 49.32742 ], [ -86.30725, 49.34377 ], [ -86.30312, 49.36733 ], [ -86.22253, 49.36247 ], [ -86.13355, 49.40468 ], [ -86.07629, 49.49642 ], [ -85.87877, 49.46037 ], [ -85.89603, 49.36619 ], [ -85.86872, 49.29305 ], [ -85.74807, 49.28543 ], [ -85.69909, 49.32994 ], [ -85.67268, 49.47117 ], [ -85.51134, 49.46079 ], [ -85.453, 49.55232 ], [ -85.36767, 49.57058 ], [ -85.39446, 49.64385 ], [ -85.38081, 49.71449 ], [ -85.4573, 49.74332 ], [ -85.66001, 49.75634 ], [ -85.72788, 49.83216 ], [ -85.66951, 49.92385 ], [ -85.5475, 49.91607 ], [ -85.53849, 49.96319 ] ], [ [ -88.76382, 49.21105 ], [ -88.8041, 49.21285 ], [ -88.78259, 49.37809 ], [ -88.63046, 49.29999 ], [ -88.68327, 49.20742 ], [ -88.76382, 49.21105 ] ], [ [ -88.02866, 49.53283 ], [ -88.06915, 49.53481 ], [ -88.04873, 49.67645 ], [ -87.96755, 49.67246 ], [ -87.97788, 49.60164 ], [ -88.02866, 49.53283 ] ], [ [ -88.33185, 50.28474 ], [ -88.25312, 50.25724 ], [ -88.22558, 50.16073 ], [ -88.11296, 50.08395 ], [ -88.12658, 49.98942 ], [ -88.09599, 49.91658 ], [ -88.15685, 49.49154 ], [ -88.20398, 49.44629 ], [ -88.28484, 49.45016 ], [ -88.33511, 49.38127 ], [ -88.41588, 49.38508 ], [ -88.4466, 49.45778 ], [ -88.53388, 49.41431 ], [ -88.69556, 49.42169 ], [ -88.77024, 49.47254 ], [ -88.76095, 49.54338 ], [ -88.87947, 49.57238 ], [ -88.91394, 49.6214 ], [ -88.90176, 49.7159 ], [ -89.02073, 49.74481 ], [ -89.00871, 49.83935 ], [ -88.92722, 49.83584 ], [ -88.87729, 49.90497 ], [ -88.84335, 50.16507 ], [ -88.79613, 50.21058 ], [ -88.71411, 50.20696 ], [ -88.66038, 50.29975 ], [ -88.53716, 50.2942 ], [ -88.54363, 50.24689 ], [ -88.42055, 50.24125 ], [ -88.33185, 50.28474 ] ], [ [ -90.37113, 50.12955 ], [ -90.24814, 50.12528 ], [ -90.25809, 50.03059 ], [ -90.4218, 50.03625 ], [ -90.37113, 50.12955 ] ], [ [ -87.96788, 50.79153 ], [ -87.9441, 50.67117 ], [ -88.10601, 50.70282 ], [ -88.15766, 50.63379 ], [ -88.31957, 50.66523 ], [ -88.30275, 50.7836 ], [ -88.37895, 50.8348 ], [ -88.08871, 50.82119 ], [ -87.96788, 50.79153 ] ], [ [ -87.97768, 51.00666 ], [ -87.76977, 50.99648 ], [ -87.78782, 50.87809 ], [ -87.99177, 50.91192 ], [ -87.97768, 51.00666 ] ] ], [ [ [ -71.34336, 48.62102 ], [ -71.33558, 48.5464 ], [ -71.2199, 48.52811 ], [ -71.17859, 48.61946 ], [ -71.19652, 48.67126 ], [ -71.34336, 48.62102 ] ] ] ] } },
{ "type": "Feature", "properties": { "ID": 3 }, "geometry": { "type": "MultiPolygon", "coordinates": [ [ [ [ -100.14644, 48.98813 ], [ -99.98566, 48.99219 ], [ -99.99243, 49.08675 ], [ -100.27427, 49.07953 ], [ -100.30903, 49.00755 ], [ -100.14644, 48.98813 ] ] ], [ [ [ -100.68428, 49.63709 ], [ -100.60494, 49.66308 ], [ -100.61286, 49.75774 ], [ -100.69435, 49.75542 ], [ -100.68428, 49.63709 ] ] ], [ [ [ -97.96462, 51.04565 ], [ -97.96289, 50.99812 ], [ -98.08805, 50.99659 ], [ -98.09636, 51.21055 ], [ -98.18206, 51.25704 ], [ -98.18496, 51.32839 ], [ -98.22694, 51.32784 ], [ -98.22891, 51.37542 ], [ -98.27093, 51.37485 ], [ -98.26691, 51.2797 ], [ -98.39167, 51.25417 ], [ -98.37486, 50.87387 ], [ -98.33324, 50.87446 ], [ -98.2886, 50.80378 ], [ -98.20352, 50.7574 ], [ -98.20159, 50.70991 ], [ -98.11488, 50.61602 ], [ -98.03113, 50.59331 ], [ -98.02936, 50.54584 ], [ -97.94321, 50.45189 ], [ -97.9019, 50.45238 ], [ -97.89612, 50.28629 ], [ -98.01966, 50.28482 ], [ -98.01878, 50.2611 ], [ -98.09928, 50.21263 ], [ -98.22265, 50.21101 ], [ -98.22072, 50.16358 ], [ -98.5083, 50.15944 ], [ -98.59271, 50.20558 ], [ -98.60401, 50.44279 ], [ -98.56271, 50.44343 ], [ -98.60628, 50.49024 ], [ -98.61083, 50.58518 ], [ -98.69834, 50.6788 ], [ -98.73982, 50.67812 ], [ -98.74582, 50.79684 ], [ -98.78983, 50.84365 ], [ -98.87302, 50.84223 ], [ -98.87934, 50.961 ], [ -98.96271, 50.95953 ], [ -99.05278, 51.07683 ], [ -99.09729, 51.12359 ], [ -99.1809, 51.12202 ], [ -99.27172, 51.23925 ], [ -99.27752, 51.33435 ], [ -99.31655, 51.28597 ], [ -99.48272, 51.25878 ], [ -99.47965, 51.21124 ], [ -99.56181, 51.18571 ], [ -99.55553, 51.09065 ], [ -99.63908, 51.08885 ], [ -99.7259, 51.13452 ], [ -99.76107, 51.03855 ], [ -99.9228, 50.96344 ], [ -99.95751, 50.86747 ], [ -100.03893, 50.84172 ], [ -100.03539, 50.79425 ], [ -100.11125, 50.69727 ], [ -100.19234, 50.67147 ], [ -100.30912, 50.57338 ], [ -100.30348, 50.50223 ], [ -100.38227, 50.45263 ], [ -100.41777, 50.3804 ], [ -100.4101, 50.28558 ], [ -100.48654, 50.21226 ], [ -100.47877, 50.11749 ], [ -100.51783, 50.09267 ], [ -100.35194, 50.07342 ], [ -100.31468, 50.12189 ], [ -100.23263, 50.12402 ], [ -100.18436, 50.03031 ], [ -99.77471, 50.04026 ], [ -99.77798, 50.08765 ], [ -99.65495, 50.09044 ], [ -99.61081, 50.04396 ], [ -99.64548, 49.94828 ], [ -99.63763, 49.82984 ], [ -99.59371, 49.78338 ], [ -99.43056, 49.78689 ], [ -99.42761, 49.73953 ], [ -99.30392, 49.71837 ], [ -99.28556, 49.41062 ], [ -99.08297, 49.41459 ], [ -99.08034, 49.36726 ], [ -98.99808, 49.34511 ], [ -98.99297, 49.25046 ], [ -98.74469, 49.13647 ], [ -98.74003, 49.04185 ], [ -98.61926, 49.04386 ], [ -98.61704, 48.99655 ], [ -98.49637, 48.99847 ], [ -98.49425, 48.95117 ], [ -98.33051, 48.88263 ], [ -98.28649, 48.78862 ], [ -98.12618, 48.79082 ], [ -98.04429, 48.74457 ], [ -98.00171, 48.67415 ], [ -97.92171, 48.67513 ], [ -97.92577, 48.79335 ], [ -97.76543, 48.79519 ], [ -97.76917, 48.91344 ], [ -97.64866, 48.91472 ], [ -97.65006, 48.96202 ], [ -97.40881, 48.96431 ], [ -97.41, 49.01163 ], [ -97.33008, 49.03597 ], [ -97.04823, 49.03805 ], [ -96.96688, 48.99123 ], [ -96.84367, 48.82632 ], [ -96.68293, 48.80343 ], [ -96.68177, 48.70884 ], [ -96.52165, 48.70944 ], [ -96.48223, 48.78051 ], [ -96.48346, 48.92243 ], [ -96.40275, 48.87534 ], [ -96.16184, 48.87576 ], [ -96.16198, 48.92308 ], [ -96.04142, 48.92315 ], [ -96.00124, 48.99413 ], [ -95.92077, 48.99411 ], [ -95.88068, 48.92311 ], [ -95.71995, 48.92291 ], [ -95.63912, 48.99373 ], [ -95.63881, 49.04105 ], [ -95.35693, 49.04017 ], [ -95.31811, 48.92171 ], [ -95.27854, 48.87423 ], [ -95.0778, 48.8732 ], [ -95.07701, 48.92051 ], [ -95.23774, 48.92135 ], [ -95.2345, 49.15797 ], [ -94.99238, 49.15664 ], [ -94.90982, 49.25079 ], [ -94.90889, 49.29813 ], [ -94.94935, 49.2984 ], [ -94.9471, 49.41678 ], [ -95.06872, 49.41752 ], [ -95.14799, 49.53638 ], [ -95.14652, 49.63113 ], [ -95.26831, 49.65541 ], [ -95.26705, 49.75019 ], [ -95.30843, 49.70297 ], [ -95.43069, 49.70345 ], [ -95.47099, 49.75097 ], [ -95.46985, 49.86947 ], [ -95.3881, 49.86919 ], [ -95.30694, 49.82146 ], [ -95.30635, 49.86886 ], [ -95.34666, 49.91644 ], [ -95.51031, 49.91701 ], [ -95.51115, 49.8222 ], [ -95.59283, 49.82242 ], [ -95.63336, 49.86992 ], [ -95.63273, 49.96475 ], [ -95.59125, 50.03578 ], [ -95.87826, 50.03624 ], [ -95.96023, 50.08371 ], [ -95.96019, 50.13115 ], [ -96.08341, 50.13113 ], [ -96.08334, 50.0837 ], [ -96.16527, 50.03621 ], [ -96.16477, 49.87025 ], [ -96.24632, 49.82274 ], [ -96.246, 49.75165 ], [ -96.36837, 49.75142 ], [ -96.3698, 49.96474 ], [ -96.41128, 50.03577 ], [ -96.32956, 50.08339 ], [ -96.33057, 50.24942 ], [ -96.24846, 50.29702 ], [ -96.24878, 50.36821 ], [ -96.41379, 50.36788 ], [ -96.45484, 50.34404 ], [ -96.45346, 50.17796 ], [ -96.49414, 50.13041 ], [ -96.78164, 50.12929 ], [ -96.77927, 49.9633 ], [ -97.06589, 49.96169 ], [ -97.10827, 50.03254 ], [ -97.23125, 50.03166 ], [ -97.27335, 50.07877 ], [ -97.27556, 50.17364 ], [ -97.35835, 50.1967 ], [ -97.35953, 50.24414 ], [ -97.64759, 50.2415 ], [ -97.69021, 50.28853 ], [ -97.70055, 50.62079 ], [ -97.57417, 50.5508 ], [ -97.53011, 50.45624 ], [ -97.44749, 50.45699 ], [ -97.45446, 50.71815 ], [ -97.41295, 50.71851 ], [ -97.41357, 50.74226 ], [ -97.4551, 50.7419 ], [ -97.45637, 50.78941 ], [ -97.49794, 50.78904 ], [ -97.54221, 50.88369 ], [ -97.45957, 50.9082 ], [ -97.46215, 51.00327 ], [ -97.54561, 51.00251 ], [ -97.58944, 51.07343 ], [ -97.75658, 51.07175 ], [ -97.83933, 51.04708 ], [ -97.96462, 51.04565 ] ], [ [ -98.0136, 49.00522 ], [ -97.97588, 49.07669 ], [ -97.89531, 49.07766 ], [ -97.85108, 48.95984 ], [ -97.97169, 48.95841 ], [ -98.0136, 49.00522 ] ], [ [ -98.81291, 50.48685 ], [ -98.80679, 50.36823 ], [ -98.89177, 50.41425 ], [ -98.89429, 50.4617 ], [ -98.81291, 50.48685 ] ], [ [ -100.01953, 50.58068 ], [ -99.97989, 50.6054 ], [ -99.98685, 50.70032 ], [ -99.86245, 50.70327 ], [ -99.85401, 50.58462 ], [ -99.89539, 50.58365 ], [ -99.97815, 50.58168 ], [ -100.01953, 50.58068 ] ] ], [ [ [ -97.07237, 50.29372 ], [ -97.07377, 50.3649 ], [ -97.15626, 50.36434 ], [ -97.19595, 50.29286 ], [ -97.07237, 50.29372 ] ] ], [ [ [ -98.01258, 51.21158 ], [ -98.01081, 51.16402 ], [ -97.96722, 51.11697 ], [ -97.9254, 51.11745 ], [ -97.9288, 51.21257 ], [ -98.01258, 51.21158 ] ] ], [ [ [ -94.24012, 47.42477 ], [ -94.12275, 47.42341 ], [ -94.12042, 47.49421 ], [ -94.19877, 47.49512 ], [ -94.24012, 47.42477 ] ] ], [ [ [ -94.53501, 48.13627 ], [ -94.57284, 48.2075 ], [ -94.73153, 48.20884 ], [ -94.73259, 48.16159 ], [ -94.97044, 48.16331 ], [ -94.9713, 48.11606 ], [ -95.1697, 48.0936 ], [ -95.25014, 47.99951 ], [ -95.25139, 47.90504 ], [ -95.21225, 47.88123 ], [ -94.8178, 47.87878 ], [ -94.81682, 47.92601 ], [ -94.73734, 47.94901 ], [ -94.73418, 48.09072 ], [ -94.57582, 48.08938 ], [ -94.53501, 48.13627 ] ] ], [ [ [ -91.96213, 48.63579 ], [ -91.96553, 48.58854 ], [ -91.84581, 48.58548 ], [ -91.8423, 48.63272 ], [ -91.96213, 48.63579 ] ] ], [ [ [ -94.83692, 48.87164 ], [ -94.87516, 48.96655 ], [ -95.07623, 48.96783 ], [ -95.07701, 48.92051 ], [ -94.91629, 48.91951 ], [ -94.83692, 48.87164 ] ] ], [ [ [ -90.83638, 49.12461 ], [ -90.86574, 49.24406 ], [ -91.02718, 49.24911 ], [ -91.02294, 49.29639 ], [ -91.22496, 49.30248 ], [ -91.34818, 49.28236 ], [ -91.42898, 49.28466 ], [ -91.51361, 49.23963 ], [ -91.50978, 49.28693 ], [ -91.59059, 49.28915 ], [ -91.59623, 49.21821 ], [ -91.55587, 49.2171 ], [ -91.5672, 49.07526 ], [ -91.76847, 49.08066 ], [ -91.73184, 49.03232 ], [ -91.93298, 49.03752 ], [ -92.01682, 48.99225 ], [ -92.09059, 49.08879 ], [ -92.0856, 49.15973 ], [ -92.15971, 49.25626 ], [ -92.27931, 49.28275 ], [ -92.48139, 49.28727 ], [ -92.48439, 49.23995 ], [ -92.60556, 49.24254 ], [ -92.65308, 49.12511 ], [ -92.85463, 49.12916 ], [ -92.8573, 49.08186 ], [ -93.01842, 49.08492 ], [ -93.10145, 49.03908 ], [ -93.09899, 49.08638 ], [ -93.1417, 49.0398 ], [ -93.30271, 49.04257 ], [ -93.30729, 48.94797 ], [ -93.19506, 48.7804 ], [ -93.11615, 48.75534 ], [ -93.12344, 48.61353 ], [ -93.28323, 48.61632 ], [ -93.35867, 48.7122 ], [ -93.35644, 48.75948 ], [ -93.55568, 48.78629 ], [ -93.63383, 48.83478 ], [ -93.63182, 48.88208 ], [ -93.79147, 48.90801 ], [ -93.82979, 48.95586 ], [ -93.8261, 49.05047 ], [ -93.98632, 49.07622 ], [ -94.34892, 49.08034 ], [ -94.35033, 49.03302 ], [ -94.43151, 49.01017 ], [ -94.43284, 48.96285 ], [ -94.59368, 48.96434 ], [ -94.59487, 48.91703 ], [ -94.67634, 48.8704 ], [ -94.83692, 48.87164 ], [ -94.8379, 48.82434 ], [ -94.47692, 48.82132 ], [ -94.39739, 48.79689 ], [ -94.15687, 48.79432 ], [ -94.11997, 48.69927 ], [ -93.87988, 48.69628 ], [ -93.84078, 48.67211 ], [ -93.60083, 48.66869 ], [ -93.60285, 48.62142 ], [ -93.44411, 48.59531 ], [ -93.16458, 48.59061 ], [ -93.16697, 48.54335 ], [ -93.08963, 48.49466 ], [ -92.9302, 48.49167 ], [ -92.92761, 48.53893 ], [ -92.84784, 48.53738 ], [ -92.80795, 48.53659 ], [ -92.60854, 48.53248 ], [ -92.60568, 48.57973 ], [ -92.72543, 48.58223 ], [ -92.75988, 48.67756 ], [ -92.83852, 48.70279 ], [ -92.83585, 48.75006 ], [ -92.71574, 48.74765 ], [ -92.63851, 48.69873 ], [ -92.59564, 48.74515 ], [ -92.58988, 48.83969 ], [ -92.4651, 48.90801 ], [ -92.34622, 48.88168 ], [ -92.18573, 48.87795 ], [ -92.10878, 48.82876 ], [ -92.11207, 48.7815 ], [ -92.03365, 48.75591 ], [ -92.02526, 48.87407 ], [ -91.8247, 48.86899 ], [ -91.78994, 48.79705 ], [ -91.42951, 48.7872 ], [ -91.35336, 48.73765 ], [ -91.26536, 48.8298 ], [ -91.18726, 48.8038 ], [ -91.11543, 48.70691 ], [ -91.03548, 48.70445 ], [ -90.98705, 48.79767 ], [ -91.06295, 48.84739 ], [ -91.13281, 48.96796 ], [ -90.89186, 48.9605 ], [ -90.77805, 48.88577 ], [ -90.65776, 48.88182 ], [ -90.70682, 48.78868 ], [ -90.50672, 48.78195 ], [ -90.34905, 48.75279 ], [ -90.34428, 48.8 ], [ -90.30425, 48.79859 ], [ -90.34188, 48.82361 ], [ -90.3371, 48.87084 ], [ -90.37717, 48.87224 ], [ -90.37241, 48.91947 ], [ -90.61311, 48.92771 ], [ -90.64643, 48.99992 ], [ -90.80715, 49.00518 ], [ -90.88535, 49.03137 ], [ -90.87665, 49.12589 ], [ -90.83638, 49.12461 ] ] ] ] } },
{ "type": "Feature", "properties": { "ID": 4 }, "geometry": { "type": "MultiPolygon", "coordinates": [ [ [ [ -88.3615, 43.91514 ], [ -88.3347, 44.12639 ], [ -88.40845, 44.13017 ], [ -88.41436, 44.08323 ], [ -88.45122, 44.0851 ], [ -88.46589, 43.96773 ], [ -88.42911, 43.96586 ], [ -88.43499, 43.91891 ], [ -88.3615, 43.91514 ] ] ], [ [ [ -81.33928, 45.0033 ], [ -81.30219, 44.99966 ], [ -81.27315, 45.11602 ], [ -81.34748, 45.12329 ], [ -81.31847, 45.23966 ], [ -81.54199, 45.2613 ], [ -81.50192, 45.11444 ], [ -81.33928, 45.0033 ] ] ], [ [ [ -81.74988, 45.66237 ], [ -81.66339, 45.70188 ], [ -81.64046, 45.79505 ], [ -81.79662, 45.7859 ], [ -81.80797, 45.7393 ], [ -81.7385, 45.70896 ], [ -81.74988, 45.66237 ] ] ], [ [ [ -81.88315, 45.74631 ], [ -81.86055, 45.83952 ], [ -81.93024, 45.86982 ], [ -81.90767, 45.96304 ], [ -81.98315, 45.97 ], [ -82.0377, 45.90354 ], [ -82.16747, 45.84393 ], [ -82.26401, 45.92412 ], [ -82.40952, 45.96098 ], [ -82.42042, 45.91433 ], [ -82.50671, 45.87439 ], [ -82.53368, 45.75776 ], [ -82.38859, 45.72102 ], [ -82.2382, 45.70746 ], [ -82.21712, 45.6341 ], [ -82.06698, 45.62038 ], [ -81.99752, 45.59015 ], [ -81.88315, 45.74631 ] ] ], [ [ [ -82.93753, 45.84057 ], [ -82.7867, 45.82755 ], [ -82.77611, 45.87423 ], [ -82.95958, 45.91384 ], [ -83.14846, 45.92988 ], [ -83.15876, 45.88318 ], [ -82.9323, 45.86392 ], [ -82.93753, 45.84057 ] ] ], [ [ [ -82.61451, 45.90771 ], [ -82.60377, 45.95437 ], [ -82.7171, 45.96429 ], [ -82.72775, 45.91762 ], [ -82.61451, 45.90771 ] ] ], [ [ [ -88.20743, 47.40672 ], [ -88.21064, 47.3832 ], [ -88.05477, 47.37537 ], [ -88.04822, 47.42241 ], [ -87.73635, 47.40628 ], [ -87.72954, 47.4533 ], [ -88.04165, 47.46944 ], [ -88.16198, 47.45182 ], [ -88.20743, 47.40672 ] ] ], [ [ [ -85.85927, 47.79446 ], [ -85.86767, 47.74751 ], [ -85.71118, 47.73735 ], [ -85.6635, 47.78174 ], [ -85.85927, 47.79446 ] ] ], [ [ [ -88.75386, 48.04861 ], [ -88.83276, 48.0522 ], [ -88.83874, 48.00509 ], [ -88.75386, 48.04861 ] ] ], [ [ [ -80.38211, 44.1664 ], [ -80.28465, 44.25156 ], [ -80.39437, 44.26318 ], [ -80.44306, 44.22057 ], [ -80.38211, 44.1664 ] ] ], [ [ [ -78.70347, 44.12253 ], [ -78.69003, 44.16884 ], [ -78.85881, 44.23644 ], [ -79.00468, 44.25331 ], [ -79.03457, 44.28068 ], [ -79.10757, 44.28904 ], [ -79.12071, 44.24269 ], [ -79.07765, 44.26169 ], [ -79.04117, 44.2575 ], [ -79.05435, 44.21116 ], [ -78.98145, 44.20276 ], [ -78.99466, 44.15642 ], [ -79.17683, 44.17732 ], [ -79.28221, 44.0697 ], [ -79.355, 44.07795 ], [ -79.38722, 43.96201 ], [ -79.24194, 43.94552 ], [ -79.22511, 43.87184 ], [ -79.15259, 43.86353 ], [ -79.08663, 43.83201 ], [ -79.04734, 43.97105 ], [ -78.87562, 44.04689 ], [ -78.80294, 44.03841 ], [ -78.73985, 44.12679 ], [ -78.70347, 44.12253 ] ] ], [ [ [ -80.38229, 44.45289 ], [ -80.45569, 44.4606 ], [ -80.486, 44.34442 ], [ -80.46148, 44.29412 ], [ -80.37612, 44.33287 ], [ -80.26628, 44.32124 ], [ -80.2294, 44.46059 ], [ -80.29665, 44.4916 ], [ -80.38229, 44.45289 ] ] ], [ [ [ -77.12184, 44.11993 ], [ -77.23064, 44.13387 ], [ -77.24519, 44.08769 ], [ -77.13646, 44.07377 ], [ -77.12184, 44.11993 ] ] ], [ [ [ -80.57239, 44.5921 ], [ -80.62123, 44.54943 ], [ -80.64526, 44.45646 ], [ -80.57787, 44.42561 ], [ -80.53561, 44.58828 ], [ -80.57239, 44.5921 ] ] ], [ [ [ -79.18439, 44.41743 ], [ -79.15152, 44.53333 ], [ -79.21173, 44.588 ], [ -79.28513, 44.59628 ], [ -79.38878, 44.63182 ], [ -79.5377, 44.50493 ], [ -79.5826, 44.34255 ], [ -79.52231, 44.28803 ], [ -79.53513, 44.24164 ], [ -79.49862, 44.23757 ], [ -79.3332, 44.29074 ], [ -79.32022, 44.33711 ], [ -79.21712, 44.30152 ], [ -79.14408, 44.29321 ], [ -79.18439, 44.41743 ] ] ], [ [ [ -80.79322, 44.61483 ], [ -80.63997, 44.62296 ], [ -80.65875, 44.69648 ], [ -80.80623, 44.71159 ], [ -80.79322, 44.61483 ] ] ], [ [ [ -81.05863, 44.76094 ], [ -81.0452, 44.6642 ], [ -80.97148, 44.65678 ], [ -80.92281, 44.69957 ], [ -80.89911, 44.79259 ], [ -81.00994, 44.80375 ], [ -81.05863, 44.76094 ] ] ], [ [ [ -81.18689, 44.70219 ], [ -81.1636, 44.79525 ], [ -81.11495, 44.8381 ], [ -81.14024, 44.88831 ], [ -81.22009, 44.87238 ], [ -81.26069, 44.7095 ], [ -81.18689, 44.70219 ] ] ], [ [ [ -79.84779, 44.75407 ], [ -79.82364, 44.70365 ], [ -79.78683, 44.69965 ], [ -79.77411, 44.74607 ], [ -79.84779, 44.75407 ] ] ], [ [ [ -79.96463, 44.74279 ], [ -79.93942, 44.83566 ], [ -80.05641, 44.82431 ], [ -80.07519, 44.75465 ], [ -79.96463, 44.74279 ] ] ], [ [ [ -79.73288, 45.17185 ], [ -79.80068, 45.20309 ], [ -79.84938, 45.30395 ], [ -79.83016, 45.3736 ], [ -79.92274, 45.45522 ], [ -79.89716, 45.5481 ], [ -79.97823, 45.53283 ], [ -79.93991, 45.67217 ], [ -80.00839, 45.70333 ], [ -80.02035, 45.8002 ], [ -80.12656, 45.83525 ], [ -80.10751, 45.90496 ], [ -80.25788, 45.92062 ], [ -80.39584, 45.98262 ], [ -80.65954, 46.00943 ], [ -80.67183, 45.96291 ], [ -80.69024, 45.89313 ], [ -80.62732, 45.83902 ], [ -80.60821, 45.76545 ], [ -80.54551, 45.71131 ], [ -80.55783, 45.66481 ], [ -80.40181, 45.6727 ], [ -80.35809, 45.54876 ], [ -80.38294, 45.4558 ], [ -80.20269, 45.41313 ], [ -80.04729, 45.42065 ], [ -79.98547, 45.3663 ], [ -80.0045, 45.29663 ], [ -80.06063, 45.23091 ], [ -79.99267, 45.19979 ], [ -80.01163, 45.13012 ], [ -79.95015, 45.07576 ], [ -79.93212, 45.00214 ], [ -79.82113, 44.99018 ], [ -79.76635, 44.91253 ], [ -79.77136, 45.03259 ], [ -79.73288, 45.17185 ] ] ], [ [ [ -66.08402, 45.21241 ], [ -66.06132, 45.33169 ], [ -66.03785, 45.37647 ], [ -66.00195, 45.36915 ], [ -65.97843, 45.41392 ], [ -66.01435, 45.42125 ], [ -65.97903, 45.48842 ], [ -66.015, 45.49575 ], [ -65.97964, 45.56292 ], [ -66.08772, 45.5849 ], [ -66.07522, 45.53279 ], [ -66.14725, 45.5474 ], [ -66.1707, 45.5026 ], [ -66.29042, 45.50202 ], [ -66.31374, 45.4572 ], [ -66.40898, 45.42685 ], [ -66.47849, 45.29232 ], [ -66.44259, 45.2851 ], [ -66.45416, 45.26268 ], [ -66.41827, 45.25545 ], [ -66.36971, 45.19614 ], [ -66.27385, 45.15197 ], [ -66.28545, 45.12956 ], [ -66.16648, 45.13013 ], [ -66.08402, 45.21241 ] ] ], [ [ [ -64.92327, 45.74142 ], [ -64.83905, 45.74854 ], [ -64.76617, 45.80782 ], [ -64.72919, 45.87471 ], [ -64.88574, 45.88286 ], [ -64.91028, 45.83825 ], [ -64.94633, 45.84583 ], [ -64.99527, 45.75658 ], [ -64.92327, 45.74142 ] ] ], [ [ [ -63.98994, 46.04064 ], [ -63.83311, 46.03157 ], [ -63.75664, 46.1649 ], [ -64.00955, 46.21974 ], [ -64.02223, 46.19749 ], [ -64.31175, 46.25963 ], [ -64.51803, 46.25363 ], [ -64.49172, 46.37274 ], [ -64.60073, 46.39578 ], [ -64.56319, 46.46266 ], [ -64.61095, 46.52259 ], [ -64.72029, 46.54554 ], [ -64.69426, 46.66472 ], [ -64.88793, 46.82967 ], [ -64.86294, 46.87432 ], [ -64.93634, 46.88952 ], [ -65.02283, 46.80777 ], [ -64.94952, 46.79261 ], [ -64.90118, 46.73277 ], [ -64.93851, 46.66579 ], [ -64.96335, 46.62114 ], [ -64.97575, 46.59881 ], [ -64.97643, 46.52425 ], [ -64.92828, 46.46443 ], [ -64.85542, 46.44923 ], [ -64.86783, 46.42692 ], [ -64.83143, 46.41931 ], [ -64.85625, 46.37468 ], [ -64.81988, 46.36707 ], [ -64.85707, 46.30014 ], [ -64.85789, 46.2256 ], [ -64.87025, 46.20329 ], [ -64.83399, 46.19568 ], [ -64.82162, 46.21799 ], [ -64.71285, 46.19511 ], [ -64.65282, 46.15752 ], [ -64.64039, 46.17981 ], [ -64.53177, 46.15681 ], [ -64.43574, 46.11145 ], [ -64.4732, 46.04462 ], [ -64.3774, 45.99923 ], [ -64.32732, 46.0883 ], [ -64.27864, 46.10283 ], [ -63.98994, 46.04064 ] ] ], [ [ [ -63.2134, 46.12052 ], [ -63.31585, 46.29349 ], [ -63.3881, 46.30941 ], [ -63.44483, 46.42202 ], [ -63.51728, 46.43788 ], [ -63.52767, 46.49022 ], [ -63.63412, 46.58848 ], [ -63.71971, 46.58203 ], [ -63.81596, 46.62785 ], [ -63.79023, 46.67232 ], [ -63.93597, 46.70369 ], [ -63.91031, 46.74818 ], [ -64.01979, 46.77163 ], [ -63.98133, 46.8384 ], [ -64.1276, 46.86959 ], [ -64.18802, 46.90741 ], [ -64.28676, 46.87837 ], [ -64.37415, 46.79698 ], [ -64.43741, 46.68555 ], [ -64.43877, 46.61098 ], [ -64.32942, 46.58783 ], [ -64.30411, 46.63238 ], [ -64.19477, 46.60913 ], [ -64.11098, 46.54128 ], [ -64.18713, 46.40773 ], [ -63.96948, 46.361 ], [ -63.83522, 46.38198 ], [ -63.80116, 46.29959 ], [ -63.72881, 46.28387 ], [ -63.64603, 46.2158 ], [ -63.5506, 46.16989 ], [ -63.4656, 46.17624 ], [ -63.2134, 46.12052 ] ] ], [ [ [ -64.81285, 46.96362 ], [ -64.78683, 47.08287 ], [ -65.00787, 47.12848 ], [ -64.98217, 47.24778 ], [ -65.05608, 47.26293 ], [ -65.09357, 47.19588 ], [ -65.1305, 47.20343 ], [ -65.06914, 47.16597 ], [ -65.0941, 47.12127 ], [ -65.10656, 47.09892 ], [ -65.08217, 47.06901 ], [ -65.09462, 47.04666 ], [ -64.83706, 46.99357 ], [ -64.81285, 46.96362 ] ] ], [ [ [ -69.76083, 48.11732 ], [ -69.77165, 48.09459 ], [ -69.7552, 48.04269 ], [ -69.76083, 48.11732 ] ] ], [ [ [ -68.58568, 48.40617 ], [ -68.50197, 48.49003 ], [ -68.61664, 48.51027 ], [ -68.58568, 48.40617 ] ] ] ] } },
{ "type": "Feature", "properties": { "ID": 5 }, "geometry": { "type": "MultiPolygon", "coordinates": [ [ [ [ -96.90839, 50.34216 ], [ -96.8664, 50.29493 ], [ -96.74282, 50.29553 ], [ -96.74379, 50.36672 ], [ -96.90839, 50.34216 ] ] ], [ [ [ -96.5406, 50.67615 ], [ -96.58208, 50.67601 ], [ -96.58056, 50.53353 ], [ -96.53918, 50.53368 ], [ -96.5406, 50.67615 ] ] ], [ [ [ -92.23952, 50.46798 ], [ -92.2428, 50.42054 ], [ -92.57291, 50.42773 ], [ -92.654, 50.45315 ], [ -92.64815, 50.54805 ], [ -92.93772, 50.55367 ], [ -93.01655, 50.62639 ], [ -93.01394, 50.67386 ], [ -93.22006, 50.70121 ], [ -93.22613, 50.58252 ], [ -93.14708, 50.50991 ], [ -93.35379, 50.51336 ], [ -93.34801, 50.63203 ], [ -93.47232, 50.63398 ], [ -93.47453, 50.5865 ], [ -93.64014, 50.58895 ], [ -93.64426, 50.49401 ], [ -94.0163, 50.4989 ], [ -94.01803, 50.45143 ], [ -94.1023, 50.40494 ], [ -94.18484, 50.40587 ], [ -94.22843, 50.33514 ], [ -94.5582, 50.33836 ], [ -94.56196, 50.19602 ], [ -94.68588, 50.17333 ], [ -94.68702, 50.1259 ], [ -94.77021, 50.07911 ], [ -94.68986, 50.00734 ], [ -94.69606, 49.74662 ], [ -94.77867, 49.69987 ], [ -94.73955, 49.62848 ], [ -94.74225, 49.51006 ], [ -94.82347, 49.51066 ], [ -94.90749, 49.36915 ], [ -94.90982, 49.25079 ], [ -94.99238, 49.15664 ], [ -95.19414, 49.15777 ], [ -95.19449, 49.1341 ], [ -95.23482, 49.1343 ], [ -95.23774, 48.92135 ], [ -95.07701, 48.92051 ], [ -95.07623, 48.96783 ], [ -94.87516, 48.96655 ], [ -94.83692, 48.87164 ], [ -94.67634, 48.8704 ], [ -94.59487, 48.91703 ], [ -94.59368, 48.96434 ], [ -94.43284, 48.96285 ], [ -94.43151, 49.01017 ], [ -94.35033, 49.03302 ], [ -94.34892, 49.08034 ], [ -93.98632, 49.07622 ], [ -93.8261, 49.05047 ], [ -93.82979, 48.95586 ], [ -93.79147, 48.90801 ], [ -93.63182, 48.88208 ], [ -93.63383, 48.83478 ], [ -93.55568, 48.78629 ], [ -93.35644, 48.75948 ], [ -93.35867, 48.7122 ], [ -93.28323, 48.61632 ], [ -93.12344, 48.61353 ], [ -93.11615, 48.75534 ], [ -93.19506, 48.7804 ], [ -93.30729, 48.94797 ], [ -93.30271, 49.04257 ], [ -93.1417, 49.0398 ], [ -93.09899, 49.08638 ], [ -93.09652, 49.13369 ], [ -93.01588, 49.13222 ], [ -92.89097, 49.20091 ], [ -92.84523, 49.29476 ], [ -92.72394, 49.29235 ], [ -92.67643, 49.40984 ], [ -92.47387, 49.40557 ], [ -92.39748, 49.3328 ], [ -92.23568, 49.32912 ], [ -92.22924, 49.42376 ], [ -92.3087, 49.44929 ], [ -92.30554, 49.49662 ], [ -92.42726, 49.49934 ], [ -92.46481, 49.54757 ], [ -92.41652, 49.66504 ], [ -92.33513, 49.66323 ], [ -92.32882, 49.75794 ], [ -92.24406, 49.80344 ], [ -92.0401, 49.79862 ], [ -92.0503, 49.65657 ], [ -91.9265, 49.67724 ], [ -91.91246, 49.86665 ], [ -91.78995, 49.86353 ], [ -91.77356, 50.0767 ], [ -91.88942, 50.17461 ], [ -92.09308, 50.20332 ], [ -92.08629, 50.29814 ], [ -92.16362, 50.37121 ], [ -92.15694, 50.46607 ], [ -92.23952, 50.46798 ] ], [ [ -94.46196, 49.36554 ], [ -94.42348, 49.29413 ], [ -94.58527, 49.29563 ], [ -94.62396, 49.367 ], [ -94.70497, 49.36766 ], [ -94.70275, 49.46237 ], [ -94.62161, 49.46171 ], [ -94.46196, 49.36554 ] ], [ [ -92.36958, 49.75885 ], [ -92.3727, 49.71149 ], [ -92.53415, 49.73872 ], [ -92.52817, 49.83345 ], [ -92.36958, 49.75885 ] ] ], [ [ [ -71.89498, 48.68236 ], [ -72.12749, 48.71788 ], [ -72.25377, 48.7126 ], [ -72.27361, 48.66678 ], [ -72.23486, 48.66092 ], [ -72.26459, 48.5922 ], [ -72.1872, 48.58047 ], [ -72.1783, 48.5059 ], [ -71.79237, 48.44665 ], [ -71.75205, 48.53814 ], [ -71.74015, 48.65849 ], [ -71.89498, 48.68236 ] ] ], [ [ [ -93.54769, 50.80144 ], [ -93.55413, 50.65896 ], [ -93.47121, 50.65772 ], [ -93.46456, 50.80019 ], [ -93.54769, 50.80144 ] ] ], [ [ [ -93.1955, 51.17636 ], [ -93.19178, 51.24768 ], [ -93.31751, 51.24975 ], [ -93.36409, 51.15531 ], [ -93.19798, 51.12881 ], [ -93.1955, 51.17636 ] ] ] ] } },
{ "type": "Feature", "properties": { "ID": 6 }, "geometry": { "type": "MultiPolygon", "coordinates": [ [ [ [ -80.89451, 46.29552 ], [ -80.91416, 46.36908 ], [ -81.10391, 46.38764 ], [ -81.14787, 46.36804 ], [ -81.15386, 46.34476 ], [ -81.078, 46.33738 ], [ -81.09003, 46.29082 ], [ -80.9703, 46.30298 ], [ -80.89451, 46.29552 ] ] ], [ [ [ -80.47804, 46.25381 ], [ -80.49714, 46.32742 ], [ -80.55423, 46.40487 ], [ -80.70602, 46.42009 ], [ -80.7686, 46.33079 ], [ -80.743, 46.28048 ], [ -80.78087, 46.28425 ], [ -80.787, 46.26098 ], [ -80.67345, 46.24964 ], [ -80.60397, 46.21877 ], [ -80.52834, 46.21113 ], [ -80.503, 46.16078 ], [ -80.47804, 46.25381 ] ] ], [ [ [ -79.33862, 46.15758 ], [ -79.29836, 46.29683 ], [ -79.20928, 46.33496 ], [ -79.09591, 46.32245 ], [ -79.06179, 46.43846 ], [ -79.14817, 46.54381 ], [ -79.25521, 46.57949 ], [ -79.26609, 46.67649 ], [ -79.23211, 46.79256 ], [ -79.32187, 46.75441 ], [ -79.38693, 46.66565 ], [ -79.463, 46.67385 ], [ -79.54576, 46.65879 ], [ -79.53241, 46.70525 ], [ -79.68471, 46.72147 ], [ -79.69133, 46.69824 ], [ -79.72434, 46.58207 ], [ -79.617, 46.54672 ], [ -79.64347, 46.45381 ], [ -79.7077, 46.36495 ], [ -79.89704, 46.38499 ], [ -80.05504, 46.37761 ], [ -80.11856, 46.28858 ], [ -80.19424, 46.29642 ], [ -80.21967, 46.20344 ], [ -80.13773, 46.21885 ], [ -79.98662, 46.20308 ], [ -79.77315, 46.13268 ], [ -79.79918, 46.03978 ], [ -79.71736, 46.05497 ], [ -79.52916, 46.03471 ], [ -79.46054, 46.00333 ], [ -79.44727, 46.04975 ], [ -79.51594, 46.08114 ], [ -79.48943, 46.17399 ], [ -79.33862, 46.15758 ] ] ], [ [ [ -80.39648, 46.6996 ], [ -80.49198, 46.78096 ], [ -80.68295, 46.80005 ], [ -80.7914, 46.83467 ], [ -80.84198, 46.79186 ], [ -80.87273, 46.67545 ], [ -80.68211, 46.6566 ], [ -80.4979, 46.61425 ], [ -80.40281, 46.67634 ], [ -80.39648, 46.6996 ] ] ], [ [ [ -78.97935, 46.71688 ], [ -79.00692, 46.62407 ], [ -78.89302, 46.61141 ], [ -78.9033, 46.70844 ], [ -78.97935, 46.71688 ] ] ], [ [ [ -78.83047, 46.8202 ], [ -78.81651, 46.8666 ], [ -78.87884, 46.92149 ], [ -79.03843, 46.91515 ], [ -79.05911, 46.84552 ], [ -78.9967, 46.7907 ], [ -78.97935, 46.71688 ], [ -78.96554, 46.76329 ], [ -78.83047, 46.8202 ] ] ], [ [ [ -89.87981, 47.90671 ], [ -89.71183, 47.9948 ], [ -89.59352, 47.99006 ], [ -89.54333, 48.08273 ], [ -89.45888, 48.12663 ], [ -89.37983, 48.12335 ], [ -89.33475, 48.16883 ], [ -89.36598, 48.2412 ], [ -89.44793, 48.22091 ], [ -89.45341, 48.17377 ], [ -89.79071, 47.99791 ], [ -89.87981, 47.90671 ] ] ], [ [ [ -88.83036, 48.38383 ], [ -88.751, 48.38024 ], [ -88.70213, 48.44913 ], [ -88.72965, 48.54522 ], [ -88.82133, 48.45454 ], [ -88.83036, 48.38383 ] ] ], [ [ [ -85.78301, 48.21718 ], [ -85.8887, 48.29525 ], [ -85.96774, 48.30026 ], [ -85.93826, 48.46477 ], [ -86.01754, 48.46976 ], [ -86.04464, 48.54277 ], [ -86.12404, 48.54771 ], [ -86.11157, 48.61825 ], [ -86.25829, 48.69858 ], [ -86.20756, 48.52909 ], [ -86.22809, 48.41153 ], [ -86.14888, 48.40665 ], [ -86.1217, 48.33367 ], [ -86.13822, 48.23966 ], [ -86.02395, 48.20876 ], [ -86.03228, 48.16177 ], [ -85.95763, 48.13329 ], [ -85.93503, 48.03683 ], [ -85.81704, 48.02928 ], [ -85.78198, 48.00326 ], [ -85.70338, 47.99816 ], [ -85.71194, 47.9512 ], [ -85.5113, 47.96176 ], [ -85.4982, 48.03218 ], [ -85.57683, 48.03739 ], [ -85.56814, 48.08435 ], [ -85.68621, 48.09209 ], [ -85.7127, 48.1651 ], [ -85.75212, 48.16766 ], [ -85.74356, 48.21464 ], [ -85.78301, 48.21718 ] ] ], [ [ [ -75.90548, 45.59653 ], [ -75.95051, 45.57845 ], [ -75.95847, 45.55541 ], [ -75.88438, 45.54551 ], [ -75.86841, 45.59157 ], [ -75.90548, 45.59653 ] ] ], [ [ [ -75.65896, 45.63569 ], [ -75.60569, 45.67671 ], [ -75.70894, 45.71479 ], [ -75.72506, 45.66874 ], [ -75.65896, 45.63569 ] ] ], [ [ [ -74.35336, 45.69477 ], [ -74.32753, 45.76362 ], [ -74.23617, 45.79882 ], [ -74.16208, 45.78808 ], [ -74.12728, 45.87984 ], [ -74.01603, 45.86363 ], [ -73.95263, 45.92701 ], [ -73.80425, 45.90521 ], [ -73.76882, 45.9969 ], [ -73.88026, 46.01329 ], [ -74.35257, 46.00917 ], [ -74.46139, 45.92798 ], [ -74.52135, 45.76725 ], [ -74.5014, 45.71604 ], [ -74.35336, 45.69477 ] ] ], [ [ [ -73.73169, 45.99142 ], [ -73.75832, 45.92266 ], [ -73.65599, 45.88327 ], [ -73.50784, 45.86119 ], [ -73.454, 45.99861 ], [ -73.52823, 46.0097 ], [ -73.69457, 45.98593 ], [ -73.73169, 45.99142 ] ] ], [ [ [ -70.88491, 45.83411 ], [ -70.85497, 45.90233 ], [ -70.90861, 45.96016 ], [ -71.01912, 45.97862 ], [ -71.05882, 45.8876 ], [ -70.95842, 45.84643 ], [ -70.88491, 45.83411 ] ] ], [ [ [ -70.30199, 46.07738 ], [ -70.31427, 46.22626 ], [ -70.37791, 46.26157 ], [ -70.43921, 46.12527 ], [ -70.30199, 46.07738 ] ] ], [ [ [ -69.79894, 48.12377 ], [ -69.74477, 48.23741 ], [ -69.85432, 48.35414 ], [ -69.8926, 48.36057 ], [ -69.99075, 48.32791 ], [ -70.07199, 48.2433 ], [ -70.18671, 48.26241 ], [ -70.20805, 48.21689 ], [ -70.14231, 48.18142 ], [ -70.20626, 48.0449 ], [ -70.30368, 48.01207 ], [ -70.34596, 47.92103 ], [ -70.24247, 47.8793 ], [ -70.27419, 47.81105 ], [ -70.3565, 47.89828 ], [ -70.44308, 47.88812 ], [ -70.50598, 47.75154 ], [ -70.62353, 47.67299 ], [ -70.79907, 47.28593 ], [ -70.87442, 47.29831 ], [ -70.95598, 47.11612 ], [ -71.06874, 47.13456 ], [ -71.13663, 47.07234 ], [ -71.28694, 47.09673 ], [ -71.34213, 47.15448 ], [ -71.41742, 47.16659 ], [ -71.41972, 47.06933 ], [ -71.57015, 47.09345 ], [ -71.69292, 47.08863 ], [ -71.71264, 47.04299 ], [ -71.79769, 47.0321 ], [ -71.91054, 47.04993 ], [ -71.93982, 46.98143 ], [ -72.16652, 46.91955 ], [ -72.24258, 46.83402 ], [ -72.30007, 46.69693 ], [ -72.37497, 46.70858 ], [ -72.39402, 46.66287 ], [ -72.35659, 46.65706 ], [ -72.37564, 46.61135 ], [ -72.41304, 46.61716 ], [ -72.43203, 46.57146 ], [ -72.58157, 46.59459 ], [ -72.64698, 46.62897 ], [ -72.60928, 46.72045 ], [ -72.64677, 46.7262 ], [ -72.61845, 46.79481 ], [ -72.79683, 46.84638 ], [ -72.86251, 46.78343 ], [ -72.90918, 46.66901 ], [ -73.03093, 46.66313 ], [ -73.10537, 46.57721 ], [ -73.1422, 46.48563 ], [ -73.20638, 46.32536 ], [ -73.27103, 46.26228 ], [ -73.252, 46.21088 ], [ -73.17758, 46.19966 ], [ -73.16779, 46.12537 ], [ -73.09348, 46.11411 ], [ -72.96337, 46.04572 ], [ -72.85214, 46.02867 ], [ -72.7502, 46.08585 ], [ -72.75945, 46.16016 ], [ -72.91731, 46.1601 ], [ -72.82448, 46.19446 ], [ -72.79663, 46.26307 ], [ -72.65719, 46.21729 ], [ -72.5551, 46.17716 ], [ -72.40664, 46.154 ], [ -72.35134, 46.0967 ], [ -72.20316, 46.07335 ], [ -72.11959, 46.08445 ], [ -72.11006, 46.10727 ], [ -71.90571, 46.1234 ], [ -71.91676, 46.00342 ], [ -71.8798, 45.99749 ], [ -71.87169, 45.92314 ], [ -71.80753, 45.88845 ], [ -71.66009, 45.86458 ], [ -71.5593, 45.8238 ], [ -71.49331, 45.88614 ], [ -71.31659, 45.93029 ], [ -71.26006, 45.96976 ], [ -71.11265, 45.94536 ], [ -71.01912, 45.97862 ], [ -71.0162, 46.07578 ], [ -70.90618, 46.32607 ], [ -70.74791, 46.32407 ], [ -70.58314, 46.24747 ], [ -70.54245, 46.33839 ], [ -70.42117, 46.34231 ], [ -70.27317, 46.3171 ], [ -70.10749, 46.68045 ], [ -69.97028, 46.80392 ], [ -69.89577, 46.79111 ], [ -69.81631, 46.87546 ], [ -69.74175, 46.86258 ], [ -69.67261, 46.92418 ], [ -69.52288, 47.24174 ], [ -69.56567, 47.32279 ], [ -69.5226, 47.41353 ], [ -69.56552, 47.49461 ], [ -69.52231, 47.58537 ], [ -69.56536, 47.66646 ], [ -69.52202, 47.75725 ], [ -69.62476, 47.79944 ], [ -69.66796, 47.70862 ], [ -69.74362, 47.72155 ], [ -69.78658, 47.63071 ], [ -69.85645, 47.56901 ], [ -69.93102, 47.41001 ], [ -69.96868, 47.41641 ], [ -70.03219, 47.28011 ], [ -70.12841, 47.24741 ], [ -70.1704, 47.15652 ], [ -70.32468, 47.0846 ], [ -70.36624, 46.99367 ], [ -70.44112, 47.00626 ], [ -70.50953, 46.94432 ], [ -70.6218, 46.96308 ], [ -70.66949, 46.94656 ], [ -70.77161, 46.98796 ], [ -70.71019, 47.12451 ], [ -70.59388, 47.20307 ], [ -70.51103, 47.38509 ], [ -70.4148, 47.41803 ], [ -70.35618, 47.45722 ], [ -70.28073, 47.44458 ], [ -70.17373, 47.50012 ], [ -70.1904, 47.55193 ], [ -70.0725, 47.63014 ], [ -69.9756, 47.66282 ], [ -69.89504, 47.7473 ], [ -69.77681, 47.99725 ], [ -69.73879, 47.99079 ], [ -69.7552, 48.04269 ], [ -69.77165, 48.09459 ], [ -69.79894, 48.12377 ] ], [ [ -72.08405, 46.73615 ], [ -72.01885, 46.70153 ], [ -72.03818, 46.65587 ], [ -72.15038, 46.67352 ], [ -72.08405, 46.73615 ] ], [ [ -71.32191, 46.83386 ], [ -71.22706, 46.86727 ], [ -71.1522, 46.85507 ], [ -71.2023, 46.74117 ], [ -71.34183, 46.78828 ], [ -71.32191, 46.83386 ] ] ], [ [ [ -66.66175, 47.33386 ], [ -66.66023, 47.25925 ], [ -66.54878, 47.23765 ], [ -66.47579, 47.29782 ], [ -66.27803, 47.284 ], [ -66.25394, 47.32889 ], [ -66.16755, 47.33675 ], [ -66.14334, 47.38163 ], [ -66.55152, 47.38689 ], [ -66.58734, 47.31947 ], [ -66.66175, 47.33386 ] ] ] ] } },
{ "type": "Feature", "properties": { "ID": 7 }, "geometry": { "type": "MultiPolygon", "coordinates": [ [ [ [ -88.20354, 49.16121 ], [ -88.36445, 49.16891 ], [ -88.41758, 49.07645 ], [ -88.69881, 49.08944 ], [ -88.88376, 48.90789 ], [ -88.90479, 48.74279 ], [ -89.14449, 48.75322 ], [ -89.23013, 48.70944 ], [ -89.23584, 48.66227 ], [ -89.39544, 48.66893 ], [ -89.40101, 48.62175 ], [ -89.56052, 48.62825 ], [ -89.5923, 48.70063 ], [ -89.57604, 48.84221 ], [ -89.1358, 48.82398 ], [ -89.08995, 48.86945 ], [ -89.07823, 48.96383 ], [ -89.23582, 48.99425 ], [ -89.27024, 49.04313 ], [ -89.2588, 49.13755 ], [ -89.13518, 49.15607 ], [ -89.08905, 49.20156 ], [ -89.07726, 49.296 ], [ -88.9906, 49.33974 ], [ -88.97861, 49.4342 ], [ -89.0506, 49.50854 ], [ -89.02672, 49.69755 ], [ -89.47391, 49.71609 ], [ -89.59317, 49.74457 ], [ -89.61239, 49.5791 ], [ -89.73411, 49.58384 ], [ -89.72874, 49.63112 ], [ -89.80731, 49.65787 ], [ -89.79132, 49.79974 ], [ -89.8728, 49.80283 ], [ -89.88858, 49.66095 ], [ -89.93443, 49.61518 ], [ -90.13749, 49.62263 ], [ -90.1095, 49.50295 ], [ -89.94741, 49.49699 ], [ -89.96033, 49.37882 ], [ -90.09174, 49.28878 ], [ -90.21286, 49.29316 ], [ -90.21779, 49.2459 ], [ -90.37918, 49.25159 ], [ -90.45517, 49.30164 ], [ -90.50493, 49.20849 ], [ -90.70658, 49.21522 ], [ -90.75584, 49.12201 ], [ -90.71558, 49.1207 ], [ -90.59479, 49.1167 ], [ -90.60168, 49.04582 ], [ -90.52126, 49.04311 ], [ -90.53055, 48.94862 ], [ -90.49275, 48.92364 ], [ -90.25208, 48.91522 ], [ -90.25938, 48.84438 ], [ -90.14665, 48.76922 ], [ -90.16145, 48.62761 ], [ -90.12155, 48.62615 ], [ -90.13391, 48.50817 ], [ -90.02454, 48.40938 ], [ -90.07174, 48.3401 ], [ -90.08167, 48.24576 ], [ -90.00242, 48.24279 ], [ -89.9974, 48.28995 ], [ -89.79915, 48.28235 ], [ -89.74904, 48.37513 ], [ -89.66431, 48.41916 ], [ -89.42593, 48.40951 ], [ -89.37509, 48.50219 ], [ -89.28988, 48.54603 ], [ -89.17045, 48.54097 ], [ -89.1647, 48.58813 ], [ -89.04518, 48.58297 ], [ -88.87387, 48.67027 ], [ -88.86786, 48.71743 ], [ -88.7481, 48.71205 ], [ -88.74197, 48.75921 ], [ -88.65898, 48.77915 ], [ -88.64033, 48.92065 ], [ -88.52015, 48.9151 ], [ -88.43364, 48.95852 ], [ -88.42723, 49.00569 ], [ -88.347, 49.00189 ], [ -88.29054, 49.1179 ], [ -88.21017, 49.11404 ], [ -88.20354, 49.16121 ] ] ], [ [ [ -88.76382, 49.21105 ], [ -88.68327, 49.20742 ], [ -88.63046, 49.29999 ], [ -88.78259, 49.37809 ], [ -88.8041, 49.21285 ], [ -88.76382, 49.21105 ] ] ], [ [ [ -86.44033, 49.28031 ], [ -86.51274, 49.33217 ], [ -86.67388, 49.34155 ], [ -86.64954, 49.24499 ], [ -86.52889, 49.23795 ], [ -86.4444, 49.25676 ], [ -86.44033, 49.28031 ] ] ], [ [ [ -88.02866, 49.53283 ], [ -87.97788, 49.60164 ], [ -87.96755, 49.67246 ], [ -88.04873, 49.67645 ], [ -88.06915, 49.53481 ], [ -88.02866, 49.53283 ] ] ], [ [ [ -78.93772, 47.38365 ], [ -78.82233, 47.37094 ], [ -78.60595, 47.29885 ], [ -78.57026, 47.41486 ], [ -78.69279, 47.40455 ], [ -78.92371, 47.43009 ], [ -78.93772, 47.38365 ] ] ], [ [ [ -72.78773, 48.32931 ], [ -72.90349, 48.34645 ], [ -73.00937, 48.28902 ], [ -73.04747, 48.19726 ], [ -73.14346, 48.16269 ], [ -73.25899, 48.17957 ], [ -73.30783, 48.25964 ], [ -73.27955, 48.32851 ], [ -73.38606, 48.36827 ], [ -73.50208, 48.38498 ], [ -73.55809, 48.24715 ], [ -73.67391, 48.26373 ], [ -73.71416, 48.36667 ], [ -73.68632, 48.43563 ], [ -73.72671, 48.53859 ], [ -73.80435, 48.54958 ], [ -73.81541, 48.62406 ], [ -73.89319, 48.63501 ], [ -73.90242, 48.612 ], [ -73.94131, 48.61746 ], [ -73.97811, 48.52544 ], [ -73.93929, 48.51999 ], [ -74.04916, 48.24398 ], [ -74.16511, 48.26021 ], [ -74.31082, 48.30473 ], [ -74.37027, 48.36147 ], [ -74.48656, 48.37746 ], [ -74.50445, 48.33141 ], [ -74.60865, 48.27292 ], [ -74.67952, 48.08868 ], [ -74.73574, 48.04789 ], [ -74.88134, 48.09187 ], [ -74.89373, 48.16621 ], [ -74.97108, 48.17662 ], [ -75.03586, 48.11267 ], [ -75.15183, 48.12817 ], [ -75.21216, 47.96679 ], [ -75.25072, 47.97192 ], [ -75.30207, 47.8336 ], [ -75.52462, 47.88719 ], [ -75.61013, 47.87422 ], [ -75.66889, 47.71272 ], [ -75.79253, 47.70468 ], [ -75.77907, 47.63046 ], [ -75.88894, 47.54813 ], [ -75.92191, 47.45583 ], [ -76.01488, 47.41958 ], [ -75.98482, 47.39156 ], [ -76.01755, 47.29925 ], [ -76.01205, 47.20202 ], [ -75.93583, 47.19212 ], [ -75.93866, 47.07184 ], [ -75.87605, 47.13607 ], [ -75.68583, 47.1111 ], [ -75.72712, 46.99583 ], [ -75.54574, 46.94765 ], [ -75.44873, 46.88639 ], [ -75.51523, 46.70211 ], [ -75.43975, 46.69198 ], [ -75.43528, 46.5948 ], [ -75.3223, 46.57953 ], [ -75.23026, 46.61534 ], [ -75.18824, 46.73042 ], [ -75.0666, 46.73798 ], [ -74.99965, 46.70463 ], [ -75.01662, 46.65862 ], [ -74.94979, 46.62524 ], [ -74.93766, 46.55105 ], [ -74.97158, 46.45905 ], [ -74.82999, 46.41524 ], [ -74.77542, 46.45599 ], [ -74.63399, 46.412 ], [ -74.57929, 46.45268 ], [ -74.54475, 46.54459 ], [ -74.36577, 46.49506 ], [ -74.28202, 46.50733 ], [ -74.26452, 46.55326 ], [ -74.11443, 46.53175 ], [ -74.0504, 46.5952 ], [ -73.89137, 46.59642 ], [ -73.74131, 46.57455 ], [ -73.66931, 46.75801 ], [ -73.75355, 46.74606 ], [ -73.77152, 46.70019 ], [ -73.91299, 46.74498 ], [ -73.87722, 46.83676 ], [ -73.7642, 46.82036 ], [ -73.69947, 46.88368 ], [ -73.62408, 46.87267 ], [ -73.54222, 47.07906 ], [ -73.45745, 47.0909 ], [ -73.39207, 47.15412 ], [ -73.33674, 47.29167 ], [ -73.39417, 47.34869 ], [ -73.32937, 47.50921 ], [ -73.21517, 47.4924 ], [ -73.1497, 47.65288 ], [ -73.35917, 47.63506 ], [ -73.29305, 47.69828 ], [ -73.25568, 47.79003 ], [ -73.17918, 47.77879 ], [ -73.15098, 47.84758 ], [ -72.95997, 47.91665 ], [ -72.90284, 48.0542 ], [ -72.8453, 48.09434 ], [ -72.80689, 48.08862 ], [ -72.75884, 48.20322 ], [ -72.80699, 48.28345 ], [ -72.78773, 48.32931 ] ], [ [ -74.27842, 47.45149 ], [ -74.22247, 47.49209 ], [ -74.15513, 47.45834 ], [ -74.22892, 47.37181 ], [ -74.34316, 47.38788 ], [ -74.27842, 47.45149 ] ] ], [ [ [ -68.68627, 46.6266 ], [ -68.62327, 46.59058 ], [ -68.64522, 46.54537 ], [ -68.60429, 46.46414 ], [ -68.3831, 46.42367 ], [ -68.32776, 46.53658 ], [ -68.32029, 46.63369 ], [ -68.40907, 46.69919 ], [ -68.52016, 46.71945 ], [ -68.59028, 46.65839 ], [ -68.68627, 46.6266 ] ] ], [ [ [ -82.93675, 49.79895 ], [ -83.12795, 49.86207 ], [ -83.28997, 49.87482 ], [ -83.27903, 49.92181 ], [ -83.43585, 49.95791 ], [ -83.59822, 49.97037 ], [ -83.71476, 50.00311 ], [ -83.84192, 49.98874 ], [ -84.04513, 50.00378 ], [ -84.08064, 50.03028 ], [ -84.40617, 50.05375 ], [ -84.41118, 50.03021 ], [ -84.73684, 50.05302 ], [ -84.7417, 50.02947 ], [ -85.02676, 50.04889 ], [ -85.03622, 50.00179 ], [ -85.20372, 49.98909 ], [ -85.40728, 50.00244 ], [ -85.41641, 49.95531 ], [ -85.53849, 49.96319 ], [ -85.5475, 49.91607 ], [ -85.66951, 49.92385 ], [ -85.72788, 49.83216 ], [ -85.66001, 49.75634 ], [ -85.4573, 49.74332 ], [ -85.38081, 49.71449 ], [ -85.39446, 49.64385 ], [ -85.36767, 49.57058 ], [ -85.453, 49.55232 ], [ -85.51134, 49.46079 ], [ -85.67268, 49.47117 ], [ -85.69909, 49.32994 ], [ -85.74807, 49.28543 ], [ -85.86872, 49.29305 ], [ -85.89603, 49.36619 ], [ -85.87877, 49.46037 ], [ -86.07629, 49.49642 ], [ -86.13355, 49.40468 ], [ -86.22253, 49.36247 ], [ -86.30312, 49.36733 ], [ -86.31138, 49.32022 ], [ -86.25578, 49.17409 ], [ -86.21563, 49.17166 ], [ -86.22394, 49.12457 ], [ -86.0635, 49.11475 ], [ -86.03609, 49.04167 ], [ -85.96876, 48.9661 ], [ -85.88879, 48.96108 ], [ -85.78183, 48.88293 ], [ -85.79908, 48.78886 ], [ -85.65278, 48.7081 ], [ -85.67454, 48.59057 ], [ -85.6126, 48.49142 ], [ -85.53772, 48.46274 ], [ -85.55525, 48.36877 ], [ -85.40153, 48.33481 ], [ -85.41039, 48.28784 ], [ -85.25698, 48.25375 ], [ -85.26595, 48.20679 ], [ -85.1477, 48.19874 ], [ -84.76785, 48.10089 ], [ -84.57128, 48.0868 ], [ -84.5808, 48.0399 ], [ -84.4678, 48.00789 ], [ -84.39897, 47.95526 ], [ -84.42303, 47.83806 ], [ -84.39354, 47.7883 ], [ -84.31052, 47.80595 ], [ -84.15417, 47.79425 ], [ -84.08589, 47.7415 ], [ -84.10067, 47.67122 ], [ -83.94971, 47.63591 ], [ -83.67708, 47.61472 ], [ -83.62794, 47.65847 ], [ -83.58689, 47.84575 ], [ -83.51908, 47.79275 ], [ -83.441, 47.78653 ], [ -83.4176, 47.71319 ], [ -83.51624, 47.62581 ], [ -83.40466, 47.59306 ], [ -83.24909, 47.58048 ], [ -83.15012, 47.66769 ], [ -83.18718, 47.50396 ], [ -82.99309, 47.48794 ], [ -82.98773, 47.51132 ], [ -82.71607, 47.48848 ], [ -82.59419, 47.50191 ], [ -82.43905, 47.48853 ], [ -82.25089, 47.44823 ], [ -82.22915, 47.37476 ], [ -82.11881, 47.34112 ], [ -82.10299, 47.2443 ], [ -82.02581, 47.23738 ], [ -82.0544, 47.12069 ], [ -81.93891, 47.11027 ], [ -81.84082, 47.02979 ], [ -81.75815, 47.04607 ], [ -81.65198, 47.1556 ], [ -81.62845, 47.2489 ], [ -81.53948, 47.2884 ], [ -81.5038, 47.42835 ], [ -81.46512, 47.42475 ], [ -81.42317, 47.58804 ], [ -81.38439, 47.58442 ], [ -81.23217, 48.16774 ], [ -81.31052, 48.17505 ], [ -81.27371, 48.31512 ], [ -81.28841, 48.41218 ], [ -81.35484, 48.46617 ], [ -81.37586, 48.53988 ], [ -81.35744, 48.60997 ], [ -81.42417, 48.66395 ], [ -81.39963, 48.75743 ], [ -81.55195, 48.79524 ], [ -81.89692, 48.87394 ], [ -81.90689, 48.99443 ], [ -82.0661, 49.00837 ], [ -82.15745, 48.96847 ], [ -82.29927, 49.0524 ], [ -82.34491, 49.03239 ], [ -82.37375, 48.91531 ], [ -82.44756, 48.94549 ], [ -82.64658, 48.96222 ], [ -82.76045, 48.99557 ], [ -82.68723, 49.30023 ], [ -82.8307, 49.38375 ], [ -82.89421, 49.46065 ], [ -82.88302, 49.50757 ], [ -82.9579, 49.53754 ], [ -82.93557, 49.6314 ], [ -83.01621, 49.63789 ], [ -82.98836, 49.75525 ], [ -82.93675, 49.79895 ] ], [ [ -83.31865, 47.80053 ], [ -83.35245, 47.82708 ], [ -83.33145, 47.9207 ], [ -83.25321, 47.91439 ], [ -83.31865, 47.80053 ] ] ], [ [ [ -73.16438, 48.40908 ], [ -73.12632, 48.5009 ], [ -73.20379, 48.51218 ], [ -73.23226, 48.4433 ], [ -73.16438, 48.40908 ] ] ] ] } },
{ "type": "Feature", "properties": { "ID": 8 }, "geometry": { "type": "MultiPolygon", "coordinates": [ [ [ [ -78.32532, 40.69737 ], [ -78.31882, 40.72054 ], [ -78.35324, 40.72491 ], [ -78.34675, 40.74808 ], [ -78.38119, 40.75244 ], [ -78.39413, 40.70609 ], [ -78.32532, 40.69737 ] ] ], [ [ [ -81.08571, 41.4966 ], [ -80.99334, 41.58229 ], [ -80.98214, 41.62883 ], [ -81.05231, 41.63624 ], [ -81.12805, 41.62035 ], [ -81.18525, 41.53092 ], [ -81.15574, 41.50397 ], [ -81.08571, 41.4966 ] ] ], [ [ [ -78.09741, 42.75537 ], [ -78.06189, 42.75094 ], [ -78.02097, 42.88972 ], [ -78.05658, 42.89416 ], [ -78.04975, 42.91729 ], [ -78.12101, 42.92613 ], [ -78.1278, 42.903 ], [ -78.3416, 42.92933 ], [ -78.34832, 42.90618 ], [ -78.52656, 42.92787 ], [ -78.58872, 42.83957 ], [ -78.66655, 42.825 ], [ -78.76398, 42.74089 ], [ -78.83212, 42.62932 ], [ -78.90315, 42.63778 ], [ -78.92902, 42.5451 ], [ -78.99022, 42.45661 ], [ -79.09651, 42.46919 ], [ -79.15105, 42.40381 ], [ -79.27622, 42.3467 ], [ -79.37207, 42.26218 ], [ -79.39084, 42.19259 ], [ -79.46766, 42.17759 ], [ -79.56738, 42.21301 ], [ -79.7332, 42.13636 ], [ -79.82811, 42.05152 ], [ -79.86446, 41.91222 ], [ -79.95886, 41.82729 ], [ -80.10536, 41.81986 ], [ -80.28108, 41.83941 ], [ -80.30458, 41.74646 ], [ -80.22849, 41.76191 ], [ -80.12318, 41.75016 ], [ -80.13504, 41.7037 ], [ -80.0358, 41.66866 ], [ -79.93069, 41.65677 ], [ -79.90667, 41.74967 ], [ -79.74816, 41.80332 ], [ -79.64288, 41.79123 ], [ -79.63064, 41.83765 ], [ -79.49022, 41.82139 ], [ -79.43654, 41.88691 ], [ -79.3663, 41.8787 ], [ -79.33511, 41.99469 ], [ -79.23961, 42.07919 ], [ -79.20439, 42.07505 ], [ -79.19177, 42.12142 ], [ -79.12129, 42.1131 ], [ -79.07334, 42.15529 ], [ -79.04785, 42.24801 ], [ -78.99975, 42.29017 ], [ -78.92911, 42.28175 ], [ -78.73587, 42.45014 ], [ -78.70976, 42.54279 ], [ -78.60343, 42.52994 ], [ -78.59026, 42.57625 ], [ -78.51273, 42.59079 ], [ -78.49949, 42.63709 ], [ -78.35756, 42.61973 ], [ -78.25789, 42.58348 ], [ -78.17352, 42.62097 ], [ -78.16002, 42.66724 ], [ -78.07548, 42.70468 ], [ -78.09741, 42.75537 ] ] ], [ [ [ -77.42326, 42.6698 ], [ -77.35254, 42.7807 ], [ -77.33838, 42.82689 ], [ -77.40942, 42.83609 ], [ -77.45167, 42.69748 ], [ -77.48713, 42.70206 ], [ -77.49414, 42.67895 ], [ -77.42326, 42.6698 ] ] ], [ [ [ -82.7686, 43.8756 ], [ -82.77948, 43.99547 ], [ -82.92066, 44.03182 ], [ -82.89934, 43.9586 ], [ -82.93482, 43.79533 ], [ -82.84077, 43.71562 ], [ -82.78841, 43.61581 ], [ -82.80877, 43.52253 ], [ -82.74133, 43.49266 ], [ -82.73112, 43.5393 ], [ -82.6901, 43.72584 ], [ -82.72136, 43.75244 ], [ -82.66433, 43.84241 ], [ -82.69564, 43.86903 ], [ -82.7686, 43.8756 ] ] ], [ [ [ -85.93206, 44.71692 ], [ -85.9281, 44.74034 ], [ -85.89094, 44.73784 ], [ -85.875, 44.83151 ], [ -85.91222, 44.83402 ], [ -85.95736, 44.78967 ], [ -85.93206, 44.71692 ] ] ], [ [ [ -83.45057, 44.88552 ], [ -83.47032, 44.79213 ], [ -83.39617, 44.78591 ], [ -83.33697, 44.70962 ], [ -83.31704, 44.80299 ], [ -83.33917, 44.87615 ], [ -83.45057, 44.88552 ] ] ], [ [ [ -85.65634, 45.00615 ], [ -85.63585, 45.12322 ], [ -85.71879, 45.08151 ], [ -85.73504, 44.98785 ], [ -85.78446, 44.92014 ], [ -85.69366, 45.00871 ], [ -85.65634, 45.00615 ] ] ], [ [ [ -83.5029, 45.17502 ], [ -83.5254, 45.24817 ], [ -83.60015, 45.25433 ], [ -83.62772, 45.30411 ], [ -83.61297, 45.37418 ], [ -83.79544, 45.41278 ], [ -83.80514, 45.36605 ], [ -83.73023, 45.35999 ], [ -83.69767, 45.33358 ], [ -83.70743, 45.28686 ], [ -83.67003, 45.28381 ], [ -83.67492, 45.26046 ], [ -83.63753, 45.2574 ], [ -83.60507, 45.23097 ], [ -83.62469, 45.13755 ], [ -83.60211, 45.06442 ], [ -83.53252, 45.03491 ], [ -83.54728, 44.96486 ], [ -83.4729, 44.95867 ], [ -83.44814, 45.07541 ], [ -83.36864, 45.09252 ], [ -83.39095, 45.16569 ], [ -83.5029, 45.17502 ] ] ], [ [ [ -84.84011, 45.32731 ], [ -84.74727, 45.41532 ], [ -84.73831, 45.46211 ], [ -84.81345, 45.46768 ], [ -84.82235, 45.42089 ], [ -84.89745, 45.42641 ], [ -84.9438, 45.38236 ], [ -84.95259, 45.33557 ], [ -84.84011, 45.32731 ] ] ], [ [ [ -76.03717, 41.49549 ], [ -76.14119, 41.51023 ], [ -76.23793, 41.54795 ], [ -76.30192, 41.46059 ], [ -76.41322, 41.45207 ], [ -76.42774, 41.40594 ], [ -76.56638, 41.4252 ], [ -76.58079, 41.37905 ], [ -76.38754, 41.304 ], [ -76.21466, 41.27969 ], [ -76.15073, 41.36702 ], [ -76.07415, 41.38026 ], [ -76.03717, 41.49549 ] ] ], [ [ [ -74.73703, 42.00514 ], [ -74.66736, 41.99465 ], [ -74.63542, 42.0865 ], [ -74.70519, 42.09701 ], [ -74.73703, 42.00514 ] ] ], [ [ [ -73.27114, 41.89766 ], [ -73.18483, 41.93222 ], [ -73.15928, 42.00086 ], [ -73.2287, 42.01208 ], [ -73.27114, 41.89766 ] ] ], [ [ [ -74.10269, 42.3438 ], [ -74.22629, 42.41117 ], [ -74.12334, 42.49215 ], [ -74.09033, 42.58387 ], [ -74.15233, 42.61757 ], [ -74.29294, 42.63902 ], [ -74.32567, 42.54727 ], [ -74.39591, 42.55792 ], [ -74.37144, 42.62675 ], [ -74.52026, 42.62504 ], [ -74.57162, 42.58442 ], [ -74.60391, 42.4926 ], [ -74.566, 42.39023 ], [ -74.5982, 42.29841 ], [ -74.52822, 42.28784 ], [ -74.56845, 42.17307 ], [ -74.60054, 42.08123 ], [ -74.5308, 42.07067 ], [ -74.53609, 41.95059 ], [ -74.67533, 41.97168 ], [ -74.72605, 41.93099 ], [ -74.65646, 41.92049 ], [ -74.67238, 41.87456 ], [ -74.60286, 41.86403 ], [ -74.59488, 41.88699 ], [ -74.52536, 41.87643 ], [ -74.51465, 41.80226 ], [ -74.44523, 41.79165 ], [ -74.35727, 41.72978 ], [ -74.38141, 41.66093 ], [ -74.34679, 41.65559 ], [ -74.21868, 41.70838 ], [ -74.22903, 41.78258 ], [ -74.2984, 41.79329 ], [ -74.24751, 41.83383 ], [ -74.23128, 41.87971 ], [ -74.19655, 41.87434 ], [ -74.19876, 41.97147 ], [ -74.0965, 42.05245 ], [ -74.06169, 42.04705 ], [ -74.02883, 42.13876 ], [ -73.99397, 42.13335 ], [ -74.0206, 42.16169 ], [ -73.98762, 42.25339 ], [ -74.05747, 42.26422 ], [ -74.03274, 42.333 ], [ -74.10269, 42.3438 ] ] ], [ [ [ -75.39084, 43.33194 ], [ -75.48999, 43.37014 ], [ -75.60488, 43.36226 ], [ -75.67627, 43.3723 ], [ -75.66071, 43.41831 ], [ -75.73218, 43.42832 ], [ -75.73994, 43.40531 ], [ -75.88289, 43.42522 ], [ -75.87796, 43.32818 ], [ -76.02078, 43.34795 ], [ -76.12035, 43.38573 ], [ -76.22214, 43.30337 ], [ -76.22969, 43.28033 ], [ -76.23724, 43.25729 ], [ -76.26739, 43.16513 ], [ -76.19614, 43.15538 ], [ -76.13781, 43.21959 ], [ -76.10216, 43.21469 ], [ -76.11504, 43.28869 ], [ -76.03605, 43.3019 ], [ -75.89333, 43.28214 ], [ -75.80178, 43.2212 ], [ -75.87581, 43.11107 ], [ -75.91138, 43.11603 ], [ -75.92668, 43.06998 ], [ -76.07886, 42.94661 ], [ -76.16492, 42.91034 ], [ -76.27689, 43.02201 ], [ -76.31244, 43.02687 ], [ -76.36475, 42.86556 ], [ -76.47116, 42.88005 ], [ -76.5569, 42.84355 ], [ -76.60107, 42.7052 ], [ -76.6024, 42.58511 ], [ -76.49646, 42.57071 ], [ -76.44064, 42.51496 ], [ -76.47012, 42.42274 ], [ -76.59774, 42.36797 ], [ -76.56848, 42.46022 ], [ -76.63898, 42.46979 ], [ -76.76555, 42.53497 ], [ -76.78634, 42.58586 ], [ -76.8081, 42.51664 ], [ -76.77281, 42.5119 ], [ -76.78731, 42.46576 ], [ -76.75205, 42.46102 ], [ -76.76655, 42.41487 ], [ -76.73132, 42.41012 ], [ -76.75308, 42.34091 ], [ -76.66935, 42.25742 ], [ -76.52883, 42.23828 ], [ -76.36804, 42.16804 ], [ -76.26287, 42.15347 ], [ -76.16518, 42.11578 ], [ -76.22245, 42.05153 ], [ -76.25204, 41.95934 ], [ -76.2245, 41.93141 ], [ -75.96025, 41.84604 ], [ -75.82088, 41.8262 ], [ -75.77561, 41.96436 ], [ -75.89271, 42.05334 ], [ -75.8701, 42.12242 ], [ -75.92506, 42.1784 ], [ -75.78495, 42.15853 ], [ -75.72253, 42.12552 ], [ -75.69209, 42.21759 ], [ -75.78965, 42.2556 ], [ -75.75161, 42.37071 ], [ -75.65073, 42.45276 ], [ -75.61557, 42.44774 ], [ -75.60788, 42.47075 ], [ -75.64306, 42.47578 ], [ -75.63987, 42.59586 ], [ -75.57043, 42.80294 ], [ -75.39368, 42.77765 ], [ -75.19727, 42.91818 ], [ -75.15772, 43.0331 ], [ -75.29962, 43.05357 ], [ -75.27597, 43.12254 ], [ -75.20493, 43.11231 ], [ -75.21284, 43.08932 ], [ -75.17735, 43.0842 ], [ -75.16149, 43.13016 ], [ -75.12597, 43.12502 ], [ -75.11006, 43.17098 ], [ -75.17321, 43.20425 ], [ -75.14936, 43.27319 ], [ -75.22058, 43.28345 ], [ -75.2047, 43.32942 ], [ -75.39084, 43.33194 ] ], [ [ -76.12271, 42.13393 ], [ -75.98264, 42.11425 ], [ -76.03262, 42.07311 ], [ -76.13761, 42.08784 ], [ -76.12271, 42.13393 ] ] ], [ [ [ -73.42631, 42.67404 ], [ -73.35702, 42.76002 ], [ -73.48916, 42.80513 ], [ -73.47953, 42.73092 ], [ -73.42631, 42.67404 ] ] ], [ [ [ -70.66874, 43.11157 ], [ -70.58894, 43.12182 ], [ -70.53098, 43.25806 ], [ -70.64614, 43.25406 ], [ -70.70384, 43.11778 ], [ -70.66874, 43.11157 ] ] ], [ [ [ -66.73687, 45.09674 ], [ -66.7727, 45.10389 ], [ -66.76128, 45.12634 ], [ -66.79713, 45.13348 ], [ -66.91609, 45.13242 ], [ -66.90473, 45.15487 ], [ -67.0124, 45.17618 ], [ -67.07093, 45.13834 ], [ -67.25072, 44.77878 ], [ -67.35784, 44.79985 ], [ -67.41579, 44.76187 ], [ -67.46014, 44.67191 ], [ -67.57817, 44.67032 ], [ -67.6002, 44.62532 ], [ -67.68248, 44.6167 ], [ -67.78946, 44.63745 ], [ -67.82224, 44.5699 ], [ -67.9153, 44.53863 ], [ -68.20058, 44.59336 ], [ -68.22212, 44.54827 ], [ -68.31493, 44.51675 ], [ -68.49333, 44.55055 ], [ -68.58983, 44.5933 ], [ -68.65739, 44.53228 ], [ -68.76455, 44.55234 ], [ -68.98523, 44.4952 ], [ -69.00614, 44.45 ], [ -69.11327, 44.46981 ], [ -69.23084, 44.46692 ], [ -69.29761, 44.40562 ], [ -69.36903, 44.41869 ], [ -69.44586, 44.3347 ], [ -69.51723, 44.3477 ], [ -69.54792, 44.27979 ], [ -69.65492, 44.29921 ], [ -69.7312, 44.21507 ], [ -69.8126, 44.20528 ], [ -69.94516, 44.25357 ], [ -70.16781, 44.09765 ], [ -70.24718, 43.91619 ], [ -70.31231, 43.85444 ], [ -70.35168, 43.76368 ], [ -70.31625, 43.75738 ], [ -70.37516, 43.62124 ], [ -70.43381, 43.48507 ], [ -70.50191, 43.32617 ], [ -70.3671, 43.37544 ], [ -70.29859, 43.53427 ], [ -70.19847, 43.58969 ], [ -70.12362, 43.67407 ], [ -70.07403, 43.78744 ], [ -69.98327, 43.82004 ], [ -69.95331, 43.88803 ], [ -69.86233, 43.92056 ], [ -69.82212, 44.01119 ], [ -69.71557, 43.99189 ], [ -69.54312, 44.03395 ], [ -69.50236, 44.1245 ], [ -69.31439, 44.11453 ], [ -69.25827, 44.15322 ], [ -69.217, 44.24368 ], [ -69.13546, 44.25315 ], [ -69.11471, 44.29837 ], [ -68.99746, 44.30116 ], [ -68.89067, 44.28127 ], [ -68.72736, 44.29979 ], [ -68.6101, 44.30228 ], [ -68.29033, 44.24155 ], [ -68.24414, 44.25731 ], [ -68.22272, 44.3024 ], [ -68.1872, 44.2956 ], [ -68.13019, 44.33386 ], [ -68.05915, 44.3202 ], [ -67.99122, 44.38094 ], [ -67.88463, 44.36033 ], [ -67.83026, 44.47293 ], [ -67.68801, 44.44528 ], [ -67.65514, 44.5128 ], [ -67.58399, 44.49891 ], [ -67.50186, 44.50748 ], [ -67.4577, 44.59745 ], [ -67.31533, 44.56945 ], [ -67.24636, 44.62986 ], [ -67.17517, 44.61577 ], [ -67.08359, 44.72105 ], [ -66.93161, 44.78961 ], [ -66.85236, 44.94677 ], [ -66.9012, 45.00591 ], [ -66.78249, 45.00697 ], [ -66.73687, 45.09674 ] ], [ [ -66.91609, 45.13242 ], [ -66.96147, 45.04259 ], [ -67.02182, 45.07924 ], [ -66.99918, 45.12417 ], [ -66.91609, 45.13242 ] ] ], [ [ [ -62.91943, 45.3779 ], [ -63.03886, 45.37988 ], [ -63.11977, 45.44824 ], [ -63.40465, 45.51204 ], [ -63.60841, 45.50726 ], [ -63.63376, 45.46286 ], [ -63.82684, 45.40549 ], [ -63.93381, 45.42898 ], [ -63.97141, 45.36231 ], [ -63.86455, 45.33885 ], [ -63.83942, 45.38328 ], [ -63.63611, 45.38837 ], [ -63.52934, 45.36467 ], [ -63.55469, 45.32029 ], [ -63.66139, 45.34398 ], [ -63.78077, 45.34537 ], [ -63.85406, 45.28658 ], [ -63.92522, 45.30223 ], [ -63.99832, 45.24337 ], [ -64.06947, 45.25896 ], [ -64.14236, 45.20003 ], [ -64.23827, 45.17106 ], [ -64.45176, 45.21738 ], [ -64.46407, 45.19511 ], [ -64.5709, 45.21815 ], [ -64.58316, 45.19588 ], [ -64.69004, 45.21884 ], [ -64.77353, 45.21181 ], [ -64.79789, 45.16723 ], [ -64.97678, 45.1307 ], [ -65.00095, 45.08609 ], [ -65.08422, 45.0789 ], [ -65.16788, 44.99717 ], [ -65.23903, 45.0122 ], [ -65.33431, 44.90806 ], [ -65.4054, 44.92302 ], [ -65.50024, 44.81877 ], [ -65.57127, 44.83365 ], [ -65.60666, 44.7666 ], [ -65.66547, 44.65483 ], [ -65.74775, 44.57279 ], [ -65.71183, 44.41646 ], [ -65.6177, 44.37188 ], [ -65.6761, 44.26012 ], [ -65.60572, 44.24529 ], [ -65.52364, 44.17831 ], [ -65.43002, 44.13361 ], [ -65.19601, 44.13332 ], [ -65.09086, 44.11073 ], [ -64.9501, 44.15496 ], [ -64.91434, 44.22185 ], [ -64.79717, 44.22134 ], [ -64.69201, 44.19847 ], [ -64.66797, 44.24302 ], [ -64.49154, 44.27917 ], [ -64.40796, 44.3605 ], [ -64.28601, 44.583 ], [ -64.13295, 44.57424 ], [ -64.03976, 44.52867 ], [ -64.02743, 44.55089 ], [ -63.97993, 44.56532 ], [ -63.96758, 44.58754 ], [ -63.8621, 44.56408 ], [ -63.75454, 44.61501 ], [ -63.72964, 44.65941 ], [ -63.76483, 44.66727 ], [ -63.6524, 44.86705 ], [ -63.57943, 44.92574 ], [ -63.47351, 44.90201 ], [ -63.37766, 44.93049 ], [ -63.27181, 44.90661 ], [ -63.22669, 44.84634 ], [ -63.10832, 44.84451 ], [ -63.01239, 44.87276 ], [ -62.93558, 45.00559 ], [ -62.97087, 45.01363 ], [ -62.89378, 45.14645 ], [ -62.9388, 45.20683 ], [ -62.91943, 45.3779 ] ], [ [ -64.62318, 44.90561 ], [ -64.66976, 44.96546 ], [ -64.62098, 45.05457 ], [ -64.50217, 45.05383 ], [ -64.36017, 45.02304 ], [ -64.39704, 44.95627 ], [ -64.46795, 44.97167 ], [ -64.50466, 44.90488 ], [ -64.62318, 44.90561 ] ] ], [ [ [ -65.64342, 45.29542 ], [ -65.55992, 45.30292 ], [ -65.53608, 45.34763 ], [ -65.61965, 45.34013 ], [ -65.64342, 45.29542 ] ] ], [ [ [ -63.3123, 45.74178 ], [ -63.44267, 45.79576 ], [ -63.59881, 45.80523 ], [ -63.63703, 45.73863 ], [ -63.8289, 45.75575 ], [ -63.83101, 45.68125 ], [ -63.59089, 45.67844 ], [ -63.48361, 45.6547 ], [ -63.44527, 45.72127 ], [ -63.33797, 45.69743 ], [ -63.3123, 45.74178 ] ] ] ] } },
{ "type": "Feature", "properties": { "ID": 9 }, "geometry": { "type": "MultiPolygon", "coordinates": [ [ [ [ -99.12141, 46.50677 ], [ -99.08291, 46.50754 ], [ -99.12268, 46.53033 ], [ -99.12141, 46.50677 ] ] ], [ [ [ -99.00714, 46.53262 ], [ -99.04566, 46.53187 ], [ -99.04442, 46.5083 ], [ -99.00592, 46.50905 ], [ -99.00714, 46.53262 ] ] ], [ [ [ -99.16376, 46.57668 ], [ -99.16118, 46.52955 ], [ -99.12268, 46.53033 ], [ -99.16376, 46.57668 ] ] ], [ [ [ -100.67487, 47.1288 ], [ -100.71956, 47.19832 ], [ -100.79742, 47.19596 ], [ -100.79151, 47.12527 ], [ -100.67487, 47.1288 ] ] ], [ [ [ -100.7646, 47.74051 ], [ -100.76263, 47.71693 ], [ -100.72334, 47.71811 ], [ -100.7253, 47.74169 ], [ -100.7646, 47.74051 ] ] ], [ [ [ -101.75744, 48.20432 ], [ -101.71067, 48.13499 ], [ -101.58734, 48.09205 ], [ -101.54318, 48.04627 ], [ -101.53395, 47.95195 ], [ -101.48995, 47.90617 ], [ -101.41114, 47.90888 ], [ -101.32126, 47.79367 ], [ -101.16609, 47.82247 ], [ -100.89061, 47.83123 ], [ -100.89875, 47.92557 ], [ -101.06277, 47.99137 ], [ -101.09034, 48.29806 ], [ -101.13002, 48.29679 ], [ -101.14079, 48.41478 ], [ -101.33959, 48.40825 ], [ -101.41682, 48.38197 ], [ -101.41228, 48.33478 ], [ -101.48478, 48.26129 ], [ -101.64571, 48.27934 ], [ -101.69014, 48.3251 ], [ -101.76951, 48.32225 ], [ -101.75744, 48.20432 ] ] ], [ [ [ -94.38811, 46.3412 ], [ -94.38941, 46.29406 ], [ -94.23595, 46.29239 ], [ -94.16071, 46.24435 ], [ -94.15623, 46.38577 ], [ -94.38811, 46.3412 ] ] ], [ [ [ -96.19458, 46.75033 ], [ -96.19426, 46.656 ], [ -96.11703, 46.65608 ], [ -96.11722, 46.75041 ], [ -96.19458, 46.75033 ] ] ], [ [ [ -95.07701, 48.92051 ], [ -95.0778, 48.8732 ], [ -95.27854, 48.87423 ], [ -95.31811, 48.92171 ], [ -95.35693, 49.04017 ], [ -95.63881, 49.04105 ], [ -95.63912, 48.99373 ], [ -95.71995, 48.92291 ], [ -95.88068, 48.92311 ], [ -95.92077, 48.99411 ], [ -96.00124, 48.99413 ], [ -96.04142, 48.92315 ], [ -96.16198, 48.92308 ], [ -96.16184, 48.87576 ], [ -96.40275, 48.87534 ], [ -96.48346, 48.92243 ], [ -96.48223, 48.78051 ], [ -96.52165, 48.70944 ], [ -96.68177, 48.70884 ], [ -96.68293, 48.80343 ], [ -96.84367, 48.82632 ], [ -96.96688, 48.99123 ], [ -97.04823, 49.03805 ], [ -97.33008, 49.03597 ], [ -97.41, 49.01163 ], [ -97.40881, 48.96431 ], [ -97.65006, 48.96202 ], [ -97.64866, 48.91472 ], [ -97.76917, 48.91344 ], [ -97.76543, 48.79519 ], [ -97.92577, 48.79335 ], [ -97.92171, 48.67513 ], [ -98.00171, 48.67415 ], [ -98.04429, 48.74457 ], [ -98.12618, 48.79082 ], [ -98.28649, 48.78862 ], [ -98.33051, 48.88263 ], [ -98.49425, 48.95117 ], [ -98.49637, 48.99847 ], [ -98.61704, 48.99655 ], [ -98.61926, 49.04386 ], [ -98.74003, 49.04185 ], [ -98.74469, 49.13647 ], [ -98.99297, 49.25046 ], [ -98.99808, 49.34511 ], [ -99.08034, 49.36726 ], [ -99.08297, 49.41459 ], [ -99.28556, 49.41062 ], [ -99.30392, 49.71837 ], [ -99.42761, 49.73953 ], [ -99.43056, 49.78689 ], [ -99.59371, 49.78338 ], [ -99.63763, 49.82984 ], [ -99.64548, 49.94828 ], [ -99.61081, 50.04396 ], [ -99.65495, 50.09044 ], [ -99.77798, 50.08765 ], [ -99.77471, 50.04026 ], [ -100.18436, 50.03031 ], [ -100.23263, 50.12402 ], [ -100.31468, 50.12189 ], [ -100.35194, 50.07342 ], [ -100.51783, 50.09267 ], [ -100.55488, 50.04416 ], [ -100.54113, 49.8784 ], [ -100.61882, 49.82876 ], [ -100.61286, 49.75774 ], [ -100.60494, 49.66308 ], [ -100.68428, 49.63709 ], [ -100.80624, 49.63353 ], [ -100.80211, 49.58622 ], [ -100.87916, 49.53649 ], [ -100.91342, 49.46431 ], [ -100.90503, 49.36971 ], [ -100.93915, 49.29755 ], [ -101.01995, 49.29507 ], [ -101.05173, 49.19925 ], [ -101.03672, 49.03383 ], [ -101.07692, 49.03257 ], [ -101.06402, 48.89082 ], [ -101.10413, 48.88955 ], [ -101.08475, 48.677 ], [ -100.88703, 48.70683 ], [ -100.88291, 48.6596 ], [ -100.71319, 48.54632 ], [ -100.47396, 48.55319 ], [ -100.43035, 48.50707 ], [ -100.35066, 48.50926 ], [ -100.34336, 48.41481 ], [ -100.29636, 48.32145 ], [ -100.13575, 48.30204 ], [ -100.13229, 48.25483 ], [ -100.20458, 48.15833 ], [ -100.282, 48.13262 ], [ -100.31437, 48.03715 ], [ -100.15629, 48.04137 ], [ -100.14764, 47.92338 ], [ -100.18012, 47.82797 ], [ -99.94386, 47.83404 ], [ -99.898, 47.74065 ], [ -99.81778, 47.71898 ], [ -99.81303, 47.64821 ], [ -99.88993, 47.6227 ], [ -100.08609, 47.61774 ], [ -100.16282, 47.5921 ], [ -100.15938, 47.54493 ], [ -100.39442, 47.53855 ], [ -100.37272, 47.25564 ], [ -100.21681, 47.25992 ], [ -100.20642, 47.11849 ], [ -100.16241, 47.04882 ], [ -100.08473, 47.05087 ], [ -100.01197, 47.1236 ], [ -100.01527, 47.17074 ], [ -99.82063, 47.17562 ], [ -99.81436, 47.08132 ], [ -99.89209, 47.07941 ], [ -99.88731, 47.00869 ], [ -99.72287, 46.87107 ], [ -99.6484, 46.92004 ], [ -99.53211, 46.92272 ], [ -99.49049, 46.87645 ], [ -99.48053, 46.71147 ], [ -99.32602, 46.71486 ], [ -99.32331, 46.66772 ], [ -99.20751, 46.67016 ], [ -99.2049, 46.62302 ], [ -99.16633, 46.62382 ], [ -99.17149, 46.71809 ], [ -99.09423, 46.71965 ], [ -99.09171, 46.67251 ], [ -99.0531, 46.67327 ], [ -99.06058, 46.8147 ], [ -98.9844, 46.83977 ], [ -98.9991, 47.1227 ], [ -99.08198, 47.21552 ], [ -99.08833, 47.33344 ], [ -98.89307, 47.33716 ], [ -98.81032, 47.24423 ], [ -98.80225, 47.07915 ], [ -98.84113, 47.07845 ], [ -98.83299, 46.91339 ], [ -98.79194, 46.86694 ], [ -98.71446, 46.86831 ], [ -98.63483, 46.82249 ], [ -98.36384, 46.82684 ], [ -98.35902, 46.70896 ], [ -98.2431, 46.71068 ], [ -98.2864, 46.828 ], [ -98.13153, 46.8302 ], [ -98.09709, 46.94863 ], [ -97.94189, 46.95064 ], [ -97.82473, 46.92846 ], [ -97.78813, 46.99966 ], [ -97.7918, 47.1176 ], [ -97.63613, 47.1193 ], [ -97.5959, 47.07253 ], [ -97.58679, 46.74235 ], [ -97.62347, 46.67122 ], [ -97.54497, 46.62485 ], [ -97.54183, 46.50697 ], [ -97.4263, 46.50808 ], [ -97.38554, 46.41413 ], [ -97.46066, 46.34271 ], [ -97.53746, 46.34196 ], [ -97.61295, 46.29404 ], [ -97.64865, 46.19936 ], [ -97.80114, 46.17408 ], [ -97.79824, 46.07981 ], [ -97.75859, 46.03313 ], [ -97.68152, 46.01042 ], [ -97.68017, 45.96329 ], [ -97.64202, 45.9637 ], [ -97.64334, 46.01083 ], [ -97.56697, 46.01163 ], [ -97.56887, 46.08233 ], [ -97.49241, 46.08309 ], [ -97.49482, 46.17735 ], [ -97.37994, 46.17843 ], [ -97.26557, 46.20298 ], [ -97.1525, 46.29816 ], [ -97.11639, 46.41631 ], [ -97.03948, 46.41685 ], [ -96.96453, 46.53522 ], [ -96.88747, 46.53568 ], [ -96.84963, 46.58306 ], [ -96.85275, 46.79528 ], [ -96.89146, 46.79507 ], [ -96.89401, 46.96016 ], [ -96.81705, 47.00776 ], [ -96.7005, 47.00833 ], [ -96.69993, 46.96115 ], [ -96.50584, 46.9619 ], [ -96.50502, 46.86756 ], [ -96.46569, 46.79692 ], [ -96.23344, 46.79744 ], [ -96.23363, 46.84461 ], [ -96.0012, 46.84479 ], [ -95.96252, 46.75045 ], [ -95.88516, 46.75041 ], [ -95.84674, 46.65605 ], [ -95.7309, 46.65589 ], [ -95.73123, 46.58515 ], [ -95.65465, 46.49068 ], [ -95.50064, 46.49026 ], [ -95.50165, 46.37239 ], [ -95.46323, 46.37226 ], [ -95.46366, 46.32511 ], [ -95.38688, 46.32482 ], [ -95.34928, 46.25395 ], [ -95.27317, 46.20646 ], [ -95.00497, 46.20497 ], [ -95.00417, 46.25211 ], [ -94.96499, 46.299 ], [ -94.73475, 46.29728 ], [ -94.58126, 46.29595 ], [ -94.58011, 46.34309 ], [ -94.38811, 46.3412 ], [ -94.42587, 46.36517 ], [ -94.34636, 46.45866 ], [ -94.34502, 46.5058 ], [ -94.19099, 46.50408 ], [ -94.18952, 46.55123 ], [ -94.15098, 46.55077 ], [ -94.11168, 46.57388 ], [ -93.99684, 46.54886 ], [ -94.0001, 46.45457 ], [ -93.9641, 46.38336 ], [ -93.61832, 46.37841 ], [ -93.54348, 46.33008 ], [ -93.50812, 46.25877 ], [ -93.51215, 46.16451 ], [ -93.5524, 46.118 ], [ -93.66714, 46.11978 ], [ -93.66902, 46.07266 ], [ -93.6308, 46.07208 ], [ -93.63176, 46.04851 ], [ -93.44077, 46.04545 ], [ -93.3665, 45.99704 ], [ -93.36862, 45.94993 ], [ -93.17796, 45.94654 ], [ -93.09937, 45.99223 ], [ -93.08882, 46.20425 ], [ -93.05053, 46.20352 ], [ -93.04216, 46.36845 ], [ -93.08056, 46.36919 ], [ -93.07582, 46.46344 ], [ -93.03736, 46.46271 ], [ -93.03133, 46.58054 ], [ -92.99279, 46.5798 ], [ -92.98666, 46.69764 ], [ -92.83089, 46.71814 ], [ -92.74965, 46.78725 ], [ -92.74699, 46.83439 ], [ -92.47605, 46.82849 ], [ -92.47317, 46.87563 ], [ -92.31523, 46.91918 ], [ -92.31372, 46.94275 ], [ -92.23309, 46.98804 ], [ -92.22691, 47.08233 ], [ -92.11031, 47.07947 ], [ -92.10711, 47.12661 ], [ -91.91264, 47.12165 ], [ -91.90929, 47.16879 ], [ -91.71469, 47.16358 ], [ -91.71117, 47.21072 ], [ -91.58708, 47.30176 ], [ -91.47006, 47.29842 ], [ -91.46633, 47.34556 ], [ -91.30827, 47.36454 ], [ -91.13607, 47.54837 ], [ -90.88631, 47.70594 ], [ -90.83848, 47.79897 ], [ -90.75546, 47.84354 ], [ -90.67674, 47.84091 ], [ -90.59129, 47.90897 ], [ -90.58678, 47.95613 ], [ -90.54735, 47.95477 ], [ -90.53141, 48.11985 ], [ -90.60149, 48.21691 ], [ -90.2054, 48.20297 ], [ -90.20055, 48.25013 ], [ -90.08167, 48.24576 ], [ -90.07174, 48.3401 ], [ -90.02454, 48.40938 ], [ -90.13391, 48.50817 ], [ -90.12155, 48.62615 ], [ -90.20135, 48.62906 ], [ -90.19401, 48.69986 ], [ -90.26423, 48.79716 ], [ -90.34428, 48.8 ], [ -90.34905, 48.75279 ], [ -90.50672, 48.78195 ], [ -90.70682, 48.78868 ], [ -90.65776, 48.88182 ], [ -90.77805, 48.88577 ], [ -90.89186, 48.9605 ], [ -91.13281, 48.96796 ], [ -91.06295, 48.84739 ], [ -90.98705, 48.79767 ], [ -91.03548, 48.70445 ], [ -91.11543, 48.70691 ], [ -91.18726, 48.8038 ], [ -91.26536, 48.8298 ], [ -91.35336, 48.73765 ], [ -91.42951, 48.7872 ], [ -91.78994, 48.79705 ], [ -91.8247, 48.86899 ], [ -92.02526, 48.87407 ], [ -92.03365, 48.75591 ], [ -92.11207, 48.7815 ], [ -92.10878, 48.82876 ], [ -92.18573, 48.87795 ], [ -92.34622, 48.88168 ], [ -92.4651, 48.90801 ], [ -92.58988, 48.83969 ], [ -92.59564, 48.74515 ], [ -92.63851, 48.69873 ], [ -92.71574, 48.74765 ], [ -92.83585, 48.75006 ], [ -92.83852, 48.70279 ], [ -92.75988, 48.67756 ], [ -92.72543, 48.58223 ], [ -92.60568, 48.57973 ], [ -92.60854, 48.53248 ], [ -92.56866, 48.53163 ], [ -92.53316, 48.4599 ], [ -92.57586, 48.41352 ], [ -92.65264, 48.46245 ], [ -92.73231, 48.4641 ], [ -92.72956, 48.51135 ], [ -92.76943, 48.51216 ], [ -92.76807, 48.53578 ], [ -92.92761, 48.53893 ], [ -92.93149, 48.46805 ], [ -93.05101, 48.4703 ], [ -93.04977, 48.49393 ], [ -93.08963, 48.49466 ], [ -93.16697, 48.54335 ], [ -93.16458, 48.59061 ], [ -93.44411, 48.59531 ], [ -93.60285, 48.62142 ], [ -93.60083, 48.66869 ], [ -93.84078, 48.67211 ], [ -93.87988, 48.69628 ], [ -94.11997, 48.69927 ], [ -94.15687, 48.79432 ], [ -94.39739, 48.79689 ], [ -94.47692, 48.82132 ], [ -94.8379, 48.82434 ], [ -94.83692, 48.87164 ], [ -94.91629, 48.91951 ], [ -95.07701, 48.92051 ] ], [ [ -94.40257, 47.21409 ], [ -94.40125, 47.26128 ], [ -94.28421, 47.26004 ], [ -94.24664, 47.21242 ], [ -94.25023, 47.09447 ], [ -94.29054, 47.04773 ], [ -94.4065, 47.07255 ], [ -94.60094, 47.07441 ], [ -94.59864, 47.16877 ], [ -94.55851, 47.2156 ], [ -94.40257, 47.21409 ] ], [ [ -94.24012, 47.42477 ], [ -94.19877, 47.49512 ], [ -94.12042, 47.49421 ], [ -94.12275, 47.42341 ], [ -94.24012, 47.42477 ] ], [ [ -97.18217, 47.7607 ], [ -97.18365, 47.83153 ], [ -97.06541, 47.83237 ], [ -97.06409, 47.76154 ], [ -97.18217, 47.7607 ] ], [ [ -94.53501, 48.13627 ], [ -94.57582, 48.08938 ], [ -94.73418, 48.09072 ], [ -94.73734, 47.94901 ], [ -94.81682, 47.92601 ], [ -94.8178, 47.87878 ], [ -95.21225, 47.88123 ], [ -95.25139, 47.90504 ], [ -95.25014, 47.99951 ], [ -95.1697, 48.0936 ], [ -94.9713, 48.11606 ], [ -94.97044, 48.16331 ], [ -94.73259, 48.16159 ], [ -94.73153, 48.20884 ], [ -94.57284, 48.2075 ], [ -94.53501, 48.13627 ] ], [ [ -99.18245, 48.32393 ], [ -99.18512, 48.37117 ], [ -98.98627, 48.37502 ], [ -98.90428, 48.32924 ], [ -98.86094, 48.2591 ], [ -98.74185, 48.26119 ], [ -98.69989, 48.21463 ], [ -98.69538, 48.12017 ], [ -98.56906, 47.95685 ], [ -98.88492, 47.95141 ], [ -98.88733, 47.99863 ], [ -99.16388, 47.99335 ], [ -99.2483, 48.08619 ], [ -99.21276, 48.15782 ], [ -99.22219, 48.32313 ], [ -99.18245, 48.32393 ] ], [ [ -100.14644, 48.98813 ], [ -100.30903, 49.00755 ], [ -100.27427, 49.07953 ], [ -99.99243, 49.08675 ], [ -99.98566, 48.99219 ], [ -100.14644, 48.98813 ] ], [ [ -91.24768, 47.62269 ], [ -91.29664, 47.50598 ], [ -91.37493, 47.5083 ], [ -91.24768, 47.62269 ] ], [ [ -91.96213, 48.63579 ], [ -91.8423, 48.63272 ], [ -91.84581, 48.58548 ], [ -91.96553, 48.58854 ], [ -91.96213, 48.63579 ] ] ], [ [ [ -90.37241, 48.91947 ], [ -90.37717, 48.87224 ], [ -90.3371, 48.87084 ], [ -90.3323, 48.91806 ], [ -90.37241, 48.91947 ] ] ], [ [ [ -90.49275, 48.92364 ], [ -90.53055, 48.94862 ], [ -90.52126, 49.04311 ], [ -90.60168, 49.04582 ], [ -90.59479, 49.1167 ], [ -90.71558, 49.1207 ], [ -90.87665, 49.12589 ], [ -90.88535, 49.03137 ], [ -90.80715, 49.00518 ], [ -90.64643, 48.99992 ], [ -90.61311, 48.92771 ], [ -90.49275, 48.92364 ] ] ] ] } },
{ "type": "Feature", "properties": { "ID": 10 }, "geometry": { "type": "MultiPolygon", "coordinates": [ [ [ [ -75.8184, 46.40467 ], [ -75.80214, 46.45076 ], [ -75.95262, 46.47062 ], [ -75.93116, 46.41957 ], [ -75.8184, 46.40467 ] ] ], [ [ [ -78.93772, 47.38365 ], [ -79.08472, 47.4237 ], [ -79.0986, 47.37725 ], [ -79.18247, 47.36237 ], [ -79.3681, 47.40632 ], [ -79.35443, 47.4528 ], [ -79.46331, 47.48837 ], [ -79.4497, 47.53486 ], [ -79.56556, 47.54712 ], [ -79.65629, 47.50873 ], [ -79.64459, 47.41167 ], [ -79.56752, 47.40355 ], [ -79.58773, 47.33381 ], [ -79.70322, 47.34596 ], [ -79.76171, 47.28024 ], [ -79.95409, 47.30023 ], [ -79.96724, 47.25371 ], [ -80.12762, 47.24626 ], [ -80.14061, 47.19973 ], [ -80.25594, 47.21147 ], [ -80.26882, 47.16493 ], [ -80.38411, 47.17658 ], [ -80.39688, 47.13003 ], [ -80.56947, 47.07558 ], [ -80.58207, 47.02902 ], [ -80.69715, 47.04044 ], [ -80.96429, 46.92326 ], [ -80.98876, 46.8301 ], [ -81.06526, 46.83752 ], [ -81.12772, 46.74804 ], [ -81.09558, 46.72106 ], [ -80.86659, 46.69873 ], [ -80.84198, 46.79186 ], [ -80.7914, 46.83467 ], [ -80.68295, 46.80005 ], [ -80.49198, 46.78096 ], [ -80.39648, 46.6996 ], [ -80.41546, 46.62981 ], [ -80.25682, 46.63756 ], [ -80.02849, 46.614 ], [ -79.8449, 46.57088 ], [ -79.78722, 46.63658 ], [ -79.71115, 46.62854 ], [ -79.69133, 46.69824 ], [ -79.68471, 46.72147 ], [ -79.45629, 46.69707 ], [ -79.39805, 46.76264 ], [ -79.32187, 46.75441 ], [ -79.28795, 46.87051 ], [ -79.10411, 46.82649 ], [ -79.05222, 46.86873 ], [ -79.03843, 46.91515 ], [ -78.87884, 46.92149 ], [ -78.81651, 46.8666 ], [ -78.8235, 46.8434 ], [ -78.78539, 46.83914 ], [ -78.79937, 46.79275 ], [ -78.67816, 46.80313 ], [ -78.56398, 46.79023 ], [ -78.54981, 46.8366 ], [ -78.4356, 46.82361 ], [ -78.43321, 46.70337 ], [ -78.32645, 46.66712 ], [ -78.21262, 46.65396 ], [ -78.12953, 46.66831 ], [ -78.18724, 46.48301 ], [ -78.17102, 46.40912 ], [ -78.08826, 46.42344 ], [ -78.06657, 46.49291 ], [ -77.93126, 46.54902 ], [ -77.90804, 46.49825 ], [ -77.74948, 46.50343 ], [ -77.76421, 46.45715 ], [ -77.65092, 46.44358 ], [ -77.55256, 46.38368 ], [ -77.40178, 46.36537 ], [ -77.34156, 46.43013 ], [ -77.15303, 46.40697 ], [ -77.13814, 46.33298 ], [ -77.07048, 46.30054 ], [ -76.9124, 46.30486 ], [ -76.72445, 46.28117 ], [ -76.582, 46.23898 ], [ -76.56008, 46.18802 ], [ -76.4476, 46.17358 ], [ -76.42405, 46.2428 ], [ -76.23433, 46.33871 ], [ -76.1592, 46.32893 ], [ -76.10565, 46.37014 ], [ -76.07358, 46.46237 ], [ -76.1032, 46.49035 ], [ -76.17853, 46.50015 ], [ -76.19224, 46.57424 ], [ -76.25174, 46.63015 ], [ -76.39491, 46.67266 ], [ -76.40893, 46.74674 ], [ -76.52252, 46.76121 ], [ -76.53673, 46.83529 ], [ -76.68062, 46.87755 ], [ -76.66492, 46.92374 ], [ -76.84715, 46.97063 ], [ -76.94578, 47.03102 ], [ -77.06005, 47.0451 ], [ -77.04461, 47.09135 ], [ -77.11318, 47.12382 ], [ -77.26586, 47.14243 ], [ -77.36523, 47.20256 ], [ -77.65627, 47.28545 ], [ -77.80955, 47.30352 ], [ -77.87881, 47.33567 ], [ -77.96293, 47.32145 ], [ -78.10908, 47.3624 ], [ -78.30114, 47.38443 ], [ -78.30839, 47.36124 ], [ -78.53896, 47.38734 ], [ -78.57026, 47.41486 ], [ -78.60595, 47.29885 ], [ -78.82233, 47.37094 ], [ -78.93772, 47.38365 ] ] ], [ [ [ -83.31865, 47.80053 ], [ -83.25321, 47.91439 ], [ -83.33145, 47.9207 ], [ -83.35245, 47.82708 ], [ -83.31865, 47.80053 ] ] ], [ [ [ -81.84082, 47.02979 ], [ -81.93891, 47.11027 ], [ -82.0544, 47.12069 ], [ -82.02581, 47.23738 ], [ -82.10299, 47.2443 ], [ -82.11881, 47.34112 ], [ -82.22915, 47.37476 ], [ -82.25089, 47.44823 ], [ -82.43905, 47.48853 ], [ -82.59419, 47.50191 ], [ -82.71607, 47.48848 ], [ -82.98773, 47.51132 ], [ -82.99309, 47.48794 ], [ -83.18718, 47.50396 ], [ -83.15012, 47.66769 ], [ -83.24909, 47.58048 ], [ -83.40466, 47.59306 ], [ -83.51624, 47.62581 ], [ -83.4176, 47.71319 ], [ -83.441, 47.78653 ], [ -83.51908, 47.79275 ], [ -83.58689, 47.84575 ], [ -83.62794, 47.65847 ], [ -83.67708, 47.61472 ], [ -83.94971, 47.63591 ], [ -84.10067, 47.67122 ], [ -84.08589, 47.7415 ], [ -84.15417, 47.79425 ], [ -84.31052, 47.80595 ], [ -84.39354, 47.7883 ], [ -84.42303, 47.83806 ], [ -84.39897, 47.95526 ], [ -84.4678, 48.00789 ], [ -84.5808, 48.0399 ], [ -84.57128, 48.0868 ], [ -84.76785, 48.10089 ], [ -85.1477, 48.19874 ], [ -85.26595, 48.20679 ], [ -85.25698, 48.25375 ], [ -85.41039, 48.28784 ], [ -85.40153, 48.33481 ], [ -85.55525, 48.36877 ], [ -85.53772, 48.46274 ], [ -85.6126, 48.49142 ], [ -85.67454, 48.59057 ], [ -85.65278, 48.7081 ], [ -85.79908, 48.78886 ], [ -85.78183, 48.88293 ], [ -85.88879, 48.96108 ], [ -85.96876, 48.9661 ], [ -86.03609, 49.04167 ], [ -86.0635, 49.11475 ], [ -86.22394, 49.12457 ], [ -86.22809, 49.10103 ], [ -86.31241, 49.08234 ], [ -86.4728, 49.09192 ], [ -86.58913, 49.12255 ], [ -86.64515, 49.03069 ], [ -87.00589, 49.05127 ], [ -87.12995, 49.03439 ], [ -87.49088, 49.05389 ], [ -87.49449, 49.03032 ], [ -87.69503, 49.0408 ], [ -87.70207, 48.99365 ], [ -87.7892, 48.95063 ], [ -87.75264, 48.92501 ], [ -87.55251, 48.91461 ], [ -87.3961, 48.88255 ], [ -87.40337, 48.83544 ], [ -87.24727, 48.80324 ], [ -87.04766, 48.79221 ], [ -87.0401, 48.8393 ], [ -86.92027, 48.83256 ], [ -86.76446, 48.7999 ], [ -86.71671, 48.84467 ], [ -86.64475, 48.79295 ], [ -86.40544, 48.77879 ], [ -86.37775, 48.70581 ], [ -86.25829, 48.69858 ], [ -86.11157, 48.61825 ], [ -86.12404, 48.54771 ], [ -86.04464, 48.54277 ], [ -86.01754, 48.46976 ], [ -85.93826, 48.46477 ], [ -85.96774, 48.30026 ], [ -85.8887, 48.29525 ], [ -85.78301, 48.21718 ], [ -85.70411, 48.21208 ], [ -85.7127, 48.1651 ], [ -85.56814, 48.08435 ], [ -85.53751, 48.03479 ], [ -85.45889, 48.02957 ], [ -85.3847, 48.00083 ], [ -85.39353, 47.95389 ], [ -85.35428, 47.95125 ], [ -85.29724, 48.04248 ], [ -85.17933, 48.03445 ], [ -85.18383, 48.01098 ], [ -84.8697, 47.98916 ], [ -84.86507, 48.01261 ], [ -84.78655, 48.00706 ], [ -84.76598, 47.91046 ], [ -84.65314, 47.87859 ], [ -84.56414, 47.72944 ], [ -84.49556, 47.67686 ], [ -84.47561, 47.58027 ], [ -84.40251, 47.55109 ], [ -84.42162, 47.45738 ], [ -84.31948, 47.37845 ], [ -84.12551, 47.36382 ], [ -83.82537, 47.29312 ], [ -83.80168, 47.21989 ], [ -83.56972, 47.20156 ], [ -83.5493, 47.29513 ], [ -83.47704, 47.26554 ], [ -83.12905, 47.23718 ], [ -83.06238, 47.18402 ], [ -82.8694, 47.16785 ], [ -82.72054, 47.13138 ], [ -82.70965, 47.17811 ], [ -82.59393, 47.16818 ], [ -82.44524, 47.13145 ], [ -82.45632, 47.08474 ], [ -82.33028, 46.95451 ], [ -82.11123, 46.88733 ], [ -81.95785, 46.87348 ], [ -81.90804, 46.91665 ], [ -81.88502, 47.00996 ], [ -81.84082, 47.02979 ] ] ], [ [ [ -89.36598, 48.2412 ], [ -89.28678, 48.23787 ], [ -89.24153, 48.28333 ], [ -89.23019, 48.37762 ], [ -89.26141, 48.45003 ], [ -89.21596, 48.4955 ], [ -89.09664, 48.49039 ], [ -89.09084, 48.53754 ], [ -88.93164, 48.53058 ], [ -88.92569, 48.57773 ], [ -88.68678, 48.56697 ], [ -88.67754, 48.63769 ], [ -88.5947, 48.6576 ], [ -88.57593, 48.79905 ], [ -88.48646, 48.86607 ], [ -88.32316, 48.88208 ], [ -88.29618, 48.78586 ], [ -88.31242, 48.66801 ], [ -88.15296, 48.66026 ], [ -88.13306, 48.80167 ], [ -88.24968, 48.83108 ], [ -88.28314, 48.88016 ], [ -88.27006, 48.97447 ], [ -88.42723, 49.00569 ], [ -88.43364, 48.95852 ], [ -88.52015, 48.9151 ], [ -88.64033, 48.92065 ], [ -88.65898, 48.77915 ], [ -88.74197, 48.75921 ], [ -88.7481, 48.71205 ], [ -88.86786, 48.71743 ], [ -88.87387, 48.67027 ], [ -89.04518, 48.58297 ], [ -89.1647, 48.58813 ], [ -89.17045, 48.54097 ], [ -89.28988, 48.54603 ], [ -89.37509, 48.50219 ], [ -89.42593, 48.40951 ], [ -89.66431, 48.41916 ], [ -89.74904, 48.37513 ], [ -89.79915, 48.28235 ], [ -89.9974, 48.28995 ], [ -90.00242, 48.24279 ], [ -90.20055, 48.25013 ], [ -90.2054, 48.20297 ], [ -90.60149, 48.21691 ], [ -90.53141, 48.11985 ], [ -90.54735, 47.95477 ], [ -90.58678, 47.95613 ], [ -90.59354, 47.88539 ], [ -90.51933, 47.83553 ], [ -90.44063, 47.83278 ], [ -90.47539, 47.88131 ], [ -90.31788, 47.87573 ], [ -90.31315, 47.92288 ], [ -89.99797, 47.91123 ], [ -89.91919, 47.90823 ], [ -89.87981, 47.90671 ], [ -89.79071, 47.99791 ], [ -89.45341, 48.17377 ], [ -89.44793, 48.22091 ], [ -89.36598, 48.2412 ] ] ], [ [ [ -88.01994, 48.74861 ], [ -88.0132, 48.79574 ], [ -87.85342, 48.7877 ], [ -87.84653, 48.83483 ], [ -88.04643, 48.84487 ], [ -88.01994, 48.74861 ] ] ], [ [ [ -74.27842, 47.45149 ], [ -74.34316, 47.38788 ], [ -74.22892, 47.37181 ], [ -74.15513, 47.45834 ], [ -74.22247, 47.49209 ], [ -74.27842, 47.45149 ] ] ], [ [ [ -70.27419, 47.81105 ], [ -70.24247, 47.8793 ], [ -70.34596, 47.92103 ], [ -70.30368, 48.01207 ], [ -70.20626, 48.0449 ], [ -70.14231, 48.18142 ], [ -70.20805, 48.21689 ], [ -70.18671, 48.26241 ], [ -70.07199, 48.2433 ], [ -69.99075, 48.32791 ], [ -69.8926, 48.36057 ], [ -69.93678, 48.44165 ], [ -70.01348, 48.45447 ], [ -70.01949, 48.52914 ], [ -70.09634, 48.54191 ], [ -70.10246, 48.61659 ], [ -70.17945, 48.62933 ], [ -70.235, 48.68759 ], [ -70.3057, 48.62559 ], [ -70.41472, 48.56987 ], [ -70.56873, 48.59501 ], [ -70.63895, 48.53288 ], [ -70.75444, 48.55158 ], [ -70.82439, 48.48937 ], [ -70.90136, 48.50176 ], [ -70.99917, 48.46847 ], [ -71.04066, 48.37719 ], [ -71.09976, 48.33769 ], [ -71.16628, 48.37277 ], [ -71.25344, 48.36216 ], [ -71.46383, 48.44429 ], [ -71.61796, 48.46842 ], [ -71.67675, 48.4287 ], [ -71.73365, 48.48642 ], [ -71.77223, 48.4924 ], [ -71.79237, 48.44665 ], [ -72.1783, 48.5059 ], [ -72.1872, 48.58047 ], [ -72.26459, 48.5922 ], [ -72.23486, 48.66092 ], [ -72.27361, 48.66678 ], [ -72.31317, 48.57515 ], [ -72.31397, 48.47768 ], [ -72.23673, 48.46597 ], [ -72.26636, 48.39728 ], [ -72.11215, 48.37378 ], [ -72.15177, 48.28223 ], [ -72.29591, 48.32858 ], [ -72.32539, 48.25989 ], [ -72.23952, 48.17366 ], [ -72.01911, 48.11547 ], [ -72.08831, 47.95536 ], [ -72.17465, 47.94426 ], [ -72.32772, 47.96768 ], [ -72.38615, 47.83036 ], [ -72.54866, 47.83068 ], [ -72.51967, 47.89937 ], [ -72.57689, 47.95673 ], [ -72.72055, 48.00268 ], [ -72.73008, 48.07716 ], [ -72.8453, 48.09434 ], [ -72.90284, 48.0542 ], [ -72.95997, 47.91665 ], [ -73.15098, 47.84758 ], [ -73.17918, 47.77879 ], [ -73.25568, 47.79003 ], [ -73.29305, 47.69828 ], [ -73.35917, 47.63506 ], [ -73.1497, 47.65288 ], [ -73.21517, 47.4924 ], [ -73.32937, 47.50921 ], [ -73.39417, 47.34869 ], [ -73.33674, 47.29167 ], [ -73.39207, 47.15412 ], [ -73.45745, 47.0909 ], [ -73.54222, 47.07906 ], [ -73.62408, 46.87267 ], [ -73.69947, 46.88368 ], [ -73.7642, 46.82036 ], [ -73.87722, 46.83676 ], [ -73.91299, 46.74498 ], [ -73.77152, 46.70019 ], [ -73.75355, 46.74606 ], [ -73.66931, 46.75801 ], [ -73.74131, 46.57455 ], [ -73.89137, 46.59642 ], [ -74.0504, 46.5952 ], [ -74.11443, 46.53175 ], [ -74.26452, 46.55326 ], [ -74.28202, 46.50733 ], [ -74.36577, 46.49506 ], [ -74.54475, 46.54459 ], [ -74.57929, 46.45268 ], [ -74.63399, 46.412 ], [ -74.77542, 46.45599 ], [ -74.82999, 46.41524 ], [ -74.97158, 46.45905 ], [ -74.93766, 46.55105 ], [ -74.94979, 46.62524 ], [ -75.01662, 46.65862 ], [ -74.99965, 46.70463 ], [ -75.0666, 46.73798 ], [ -75.18824, 46.73042 ], [ -75.23026, 46.61534 ], [ -75.3223, 46.57953 ], [ -75.43528, 46.5948 ], [ -75.43975, 46.69198 ], [ -75.51523, 46.70211 ], [ -75.44873, 46.88639 ], [ -75.54574, 46.94765 ], [ -75.72712, 46.99583 ], [ -75.68583, 47.1111 ], [ -75.87605, 47.13607 ], [ -75.93866, 47.07184 ], [ -75.93332, 46.97463 ], [ -75.85741, 46.9647 ], [ -75.8901, 46.87246 ], [ -75.77961, 46.73728 ], [ -75.76639, 46.66315 ], [ -75.69092, 46.65314 ], [ -75.67783, 46.579 ], [ -75.60248, 46.56895 ], [ -75.58953, 46.49481 ], [ -75.52256, 46.46169 ], [ -75.5555, 46.36958 ], [ -75.51797, 46.36453 ], [ -75.4722, 46.3825 ], [ -75.39714, 46.37235 ], [ -75.35531, 46.2701 ], [ -75.20556, 46.24965 ], [ -75.10169, 46.21122 ], [ -74.98112, 46.21872 ], [ -74.83163, 46.19791 ], [ -74.71106, 46.20519 ], [ -74.61923, 46.24062 ], [ -74.59903, 46.1894 ], [ -74.37515, 46.15758 ], [ -74.21099, 46.27927 ], [ -74.19349, 46.32517 ], [ -74.10996, 46.33735 ], [ -74.04402, 46.3036 ], [ -73.88578, 46.30482 ], [ -73.69917, 46.27746 ], [ -73.66334, 46.36916 ], [ -73.50615, 46.46719 ], [ -73.35656, 46.44495 ], [ -73.21699, 46.49687 ], [ -73.1238, 46.53142 ], [ -73.10537, 46.57721 ], [ -73.03093, 46.66313 ], [ -72.90918, 46.66901 ], [ -72.86251, 46.78343 ], [ -72.79683, 46.84638 ], [ -72.61845, 46.79481 ], [ -72.64677, 46.7262 ], [ -72.5718, 46.71468 ], [ -72.43145, 46.66868 ], [ -72.41243, 46.71439 ], [ -72.30007, 46.69693 ], [ -72.24258, 46.83402 ], [ -72.16652, 46.91955 ], [ -71.93982, 46.98143 ], [ -71.91054, 47.04993 ], [ -71.79769, 47.0321 ], [ -71.71264, 47.04299 ], [ -71.69292, 47.08863 ], [ -71.57015, 47.09345 ], [ -71.41972, 47.06933 ], [ -71.41742, 47.16659 ], [ -71.34213, 47.15448 ], [ -71.28694, 47.09673 ], [ -71.13663, 47.07234 ], [ -71.06874, 47.13456 ], [ -70.95598, 47.11612 ], [ -70.87442, 47.29831 ], [ -70.79907, 47.28593 ], [ -70.62353, 47.67299 ], [ -70.50598, 47.75154 ], [ -70.44308, 47.88812 ], [ -70.3565, 47.89828 ], [ -70.27419, 47.81105 ] ] ] ] } },
{ "type": "Feature", "properties": { "ID": 11 }, "geometry": { "type": "MultiPolygon", "coordinates": [ [ [ [ -73.88927, 44.05351 ], [ -73.78145, 44.03714 ], [ -73.8362, 44.09388 ], [ -73.84476, 44.07097 ], [ -73.91669, 44.08186 ], [ -73.89781, 44.0306 ], [ -73.88927, 44.05351 ] ] ], [ [ [ -73.90506, 44.41895 ], [ -73.97547, 44.33272 ], [ -73.87571, 44.29351 ], [ -73.85854, 44.33933 ], [ -73.93079, 44.35021 ], [ -73.90506, 44.41895 ] ] ], [ [ [ -73.99847, 44.57816 ], [ -73.94691, 44.71567 ], [ -74.04743, 44.75484 ], [ -74.13097, 44.8398 ], [ -74.17596, 44.82225 ], [ -74.32177, 44.84368 ], [ -74.38363, 44.78019 ], [ -74.49296, 44.79612 ], [ -74.50978, 44.75022 ], [ -74.6972, 44.65654 ], [ -74.84279, 44.67746 ], [ -74.95673, 44.57301 ], [ -75.02945, 44.58336 ], [ -75.10658, 44.47362 ], [ -75.11471, 44.45064 ], [ -75.07842, 44.44549 ], [ -75.07027, 44.46847 ], [ -74.92511, 44.44777 ], [ -74.86416, 44.51148 ], [ -74.71897, 44.49058 ], [ -74.64944, 44.57716 ], [ -74.45946, 44.5737 ], [ -74.39789, 44.63721 ], [ -74.34211, 44.58068 ], [ -74.0156, 44.53232 ], [ -73.99847, 44.57816 ] ] ], [ [ [ -89.66766, 46.62126 ], [ -89.70104, 46.66989 ], [ -89.65216, 46.76244 ], [ -89.57235, 46.78279 ], [ -89.5671, 46.82985 ], [ -89.76033, 46.83773 ], [ -89.76543, 46.79066 ], [ -89.88129, 46.79527 ], [ -89.89126, 46.70113 ], [ -89.9684, 46.70415 ], [ -90.01184, 46.65857 ], [ -90.10093, 46.54386 ], [ -90.21398, 46.57175 ], [ -90.40643, 46.57882 ], [ -90.44944, 46.53313 ], [ -90.4562, 46.46252 ], [ -90.38847, 46.36561 ], [ -90.27574, 46.33785 ], [ -90.00746, 46.32766 ], [ -89.95936, 46.42028 ], [ -89.87764, 46.46431 ], [ -89.76243, 46.4597 ], [ -89.75737, 46.50675 ], [ -89.64208, 46.50205 ], [ -89.60885, 46.45342 ], [ -89.53207, 46.45023 ], [ -89.52156, 46.54432 ], [ -89.55215, 46.6165 ], [ -89.66766, 46.62126 ] ] ], [ [ [ -73.16779, 46.12537 ], [ -73.17758, 46.19966 ], [ -73.252, 46.21088 ], [ -73.27103, 46.26228 ], [ -73.20638, 46.32536 ], [ -73.1422, 46.48563 ], [ -73.1238, 46.53142 ], [ -73.21699, 46.49687 ], [ -73.35656, 46.44495 ], [ -73.50615, 46.46719 ], [ -73.66334, 46.36916 ], [ -73.69917, 46.27746 ], [ -73.88578, 46.30482 ], [ -74.04402, 46.3036 ], [ -74.10996, 46.33735 ], [ -74.19349, 46.32517 ], [ -74.21099, 46.27927 ], [ -74.37515, 46.15758 ], [ -74.59903, 46.1894 ], [ -74.61923, 46.24062 ], [ -74.71106, 46.20519 ], [ -74.83163, 46.19791 ], [ -74.98112, 46.21872 ], [ -75.10169, 46.21122 ], [ -75.20556, 46.24965 ], [ -75.24719, 46.13462 ], [ -75.16019, 46.05022 ], [ -75.17684, 46.00421 ], [ -75.28038, 46.04259 ], [ -75.31347, 45.95056 ], [ -75.38797, 45.96074 ], [ -75.355, 46.05279 ], [ -75.47967, 46.14215 ], [ -75.43849, 46.25725 ], [ -75.4722, 46.3825 ], [ -75.51797, 46.36453 ], [ -75.5555, 46.36958 ], [ -75.64696, 46.33359 ], [ -75.69593, 46.19539 ], [ -75.77081, 46.20539 ], [ -75.73016, 46.32058 ], [ -75.7351, 46.41773 ], [ -75.8184, 46.40467 ], [ -75.93116, 46.41957 ], [ -75.95262, 46.47062 ], [ -76.07358, 46.46237 ], [ -76.10565, 46.37014 ], [ -76.1592, 46.32893 ], [ -76.23433, 46.33871 ], [ -76.42405, 46.2428 ], [ -76.4476, 46.17358 ], [ -76.56008, 46.18802 ], [ -76.582, 46.23898 ], [ -76.72445, 46.28117 ], [ -76.9124, 46.30486 ], [ -77.07048, 46.30054 ], [ -77.13814, 46.33298 ], [ -77.15303, 46.40697 ], [ -77.34156, 46.43013 ], [ -77.40178, 46.36537 ], [ -77.55256, 46.38368 ], [ -77.65092, 46.44358 ], [ -77.76421, 46.45715 ], [ -77.74948, 46.50343 ], [ -77.90804, 46.49825 ], [ -77.93126, 46.54902 ], [ -78.06657, 46.49291 ], [ -78.08826, 46.42344 ], [ -78.17102, 46.40912 ], [ -78.18724, 46.48301 ], [ -78.12953, 46.66831 ], [ -78.21262, 46.65396 ], [ -78.32645, 46.66712 ], [ -78.43321, 46.70337 ], [ -78.4356, 46.82361 ], [ -78.54981, 46.8366 ], [ -78.56398, 46.79023 ], [ -78.67816, 46.80313 ], [ -78.79937, 46.79275 ], [ -78.78539, 46.83914 ], [ -78.8235, 46.8434 ], [ -78.83047, 46.8202 ], [ -78.96554, 46.76329 ], [ -78.97935, 46.71688 ], [ -78.9967, 46.7907 ], [ -79.05911, 46.84552 ], [ -79.05222, 46.86873 ], [ -79.10411, 46.82649 ], [ -79.28795, 46.87051 ], [ -79.32187, 46.75441 ], [ -79.23211, 46.79256 ], [ -79.26609, 46.67649 ], [ -79.25521, 46.57949 ], [ -79.14817, 46.54381 ], [ -79.06179, 46.43846 ], [ -79.09591, 46.32245 ], [ -79.20928, 46.33496 ], [ -79.29836, 46.29683 ], [ -79.33862, 46.15758 ], [ -79.45172, 46.1699 ], [ -79.46501, 46.12348 ], [ -79.5027, 46.12757 ], [ -79.51594, 46.08114 ], [ -79.44727, 46.04975 ], [ -79.47379, 45.95692 ], [ -79.39865, 45.94872 ], [ -79.38104, 45.875 ], [ -79.31269, 45.84356 ], [ -79.3019, 45.74663 ], [ -79.23374, 45.71516 ], [ -79.19244, 45.59089 ], [ -79.21915, 45.49813 ], [ -79.15132, 45.46662 ], [ -79.17804, 45.37387 ], [ -79.10368, 45.36553 ], [ -79.08662, 45.2918 ], [ -79.01238, 45.28342 ], [ -78.99546, 45.20969 ], [ -79.04593, 45.16752 ], [ -79.12003, 45.17589 ], [ -79.32928, 45.24714 ], [ -79.36218, 45.13118 ], [ -79.30787, 45.05336 ], [ -79.12298, 45.03262 ], [ -78.98186, 44.99269 ], [ -78.9483, 44.84522 ], [ -78.72736, 44.81978 ], [ -78.64695, 44.83439 ], [ -78.58018, 44.80264 ], [ -78.39632, 44.78101 ], [ -78.27912, 44.79106 ], [ -78.24933, 44.76354 ], [ -78.02901, 44.73708 ], [ -78.02196, 44.76021 ], [ -77.83844, 44.73789 ], [ -77.83132, 44.76102 ], [ -77.64787, 44.73847 ], [ -77.50845, 44.69717 ], [ -77.45003, 44.76191 ], [ -77.31069, 44.72043 ], [ -77.16418, 44.7019 ], [ -77.07615, 44.73876 ], [ -76.96563, 44.8448 ], [ -76.81892, 44.82594 ], [ -76.6115, 44.99144 ], [ -76.60388, 45.01451 ], [ -76.64064, 45.01929 ], [ -76.53345, 45.34218 ], [ -76.45953, 45.33255 ], [ -76.4053, 45.49396 ], [ -76.36047, 45.51218 ], [ -76.2123, 45.49272 ], [ -76.2728, 45.42845 ], [ -76.30399, 45.33625 ], [ -76.1932, 45.32163 ], [ -76.08789, 45.404 ], [ -76.14612, 45.4599 ], [ -76.11461, 45.55207 ], [ -75.96642, 45.53238 ], [ -75.95051, 45.57845 ], [ -75.90548, 45.59653 ], [ -75.7202, 45.57164 ], [ -75.62528, 45.51055 ], [ -75.55131, 45.50049 ], [ -75.47292, 45.39329 ], [ -75.25159, 45.36276 ], [ -75.19006, 45.42662 ], [ -75.0425, 45.40603 ], [ -74.87489, 45.33414 ], [ -74.8046, 45.42082 ], [ -74.69403, 45.40511 ], [ -74.55517, 45.36108 ], [ -74.56104, 45.55532 ], [ -74.527, 45.64716 ], [ -74.40751, 45.6542 ], [ -74.39894, 45.67715 ], [ -74.43593, 45.68247 ], [ -74.42736, 45.70542 ], [ -74.5014, 45.71604 ], [ -74.52135, 45.76725 ], [ -74.46139, 45.92798 ], [ -74.35257, 46.00917 ], [ -73.88026, 46.01329 ], [ -73.69457, 45.98593 ], [ -73.52823, 46.0097 ], [ -73.37981, 45.98749 ], [ -73.31558, 46.05061 ], [ -73.22316, 46.0852 ], [ -73.20495, 46.13099 ], [ -73.16779, 46.12537 ] ], [ [ -78.97935, 46.71688 ], [ -78.9033, 46.70844 ], [ -78.89302, 46.61141 ], [ -79.00692, 46.62407 ], [ -78.97935, 46.71688 ] ], [ [ -75.60472, 46.23141 ], [ -75.4924, 46.21627 ], [ -75.47967, 46.14215 ], [ -75.47518, 46.04501 ], [ -75.54982, 46.05512 ], [ -75.52525, 46.12418 ], [ -75.60001, 46.13427 ], [ -75.60472, 46.23141 ] ], [ [ -75.65896, 45.63569 ], [ -75.72506, 45.66874 ], [ -75.70894, 45.71479 ], [ -75.60569, 45.67671 ], [ -75.65896, 45.63569 ] ] ], [ [ [ -82.11123, 46.88733 ], [ -82.33028, 46.95451 ], [ -82.45632, 47.08474 ], [ -82.44524, 47.13145 ], [ -82.59393, 47.16818 ], [ -82.70965, 47.17811 ], [ -82.72054, 47.13138 ], [ -82.8694, 47.16785 ], [ -83.06238, 47.18402 ], [ -83.12905, 47.23718 ], [ -83.47704, 47.26554 ], [ -83.5493, 47.29513 ], [ -83.56972, 47.20156 ], [ -83.80168, 47.21989 ], [ -83.82537, 47.29312 ], [ -84.12551, 47.36382 ], [ -84.31948, 47.37845 ], [ -84.42162, 47.45738 ], [ -84.40251, 47.55109 ], [ -84.47561, 47.58027 ], [ -84.49556, 47.67686 ], [ -84.56414, 47.72944 ], [ -84.65314, 47.87859 ], [ -84.76598, 47.91046 ], [ -84.78655, 48.00706 ], [ -84.82581, 48.00984 ], [ -84.87672, 47.75186 ], [ -85.02129, 47.6194 ], [ -84.94329, 47.61393 ], [ -84.91804, 47.54084 ], [ -84.76692, 47.50631 ], [ -84.7373, 47.45664 ], [ -84.65955, 47.45103 ], [ -84.67355, 47.38073 ], [ -84.5618, 47.34882 ], [ -84.58058, 47.25512 ], [ -84.66737, 47.21391 ], [ -84.69982, 47.04994 ], [ -84.66122, 47.04713 ], [ -84.67975, 46.95344 ], [ -84.59803, 46.97122 ], [ -84.36683, 46.95407 ], [ -84.35209, 46.83413 ], [ -84.42898, 46.8399 ], [ -84.39526, 46.81361 ], [ -84.39999, 46.7902 ], [ -84.37578, 46.7171 ], [ -84.29906, 46.71131 ], [ -84.27024, 46.6616 ], [ -84.27977, 46.6148 ], [ -84.24148, 46.61189 ], [ -84.2367, 46.63529 ], [ -84.1984, 46.63237 ], [ -84.20798, 46.58557 ], [ -84.02155, 46.54743 ], [ -84.05062, 46.4071 ], [ -83.96947, 46.42454 ], [ -83.95973, 46.47131 ], [ -83.8452, 46.46231 ], [ -83.77877, 46.4095 ], [ -83.79358, 46.33936 ], [ -83.76538, 46.28958 ], [ -83.64626, 46.30381 ], [ -83.45604, 46.28837 ], [ -83.38507, 46.25877 ], [ -83.36978, 46.32886 ], [ -83.26078, 46.29606 ], [ -83.10349, 46.30671 ], [ -83.09828, 46.33007 ], [ -83.07741, 46.42349 ], [ -82.96312, 46.41384 ], [ -82.95257, 46.46055 ], [ -82.83823, 46.4508 ], [ -82.7078, 46.51101 ], [ -82.44093, 46.48771 ], [ -82.37024, 46.45764 ], [ -82.34873, 46.38426 ], [ -82.21332, 46.30068 ], [ -82.22444, 46.25403 ], [ -82.11063, 46.24375 ], [ -82.1274, 46.17379 ], [ -82.01377, 46.16344 ], [ -82.0025, 46.21007 ], [ -81.84523, 46.21943 ], [ -81.69368, 46.20533 ], [ -81.72006, 46.25548 ], [ -81.53055, 46.23768 ], [ -81.47511, 46.30398 ], [ -81.38747, 46.34335 ], [ -81.15985, 46.32147 ], [ -81.14787, 46.36804 ], [ -81.10391, 46.38764 ], [ -80.91416, 46.36908 ], [ -80.89451, 46.29552 ], [ -80.743, 46.28048 ], [ -80.7686, 46.33079 ], [ -80.70602, 46.42009 ], [ -80.55423, 46.40487 ], [ -80.49714, 46.32742 ], [ -80.47804, 46.25381 ], [ -80.50923, 46.13753 ], [ -80.44622, 46.08333 ], [ -80.32678, 46.09499 ], [ -80.21364, 46.08331 ], [ -80.22631, 46.03683 ], [ -80.15732, 46.00576 ], [ -80.00675, 45.99001 ], [ -79.88742, 46.00132 ], [ -79.78618, 46.08623 ], [ -79.77315, 46.13268 ], [ -79.98662, 46.20308 ], [ -80.13773, 46.21885 ], [ -80.21967, 46.20344 ], [ -80.19424, 46.29642 ], [ -80.11856, 46.28858 ], [ -80.05504, 46.37761 ], [ -79.89704, 46.38499 ], [ -79.7077, 46.36495 ], [ -79.64347, 46.45381 ], [ -79.617, 46.54672 ], [ -79.72434, 46.58207 ], [ -79.71115, 46.62854 ], [ -79.78722, 46.63658 ], [ -79.8449, 46.57088 ], [ -80.02849, 46.614 ], [ -80.25682, 46.63756 ], [ -80.41546, 46.62981 ], [ -80.40281, 46.67634 ], [ -80.4979, 46.61425 ], [ -80.68211, 46.6566 ], [ -80.87273, 46.67545 ], [ -80.86659, 46.69873 ], [ -81.09558, 46.72106 ], [ -81.12772, 46.74804 ], [ -81.20413, 46.75539 ], [ -81.2663, 46.66586 ], [ -81.34262, 46.67314 ], [ -81.40448, 46.58356 ], [ -81.5042, 46.49757 ], [ -81.52763, 46.40436 ], [ -81.67966, 46.41862 ], [ -81.76721, 46.37908 ], [ -81.8375, 46.40943 ], [ -81.85265, 46.50619 ], [ -81.82396, 46.62277 ], [ -81.95955, 46.70672 ], [ -82.11249, 46.72057 ], [ -82.13383, 46.794 ], [ -82.05725, 46.78711 ], [ -82.00759, 46.8303 ], [ -81.99619, 46.87696 ], [ -82.11123, 46.88733 ] ] ], [ [ [ -79.53241, 46.70525 ], [ -79.54576, 46.65879 ], [ -79.463, 46.67385 ], [ -79.38693, 46.66565 ], [ -79.32187, 46.75441 ], [ -79.39805, 46.76264 ], [ -79.45629, 46.69707 ], [ -79.53241, 46.70525 ] ] ], [ [ [ -90.00296, 47.8641 ], [ -89.91919, 47.90823 ], [ -89.99797, 47.91123 ], [ -90.00296, 47.8641 ] ] ], [ [ [ -85.5113, 47.96176 ], [ -85.39353, 47.95389 ], [ -85.3847, 48.00083 ], [ -85.45889, 48.02957 ], [ -85.4982, 48.03218 ], [ -85.5113, 47.96176 ] ] ], [ [ [ -85.35428, 47.95125 ], [ -85.17933, 48.03445 ], [ -85.29724, 48.04248 ], [ -85.35428, 47.95125 ] ] ], [ [ [ -85.53751, 48.03479 ], [ -85.56814, 48.08435 ], [ -85.57683, 48.03739 ], [ -85.53751, 48.03479 ] ] ], [ [ [ -72.60928, 46.72045 ], [ -72.64698, 46.62897 ], [ -72.58157, 46.59459 ], [ -72.43203, 46.57146 ], [ -72.41304, 46.61716 ], [ -72.37564, 46.61135 ], [ -72.35659, 46.65706 ], [ -72.39402, 46.66287 ], [ -72.37497, 46.70858 ], [ -72.41243, 46.71439 ], [ -72.43145, 46.66868 ], [ -72.5718, 46.71468 ], [ -72.60928, 46.72045 ] ] ], [ [ [ -85.56814, 48.08435 ], [ -85.7127, 48.1651 ], [ -85.68621, 48.09209 ], [ -85.56814, 48.08435 ] ] ], [ [ [ -85.70411, 48.21208 ], [ -85.74356, 48.21464 ], [ -85.75212, 48.16766 ], [ -85.7127, 48.1651 ], [ -85.70411, 48.21208 ] ] ], [ [ [ -71.31123, 44.29608 ], [ -71.34708, 44.30214 ], [ -71.33032, 44.25057 ], [ -71.31123, 44.29608 ] ] ], [ [ [ -71.82796, 44.62584 ], [ -71.75578, 44.61394 ], [ -71.72744, 44.68229 ], [ -71.78082, 44.73978 ], [ -71.85316, 44.75167 ], [ -71.89078, 44.66049 ], [ -71.82796, 44.62584 ] ] ], [ [ [ -72.75978, 44.99442 ], [ -72.80524, 44.88016 ], [ -72.69623, 44.86301 ], [ -72.68711, 44.88585 ], [ -72.72346, 44.89158 ], [ -72.68697, 44.98297 ], [ -72.75978, 44.99442 ] ] ], [ [ [ -72.22814, 44.39936 ], [ -72.16441, 44.46194 ], [ -72.10875, 44.59879 ], [ -72.11697, 44.67308 ], [ -72.026, 44.70693 ], [ -71.90814, 44.71201 ], [ -71.87052, 44.80318 ], [ -71.81543, 44.84283 ], [ -71.68779, 44.87053 ], [ -71.55246, 44.82379 ], [ -71.51833, 44.72068 ], [ -71.37389, 44.69655 ], [ -71.29209, 44.70719 ], [ -71.25352, 44.79821 ], [ -71.19803, 44.83763 ], [ -71.0437, 44.83593 ], [ -70.90896, 44.78862 ], [ -70.92852, 44.74315 ], [ -70.79409, 44.69573 ], [ -70.67274, 44.79693 ], [ -70.56452, 44.77823 ], [ -70.48869, 44.86281 ], [ -70.4488, 44.95363 ], [ -70.31428, 44.90578 ], [ -70.25806, 44.94485 ], [ -70.23793, 44.99023 ], [ -70.33639, 45.03185 ], [ -70.60981, 45.03031 ], [ -70.97238, 45.09221 ], [ -71.09107, 45.08786 ], [ -71.07431, 45.03625 ], [ -71.29207, 45.07283 ], [ -71.40846, 45.16534 ], [ -71.48124, 45.17741 ], [ -71.56563, 45.06955 ], [ -71.71106, 45.0935 ], [ -71.84864, 45.04299 ], [ -71.96716, 45.03795 ], [ -72.0399, 45.04975 ], [ -72.0305, 45.07256 ], [ -72.17611, 45.09606 ], [ -72.18546, 45.07324 ], [ -72.14906, 45.06738 ], [ -72.22278, 44.98198 ], [ -72.30478, 44.97083 ], [ -72.34971, 45.05094 ], [ -72.42369, 44.86833 ], [ -72.46, 44.87412 ], [ -72.4784, 44.82846 ], [ -72.44212, 44.82267 ], [ -72.41506, 44.79405 ], [ -72.47888, 44.73135 ], [ -72.58759, 44.74867 ], [ -72.6332, 44.63448 ], [ -72.56085, 44.62297 ], [ -72.55208, 44.5487 ], [ -72.51596, 44.54293 ], [ -72.4432, 44.62846 ], [ -72.33475, 44.61105 ], [ -72.23561, 44.57074 ], [ -72.27254, 44.47948 ], [ -72.22814, 44.39936 ] ], [ [ -72.24313, 44.74213 ], [ -72.30632, 44.77661 ], [ -72.22368, 44.88487 ], [ -72.11483, 44.86729 ], [ -72.18002, 44.70762 ], [ -72.24313, 44.74213 ] ], [ [ -71.5238, 44.8921 ], [ -71.39591, 44.91955 ], [ -71.43434, 44.82849 ], [ -71.54292, 44.84656 ], [ -71.5238, 44.8921 ] ] ], [ [ [ -71.80754, 45.3284 ], [ -71.71538, 45.36207 ], [ -71.68664, 45.43043 ], [ -71.75023, 45.46516 ], [ -71.80595, 45.42553 ], [ -71.84407, 45.33434 ], [ -71.80754, 45.3284 ] ] ], [ [ [ -71.95372, 46.00934 ], [ -71.91676, 46.00342 ], [ -71.90571, 46.1234 ], [ -72.11006, 46.10727 ], [ -72.14815, 46.01597 ], [ -72.00025, 45.99243 ], [ -71.95372, 46.00934 ] ] ], [ [ [ -70.31427, 46.22626 ], [ -70.24042, 46.21362 ], [ -70.16226, 46.29811 ], [ -70.12087, 46.38892 ], [ -70.04686, 46.37619 ], [ -69.98904, 46.4152 ], [ -69.90543, 46.59674 ], [ -69.78909, 46.67465 ], [ -69.67261, 46.92418 ], [ -69.74175, 46.86258 ], [ -69.81631, 46.87546 ], [ -69.89577, 46.79111 ], [ -69.97028, 46.80392 ], [ -70.10749, 46.68045 ], [ -70.27317, 46.3171 ], [ -70.42117, 46.34231 ], [ -70.54245, 46.33839 ], [ -70.58314, 46.24747 ], [ -70.74791, 46.32407 ], [ -70.90618, 46.32607 ], [ -71.0162, 46.07578 ], [ -71.01912, 45.97862 ], [ -70.90861, 45.96016 ], [ -70.85497, 45.90233 ], [ -70.88491, 45.83411 ], [ -70.82819, 45.87341 ], [ -70.62433, 45.88784 ], [ -70.56095, 45.85263 ], [ -70.41412, 45.82757 ], [ -70.43053, 45.87928 ], [ -70.37346, 45.91841 ], [ -70.30199, 46.07738 ], [ -70.43921, 46.12527 ], [ -70.37791, 46.26157 ], [ -70.31427, 46.22626 ] ] ], [ [ [ -72.08405, 46.73615 ], [ -72.15038, 46.67352 ], [ -72.03818, 46.65587 ], [ -72.01885, 46.70153 ], [ -72.08405, 46.73615 ] ] ], [ [ [ -65.67331, 47.33808 ], [ -65.93318, 47.38981 ], [ -66.14334, 47.38163 ], [ -66.16755, 47.33675 ], [ -66.25394, 47.32889 ], [ -66.27803, 47.284 ], [ -66.47579, 47.29782 ], [ -66.54878, 47.23765 ], [ -66.66023, 47.25925 ], [ -66.66175, 47.33386 ], [ -66.71085, 47.31857 ], [ -66.85977, 47.3472 ], [ -66.94608, 47.33896 ], [ -67.01862, 47.27857 ], [ -67.13033, 47.29984 ], [ -67.31433, 47.2605 ], [ -67.38639, 47.19994 ], [ -67.49808, 47.22095 ], [ -67.64434, 47.17423 ], [ -67.72738, 47.09098 ], [ -67.77599, 47.07535 ], [ -67.88758, 47.09607 ], [ -67.92165, 47.02839 ], [ -68.20104, 46.95664 ], [ -68.24585, 46.86631 ], [ -68.32008, 46.87991 ], [ -68.35352, 46.81214 ], [ -68.4388, 46.80309 ], [ -68.50911, 46.74205 ], [ -68.40907, 46.69919 ], [ -68.32029, 46.63369 ], [ -68.32776, 46.53658 ], [ -68.3831, 46.42367 ], [ -68.60429, 46.46414 ], [ -68.64522, 46.54537 ], [ -68.62327, 46.59058 ], [ -68.68627, 46.6266 ], [ -68.74517, 46.58807 ], [ -68.78884, 46.49762 ], [ -69.02943, 46.24614 ], [ -69.06623, 46.25275 ], [ -69.13057, 46.11698 ], [ -69.16731, 46.12357 ], [ -69.26315, 45.91987 ], [ -69.22653, 45.9133 ], [ -69.31126, 45.73223 ], [ -69.27476, 45.72568 ], [ -69.34856, 45.56724 ], [ -69.34934, 45.39573 ], [ -69.24046, 45.37608 ], [ -69.1983, 45.46658 ], [ -69.08934, 45.44682 ], [ -69.03181, 45.48545 ], [ -68.94221, 45.59187 ], [ -68.77113, 45.536 ], [ -68.68502, 45.71675 ], [ -68.64859, 45.71005 ], [ -68.52918, 45.9585 ], [ -68.44889, 46.04208 ], [ -68.37569, 46.02856 ], [ -68.34273, 46.09628 ], [ -68.26949, 46.0827 ], [ -68.20389, 45.97203 ], [ -68.09433, 45.95156 ], [ -68.02454, 46.01237 ], [ -67.91496, 45.99177 ], [ -67.84494, 46.05249 ], [ -67.74658, 46.00923 ], [ -67.38437, 46.01411 ], [ -67.09295, 45.95778 ], [ -67.03165, 45.92114 ], [ -67.05458, 45.87619 ], [ -66.94377, 45.78039 ], [ -67.01247, 45.64559 ], [ -66.94011, 45.63138 ], [ -66.89071, 45.57223 ], [ -66.82181, 45.70697 ], [ -66.78561, 45.69983 ], [ -66.69316, 45.87943 ], [ -66.59733, 45.90996 ], [ -66.55072, 45.99972 ], [ -66.33276, 45.95634 ], [ -66.28571, 46.04603 ], [ -66.12935, 46.11383 ], [ -66.03353, 46.21854 ], [ -65.9607, 46.20387 ], [ -65.91287, 46.29346 ], [ -65.81595, 46.32351 ], [ -65.73159, 46.48022 ], [ -65.76815, 46.48761 ], [ -65.61043, 46.77862 ], [ -65.61058, 46.8532 ], [ -65.68414, 46.86805 ], [ -65.68438, 46.94264 ], [ -65.62326, 47.0546 ], [ -65.58637, 47.04716 ], [ -65.56183, 47.09193 ], [ -65.59875, 47.09937 ], [ -65.56191, 47.16654 ], [ -65.67308, 47.26346 ], [ -65.67331, 47.33808 ] ] ] ] } },
{ "type": "Feature", "properties": { "ID": 12 }, "geometry": { "type": "MultiPolygon", "coordinates": [ [ [ [ -80.9703, 46.30298 ], [ -81.09003, 46.29082 ], [ -81.078, 46.33738 ], [ -81.15386, 46.34476 ], [ -81.15985, 46.32147 ], [ -81.38747, 46.34335 ], [ -81.47511, 46.30398 ], [ -81.53055, 46.23768 ], [ -81.72006, 46.25548 ], [ -81.69368, 46.20533 ], [ -81.84523, 46.21943 ], [ -82.0025, 46.21007 ], [ -82.01377, 46.16344 ], [ -81.98154, 46.13666 ], [ -81.71668, 46.11212 ], [ -81.66157, 46.17848 ], [ -81.58586, 46.17136 ], [ -81.52182, 46.11761 ], [ -81.50149, 46.04414 ], [ -81.38822, 46.03333 ], [ -81.24318, 45.9955 ], [ -81.23133, 46.04206 ], [ -81.12409, 46.00777 ], [ -81.06065, 45.95384 ], [ -80.97928, 45.96969 ], [ -80.75327, 45.94721 ], [ -80.67183, 45.96291 ], [ -80.65954, 46.00943 ], [ -80.39584, 45.98262 ], [ -80.25788, 45.92062 ], [ -80.10751, 45.90496 ], [ -80.12656, 45.83525 ], [ -80.02035, 45.8002 ], [ -80.00839, 45.70333 ], [ -79.93991, 45.67217 ], [ -79.97823, 45.53283 ], [ -79.89716, 45.5481 ], [ -79.92274, 45.45522 ], [ -79.83016, 45.3736 ], [ -79.84938, 45.30395 ], [ -79.80068, 45.20309 ], [ -79.73288, 45.17185 ], [ -79.75855, 45.07901 ], [ -79.72152, 45.07499 ], [ -79.72794, 45.05179 ], [ -79.65391, 45.04372 ], [ -79.6427, 44.94686 ], [ -79.57528, 44.91555 ], [ -79.58819, 44.86915 ], [ -79.52089, 44.83782 ], [ -79.54675, 44.74503 ], [ -79.47312, 44.73688 ], [ -79.46664, 44.76007 ], [ -79.41681, 44.80237 ], [ -79.39725, 44.87195 ], [ -79.50793, 44.88422 ], [ -79.48195, 44.97701 ], [ -79.54939, 45.00836 ], [ -79.50389, 45.17076 ], [ -79.42974, 45.16258 ], [ -79.39037, 45.30176 ], [ -79.25242, 45.38217 ], [ -79.17804, 45.37387 ], [ -79.15132, 45.46662 ], [ -79.21915, 45.49813 ], [ -79.19244, 45.59089 ], [ -79.23374, 45.71516 ], [ -79.3019, 45.74663 ], [ -79.31269, 45.84356 ], [ -79.38104, 45.875 ], [ -79.39865, 45.94872 ], [ -79.47379, 45.95692 ], [ -79.46054, 46.00333 ], [ -79.52916, 46.03471 ], [ -79.71736, 46.05497 ], [ -79.79918, 46.03978 ], [ -79.78618, 46.08623 ], [ -79.88742, 46.00132 ], [ -80.00675, 45.99001 ], [ -80.15732, 46.00576 ], [ -80.22631, 46.03683 ], [ -80.21364, 46.08331 ], [ -80.32678, 46.09499 ], [ -80.44622, 46.08333 ], [ -80.50923, 46.13753 ], [ -80.503, 46.16078 ], [ -80.52834, 46.21113 ], [ -80.60397, 46.21877 ], [ -80.67345, 46.24964 ], [ -80.787, 46.26098 ], [ -80.78087, 46.28425 ], [ -80.9703, 46.30298 ] ] ], [ [ [ -83.90884, 46.15836 ], [ -83.828, 46.17572 ], [ -83.81327, 46.24585 ], [ -83.92737, 46.25487 ], [ -83.90884, 46.15836 ] ] ], [ [ [ -83.98891, 46.331 ], [ -83.91274, 46.32502 ], [ -83.89808, 46.39517 ], [ -83.96947, 46.42454 ], [ -83.98891, 46.331 ] ] ], [ [ [ -82.1274, 46.17379 ], [ -82.11063, 46.24375 ], [ -82.22444, 46.25403 ], [ -82.21332, 46.30068 ], [ -82.34873, 46.38426 ], [ -82.37024, 46.45764 ], [ -82.44093, 46.48771 ], [ -82.7078, 46.51101 ], [ -82.83823, 46.4508 ], [ -82.95257, 46.46055 ], [ -82.96312, 46.41384 ], [ -83.07741, 46.42349 ], [ -83.10349, 46.30671 ], [ -83.08631, 46.2101 ], [ -82.92923, 46.22056 ], [ -82.70154, 46.20096 ], [ -82.62028, 46.21769 ], [ -82.39271, 46.19762 ], [ -82.2845, 46.16414 ], [ -82.1274, 46.17379 ] ] ], [ [ [ -84.45173, 46.53274 ], [ -84.40408, 46.57668 ], [ -84.38523, 46.67029 ], [ -84.4619, 46.67604 ], [ -84.50959, 46.63208 ], [ -84.52822, 46.53845 ], [ -84.45173, 46.53274 ] ] ], [ [ [ -79.45172, 46.1699 ], [ -79.48943, 46.17399 ], [ -79.5027, 46.12757 ], [ -79.46501, 46.12348 ], [ -79.45172, 46.1699 ] ] ], [ [ [ -84.27977, 46.6148 ], [ -84.28453, 46.5914 ], [ -84.20798, 46.58557 ], [ -84.1984, 46.63237 ], [ -84.2367, 46.63529 ], [ -84.24148, 46.61189 ], [ -84.27977, 46.6148 ] ] ], [ [ [ -84.47683, 46.79594 ], [ -84.39526, 46.81361 ], [ -84.42898, 46.8399 ], [ -84.46743, 46.84276 ], [ -84.47683, 46.79594 ] ] ], [ [ [ -89.00227, 47.96503 ], [ -89.12048, 47.97021 ], [ -89.13192, 47.87599 ], [ -89.05324, 47.87255 ], [ -89.00227, 47.96503 ] ] ], [ [ [ -88.87816, 48.00687 ], [ -88.99644, 48.01214 ], [ -89.00227, 47.96503 ], [ -88.88409, 47.95976 ], [ -88.87816, 48.00687 ] ] ], [ [ [ -88.83276, 48.0522 ], [ -88.87816, 48.00687 ], [ -88.83874, 48.00509 ], [ -88.83276, 48.0522 ] ] ], [ [ [ -70.95842, 45.84643 ], [ -71.05882, 45.8876 ], [ -71.01912, 45.97862 ], [ -71.11265, 45.94536 ], [ -71.26006, 45.96976 ], [ -71.31659, 45.93029 ], [ -71.49331, 45.88614 ], [ -71.5593, 45.8238 ], [ -71.66009, 45.86458 ], [ -71.80753, 45.88845 ], [ -71.87169, 45.92314 ], [ -71.8798, 45.99749 ], [ -71.95372, 46.00934 ], [ -72.00025, 45.99243 ], [ -72.14815, 46.01597 ], [ -72.11959, 46.08445 ], [ -72.20316, 46.07335 ], [ -72.35134, 46.0967 ], [ -72.40664, 46.154 ], [ -72.5551, 46.17716 ], [ -72.65719, 46.21729 ], [ -72.67586, 46.17157 ], [ -72.75945, 46.16016 ], [ -72.7502, 46.08585 ], [ -72.85214, 46.02867 ], [ -72.96337, 46.04572 ], [ -73.09348, 46.11411 ], [ -73.20495, 46.13099 ], [ -73.22316, 46.0852 ], [ -73.31558, 46.05061 ], [ -73.37981, 45.98749 ], [ -73.454, 45.99861 ], [ -73.50784, 45.86119 ], [ -73.65599, 45.88327 ], [ -73.75832, 45.92266 ], [ -73.73169, 45.99142 ], [ -73.76882, 45.9969 ], [ -73.80425, 45.90521 ], [ -73.95263, 45.92701 ], [ -74.01603, 45.86363 ], [ -74.12728, 45.87984 ], [ -74.16208, 45.78808 ], [ -74.23617, 45.79882 ], [ -74.32753, 45.76362 ], [ -74.35336, 45.69477 ], [ -74.42736, 45.70542 ], [ -74.43593, 45.68247 ], [ -74.39894, 45.67715 ], [ -74.40751, 45.6542 ], [ -74.527, 45.64716 ], [ -74.56104, 45.55532 ], [ -74.55517, 45.36108 ], [ -74.69403, 45.40511 ], [ -74.8046, 45.42082 ], [ -74.87489, 45.33414 ], [ -75.0425, 45.40603 ], [ -75.19006, 45.42662 ], [ -75.25159, 45.36276 ], [ -75.47292, 45.39329 ], [ -75.55131, 45.50049 ], [ -75.62528, 45.51055 ], [ -75.7202, 45.57164 ], [ -75.86841, 45.59157 ], [ -75.88438, 45.54551 ], [ -75.95847, 45.55541 ], [ -75.96642, 45.53238 ], [ -76.11461, 45.55207 ], [ -76.14612, 45.4599 ], [ -76.08789, 45.404 ], [ -76.1932, 45.32163 ], [ -76.30399, 45.33625 ], [ -76.2728, 45.42845 ], [ -76.2123, 45.49272 ], [ -76.36047, 45.51218 ], [ -76.4053, 45.49396 ], [ -76.45953, 45.33255 ], [ -76.53345, 45.34218 ], [ -76.64064, 45.01929 ], [ -76.60388, 45.01451 ], [ -76.64195, 44.89919 ], [ -76.75314, 44.79338 ], [ -76.78327, 44.70111 ], [ -76.92966, 44.72 ], [ -76.9886, 44.65547 ], [ -77.17155, 44.67882 ], [ -77.19362, 44.60955 ], [ -77.16467, 44.46173 ], [ -77.09174, 44.45242 ], [ -77.09911, 44.42934 ], [ -76.80772, 44.39174 ], [ -76.78528, 44.46094 ], [ -76.71242, 44.45144 ], [ -76.66092, 44.4928 ], [ -76.60315, 44.43713 ], [ -76.34842, 44.40342 ], [ -76.19528, 44.407 ], [ -76.16439, 44.49914 ], [ -76.08382, 44.51238 ], [ -75.9382, 44.49266 ], [ -75.81333, 44.52382 ], [ -75.78969, 44.59287 ], [ -75.73744, 44.63391 ], [ -75.62808, 44.61889 ], [ -75.63141, 44.49882 ], [ -75.59504, 44.4938 ], [ -75.49037, 44.57573 ], [ -75.45832, 44.66773 ], [ -75.38541, 44.65759 ], [ -75.28017, 44.73937 ], [ -75.26395, 44.78536 ], [ -75.18279, 44.7981 ], [ -75.16648, 44.84408 ], [ -75.02037, 44.82347 ], [ -74.95914, 44.88722 ], [ -74.81299, 44.86641 ], [ -74.6753, 44.8225 ], [ -74.61371, 44.88611 ], [ -74.52386, 44.92146 ], [ -74.25125, 44.93009 ], [ -74.10526, 44.90859 ], [ -74.01305, 44.84653 ], [ -73.90376, 44.83025 ], [ -73.93829, 44.73859 ], [ -73.87422, 44.70479 ], [ -73.79288, 44.71679 ], [ -73.78584, 44.8368 ], [ -73.85001, 44.87063 ], [ -73.77878, 44.95681 ], [ -73.70582, 44.94586 ], [ -73.64307, 45.00907 ], [ -73.57007, 44.99805 ], [ -73.58765, 44.95225 ], [ -73.55119, 44.94673 ], [ -73.54239, 44.96962 ], [ -73.50592, 44.96409 ], [ -73.48827, 45.00988 ], [ -73.37883, 44.99322 ], [ -73.36898, 44.91899 ], [ -73.29615, 44.90783 ], [ -73.28725, 44.93071 ], [ -73.10522, 44.90266 ], [ -73.09625, 44.92553 ], [ -73.00545, 44.95997 ], [ -72.96935, 45.05142 ], [ -72.82353, 45.02869 ], [ -72.7962, 45.00013 ], [ -72.72337, 44.9887 ], [ -72.68682, 45.08008 ], [ -72.56828, 45.08568 ], [ -72.6325, 44.9258 ], [ -72.57813, 44.86861 ], [ -72.68711, 44.88585 ], [ -72.70534, 44.84016 ], [ -72.76891, 44.77735 ], [ -72.71455, 44.72021 ], [ -72.60585, 44.70299 ], [ -72.58759, 44.74867 ], [ -72.51511, 44.73713 ], [ -72.44157, 44.91978 ], [ -72.47791, 44.92557 ], [ -72.41328, 45.08539 ], [ -72.33114, 45.09659 ], [ -72.18546, 45.07324 ], [ -72.17611, 45.09606 ], [ -72.1397, 45.0902 ], [ -72.06573, 45.17556 ], [ -71.99283, 45.16378 ], [ -72.00352, 45.04386 ], [ -71.96716, 45.03795 ], [ -71.84864, 45.04299 ], [ -71.71106, 45.0935 ], [ -71.56563, 45.06955 ], [ -71.48124, 45.17741 ], [ -71.40846, 45.16534 ], [ -71.42554, 45.21692 ], [ -71.35776, 45.37629 ], [ -71.43079, 45.38839 ], [ -71.4017, 45.4567 ], [ -71.30911, 45.49012 ], [ -71.23089, 45.67223 ], [ -71.14771, 45.6828 ], [ -71.03771, 45.66444 ], [ -70.99813, 45.75544 ], [ -70.89488, 45.81137 ], [ -70.95842, 45.84643 ] ], [ [ -73.85883, 45.3562 ], [ -73.83258, 45.42496 ], [ -73.72227, 45.40854 ], [ -73.73986, 45.36272 ], [ -73.85883, 45.3562 ] ], [ [ -71.80595, 45.42553 ], [ -71.75023, 45.46516 ], [ -71.68664, 45.43043 ], [ -71.71538, 45.36207 ], [ -71.80754, 45.3284 ], [ -71.77102, 45.32245 ], [ -71.85358, 45.31155 ], [ -71.80595, 45.42553 ] ] ], [ [ [ -71.32191, 46.83386 ], [ -71.34183, 46.78828 ], [ -71.2023, 46.74117 ], [ -71.1522, 46.85507 ], [ -71.22706, 46.86727 ], [ -71.32191, 46.83386 ] ] ], [ [ [ -70.6218, 46.96308 ], [ -70.50953, 46.94432 ], [ -70.44112, 47.00626 ], [ -70.36624, 46.99367 ], [ -70.32468, 47.0846 ], [ -70.1704, 47.15652 ], [ -70.12841, 47.24741 ], [ -70.03219, 47.28011 ], [ -69.96868, 47.41641 ], [ -69.93102, 47.41001 ], [ -69.85645, 47.56901 ], [ -69.91553, 47.53 ], [ -69.991, 47.54281 ], [ -70.04996, 47.50375 ], [ -70.13444, 47.32195 ], [ -70.20969, 47.33465 ], [ -70.25162, 47.24372 ], [ -70.38927, 47.11995 ], [ -70.46432, 47.13252 ], [ -70.44753, 47.08076 ], [ -70.52253, 47.0933 ], [ -70.60125, 47.00857 ], [ -70.6218, 46.96308 ] ] ], [ [ [ -70.4148, 47.41803 ], [ -70.28073, 47.44458 ], [ -70.35618, 47.45722 ], [ -70.4148, 47.41803 ] ] ], [ [ [ -65.02283, 46.80777 ], [ -65.01103, 46.75553 ], [ -64.93851, 46.66579 ], [ -64.90118, 46.73277 ], [ -64.94952, 46.79261 ], [ -65.02283, 46.80777 ] ] ], [ [ [ -65.09357, 47.19588 ], [ -65.06858, 47.24058 ], [ -65.58683, 47.34561 ], [ -65.67331, 47.33808 ], [ -65.67308, 47.26346 ], [ -65.56191, 47.16654 ], [ -65.59875, 47.09937 ], [ -65.52492, 47.08448 ], [ -65.59849, 46.95018 ], [ -65.51256, 46.88308 ], [ -65.43903, 46.86815 ], [ -65.4024, 46.78609 ], [ -65.43918, 46.71899 ], [ -65.36587, 46.70403 ], [ -65.24267, 46.92762 ], [ -65.02222, 46.88235 ], [ -65.02283, 46.80777 ], [ -64.93634, 46.88952 ], [ -64.86294, 46.87432 ], [ -64.81285, 46.96362 ], [ -64.83706, 46.99357 ], [ -65.09462, 47.04666 ], [ -65.08217, 47.06901 ], [ -65.1803, 47.114 ], [ -65.1305, 47.20343 ], [ -65.09357, 47.19588 ] ] ], [ [ [ -69.76083, 48.11732 ], [ -69.79894, 48.12377 ], [ -69.77165, 48.09459 ], [ -69.76083, 48.11732 ] ] ] ] } },
{ "type": "Feature", "properties": { "ID": 13 }, "geometry": { "type": "MultiPolygon", "coordinates": [ [ [ [ -74.0156, 44.53232 ], [ -74.34211, 44.58068 ], [ -74.39789, 44.63721 ], [ -74.45946, 44.5737 ], [ -74.64944, 44.57716 ], [ -74.71897, 44.49058 ], [ -74.86416, 44.51148 ], [ -74.92511, 44.44777 ], [ -75.07027, 44.46847 ], [ -75.07842, 44.44549 ], [ -75.11471, 44.45064 ], [ -75.13096, 44.40468 ], [ -75.16723, 44.40982 ], [ -75.20767, 44.2949 ], [ -75.29618, 44.25915 ], [ -75.38417, 44.00624 ], [ -75.50382, 43.87839 ], [ -75.43979, 43.84528 ], [ -75.47144, 43.75329 ], [ -75.39963, 43.74315 ], [ -75.42338, 43.67417 ], [ -75.35961, 43.64102 ], [ -75.39127, 43.54904 ], [ -75.37131, 43.49798 ], [ -75.22836, 43.47757 ], [ -75.20446, 43.54653 ], [ -75.26805, 43.57974 ], [ -75.19622, 43.78661 ], [ -75.16032, 43.78148 ], [ -75.10402, 43.94234 ], [ -75.04377, 44.00611 ], [ -74.93573, 43.99058 ], [ -74.8474, 44.02612 ], [ -74.78679, 44.08979 ], [ -74.71783, 44.17639 ], [ -74.57349, 44.15535 ], [ -74.41254, 44.18006 ], [ -74.31275, 44.14113 ], [ -74.34627, 44.04939 ], [ -74.20236, 44.02799 ], [ -74.16864, 44.1197 ], [ -74.17088, 44.21679 ], [ -74.02664, 44.19522 ], [ -73.92707, 44.15604 ], [ -73.86537, 44.21933 ], [ -73.75726, 44.20294 ], [ -73.76746, 44.27713 ], [ -73.82242, 44.33387 ], [ -73.85854, 44.33933 ], [ -73.87571, 44.29351 ], [ -73.97547, 44.33272 ], [ -73.90506, 44.41895 ], [ -73.89647, 44.44186 ], [ -73.96885, 44.45273 ], [ -73.94312, 44.52148 ], [ -73.97078, 44.54982 ], [ -74.00704, 44.55524 ], [ -74.0156, 44.53232 ] ] ], [ [ [ -87.4, 46.25141 ], [ -87.42086, 46.37093 ], [ -87.57395, 46.37937 ], [ -87.7103, 46.5051 ], [ -87.73189, 46.6246 ], [ -87.8824, 46.65623 ], [ -87.89229, 46.58575 ], [ -87.82209, 46.53472 ], [ -87.80034, 46.41524 ], [ -87.68879, 46.38561 ], [ -87.71563, 46.19774 ], [ -87.60454, 46.16805 ], [ -87.58337, 46.04858 ], [ -87.43115, 46.04015 ], [ -87.4, 46.25141 ] ] ], [ [ [ -88.51241, 46.87723 ], [ -88.58061, 46.95147 ], [ -88.96766, 46.96944 ], [ -88.97053, 46.94591 ], [ -89.16407, 46.95453 ], [ -89.37393, 46.82173 ], [ -89.5671, 46.82985 ], [ -89.57235, 46.78279 ], [ -89.65216, 46.76244 ], [ -89.70104, 46.66989 ], [ -89.66766, 46.62126 ], [ -89.59065, 46.61809 ], [ -89.54165, 46.7106 ], [ -89.23323, 46.69745 ], [ -89.15057, 46.74111 ], [ -89.18359, 46.78986 ], [ -88.9906, 46.78126 ], [ -88.91631, 46.75424 ], [ -88.92208, 46.70721 ], [ -88.72941, 46.69829 ], [ -88.64937, 46.71817 ], [ -88.34113, 46.70325 ], [ -88.30888, 46.65434 ], [ -88.2578, 46.74644 ], [ -88.25148, 46.79345 ], [ -88.36411, 46.82269 ], [ -88.412, 46.75406 ], [ -88.48911, 46.75781 ], [ -88.51241, 46.87723 ] ] ], [ [ [ -87.9077, 46.75223 ], [ -88.02332, 46.75822 ], [ -88.02982, 46.71122 ], [ -87.91429, 46.70524 ], [ -87.9077, 46.75223 ] ] ], [ [ [ -73.45943, 44.08466 ], [ -73.55857, 44.12416 ], [ -73.52382, 44.21572 ], [ -73.60453, 44.20387 ], [ -73.67513, 44.11779 ], [ -73.76427, 44.08295 ], [ -73.74552, 44.03167 ], [ -73.88927, 44.05351 ], [ -73.89781, 44.0306 ], [ -73.9782, 44.01855 ], [ -73.99715, 44.0698 ], [ -74.08815, 44.13186 ], [ -74.08604, 44.03477 ], [ -74.17483, 43.99969 ], [ -74.14513, 43.87431 ], [ -74.17035, 43.80553 ], [ -74.0629, 43.78937 ], [ -74.08818, 43.72061 ], [ -73.9809, 43.70438 ], [ -74.05038, 43.61812 ], [ -74.1218, 43.62891 ], [ -74.191, 43.54259 ], [ -74.24102, 43.40501 ], [ -74.3288, 43.36984 ], [ -74.37013, 43.25516 ], [ -74.43033, 43.19165 ], [ -74.5177, 43.15637 ], [ -74.62417, 43.1722 ], [ -74.89225, 43.25998 ], [ -74.90367, 43.33409 ], [ -74.97492, 43.34446 ], [ -75.06583, 43.40592 ], [ -75.20856, 43.42648 ], [ -75.18879, 43.37539 ], [ -75.22058, 43.28345 ], [ -75.14936, 43.27319 ], [ -75.17321, 43.20425 ], [ -75.11006, 43.17098 ], [ -75.12597, 43.12502 ], [ -75.05496, 43.11472 ], [ -74.97596, 43.12735 ], [ -74.86949, 43.11178 ], [ -74.7195, 43.11384 ], [ -74.62938, 43.05217 ], [ -74.48771, 43.03105 ], [ -74.37331, 43.03805 ], [ -74.28602, 43.07325 ], [ -74.22578, 43.1367 ], [ -74.09239, 43.09226 ], [ -73.95082, 43.07062 ], [ -73.85825, 43.32265 ], [ -73.76178, 43.38045 ], [ -73.77185, 43.45463 ], [ -73.70216, 43.54076 ], [ -73.66795, 43.63235 ], [ -73.56954, 43.59293 ], [ -73.60387, 43.50136 ], [ -73.53268, 43.49032 ], [ -73.48099, 43.62765 ], [ -73.51784, 43.73028 ], [ -73.44855, 43.91337 ], [ -73.52022, 43.92445 ], [ -73.48552, 44.016 ], [ -73.51274, 44.04443 ], [ -73.47683, 44.03889 ], [ -73.45943, 44.08466 ] ] ], [ [ [ -72.13768, 43.58226 ], [ -72.04035, 43.54183 ], [ -72.02201, 43.58743 ], [ -72.05751, 43.59331 ], [ -72.13768, 43.58226 ] ] ], [ [ [ -72.13768, 43.58226 ], [ -72.1194, 43.62787 ], [ -72.18136, 43.6624 ], [ -72.16309, 43.70802 ], [ -72.19868, 43.71387 ], [ -72.22604, 43.64544 ], [ -72.19049, 43.63959 ], [ -72.20871, 43.59397 ], [ -72.13768, 43.58226 ] ] ], [ [ [ -72.55208, 44.5487 ], [ -72.56085, 44.62297 ], [ -72.6332, 44.63448 ], [ -72.6423, 44.61164 ], [ -72.5882, 44.55446 ], [ -72.55208, 44.5487 ] ] ], [ [ [ -67.01247, 45.64559 ], [ -66.94377, 45.78039 ], [ -67.05458, 45.87619 ], [ -67.03165, 45.92114 ], [ -67.09295, 45.95778 ], [ -67.38437, 46.01411 ], [ -67.74658, 46.00923 ], [ -67.84494, 46.05249 ], [ -67.91496, 45.99177 ], [ -68.02454, 46.01237 ], [ -68.09433, 45.95156 ], [ -68.20389, 45.97203 ], [ -68.26949, 46.0827 ], [ -68.34273, 46.09628 ], [ -68.37569, 46.02856 ], [ -68.44889, 46.04208 ], [ -68.52918, 45.9585 ], [ -68.64859, 45.71005 ], [ -68.68502, 45.71675 ], [ -68.77113, 45.536 ], [ -68.94221, 45.59187 ], [ -69.03181, 45.48545 ], [ -69.08934, 45.44682 ], [ -69.1983, 45.46658 ], [ -69.24046, 45.37608 ], [ -69.31304, 45.38919 ], [ -69.35497, 45.29866 ], [ -69.27773, 45.21114 ], [ -69.30913, 45.14326 ], [ -69.23217, 45.05572 ], [ -69.26354, 44.98785 ], [ -69.20193, 44.95211 ], [ -69.22284, 44.90687 ], [ -69.16133, 44.87111 ], [ -69.18224, 44.82588 ], [ -69.12084, 44.7901 ], [ -69.11633, 44.71568 ], [ -69.33168, 44.75506 ], [ -69.46507, 44.80378 ], [ -69.55237, 44.86855 ], [ -69.66043, 44.88797 ], [ -69.75832, 44.92997 ], [ -70.22785, 45.01292 ], [ -70.25806, 44.94485 ], [ -70.31428, 44.90578 ], [ -70.4488, 44.95363 ], [ -70.48869, 44.86281 ], [ -70.56452, 44.77823 ], [ -70.67274, 44.79693 ], [ -70.79409, 44.69573 ], [ -70.92852, 44.74315 ], [ -70.90896, 44.78862 ], [ -71.0437, 44.83593 ], [ -71.19803, 44.83763 ], [ -71.25352, 44.79821 ], [ -71.29209, 44.70719 ], [ -71.37389, 44.69655 ], [ -71.51833, 44.72068 ], [ -71.55246, 44.82379 ], [ -71.68779, 44.87053 ], [ -71.81543, 44.84283 ], [ -71.87052, 44.80318 ], [ -71.90814, 44.71201 ], [ -72.026, 44.70693 ], [ -72.11697, 44.67308 ], [ -72.10875, 44.59879 ], [ -72.16441, 44.46194 ], [ -72.22814, 44.39936 ], [ -72.27254, 44.47948 ], [ -72.23561, 44.57074 ], [ -72.33475, 44.61105 ], [ -72.4432, 44.62846 ], [ -72.51596, 44.54293 ], [ -72.47985, 44.53715 ], [ -72.49813, 44.49149 ], [ -72.50726, 44.46866 ], [ -72.51638, 44.44583 ], [ -72.54371, 44.37733 ], [ -72.73292, 44.38322 ], [ -72.78696, 44.24615 ], [ -72.82293, 44.25185 ], [ -72.88558, 44.0919 ], [ -72.86756, 44.04051 ], [ -73.01988, 44.04034 ], [ -73.02915, 44.11457 ], [ -73.06506, 44.12022 ], [ -73.10046, 44.02876 ], [ -73.09994, 43.93167 ], [ -73.02834, 43.92039 ], [ -73.06368, 43.82895 ], [ -72.98336, 43.8405 ], [ -73.01871, 43.74907 ], [ -72.94735, 43.73775 ], [ -72.97387, 43.66918 ], [ -72.9026, 43.65783 ], [ -72.93797, 43.56642 ], [ -72.87569, 43.53221 ], [ -72.91984, 43.41794 ], [ -72.97293, 43.3779 ], [ -73.10612, 43.42336 ], [ -73.14105, 43.33189 ], [ -73.19391, 43.29177 ], [ -73.22864, 43.20028 ], [ -73.21926, 43.12606 ], [ -73.10455, 43.13208 ], [ -73.18263, 42.92626 ], [ -73.17273, 42.75493 ], [ -73.00585, 42.70388 ], [ -72.95336, 42.74393 ], [ -72.91849, 42.83536 ], [ -72.83067, 42.86969 ], [ -72.79554, 42.96109 ], [ -72.84842, 43.01819 ], [ -72.82204, 43.08674 ], [ -72.89263, 43.09813 ], [ -72.85746, 43.18954 ], [ -72.8664, 43.26378 ], [ -72.81335, 43.30378 ], [ -72.70715, 43.28664 ], [ -72.64506, 43.34942 ], [ -72.68049, 43.35516 ], [ -72.65377, 43.42367 ], [ -72.56496, 43.45784 ], [ -72.49402, 43.4463 ], [ -72.44003, 43.58326 ], [ -72.5912, 43.58352 ], [ -72.5197, 43.66909 ], [ -72.49266, 43.73757 ], [ -72.66196, 43.7892 ], [ -72.70648, 43.86919 ], [ -72.67058, 43.96054 ], [ -72.59001, 43.97189 ], [ -72.44694, 43.94879 ], [ -72.47412, 43.88032 ], [ -72.4299, 43.80026 ], [ -72.35858, 43.78866 ], [ -72.28651, 43.87411 ], [ -72.19683, 43.90805 ], [ -72.09566, 44.15892 ], [ -72.03205, 44.22145 ], [ -71.92445, 44.20374 ], [ -71.98943, 44.04417 ], [ -72.0252, 44.05007 ], [ -72.16309, 43.70802 ], [ -72.08277, 43.71908 ], [ -71.94048, 43.6955 ], [ -71.96812, 43.62712 ], [ -71.8971, 43.61529 ], [ -71.82458, 43.70051 ], [ -71.87719, 43.75796 ], [ -71.90214, 43.88376 ], [ -71.76885, 43.83722 ], [ -71.68654, 43.94516 ], [ -71.57014, 43.94997 ], [ -71.59831, 43.88166 ], [ -71.52706, 43.86965 ], [ -71.42751, 43.9259 ], [ -71.32062, 43.90775 ], [ -71.30163, 43.95326 ], [ -71.22082, 43.96386 ], [ -71.19219, 44.0321 ], [ -71.26356, 44.04427 ], [ -71.20625, 44.18077 ], [ -71.09207, 44.08812 ], [ -71.04396, 44.20182 ], [ -70.97921, 44.26389 ], [ -70.83608, 44.23925 ], [ -70.75481, 44.24959 ], [ -70.69308, 44.21447 ], [ -70.72236, 44.14632 ], [ -70.64463, 44.05954 ], [ -70.68364, 43.96869 ], [ -70.5769, 43.95001 ], [ -70.4445, 43.90228 ], [ -70.32216, 43.83175 ], [ -70.31231, 43.85444 ], [ -70.24718, 43.91619 ], [ -70.16781, 44.09765 ], [ -69.94516, 44.25357 ], [ -69.8126, 44.20528 ], [ -69.7312, 44.21507 ], [ -69.65492, 44.29921 ], [ -69.54792, 44.27979 ], [ -69.51723, 44.3477 ], [ -69.44586, 44.3347 ], [ -69.36903, 44.41869 ], [ -69.29761, 44.40562 ], [ -69.23084, 44.46692 ], [ -69.11327, 44.46981 ], [ -69.00614, 44.45 ], [ -68.98523, 44.4952 ], [ -68.76455, 44.55234 ], [ -68.65739, 44.53228 ], [ -68.58983, 44.5933 ], [ -68.49333, 44.55055 ], [ -68.31493, 44.51675 ], [ -68.22212, 44.54827 ], [ -68.20058, 44.59336 ], [ -67.9153, 44.53863 ], [ -67.82224, 44.5699 ], [ -67.78946, 44.63745 ], [ -67.68248, 44.6167 ], [ -67.6002, 44.62532 ], [ -67.57817, 44.67032 ], [ -67.46014, 44.67191 ], [ -67.41579, 44.76187 ], [ -67.35784, 44.79985 ], [ -67.25072, 44.77878 ], [ -67.07093, 45.13834 ], [ -67.0124, 45.17618 ], [ -66.9765, 45.16909 ], [ -66.84776, 45.26714 ], [ -66.84946, 45.34162 ], [ -66.89863, 45.40078 ], [ -66.91361, 45.52731 ], [ -67.0581, 45.55571 ], [ -67.02389, 45.62312 ], [ -66.98772, 45.61602 ], [ -66.97629, 45.63849 ], [ -67.01247, 45.64559 ] ], [ [ -71.8965, 44.27211 ], [ -71.86848, 44.34049 ], [ -71.73421, 44.29392 ], [ -71.75298, 44.24835 ], [ -71.8965, 44.27211 ] ], [ [ -71.60391, 44.51572 ], [ -71.56595, 44.60682 ], [ -71.4864, 44.52047 ], [ -71.51493, 44.45216 ], [ -71.47897, 44.44615 ], [ -71.5434, 44.38386 ], [ -71.58126, 44.29277 ], [ -71.68892, 44.31073 ], [ -71.64176, 44.42462 ], [ -71.60391, 44.51572 ] ], [ [ -71.82796, 44.62584 ], [ -71.89078, 44.66049 ], [ -71.85316, 44.75167 ], [ -71.78082, 44.73978 ], [ -71.72744, 44.68229 ], [ -71.75578, 44.61394 ], [ -71.82796, 44.62584 ] ], [ [ -71.33032, 44.25057 ], [ -71.34708, 44.30214 ], [ -71.23954, 44.28393 ], [ -71.34938, 44.20505 ], [ -71.33032, 44.25057 ] ], [ [ -67.62668, 45.36998 ], [ -67.5571, 45.43055 ], [ -67.48487, 45.41661 ], [ -67.49355, 45.31963 ], [ -67.62668, 45.36998 ] ] ], [ [ [ -72.24313, 44.74213 ], [ -72.18002, 44.70762 ], [ -72.11483, 44.86729 ], [ -72.22368, 44.88487 ], [ -72.30632, 44.77661 ], [ -72.24313, 44.74213 ] ] ], [ [ [ -71.5238, 44.8921 ], [ -71.54292, 44.84656 ], [ -71.43434, 44.82849 ], [ -71.39591, 44.91955 ], [ -71.5238, 44.8921 ] ] ] ] } },
{ "type": "Feature", "properties": { "ID": 14 }, "geometry": { "type": "MultiPolygon", "coordinates": [ [ [ [ -95.31426, 45.97096 ], [ -95.38984, 46.04198 ], [ -95.46712, 45.94799 ], [ -95.58173, 45.92478 ], [ -95.5824, 45.83052 ], [ -95.39205, 45.82989 ], [ -95.31536, 45.87669 ], [ -95.31426, 45.97096 ] ] ], [ [ [ -93.66714, 46.11978 ], [ -93.5524, 46.118 ], [ -93.51215, 46.16451 ], [ -93.50812, 46.25877 ], [ -93.54348, 46.33008 ], [ -93.61832, 46.37841 ], [ -93.73358, 46.38015 ], [ -93.73724, 46.28588 ], [ -93.66526, 46.16691 ], [ -93.66714, 46.11978 ] ] ], [ [ [ -95.50064, 46.49026 ], [ -95.65465, 46.49068 ], [ -95.73123, 46.58515 ], [ -95.7309, 46.65589 ], [ -95.84674, 46.65605 ], [ -95.88516, 46.75041 ], [ -95.96252, 46.75045 ], [ -96.0012, 46.84479 ], [ -96.23363, 46.84461 ], [ -96.23306, 46.70311 ], [ -96.19442, 46.70316 ], [ -96.19458, 46.75033 ], [ -96.11722, 46.75041 ], [ -96.11703, 46.65608 ], [ -96.19426, 46.656 ], [ -96.19363, 46.46737 ], [ -96.23174, 46.37302 ], [ -96.1547, 46.30239 ], [ -96.15445, 46.2081 ], [ -96.11604, 46.16099 ], [ -96.03947, 46.16103 ], [ -96.00118, 46.09033 ], [ -95.9247, 46.09031 ], [ -95.84834, 46.04312 ], [ -95.84847, 45.99598 ], [ -95.69575, 45.99575 ], [ -95.69551, 46.04289 ], [ -95.58088, 46.04262 ], [ -95.54194, 46.13679 ], [ -95.4269, 46.15997 ], [ -95.42597, 46.25425 ], [ -95.50226, 46.30167 ], [ -95.50064, 46.49026 ] ] ], [ [ [ -94.40257, 47.21409 ], [ -94.55851, 47.2156 ], [ -94.59864, 47.16877 ], [ -94.60094, 47.07441 ], [ -94.4065, 47.07255 ], [ -94.29054, 47.04773 ], [ -94.25023, 47.09447 ], [ -94.24664, 47.21242 ], [ -94.28421, 47.26004 ], [ -94.40125, 47.26128 ], [ -94.40257, 47.21409 ] ] ], [ [ [ -99.18245, 48.32393 ], [ -99.22219, 48.32313 ], [ -99.21276, 48.15782 ], [ -99.2483, 48.08619 ], [ -99.16388, 47.99335 ], [ -98.88733, 47.99863 ], [ -98.88492, 47.95141 ], [ -98.56906, 47.95685 ], [ -98.69538, 48.12017 ], [ -98.69989, 48.21463 ], [ -98.74185, 48.26119 ], [ -98.86094, 48.2591 ], [ -98.90428, 48.32924 ], [ -98.98627, 48.37502 ], [ -99.18512, 48.37117 ], [ -99.18245, 48.32393 ] ], [ [ -98.97752, 48.20968 ], [ -98.97254, 48.11522 ], [ -99.05173, 48.11372 ], [ -99.09649, 48.20741 ], [ -98.97752, 48.20968 ] ] ], [ [ [ -93.04977, 48.49393 ], [ -93.05101, 48.4703 ], [ -92.93149, 48.46805 ], [ -92.9302, 48.49167 ], [ -93.04977, 48.49393 ] ] ], [ [ [ -98.0136, 49.00522 ], [ -97.97169, 48.95841 ], [ -97.85108, 48.95984 ], [ -97.89531, 49.07766 ], [ -97.97588, 49.07669 ], [ -98.0136, 49.00522 ] ] ], [ [ [ -91.90569, 46.6729 ], [ -92.06005, 46.67689 ], [ -92.13567, 46.70239 ], [ -92.1262, 46.84378 ], [ -91.96973, 46.86341 ], [ -91.80802, 46.95358 ], [ -91.71821, 47.11644 ], [ -91.71469, 47.16358 ], [ -91.90929, 47.16879 ], [ -91.91264, 47.12165 ], [ -92.10711, 47.12661 ], [ -92.11031, 47.07947 ], [ -92.22691, 47.08233 ], [ -92.23309, 46.98804 ], [ -92.31372, 46.94275 ], [ -92.31824, 46.87204 ], [ -92.24386, 46.82306 ], [ -92.25151, 46.70523 ], [ -92.29013, 46.70616 ], [ -92.29315, 46.65903 ], [ -92.25457, 46.65811 ], [ -92.25609, 46.63455 ], [ -91.90902, 46.62578 ], [ -91.90569, 46.6729 ] ] ], [ [ [ -90.20459, 47.8243 ], [ -90.12104, 47.86853 ], [ -90.00296, 47.8641 ], [ -89.99797, 47.91123 ], [ -90.31315, 47.92288 ], [ -90.31788, 47.87573 ], [ -90.47539, 47.88131 ], [ -90.44063, 47.83278 ], [ -90.47998, 47.83416 ], [ -90.48456, 47.78701 ], [ -90.52842, 47.74123 ], [ -90.32967, 47.75787 ], [ -90.28563, 47.80359 ], [ -90.20699, 47.80073 ], [ -90.20459, 47.8243 ] ] ], [ [ [ -92.76807, 48.53578 ], [ -92.76943, 48.51216 ], [ -92.72956, 48.51135 ], [ -92.73231, 48.4641 ], [ -92.65264, 48.46245 ], [ -92.57586, 48.41352 ], [ -92.53316, 48.4599 ], [ -92.56866, 48.53163 ], [ -92.76807, 48.53578 ] ] ] ] } },
{ "type": "Feature", "properties": { "ID": 15 }, "geometry": { "type": "MultiPolygon", "coordinates": [ [ [ [ -100.27648, 44.92239 ], [ -100.27987, 44.96944 ], [ -100.31735, 44.96838 ], [ -100.31393, 44.92132 ], [ -100.27648, 44.92239 ] ] ], [ [ [ -99.16633, 46.62382 ], [ -99.2049, 46.62302 ], [ -99.20751, 46.67016 ], [ -99.32331, 46.66772 ], [ -99.32602, 46.71486 ], [ -99.48053, 46.71147 ], [ -99.49049, 46.87645 ], [ -99.53211, 46.92272 ], [ -99.6484, 46.92004 ], [ -99.72287, 46.87107 ], [ -99.88731, 47.00869 ], [ -99.89209, 47.07941 ], [ -99.81436, 47.08132 ], [ -99.82063, 47.17562 ], [ -100.01527, 47.17074 ], [ -100.01197, 47.1236 ], [ -100.08473, 47.05087 ], [ -100.16241, 47.04882 ], [ -100.20642, 47.11849 ], [ -100.21681, 47.25992 ], [ -100.37272, 47.25564 ], [ -100.39442, 47.53855 ], [ -100.15938, 47.54493 ], [ -100.16282, 47.5921 ], [ -100.08609, 47.61774 ], [ -99.88993, 47.6227 ], [ -99.81303, 47.64821 ], [ -99.81778, 47.71898 ], [ -99.898, 47.74065 ], [ -99.94386, 47.83404 ], [ -100.18012, 47.82797 ], [ -100.14764, 47.92338 ], [ -100.15629, 48.04137 ], [ -100.31437, 48.03715 ], [ -100.282, 48.13262 ], [ -100.20458, 48.15833 ], [ -100.13229, 48.25483 ], [ -100.13575, 48.30204 ], [ -100.29636, 48.32145 ], [ -100.34336, 48.41481 ], [ -100.35066, 48.50926 ], [ -100.43035, 48.50707 ], [ -100.47396, 48.55319 ], [ -100.71319, 48.54632 ], [ -100.88291, 48.6596 ], [ -100.88703, 48.70683 ], [ -101.08475, 48.677 ], [ -101.06978, 48.51174 ], [ -101.14511, 48.46198 ], [ -101.13002, 48.29679 ], [ -101.09034, 48.29806 ], [ -101.06277, 47.99137 ], [ -100.89875, 47.92557 ], [ -100.89061, 47.83123 ], [ -101.16609, 47.82247 ], [ -101.32126, 47.79367 ], [ -101.41114, 47.90888 ], [ -101.48995, 47.90617 ], [ -101.53395, 47.95195 ], [ -101.54318, 48.04627 ], [ -101.58734, 48.09205 ], [ -101.71067, 48.13499 ], [ -101.75744, 48.20432 ], [ -101.76709, 48.29866 ], [ -101.92574, 48.29283 ], [ -101.92078, 48.24567 ], [ -102.03965, 48.2412 ], [ -102.15592, 48.21306 ], [ -102.15077, 48.16591 ], [ -102.30901, 48.1597 ], [ -102.42498, 48.13137 ], [ -102.41961, 48.08423 ], [ -102.56937, 48.00706 ], [ -102.68768, 48.00211 ], [ -102.76091, 47.95165 ], [ -102.79182, 47.87929 ], [ -102.8648, 47.82878 ], [ -103.0191, 47.79832 ], [ -103.00746, 47.70413 ], [ -102.99297, 47.58641 ], [ -103.02049, 47.49051 ], [ -103.00603, 47.37282 ], [ -102.93376, 47.42336 ], [ -102.8557, 47.42679 ], [ -102.83315, 47.2385 ], [ -102.78588, 47.16959 ], [ -102.70265, 47.12587 ], [ -102.5473, 47.13246 ], [ -102.46431, 47.08862 ], [ -102.44054, 46.87681 ], [ -102.39142, 46.78429 ], [ -102.30905, 46.74038 ], [ -102.0389, 46.75113 ], [ -101.96657, 46.80118 ], [ -101.94474, 46.58936 ], [ -101.90144, 46.54377 ], [ -101.82451, 46.54669 ], [ -101.73824, 46.45543 ], [ -101.722, 46.2907 ], [ -101.64082, 46.24647 ], [ -101.60008, 45.82298 ], [ -101.55539, 45.7538 ], [ -101.36559, 45.76058 ], [ -101.36774, 45.78411 ], [ -101.10184, 45.79321 ], [ -101.05574, 45.70036 ], [ -101.16953, 45.69655 ], [ -101.19705, 45.57763 ], [ -101.30847, 45.55019 ], [ -101.3, 45.4561 ], [ -101.20991, 45.29405 ], [ -101.13457, 45.29662 ], [ -101.09893, 45.32142 ], [ -100.72196, 45.33361 ], [ -100.75588, 45.28538 ], [ -100.75021, 45.2148 ], [ -100.59239, 45.12533 ], [ -100.55482, 45.12647 ], [ -100.55121, 45.07941 ], [ -100.40101, 45.08386 ], [ -100.36692, 45.13201 ], [ -100.3756, 45.24966 ], [ -100.45445, 45.29453 ], [ -100.45978, 45.36513 ], [ -100.39131, 45.46146 ], [ -100.51188, 45.55227 ], [ -100.51368, 45.57581 ], [ -100.51729, 45.62288 ], [ -100.44506, 45.67217 ], [ -100.36921, 45.67436 ], [ -100.357, 45.50961 ], [ -100.28135, 45.51176 ], [ -100.27793, 45.46469 ], [ -100.24013, 45.46574 ], [ -100.23169, 45.34807 ], [ -100.21825, 45.1598 ], [ -100.25586, 45.15875 ], [ -100.24743, 45.04109 ], [ -100.24071, 44.94697 ], [ -100.16412, 44.92553 ], [ -100.16083, 44.87847 ], [ -100.01112, 44.88253 ], [ -100.00795, 44.83547 ], [ -99.92694, 44.74331 ], [ -99.14243, 44.76175 ], [ -99.10139, 44.69191 ], [ -99.09773, 44.62129 ], [ -99.16855, 44.54912 ], [ -99.28026, 44.54672 ], [ -99.35209, 44.498 ], [ -99.27511, 44.45257 ], [ -99.27254, 44.4055 ], [ -99.15986, 44.38436 ], [ -99.15492, 44.29022 ], [ -99.00661, 44.29328 ], [ -98.96373, 44.17633 ], [ -98.8102, 44.06151 ], [ -98.80911, 44.03798 ], [ -98.73525, 44.03935 ], [ -98.77651, 44.13282 ], [ -98.78193, 44.25052 ], [ -98.74703, 44.29828 ], [ -98.63577, 44.30029 ], [ -98.55958, 44.2545 ], [ -98.55758, 44.20742 ], [ -98.40945, 44.20988 ], [ -98.36871, 44.11631 ], [ -98.29386, 44.09393 ], [ -98.29207, 44.04685 ], [ -98.18126, 44.04851 ], [ -98.17956, 44.00143 ], [ -98.03192, 44.00352 ], [ -97.99656, 44.05111 ], [ -97.96345, 44.16932 ], [ -97.81539, 44.17119 ], [ -97.78185, 44.28936 ], [ -97.81894, 44.28892 ], [ -97.8225, 44.40664 ], [ -97.85966, 44.40618 ], [ -97.86405, 44.54746 ], [ -97.9013, 44.54699 ], [ -97.90504, 44.66472 ], [ -97.94236, 44.66424 ], [ -97.94927, 44.87616 ], [ -97.91182, 44.87664 ], [ -97.92551, 45.30054 ], [ -97.89004, 45.37168 ], [ -97.81451, 45.3726 ], [ -97.81741, 45.46682 ], [ -97.74383, 45.53837 ], [ -97.74663, 45.63259 ], [ -97.67276, 45.70412 ], [ -97.67612, 45.82192 ], [ -97.63806, 45.82233 ], [ -97.64202, 45.9637 ], [ -97.68017, 45.96329 ], [ -97.68152, 46.01042 ], [ -97.75859, 46.03313 ], [ -97.79824, 46.07981 ], [ -97.80114, 46.17408 ], [ -97.64865, 46.19936 ], [ -97.61295, 46.29404 ], [ -97.53746, 46.34196 ], [ -97.46066, 46.34271 ], [ -97.38554, 46.41413 ], [ -97.4263, 46.50808 ], [ -97.54183, 46.50697 ], [ -97.54497, 46.62485 ], [ -97.62347, 46.67122 ], [ -97.58679, 46.74235 ], [ -97.5959, 47.07253 ], [ -97.63613, 47.1193 ], [ -97.7918, 47.1176 ], [ -97.78813, 46.99966 ], [ -97.82473, 46.92846 ], [ -97.94189, 46.95064 ], [ -98.09709, 46.94863 ], [ -98.13153, 46.8302 ], [ -98.2864, 46.828 ], [ -98.2431, 46.71068 ], [ -98.35902, 46.70896 ], [ -98.36384, 46.82684 ], [ -98.63483, 46.82249 ], [ -98.71446, 46.86831 ], [ -98.79194, 46.86694 ], [ -98.83299, 46.91339 ], [ -98.84113, 47.07845 ], [ -98.80225, 47.07915 ], [ -98.81032, 47.24423 ], [ -98.89307, 47.33716 ], [ -99.08833, 47.33344 ], [ -99.08198, 47.21552 ], [ -98.9991, 47.1227 ], [ -98.9844, 46.83977 ], [ -99.06058, 46.8147 ], [ -99.05062, 46.62614 ], [ -99.01204, 46.62689 ], [ -99.00592, 46.50905 ], [ -99.12141, 46.50677 ], [ -99.12268, 46.53033 ], [ -99.16118, 46.52955 ], [ -99.16633, 46.62382 ] ], [ [ -100.62639, 46.04428 ], [ -100.63199, 46.1149 ], [ -100.55556, 46.11718 ], [ -100.55006, 46.04656 ], [ -100.62639, 46.04428 ] ], [ [ -100.67487, 47.1288 ], [ -100.79151, 47.12527 ], [ -100.79742, 47.19596 ], [ -100.71956, 47.19832 ], [ -100.67487, 47.1288 ] ], [ [ -101.34505, 47.62733 ], [ -101.10976, 47.63514 ], [ -101.14046, 47.53958 ], [ -101.33621, 47.53306 ], [ -101.33401, 47.50949 ], [ -101.56875, 47.50135 ], [ -101.57566, 47.57204 ], [ -101.34063, 47.58019 ], [ -101.34505, 47.62733 ] ], [ [ -100.76856, 47.78768 ], [ -100.57187, 47.79349 ], [ -100.48946, 47.74857 ], [ -100.48388, 47.67782 ], [ -100.43909, 47.60819 ], [ -100.47275, 47.53634 ], [ -100.55108, 47.53409 ], [ -100.56051, 47.65199 ], [ -100.52314, 47.6767 ], [ -100.60166, 47.67443 ], [ -100.64091, 47.67328 ], [ -100.71943, 47.67095 ], [ -100.72334, 47.71811 ], [ -100.76263, 47.71693 ], [ -100.76856, 47.78768 ] ], [ [ -102.36153, 47.92086 ], [ -102.28275, 47.924 ], [ -102.23817, 47.87843 ], [ -102.26451, 47.75906 ], [ -102.34306, 47.75592 ], [ -102.38763, 47.80146 ], [ -102.36153, 47.92086 ] ], [ [ -98.17171, 45.83926 ], [ -98.17433, 45.90994 ], [ -98.0981, 45.911 ], [ -98.09557, 45.84032 ], [ -98.17171, 45.83926 ] ], [ [ -99.03702, 46.36692 ], [ -99.04195, 46.46117 ], [ -98.96502, 46.46267 ], [ -98.96021, 46.36841 ], [ -99.03702, 46.36692 ] ] ], [ [ [ -93.03976, 46.41558 ], [ -93.00376, 46.36771 ], [ -92.85015, 46.36466 ], [ -92.80917, 46.41099 ], [ -92.80398, 46.50525 ], [ -92.8797, 46.53038 ], [ -92.87716, 46.57751 ], [ -92.99279, 46.5798 ], [ -92.99645, 46.5091 ], [ -93.03495, 46.50984 ], [ -93.03976, 46.41558 ] ] ], [ [ [ -101.69014, 48.3251 ], [ -101.64571, 48.27934 ], [ -101.48478, 48.26129 ], [ -101.41228, 48.33478 ], [ -101.41682, 48.38197 ], [ -101.57574, 48.3765 ], [ -101.57107, 48.32931 ], [ -101.69014, 48.3251 ] ] ] ] } },
{ "type": "Feature", "properties": { "ID": 16 }, "geometry": { "type": "MultiPolygon", "coordinates": [ [ [ [ -90.13497, 44.30263 ], [ -90.16973, 44.32758 ], [ -90.16059, 44.4216 ], [ -90.26967, 44.44942 ], [ -90.26517, 44.49643 ], [ -90.5253, 44.50617 ], [ -90.53389, 44.41213 ], [ -90.42475, 44.38451 ], [ -90.43565, 44.26696 ], [ -90.40301, 44.21856 ], [ -90.29205, 44.21435 ], [ -90.3054, 44.07332 ], [ -90.12323, 44.04263 ], [ -90.11406, 44.13664 ], [ -90.00093, 44.15572 ], [ -89.99155, 44.24972 ], [ -90.02388, 44.29822 ], [ -90.13497, 44.30263 ] ] ], [ [ [ -88.30888, 46.65434 ], [ -88.34113, 46.70325 ], [ -88.64937, 46.71817 ], [ -88.72941, 46.69829 ], [ -88.92208, 46.70721 ], [ -88.91631, 46.75424 ], [ -88.9906, 46.78126 ], [ -89.18359, 46.78986 ], [ -89.15057, 46.74111 ], [ -89.23323, 46.69745 ], [ -89.54165, 46.7106 ], [ -89.59065, 46.61809 ], [ -89.55215, 46.6165 ], [ -89.52156, 46.54432 ], [ -89.53207, 46.45023 ], [ -89.49369, 46.44862 ], [ -89.50685, 46.33102 ], [ -89.27704, 46.32117 ], [ -89.17046, 46.24558 ], [ -89.02596, 46.16819 ], [ -89.04, 46.05066 ], [ -88.93706, 45.95142 ], [ -88.82582, 45.92262 ], [ -88.63575, 45.91359 ], [ -88.68551, 45.82144 ], [ -88.79938, 45.82685 ], [ -88.85167, 45.71115 ], [ -88.78458, 45.6371 ], [ -88.63325, 45.62985 ], [ -88.66551, 45.37147 ], [ -88.70898, 45.32631 ], [ -88.82189, 45.3317 ], [ -88.85317, 45.07333 ], [ -88.81569, 45.07155 ], [ -88.83555, 44.90714 ], [ -88.87293, 44.90892 ], [ -88.88698, 44.79148 ], [ -88.73778, 44.78435 ], [ -88.71769, 44.94873 ], [ -88.56519, 44.96491 ], [ -88.57106, 44.91795 ], [ -88.30951, 44.90481 ], [ -88.22252, 44.99487 ], [ -88.14149, 45.03794 ], [ -88.05405, 45.12791 ], [ -88.04459, 45.19833 ], [ -87.78031, 45.46795 ], [ -87.73087, 45.82004 ], [ -87.76879, 45.82209 ], [ -87.74229, 46.00991 ], [ -87.6595, 46.05274 ], [ -87.58337, 46.04858 ], [ -87.60454, 46.16805 ], [ -87.71563, 46.19774 ], [ -87.68879, 46.38561 ], [ -87.80034, 46.41524 ], [ -87.82209, 46.53472 ], [ -87.89229, 46.58575 ], [ -88.04278, 46.61723 ], [ -88.31201, 46.63083 ], [ -88.30888, 46.65434 ] ] ], [ [ [ -89.18698, 46.10452 ], [ -89.30953, 46.03902 ], [ -89.1571, 46.0323 ], [ -89.18698, 46.10452 ] ] ], [ [ [ -71.51493, 44.45216 ], [ -71.4864, 44.52047 ], [ -71.56595, 44.60682 ], [ -71.60391, 44.51572 ], [ -71.62285, 44.47017 ], [ -71.51493, 44.45216 ] ] ] ] } },
{ "type": "Feature", "properties": { "ID": 17 }, "geometry": { "type": "MultiPolygon", "coordinates": [ [ [ [ -88.09264, 42.57766 ], [ -88.09565, 42.55419 ], [ -87.95194, 42.54627 ], [ -87.93969, 42.64014 ], [ -87.97262, 42.66561 ], [ -88.00861, 42.66759 ], [ -88.01469, 42.62066 ], [ -88.0567, 42.57569 ], [ -88.09264, 42.57766 ] ] ], [ [ [ -83.41331, 45.23885 ], [ -83.44071, 45.28867 ], [ -83.5155, 45.29487 ], [ -83.50559, 45.34158 ], [ -83.62772, 45.30411 ], [ -83.60015, 45.25433 ], [ -83.5254, 45.24817 ], [ -83.5029, 45.17502 ], [ -83.42826, 45.16881 ], [ -83.41331, 45.23885 ] ] ], [ [ [ -84.32567, 45.62078 ], [ -84.27866, 45.66465 ], [ -84.46708, 45.67906 ], [ -84.60877, 45.73721 ], [ -84.91077, 45.75951 ], [ -85.00391, 45.67138 ], [ -85.01708, 45.60116 ], [ -85.06784, 45.53367 ], [ -85.04332, 45.46075 ], [ -84.85546, 45.44705 ], [ -84.82235, 45.42089 ], [ -84.81345, 45.46768 ], [ -84.70075, 45.45931 ], [ -84.70974, 45.41253 ], [ -84.59715, 45.40409 ], [ -84.58807, 45.45087 ], [ -84.41946, 45.53301 ], [ -84.32567, 45.62078 ] ] ], [ [ [ -84.75701, 45.96182 ], [ -84.69643, 46.07603 ], [ -84.54001, 46.08814 ], [ -84.54923, 46.04135 ], [ -84.39754, 46.02991 ], [ -84.2791, 46.04462 ], [ -84.17012, 46.01248 ], [ -83.94284, 45.99471 ], [ -83.97104, 46.04445 ], [ -84.04686, 46.0504 ], [ -84.07038, 46.12351 ], [ -84.17951, 46.15573 ], [ -84.29349, 46.16448 ], [ -84.25089, 46.37501 ], [ -84.2748, 46.44811 ], [ -84.34173, 46.5007 ], [ -84.41818, 46.50647 ], [ -84.47509, 46.41573 ], [ -84.6232, 46.4505 ], [ -84.89069, 46.47002 ], [ -85.04806, 46.45756 ], [ -85.07744, 46.50711 ], [ -85.03298, 46.74134 ], [ -85.30195, 46.76017 ], [ -85.31066, 46.7133 ], [ -85.42589, 46.72122 ], [ -85.43449, 46.67435 ], [ -85.51553, 46.65614 ], [ -85.82266, 46.67665 ], [ -85.86519, 46.65573 ], [ -86.17244, 46.67555 ], [ -86.18043, 46.62865 ], [ -86.26513, 46.58659 ], [ -86.38023, 46.5938 ], [ -86.38804, 46.54689 ], [ -86.50308, 46.554 ], [ -86.51079, 46.50708 ], [ -86.60269, 46.41793 ], [ -86.67545, 46.44604 ], [ -86.94354, 46.46202 ], [ -87.01652, 46.48997 ], [ -87.39997, 46.5118 ], [ -87.46631, 46.5865 ], [ -87.45937, 46.63347 ], [ -87.60291, 46.71235 ], [ -87.63119, 46.78491 ], [ -87.77535, 46.86364 ], [ -87.89118, 46.86972 ], [ -87.88455, 46.91673 ], [ -88.11648, 46.92865 ], [ -88.20018, 46.88554 ], [ -88.20655, 46.83853 ], [ -88.36411, 46.82269 ], [ -88.25148, 46.79345 ], [ -88.2578, 46.74644 ], [ -88.10042, 46.76217 ], [ -87.9077, 46.75223 ], [ -87.91429, 46.70524 ], [ -87.8824, 46.65623 ], [ -87.73189, 46.6246 ], [ -87.7103, 46.5051 ], [ -87.57395, 46.37937 ], [ -87.42086, 46.37093 ], [ -87.4, 46.25141 ], [ -87.40694, 46.20446 ], [ -87.36878, 46.20232 ], [ -87.33413, 46.1767 ], [ -87.31001, 46.08066 ], [ -87.19581, 46.07415 ], [ -87.24516, 45.74563 ], [ -87.29696, 45.65395 ], [ -87.37601, 45.63479 ], [ -87.39664, 45.49401 ], [ -87.32471, 45.46626 ], [ -87.22488, 45.62615 ], [ -87.21083, 45.72 ], [ -87.13517, 45.71561 ], [ -87.09021, 45.76033 ], [ -87.07233, 45.87763 ], [ -86.98199, 45.96702 ], [ -86.94401, 45.96477 ], [ -86.97665, 45.75365 ], [ -86.86311, 45.74689 ], [ -86.81792, 45.79152 ], [ -86.80318, 45.88534 ], [ -86.61358, 45.87381 ], [ -86.53017, 45.91603 ], [ -86.51128, 45.79644 ], [ -86.46579, 45.84097 ], [ -86.39002, 45.83622 ], [ -86.33277, 45.95105 ], [ -86.25687, 45.94623 ], [ -86.16914, 46.0117 ], [ -85.82742, 45.98936 ], [ -85.67148, 46.00262 ], [ -85.61683, 46.09376 ], [ -85.53239, 46.13544 ], [ -85.26622, 46.11703 ], [ -84.97111, 46.04861 ], [ -84.87069, 45.97014 ], [ -84.75701, 45.96182 ] ] ], [ [ [ -83.72062, 45.95324 ], [ -83.60217, 45.96743 ], [ -83.57724, 46.08426 ], [ -83.65307, 46.0904 ], [ -83.70088, 46.04672 ], [ -83.72062, 45.95324 ] ] ], [ [ [ -84.01795, 46.19069 ], [ -83.94682, 46.16135 ], [ -83.96055, 46.28125 ], [ -84.07474, 46.29016 ], [ -84.01795, 46.19069 ] ] ], [ [ [ -90.21398, 46.57175 ], [ -90.10093, 46.54386 ], [ -90.01184, 46.65857 ], [ -90.12747, 46.663 ], [ -90.13224, 46.61593 ], [ -90.21398, 46.57175 ] ] ], [ [ [ -83.08631, 46.2101 ], [ -83.10349, 46.30671 ], [ -83.26078, 46.29606 ], [ -83.36978, 46.32886 ], [ -83.38507, 46.25877 ], [ -83.23305, 46.24618 ], [ -83.08631, 46.2101 ] ] ], [ [ [ -83.96947, 46.42454 ], [ -84.05062, 46.4071 ], [ -83.98891, 46.331 ], [ -83.96947, 46.42454 ] ] ], [ [ [ -83.79358, 46.33936 ], [ -83.77877, 46.4095 ], [ -83.8452, 46.46231 ], [ -83.95973, 46.47131 ], [ -83.96947, 46.42454 ], [ -83.89808, 46.39517 ], [ -83.86976, 46.3454 ], [ -83.79358, 46.33936 ] ] ], [ [ [ -84.27024, 46.6616 ], [ -84.29906, 46.71131 ], [ -84.37578, 46.7171 ], [ -84.39999, 46.7902 ], [ -84.38523, 46.67029 ], [ -84.40408, 46.57668 ], [ -84.45173, 46.53274 ], [ -84.40878, 46.55327 ], [ -84.25578, 46.5417 ], [ -84.28453, 46.5914 ], [ -84.27024, 46.6616 ] ] ], [ [ [ -88.51241, 46.87723 ], [ -88.45837, 46.99293 ], [ -88.55931, 47.1161 ], [ -88.67573, 47.12161 ], [ -88.70855, 47.17047 ], [ -88.79217, 47.12703 ], [ -88.92605, 46.99121 ], [ -89.11973, 46.99988 ], [ -89.12536, 46.95283 ], [ -88.97053, 46.94591 ], [ -88.96766, 46.96944 ], [ -88.58061, 46.95147 ], [ -88.51241, 46.87723 ] ] ], [ [ [ -88.36219, 47.13025 ], [ -88.45219, 47.03996 ], [ -88.3747, 47.03619 ], [ -88.36219, 47.13025 ] ] ], [ [ [ -88.36219, 47.13025 ], [ -88.28458, 47.12643 ], [ -88.23942, 47.17154 ], [ -88.18455, 47.28718 ], [ -88.17811, 47.33422 ], [ -88.21705, 47.33616 ], [ -88.20743, 47.40672 ], [ -88.29176, 47.36353 ], [ -88.40866, 47.36924 ], [ -88.41491, 47.32219 ], [ -88.57985, 47.25908 ], [ -88.59203, 47.16499 ], [ -88.47553, 47.15942 ], [ -88.39163, 47.2027 ], [ -88.36219, 47.13025 ] ] ], [ [ [ -73.4474, 44.61591 ], [ -73.55617, 44.63252 ], [ -73.55871, 44.82672 ], [ -73.52354, 44.9183 ], [ -73.59644, 44.92935 ], [ -73.57007, 44.99805 ], [ -73.64307, 45.00907 ], [ -73.70582, 44.94586 ], [ -73.77878, 44.95681 ], [ -73.85001, 44.87063 ], [ -73.78584, 44.8368 ], [ -73.79288, 44.71679 ], [ -73.87422, 44.70479 ], [ -73.93829, 44.73859 ], [ -73.90376, 44.83025 ], [ -74.01305, 44.84653 ], [ -74.10526, 44.90859 ], [ -74.25125, 44.93009 ], [ -74.52386, 44.92146 ], [ -74.61371, 44.88611 ], [ -74.6753, 44.8225 ], [ -74.81299, 44.86641 ], [ -74.95914, 44.88722 ], [ -75.02037, 44.82347 ], [ -75.16648, 44.84408 ], [ -75.18279, 44.7981 ], [ -75.26395, 44.78536 ], [ -75.28017, 44.73937 ], [ -75.38541, 44.65759 ], [ -75.45832, 44.66773 ], [ -75.49037, 44.57573 ], [ -75.59504, 44.4938 ], [ -75.66778, 44.50384 ], [ -75.75632, 44.46782 ], [ -75.78782, 44.37575 ], [ -75.86044, 44.3857 ], [ -75.96428, 44.30352 ], [ -75.99537, 44.21141 ], [ -76.06253, 44.12423 ], [ -76.04954, 44.05022 ], [ -76.02114, 44.02227 ], [ -75.98503, 44.01734 ], [ -75.81528, 43.84948 ], [ -75.87735, 43.66534 ], [ -75.77747, 43.6274 ], [ -75.76493, 43.55337 ], [ -75.70888, 43.49736 ], [ -75.60938, 43.45931 ], [ -75.64057, 43.36728 ], [ -75.60488, 43.36226 ], [ -75.48999, 43.37014 ], [ -75.39084, 43.33194 ], [ -75.40288, 43.406 ], [ -75.51001, 43.42119 ], [ -75.43919, 43.62818 ], [ -75.39127, 43.54904 ], [ -75.35961, 43.64102 ], [ -75.42338, 43.67417 ], [ -75.39963, 43.74315 ], [ -75.47144, 43.75329 ], [ -75.43979, 43.84528 ], [ -75.50382, 43.87839 ], [ -75.38417, 44.00624 ], [ -75.29618, 44.25915 ], [ -75.20767, 44.2949 ], [ -75.16723, 44.40982 ], [ -75.13096, 44.40468 ], [ -75.10658, 44.47362 ], [ -75.02945, 44.58336 ], [ -74.95673, 44.57301 ], [ -74.84279, 44.67746 ], [ -74.6972, 44.65654 ], [ -74.50978, 44.75022 ], [ -74.49296, 44.79612 ], [ -74.38363, 44.78019 ], [ -74.32177, 44.84368 ], [ -74.17596, 44.82225 ], [ -74.13097, 44.8398 ], [ -74.04743, 44.75484 ], [ -73.94691, 44.71567 ], [ -73.99847, 44.57816 ], [ -74.00704, 44.55524 ], [ -73.97078, 44.54982 ], [ -73.94312, 44.52148 ], [ -73.96885, 44.45273 ], [ -73.89647, 44.44186 ], [ -73.93079, 44.35021 ], [ -73.82242, 44.33387 ], [ -73.76746, 44.27713 ], [ -73.75726, 44.20294 ], [ -73.86537, 44.21933 ], [ -73.84476, 44.07097 ], [ -73.8362, 44.09388 ], [ -73.76427, 44.08295 ], [ -73.67513, 44.11779 ], [ -73.60453, 44.20387 ], [ -73.52382, 44.21572 ], [ -73.55857, 44.12416 ], [ -73.45943, 44.08466 ], [ -73.442, 44.13043 ], [ -73.47796, 44.13598 ], [ -73.4518, 44.20464 ], [ -73.47909, 44.23307 ], [ -73.47036, 44.25596 ], [ -73.45289, 44.30173 ], [ -73.34567, 44.38214 ], [ -73.33687, 44.40502 ], [ -73.37395, 44.50769 ], [ -73.43753, 44.5417 ], [ -73.40235, 44.63324 ], [ -73.43861, 44.6388 ], [ -73.4474, 44.61591 ] ] ], [ [ [ -76.6115, 44.99144 ], [ -76.81892, 44.82594 ], [ -76.96563, 44.8448 ], [ -77.07615, 44.73876 ], [ -77.16418, 44.7019 ], [ -77.31069, 44.72043 ], [ -77.45003, 44.76191 ], [ -77.50845, 44.69717 ], [ -77.64787, 44.73847 ], [ -77.83132, 44.76102 ], [ -77.83844, 44.73789 ], [ -78.02196, 44.76021 ], [ -78.02901, 44.73708 ], [ -78.24933, 44.76354 ], [ -78.27912, 44.79106 ], [ -78.39632, 44.78101 ], [ -78.58018, 44.80264 ], [ -78.64695, 44.83439 ], [ -78.72736, 44.81978 ], [ -78.9483, 44.84522 ], [ -78.98186, 44.99269 ], [ -79.12298, 45.03262 ], [ -79.30787, 45.05336 ], [ -79.36218, 45.13118 ], [ -79.32928, 45.24714 ], [ -79.12003, 45.17589 ], [ -79.04593, 45.16752 ], [ -78.99546, 45.20969 ], [ -79.01238, 45.28342 ], [ -79.08662, 45.2918 ], [ -79.10368, 45.36553 ], [ -79.25242, 45.38217 ], [ -79.39037, 45.30176 ], [ -79.42974, 45.16258 ], [ -79.50389, 45.17076 ], [ -79.54939, 45.00836 ], [ -79.48195, 44.97701 ], [ -79.50793, 44.88422 ], [ -79.39725, 44.87195 ], [ -79.41681, 44.80237 ], [ -79.46664, 44.76007 ], [ -79.47312, 44.73688 ], [ -79.54675, 44.74503 ], [ -79.5532, 44.72183 ], [ -79.33247, 44.69728 ], [ -79.22874, 44.6617 ], [ -79.24843, 44.59215 ], [ -79.21173, 44.588 ], [ -79.15152, 44.53333 ], [ -79.15811, 44.51015 ], [ -79.12146, 44.50598 ], [ -79.13464, 44.45962 ], [ -79.10462, 44.43228 ], [ -78.95828, 44.4155 ], [ -78.85527, 44.37967 ], [ -78.86862, 44.33334 ], [ -78.7658, 44.29744 ], [ -78.61988, 44.28034 ], [ -78.56052, 44.22543 ], [ -78.45125, 44.21247 ], [ -78.43532, 44.13869 ], [ -78.28988, 44.12127 ], [ -78.27613, 44.16754 ], [ -78.16702, 44.15437 ], [ -78.15317, 44.20064 ], [ -78.06648, 44.23806 ], [ -78.02163, 44.13669 ], [ -77.87632, 44.11886 ], [ -77.79663, 44.13301 ], [ -77.73197, 44.22096 ], [ -77.6229, 44.20739 ], [ -77.53587, 44.24451 ], [ -77.50713, 44.33692 ], [ -77.41984, 44.37397 ], [ -77.34697, 44.36478 ], [ -77.2887, 44.42945 ], [ -77.20114, 44.46638 ], [ -77.16467, 44.46173 ], [ -77.19362, 44.60955 ], [ -77.17155, 44.67882 ], [ -76.9886, 44.65547 ], [ -76.92966, 44.72 ], [ -76.78327, 44.70111 ], [ -76.75314, 44.79338 ], [ -76.64195, 44.89919 ], [ -76.6115, 44.99144 ] ] ], [ [ [ -72.60585, 44.70299 ], [ -72.71455, 44.72021 ], [ -72.76891, 44.77735 ], [ -72.70534, 44.84016 ], [ -72.69623, 44.86301 ], [ -72.80524, 44.88016 ], [ -72.75978, 44.99442 ], [ -72.7962, 45.00013 ], [ -72.82353, 45.02869 ], [ -72.96935, 45.05142 ], [ -73.00545, 44.95997 ], [ -73.09625, 44.92553 ], [ -73.14101, 44.81118 ], [ -73.14934, 44.6912 ], [ -73.18495, 44.59972 ], [ -73.14874, 44.5941 ], [ -73.18428, 44.50262 ], [ -73.16589, 44.45126 ], [ -73.23815, 44.46248 ], [ -73.25583, 44.41673 ], [ -73.29194, 44.42232 ], [ -73.30957, 44.37656 ], [ -73.2374, 44.36538 ], [ -73.22784, 44.29116 ], [ -73.15579, 44.27994 ], [ -73.14634, 44.20571 ], [ -73.08327, 44.17159 ], [ -73.10098, 44.12586 ], [ -73.02915, 44.11457 ], [ -73.01988, 44.04034 ], [ -72.86756, 44.04051 ], [ -72.88558, 44.0919 ], [ -72.82293, 44.25185 ], [ -72.78696, 44.24615 ], [ -72.73292, 44.38322 ], [ -72.54371, 44.37733 ], [ -72.51638, 44.44583 ], [ -72.47985, 44.53715 ], [ -72.5882, 44.55446 ], [ -72.6423, 44.61164 ], [ -72.60585, 44.70299 ] ] ], [ [ [ -71.34938, 44.20505 ], [ -71.23954, 44.28393 ], [ -71.31123, 44.29608 ], [ -71.34938, 44.20505 ] ] ], [ [ [ -72.47888, 44.73135 ], [ -72.41506, 44.79405 ], [ -72.44212, 44.82267 ], [ -72.4784, 44.82846 ], [ -72.51511, 44.73713 ], [ -72.47888, 44.73135 ] ] ], [ [ [ -72.57813, 44.86861 ], [ -72.6325, 44.9258 ], [ -72.56828, 45.08568 ], [ -72.68682, 45.08008 ], [ -72.72337, 44.9887 ], [ -72.68697, 44.98297 ], [ -72.72346, 44.89158 ], [ -72.57813, 44.86861 ] ] ], [ [ [ -72.46, 44.87412 ], [ -72.42369, 44.86833 ], [ -72.34971, 45.05094 ], [ -72.30478, 44.97083 ], [ -72.22278, 44.98198 ], [ -72.14906, 45.06738 ], [ -72.33114, 45.09659 ], [ -72.41328, 45.08539 ], [ -72.47791, 44.92557 ], [ -72.44157, 44.91978 ], [ -72.46, 44.87412 ] ] ], [ [ [ -72.0399, 45.04975 ], [ -72.00352, 45.04386 ], [ -71.99283, 45.16378 ], [ -72.06573, 45.17556 ], [ -72.1397, 45.0902 ], [ -72.0305, 45.07256 ], [ -72.0399, 45.04975 ] ] ], [ [ [ -71.77102, 45.32245 ], [ -71.84407, 45.33434 ], [ -71.85358, 45.31155 ], [ -71.77102, 45.32245 ] ] ], [ [ [ -65.02283, 46.80777 ], [ -65.02222, 46.88235 ], [ -65.24267, 46.92762 ], [ -65.36587, 46.70403 ], [ -65.43918, 46.71899 ], [ -65.4024, 46.78609 ], [ -65.43903, 46.86815 ], [ -65.51256, 46.88308 ], [ -65.59849, 46.95018 ], [ -65.52492, 47.08448 ], [ -65.56183, 47.09193 ], [ -65.58637, 47.04716 ], [ -65.62326, 47.0546 ], [ -65.68438, 46.94264 ], [ -65.68414, 46.86805 ], [ -65.61058, 46.8532 ], [ -65.61043, 46.77862 ], [ -65.76815, 46.48761 ], [ -65.73159, 46.48022 ], [ -65.81595, 46.32351 ], [ -65.91287, 46.29346 ], [ -65.9607, 46.20387 ], [ -66.03353, 46.21854 ], [ -66.12935, 46.11383 ], [ -66.28571, 46.04603 ], [ -66.33276, 45.95634 ], [ -66.55072, 45.99972 ], [ -66.59733, 45.90996 ], [ -66.69316, 45.87943 ], [ -66.78561, 45.69983 ], [ -66.82181, 45.70697 ], [ -66.89071, 45.57223 ], [ -66.94011, 45.63138 ], [ -66.97629, 45.63849 ], [ -66.98772, 45.61602 ], [ -67.02389, 45.62312 ], [ -67.0581, 45.55571 ], [ -66.91361, 45.52731 ], [ -66.89863, 45.40078 ], [ -66.84946, 45.34162 ], [ -66.84776, 45.26714 ], [ -66.9765, 45.16909 ], [ -66.90473, 45.15487 ], [ -66.91609, 45.13242 ], [ -66.79713, 45.13348 ], [ -66.68961, 45.11202 ], [ -66.4888, 45.19541 ], [ -66.46571, 45.24025 ], [ -66.44259, 45.2851 ], [ -66.47849, 45.29232 ], [ -66.40898, 45.42685 ], [ -66.31374, 45.4572 ], [ -66.29042, 45.50202 ], [ -66.1707, 45.5026 ], [ -66.11201, 45.6146 ], [ -66.14889, 45.69641 ], [ -66.10177, 45.78602 ], [ -66.00514, 45.74167 ], [ -66.06417, 45.62969 ], [ -65.8958, 45.57062 ], [ -65.85934, 45.48875 ], [ -65.87117, 45.46637 ], [ -65.72748, 45.43686 ], [ -65.63187, 45.46677 ], [ -65.52418, 45.44448 ], [ -65.45237, 45.50407 ], [ -65.38057, 45.48913 ], [ -65.09218, 45.65255 ], [ -65.03128, 45.76415 ], [ -64.99527, 45.75658 ], [ -64.94633, 45.84583 ], [ -64.98239, 45.85341 ], [ -64.89725, 45.93508 ], [ -64.86034, 46.002 ], [ -64.89648, 46.0096 ], [ -64.89495, 46.15866 ], [ -64.85789, 46.2256 ], [ -64.85707, 46.30014 ], [ -64.84468, 46.32245 ], [ -64.85625, 46.37468 ], [ -64.89263, 46.38229 ], [ -64.85542, 46.44923 ], [ -64.92828, 46.46443 ], [ -64.97643, 46.52425 ], [ -64.97575, 46.59881 ], [ -64.93851, 46.66579 ], [ -65.01103, 46.75553 ], [ -65.02283, 46.80777 ] ] ] ] } },
{ "type": "Feature", "properties": { "ID": 18 }, "geometry": { "type": "MultiPolygon", "coordinates": [ [ [ [ -84.3894, 44.91363 ], [ -84.41747, 44.96325 ], [ -84.49195, 44.96898 ], [ -84.63063, 44.83719 ], [ -84.60693, 44.76422 ], [ -84.64268, 44.57717 ], [ -84.49017, 44.58921 ], [ -84.47577, 44.46948 ], [ -84.34175, 44.38786 ], [ -84.19428, 44.37624 ], [ -84.21731, 44.2594 ], [ -83.99662, 44.24172 ], [ -83.95046, 44.28546 ], [ -83.91745, 44.44897 ], [ -83.97713, 44.52503 ], [ -83.95826, 44.61847 ], [ -83.98111, 44.69154 ], [ -84.07352, 44.79389 ], [ -84.18022, 44.82609 ], [ -84.36596, 44.84062 ], [ -84.3894, 44.91363 ] ] ], [ [ [ -72.16309, 43.70802 ], [ -72.0252, 44.05007 ], [ -71.98943, 44.04417 ], [ -71.92445, 44.20374 ], [ -72.03205, 44.22145 ], [ -72.09566, 44.15892 ], [ -72.19683, 43.90805 ], [ -72.28651, 43.87411 ], [ -72.35858, 43.78866 ], [ -72.4299, 43.80026 ], [ -72.47412, 43.88032 ], [ -72.44694, 43.94879 ], [ -72.59001, 43.97189 ], [ -72.67058, 43.96054 ], [ -72.70648, 43.86919 ], [ -72.66196, 43.7892 ], [ -72.49266, 43.73757 ], [ -72.5197, 43.66909 ], [ -72.5912, 43.58352 ], [ -72.44003, 43.58326 ], [ -72.49402, 43.4463 ], [ -72.56496, 43.45784 ], [ -72.65377, 43.42367 ], [ -72.67159, 43.378 ], [ -72.63615, 43.37226 ], [ -72.64506, 43.34942 ], [ -72.62771, 43.20091 ], [ -72.56596, 43.16656 ], [ -72.62818, 43.00671 ], [ -72.61096, 42.85819 ], [ -72.65512, 42.74399 ], [ -72.6902, 42.74973 ], [ -72.76918, 42.54411 ], [ -72.69925, 42.53267 ], [ -72.72553, 42.46413 ], [ -72.65569, 42.45266 ], [ -72.58618, 42.34404 ], [ -72.47285, 42.34956 ], [ -72.44634, 42.41806 ], [ -72.41147, 42.41226 ], [ -72.40261, 42.43509 ], [ -72.43749, 42.44089 ], [ -72.39374, 42.45792 ], [ -72.32397, 42.44629 ], [ -72.21937, 42.42879 ], [ -72.18452, 42.42294 ], [ -72.14869, 42.51419 ], [ -71.98082, 42.65618 ], [ -72.05076, 42.66797 ], [ -72.04057, 42.78788 ], [ -72.14573, 42.80551 ], [ -72.14473, 42.90261 ], [ -72.21498, 42.91432 ], [ -72.18794, 42.98276 ], [ -72.24027, 43.04008 ], [ -72.3107, 43.05174 ], [ -72.32724, 43.20029 ], [ -72.38889, 43.23474 ], [ -72.31678, 43.4173 ], [ -72.31605, 43.51439 ], [ -72.21782, 43.57116 ], [ -72.19049, 43.63959 ], [ -72.22604, 43.64544 ], [ -72.19868, 43.71387 ], [ -72.16309, 43.70802 ] ] ], [ [ [ -84.2314, 45.13869 ], [ -84.25479, 45.21173 ], [ -84.36696, 45.22042 ], [ -84.49285, 45.15888 ], [ -84.5065, 45.08873 ], [ -84.28265, 45.07148 ], [ -84.2314, 45.13869 ] ] ], [ [ [ -70.68364, 43.96869 ], [ -70.64463, 44.05954 ], [ -70.72236, 44.14632 ], [ -70.69308, 44.21447 ], [ -70.75481, 44.24959 ], [ -70.83608, 44.23925 ], [ -70.97921, 44.26389 ], [ -71.04396, 44.20182 ], [ -71.09207, 44.08812 ], [ -71.20625, 44.18077 ], [ -71.26356, 44.04427 ], [ -71.19219, 44.0321 ], [ -71.22082, 43.96386 ], [ -71.30163, 43.95326 ], [ -71.32062, 43.90775 ], [ -71.42751, 43.9259 ], [ -71.52706, 43.86965 ], [ -71.59831, 43.88166 ], [ -71.57014, 43.94997 ], [ -71.68654, 43.94516 ], [ -71.76885, 43.83722 ], [ -71.90214, 43.88376 ], [ -71.87719, 43.75796 ], [ -71.82458, 43.70051 ], [ -71.8971, 43.61529 ], [ -71.96812, 43.62712 ], [ -71.94048, 43.6955 ], [ -72.08277, 43.71908 ], [ -72.16309, 43.70802 ], [ -72.18136, 43.6624 ], [ -72.1194, 43.62787 ], [ -72.13768, 43.58226 ], [ -72.05751, 43.59331 ], [ -71.95102, 43.57562 ], [ -71.97859, 43.50724 ], [ -71.90771, 43.49541 ], [ -71.93529, 43.42703 ], [ -71.82912, 43.40925 ], [ -71.77685, 43.35179 ], [ -71.81373, 43.26065 ], [ -71.77082, 43.1804 ], [ -71.70035, 43.16848 ], [ -71.64841, 43.11097 ], [ -71.52627, 43.04143 ], [ -71.59105, 42.88203 ], [ -71.67038, 42.87122 ], [ -71.68876, 42.82566 ], [ -71.65373, 42.81969 ], [ -71.64453, 42.84246 ], [ -71.57448, 42.83048 ], [ -71.59292, 42.78493 ], [ -71.4972, 42.74413 ], [ -71.44161, 42.88074 ], [ -71.37155, 42.86865 ], [ -71.35292, 42.91417 ], [ -71.38797, 42.92022 ], [ -71.32262, 43.07953 ], [ -71.26174, 43.04464 ], [ -71.24297, 43.09014 ], [ -71.20784, 43.08406 ], [ -71.33906, 43.1311 ], [ -71.29216, 43.24488 ], [ -71.24752, 43.26156 ], [ -71.10663, 43.23718 ], [ -71.13499, 43.16895 ], [ -71.09982, 43.16284 ], [ -71.06195, 43.2538 ], [ -70.99153, 43.24153 ], [ -70.86383, 43.3656 ], [ -70.84467, 43.41105 ], [ -70.77093, 43.49575 ], [ -70.68097, 43.52878 ], [ -70.61657, 43.59069 ], [ -70.56797, 43.70422 ], [ -70.56444, 43.80129 ], [ -70.64172, 43.88811 ], [ -70.61247, 43.95624 ], [ -70.68364, 43.96869 ] ] ], [ [ [ -71.8965, 44.27211 ], [ -71.75298, 44.24835 ], [ -71.73421, 44.29392 ], [ -71.86848, 44.34049 ], [ -71.8965, 44.27211 ] ] ], [ [ [ -71.64176, 44.42462 ], [ -71.68892, 44.31073 ], [ -71.58126, 44.29277 ], [ -71.5434, 44.38386 ], [ -71.47897, 44.44615 ], [ -71.62285, 44.47017 ], [ -71.64176, 44.42462 ] ] ], [ [ [ -67.62668, 45.36998 ], [ -67.49355, 45.31963 ], [ -67.48487, 45.41661 ], [ -67.5571, 45.43055 ], [ -67.62668, 45.36998 ] ] ] ] } },
{ "type": "Feature", "properties": { "ID": 19 }, "geometry": { "type": "MultiPolygon", "coordinates": [ [ [ [ -99.68317, 43.21764 ], [ -99.65096, 43.28915 ], [ -99.76034, 43.28639 ], [ -99.75745, 43.23933 ], [ -99.71959, 43.21672 ], [ -99.68317, 43.21764 ] ] ], [ [ [ -100.53503, 44.86767 ], [ -100.5422, 44.96178 ], [ -100.61715, 44.9595 ], [ -100.57244, 44.86654 ], [ -100.53503, 44.86767 ] ] ], [ [ [ -100.75588, 45.28538 ], [ -100.72196, 45.33361 ], [ -100.94816, 45.32641 ], [ -100.94619, 45.30288 ], [ -100.98387, 45.30165 ], [ -101.01955, 45.27688 ], [ -100.97595, 45.20755 ], [ -100.82547, 45.21242 ], [ -100.8293, 45.25947 ], [ -100.75399, 45.26185 ], [ -100.75588, 45.28538 ] ] ], [ [ [ -101.20991, 45.29405 ], [ -101.3, 45.4561 ], [ -101.30847, 45.55019 ], [ -101.19705, 45.57763 ], [ -101.16953, 45.69655 ], [ -101.05574, 45.70036 ], [ -101.10184, 45.79321 ], [ -101.36774, 45.78411 ], [ -101.36559, 45.76058 ], [ -101.55539, 45.7538 ], [ -101.60008, 45.82298 ], [ -101.64082, 46.24647 ], [ -101.722, 46.2907 ], [ -101.73824, 46.45543 ], [ -101.82451, 46.54669 ], [ -101.90144, 46.54377 ], [ -101.94474, 46.58936 ], [ -101.96657, 46.80118 ], [ -102.0389, 46.75113 ], [ -102.30905, 46.74038 ], [ -102.39142, 46.78429 ], [ -102.44054, 46.87681 ], [ -102.46431, 47.08862 ], [ -102.5473, 47.13246 ], [ -102.70265, 47.12587 ], [ -102.78588, 47.16959 ], [ -102.83315, 47.2385 ], [ -102.8557, 47.42679 ], [ -102.93376, 47.42336 ], [ -103.00603, 47.37282 ], [ -103.02049, 47.49051 ], [ -102.99297, 47.58641 ], [ -103.00746, 47.70413 ], [ -103.1251, 47.69886 ], [ -103.18863, 47.57759 ], [ -103.26687, 47.574 ], [ -103.32996, 47.45269 ], [ -103.47682, 47.37474 ], [ -103.46759, 47.30416 ], [ -103.53924, 47.25339 ], [ -103.52686, 47.1593 ], [ -103.6014, 47.13202 ], [ -103.66329, 47.01066 ], [ -103.65076, 46.91661 ], [ -103.72808, 46.91279 ], [ -103.69976, 46.70123 ], [ -103.77046, 46.65038 ], [ -103.70464, 46.15694 ], [ -103.65721, 46.08837 ], [ -103.50473, 46.0959 ], [ -103.49869, 46.04891 ], [ -103.34334, 46.03279 ], [ -103.29938, 45.98761 ], [ -103.14712, 45.99479 ], [ -103.15287, 46.04179 ], [ -103.00046, 46.04882 ], [ -102.99482, 46.00181 ], [ -102.88058, 46.00698 ], [ -102.79347, 45.91636 ], [ -102.77441, 45.75183 ], [ -102.73109, 45.7065 ], [ -102.83656, 45.63094 ], [ -102.78786, 45.53863 ], [ -102.70158, 45.44798 ], [ -102.68825, 45.33048 ], [ -102.76355, 45.32714 ], [ -102.73942, 45.11567 ], [ -102.81175, 45.08881 ], [ -102.80636, 45.04182 ], [ -102.72077, 44.95121 ], [ -102.53367, 44.95943 ], [ -102.52851, 44.91244 ], [ -102.3041, 44.92199 ], [ -102.29913, 44.87499 ], [ -102.1496, 44.88117 ], [ -102.07003, 44.8372 ], [ -102.06524, 44.79019 ], [ -101.87857, 44.79761 ], [ -101.87393, 44.75059 ], [ -101.79474, 44.70648 ], [ -101.68288, 44.71075 ], [ -101.67171, 44.59321 ], [ -101.69997, 44.49776 ], [ -101.65837, 44.45216 ], [ -101.54697, 44.45633 ], [ -101.54262, 44.40931 ], [ -101.46198, 44.34151 ], [ -101.34868, 44.32203 ], [ -101.20044, 44.32727 ], [ -101.20451, 44.37429 ], [ -101.13435, 44.42389 ], [ -101.05613, 44.37939 ], [ -100.94483, 44.38311 ], [ -100.90005, 44.29027 ], [ -100.82595, 44.29268 ], [ -100.70192, 44.1316 ], [ -100.69459, 44.03752 ], [ -100.76838, 44.03517 ], [ -100.75911, 43.91758 ], [ -100.71862, 43.87172 ], [ -100.46103, 43.87969 ], [ -100.45756, 43.83265 ], [ -100.2001, 43.84017 ], [ -100.16817, 43.91179 ], [ -100.17466, 44.00589 ], [ -99.95332, 44.01194 ], [ -99.80426, 43.99227 ], [ -99.72324, 43.87649 ], [ -99.61279, 43.87922 ], [ -99.49283, 43.71715 ], [ -99.45076, 43.62388 ], [ -99.44144, 43.45916 ], [ -99.3683, 43.46085 ], [ -99.36311, 43.36671 ], [ -99.43481, 43.34149 ], [ -99.42689, 43.20029 ], [ -99.39048, 43.20114 ], [ -99.38398, 43.08347 ], [ -99.27494, 43.08595 ], [ -99.29262, 43.41543 ], [ -99.32917, 43.41461 ], [ -99.3356, 43.53228 ], [ -99.07929, 43.53786 ], [ -99.07691, 43.49078 ], [ -98.93054, 43.49377 ], [ -98.9328, 43.54084 ], [ -98.74968, 43.54437 ], [ -98.75714, 43.70914 ], [ -98.79387, 43.70845 ], [ -98.80364, 43.92029 ], [ -98.8102, 44.06151 ], [ -98.96373, 44.17633 ], [ -99.00661, 44.29328 ], [ -99.15492, 44.29022 ], [ -99.15986, 44.38436 ], [ -99.27254, 44.4055 ], [ -99.27511, 44.45257 ], [ -99.35209, 44.498 ], [ -99.28026, 44.54672 ], [ -99.16855, 44.54912 ], [ -99.09773, 44.62129 ], [ -99.10139, 44.69191 ], [ -99.14243, 44.76175 ], [ -99.92694, 44.74331 ], [ -100.00795, 44.83547 ], [ -100.01112, 44.88253 ], [ -100.16083, 44.87847 ], [ -100.16412, 44.92553 ], [ -100.24071, 44.94697 ], [ -100.24238, 44.9705 ], [ -100.27987, 44.96944 ], [ -100.27648, 44.92239 ], [ -100.35138, 44.92024 ], [ -100.3428, 44.8026 ], [ -100.38018, 44.80152 ], [ -100.36983, 44.66036 ], [ -100.32914, 44.61439 ], [ -100.25462, 44.61652 ], [ -100.23961, 44.40478 ], [ -100.1266, 44.38437 ], [ -100.08627, 44.33834 ], [ -100.07988, 44.24423 ], [ -100.30206, 44.23798 ], [ -100.33401, 44.16634 ], [ -100.41141, 44.21121 ], [ -100.48542, 44.209 ], [ -100.55054, 44.08915 ], [ -100.62801, 44.13391 ], [ -100.63343, 44.20447 ], [ -100.56835, 44.32437 ], [ -100.6425, 44.32208 ], [ -100.80582, 44.50555 ], [ -100.8096, 44.55259 ], [ -100.88593, 44.5737 ], [ -100.89363, 44.66778 ], [ -101.04274, 44.66285 ], [ -101.05069, 44.75692 ], [ -100.94063, 44.78416 ], [ -100.94453, 44.8312 ], [ -100.79499, 44.83604 ], [ -100.79878, 44.88308 ], [ -100.72581, 44.90897 ], [ -100.6958, 45.00424 ], [ -100.84577, 44.9995 ], [ -100.84193, 44.95245 ], [ -101.02922, 44.94632 ], [ -101.0312, 44.96985 ], [ -101.21852, 44.96348 ], [ -101.28925, 44.91384 ], [ -101.29972, 45.03142 ], [ -101.26848, 45.10329 ], [ -101.12438, 45.17901 ], [ -101.13049, 45.24958 ], [ -101.16813, 45.2483 ], [ -101.17224, 45.29534 ], [ -101.20991, 45.29405 ] ] ] ] } },
{ "type": "Feature", "properties": { "ID": 20 }, "geometry": { "type": "MultiPolygon", "coordinates": [ [ [ [ -100.27452, 45.41762 ], [ -100.23675, 45.41867 ], [ -100.24013, 45.46574 ], [ -100.27793, 45.46469 ], [ -100.27452, 45.41762 ] ] ], [ [ [ -100.51188, 45.55227 ], [ -100.47224, 45.52986 ], [ -100.35874, 45.53315 ], [ -100.36921, 45.67436 ], [ -100.44506, 45.67217 ], [ -100.51729, 45.62288 ], [ -100.51188, 45.55227 ] ] ], [ [ [ -100.62639, 46.04428 ], [ -100.55006, 46.04656 ], [ -100.55556, 46.11718 ], [ -100.63199, 46.1149 ], [ -100.62639, 46.04428 ] ] ], [ [ [ -99.03702, 46.36692 ], [ -98.96021, 46.36841 ], [ -98.96502, 46.46267 ], [ -99.04195, 46.46117 ], [ -99.03702, 46.36692 ] ] ], [ [ [ -99.05062, 46.62614 ], [ -99.0531, 46.67327 ], [ -99.09171, 46.67251 ], [ -99.09423, 46.71965 ], [ -99.17149, 46.71809 ], [ -99.16376, 46.57668 ], [ -99.12268, 46.53033 ], [ -99.08291, 46.50754 ], [ -99.04442, 46.5083 ], [ -99.04566, 46.53187 ], [ -99.00714, 46.53262 ], [ -99.01204, 46.62689 ], [ -99.05062, 46.62614 ] ] ], [ [ [ -100.52314, 47.6767 ], [ -100.56051, 47.65199 ], [ -100.55108, 47.53409 ], [ -100.47275, 47.53634 ], [ -100.43909, 47.60819 ], [ -100.48388, 47.67782 ], [ -100.48946, 47.74857 ], [ -100.57187, 47.79349 ], [ -100.76856, 47.78768 ], [ -100.7646, 47.74051 ], [ -100.7253, 47.74169 ], [ -100.71943, 47.67095 ], [ -100.52314, 47.6767 ] ] ], [ [ [ -97.14279, 45.80326 ], [ -97.14416, 45.87395 ], [ -97.22134, 45.92049 ], [ -97.22479, 46.08545 ], [ -97.14925, 46.13318 ], [ -97.03487, 46.15756 ], [ -96.92002, 46.15829 ], [ -96.88316, 46.25279 ], [ -96.92263, 46.32328 ], [ -96.92413, 46.41758 ], [ -96.96258, 46.41734 ], [ -96.96336, 46.46449 ], [ -96.92488, 46.46473 ], [ -96.926, 46.53546 ], [ -96.96453, 46.53522 ], [ -97.03948, 46.41685 ], [ -97.11639, 46.41631 ], [ -97.1525, 46.29816 ], [ -97.26557, 46.20298 ], [ -97.37994, 46.17843 ], [ -97.49482, 46.17735 ], [ -97.49241, 46.08309 ], [ -97.56887, 46.08233 ], [ -97.56697, 46.01163 ], [ -97.64334, 46.01083 ], [ -97.63806, 45.82233 ], [ -97.67612, 45.82192 ], [ -97.67276, 45.70412 ], [ -97.74663, 45.63259 ], [ -97.74383, 45.53837 ], [ -97.81741, 45.46682 ], [ -97.81451, 45.3726 ], [ -97.89004, 45.37168 ], [ -97.92551, 45.30054 ], [ -97.91182, 44.87664 ], [ -97.94927, 44.87616 ], [ -97.94236, 44.66424 ], [ -97.90504, 44.66472 ], [ -97.9013, 44.54699 ], [ -97.86405, 44.54746 ], [ -97.85966, 44.40618 ], [ -97.8225, 44.40664 ], [ -97.82036, 44.336 ], [ -97.78185, 44.28936 ], [ -97.70633, 44.24314 ], [ -97.55808, 44.24476 ], [ -97.51865, 44.15096 ], [ -97.51569, 44.03323 ], [ -97.44182, 44.03397 ], [ -97.44013, 43.96333 ], [ -97.36529, 43.91694 ], [ -97.36317, 43.82275 ], [ -97.25275, 43.82373 ], [ -97.14011, 43.70689 ], [ -97.06581, 43.66035 ], [ -96.99315, 43.70795 ], [ -96.99508, 43.82568 ], [ -96.88465, 43.82638 ], [ -96.88534, 43.87348 ], [ -96.73798, 43.87428 ], [ -96.66378, 43.82754 ], [ -96.66327, 43.78044 ], [ -96.51553, 43.71039 ], [ -96.51513, 43.66329 ], [ -96.00113, 43.66419 ], [ -95.96449, 43.54644 ], [ -95.89128, 43.49931 ], [ -95.89145, 43.40512 ], [ -95.81833, 43.40505 ], [ -95.81882, 43.24021 ], [ -95.70978, 43.16938 ], [ -95.70956, 43.21648 ], [ -95.63652, 43.23987 ], [ -95.59945, 43.33397 ], [ -95.4899, 43.33363 ], [ -95.52569, 43.42794 ], [ -95.59883, 43.42816 ], [ -95.63498, 43.4989 ], [ -95.70798, 43.54616 ], [ -95.74433, 43.61687 ], [ -95.74324, 43.8759 ], [ -95.81678, 43.9231 ], [ -95.89052, 43.92318 ], [ -95.89031, 44.04092 ], [ -96.00114, 44.2058 ], [ -96.03825, 44.29999 ], [ -96.1125, 44.3235 ], [ -96.11276, 44.4648 ], [ -96.07559, 44.48837 ], [ -95.88949, 44.48835 ], [ -95.81491, 44.53538 ], [ -95.74, 44.62947 ], [ -95.7397, 44.70012 ], [ -95.66473, 44.74708 ], [ -95.6642, 44.84128 ], [ -95.77643, 44.86504 ], [ -95.85122, 44.91224 ], [ -95.85099, 45.00646 ], [ -95.92607, 45.00651 ], [ -95.92598, 45.07718 ], [ -96.15187, 45.21845 ], [ -96.26501, 45.24185 ], [ -96.45347, 45.24141 ], [ -96.56812, 45.40592 ], [ -96.64372, 45.40562 ], [ -96.56903, 45.50016 ], [ -96.6826, 45.49969 ], [ -96.68151, 45.40546 ], [ -96.7571, 45.4051 ], [ -96.79553, 45.45202 ], [ -96.7968, 45.54626 ], [ -96.87327, 45.59296 ], [ -96.91301, 45.71055 ], [ -96.989, 45.71007 ], [ -97.02822, 45.78051 ], [ -97.14279, 45.80326 ] ], [ [ -97.14279, 45.80326 ], [ -97.06583, 45.75669 ], [ -97.02616, 45.6627 ], [ -97.02289, 45.47423 ], [ -96.9457, 45.38049 ], [ -96.90648, 45.28649 ], [ -96.90468, 45.16871 ], [ -96.94157, 45.12138 ], [ -97.0168, 45.12089 ], [ -97.01842, 45.21511 ], [ -97.0942, 45.23814 ], [ -97.09769, 45.42658 ], [ -97.21159, 45.44928 ], [ -97.20774, 45.26083 ], [ -97.24445, 45.21342 ], [ -97.47047, 45.2114 ], [ -97.50574, 45.11681 ], [ -97.46755, 45.09363 ], [ -97.31717, 45.09502 ], [ -97.27856, 45.04823 ], [ -97.27553, 44.90692 ], [ -97.42543, 44.90558 ], [ -97.42656, 44.95268 ], [ -97.57595, 44.92764 ], [ -97.7259, 44.926 ], [ -97.76409, 44.94912 ], [ -97.76688, 45.04332 ], [ -97.84419, 45.11307 ], [ -97.84712, 45.20727 ], [ -97.73551, 45.25571 ], [ -97.73897, 45.37348 ], [ -97.66608, 45.46855 ], [ -97.67075, 45.63344 ], [ -97.59679, 45.70493 ], [ -97.59936, 45.79917 ], [ -97.52327, 45.79995 ], [ -97.5251, 45.87063 ], [ -97.45125, 45.96563 ], [ -97.37494, 45.96633 ], [ -97.37273, 45.87207 ], [ -97.2955, 45.82561 ], [ -97.14279, 45.80326 ] ], [ [ -97.55808, 44.24476 ], [ -97.5593, 44.29185 ], [ -97.48628, 44.3397 ], [ -97.30066, 44.34143 ], [ -97.37276, 44.24658 ], [ -97.37169, 44.19949 ], [ -97.4828, 44.19842 ], [ -97.55808, 44.24476 ] ], [ [ -96.52344, 44.62878 ], [ -96.48671, 44.69956 ], [ -96.41185, 44.67623 ], [ -96.41071, 44.51138 ], [ -96.63411, 44.5106 ], [ -96.63486, 44.58125 ], [ -96.52303, 44.58168 ], [ -96.52344, 44.62878 ] ], [ [ -96.67399, 44.74594 ], [ -96.71249, 44.83997 ], [ -96.63762, 44.84031 ], [ -96.67399, 44.74594 ] ], [ [ -96.82578, 44.91006 ], [ -96.86463, 45.00406 ], [ -96.75201, 45.00466 ], [ -96.75082, 44.91045 ], [ -96.82578, 44.91006 ] ] ], [ [ [ -92.29013, 46.70616 ], [ -92.25151, 46.70523 ], [ -92.24386, 46.82306 ], [ -92.31824, 46.87204 ], [ -92.31523, 46.91918 ], [ -92.47317, 46.87563 ], [ -92.47605, 46.82849 ], [ -92.74699, 46.83439 ], [ -92.74965, 46.78725 ], [ -92.83089, 46.71814 ], [ -92.98666, 46.69764 ], [ -92.99279, 46.5798 ], [ -92.87716, 46.57751 ], [ -92.8797, 46.53038 ], [ -92.80398, 46.50525 ], [ -92.80917, 46.41099 ], [ -92.85015, 46.36466 ], [ -93.00376, 46.36771 ], [ -93.03976, 46.41558 ], [ -93.03736, 46.46271 ], [ -93.07582, 46.46344 ], [ -93.08056, 46.36919 ], [ -93.04216, 46.36845 ], [ -93.05053, 46.20352 ], [ -93.08882, 46.20425 ], [ -93.09937, 45.99223 ], [ -93.17796, 45.94654 ], [ -93.36862, 45.94993 ], [ -93.3665, 45.99704 ], [ -93.44077, 46.04545 ], [ -93.63176, 46.04851 ], [ -93.6308, 46.07208 ], [ -93.70724, 46.07323 ], [ -93.74181, 46.16805 ], [ -93.89409, 46.19379 ], [ -93.88897, 46.33519 ], [ -93.92736, 46.33571 ], [ -93.92568, 46.38284 ], [ -93.9641, 46.38336 ], [ -94.0001, 46.45457 ], [ -93.99684, 46.54886 ], [ -94.11168, 46.57388 ], [ -94.15098, 46.55077 ], [ -94.11245, 46.55031 ], [ -94.15399, 46.45648 ], [ -94.16071, 46.24435 ], [ -94.23595, 46.29239 ], [ -94.38941, 46.29406 ], [ -94.38811, 46.3412 ], [ -94.58011, 46.34309 ], [ -94.58126, 46.29595 ], [ -94.54289, 46.29559 ], [ -94.50694, 46.20095 ], [ -94.66017, 46.20235 ], [ -94.62075, 46.24915 ], [ -94.61963, 46.29629 ], [ -94.73475, 46.29728 ], [ -94.96499, 46.299 ], [ -95.00417, 46.25211 ], [ -95.00698, 46.08712 ], [ -94.89406, 45.99207 ], [ -94.74137, 45.9909 ], [ -94.59039, 45.91888 ], [ -94.55459, 45.82427 ], [ -94.44103, 45.79959 ], [ -94.28886, 45.79796 ], [ -94.17766, 45.70241 ], [ -94.1813, 45.58462 ], [ -94.10625, 45.56014 ], [ -94.10852, 45.48948 ], [ -93.95797, 45.46397 ], [ -93.95959, 45.41686 ], [ -93.88653, 45.34517 ], [ -93.77329, 45.34355 ], [ -93.73283, 45.41365 ], [ -93.58168, 45.41132 ], [ -93.57975, 45.45842 ], [ -93.39067, 45.4553 ], [ -93.38649, 45.5495 ], [ -93.23168, 45.61748 ], [ -93.0042, 45.61318 ], [ -92.97235, 45.49469 ], [ -92.6697, 45.48837 ], [ -92.5886, 45.58088 ], [ -92.58587, 45.62797 ], [ -92.3584, 45.62271 ], [ -92.28556, 45.5738 ], [ -92.21737, 45.45423 ], [ -92.10554, 45.42783 ], [ -92.11792, 45.23952 ], [ -92.15558, 45.24048 ], [ -92.16777, 45.05219 ], [ -92.02234, 44.97771 ], [ -91.98961, 44.90612 ], [ -91.99752, 44.78846 ], [ -92.03958, 44.71886 ], [ -92.0054, 44.67081 ], [ -91.85621, 44.66677 ], [ -91.85947, 44.61971 ], [ -91.71042, 44.61552 ], [ -91.64105, 44.5428 ], [ -91.62213, 44.80159 ], [ -91.57953, 44.87108 ], [ -91.61348, 44.91923 ], [ -91.76328, 44.92351 ], [ -91.71736, 45.0401 ], [ -91.56727, 45.03577 ], [ -91.45651, 45.0089 ], [ -91.30652, 45.00431 ], [ -91.2353, 44.95491 ], [ -91.23907, 44.90787 ], [ -91.16611, 44.88196 ], [ -91.16993, 44.83492 ], [ -91.05778, 44.83128 ], [ -91.02432, 44.783 ], [ -90.94962, 44.78051 ], [ -90.91829, 44.7087 ], [ -90.93226, 44.54408 ], [ -90.97341, 44.4983 ], [ -91.08494, 44.502 ], [ -91.11828, 44.55026 ], [ -91.07527, 44.6196 ], [ -91.06751, 44.71368 ], [ -91.25407, 44.71968 ], [ -91.26154, 44.6256 ], [ -91.30618, 44.53268 ], [ -91.38059, 44.53499 ], [ -91.38602, 44.46443 ], [ -91.46391, 44.41966 ], [ -91.47278, 44.30204 ], [ -91.28749, 44.29631 ], [ -91.29118, 44.24927 ], [ -91.18011, 44.24572 ], [ -91.17633, 44.29276 ], [ -91.02815, 44.28789 ], [ -90.98326, 44.38072 ], [ -90.87196, 44.37694 ], [ -90.87998, 44.28288 ], [ -90.92298, 44.2136 ], [ -90.73802, 44.20718 ], [ -90.74213, 44.16016 ], [ -90.63125, 44.1562 ], [ -90.55522, 44.17703 ], [ -90.52254, 44.12865 ], [ -90.53107, 44.03461 ], [ -90.43993, 43.81893 ], [ -90.44639, 43.74841 ], [ -90.36863, 43.79265 ], [ -90.35768, 43.91018 ], [ -90.43128, 43.91296 ], [ -90.45732, 44.03188 ], [ -90.37919, 44.07612 ], [ -90.36602, 44.21717 ], [ -90.40301, 44.21856 ], [ -90.43565, 44.26696 ], [ -90.42475, 44.38451 ], [ -90.53389, 44.41213 ], [ -90.5253, 44.50617 ], [ -90.26517, 44.49643 ], [ -90.26967, 44.44942 ], [ -90.16059, 44.4216 ], [ -90.16973, 44.32758 ], [ -90.13497, 44.30263 ], [ -90.06091, 44.2997 ], [ -90.01686, 44.36872 ], [ -89.86859, 44.36271 ], [ -89.78961, 44.40664 ], [ -89.81701, 44.50218 ], [ -89.88651, 44.55224 ], [ -89.9957, 44.58025 ], [ -90.02351, 44.67575 ], [ -90.09804, 44.6787 ], [ -90.08173, 44.84325 ], [ -90.04436, 44.84177 ], [ -90.03259, 44.9593 ], [ -89.94814, 45.05035 ], [ -89.8683, 45.09433 ], [ -89.71823, 45.08817 ], [ -89.71325, 45.13518 ], [ -89.52557, 45.12725 ], [ -89.5307, 45.08025 ], [ -89.38333, 45.05026 ], [ -89.38856, 45.00326 ], [ -89.27622, 44.9983 ], [ -89.31063, 44.69288 ], [ -89.27602, 44.66772 ], [ -89.12709, 44.66097 ], [ -89.04717, 44.70452 ], [ -88.99889, 44.79674 ], [ -88.88698, 44.79148 ], [ -88.87293, 44.90892 ], [ -88.83555, 44.90714 ], [ -88.81569, 45.07155 ], [ -88.85317, 45.07333 ], [ -88.82189, 45.3317 ], [ -88.70898, 45.32631 ], [ -88.66551, 45.37147 ], [ -88.63325, 45.62985 ], [ -88.78458, 45.6371 ], [ -88.85167, 45.71115 ], [ -88.79938, 45.82685 ], [ -88.68551, 45.82144 ], [ -88.63575, 45.91359 ], [ -88.82582, 45.92262 ], [ -88.93706, 45.95142 ], [ -89.04, 46.05066 ], [ -89.02596, 46.16819 ], [ -89.17046, 46.24558 ], [ -89.27704, 46.32117 ], [ -89.50685, 46.33102 ], [ -89.49369, 46.44862 ], [ -89.60885, 46.45342 ], [ -89.64208, 46.50205 ], [ -89.75737, 46.50675 ], [ -89.76243, 46.4597 ], [ -89.87764, 46.46431 ], [ -89.95936, 46.42028 ], [ -90.00746, 46.32766 ], [ -90.27574, 46.33785 ], [ -90.38847, 46.36561 ], [ -90.4562, 46.46252 ], [ -90.4517, 46.5096 ], [ -90.53082, 46.4888 ], [ -90.72304, 46.49547 ], [ -90.75083, 46.61449 ], [ -90.94759, 46.57381 ], [ -90.93524, 46.71509 ], [ -90.97179, 46.73989 ], [ -90.96358, 46.8341 ], [ -91.15699, 46.84024 ], [ -91.20351, 46.74722 ], [ -91.39665, 46.75307 ], [ -91.40415, 46.65885 ], [ -91.55844, 46.66334 ], [ -91.52352, 46.61513 ], [ -91.71625, 46.62057 ], [ -91.71973, 46.57346 ], [ -92.02793, 46.58167 ], [ -92.03116, 46.53455 ], [ -92.18517, 46.53842 ], [ -92.2206, 46.58649 ], [ -92.21752, 46.63361 ], [ -92.29466, 46.63547 ], [ -92.29013, 46.70616 ] ], [ [ -89.18698, 46.10452 ], [ -89.1571, 46.0323 ], [ -89.30953, 46.03902 ], [ -89.18698, 46.10452 ] ] ], [ [ [ -98.17171, 45.83926 ], [ -98.09557, 45.84032 ], [ -98.0981, 45.911 ], [ -98.17433, 45.90994 ], [ -98.17171, 45.83926 ] ] ], [ [ [ -93.03133, 46.58054 ], [ -93.03495, 46.50984 ], [ -92.99645, 46.5091 ], [ -92.99279, 46.5798 ], [ -93.03133, 46.58054 ] ] ], [ [ [ -90.51933, 47.83553 ], [ -90.59354, 47.88539 ], [ -90.59129, 47.90897 ], [ -90.67674, 47.84091 ], [ -90.75546, 47.84354 ], [ -90.83848, 47.79897 ], [ -90.88631, 47.70594 ], [ -91.13607, 47.54837 ], [ -91.30827, 47.36454 ], [ -91.46633, 47.34556 ], [ -91.47006, 47.29842 ], [ -91.58708, 47.30176 ], [ -91.71117, 47.21072 ], [ -91.71821, 47.11644 ], [ -91.60157, 47.1132 ], [ -91.55904, 47.15924 ], [ -91.44232, 47.15588 ], [ -91.43482, 47.25015 ], [ -91.31214, 47.3174 ], [ -91.26728, 47.38694 ], [ -91.10904, 47.40572 ], [ -91.10096, 47.50001 ], [ -90.98357, 47.4963 ], [ -90.90111, 47.54093 ], [ -90.89266, 47.63522 ], [ -90.77501, 47.63136 ], [ -90.77068, 47.6785 ], [ -90.65294, 47.67456 ], [ -90.607, 47.74394 ], [ -90.52842, 47.74123 ], [ -90.48456, 47.78701 ], [ -90.47998, 47.83416 ], [ -90.51933, 47.83553 ] ] ] ] } },
{ "type": "Feature", "properties": { "ID": 21 }, "geometry": { "type": "MultiPolygon", "coordinates": [ [ [ [ -87.49794, 44.53008 ], [ -87.41028, 44.61966 ], [ -87.38659, 44.78384 ], [ -87.41707, 44.83289 ], [ -87.56622, 44.84133 ], [ -87.58613, 44.70058 ], [ -87.66054, 44.70473 ], [ -87.72056, 44.54257 ], [ -87.80122, 44.49974 ], [ -87.81727, 44.38243 ], [ -87.89765, 44.33954 ], [ -87.93236, 44.08145 ], [ -87.9692, 44.08345 ], [ -87.99103, 43.9192 ], [ -88.07067, 43.87622 ], [ -88.09216, 43.71196 ], [ -87.99163, 43.63564 ], [ -88.04087, 43.2602 ], [ -88.00452, 43.25822 ], [ -88.05945, 42.83583 ], [ -87.99337, 42.78493 ], [ -88.00861, 42.66759 ], [ -87.97262, 42.66561 ], [ -87.93969, 42.64014 ], [ -87.9672, 42.42893 ], [ -87.86581, 42.37597 ], [ -87.83618, 42.32701 ], [ -87.81449, 42.49128 ], [ -87.85038, 42.49331 ], [ -87.83178, 42.6341 ], [ -87.89447, 42.70854 ], [ -87.85726, 42.99011 ], [ -87.92962, 42.99413 ], [ -87.89862, 43.22877 ], [ -87.93494, 43.23078 ], [ -87.91631, 43.37156 ], [ -87.87991, 43.36955 ], [ -87.85797, 43.53378 ], [ -87.83591, 43.698 ], [ -87.79931, 43.69597 ], [ -87.77385, 43.88365 ], [ -87.81056, 43.88569 ], [ -87.79463, 44.00299 ], [ -87.70817, 44.09273 ], [ -87.67574, 44.32732 ], [ -87.62567, 44.41908 ], [ -87.54499, 44.46182 ], [ -87.49794, 44.53008 ] ] ], [ [ [ -88.43499, 43.91891 ], [ -88.42911, 43.96586 ], [ -88.46589, 43.96773 ], [ -88.47175, 43.92079 ], [ -88.43499, 43.91891 ] ] ], [ [ [ -88.39824, 43.91703 ], [ -88.41004, 43.82314 ], [ -88.37335, 43.82125 ], [ -88.36743, 43.8682 ], [ -88.32475, 43.91324 ], [ -88.28801, 43.91133 ], [ -88.273, 44.02868 ], [ -88.30981, 44.0306 ], [ -88.29181, 44.17142 ], [ -88.40253, 44.17712 ], [ -88.40845, 44.13017 ], [ -88.3347, 44.12639 ], [ -88.3615, 43.91514 ], [ -88.39824, 43.91703 ] ] ], [ [ [ -87.14105, 45.17172 ], [ -87.25352, 45.17827 ], [ -87.28118, 44.99064 ], [ -87.36276, 44.94803 ], [ -87.37299, 44.87766 ], [ -87.26108, 44.8712 ], [ -87.21685, 44.91593 ], [ -87.19948, 45.0332 ], [ -87.07317, 45.12041 ], [ -87.14105, 45.17172 ] ] ], [ [ [ -88.21064, 47.3832 ], [ -88.21705, 47.33616 ], [ -88.17811, 47.33422 ], [ -88.17167, 47.38125 ], [ -88.21064, 47.3832 ] ] ], [ [ [ -75.60938, 43.45931 ], [ -75.70888, 43.49736 ], [ -75.76493, 43.55337 ], [ -75.77747, 43.6274 ], [ -75.87735, 43.66534 ], [ -75.81528, 43.84948 ], [ -75.98503, 44.01734 ], [ -76.02114, 44.02227 ], [ -76.04429, 43.95319 ], [ -76.10343, 43.88901 ], [ -76.14174, 43.77385 ], [ -76.08514, 43.71798 ], [ -75.94143, 43.69827 ], [ -75.97993, 43.58315 ], [ -75.90824, 43.57326 ], [ -75.81624, 43.51233 ], [ -75.84715, 43.42026 ], [ -75.73994, 43.40531 ], [ -75.73218, 43.42832 ], [ -75.62499, 43.4133 ], [ -75.60938, 43.45931 ] ] ], [ [ [ -79.52089, 44.83782 ], [ -79.58819, 44.86915 ], [ -79.57528, 44.91555 ], [ -79.6427, 44.94686 ], [ -79.65391, 45.04372 ], [ -79.72794, 45.05179 ], [ -79.72152, 45.07499 ], [ -79.75855, 45.07901 ], [ -79.77136, 45.03259 ], [ -79.76635, 44.91253 ], [ -79.64914, 44.92366 ], [ -79.70045, 44.73802 ], [ -79.77411, 44.74607 ], [ -79.78683, 44.69965 ], [ -79.86045, 44.70765 ], [ -79.92249, 44.61878 ], [ -79.95391, 44.50272 ], [ -79.99061, 44.50668 ], [ -80.03979, 44.4642 ], [ -80.0889, 44.4217 ], [ -80.0226, 44.24736 ], [ -80.05983, 44.10806 ], [ -80.02337, 44.10412 ], [ -80.0605, 43.96483 ], [ -79.95139, 43.95296 ], [ -79.9337, 43.87936 ], [ -79.75845, 43.83619 ], [ -79.71439, 43.9986 ], [ -79.62897, 44.03693 ], [ -79.57164, 44.24571 ], [ -79.53513, 44.24164 ], [ -79.52231, 44.28803 ], [ -79.5826, 44.34255 ], [ -79.5377, 44.50493 ], [ -79.38878, 44.63182 ], [ -79.28513, 44.59628 ], [ -79.24843, 44.59215 ], [ -79.22874, 44.6617 ], [ -79.33247, 44.69728 ], [ -79.5532, 44.72183 ], [ -79.52089, 44.83782 ] ] ], [ [ [ -76.04212, 44.41042 ], [ -76.00577, 44.40549 ], [ -75.9382, 44.49266 ], [ -76.08382, 44.51238 ], [ -76.16439, 44.49914 ], [ -76.19528, 44.407 ], [ -76.34842, 44.40342 ], [ -76.60315, 44.43713 ], [ -76.66092, 44.4928 ], [ -76.71242, 44.45144 ], [ -76.78528, 44.46094 ], [ -76.80772, 44.39174 ], [ -77.09911, 44.42934 ], [ -77.09174, 44.45242 ], [ -77.20114, 44.46638 ], [ -77.2887, 44.42945 ], [ -77.34697, 44.36478 ], [ -77.41984, 44.37397 ], [ -77.50713, 44.33692 ], [ -77.53587, 44.24451 ], [ -77.6229, 44.20739 ], [ -77.73197, 44.22096 ], [ -77.79663, 44.13301 ], [ -77.87632, 44.11886 ], [ -78.02163, 44.13669 ], [ -78.06648, 44.23806 ], [ -78.15317, 44.20064 ], [ -78.16702, 44.15437 ], [ -78.27613, 44.16754 ], [ -78.28988, 44.12127 ], [ -78.43532, 44.13869 ], [ -78.45125, 44.21247 ], [ -78.56052, 44.22543 ], [ -78.61988, 44.28034 ], [ -78.7658, 44.29744 ], [ -78.86862, 44.33334 ], [ -78.85527, 44.37967 ], [ -78.95828, 44.4155 ], [ -79.10462, 44.43228 ], [ -79.13464, 44.45962 ], [ -79.12146, 44.50598 ], [ -79.15811, 44.51015 ], [ -79.18439, 44.41743 ], [ -79.14408, 44.29321 ], [ -79.03457, 44.28068 ], [ -79.00468, 44.25331 ], [ -78.85881, 44.23644 ], [ -78.69003, 44.16884 ], [ -78.70347, 44.12253 ], [ -78.66709, 44.11825 ], [ -78.49886, 44.05043 ], [ -78.51242, 44.00414 ], [ -78.40356, 43.99114 ], [ -78.30159, 43.95492 ], [ -78.28789, 44.0012 ], [ -78.17218, 44.01117 ], [ -77.99088, 43.98905 ], [ -77.87515, 43.99879 ], [ -77.8611, 44.04503 ], [ -77.75231, 44.03155 ], [ -77.73817, 44.07778 ], [ -77.65851, 44.09185 ], [ -77.52104, 44.17064 ], [ -77.4121, 44.15692 ], [ -77.3541, 44.22161 ], [ -77.17247, 44.19849 ], [ -77.09252, 44.21226 ], [ -77.07783, 44.25843 ], [ -76.97622, 44.2213 ], [ -76.86732, 44.20718 ], [ -76.77982, 44.24386 ], [ -76.73604, 44.26217 ], [ -76.55453, 44.2383 ], [ -76.49553, 44.30266 ], [ -76.35029, 44.28334 ], [ -76.33501, 44.32943 ], [ -76.18206, 44.333 ], [ -76.16664, 44.37907 ], [ -76.05764, 44.36436 ], [ -76.04212, 44.41042 ] ] ], [ [ [ -76.04954, 44.05022 ], [ -76.06253, 44.12423 ], [ -75.99537, 44.21141 ], [ -76.07556, 44.19823 ], [ -76.22051, 44.21781 ], [ -76.27207, 44.17661 ], [ -76.30262, 44.08444 ], [ -76.19412, 44.06983 ], [ -76.11413, 44.08307 ], [ -76.04954, 44.05022 ] ] ], [ [ [ -75.66778, 44.50384 ], [ -75.63141, 44.49882 ], [ -75.62808, 44.61889 ], [ -75.73744, 44.63391 ], [ -75.78969, 44.59287 ], [ -75.81333, 44.52382 ], [ -75.75632, 44.46782 ], [ -75.66778, 44.50384 ] ] ], [ [ [ -73.14934, 44.6912 ], [ -73.14101, 44.81118 ], [ -73.10522, 44.90266 ], [ -73.28725, 44.93071 ], [ -73.29615, 44.90783 ], [ -73.33256, 44.91342 ], [ -73.3503, 44.86765 ], [ -73.31391, 44.86207 ], [ -73.32279, 44.83919 ], [ -73.35916, 44.84477 ], [ -73.39454, 44.75323 ], [ -73.35822, 44.74766 ], [ -73.37589, 44.70189 ], [ -73.41219, 44.70746 ], [ -73.43861, 44.6388 ], [ -73.40235, 44.63324 ], [ -73.43753, 44.5417 ], [ -73.37395, 44.50769 ], [ -73.33687, 44.40502 ], [ -73.32806, 44.4279 ], [ -73.25583, 44.41673 ], [ -73.2293, 44.48535 ], [ -73.26545, 44.49095 ], [ -73.24776, 44.5367 ], [ -73.21158, 44.5311 ], [ -73.19383, 44.57684 ], [ -73.23003, 44.58245 ], [ -73.21228, 44.6282 ], [ -73.17605, 44.62259 ], [ -73.14934, 44.6912 ] ] ], [ [ [ -65.85934, 45.48875 ], [ -65.8958, 45.57062 ], [ -66.06417, 45.62969 ], [ -66.00514, 45.74167 ], [ -66.10177, 45.78602 ], [ -66.14889, 45.69641 ], [ -66.11201, 45.6146 ], [ -66.14725, 45.5474 ], [ -66.07522, 45.53279 ], [ -66.08772, 45.5849 ], [ -65.97964, 45.56292 ], [ -66.015, 45.49575 ], [ -65.94307, 45.48108 ], [ -65.88299, 45.44399 ], [ -65.85934, 45.48875 ] ] ], [ [ [ -64.88496, 45.95738 ], [ -64.84884, 45.94978 ], [ -64.8242, 45.99439 ], [ -64.67871, 46.0384 ], [ -64.69007, 46.09064 ], [ -64.65282, 46.15752 ], [ -64.71285, 46.19511 ], [ -64.82162, 46.21799 ], [ -64.83399, 46.19568 ], [ -64.87025, 46.20329 ], [ -64.89495, 46.15866 ], [ -64.89648, 46.0096 ], [ -64.86034, 46.002 ], [ -64.88496, 45.95738 ] ] ], [ [ [ -64.81988, 46.36707 ], [ -64.85625, 46.37468 ], [ -64.84468, 46.32245 ], [ -64.81988, 46.36707 ] ] ], [ [ [ -64.85625, 46.37468 ], [ -64.83143, 46.41931 ], [ -64.86783, 46.42692 ], [ -64.89263, 46.38229 ], [ -64.85625, 46.37468 ] ] ] ] } },
{ "type": "Feature", "properties": { "ID": 22 }, "geometry": { "type": "MultiPolygon", "coordinates": [ [ [ [ -97.55808, 44.24476 ], [ -97.4828, 44.19842 ], [ -97.37169, 44.19949 ], [ -97.37276, 44.24658 ], [ -97.30066, 44.34143 ], [ -97.48628, 44.3397 ], [ -97.5593, 44.29185 ], [ -97.55808, 44.24476 ] ] ], [ [ [ -96.67399, 44.74594 ], [ -96.63762, 44.84031 ], [ -96.71249, 44.83997 ], [ -96.67399, 44.74594 ] ] ], [ [ [ -96.82578, 44.91006 ], [ -96.75082, 44.91045 ], [ -96.75201, 45.00466 ], [ -96.86463, 45.00406 ], [ -96.82578, 44.91006 ] ] ], [ [ [ -97.14279, 45.80326 ], [ -97.2955, 45.82561 ], [ -97.37273, 45.87207 ], [ -97.37494, 45.96633 ], [ -97.45125, 45.96563 ], [ -97.5251, 45.87063 ], [ -97.52327, 45.79995 ], [ -97.59936, 45.79917 ], [ -97.59679, 45.70493 ], [ -97.67075, 45.63344 ], [ -97.66608, 45.46855 ], [ -97.73897, 45.37348 ], [ -97.73551, 45.25571 ], [ -97.84712, 45.20727 ], [ -97.84419, 45.11307 ], [ -97.76688, 45.04332 ], [ -97.76409, 44.94912 ], [ -97.7259, 44.926 ], [ -97.57595, 44.92764 ], [ -97.42656, 44.95268 ], [ -97.42543, 44.90558 ], [ -97.27553, 44.90692 ], [ -97.27856, 45.04823 ], [ -97.31717, 45.09502 ], [ -97.46755, 45.09363 ], [ -97.50574, 45.11681 ], [ -97.47047, 45.2114 ], [ -97.24445, 45.21342 ], [ -97.20774, 45.26083 ], [ -97.21159, 45.44928 ], [ -97.09769, 45.42658 ], [ -97.0942, 45.23814 ], [ -97.01842, 45.21511 ], [ -97.0168, 45.12089 ], [ -96.94157, 45.12138 ], [ -96.90468, 45.16871 ], [ -96.90648, 45.28649 ], [ -96.9457, 45.38049 ], [ -97.02289, 45.47423 ], [ -97.02616, 45.6627 ], [ -97.06583, 45.75669 ], [ -97.14279, 45.80326 ] ] ], [ [ [ -101.34505, 47.62733 ], [ -101.34063, 47.58019 ], [ -101.57566, 47.57204 ], [ -101.56875, 47.50135 ], [ -101.33401, 47.50949 ], [ -101.33621, 47.53306 ], [ -101.14046, 47.53958 ], [ -101.10976, 47.63514 ], [ -101.34505, 47.62733 ] ] ], [ [ [ -97.18217, 47.7607 ], [ -97.06409, 47.76154 ], [ -97.06541, 47.83237 ], [ -97.18365, 47.83153 ], [ -97.18217, 47.7607 ] ] ], [ [ [ -102.36153, 47.92086 ], [ -102.38763, 47.80146 ], [ -102.34306, 47.75592 ], [ -102.26451, 47.75906 ], [ -102.23817, 47.87843 ], [ -102.28275, 47.924 ], [ -102.36153, 47.92086 ] ] ], [ [ [ -98.97752, 48.20968 ], [ -99.09649, 48.20741 ], [ -99.05173, 48.11372 ], [ -98.97254, 48.11522 ], [ -98.97752, 48.20968 ] ] ], [ [ [ -96.52344, 44.62878 ], [ -96.52303, 44.58168 ], [ -96.63486, 44.58125 ], [ -96.63411, 44.5106 ], [ -96.41071, 44.51138 ], [ -96.41185, 44.67623 ], [ -96.48671, 44.69956 ], [ -96.52344, 44.62878 ] ] ], [ [ [ -89.27602, 44.66772 ], [ -89.31063, 44.69288 ], [ -89.27622, 44.9983 ], [ -89.38856, 45.00326 ], [ -89.38333, 45.05026 ], [ -89.5307, 45.08025 ], [ -89.52557, 45.12725 ], [ -89.71325, 45.13518 ], [ -89.71823, 45.08817 ], [ -89.8683, 45.09433 ], [ -89.94814, 45.05035 ], [ -90.03259, 44.9593 ], [ -90.04436, 44.84177 ], [ -90.08173, 44.84325 ], [ -90.09804, 44.6787 ], [ -90.02351, 44.67575 ], [ -89.9957, 44.58025 ], [ -89.88651, 44.55224 ], [ -89.81701, 44.50218 ], [ -89.78961, 44.40664 ], [ -89.75007, 44.4286 ], [ -89.60168, 44.42232 ], [ -89.59666, 44.46931 ], [ -89.48531, 44.4645 ], [ -89.42397, 44.34378 ], [ -89.43425, 44.24981 ], [ -89.32331, 44.24488 ], [ -89.305, 44.40932 ], [ -89.22023, 44.49993 ], [ -89.1831, 44.49825 ], [ -89.1697, 44.61569 ], [ -89.2069, 44.61739 ], [ -89.20155, 44.66437 ], [ -89.27602, 44.66772 ] ] ], [ [ [ -96.23344, 46.79744 ], [ -96.46569, 46.79692 ], [ -96.50502, 46.86756 ], [ -96.50584, 46.9619 ], [ -96.69993, 46.96115 ], [ -96.7005, 47.00833 ], [ -96.81705, 47.00776 ], [ -96.89401, 46.96016 ], [ -96.89146, 46.79507 ], [ -96.85275, 46.79528 ], [ -96.84963, 46.58306 ], [ -96.88747, 46.53568 ], [ -96.926, 46.53546 ], [ -96.92488, 46.46473 ], [ -96.96336, 46.46449 ], [ -96.96258, 46.41734 ], [ -96.92413, 46.41758 ], [ -96.92263, 46.32328 ], [ -96.88316, 46.25279 ], [ -96.92002, 46.15829 ], [ -97.03487, 46.15756 ], [ -97.14925, 46.13318 ], [ -97.22479, 46.08545 ], [ -97.22134, 45.92049 ], [ -97.14416, 45.87395 ], [ -97.14279, 45.80326 ], [ -97.02822, 45.78051 ], [ -96.989, 45.71007 ], [ -96.91301, 45.71055 ], [ -96.87327, 45.59296 ], [ -96.7968, 45.54626 ], [ -96.79553, 45.45202 ], [ -96.7571, 45.4051 ], [ -96.68151, 45.40546 ], [ -96.6826, 45.49969 ], [ -96.56903, 45.50016 ], [ -96.64372, 45.40562 ], [ -96.56812, 45.40592 ], [ -96.45347, 45.24141 ], [ -96.26501, 45.24185 ], [ -96.15187, 45.21845 ], [ -95.92598, 45.07718 ], [ -95.92607, 45.00651 ], [ -95.85099, 45.00646 ], [ -95.85122, 44.91224 ], [ -95.77643, 44.86504 ], [ -95.6642, 44.84128 ], [ -95.66473, 44.74708 ], [ -95.7397, 44.70012 ], [ -95.74, 44.62947 ], [ -95.81491, 44.53538 ], [ -95.88949, 44.48835 ], [ -96.07559, 44.48837 ], [ -96.11276, 44.4648 ], [ -96.1125, 44.3235 ], [ -96.03825, 44.29999 ], [ -96.00114, 44.2058 ], [ -95.89031, 44.04092 ], [ -95.89052, 43.92318 ], [ -95.81678, 43.9231 ], [ -95.74324, 43.8759 ], [ -95.74433, 43.61687 ], [ -95.70798, 43.54616 ], [ -95.63498, 43.4989 ], [ -95.59883, 43.42816 ], [ -95.52569, 43.42794 ], [ -95.4899, 43.33363 ], [ -95.30733, 43.33288 ], [ -95.30786, 43.28578 ], [ -95.19871, 43.26168 ], [ -95.05283, 43.26081 ], [ -94.94301, 43.28361 ], [ -94.94625, 43.09523 ], [ -94.83714, 43.09441 ], [ -94.76202, 43.21155 ], [ -94.69015, 43.16382 ], [ -94.69116, 43.11672 ], [ -94.54563, 43.11535 ], [ -94.51096, 43.04435 ], [ -94.40194, 43.0432 ], [ -94.29555, 42.94778 ], [ -94.30204, 42.71231 ], [ -94.15748, 42.71055 ], [ -94.11919, 42.78073 ], [ -94.0114, 42.75574 ], [ -93.86674, 42.75369 ], [ -93.79273, 42.7997 ], [ -93.72383, 42.70441 ], [ -93.72557, 42.65732 ], [ -93.58115, 42.65499 ], [ -93.54598, 42.63084 ], [ -93.40163, 42.62833 ], [ -93.39965, 42.67541 ], [ -93.2552, 42.67276 ], [ -93.25311, 42.71984 ], [ -93.17976, 42.742 ], [ -93.17545, 42.83616 ], [ -92.99443, 42.83254 ], [ -92.99214, 42.87962 ], [ -92.66612, 42.87253 ], [ -92.63376, 42.80109 ], [ -92.45288, 42.7968 ], [ -92.3833, 42.74795 ], [ -92.38606, 42.70088 ], [ -92.27771, 42.69815 ], [ -92.27488, 42.74522 ], [ -92.13032, 42.74144 ], [ -92.12737, 42.78851 ], [ -92.00975, 42.92676 ], [ -91.86162, 42.96978 ], [ -91.71493, 42.98912 ], [ -91.70836, 43.08323 ], [ -91.629, 43.17518 ], [ -91.55453, 43.19651 ], [ -91.58414, 43.2917 ], [ -91.57562, 43.40932 ], [ -91.53566, 43.45526 ], [ -91.38235, 43.54483 ], [ -91.34035, 43.61424 ], [ -91.32589, 43.8024 ], [ -91.21564, 43.79887 ], [ -91.21935, 43.75184 ], [ -91.11487, 43.67769 ], [ -91.12243, 43.58362 ], [ -91.05493, 43.51063 ], [ -91.06065, 43.44008 ], [ -90.98953, 43.41409 ], [ -90.99339, 43.36706 ], [ -90.88394, 43.36329 ], [ -90.87999, 43.41032 ], [ -90.73397, 43.40516 ], [ -90.62033, 43.44822 ], [ -90.60785, 43.58928 ], [ -90.56494, 43.65847 ], [ -90.59322, 43.75385 ], [ -90.44639, 43.74841 ], [ -90.43993, 43.81893 ], [ -90.53107, 44.03461 ], [ -90.52254, 44.12865 ], [ -90.55522, 44.17703 ], [ -90.63125, 44.1562 ], [ -90.74213, 44.16016 ], [ -90.73802, 44.20718 ], [ -90.92298, 44.2136 ], [ -90.87998, 44.28288 ], [ -90.87196, 44.37694 ], [ -90.98326, 44.38072 ], [ -91.02815, 44.28789 ], [ -91.17633, 44.29276 ], [ -91.18011, 44.24572 ], [ -91.29118, 44.24927 ], [ -91.28749, 44.29631 ], [ -91.47278, 44.30204 ], [ -91.46391, 44.41966 ], [ -91.38602, 44.46443 ], [ -91.38059, 44.53499 ], [ -91.30618, 44.53268 ], [ -91.26154, 44.6256 ], [ -91.25407, 44.71968 ], [ -91.06751, 44.71368 ], [ -91.07527, 44.6196 ], [ -91.11828, 44.55026 ], [ -91.08494, 44.502 ], [ -90.97341, 44.4983 ], [ -90.93226, 44.54408 ], [ -90.91829, 44.7087 ], [ -90.94962, 44.78051 ], [ -91.02432, 44.783 ], [ -91.05778, 44.83128 ], [ -91.16993, 44.83492 ], [ -91.16611, 44.88196 ], [ -91.23907, 44.90787 ], [ -91.2353, 44.95491 ], [ -91.30652, 45.00431 ], [ -91.45651, 45.0089 ], [ -91.56727, 45.03577 ], [ -91.71736, 45.0401 ], [ -91.76328, 44.92351 ], [ -91.61348, 44.91923 ], [ -91.57953, 44.87108 ], [ -91.62213, 44.80159 ], [ -91.64105, 44.5428 ], [ -91.71042, 44.61552 ], [ -91.85947, 44.61971 ], [ -91.85621, 44.66677 ], [ -92.0054, 44.67081 ], [ -92.03958, 44.71886 ], [ -91.99752, 44.78846 ], [ -91.98961, 44.90612 ], [ -92.02234, 44.97771 ], [ -92.16777, 45.05219 ], [ -92.15558, 45.24048 ], [ -92.11792, 45.23952 ], [ -92.10554, 45.42783 ], [ -92.21737, 45.45423 ], [ -92.28556, 45.5738 ], [ -92.3584, 45.62271 ], [ -92.58587, 45.62797 ], [ -92.5886, 45.58088 ], [ -92.6697, 45.48837 ], [ -92.97235, 45.49469 ], [ -93.0042, 45.61318 ], [ -93.23168, 45.61748 ], [ -93.38649, 45.5495 ], [ -93.39067, 45.4553 ], [ -93.57975, 45.45842 ], [ -93.58168, 45.41132 ], [ -93.73283, 45.41365 ], [ -93.77329, 45.34355 ], [ -93.88653, 45.34517 ], [ -93.95959, 45.41686 ], [ -93.95797, 45.46397 ], [ -94.10852, 45.48948 ], [ -94.10625, 45.56014 ], [ -94.1813, 45.58462 ], [ -94.17766, 45.70241 ], [ -94.28886, 45.79796 ], [ -94.44103, 45.79959 ], [ -94.55459, 45.82427 ], [ -94.59039, 45.91888 ], [ -94.74137, 45.9909 ], [ -94.89406, 45.99207 ], [ -95.00698, 46.08712 ], [ -95.00497, 46.20497 ], [ -95.27317, 46.20646 ], [ -95.34928, 46.25395 ], [ -95.38688, 46.32482 ], [ -95.46366, 46.32511 ], [ -95.46323, 46.37226 ], [ -95.50165, 46.37239 ], [ -95.50226, 46.30167 ], [ -95.42597, 46.25425 ], [ -95.4269, 46.15997 ], [ -95.54194, 46.13679 ], [ -95.58088, 46.04262 ], [ -95.69551, 46.04289 ], [ -95.69575, 45.99575 ], [ -95.84847, 45.99598 ], [ -95.84834, 46.04312 ], [ -95.9247, 46.09031 ], [ -96.00118, 46.09033 ], [ -96.03947, 46.16103 ], [ -96.11604, 46.16099 ], [ -96.15445, 46.2081 ], [ -96.1547, 46.30239 ], [ -96.23174, 46.37302 ], [ -96.19363, 46.46737 ], [ -96.19442, 46.70316 ], [ -96.23306, 46.70311 ], [ -96.23344, 46.79744 ] ], [ [ -95.73732, 45.24186 ], [ -95.73658, 45.40676 ], [ -95.69855, 45.4538 ], [ -95.50941, 45.45331 ], [ -95.5098, 45.4062 ], [ -95.43443, 45.38237 ], [ -95.43556, 45.26459 ], [ -95.51136, 45.21774 ], [ -95.51175, 45.17063 ], [ -95.66233, 45.17104 ], [ -95.66207, 45.21815 ], [ -95.73732, 45.24186 ] ], [ [ -95.31426, 45.97096 ], [ -95.31536, 45.87669 ], [ -95.39205, 45.82989 ], [ -95.5824, 45.83052 ], [ -95.58173, 45.92478 ], [ -95.46712, 45.94799 ], [ -95.38984, 46.04198 ], [ -95.31426, 45.97096 ] ] ], [ [ [ -94.61963, 46.29629 ], [ -94.62075, 46.24915 ], [ -94.66017, 46.20235 ], [ -94.50694, 46.20095 ], [ -94.54289, 46.29559 ], [ -94.61963, 46.29629 ] ] ], [ [ [ -93.66526, 46.16691 ], [ -93.73724, 46.28588 ], [ -93.73358, 46.38015 ], [ -93.92568, 46.38284 ], [ -93.92736, 46.33571 ], [ -93.88897, 46.33519 ], [ -93.89409, 46.19379 ], [ -93.74181, 46.16805 ], [ -93.70724, 46.07323 ], [ -93.66902, 46.07266 ], [ -93.66526, 46.16691 ] ] ], [ [ [ -94.15623, 46.38577 ], [ -94.15399, 46.45648 ], [ -94.11245, 46.55031 ], [ -94.18952, 46.55123 ], [ -94.19099, 46.50408 ], [ -94.34502, 46.5058 ], [ -94.34636, 46.45866 ], [ -94.42587, 46.36517 ], [ -94.38811, 46.3412 ], [ -94.15623, 46.38577 ] ] ], [ [ [ -90.44944, 46.53313 ], [ -90.48343, 46.58159 ], [ -90.63744, 46.58699 ], [ -90.75083, 46.61449 ], [ -90.72304, 46.49547 ], [ -90.53082, 46.4888 ], [ -90.4517, 46.5096 ], [ -90.44944, 46.53313 ] ] ], [ [ [ -92.25609, 46.63455 ], [ -92.25457, 46.65811 ], [ -92.29315, 46.65903 ], [ -92.29466, 46.63547 ], [ -92.25609, 46.63455 ] ] ], [ [ [ -92.21752, 46.63361 ], [ -92.2206, 46.58649 ], [ -92.18517, 46.53842 ], [ -92.03116, 46.53455 ], [ -92.02793, 46.58167 ], [ -91.71973, 46.57346 ], [ -91.71625, 46.62057 ], [ -91.52352, 46.61513 ], [ -91.55844, 46.66334 ], [ -91.40415, 46.65885 ], [ -91.39665, 46.75307 ], [ -91.62848, 46.75976 ], [ -91.63204, 46.71265 ], [ -91.78649, 46.71692 ], [ -91.78993, 46.6698 ], [ -91.90569, 46.6729 ], [ -91.90902, 46.62578 ], [ -92.21752, 46.63361 ] ] ], [ [ [ -91.15699, 46.84024 ], [ -91.27305, 46.84381 ], [ -91.27691, 46.7967 ], [ -91.20351, 46.74722 ], [ -91.15699, 46.84024 ] ] ], [ [ [ -90.93524, 46.71509 ], [ -90.89456, 46.73738 ], [ -90.88622, 46.83157 ], [ -90.80038, 46.92321 ], [ -90.95533, 46.92831 ], [ -91.07559, 46.88492 ], [ -91.07962, 46.83781 ], [ -90.96358, 46.8341 ], [ -90.97179, 46.73989 ], [ -90.93524, 46.71509 ] ] ] ] } },
{ "type": "Feature", "properties": { "ID": 23 }, "geometry": { "type": "MultiPolygon", "coordinates": [ [ [ [ -78.42852, 42.62843 ], [ -78.43517, 42.60528 ], [ -78.3997, 42.60094 ], [ -78.44181, 42.58213 ], [ -78.45509, 42.53583 ], [ -78.49052, 42.54016 ], [ -78.58774, 42.45617 ], [ -78.614, 42.36353 ], [ -78.66895, 42.29834 ], [ -78.49905, 42.25366 ], [ -78.47267, 42.34628 ], [ -78.33142, 42.32889 ], [ -78.28277, 42.37081 ], [ -78.25601, 42.46338 ], [ -78.17181, 42.50088 ], [ -78.18701, 42.57469 ], [ -78.17352, 42.62097 ], [ -78.25789, 42.58348 ], [ -78.35756, 42.61973 ], [ -78.42852, 42.62843 ] ] ], [ [ [ -73.10098, 44.12586 ], [ -73.08327, 44.17159 ], [ -73.14634, 44.20571 ], [ -73.15579, 44.27994 ], [ -73.19181, 44.28555 ], [ -73.20947, 44.23981 ], [ -73.19114, 44.18846 ], [ -73.21758, 44.11985 ], [ -73.3254, 44.13662 ], [ -73.40504, 44.02779 ], [ -73.51274, 44.04443 ], [ -73.48552, 44.016 ], [ -73.52022, 43.92445 ], [ -73.44855, 43.91337 ], [ -73.51784, 43.73028 ], [ -73.48099, 43.62765 ], [ -73.53268, 43.49032 ], [ -73.60387, 43.50136 ], [ -73.56954, 43.59293 ], [ -73.66795, 43.63235 ], [ -73.70216, 43.54076 ], [ -73.77185, 43.45463 ], [ -73.76178, 43.38045 ], [ -73.85825, 43.32265 ], [ -73.95082, 43.07062 ], [ -74.09239, 43.09226 ], [ -74.22578, 43.1367 ], [ -74.28602, 43.07325 ], [ -74.37331, 43.03805 ], [ -74.48771, 43.03105 ], [ -74.62938, 43.05217 ], [ -74.7195, 43.11384 ], [ -74.86949, 43.11178 ], [ -74.97596, 43.12735 ], [ -75.05496, 43.11472 ], [ -75.16149, 43.13016 ], [ -75.17735, 43.0842 ], [ -75.21284, 43.08932 ], [ -75.22865, 43.04335 ], [ -75.15772, 43.0331 ], [ -75.19727, 42.91818 ], [ -75.39368, 42.77765 ], [ -75.57043, 42.80294 ], [ -75.63987, 42.59586 ], [ -75.64306, 42.47578 ], [ -75.57271, 42.46572 ], [ -75.60346, 42.37368 ], [ -75.59137, 42.29961 ], [ -75.52123, 42.28953 ], [ -75.45528, 42.3765 ], [ -75.3422, 42.38426 ], [ -75.20182, 42.36383 ], [ -75.17048, 42.45578 ], [ -75.10809, 42.42251 ], [ -75.17457, 42.33571 ], [ -75.25252, 42.32296 ], [ -75.35774, 42.33827 ], [ -75.40831, 42.29735 ], [ -75.56194, 41.83718 ], [ -75.52287, 41.73503 ], [ -75.54573, 41.66598 ], [ -75.47629, 41.65587 ], [ -75.33376, 41.75568 ], [ -75.27973, 41.91669 ], [ -75.34942, 41.92689 ], [ -75.32625, 41.9959 ], [ -75.16746, 41.92432 ], [ -75.18301, 41.87834 ], [ -75.0786, 41.8629 ], [ -74.95517, 41.79624 ], [ -74.84308, 41.80361 ], [ -74.70416, 41.78269 ], [ -74.68034, 41.85159 ], [ -74.65646, 41.92049 ], [ -74.72605, 41.93099 ], [ -74.73703, 42.00514 ], [ -74.70519, 42.09701 ], [ -74.63542, 42.0865 ], [ -74.56845, 42.17307 ], [ -74.52822, 42.28784 ], [ -74.5982, 42.29841 ], [ -74.566, 42.39023 ], [ -74.60391, 42.4926 ], [ -74.57162, 42.58442 ], [ -74.52026, 42.62504 ], [ -74.37144, 42.62675 ], [ -74.39591, 42.55792 ], [ -74.32567, 42.54727 ], [ -74.29294, 42.63902 ], [ -74.15233, 42.61757 ], [ -74.09033, 42.58387 ], [ -74.12334, 42.49215 ], [ -74.22629, 42.41117 ], [ -74.10269, 42.3438 ], [ -73.96282, 42.32216 ], [ -73.88462, 42.33421 ], [ -73.81797, 42.51752 ], [ -73.60777, 42.4846 ], [ -73.56308, 42.40487 ], [ -73.56185, 42.30776 ], [ -73.59548, 42.21616 ], [ -73.52577, 42.20511 ], [ -73.5594, 42.11351 ], [ -73.43712, 42.04556 ], [ -73.27268, 42.09193 ], [ -73.30662, 42.00039 ], [ -73.2457, 41.96632 ], [ -73.2287, 42.01208 ], [ -73.08988, 41.9896 ], [ -73.02948, 42.05257 ], [ -72.96005, 42.04125 ], [ -72.90809, 42.0813 ], [ -72.83016, 42.28703 ], [ -72.79533, 42.28132 ], [ -72.74302, 42.41843 ], [ -72.70812, 42.41271 ], [ -72.69061, 42.4584 ], [ -72.72553, 42.46413 ], [ -72.69925, 42.53267 ], [ -72.76918, 42.54411 ], [ -72.6902, 42.74973 ], [ -72.65512, 42.74399 ], [ -72.61096, 42.85819 ], [ -72.62818, 43.00671 ], [ -72.56596, 43.16656 ], [ -72.62771, 43.20091 ], [ -72.64506, 43.34942 ], [ -72.70715, 43.28664 ], [ -72.81335, 43.30378 ], [ -72.8664, 43.26378 ], [ -72.85746, 43.18954 ], [ -72.89263, 43.09813 ], [ -72.82204, 43.08674 ], [ -72.84842, 43.01819 ], [ -72.79554, 42.96109 ], [ -72.83067, 42.86969 ], [ -72.91849, 42.83536 ], [ -72.95336, 42.74393 ], [ -73.00585, 42.70388 ], [ -73.17273, 42.75493 ], [ -73.18263, 42.92626 ], [ -73.10455, 43.13208 ], [ -73.21926, 43.12606 ], [ -73.22864, 43.20028 ], [ -73.19391, 43.29177 ], [ -73.14105, 43.33189 ], [ -73.10612, 43.42336 ], [ -72.97293, 43.3779 ], [ -72.91984, 43.41794 ], [ -72.87569, 43.53221 ], [ -72.93797, 43.56642 ], [ -72.9026, 43.65783 ], [ -72.97387, 43.66918 ], [ -72.94735, 43.73775 ], [ -73.01871, 43.74907 ], [ -72.98336, 43.8405 ], [ -73.06368, 43.82895 ], [ -73.02834, 43.92039 ], [ -73.09994, 43.93167 ], [ -73.10046, 44.02876 ], [ -73.06506, 44.12022 ], [ -73.10098, 44.12586 ] ], [ [ -73.42631, 42.67404 ], [ -73.47953, 42.73092 ], [ -73.48916, 42.80513 ], [ -73.35702, 42.76002 ], [ -73.42631, 42.67404 ] ] ], [ [ [ -83.83293, 45.4158 ], [ -83.97815, 45.45116 ], [ -83.96857, 45.4979 ], [ -84.15638, 45.51269 ], [ -84.14693, 45.55944 ], [ -84.21274, 45.61206 ], [ -84.32567, 45.62078 ], [ -84.41946, 45.53301 ], [ -84.58807, 45.45087 ], [ -84.59715, 45.40409 ], [ -84.70974, 45.41253 ], [ -84.70075, 45.45931 ], [ -84.73831, 45.46211 ], [ -84.74727, 45.41532 ], [ -84.84011, 45.32731 ], [ -84.91509, 45.33282 ], [ -84.92389, 45.28603 ], [ -84.97012, 45.24198 ], [ -85.045, 45.24743 ], [ -85.21193, 45.1646 ], [ -85.19166, 45.06832 ], [ -85.24273, 44.7875 ], [ -85.29675, 44.69656 ], [ -85.33386, 44.69921 ], [ -85.33805, 44.6758 ], [ -85.37516, 44.67844 ], [ -85.3835, 44.63164 ], [ -85.42058, 44.63426 ], [ -85.46593, 44.59007 ], [ -85.49479, 44.42623 ], [ -85.53993, 44.38202 ], [ -85.57686, 44.38461 ], [ -85.58501, 44.33779 ], [ -85.63002, 44.29356 ], [ -85.70378, 44.29868 ], [ -85.71182, 44.25186 ], [ -85.75667, 44.20758 ], [ -85.86717, 44.21516 ], [ -85.95653, 44.1265 ], [ -85.98384, 43.96258 ], [ -86.02441, 43.94164 ], [ -86.0553, 43.7543 ], [ -86.10337, 43.6865 ], [ -86.03417, 43.65816 ], [ -86.05339, 43.54107 ], [ -85.90766, 43.53113 ], [ -85.87514, 43.50521 ], [ -85.62035, 43.48742 ], [ -85.54355, 43.50566 ], [ -85.55964, 43.41204 ], [ -85.49101, 43.38344 ], [ -85.50716, 43.28982 ], [ -85.39838, 43.28198 ], [ -85.29373, 43.25065 ], [ -85.26985, 43.1778 ], [ -85.05277, 43.16168 ], [ -85.03761, 43.042 ], [ -84.96541, 43.03655 ], [ -84.92085, 43.08059 ], [ -84.8996, 43.19753 ], [ -85.00818, 43.20575 ], [ -84.96161, 43.46303 ], [ -84.90818, 43.55384 ], [ -84.7496, 43.61292 ], [ -84.66363, 43.67747 ], [ -84.44493, 43.66045 ], [ -84.42704, 43.75394 ], [ -84.38156, 43.79781 ], [ -84.16251, 43.78038 ], [ -84.15793, 43.80374 ], [ -84.12142, 43.80081 ], [ -84.07568, 43.84458 ], [ -83.96609, 43.83568 ], [ -83.94742, 43.92911 ], [ -83.89676, 43.99619 ], [ -83.81407, 44.03689 ], [ -83.74081, 44.03083 ], [ -83.57502, 44.112 ], [ -83.60204, 44.16177 ], [ -83.5827, 44.25516 ], [ -83.45288, 44.33926 ], [ -83.37928, 44.33303 ], [ -83.3326, 44.37658 ], [ -83.34965, 44.47307 ], [ -83.3149, 44.63646 ], [ -83.33697, 44.70962 ], [ -83.39617, 44.78591 ], [ -83.47032, 44.79213 ], [ -83.45057, 44.88552 ], [ -83.4729, 44.95867 ], [ -83.54728, 44.96486 ], [ -83.53252, 45.03491 ], [ -83.60211, 45.06442 ], [ -83.62469, 45.13755 ], [ -83.60507, 45.23097 ], [ -83.63753, 45.2574 ], [ -83.67492, 45.26046 ], [ -83.6798, 45.2371 ], [ -83.71718, 45.24015 ], [ -83.69767, 45.33358 ], [ -83.73023, 45.35999 ], [ -83.8426, 45.36907 ], [ -83.83293, 45.4158 ] ], [ [ -84.3894, 44.91363 ], [ -84.36596, 44.84062 ], [ -84.18022, 44.82609 ], [ -84.07352, 44.79389 ], [ -83.98111, 44.69154 ], [ -83.95826, 44.61847 ], [ -83.97713, 44.52503 ], [ -83.91745, 44.44897 ], [ -83.95046, 44.28546 ], [ -83.99662, 44.24172 ], [ -84.21731, 44.2594 ], [ -84.19428, 44.37624 ], [ -84.34175, 44.38786 ], [ -84.47577, 44.46948 ], [ -84.49017, 44.58921 ], [ -84.64268, 44.57717 ], [ -84.60693, 44.76422 ], [ -84.63063, 44.83719 ], [ -84.49195, 44.96898 ], [ -84.41747, 44.96325 ], [ -84.3894, 44.91363 ] ], [ [ -84.2314, 45.13869 ], [ -84.28265, 45.07148 ], [ -84.5065, 45.08873 ], [ -84.49285, 45.15888 ], [ -84.36696, 45.22042 ], [ -84.25479, 45.21173 ], [ -84.2314, 45.13869 ] ] ], [ [ [ -73.47909, 44.23307 ], [ -73.4518, 44.20464 ], [ -73.44307, 44.22753 ], [ -73.47909, 44.23307 ] ] ], [ [ [ -72.42918, 42.3666 ], [ -72.39434, 42.3608 ], [ -72.35885, 42.45211 ], [ -72.39374, 42.45792 ], [ -72.43749, 42.44089 ], [ -72.40261, 42.43509 ], [ -72.42918, 42.3666 ] ] ], [ [ [ -71.67038, 42.87122 ], [ -71.59105, 42.88203 ], [ -71.52627, 43.04143 ], [ -71.64841, 43.11097 ], [ -71.70035, 43.16848 ], [ -71.77082, 43.1804 ], [ -71.81373, 43.26065 ], [ -71.77685, 43.35179 ], [ -71.82912, 43.40925 ], [ -71.93529, 43.42703 ], [ -71.90771, 43.49541 ], [ -71.97859, 43.50724 ], [ -71.95102, 43.57562 ], [ -72.02201, 43.58743 ], [ -72.04035, 43.54183 ], [ -72.13768, 43.58226 ], [ -72.20871, 43.59397 ], [ -72.21782, 43.57116 ], [ -72.31605, 43.51439 ], [ -72.31678, 43.4173 ], [ -72.38889, 43.23474 ], [ -72.32724, 43.20029 ], [ -72.3107, 43.05174 ], [ -72.24027, 43.04008 ], [ -72.18794, 42.98276 ], [ -72.21498, 42.91432 ], [ -72.14473, 42.90261 ], [ -72.14573, 42.80551 ], [ -72.04057, 42.78788 ], [ -72.05076, 42.66797 ], [ -71.98082, 42.65618 ], [ -72.14869, 42.51419 ], [ -72.18452, 42.42294 ], [ -72.14967, 42.41708 ], [ -72.16757, 42.37145 ], [ -72.08897, 42.38253 ], [ -72.00255, 42.31924 ], [ -71.97554, 42.38765 ], [ -71.90593, 42.37583 ], [ -71.83487, 42.46108 ], [ -71.73461, 42.71175 ], [ -71.75129, 42.76328 ], [ -71.69794, 42.80288 ], [ -71.67038, 42.87122 ] ] ], [ [ [ -71.27111, 43.02189 ], [ -71.26174, 43.04464 ], [ -71.32262, 43.07953 ], [ -71.38797, 42.92022 ], [ -71.31787, 42.90811 ], [ -71.26413, 42.94755 ], [ -71.27111, 43.02189 ] ] ], [ [ [ -72.67159, 43.378 ], [ -72.68049, 43.35516 ], [ -72.64506, 43.34942 ], [ -72.63615, 43.37226 ], [ -72.67159, 43.378 ] ] ], [ [ [ -71.17271, 43.07797 ], [ -71.14443, 43.1462 ], [ -71.10663, 43.23718 ], [ -71.24752, 43.26156 ], [ -71.29216, 43.24488 ], [ -71.33906, 43.1311 ], [ -71.20784, 43.08406 ], [ -71.17271, 43.07797 ] ] ], [ [ [ -70.32216, 43.83175 ], [ -70.4445, 43.90228 ], [ -70.5769, 43.95001 ], [ -70.61247, 43.95624 ], [ -70.64172, 43.88811 ], [ -70.56444, 43.80129 ], [ -70.56797, 43.70422 ], [ -70.61657, 43.59069 ], [ -70.68097, 43.52878 ], [ -70.77093, 43.49575 ], [ -70.84467, 43.41105 ], [ -70.85425, 43.38833 ], [ -70.81899, 43.38215 ], [ -70.83816, 43.3367 ], [ -70.68763, 43.33464 ], [ -70.59787, 43.36761 ], [ -70.48857, 43.44594 ], [ -70.41429, 43.53046 ], [ -70.37516, 43.62124 ], [ -70.31625, 43.75738 ], [ -70.35168, 43.76368 ], [ -70.32216, 43.83175 ] ] ] ] } },
{ "type": "Feature", "properties": { "ID": 24 }, "geometry": { "type": "MultiPolygon", "coordinates": [ [ [ [ -87.83178, 42.6341 ], [ -87.78644, 42.70246 ], [ -87.77391, 42.79631 ], [ -87.84604, 42.80038 ], [ -87.89447, 42.70854 ], [ -87.83178, 42.6341 ] ] ], [ [ [ -79.94502, 42.16033 ], [ -79.88046, 42.12916 ], [ -79.83301, 42.1716 ], [ -79.89759, 42.2028 ], [ -79.94502, 42.16033 ] ] ], [ [ [ -79.70257, 42.25241 ], [ -79.59653, 42.24028 ], [ -79.51966, 42.25535 ], [ -79.32812, 42.42453 ], [ -79.39898, 42.43275 ], [ -79.50102, 42.32495 ], [ -79.60718, 42.33715 ], [ -79.61954, 42.29074 ], [ -79.70257, 42.25241 ] ] ], [ [ [ -87.85797, 43.53378 ], [ -87.77863, 43.57664 ], [ -87.70817, 44.09273 ], [ -87.79463, 44.00299 ], [ -87.81056, 43.88569 ], [ -87.77385, 43.88365 ], [ -87.79931, 43.69597 ], [ -87.83591, 43.698 ], [ -87.85797, 43.53378 ] ] ], [ [ [ -80.79322, 44.61483 ], [ -80.86687, 44.62234 ], [ -80.95233, 44.5833 ], [ -80.97148, 44.65678 ], [ -81.0452, 44.6642 ], [ -81.05863, 44.76094 ], [ -81.0645, 44.73768 ], [ -81.17525, 44.74872 ], [ -81.18689, 44.70219 ], [ -81.26069, 44.7095 ], [ -81.22958, 44.68259 ], [ -81.25273, 44.58952 ], [ -81.33789, 44.55026 ], [ -81.37224, 44.41065 ], [ -81.48245, 44.42146 ], [ -81.5051, 44.32837 ], [ -81.57848, 44.33552 ], [ -81.62894, 44.12602 ], [ -81.70209, 44.13312 ], [ -81.68777, 44.03645 ], [ -81.72656, 43.87349 ], [ -81.69013, 43.86995 ], [ -81.72881, 43.70698 ], [ -81.72005, 43.58704 ], [ -81.64756, 43.57996 ], [ -81.70813, 43.32388 ], [ -81.75516, 43.28084 ], [ -81.82731, 43.28787 ], [ -81.88505, 43.19823 ], [ -81.99316, 43.20867 ], [ -82.00388, 43.16208 ], [ -82.09721, 43.07581 ], [ -82.17973, 43.03607 ], [ -82.28761, 43.0463 ], [ -82.29808, 42.99969 ], [ -82.47782, 43.01654 ], [ -82.49315, 43.11313 ], [ -82.56519, 43.1198 ], [ -82.61146, 43.07649 ], [ -82.637, 42.95991 ], [ -82.67294, 42.96321 ], [ -82.70339, 42.8233 ], [ -82.73925, 42.82659 ], [ -82.76445, 42.70998 ], [ -82.62129, 42.6968 ], [ -82.63653, 42.62684 ], [ -82.56505, 42.62021 ], [ -82.58033, 42.55026 ], [ -82.40191, 42.53353 ], [ -82.41735, 42.4636 ], [ -82.35642, 42.41023 ], [ -82.41257, 42.32036 ], [ -82.49389, 42.28043 ], [ -82.74272, 42.30363 ], [ -82.88994, 42.29337 ], [ -82.95122, 42.34651 ], [ -83.00155, 42.27973 ], [ -83.07268, 42.28616 ], [ -83.1019, 42.14613 ], [ -83.04069, 42.09304 ], [ -83.05044, 42.04637 ], [ -82.90875, 42.03347 ], [ -82.68631, 42.0605 ], [ -82.54467, 42.04724 ], [ -82.40782, 42.1771 ], [ -82.30143, 42.16697 ], [ -82.13874, 42.24655 ], [ -82.12828, 42.29316 ], [ -81.98623, 42.27935 ], [ -81.8282, 42.33528 ], [ -81.8014, 42.45174 ], [ -81.67296, 42.5343 ], [ -81.54966, 42.59346 ], [ -81.42059, 42.67579 ], [ -81.24214, 42.65764 ], [ -81.23093, 42.70418 ], [ -81.12948, 42.66991 ], [ -80.98109, 42.67838 ], [ -80.76711, 42.65593 ], [ -80.45822, 42.57519 ], [ -80.42282, 42.7146 ], [ -80.3515, 42.70688 ], [ -80.29201, 42.79592 ], [ -80.20861, 42.83459 ], [ -80.09543, 42.84605 ], [ -79.8812, 42.8223 ], [ -79.82707, 42.88794 ], [ -79.6128, 42.86379 ], [ -79.49945, 42.87479 ], [ -79.48689, 42.92118 ], [ -79.37975, 42.9089 ], [ -79.30199, 42.92385 ], [ -79.15918, 42.90727 ], [ -79.05857, 42.87157 ], [ -79.03276, 42.96427 ], [ -79.08487, 43.04217 ], [ -79.00039, 43.08014 ], [ -78.8573, 43.06327 ], [ -78.88993, 42.94743 ], [ -78.83463, 43.0127 ], [ -78.76318, 43.0042 ], [ -78.71429, 43.04625 ], [ -78.72369, 43.14316 ], [ -78.69064, 43.25895 ], [ -78.63484, 43.32414 ], [ -78.77848, 43.34123 ], [ -78.79167, 43.2949 ], [ -78.94181, 43.28867 ], [ -78.95487, 43.24233 ], [ -79.13429, 43.26328 ], [ -79.1895, 43.1979 ], [ -79.29711, 43.21033 ], [ -79.30988, 43.16396 ], [ -79.41111, 43.19948 ], [ -79.59057, 43.21987 ], [ -79.69206, 43.2552 ], [ -79.80608, 43.24405 ], [ -79.75634, 43.42969 ], [ -79.6294, 43.4872 ], [ -79.59157, 43.62638 ], [ -79.50659, 43.66464 ], [ -79.39173, 43.67555 ], [ -79.37251, 43.74512 ], [ -79.30012, 43.73688 ], [ -79.17211, 43.79399 ], [ -79.15259, 43.86353 ], [ -79.22511, 43.87184 ], [ -79.24194, 43.94552 ], [ -79.38722, 43.96201 ], [ -79.355, 44.07795 ], [ -79.28221, 44.0697 ], [ -79.17683, 44.17732 ], [ -78.99466, 44.15642 ], [ -78.98145, 44.20276 ], [ -79.05435, 44.21116 ], [ -79.04117, 44.2575 ], [ -79.07765, 44.26169 ], [ -79.12071, 44.24269 ], [ -79.10757, 44.28904 ], [ -79.21712, 44.30152 ], [ -79.32022, 44.33711 ], [ -79.3332, 44.29074 ], [ -79.49862, 44.23757 ], [ -79.57164, 44.24571 ], [ -79.62897, 44.03693 ], [ -79.71439, 43.9986 ], [ -79.75845, 43.83619 ], [ -79.9337, 43.87936 ], [ -79.95139, 43.95296 ], [ -80.0605, 43.96483 ], [ -80.02337, 44.10412 ], [ -80.05983, 44.10806 ], [ -80.0226, 44.24736 ], [ -80.0889, 44.4217 ], [ -80.03979, 44.4642 ], [ -80.08269, 44.44492 ], [ -80.2294, 44.46059 ], [ -80.26628, 44.32124 ], [ -80.37612, 44.33287 ], [ -80.46148, 44.29412 ], [ -80.486, 44.34442 ], [ -80.45569, 44.4606 ], [ -80.38229, 44.45289 ], [ -80.35786, 44.54581 ], [ -80.51095, 44.53798 ], [ -80.53561, 44.58828 ], [ -80.57787, 44.42561 ], [ -80.64526, 44.45646 ], [ -80.62123, 44.54943 ], [ -80.57239, 44.5921 ], [ -80.63997, 44.62296 ], [ -80.79322, 44.61483 ] ], [ [ -80.38211, 44.1664 ], [ -80.44306, 44.22057 ], [ -80.39437, 44.26318 ], [ -80.28465, 44.25156 ], [ -80.38211, 44.1664 ] ] ], [ [ [ -87.70817, 44.09273 ], [ -87.62472, 44.15897 ], [ -87.55098, 44.1548 ], [ -87.57471, 44.25071 ], [ -87.54499, 44.46182 ], [ -87.62567, 44.41908 ], [ -87.67574, 44.32732 ], [ -87.70817, 44.09273 ] ] ], [ [ [ -86.12174, 44.70587 ], [ -86.23321, 44.71317 ], [ -86.21145, 44.61705 ], [ -86.13726, 44.61217 ], [ -86.12174, 44.70587 ] ] ], [ [ [ -79.82364, 44.70365 ], [ -79.84779, 44.75407 ], [ -79.96463, 44.74279 ], [ -79.94039, 44.6924 ], [ -79.99603, 44.62672 ], [ -80.02107, 44.53385 ], [ -79.99061, 44.50668 ], [ -79.95391, 44.50272 ], [ -79.92249, 44.61878 ], [ -79.86045, 44.70765 ], [ -79.82364, 44.70365 ] ] ], [ [ [ -81.33928, 45.0033 ], [ -81.33112, 44.88331 ], [ -81.22009, 44.87238 ], [ -81.19095, 44.98871 ], [ -81.33928, 45.0033 ] ] ], [ [ [ -85.51124, 45.61237 ], [ -85.49446, 45.70604 ], [ -85.56999, 45.71123 ], [ -85.58665, 45.61755 ], [ -85.51124, 45.61237 ] ] ], [ [ [ -88.18455, 47.28718 ], [ -88.06131, 47.32834 ], [ -88.05477, 47.37537 ], [ -88.17167, 47.38125 ], [ -88.18455, 47.28718 ] ] ], [ [ [ -75.87581, 43.11107 ], [ -75.80178, 43.2212 ], [ -75.89333, 43.28214 ], [ -76.03605, 43.3019 ], [ -76.11504, 43.28869 ], [ -76.10216, 43.21469 ], [ -76.06652, 43.20978 ], [ -76.08172, 43.16372 ], [ -75.94696, 43.12098 ], [ -75.87581, 43.11107 ] ] ], [ [ [ -75.64057, 43.36728 ], [ -75.62499, 43.4133 ], [ -75.66071, 43.41831 ], [ -75.67627, 43.3723 ], [ -75.64057, 43.36728 ] ] ], [ [ [ -75.84715, 43.42026 ], [ -75.81624, 43.51233 ], [ -75.90824, 43.57326 ], [ -75.97993, 43.58315 ], [ -75.94143, 43.69827 ], [ -76.08514, 43.71798 ], [ -76.14174, 43.77385 ], [ -76.16466, 43.70475 ], [ -76.15163, 43.63075 ], [ -76.19729, 43.49254 ], [ -76.3406, 43.51201 ], [ -76.45564, 43.50346 ], [ -76.62878, 43.43045 ], [ -76.65842, 43.33821 ], [ -76.73733, 43.32467 ], [ -76.75205, 43.27854 ], [ -76.85928, 43.29275 ], [ -76.8739, 43.24661 ], [ -76.8098, 43.21408 ], [ -76.66704, 43.19507 ], [ -76.50359, 43.12501 ], [ -76.43235, 43.11538 ], [ -76.36682, 43.20274 ], [ -76.23724, 43.25729 ], [ -76.22214, 43.30337 ], [ -76.12035, 43.38573 ], [ -76.02078, 43.34795 ], [ -75.87796, 43.32818 ], [ -75.88289, 43.42522 ], [ -75.84715, 43.42026 ] ] ], [ [ [ -78.40356, 43.99114 ], [ -78.51242, 44.00414 ], [ -78.49886, 44.05043 ], [ -78.66709, 44.11825 ], [ -78.73985, 44.12679 ], [ -78.80294, 44.03841 ], [ -78.87562, 44.04689 ], [ -79.04734, 43.97105 ], [ -79.08663, 43.83201 ], [ -79.0373, 43.87417 ], [ -78.92856, 43.86156 ], [ -78.84946, 43.87627 ], [ -78.8362, 43.9226 ], [ -78.68447, 43.92872 ], [ -78.50322, 43.90722 ], [ -78.41717, 43.94485 ], [ -78.40356, 43.99114 ] ] ], [ [ [ -77.10755, 44.04602 ], [ -77.17999, 44.05533 ], [ -77.1727, 44.07842 ], [ -77.3177, 44.09693 ], [ -77.32494, 44.07384 ], [ -77.36119, 44.07844 ], [ -77.35397, 44.10154 ], [ -77.39024, 44.10613 ], [ -77.4556, 44.1384 ], [ -77.51297, 43.9536 ], [ -77.43342, 43.96755 ], [ -77.41905, 44.01375 ], [ -77.23802, 43.99071 ], [ -77.17293, 43.95834 ], [ -77.18747, 43.91217 ], [ -77.12249, 43.87979 ], [ -77.08598, 43.9952 ], [ -77.10755, 44.04602 ] ] ], [ [ [ -68.26552, 44.21222 ], [ -68.24414, 44.25731 ], [ -68.29033, 44.24155 ], [ -68.6101, 44.30228 ], [ -68.72736, 44.29979 ], [ -68.7484, 44.25463 ], [ -68.88648, 44.20685 ], [ -68.85509, 44.27462 ], [ -68.99746, 44.30116 ], [ -69.11471, 44.29837 ], [ -69.13546, 44.25315 ], [ -69.217, 44.24368 ], [ -69.25827, 44.15322 ], [ -69.31439, 44.11453 ], [ -69.50236, 44.1245 ], [ -69.54312, 44.03395 ], [ -69.71557, 43.99189 ], [ -69.82212, 44.01119 ], [ -69.86233, 43.92056 ], [ -69.95331, 43.88803 ], [ -69.98327, 43.82004 ], [ -70.07403, 43.78744 ], [ -70.10381, 43.71942 ], [ -69.96232, 43.69394 ], [ -69.91699, 43.71021 ], [ -69.89163, 43.68115 ], [ -69.82096, 43.66832 ], [ -69.71012, 43.74606 ], [ -69.61923, 43.77844 ], [ -69.62933, 43.7558 ], [ -69.57374, 43.7946 ], [ -69.44732, 43.82039 ], [ -69.38135, 43.88176 ], [ -69.39635, 43.93353 ], [ -69.25467, 43.90738 ], [ -69.20899, 43.92343 ], [ -69.18841, 43.96866 ], [ -69.11756, 43.9555 ], [ -69.13234, 44.0073 ], [ -69.06146, 43.99411 ], [ -68.98452, 44.07791 ], [ -69.05549, 44.09113 ], [ -69.00355, 44.20414 ], [ -68.94289, 44.1683 ], [ -68.97413, 44.10051 ], [ -68.90317, 44.08724 ], [ -68.88856, 44.03542 ], [ -68.82179, 44.09654 ], [ -68.75087, 44.0832 ], [ -68.72989, 44.12836 ], [ -68.66947, 44.09241 ], [ -68.59859, 44.079 ], [ -68.53522, 44.21442 ], [ -68.48543, 44.15582 ], [ -68.51717, 44.08813 ], [ -68.42513, 44.11977 ], [ -68.35427, 44.10624 ], [ -68.35779, 44.18068 ], [ -68.26552, 44.21222 ] ] ], [ [ [ -66.71627, 44.67233 ], [ -66.69505, 44.79167 ], [ -66.76634, 44.80599 ], [ -66.87162, 44.75292 ], [ -66.9393, 44.61822 ], [ -66.91501, 44.58866 ], [ -66.76161, 44.58258 ], [ -66.71627, 44.67233 ] ] ], [ [ [ -66.28545, 45.12956 ], [ -66.27385, 45.15197 ], [ -66.36971, 45.19614 ], [ -66.41827, 45.25545 ], [ -66.45416, 45.26268 ], [ -66.46571, 45.24025 ], [ -66.4888, 45.19541 ], [ -66.68961, 45.11202 ], [ -66.76128, 45.12634 ], [ -66.7727, 45.10389 ], [ -66.73687, 45.09674 ], [ -66.7597, 45.05186 ], [ -66.65234, 45.03037 ], [ -66.61798, 45.09767 ], [ -66.51059, 45.07608 ], [ -66.41481, 45.03199 ], [ -66.28545, 45.12956 ] ] ], [ [ [ -63.10832, 44.84451 ], [ -63.22669, 44.84634 ], [ -63.27181, 44.90661 ], [ -63.37766, 44.93049 ], [ -63.47351, 44.90201 ], [ -63.57943, 44.92574 ], [ -63.6524, 44.86705 ], [ -63.76483, 44.66727 ], [ -63.72964, 44.65941 ], [ -63.76698, 44.5928 ], [ -63.6967, 44.57708 ], [ -63.6865, 44.52481 ], [ -63.69894, 44.50262 ], [ -63.66386, 44.49475 ], [ -63.67631, 44.47255 ], [ -63.60619, 44.45678 ], [ -63.59135, 44.55343 ], [ -63.53123, 44.5899 ], [ -63.46102, 44.57406 ], [ -63.38822, 44.63265 ], [ -63.27027, 44.63095 ], [ -63.17476, 44.6593 ], [ -63.1494, 44.7036 ], [ -63.10157, 44.71775 ], [ -63.08886, 44.73989 ], [ -63.03792, 44.82847 ], [ -63.10832, 44.84451 ] ] ], [ [ [ -64.62318, 44.90561 ], [ -64.50466, 44.90488 ], [ -64.46795, 44.97167 ], [ -64.39704, 44.95627 ], [ -64.36017, 45.02304 ], [ -64.50217, 45.05383 ], [ -64.62098, 45.05457 ], [ -64.66976, 44.96546 ], [ -64.62318, 44.90561 ] ] ], [ [ [ -63.98994, 46.04064 ], [ -64.27864, 46.10283 ], [ -64.32732, 46.0883 ], [ -64.3774, 45.99923 ], [ -64.4732, 46.04462 ], [ -64.43574, 46.11145 ], [ -64.53177, 46.15681 ], [ -64.64039, 46.17981 ], [ -64.69007, 46.09064 ], [ -64.67871, 46.0384 ], [ -64.8242, 45.99439 ], [ -64.84884, 45.94978 ], [ -64.88496, 45.95738 ], [ -64.89725, 45.93508 ], [ -64.98239, 45.85341 ], [ -64.91028, 45.83825 ], [ -64.88574, 45.88286 ], [ -64.72919, 45.87471 ], [ -64.76617, 45.80782 ], [ -64.83905, 45.74854 ], [ -64.92327, 45.74142 ], [ -65.03128, 45.76415 ], [ -65.09218, 45.65255 ], [ -65.38057, 45.48913 ], [ -65.45237, 45.50407 ], [ -65.52418, 45.44448 ], [ -65.63187, 45.46677 ], [ -65.72748, 45.43686 ], [ -65.87117, 45.46637 ], [ -65.88299, 45.44399 ], [ -65.94307, 45.48108 ], [ -65.97903, 45.48842 ], [ -66.01435, 45.42125 ], [ -65.97843, 45.41392 ], [ -66.00195, 45.36915 ], [ -66.03785, 45.37647 ], [ -66.06132, 45.33169 ], [ -66.08402, 45.21241 ], [ -65.8693, 45.16839 ], [ -65.78636, 45.25052 ], [ -65.64342, 45.29542 ], [ -65.61965, 45.34013 ], [ -65.53608, 45.34763 ], [ -65.44053, 45.37742 ], [ -65.36888, 45.36247 ], [ -65.27293, 45.46666 ], [ -65.16538, 45.44411 ], [ -65.12908, 45.51108 ], [ -65.02149, 45.48843 ], [ -64.985, 45.55537 ], [ -64.86438, 45.62942 ], [ -64.76895, 45.58429 ], [ -64.70851, 45.62124 ], [ -64.65925, 45.7104 ], [ -64.5032, 45.70201 ], [ -64.58855, 45.62058 ], [ -64.66032, 45.63589 ], [ -64.70951, 45.54674 ], [ -64.78212, 45.48749 ], [ -64.85377, 45.50272 ], [ -64.91399, 45.46571 ], [ -64.97481, 45.35418 ], [ -64.84403, 45.30152 ], [ -64.73693, 45.27868 ], [ -64.70025, 45.34553 ], [ -64.55626, 45.38941 ], [ -64.44913, 45.36636 ], [ -64.43812, 45.31413 ], [ -64.47508, 45.24734 ], [ -64.54636, 45.2627 ], [ -64.60653, 45.22582 ], [ -64.46407, 45.19511 ], [ -64.45176, 45.21738 ], [ -64.34498, 45.19425 ], [ -64.29553, 45.28327 ], [ -64.39011, 45.32869 ], [ -64.3173, 45.38774 ], [ -64.07835, 45.3857 ], [ -63.97141, 45.36231 ], [ -63.93381, 45.42898 ], [ -63.82684, 45.40549 ], [ -63.63376, 45.46286 ], [ -63.60841, 45.50726 ], [ -63.40465, 45.51204 ], [ -63.11977, 45.44824 ], [ -63.03886, 45.37988 ], [ -62.91943, 45.3779 ], [ -62.9388, 45.48257 ], [ -62.91292, 45.52685 ], [ -62.98094, 45.61743 ], [ -62.94205, 45.68386 ], [ -63.02012, 45.82678 ], [ -63.1892, 45.81451 ], [ -63.51182, 45.88612 ], [ -63.75278, 45.88905 ], [ -63.85852, 45.98712 ], [ -63.98994, 46.04064 ] ], [ [ -63.3123, 45.74178 ], [ -63.33797, 45.69743 ], [ -63.44527, 45.72127 ], [ -63.48361, 45.6547 ], [ -63.59089, 45.67844 ], [ -63.83101, 45.68125 ], [ -63.8289, 45.75575 ], [ -63.63703, 45.73863 ], [ -63.59881, 45.80523 ], [ -63.44267, 45.79576 ], [ -63.3123, 45.74178 ] ] ] ] } },
{ "type": "Feature", "properties": { "ID": 25 }, "geometry": { "type": "MultiPolygon", "coordinates": [ [ [ [ -89.90519, 42.1695 ], [ -89.97216, 42.21953 ], [ -90.04824, 42.17548 ], [ -90.05722, 42.08144 ], [ -89.91668, 42.05196 ], [ -89.92126, 42.00494 ], [ -89.77861, 41.99883 ], [ -89.8026, 42.11791 ], [ -89.83367, 42.16646 ], [ -89.90519, 42.1695 ] ] ], [ [ [ -87.39664, 45.49401 ], [ -87.37601, 45.63479 ], [ -87.29696, 45.65395 ], [ -87.24516, 45.74563 ], [ -87.19581, 46.07415 ], [ -87.31001, 46.08066 ], [ -87.33413, 46.1767 ], [ -87.36878, 46.20232 ], [ -87.40694, 46.20446 ], [ -87.43459, 46.01667 ], [ -87.46208, 45.82891 ], [ -87.49999, 45.83103 ], [ -87.5407, 45.54941 ], [ -87.57844, 45.5515 ], [ -87.59857, 45.4107 ], [ -87.63622, 45.41278 ], [ -87.86019, 45.16487 ], [ -87.87308, 45.071 ], [ -87.95117, 45.05154 ], [ -87.95753, 45.00461 ], [ -88.08854, 44.86972 ], [ -88.1632, 44.87363 ], [ -88.21283, 44.78168 ], [ -88.37097, 44.71891 ], [ -88.49158, 44.65412 ], [ -88.56599, 44.65782 ], [ -88.60902, 44.61271 ], [ -88.68339, 44.61636 ], [ -88.72629, 44.57121 ], [ -88.87495, 44.57835 ], [ -88.88055, 44.53138 ], [ -88.99198, 44.53664 ], [ -88.98647, 44.58362 ], [ -89.1325, 44.61399 ], [ -89.1697, 44.61569 ], [ -89.1831, 44.49825 ], [ -89.22023, 44.49993 ], [ -89.305, 44.40932 ], [ -89.32331, 44.24488 ], [ -89.43425, 44.24981 ], [ -89.42397, 44.34378 ], [ -89.48531, 44.4645 ], [ -89.59666, 44.46931 ], [ -89.60168, 44.42232 ], [ -89.5275, 44.41912 ], [ -89.49551, 44.37052 ], [ -89.50822, 44.25305 ], [ -89.5452, 44.25466 ], [ -89.5603, 44.11369 ], [ -89.5234, 44.11209 ], [ -89.536, 43.99462 ], [ -89.49917, 43.99301 ], [ -89.44084, 43.84882 ], [ -89.46114, 43.66089 ], [ -89.57848, 43.59523 ], [ -89.62493, 43.50284 ], [ -89.70286, 43.459 ], [ -89.92196, 43.46821 ], [ -89.92664, 43.42121 ], [ -90.00425, 43.37721 ], [ -90.15014, 43.38309 ], [ -90.1911, 43.33753 ], [ -90.20003, 43.24351 ], [ -90.34562, 43.2492 ], [ -90.34127, 43.29621 ], [ -90.41198, 43.32251 ], [ -90.40767, 43.36952 ], [ -90.47637, 43.4193 ], [ -90.44639, 43.74841 ], [ -90.59322, 43.75385 ], [ -90.56494, 43.65847 ], [ -90.60785, 43.58928 ], [ -90.62033, 43.44822 ], [ -90.73397, 43.40516 ], [ -90.87999, 43.41032 ], [ -90.88394, 43.36329 ], [ -90.99339, 43.36706 ], [ -90.98953, 43.41409 ], [ -91.06065, 43.44008 ], [ -91.05493, 43.51063 ], [ -91.12243, 43.58362 ], [ -91.11487, 43.67769 ], [ -91.21935, 43.75184 ], [ -91.21564, 43.79887 ], [ -91.32589, 43.8024 ], [ -91.34035, 43.61424 ], [ -91.38235, 43.54483 ], [ -91.53566, 43.45526 ], [ -91.57562, 43.40932 ], [ -91.58414, 43.2917 ], [ -91.55453, 43.19651 ], [ -91.629, 43.17518 ], [ -91.70836, 43.08323 ], [ -91.71493, 42.98912 ], [ -91.86162, 42.96978 ], [ -92.00975, 42.92676 ], [ -92.12737, 42.78851 ], [ -92.13032, 42.74144 ], [ -92.27488, 42.74522 ], [ -92.27771, 42.69815 ], [ -92.38606, 42.70088 ], [ -92.3833, 42.74795 ], [ -92.45288, 42.7968 ], [ -92.63376, 42.80109 ], [ -92.66612, 42.87253 ], [ -92.99214, 42.87962 ], [ -92.99443, 42.83254 ], [ -93.17545, 42.83616 ], [ -93.17976, 42.742 ], [ -93.25311, 42.71984 ], [ -93.2552, 42.67276 ], [ -93.39965, 42.67541 ], [ -93.40163, 42.62833 ], [ -93.54598, 42.63084 ], [ -93.58115, 42.65499 ], [ -93.72557, 42.65732 ], [ -93.72383, 42.70441 ], [ -93.79273, 42.7997 ], [ -93.86674, 42.75369 ], [ -94.0114, 42.75574 ], [ -94.11919, 42.78073 ], [ -94.15748, 42.71055 ], [ -94.30204, 42.71231 ], [ -94.29555, 42.94778 ], [ -94.40194, 43.0432 ], [ -94.51096, 43.04435 ], [ -94.54563, 43.11535 ], [ -94.69116, 43.11672 ], [ -94.69015, 43.16382 ], [ -94.76202, 43.21155 ], [ -94.83714, 43.09441 ], [ -94.94625, 43.09523 ], [ -94.94301, 43.28361 ], [ -95.05283, 43.26081 ], [ -95.19871, 43.26168 ], [ -95.30786, 43.28578 ], [ -95.30733, 43.33288 ], [ -95.59945, 43.33397 ], [ -95.63652, 43.23987 ], [ -95.70956, 43.21648 ], [ -95.71022, 43.07519 ], [ -95.67424, 43.00446 ], [ -95.56528, 43.00418 ], [ -95.49341, 42.90974 ], [ -95.49399, 42.83909 ], [ -95.42155, 42.83882 ], [ -95.3858, 42.79157 ], [ -95.38673, 42.69737 ], [ -95.35134, 42.62656 ], [ -95.27914, 42.62622 ], [ -95.28106, 42.46135 ], [ -95.3181, 42.36731 ], [ -95.49783, 42.36805 ], [ -95.49878, 42.25027 ], [ -95.4629, 42.25014 ], [ -95.46432, 42.08525 ], [ -95.42854, 42.08511 ], [ -95.43047, 41.87308 ], [ -95.25216, 41.87226 ], [ -95.2516, 41.91938 ], [ -95.1796, 41.96611 ], [ -95.0721, 41.98902 ], [ -95.0707, 42.08325 ], [ -94.99762, 42.17699 ], [ -94.96179, 42.17674 ], [ -94.95982, 42.29451 ], [ -94.92392, 42.29425 ], [ -94.9231, 42.34135 ], [ -94.88717, 42.34108 ], [ -94.88675, 42.36463 ], [ -94.9227, 42.36491 ], [ -94.92188, 42.41201 ], [ -94.99229, 42.50674 ], [ -95.02832, 42.50699 ], [ -95.02647, 42.62475 ], [ -94.88209, 42.62371 ], [ -94.84731, 42.55277 ], [ -94.77521, 42.55218 ], [ -94.70507, 42.45735 ], [ -94.70753, 42.33959 ], [ -94.63567, 42.33893 ], [ -94.63464, 42.38603 ], [ -94.45487, 42.38422 ], [ -94.45428, 42.40778 ], [ -94.23849, 42.40531 ], [ -94.13131, 42.38041 ], [ -94.09681, 42.33284 ], [ -94.09969, 42.23864 ], [ -94.02721, 42.26122 ], [ -93.99437, 42.16653 ], [ -93.99815, 42.04876 ], [ -93.9282, 42.00065 ], [ -93.93132, 41.90643 ], [ -93.8243, 41.90485 ], [ -93.71384, 41.9974 ], [ -93.68074, 41.92617 ], [ -93.68423, 41.83195 ], [ -93.82676, 41.83419 ], [ -93.7597, 41.71531 ], [ -93.76306, 41.62109 ], [ -93.83571, 41.57506 ], [ -93.83813, 41.50439 ], [ -93.76724, 41.5033 ], [ -93.69808, 41.45505 ], [ -93.69979, 41.40793 ], [ -93.59632, 41.33549 ], [ -93.59452, 41.38261 ], [ -93.59003, 41.50041 ], [ -93.69635, 41.50217 ], [ -93.69204, 41.61996 ], [ -93.61924, 41.6659 ], [ -93.33498, 41.66089 ], [ -93.33298, 41.708 ], [ -93.15521, 41.70457 ], [ -93.12289, 41.6332 ], [ -93.05187, 41.63175 ], [ -92.98311, 41.58317 ], [ -92.98537, 41.53606 ], [ -92.94992, 41.53531 ], [ -92.94305, 41.67662 ], [ -92.90404, 41.74651 ], [ -92.83289, 41.74495 ], [ -92.76418, 41.69626 ], [ -92.72618, 41.74255 ], [ -92.75932, 41.79045 ], [ -92.75444, 41.88464 ], [ -92.68315, 41.88301 ], [ -92.6144, 41.83425 ], [ -92.61694, 41.78716 ], [ -92.44033, 41.7593 ], [ -92.44567, 41.66512 ], [ -92.55223, 41.66773 ], [ -92.59287, 41.57439 ], [ -92.66506, 41.55251 ], [ -92.63464, 41.45748 ], [ -92.35142, 41.4505 ], [ -92.34596, 41.5447 ], [ -92.23961, 41.54193 ], [ -92.19847, 41.63517 ], [ -92.09197, 41.6323 ], [ -92.05352, 41.67841 ], [ -91.94696, 41.67543 ], [ -91.94239, 41.74605 ], [ -92.04907, 41.74904 ], [ -92.07875, 41.84418 ], [ -91.86507, 41.83818 ], [ -91.86196, 41.88525 ], [ -91.75505, 41.88213 ], [ -91.74385, 42.04688 ], [ -91.67566, 41.99768 ], [ -91.49718, 41.99219 ], [ -91.46661, 41.92047 ], [ -91.25274, 41.91356 ], [ -91.14764, 41.88645 ], [ -91.04077, 41.88279 ], [ -91.03517, 41.95338 ], [ -90.96385, 41.95089 ], [ -90.87711, 42.13656 ], [ -90.80559, 42.134 ], [ -90.7639, 42.20327 ], [ -90.62072, 42.198 ], [ -90.54501, 42.24234 ], [ -90.43757, 42.23824 ], [ -90.33229, 42.21054 ], [ -90.29002, 42.27967 ], [ -90.28136, 42.37372 ], [ -90.0302, 42.36356 ], [ -89.91336, 42.45309 ], [ -89.8056, 42.44852 ], [ -89.70024, 42.42036 ], [ -89.70502, 42.37336 ], [ -89.48982, 42.36382 ], [ -89.44402, 42.45619 ], [ -89.33629, 42.45127 ], [ -89.2902, 42.54359 ], [ -89.21829, 42.54024 ], [ -89.16936, 42.65601 ], [ -89.08679, 42.74656 ], [ -89.04011, 42.83879 ], [ -88.96786, 42.83532 ], [ -88.92634, 42.88054 ], [ -88.90194, 43.0919 ], [ -88.97448, 43.0954 ], [ -88.95287, 43.28328 ], [ -88.77375, 43.25094 ], [ -88.75132, 43.13174 ], [ -88.72061, 43.08298 ], [ -88.57559, 43.07568 ], [ -88.48125, 42.95273 ], [ -88.4595, 42.83348 ], [ -88.38148, 42.87667 ], [ -88.2731, 42.87096 ], [ -88.24586, 42.79862 ], [ -88.25768, 42.70473 ], [ -88.1166, 42.6735 ], [ -88.12859, 42.57962 ], [ -88.0567, 42.57569 ], [ -88.01469, 42.62066 ], [ -87.99337, 42.78493 ], [ -88.05945, 42.83583 ], [ -88.00452, 43.25822 ], [ -88.04087, 43.2602 ], [ -87.99163, 43.63564 ], [ -88.09216, 43.71196 ], [ -88.07067, 43.87622 ], [ -87.99103, 43.9192 ], [ -87.9692, 44.08345 ], [ -87.93236, 44.08145 ], [ -87.89765, 44.33954 ], [ -87.81727, 44.38243 ], [ -87.80122, 44.49974 ], [ -87.72056, 44.54257 ], [ -87.74796, 44.61501 ], [ -87.90932, 44.52926 ], [ -88.05777, 44.53722 ], [ -88.03903, 44.67803 ], [ -87.95513, 44.74446 ], [ -87.94244, 44.83833 ], [ -87.80793, 44.99655 ], [ -87.65836, 44.98834 ], [ -87.62857, 45.19951 ], [ -87.55018, 45.2188 ], [ -87.54011, 45.28919 ], [ -87.45138, 45.37882 ], [ -87.41376, 45.3767 ], [ -87.39664, 45.49401 ] ], [ [ -93.78195, 42.09272 ], [ -93.81526, 42.16392 ], [ -93.8869, 42.16499 ], [ -93.8829, 42.28274 ], [ -93.77523, 42.28112 ], [ -93.78195, 42.09272 ] ], [ [ -88.45122, 44.0851 ], [ -88.41436, 44.08323 ], [ -88.40253, 44.17712 ], [ -88.29181, 44.17142 ], [ -88.30981, 44.0306 ], [ -88.273, 44.02868 ], [ -88.28801, 43.91133 ], [ -88.32475, 43.91324 ], [ -88.36743, 43.8682 ], [ -88.37335, 43.82125 ], [ -88.41004, 43.82314 ], [ -88.39824, 43.91703 ], [ -88.47175, 43.92079 ], [ -88.45122, 44.0851 ] ] ], [ [ [ -89.78961, 44.40664 ], [ -89.64376, 44.37691 ], [ -89.63878, 44.4239 ], [ -89.75007, 44.4286 ], [ -89.78961, 44.40664 ] ] ], [ [ [ -87.66054, 44.70473 ], [ -87.58613, 44.70058 ], [ -87.56622, 44.84133 ], [ -87.64739, 44.79858 ], [ -87.66054, 44.70473 ] ] ], [ [ [ -73.23815, 44.46248 ], [ -73.16589, 44.45126 ], [ -73.18428, 44.50262 ], [ -73.14874, 44.5941 ], [ -73.18495, 44.59972 ], [ -73.17605, 44.62259 ], [ -73.21228, 44.6282 ], [ -73.23003, 44.58245 ], [ -73.19383, 44.57684 ], [ -73.21158, 44.5311 ], [ -73.24776, 44.5367 ], [ -73.26545, 44.49095 ], [ -73.2293, 44.48535 ], [ -73.23815, 44.46248 ] ] ], [ [ [ -73.36898, 44.91899 ], [ -73.37883, 44.99322 ], [ -73.48827, 45.00988 ], [ -73.50592, 44.96409 ], [ -73.54239, 44.96962 ], [ -73.55119, 44.94673 ], [ -73.58765, 44.95225 ], [ -73.59644, 44.92935 ], [ -73.52354, 44.9183 ], [ -73.55871, 44.82672 ], [ -73.55617, 44.63252 ], [ -73.4474, 44.61591 ], [ -73.41219, 44.70746 ], [ -73.37589, 44.70189 ], [ -73.35822, 44.74766 ], [ -73.39454, 44.75323 ], [ -73.35916, 44.84477 ], [ -73.32279, 44.83919 ], [ -73.31391, 44.86207 ], [ -73.3503, 44.86765 ], [ -73.33256, 44.91342 ], [ -73.36898, 44.91899 ] ] ] ] } },
{ "type": "Feature", "properties": { "ID": 26 }, "geometry": { "type": "MultiPolygon", "coordinates": [ [ [ [ -79.96184, 38.45242 ], [ -79.9285, 38.44844 ], [ -79.91708, 38.49504 ], [ -79.88373, 38.49105 ], [ -79.86079, 38.58424 ], [ -79.9276, 38.59224 ], [ -79.93903, 38.54564 ], [ -79.96184, 38.45242 ] ] ], [ [ [ -79.16552, 40.08256 ], [ -79.07264, 40.16708 ], [ -79.04175, 40.28316 ], [ -79.07598, 40.28735 ], [ -79.26183, 40.11825 ], [ -79.32634, 40.00624 ], [ -79.22407, 39.99382 ], [ -79.17776, 40.03611 ], [ -79.16552, 40.08256 ] ] ], [ [ [ -79.12113, 39.71746 ], [ -79.13334, 39.671 ], [ -79.00388, 39.63099 ], [ -78.91143, 39.71545 ], [ -78.86806, 39.87797 ], [ -78.80006, 39.86947 ], [ -78.74376, 40.07835 ], [ -78.66296, 40.11619 ], [ -78.62503, 40.25538 ], [ -78.54394, 40.29314 ], [ -78.48642, 40.50183 ], [ -78.45212, 40.49749 ], [ -78.4135, 40.63657 ], [ -78.3318, 40.6742 ], [ -78.32532, 40.69737 ], [ -78.42854, 40.71044 ], [ -78.40705, 40.65974 ], [ -78.51022, 40.67276 ], [ -78.51664, 40.64958 ], [ -78.48226, 40.64525 ], [ -78.50152, 40.5757 ], [ -78.53586, 40.58003 ], [ -78.56143, 40.48729 ], [ -78.59574, 40.4916 ], [ -78.61483, 40.42203 ], [ -78.66178, 40.37994 ], [ -78.7303, 40.3885 ], [ -78.73661, 40.36531 ], [ -78.83938, 40.37808 ], [ -78.85191, 40.33168 ], [ -78.81767, 40.32743 ], [ -78.86443, 40.28527 ], [ -78.8894, 40.19244 ], [ -78.92979, 40.17346 ], [ -78.95463, 40.08061 ], [ -79.02287, 40.08904 ], [ -79.06931, 40.0468 ], [ -79.10004, 39.93069 ], [ -79.07214, 39.90327 ], [ -79.10617, 39.90746 ], [ -79.1123, 39.88424 ], [ -79.15243, 39.86519 ], [ -79.22047, 39.87351 ], [ -79.22655, 39.85028 ], [ -79.19254, 39.84612 ], [ -79.21688, 39.7532 ], [ -79.12113, 39.71746 ] ], [ [ -79.12113, 39.71746 ], [ -79.07828, 39.88005 ], [ -78.98242, 39.84422 ], [ -79.12113, 39.71746 ] ] ], [ [ [ -78.99512, 40.32538 ], [ -79.04175, 40.28316 ], [ -79.00753, 40.27895 ], [ -78.99512, 40.32538 ] ] ], [ [ [ -77.71438, 40.71442 ], [ -77.61131, 40.70082 ], [ -77.60455, 40.72396 ], [ -77.63892, 40.7285 ], [ -77.63218, 40.75164 ], [ -77.70095, 40.76071 ], [ -77.71438, 40.71442 ] ] ], [ [ [ -78.20254, 40.75371 ], [ -78.12057, 40.79122 ], [ -78.10741, 40.83754 ], [ -77.9908, 40.87054 ], [ -77.96425, 40.96314 ], [ -78.12214, 40.91143 ], [ -78.1353, 40.86512 ], [ -78.27791, 40.73933 ], [ -78.34675, 40.74808 ], [ -78.35324, 40.72491 ], [ -78.25001, 40.71178 ], [ -78.23696, 40.75811 ], [ -78.20254, 40.75371 ] ] ], [ [ [ -77.39867, 40.81676 ], [ -77.47429, 40.80281 ], [ -77.4879, 40.75655 ], [ -77.3848, 40.74278 ], [ -77.35742, 40.83528 ], [ -77.42624, 40.84448 ], [ -77.43307, 40.82135 ], [ -77.39867, 40.81676 ] ] ], [ [ [ -77.95094, 41.00944 ], [ -77.96425, 40.96314 ], [ -77.92973, 40.95868 ], [ -77.9164, 41.00497 ], [ -77.95094, 41.00944 ] ] ], [ [ [ -76.15202, 40.90934 ], [ -76.17389, 40.84015 ], [ -76.23528, 40.87299 ], [ -76.33834, 40.8876 ], [ -76.30583, 40.76252 ], [ -76.13445, 40.7381 ], [ -76.05862, 40.75133 ], [ -76.02932, 40.84356 ], [ -75.9607, 40.83369 ], [ -75.9386, 40.90284 ], [ -76.11035, 40.9275 ], [ -76.11766, 40.90444 ], [ -76.15202, 40.90934 ] ] ], [ [ [ -77.18506, 41.05257 ], [ -77.16445, 41.0017 ], [ -77.12997, 40.99704 ], [ -77.10908, 41.06636 ], [ -77.17812, 41.07568 ], [ -77.18506, 41.05257 ] ] ], [ [ [ -70.78665, 42.74187 ], [ -70.81205, 42.77078 ], [ -70.66874, 43.11157 ], [ -70.77405, 43.13018 ], [ -70.83135, 42.99385 ], [ -70.90145, 43.00619 ], [ -70.95835, 42.8698 ], [ -71.10775, 42.87159 ], [ -71.1547, 42.75786 ], [ -71.25261, 42.70179 ], [ -71.29917, 42.58801 ], [ -71.33403, 42.59407 ], [ -71.3896, 42.4575 ], [ -71.35481, 42.45145 ], [ -71.43781, 42.24655 ], [ -71.39608, 42.16617 ], [ -71.45113, 42.02955 ], [ -71.56208, 42.12195 ], [ -71.52551, 42.21306 ], [ -71.65688, 42.16271 ], [ -71.73528, 42.15187 ], [ -71.7715, 42.06071 ], [ -71.72042, 42.0032 ], [ -71.81663, 41.94674 ], [ -71.84364, 41.87834 ], [ -71.93955, 41.82179 ], [ -72.10321, 41.87408 ], [ -72.18116, 41.86299 ], [ -72.34513, 41.91501 ], [ -72.31866, 41.9835 ], [ -72.38791, 41.99513 ], [ -72.42309, 41.90379 ], [ -72.8039, 41.96708 ], [ -73.00264, 41.82976 ], [ -73.03684, 41.73827 ], [ -73.17508, 41.76081 ], [ -73.28649, 41.65759 ], [ -73.42465, 41.67989 ], [ -73.51997, 41.71943 ], [ -73.61412, 41.66176 ], [ -73.77872, 41.71214 ], [ -73.89077, 41.7056 ], [ -73.83308, 41.86605 ], [ -73.89423, 41.89988 ], [ -73.87773, 41.94572 ], [ -73.93074, 42.00245 ], [ -73.89771, 42.09413 ], [ -73.95912, 42.12793 ], [ -74.02883, 42.13876 ], [ -74.06169, 42.04705 ], [ -74.02688, 42.04164 ], [ -74.07606, 41.90406 ], [ -74.12711, 41.86358 ], [ -74.23128, 41.87971 ], [ -74.26371, 41.78794 ], [ -74.22903, 41.78258 ], [ -74.21868, 41.70838 ], [ -74.34679, 41.65559 ], [ -74.41603, 41.66625 ], [ -74.39747, 41.61502 ], [ -74.45349, 41.45431 ], [ -74.55706, 41.47021 ], [ -74.60746, 41.42955 ], [ -74.59673, 41.35537 ], [ -74.52779, 41.3448 ], [ -74.45888, 41.3342 ], [ -74.44834, 41.26 ], [ -74.46425, 41.21407 ], [ -74.496, 41.1222 ], [ -74.50128, 41.00206 ], [ -74.64628, 41.00021 ], [ -74.68549, 40.88531 ], [ -74.54863, 40.86422 ], [ -74.44067, 40.96847 ], [ -74.37218, 40.95782 ], [ -74.32201, 40.99841 ], [ -74.29007, 41.09025 ], [ -74.18718, 41.07415 ], [ -74.17111, 41.12006 ], [ -74.04394, 41.17271 ], [ -74.00339, 41.28741 ], [ -73.95272, 41.32785 ], [ -73.89209, 41.29404 ], [ -73.78898, 41.27766 ], [ -73.77103, 41.22634 ], [ -73.59944, 41.19885 ], [ -73.5829, 41.24468 ], [ -73.50596, 41.25653 ], [ -73.48935, 41.30235 ], [ -73.38633, 41.28568 ], [ -73.30092, 41.32032 ], [ -73.27574, 41.389 ], [ -73.19013, 41.42357 ], [ -73.08699, 41.40669 ], [ -73.02714, 41.46968 ], [ -72.81227, 41.45846 ], [ -72.74348, 41.5442 ], [ -72.67466, 41.53273 ], [ -72.61428, 41.59555 ], [ -71.99553, 41.49062 ], [ -71.88231, 41.59284 ], [ -71.77926, 41.57501 ], [ -71.68357, 41.63147 ], [ -71.66553, 41.67705 ], [ -71.5624, 41.65907 ], [ -71.54426, 41.70463 ], [ -71.46639, 41.71537 ], [ -71.44817, 41.76093 ], [ -71.41376, 41.75489 ], [ -71.39549, 41.80043 ], [ -71.29223, 41.78226 ], [ -71.21422, 41.79286 ], [ -71.1958, 41.83838 ], [ -71.09253, 41.82006 ], [ -70.99586, 41.87604 ], [ -70.93995, 42.0125 ], [ -70.94644, 42.08687 ], [ -71.01554, 42.09916 ], [ -71.02213, 42.17353 ], [ -71.11666, 42.21465 ], [ -71.08871, 42.28289 ], [ -71.1208, 42.38611 ], [ -71.03264, 42.41936 ], [ -71.05802, 42.44823 ], [ -71.00173, 42.58468 ], [ -70.9669, 42.57854 ], [ -70.91029, 42.71494 ], [ -70.85645, 42.75423 ], [ -70.78665, 42.74187 ] ] ], [ [ [ -68.26552, 44.21222 ], [ -68.19459, 44.19862 ], [ -68.1872, 44.2956 ], [ -68.22272, 44.3024 ], [ -68.26552, 44.21222 ] ] ], [ [ [ -67.58399, 44.49891 ], [ -67.6279, 44.40891 ], [ -67.54589, 44.4175 ], [ -67.50186, 44.50748 ], [ -67.58399, 44.49891 ] ] ], [ [ [ -63.6865, 44.52481 ], [ -63.6967, 44.57708 ], [ -63.76698, 44.5928 ], [ -63.75454, 44.61501 ], [ -63.8621, 44.56408 ], [ -63.96758, 44.58754 ], [ -63.97993, 44.56532 ], [ -64.02743, 44.55089 ], [ -64.03976, 44.52867 ], [ -64.13295, 44.57424 ], [ -64.28601, 44.583 ], [ -64.40796, 44.3605 ], [ -64.49154, 44.27917 ], [ -64.66797, 44.24302 ], [ -64.69201, 44.19847 ], [ -64.79717, 44.22134 ], [ -64.91434, 44.22185 ], [ -64.9501, 44.15496 ], [ -65.09086, 44.11073 ], [ -65.19601, 44.13332 ], [ -65.43002, 44.13361 ], [ -65.52364, 44.17831 ], [ -65.60572, 44.24529 ], [ -65.6761, 44.26012 ], [ -65.6177, 44.37188 ], [ -65.71183, 44.41646 ], [ -65.74775, 44.57279 ], [ -65.66547, 44.65483 ], [ -65.60666, 44.7666 ], [ -65.76009, 44.69938 ], [ -65.83103, 44.71414 ], [ -65.91316, 44.63201 ], [ -65.99569, 44.62431 ], [ -66.07747, 44.54209 ], [ -66.01824, 44.50507 ], [ -66.04139, 44.46031 ], [ -66.12288, 44.37807 ], [ -66.16887, 44.28851 ], [ -66.14509, 44.25882 ], [ -66.13282, 44.20675 ], [ -66.06239, 44.19214 ], [ -66.09686, 44.12498 ], [ -66.02654, 44.11035 ], [ -65.90908, 44.03626 ], [ -65.815, 43.91734 ], [ -65.84959, 43.85024 ], [ -65.84916, 43.77578 ], [ -65.79082, 43.73867 ], [ -65.81384, 43.69394 ], [ -65.70922, 43.67179 ], [ -65.58132, 43.54533 ], [ -65.60441, 43.50063 ], [ -65.54649, 43.46343 ], [ -65.47706, 43.44854 ], [ -65.45389, 43.49322 ], [ -65.40756, 43.50809 ], [ -65.33812, 43.49314 ], [ -65.2915, 43.58244 ], [ -65.18689, 43.63438 ], [ -65.10561, 43.64163 ], [ -64.95414, 43.70817 ], [ -64.90679, 43.79735 ], [ -64.83714, 43.78216 ], [ -64.77854, 43.81912 ], [ -64.70695, 43.9528 ], [ -64.67206, 43.94516 ], [ -64.61211, 44.05652 ], [ -64.54223, 44.0412 ], [ -64.49402, 44.13024 ], [ -64.43487, 44.16707 ], [ -64.25851, 44.20294 ], [ -64.20975, 44.2919 ], [ -64.12577, 44.37308 ], [ -64.03108, 44.40197 ], [ -63.96948, 44.51307 ], [ -63.87651, 44.4674 ], [ -63.7238, 44.45822 ], [ -63.6865, 44.52481 ] ], [ [ -64.30122, 44.41182 ], [ -64.28752, 44.50853 ], [ -64.2172, 44.49305 ], [ -64.30122, 44.41182 ] ] ] ] } },
{ "type": "Feature", "properties": { "ID": 27 }, "geometry": { "type": "MultiPolygon", "coordinates": [ [ [ [ -97.78185, 44.28936 ], [ -97.81539, 44.17119 ], [ -97.96345, 44.16932 ], [ -97.99656, 44.05111 ], [ -98.03192, 44.00352 ], [ -98.17956, 44.00143 ], [ -98.18126, 44.04851 ], [ -98.29207, 44.04685 ], [ -98.29386, 44.09393 ], [ -98.36871, 44.11631 ], [ -98.40945, 44.20988 ], [ -98.55758, 44.20742 ], [ -98.55958, 44.2545 ], [ -98.63577, 44.30029 ], [ -98.74703, 44.29828 ], [ -98.78193, 44.25052 ], [ -98.77651, 44.13282 ], [ -98.73525, 44.03935 ], [ -98.80911, 44.03798 ], [ -98.80692, 43.9909 ], [ -98.73312, 43.99228 ], [ -98.58351, 43.94784 ], [ -98.55061, 44.04264 ], [ -98.32901, 44.04627 ], [ -98.32538, 43.95211 ], [ -98.21216, 43.88317 ], [ -98.13517, 43.79009 ], [ -98.13269, 43.71946 ], [ -98.05761, 43.67342 ], [ -98.05602, 43.62633 ], [ -97.94597, 43.62782 ], [ -97.90633, 43.53413 ], [ -97.83237, 43.51151 ], [ -97.71853, 43.37157 ], [ -97.71721, 43.32448 ], [ -97.57119, 43.32612 ], [ -97.42242, 43.20987 ], [ -97.38385, 43.11604 ], [ -97.2747, 43.11703 ], [ -97.1651, 43.09439 ], [ -97.16645, 43.16503 ], [ -97.05721, 43.16586 ], [ -96.98362, 43.11927 ], [ -96.98287, 43.07217 ], [ -96.83711, 43.04953 ], [ -96.83647, 43.00243 ], [ -96.65488, 43.00336 ], [ -96.65438, 42.95626 ], [ -96.5455, 42.95671 ], [ -96.50863, 42.88619 ], [ -96.39988, 42.88653 ], [ -96.39866, 42.69812 ], [ -96.47094, 42.6979 ], [ -96.46915, 42.46238 ], [ -96.43315, 42.46249 ], [ -96.43249, 42.36827 ], [ -96.32465, 42.36855 ], [ -96.32489, 42.41566 ], [ -96.21697, 42.41586 ], [ -96.2168, 42.36876 ], [ -96.18085, 42.36881 ], [ -96.18099, 42.41591 ], [ -96.10912, 42.46309 ], [ -95.74909, 42.46292 ], [ -95.74928, 42.41581 ], [ -95.49745, 42.41515 ], [ -95.49783, 42.36805 ], [ -95.3181, 42.36731 ], [ -95.28106, 42.46135 ], [ -95.27914, 42.62622 ], [ -95.35134, 42.62656 ], [ -95.38673, 42.69737 ], [ -95.3858, 42.79157 ], [ -95.42155, 42.83882 ], [ -95.49399, 42.83909 ], [ -95.49341, 42.90974 ], [ -95.56528, 43.00418 ], [ -95.67424, 43.00446 ], [ -95.71022, 43.07519 ], [ -95.70978, 43.16938 ], [ -95.81882, 43.24021 ], [ -95.81833, 43.40505 ], [ -95.89145, 43.40512 ], [ -95.89128, 43.49931 ], [ -95.96449, 43.54644 ], [ -96.00113, 43.66419 ], [ -96.51513, 43.66329 ], [ -96.51553, 43.71039 ], [ -96.66327, 43.78044 ], [ -96.66378, 43.82754 ], [ -96.73798, 43.87428 ], [ -96.88534, 43.87348 ], [ -96.88465, 43.82638 ], [ -96.99508, 43.82568 ], [ -96.99315, 43.70795 ], [ -97.06581, 43.66035 ], [ -97.14011, 43.70689 ], [ -97.25275, 43.82373 ], [ -97.36317, 43.82275 ], [ -97.36529, 43.91694 ], [ -97.44013, 43.96333 ], [ -97.44182, 44.03397 ], [ -97.51569, 44.03323 ], [ -97.51865, 44.15096 ], [ -97.55808, 44.24476 ], [ -97.70633, 44.24314 ], [ -97.78185, 44.28936 ] ], [ [ -96.29013, 42.67482 ], [ -96.32625, 42.67475 ], [ -96.32688, 42.7925 ], [ -96.2909, 42.83968 ], [ -96.21846, 42.83981 ], [ -96.21771, 42.62784 ], [ -96.29013, 42.67482 ] ] ], [ [ [ -97.81894, 44.28892 ], [ -97.78185, 44.28936 ], [ -97.82036, 44.336 ], [ -97.81894, 44.28892 ] ] ], [ [ [ -100.357, 45.50961 ], [ -100.35874, 45.53315 ], [ -100.47224, 45.52986 ], [ -100.51188, 45.55227 ], [ -100.39131, 45.46146 ], [ -100.45978, 45.36513 ], [ -100.45445, 45.29453 ], [ -100.3756, 45.24966 ], [ -100.36692, 45.13201 ], [ -100.40101, 45.08386 ], [ -100.51366, 45.08054 ], [ -100.49762, 44.86879 ], [ -100.60985, 44.8654 ], [ -100.60621, 44.81835 ], [ -100.60258, 44.7713 ], [ -100.59714, 44.70073 ], [ -100.48521, 44.70411 ], [ -100.48875, 44.75116 ], [ -100.41755, 44.80043 ], [ -100.3428, 44.8026 ], [ -100.35138, 44.92024 ], [ -100.31393, 44.92132 ], [ -100.31735, 44.96838 ], [ -100.24238, 44.9705 ], [ -100.24743, 45.04109 ], [ -100.25586, 45.15875 ], [ -100.21825, 45.1598 ], [ -100.23169, 45.34807 ], [ -100.23675, 45.41867 ], [ -100.27452, 45.41762 ], [ -100.28135, 45.51176 ], [ -100.357, 45.50961 ] ] ], [ [ [ -100.59239, 45.12533 ], [ -100.75021, 45.2148 ], [ -100.75399, 45.26185 ], [ -100.79165, 45.26067 ], [ -100.78784, 45.21361 ], [ -100.86309, 45.21122 ], [ -100.85538, 45.11712 ], [ -100.81399, 45.07127 ], [ -100.6263, 45.07713 ], [ -100.62997, 45.12419 ], [ -100.59239, 45.12533 ] ] ], [ [ [ -93.99437, 42.16653 ], [ -94.02721, 42.26122 ], [ -94.09969, 42.23864 ], [ -94.09681, 42.33284 ], [ -94.13131, 42.38041 ], [ -94.23849, 42.40531 ], [ -94.45428, 42.40778 ], [ -94.45487, 42.38422 ], [ -94.63464, 42.38603 ], [ -94.63567, 42.33893 ], [ -94.59974, 42.33858 ], [ -94.6008, 42.29148 ], [ -94.49311, 42.2904 ], [ -94.49425, 42.24329 ], [ -94.35076, 42.24172 ], [ -94.24382, 42.2169 ], [ -94.17487, 42.1218 ], [ -94.14258, 42.00357 ], [ -93.9974, 42.07232 ], [ -93.99437, 42.16653 ] ] ], [ [ [ -93.85108, 42.16446 ], [ -93.77776, 42.21048 ], [ -93.77523, 42.28112 ], [ -93.8829, 42.28274 ], [ -93.8869, 42.16499 ], [ -93.85108, 42.16446 ] ] ], [ [ [ -94.70753, 42.33959 ], [ -94.70507, 42.45735 ], [ -94.77521, 42.55218 ], [ -94.84731, 42.55277 ], [ -94.88209, 42.62371 ], [ -95.02647, 42.62475 ], [ -95.02832, 42.50699 ], [ -94.99229, 42.50674 ], [ -94.92188, 42.41201 ], [ -94.9227, 42.36491 ], [ -94.85081, 42.36435 ], [ -94.85124, 42.3408 ], [ -94.70753, 42.33959 ] ] ], [ [ [ -90.44639, 43.74841 ], [ -90.47637, 43.4193 ], [ -90.40767, 43.36952 ], [ -90.41198, 43.32251 ], [ -90.34127, 43.29621 ], [ -90.34562, 43.2492 ], [ -90.20003, 43.24351 ], [ -90.1911, 43.33753 ], [ -90.15014, 43.38309 ], [ -90.00425, 43.37721 ], [ -89.92664, 43.42121 ], [ -89.92196, 43.46821 ], [ -89.70286, 43.459 ], [ -89.62493, 43.50284 ], [ -89.57848, 43.59523 ], [ -89.46114, 43.66089 ], [ -89.44084, 43.84882 ], [ -89.49917, 43.99301 ], [ -89.536, 43.99462 ], [ -89.5234, 44.11209 ], [ -89.5603, 44.11369 ], [ -89.5452, 44.25466 ], [ -89.50822, 44.25305 ], [ -89.49551, 44.37052 ], [ -89.5275, 44.41912 ], [ -89.63878, 44.4239 ], [ -89.64376, 44.37691 ], [ -89.78961, 44.40664 ], [ -89.86859, 44.36271 ], [ -90.01686, 44.36872 ], [ -90.06091, 44.2997 ], [ -90.02388, 44.29822 ], [ -89.99155, 44.24972 ], [ -90.00093, 44.15572 ], [ -90.11406, 44.13664 ], [ -90.12323, 44.04263 ], [ -90.3054, 44.07332 ], [ -90.29205, 44.21435 ], [ -90.36602, 44.21717 ], [ -90.37919, 44.07612 ], [ -90.45732, 44.03188 ], [ -90.43128, 43.91296 ], [ -90.35768, 43.91018 ], [ -90.36863, 43.79265 ], [ -90.44639, 43.74841 ] ] ], [ [ [ -89.1325, 44.61399 ], [ -88.98647, 44.58362 ], [ -88.99198, 44.53664 ], [ -88.88055, 44.53138 ], [ -88.87495, 44.57835 ], [ -88.72629, 44.57121 ], [ -88.68339, 44.61636 ], [ -88.60902, 44.61271 ], [ -88.56599, 44.65782 ], [ -88.49158, 44.65412 ], [ -88.37097, 44.71891 ], [ -88.21283, 44.78168 ], [ -88.1632, 44.87363 ], [ -88.08854, 44.86972 ], [ -87.95753, 45.00461 ], [ -87.95117, 45.05154 ], [ -87.87308, 45.071 ], [ -87.86019, 45.16487 ], [ -87.63622, 45.41278 ], [ -87.59857, 45.4107 ], [ -87.57844, 45.5515 ], [ -87.5407, 45.54941 ], [ -87.49999, 45.83103 ], [ -87.46208, 45.82891 ], [ -87.43459, 46.01667 ], [ -87.43115, 46.04015 ], [ -87.6595, 46.05274 ], [ -87.74229, 46.00991 ], [ -87.76879, 45.82209 ], [ -87.73087, 45.82004 ], [ -87.78031, 45.46795 ], [ -88.04459, 45.19833 ], [ -88.05405, 45.12791 ], [ -88.14149, 45.03794 ], [ -88.22252, 44.99487 ], [ -88.30951, 44.90481 ], [ -88.57106, 44.91795 ], [ -88.56519, 44.96491 ], [ -88.71769, 44.94873 ], [ -88.73778, 44.78435 ], [ -88.99889, 44.79674 ], [ -89.04717, 44.70452 ], [ -89.12709, 44.66097 ], [ -89.20155, 44.66437 ], [ -89.2069, 44.61739 ], [ -89.1325, 44.61399 ] ] ] ] } },
{ "type": "Feature", "properties": { "ID": 28 }, "geometry": { "type": "MultiPolygon", "coordinates": [ [ [ [ -103.70464, 46.15694 ], [ -103.71086, 46.20393 ], [ -103.86359, 46.19619 ], [ -103.86676, 46.21968 ], [ -104.28673, 46.19762 ], [ -104.28338, 46.17414 ], [ -104.23195, 46.08226 ], [ -104.36744, 45.95663 ], [ -104.55742, 45.94613 ], [ -104.59196, 45.92053 ], [ -104.78179, 45.90975 ], [ -104.86482, 45.9523 ], [ -104.80116, 45.53 ], [ -104.63994, 45.46827 ], [ -104.61932, 45.32751 ], [ -104.65691, 45.32536 ], [ -104.63974, 45.20807 ], [ -104.48966, 45.21657 ], [ -104.46614, 45.05234 ], [ -104.42871, 45.05444 ], [ -104.34065, 44.96475 ], [ -104.32092, 44.82398 ], [ -104.42944, 44.79428 ], [ -104.45005, 44.6749 ], [ -104.51771, 44.62378 ], [ -104.51102, 44.57686 ], [ -104.5819, 44.54917 ], [ -104.60549, 44.45322 ], [ -104.67617, 44.42548 ], [ -104.65583, 44.28478 ], [ -104.76321, 44.25485 ], [ -104.74273, 44.11416 ], [ -104.66906, 44.11847 ], [ -104.54522, 44.03107 ], [ -104.53526, 43.96072 ], [ -104.44863, 43.87111 ], [ -104.37523, 43.87529 ], [ -104.32561, 43.78353 ], [ -104.24592, 43.74073 ], [ -104.13604, 43.74682 ], [ -104.08688, 43.65499 ], [ -103.8308, 43.66881 ], [ -103.83686, 43.71575 ], [ -103.69334, 43.74692 ], [ -103.69931, 43.79386 ], [ -103.51592, 43.8033 ], [ -103.43966, 43.78354 ], [ -103.45701, 43.92439 ], [ -103.53052, 43.92067 ], [ -103.57316, 43.96574 ], [ -103.62476, 44.08122 ], [ -103.63666, 44.17511 ], [ -103.56579, 44.20236 ], [ -103.50659, 44.32347 ], [ -103.35857, 44.33085 ], [ -103.37878, 44.4952 ], [ -103.29883, 44.45188 ], [ -103.15046, 44.45905 ], [ -103.18193, 44.41031 ], [ -103.03365, 44.41737 ], [ -102.95405, 44.37387 ], [ -102.90619, 44.28164 ], [ -102.8322, 44.28505 ], [ -102.67115, 44.17431 ], [ -102.66076, 44.08035 ], [ -102.47635, 44.0885 ], [ -102.42944, 43.99613 ], [ -102.31894, 44.00087 ], [ -102.31402, 43.95388 ], [ -102.20359, 43.95854 ], [ -102.20842, 44.00554 ], [ -102.06103, 44.01163 ], [ -101.95279, 44.0396 ], [ -101.88363, 44.08955 ], [ -101.73601, 44.09531 ], [ -101.76393, 43.99987 ], [ -101.75274, 43.88234 ], [ -101.78952, 43.88091 ], [ -101.77382, 43.71638 ], [ -101.80599, 43.66794 ], [ -101.79702, 43.57392 ], [ -101.6441, 43.50908 ], [ -101.62672, 43.32103 ], [ -101.55383, 43.32381 ], [ -101.50678, 43.20764 ], [ -101.43402, 43.21035 ], [ -101.39349, 43.16467 ], [ -101.4236, 43.0928 ], [ -101.53253, 43.08872 ], [ -101.60085, 43.03894 ], [ -101.59014, 42.92139 ], [ -101.54969, 42.87575 ], [ -101.36875, 42.88253 ], [ -101.32442, 42.78981 ], [ -101.25215, 42.79243 ], [ -101.23815, 42.62782 ], [ -101.11638, 42.46705 ], [ -101.04447, 42.46958 ], [ -100.96502, 42.37798 ], [ -100.96126, 42.33093 ], [ -100.56652, 42.34395 ], [ -100.59893, 42.29575 ], [ -100.34785, 42.30353 ], [ -100.30871, 42.25754 ], [ -100.23701, 42.25967 ], [ -100.1201, 42.12158 ], [ -100.03788, 41.95885 ], [ -100.03029, 41.84116 ], [ -99.98868, 41.74799 ], [ -99.91462, 41.70287 ], [ -99.90729, 41.58515 ], [ -100.0137, 41.5822 ], [ -100.01069, 41.53511 ], [ -100.11547, 41.50854 ], [ -100.03858, 41.41639 ], [ -100.03106, 41.29866 ], [ -100.20758, 41.29354 ], [ -100.20132, 41.19935 ], [ -100.16142, 41.12974 ], [ -100.091, 41.13179 ], [ -100.05277, 41.08571 ], [ -100.04226, 40.92084 ], [ -100.07132, 40.82561 ], [ -100.17645, 40.82253 ], [ -100.17183, 40.75186 ], [ -100.09879, 40.70681 ], [ -100.09576, 40.65969 ], [ -99.9909, 40.66271 ], [ -99.98795, 40.61558 ], [ -99.91665, 40.59399 ], [ -99.87601, 40.5007 ], [ -99.80627, 40.50261 ], [ -99.76585, 40.40929 ], [ -99.66138, 40.41206 ], [ -99.62256, 40.34226 ], [ -99.4732, 40.1572 ], [ -99.46939, 40.08646 ], [ -99.36542, 40.08901 ], [ -99.36051, 39.99469 ], [ -99.32348, 39.94836 ], [ -99.21973, 39.9508 ], [ -99.18167, 39.88084 ], [ -99.07802, 39.88318 ], [ -99.07578, 39.83601 ], [ -98.97221, 39.83826 ], [ -98.97004, 39.79109 ], [ -98.83204, 39.79397 ], [ -98.79346, 39.7003 ], [ -98.68814, 39.65516 ], [ -98.51598, 39.6584 ], [ -98.37651, 39.61364 ], [ -98.4083, 39.54224 ], [ -98.40481, 39.44784 ], [ -98.19885, 39.45128 ], [ -98.20204, 39.54569 ], [ -98.16766, 39.54623 ], [ -98.1716, 39.66424 ], [ -98.24374, 39.75753 ], [ -98.25194, 39.99346 ], [ -98.22056, 40.08837 ], [ -98.25771, 40.15857 ], [ -98.32882, 40.2046 ], [ -98.4018, 40.29775 ], [ -98.47135, 40.29654 ], [ -98.4759, 40.41444 ], [ -98.51536, 40.5317 ], [ -98.58898, 40.62473 ], [ -98.62393, 40.62408 ], [ -98.63073, 40.78908 ], [ -98.59568, 40.78973 ], [ -98.60049, 40.90757 ], [ -98.53027, 40.90885 ], [ -98.53402, 41.00312 ], [ -98.60725, 41.07253 ], [ -98.61795, 41.33171 ], [ -98.55201, 41.45079 ], [ -98.41036, 41.45326 ], [ -98.3785, 41.54808 ], [ -98.27464, 41.62049 ], [ -98.24249, 41.71528 ], [ -98.28062, 41.78538 ], [ -98.21108, 41.83361 ], [ -98.21441, 41.92782 ], [ -98.28664, 41.95026 ], [ -98.32584, 42.04389 ], [ -98.50458, 42.04089 ], [ -98.50647, 42.08799 ], [ -98.61379, 42.08608 ], [ -98.61577, 42.13318 ], [ -98.83055, 42.12912 ], [ -98.86959, 42.19905 ], [ -99.23156, 42.2621 ], [ -99.37502, 42.25882 ], [ -99.48392, 42.2798 ], [ -99.55835, 42.32513 ], [ -99.70194, 42.32153 ], [ -99.77659, 42.36674 ], [ -99.81829, 42.45994 ], [ -99.89024, 42.45803 ], [ -99.89319, 42.50509 ], [ -99.96518, 42.50314 ], [ -99.9682, 42.55021 ], [ -100.00422, 42.54922 ], [ -100.01491, 42.71394 ], [ -99.98031, 42.73846 ], [ -99.98944, 42.87964 ], [ -99.92, 42.92867 ], [ -99.9245, 42.99926 ], [ -99.77935, 43.00308 ], [ -99.77646, 42.95602 ], [ -99.6314, 42.9597 ], [ -99.62862, 42.91263 ], [ -99.41116, 42.91788 ], [ -99.41639, 43.01202 ], [ -99.63697, 43.05383 ], [ -99.78225, 43.05014 ], [ -99.82003, 43.07273 ], [ -99.8259, 43.16685 ], [ -99.90167, 43.21199 ], [ -99.90617, 43.28258 ], [ -99.65096, 43.28915 ], [ -99.68317, 43.21764 ], [ -99.61033, 43.21945 ], [ -99.53477, 43.17416 ], [ -99.53205, 43.1271 ], [ -99.38658, 43.13053 ], [ -99.39048, 43.20114 ], [ -99.42689, 43.20029 ], [ -99.43481, 43.34149 ], [ -99.36311, 43.36671 ], [ -99.3683, 43.46085 ], [ -99.44144, 43.45916 ], [ -99.45076, 43.62388 ], [ -99.49283, 43.71715 ], [ -99.61279, 43.87922 ], [ -99.72324, 43.87649 ], [ -99.80426, 43.99227 ], [ -99.95332, 44.01194 ], [ -100.17466, 44.00589 ], [ -100.16817, 43.91179 ], [ -100.2001, 43.84017 ], [ -100.45756, 43.83265 ], [ -100.46103, 43.87969 ], [ -100.71862, 43.87172 ], [ -100.75911, 43.91758 ], [ -100.76838, 44.03517 ], [ -100.69459, 44.03752 ], [ -100.70192, 44.1316 ], [ -100.82595, 44.29268 ], [ -100.90005, 44.29027 ], [ -100.94483, 44.38311 ], [ -101.05613, 44.37939 ], [ -101.13435, 44.42389 ], [ -101.20451, 44.37429 ], [ -101.20044, 44.32727 ], [ -101.34868, 44.32203 ], [ -101.46198, 44.34151 ], [ -101.54262, 44.40931 ], [ -101.54697, 44.45633 ], [ -101.65837, 44.45216 ], [ -101.69997, 44.49776 ], [ -101.67171, 44.59321 ], [ -101.68288, 44.71075 ], [ -101.79474, 44.70648 ], [ -101.87393, 44.75059 ], [ -101.87857, 44.79761 ], [ -102.06524, 44.79019 ], [ -102.07003, 44.8372 ], [ -102.1496, 44.88117 ], [ -102.29913, 44.87499 ], [ -102.3041, 44.92199 ], [ -102.52851, 44.91244 ], [ -102.53367, 44.95943 ], [ -102.72077, 44.95121 ], [ -102.80636, 45.04182 ], [ -102.81175, 45.08881 ], [ -102.73942, 45.11567 ], [ -102.76355, 45.32714 ], [ -102.68825, 45.33048 ], [ -102.70158, 45.44798 ], [ -102.78786, 45.53863 ], [ -102.83656, 45.63094 ], [ -102.73109, 45.7065 ], [ -102.77441, 45.75183 ], [ -102.79347, 45.91636 ], [ -102.88058, 46.00698 ], [ -102.99482, 46.00181 ], [ -103.00046, 46.04882 ], [ -103.15287, 46.04179 ], [ -103.14712, 45.99479 ], [ -103.29938, 45.98761 ], [ -103.34334, 46.03279 ], [ -103.49869, 46.04891 ], [ -103.50473, 46.0959 ], [ -103.65721, 46.08837 ], [ -103.70464, 46.15694 ] ], [ [ -104.33418, 44.114 ], [ -104.34719, 44.20783 ], [ -104.19956, 44.21604 ], [ -104.11939, 44.17317 ], [ -104.10675, 44.07932 ], [ -104.21403, 44.04978 ], [ -104.33418, 44.114 ] ] ], [ [ [ -105.97555, 43.25495 ], [ -106.03267, 43.15632 ], [ -105.92404, 43.16374 ], [ -105.97555, 43.25495 ] ] ], [ [ [ -105.62146, 43.7994 ], [ -105.60657, 43.7057 ], [ -105.53346, 43.71044 ], [ -105.54824, 43.80416 ], [ -105.62146, 43.7994 ] ] ], [ [ [ -105.43463, 44.2611 ], [ -105.51584, 44.30327 ], [ -105.66349, 44.29376 ], [ -105.68904, 44.22108 ], [ -105.76275, 44.21625 ], [ -105.79197, 44.16698 ], [ -105.73616, 44.05228 ], [ -105.80967, 44.04744 ], [ -105.79443, 43.95375 ], [ -105.64763, 43.96339 ], [ -105.66641, 44.08052 ], [ -105.63713, 44.12977 ], [ -105.53042, 44.16033 ], [ -105.41991, 44.16737 ], [ -105.43463, 44.2611 ] ] ], [ [ [ -106.86278, 44.11614 ], [ -106.89672, 44.30329 ], [ -106.93357, 44.30059 ], [ -106.89952, 44.11344 ], [ -106.86278, 44.11614 ] ] ], [ [ [ -105.00045, 46.08642 ], [ -104.90996, 45.99702 ], [ -104.93151, 46.1378 ], [ -105.00045, 46.08642 ] ] ] ] } },
{ "type": "Feature", "properties": { "ID": 29 }, "geometry": { "type": "MultiPolygon", "coordinates": [ [ [ [ -79.50396, 39.04482 ], [ -79.36956, 39.02839 ], [ -79.33376, 39.16794 ], [ -79.42881, 39.20356 ], [ -79.48029, 39.13788 ], [ -79.50396, 39.04482 ] ] ], [ [ [ -79.08162, 40.00036 ], [ -79.18387, 40.01288 ], [ -79.17776, 40.03611 ], [ -79.22407, 39.99382 ], [ -79.25815, 39.99797 ], [ -79.26424, 39.97474 ], [ -79.23016, 39.97059 ], [ -79.25449, 39.87767 ], [ -79.15243, 39.86519 ], [ -79.1123, 39.88424 ], [ -79.10617, 39.90746 ], [ -79.14021, 39.91164 ], [ -79.0939, 39.95391 ], [ -79.08162, 40.00036 ] ] ], [ [ [ -82.20932, 40.46682 ], [ -82.19413, 40.53683 ], [ -82.2978, 40.54706 ], [ -82.34185, 40.67053 ], [ -82.41112, 40.67728 ], [ -82.52992, 40.61732 ], [ -82.65339, 40.5339 ], [ -82.67785, 40.41714 ], [ -82.53984, 40.40386 ], [ -82.52509, 40.30712 ], [ -82.53001, 40.28377 ], [ -82.49558, 40.28042 ], [ -82.4857, 40.32712 ], [ -82.4168, 40.3204 ], [ -82.3674, 40.38706 ], [ -82.29845, 40.38028 ], [ -82.24383, 40.47024 ], [ -82.20932, 40.46682 ] ] ], [ [ [ -80.95274, 41.00512 ], [ -80.91801, 41.00139 ], [ -80.90686, 41.04794 ], [ -80.94161, 41.05167 ], [ -80.95274, 41.00512 ] ] ], [ [ [ -75.32625, 41.9959 ], [ -75.34942, 41.92689 ], [ -75.27973, 41.91669 ], [ -75.33376, 41.75568 ], [ -75.47629, 41.65587 ], [ -75.54573, 41.66598 ], [ -75.52287, 41.73503 ], [ -75.56194, 41.83718 ], [ -75.40831, 42.29735 ], [ -75.35774, 42.33827 ], [ -75.25252, 42.32296 ], [ -75.17457, 42.33571 ], [ -75.10809, 42.42251 ], [ -75.17048, 42.45578 ], [ -75.20182, 42.36383 ], [ -75.3422, 42.38426 ], [ -75.45528, 42.3765 ], [ -75.52123, 42.28953 ], [ -75.59137, 42.29961 ], [ -75.60346, 42.37368 ], [ -75.57271, 42.46572 ], [ -75.60788, 42.47075 ], [ -75.61557, 42.44774 ], [ -75.65073, 42.45276 ], [ -75.75161, 42.37071 ], [ -75.78965, 42.2556 ], [ -75.69209, 42.21759 ], [ -75.72253, 42.12552 ], [ -75.78495, 42.15853 ], [ -75.81997, 42.16351 ], [ -75.8502, 42.0714 ], [ -75.88518, 42.07637 ], [ -75.89271, 42.05334 ], [ -75.77561, 41.96436 ], [ -75.82088, 41.8262 ], [ -75.96025, 41.84604 ], [ -76.2245, 41.93141 ], [ -76.25204, 41.95934 ], [ -76.22986, 42.02849 ], [ -76.27767, 42.10737 ], [ -76.34773, 42.11709 ], [ -76.33298, 42.16319 ], [ -76.36804, 42.16804 ], [ -76.52883, 42.23828 ], [ -76.66935, 42.25742 ], [ -76.75308, 42.34091 ], [ -76.74583, 42.36398 ], [ -76.8867, 42.38292 ], [ -76.97808, 42.4432 ], [ -76.96372, 42.48936 ], [ -77.14026, 42.51274 ], [ -77.15423, 42.58666 ], [ -77.31699, 42.656 ], [ -77.49414, 42.67895 ], [ -77.50114, 42.65585 ], [ -77.52258, 42.70662 ], [ -77.62899, 42.72027 ], [ -77.63595, 42.69716 ], [ -77.81333, 42.71972 ], [ -77.92668, 42.71003 ], [ -77.9049, 42.65931 ], [ -78.04679, 42.67712 ], [ -78.07548, 42.70468 ], [ -78.16002, 42.66724 ], [ -78.18701, 42.57469 ], [ -78.17181, 42.50088 ], [ -78.25601, 42.46338 ], [ -78.28277, 42.37081 ], [ -78.33142, 42.32889 ], [ -78.47267, 42.34628 ], [ -78.49905, 42.25366 ], [ -78.66895, 42.29834 ], [ -78.614, 42.36353 ], [ -78.58774, 42.45617 ], [ -78.49052, 42.54016 ], [ -78.45509, 42.53583 ], [ -78.44181, 42.58213 ], [ -78.3997, 42.60094 ], [ -78.43517, 42.60528 ], [ -78.42852, 42.62843 ], [ -78.49949, 42.63709 ], [ -78.51273, 42.59079 ], [ -78.59026, 42.57625 ], [ -78.60343, 42.52994 ], [ -78.70976, 42.54279 ], [ -78.73587, 42.45014 ], [ -78.92911, 42.28175 ], [ -78.99975, 42.29017 ], [ -79.04785, 42.24801 ], [ -79.07334, 42.15529 ], [ -79.12129, 42.1131 ], [ -79.15653, 42.11726 ], [ -79.16918, 42.07089 ], [ -79.23961, 42.07919 ], [ -79.33511, 41.99469 ], [ -79.3663, 41.8787 ], [ -79.43654, 41.88691 ], [ -79.49022, 41.82139 ], [ -79.63064, 41.83765 ], [ -79.64288, 41.79123 ], [ -79.71306, 41.7993 ], [ -79.72523, 41.75287 ], [ -79.76031, 41.75689 ], [ -79.76638, 41.73367 ], [ -79.73131, 41.72966 ], [ -79.73739, 41.70644 ], [ -79.77244, 41.71046 ], [ -79.79664, 41.61758 ], [ -79.77374, 41.56713 ], [ -79.79185, 41.49746 ], [ -79.72199, 41.48943 ], [ -79.69314, 41.46218 ], [ -79.74014, 41.41977 ], [ -79.78234, 41.2572 ], [ -79.89274, 41.24597 ], [ -79.90367, 41.34288 ], [ -79.97339, 41.35082 ], [ -79.96744, 41.37406 ], [ -80.0372, 41.38197 ], [ -80.06025, 41.43239 ], [ -80.03056, 41.54855 ], [ -80.1646, 41.58752 ], [ -80.15279, 41.634 ], [ -80.28709, 41.67285 ], [ -80.29882, 41.62637 ], [ -80.38056, 41.58763 ], [ -80.49142, 41.57594 ], [ -80.59651, 41.58741 ], [ -80.71873, 41.52903 ], [ -80.78875, 41.53658 ], [ -80.81139, 41.44353 ], [ -80.74714, 41.41273 ], [ -80.76413, 41.34294 ], [ -80.65943, 41.33158 ], [ -80.67081, 41.28506 ], [ -80.84522, 41.30393 ], [ -80.89133, 41.26113 ], [ -80.71703, 41.24232 ], [ -80.54856, 41.20004 ], [ -80.5371, 41.24656 ], [ -80.39776, 41.23118 ], [ -80.41509, 41.16142 ], [ -80.35132, 41.13044 ], [ -80.20644, 41.13812 ], [ -80.06743, 41.12242 ], [ -80.00386, 41.09128 ], [ -80.01569, 41.0448 ], [ -79.70357, 41.00885 ], [ -79.65684, 41.05126 ], [ -79.51815, 41.03502 ], [ -79.50597, 41.08146 ], [ -79.56928, 41.11282 ], [ -79.51629, 41.1784 ], [ -79.44681, 41.17023 ], [ -79.47739, 41.05415 ], [ -79.42031, 40.99953 ], [ -79.31642, 40.98719 ], [ -79.30029, 40.91343 ], [ -79.15579, 40.92004 ], [ -79.13985, 40.84625 ], [ -79.03627, 40.8337 ], [ -78.97976, 40.77889 ], [ -78.99852, 40.70929 ], [ -78.90147, 40.67344 ], [ -78.9328, 40.55744 ], [ -78.86407, 40.54897 ], [ -78.87662, 40.50257 ], [ -78.84229, 40.49833 ], [ -78.82972, 40.54473 ], [ -78.73301, 40.50875 ], [ -78.75826, 40.41597 ], [ -78.69604, 40.38423 ], [ -78.66178, 40.37994 ], [ -78.61483, 40.42203 ], [ -78.58299, 40.53797 ], [ -78.54866, 40.53366 ], [ -78.52305, 40.62639 ], [ -78.59181, 40.63502 ], [ -78.54463, 40.67708 ], [ -78.40705, 40.65974 ], [ -78.42854, 40.71044 ], [ -78.39413, 40.70609 ], [ -78.38119, 40.75244 ], [ -78.27791, 40.73933 ], [ -78.1353, 40.86512 ], [ -78.12214, 40.91143 ], [ -77.96425, 40.96314 ], [ -77.95094, 41.00944 ], [ -77.77829, 40.98703 ], [ -77.77157, 41.01017 ], [ -77.8061, 41.01467 ], [ -77.7303, 41.02879 ], [ -77.71681, 41.07507 ], [ -77.67549, 41.09368 ], [ -77.53725, 41.0755 ], [ -77.55767, 41.00611 ], [ -77.52316, 41.00155 ], [ -77.55716, 40.8859 ], [ -77.53631, 40.83508 ], [ -77.43307, 40.82135 ], [ -77.42624, 40.84448 ], [ -77.39183, 40.83988 ], [ -77.37813, 40.88613 ], [ -77.30927, 40.87691 ], [ -77.28172, 40.96938 ], [ -77.21279, 40.96012 ], [ -77.19893, 41.00634 ], [ -77.16445, 41.0017 ], [ -77.18506, 41.05257 ], [ -77.16422, 41.1219 ], [ -77.1154, 41.28364 ], [ -76.96986, 41.28801 ], [ -76.88648, 41.32477 ], [ -76.76221, 41.25966 ], [ -76.69303, 41.25014 ], [ -76.72156, 41.1578 ], [ -76.41096, 41.11462 ], [ -76.28033, 41.07214 ], [ -76.12057, 41.12177 ], [ -76.18638, 40.91424 ], [ -76.11766, 40.90444 ], [ -76.11035, 40.9275 ], [ -75.9386, 40.90284 ], [ -75.9607, 40.83369 ], [ -75.92641, 40.82873 ], [ -75.93378, 40.80568 ], [ -75.79668, 40.7858 ], [ -75.71328, 40.82189 ], [ -75.6566, 40.88599 ], [ -75.51942, 40.86584 ], [ -75.46251, 40.92986 ], [ -75.39389, 40.91971 ], [ -75.24524, 41.0425 ], [ -75.22994, 41.08852 ], [ -75.12683, 41.07311 ], [ -75.06933, 41.13696 ], [ -75.00055, 41.12662 ], [ -74.98941, 41.05245 ], [ -74.85209, 41.03166 ], [ -74.70998, 41.13088 ], [ -74.65701, 41.07441 ], [ -74.74134, 41.03896 ], [ -74.81155, 40.83207 ], [ -74.66693, 40.83408 ], [ -74.65126, 40.88005 ], [ -74.68549, 40.88531 ], [ -74.64628, 41.00021 ], [ -74.50128, 41.00206 ], [ -74.496, 41.1222 ], [ -74.46425, 41.21407 ], [ -74.4563, 41.23703 ], [ -74.51717, 41.27061 ], [ -74.49333, 41.3395 ], [ -74.52779, 41.3448 ], [ -74.59673, 41.35537 ], [ -74.60746, 41.42955 ], [ -74.55706, 41.47021 ], [ -74.45349, 41.45431 ], [ -74.39747, 41.61502 ], [ -74.41603, 41.66625 ], [ -74.38141, 41.66093 ], [ -74.35727, 41.72978 ], [ -74.44523, 41.79165 ], [ -74.51465, 41.80226 ], [ -74.52536, 41.87643 ], [ -74.59488, 41.88699 ], [ -74.60286, 41.86403 ], [ -74.67238, 41.87456 ], [ -74.68034, 41.85159 ], [ -74.70416, 41.78269 ], [ -74.84308, 41.80361 ], [ -74.95517, 41.79624 ], [ -75.0786, 41.8629 ], [ -75.18301, 41.87834 ], [ -75.16746, 41.92432 ], [ -75.32625, 41.9959 ] ], [ [ -76.03717, 41.49549 ], [ -76.07415, 41.38026 ], [ -76.15073, 41.36702 ], [ -76.21466, 41.27969 ], [ -76.38754, 41.304 ], [ -76.58079, 41.37905 ], [ -76.56638, 41.4252 ], [ -76.42774, 41.40594 ], [ -76.41322, 41.45207 ], [ -76.30192, 41.46059 ], [ -76.23793, 41.54795 ], [ -76.14119, 41.51023 ], [ -76.03717, 41.49549 ] ] ], [ [ [ -70.50191, 43.32617 ], [ -70.43381, 43.48507 ], [ -70.41429, 43.53046 ], [ -70.48857, 43.44594 ], [ -70.59787, 43.36761 ], [ -70.68763, 43.33464 ], [ -70.83816, 43.3367 ], [ -70.81899, 43.38215 ], [ -70.85425, 43.38833 ], [ -70.86383, 43.3656 ], [ -70.99153, 43.24153 ], [ -71.06195, 43.2538 ], [ -71.09982, 43.16284 ], [ -71.13499, 43.16895 ], [ -71.14443, 43.1462 ], [ -71.17271, 43.07797 ], [ -71.24297, 43.09014 ], [ -71.27111, 43.02189 ], [ -71.26413, 42.94755 ], [ -71.31787, 42.90811 ], [ -71.35292, 42.91417 ], [ -71.37155, 42.86865 ], [ -71.44161, 42.88074 ], [ -71.4972, 42.74413 ], [ -71.59292, 42.78493 ], [ -71.57448, 42.83048 ], [ -71.64453, 42.84246 ], [ -71.65373, 42.81969 ], [ -71.68876, 42.82566 ], [ -71.69794, 42.80288 ], [ -71.75129, 42.76328 ], [ -71.73461, 42.71175 ], [ -71.83487, 42.46108 ], [ -71.90593, 42.37583 ], [ -71.97554, 42.38765 ], [ -72.00255, 42.31924 ], [ -72.08897, 42.38253 ], [ -72.16757, 42.37145 ], [ -72.14967, 42.41708 ], [ -72.21937, 42.42879 ], [ -72.32397, 42.44629 ], [ -72.35885, 42.45211 ], [ -72.39434, 42.3608 ], [ -72.42918, 42.3666 ], [ -72.41147, 42.41226 ], [ -72.44634, 42.41806 ], [ -72.47285, 42.34956 ], [ -72.58618, 42.34404 ], [ -72.65569, 42.45266 ], [ -72.69061, 42.4584 ], [ -72.70812, 42.41271 ], [ -72.74302, 42.41843 ], [ -72.79533, 42.28132 ], [ -72.83016, 42.28703 ], [ -72.90809, 42.0813 ], [ -72.96005, 42.04125 ], [ -73.02948, 42.05257 ], [ -73.08988, 41.9896 ], [ -73.15928, 42.00086 ], [ -73.18483, 41.93222 ], [ -73.27114, 41.89766 ], [ -73.2457, 41.96632 ], [ -73.30662, 42.00039 ], [ -73.27268, 42.09193 ], [ -73.43712, 42.04556 ], [ -73.5594, 42.11351 ], [ -73.52577, 42.20511 ], [ -73.59548, 42.21616 ], [ -73.56185, 42.30776 ], [ -73.56308, 42.40487 ], [ -73.60777, 42.4846 ], [ -73.81797, 42.51752 ], [ -73.88462, 42.33421 ], [ -73.96282, 42.32216 ], [ -73.99778, 42.32758 ], [ -74.01429, 42.28173 ], [ -74.04923, 42.28714 ], [ -74.05747, 42.26422 ], [ -73.98762, 42.25339 ], [ -74.0206, 42.16169 ], [ -73.99397, 42.13335 ], [ -73.95912, 42.12793 ], [ -73.89771, 42.09413 ], [ -73.93074, 42.00245 ], [ -73.87773, 41.94572 ], [ -73.89423, 41.89988 ], [ -73.83308, 41.86605 ], [ -73.89077, 41.7056 ], [ -73.77872, 41.71214 ], [ -73.61412, 41.66176 ], [ -73.51997, 41.71943 ], [ -73.42465, 41.67989 ], [ -73.28649, 41.65759 ], [ -73.17508, 41.76081 ], [ -73.03684, 41.73827 ], [ -73.00264, 41.82976 ], [ -72.8039, 41.96708 ], [ -72.42309, 41.90379 ], [ -72.38791, 41.99513 ], [ -72.31866, 41.9835 ], [ -72.34513, 41.91501 ], [ -72.18116, 41.86299 ], [ -72.10321, 41.87408 ], [ -71.93955, 41.82179 ], [ -71.84364, 41.87834 ], [ -71.81663, 41.94674 ], [ -71.72042, 42.0032 ], [ -71.7715, 42.06071 ], [ -71.73528, 42.15187 ], [ -71.65688, 42.16271 ], [ -71.52551, 42.21306 ], [ -71.56208, 42.12195 ], [ -71.45113, 42.02955 ], [ -71.39608, 42.16617 ], [ -71.43781, 42.24655 ], [ -71.35481, 42.45145 ], [ -71.3896, 42.4575 ], [ -71.33403, 42.59407 ], [ -71.29917, 42.58801 ], [ -71.25261, 42.70179 ], [ -71.1547, 42.75786 ], [ -71.10775, 42.87159 ], [ -70.95835, 42.8698 ], [ -70.90145, 43.00619 ], [ -70.83135, 42.99385 ], [ -70.77405, 43.13018 ], [ -70.70384, 43.11778 ], [ -70.64614, 43.25406 ], [ -70.53098, 43.25806 ], [ -70.50191, 43.32617 ] ], [ [ -72.60428, 42.10411 ], [ -72.56047, 42.21832 ], [ -72.50853, 42.1611 ], [ -72.54363, 42.06974 ], [ -72.60428, 42.10411 ] ] ] ] } },
{ "type": "Feature", "properties": { "ID": 30 }, "geometry": { "type": "MultiPolygon", "coordinates": [ [ [ [ -72.3437, 40.86896 ], [ -72.31767, 40.9375 ], [ -72.36843, 40.99483 ], [ -72.41984, 40.95495 ], [ -72.5479, 40.90375 ], [ -72.68429, 40.82957 ], [ -72.78639, 40.84675 ], [ -72.89702, 40.84098 ], [ -72.9564, 40.77802 ], [ -73.05849, 40.795 ], [ -73.06734, 40.86933 ], [ -73.13551, 40.88061 ], [ -73.12766, 41.0007 ], [ -73.19534, 40.91475 ], [ -73.21206, 40.86895 ], [ -73.32269, 40.86285 ], [ -73.45913, 40.88513 ], [ -73.53563, 40.8733 ], [ -73.7049, 40.80367 ], [ -73.73753, 40.71194 ], [ -73.83, 40.65409 ], [ -73.96617, 40.67588 ], [ -73.99837, 40.58408 ], [ -74.04842, 40.5436 ], [ -73.97241, 40.55571 ], [ -73.83649, 40.53392 ], [ -73.7782, 40.59727 ], [ -73.60829, 40.56978 ], [ -73.45601, 40.59347 ], [ -73.31191, 40.5941 ], [ -73.26136, 40.63432 ], [ -73.12552, 40.61184 ], [ -72.96455, 40.65791 ], [ -72.90528, 40.72088 ], [ -72.80335, 40.70378 ], [ -72.78638, 40.74954 ], [ -72.64192, 40.74947 ], [ -72.62482, 40.79521 ], [ -72.52284, 40.7779 ], [ -72.49704, 40.84648 ], [ -72.39502, 40.82908 ], [ -72.3437, 40.86896 ] ] ], [ [ [ -72.21555, 40.91998 ], [ -72.11349, 40.90238 ], [ -72.08719, 40.97087 ], [ -72.09492, 41.04524 ], [ -72.06855, 41.11372 ], [ -72.18846, 41.08568 ], [ -72.22342, 40.99434 ], [ -72.21555, 40.91998 ] ] ], [ [ [ -71.62376, 41.13367 ], [ -71.5556, 41.12166 ], [ -71.52861, 41.19004 ], [ -71.57886, 41.24764 ], [ -71.62376, 41.13367 ] ] ], [ [ [ -70.7519, 41.66132 ], [ -70.82049, 41.67371 ], [ -70.89203, 41.58892 ], [ -70.78926, 41.57038 ], [ -70.7519, 41.66132 ] ] ], [ [ [ -70.74261, 41.41537 ], [ -70.81396, 41.33061 ], [ -70.62476, 41.34503 ], [ -70.48839, 41.32003 ], [ -70.41662, 41.40462 ], [ -70.55314, 41.42969 ], [ -70.52494, 41.49785 ], [ -70.45301, 41.58246 ], [ -70.38459, 41.56989 ], [ -70.3219, 41.63172 ], [ -70.20969, 41.63546 ], [ -70.10705, 41.61643 ], [ -70.04405, 41.67813 ], [ -69.98524, 41.64269 ], [ -69.90275, 41.74968 ], [ -69.89829, 41.84679 ], [ -69.95725, 41.88226 ], [ -69.97757, 42.00842 ], [ -70.02704, 42.06653 ], [ -70.16486, 42.09196 ], [ -70.24342, 42.08194 ], [ -70.23776, 42.00753 ], [ -70.16892, 41.99487 ], [ -70.11524, 42.0339 ], [ -70.06571, 41.97581 ], [ -70.10425, 41.88507 ], [ -70.03557, 41.87234 ], [ -70.0741, 41.78161 ], [ -70.177, 41.80066 ], [ -70.24, 41.73891 ], [ -70.37718, 41.76414 ], [ -70.47067, 41.80569 ], [ -70.52044, 41.86364 ], [ -70.48251, 41.95449 ], [ -70.59527, 41.95053 ], [ -70.56427, 41.84717 ], [ -70.5926, 41.77902 ], [ -70.73317, 41.70678 ], [ -70.7519, 41.66132 ], [ -70.64905, 41.64268 ], [ -70.69592, 41.52903 ], [ -70.74881, 41.48978 ], [ -70.81722, 41.50217 ], [ -70.82023, 41.40502 ], [ -70.74261, 41.41537 ] ], [ [ -70.74261, 41.41537 ], [ -70.70527, 41.5063 ], [ -70.64625, 41.47113 ], [ -70.74261, 41.41537 ] ] ], [ [ [ -70.29915, 41.33401 ], [ -70.08946, 41.22155 ], [ -69.97796, 41.22511 ], [ -69.93963, 41.31585 ], [ -70.10983, 41.34774 ], [ -70.29915, 41.33401 ] ] ], [ [ [ -69.17358, 43.91686 ], [ -69.18841, 43.96866 ], [ -69.20899, 43.92343 ], [ -69.17358, 43.91686 ] ] ], [ [ [ -68.88856, 44.03542 ], [ -68.75733, 43.9862 ], [ -68.75087, 44.0832 ], [ -68.82179, 44.09654 ], [ -68.88856, 44.03542 ] ] ], [ [ [ -68.66947, 44.09241 ], [ -68.63016, 44.01128 ], [ -68.55938, 43.99786 ], [ -68.51717, 44.08813 ], [ -68.59859, 44.079 ], [ -68.66947, 44.09241 ] ] ], [ [ [ -65.54649, 43.46343 ], [ -65.60441, 43.50063 ], [ -65.58132, 43.54533 ], [ -65.70922, 43.67179 ], [ -65.81384, 43.69394 ], [ -65.79082, 43.73867 ], [ -65.84916, 43.77578 ], [ -65.84959, 43.85024 ], [ -65.815, 43.91734 ], [ -65.90908, 44.03626 ], [ -66.02654, 44.11035 ], [ -66.09686, 44.12498 ], [ -66.06239, 44.19214 ], [ -66.13282, 44.20675 ], [ -66.14509, 44.25882 ], [ -66.21385, 44.12446 ], [ -66.22438, 44.0276 ], [ -66.15334, 43.93857 ], [ -66.21033, 43.82661 ], [ -66.1046, 43.73027 ], [ -66.02202, 43.5891 ], [ -65.97634, 43.67862 ], [ -65.8951, 43.6863 ], [ -65.82533, 43.67158 ], [ -65.84787, 43.55238 ], [ -65.77827, 43.53764 ], [ -65.81268, 43.47055 ], [ -65.70845, 43.44839 ], [ -65.59264, 43.37405 ], [ -65.54649, 43.46343 ] ] ], [ [ [ -66.04139, 44.46031 ], [ -66.01824, 44.50507 ], [ -66.07747, 44.54209 ], [ -66.32147, 44.29519 ], [ -66.40347, 44.28727 ], [ -66.43762, 44.22003 ], [ -66.33186, 44.19832 ], [ -66.25089, 44.28067 ], [ -66.20503, 44.37026 ], [ -66.12288, 44.37807 ], [ -66.04139, 44.46031 ] ] ], [ [ [ -66.71627, 44.67233 ], [ -66.76161, 44.58258 ], [ -66.67924, 44.5907 ], [ -66.64516, 44.65799 ], [ -66.71627, 44.67233 ] ] ], [ [ [ -63.7238, 44.45822 ], [ -63.59608, 44.40452 ], [ -63.54859, 44.4188 ], [ -63.48608, 44.52971 ], [ -63.59135, 44.55343 ], [ -63.60619, 44.45678 ], [ -63.67631, 44.47255 ], [ -63.66386, 44.49475 ], [ -63.69894, 44.50262 ], [ -63.7238, 44.45822 ] ] ] ] } },
{ "type": "Feature", "properties": { "ID": 31 }, "geometry": { "type": "MultiPolygon", "coordinates": [ [ [ [ -99.46939, 40.08646 ], [ -99.4732, 40.1572 ], [ -99.62256, 40.34226 ], [ -99.66138, 40.41206 ], [ -99.76585, 40.40929 ], [ -99.80627, 40.50261 ], [ -99.87601, 40.5007 ], [ -99.91665, 40.59399 ], [ -99.98795, 40.61558 ], [ -99.9909, 40.66271 ], [ -100.09576, 40.65969 ], [ -100.09879, 40.70681 ], [ -100.17183, 40.75186 ], [ -100.17645, 40.82253 ], [ -100.07132, 40.82561 ], [ -100.04226, 40.92084 ], [ -100.05277, 41.08571 ], [ -100.091, 41.13179 ], [ -100.16142, 41.12974 ], [ -100.20132, 41.19935 ], [ -100.20758, 41.29354 ], [ -100.03106, 41.29866 ], [ -100.03858, 41.41639 ], [ -100.11547, 41.50854 ], [ -100.01069, 41.53511 ], [ -100.0137, 41.5822 ], [ -99.90729, 41.58515 ], [ -99.91462, 41.70287 ], [ -99.98868, 41.74799 ], [ -100.03029, 41.84116 ], [ -100.03788, 41.95885 ], [ -100.1201, 42.12158 ], [ -100.23701, 42.25967 ], [ -100.30871, 42.25754 ], [ -100.34785, 42.30353 ], [ -100.59893, 42.29575 ], [ -100.56652, 42.34395 ], [ -100.96126, 42.33093 ], [ -100.96502, 42.37798 ], [ -101.04447, 42.46958 ], [ -101.11638, 42.46705 ], [ -101.23815, 42.62782 ], [ -101.25215, 42.79243 ], [ -101.32442, 42.78981 ], [ -101.36875, 42.88253 ], [ -101.54969, 42.87575 ], [ -101.59014, 42.92139 ], [ -101.60085, 43.03894 ], [ -101.53253, 43.08872 ], [ -101.4236, 43.0928 ], [ -101.39349, 43.16467 ], [ -101.43402, 43.21035 ], [ -101.50678, 43.20764 ], [ -101.55383, 43.32381 ], [ -101.62672, 43.32103 ], [ -101.6441, 43.50908 ], [ -101.79702, 43.57392 ], [ -101.80599, 43.66794 ], [ -101.77382, 43.71638 ], [ -101.78952, 43.88091 ], [ -101.75274, 43.88234 ], [ -101.76393, 43.99987 ], [ -101.73601, 44.09531 ], [ -101.88363, 44.08955 ], [ -101.95279, 44.0396 ], [ -102.06103, 44.01163 ], [ -102.20842, 44.00554 ], [ -102.20359, 43.95854 ], [ -102.31402, 43.95388 ], [ -102.31894, 44.00087 ], [ -102.42944, 43.99613 ], [ -102.47635, 44.0885 ], [ -102.66076, 44.08035 ], [ -102.67115, 44.17431 ], [ -102.8322, 44.28505 ], [ -102.90619, 44.28164 ], [ -102.95405, 44.37387 ], [ -103.03365, 44.41737 ], [ -103.18193, 44.41031 ], [ -103.15046, 44.45905 ], [ -103.29883, 44.45188 ], [ -103.37878, 44.4952 ], [ -103.35857, 44.33085 ], [ -103.50659, 44.32347 ], [ -103.56579, 44.20236 ], [ -103.63666, 44.17511 ], [ -103.62476, 44.08122 ], [ -103.57316, 43.96574 ], [ -103.53052, 43.92067 ], [ -103.45701, 43.92439 ], [ -103.43966, 43.78354 ], [ -103.51592, 43.8033 ], [ -103.69931, 43.79386 ], [ -103.69334, 43.74692 ], [ -103.83686, 43.71575 ], [ -103.8308, 43.66881 ], [ -104.08688, 43.65499 ], [ -104.13604, 43.74682 ], [ -104.24592, 43.74073 ], [ -104.32561, 43.78353 ], [ -104.37523, 43.87529 ], [ -104.44863, 43.87111 ], [ -104.53526, 43.96072 ], [ -104.54522, 44.03107 ], [ -104.66906, 44.11847 ], [ -104.74273, 44.11416 ], [ -104.76321, 44.25485 ], [ -104.65583, 44.28478 ], [ -104.67617, 44.42548 ], [ -104.60549, 44.45322 ], [ -104.5819, 44.54917 ], [ -104.51102, 44.57686 ], [ -104.51771, 44.62378 ], [ -104.45005, 44.6749 ], [ -104.42944, 44.79428 ], [ -104.32092, 44.82398 ], [ -104.34065, 44.96475 ], [ -104.42871, 45.05444 ], [ -104.46614, 45.05234 ], [ -104.48966, 45.21657 ], [ -104.63974, 45.20807 ], [ -104.65691, 45.32536 ], [ -104.61932, 45.32751 ], [ -104.63994, 45.46827 ], [ -104.80116, 45.53 ], [ -104.86482, 45.9523 ], [ -104.78179, 45.90975 ], [ -104.59196, 45.92053 ], [ -104.55742, 45.94613 ], [ -104.36744, 45.95663 ], [ -104.23195, 46.08226 ], [ -104.28338, 46.17414 ], [ -104.29007, 46.2211 ], [ -104.44277, 46.21279 ], [ -104.47409, 46.16373 ], [ -104.62661, 46.15524 ], [ -104.73745, 46.1253 ], [ -104.92791, 46.11434 ], [ -104.90996, 45.99702 ], [ -105.00045, 46.08642 ], [ -105.149, 46.05395 ], [ -105.26311, 46.0471 ], [ -105.25566, 46.00019 ], [ -105.36587, 45.9698 ], [ -105.51775, 45.96043 ], [ -105.51011, 45.91353 ], [ -105.65794, 45.88057 ], [ -105.65019, 45.83368 ], [ -105.83559, 45.79816 ], [ -105.82771, 45.75128 ], [ -106.01274, 45.71554 ], [ -106.03447, 45.61933 ], [ -106.18126, 45.58588 ], [ -106.24846, 45.53396 ], [ -106.27383, 45.46115 ], [ -106.47857, 45.32862 ], [ -106.47025, 45.28179 ], [ -106.54104, 45.25317 ], [ -106.56592, 45.18032 ], [ -106.64075, 45.17507 ], [ -106.66971, 45.12561 ], [ -106.65284, 45.03199 ], [ -106.76053, 45.00062 ], [ -106.74355, 44.90701 ], [ -106.84243, 44.82878 ], [ -106.82111, 44.71179 ], [ -106.89533, 44.70641 ], [ -106.87396, 44.58943 ], [ -106.93515, 44.51384 ], [ -106.86278, 44.11614 ], [ -106.88681, 44.04326 ], [ -106.84044, 43.78593 ], [ -106.75484, 43.7211 ], [ -106.70177, 43.63017 ], [ -106.67702, 43.48978 ], [ -106.62835, 43.42222 ], [ -106.31827, 43.11272 ], [ -106.16189, 43.05264 ], [ -106.03042, 42.91965 ], [ -106.01512, 42.82597 ], [ -105.93551, 42.78408 ], [ -105.92795, 42.73723 ], [ -105.85226, 42.71872 ], [ -105.84476, 42.67187 ], [ -105.68628, 42.58784 ], [ -105.67892, 42.54098 ], [ -105.57133, 42.54815 ], [ -105.55682, 42.45441 ], [ -105.44936, 42.46148 ], [ -105.4422, 42.41461 ], [ -105.04979, 42.20311 ], [ -104.90701, 42.21202 ], [ -104.90029, 42.16512 ], [ -104.79326, 42.1717 ], [ -104.78663, 42.12479 ], [ -104.67965, 42.13129 ], [ -104.67311, 42.08437 ], [ -104.4949, 42.09502 ], [ -104.4885, 42.0481 ], [ -104.38163, 42.05438 ], [ -104.30098, 41.98812 ], [ -104.08738, 42.00032 ], [ -104.0813, 41.95337 ], [ -103.79659, 41.96914 ], [ -103.79365, 41.94566 ], [ -103.5801, 41.95711 ], [ -103.5744, 41.91014 ], [ -103.28977, 41.9249 ], [ -103.29251, 41.94839 ], [ -102.86515, 41.96948 ], [ -102.79645, 41.99637 ], [ -102.54691, 42.00797 ], [ -102.54937, 42.03147 ], [ -102.37101, 42.03949 ], [ -102.37581, 42.0865 ], [ -102.19726, 42.09431 ], [ -102.09241, 42.12239 ], [ -102.09702, 42.16941 ], [ -101.95396, 42.17539 ], [ -101.84887, 42.2033 ], [ -101.7502, 42.30167 ], [ -101.57307, 42.33221 ], [ -101.5773, 42.37924 ], [ -101.39986, 42.40957 ], [ -101.38149, 42.19791 ], [ -101.45101, 42.17171 ], [ -101.44279, 42.07763 ], [ -101.51423, 42.07491 ], [ -101.57935, 42.0016 ], [ -101.57515, 41.95457 ], [ -101.67995, 41.92685 ], [ -101.71128, 41.8784 ], [ -101.7027, 41.78433 ], [ -101.80716, 41.75652 ], [ -101.79846, 41.66245 ], [ -101.86282, 41.589 ], [ -101.85625, 41.51844 ], [ -101.92482, 41.49199 ], [ -101.91377, 41.37439 ], [ -101.94022, 41.27882 ], [ -102.00403, 41.20529 ], [ -101.98178, 40.97003 ], [ -102.01686, 40.96854 ], [ -101.99686, 40.75677 ], [ -101.96189, 40.75826 ], [ -101.94651, 40.59352 ], [ -101.8681, 40.5023 ], [ -101.85732, 40.3846 ], [ -101.81615, 40.31542 ], [ -101.74036, 40.24766 ], [ -101.73405, 40.17701 ], [ -101.66058, 40.13275 ], [ -101.65231, 40.03854 ], [ -101.57906, 39.99423 ], [ -101.57499, 39.94711 ], [ -101.5039, 39.92631 ], [ -101.35015, 39.74322 ], [ -101.30799, 39.65028 ], [ -101.29837, 39.53242 ], [ -101.22403, 39.46432 ], [ -101.21648, 39.37002 ], [ -101.1387, 39.2547 ], [ -101.07033, 39.25724 ], [ -101.03251, 39.21133 ], [ -101.02526, 39.11698 ], [ -100.91759, 39.04993 ], [ -100.80497, 38.912 ], [ -100.76582, 38.8424 ], [ -100.69787, 38.84475 ], [ -100.62659, 38.79987 ], [ -100.55214, 38.70774 ], [ -100.54888, 38.66053 ], [ -100.41333, 38.66499 ], [ -100.41649, 38.71221 ], [ -100.28235, 38.74016 ], [ -100.28542, 38.78737 ], [ -100.35802, 38.85604 ], [ -100.36271, 38.92684 ], [ -100.46479, 38.92355 ], [ -100.57837, 39.08535 ], [ -100.68068, 39.08189 ], [ -100.72328, 39.19867 ], [ -100.59325, 39.29767 ], [ -100.52481, 39.29994 ], [ -100.52972, 39.3707 ], [ -100.59823, 39.36843 ], [ -100.6735, 39.46046 ], [ -100.67858, 39.5312 ], [ -100.57556, 39.53466 ], [ -100.54451, 39.58295 ], [ -100.55277, 39.70084 ], [ -100.59054, 39.74686 ], [ -100.49371, 39.84455 ], [ -100.80423, 39.83414 ], [ -100.77843, 39.95317 ], [ -100.84755, 39.95078 ], [ -100.82002, 40.04624 ], [ -100.75254, 40.07219 ], [ -100.72482, 40.16762 ], [ -100.65888, 40.21708 ], [ -100.55476, 40.22052 ], [ -100.48206, 40.17564 ], [ -100.378, 40.17895 ], [ -100.30547, 40.13397 ], [ -100.29918, 40.03969 ], [ -100.33063, 39.99148 ], [ -100.15767, 39.99676 ], [ -100.16071, 40.0439 ], [ -99.9876, 40.04897 ], [ -99.98469, 40.00182 ], [ -99.88089, 40.00476 ], [ -99.88372, 40.05191 ], [ -99.74657, 40.07928 ], [ -99.75206, 40.17358 ], [ -99.68267, 40.17543 ], [ -99.61063, 40.13009 ], [ -99.60799, 40.08294 ], [ -99.46939, 40.08646 ] ], [ [ -101.11269, 40.6736 ], [ -101.00785, 40.67737 ], [ -101.03537, 40.58193 ], [ -101.11269, 40.6736 ] ], [ [ -105.97555, 43.25495 ], [ -105.92404, 43.16374 ], [ -106.03267, 43.15632 ], [ -105.97555, 43.25495 ] ], [ [ -105.62146, 43.7994 ], [ -105.54824, 43.80416 ], [ -105.53346, 43.71044 ], [ -105.60657, 43.7057 ], [ -105.62146, 43.7994 ] ], [ [ -105.43463, 44.2611 ], [ -105.41991, 44.16737 ], [ -105.53042, 44.16033 ], [ -105.63713, 44.12977 ], [ -105.66641, 44.08052 ], [ -105.64763, 43.96339 ], [ -105.79443, 43.95375 ], [ -105.80967, 44.04744 ], [ -105.73616, 44.05228 ], [ -105.79197, 44.16698 ], [ -105.76275, 44.21625 ], [ -105.68904, 44.22108 ], [ -105.66349, 44.29376 ], [ -105.51584, 44.30327 ], [ -105.43463, 44.2611 ] ] ] ] } },
{ "type": "Feature", "properties": { "ID": 32 }, "geometry": { "type": "MultiPolygon", "coordinates": [ [ [ [ -96.18085, 42.36881 ], [ -96.2168, 42.36876 ], [ -96.21697, 42.41586 ], [ -96.32489, 42.41566 ], [ -96.32452, 42.345 ], [ -96.25208, 42.20381 ], [ -96.18037, 42.20392 ], [ -96.18085, 42.36881 ] ] ], [ [ [ -96.43315, 42.46249 ], [ -96.46915, 42.46238 ], [ -96.47094, 42.6979 ], [ -96.39866, 42.69812 ], [ -96.39988, 42.88653 ], [ -96.50863, 42.88619 ], [ -96.5455, 42.95671 ], [ -96.65438, 42.95626 ], [ -96.65488, 43.00336 ], [ -96.83647, 43.00243 ], [ -96.83711, 43.04953 ], [ -96.98287, 43.07217 ], [ -96.98362, 43.11927 ], [ -97.05721, 43.16586 ], [ -97.16645, 43.16503 ], [ -97.1651, 43.09439 ], [ -97.2747, 43.11703 ], [ -97.38385, 43.11604 ], [ -97.42242, 43.20987 ], [ -97.57119, 43.32612 ], [ -97.71721, 43.32448 ], [ -97.71853, 43.37157 ], [ -97.83237, 43.51151 ], [ -97.90633, 43.53413 ], [ -97.94597, 43.62782 ], [ -98.05602, 43.62633 ], [ -98.05761, 43.67342 ], [ -98.13269, 43.71946 ], [ -98.13517, 43.79009 ], [ -98.21216, 43.88317 ], [ -98.32538, 43.95211 ], [ -98.32901, 44.04627 ], [ -98.55061, 44.04264 ], [ -98.58351, 43.94784 ], [ -98.73312, 43.99228 ], [ -98.80692, 43.9909 ], [ -98.80364, 43.92029 ], [ -98.79387, 43.70845 ], [ -98.75714, 43.70914 ], [ -98.74968, 43.54437 ], [ -98.9328, 43.54084 ], [ -98.93054, 43.49377 ], [ -99.07691, 43.49078 ], [ -99.07929, 43.53786 ], [ -99.3356, 43.53228 ], [ -99.32917, 43.41461 ], [ -99.29262, 43.41543 ], [ -99.27494, 43.08595 ], [ -99.38398, 43.08347 ], [ -99.38658, 43.13053 ], [ -99.53205, 43.1271 ], [ -99.53477, 43.17416 ], [ -99.61033, 43.21945 ], [ -99.71959, 43.21672 ], [ -99.75745, 43.23933 ], [ -99.76034, 43.28639 ], [ -99.90617, 43.28258 ], [ -99.90167, 43.21199 ], [ -99.8259, 43.16685 ], [ -99.82003, 43.07273 ], [ -99.78225, 43.05014 ], [ -99.63697, 43.05383 ], [ -99.41639, 43.01202 ], [ -99.41116, 42.91788 ], [ -99.62862, 42.91263 ], [ -99.6314, 42.9597 ], [ -99.77646, 42.95602 ], [ -99.77935, 43.00308 ], [ -99.9245, 42.99926 ], [ -99.92, 42.92867 ], [ -99.98944, 42.87964 ], [ -99.98031, 42.73846 ], [ -100.01491, 42.71394 ], [ -100.01185, 42.66687 ], [ -99.90357, 42.66982 ], [ -99.90804, 42.74042 ], [ -99.79818, 42.71976 ], [ -99.78663, 42.53149 ], [ -99.85719, 42.50606 ], [ -99.89319, 42.50509 ], [ -99.89024, 42.45803 ], [ -99.81829, 42.45994 ], [ -99.77659, 42.36674 ], [ -99.70194, 42.32153 ], [ -99.55835, 42.32513 ], [ -99.48392, 42.2798 ], [ -99.37502, 42.25882 ], [ -99.23156, 42.2621 ], [ -98.86959, 42.19905 ], [ -98.83055, 42.12912 ], [ -98.61577, 42.13318 ], [ -98.61379, 42.08608 ], [ -98.50647, 42.08799 ], [ -98.50458, 42.04089 ], [ -98.32584, 42.04389 ], [ -98.28664, 41.95026 ], [ -98.21441, 41.92782 ], [ -98.21108, 41.83361 ], [ -98.28062, 41.78538 ], [ -98.24249, 41.71528 ], [ -98.27464, 41.62049 ], [ -98.3785, 41.54808 ], [ -98.41036, 41.45326 ], [ -98.55201, 41.45079 ], [ -98.61795, 41.33171 ], [ -98.60725, 41.07253 ], [ -98.53402, 41.00312 ], [ -98.53027, 40.90885 ], [ -98.49516, 40.90947 ], [ -98.49701, 40.95661 ], [ -98.43033, 41.0521 ], [ -98.35995, 41.05329 ], [ -98.29382, 41.17227 ], [ -98.22413, 41.19696 ], [ -98.22579, 41.24409 ], [ -98.15679, 41.2923 ], [ -97.80349, 41.29723 ], [ -97.80484, 41.34435 ], [ -97.62865, 41.37005 ], [ -97.59625, 41.48827 ], [ -97.52651, 41.53617 ], [ -97.45557, 41.53691 ], [ -97.42223, 41.63152 ], [ -97.28013, 41.63286 ], [ -97.27822, 41.53861 ], [ -97.24275, 41.53892 ], [ -97.20954, 41.65704 ], [ -97.13846, 41.65762 ], [ -97.10127, 41.56365 ], [ -97.10003, 41.49296 ], [ -97.02914, 41.49349 ], [ -97.03068, 41.58775 ], [ -96.9604, 41.63537 ], [ -96.7117, 41.63682 ], [ -96.56916, 41.59033 ], [ -96.5698, 41.66102 ], [ -96.49946, 41.75554 ], [ -96.46386, 41.75566 ], [ -96.46755, 42.25038 ], [ -96.50381, 42.29737 ], [ -96.43233, 42.34472 ], [ -96.43315, 42.46249 ] ], [ [ -97.55977, 42.87874 ], [ -97.55858, 42.83164 ], [ -97.73965, 42.82959 ], [ -97.74231, 42.92378 ], [ -97.5247, 42.92621 ], [ -97.55977, 42.87874 ] ] ], [ [ [ -99.96518, 42.50314 ], [ -99.92919, 42.50412 ], [ -99.93218, 42.55119 ], [ -99.9682, 42.55021 ], [ -99.96518, 42.50314 ] ] ], [ [ [ -96.29013, 42.67482 ], [ -96.21771, 42.62784 ], [ -96.21846, 42.83981 ], [ -96.2909, 42.83968 ], [ -96.32688, 42.7925 ], [ -96.32625, 42.67475 ], [ -96.29013, 42.67482 ] ] ], [ [ [ -104.33418, 44.114 ], [ -104.21403, 44.04978 ], [ -104.10675, 44.07932 ], [ -104.11939, 44.17317 ], [ -104.19956, 44.21604 ], [ -104.34719, 44.20783 ], [ -104.33418, 44.114 ] ] ], [ [ [ -100.97595, 45.20755 ], [ -101.01955, 45.27688 ], [ -100.98387, 45.30165 ], [ -100.94619, 45.30288 ], [ -100.94816, 45.32641 ], [ -101.09893, 45.32142 ], [ -101.13457, 45.29662 ], [ -101.17224, 45.29534 ], [ -101.16813, 45.2483 ], [ -101.13049, 45.24958 ], [ -101.12438, 45.17901 ], [ -101.26848, 45.10329 ], [ -101.29972, 45.03142 ], [ -101.28925, 44.91384 ], [ -101.21852, 44.96348 ], [ -101.0312, 44.96985 ], [ -101.02922, 44.94632 ], [ -100.84193, 44.95245 ], [ -100.84577, 44.9995 ], [ -100.6958, 45.00424 ], [ -100.72581, 44.90897 ], [ -100.79878, 44.88308 ], [ -100.79499, 44.83604 ], [ -100.94453, 44.8312 ], [ -100.94063, 44.78416 ], [ -101.05069, 44.75692 ], [ -101.04274, 44.66285 ], [ -100.89363, 44.66778 ], [ -100.88593, 44.5737 ], [ -100.8096, 44.55259 ], [ -100.80582, 44.50555 ], [ -100.6425, 44.32208 ], [ -100.56835, 44.32437 ], [ -100.63343, 44.20447 ], [ -100.62801, 44.13391 ], [ -100.55054, 44.08915 ], [ -100.48542, 44.209 ], [ -100.41141, 44.21121 ], [ -100.33401, 44.16634 ], [ -100.30206, 44.23798 ], [ -100.07988, 44.24423 ], [ -100.08627, 44.33834 ], [ -100.1266, 44.38437 ], [ -100.23961, 44.40478 ], [ -100.25462, 44.61652 ], [ -100.32914, 44.61439 ], [ -100.36983, 44.66036 ], [ -100.38018, 44.80152 ], [ -100.41755, 44.80043 ], [ -100.48875, 44.75116 ], [ -100.48521, 44.70411 ], [ -100.59714, 44.70073 ], [ -100.59172, 44.63016 ], [ -100.63445, 44.69958 ], [ -100.71277, 44.74431 ], [ -100.72021, 44.8384 ], [ -100.60803, 44.84188 ], [ -100.60985, 44.8654 ], [ -100.57244, 44.86654 ], [ -100.61715, 44.9595 ], [ -100.5422, 44.96178 ], [ -100.53503, 44.86767 ], [ -100.49762, 44.86879 ], [ -100.51366, 45.08054 ], [ -100.55121, 45.07941 ], [ -100.55482, 45.12647 ], [ -100.62997, 45.12419 ], [ -100.6263, 45.07713 ], [ -100.81399, 45.07127 ], [ -100.85538, 45.11712 ], [ -100.86309, 45.21122 ], [ -100.97595, 45.20755 ] ], [ [ -100.59172, 44.63016 ], [ -100.51364, 44.58537 ], [ -100.50478, 44.46775 ], [ -100.5809, 44.48902 ], [ -100.59172, 44.63016 ] ] ], [ [ [ -100.82547, 45.21242 ], [ -100.78784, 45.21361 ], [ -100.79165, 45.26067 ], [ -100.8293, 45.25947 ], [ -100.82547, 45.21242 ] ] ] ] } },
{ "type": "Feature", "properties": { "ID": 33 }, "geometry": { "type": "MultiPolygon", "coordinates": [ [ [ [ -82.24925, 41.4238 ], [ -82.35946, 41.41066 ], [ -82.3696, 41.36401 ], [ -82.57974, 41.38412 ], [ -82.6799, 41.41739 ], [ -82.66998, 41.46406 ], [ -82.81525, 41.45386 ], [ -82.82507, 41.40718 ], [ -83.00041, 41.4234 ], [ -83.10085, 41.45638 ], [ -83.07678, 41.57311 ], [ -83.18229, 41.58268 ], [ -83.17271, 41.62938 ], [ -83.23835, 41.65907 ], [ -83.4145, 41.67477 ], [ -83.44505, 41.70124 ], [ -83.4333, 41.58135 ], [ -83.36293, 41.5751 ], [ -83.37707, 41.50503 ], [ -83.31625, 41.45204 ], [ -83.33041, 41.38197 ], [ -83.19015, 41.36934 ], [ -83.16942, 41.29611 ], [ -83.02939, 41.28332 ], [ -83.0185, 41.16335 ], [ -82.88366, 41.12707 ], [ -82.74949, 41.25732 ], [ -82.73964, 41.304 ], [ -82.49475, 41.28079 ], [ -82.25948, 41.37716 ], [ -82.24925, 41.4238 ] ] ], [ [ [ -87.66876, 41.96271 ], [ -87.65934, 42.03311 ], [ -87.78946, 42.1352 ], [ -87.80183, 42.04132 ], [ -87.66876, 41.96271 ] ] ], [ [ [ -82.49315, 43.11313 ], [ -82.5549, 43.16642 ], [ -82.52395, 43.30629 ], [ -82.53424, 43.42618 ], [ -82.6015, 43.45615 ], [ -82.58086, 43.5494 ], [ -82.64313, 43.60266 ], [ -82.61215, 43.74254 ], [ -82.72136, 43.75244 ], [ -82.6901, 43.72584 ], [ -82.73112, 43.5393 ], [ -82.75153, 43.44603 ], [ -82.79217, 43.25947 ], [ -82.82829, 43.26274 ], [ -82.86858, 43.07615 ], [ -82.96057, 42.98933 ], [ -83.06849, 42.99898 ], [ -83.07836, 42.95231 ], [ -83.16986, 42.86536 ], [ -83.2514, 42.82502 ], [ -83.34247, 42.73795 ], [ -83.45001, 42.74732 ], [ -83.45955, 42.70063 ], [ -83.56704, 42.70991 ], [ -83.6123, 42.66628 ], [ -83.6311, 42.57287 ], [ -83.71195, 42.53227 ], [ -83.85495, 42.54438 ], [ -83.86415, 42.49766 ], [ -83.98046, 42.45991 ], [ -84.03431, 42.36942 ], [ -84.00318, 42.34308 ], [ -83.86063, 42.33112 ], [ -83.83878, 42.25802 ], [ -83.69645, 42.2459 ], [ -83.60844, 42.14329 ], [ -83.58696, 42.07015 ], [ -83.49468, 41.99082 ], [ -83.51814, 41.87405 ], [ -83.45684, 41.82113 ], [ -83.40736, 41.88808 ], [ -83.3319, 41.90517 ], [ -83.24203, 41.99226 ], [ -83.20356, 42.17902 ], [ -83.16805, 42.17584 ], [ -83.13411, 42.33922 ], [ -83.08875, 42.3827 ], [ -82.94629, 42.36984 ], [ -82.91165, 42.53315 ], [ -82.83028, 42.5733 ], [ -82.80024, 42.71325 ], [ -82.76445, 42.70998 ], [ -82.73925, 42.82659 ], [ -82.70339, 42.8233 ], [ -82.67294, 42.96321 ], [ -82.637, 42.95991 ], [ -82.61146, 43.07649 ], [ -82.56519, 43.1198 ], [ -82.49315, 43.11313 ] ] ], [ [ [ -85.83778, 44.829 ], [ -85.78446, 44.92014 ], [ -85.9669, 44.95611 ], [ -86.01209, 44.91175 ], [ -86.05722, 44.86737 ], [ -86.08459, 44.70341 ], [ -86.12174, 44.70587 ], [ -86.13726, 44.61217 ], [ -86.21145, 44.61705 ], [ -86.25737, 44.33594 ], [ -86.2943, 44.33836 ], [ -86.31701, 44.1978 ], [ -86.36514, 44.12991 ], [ -86.43876, 44.13467 ], [ -86.48299, 44.09018 ], [ -86.3988, 43.91907 ], [ -86.42483, 43.75508 ], [ -86.55653, 43.62157 ], [ -86.48352, 43.61687 ], [ -86.45808, 43.54422 ], [ -86.47278, 43.4505 ], [ -86.39999, 43.44576 ], [ -86.37472, 43.37309 ], [ -86.38582, 43.30281 ], [ -86.2406, 43.2932 ], [ -86.26678, 43.12923 ], [ -86.20939, 43.03069 ], [ -86.19201, 42.91114 ], [ -86.28476, 42.32544 ], [ -86.3205, 42.32785 ], [ -86.45301, 42.17096 ], [ -86.4674, 42.0772 ], [ -86.54573, 42.03504 ], [ -86.59194, 41.96705 ], [ -86.61312, 41.82638 ], [ -86.71952, 41.83333 ], [ -86.76886, 41.74183 ], [ -86.84657, 41.69949 ], [ -86.95278, 41.70626 ], [ -86.95955, 41.65935 ], [ -87.0657, 41.66604 ], [ -87.07573, 41.59567 ], [ -86.72236, 41.57308 ], [ -86.72583, 41.54963 ], [ -86.5493, 41.53801 ], [ -86.53516, 41.6318 ], [ -86.45017, 41.72086 ], [ -86.34399, 41.71371 ], [ -86.33676, 41.76059 ], [ -86.26228, 41.77921 ], [ -86.24032, 41.91983 ], [ -86.20482, 41.91741 ], [ -86.16416, 42.17516 ], [ -86.12852, 42.17271 ], [ -86.10612, 42.31328 ], [ -86.14184, 42.31573 ], [ -86.06671, 42.78423 ], [ -86.1387, 42.78914 ], [ -86.12364, 42.88283 ], [ -86.00406, 42.94571 ], [ -85.98109, 43.08622 ], [ -86.05343, 43.09117 ], [ -86.07059, 43.21073 ], [ -86.17556, 43.2415 ], [ -86.16045, 43.33519 ], [ -86.18922, 43.38447 ], [ -86.29455, 43.41515 ], [ -86.28707, 43.462 ], [ -86.32348, 43.46441 ], [ -86.31601, 43.51126 ], [ -86.35244, 43.51365 ], [ -86.34872, 43.53708 ], [ -86.38517, 43.53947 ], [ -86.3554, 43.72688 ], [ -86.39197, 43.72927 ], [ -86.34338, 44.03382 ], [ -86.29153, 44.12512 ], [ -86.15814, 44.25839 ], [ -86.12344, 44.46919 ], [ -86.04553, 44.48769 ], [ -86.0299, 44.58137 ], [ -85.95577, 44.57641 ], [ -85.91079, 44.62075 ], [ -85.93602, 44.6935 ], [ -85.93206, 44.71692 ], [ -85.95736, 44.78967 ], [ -85.91222, 44.83402 ], [ -85.83778, 44.829 ] ] ], [ [ [ -81.6352, 41.2912 ], [ -81.62453, 41.33779 ], [ -81.68913, 41.3682 ], [ -81.73472, 41.32513 ], [ -81.76117, 41.20862 ], [ -81.65651, 41.198 ], [ -81.57606, 41.23747 ], [ -81.6352, 41.2912 ] ] ], [ [ [ -81.99365, 41.44637 ], [ -81.89381, 41.41262 ], [ -81.88331, 41.45923 ], [ -81.94816, 41.48951 ], [ -82.08842, 41.50336 ], [ -82.09878, 41.45674 ], [ -81.99365, 41.44637 ] ] ], [ [ [ -76.13781, 43.21959 ], [ -76.19614, 43.15538 ], [ -76.26739, 43.16513 ], [ -76.23724, 43.25729 ], [ -76.36682, 43.20274 ], [ -76.43235, 43.11538 ], [ -76.50359, 43.12501 ], [ -76.66704, 43.19507 ], [ -76.8098, 43.21408 ], [ -76.8739, 43.24661 ], [ -76.85928, 43.29275 ], [ -76.98837, 43.23765 ], [ -77.16707, 43.26099 ], [ -77.30299, 43.30261 ], [ -77.41749, 43.29331 ], [ -77.4317, 43.24712 ], [ -77.75382, 43.28801 ], [ -77.8185, 43.32012 ], [ -77.9619, 43.338 ], [ -77.99086, 43.36558 ], [ -78.17031, 43.3877 ], [ -78.17715, 43.36457 ], [ -78.35666, 43.38647 ], [ -78.36342, 43.36332 ], [ -78.543, 43.38499 ], [ -78.55638, 43.33869 ], [ -78.59228, 43.343 ], [ -78.63484, 43.32414 ], [ -78.69064, 43.25895 ], [ -78.72369, 43.14316 ], [ -78.71429, 43.04625 ], [ -78.76318, 43.0042 ], [ -78.83463, 43.0127 ], [ -78.88993, 42.94743 ], [ -78.83814, 42.86946 ], [ -78.87071, 42.75363 ], [ -78.91926, 42.71152 ], [ -79.03241, 42.70097 ], [ -79.08722, 42.63562 ], [ -79.11281, 42.5429 ], [ -79.2611, 42.53634 ], [ -79.28007, 42.46678 ], [ -79.32812, 42.42453 ], [ -79.51966, 42.25535 ], [ -79.59653, 42.24028 ], [ -79.70257, 42.25241 ], [ -79.71484, 42.20599 ], [ -79.82084, 42.21803 ], [ -79.83301, 42.1716 ], [ -79.88046, 42.12916 ], [ -79.94502, 42.16033 ], [ -79.99238, 42.11786 ], [ -80.13359, 42.13362 ], [ -80.2161, 42.09499 ], [ -80.26914, 42.02919 ], [ -80.35142, 41.99048 ], [ -80.45717, 42.00205 ], [ -80.46883, 41.95557 ], [ -80.6098, 41.97087 ], [ -80.66231, 41.90492 ], [ -80.74419, 41.86598 ], [ -80.88502, 41.88101 ], [ -80.86115, 41.83075 ], [ -81.00193, 41.84566 ], [ -81.05393, 41.77956 ], [ -81.15945, 41.79062 ], [ -81.17055, 41.74408 ], [ -81.27604, 41.75505 ], [ -81.35734, 41.71576 ], [ -81.4143, 41.62624 ], [ -81.49535, 41.58687 ], [ -81.58704, 41.50087 ], [ -81.59777, 41.45428 ], [ -81.49813, 41.42025 ], [ -81.35818, 41.40581 ], [ -81.2128, 41.41452 ], [ -81.19077, 41.50764 ], [ -81.15574, 41.50397 ], [ -81.18525, 41.53092 ], [ -81.12805, 41.62035 ], [ -81.05231, 41.63624 ], [ -81.01722, 41.63254 ], [ -81.00603, 41.67908 ], [ -80.79648, 41.79998 ], [ -80.65585, 41.78486 ], [ -80.67954, 41.83516 ], [ -80.53307, 41.84317 ], [ -80.32211, 41.82006 ], [ -80.29284, 41.79293 ], [ -80.28108, 41.83941 ], [ -80.10536, 41.81986 ], [ -79.95886, 41.82729 ], [ -79.86446, 41.91222 ], [ -79.82811, 42.05152 ], [ -79.7332, 42.13636 ], [ -79.56738, 42.21301 ], [ -79.46766, 42.17759 ], [ -79.39084, 42.19259 ], [ -79.37207, 42.26218 ], [ -79.27622, 42.3467 ], [ -79.15105, 42.40381 ], [ -79.09651, 42.46919 ], [ -78.99022, 42.45661 ], [ -78.92902, 42.5451 ], [ -78.90315, 42.63778 ], [ -78.83212, 42.62932 ], [ -78.76398, 42.74089 ], [ -78.66655, 42.825 ], [ -78.58872, 42.83957 ], [ -78.52656, 42.92787 ], [ -78.34832, 42.90618 ], [ -78.3416, 42.92933 ], [ -78.1278, 42.903 ], [ -78.12101, 42.92613 ], [ -78.01414, 42.91285 ], [ -77.91541, 42.99644 ], [ -77.90163, 43.04269 ], [ -77.78767, 43.05236 ], [ -77.60933, 43.02977 ], [ -77.49535, 43.03921 ], [ -77.46676, 43.01154 ], [ -77.28867, 42.98856 ], [ -77.3242, 42.87309 ], [ -77.34546, 42.8038 ], [ -77.23897, 42.78995 ], [ -77.26025, 42.84076 ], [ -77.11821, 42.82219 ], [ -76.98348, 42.7804 ], [ -76.96967, 42.70647 ], [ -76.89884, 42.69706 ], [ -76.84168, 42.76156 ], [ -76.7708, 42.75209 ], [ -76.79991, 42.65981 ], [ -76.72916, 42.65032 ], [ -76.67305, 42.59466 ], [ -76.6024, 42.58511 ], [ -76.60107, 42.7052 ], [ -76.5569, 42.84355 ], [ -76.47116, 42.88005 ], [ -76.36475, 42.86556 ], [ -76.31244, 43.02687 ], [ -76.27689, 43.02201 ], [ -76.16492, 42.91034 ], [ -76.07886, 42.94661 ], [ -75.92668, 43.06998 ], [ -75.91138, 43.11603 ], [ -75.94696, 43.12098 ], [ -76.08172, 43.16372 ], [ -76.06652, 43.20978 ], [ -76.13781, 43.21959 ] ] ] ] } },
{ "type": "Feature", "properties": { "ID": 34 }, "geometry": { "type": "MultiPolygon", "coordinates": [ [ [ [ -82.60883, 40.41052 ], [ -82.62354, 40.34046 ], [ -82.66289, 40.32042 ], [ -82.80075, 40.33358 ], [ -82.78624, 40.40366 ], [ -82.85045, 40.43355 ], [ -82.86572, 40.53025 ], [ -83.03866, 40.54643 ], [ -83.09223, 40.45617 ], [ -83.23047, 40.46891 ], [ -83.27437, 40.42533 ], [ -83.31159, 40.23831 ], [ -83.38971, 40.19783 ], [ -83.49301, 40.20717 ], [ -83.56643, 40.18998 ], [ -83.58005, 40.11981 ], [ -83.73109, 40.06188 ], [ -83.82534, 40.11777 ], [ -83.88187, 40.00378 ], [ -83.98492, 40.01277 ], [ -84.11372, 40.07145 ], [ -84.17389, 40.12416 ], [ -84.31588, 40.11242 ], [ -84.48805, 40.12681 ], [ -84.53923, 40.03598 ], [ -84.71125, 40.0501 ], [ -84.7359, 39.90952 ], [ -84.87327, 39.92064 ], [ -84.88136, 39.87377 ], [ -85.04903, 39.91091 ], [ -85.057, 39.86403 ], [ -85.15999, 39.87214 ], [ -85.16787, 39.82525 ], [ -85.24432, 39.78372 ], [ -85.41581, 39.79697 ], [ -85.49207, 39.7553 ], [ -85.54155, 39.66407 ], [ -85.74704, 39.67951 ], [ -85.81925, 39.66112 ], [ -85.82663, 39.61418 ], [ -85.99779, 39.62671 ], [ -86.00504, 39.57976 ], [ -86.17614, 39.59208 ], [ -86.19972, 39.66496 ], [ -86.40536, 39.67942 ], [ -86.51166, 39.66305 ], [ -86.6145, 39.67009 ], [ -86.62131, 39.62311 ], [ -86.75837, 39.63237 ], [ -86.76507, 39.58538 ], [ -86.90207, 39.59449 ], [ -86.96731, 39.6225 ], [ -87.01787, 39.50723 ], [ -87.0863, 39.51168 ], [ -87.23588, 39.42644 ], [ -87.24221, 39.37942 ], [ -87.34468, 39.38592 ], [ -87.31959, 39.57401 ], [ -87.40057, 39.48426 ], [ -87.4099, 39.41372 ], [ -87.51244, 39.42009 ], [ -87.51857, 39.37306 ], [ -87.62106, 39.37935 ], [ -87.70139, 39.2894 ], [ -87.70738, 39.24235 ], [ -87.7815, 39.1994 ], [ -87.91783, 39.20752 ], [ -87.92365, 39.16045 ], [ -88.16213, 39.17431 ], [ -88.24146, 39.08403 ], [ -88.44568, 39.09546 ], [ -88.4484, 39.07192 ], [ -88.89096, 39.09564 ], [ -88.92247, 39.12096 ], [ -89.09284, 39.12966 ], [ -89.10029, 39.05899 ], [ -89.14173, 38.99001 ], [ -89.34581, 39.00011 ], [ -89.33863, 39.0708 ], [ -89.57704, 39.08221 ], [ -89.58628, 38.98793 ], [ -89.6566, 38.96753 ], [ -89.66115, 38.92039 ], [ -89.83109, 38.92817 ], [ -89.82887, 38.95175 ], [ -90.03293, 38.96082 ], [ -90.02864, 39.00798 ], [ -90.13076, 39.0124 ], [ -90.23496, 38.99317 ], [ -90.23911, 38.946 ], [ -90.37516, 38.95167 ], [ -90.37112, 38.99884 ], [ -90.47324, 39.00301 ], [ -90.50136, 39.07513 ], [ -90.56953, 39.07785 ], [ -90.58318, 38.91275 ], [ -90.48316, 38.88508 ], [ -90.52501, 38.79209 ], [ -90.52893, 38.7449 ], [ -90.49502, 38.74353 ], [ -90.50092, 38.67275 ], [ -90.47101, 38.62419 ], [ -90.33764, 38.59501 ], [ -90.23615, 38.59074 ], [ -90.20646, 38.54211 ], [ -90.21473, 38.44772 ], [ -90.18305, 38.42268 ], [ -90.01436, 38.41532 ], [ -90.01009, 38.46252 ], [ -89.74009, 38.4503 ], [ -89.61195, 38.37323 ], [ -89.6165, 38.32604 ], [ -89.55144, 38.29925 ], [ -89.55602, 38.25206 ], [ -89.32058, 38.24061 ], [ -89.2173, 38.25917 ], [ -89.14516, 38.30294 ], [ -89.07785, 38.29951 ], [ -88.93572, 38.36329 ], [ -88.89192, 38.45583 ], [ -88.88177, 38.55013 ], [ -88.90795, 38.62261 ], [ -88.83009, 38.71334 ], [ -88.69468, 38.70613 ], [ -88.65031, 38.79855 ], [ -88.31146, 38.77982 ], [ -88.28587, 38.70724 ], [ -88.11952, 38.67398 ], [ -88.09701, 38.57779 ], [ -88.03233, 38.55028 ], [ -87.69493, 38.53002 ], [ -87.6215, 38.57296 ], [ -87.61551, 38.62005 ], [ -87.51421, 38.61375 ], [ -87.41598, 38.58383 ], [ -87.33302, 38.69723 ], [ -87.32061, 38.79137 ], [ -87.27426, 38.88332 ], [ -87.20647, 38.87896 ], [ -87.16625, 38.92382 ], [ -87.12597, 38.96866 ], [ -87.12278, 38.99218 ], [ -87.04846, 39.03479 ], [ -87.03557, 39.12885 ], [ -86.86996, 39.33144 ], [ -86.72012, 39.41629 ], [ -86.70668, 39.51028 ], [ -86.56989, 39.50097 ], [ -86.57671, 39.45398 ], [ -86.47421, 39.44692 ], [ -86.40242, 39.46565 ], [ -86.39548, 39.51263 ], [ -86.29291, 39.50543 ], [ -86.23161, 39.45361 ], [ -86.24924, 39.33618 ], [ -86.2222, 39.28677 ], [ -86.12001, 39.27944 ], [ -86.11288, 39.32641 ], [ -85.98896, 39.45989 ], [ -85.81824, 39.44734 ], [ -85.74626, 39.46573 ], [ -85.72698, 39.36928 ], [ -85.59438, 39.33553 ], [ -85.60189, 39.28858 ], [ -85.49976, 39.28079 ], [ -85.34827, 39.36415 ], [ -85.33287, 39.458 ], [ -85.25686, 39.4996 ], [ -85.2413, 39.59342 ], [ -85.14934, 39.72877 ], [ -84.97008, 39.76207 ], [ -84.86729, 39.75381 ], [ -84.87536, 39.70693 ], [ -84.73845, 39.69581 ], [ -84.51233, 39.79602 ], [ -84.48643, 39.74631 ], [ -84.38372, 39.73769 ], [ -84.37529, 39.78454 ], [ -84.27254, 39.77584 ], [ -84.21688, 39.69974 ], [ -84.22543, 39.65289 ], [ -84.09305, 39.61771 ], [ -84.04157, 39.70842 ], [ -83.86622, 39.71688 ], [ -83.87501, 39.67005 ], [ -83.73391, 39.68135 ], [ -83.59725, 39.6691 ], [ -83.58825, 39.7159 ], [ -83.51537, 39.73312 ], [ -83.49723, 39.82671 ], [ -83.38078, 39.88754 ], [ -83.27801, 39.8781 ], [ -83.26412, 39.94826 ], [ -83.08941, 40.12257 ], [ -82.98156, 40.1363 ], [ -82.87845, 40.12657 ], [ -82.81934, 40.07331 ], [ -82.79944, 39.99994 ], [ -82.6623, 39.98677 ], [ -82.6134, 40.05354 ], [ -82.49572, 40.1136 ], [ -82.48093, 40.18366 ], [ -82.54477, 40.21371 ], [ -82.52509, 40.30712 ], [ -82.53984, 40.40386 ], [ -82.60883, 40.41052 ] ] ], [ [ [ -79.12113, 39.71746 ], [ -78.98242, 39.84422 ], [ -79.07828, 39.88005 ], [ -79.12113, 39.71746 ] ] ], [ [ [ -79.07214, 39.90327 ], [ -79.10004, 39.93069 ], [ -79.0939, 39.95391 ], [ -79.14021, 39.91164 ], [ -79.07214, 39.90327 ] ] ], [ [ [ -78.87692, 40.23886 ], [ -79.01373, 40.25574 ], [ -79.00753, 40.27895 ], [ -79.04175, 40.28316 ], [ -79.07264, 40.16708 ], [ -79.16552, 40.08256 ], [ -79.18387, 40.01288 ], [ -79.08162, 40.00036 ], [ -79.06931, 40.0468 ], [ -79.02287, 40.08904 ], [ -78.95463, 40.08061 ], [ -78.92979, 40.17346 ], [ -78.8894, 40.19244 ], [ -78.87692, 40.23886 ] ] ], [ [ [ -78.69604, 40.38423 ], [ -78.75826, 40.41597 ], [ -78.73301, 40.50875 ], [ -78.82972, 40.54473 ], [ -78.84229, 40.49833 ], [ -78.87662, 40.50257 ], [ -78.88915, 40.45617 ], [ -78.87364, 40.38233 ], [ -78.73661, 40.36531 ], [ -78.7303, 40.3885 ], [ -78.69604, 40.38423 ] ] ], [ [ [ -78.58299, 40.53797 ], [ -78.59574, 40.4916 ], [ -78.56143, 40.48729 ], [ -78.54866, 40.53366 ], [ -78.58299, 40.53797 ] ] ], [ [ [ -78.48868, 40.62207 ], [ -78.52305, 40.62639 ], [ -78.53586, 40.58003 ], [ -78.50152, 40.5757 ], [ -78.48868, 40.62207 ] ] ], [ [ [ -80.89133, 41.26113 ], [ -80.84522, 41.30393 ], [ -80.67081, 41.28506 ], [ -80.65943, 41.33158 ], [ -80.76413, 41.34294 ], [ -80.74714, 41.41273 ], [ -80.81139, 41.44353 ], [ -80.80008, 41.49006 ], [ -80.90508, 41.5013 ], [ -80.95129, 41.4585 ], [ -80.97366, 41.36541 ], [ -81.01973, 41.32258 ], [ -81.08957, 41.32998 ], [ -81.11721, 41.21358 ], [ -81.19791, 41.17437 ], [ -81.19051, 41.05428 ], [ -81.2233, 40.91455 ], [ -81.32742, 40.92549 ], [ -81.33824, 40.8789 ], [ -81.49308, 40.82346 ], [ -81.5971, 40.8342 ], [ -81.67703, 40.7947 ], [ -81.65294, 40.74453 ], [ -81.73272, 40.705 ], [ -81.74321, 40.65837 ], [ -81.8816, 40.67243 ], [ -81.90065, 40.74589 ], [ -82.07393, 40.76325 ], [ -82.17285, 40.79689 ], [ -82.2625, 40.7104 ], [ -82.36645, 40.72058 ], [ -82.37648, 40.67391 ], [ -82.34185, 40.67053 ], [ -82.2978, 40.54706 ], [ -82.19413, 40.53683 ], [ -82.20932, 40.46682 ], [ -82.17481, 40.4634 ], [ -82.11598, 40.40986 ], [ -81.96268, 40.46601 ], [ -81.8299, 40.4287 ], [ -81.5887, 40.40391 ], [ -81.54636, 40.5904 ], [ -81.42133, 40.67283 ], [ -81.24848, 40.65467 ], [ -81.1976, 40.72089 ], [ -81.12295, 40.73683 ], [ -81.06087, 40.84957 ], [ -81.04433, 40.91942 ], [ -80.96385, 40.95856 ], [ -80.94161, 41.05167 ], [ -80.90686, 41.04794 ], [ -80.90127, 41.07121 ], [ -80.93604, 41.07495 ], [ -80.90254, 41.21459 ], [ -80.86769, 41.21085 ], [ -80.85646, 41.25739 ], [ -80.89133, 41.26113 ] ] ], [ [ [ -79.97339, 41.35082 ], [ -79.90367, 41.34288 ], [ -79.89274, 41.24597 ], [ -79.78234, 41.2572 ], [ -79.74014, 41.41977 ], [ -79.69314, 41.46218 ], [ -79.72199, 41.48943 ], [ -79.79185, 41.49746 ], [ -79.80391, 41.45102 ], [ -79.87374, 41.45901 ], [ -79.95552, 41.42052 ], [ -79.97339, 41.35082 ] ] ], [ [ [ -77.53631, 40.83508 ], [ -77.55716, 40.8859 ], [ -77.52316, 41.00155 ], [ -77.59219, 41.01067 ], [ -77.65377, 40.92267 ], [ -77.74291, 40.86231 ], [ -77.84628, 40.87581 ], [ -77.785, 40.96388 ], [ -77.77829, 40.98703 ], [ -77.9164, 41.00497 ], [ -77.92973, 40.95868 ], [ -77.96425, 40.96314 ], [ -77.9908, 40.87054 ], [ -78.10741, 40.83754 ], [ -78.12057, 40.79122 ], [ -78.20254, 40.75371 ], [ -78.06489, 40.73604 ], [ -77.97494, 40.67639 ], [ -77.92731, 40.71824 ], [ -77.82418, 40.7048 ], [ -77.76883, 40.6495 ], [ -77.74205, 40.74208 ], [ -77.70767, 40.73756 ], [ -77.70095, 40.76071 ], [ -77.52906, 40.73798 ], [ -77.52227, 40.76112 ], [ -77.4879, 40.75655 ], [ -77.47429, 40.80281 ], [ -77.39867, 40.81676 ], [ -77.53631, 40.83508 ] ] ], [ [ [ -77.37112, 40.78903 ], [ -77.33674, 40.78443 ], [ -77.32301, 40.83067 ], [ -77.28861, 40.82605 ], [ -77.27485, 40.87229 ], [ -77.37813, 40.88613 ], [ -77.39183, 40.83988 ], [ -77.35742, 40.83528 ], [ -77.37112, 40.78903 ] ] ], [ [ [ -77.21279, 40.96012 ], [ -77.28172, 40.96938 ], [ -77.29551, 40.92315 ], [ -77.22662, 40.91389 ], [ -77.21279, 40.96012 ] ] ], [ [ [ -77.7303, 41.02879 ], [ -77.8061, 41.01467 ], [ -77.73704, 41.00566 ], [ -77.7303, 41.02879 ] ] ], [ [ [ -77.19893, 41.00634 ], [ -77.21279, 40.96012 ], [ -77.12997, 40.99704 ], [ -77.19893, 41.00634 ] ] ], [ [ [ -76.18638, 40.91424 ], [ -76.12057, 41.12177 ], [ -76.28033, 41.07214 ], [ -76.41096, 41.11462 ], [ -76.72156, 41.1578 ], [ -76.69303, 41.25014 ], [ -76.76221, 41.25966 ], [ -76.88648, 41.32477 ], [ -76.96986, 41.28801 ], [ -77.1154, 41.28364 ], [ -77.16422, 41.1219 ], [ -77.17812, 41.07568 ], [ -77.10908, 41.06636 ], [ -77.12997, 40.99704 ], [ -77.06102, 40.9877 ], [ -77.00556, 41.05232 ], [ -76.93658, 41.04292 ], [ -76.81191, 41.09804 ], [ -76.70841, 41.08378 ], [ -76.75811, 40.92216 ], [ -76.6893, 40.91264 ], [ -76.71768, 40.82028 ], [ -76.76617, 40.77885 ], [ -76.67738, 40.71837 ], [ -76.57452, 40.70402 ], [ -76.63721, 40.61645 ], [ -76.6443, 40.59336 ], [ -76.61008, 40.58857 ], [ -76.62427, 40.54239 ], [ -76.5217, 40.52799 ], [ -76.4661, 40.59243 ], [ -76.3293, 40.57306 ], [ -76.23924, 40.63255 ], [ -76.22476, 40.67869 ], [ -76.01942, 40.64924 ], [ -75.92418, 40.61134 ], [ -75.90211, 40.68051 ], [ -75.93632, 40.68546 ], [ -75.92897, 40.70852 ], [ -75.89474, 40.70356 ], [ -75.86522, 40.79576 ], [ -75.93378, 40.80568 ], [ -75.92641, 40.82873 ], [ -76.02932, 40.84356 ], [ -76.05862, 40.75133 ], [ -76.13445, 40.7381 ], [ -76.30583, 40.76252 ], [ -76.33834, 40.8876 ], [ -76.23528, 40.87299 ], [ -76.17389, 40.84015 ], [ -76.15202, 40.90934 ], [ -76.18638, 40.91424 ] ] ], [ [ [ -73.77103, 41.22634 ], [ -73.74491, 41.19793 ], [ -73.7367, 41.22086 ], [ -73.77103, 41.22634 ] ] ], [ [ [ -73.82334, 41.28313 ], [ -73.83153, 41.2602 ], [ -73.79717, 41.25474 ], [ -73.77103, 41.22634 ], [ -73.78898, 41.27766 ], [ -73.82334, 41.28313 ] ] ], [ [ [ -71.07005, 42.32839 ], [ -71.03264, 42.41936 ], [ -71.1208, 42.38611 ], [ -71.08871, 42.28289 ], [ -71.07005, 42.32839 ] ] ] ] } },
{ "type": "Feature", "properties": { "ID": 35 }, "geometry": { "type": "MultiPolygon", "coordinates": [ [ [ [ -88.34595, 41.40946 ], [ -88.33452, 41.50342 ], [ -88.39952, 41.55418 ], [ -88.48151, 41.46398 ], [ -88.52799, 41.37186 ], [ -88.42219, 41.36626 ], [ -88.34595, 41.40946 ] ] ], [ [ [ -84.16251, 43.78038 ], [ -84.38156, 43.79781 ], [ -84.42704, 43.75394 ], [ -84.44493, 43.66045 ], [ -84.66363, 43.67747 ], [ -84.7496, 43.61292 ], [ -84.90818, 43.55384 ], [ -84.96161, 43.46303 ], [ -85.00818, 43.20575 ], [ -84.8996, 43.19753 ], [ -84.92085, 43.08059 ], [ -84.96541, 43.03655 ], [ -85.03761, 43.042 ], [ -85.05277, 43.16168 ], [ -85.26985, 43.1778 ], [ -85.29373, 43.25065 ], [ -85.39838, 43.28198 ], [ -85.50716, 43.28982 ], [ -85.49101, 43.38344 ], [ -85.55964, 43.41204 ], [ -85.54355, 43.50566 ], [ -85.62035, 43.48742 ], [ -85.87514, 43.50521 ], [ -85.90766, 43.53113 ], [ -86.05339, 43.54107 ], [ -86.03417, 43.65816 ], [ -86.10337, 43.6865 ], [ -86.0553, 43.7543 ], [ -86.02441, 43.94164 ], [ -85.98384, 43.96258 ], [ -85.95653, 44.1265 ], [ -85.86717, 44.21516 ], [ -85.75667, 44.20758 ], [ -85.71182, 44.25186 ], [ -85.70378, 44.29868 ], [ -85.74066, 44.30123 ], [ -85.8553, 44.2854 ], [ -85.86322, 44.23857 ], [ -86.01065, 44.24855 ], [ -86.02623, 44.15488 ], [ -86.10756, 44.11297 ], [ -86.18114, 44.11785 ], [ -86.20022, 44.00074 ], [ -86.28123, 43.95874 ], [ -86.30007, 43.84161 ], [ -86.27476, 43.76893 ], [ -86.2973, 43.62838 ], [ -86.27583, 43.53228 ], [ -86.34872, 43.53708 ], [ -86.35244, 43.51365 ], [ -86.31601, 43.51126 ], [ -86.32348, 43.46441 ], [ -86.28707, 43.462 ], [ -86.29455, 43.41515 ], [ -86.18922, 43.38447 ], [ -86.16045, 43.33519 ], [ -86.17556, 43.2415 ], [ -86.07059, 43.21073 ], [ -86.05343, 43.09117 ], [ -85.98109, 43.08622 ], [ -86.00406, 42.94571 ], [ -86.12364, 42.88283 ], [ -86.1387, 42.78914 ], [ -86.06671, 42.78423 ], [ -86.14184, 42.31573 ], [ -86.10612, 42.31328 ], [ -86.12852, 42.17271 ], [ -86.16416, 42.17516 ], [ -86.20482, 41.91741 ], [ -86.24032, 41.91983 ], [ -86.26228, 41.77921 ], [ -86.33676, 41.76059 ], [ -86.34399, 41.71371 ], [ -86.45017, 41.72086 ], [ -86.53516, 41.6318 ], [ -86.5493, 41.53801 ], [ -86.61991, 41.54268 ], [ -86.62691, 41.49578 ], [ -86.73275, 41.50272 ], [ -86.73967, 41.45581 ], [ -86.95127, 41.46945 ], [ -87.06711, 41.40576 ], [ -87.1376, 41.41018 ], [ -87.59836, 41.15423 ], [ -87.70374, 41.16045 ], [ -87.69757, 41.20742 ], [ -87.80304, 41.21356 ], [ -87.85032, 41.12166 ], [ -87.92055, 41.12569 ], [ -87.96393, 41.34105 ], [ -88.0344, 41.34503 ], [ -88.07555, 41.30003 ], [ -88.08734, 41.20608 ], [ -88.22512, 41.23736 ], [ -88.3307, 41.24311 ], [ -88.32498, 41.2901 ], [ -88.46588, 41.29765 ], [ -88.58262, 41.20924 ], [ -88.59639, 41.09174 ], [ -88.52616, 41.08804 ], [ -88.53724, 40.99404 ], [ -88.5105, 40.92168 ], [ -88.55104, 40.87653 ], [ -88.68292, 40.95438 ], [ -88.67207, 41.0484 ], [ -88.8098, 41.07911 ], [ -88.87474, 41.12968 ], [ -88.90198, 41.20196 ], [ -89.04275, 41.20894 ], [ -89.07021, 41.28119 ], [ -89.28166, 41.29136 ], [ -89.27665, 41.33838 ], [ -89.38248, 41.34335 ], [ -89.38741, 41.29633 ], [ -89.46279, 41.25257 ], [ -89.53325, 41.2558 ], [ -89.60848, 41.21196 ], [ -89.69299, 41.074 ], [ -89.7984, 41.07867 ], [ -89.80301, 41.03162 ], [ -89.87551, 41.01116 ], [ -89.88911, 40.87 ], [ -89.74669, 40.88738 ], [ -89.53651, 40.8779 ], [ -89.48944, 40.99389 ], [ -89.41927, 40.99064 ], [ -89.3565, 40.9168 ], [ -89.38344, 40.65807 ], [ -89.24635, 40.6279 ], [ -89.24137, 40.67494 ], [ -89.03196, 40.66471 ], [ -89.0371, 40.61767 ], [ -88.90548, 40.54013 ], [ -88.91591, 40.44605 ], [ -89.05501, 40.45303 ], [ -89.04479, 40.54711 ], [ -89.07707, 40.57236 ], [ -89.18663, 40.53044 ], [ -89.53498, 40.54694 ], [ -89.60703, 40.52661 ], [ -89.67204, 40.57683 ], [ -89.74177, 40.57996 ], [ -89.92954, 40.44641 ], [ -90.27761, 40.46107 ], [ -90.28181, 40.41399 ], [ -90.38619, 40.41822 ], [ -90.41071, 40.53733 ], [ -90.47229, 40.63426 ], [ -90.54413, 40.61345 ], [ -90.71867, 40.62012 ], [ -90.71477, 40.66721 ], [ -90.81959, 40.67111 ], [ -90.85832, 40.62531 ], [ -90.86778, 40.50756 ], [ -90.76323, 40.5037 ], [ -90.75938, 40.55079 ], [ -90.65476, 40.54684 ], [ -90.62385, 40.49842 ], [ -90.66654, 40.40556 ], [ -90.80954, 40.36369 ], [ -90.91387, 40.36752 ], [ -90.88472, 40.29559 ], [ -90.89222, 40.20137 ], [ -90.86318, 40.12942 ], [ -90.90155, 40.08357 ], [ -91.21322, 40.09464 ], [ -91.28594, 40.04987 ], [ -91.38979, 40.05335 ], [ -91.46068, 40.03206 ], [ -91.63373, 40.0376 ], [ -91.63054, 40.08474 ], [ -91.69667, 40.13404 ], [ -91.80067, 40.13721 ], [ -91.82617, 40.27966 ], [ -91.85788, 40.32783 ], [ -91.9622, 40.33088 ], [ -91.95924, 40.37801 ], [ -91.8851, 40.44668 ], [ -91.86534, 40.75296 ], [ -91.82571, 40.82259 ], [ -91.96588, 40.82668 ], [ -92.03304, 40.87578 ], [ -92.07538, 40.75897 ], [ -92.18042, 40.76186 ], [ -92.36357, 40.62512 ], [ -92.37026, 40.50729 ], [ -92.33808, 40.45925 ], [ -92.23353, 40.45648 ], [ -92.2432, 40.2915 ], [ -92.28069, 40.24529 ], [ -92.45437, 40.2498 ], [ -92.4699, 39.96688 ], [ -92.57367, 39.96947 ], [ -92.64163, 39.99474 ], [ -92.67137, 40.0899 ], [ -92.66283, 40.25494 ], [ -92.62808, 40.25411 ], [ -92.62189, 40.37198 ], [ -92.65178, 40.4671 ], [ -92.79122, 40.47036 ], [ -92.93181, 40.44991 ], [ -92.96443, 40.49782 ], [ -92.95996, 40.5921 ], [ -93.09862, 40.61863 ], [ -93.16851, 40.62005 ], [ -93.1706, 40.57291 ], [ -93.27538, 40.57498 ], [ -93.34621, 40.55275 ], [ -93.35011, 40.45845 ], [ -93.41984, 40.45975 ], [ -93.45657, 40.41323 ], [ -93.46774, 40.13025 ], [ -93.39932, 40.10539 ], [ -93.3685, 40.0104 ], [ -93.37234, 39.91604 ], [ -93.34068, 39.84462 ], [ -93.23709, 39.84259 ], [ -93.24111, 39.74822 ], [ -93.17421, 39.69965 ], [ -93.18138, 39.53448 ], [ -93.1137, 39.50946 ], [ -92.80456, 39.50264 ], [ -92.80918, 39.40825 ], [ -92.7406, 39.40665 ], [ -92.74883, 39.24144 ], [ -92.78652, 39.17143 ], [ -92.54734, 39.16562 ], [ -92.51695, 39.09394 ], [ -92.41457, 39.0913 ], [ -92.3175, 38.99416 ], [ -92.24936, 38.99231 ], [ -92.21937, 38.92055 ], [ -92.08043, 38.96392 ], [ -92.04353, 39.01015 ], [ -92.02638, 39.29334 ], [ -91.99216, 39.29235 ], [ -91.98491, 39.41031 ], [ -91.81349, 39.40521 ], [ -91.81198, 39.4288 ], [ -91.57196, 39.42129 ], [ -91.56875, 39.46846 ], [ -91.36292, 39.46169 ], [ -91.32523, 39.50769 ], [ -91.15362, 39.50177 ], [ -91.11222, 39.59486 ], [ -91.04708, 39.54526 ], [ -90.94407, 39.54152 ], [ -90.94773, 39.49437 ], [ -90.77619, 39.48798 ], [ -90.7476, 39.41595 ], [ -90.75708, 39.29806 ], [ -90.69059, 39.27185 ], [ -90.69634, 39.20111 ], [ -90.62803, 39.19845 ], [ -90.60859, 39.43422 ], [ -90.64286, 39.43556 ], [ -90.6195, 39.7184 ], [ -90.65003, 39.76686 ], [ -90.6097, 39.83622 ], [ -90.54073, 39.83352 ], [ -90.55065, 39.7157 ], [ -90.4474, 39.7116 ], [ -90.38265, 39.66169 ], [ -90.38673, 39.61456 ], [ -90.49582, 39.54801 ], [ -90.47151, 39.42879 ], [ -90.36872, 39.42462 ], [ -90.37279, 39.37748 ], [ -90.50975, 39.38301 ], [ -90.51768, 39.28871 ], [ -90.48747, 39.24019 ], [ -90.4974, 39.1223 ], [ -90.53544, 39.0765 ], [ -90.50136, 39.07513 ], [ -90.47324, 39.00301 ], [ -90.37112, 38.99884 ], [ -90.37516, 38.95167 ], [ -90.23911, 38.946 ], [ -90.23496, 38.99317 ], [ -90.13076, 39.0124 ], [ -90.02864, 39.00798 ], [ -90.03293, 38.96082 ], [ -89.82887, 38.95175 ], [ -89.83109, 38.92817 ], [ -89.66115, 38.92039 ], [ -89.6566, 38.96753 ], [ -89.58628, 38.98793 ], [ -89.57704, 39.08221 ], [ -89.33863, 39.0708 ], [ -89.34581, 39.00011 ], [ -89.14173, 38.99001 ], [ -89.10029, 39.05899 ], [ -89.09284, 39.12966 ], [ -88.92247, 39.12096 ], [ -88.89096, 39.09564 ], [ -88.4484, 39.07192 ], [ -88.44568, 39.09546 ], [ -88.24146, 39.08403 ], [ -88.16213, 39.17431 ], [ -87.92365, 39.16045 ], [ -87.91783, 39.20752 ], [ -87.7815, 39.1994 ], [ -87.70738, 39.24235 ], [ -87.70139, 39.2894 ], [ -87.62106, 39.37935 ], [ -87.51857, 39.37306 ], [ -87.51244, 39.42009 ], [ -87.4099, 39.41372 ], [ -87.40057, 39.48426 ], [ -87.31959, 39.57401 ], [ -87.34468, 39.38592 ], [ -87.24221, 39.37942 ], [ -87.23588, 39.42644 ], [ -87.0863, 39.51168 ], [ -87.01787, 39.50723 ], [ -86.96731, 39.6225 ], [ -86.90207, 39.59449 ], [ -86.76507, 39.58538 ], [ -86.75837, 39.63237 ], [ -86.62131, 39.62311 ], [ -86.6145, 39.67009 ], [ -86.51166, 39.66305 ], [ -86.40536, 39.67942 ], [ -86.19972, 39.66496 ], [ -86.17614, 39.59208 ], [ -86.00504, 39.57976 ], [ -85.99779, 39.62671 ], [ -85.82663, 39.61418 ], [ -85.81925, 39.66112 ], [ -85.74704, 39.67951 ], [ -85.54155, 39.66407 ], [ -85.49207, 39.7553 ], [ -85.41581, 39.79697 ], [ -85.24432, 39.78372 ], [ -85.16787, 39.82525 ], [ -85.15999, 39.87214 ], [ -85.057, 39.86403 ], [ -85.04903, 39.91091 ], [ -84.88136, 39.87377 ], [ -84.87327, 39.92064 ], [ -84.7359, 39.90952 ], [ -84.71125, 40.0501 ], [ -84.53923, 40.03598 ], [ -84.48805, 40.12681 ], [ -84.31588, 40.11242 ], [ -84.17389, 40.12416 ], [ -84.11372, 40.07145 ], [ -83.98492, 40.01277 ], [ -83.88187, 40.00378 ], [ -83.82534, 40.11777 ], [ -83.73109, 40.06188 ], [ -83.58005, 40.11981 ], [ -83.56643, 40.18998 ], [ -83.49301, 40.20717 ], [ -83.38971, 40.19783 ], [ -83.31159, 40.23831 ], [ -83.27437, 40.42533 ], [ -83.23047, 40.46891 ], [ -83.09223, 40.45617 ], [ -83.03866, 40.54643 ], [ -82.86572, 40.53025 ], [ -82.85045, 40.43355 ], [ -82.78624, 40.40366 ], [ -82.80075, 40.33358 ], [ -82.66289, 40.32042 ], [ -82.62354, 40.34046 ], [ -82.60883, 40.41052 ], [ -82.67785, 40.41714 ], [ -82.65339, 40.5339 ], [ -82.52992, 40.61732 ], [ -82.41112, 40.67728 ], [ -82.37648, 40.67391 ], [ -82.36645, 40.72058 ], [ -82.2625, 40.7104 ], [ -82.17285, 40.79689 ], [ -82.07393, 40.76325 ], [ -81.90065, 40.74589 ], [ -81.8816, 40.67243 ], [ -81.74321, 40.65837 ], [ -81.73272, 40.705 ], [ -81.65294, 40.74453 ], [ -81.67703, 40.7947 ], [ -81.5971, 40.8342 ], [ -81.49308, 40.82346 ], [ -81.33824, 40.8789 ], [ -81.32742, 40.92549 ], [ -81.2233, 40.91455 ], [ -81.19051, 41.05428 ], [ -81.19791, 41.17437 ], [ -81.11721, 41.21358 ], [ -81.08957, 41.32998 ], [ -81.01973, 41.32258 ], [ -80.97366, 41.36541 ], [ -80.95129, 41.4585 ], [ -80.90508, 41.5013 ], [ -80.80008, 41.49006 ], [ -80.78875, 41.53658 ], [ -80.71873, 41.52903 ], [ -80.59651, 41.58741 ], [ -80.49142, 41.57594 ], [ -80.38056, 41.58763 ], [ -80.29882, 41.62637 ], [ -80.28709, 41.67285 ], [ -80.15279, 41.634 ], [ -80.1646, 41.58752 ], [ -80.03056, 41.54855 ], [ -80.06025, 41.43239 ], [ -80.0372, 41.38197 ], [ -79.96744, 41.37406 ], [ -79.95552, 41.42052 ], [ -79.87374, 41.45901 ], [ -79.80391, 41.45102 ], [ -79.77374, 41.56713 ], [ -79.79664, 41.61758 ], [ -79.77244, 41.71046 ], [ -79.73739, 41.70644 ], [ -79.73131, 41.72966 ], [ -79.76638, 41.73367 ], [ -79.76031, 41.75689 ], [ -79.72523, 41.75287 ], [ -79.71306, 41.7993 ], [ -79.74816, 41.80332 ], [ -79.90667, 41.74967 ], [ -79.93069, 41.65677 ], [ -80.0358, 41.66866 ], [ -80.13504, 41.7037 ], [ -80.12318, 41.75016 ], [ -80.22849, 41.76191 ], [ -80.30458, 41.74646 ], [ -80.29284, 41.79293 ], [ -80.32211, 41.82006 ], [ -80.53307, 41.84317 ], [ -80.67954, 41.83516 ], [ -80.65585, 41.78486 ], [ -80.79648, 41.79998 ], [ -81.00603, 41.67908 ], [ -81.01722, 41.63254 ], [ -80.98214, 41.62883 ], [ -80.99334, 41.58229 ], [ -81.08571, 41.4966 ], [ -81.19077, 41.50764 ], [ -81.2128, 41.41452 ], [ -81.35818, 41.40581 ], [ -81.49813, 41.42025 ], [ -81.59777, 41.45428 ], [ -81.58704, 41.50087 ], [ -81.69219, 41.51153 ], [ -81.74319, 41.44517 ], [ -81.88331, 41.45923 ], [ -81.89381, 41.41262 ], [ -81.99365, 41.44637 ], [ -82.20394, 41.46703 ], [ -82.24925, 41.4238 ], [ -82.25948, 41.37716 ], [ -82.49475, 41.28079 ], [ -82.73964, 41.304 ], [ -82.74949, 41.25732 ], [ -82.88366, 41.12707 ], [ -83.0185, 41.16335 ], [ -83.02939, 41.28332 ], [ -83.16942, 41.29611 ], [ -83.19015, 41.36934 ], [ -83.33041, 41.38197 ], [ -83.31625, 41.45204 ], [ -83.37707, 41.50503 ], [ -83.36293, 41.5751 ], [ -83.4333, 41.58135 ], [ -83.44505, 41.70124 ], [ -83.51556, 41.70745 ], [ -83.49685, 41.80088 ], [ -83.45684, 41.82113 ], [ -83.51814, 41.87405 ], [ -83.49468, 41.99082 ], [ -83.58696, 42.07015 ], [ -83.60844, 42.14329 ], [ -83.69645, 42.2459 ], [ -83.83878, 42.25802 ], [ -83.86063, 42.33112 ], [ -84.03883, 42.34605 ], [ -84.16804, 42.42795 ], [ -84.15458, 42.49806 ], [ -84.22607, 42.50392 ], [ -84.23953, 42.62369 ], [ -84.43254, 42.7579 ], [ -84.40163, 42.92153 ], [ -84.36563, 42.91865 ], [ -84.32554, 43.129 ], [ -84.42947, 43.16101 ], [ -84.39836, 43.32463 ], [ -84.4346, 43.3275 ], [ -84.40341, 43.49111 ], [ -84.43083, 43.54072 ], [ -84.41296, 43.63421 ], [ -84.36756, 43.67808 ], [ -84.29467, 43.6723 ], [ -84.24006, 43.76286 ], [ -84.16709, 43.75702 ], [ -84.16251, 43.78038 ] ], [ [ -89.19957, 39.75049 ], [ -89.15271, 39.86649 ], [ -89.02755, 39.74192 ], [ -89.03515, 39.6713 ], [ -89.17261, 39.67816 ], [ -89.19957, 39.75049 ] ], [ [ -90.46774, 39.87791 ], [ -90.49221, 39.99707 ], [ -90.38851, 39.99292 ], [ -90.3926, 39.94581 ], [ -90.46774, 39.87791 ] ], [ [ -93.22496, 40.12563 ], [ -93.21987, 40.24354 ], [ -93.04615, 40.23997 ], [ -93.05371, 40.07491 ], [ -93.19233, 40.07777 ], [ -93.22496, 40.12563 ] ], [ [ -81.6352, 41.2912 ], [ -81.57606, 41.23747 ], [ -81.65651, 41.198 ], [ -81.76117, 41.20862 ], [ -81.73472, 41.32513 ], [ -81.68913, 41.3682 ], [ -81.62453, 41.33779 ], [ -81.6352, 41.2912 ] ] ], [ [ [ -79.15653, 42.11726 ], [ -79.19177, 42.12142 ], [ -79.20439, 42.07505 ], [ -79.16918, 42.07089 ], [ -79.15653, 42.11726 ] ] ], [ [ [ -83.32188, 43.54404 ], [ -83.34357, 43.6172 ], [ -83.45266, 43.62656 ], [ -83.50832, 43.53629 ], [ -83.36794, 43.5005 ], [ -83.32188, 43.54404 ] ] ], [ [ [ -84.07568, 43.84458 ], [ -84.12142, 43.80081 ], [ -84.04841, 43.7949 ], [ -84.03914, 43.84162 ], [ -84.07568, 43.84458 ] ] ], [ [ [ -85.53993, 44.38202 ], [ -85.49479, 44.42623 ], [ -85.46593, 44.59007 ], [ -85.54004, 44.59528 ], [ -85.70447, 44.51193 ], [ -85.72059, 44.41828 ], [ -85.6138, 44.38719 ], [ -85.53993, 44.38202 ] ] ], [ [ [ -85.37933, 44.65504 ], [ -85.42058, 44.63426 ], [ -85.3835, 44.63164 ], [ -85.37933, 44.65504 ] ] ], [ [ [ -85.33386, 44.69921 ], [ -85.37098, 44.70185 ], [ -85.37516, 44.67844 ], [ -85.33805, 44.6758 ], [ -85.33386, 44.69921 ] ] ], [ [ [ -77.76215, 40.67265 ], [ -77.65912, 40.65908 ], [ -77.65239, 40.68222 ], [ -77.68674, 40.68676 ], [ -77.68002, 40.7099 ], [ -77.71438, 40.71442 ], [ -77.70767, 40.73756 ], [ -77.74205, 40.74208 ], [ -77.76215, 40.67265 ] ] ], [ [ [ -76.22245, 42.05153 ], [ -76.16518, 42.11578 ], [ -76.26287, 42.15347 ], [ -76.33298, 42.16319 ], [ -76.34773, 42.11709 ], [ -76.27767, 42.10737 ], [ -76.22986, 42.02849 ], [ -76.22245, 42.05153 ] ] ], [ [ [ -74.24751, 41.83383 ], [ -74.2984, 41.79329 ], [ -74.26371, 41.78794 ], [ -74.24751, 41.83383 ] ] ], [ [ [ -76.12271, 42.13393 ], [ -76.13761, 42.08784 ], [ -76.03262, 42.07311 ], [ -75.98264, 42.11425 ], [ -76.12271, 42.13393 ] ] ], [ [ [ -75.92506, 42.1784 ], [ -75.8701, 42.12242 ], [ -75.88518, 42.07637 ], [ -75.8502, 42.0714 ], [ -75.81997, 42.16351 ], [ -75.92506, 42.1784 ] ] ], [ [ [ -74.12711, 41.86358 ], [ -74.07606, 41.90406 ], [ -74.02688, 42.04164 ], [ -74.0965, 42.05245 ], [ -74.19876, 41.97147 ], [ -74.19655, 41.87434 ], [ -74.12711, 41.86358 ] ] ], [ [ [ -76.67305, 42.59466 ], [ -76.72916, 42.65032 ], [ -76.79991, 42.65981 ], [ -76.7708, 42.75209 ], [ -76.84168, 42.76156 ], [ -76.89884, 42.69706 ], [ -76.96967, 42.70647 ], [ -76.98348, 42.7804 ], [ -77.11821, 42.82219 ], [ -77.26025, 42.84076 ], [ -77.23897, 42.78995 ], [ -77.34546, 42.8038 ], [ -77.35254, 42.7807 ], [ -77.42326, 42.6698 ], [ -77.31699, 42.656 ], [ -77.15423, 42.58666 ], [ -77.14026, 42.51274 ], [ -76.96372, 42.48936 ], [ -76.97808, 42.4432 ], [ -76.8867, 42.38292 ], [ -76.74583, 42.36398 ], [ -76.73132, 42.41012 ], [ -76.80179, 42.41962 ], [ -76.78006, 42.48883 ], [ -76.85063, 42.4983 ], [ -76.80085, 42.53972 ], [ -76.78634, 42.58586 ], [ -76.76555, 42.53497 ], [ -76.63898, 42.46979 ], [ -76.56848, 42.46022 ], [ -76.59774, 42.36797 ], [ -76.47012, 42.42274 ], [ -76.44064, 42.51496 ], [ -76.49646, 42.57071 ], [ -76.67305, 42.59466 ] ] ], [ [ [ -73.99778, 42.32758 ], [ -74.03274, 42.333 ], [ -74.04923, 42.28714 ], [ -74.01429, 42.28173 ], [ -73.99778, 42.32758 ] ] ], [ [ [ -77.3242, 42.87309 ], [ -77.28867, 42.98856 ], [ -77.46676, 43.01154 ], [ -77.49535, 43.03921 ], [ -77.60933, 43.02977 ], [ -77.78767, 43.05236 ], [ -77.90163, 43.04269 ], [ -77.91541, 42.99644 ], [ -78.01414, 42.91285 ], [ -78.04975, 42.91729 ], [ -78.05658, 42.89416 ], [ -78.02097, 42.88972 ], [ -78.03463, 42.84346 ], [ -78.04827, 42.7972 ], [ -78.06189, 42.75094 ], [ -78.02636, 42.74651 ], [ -78.07548, 42.70468 ], [ -78.04679, 42.67712 ], [ -77.9049, 42.65931 ], [ -77.92668, 42.71003 ], [ -77.81333, 42.71972 ], [ -77.63595, 42.69716 ], [ -77.62899, 42.72027 ], [ -77.55805, 42.71118 ], [ -77.45903, 42.79447 ], [ -77.44495, 42.84067 ], [ -77.33838, 42.82689 ], [ -77.3242, 42.87309 ] ] ], [ [ [ -75.20493, 43.11231 ], [ -75.27597, 43.12254 ], [ -75.29962, 43.05357 ], [ -75.22865, 43.04335 ], [ -75.20493, 43.11231 ] ] ], [ [ [ -71.03264, 42.41936 ], [ -70.96034, 42.50418 ], [ -70.87192, 42.53733 ], [ -70.78665, 42.74187 ], [ -70.85645, 42.75423 ], [ -70.91029, 42.71494 ], [ -70.9669, 42.57854 ], [ -71.00173, 42.58468 ], [ -71.05802, 42.44823 ], [ -71.03264, 42.41936 ] ] ] ] } },
{ "type": "Feature", "properties": { "ID": 36 }, "geometry": { "type": "MultiPolygon", "coordinates": [ [ [ [ -94.00381, 40.75233 ], [ -94.00012, 40.87019 ], [ -94.03376, 40.91783 ], [ -94.13912, 40.91926 ], [ -94.214, 40.75515 ], [ -94.21663, 40.66085 ], [ -94.11239, 40.6359 ], [ -94.11378, 40.58875 ], [ -93.90415, 40.58577 ], [ -93.90028, 40.70365 ], [ -93.97028, 40.70468 ], [ -94.00381, 40.75233 ] ] ], [ [ [ -96.00109, 41.33224 ], [ -96.00109, 41.26153 ], [ -95.82449, 41.26142 ], [ -95.8243, 41.33213 ], [ -96.00109, 41.33224 ] ] ], [ [ [ -88.12859, 42.57962 ], [ -88.1166, 42.6735 ], [ -88.25768, 42.70473 ], [ -88.24586, 42.79862 ], [ -88.2731, 42.87096 ], [ -88.38148, 42.87667 ], [ -88.4595, 42.83348 ], [ -88.48125, 42.95273 ], [ -88.57559, 43.07568 ], [ -88.72061, 43.08298 ], [ -88.75132, 43.13174 ], [ -88.77375, 43.25094 ], [ -88.95287, 43.28328 ], [ -88.97448, 43.0954 ], [ -88.90194, 43.0919 ], [ -88.92634, 42.88054 ], [ -88.96786, 42.83532 ], [ -89.04011, 42.83879 ], [ -89.08679, 42.74656 ], [ -89.16936, 42.65601 ], [ -89.21829, 42.54024 ], [ -89.2902, 42.54359 ], [ -89.33629, 42.45127 ], [ -89.44402, 42.45619 ], [ -89.48982, 42.36382 ], [ -89.70502, 42.37336 ], [ -89.70024, 42.42036 ], [ -89.8056, 42.44852 ], [ -89.91336, 42.45309 ], [ -90.0302, 42.36356 ], [ -90.28136, 42.37372 ], [ -90.29002, 42.27967 ], [ -90.33229, 42.21054 ], [ -90.43757, 42.23824 ], [ -90.54501, 42.24234 ], [ -90.62072, 42.198 ], [ -90.7639, 42.20327 ], [ -90.80559, 42.134 ], [ -90.87711, 42.13656 ], [ -90.96385, 41.95089 ], [ -91.03517, 41.95338 ], [ -91.04077, 41.88279 ], [ -91.14764, 41.88645 ], [ -91.25274, 41.91356 ], [ -91.46661, 41.92047 ], [ -91.49718, 41.99219 ], [ -91.67566, 41.99768 ], [ -91.74385, 42.04688 ], [ -91.75505, 41.88213 ], [ -91.86196, 41.88525 ], [ -91.86507, 41.83818 ], [ -92.07875, 41.84418 ], [ -92.04907, 41.74904 ], [ -91.94239, 41.74605 ], [ -91.94696, 41.67543 ], [ -92.05352, 41.67841 ], [ -92.09197, 41.6323 ], [ -92.19847, 41.63517 ], [ -92.23961, 41.54193 ], [ -92.34596, 41.5447 ], [ -92.35142, 41.4505 ], [ -92.59923, 41.45663 ], [ -92.6005, 41.43308 ], [ -92.56511, 41.43223 ], [ -92.56767, 41.38513 ], [ -92.63966, 41.36327 ], [ -92.78108, 41.36654 ], [ -92.77627, 41.46075 ], [ -92.88251, 41.46312 ], [ -92.91446, 41.53455 ], [ -92.98537, 41.53606 ], [ -92.98311, 41.58317 ], [ -93.05187, 41.63175 ], [ -93.12289, 41.6332 ], [ -93.15521, 41.70457 ], [ -93.33298, 41.708 ], [ -93.33498, 41.66089 ], [ -93.61924, 41.6659 ], [ -93.69204, 41.61996 ], [ -93.69635, 41.50217 ], [ -93.59003, 41.50041 ], [ -93.59452, 41.38261 ], [ -93.60079, 41.21769 ], [ -93.53023, 41.21647 ], [ -93.49867, 41.1216 ], [ -93.43012, 41.07322 ], [ -93.25514, 41.04635 ], [ -93.22408, 40.9514 ], [ -93.11976, 40.92573 ], [ -93.13357, 40.61935 ], [ -93.09862, 40.61863 ], [ -92.95996, 40.5921 ], [ -92.96443, 40.49782 ], [ -92.93181, 40.44991 ], [ -92.79122, 40.47036 ], [ -92.65178, 40.4671 ], [ -92.62189, 40.37198 ], [ -92.62808, 40.25411 ], [ -92.66283, 40.25494 ], [ -92.67137, 40.0899 ], [ -92.64163, 39.99474 ], [ -92.57367, 39.96947 ], [ -92.4699, 39.96688 ], [ -92.45437, 40.2498 ], [ -92.28069, 40.24529 ], [ -92.2432, 40.2915 ], [ -92.23353, 40.45648 ], [ -92.33808, 40.45925 ], [ -92.37026, 40.50729 ], [ -92.36357, 40.62512 ], [ -92.18042, 40.76186 ], [ -92.07538, 40.75897 ], [ -92.03304, 40.87578 ], [ -91.96588, 40.82668 ], [ -91.82571, 40.82259 ], [ -91.86534, 40.75296 ], [ -91.8851, 40.44668 ], [ -91.95924, 40.37801 ], [ -91.9622, 40.33088 ], [ -91.85788, 40.32783 ], [ -91.82617, 40.27966 ], [ -91.80067, 40.13721 ], [ -91.69667, 40.13404 ], [ -91.63054, 40.08474 ], [ -91.63373, 40.0376 ], [ -91.46068, 40.03206 ], [ -91.38979, 40.05335 ], [ -91.28594, 40.04987 ], [ -91.21322, 40.09464 ], [ -90.90155, 40.08357 ], [ -90.86318, 40.12942 ], [ -90.89222, 40.20137 ], [ -90.88472, 40.29559 ], [ -90.91387, 40.36752 ], [ -90.80954, 40.36369 ], [ -90.66654, 40.40556 ], [ -90.62385, 40.49842 ], [ -90.65476, 40.54684 ], [ -90.75938, 40.55079 ], [ -90.76323, 40.5037 ], [ -90.86778, 40.50756 ], [ -90.85832, 40.62531 ], [ -90.81959, 40.67111 ], [ -90.71477, 40.66721 ], [ -90.71867, 40.62012 ], [ -90.54413, 40.61345 ], [ -90.47229, 40.63426 ], [ -90.41071, 40.53733 ], [ -90.38619, 40.41822 ], [ -90.28181, 40.41399 ], [ -90.27761, 40.46107 ], [ -89.92954, 40.44641 ], [ -89.74177, 40.57996 ], [ -89.67204, 40.57683 ], [ -89.60703, 40.52661 ], [ -89.53498, 40.54694 ], [ -89.18663, 40.53044 ], [ -89.07707, 40.57236 ], [ -89.04479, 40.54711 ], [ -89.05501, 40.45303 ], [ -88.91591, 40.44605 ], [ -88.90548, 40.54013 ], [ -89.0371, 40.61767 ], [ -89.03196, 40.66471 ], [ -89.24137, 40.67494 ], [ -89.24635, 40.6279 ], [ -89.38344, 40.65807 ], [ -89.3565, 40.9168 ], [ -89.41927, 40.99064 ], [ -89.48944, 40.99389 ], [ -89.53651, 40.8779 ], [ -89.74669, 40.88738 ], [ -89.88911, 40.87 ], [ -89.87551, 41.01116 ], [ -89.80301, 41.03162 ], [ -89.7984, 41.07867 ], [ -89.69299, 41.074 ], [ -89.60848, 41.21196 ], [ -89.53325, 41.2558 ], [ -89.49802, 41.25419 ], [ -89.52602, 41.32634 ], [ -89.63185, 41.33113 ], [ -89.65767, 41.42676 ], [ -89.54445, 41.49253 ], [ -89.43591, 41.51119 ], [ -89.3298, 41.50626 ], [ -89.33478, 41.45925 ], [ -89.19342, 41.45255 ], [ -89.16575, 41.38034 ], [ -89.24138, 41.3367 ], [ -89.27665, 41.33838 ], [ -89.28166, 41.29136 ], [ -89.07021, 41.28119 ], [ -89.04275, 41.20894 ], [ -88.90198, 41.20196 ], [ -88.87474, 41.12968 ], [ -88.8098, 41.07911 ], [ -88.67207, 41.0484 ], [ -88.68292, 40.95438 ], [ -88.55104, 40.87653 ], [ -88.5105, 40.92168 ], [ -88.53724, 40.99404 ], [ -88.52616, 41.08804 ], [ -88.59639, 41.09174 ], [ -88.58262, 41.20924 ], [ -88.46588, 41.29765 ], [ -88.32498, 41.2901 ], [ -88.3307, 41.24311 ], [ -88.22512, 41.23736 ], [ -88.08734, 41.20608 ], [ -88.07555, 41.30003 ], [ -88.0344, 41.34503 ], [ -87.96393, 41.34105 ], [ -87.92055, 41.12569 ], [ -87.85032, 41.12166 ], [ -87.80304, 41.21356 ], [ -87.69757, 41.20742 ], [ -87.70374, 41.16045 ], [ -87.59836, 41.15423 ], [ -87.1376, 41.41018 ], [ -87.06711, 41.40576 ], [ -86.95127, 41.46945 ], [ -86.73967, 41.45581 ], [ -86.73275, 41.50272 ], [ -86.62691, 41.49578 ], [ -86.61991, 41.54268 ], [ -86.72583, 41.54963 ], [ -86.72236, 41.57308 ], [ -87.07573, 41.59567 ], [ -87.07239, 41.61913 ], [ -87.35537, 41.63657 ], [ -87.46472, 41.6195 ], [ -87.48736, 41.71549 ], [ -87.55823, 41.7197 ], [ -87.61968, 41.79428 ], [ -87.61023, 41.86469 ], [ -87.68128, 41.86884 ], [ -87.66876, 41.96271 ], [ -87.80183, 42.04132 ], [ -87.78946, 42.1352 ], [ -87.82514, 42.13724 ], [ -87.8516, 42.20967 ], [ -87.83618, 42.32701 ], [ -87.86581, 42.37597 ], [ -87.9672, 42.42893 ], [ -87.95194, 42.54627 ], [ -88.09565, 42.55419 ], [ -88.09264, 42.57766 ], [ -88.12859, 42.57962 ] ], [ [ -88.34595, 41.40946 ], [ -88.42219, 41.36626 ], [ -88.52799, 41.37186 ], [ -88.48151, 41.46398 ], [ -88.39952, 41.55418 ], [ -88.33452, 41.50342 ], [ -88.34595, 41.40946 ] ], [ [ -89.90519, 42.1695 ], [ -89.83367, 42.16646 ], [ -89.8026, 42.11791 ], [ -89.77861, 41.99883 ], [ -89.92126, 42.00494 ], [ -89.91668, 42.05196 ], [ -90.05722, 42.08144 ], [ -90.04824, 42.17548 ], [ -89.97216, 42.21953 ], [ -89.90519, 42.1695 ] ] ], [ [ [ -85.29675, 44.69656 ], [ -85.24273, 44.7875 ], [ -85.19166, 45.06832 ], [ -85.21193, 45.1646 ], [ -85.045, 45.24743 ], [ -84.97012, 45.24198 ], [ -84.92389, 45.28603 ], [ -84.91509, 45.33282 ], [ -84.95259, 45.33557 ], [ -84.9438, 45.38236 ], [ -85.02322, 45.36443 ], [ -85.17332, 45.37524 ], [ -85.21943, 45.33111 ], [ -85.25693, 45.33378 ], [ -85.34043, 45.29227 ], [ -85.39518, 44.98797 ], [ -85.37048, 44.91512 ], [ -85.45331, 44.87356 ], [ -85.46992, 44.77993 ], [ -85.5525, 44.73832 ], [ -85.6268, 44.74348 ], [ -85.68488, 44.84226 ], [ -85.65634, 45.00615 ], [ -85.69366, 45.00871 ], [ -85.78446, 44.92014 ], [ -85.83778, 44.829 ], [ -85.875, 44.83151 ], [ -85.89094, 44.73784 ], [ -85.9281, 44.74034 ], [ -85.93602, 44.6935 ], [ -85.91079, 44.62075 ], [ -85.95577, 44.57641 ], [ -86.0299, 44.58137 ], [ -86.04553, 44.48769 ], [ -86.12344, 44.46919 ], [ -86.15814, 44.25839 ], [ -86.29153, 44.12512 ], [ -86.34338, 44.03382 ], [ -86.39197, 43.72927 ], [ -86.3554, 43.72688 ], [ -86.38517, 43.53947 ], [ -86.27583, 43.53228 ], [ -86.2973, 43.62838 ], [ -86.27476, 43.76893 ], [ -86.30007, 43.84161 ], [ -86.28123, 43.95874 ], [ -86.20022, 44.00074 ], [ -86.18114, 44.11785 ], [ -86.10756, 44.11297 ], [ -86.02623, 44.15488 ], [ -86.01065, 44.24855 ], [ -85.86322, 44.23857 ], [ -85.8553, 44.2854 ], [ -85.74066, 44.30123 ], [ -85.63002, 44.29356 ], [ -85.58501, 44.33779 ], [ -85.57686, 44.38461 ], [ -85.6138, 44.38719 ], [ -85.72059, 44.41828 ], [ -85.70447, 44.51193 ], [ -85.54004, 44.59528 ], [ -85.46593, 44.59007 ], [ -85.42058, 44.63426 ], [ -85.37933, 44.65504 ], [ -85.37098, 44.70185 ], [ -85.29675, 44.69656 ] ] ], [ [ [ -83.70743, 45.28686 ], [ -83.71718, 45.24015 ], [ -83.6798, 45.2371 ], [ -83.67003, 45.28381 ], [ -83.70743, 45.28686 ] ] ], [ [ [ -83.83293, 45.4158 ], [ -83.8426, 45.36907 ], [ -83.80514, 45.36605 ], [ -83.79544, 45.41278 ], [ -83.83293, 45.4158 ] ] ], [ [ [ -82.74133, 43.49266 ], [ -82.80877, 43.52253 ], [ -82.78841, 43.61581 ], [ -82.84077, 43.71562 ], [ -82.93482, 43.79533 ], [ -82.89934, 43.9586 ], [ -82.92066, 44.03182 ], [ -83.03044, 44.04149 ], [ -83.04051, 43.99483 ], [ -83.12366, 43.95457 ], [ -83.23333, 43.9641 ], [ -83.3163, 43.92373 ], [ -83.33595, 43.83038 ], [ -83.52059, 43.6561 ], [ -83.59338, 43.66227 ], [ -83.64887, 43.57194 ], [ -83.75793, 43.58108 ], [ -83.74848, 43.62778 ], [ -83.89405, 43.63985 ], [ -83.96221, 43.66919 ], [ -83.93892, 43.78598 ], [ -83.96609, 43.83568 ], [ -84.03914, 43.84162 ], [ -84.04841, 43.7949 ], [ -84.15793, 43.80374 ], [ -84.16709, 43.75702 ], [ -84.24006, 43.76286 ], [ -84.29467, 43.6723 ], [ -84.36756, 43.67808 ], [ -84.41296, 43.63421 ], [ -84.43083, 43.54072 ], [ -84.40341, 43.49111 ], [ -84.4346, 43.3275 ], [ -84.39836, 43.32463 ], [ -84.42947, 43.16101 ], [ -84.32554, 43.129 ], [ -84.36563, 42.91865 ], [ -84.40163, 42.92153 ], [ -84.43254, 42.7579 ], [ -84.23953, 42.62369 ], [ -84.22607, 42.50392 ], [ -84.15458, 42.49806 ], [ -84.16804, 42.42795 ], [ -84.03883, 42.34605 ], [ -84.00318, 42.34308 ], [ -84.03431, 42.36942 ], [ -83.98046, 42.45991 ], [ -83.86415, 42.49766 ], [ -83.85495, 42.54438 ], [ -83.71195, 42.53227 ], [ -83.6311, 42.57287 ], [ -83.6123, 42.66628 ], [ -83.56704, 42.70991 ], [ -83.45955, 42.70063 ], [ -83.45001, 42.74732 ], [ -83.34247, 42.73795 ], [ -83.2514, 42.82502 ], [ -83.16986, 42.86536 ], [ -83.07836, 42.95231 ], [ -83.06849, 42.99898 ], [ -82.96057, 42.98933 ], [ -82.86858, 43.07615 ], [ -82.82829, 43.26274 ], [ -82.79217, 43.25947 ], [ -82.75153, 43.44603 ], [ -82.74133, 43.49266 ] ], [ [ -83.32188, 43.54404 ], [ -83.36794, 43.5005 ], [ -83.50832, 43.53629 ], [ -83.45266, 43.62656 ], [ -83.34357, 43.6172 ], [ -83.32188, 43.54404 ] ] ], [ [ [ -76.78731, 42.46576 ], [ -76.80179, 42.41962 ], [ -76.76655, 42.41487 ], [ -76.75205, 42.46102 ], [ -76.78731, 42.46576 ] ] ], [ [ [ -76.78006, 42.48883 ], [ -76.77281, 42.5119 ], [ -76.8081, 42.51664 ], [ -76.80085, 42.53972 ], [ -76.85063, 42.4983 ], [ -76.78006, 42.48883 ] ] ], [ [ [ -78.09741, 42.75537 ], [ -78.07548, 42.70468 ], [ -78.02636, 42.74651 ], [ -78.09741, 42.75537 ] ] ], [ [ [ -77.50114, 42.65585 ], [ -77.48713, 42.70206 ], [ -77.45167, 42.69748 ], [ -77.40942, 42.83609 ], [ -77.44495, 42.84067 ], [ -77.45903, 42.79447 ], [ -77.55805, 42.71118 ], [ -77.52258, 42.70662 ], [ -77.50114, 42.65585 ] ] ], [ [ [ -73.22784, 44.29116 ], [ -73.2374, 44.36538 ], [ -73.30957, 44.37656 ], [ -73.29194, 44.42232 ], [ -73.32806, 44.4279 ], [ -73.34567, 44.38214 ], [ -73.45289, 44.30173 ], [ -73.47909, 44.23307 ], [ -73.44307, 44.22753 ], [ -73.47796, 44.13598 ], [ -73.442, 44.13043 ], [ -73.47683, 44.03889 ], [ -73.40504, 44.02779 ], [ -73.3254, 44.13662 ], [ -73.21758, 44.11985 ], [ -73.19114, 44.18846 ], [ -73.20947, 44.23981 ], [ -73.19181, 44.28555 ], [ -73.22784, 44.29116 ] ] ] ] } },
{ "type": "Feature", "properties": { "ID": 37 }, "geometry": { "type": "MultiPolygon", "coordinates": [ [ [ [ -95.49878, 42.25027 ], [ -95.49745, 42.41515 ], [ -95.74928, 42.41581 ], [ -95.74909, 42.46292 ], [ -96.10912, 42.46309 ], [ -96.18099, 42.41591 ], [ -96.18037, 42.20392 ], [ -96.25208, 42.20381 ], [ -96.32452, 42.345 ], [ -96.32465, 42.36855 ], [ -96.43249, 42.36827 ], [ -96.43233, 42.34472 ], [ -96.50381, 42.29737 ], [ -96.46755, 42.25038 ], [ -96.46386, 41.75566 ], [ -96.49946, 41.75554 ], [ -96.5698, 41.66102 ], [ -96.56916, 41.59033 ], [ -96.56873, 41.5432 ], [ -96.56831, 41.49607 ], [ -96.63873, 41.44864 ], [ -96.745, 41.44813 ], [ -96.74555, 41.49526 ], [ -97.10003, 41.49296 ], [ -97.10127, 41.56365 ], [ -97.13846, 41.65762 ], [ -97.20954, 41.65704 ], [ -97.24275, 41.53892 ], [ -97.34916, 41.53796 ], [ -97.38204, 41.4198 ], [ -97.37947, 41.30197 ], [ -97.30684, 41.20837 ], [ -97.3049, 41.1141 ], [ -97.23443, 41.11473 ], [ -97.2326, 41.02044 ], [ -97.26637, 40.94941 ], [ -97.09025, 40.92731 ], [ -97.05356, 40.83327 ], [ -96.9834, 40.83378 ], [ -96.94972, 40.92832 ], [ -96.87978, 40.95235 ], [ -96.88174, 41.09379 ], [ -96.84652, 41.094 ], [ -96.84904, 41.28256 ], [ -96.77838, 41.28297 ], [ -96.77955, 41.37724 ], [ -96.70931, 41.42474 ], [ -96.63801, 41.37794 ], [ -96.53186, 41.37838 ], [ -96.49574, 41.28423 ], [ -96.42492, 41.26089 ], [ -96.38902, 41.16671 ], [ -96.3883, 41.04885 ], [ -96.3179, 41.04903 ], [ -96.31742, 40.95473 ], [ -96.24713, 40.95487 ], [ -96.21182, 40.90778 ], [ -96.17637, 40.78994 ], [ -96.0712, 40.79003 ], [ -96.07114, 40.74287 ], [ -95.96609, 40.67215 ], [ -95.96614, 40.57782 ], [ -95.86131, 40.57776 ], [ -95.86141, 40.53059 ], [ -95.79166, 40.50692 ], [ -95.72226, 40.41246 ], [ -95.65281, 40.36513 ], [ -95.61743, 40.45938 ], [ -95.58255, 40.45928 ], [ -95.51351, 40.36471 ], [ -95.51405, 40.29395 ], [ -95.3749, 40.2934 ], [ -95.3066, 40.17512 ], [ -95.23716, 40.17476 ], [ -95.23827, 40.08039 ], [ -95.16893, 40.07999 ], [ -95.16832, 40.12717 ], [ -94.99485, 40.12603 ], [ -94.92742, 40.00755 ], [ -94.61576, 40.0048 ], [ -94.61677, 39.95761 ], [ -94.37456, 39.95499 ], [ -94.30412, 40.00135 ], [ -94.26697, 40.09529 ], [ -94.0936, 40.09302 ], [ -93.9579, 39.99669 ], [ -93.95939, 39.94951 ], [ -93.78643, 39.94686 ], [ -93.67927, 40.03953 ], [ -93.54072, 40.03715 ], [ -93.54252, 39.98998 ], [ -93.47422, 39.96515 ], [ -93.37042, 39.96322 ], [ -93.3685, 40.0104 ], [ -93.39932, 40.10539 ], [ -93.46774, 40.13025 ], [ -93.45657, 40.41323 ], [ -93.41984, 40.45975 ], [ -93.35011, 40.45845 ], [ -93.34621, 40.55275 ], [ -93.27538, 40.57498 ], [ -93.1706, 40.57291 ], [ -93.16851, 40.62005 ], [ -93.13357, 40.61935 ], [ -93.11976, 40.92573 ], [ -93.22408, 40.9514 ], [ -93.25514, 41.04635 ], [ -93.43012, 41.07322 ], [ -93.49867, 41.1216 ], [ -93.53023, 41.21647 ], [ -93.60079, 41.21769 ], [ -93.59632, 41.33549 ], [ -93.69979, 41.40793 ], [ -93.69808, 41.45505 ], [ -93.76724, 41.5033 ], [ -93.83813, 41.50439 ], [ -93.83571, 41.57506 ], [ -93.76306, 41.62109 ], [ -93.7597, 41.71531 ], [ -93.82676, 41.83419 ], [ -93.68423, 41.83195 ], [ -93.68074, 41.92617 ], [ -93.71384, 41.9974 ], [ -93.8243, 41.90485 ], [ -93.93132, 41.90643 ], [ -93.9282, 42.00065 ], [ -93.99815, 42.04876 ], [ -93.9974, 42.07232 ], [ -94.14258, 42.00357 ], [ -94.17487, 42.1218 ], [ -94.24382, 42.2169 ], [ -94.35076, 42.24172 ], [ -94.49425, 42.24329 ], [ -94.49311, 42.2904 ], [ -94.6008, 42.29148 ], [ -94.59974, 42.33858 ], [ -94.85124, 42.3408 ], [ -94.85081, 42.36435 ], [ -94.88675, 42.36463 ], [ -94.88717, 42.34108 ], [ -94.9231, 42.34135 ], [ -94.92392, 42.29425 ], [ -94.95982, 42.29451 ], [ -94.96179, 42.17674 ], [ -94.99762, 42.17699 ], [ -95.0707, 42.08325 ], [ -95.0721, 41.98902 ], [ -95.1796, 41.96611 ], [ -95.2516, 41.91938 ], [ -95.25216, 41.87226 ], [ -95.43047, 41.87308 ], [ -95.42854, 42.08511 ], [ -95.46432, 42.08525 ], [ -95.4629, 42.25014 ], [ -95.49878, 42.25027 ] ], [ [ -94.00381, 40.75233 ], [ -93.97028, 40.70468 ], [ -93.90028, 40.70365 ], [ -93.90415, 40.58577 ], [ -94.11378, 40.58875 ], [ -94.11239, 40.6359 ], [ -94.21663, 40.66085 ], [ -94.214, 40.75515 ], [ -94.13912, 40.91926 ], [ -94.03376, 40.91783 ], [ -94.00012, 40.87019 ], [ -94.00381, 40.75233 ] ], [ [ -96.00109, 41.33224 ], [ -95.8243, 41.33213 ], [ -95.82449, 41.26142 ], [ -96.00109, 41.26153 ], [ -96.00109, 41.33224 ] ] ], [ [ [ -89.24138, 41.3367 ], [ -89.16575, 41.38034 ], [ -89.19342, 41.45255 ], [ -89.33478, 41.45925 ], [ -89.3298, 41.50626 ], [ -89.43591, 41.51119 ], [ -89.54445, 41.49253 ], [ -89.65767, 41.42676 ], [ -89.63185, 41.33113 ], [ -89.52602, 41.32634 ], [ -89.49802, 41.25419 ], [ -89.46279, 41.25257 ], [ -89.38741, 41.29633 ], [ -89.38248, 41.34335 ], [ -89.24138, 41.3367 ] ] ], [ [ [ -92.63464, 41.45748 ], [ -92.66506, 41.55251 ], [ -92.59287, 41.57439 ], [ -92.55223, 41.66773 ], [ -92.44567, 41.66512 ], [ -92.44033, 41.7593 ], [ -92.61694, 41.78716 ], [ -92.6144, 41.83425 ], [ -92.68315, 41.88301 ], [ -92.75444, 41.88464 ], [ -92.75932, 41.79045 ], [ -92.72618, 41.74255 ], [ -92.76418, 41.69626 ], [ -92.83289, 41.74495 ], [ -92.90404, 41.74651 ], [ -92.94305, 41.67662 ], [ -92.94992, 41.53531 ], [ -92.91446, 41.53455 ], [ -92.88251, 41.46312 ], [ -92.77627, 41.46075 ], [ -92.78108, 41.36654 ], [ -92.63966, 41.36327 ], [ -92.56767, 41.38513 ], [ -92.56511, 41.43223 ], [ -92.6005, 41.43308 ], [ -92.59923, 41.45663 ], [ -92.63464, 41.45748 ] ] ], [ [ [ -93.81526, 42.16392 ], [ -93.78195, 42.09272 ], [ -93.77776, 42.21048 ], [ -93.85108, 42.16446 ], [ -93.81526, 42.16392 ] ] ], [ [ [ -97.55977, 42.87874 ], [ -97.5247, 42.92621 ], [ -97.74231, 42.92378 ], [ -97.73965, 42.82959 ], [ -97.55858, 42.83164 ], [ -97.55977, 42.87874 ] ] ], [ [ [ -100.59172, 44.63016 ], [ -100.5809, 44.48902 ], [ -100.50478, 44.46775 ], [ -100.51364, 44.58537 ], [ -100.59172, 44.63016 ] ] ], [ [ [ -100.60258, 44.7713 ], [ -100.60621, 44.81835 ], [ -100.60803, 44.84188 ], [ -100.72021, 44.8384 ], [ -100.71277, 44.74431 ], [ -100.63445, 44.69958 ], [ -100.59172, 44.63016 ], [ -100.60258, 44.7713 ] ] ] ] } },
{ "type": "Feature", "properties": { "ID": 38 }, "geometry": { "type": "MultiPolygon", "coordinates": [ [ [ [ -81.80108, 36.11997 ], [ -81.79132, 36.16691 ], [ -81.88832, 36.17751 ], [ -81.93033, 36.13407 ], [ -81.80108, 36.11997 ] ] ], [ [ [ -81.65987, 36.32048 ], [ -81.65493, 36.34393 ], [ -81.62253, 36.34035 ], [ -81.61758, 36.36381 ], [ -81.71483, 36.37453 ], [ -81.72467, 36.32761 ], [ -81.65987, 36.32048 ] ] ], [ [ [ -81.49781, 36.61452 ], [ -81.48275, 36.68483 ], [ -81.54286, 36.71549 ], [ -81.59539, 36.62533 ], [ -81.49781, 36.61452 ] ] ], [ [ [ -81.08625, 37.57578 ], [ -80.98347, 37.73199 ], [ -81.00597, 37.78246 ], [ -81.07211, 37.7899 ], [ -81.11565, 37.74685 ], [ -81.15914, 37.70379 ], [ -81.17477, 37.63365 ], [ -81.20777, 37.63733 ], [ -81.22333, 37.56717 ], [ -81.23886, 37.497 ], [ -81.17299, 37.48964 ], [ -81.0967, 37.52902 ], [ -81.08625, 37.57578 ] ] ], [ [ [ -80.75406, 37.99354 ], [ -80.88671, 38.00863 ], [ -80.94774, 38.03948 ], [ -80.96897, 37.94603 ], [ -81.01796, 37.87967 ], [ -80.88554, 37.8647 ], [ -80.78091, 37.87676 ], [ -80.8033, 37.92725 ], [ -80.75406, 37.99354 ] ] ], [ [ [ -79.9276, 38.59224 ], [ -79.961, 38.59622 ], [ -79.99517, 38.4564 ], [ -80.1342, 38.44891 ], [ -80.072, 38.70529 ], [ -80.19497, 38.62388 ], [ -80.22305, 38.50732 ], [ -80.27878, 38.41797 ], [ -80.37882, 38.42964 ], [ -80.3899, 38.38299 ], [ -80.48958, 38.25074 ], [ -80.51152, 38.1574 ], [ -80.6112, 38.1689 ], [ -80.66613, 38.07934 ], [ -80.73252, 38.08694 ], [ -80.75406, 37.99354 ], [ -80.71552, 38.0131 ], [ -80.51662, 37.99016 ], [ -80.50569, 38.03685 ], [ -80.41738, 38.12248 ], [ -80.26238, 38.20025 ], [ -80.12904, 38.3284 ], [ -80.06247, 38.32051 ], [ -79.97322, 38.40581 ], [ -79.93903, 38.54564 ], [ -79.9276, 38.59224 ] ] ], [ [ [ -73.77103, 41.22634 ], [ -73.79717, 41.25474 ], [ -73.83153, 41.2602 ], [ -73.82334, 41.28313 ], [ -73.89209, 41.29404 ], [ -73.95272, 41.32785 ], [ -74.00339, 41.28741 ], [ -74.04394, 41.17271 ], [ -74.17111, 41.12006 ], [ -74.18718, 41.07415 ], [ -74.29007, 41.09025 ], [ -74.32201, 40.99841 ], [ -74.37218, 40.95782 ], [ -74.44067, 40.96847 ], [ -74.54863, 40.86422 ], [ -74.65126, 40.88005 ], [ -74.66693, 40.83408 ], [ -74.81155, 40.83207 ], [ -74.74134, 41.03896 ], [ -74.65701, 41.07441 ], [ -74.70998, 41.13088 ], [ -74.85209, 41.03166 ], [ -74.98941, 41.05245 ], [ -75.00055, 41.12662 ], [ -75.06933, 41.13696 ], [ -75.12683, 41.07311 ], [ -75.22994, 41.08852 ], [ -75.24524, 41.0425 ], [ -75.39389, 40.91971 ], [ -75.46251, 40.92986 ], [ -75.51942, 40.86584 ], [ -75.6566, 40.88599 ], [ -75.71328, 40.82189 ], [ -75.79668, 40.7858 ], [ -75.86522, 40.79576 ], [ -75.89474, 40.70356 ], [ -75.92897, 40.70852 ], [ -75.93632, 40.68546 ], [ -75.90211, 40.68051 ], [ -75.92418, 40.61134 ], [ -76.01942, 40.64924 ], [ -76.22476, 40.67869 ], [ -76.23924, 40.63255 ], [ -76.3293, 40.57306 ], [ -76.4661, 40.59243 ], [ -76.5217, 40.52799 ], [ -76.59007, 40.5376 ], [ -76.59717, 40.51451 ], [ -76.56299, 40.50971 ], [ -76.5701, 40.48662 ], [ -76.67261, 40.50098 ], [ -76.68673, 40.45479 ], [ -76.75505, 40.46431 ], [ -76.65846, 40.54717 ], [ -76.63721, 40.61645 ], [ -76.57452, 40.70402 ], [ -76.67738, 40.71837 ], [ -76.76617, 40.77885 ], [ -76.71768, 40.82028 ], [ -76.6893, 40.91264 ], [ -76.75811, 40.92216 ], [ -76.70841, 41.08378 ], [ -76.81191, 41.09804 ], [ -76.93658, 41.04292 ], [ -77.00556, 41.05232 ], [ -77.06102, 40.9877 ], [ -77.12997, 40.99704 ], [ -77.21279, 40.96012 ], [ -77.22662, 40.91389 ], [ -77.29551, 40.92315 ], [ -77.30927, 40.87691 ], [ -77.27485, 40.87229 ], [ -77.28861, 40.82605 ], [ -77.32301, 40.83067 ], [ -77.33674, 40.78443 ], [ -77.37112, 40.78903 ], [ -77.3848, 40.74278 ], [ -77.52227, 40.76112 ], [ -77.52906, 40.73798 ], [ -77.63218, 40.75164 ], [ -77.63892, 40.7285 ], [ -77.60455, 40.72396 ], [ -77.61131, 40.70082 ], [ -77.68002, 40.7099 ], [ -77.68674, 40.68676 ], [ -77.65239, 40.68222 ], [ -77.65912, 40.65908 ], [ -77.76215, 40.67265 ], [ -77.76883, 40.6495 ], [ -77.82418, 40.7048 ], [ -77.92731, 40.71824 ], [ -77.97494, 40.67639 ], [ -78.06489, 40.73604 ], [ -78.23696, 40.75811 ], [ -78.25001, 40.71178 ], [ -78.31882, 40.72054 ], [ -78.3318, 40.6742 ], [ -78.4135, 40.63657 ], [ -78.45212, 40.49749 ], [ -78.48642, 40.50183 ], [ -78.54394, 40.29314 ], [ -78.62503, 40.25538 ], [ -78.66296, 40.11619 ], [ -78.74376, 40.07835 ], [ -78.80006, 39.86947 ], [ -78.86806, 39.87797 ], [ -78.91143, 39.71545 ], [ -79.00388, 39.63099 ], [ -79.13334, 39.671 ], [ -79.12113, 39.71746 ], [ -79.21688, 39.7532 ], [ -79.19254, 39.84612 ], [ -79.22655, 39.85028 ], [ -79.22047, 39.87351 ], [ -79.25449, 39.87767 ], [ -79.23016, 39.97059 ], [ -79.26424, 39.97474 ], [ -79.25815, 39.99797 ], [ -79.32634, 40.00624 ], [ -79.26183, 40.11825 ], [ -79.07598, 40.28735 ], [ -79.04175, 40.28316 ], [ -78.99512, 40.32538 ], [ -79.01373, 40.25574 ], [ -78.87692, 40.23886 ], [ -78.86443, 40.28527 ], [ -78.81767, 40.32743 ], [ -78.85191, 40.33168 ], [ -78.83938, 40.37808 ], [ -78.87364, 40.38233 ], [ -78.88915, 40.45617 ], [ -78.86407, 40.54897 ], [ -78.9328, 40.55744 ], [ -78.90147, 40.67344 ], [ -78.99852, 40.70929 ], [ -78.97976, 40.77889 ], [ -79.03627, 40.8337 ], [ -79.13985, 40.84625 ], [ -79.15579, 40.92004 ], [ -79.30029, 40.91343 ], [ -79.31642, 40.98719 ], [ -79.42031, 40.99953 ], [ -79.47739, 41.05415 ], [ -79.44681, 41.17023 ], [ -79.51629, 41.1784 ], [ -79.56928, 41.11282 ], [ -79.50597, 41.08146 ], [ -79.51815, 41.03502 ], [ -79.65684, 41.05126 ], [ -79.70357, 41.00885 ], [ -80.01569, 41.0448 ], [ -80.00386, 41.09128 ], [ -80.06743, 41.12242 ], [ -80.20644, 41.13812 ], [ -80.35132, 41.13044 ], [ -80.41509, 41.16142 ], [ -80.39776, 41.23118 ], [ -80.5371, 41.24656 ], [ -80.54856, 41.20004 ], [ -80.71703, 41.24232 ], [ -80.85646, 41.25739 ], [ -80.86769, 41.21085 ], [ -80.90254, 41.21459 ], [ -80.93604, 41.07495 ], [ -80.90127, 41.07121 ], [ -80.91801, 41.00139 ], [ -80.95274, 41.00512 ], [ -80.96385, 40.95856 ], [ -81.04433, 40.91942 ], [ -81.06087, 40.84957 ], [ -81.12295, 40.73683 ], [ -81.1976, 40.72089 ], [ -81.24848, 40.65467 ], [ -81.42133, 40.67283 ], [ -81.54636, 40.5904 ], [ -81.5887, 40.40391 ], [ -81.8299, 40.4287 ], [ -81.96268, 40.46601 ], [ -82.11598, 40.40986 ], [ -82.17481, 40.4634 ], [ -82.24383, 40.47024 ], [ -82.29845, 40.38028 ], [ -82.3674, 40.38706 ], [ -82.4168, 40.3204 ], [ -82.4857, 40.32712 ], [ -82.49558, 40.28042 ], [ -82.53001, 40.28377 ], [ -82.54477, 40.21371 ], [ -82.48093, 40.18366 ], [ -82.49572, 40.1136 ], [ -82.6134, 40.05354 ], [ -82.6623, 39.98677 ], [ -82.79944, 39.99994 ], [ -82.81934, 40.07331 ], [ -82.87845, 40.12657 ], [ -82.98156, 40.1363 ], [ -83.08941, 40.12257 ], [ -83.26412, 39.94826 ], [ -83.27801, 39.8781 ], [ -83.38078, 39.88754 ], [ -83.49723, 39.82671 ], [ -83.51537, 39.73312 ], [ -83.58825, 39.7159 ], [ -83.59725, 39.6691 ], [ -83.73391, 39.68135 ], [ -83.87501, 39.67005 ], [ -83.86622, 39.71688 ], [ -84.04157, 39.70842 ], [ -84.09305, 39.61771 ], [ -84.22543, 39.65289 ], [ -84.21688, 39.69974 ], [ -84.27254, 39.77584 ], [ -84.37529, 39.78454 ], [ -84.38372, 39.73769 ], [ -84.48643, 39.74631 ], [ -84.51233, 39.79602 ], [ -84.73845, 39.69581 ], [ -84.87536, 39.70693 ], [ -84.86729, 39.75381 ], [ -84.97008, 39.76207 ], [ -85.14934, 39.72877 ], [ -85.2413, 39.59342 ], [ -85.25686, 39.4996 ], [ -85.33287, 39.458 ], [ -85.34827, 39.36415 ], [ -85.49976, 39.28079 ], [ -85.60189, 39.28858 ], [ -85.59438, 39.33553 ], [ -85.72698, 39.36928 ], [ -85.74626, 39.46573 ], [ -85.81824, 39.44734 ], [ -85.98896, 39.45989 ], [ -86.11288, 39.32641 ], [ -86.12001, 39.27944 ], [ -86.2222, 39.28677 ], [ -86.24924, 39.33618 ], [ -86.23161, 39.45361 ], [ -86.29291, 39.50543 ], [ -86.39548, 39.51263 ], [ -86.40242, 39.46565 ], [ -86.47421, 39.44692 ], [ -86.57671, 39.45398 ], [ -86.56989, 39.50097 ], [ -86.70668, 39.51028 ], [ -86.72012, 39.41629 ], [ -86.86996, 39.33144 ], [ -87.03557, 39.12885 ], [ -87.04846, 39.03479 ], [ -87.12278, 38.99218 ], [ -87.13233, 38.92161 ], [ -87.16625, 38.92382 ], [ -87.17891, 38.82971 ], [ -87.11118, 38.8253 ], [ -87.05307, 38.75028 ], [ -87.05947, 38.70323 ], [ -86.9951, 38.67523 ], [ -87.01437, 38.53405 ], [ -87.08815, 38.49143 ], [ -87.09767, 38.42082 ], [ -87.03037, 38.41637 ], [ -87.04631, 38.29867 ], [ -86.87838, 38.28741 ], [ -86.84805, 38.26159 ], [ -86.61315, 38.24543 ], [ -86.51588, 38.21485 ], [ -86.50578, 38.28544 ], [ -86.43525, 38.30423 ], [ -86.1332, 38.28245 ], [ -86.09261, 38.32703 ], [ -86.07851, 38.42109 ], [ -86.0307, 38.51266 ], [ -85.86241, 38.50015 ], [ -85.88886, 38.54968 ], [ -85.84432, 38.61767 ], [ -85.77325, 38.6361 ], [ -85.50361, 38.61547 ], [ -85.45486, 38.70681 ], [ -85.38738, 38.70155 ], [ -85.37264, 38.58147 ], [ -85.24181, 38.54734 ], [ -85.26859, 38.3829 ], [ -85.25031, 38.28625 ], [ -85.17944, 38.30438 ], [ -85.04536, 38.29354 ], [ -84.99622, 38.38476 ], [ -85.11886, 38.46611 ], [ -85.10723, 38.53656 ], [ -85.16679, 38.58894 ], [ -85.2678, 38.59698 ], [ -85.28236, 38.71708 ], [ -85.24094, 38.76137 ], [ -85.07217, 38.74788 ], [ -85.09812, 38.79755 ], [ -84.96306, 38.78663 ], [ -84.97489, 38.71621 ], [ -85.05017, 38.67473 ], [ -85.05799, 38.62777 ], [ -84.95695, 38.61957 ], [ -84.96876, 38.54913 ], [ -84.90149, 38.54363 ], [ -84.87974, 38.47043 ], [ -84.77897, 38.46209 ], [ -84.78695, 38.41514 ], [ -84.65675, 38.38043 ], [ -84.48908, 38.36622 ], [ -84.4138, 38.40741 ], [ -84.35913, 38.33122 ], [ -84.37565, 38.23734 ], [ -84.31703, 38.1846 ], [ -84.29213, 38.32542 ], [ -84.25446, 38.34596 ], [ -84.05348, 38.32828 ], [ -84.00295, 38.41913 ], [ -83.83533, 38.40411 ], [ -83.79313, 38.44797 ], [ -83.77574, 38.54175 ], [ -83.73342, 38.58559 ], [ -83.63262, 38.5764 ], [ -83.62379, 38.62328 ], [ -83.52295, 38.61401 ], [ -83.45127, 38.63122 ], [ -83.44231, 38.67807 ], [ -83.20692, 38.65602 ], [ -83.08767, 38.7401 ], [ -83.05067, 38.92739 ], [ -82.92975, 38.84424 ], [ -82.84825, 38.90793 ], [ -82.83882, 38.95473 ], [ -82.76659, 38.97157 ], [ -82.66534, 38.96167 ], [ -82.61241, 39.05191 ], [ -82.38043, 39.17209 ], [ -82.27893, 39.1619 ], [ -82.20136, 39.20181 ], [ -82.21538, 39.29871 ], [ -82.11371, 39.2884 ], [ -82.01711, 39.25466 ], [ -82.00704, 39.30138 ], [ -81.80379, 39.28039 ], [ -81.79356, 39.3271 ], [ -81.72065, 39.34337 ], [ -81.55123, 39.32555 ], [ -81.42101, 39.28781 ], [ -81.41051, 39.33448 ], [ -81.30892, 39.32358 ], [ -81.29833, 39.37024 ], [ -81.18068, 39.42924 ], [ -81.07898, 39.41817 ], [ -81.05203, 39.53476 ], [ -81.00725, 39.57768 ], [ -80.93931, 39.57023 ], [ -80.8835, 39.65972 ], [ -80.76495, 39.71834 ], [ -80.74838, 39.78823 ], [ -80.67469, 39.80395 ], [ -80.47032, 39.78101 ], [ -80.36252, 39.7927 ], [ -80.38525, 39.84314 ], [ -80.21492, 39.82368 ], [ -80.1805, 39.96332 ], [ -80.03822, 39.97083 ], [ -79.90176, 39.95495 ], [ -79.80534, 39.91969 ], [ -79.78178, 40.01271 ], [ -79.71353, 40.00465 ], [ -79.65565, 40.0936 ], [ -79.58733, 40.08549 ], [ -79.56513, 40.03494 ], [ -79.65718, 39.95008 ], [ -79.67496, 39.88033 ], [ -79.74308, 39.8884 ], [ -79.84639, 39.75689 ], [ -79.88142, 39.61731 ], [ -79.91535, 39.6213 ], [ -79.9675, 39.41186 ], [ -79.8264, 39.41916 ], [ -79.83804, 39.37262 ], [ -79.7763, 39.34132 ], [ -79.79961, 39.24824 ], [ -79.85076, 39.18242 ], [ -79.61495, 39.15419 ], [ -79.66621, 39.08844 ], [ -79.70709, 38.92551 ], [ -79.79739, 38.84044 ], [ -79.82051, 38.74729 ], [ -79.91042, 38.66213 ], [ -79.9276, 38.59224 ], [ -79.76062, 38.57219 ], [ -79.74458, 38.49828 ], [ -79.76189, 38.42839 ], [ -79.69527, 38.42031 ], [ -79.6721, 38.51349 ], [ -79.58791, 38.57523 ], [ -79.53112, 38.66428 ], [ -79.48996, 38.82721 ], [ -79.39928, 38.91208 ], [ -79.32029, 38.95035 ], [ -79.28443, 39.0899 ], [ -79.25081, 39.08575 ], [ -79.22075, 39.20201 ], [ -79.1292, 39.28666 ], [ -79.07115, 39.37543 ], [ -78.94537, 39.45574 ], [ -78.92076, 39.54865 ], [ -78.78202, 39.67524 ], [ -78.66529, 39.58848 ], [ -78.52998, 39.57124 ], [ -78.48132, 39.49295 ], [ -78.51283, 39.3769 ], [ -78.44541, 39.36822 ], [ -78.46433, 39.29859 ], [ -78.36333, 39.28552 ], [ -78.27692, 39.34638 ], [ -78.20956, 39.33759 ], [ -78.19509, 39.26358 ], [ -78.11498, 39.30114 ], [ -77.98689, 39.26016 ], [ -77.88605, 39.24674 ], [ -77.79271, 39.33049 ], [ -77.84696, 39.38585 ], [ -77.80114, 39.5481 ], [ -77.69989, 39.53455 ], [ -77.71966, 39.46503 ], [ -77.51084, 39.4609 ], [ -77.49752, 39.50722 ], [ -77.53124, 39.5118 ], [ -77.59869, 39.52092 ], [ -77.54549, 39.70622 ], [ -77.48491, 39.79427 ], [ -77.55265, 39.80341 ], [ -77.49237, 40.01178 ], [ -77.44493, 40.05349 ], [ -77.31577, 40.01192 ], [ -77.43037, 39.61843 ], [ -77.3966, 39.61383 ], [ -77.40331, 39.59067 ], [ -77.30208, 39.57683 ], [ -77.20767, 39.53977 ], [ -77.12666, 39.57674 ], [ -77.05282, 39.47014 ], [ -76.95185, 39.45604 ], [ -76.93814, 39.50231 ], [ -76.8708, 39.49286 ], [ -76.80951, 39.58064 ], [ -76.76097, 39.74249 ], [ -76.67945, 39.77919 ], [ -76.65147, 39.87163 ], [ -76.52741, 40.04687 ], [ -76.42566, 40.0324 ], [ -76.37038, 40.09683 ], [ -76.28819, 40.13329 ], [ -76.18636, 40.11864 ], [ -76.13799, 40.15989 ], [ -76.1503, 40.23402 ], [ -76.28633, 40.25357 ], [ -76.306, 40.3046 ], [ -76.25757, 40.34589 ], [ -76.09458, 40.29833 ], [ -75.75458, 40.24875 ], [ -75.69404, 40.21568 ], [ -75.68226, 40.14151 ], [ -75.62924, 40.08536 ], [ -75.52763, 40.07023 ], [ -75.47143, 40.1343 ], [ -75.33591, 40.11395 ], [ -75.3209, 40.16002 ], [ -75.24558, 40.17282 ], [ -75.23049, 40.21888 ], [ -75.08727, 40.22132 ], [ -74.95169, 40.20061 ], [ -74.86858, 40.23622 ], [ -74.8455, 40.30523 ], [ -74.60812, 40.26849 ], [ -74.63144, 40.19951 ], [ -74.59758, 40.19423 ], [ -74.5898, 40.21723 ], [ -74.48824, 40.20134 ], [ -74.44125, 40.33924 ], [ -74.47517, 40.34456 ], [ -74.42017, 40.50541 ], [ -74.38617, 40.50008 ], [ -74.33081, 40.66088 ], [ -74.29674, 40.65553 ], [ -74.20906, 40.9081 ], [ -74.15079, 40.97159 ], [ -73.98157, 41.04175 ], [ -73.86255, 41.0713 ], [ -73.75311, 41.17501 ], [ -73.74491, 41.19793 ], [ -73.77103, 41.22634 ] ], [ [ -86.49545, 38.59363 ], [ -86.48186, 38.6877 ], [ -86.4109, 38.70645 ], [ -86.42801, 38.58888 ], [ -86.49545, 38.59363 ] ], [ [ -79.50396, 39.04482 ], [ -79.494, 38.94766 ], [ -79.59469, 38.9599 ], [ -79.50396, 39.04482 ] ], [ [ -79.50396, 39.04482 ], [ -79.48029, 39.13788 ], [ -79.42881, 39.20356 ], [ -79.33376, 39.16794 ], [ -79.36956, 39.02839 ], [ -79.50396, 39.04482 ] ], [ [ -78.2281, 40.15682 ], [ -78.16803, 40.24513 ], [ -78.06561, 40.23186 ], [ -78.11929, 40.16677 ], [ -78.1388, 40.09724 ], [ -78.2281, 40.15682 ] ], [ [ -77.65634, 40.17802 ], [ -77.68376, 40.2057 ], [ -77.65704, 40.2983 ], [ -77.55464, 40.28466 ], [ -77.5407, 40.21066 ], [ -77.5882, 40.16893 ], [ -77.65634, 40.17802 ] ] ], [ [ [ -78.48868, 40.62207 ], [ -78.48226, 40.64525 ], [ -78.51664, 40.64958 ], [ -78.51022, 40.67276 ], [ -78.54463, 40.67708 ], [ -78.59181, 40.63502 ], [ -78.48868, 40.62207 ] ] ], [ [ [ -78.45146, 38.57581 ], [ -78.50741, 38.36665 ], [ -78.42856, 38.40444 ], [ -78.40361, 38.49739 ], [ -78.31828, 38.55834 ], [ -78.28681, 38.67447 ], [ -78.35979, 38.66001 ], [ -78.3786, 38.59032 ], [ -78.45146, 38.57581 ] ] ], [ [ [ -78.12959, 38.87019 ], [ -78.16302, 38.87462 ], [ -78.17574, 38.82819 ], [ -78.20916, 38.83261 ], [ -78.22184, 38.78617 ], [ -78.14233, 38.82377 ], [ -78.12959, 38.87019 ] ] ], [ [ [ -78.08337, 38.91218 ], [ -78.01648, 38.90328 ], [ -77.95728, 38.99162 ], [ -78.02425, 39.00055 ], [ -78.08337, 38.91218 ] ] ], [ [ [ -78.69755, 39.20838 ], [ -78.71879, 39.25912 ], [ -78.79231, 39.24444 ], [ -78.80466, 39.19798 ], [ -78.74358, 39.16621 ], [ -78.69755, 39.20838 ] ] ], [ [ [ -77.55767, 41.00611 ], [ -77.53725, 41.0755 ], [ -77.67549, 41.09368 ], [ -77.71681, 41.07507 ], [ -77.73704, 41.00566 ], [ -77.77157, 41.01017 ], [ -77.785, 40.96388 ], [ -77.84628, 40.87581 ], [ -77.74291, 40.86231 ], [ -77.65377, 40.92267 ], [ -77.59219, 41.01067 ], [ -77.55767, 41.00611 ] ] ], [ [ [ -74.44834, 41.26 ], [ -74.45888, 41.3342 ], [ -74.49333, 41.3395 ], [ -74.51717, 41.27061 ], [ -74.4563, 41.23703 ], [ -74.44834, 41.26 ] ] ], [ [ [ -71.36107, 41.79438 ], [ -71.39549, 41.80043 ], [ -71.41376, 41.75489 ], [ -71.37936, 41.74884 ], [ -71.36107, 41.79438 ] ] ], [ [ [ -72.60428, 42.10411 ], [ -72.54363, 42.06974 ], [ -72.50853, 42.1611 ], [ -72.56047, 42.21832 ], [ -72.60428, 42.10411 ] ] ] ] } },
{ "type": "Feature", "properties": { "ID": 39 }, "geometry": { "type": "MultiPolygon", "coordinates": [ [ [ [ -97.34916, 41.53796 ], [ -97.27822, 41.53861 ], [ -97.28013, 41.63286 ], [ -97.42223, 41.63152 ], [ -97.45557, 41.53691 ], [ -97.52651, 41.53617 ], [ -97.59625, 41.48827 ], [ -97.62865, 41.37005 ], [ -97.80484, 41.34435 ], [ -97.80349, 41.29723 ], [ -98.15679, 41.2923 ], [ -98.22579, 41.24409 ], [ -98.22413, 41.19696 ], [ -98.29382, 41.17227 ], [ -98.35995, 41.05329 ], [ -98.43033, 41.0521 ], [ -98.49701, 40.95661 ], [ -98.49516, 40.90947 ], [ -98.60049, 40.90757 ], [ -98.59568, 40.78973 ], [ -98.63073, 40.78908 ], [ -98.62393, 40.62408 ], [ -98.58898, 40.62473 ], [ -98.51536, 40.5317 ], [ -98.4759, 40.41444 ], [ -98.47135, 40.29654 ], [ -98.4018, 40.29775 ], [ -98.32882, 40.2046 ], [ -98.25771, 40.15857 ], [ -98.22056, 40.08837 ], [ -98.25194, 39.99346 ], [ -98.24374, 39.75753 ], [ -98.1716, 39.66424 ], [ -98.16766, 39.54623 ], [ -98.13328, 39.54677 ], [ -98.09586, 39.45288 ], [ -97.99287, 39.45441 ], [ -97.99143, 39.40719 ], [ -97.92212, 39.38456 ], [ -97.81923, 39.38596 ], [ -97.74811, 39.29241 ], [ -97.74558, 39.19795 ], [ -97.67537, 39.12796 ], [ -97.67296, 39.03349 ], [ -97.73931, 38.96177 ], [ -97.73494, 38.7964 ], [ -97.63473, 38.86854 ], [ -97.63708, 38.96304 ], [ -97.53485, 38.96422 ], [ -97.46563, 38.91772 ], [ -97.46458, 38.87047 ], [ -96.98813, 38.87475 ], [ -96.91874, 38.78071 ], [ -96.91709, 38.66255 ], [ -96.95, 38.59141 ], [ -97.08555, 38.59039 ], [ -97.084, 38.49584 ], [ -96.94763, 38.42593 ], [ -96.44054, 38.42853 ], [ -96.44038, 38.40489 ], [ -96.23761, 38.40539 ], [ -96.13618, 38.38189 ], [ -96.13608, 38.3346 ], [ -95.96728, 38.33466 ], [ -95.96731, 38.28737 ], [ -95.8661, 38.2873 ], [ -95.86586, 38.40554 ], [ -95.93345, 38.40559 ], [ -95.93326, 38.59471 ], [ -96.00105, 38.61837 ], [ -96.23838, 38.61816 ], [ -96.3064, 38.66529 ], [ -96.34082, 38.75975 ], [ -96.44291, 38.78309 ], [ -96.44355, 38.87761 ], [ -96.37574, 38.92507 ], [ -96.23949, 38.92537 ], [ -96.20565, 38.9963 ], [ -96.13755, 39.04364 ], [ -95.9328, 39.04369 ], [ -95.86446, 39.09088 ], [ -95.86402, 39.30345 ], [ -95.96679, 39.32713 ], [ -96.0697, 39.42157 ], [ -96.06993, 39.63405 ], [ -96.1388, 39.634 ], [ -96.13895, 39.70481 ], [ -96.03554, 39.70488 ], [ -96.03556, 39.75208 ], [ -95.96654, 39.79929 ], [ -95.93195, 39.87008 ], [ -95.93185, 39.96447 ], [ -95.7588, 39.96428 ], [ -95.75994, 39.65746 ], [ -95.58771, 39.65706 ], [ -95.62188, 39.70437 ], [ -95.62133, 39.79878 ], [ -95.55212, 39.82217 ], [ -95.41399, 39.82166 ], [ -95.41356, 39.86886 ], [ -95.34397, 39.91574 ], [ -95.34277, 40.03373 ], [ -95.30762, 40.08075 ], [ -95.23827, 40.08039 ], [ -95.23716, 40.17476 ], [ -95.3066, 40.17512 ], [ -95.3749, 40.2934 ], [ -95.51405, 40.29395 ], [ -95.51351, 40.36471 ], [ -95.58255, 40.45928 ], [ -95.61743, 40.45938 ], [ -95.65281, 40.36513 ], [ -95.72226, 40.41246 ], [ -95.79166, 40.50692 ], [ -95.86141, 40.53059 ], [ -95.86131, 40.57776 ], [ -95.96614, 40.57782 ], [ -95.96609, 40.67215 ], [ -96.07114, 40.74287 ], [ -96.0712, 40.79003 ], [ -96.17637, 40.78994 ], [ -96.21182, 40.90778 ], [ -96.24713, 40.95487 ], [ -96.31742, 40.95473 ], [ -96.3179, 41.04903 ], [ -96.3883, 41.04885 ], [ -96.38902, 41.16671 ], [ -96.42492, 41.26089 ], [ -96.49574, 41.28423 ], [ -96.53186, 41.37838 ], [ -96.63801, 41.37794 ], [ -96.70931, 41.42474 ], [ -96.77955, 41.37724 ], [ -96.77838, 41.28297 ], [ -96.84904, 41.28256 ], [ -96.84652, 41.094 ], [ -96.88174, 41.09379 ], [ -96.87978, 40.95235 ], [ -96.94972, 40.92832 ], [ -96.9834, 40.83378 ], [ -97.05356, 40.83327 ], [ -97.09025, 40.92731 ], [ -97.26637, 40.94941 ], [ -97.2326, 41.02044 ], [ -97.23443, 41.11473 ], [ -97.3049, 41.1141 ], [ -97.30684, 41.20837 ], [ -97.37947, 41.30197 ], [ -97.38204, 41.4198 ], [ -97.34916, 41.53796 ] ], [ [ -96.37901, 39.4919 ], [ -96.37928, 39.53912 ], [ -96.27613, 39.53936 ], [ -96.27593, 39.49214 ], [ -96.37901, 39.4919 ] ] ], [ [ [ -96.56916, 41.59033 ], [ -96.7117, 41.63682 ], [ -96.9604, 41.63537 ], [ -97.03068, 41.58775 ], [ -97.02914, 41.49349 ], [ -96.74555, 41.49526 ], [ -96.745, 41.44813 ], [ -96.63873, 41.44864 ], [ -96.56831, 41.49607 ], [ -96.56916, 41.59033 ] ] ], [ [ [ -99.85719, 42.50606 ], [ -99.78663, 42.53149 ], [ -99.79818, 42.71976 ], [ -99.90804, 42.74042 ], [ -99.90357, 42.66982 ], [ -100.01185, 42.66687 ], [ -100.00422, 42.54922 ], [ -99.93218, 42.55119 ], [ -99.92919, 42.50412 ], [ -99.85719, 42.50606 ] ] ] ] } },
{ "type": "Feature", "properties": { "ID": 40 }, "geometry": { "type": "MultiPolygon", "coordinates": [ [ [ [ -91.69954, 36.96288 ], [ -91.79868, 36.96606 ], [ -91.90639, 36.82709 ], [ -91.97235, 36.82912 ], [ -92.03279, 36.92585 ], [ -92.16358, 36.95343 ], [ -92.1609, 37.00079 ], [ -92.26011, 37.00363 ], [ -92.26272, 36.95627 ], [ -92.59325, 36.9652 ], [ -92.60036, 36.82307 ], [ -92.66634, 36.82476 ], [ -92.69473, 36.92034 ], [ -93.02513, 36.92819 ], [ -93.09324, 36.88228 ], [ -93.32442, 36.88717 ], [ -93.45564, 36.91347 ], [ -93.45741, 36.86608 ], [ -93.55647, 36.86795 ], [ -93.59201, 36.79746 ], [ -93.65798, 36.79865 ], [ -93.69257, 36.75183 ], [ -93.69658, 36.6333 ], [ -93.7624, 36.63444 ], [ -93.79684, 36.58758 ], [ -93.79989, 36.49273 ], [ -93.66934, 36.46674 ], [ -93.67256, 36.37187 ], [ -93.64141, 36.32385 ], [ -93.5759, 36.32265 ], [ -93.53974, 36.41691 ], [ -93.47413, 36.41567 ], [ -93.41032, 36.36695 ], [ -93.41122, 36.34323 ], [ -93.21464, 36.3392 ], [ -93.17895, 36.40965 ], [ -93.11336, 36.40822 ], [ -93.10936, 36.50307 ], [ -93.23976, 36.5296 ], [ -93.37118, 36.5323 ], [ -93.36753, 36.62713 ], [ -93.26598, 36.69623 ], [ -93.26218, 36.79103 ], [ -92.93242, 36.78377 ], [ -92.90052, 36.7593 ], [ -92.90483, 36.66451 ], [ -92.70735, 36.65972 ], [ -92.70506, 36.70711 ], [ -92.57334, 36.70375 ], [ -92.54401, 36.6318 ], [ -92.5512, 36.48958 ], [ -92.41866, 36.50977 ], [ -92.41244, 36.62827 ], [ -92.30993, 36.69663 ], [ -92.30736, 36.74402 ], [ -92.17692, 36.71657 ], [ -92.18222, 36.62179 ], [ -92.11646, 36.61987 ], [ -92.08765, 36.5478 ], [ -91.89057, 36.54178 ], [ -91.88772, 36.58917 ], [ -91.78913, 36.58605 ], [ -91.75333, 36.63238 ], [ -91.74002, 36.84555 ], [ -91.70703, 36.84448 ], [ -91.69954, 36.96288 ] ] ], [ [ [ -81.69227, 36.32405 ], [ -81.72667, 36.1598 ], [ -81.68452, 36.20317 ], [ -81.65987, 36.32048 ], [ -81.69227, 36.32405 ] ] ], [ [ [ -82.67577, 36.88354 ], [ -82.71772, 36.83992 ], [ -82.68502, 36.8366 ], [ -82.67577, 36.88354 ] ] ], [ [ [ -82.63842, 36.90369 ], [ -82.67577, 36.88354 ], [ -82.64306, 36.88022 ], [ -82.63842, 36.90369 ] ] ], [ [ [ -86.11487, 37.49596 ], [ -86.17429, 37.54797 ], [ -86.19024, 37.66816 ], [ -86.28999, 37.67545 ], [ -86.3463, 37.75092 ], [ -86.44282, 37.78165 ], [ -86.54277, 37.78876 ], [ -86.58604, 37.72046 ], [ -86.56605, 37.62389 ], [ -86.58923, 37.45897 ], [ -86.49977, 37.38121 ], [ -86.40043, 37.37406 ], [ -86.41051, 37.30337 ], [ -86.27824, 37.29374 ], [ -86.30452, 37.34328 ], [ -86.26119, 37.41154 ], [ -86.19496, 37.40666 ], [ -86.15494, 37.45132 ], [ -86.18119, 37.50087 ], [ -86.11487, 37.49596 ] ] ], [ [ [ -85.93498, 37.57771 ], [ -85.99433, 37.6298 ], [ -86.00137, 37.58271 ], [ -85.93498, 37.57771 ] ] ], [ [ [ -91.39112, 38.09035 ], [ -91.25674, 38.08568 ], [ -91.25169, 38.15655 ], [ -91.27862, 38.25222 ], [ -91.34597, 38.25456 ], [ -91.38621, 38.16122 ], [ -91.39112, 38.09035 ] ] ], [ [ [ -81.61262, 36.38726 ], [ -81.62253, 36.34035 ], [ -81.59013, 36.33676 ], [ -81.61262, 36.38726 ] ] ], [ [ [ -81.3655, 37.53502 ], [ -81.38087, 37.46483 ], [ -81.34795, 37.46119 ], [ -81.33254, 37.53137 ], [ -81.3655, 37.53502 ] ] ], [ [ [ -81.15566, 37.41578 ], [ -81.10192, 37.50563 ], [ -81.0967, 37.52902 ], [ -81.17299, 37.48964 ], [ -81.20592, 37.49332 ], [ -81.22145, 37.42315 ], [ -81.15566, 37.41578 ] ] ], [ [ [ -81.20777, 37.63733 ], [ -81.17477, 37.63365 ], [ -81.15914, 37.70379 ], [ -81.11565, 37.74685 ], [ -81.19218, 37.70748 ], [ -81.20777, 37.63733 ] ] ], [ [ [ -80.31797, 37.67903 ], [ -80.27396, 37.72182 ], [ -80.36746, 37.75686 ], [ -80.42238, 37.66734 ], [ -80.31797, 37.67903 ] ] ], [ [ [ -79.82157, 37.90757 ], [ -79.77709, 37.95018 ], [ -79.79875, 38.00084 ], [ -79.86496, 38.00887 ], [ -79.89903, 37.86895 ], [ -79.82157, 37.90757 ] ] ], [ [ [ -78.99044, 37.82785 ], [ -78.91851, 37.84266 ], [ -78.91251, 37.86595 ], [ -78.99044, 37.82785 ] ] ], [ [ [ -79.9276, 38.59224 ], [ -79.91042, 38.66213 ], [ -79.82051, 38.74729 ], [ -79.79739, 38.84044 ], [ -79.70709, 38.92551 ], [ -79.66621, 39.08844 ], [ -79.61495, 39.15419 ], [ -79.85076, 39.18242 ], [ -79.79961, 39.24824 ], [ -79.7763, 39.34132 ], [ -79.83804, 39.37262 ], [ -79.8264, 39.41916 ], [ -79.9675, 39.41186 ], [ -79.91535, 39.6213 ], [ -79.88142, 39.61731 ], [ -79.84639, 39.75689 ], [ -79.74308, 39.8884 ], [ -79.67496, 39.88033 ], [ -79.65718, 39.95008 ], [ -79.56513, 40.03494 ], [ -79.58733, 40.08549 ], [ -79.65565, 40.0936 ], [ -79.71353, 40.00465 ], [ -79.78178, 40.01271 ], [ -79.80534, 39.91969 ], [ -79.90176, 39.95495 ], [ -80.03822, 39.97083 ], [ -80.1805, 39.96332 ], [ -80.21492, 39.82368 ], [ -80.38525, 39.84314 ], [ -80.36252, 39.7927 ], [ -80.47032, 39.78101 ], [ -80.67469, 39.80395 ], [ -80.74838, 39.78823 ], [ -80.76495, 39.71834 ], [ -80.8835, 39.65972 ], [ -80.93931, 39.57023 ], [ -81.00725, 39.57768 ], [ -81.05203, 39.53476 ], [ -81.07898, 39.41817 ], [ -81.18068, 39.42924 ], [ -81.29833, 39.37024 ], [ -81.30892, 39.32358 ], [ -81.41051, 39.33448 ], [ -81.42101, 39.28781 ], [ -81.55123, 39.32555 ], [ -81.72065, 39.34337 ], [ -81.79356, 39.3271 ], [ -81.80379, 39.28039 ], [ -82.00704, 39.30138 ], [ -82.01711, 39.25466 ], [ -82.11371, 39.2884 ], [ -82.21538, 39.29871 ], [ -82.20136, 39.20181 ], [ -82.27893, 39.1619 ], [ -82.38043, 39.17209 ], [ -82.61241, 39.05191 ], [ -82.66534, 38.96167 ], [ -82.76659, 38.97157 ], [ -82.83882, 38.95473 ], [ -82.84825, 38.90793 ], [ -82.92975, 38.84424 ], [ -83.05067, 38.92739 ], [ -83.08767, 38.7401 ], [ -83.20692, 38.65602 ], [ -83.44231, 38.67807 ], [ -83.45127, 38.63122 ], [ -83.52295, 38.61401 ], [ -83.62379, 38.62328 ], [ -83.63262, 38.5764 ], [ -83.73342, 38.58559 ], [ -83.77574, 38.54175 ], [ -83.79313, 38.44797 ], [ -83.83533, 38.40411 ], [ -84.00295, 38.41913 ], [ -84.05348, 38.32828 ], [ -84.12046, 38.33421 ], [ -84.12889, 38.28728 ], [ -84.16237, 38.29023 ], [ -84.17496, 38.21984 ], [ -84.10809, 38.21393 ], [ -84.13333, 38.07313 ], [ -84.07926, 37.99679 ], [ -84.12517, 37.92933 ], [ -84.10867, 37.83246 ], [ -84.12124, 37.76202 ], [ -83.98843, 37.75012 ], [ -84.00532, 37.6562 ], [ -84.05107, 37.58873 ], [ -84.0842, 37.5917 ], [ -84.10091, 37.49774 ], [ -84.06784, 37.49477 ], [ -84.0762, 37.44779 ], [ -84.10926, 37.45076 ], [ -84.11759, 37.40377 ], [ -84.18779, 37.38617 ], [ -84.20432, 37.29217 ], [ -84.2373, 37.2951 ], [ -84.21256, 37.24516 ], [ -84.20022, 37.12468 ], [ -84.13443, 37.11878 ], [ -84.10954, 37.25981 ], [ -84.07658, 37.25684 ], [ -84.03526, 37.30086 ], [ -84.03108, 37.32436 ], [ -83.94824, 37.41235 ], [ -83.91522, 37.40934 ], [ -83.86847, 37.66766 ], [ -83.73589, 37.65551 ], [ -83.66095, 37.69633 ], [ -83.65226, 37.74327 ], [ -83.57717, 37.78404 ], [ -83.54647, 37.94826 ], [ -83.37775, 38.12339 ], [ -83.2777, 38.11393 ], [ -83.24158, 38.30143 ], [ -83.04687, 38.42602 ], [ -82.91293, 38.41307 ], [ -82.90362, 38.45991 ], [ -82.80313, 38.4501 ], [ -82.73144, 38.46694 ], [ -82.63096, 38.457 ], [ -82.65469, 38.33995 ], [ -82.64023, 38.24298 ], [ -82.56872, 38.25973 ], [ -82.55441, 38.16273 ], [ -82.48775, 38.15603 ], [ -82.46879, 38.08242 ], [ -82.45921, 38.12925 ], [ -82.41629, 38.1727 ], [ -82.31631, 38.16253 ], [ -82.33082, 38.09231 ], [ -82.40702, 38.05226 ], [ -82.42621, 37.9586 ], [ -82.35976, 37.95183 ], [ -82.37419, 37.88158 ], [ -82.27465, 37.87137 ], [ -82.18974, 37.79085 ], [ -82.18093, 37.67032 ], [ -81.92635, 37.59573 ], [ -81.7943, 37.58166 ], [ -81.70031, 37.54761 ], [ -81.68238, 37.47382 ], [ -81.55062, 37.45951 ], [ -81.47458, 37.4991 ], [ -81.42121, 37.58907 ], [ -81.32225, 37.57816 ], [ -81.3274, 37.55477 ], [ -81.29443, 37.55111 ], [ -81.27378, 37.64467 ], [ -81.50494, 37.67011 ], [ -81.63206, 37.70786 ], [ -81.62196, 37.75466 ], [ -81.7493, 37.7923 ], [ -81.72922, 37.88589 ], [ -81.65281, 37.92556 ], [ -81.52269, 38.05512 ], [ -81.40241, 38.1378 ], [ -81.3307, 38.15389 ], [ -81.30783, 38.1035 ], [ -81.20813, 38.09251 ], [ -81.19583, 37.99536 ], [ -81.22191, 37.87849 ], [ -81.15567, 37.87112 ], [ -81.11565, 37.74685 ], [ -81.07211, 37.7899 ], [ -81.00597, 37.78246 ], [ -80.98347, 37.73199 ], [ -81.08625, 37.57578 ], [ -81.09148, 37.5524 ], [ -80.89382, 37.53001 ], [ -80.796, 37.6627 ], [ -80.62088, 37.83439 ], [ -80.5217, 37.82288 ], [ -80.44465, 37.86187 ], [ -80.42272, 37.95524 ], [ -80.37859, 37.99805 ], [ -80.31786, 37.96693 ], [ -80.33995, 37.87358 ], [ -80.18021, 37.83068 ], [ -80.14675, 37.97068 ], [ -80.04744, 37.95883 ], [ -80.03619, 38.00548 ], [ -79.95865, 38.04417 ], [ -79.93597, 38.13744 ], [ -79.80902, 38.09811 ], [ -79.70958, 38.08601 ], [ -79.66491, 38.12857 ], [ -79.63601, 38.24508 ], [ -79.59119, 38.2876 ], [ -79.52473, 38.27944 ], [ -79.55966, 38.13967 ], [ -79.46021, 38.12738 ], [ -79.40362, 38.21644 ], [ -79.33726, 38.20819 ], [ -79.31588, 38.15747 ], [ -79.35118, 38.01773 ], [ -79.28502, 38.00944 ], [ -79.27554, 37.91212 ], [ -79.31079, 37.77233 ], [ -79.27783, 37.76818 ], [ -79.28957, 37.72158 ], [ -79.15787, 37.70491 ], [ -79.08018, 37.74312 ], [ -79.06829, 37.7897 ], [ -79.03534, 37.78549 ], [ -79.02341, 37.83206 ], [ -79.08936, 37.84048 ], [ -79.03252, 37.92942 ], [ -78.86748, 37.90825 ], [ -78.87637, 38.00561 ], [ -78.79816, 38.04363 ], [ -78.77387, 38.1367 ], [ -78.7434, 38.253 ], [ -78.67709, 38.24443 ], [ -78.63165, 38.28663 ], [ -78.6378, 38.26338 ], [ -78.53834, 38.25042 ], [ -78.52598, 38.29692 ], [ -78.42649, 38.28388 ], [ -78.41405, 38.33036 ], [ -78.34145, 38.34486 ], [ -78.24193, 38.33169 ], [ -78.19616, 38.37374 ], [ -78.21674, 38.42461 ], [ -78.08393, 38.40691 ], [ -77.97798, 38.41676 ], [ -77.9652, 38.4632 ], [ -77.83238, 38.44525 ], [ -77.7401, 38.52904 ], [ -77.73362, 38.55225 ], [ -77.84728, 38.63991 ], [ -77.86123, 38.71401 ], [ -77.97535, 38.80154 ], [ -77.95605, 38.87115 ], [ -78.05633, 38.88453 ], [ -78.06273, 38.86132 ], [ -78.09616, 38.86576 ], [ -78.10254, 38.84255 ], [ -78.13596, 38.84698 ], [ -78.14233, 38.82377 ], [ -78.22184, 38.78617 ], [ -78.20916, 38.83261 ], [ -78.17574, 38.82819 ], [ -78.16302, 38.87462 ], [ -78.12959, 38.87019 ], [ -78.11682, 38.91661 ], [ -78.08337, 38.91218 ], [ -78.02425, 39.00055 ], [ -77.99076, 38.99609 ], [ -77.9985, 39.09334 ], [ -77.89904, 39.20037 ], [ -77.93262, 39.20485 ], [ -77.91965, 39.25123 ], [ -77.98689, 39.26016 ], [ -78.11498, 39.30114 ], [ -78.19509, 39.26358 ], [ -78.20956, 39.33759 ], [ -78.27692, 39.34638 ], [ -78.36333, 39.28552 ], [ -78.46433, 39.29859 ], [ -78.44541, 39.36822 ], [ -78.51283, 39.3769 ], [ -78.48132, 39.49295 ], [ -78.52998, 39.57124 ], [ -78.66529, 39.58848 ], [ -78.78202, 39.67524 ], [ -78.92076, 39.54865 ], [ -78.94537, 39.45574 ], [ -79.07115, 39.37543 ], [ -79.1292, 39.28666 ], [ -79.22075, 39.20201 ], [ -79.25081, 39.08575 ], [ -79.28443, 39.0899 ], [ -79.32029, 38.95035 ], [ -79.39928, 38.91208 ], [ -79.48996, 38.82721 ], [ -79.53112, 38.66428 ], [ -79.58791, 38.57523 ], [ -79.6721, 38.51349 ], [ -79.69527, 38.42031 ], [ -79.76189, 38.42839 ], [ -79.74458, 38.49828 ], [ -79.76062, 38.57219 ], [ -79.86079, 38.58424 ], [ -79.88373, 38.49105 ], [ -79.91708, 38.49504 ], [ -79.9285, 38.44844 ], [ -79.96184, 38.45242 ], [ -79.97322, 38.40581 ], [ -80.06247, 38.32051 ], [ -80.12904, 38.3284 ], [ -80.26238, 38.20025 ], [ -80.41738, 38.12248 ], [ -80.50569, 38.03685 ], [ -80.51662, 37.99016 ], [ -80.71552, 38.0131 ], [ -80.75406, 37.99354 ], [ -80.73252, 38.08694 ], [ -80.66613, 38.07934 ], [ -80.6112, 38.1689 ], [ -80.51152, 38.1574 ], [ -80.48958, 38.25074 ], [ -80.3899, 38.38299 ], [ -80.37882, 38.42964 ], [ -80.27878, 38.41797 ], [ -80.22305, 38.50732 ], [ -80.19497, 38.62388 ], [ -80.072, 38.70529 ], [ -80.1342, 38.44891 ], [ -79.99517, 38.4564 ], [ -79.961, 38.59622 ], [ -79.9276, 38.59224 ] ], [ [ -80.75406, 37.99354 ], [ -80.8033, 37.92725 ], [ -80.78091, 37.87676 ], [ -80.88554, 37.8647 ], [ -81.01796, 37.87967 ], [ -80.96897, 37.94603 ], [ -80.94774, 38.03948 ], [ -80.88671, 38.00863 ], [ -80.75406, 37.99354 ] ], [ [ -82.1977, 38.07865 ], [ -82.12626, 38.09517 ], [ -82.02644, 38.08478 ], [ -82.01788, 37.9643 ], [ -82.12731, 37.92788 ], [ -82.22205, 37.96161 ], [ -82.1977, 38.07865 ] ], [ [ -80.69533, 39.42357 ], [ -80.526, 39.40449 ], [ -80.46389, 39.3735 ], [ -80.47508, 39.3269 ], [ -80.41307, 39.29589 ], [ -80.42427, 39.24929 ], [ -80.23305, 39.17938 ], [ -80.26695, 39.03961 ], [ -80.19965, 39.03179 ], [ -80.23917, 38.86869 ], [ -80.31752, 38.82988 ], [ -80.3734, 38.74052 ], [ -80.41232, 38.57731 ], [ -80.51261, 38.58888 ], [ -80.62936, 38.5304 ], [ -80.76305, 38.54559 ], [ -80.74048, 38.49514 ], [ -80.8795, 38.48689 ], [ -81.04659, 38.50556 ], [ -81.02529, 38.59894 ], [ -81.07098, 38.69973 ], [ -81.17157, 38.71082 ], [ -81.18926, 38.78453 ], [ -81.32359, 38.79917 ], [ -81.38556, 38.82979 ], [ -81.33099, 38.91955 ], [ -81.17519, 38.99827 ], [ -81.06881, 39.01052 ], [ -80.96777, 38.99937 ], [ -80.95699, 39.04602 ], [ -80.87877, 39.08519 ], [ -80.8298, 39.29505 ], [ -80.76217, 39.28751 ], [ -80.74021, 39.38075 ], [ -80.69533, 39.42357 ] ], [ [ -79.17828, 38.42852 ], [ -79.07847, 38.41596 ], [ -79.06646, 38.46249 ], [ -78.96662, 38.44985 ], [ -79.01484, 38.26372 ], [ -78.98165, 38.2595 ], [ -79.03567, 38.05004 ], [ -79.12898, 38.08592 ], [ -79.26733, 38.07931 ], [ -79.17828, 38.42852 ] ], [ [ -78.45146, 38.57581 ], [ -78.3786, 38.59032 ], [ -78.35979, 38.66001 ], [ -78.28681, 38.67447 ], [ -78.31828, 38.55834 ], [ -78.40361, 38.49739 ], [ -78.42856, 38.40444 ], [ -78.50741, 38.36665 ], [ -78.45146, 38.57581 ] ], [ [ -78.45146, 38.57581 ], [ -78.58471, 38.59315 ], [ -78.56611, 38.66286 ], [ -78.40769, 38.73842 ], [ -78.45146, 38.57581 ] ], [ [ -78.56457, 38.92706 ], [ -78.46412, 38.91406 ], [ -78.52258, 38.82549 ], [ -78.61427, 38.7412 ], [ -78.65752, 38.57852 ], [ -78.7575, 38.59139 ], [ -78.83638, 38.55342 ], [ -78.88477, 38.63168 ], [ -78.89988, 38.70567 ], [ -78.79358, 38.71616 ], [ -78.75057, 38.87885 ], [ -78.67125, 38.91676 ], [ -78.56457, 38.92706 ] ], [ [ -78.99735, 39.12622 ], [ -78.98515, 39.1727 ], [ -78.85677, 39.13253 ], [ -78.90264, 39.0903 ], [ -78.92711, 38.99734 ], [ -79.00638, 38.95929 ], [ -79.03065, 38.8663 ], [ -79.13113, 38.87888 ], [ -79.1552, 38.78585 ], [ -79.24602, 38.70113 ], [ -79.35223, 38.69029 ], [ -79.31657, 38.8299 ], [ -79.27712, 38.84902 ], [ -79.23522, 39.01183 ], [ -79.20165, 39.00767 ], [ -79.17153, 39.12393 ], [ -79.07067, 39.11138 ], [ -78.99735, 39.12622 ] ], [ [ -78.69755, 39.20838 ], [ -78.74358, 39.16621 ], [ -78.80466, 39.19798 ], [ -78.79231, 39.24444 ], [ -78.71879, 39.25912 ], [ -78.69755, 39.20838 ] ] ], [ [ [ -79.50396, 39.04482 ], [ -79.59469, 38.9599 ], [ -79.494, 38.94766 ], [ -79.50396, 39.04482 ] ] ] ] } },
{ "type": "Feature", "properties": { "ID": 41 }, "geometry": { "type": "MultiPolygon", "coordinates": [ [ [ [ -99.60799, 40.08294 ], [ -99.61063, 40.13009 ], [ -99.68267, 40.17543 ], [ -99.75206, 40.17358 ], [ -99.74657, 40.07928 ], [ -99.88372, 40.05191 ], [ -99.88089, 40.00476 ], [ -99.98469, 40.00182 ], [ -99.9876, 40.04897 ], [ -100.16071, 40.0439 ], [ -100.15767, 39.99676 ], [ -100.33063, 39.99148 ], [ -100.29918, 40.03969 ], [ -100.30547, 40.13397 ], [ -100.378, 40.17895 ], [ -100.48206, 40.17564 ], [ -100.55476, 40.22052 ], [ -100.65888, 40.21708 ], [ -100.72482, 40.16762 ], [ -100.75254, 40.07219 ], [ -100.82002, 40.04624 ], [ -100.84755, 39.95078 ], [ -100.77843, 39.95317 ], [ -100.80423, 39.83414 ], [ -100.49371, 39.84455 ], [ -100.59054, 39.74686 ], [ -100.55277, 39.70084 ], [ -100.54451, 39.58295 ], [ -100.57556, 39.53466 ], [ -100.67858, 39.5312 ], [ -100.6735, 39.46046 ], [ -100.59823, 39.36843 ], [ -100.52972, 39.3707 ], [ -100.52481, 39.29994 ], [ -100.59325, 39.29767 ], [ -100.72328, 39.19867 ], [ -100.68068, 39.08189 ], [ -100.57837, 39.08535 ], [ -100.46479, 38.92355 ], [ -100.36271, 38.92684 ], [ -100.35802, 38.85604 ], [ -100.28542, 38.78737 ], [ -100.28235, 38.74016 ], [ -100.41649, 38.71221 ], [ -100.41333, 38.66499 ], [ -100.33778, 38.54911 ], [ -100.23628, 38.55232 ], [ -100.09507, 38.462 ], [ -100.09215, 38.41476 ], [ -99.95707, 38.41877 ], [ -99.88675, 38.37348 ], [ -99.88398, 38.32623 ], [ -99.74907, 38.33004 ], [ -99.7464, 38.28278 ], [ -99.61156, 38.28645 ], [ -99.60899, 38.23918 ], [ -99.47424, 38.24272 ], [ -99.43811, 38.19631 ], [ -99.23609, 38.2013 ], [ -99.20014, 38.15483 ], [ -98.99823, 38.15947 ], [ -98.96247, 38.11293 ], [ -98.08785, 38.12931 ], [ -98.09528, 38.36575 ], [ -97.99398, 38.36728 ], [ -97.99683, 38.46183 ], [ -97.96441, 38.5096 ], [ -97.7952, 38.51194 ], [ -97.80163, 38.74827 ], [ -97.7337, 38.74915 ], [ -97.73931, 38.96177 ], [ -97.67296, 39.03349 ], [ -97.67537, 39.12796 ], [ -97.74558, 39.19795 ], [ -97.74811, 39.29241 ], [ -97.81923, 39.38596 ], [ -97.92212, 39.38456 ], [ -97.99143, 39.40719 ], [ -97.99287, 39.45441 ], [ -98.09586, 39.45288 ], [ -98.13328, 39.54677 ], [ -98.20204, 39.54569 ], [ -98.19885, 39.45128 ], [ -98.40481, 39.44784 ], [ -98.4083, 39.54224 ], [ -98.37651, 39.61364 ], [ -98.51598, 39.6584 ], [ -98.68814, 39.65516 ], [ -98.79346, 39.7003 ], [ -98.83204, 39.79397 ], [ -98.97004, 39.79109 ], [ -98.97221, 39.83826 ], [ -99.07578, 39.83601 ], [ -99.07802, 39.88318 ], [ -99.18167, 39.88084 ], [ -99.21973, 39.9508 ], [ -99.32348, 39.94836 ], [ -99.36051, 39.99469 ], [ -99.36542, 40.08901 ], [ -99.60799, 40.08294 ] ] ], [ [ [ -101.11269, 40.6736 ], [ -101.03537, 40.58193 ], [ -101.00785, 40.67737 ], [ -101.11269, 40.6736 ] ] ] ] } },
{ "type": "Feature", "properties": { "ID": 42 }, "geometry": { "type": "MultiPolygon", "coordinates": [ [ [ [ -93.37042, 39.96322 ], [ -93.47422, 39.96515 ], [ -93.54252, 39.98998 ], [ -93.54072, 40.03715 ], [ -93.67927, 40.03953 ], [ -93.78643, 39.94686 ], [ -93.95939, 39.94951 ], [ -93.9579, 39.99669 ], [ -94.0936, 40.09302 ], [ -94.26697, 40.09529 ], [ -94.30412, 40.00135 ], [ -94.37456, 39.95499 ], [ -94.61677, 39.95761 ], [ -94.61576, 40.0048 ], [ -94.92742, 40.00755 ], [ -94.99485, 40.12603 ], [ -95.16832, 40.12717 ], [ -95.16893, 40.07999 ], [ -95.30762, 40.08075 ], [ -95.34277, 40.03373 ], [ -95.34397, 39.91574 ], [ -95.41356, 39.86886 ], [ -95.41399, 39.82166 ], [ -95.55212, 39.82217 ], [ -95.62133, 39.79878 ], [ -95.62188, 39.70437 ], [ -95.58771, 39.65706 ], [ -95.75994, 39.65746 ], [ -95.7588, 39.96428 ], [ -95.93185, 39.96447 ], [ -95.93195, 39.87008 ], [ -95.96654, 39.79929 ], [ -96.03556, 39.75208 ], [ -96.03554, 39.70488 ], [ -96.13895, 39.70481 ], [ -96.1388, 39.634 ], [ -96.06993, 39.63405 ], [ -96.0697, 39.42157 ], [ -95.96679, 39.32713 ], [ -95.86402, 39.30345 ], [ -95.86446, 39.09088 ], [ -95.9328, 39.04369 ], [ -96.13755, 39.04364 ], [ -96.20565, 38.9963 ], [ -96.23949, 38.92537 ], [ -96.37574, 38.92507 ], [ -96.44355, 38.87761 ], [ -96.44291, 38.78309 ], [ -96.34082, 38.75975 ], [ -96.3064, 38.66529 ], [ -96.23838, 38.61816 ], [ -96.00105, 38.61837 ], [ -95.93326, 38.59471 ], [ -95.93345, 38.40559 ], [ -95.86586, 38.40554 ], [ -95.86619, 38.24001 ], [ -95.83254, 38.21632 ], [ -95.59665, 38.21582 ], [ -95.49501, 38.28643 ], [ -95.49429, 38.38101 ], [ -95.42611, 38.45167 ], [ -95.29084, 38.45103 ], [ -95.25596, 38.54541 ], [ -94.95118, 38.5434 ], [ -94.95043, 38.59068 ], [ -94.84876, 38.58985 ], [ -94.84959, 38.54258 ], [ -94.748, 38.54168 ], [ -94.74889, 38.49441 ], [ -94.57971, 38.49274 ], [ -94.54379, 38.58693 ], [ -94.37437, 38.58501 ], [ -94.37554, 38.53774 ], [ -94.20625, 38.53561 ], [ -94.20689, 38.51197 ], [ -94.03768, 38.50963 ], [ -94.00668, 38.41459 ], [ -93.90531, 38.41306 ], [ -93.9068, 38.36578 ], [ -93.73797, 38.36306 ], [ -93.73636, 38.41034 ], [ -93.49985, 38.40618 ], [ -93.43137, 38.42855 ], [ -93.16103, 38.42316 ], [ -93.16306, 38.37589 ], [ -92.99424, 38.37225 ], [ -92.95831, 38.41876 ], [ -92.95288, 38.53691 ], [ -92.98349, 38.60854 ], [ -92.91463, 38.63065 ], [ -92.8863, 38.51174 ], [ -92.78481, 38.50938 ], [ -92.7475, 38.57945 ], [ -92.6387, 38.7187 ], [ -92.33333, 38.71082 ], [ -92.33595, 38.66359 ], [ -92.16645, 38.65892 ], [ -92.03229, 38.63141 ], [ -92.02945, 38.67864 ], [ -91.96019, 38.70026 ], [ -91.9573, 38.74748 ], [ -91.88647, 38.79267 ], [ -91.75063, 38.7885 ], [ -91.74759, 38.83571 ], [ -91.67652, 38.88079 ], [ -91.67186, 38.9516 ], [ -91.53571, 38.94721 ], [ -91.50652, 38.8753 ], [ -91.23456, 38.86607 ], [ -91.29579, 38.96282 ], [ -91.32983, 38.96399 ], [ -91.32143, 39.08196 ], [ -91.28393, 39.12798 ], [ -91.04508, 39.11955 ], [ -90.94456, 39.09222 ], [ -90.91777, 38.9966 ], [ -90.74754, 38.99016 ], [ -90.71919, 38.91808 ], [ -90.58901, 38.84198 ], [ -90.62682, 38.79614 ], [ -90.63452, 38.70176 ], [ -90.53284, 38.69771 ], [ -90.52501, 38.79209 ], [ -90.48316, 38.88508 ], [ -90.58318, 38.91275 ], [ -90.56953, 39.07785 ], [ -90.53544, 39.0765 ], [ -90.4974, 39.1223 ], [ -90.48747, 39.24019 ], [ -90.51768, 39.28871 ], [ -90.50975, 39.38301 ], [ -90.37279, 39.37748 ], [ -90.36872, 39.42462 ], [ -90.47151, 39.42879 ], [ -90.49582, 39.54801 ], [ -90.38673, 39.61456 ], [ -90.38265, 39.66169 ], [ -90.4474, 39.7116 ], [ -90.55065, 39.7157 ], [ -90.54073, 39.83352 ], [ -90.6097, 39.83622 ], [ -90.65003, 39.76686 ], [ -90.6195, 39.7184 ], [ -90.64286, 39.43556 ], [ -90.60859, 39.43422 ], [ -90.62803, 39.19845 ], [ -90.69634, 39.20111 ], [ -90.69059, 39.27185 ], [ -90.75708, 39.29806 ], [ -90.7476, 39.41595 ], [ -90.77619, 39.48798 ], [ -90.94773, 39.49437 ], [ -90.94407, 39.54152 ], [ -91.04708, 39.54526 ], [ -91.11222, 39.59486 ], [ -91.15362, 39.50177 ], [ -91.32523, 39.50769 ], [ -91.36292, 39.46169 ], [ -91.56875, 39.46846 ], [ -91.57196, 39.42129 ], [ -91.81198, 39.4288 ], [ -91.81349, 39.40521 ], [ -91.98491, 39.41031 ], [ -91.99216, 39.29235 ], [ -92.02638, 39.29334 ], [ -92.04353, 39.01015 ], [ -92.08043, 38.96392 ], [ -92.21937, 38.92055 ], [ -92.24936, 38.99231 ], [ -92.3175, 38.99416 ], [ -92.41457, 39.0913 ], [ -92.51695, 39.09394 ], [ -92.54734, 39.16562 ], [ -92.78652, 39.17143 ], [ -92.74883, 39.24144 ], [ -92.7406, 39.40665 ], [ -92.80918, 39.40825 ], [ -92.80456, 39.50264 ], [ -93.1137, 39.50946 ], [ -93.18138, 39.53448 ], [ -93.17421, 39.69965 ], [ -93.24111, 39.74822 ], [ -93.23709, 39.84259 ], [ -93.34068, 39.84462 ], [ -93.37234, 39.91604 ], [ -93.37042, 39.96322 ] ] ], [ [ [ -96.37901, 39.4919 ], [ -96.27593, 39.49214 ], [ -96.27613, 39.53936 ], [ -96.37928, 39.53912 ], [ -96.37901, 39.4919 ] ] ], [ [ [ -89.19957, 39.75049 ], [ -89.17261, 39.67816 ], [ -89.03515, 39.6713 ], [ -89.02755, 39.74192 ], [ -89.15271, 39.86649 ], [ -89.19957, 39.75049 ] ] ], [ [ [ -90.46774, 39.87791 ], [ -90.3926, 39.94581 ], [ -90.38851, 39.99292 ], [ -90.49221, 39.99707 ], [ -90.46774, 39.87791 ] ] ] ] } },
{ "type": "Feature", "properties": { "ID": 43 }, "geometry": { "type": "MultiPolygon", "coordinates": [ [ [ [ -92.47022, 34.87059 ], [ -92.40608, 34.8688 ], [ -92.37156, 34.91547 ], [ -92.36664, 35.01058 ], [ -92.43332, 34.96483 ], [ -92.52966, 34.96748 ], [ -92.53201, 34.91992 ], [ -92.62829, 34.92249 ], [ -92.63057, 34.87492 ], [ -92.75887, 34.87824 ], [ -92.82517, 34.83227 ], [ -92.82731, 34.78469 ], [ -92.92342, 34.78704 ], [ -92.95854, 34.71642 ], [ -93.05455, 34.71868 ], [ -93.08852, 34.67181 ], [ -93.09049, 34.62421 ], [ -92.96264, 34.62122 ], [ -92.96059, 34.66882 ], [ -92.73673, 34.66328 ], [ -92.73893, 34.61568 ], [ -92.64307, 34.61319 ], [ -92.58032, 34.58768 ], [ -92.57801, 34.63529 ], [ -92.44897, 34.65558 ], [ -92.51056, 34.70494 ], [ -92.54255, 34.70581 ], [ -92.5367, 34.82477 ], [ -92.47261, 34.82302 ], [ -92.47022, 34.87059 ] ] ], [ [ [ -84.48321, 34.87717 ], [ -84.51507, 34.88006 ], [ -84.50342, 34.95093 ], [ -84.53531, 34.95381 ], [ -84.52755, 35.00105 ], [ -84.59139, 35.00678 ], [ -84.67057, 34.91797 ], [ -84.67822, 34.87071 ], [ -84.65402, 34.8206 ], [ -84.5865, 34.83853 ], [ -84.49874, 34.78266 ], [ -84.48321, 34.87717 ] ] ], [ [ [ -91.78913, 36.58605 ], [ -91.88772, 36.58917 ], [ -91.89057, 36.54178 ], [ -92.08765, 36.5478 ], [ -92.11646, 36.61987 ], [ -92.18222, 36.62179 ], [ -92.17692, 36.71657 ], [ -92.30736, 36.74402 ], [ -92.30993, 36.69663 ], [ -92.41244, 36.62827 ], [ -92.41866, 36.50977 ], [ -92.5512, 36.48958 ], [ -92.54401, 36.6318 ], [ -92.57334, 36.70375 ], [ -92.70506, 36.70711 ], [ -92.70735, 36.65972 ], [ -92.90483, 36.66451 ], [ -92.90052, 36.7593 ], [ -92.93242, 36.78377 ], [ -93.26218, 36.79103 ], [ -93.26598, 36.69623 ], [ -93.36753, 36.62713 ], [ -93.37118, 36.5323 ], [ -93.23976, 36.5296 ], [ -93.10936, 36.50307 ], [ -93.11336, 36.40822 ], [ -93.17895, 36.40965 ], [ -93.21464, 36.3392 ], [ -93.34569, 36.34192 ], [ -93.34752, 36.29448 ], [ -93.11835, 36.28963 ], [ -93.1253, 36.12357 ], [ -93.19158, 36.10126 ], [ -93.19545, 36.00634 ], [ -93.13221, 35.95745 ], [ -93.13419, 35.90998 ], [ -93.07008, 35.88479 ], [ -92.87482, 35.88024 ], [ -92.87696, 35.83276 ], [ -92.71438, 35.82875 ], [ -92.6505, 35.80335 ], [ -92.65967, 35.6134 ], [ -92.69321, 35.59048 ], [ -92.88764, 35.59531 ], [ -92.95142, 35.6206 ], [ -93.17838, 35.62575 ], [ -93.17644, 35.67325 ], [ -93.30624, 35.67602 ], [ -93.37294, 35.62985 ], [ -93.37473, 35.58234 ], [ -93.66641, 35.58793 ], [ -93.66801, 35.54042 ], [ -93.76518, 35.54213 ], [ -93.7938, 35.66148 ], [ -93.98849, 35.66465 ], [ -93.98987, 35.61713 ], [ -94.24931, 35.6209 ], [ -94.2505, 35.57338 ], [ -94.38014, 35.57507 ], [ -94.37793, 35.67011 ], [ -94.41038, 35.67051 ], [ -94.41147, 35.623 ], [ -94.57364, 35.62489 ], [ -94.57462, 35.57736 ], [ -94.63944, 35.57806 ], [ -94.64037, 35.53053 ], [ -94.93191, 35.53327 ], [ -94.93227, 35.50951 ], [ -95.2885, 35.51196 ], [ -95.25662, 35.46424 ], [ -95.25814, 35.3216 ], [ -95.32296, 35.29818 ], [ -95.32458, 35.13169 ], [ -95.16353, 35.13074 ], [ -95.1641, 35.08317 ], [ -94.87443, 35.08095 ], [ -94.87519, 35.03337 ], [ -94.52142, 35.02978 ], [ -94.52092, 35.05357 ], [ -94.03841, 35.04709 ], [ -94.03707, 35.09466 ], [ -93.74742, 35.0899 ], [ -93.68148, 35.13632 ], [ -93.61627, 35.15892 ], [ -93.61708, 35.13514 ], [ -93.58405, 35.15832 ], [ -93.423, 35.15519 ], [ -93.42125, 35.20274 ], [ -93.29233, 35.20009 ], [ -93.29049, 35.24764 ], [ -93.16149, 35.24485 ], [ -93.15956, 35.29239 ], [ -93.09304, 35.33849 ], [ -92.99617, 35.33626 ], [ -92.99412, 35.38379 ], [ -92.86382, 35.40447 ], [ -92.76245, 35.49711 ], [ -92.66537, 35.49464 ], [ -92.62841, 35.58881 ], [ -92.53121, 35.58623 ], [ -92.52883, 35.63373 ], [ -92.46278, 35.65572 ], [ -92.46036, 35.70321 ], [ -92.36301, 35.70051 ], [ -92.36051, 35.74799 ], [ -92.29048, 35.84109 ], [ -92.22416, 35.86295 ], [ -92.22157, 35.91041 ], [ -92.08601, 36.00147 ], [ -92.08197, 36.07263 ], [ -92.01123, 36.16553 ], [ -91.9459, 36.16351 ], [ -91.94171, 36.23465 ], [ -91.87062, 36.32744 ], [ -91.8649, 36.42225 ], [ -91.79497, 36.49127 ], [ -91.78913, 36.58605 ] ] ], [ [ [ -84.2373, 37.2951 ], [ -84.27848, 37.25102 ], [ -84.41036, 37.26264 ], [ -84.50528, 37.29478 ], [ -84.57927, 37.25346 ], [ -84.62815, 37.16223 ], [ -84.79287, 37.1763 ], [ -84.92855, 37.16388 ], [ -84.91307, 37.258 ], [ -84.9422, 37.28428 ], [ -85.1403, 37.30068 ], [ -85.10981, 37.48889 ], [ -85.16845, 37.54135 ], [ -85.26789, 37.54941 ], [ -85.28976, 37.62265 ], [ -85.45574, 37.63589 ], [ -85.47055, 37.54178 ], [ -85.34169, 37.50769 ], [ -85.32354, 37.41091 ], [ -85.48901, 37.42411 ], [ -85.49637, 37.37704 ], [ -85.62869, 37.38745 ], [ -85.69848, 37.36906 ], [ -85.70569, 37.32197 ], [ -85.83794, 37.33217 ], [ -85.84505, 37.28507 ], [ -85.97374, 37.31869 ], [ -85.93852, 37.55417 ], [ -85.90179, 37.5752 ], [ -86.00137, 37.58271 ], [ -86.00839, 37.53562 ], [ -86.08171, 37.49349 ], [ -86.18119, 37.50087 ], [ -86.15494, 37.45132 ], [ -86.19496, 37.40666 ], [ -86.26119, 37.41154 ], [ -86.30452, 37.34328 ], [ -86.27824, 37.29374 ], [ -86.41051, 37.30337 ], [ -86.40043, 37.37406 ], [ -86.46665, 37.37883 ], [ -86.47333, 37.33171 ], [ -86.44024, 37.32932 ], [ -86.44693, 37.28219 ], [ -86.54614, 37.28931 ], [ -86.55605, 37.21859 ], [ -86.49663, 37.16672 ], [ -86.36797, 37.1336 ], [ -86.38811, 36.99216 ], [ -86.25984, 36.95892 ], [ -86.26662, 36.91177 ], [ -86.168, 36.90444 ], [ -86.02612, 36.96527 ], [ -86.00715, 36.8685 ], [ -85.84647, 36.83236 ], [ -85.85705, 36.76164 ], [ -85.90036, 36.69344 ], [ -85.93179, 36.4812 ], [ -86.09854, 36.47008 ], [ -86.10196, 36.44648 ], [ -86.42857, 36.4708 ], [ -86.56906, 36.40948 ], [ -86.57557, 36.36226 ], [ -86.83665, 36.38084 ], [ -86.82079, 36.49891 ], [ -86.88619, 36.50348 ], [ -86.91261, 36.55297 ], [ -86.9, 36.6474 ], [ -86.92648, 36.69688 ], [ -87.25456, 36.71913 ], [ -87.36203, 36.6548 ], [ -87.37101, 36.58395 ], [ -87.34724, 36.51093 ], [ -87.2818, 36.50659 ], [ -87.26421, 36.3863 ], [ -87.19889, 36.38192 ], [ -87.17843, 36.28521 ], [ -87.05109, 36.2527 ], [ -86.99213, 36.20095 ], [ -86.9689, 36.12781 ], [ -86.91011, 36.07602 ], [ -86.78329, 36.04323 ], [ -86.78962, 35.99597 ], [ -86.63057, 35.96072 ], [ -86.637, 35.91346 ], [ -86.51061, 35.8804 ], [ -86.51711, 35.83313 ], [ -86.42, 35.82598 ], [ -86.32623, 35.79513 ], [ -86.31628, 35.86601 ], [ -86.23478, 35.97926 ], [ -86.16655, 35.99798 ], [ -86.15302, 36.09244 ], [ -86.04189, 36.17945 ], [ -85.94434, 36.17194 ], [ -85.93741, 36.21915 ], [ -85.86536, 36.2613 ], [ -85.83982, 36.21157 ], [ -85.67721, 36.19877 ], [ -85.68076, 36.17518 ], [ -85.48578, 36.15956 ], [ -85.46417, 36.08615 ], [ -85.39926, 36.08087 ], [ -85.37412, 36.03103 ], [ -85.39234, 35.91305 ], [ -85.3709, 35.83959 ], [ -85.41049, 35.79503 ], [ -85.50745, 35.80294 ], [ -85.55408, 35.71111 ], [ -85.62575, 35.66909 ], [ -85.75483, 35.6794 ], [ -85.79059, 35.65834 ], [ -85.80105, 35.58746 ], [ -85.70436, 35.57977 ], [ -85.61123, 35.54839 ], [ -85.61831, 35.50113 ], [ -85.461, 35.46442 ], [ -85.46818, 35.41717 ], [ -85.37538, 35.3856 ], [ -85.2469, 35.3749 ], [ -85.22578, 35.30134 ], [ -85.16163, 35.29593 ], [ -85.12216, 35.34045 ], [ -85.11105, 35.41131 ], [ -85.02439, 35.54751 ], [ -84.94494, 35.63642 ], [ -84.8767, 35.65447 ], [ -84.86149, 35.74885 ], [ -84.77391, 35.88479 ], [ -84.70925, 35.87916 ], [ -84.66916, 35.9235 ], [ -84.64971, 36.04137 ], [ -84.66264, 36.16206 ], [ -84.56528, 36.15352 ], [ -84.54465, 36.07997 ], [ -84.44345, 36.09491 ], [ -84.37862, 36.08912 ], [ -84.43152, 36.16559 ], [ -84.41558, 36.25982 ], [ -84.44409, 36.28627 ], [ -84.63919, 36.30344 ], [ -84.63527, 36.32699 ], [ -84.70035, 36.33265 ], [ -84.66516, 36.54465 ], [ -84.63252, 36.54181 ], [ -84.61283, 36.65954 ], [ -84.56825, 36.72732 ], [ -84.5891, 36.80078 ], [ -84.42534, 36.78644 ], [ -84.38453, 36.83061 ], [ -84.36837, 36.92471 ], [ -84.20436, 36.91011 ], [ -84.19615, 36.95714 ], [ -84.07281, 37.08934 ], [ -84.02323, 37.18038 ], [ -84.08491, 37.20984 ], [ -84.07658, 37.25684 ], [ -84.10954, 37.25981 ], [ -84.13443, 37.11878 ], [ -84.20022, 37.12468 ], [ -84.21256, 37.24516 ], [ -84.2373, 37.2951 ] ], [ [ -85.7666, 36.92154 ], [ -85.7559, 36.99223 ], [ -85.66082, 36.96096 ], [ -85.60954, 36.86154 ], [ -85.62037, 36.79085 ], [ -85.75157, 36.80115 ], [ -85.73374, 36.91898 ], [ -85.7666, 36.92154 ] ] ], [ [ [ -84.03526, 37.30086 ], [ -84.07658, 37.25684 ], [ -84.04363, 37.25387 ], [ -84.03526, 37.30086 ] ] ], [ [ [ -84.19606, 37.33917 ], [ -84.2373, 37.2951 ], [ -84.20432, 37.29217 ], [ -84.19606, 37.33917 ] ] ], [ [ [ -84.05107, 37.58873 ], [ -84.00532, 37.6562 ], [ -83.98843, 37.75012 ], [ -84.12124, 37.76202 ], [ -84.12542, 37.73854 ], [ -84.15862, 37.74149 ], [ -84.18358, 37.60057 ], [ -84.11732, 37.59466 ], [ -84.05107, 37.58873 ] ] ], [ [ [ -79.62871, 36.34464 ], [ -79.60615, 36.43813 ], [ -79.73552, 36.45439 ], [ -79.77905, 36.41169 ], [ -79.83922, 36.29881 ], [ -79.9849, 36.24467 ], [ -80.03363, 36.17846 ], [ -80.05552, 36.08485 ], [ -80.00211, 36.03008 ], [ -80.01853, 35.95986 ], [ -79.92215, 35.94787 ], [ -79.80918, 36.00601 ], [ -79.79809, 36.0528 ], [ -79.71145, 36.13827 ], [ -79.64145, 36.15353 ], [ -79.63021, 36.20029 ], [ -79.54318, 36.28563 ], [ -79.62871, 36.34464 ] ] ], [ [ [ -80.29674, 36.61957 ], [ -80.28588, 36.66635 ], [ -80.18845, 36.65458 ], [ -80.19907, 36.75204 ], [ -80.26411, 36.75989 ], [ -80.26956, 36.73651 ], [ -80.30207, 36.74042 ], [ -80.30751, 36.71704 ], [ -80.3292, 36.62348 ], [ -80.29674, 36.61957 ] ] ], [ [ [ -82.431, 37.93518 ], [ -82.36938, 37.905 ], [ -82.35976, 37.95183 ], [ -82.42621, 37.9586 ], [ -82.431, 37.93518 ] ] ], [ [ [ -76.82831, 37.87036 ], [ -76.92015, 37.90776 ], [ -76.90001, 37.97731 ], [ -77.00491, 38.08892 ], [ -77.16314, 38.13555 ], [ -77.14984, 38.18193 ], [ -77.20261, 38.23763 ], [ -77.30178, 38.25157 ], [ -77.31504, 38.32578 ], [ -77.38125, 38.33502 ], [ -77.36147, 38.40459 ], [ -77.52724, 38.42758 ], [ -77.63328, 38.41808 ], [ -77.72633, 38.45491 ], [ -77.74658, 38.50584 ], [ -77.7401, 38.52904 ], [ -77.83238, 38.44525 ], [ -77.9652, 38.4632 ], [ -77.97798, 38.41676 ], [ -78.08393, 38.40691 ], [ -78.21674, 38.42461 ], [ -78.19616, 38.37374 ], [ -78.24193, 38.33169 ], [ -78.34145, 38.34486 ], [ -78.41405, 38.33036 ], [ -78.42649, 38.28388 ], [ -78.52598, 38.29692 ], [ -78.53834, 38.25042 ], [ -78.6378, 38.26338 ], [ -78.64394, 38.24012 ], [ -78.69545, 38.17465 ], [ -78.71987, 38.08161 ], [ -78.78602, 38.09017 ], [ -78.79816, 38.04363 ], [ -78.87637, 38.00561 ], [ -78.86748, 37.90825 ], [ -78.90048, 37.9125 ], [ -78.91851, 37.84266 ], [ -78.99044, 37.82785 ], [ -79.00239, 37.78127 ], [ -79.06829, 37.7897 ], [ -79.08018, 37.74312 ], [ -79.15787, 37.70491 ], [ -79.28957, 37.72158 ], [ -79.29543, 37.69828 ], [ -79.34005, 37.65581 ], [ -79.44459, 37.64488 ], [ -79.46199, 37.57493 ], [ -79.53927, 37.5365 ], [ -79.67073, 37.5528 ], [ -79.71501, 37.51019 ], [ -79.73778, 37.41687 ], [ -79.83623, 37.42896 ], [ -79.88596, 37.36295 ], [ -79.98436, 37.37493 ], [ -80.07224, 37.28948 ], [ -80.09998, 37.1727 ], [ -80.03456, 37.16477 ], [ -80.06786, 37.02461 ], [ -80.10603, 37.00521 ], [ -80.12809, 36.91173 ], [ -80.0955, 36.90778 ], [ -79.94376, 36.84116 ], [ -79.95488, 36.79442 ], [ -79.85733, 36.78241 ], [ -79.8416, 36.70829 ], [ -79.74419, 36.69618 ], [ -79.69909, 36.88306 ], [ -79.75857, 36.91451 ], [ -79.736, 37.00792 ], [ -79.67078, 36.99981 ], [ -79.61696, 36.94498 ], [ -79.52322, 37.05352 ], [ -79.42537, 37.04119 ], [ -79.4656, 36.87781 ], [ -79.36802, 36.86544 ], [ -79.35648, 36.91212 ], [ -78.96623, 36.86186 ], [ -78.92782, 36.88094 ], [ -78.79785, 36.86389 ], [ -78.70292, 36.97187 ], [ -78.57282, 36.9546 ], [ -78.51387, 36.92262 ], [ -78.37975, 37.0493 ], [ -78.25748, 37.12925 ], [ -78.23276, 37.22236 ], [ -78.35099, 37.28651 ], [ -78.32635, 37.37961 ], [ -78.29365, 37.37521 ], [ -78.28128, 37.42175 ], [ -78.21584, 37.41294 ], [ -78.20342, 37.45947 ], [ -78.14419, 37.42735 ], [ -77.98067, 37.40508 ], [ -77.85626, 37.36387 ], [ -77.84259, 37.2896 ], [ -77.75108, 37.25279 ], [ -77.73756, 37.1785 ], [ -77.60092, 37.18354 ], [ -77.47071, 37.1652 ], [ -77.41209, 37.13274 ], [ -77.42501, 37.08626 ], [ -77.34705, 37.12349 ], [ -77.27549, 37.37902 ], [ -77.27546, 37.49976 ], [ -77.30816, 37.5044 ], [ -77.23604, 37.75974 ], [ -77.1572, 37.79682 ], [ -77.12408, 37.91281 ], [ -76.9859, 37.91721 ], [ -76.99925, 37.87083 ], [ -76.90071, 37.85666 ], [ -76.82831, 37.87036 ] ], [ [ -78.91005, 36.95089 ], [ -79.00768, 36.96361 ], [ -79.02255, 37.03779 ], [ -78.89819, 36.99752 ], [ -78.91005, 36.95089 ] ] ], [ [ [ -82.1977, 38.07865 ], [ -82.22205, 37.96161 ], [ -82.12731, 37.92788 ], [ -82.01788, 37.9643 ], [ -82.02644, 38.08478 ], [ -82.12626, 38.09517 ], [ -82.1977, 38.07865 ] ] ], [ [ [ -82.40702, 38.05226 ], [ -82.33082, 38.09231 ], [ -82.31631, 38.16253 ], [ -82.41629, 38.1727 ], [ -82.45921, 38.12925 ], [ -82.47357, 38.05901 ], [ -82.41662, 38.00543 ], [ -82.40702, 38.05226 ] ] ] ] } },
{ "type": "Feature", "properties": { "ID": 44 }, "geometry": { "type": "MultiPolygon", "coordinates": [ [ [ [ -82.94688, 35.30502 ], [ -82.88292, 35.29848 ], [ -82.86954, 35.36913 ], [ -82.96559, 35.37894 ], [ -82.97444, 35.33184 ], [ -82.94245, 35.32858 ], [ -82.94688, 35.30502 ] ] ], [ [ [ -76.11241, 38.20008 ], [ -76.14044, 38.10754 ], [ -76.08866, 38.05141 ], [ -76.058, 37.92585 ], [ -75.95958, 37.91099 ], [ -75.93845, 37.98039 ], [ -76.01588, 38.06467 ], [ -75.98064, 38.18031 ], [ -75.9924, 38.25465 ], [ -76.07243, 38.21828 ], [ -76.11241, 38.20008 ] ] ], [ [ [ -76.33279, 38.49863 ], [ -76.31884, 38.54489 ], [ -76.21944, 38.53024 ], [ -76.19135, 38.62274 ], [ -76.29088, 38.63741 ], [ -76.35198, 38.54976 ], [ -76.33279, 38.49863 ] ] ], [ [ [ -76.33456, 38.83703 ], [ -76.38348, 38.67514 ], [ -76.27687, 38.68366 ], [ -76.17727, 38.66898 ], [ -76.12502, 38.61291 ], [ -76.14408, 38.66407 ], [ -76.10875, 38.77965 ], [ -76.14199, 38.78457 ], [ -76.11368, 38.87702 ], [ -76.18028, 38.88684 ], [ -76.18734, 38.86373 ], [ -76.25393, 38.87352 ], [ -76.28723, 38.8784 ], [ -76.3065, 38.92951 ], [ -76.38017, 38.91612 ], [ -76.39416, 38.86987 ], [ -76.33456, 38.83703 ] ] ], [ [ [ -76.51941, 36.71221 ], [ -76.38363, 36.716 ], [ -76.27507, 36.62685 ], [ -76.26328, 36.55233 ], [ -76.19895, 36.54251 ], [ -76.22618, 36.44969 ], [ -76.15513, 36.46305 ], [ -76.09775, 36.42997 ], [ -76.05194, 36.47142 ], [ -75.89142, 36.44655 ], [ -75.85241, 36.46474 ], [ -75.81772, 36.58067 ], [ -75.88203, 36.59067 ], [ -75.86122, 36.66022 ], [ -75.89788, 36.76293 ], [ -75.95545, 36.79607 ], [ -75.97847, 36.94508 ], [ -76.0755, 36.95995 ], [ -76.14708, 36.94664 ], [ -76.24414, 36.96139 ], [ -76.26283, 37.01266 ], [ -76.23542, 37.1054 ], [ -76.2866, 37.16155 ], [ -76.384, 37.17619 ], [ -76.36353, 37.24574 ], [ -76.24542, 37.30062 ], [ -76.2642, 37.35186 ], [ -76.23666, 37.44454 ], [ -76.26743, 37.57017 ], [ -76.2398, 37.66281 ], [ -76.33792, 37.67747 ], [ -76.39123, 37.61284 ], [ -76.39284, 37.49212 ], [ -76.41335, 37.4226 ], [ -76.50576, 37.33956 ], [ -76.57766, 37.32603 ], [ -76.66972, 37.24287 ], [ -76.61143, 37.21007 ], [ -76.63836, 37.11727 ], [ -76.68424, 37.07567 ], [ -76.6518, 37.07087 ], [ -76.68531, 36.95483 ], [ -76.62055, 36.94522 ], [ -76.49922, 36.78184 ], [ -76.51941, 36.71221 ] ] ], [ [ [ -75.85605, 38.1373 ], [ -75.88693, 37.92418 ], [ -75.78856, 37.90919 ], [ -75.74433, 37.82979 ], [ -75.81691, 37.81668 ], [ -75.87083, 37.75227 ], [ -75.91306, 37.61343 ], [ -75.94571, 37.6184 ], [ -76.05731, 37.24791 ], [ -76.04564, 37.17346 ], [ -75.98076, 37.16354 ], [ -76.0016, 37.09404 ], [ -75.87201, 37.07413 ], [ -75.81863, 37.13861 ], [ -75.7765, 37.27754 ], [ -75.7045, 37.29064 ], [ -75.66204, 37.42949 ], [ -75.6295, 37.42444 ], [ -75.5296, 37.74823 ], [ -75.48255, 37.78938 ], [ -75.33005, 37.83831 ], [ -75.29374, 37.95382 ], [ -75.21361, 37.98973 ], [ -75.11822, 38.28984 ], [ -75.0853, 38.28466 ], [ -75.02607, 38.46923 ], [ -75.02195, 38.58973 ], [ -75.0435, 38.73846 ], [ -75.10236, 38.77187 ], [ -75.08004, 38.84105 ], [ -75.22026, 38.83861 ], [ -75.23129, 38.91293 ], [ -75.29778, 38.92319 ], [ -75.27562, 38.99238 ], [ -75.38673, 39.08201 ], [ -75.42007, 39.0871 ], [ -75.43477, 39.04097 ], [ -75.4681, 39.04605 ], [ -75.47543, 39.02298 ], [ -75.39756, 38.93851 ], [ -75.43423, 38.82314 ], [ -75.39714, 38.72065 ], [ -75.40059, 38.60016 ], [ -75.53851, 38.16139 ], [ -75.5858, 38.12024 ], [ -75.61867, 38.12529 ], [ -75.63302, 38.07907 ], [ -75.73162, 38.09416 ], [ -75.80448, 38.08107 ], [ -75.79025, 38.1273 ], [ -75.85605, 38.1373 ] ] ], [ [ [ -74.72676, 39.17322 ], [ -74.75249, 39.2015 ], [ -74.69914, 39.36266 ], [ -74.845, 39.24024 ], [ -74.78585, 39.20674 ], [ -74.81617, 39.11462 ], [ -74.91613, 39.13028 ], [ -74.96126, 38.99203 ], [ -75.01698, 38.92808 ], [ -74.88409, 38.90727 ], [ -74.74663, 39.00675 ], [ -74.70865, 39.1219 ], [ -74.72676, 39.17322 ] ] ], [ [ [ -75.16055, 39.24086 ], [ -75.18292, 39.1717 ], [ -75.08283, 39.15623 ], [ -75.02698, 39.22019 ], [ -75.03785, 39.2945 ], [ -75.1047, 39.30484 ], [ -75.16055, 39.24086 ] ] ], [ [ [ -74.64483, 39.20873 ], [ -74.57815, 39.19817 ], [ -74.46527, 39.32563 ], [ -74.39076, 39.33799 ], [ -74.35973, 39.42999 ], [ -74.50124, 39.42829 ], [ -74.53207, 39.33625 ], [ -74.61422, 39.30081 ], [ -74.64483, 39.20873 ] ] ] ] } },
{ "type": "Feature", "properties": { "ID": 45 }, "geometry": { "type": "MultiPolygon", "coordinates": [ [ [ [ -87.03037, 38.41637 ], [ -87.09767, 38.42082 ], [ -87.08815, 38.49143 ], [ -87.01437, 38.53405 ], [ -86.9951, 38.67523 ], [ -87.05947, 38.70323 ], [ -87.05307, 38.75028 ], [ -87.11118, 38.8253 ], [ -87.17891, 38.82971 ], [ -87.16625, 38.92382 ], [ -87.20647, 38.87896 ], [ -87.27426, 38.88332 ], [ -87.32061, 38.79137 ], [ -87.33302, 38.69723 ], [ -87.41598, 38.58383 ], [ -87.51421, 38.61375 ], [ -87.61551, 38.62005 ], [ -87.6215, 38.57296 ], [ -87.69493, 38.53002 ], [ -88.03233, 38.55028 ], [ -88.09701, 38.57779 ], [ -88.11952, 38.67398 ], [ -88.28587, 38.70724 ], [ -88.31146, 38.77982 ], [ -88.65031, 38.79855 ], [ -88.69468, 38.70613 ], [ -88.83009, 38.71334 ], [ -88.90795, 38.62261 ], [ -88.88177, 38.55013 ], [ -88.89192, 38.45583 ], [ -88.93572, 38.36329 ], [ -89.07785, 38.29951 ], [ -89.14516, 38.30294 ], [ -89.2173, 38.25917 ], [ -89.32058, 38.24061 ], [ -89.55602, 38.25206 ], [ -89.55144, 38.29925 ], [ -89.6165, 38.32604 ], [ -89.61195, 38.37323 ], [ -89.74009, 38.4503 ], [ -90.01009, 38.46252 ], [ -90.01436, 38.41532 ], [ -90.18305, 38.42268 ], [ -90.21473, 38.44772 ], [ -90.20646, 38.54211 ], [ -90.23615, 38.59074 ], [ -90.33764, 38.59501 ], [ -90.47101, 38.62419 ], [ -90.50092, 38.67275 ], [ -90.49502, 38.74353 ], [ -90.52893, 38.7449 ], [ -90.53284, 38.69771 ], [ -90.63452, 38.70176 ], [ -90.63835, 38.65457 ], [ -90.67222, 38.6559 ], [ -90.68173, 38.5379 ], [ -90.58225, 38.51028 ], [ -90.59575, 38.34505 ], [ -90.53222, 38.29512 ], [ -90.43118, 38.29099 ], [ -90.42721, 38.33821 ], [ -90.32611, 38.334 ], [ -90.29647, 38.28537 ], [ -90.20164, 38.21025 ], [ -90.20576, 38.16304 ], [ -90.07344, 38.13358 ], [ -90.07764, 38.08637 ], [ -89.94338, 38.08039 ], [ -89.91413, 38.03166 ], [ -89.89142, 37.91209 ], [ -89.75973, 37.88231 ], [ -89.76634, 37.81147 ], [ -89.73955, 37.73907 ], [ -89.74616, 37.66821 ], [ -89.71724, 37.61941 ], [ -89.58395, 37.61307 ], [ -89.5529, 37.58784 ], [ -89.41968, 37.58134 ], [ -89.41505, 37.62858 ], [ -89.1152, 37.61345 ], [ -89.08433, 37.58812 ], [ -88.95116, 37.58115 ], [ -88.82054, 37.55044 ], [ -88.82559, 37.50322 ], [ -88.62614, 37.49233 ], [ -88.71562, 37.59224 ], [ -88.84627, 37.62305 ], [ -88.80283, 37.71568 ], [ -88.66168, 37.77922 ], [ -88.49745, 37.74637 ], [ -88.49215, 37.79356 ], [ -88.39202, 37.7879 ], [ -88.38664, 37.83508 ], [ -88.21967, 37.82549 ], [ -88.21417, 37.87266 ], [ -88.04713, 37.86285 ], [ -87.8525, 37.80364 ], [ -87.7524, 37.79751 ], [ -87.74658, 37.84466 ], [ -87.61306, 37.83637 ], [ -87.60713, 37.88351 ], [ -87.50694, 37.87719 ], [ -87.45846, 37.9929 ], [ -87.38852, 38.01219 ], [ -87.28815, 38.00571 ], [ -87.28198, 38.05283 ], [ -87.13869, 38.11473 ], [ -87.1324, 38.16183 ], [ -87.05902, 38.20449 ], [ -87.03037, 38.41637 ] ] ], [ [ [ -87.16625, 38.92382 ], [ -87.13233, 38.92161 ], [ -87.12597, 38.96866 ], [ -87.16625, 38.92382 ] ] ], [ [ [ -77.3966, 39.61383 ], [ -77.43037, 39.61843 ], [ -77.31577, 40.01192 ], [ -77.44493, 40.05349 ], [ -77.49237, 40.01178 ], [ -77.55265, 39.80341 ], [ -77.48491, 39.79427 ], [ -77.54549, 39.70622 ], [ -77.59869, 39.52092 ], [ -77.53124, 39.5118 ], [ -77.46381, 39.50264 ], [ -77.41672, 39.54436 ], [ -77.3966, 39.61383 ] ] ], [ [ [ -78.2281, 40.15682 ], [ -78.1388, 40.09724 ], [ -78.11929, 40.16677 ], [ -78.06561, 40.23186 ], [ -78.16803, 40.24513 ], [ -78.2281, 40.15682 ] ] ], [ [ [ -77.65634, 40.17802 ], [ -77.5882, 40.16893 ], [ -77.5407, 40.21066 ], [ -77.55464, 40.28466 ], [ -77.65704, 40.2983 ], [ -77.68376, 40.2057 ], [ -77.65634, 40.17802 ] ] ], [ [ [ -76.59007, 40.5376 ], [ -76.62427, 40.54239 ], [ -76.61008, 40.58857 ], [ -76.6443, 40.59336 ], [ -76.65846, 40.54717 ], [ -76.75505, 40.46431 ], [ -76.68673, 40.45479 ], [ -76.67261, 40.50098 ], [ -76.5701, 40.48662 ], [ -76.56299, 40.50971 ], [ -76.59717, 40.51451 ], [ -76.59007, 40.5376 ] ] ], [ [ [ -70.72962, 42.60967 ], [ -70.75811, 42.5415 ], [ -70.68857, 42.52909 ], [ -70.62521, 42.59102 ], [ -70.57741, 42.70458 ], [ -70.69154, 42.70054 ], [ -70.78665, 42.74187 ], [ -70.87192, 42.53733 ], [ -70.96034, 42.50418 ], [ -71.03264, 42.41936 ], [ -71.07005, 42.32839 ], [ -71.11666, 42.21465 ], [ -71.02213, 42.17353 ], [ -71.01554, 42.09916 ], [ -70.94644, 42.08687 ], [ -70.93995, 42.0125 ], [ -70.99586, 41.87604 ], [ -71.09253, 41.82006 ], [ -71.1958, 41.83838 ], [ -71.21422, 41.79286 ], [ -71.29223, 41.78226 ], [ -71.36107, 41.79438 ], [ -71.37936, 41.74884 ], [ -71.44817, 41.76093 ], [ -71.46639, 41.71537 ], [ -71.54426, 41.70463 ], [ -71.5624, 41.65907 ], [ -71.66553, 41.67705 ], [ -71.68357, 41.63147 ], [ -71.77926, 41.57501 ], [ -71.88231, 41.59284 ], [ -71.99553, 41.49062 ], [ -72.61428, 41.59555 ], [ -72.67466, 41.53273 ], [ -72.74348, 41.5442 ], [ -72.81227, 41.45846 ], [ -73.02714, 41.46968 ], [ -73.08699, 41.40669 ], [ -73.19013, 41.42357 ], [ -73.27574, 41.389 ], [ -73.30092, 41.32032 ], [ -73.38633, 41.28568 ], [ -73.48935, 41.30235 ], [ -73.50596, 41.25653 ], [ -73.5829, 41.24468 ], [ -73.59944, 41.19885 ], [ -73.7367, 41.22086 ], [ -73.75311, 41.17501 ], [ -73.86255, 41.0713 ], [ -73.98157, 41.04175 ], [ -74.15079, 40.97159 ], [ -74.20906, 40.9081 ], [ -74.29674, 40.65553 ], [ -74.33081, 40.66088 ], [ -74.38617, 40.50008 ], [ -74.42017, 40.50541 ], [ -74.47517, 40.34456 ], [ -74.44125, 40.33924 ], [ -74.48824, 40.20134 ], [ -74.5898, 40.21723 ], [ -74.59758, 40.19423 ], [ -74.63144, 40.19951 ], [ -74.6392, 40.17651 ], [ -74.57152, 40.16596 ], [ -74.56881, 40.0687 ], [ -74.51683, 40.01212 ], [ -74.48052, 39.90953 ], [ -74.57351, 39.63354 ], [ -74.60707, 39.63883 ], [ -74.8177, 39.42969 ], [ -74.86324, 39.29153 ], [ -74.98184, 39.35842 ], [ -75.08221, 39.37396 ], [ -75.03707, 39.51219 ], [ -74.97002, 39.50182 ], [ -74.89857, 39.61175 ], [ -74.95057, 39.66821 ], [ -75.01779, 39.67859 ], [ -74.9799, 39.79372 ], [ -75.04726, 39.80409 ], [ -75.02453, 39.87317 ], [ -75.09197, 39.88351 ], [ -75.06926, 39.95259 ], [ -75.10303, 39.95775 ], [ -75.08789, 40.0038 ], [ -75.0541, 39.99863 ], [ -75.0237, 40.09072 ], [ -74.98987, 40.08554 ], [ -74.98224, 40.10855 ], [ -75.01608, 40.11374 ], [ -74.98558, 40.2058 ], [ -75.08727, 40.22132 ], [ -75.23049, 40.21888 ], [ -75.24558, 40.17282 ], [ -75.3209, 40.16002 ], [ -75.33591, 40.11395 ], [ -75.47143, 40.1343 ], [ -75.52763, 40.07023 ], [ -75.62924, 40.08536 ], [ -75.68226, 40.14151 ], [ -75.69404, 40.21568 ], [ -75.75458, 40.24875 ], [ -76.09458, 40.29833 ], [ -76.25757, 40.34589 ], [ -76.306, 40.3046 ], [ -76.28633, 40.25357 ], [ -76.1503, 40.23402 ], [ -76.13799, 40.15989 ], [ -76.18636, 40.11864 ], [ -76.28819, 40.13329 ], [ -76.37038, 40.09683 ], [ -76.42566, 40.0324 ], [ -76.52741, 40.04687 ], [ -76.65147, 39.87163 ], [ -76.67945, 39.77919 ], [ -76.76097, 39.74249 ], [ -76.80951, 39.58064 ], [ -76.8708, 39.49286 ], [ -76.90447, 39.49759 ], [ -76.91821, 39.45132 ], [ -76.89144, 39.42347 ], [ -76.7777, 39.3351 ], [ -76.80527, 39.24257 ], [ -76.73131, 39.25619 ], [ -76.75892, 39.16366 ], [ -76.66541, 39.12621 ], [ -76.68614, 39.05681 ], [ -76.6193, 39.04723 ], [ -76.56638, 38.99137 ], [ -76.55383, 38.91716 ], [ -76.50106, 38.86126 ], [ -76.42589, 38.99519 ], [ -76.35916, 38.98549 ], [ -76.38017, 38.91612 ], [ -76.3065, 38.92951 ], [ -76.25393, 38.87352 ], [ -76.18734, 38.86373 ], [ -76.18028, 38.88684 ], [ -76.08039, 38.87209 ], [ -75.98051, 39.19551 ], [ -75.98529, 39.29283 ], [ -75.9039, 39.32909 ], [ -75.923, 39.38023 ], [ -75.55444, 39.32514 ], [ -75.52831, 39.29701 ], [ -75.55763, 39.20473 ], [ -75.44607, 39.11526 ], [ -75.4681, 39.04605 ], [ -75.43477, 39.04097 ], [ -75.42007, 39.0871 ], [ -75.38673, 39.08201 ], [ -75.35722, 39.17427 ], [ -75.36107, 39.27161 ], [ -75.41319, 39.32792 ], [ -75.16055, 39.24086 ], [ -75.1047, 39.30484 ], [ -75.03785, 39.2945 ], [ -75.02698, 39.22019 ], [ -75.04199, 39.1741 ], [ -74.91613, 39.13028 ], [ -74.81617, 39.11462 ], [ -74.78585, 39.20674 ], [ -74.845, 39.24024 ], [ -74.69914, 39.36266 ], [ -74.75249, 39.2015 ], [ -74.72676, 39.17322 ], [ -74.64483, 39.20873 ], [ -74.61422, 39.30081 ], [ -74.53207, 39.33625 ], [ -74.50124, 39.42829 ], [ -74.35973, 39.42999 ], [ -74.39317, 39.43533 ], [ -74.31852, 39.44764 ], [ -74.17121, 39.56947 ], [ -74.10822, 39.75331 ], [ -74.08451, 39.82224 ], [ -74.02103, 40.00599 ], [ -74.05474, 40.01141 ], [ -73.94293, 40.33284 ], [ -73.96879, 40.36123 ], [ -73.98665, 40.41257 ], [ -74.04649, 40.44636 ], [ -74.18229, 40.46795 ], [ -74.11641, 40.55441 ], [ -74.04842, 40.5436 ], [ -73.99837, 40.58408 ], [ -73.96617, 40.67588 ], [ -73.83, 40.65409 ], [ -73.73753, 40.71194 ], [ -73.7049, 40.80367 ], [ -73.53563, 40.8733 ], [ -73.45913, 40.88513 ], [ -73.32269, 40.86285 ], [ -73.21206, 40.86895 ], [ -73.19534, 40.91475 ], [ -73.25523, 40.94887 ], [ -73.39183, 40.97121 ], [ -73.50262, 40.96497 ], [ -73.51913, 40.91914 ], [ -73.66397, 40.9183 ], [ -73.49435, 40.98788 ], [ -73.4353, 41.05106 ], [ -73.3327, 41.03435 ], [ -73.31601, 41.08015 ], [ -73.23922, 41.09186 ], [ -73.22246, 41.13765 ], [ -73.08556, 41.11515 ], [ -73.06868, 41.16092 ], [ -72.90627, 41.2069 ], [ -72.83779, 41.19551 ], [ -72.81216, 41.26412 ], [ -72.70938, 41.24696 ], [ -72.5209, 41.26389 ], [ -72.22964, 41.26307 ], [ -72.17786, 41.30288 ], [ -72.04099, 41.27937 ], [ -71.94726, 41.23883 ], [ -71.88644, 41.30135 ], [ -71.74967, 41.27756 ], [ -71.68862, 41.33999 ], [ -71.58603, 41.32202 ], [ -71.52477, 41.38438 ], [ -71.42215, 41.36629 ], [ -71.36068, 41.42857 ], [ -71.19637, 41.47257 ], [ -71.16215, 41.46647 ], [ -71.12792, 41.46037 ], [ -71.01607, 41.46475 ], [ -70.9791, 41.55575 ], [ -70.9106, 41.54344 ], [ -70.89203, 41.58892 ], [ -70.82049, 41.67371 ], [ -70.7519, 41.66132 ], [ -70.73317, 41.70678 ], [ -70.5926, 41.77902 ], [ -70.56427, 41.84717 ], [ -70.59527, 41.95053 ], [ -70.64527, 42.00843 ], [ -70.60743, 42.09931 ], [ -70.65757, 42.15721 ], [ -70.72669, 42.16963 ], [ -70.69834, 42.2378 ], [ -70.79275, 42.27913 ], [ -70.89668, 42.29767 ], [ -70.90315, 42.37203 ], [ -70.83073, 42.45679 ], [ -70.77393, 42.59314 ], [ -70.72962, 42.60967 ] ], [ [ -76.3152, 39.24461 ], [ -76.30994, 39.1473 ], [ -76.23086, 39.06332 ], [ -76.4119, 39.04143 ], [ -76.43131, 39.09252 ], [ -76.40328, 39.18499 ], [ -76.3293, 39.19839 ], [ -76.3152, 39.24461 ] ] ], [ [ [ -72.22342, 40.99434 ], [ -72.20595, 41.04001 ], [ -72.26543, 41.07454 ], [ -72.19632, 41.16003 ], [ -72.29882, 41.17757 ], [ -72.46159, 41.13229 ], [ -72.49618, 41.04088 ], [ -72.56444, 41.05244 ], [ -72.62435, 40.98962 ], [ -72.76082, 41.01257 ], [ -73.12766, 41.0007 ], [ -73.13551, 40.88061 ], [ -73.06734, 40.86933 ], [ -73.05849, 40.795 ], [ -72.9564, 40.77802 ], [ -72.89702, 40.84098 ], [ -72.78639, 40.84675 ], [ -72.68429, 40.82957 ], [ -72.5479, 40.90375 ], [ -72.52207, 40.97232 ], [ -72.41984, 40.95495 ], [ -72.36843, 40.99483 ], [ -72.31767, 40.9375 ], [ -72.3437, 40.86896 ], [ -72.29232, 40.90882 ], [ -72.25829, 40.90298 ], [ -72.21555, 40.91998 ], [ -72.22342, 40.99434 ] ] ] ] } },
{ "type": "Feature", "properties": { "ID": 46 }, "geometry": { "type": "MultiPolygon", "coordinates": [ [ [ [ -93.61627, 35.15892 ], [ -93.68148, 35.13632 ], [ -93.61708, 35.13514 ], [ -93.61627, 35.15892 ] ] ], [ [ [ -93.12033, 36.24219 ], [ -93.15305, 36.24291 ], [ -93.15108, 36.29035 ], [ -93.34752, 36.29448 ], [ -93.34569, 36.34192 ], [ -93.41122, 36.34323 ], [ -93.41301, 36.29579 ], [ -93.57673, 36.29893 ], [ -93.58175, 36.15657 ], [ -93.61525, 36.13345 ], [ -93.81126, 36.13688 ], [ -93.91072, 36.09102 ], [ -93.91216, 36.04355 ], [ -94.1732, 36.04747 ], [ -94.17445, 36.0 ], [ -94.30489, 36.00176 ], [ -94.37123, 35.95511 ], [ -94.40163, 36.05048 ], [ -94.46689, 36.05126 ], [ -94.53418, 35.95705 ], [ -94.53519, 35.90956 ], [ -94.63384, 35.86313 ], [ -94.76403, 35.86443 ], [ -94.76615, 35.74567 ], [ -94.83113, 35.74628 ], [ -94.86479, 35.67529 ], [ -94.92971, 35.67585 ], [ -94.93118, 35.5808 ], [ -94.83393, 35.57996 ], [ -94.83313, 35.62749 ], [ -94.70338, 35.62625 ], [ -94.70516, 35.5312 ], [ -94.64037, 35.53053 ], [ -94.63851, 35.62558 ], [ -94.41147, 35.623 ], [ -94.41038, 35.67051 ], [ -94.34547, 35.6697 ], [ -94.28174, 35.62134 ], [ -94.28291, 35.57382 ], [ -94.2505, 35.57338 ], [ -94.24931, 35.6209 ], [ -93.98987, 35.61713 ], [ -93.98849, 35.66465 ], [ -93.7938, 35.66148 ], [ -93.76518, 35.54213 ], [ -93.66801, 35.54042 ], [ -93.66641, 35.58793 ], [ -93.37473, 35.58234 ], [ -93.37294, 35.62985 ], [ -93.30624, 35.67602 ], [ -93.17644, 35.67325 ], [ -93.17838, 35.62575 ], [ -92.95142, 35.6206 ], [ -92.88764, 35.59531 ], [ -92.69321, 35.59048 ], [ -92.65967, 35.6134 ], [ -92.6505, 35.80335 ], [ -92.71438, 35.82875 ], [ -92.87696, 35.83276 ], [ -92.87482, 35.88024 ], [ -93.07008, 35.88479 ], [ -93.13419, 35.90998 ], [ -93.13221, 35.95745 ], [ -93.19545, 36.00634 ], [ -93.19158, 36.10126 ], [ -93.1253, 36.12357 ], [ -93.12033, 36.24219 ] ] ], [ [ [ -94.92345, 36.07957 ], [ -94.89003, 36.12678 ], [ -94.88811, 36.24544 ], [ -94.9863, 36.24624 ], [ -94.987, 36.19878 ], [ -95.08544, 36.17577 ], [ -95.05405, 36.08059 ], [ -94.92345, 36.07957 ] ] ], [ [ [ -93.70931, 36.25384 ], [ -93.71089, 36.20639 ], [ -93.61278, 36.20463 ], [ -93.60948, 36.29953 ], [ -93.74047, 36.30186 ], [ -93.70931, 36.25384 ] ] ], [ [ [ -85.7666, 36.92154 ], [ -85.73374, 36.91898 ], [ -85.75157, 36.80115 ], [ -85.62037, 36.79085 ], [ -85.60954, 36.86154 ], [ -85.66082, 36.96096 ], [ -85.7559, 36.99223 ], [ -85.7666, 36.92154 ] ] ], [ [ [ -84.25446, 38.34596 ], [ -84.29213, 38.32542 ], [ -84.31703, 38.1846 ], [ -84.37565, 38.23734 ], [ -84.35913, 38.33122 ], [ -84.4138, 38.40741 ], [ -84.48908, 38.36622 ], [ -84.65675, 38.38043 ], [ -84.78695, 38.41514 ], [ -84.77897, 38.46209 ], [ -84.87974, 38.47043 ], [ -84.90149, 38.54363 ], [ -84.96876, 38.54913 ], [ -84.95695, 38.61957 ], [ -85.05799, 38.62777 ], [ -85.05017, 38.67473 ], [ -84.97489, 38.71621 ], [ -84.96306, 38.78663 ], [ -85.09812, 38.79755 ], [ -85.07217, 38.74788 ], [ -85.24094, 38.76137 ], [ -85.28236, 38.71708 ], [ -85.2678, 38.59698 ], [ -85.16679, 38.58894 ], [ -85.10723, 38.53656 ], [ -85.11886, 38.46611 ], [ -84.99622, 38.38476 ], [ -85.04536, 38.29354 ], [ -85.17944, 38.30438 ], [ -85.25031, 38.28625 ], [ -85.26859, 38.3829 ], [ -85.24181, 38.54734 ], [ -85.37264, 38.58147 ], [ -85.38738, 38.70155 ], [ -85.45486, 38.70681 ], [ -85.50361, 38.61547 ], [ -85.77325, 38.6361 ], [ -85.84432, 38.61767 ], [ -85.88886, 38.54968 ], [ -85.86241, 38.50015 ], [ -86.0307, 38.51266 ], [ -86.07851, 38.42109 ], [ -86.09261, 38.32703 ], [ -86.1332, 38.28245 ], [ -86.43525, 38.30423 ], [ -86.50578, 38.28544 ], [ -86.51588, 38.21485 ], [ -86.61315, 38.24543 ], [ -86.84805, 38.26159 ], [ -86.87838, 38.28741 ], [ -87.04631, 38.29867 ], [ -87.05902, 38.20449 ], [ -87.1324, 38.16183 ], [ -87.13869, 38.11473 ], [ -87.28198, 38.05283 ], [ -87.28815, 38.00571 ], [ -87.38852, 38.01219 ], [ -87.45846, 37.9929 ], [ -87.50694, 37.87719 ], [ -87.60713, 37.88351 ], [ -87.61306, 37.83637 ], [ -87.74658, 37.84466 ], [ -87.7524, 37.79751 ], [ -87.8525, 37.80364 ], [ -88.04713, 37.86285 ], [ -88.21417, 37.87266 ], [ -88.21967, 37.82549 ], [ -88.38664, 37.83508 ], [ -88.39202, 37.7879 ], [ -88.49215, 37.79356 ], [ -88.49745, 37.74637 ], [ -88.66168, 37.77922 ], [ -88.80283, 37.71568 ], [ -88.84627, 37.62305 ], [ -88.71562, 37.59224 ], [ -88.62614, 37.49233 ], [ -88.42941, 37.45754 ], [ -88.39887, 37.43204 ], [ -88.23289, 37.42246 ], [ -88.23834, 37.37525 ], [ -88.07253, 37.36546 ], [ -88.0753, 37.34186 ], [ -87.74394, 37.32167 ], [ -87.67477, 37.34113 ], [ -87.65042, 37.26827 ], [ -87.66792, 37.12667 ], [ -87.60773, 37.07529 ], [ -87.58354, 37.00238 ], [ -87.59818, 36.88434 ], [ -87.53237, 36.88013 ], [ -87.54414, 36.78569 ], [ -87.44854, 36.7557 ], [ -87.46041, 36.66124 ], [ -87.36203, 36.6548 ], [ -87.25456, 36.71913 ], [ -86.92648, 36.69688 ], [ -86.9, 36.6474 ], [ -86.91261, 36.55297 ], [ -86.88619, 36.50348 ], [ -86.82079, 36.49891 ], [ -86.83665, 36.38084 ], [ -86.57557, 36.36226 ], [ -86.56906, 36.40948 ], [ -86.42857, 36.4708 ], [ -86.10196, 36.44648 ], [ -86.09854, 36.47008 ], [ -85.93179, 36.4812 ], [ -85.90036, 36.69344 ], [ -85.85705, 36.76164 ], [ -85.84647, 36.83236 ], [ -86.00715, 36.8685 ], [ -86.02612, 36.96527 ], [ -86.168, 36.90444 ], [ -86.26662, 36.91177 ], [ -86.25984, 36.95892 ], [ -86.38811, 36.99216 ], [ -86.36797, 37.1336 ], [ -86.49663, 37.16672 ], [ -86.55605, 37.21859 ], [ -86.54614, 37.28931 ], [ -86.44693, 37.28219 ], [ -86.44024, 37.32932 ], [ -86.47333, 37.33171 ], [ -86.46665, 37.37883 ], [ -86.49977, 37.38121 ], [ -86.58923, 37.45897 ], [ -86.56605, 37.62389 ], [ -86.58604, 37.72046 ], [ -86.54277, 37.78876 ], [ -86.44282, 37.78165 ], [ -86.3463, 37.75092 ], [ -86.28999, 37.67545 ], [ -86.19024, 37.66816 ], [ -86.17429, 37.54797 ], [ -86.11487, 37.49596 ], [ -86.08171, 37.49349 ], [ -86.00839, 37.53562 ], [ -85.99433, 37.6298 ], [ -85.93498, 37.57771 ], [ -85.90179, 37.5752 ], [ -85.93852, 37.55417 ], [ -85.97374, 37.31869 ], [ -85.84505, 37.28507 ], [ -85.83794, 37.33217 ], [ -85.70569, 37.32197 ], [ -85.69848, 37.36906 ], [ -85.62869, 37.38745 ], [ -85.49637, 37.37704 ], [ -85.48901, 37.42411 ], [ -85.32354, 37.41091 ], [ -85.34169, 37.50769 ], [ -85.47055, 37.54178 ], [ -85.45574, 37.63589 ], [ -85.28976, 37.62265 ], [ -85.26789, 37.54941 ], [ -85.16845, 37.54135 ], [ -85.10981, 37.48889 ], [ -85.1403, 37.30068 ], [ -84.9422, 37.28428 ], [ -84.91307, 37.258 ], [ -84.92855, 37.16388 ], [ -84.79287, 37.1763 ], [ -84.62815, 37.16223 ], [ -84.57927, 37.25346 ], [ -84.50528, 37.29478 ], [ -84.41036, 37.26264 ], [ -84.27848, 37.25102 ], [ -84.2373, 37.2951 ], [ -84.19606, 37.33917 ], [ -84.18779, 37.38617 ], [ -84.11759, 37.40377 ], [ -84.10926, 37.45076 ], [ -84.0762, 37.44779 ], [ -84.06784, 37.49477 ], [ -84.10091, 37.49774 ], [ -84.0842, 37.5917 ], [ -84.11732, 37.59466 ], [ -84.18358, 37.60057 ], [ -84.15862, 37.74149 ], [ -84.12542, 37.73854 ], [ -84.10867, 37.83246 ], [ -84.12517, 37.92933 ], [ -84.07926, 37.99679 ], [ -84.13333, 38.07313 ], [ -84.10809, 38.21393 ], [ -84.17496, 38.21984 ], [ -84.16237, 38.29023 ], [ -84.12889, 38.28728 ], [ -84.12046, 38.33421 ], [ -84.25446, 38.34596 ] ] ], [ [ [ -82.61965, 36.82995 ], [ -82.54495, 36.8702 ], [ -82.5356, 36.91713 ], [ -82.63378, 36.92715 ], [ -82.64306, 36.88022 ], [ -82.67577, 36.88354 ], [ -82.68502, 36.8366 ], [ -82.61965, 36.82995 ] ] ], [ [ [ -81.11565, 37.74685 ], [ -81.15567, 37.87112 ], [ -81.22191, 37.87849 ], [ -81.19583, 37.99536 ], [ -81.20813, 38.09251 ], [ -81.30783, 38.1035 ], [ -81.3307, 38.15389 ], [ -81.40241, 38.1378 ], [ -81.52269, 38.05512 ], [ -81.65281, 37.92556 ], [ -81.72922, 37.88589 ], [ -81.7493, 37.7923 ], [ -81.62196, 37.75466 ], [ -81.63206, 37.70786 ], [ -81.50494, 37.67011 ], [ -81.27378, 37.64467 ], [ -81.29443, 37.55111 ], [ -81.3274, 37.55477 ], [ -81.34795, 37.46119 ], [ -81.38087, 37.46483 ], [ -81.3911, 37.41803 ], [ -81.26466, 37.38003 ], [ -81.25435, 37.42682 ], [ -81.22145, 37.42315 ], [ -81.20592, 37.49332 ], [ -81.23886, 37.497 ], [ -81.22333, 37.56717 ], [ -81.19218, 37.70748 ], [ -81.11565, 37.74685 ] ] ], [ [ [ -78.99044, 37.82785 ], [ -78.91251, 37.86595 ], [ -78.90048, 37.9125 ], [ -79.03252, 37.92942 ], [ -79.08936, 37.84048 ], [ -78.99044, 37.82785 ] ] ], [ [ [ -78.78602, 38.09017 ], [ -78.71987, 38.08161 ], [ -78.69545, 38.17465 ], [ -78.64394, 38.24012 ], [ -78.63165, 38.28663 ], [ -78.67709, 38.24443 ], [ -78.7434, 38.253 ], [ -78.77387, 38.1367 ], [ -78.78602, 38.09017 ] ] ], [ [ [ -76.93814, 39.50231 ], [ -76.95185, 39.45604 ], [ -77.05282, 39.47014 ], [ -77.12666, 39.57674 ], [ -77.20767, 39.53977 ], [ -77.30208, 39.57683 ], [ -77.40331, 39.59067 ], [ -77.41672, 39.54436 ], [ -77.46381, 39.50264 ], [ -77.49752, 39.50722 ], [ -77.51084, 39.4609 ], [ -77.71966, 39.46503 ], [ -77.69989, 39.53455 ], [ -77.80114, 39.5481 ], [ -77.84696, 39.38585 ], [ -77.79271, 39.33049 ], [ -77.88605, 39.24674 ], [ -77.91965, 39.25123 ], [ -77.93262, 39.20485 ], [ -77.89904, 39.20037 ], [ -77.9985, 39.09334 ], [ -77.99076, 38.99609 ], [ -77.95728, 38.99162 ], [ -78.01648, 38.90328 ], [ -78.11682, 38.91661 ], [ -78.13596, 38.84698 ], [ -78.10254, 38.84255 ], [ -78.09616, 38.86576 ], [ -78.06273, 38.86132 ], [ -78.05633, 38.88453 ], [ -77.95605, 38.87115 ], [ -77.97535, 38.80154 ], [ -77.86123, 38.71401 ], [ -77.84728, 38.63991 ], [ -77.73362, 38.55225 ], [ -77.74658, 38.50584 ], [ -77.72633, 38.45491 ], [ -77.63328, 38.41808 ], [ -77.52724, 38.42758 ], [ -77.36147, 38.40459 ], [ -77.38125, 38.33502 ], [ -77.31504, 38.32578 ], [ -77.30178, 38.25157 ], [ -77.20261, 38.23763 ], [ -77.14984, 38.18193 ], [ -77.16314, 38.13555 ], [ -77.00491, 38.08892 ], [ -76.90001, 37.97731 ], [ -76.92015, 37.90776 ], [ -76.82831, 37.87036 ], [ -76.75008, 37.78652 ], [ -76.69127, 37.75378 ], [ -76.7048, 37.70742 ], [ -76.61336, 37.66986 ], [ -76.59977, 37.71621 ], [ -76.46048, 37.84075 ], [ -76.43988, 37.91024 ], [ -76.51786, 37.99423 ], [ -76.49041, 38.08687 ], [ -76.54941, 38.11968 ], [ -76.52195, 38.2123 ], [ -76.42301, 38.19779 ], [ -76.37619, 38.23923 ], [ -76.3884, 38.31352 ], [ -76.36064, 38.40608 ], [ -76.42679, 38.41579 ], [ -76.4391, 38.49006 ], [ -76.50535, 38.49973 ], [ -76.51777, 38.57398 ], [ -76.48313, 38.68967 ], [ -76.48166, 38.81017 ], [ -76.50106, 38.86126 ], [ -76.55383, 38.91716 ], [ -76.56638, 38.99137 ], [ -76.6193, 39.04723 ], [ -76.68614, 39.05681 ], [ -76.66541, 39.12621 ], [ -76.75892, 39.16366 ], [ -76.73131, 39.25619 ], [ -76.80527, 39.24257 ], [ -76.7777, 39.3351 ], [ -76.89144, 39.42347 ], [ -76.91821, 39.45132 ], [ -76.90447, 39.49759 ], [ -76.93814, 39.50231 ] ], [ [ -76.83258, 38.20906 ], [ -76.72677, 38.21794 ], [ -76.59479, 38.19878 ], [ -76.64144, 38.15726 ], [ -76.77336, 38.17638 ], [ -76.83258, 38.20906 ] ] ], [ [ [ -75.44607, 39.11526 ], [ -75.55763, 39.20473 ], [ -75.52831, 39.29701 ], [ -75.55444, 39.32514 ], [ -75.923, 39.38023 ], [ -75.9039, 39.32909 ], [ -75.98529, 39.29283 ], [ -75.98051, 39.19551 ], [ -76.08039, 38.87209 ], [ -76.11368, 38.87702 ], [ -76.14199, 38.78457 ], [ -76.10875, 38.77965 ], [ -76.14408, 38.66407 ], [ -76.12502, 38.61291 ], [ -76.19135, 38.62274 ], [ -76.21944, 38.53024 ], [ -76.2857, 38.54002 ], [ -76.29968, 38.49375 ], [ -76.33279, 38.49863 ], [ -76.34673, 38.45236 ], [ -76.28753, 38.41947 ], [ -76.28934, 38.29891 ], [ -76.07243, 38.21828 ], [ -75.9924, 38.25465 ], [ -75.93356, 38.2216 ], [ -75.90061, 38.21663 ], [ -75.92894, 38.12413 ], [ -75.85605, 38.1373 ], [ -75.6916, 38.11225 ], [ -75.68444, 38.13537 ], [ -75.5858, 38.12024 ], [ -75.53851, 38.16139 ], [ -75.40059, 38.60016 ], [ -75.39714, 38.72065 ], [ -75.43423, 38.82314 ], [ -75.39756, 38.93851 ], [ -75.47543, 39.02298 ], [ -75.44607, 39.11526 ] ] ], [ [ [ -74.98558, 40.2058 ], [ -75.01608, 40.11374 ], [ -74.98224, 40.10855 ], [ -74.98987, 40.08554 ], [ -75.0237, 40.09072 ], [ -75.0541, 39.99863 ], [ -75.08789, 40.0038 ], [ -75.10303, 39.95775 ], [ -75.06926, 39.95259 ], [ -75.09197, 39.88351 ], [ -75.02453, 39.87317 ], [ -75.04726, 39.80409 ], [ -74.9799, 39.79372 ], [ -75.01779, 39.67859 ], [ -74.95057, 39.66821 ], [ -74.89857, 39.61175 ], [ -74.97002, 39.50182 ], [ -75.03707, 39.51219 ], [ -75.08221, 39.37396 ], [ -74.98184, 39.35842 ], [ -74.86324, 39.29153 ], [ -74.8177, 39.42969 ], [ -74.60707, 39.63883 ], [ -74.57351, 39.63354 ], [ -74.48052, 39.90953 ], [ -74.51683, 40.01212 ], [ -74.56881, 40.0687 ], [ -74.57152, 40.16596 ], [ -74.6392, 40.17651 ], [ -74.60812, 40.26849 ], [ -74.8455, 40.30523 ], [ -74.86858, 40.23622 ], [ -74.95169, 40.20061 ], [ -74.98558, 40.2058 ] ] ] ] } },
{ "type": "Feature", "properties": { "ID": 47 }, "geometry": { "type": "MultiPolygon", "coordinates": [ [ [ [ -82.95131, 35.28147 ], [ -82.94245, 35.32858 ], [ -82.97444, 35.33184 ], [ -82.96559, 35.37894 ], [ -83.02963, 35.38544 ], [ -83.01526, 35.28798 ], [ -82.95131, 35.28147 ] ] ], [ [ [ -82.31072, 35.71887 ], [ -82.26451, 35.78597 ], [ -82.24571, 35.87998 ], [ -82.31015, 35.88683 ], [ -82.38392, 35.84664 ], [ -82.36105, 35.79622 ], [ -82.37967, 35.70218 ], [ -82.31072, 35.71887 ] ] ], [ [ [ -79.27783, 37.76818 ], [ -79.31079, 37.77233 ], [ -79.27554, 37.91212 ], [ -79.28502, 38.00944 ], [ -79.35118, 38.01773 ], [ -79.31588, 38.15747 ], [ -79.33726, 38.20819 ], [ -79.40362, 38.21644 ], [ -79.46021, 38.12738 ], [ -79.55966, 38.13967 ], [ -79.52473, 38.27944 ], [ -79.59119, 38.2876 ], [ -79.63601, 38.24508 ], [ -79.66491, 38.12857 ], [ -79.70958, 38.08601 ], [ -79.80902, 38.09811 ], [ -79.93597, 38.13744 ], [ -79.95865, 38.04417 ], [ -80.03619, 38.00548 ], [ -80.04744, 37.95883 ], [ -80.14675, 37.97068 ], [ -80.18021, 37.83068 ], [ -80.33995, 37.87358 ], [ -80.31786, 37.96693 ], [ -80.37859, 37.99805 ], [ -80.42272, 37.95524 ], [ -80.44465, 37.86187 ], [ -80.5217, 37.82288 ], [ -80.62088, 37.83439 ], [ -80.796, 37.6627 ], [ -80.89382, 37.53001 ], [ -81.09148, 37.5524 ], [ -81.10192, 37.50563 ], [ -81.15566, 37.41578 ], [ -81.25435, 37.42682 ], [ -81.26466, 37.38003 ], [ -81.3911, 37.41803 ], [ -81.3655, 37.53502 ], [ -81.33254, 37.53137 ], [ -81.32225, 37.57816 ], [ -81.42121, 37.58907 ], [ -81.47458, 37.4991 ], [ -81.55062, 37.45951 ], [ -81.68238, 37.47382 ], [ -81.70031, 37.54761 ], [ -81.7943, 37.58166 ], [ -81.92635, 37.59573 ], [ -82.18093, 37.67032 ], [ -82.18974, 37.79085 ], [ -82.27465, 37.87137 ], [ -82.37419, 37.88158 ], [ -82.36938, 37.905 ], [ -82.431, 37.93518 ], [ -82.41662, 38.00543 ], [ -82.47357, 38.05901 ], [ -82.46879, 38.08242 ], [ -82.48775, 38.15603 ], [ -82.55441, 38.16273 ], [ -82.56872, 38.25973 ], [ -82.64023, 38.24298 ], [ -82.65469, 38.33995 ], [ -82.63096, 38.457 ], [ -82.73144, 38.46694 ], [ -82.80313, 38.4501 ], [ -82.90362, 38.45991 ], [ -82.91293, 38.41307 ], [ -83.04687, 38.42602 ], [ -83.24158, 38.30143 ], [ -83.2777, 38.11393 ], [ -83.37775, 38.12339 ], [ -83.54647, 37.94826 ], [ -83.57717, 37.78404 ], [ -83.65226, 37.74327 ], [ -83.66095, 37.69633 ], [ -83.73589, 37.65551 ], [ -83.86847, 37.66766 ], [ -83.91522, 37.40934 ], [ -83.94824, 37.41235 ], [ -84.03108, 37.32436 ], [ -84.04363, 37.25387 ], [ -84.07658, 37.25684 ], [ -84.08491, 37.20984 ], [ -84.02323, 37.18038 ], [ -84.07281, 37.08934 ], [ -84.19615, 36.95714 ], [ -84.20436, 36.91011 ], [ -84.36837, 36.92471 ], [ -84.38453, 36.83061 ], [ -84.42534, 36.78644 ], [ -84.5891, 36.80078 ], [ -84.56825, 36.72732 ], [ -84.61283, 36.65954 ], [ -84.63252, 36.54181 ], [ -84.66516, 36.54465 ], [ -84.70035, 36.33265 ], [ -84.57021, 36.3213 ], [ -84.57415, 36.29774 ], [ -84.44409, 36.28627 ], [ -84.41558, 36.25982 ], [ -84.43152, 36.16559 ], [ -84.37862, 36.08912 ], [ -84.24899, 36.07744 ], [ -84.24091, 36.12456 ], [ -84.16794, 36.16577 ], [ -84.15163, 36.25997 ], [ -84.17189, 36.33356 ], [ -84.13119, 36.37769 ], [ -84.03359, 36.36876 ], [ -83.96023, 36.40984 ], [ -83.95192, 36.45691 ], [ -83.85003, 36.47138 ], [ -83.65466, 36.45304 ], [ -83.52878, 36.41713 ], [ -83.48761, 36.46105 ], [ -83.32928, 36.42183 ], [ -83.33802, 36.3748 ], [ -83.20363, 36.38561 ], [ -83.04117, 36.36954 ], [ -82.96722, 36.41007 ], [ -82.95822, 36.45707 ], [ -82.86067, 36.44727 ], [ -82.8833, 36.32978 ], [ -82.74893, 36.34012 ], [ -82.76717, 36.24612 ], [ -82.69777, 36.263 ], [ -82.50332, 36.24294 ], [ -82.55885, 36.12882 ], [ -82.62355, 36.13551 ], [ -82.69741, 36.09516 ], [ -82.71566, 36.00113 ], [ -82.5865, 35.9878 ], [ -82.60028, 35.91727 ], [ -82.4713, 35.90382 ], [ -82.42977, 35.94745 ], [ -82.41115, 36.04146 ], [ -82.30957, 36.05474 ], [ -82.21268, 36.04445 ], [ -82.1576, 35.99057 ], [ -82.13959, 35.91664 ], [ -82.03814, 35.92971 ], [ -81.94147, 35.91922 ], [ -81.91889, 35.86873 ], [ -81.90925, 35.91571 ], [ -81.84482, 35.90866 ], [ -81.82541, 36.00259 ], [ -81.74137, 36.08939 ], [ -81.57997, 36.07151 ], [ -81.52784, 36.16176 ], [ -81.46322, 36.15452 ], [ -81.45323, 36.20144 ], [ -81.42091, 36.19781 ], [ -81.41589, 36.22126 ], [ -81.3462, 36.23742 ], [ -81.32601, 36.33121 ], [ -81.22889, 36.3202 ], [ -81.18122, 36.38683 ], [ -81.11643, 36.37942 ], [ -81.07375, 36.42257 ], [ -81.08403, 36.37571 ], [ -80.98689, 36.36452 ], [ -80.96617, 36.45823 ], [ -80.88048, 36.5444 ], [ -80.80508, 36.58368 ], [ -80.70768, 36.57229 ], [ -80.69711, 36.61911 ], [ -80.57254, 36.58039 ], [ -80.42661, 36.63515 ], [ -80.3292, 36.62348 ], [ -80.30751, 36.71704 ], [ -80.2912, 36.78719 ], [ -80.16068, 36.91568 ], [ -80.12809, 36.91173 ], [ -80.10603, 37.00521 ], [ -80.06786, 37.02461 ], [ -80.03456, 37.16477 ], [ -80.09998, 37.1727 ], [ -80.07224, 37.28948 ], [ -79.98436, 37.37493 ], [ -79.88596, 37.36295 ], [ -79.83623, 37.42896 ], [ -79.73778, 37.41687 ], [ -79.71501, 37.51019 ], [ -79.67073, 37.5528 ], [ -79.53927, 37.5365 ], [ -79.46199, 37.57493 ], [ -79.44459, 37.64488 ], [ -79.34005, 37.65581 ], [ -79.29543, 37.69828 ], [ -79.27783, 37.76818 ] ], [ [ -81.93033, 36.13407 ], [ -81.88832, 36.17751 ], [ -81.79132, 36.16691 ], [ -81.80108, 36.11997 ], [ -81.83339, 36.1235 ], [ -81.8657, 36.12703 ], [ -81.93033, 36.13407 ] ], [ [ -82.63842, 36.90369 ], [ -82.63378, 36.92715 ], [ -82.5356, 36.91713 ], [ -82.54495, 36.8702 ], [ -82.61965, 36.82995 ], [ -82.71772, 36.83992 ], [ -82.67577, 36.88354 ], [ -82.63842, 36.90369 ] ], [ [ -81.61758, 36.36381 ], [ -81.61262, 36.38726 ], [ -81.59013, 36.33676 ], [ -81.65493, 36.34393 ], [ -81.68452, 36.20317 ], [ -81.72667, 36.1598 ], [ -81.69227, 36.32405 ], [ -81.72467, 36.32761 ], [ -81.71483, 36.37453 ], [ -81.61758, 36.36381 ] ], [ [ -81.49781, 36.61452 ], [ -81.59539, 36.62533 ], [ -81.54286, 36.71549 ], [ -81.48275, 36.68483 ], [ -81.49781, 36.61452 ] ], [ [ -80.31797, 37.67903 ], [ -80.42238, 37.66734 ], [ -80.36746, 37.75686 ], [ -80.27396, 37.72182 ], [ -80.31797, 37.67903 ] ], [ [ -79.82157, 37.90757 ], [ -79.89903, 37.86895 ], [ -79.86496, 38.00887 ], [ -79.79875, 38.00084 ], [ -79.77709, 37.95018 ], [ -79.82157, 37.90757 ] ] ], [ [ [ -80.69533, 39.42357 ], [ -80.74021, 39.38075 ], [ -80.76217, 39.28751 ], [ -80.8298, 39.29505 ], [ -80.87877, 39.08519 ], [ -80.95699, 39.04602 ], [ -80.96777, 38.99937 ], [ -81.06881, 39.01052 ], [ -81.17519, 38.99827 ], [ -81.33099, 38.91955 ], [ -81.38556, 38.82979 ], [ -81.32359, 38.79917 ], [ -81.18926, 38.78453 ], [ -81.17157, 38.71082 ], [ -81.07098, 38.69973 ], [ -81.02529, 38.59894 ], [ -81.04659, 38.50556 ], [ -80.8795, 38.48689 ], [ -80.74048, 38.49514 ], [ -80.76305, 38.54559 ], [ -80.62936, 38.5304 ], [ -80.51261, 38.58888 ], [ -80.41232, 38.57731 ], [ -80.3734, 38.74052 ], [ -80.31752, 38.82988 ], [ -80.23917, 38.86869 ], [ -80.19965, 39.03179 ], [ -80.26695, 39.03961 ], [ -80.23305, 39.17938 ], [ -80.42427, 39.24929 ], [ -80.41307, 39.29589 ], [ -80.47508, 39.3269 ], [ -80.46389, 39.3735 ], [ -80.526, 39.40449 ], [ -80.69533, 39.42357 ] ] ], [ [ [ -78.32635, 37.37961 ], [ -78.33868, 37.33306 ], [ -78.306, 37.32867 ], [ -78.29365, 37.37521 ], [ -78.32635, 37.37961 ] ] ], [ [ [ -78.28128, 37.42175 ], [ -78.29365, 37.37521 ], [ -78.26095, 37.37081 ], [ -78.24856, 37.41735 ], [ -78.28128, 37.42175 ] ] ], [ [ [ -78.22205, 37.38967 ], [ -78.12396, 37.37639 ], [ -78.11148, 37.42291 ], [ -78.14419, 37.42735 ], [ -78.20342, 37.45947 ], [ -78.22205, 37.38967 ] ] ], [ [ [ -79.02341, 37.83206 ], [ -79.03534, 37.78549 ], [ -79.00239, 37.78127 ], [ -78.99044, 37.82785 ], [ -79.02341, 37.83206 ] ] ], [ [ [ -79.17828, 38.42852 ], [ -79.26733, 38.07931 ], [ -79.12898, 38.08592 ], [ -79.03567, 38.05004 ], [ -78.98165, 38.2595 ], [ -79.01484, 38.26372 ], [ -78.96662, 38.44985 ], [ -79.06646, 38.46249 ], [ -79.07847, 38.41596 ], [ -79.17828, 38.42852 ] ] ], [ [ [ -78.45146, 38.57581 ], [ -78.40769, 38.73842 ], [ -78.56611, 38.66286 ], [ -78.58471, 38.59315 ], [ -78.45146, 38.57581 ] ] ], [ [ [ -78.56457, 38.92706 ], [ -78.67125, 38.91676 ], [ -78.75057, 38.87885 ], [ -78.79358, 38.71616 ], [ -78.89988, 38.70567 ], [ -78.88477, 38.63168 ], [ -78.83638, 38.55342 ], [ -78.7575, 38.59139 ], [ -78.65752, 38.57852 ], [ -78.61427, 38.7412 ], [ -78.52258, 38.82549 ], [ -78.46412, 38.91406 ], [ -78.56457, 38.92706 ] ] ], [ [ [ -78.99735, 39.12622 ], [ -79.07067, 39.11138 ], [ -79.17153, 39.12393 ], [ -79.20165, 39.00767 ], [ -79.23522, 39.01183 ], [ -79.27712, 38.84902 ], [ -79.31657, 38.8299 ], [ -79.35223, 38.69029 ], [ -79.24602, 38.70113 ], [ -79.1552, 38.78585 ], [ -79.13113, 38.87888 ], [ -79.03065, 38.8663 ], [ -79.00638, 38.95929 ], [ -78.92711, 38.99734 ], [ -78.90264, 39.0903 ], [ -78.85677, 39.13253 ], [ -78.98515, 39.1727 ], [ -78.99735, 39.12622 ] ] ] ] } },
{ "type": "Feature", "properties": { "ID": 48 }, "geometry": { "type": "MultiPolygon", "coordinates": [ [ [ [ -90.62682, 38.79614 ], [ -90.58901, 38.84198 ], [ -90.71919, 38.91808 ], [ -90.74754, 38.99016 ], [ -90.91777, 38.9966 ], [ -90.94456, 39.09222 ], [ -91.04508, 39.11955 ], [ -91.28393, 39.12798 ], [ -91.32143, 39.08196 ], [ -91.32983, 38.96399 ], [ -91.29579, 38.96282 ], [ -91.23456, 38.86607 ], [ -91.50652, 38.8753 ], [ -91.53571, 38.94721 ], [ -91.67186, 38.9516 ], [ -91.67652, 38.88079 ], [ -91.74759, 38.83571 ], [ -91.75063, 38.7885 ], [ -91.88647, 38.79267 ], [ -91.9573, 38.74748 ], [ -91.96019, 38.70026 ], [ -92.02945, 38.67864 ], [ -92.03229, 38.63141 ], [ -92.16645, 38.65892 ], [ -92.33595, 38.66359 ], [ -92.33333, 38.71082 ], [ -92.6387, 38.7187 ], [ -92.7475, 38.57945 ], [ -92.78481, 38.50938 ], [ -92.8863, 38.51174 ], [ -92.91463, 38.63065 ], [ -92.98349, 38.60854 ], [ -92.95288, 38.53691 ], [ -92.95831, 38.41876 ], [ -92.99424, 38.37225 ], [ -93.16306, 38.37589 ], [ -93.16103, 38.42316 ], [ -93.43137, 38.42855 ], [ -93.49985, 38.40618 ], [ -93.73636, 38.41034 ], [ -93.73797, 38.36306 ], [ -93.9068, 38.36578 ], [ -93.90531, 38.41306 ], [ -94.00668, 38.41459 ], [ -94.03768, 38.50963 ], [ -94.20689, 38.51197 ], [ -94.20625, 38.53561 ], [ -94.37554, 38.53774 ], [ -94.37437, 38.58501 ], [ -94.54379, 38.58693 ], [ -94.57971, 38.49274 ], [ -94.74889, 38.49441 ], [ -94.748, 38.54168 ], [ -94.84959, 38.54258 ], [ -94.84876, 38.58985 ], [ -94.95043, 38.59068 ], [ -94.95118, 38.5434 ], [ -95.25596, 38.54541 ], [ -95.29084, 38.45103 ], [ -95.42611, 38.45167 ], [ -95.49429, 38.38101 ], [ -95.49501, 38.28643 ], [ -95.59665, 38.21582 ], [ -95.83254, 38.21632 ], [ -95.86619, 38.24001 ], [ -95.8661, 38.2873 ], [ -95.96731, 38.28737 ], [ -95.96728, 38.33466 ], [ -96.13608, 38.3346 ], [ -96.13618, 38.38189 ], [ -96.23761, 38.40539 ], [ -96.44038, 38.40489 ], [ -96.44054, 38.42853 ], [ -96.94763, 38.42593 ], [ -97.084, 38.49584 ], [ -97.08555, 38.59039 ], [ -96.95, 38.59141 ], [ -96.91709, 38.66255 ], [ -96.91874, 38.78071 ], [ -96.98813, 38.87475 ], [ -97.46458, 38.87047 ], [ -97.46563, 38.91772 ], [ -97.53485, 38.96422 ], [ -97.63708, 38.96304 ], [ -97.63473, 38.86854 ], [ -97.73494, 38.7964 ], [ -97.7337, 38.74915 ], [ -97.80163, 38.74827 ], [ -97.7952, 38.51194 ], [ -97.96441, 38.5096 ], [ -97.99683, 38.46183 ], [ -97.99398, 38.36728 ], [ -98.09528, 38.36575 ], [ -98.08785, 38.12931 ], [ -98.05566, 38.17712 ], [ -97.95395, 38.15497 ], [ -97.8193, 38.15686 ], [ -97.785, 38.13366 ], [ -97.78121, 37.99174 ], [ -97.6133, 37.99386 ], [ -97.5786, 37.94695 ], [ -97.54231, 37.82904 ], [ -97.7433, 37.82658 ], [ -97.739, 37.66092 ], [ -97.70378, 37.59035 ], [ -97.63702, 37.59118 ], [ -97.50138, 37.49806 ], [ -97.50032, 37.4507 ], [ -97.33376, 37.45247 ], [ -97.26624, 37.40577 ], [ -97.16637, 37.40668 ], [ -97.1631, 37.21721 ], [ -97.1963, 37.21691 ], [ -97.19171, 36.95629 ], [ -97.22478, 36.95599 ], [ -97.22264, 36.83748 ], [ -97.15662, 36.83807 ], [ -97.1538, 36.67212 ], [ -97.12009, 36.62498 ], [ -97.055, 36.67295 ], [ -96.79152, 36.6748 ], [ -96.7918, 36.69851 ], [ -96.59411, 36.69955 ], [ -96.59452, 36.74697 ], [ -96.52894, 36.79467 ], [ -96.46295, 36.79492 ], [ -96.43026, 36.84244 ], [ -96.43131, 37.00835 ], [ -96.49768, 37.03182 ], [ -96.49838, 37.1266 ], [ -96.36575, 37.12703 ], [ -96.36524, 37.03225 ], [ -96.33201, 37.00864 ], [ -96.03412, 37.00905 ], [ -96.06729, 37.08013 ], [ -95.96789, 37.08014 ], [ -95.96792, 37.00905 ], [ -95.70313, 37.00872 ], [ -95.70302, 37.03242 ], [ -95.47125, 37.0317 ], [ -95.37214, 37.00757 ], [ -95.37258, 36.96017 ], [ -95.17413, 36.95908 ], [ -95.17356, 37.00647 ], [ -94.87569, 37.00428 ], [ -94.87491, 37.05167 ], [ -94.60997, 37.04916 ], [ -94.61191, 36.95437 ], [ -94.54679, 36.90626 ], [ -94.44765, 36.90514 ], [ -94.44657, 36.95253 ], [ -94.34737, 36.95133 ], [ -94.28184, 36.92679 ], [ -94.28423, 36.83199 ], [ -94.21822, 36.83112 ], [ -94.15349, 36.7828 ], [ -94.15541, 36.71169 ], [ -94.08952, 36.71075 ], [ -94.025, 36.66236 ], [ -93.99416, 36.59074 ], [ -93.86261, 36.58866 ], [ -93.79531, 36.635 ], [ -93.76006, 36.70556 ], [ -93.69418, 36.70442 ], [ -93.69257, 36.75183 ], [ -93.65798, 36.79865 ], [ -93.59201, 36.79746 ], [ -93.55647, 36.86795 ], [ -93.45741, 36.86608 ], [ -93.45564, 36.91347 ], [ -93.32442, 36.88717 ], [ -93.09324, 36.88228 ], [ -93.02513, 36.92819 ], [ -92.69473, 36.92034 ], [ -92.66634, 36.82476 ], [ -92.60036, 36.82307 ], [ -92.59325, 36.9652 ], [ -92.26272, 36.95627 ], [ -92.26011, 37.00363 ], [ -92.1609, 37.00079 ], [ -92.16358, 36.95343 ], [ -92.03279, 36.92585 ], [ -91.97235, 36.82912 ], [ -91.90639, 36.82709 ], [ -91.79868, 36.96606 ], [ -91.69954, 36.96288 ], [ -91.69203, 37.08124 ], [ -91.72513, 37.08232 ], [ -91.71465, 37.24799 ], [ -91.74783, 37.24905 ], [ -91.73738, 37.41468 ], [ -91.80391, 37.41679 ], [ -91.79653, 37.53507 ], [ -91.82986, 37.53612 ], [ -91.82251, 37.65437 ], [ -91.88928, 37.65644 ], [ -91.88348, 37.75103 ], [ -91.91403, 37.79935 ], [ -91.7802, 37.7952 ], [ -91.78318, 37.74791 ], [ -91.6829, 37.74472 ], [ -91.67985, 37.79201 ], [ -91.5795, 37.78873 ], [ -91.5429, 37.83491 ], [ -91.53185, 38.00035 ], [ -91.39112, 38.09035 ], [ -91.38621, 38.16122 ], [ -91.34597, 38.25456 ], [ -91.27862, 38.25222 ], [ -91.25169, 38.15655 ], [ -91.15254, 38.12934 ], [ -91.08183, 38.17415 ], [ -91.0888, 38.07966 ], [ -90.98805, 38.07595 ], [ -90.8855, 38.09578 ], [ -90.78474, 38.09192 ], [ -90.75487, 38.04337 ], [ -90.58709, 38.03673 ], [ -90.55932, 37.96451 ], [ -90.45877, 37.9604 ], [ -90.46269, 37.91316 ], [ -90.36422, 37.88536 ], [ -90.33875, 37.78946 ], [ -90.10481, 37.77937 ], [ -89.97329, 37.7498 ], [ -89.94417, 37.70105 ], [ -89.84406, 37.69648 ], [ -89.74616, 37.66821 ], [ -89.73955, 37.73907 ], [ -89.76634, 37.81147 ], [ -89.75973, 37.88231 ], [ -89.89142, 37.91209 ], [ -89.91413, 38.03166 ], [ -89.94338, 38.08039 ], [ -90.07764, 38.08637 ], [ -90.07344, 38.13358 ], [ -90.20576, 38.16304 ], [ -90.20164, 38.21025 ], [ -90.29647, 38.28537 ], [ -90.32611, 38.334 ], [ -90.42721, 38.33821 ], [ -90.43118, 38.29099 ], [ -90.53222, 38.29512 ], [ -90.59575, 38.34505 ], [ -90.58225, 38.51028 ], [ -90.68173, 38.5379 ], [ -90.67222, 38.6559 ], [ -90.63835, 38.65457 ], [ -90.62682, 38.79614 ] ], [ [ -97.28383, 38.32858 ], [ -97.18256, 38.3295 ], [ -97.18172, 38.28221 ], [ -97.28291, 38.28129 ], [ -97.28383, 38.32858 ] ] ], [ [ [ -86.49545, 38.59363 ], [ -86.42801, 38.58888 ], [ -86.4109, 38.70645 ], [ -86.48186, 38.6877 ], [ -86.49545, 38.59363 ] ] ] ] } },
{ "type": "Feature", "properties": { "ID": 49 }, "geometry": { "type": "MultiPolygon", "coordinates": [ [ [ [ -93.38612, 34.41615 ], [ -93.1949, 34.41206 ], [ -93.16112, 34.45899 ], [ -93.15634, 34.57804 ], [ -93.22022, 34.57945 ], [ -93.28594, 34.53321 ], [ -93.32057, 34.46245 ], [ -93.38612, 34.41615 ] ] ], [ [ [ -84.49874, 34.78266 ], [ -84.5865, 34.83853 ], [ -84.59805, 34.76763 ], [ -84.49874, 34.78266 ] ] ], [ [ [ -85.79059, 35.65834 ], [ -85.75483, 35.6794 ], [ -85.62575, 35.66909 ], [ -85.55408, 35.71111 ], [ -85.50745, 35.80294 ], [ -85.41049, 35.79503 ], [ -85.3709, 35.83959 ], [ -85.39234, 35.91305 ], [ -85.37412, 36.03103 ], [ -85.39926, 36.08087 ], [ -85.46417, 36.08615 ], [ -85.48578, 36.15956 ], [ -85.68076, 36.17518 ], [ -85.67721, 36.19877 ], [ -85.83982, 36.21157 ], [ -85.86536, 36.2613 ], [ -85.93741, 36.21915 ], [ -85.94434, 36.17194 ], [ -86.04189, 36.17945 ], [ -86.15302, 36.09244 ], [ -86.16655, 35.99798 ], [ -86.23478, 35.97926 ], [ -86.31628, 35.86601 ], [ -86.32623, 35.79513 ], [ -86.30052, 35.74544 ], [ -86.2069, 35.71449 ], [ -86.07769, 35.70463 ], [ -85.95195, 35.67101 ], [ -85.95882, 35.62375 ], [ -85.82981, 35.61364 ], [ -85.79059, 35.65834 ] ] ], [ [ [ -84.63527, 36.32699 ], [ -84.63919, 36.30344 ], [ -84.57415, 36.29774 ], [ -84.57021, 36.3213 ], [ -84.63527, 36.32699 ] ] ], [ [ [ -84.49098, 34.82992 ], [ -84.49874, 34.78266 ], [ -84.46693, 34.77977 ], [ -84.45915, 34.82703 ], [ -84.49098, 34.82992 ] ] ], [ [ [ -82.3078, 35.23815 ], [ -82.2892, 35.33228 ], [ -82.31652, 35.35923 ], [ -82.50845, 35.37961 ], [ -82.46745, 35.25517 ], [ -82.37165, 35.24498 ], [ -82.3855, 35.17437 ], [ -82.32171, 35.16754 ], [ -82.3078, 35.23815 ] ] ], [ [ [ -82.69741, 36.09516 ], [ -82.62355, 36.13551 ], [ -82.55885, 36.12882 ], [ -82.50332, 36.24294 ], [ -82.69777, 36.263 ], [ -82.76717, 36.24612 ], [ -82.74893, 36.34012 ], [ -82.8833, 36.32978 ], [ -82.86067, 36.44727 ], [ -82.95822, 36.45707 ], [ -82.96722, 36.41007 ], [ -83.04117, 36.36954 ], [ -83.20363, 36.38561 ], [ -83.33802, 36.3748 ], [ -83.32928, 36.42183 ], [ -83.48761, 36.46105 ], [ -83.52878, 36.41713 ], [ -83.65466, 36.45304 ], [ -83.85003, 36.47138 ], [ -83.95192, 36.45691 ], [ -83.96023, 36.40984 ], [ -84.03359, 36.36876 ], [ -84.13119, 36.37769 ], [ -84.17189, 36.33356 ], [ -84.15163, 36.25997 ], [ -84.16794, 36.16577 ], [ -84.24091, 36.12456 ], [ -84.24899, 36.07744 ], [ -84.44345, 36.09491 ], [ -84.54465, 36.07997 ], [ -84.56528, 36.15352 ], [ -84.66264, 36.16206 ], [ -84.64971, 36.04137 ], [ -84.66916, 35.9235 ], [ -84.70925, 35.87916 ], [ -84.77391, 35.88479 ], [ -84.86149, 35.74885 ], [ -84.8767, 35.65447 ], [ -84.94494, 35.63642 ], [ -85.02439, 35.54751 ], [ -85.11105, 35.41131 ], [ -85.12216, 35.34045 ], [ -85.02589, 35.33225 ], [ -85.05194, 35.16689 ], [ -84.98793, 35.16139 ], [ -84.94842, 35.20588 ], [ -84.96172, 35.32674 ], [ -85.0072, 35.45033 ], [ -84.90702, 35.46565 ], [ -84.89945, 35.51286 ], [ -84.8237, 35.5781 ], [ -84.83685, 35.69888 ], [ -84.72856, 35.76124 ], [ -84.70402, 35.71124 ], [ -84.75165, 35.61969 ], [ -84.76699, 35.52529 ], [ -84.70651, 35.49606 ], [ -84.71804, 35.42525 ], [ -84.65381, 35.41959 ], [ -84.70131, 35.328 ], [ -84.72431, 35.18632 ], [ -84.66799, 35.13342 ], [ -84.54008, 35.12201 ], [ -84.4481, 35.08976 ], [ -84.44027, 35.13698 ], [ -84.37238, 35.15479 ], [ -84.36055, 35.22561 ], [ -84.31664, 35.29349 ], [ -84.15633, 35.47046 ], [ -84.01156, 35.55286 ], [ -83.96711, 35.62058 ], [ -83.90277, 35.61455 ], [ -83.7574, 35.69665 ], [ -83.74065, 35.79088 ], [ -83.61169, 35.77856 ], [ -83.51074, 35.79279 ], [ -83.50219, 35.83988 ], [ -83.37318, 35.82733 ], [ -83.32359, 35.91833 ], [ -83.13434, 35.87565 ], [ -83.12552, 35.92272 ], [ -82.96416, 35.90654 ], [ -82.81708, 35.98753 ], [ -82.77118, 36.05477 ], [ -82.70654, 36.04815 ], [ -82.69741, 36.09516 ] ] ], [ [ [ -79.15152, 35.58376 ], [ -79.09921, 35.52856 ], [ -79.04428, 35.61789 ], [ -79.06467, 35.66888 ], [ -79.12856, 35.67731 ], [ -79.23585, 35.64311 ], [ -79.24726, 35.59633 ], [ -79.15152, 35.58376 ] ] ], [ [ [ -77.42501, 37.08626 ], [ -77.41209, 37.13274 ], [ -77.47071, 37.1652 ], [ -77.60092, 37.18354 ], [ -77.73756, 37.1785 ], [ -77.75108, 37.25279 ], [ -77.84259, 37.2896 ], [ -77.85626, 37.36387 ], [ -77.98067, 37.40508 ], [ -78.11148, 37.42291 ], [ -78.12396, 37.37639 ], [ -78.22205, 37.38967 ], [ -78.21584, 37.41294 ], [ -78.24856, 37.41735 ], [ -78.26095, 37.37081 ], [ -78.29365, 37.37521 ], [ -78.306, 37.32867 ], [ -78.33868, 37.33306 ], [ -78.35099, 37.28651 ], [ -78.23276, 37.22236 ], [ -78.25748, 37.12925 ], [ -78.37975, 37.0493 ], [ -78.51387, 36.92262 ], [ -78.57282, 36.9546 ], [ -78.70292, 36.97187 ], [ -78.79785, 36.86389 ], [ -78.92782, 36.88094 ], [ -78.96623, 36.86186 ], [ -79.35648, 36.91212 ], [ -79.36802, 36.86544 ], [ -79.4656, 36.87781 ], [ -79.42537, 37.04119 ], [ -79.52322, 37.05352 ], [ -79.61696, 36.94498 ], [ -79.67078, 36.99981 ], [ -79.736, 37.00792 ], [ -79.75857, 36.91451 ], [ -79.69909, 36.88306 ], [ -79.74419, 36.69618 ], [ -79.8416, 36.70829 ], [ -79.85733, 36.78241 ], [ -79.95488, 36.79442 ], [ -79.94376, 36.84116 ], [ -80.0955, 36.90778 ], [ -80.16068, 36.91568 ], [ -80.2912, 36.78719 ], [ -80.30207, 36.74042 ], [ -80.26956, 36.73651 ], [ -80.26411, 36.75989 ], [ -80.19907, 36.75204 ], [ -80.18845, 36.65458 ], [ -80.28588, 36.66635 ], [ -80.29674, 36.61957 ], [ -80.42661, 36.63515 ], [ -80.57254, 36.58039 ], [ -80.69711, 36.61911 ], [ -80.70768, 36.57229 ], [ -80.80508, 36.58368 ], [ -80.88048, 36.5444 ], [ -80.96617, 36.45823 ], [ -80.98689, 36.36452 ], [ -81.08403, 36.37571 ], [ -81.0943, 36.32884 ], [ -81.0127, 36.24735 ], [ -80.99069, 36.19674 ], [ -81.11992, 36.21165 ], [ -81.19473, 36.17216 ], [ -81.21179, 36.24618 ], [ -81.16926, 36.28938 ], [ -81.2987, 36.3041 ], [ -81.30375, 36.28066 ], [ -81.33611, 36.28432 ], [ -81.3462, 36.23742 ], [ -81.41589, 36.22126 ], [ -81.42591, 36.17435 ], [ -81.45823, 36.17798 ], [ -81.4732, 36.1076 ], [ -81.48815, 36.03722 ], [ -81.61718, 36.05163 ], [ -81.69153, 36.01185 ], [ -81.74333, 35.9215 ], [ -81.81262, 35.90512 ], [ -81.87703, 35.91219 ], [ -81.8867, 35.86521 ], [ -81.91889, 35.86873 ], [ -81.97029, 35.77827 ], [ -82.0346, 35.78526 ], [ -82.16421, 35.63115 ], [ -82.18306, 35.5371 ], [ -82.11895, 35.53018 ], [ -82.12368, 35.50667 ], [ -82.15572, 35.51013 ], [ -82.17454, 35.41606 ], [ -82.20654, 35.41951 ], [ -82.22528, 35.32541 ], [ -82.15666, 35.34203 ], [ -82.17544, 35.24793 ], [ -82.11161, 35.241 ], [ -82.09384, 35.16694 ], [ -82.03954, 35.11291 ], [ -82.0537, 35.04231 ], [ -81.99006, 35.03531 ], [ -81.97248, 34.9612 ], [ -81.90892, 34.95417 ], [ -81.99875, 34.50674 ], [ -82.04906, 34.41597 ], [ -81.95445, 34.40546 ], [ -81.80458, 34.50912 ], [ -81.67833, 34.49484 ], [ -81.66872, 34.54194 ], [ -81.574, 34.53114 ], [ -81.50114, 34.57099 ], [ -81.48652, 34.64161 ], [ -81.40313, 35.04151 ], [ -81.46671, 35.04879 ], [ -81.45195, 35.11933 ], [ -81.51561, 35.12658 ], [ -81.50089, 35.19711 ], [ -81.55973, 35.22785 ], [ -81.54504, 35.29837 ], [ -81.5991, 35.35258 ], [ -81.5697, 35.49357 ], [ -81.62393, 35.54776 ], [ -81.60923, 35.61823 ], [ -81.49823, 35.67787 ], [ -81.30578, 35.656 ], [ -81.20456, 35.66843 ], [ -81.15057, 35.61409 ], [ -81.07124, 35.67706 ], [ -80.91612, 35.63487 ], [ -80.69197, 35.60832 ], [ -80.59071, 35.62028 ], [ -80.51615, 35.65946 ], [ -80.50559, 35.70635 ], [ -80.37751, 35.83532 ], [ -80.32399, 35.92513 ], [ -80.24896, 35.96413 ], [ -80.12039, 35.94836 ], [ -80.06703, 35.8936 ], [ -79.95976, 35.92846 ], [ -79.76713, 35.90433 ], [ -79.6332, 35.91147 ], [ -79.622, 35.95826 ], [ -79.54653, 35.99686 ], [ -79.52397, 36.0904 ], [ -79.36319, 36.06977 ], [ -79.29318, 36.08484 ], [ -79.17369, 36.16578 ], [ -79.07717, 36.15317 ], [ -79.00701, 36.16808 ], [ -78.95145, 36.25725 ], [ -78.82265, 36.24021 ], [ -78.85209, 36.12347 ], [ -78.76159, 36.08728 ], [ -78.63315, 36.07004 ], [ -78.53088, 36.08037 ], [ -78.54882, 36.01035 ], [ -78.45263, 35.99727 ], [ -78.46462, 35.95059 ], [ -78.36251, 35.96079 ], [ -78.33836, 36.05413 ], [ -78.2178, 36.13419 ], [ -78.12151, 36.12088 ], [ -78.06484, 36.20968 ], [ -77.95609, 36.24286 ], [ -77.89911, 36.33157 ], [ -77.82227, 36.36913 ], [ -77.82948, 36.46681 ], [ -77.79815, 36.58323 ], [ -77.7013, 36.56962 ], [ -77.65638, 36.61162 ], [ -77.63103, 36.7047 ], [ -77.56637, 36.69555 ], [ -77.54087, 36.7886 ], [ -77.46332, 36.82592 ], [ -77.41187, 37.01192 ], [ -77.42501, 37.08626 ] ], [ [ -79.62871, 36.34464 ], [ -79.54318, 36.28563 ], [ -79.63021, 36.20029 ], [ -79.64145, 36.15353 ], [ -79.71145, 36.13827 ], [ -79.79809, 36.0528 ], [ -79.80918, 36.00601 ], [ -79.92215, 35.94787 ], [ -80.01853, 35.95986 ], [ -80.00211, 36.03008 ], [ -80.05552, 36.08485 ], [ -80.03363, 36.17846 ], [ -79.9849, 36.24467 ], [ -79.83922, 36.29881 ], [ -79.77905, 36.41169 ], [ -79.73552, 36.45439 ], [ -79.60615, 36.43813 ], [ -79.62871, 36.34464 ] ] ], [ [ [ -78.91005, 36.95089 ], [ -78.89819, 36.99752 ], [ -79.02255, 37.03779 ], [ -79.00768, 36.96361 ], [ -78.91005, 36.95089 ] ] ] ] } },
{ "type": "Feature", "properties": { "ID": 50 }, "geometry": { "type": "MultiPolygon", "coordinates": [ [ [ [ -94.63944, 35.57806 ], [ -94.57462, 35.57736 ], [ -94.57364, 35.62489 ], [ -94.63851, 35.62558 ], [ -94.63944, 35.57806 ] ] ], [ [ [ -94.28291, 35.57382 ], [ -94.28174, 35.62134 ], [ -94.34547, 35.6697 ], [ -94.37793, 35.67011 ], [ -94.38014, 35.57507 ], [ -94.28291, 35.57382 ] ] ], [ [ [ -93.69418, 36.70442 ], [ -93.76006, 36.70556 ], [ -93.79531, 36.635 ], [ -93.86261, 36.58866 ], [ -93.99416, 36.59074 ], [ -94.025, 36.66236 ], [ -94.08952, 36.71075 ], [ -94.15541, 36.71169 ], [ -94.15349, 36.7828 ], [ -94.21822, 36.83112 ], [ -94.28423, 36.83199 ], [ -94.28184, 36.92679 ], [ -94.34737, 36.95133 ], [ -94.44657, 36.95253 ], [ -94.44765, 36.90514 ], [ -94.54679, 36.90626 ], [ -94.61191, 36.95437 ], [ -94.60997, 37.04916 ], [ -94.87491, 37.05167 ], [ -94.87569, 37.00428 ], [ -95.17356, 37.00647 ], [ -95.17413, 36.95908 ], [ -95.37258, 36.96017 ], [ -95.37214, 37.00757 ], [ -95.47125, 37.0317 ], [ -95.70302, 37.03242 ], [ -95.70313, 37.00872 ], [ -95.96792, 37.00905 ], [ -95.96789, 37.08014 ], [ -96.06729, 37.08013 ], [ -96.03412, 37.00905 ], [ -96.33201, 37.00864 ], [ -96.36524, 37.03225 ], [ -96.36575, 37.12703 ], [ -96.49838, 37.1266 ], [ -96.49768, 37.03182 ], [ -96.43131, 37.00835 ], [ -96.43026, 36.84244 ], [ -96.46295, 36.79492 ], [ -96.52894, 36.79467 ], [ -96.59452, 36.74697 ], [ -96.59411, 36.69955 ], [ -96.7918, 36.69851 ], [ -96.79152, 36.6748 ], [ -97.055, 36.67295 ], [ -97.12009, 36.62498 ], [ -97.11815, 36.5064 ], [ -97.08379, 36.41179 ], [ -97.01642, 36.29369 ], [ -96.91689, 36.19949 ], [ -96.91594, 36.12828 ], [ -96.78389, 36.01043 ], [ -96.71767, 35.91583 ], [ -96.71718, 35.86833 ], [ -96.61931, 35.84508 ], [ -96.55346, 35.75036 ], [ -96.55308, 35.70285 ], [ -96.45566, 35.70323 ], [ -96.45535, 35.65571 ], [ -96.39031, 35.63216 ], [ -96.39004, 35.58463 ], [ -96.29278, 35.58489 ], [ -96.26001, 35.48989 ], [ -96.16288, 35.49005 ], [ -96.09809, 35.46634 ], [ -96.09803, 35.4188 ], [ -96.001, 35.41884 ], [ -96.001, 35.37129 ], [ -95.90403, 35.37125 ], [ -95.9041, 35.3237 ], [ -95.83956, 35.29986 ], [ -95.74269, 35.2997 ], [ -95.74287, 35.25214 ], [ -95.61381, 35.25182 ], [ -95.61407, 35.20425 ], [ -95.4851, 35.2038 ], [ -95.48545, 35.15623 ], [ -95.32435, 35.15548 ], [ -95.32296, 35.29818 ], [ -95.25814, 35.3216 ], [ -95.25662, 35.46424 ], [ -95.2885, 35.51196 ], [ -94.93227, 35.50951 ], [ -94.93191, 35.53327 ], [ -94.70516, 35.5312 ], [ -94.70338, 35.62625 ], [ -94.83313, 35.62749 ], [ -94.83393, 35.57996 ], [ -94.93118, 35.5808 ], [ -94.92971, 35.67585 ], [ -94.86479, 35.67529 ], [ -94.83113, 35.74628 ], [ -94.76615, 35.74567 ], [ -94.76403, 35.86443 ], [ -94.63384, 35.86313 ], [ -94.53519, 35.90956 ], [ -94.53418, 35.95705 ], [ -94.46689, 36.05126 ], [ -94.40163, 36.05048 ], [ -94.37123, 35.95511 ], [ -94.30489, 36.00176 ], [ -94.17445, 36.0 ], [ -94.1732, 36.04747 ], [ -93.91216, 36.04355 ], [ -93.91072, 36.09102 ], [ -93.81126, 36.13688 ], [ -93.61525, 36.13345 ], [ -93.58175, 36.15657 ], [ -93.57673, 36.29893 ], [ -93.41301, 36.29579 ], [ -93.41032, 36.36695 ], [ -93.47413, 36.41567 ], [ -93.53974, 36.41691 ], [ -93.5759, 36.32265 ], [ -93.64141, 36.32385 ], [ -93.67256, 36.37187 ], [ -93.66934, 36.46674 ], [ -93.79989, 36.49273 ], [ -93.79684, 36.58758 ], [ -93.7624, 36.63444 ], [ -93.69658, 36.6333 ], [ -93.69418, 36.70442 ] ], [ [ -94.92345, 36.07957 ], [ -95.05405, 36.08059 ], [ -95.08544, 36.17577 ], [ -94.987, 36.19878 ], [ -94.9863, 36.24624 ], [ -94.88811, 36.24544 ], [ -94.89003, 36.12678 ], [ -94.92345, 36.07957 ] ], [ [ -93.70931, 36.25384 ], [ -93.74047, 36.30186 ], [ -93.60948, 36.29953 ], [ -93.61278, 36.20463 ], [ -93.71089, 36.20639 ], [ -93.70931, 36.25384 ] ] ], [ [ [ -93.15108, 36.29035 ], [ -93.15305, 36.24291 ], [ -93.12033, 36.24219 ], [ -93.11835, 36.28963 ], [ -93.15108, 36.29035 ] ] ] ] } },
{ "type": "Feature", "properties": { "ID": 51 }, "geometry": { "type": "MultiPolygon", "coordinates": [ [ [ [ -81.91889, 35.86873 ], [ -81.94147, 35.91922 ], [ -82.03814, 35.92971 ], [ -82.13959, 35.91664 ], [ -82.1576, 35.99057 ], [ -82.21268, 36.04445 ], [ -82.30957, 36.05474 ], [ -82.41115, 36.04146 ], [ -82.42977, 35.94745 ], [ -82.4713, 35.90382 ], [ -82.60028, 35.91727 ], [ -82.5865, 35.9878 ], [ -82.71566, 36.00113 ], [ -82.70654, 36.04815 ], [ -82.77118, 36.05477 ], [ -82.81708, 35.98753 ], [ -82.96416, 35.90654 ], [ -83.12552, 35.92272 ], [ -83.13434, 35.87565 ], [ -83.32359, 35.91833 ], [ -83.37318, 35.82733 ], [ -83.50219, 35.83988 ], [ -83.51074, 35.79279 ], [ -83.61169, 35.77856 ], [ -83.74065, 35.79088 ], [ -83.7574, 35.69665 ], [ -83.90277, 35.61455 ], [ -83.96711, 35.62058 ], [ -84.01156, 35.55286 ], [ -84.15633, 35.47046 ], [ -84.31664, 35.29349 ], [ -84.36055, 35.22561 ], [ -84.37238, 35.15479 ], [ -84.44027, 35.13698 ], [ -84.46373, 34.99529 ], [ -84.52755, 35.00105 ], [ -84.53531, 34.95381 ], [ -84.50342, 34.95093 ], [ -84.51507, 34.88006 ], [ -84.48321, 34.87717 ], [ -84.49098, 34.82992 ], [ -84.42731, 34.82414 ], [ -84.4195, 34.87139 ], [ -84.32396, 34.86265 ], [ -84.36758, 34.7947 ], [ -84.38326, 34.70018 ], [ -84.32365, 34.67071 ], [ -84.29977, 34.62051 ], [ -84.23235, 34.63826 ], [ -84.1649, 34.65598 ], [ -84.16888, 34.63235 ], [ -84.01025, 34.61743 ], [ -84.00217, 34.66468 ], [ -83.90696, 34.65563 ], [ -83.89882, 34.70286 ], [ -83.76771, 34.71429 ], [ -83.75946, 34.76151 ], [ -83.66415, 34.75228 ], [ -83.59226, 34.79329 ], [ -83.58389, 34.84049 ], [ -83.4567, 34.828 ], [ -83.44824, 34.87519 ], [ -83.32101, 34.86255 ], [ -83.25312, 34.87978 ], [ -83.20404, 34.97091 ], [ -83.07669, 34.95804 ], [ -83.00425, 34.9987 ], [ -82.95476, 35.08972 ], [ -82.82724, 35.0766 ], [ -82.70426, 35.0398 ], [ -82.65436, 35.13069 ], [ -82.5587, 35.12064 ], [ -82.54959, 35.16774 ], [ -82.4174, 35.17777 ], [ -82.3855, 35.17437 ], [ -82.37165, 35.24498 ], [ -82.46745, 35.25517 ], [ -82.50845, 35.37961 ], [ -82.31652, 35.35923 ], [ -82.2892, 35.33228 ], [ -82.27988, 35.37934 ], [ -82.20654, 35.41951 ], [ -82.16043, 35.48662 ], [ -82.151, 35.53365 ], [ -82.18306, 35.5371 ], [ -82.16421, 35.63115 ], [ -82.0346, 35.78526 ], [ -81.97029, 35.77827 ], [ -81.91889, 35.86873 ] ], [ [ -82.95131, 35.28147 ], [ -83.01526, 35.28798 ], [ -83.02963, 35.38544 ], [ -82.86954, 35.36913 ], [ -82.88292, 35.29848 ], [ -82.94688, 35.30502 ], [ -82.95131, 35.28147 ] ], [ [ -82.31072, 35.71887 ], [ -82.37967, 35.70218 ], [ -82.36105, 35.79622 ], [ -82.38392, 35.84664 ], [ -82.31015, 35.88683 ], [ -82.24571, 35.87998 ], [ -82.26451, 35.78597 ], [ -82.31072, 35.71887 ] ] ], [ [ [ -81.91889, 35.86873 ], [ -81.8867, 35.86521 ], [ -81.87703, 35.91219 ], [ -81.90925, 35.91571 ], [ -81.91889, 35.86873 ] ] ], [ [ [ -81.4732, 36.1076 ], [ -81.46322, 36.15452 ], [ -81.52784, 36.16176 ], [ -81.57997, 36.07151 ], [ -81.74137, 36.08939 ], [ -81.82541, 36.00259 ], [ -81.84482, 35.90866 ], [ -81.81262, 35.90512 ], [ -81.74333, 35.9215 ], [ -81.69153, 36.01185 ], [ -81.61718, 36.05163 ], [ -81.48815, 36.03722 ], [ -81.4732, 36.1076 ] ] ], [ [ [ -81.45823, 36.17798 ], [ -81.42591, 36.17435 ], [ -81.42091, 36.19781 ], [ -81.45323, 36.20144 ], [ -81.45823, 36.17798 ] ] ], [ [ [ -81.33611, 36.28432 ], [ -81.30375, 36.28066 ], [ -81.2987, 36.3041 ], [ -81.16926, 36.28938 ], [ -81.21179, 36.24618 ], [ -81.19473, 36.17216 ], [ -81.11992, 36.21165 ], [ -80.99069, 36.19674 ], [ -81.0127, 36.24735 ], [ -81.0943, 36.32884 ], [ -81.07375, 36.42257 ], [ -81.11643, 36.37942 ], [ -81.18122, 36.38683 ], [ -81.22889, 36.3202 ], [ -81.32601, 36.33121 ], [ -81.33611, 36.28432 ] ] ] ] } },
{ "type": "Feature", "properties": { "ID": 52 }, "geometry": { "type": "MultiPolygon", "coordinates": [ [ [ [ -89.69266, 34.66805 ], [ -89.78216, 34.74404 ], [ -89.87806, 34.74869 ], [ -89.87392, 34.79621 ], [ -90.03187, 34.82755 ], [ -90.02783, 34.87506 ], [ -90.15398, 34.90475 ], [ -90.25012, 34.90911 ], [ -90.24622, 34.95662 ], [ -90.34244, 34.96092 ], [ -90.50097, 34.99167 ], [ -90.49724, 35.03918 ], [ -90.65782, 35.04598 ], [ -90.68814, 35.07107 ], [ -90.91309, 35.0802 ], [ -90.90964, 35.12771 ], [ -91.1348, 35.13645 ], [ -91.13645, 35.11269 ], [ -91.81202, 35.13653 ], [ -91.84703, 35.09005 ], [ -92.00784, 35.09515 ], [ -92.07484, 35.0496 ], [ -92.20342, 35.05347 ], [ -92.23812, 35.00687 ], [ -92.36664, 35.01058 ], [ -92.37156, 34.91547 ], [ -92.40608, 34.8688 ], [ -92.47022, 34.87059 ], [ -92.4738, 34.79923 ], [ -92.51056, 34.70494 ], [ -92.44897, 34.65558 ], [ -92.38625, 34.62998 ], [ -92.39112, 34.53478 ], [ -92.32729, 34.53295 ], [ -92.33346, 34.41392 ], [ -92.3016, 34.413 ], [ -92.30781, 34.29393 ], [ -92.2442, 34.29206 ], [ -92.21621, 34.21966 ], [ -92.15267, 34.21774 ], [ -92.15782, 34.12245 ], [ -92.12869, 34.07383 ], [ -92.00054, 34.0937 ], [ -92.00321, 34.04605 ], [ -91.87646, 34.04196 ], [ -91.87093, 34.13726 ], [ -91.74402, 34.13304 ], [ -91.74687, 34.0854 ], [ -91.62006, 34.08106 ], [ -91.62299, 34.03341 ], [ -91.52796, 34.03007 ], [ -91.4028, 34.00169 ], [ -91.37577, 33.92905 ], [ -91.24926, 33.92434 ], [ -91.19244, 33.82662 ], [ -91.21477, 33.49284 ], [ -91.15191, 33.49042 ], [ -91.15994, 33.37115 ], [ -91.09718, 33.36869 ], [ -91.08904, 33.48796 ], [ -91.12047, 33.48919 ], [ -91.11074, 33.63227 ], [ -91.01626, 33.62854 ], [ -91.01294, 33.67622 ], [ -90.8239, 33.66855 ], [ -90.79585, 33.61957 ], [ -90.86735, 33.50296 ], [ -90.87416, 33.40756 ], [ -90.80966, 33.42881 ], [ -90.65267, 33.42218 ], [ -90.64913, 33.46987 ], [ -90.49207, 33.46304 ], [ -90.48841, 33.51072 ], [ -90.4237, 33.53177 ], [ -90.41629, 33.62711 ], [ -90.44407, 33.67617 ], [ -90.50708, 33.67895 ], [ -90.49793, 33.79809 ], [ -90.42925, 33.86676 ], [ -90.4218, 33.96202 ], [ -90.34912, 34.07824 ], [ -90.33585, 34.24484 ], [ -90.25888, 34.4085 ], [ -90.16342, 34.40414 ], [ -90.03214, 34.44577 ], [ -89.99223, 34.53936 ], [ -89.92439, 34.58387 ], [ -89.79682, 34.57771 ], [ -89.79264, 34.62524 ], [ -89.69691, 34.62053 ], [ -89.69266, 34.66805 ] ] ], [ [ [ -76.33792, 37.67747 ], [ -76.25177, 37.73718 ], [ -76.19626, 37.9224 ], [ -76.37948, 37.99801 ], [ -76.51786, 37.99423 ], [ -76.43988, 37.91024 ], [ -76.46048, 37.84075 ], [ -76.59977, 37.71621 ], [ -76.61336, 37.66986 ], [ -76.64047, 37.57713 ], [ -76.56832, 37.5907 ], [ -76.60223, 37.47479 ], [ -76.65513, 37.41003 ], [ -76.62929, 37.38204 ], [ -76.65626, 37.28927 ], [ -76.70225, 37.24767 ], [ -76.79986, 37.262 ], [ -76.84575, 37.22034 ], [ -76.73577, 37.13165 ], [ -76.76917, 37.01561 ], [ -76.70433, 37.00604 ], [ -76.72438, 36.93641 ], [ -76.64736, 36.85238 ], [ -76.63512, 36.77793 ], [ -76.58394, 36.72187 ], [ -76.51941, 36.71221 ], [ -76.49922, 36.78184 ], [ -76.62055, 36.94522 ], [ -76.68531, 36.95483 ], [ -76.6518, 37.07087 ], [ -76.68424, 37.07567 ], [ -76.65066, 37.19168 ], [ -76.66972, 37.24287 ], [ -76.57766, 37.32603 ], [ -76.50576, 37.33956 ], [ -76.41335, 37.4226 ], [ -76.39284, 37.49212 ], [ -76.36542, 37.58481 ], [ -76.39123, 37.61284 ], [ -76.33792, 37.67747 ] ] ], [ [ [ -76.49041, 38.08687 ], [ -76.35875, 38.06746 ], [ -76.31716, 38.20635 ], [ -76.37619, 38.23923 ], [ -76.42301, 38.19779 ], [ -76.52195, 38.2123 ], [ -76.54941, 38.11968 ], [ -76.49041, 38.08687 ] ] ], [ [ [ -75.79025, 38.1273 ], [ -75.80448, 38.08107 ], [ -75.73162, 38.09416 ], [ -75.63302, 38.07907 ], [ -75.61867, 38.12529 ], [ -75.68444, 38.13537 ], [ -75.6916, 38.11225 ], [ -75.79025, 38.1273 ] ] ] ] } },
{ "type": "Feature", "properties": { "ID": 53 }, "geometry": { "type": "MultiPolygon", "coordinates": [ [ [ [ -93.97236, 32.8748 ], [ -93.90996, 32.87376 ], [ -93.90375, 33.08893 ], [ -93.87035, 33.1601 ], [ -93.80626, 33.20679 ], [ -93.80336, 33.30236 ], [ -93.73984, 33.32512 ], [ -93.61427, 33.32278 ], [ -93.48788, 33.34419 ], [ -93.48539, 33.41583 ], [ -93.4191, 33.51005 ], [ -93.3238, 33.53193 ], [ -93.31757, 33.69899 ], [ -93.41223, 33.70098 ], [ -93.54009, 33.6558 ], [ -93.59917, 33.77632 ], [ -93.59596, 33.87174 ], [ -93.75413, 33.87466 ], [ -93.78428, 33.92293 ], [ -93.81739, 33.87578 ], [ -93.8203, 33.78036 ], [ -93.88349, 33.78144 ], [ -93.88701, 33.66213 ], [ -93.91855, 33.66266 ], [ -93.92201, 33.54331 ], [ -93.9535, 33.54383 ], [ -93.97236, 32.8748 ] ] ], [ [ [ -89.45494, 34.46503 ], [ -89.51643, 34.49207 ], [ -89.51206, 34.5396 ], [ -89.5693, 34.61413 ], [ -89.66501, 34.61894 ], [ -89.69266, 34.66805 ], [ -89.69691, 34.62053 ], [ -89.79264, 34.62524 ], [ -89.79682, 34.57771 ], [ -89.92439, 34.58387 ], [ -89.99223, 34.53936 ], [ -90.03214, 34.44577 ], [ -90.16342, 34.40414 ], [ -90.25888, 34.4085 ], [ -90.33585, 34.24484 ], [ -90.34912, 34.07824 ], [ -90.4218, 33.96202 ], [ -90.42925, 33.86676 ], [ -90.49793, 33.79809 ], [ -90.50708, 33.67895 ], [ -90.44407, 33.67617 ], [ -90.41629, 33.62711 ], [ -90.4237, 33.53177 ], [ -90.48841, 33.51072 ], [ -90.49207, 33.46304 ], [ -90.64913, 33.46987 ], [ -90.65267, 33.42218 ], [ -90.80966, 33.42881 ], [ -90.87416, 33.40756 ], [ -90.86735, 33.50296 ], [ -90.79585, 33.61957 ], [ -90.8239, 33.66855 ], [ -91.01294, 33.67622 ], [ -91.01626, 33.62854 ], [ -91.11074, 33.63227 ], [ -91.12047, 33.48919 ], [ -91.08904, 33.48796 ], [ -91.09718, 33.36869 ], [ -91.15994, 33.37115 ], [ -91.15191, 33.49042 ], [ -91.21477, 33.49284 ], [ -91.19244, 33.82662 ], [ -91.24926, 33.92434 ], [ -91.37577, 33.92905 ], [ -91.4028, 34.00169 ], [ -91.52796, 34.03007 ], [ -91.62299, 34.03341 ], [ -91.62006, 34.08106 ], [ -91.74687, 34.0854 ], [ -91.74402, 34.13304 ], [ -91.87093, 34.13726 ], [ -91.87646, 34.04196 ], [ -92.00321, 34.04605 ], [ -92.00054, 34.0937 ], [ -92.12869, 34.07383 ], [ -92.15782, 34.12245 ], [ -92.15267, 34.21774 ], [ -92.21621, 34.21966 ], [ -92.2442, 34.29206 ], [ -92.30781, 34.29393 ], [ -92.3016, 34.413 ], [ -92.33346, 34.41392 ], [ -92.32729, 34.53295 ], [ -92.39112, 34.53478 ], [ -92.38625, 34.62998 ], [ -92.44897, 34.65558 ], [ -92.57801, 34.63529 ], [ -92.58262, 34.54008 ], [ -92.5507, 34.53921 ], [ -92.5565, 34.42017 ], [ -92.59295, 34.32578 ], [ -92.5293, 34.32405 ], [ -92.5386, 34.13347 ], [ -92.50921, 34.08494 ], [ -92.44578, 34.08317 ], [ -92.44934, 34.01167 ], [ -92.32754, 33.91269 ], [ -92.30207, 33.79256 ], [ -92.17957, 33.71723 ], [ -92.05339, 33.71332 ], [ -91.99297, 33.66362 ], [ -91.99563, 33.61592 ], [ -91.90113, 33.61286 ], [ -91.78216, 33.48939 ], [ -91.75495, 33.41675 ], [ -91.75916, 33.34515 ], [ -91.69641, 33.343 ], [ -91.6679, 33.29418 ], [ -91.67363, 33.19869 ], [ -91.611, 33.19649 ], [ -91.55279, 33.12263 ], [ -91.55719, 33.05099 ], [ -91.4947, 33.04874 ], [ -91.49321, 33.07262 ], [ -91.42768, 33.11809 ], [ -91.36513, 33.11577 ], [ -91.34155, 32.99519 ], [ -91.24789, 32.99163 ], [ -91.26039, 32.80052 ], [ -91.19812, 32.79811 ], [ -91.206, 32.67862 ], [ -91.18124, 32.58178 ], [ -91.05708, 32.57685 ], [ -91.04735, 32.72027 ], [ -91.01625, 32.71902 ], [ -91.00312, 32.91015 ], [ -90.90959, 32.90633 ], [ -90.75545, 32.87593 ], [ -90.752, 32.9237 ], [ -90.65847, 32.91969 ], [ -90.61843, 33.03772 ], [ -90.49353, 33.03223 ], [ -90.455, 33.1263 ], [ -90.39063, 33.14736 ], [ -90.38506, 33.21893 ], [ -90.32247, 33.21609 ], [ -90.2855, 33.28621 ], [ -90.21902, 33.33102 ], [ -90.12499, 33.32661 ], [ -90.13082, 33.25507 ], [ -90.09951, 33.25359 ], [ -90.09561, 33.30128 ], [ -90.03295, 33.29829 ], [ -90.029, 33.34598 ], [ -89.9643, 33.3668 ], [ -89.9249, 33.46063 ], [ -89.91481, 33.57978 ], [ -89.88336, 33.57825 ], [ -89.85888, 33.86406 ], [ -89.81907, 33.95774 ], [ -89.84039, 34.07829 ], [ -89.80043, 34.17191 ], [ -89.73492, 34.19257 ], [ -89.82179, 34.2924 ], [ -89.69476, 34.28613 ], [ -89.65449, 34.37966 ], [ -89.58659, 34.424 ], [ -89.49115, 34.41913 ], [ -89.45494, 34.46503 ] ] ], [ [ [ -92.4738, 34.79923 ], [ -92.47261, 34.82302 ], [ -92.5367, 34.82477 ], [ -92.54255, 34.70581 ], [ -92.51056, 34.70494 ], [ -92.4738, 34.79923 ] ] ], [ [ [ -80.72162, 35.1783 ], [ -80.70609, 35.24873 ], [ -80.79649, 35.28363 ], [ -80.78617, 35.33057 ], [ -80.91375, 35.34571 ], [ -80.98265, 35.32975 ], [ -80.99284, 35.28279 ], [ -81.12037, 35.29772 ], [ -81.16233, 35.25445 ], [ -81.18242, 35.16048 ], [ -81.15562, 35.13327 ], [ -81.18069, 35.01577 ], [ -81.16897, 34.91804 ], [ -81.07886, 34.88337 ], [ -81.08891, 34.83636 ], [ -80.99389, 34.82513 ], [ -80.94193, 34.91539 ], [ -80.86832, 34.95484 ], [ -80.70017, 35.12752 ], [ -80.66838, 35.1237 ], [ -80.658, 35.17065 ], [ -80.72162, 35.1783 ] ] ], [ [ [ -78.77407, 35.77506 ], [ -78.68407, 35.73878 ], [ -78.66043, 35.83222 ], [ -78.75643, 35.84515 ], [ -78.77407, 35.77506 ] ] ] ] } },
{ "type": "Feature", "properties": { "ID": 54 }, "geometry": { "type": "MultiPolygon", "coordinates": [ [ [ [ -91.18021, 32.12601 ], [ -91.20794, 32.1751 ], [ -91.33295, 32.15594 ], [ -91.34357, 31.98833 ], [ -91.40665, 31.96671 ], [ -91.38187, 31.86972 ], [ -91.32038, 31.86737 ], [ -91.28352, 31.962 ], [ -91.21885, 32.0075 ], [ -91.15725, 32.00507 ], [ -91.15094, 32.10085 ], [ -91.18021, 32.12601 ] ] ], [ [ [ -90.98697, 32.23822 ], [ -91.01624, 32.26342 ], [ -91.0081, 32.38304 ], [ -91.07323, 32.3377 ], [ -91.16604, 32.3414 ], [ -91.11055, 32.24323 ], [ -90.98697, 32.23822 ] ] ], [ [ [ -91.08203, 31.28096 ], [ -91.08678, 31.20896 ], [ -90.78215, 31.19613 ], [ -90.77879, 31.24412 ], [ -90.62642, 31.23741 ], [ -90.59247, 31.28403 ], [ -90.501, 31.27989 ], [ -90.46696, 31.32646 ], [ -90.34494, 31.3208 ], [ -90.3413, 31.36876 ], [ -90.21923, 31.36297 ], [ -90.2155, 31.41092 ], [ -90.1239, 31.40649 ], [ -90.12011, 31.45444 ], [ -89.99791, 31.44842 ], [ -89.99404, 31.49636 ], [ -89.79866, 31.63085 ], [ -89.70681, 31.6261 ], [ -89.66801, 31.7203 ], [ -89.57606, 31.71546 ], [ -89.46933, 31.87811 ], [ -89.40791, 31.87479 ], [ -89.36859, 31.96882 ], [ -89.3071, 31.96545 ], [ -89.30057, 32.03721 ], [ -89.23462, 32.08164 ], [ -89.0581, 32.31201 ], [ -89.0513, 32.38368 ], [ -88.98947, 32.38016 ], [ -88.91608, 32.49602 ], [ -88.90447, 32.61539 ], [ -88.87347, 32.6136 ], [ -88.85943, 32.75679 ], [ -88.81893, 32.85041 ], [ -88.84298, 32.92377 ], [ -88.8071, 32.96966 ], [ -88.77618, 33.27952 ], [ -88.80747, 33.28134 ], [ -88.79078, 33.44808 ], [ -88.84877, 33.49933 ], [ -88.83689, 33.61838 ], [ -88.85884, 33.71539 ], [ -88.91945, 33.74277 ], [ -88.91001, 33.83795 ], [ -88.97309, 33.8415 ], [ -88.99763, 33.91465 ], [ -88.98827, 34.0098 ], [ -89.05383, 33.98952 ], [ -89.04454, 34.08466 ], [ -89.07155, 34.13397 ], [ -89.16429, 34.16294 ], [ -89.15512, 34.25805 ], [ -89.21859, 34.26147 ], [ -89.24352, 34.33449 ], [ -89.36392, 34.41253 ], [ -89.35946, 34.46006 ], [ -89.45494, 34.46503 ], [ -89.49115, 34.41913 ], [ -89.58659, 34.424 ], [ -89.65449, 34.37966 ], [ -89.69476, 34.28613 ], [ -89.82179, 34.2924 ], [ -89.73492, 34.19257 ], [ -89.80043, 34.17191 ], [ -89.84039, 34.07829 ], [ -89.81907, 33.95774 ], [ -89.85888, 33.86406 ], [ -89.88336, 33.57825 ], [ -89.91481, 33.57978 ], [ -89.9249, 33.46063 ], [ -89.9643, 33.3668 ], [ -90.029, 33.34598 ], [ -90.03295, 33.29829 ], [ -90.09561, 33.30128 ], [ -90.09951, 33.25359 ], [ -90.13082, 33.25507 ], [ -90.1347, 33.20736 ], [ -90.20112, 33.16259 ], [ -90.17562, 33.08955 ], [ -90.18138, 33.01795 ], [ -90.2183, 32.94781 ], [ -90.22401, 32.87619 ], [ -90.2957, 32.75968 ], [ -90.30318, 32.66413 ], [ -90.369, 32.6192 ], [ -90.37821, 32.49971 ], [ -90.41286, 32.45331 ], [ -90.50579, 32.45751 ], [ -90.54391, 32.36325 ], [ -90.69861, 32.37004 ], [ -90.70207, 32.3222 ], [ -90.82577, 32.32749 ], [ -90.86173, 32.25702 ], [ -90.92353, 32.2596 ], [ -90.93015, 32.16388 ], [ -90.96593, 32.09335 ], [ -91.03083, 32.048 ], [ -91.07127, 31.90556 ], [ -91.13278, 31.90804 ], [ -91.14067, 31.78825 ], [ -91.17451, 31.74155 ], [ -91.18231, 31.6217 ], [ -91.12419, 31.57129 ], [ -91.1399, 31.33143 ], [ -91.08203, 31.28096 ] ] ], [ [ [ -92.58032, 34.58768 ], [ -92.64307, 34.61319 ], [ -92.73893, 34.61568 ], [ -92.73673, 34.66328 ], [ -92.96059, 34.66882 ], [ -92.96264, 34.62122 ], [ -93.09049, 34.62421 ], [ -93.08852, 34.67181 ], [ -93.15442, 34.62565 ], [ -93.16112, 34.45899 ], [ -93.1949, 34.41206 ], [ -93.38612, 34.41615 ], [ -93.41973, 34.36916 ], [ -93.42233, 34.29769 ], [ -93.54961, 34.30022 ], [ -93.61646, 34.20612 ], [ -93.65217, 34.08754 ], [ -93.71563, 34.0887 ], [ -93.74887, 34.04159 ], [ -93.75187, 33.94621 ], [ -93.78428, 33.92293 ], [ -93.75413, 33.87466 ], [ -93.59596, 33.87174 ], [ -93.59917, 33.77632 ], [ -93.54009, 33.6558 ], [ -93.41223, 33.70098 ], [ -93.31757, 33.69899 ], [ -93.3238, 33.53193 ], [ -93.4191, 33.51005 ], [ -93.48539, 33.41583 ], [ -93.48788, 33.34419 ], [ -93.61427, 33.32278 ], [ -93.73984, 33.32512 ], [ -93.80336, 33.30236 ], [ -93.80626, 33.20679 ], [ -93.87035, 33.1601 ], [ -93.90375, 33.08893 ], [ -93.90996, 32.87376 ], [ -93.97236, 32.8748 ], [ -93.91134, 32.82593 ], [ -93.91477, 32.70632 ], [ -93.88364, 32.70579 ], [ -93.88711, 32.58614 ], [ -93.70067, 32.5828 ], [ -93.66959, 32.58221 ], [ -93.63464, 32.70126 ], [ -93.51016, 32.69881 ], [ -93.51587, 32.53131 ], [ -93.48729, 32.45886 ], [ -93.67341, 32.46253 ], [ -93.70593, 32.41523 ], [ -93.70968, 32.29549 ], [ -93.68175, 32.19909 ], [ -93.61993, 32.1979 ], [ -93.59138, 32.12541 ], [ -93.52962, 32.12418 ], [ -93.53204, 32.05229 ], [ -93.41202, 31.95385 ], [ -93.38377, 31.88126 ], [ -93.32222, 31.87992 ], [ -93.20276, 31.78123 ], [ -93.17478, 31.70856 ], [ -93.08268, 31.70638 ], [ -93.05484, 31.63367 ], [ -92.96284, 31.63139 ], [ -92.90351, 31.58185 ], [ -92.90551, 31.53386 ], [ -92.75344, 31.50584 ], [ -92.75553, 31.45784 ], [ -92.66376, 31.45534 ], [ -92.66591, 31.40733 ], [ -92.5742, 31.40477 ], [ -92.57199, 31.45277 ], [ -92.63316, 31.45449 ], [ -92.65944, 31.55134 ], [ -92.65187, 31.71926 ], [ -92.58494, 31.83745 ], [ -92.46195, 31.83393 ], [ -92.45965, 31.88187 ], [ -92.36736, 31.87915 ], [ -92.35908, 32.0469 ], [ -92.32586, 32.09389 ], [ -92.31747, 32.26153 ], [ -92.34839, 32.26245 ], [ -92.34242, 32.38215 ], [ -92.28047, 32.38029 ], [ -92.24582, 32.45114 ], [ -92.2372, 32.61861 ], [ -92.20364, 32.66549 ], [ -91.98602, 32.65859 ], [ -92.01449, 32.70742 ], [ -91.70345, 32.69697 ], [ -91.57762, 32.71648 ], [ -91.50508, 32.88152 ], [ -91.4947, 33.04874 ], [ -91.55719, 33.05099 ], [ -91.55279, 33.12263 ], [ -91.611, 33.19649 ], [ -91.67363, 33.19869 ], [ -91.6679, 33.29418 ], [ -91.69641, 33.343 ], [ -91.75916, 33.34515 ], [ -91.75495, 33.41675 ], [ -91.78216, 33.48939 ], [ -91.90113, 33.61286 ], [ -91.99563, 33.61592 ], [ -91.99297, 33.66362 ], [ -92.05339, 33.71332 ], [ -92.17957, 33.71723 ], [ -92.30207, 33.79256 ], [ -92.32754, 33.91269 ], [ -92.44934, 34.01167 ], [ -92.44578, 34.08317 ], [ -92.50921, 34.08494 ], [ -92.5386, 34.13347 ], [ -92.5293, 34.32405 ], [ -92.59295, 34.32578 ], [ -92.5565, 34.42017 ], [ -92.5507, 34.53921 ], [ -92.58262, 34.54008 ], [ -92.58032, 34.58768 ] ], [ [ -93.48729, 32.45886 ], [ -93.36322, 32.45626 ], [ -93.36752, 32.33655 ], [ -93.46042, 32.33851 ], [ -93.48729, 32.45886 ] ] ], [ [ [ -85.16163, 35.29593 ], [ -85.14062, 35.22233 ], [ -85.07655, 35.21688 ], [ -85.05194, 35.16689 ], [ -85.02589, 35.33225 ], [ -85.12216, 35.34045 ], [ -85.16163, 35.29593 ] ] ], [ [ [ -84.4481, 35.08976 ], [ -84.54008, 35.12201 ], [ -84.66799, 35.13342 ], [ -84.72431, 35.18632 ], [ -84.70131, 35.328 ], [ -84.65381, 35.41959 ], [ -84.71804, 35.42525 ], [ -84.70651, 35.49606 ], [ -84.76699, 35.52529 ], [ -84.75165, 35.61969 ], [ -84.70402, 35.71124 ], [ -84.72856, 35.76124 ], [ -84.83685, 35.69888 ], [ -84.8237, 35.5781 ], [ -84.89945, 35.51286 ], [ -84.90702, 35.46565 ], [ -85.0072, 35.45033 ], [ -84.96172, 35.32674 ], [ -84.94842, 35.20588 ], [ -84.98793, 35.16139 ], [ -85.05194, 35.16689 ], [ -84.99539, 35.11414 ], [ -84.97462, 35.04049 ], [ -84.91072, 35.03495 ], [ -84.89006, 34.96127 ], [ -84.79433, 34.95289 ], [ -84.67822, 34.87071 ], [ -84.67057, 34.91797 ], [ -84.59139, 35.00678 ], [ -84.46373, 34.99529 ], [ -84.4481, 35.08976 ] ] ], [ [ [ -84.32365, 34.67071 ], [ -84.38326, 34.70018 ], [ -84.36758, 34.7947 ], [ -84.32396, 34.86265 ], [ -84.4195, 34.87139 ], [ -84.42731, 34.82414 ], [ -84.45915, 34.82703 ], [ -84.46693, 34.77977 ], [ -84.49874, 34.78266 ], [ -84.51037, 34.71176 ], [ -84.41503, 34.70308 ], [ -84.32365, 34.67071 ] ] ], [ [ [ -82.04906, 34.41597 ], [ -81.99875, 34.50674 ], [ -81.90892, 34.95417 ], [ -81.97248, 34.9612 ], [ -81.99006, 35.03531 ], [ -82.0537, 35.04231 ], [ -82.03954, 35.11291 ], [ -82.09384, 35.16694 ], [ -82.11161, 35.241 ], [ -82.17544, 35.24793 ], [ -82.15666, 35.34203 ], [ -82.22528, 35.32541 ], [ -82.20654, 35.41951 ], [ -82.27988, 35.37934 ], [ -82.3078, 35.23815 ], [ -82.32171, 35.16754 ], [ -82.4174, 35.17777 ], [ -82.54959, 35.16774 ], [ -82.5587, 35.12064 ], [ -82.65436, 35.13069 ], [ -82.70426, 35.0398 ], [ -82.82724, 35.0766 ], [ -82.95476, 35.08972 ], [ -83.00425, 34.9987 ], [ -83.07669, 34.95804 ], [ -83.20404, 34.97091 ], [ -83.25312, 34.87978 ], [ -83.32101, 34.86255 ], [ -83.44824, 34.87519 ], [ -83.4567, 34.828 ], [ -83.58389, 34.84049 ], [ -83.59226, 34.79329 ], [ -83.66415, 34.75228 ], [ -83.75946, 34.76151 ], [ -83.76771, 34.71429 ], [ -83.89882, 34.70286 ], [ -83.90696, 34.65563 ], [ -84.00217, 34.66468 ], [ -84.01025, 34.61743 ], [ -84.16888, 34.63235 ], [ -84.18081, 34.56146 ], [ -84.03038, 34.49928 ], [ -83.78532, 34.42778 ], [ -83.62723, 34.41237 ], [ -83.59978, 34.38564 ], [ -83.37866, 34.36369 ], [ -83.38288, 34.34007 ], [ -83.19352, 34.32095 ], [ -83.18923, 34.34457 ], [ -82.96837, 34.3219 ], [ -82.96401, 34.34551 ], [ -82.74321, 34.32245 ], [ -82.73877, 34.34604 ], [ -82.51805, 34.32259 ], [ -82.51354, 34.34618 ], [ -82.3244, 34.32577 ], [ -82.34678, 34.37636 ], [ -82.21604, 34.38619 ], [ -82.08992, 34.37232 ], [ -82.04906, 34.41597 ] ] ], [ [ [ -82.16043, 35.48662 ], [ -82.20654, 35.41951 ], [ -82.17454, 35.41606 ], [ -82.16043, 35.48662 ] ] ], [ [ [ -82.151, 35.53365 ], [ -82.15572, 35.51013 ], [ -82.12368, 35.50667 ], [ -82.11895, 35.53018 ], [ -82.151, 35.53365 ] ] ], [ [ [ -78.46462, 35.95059 ], [ -78.45263, 35.99727 ], [ -78.54882, 36.01035 ], [ -78.53088, 36.08037 ], [ -78.63315, 36.07004 ], [ -78.76159, 36.08728 ], [ -78.85209, 36.12347 ], [ -78.82265, 36.24021 ], [ -78.95145, 36.25725 ], [ -79.00701, 36.16808 ], [ -79.07717, 36.15317 ], [ -79.17369, 36.16578 ], [ -79.29318, 36.08484 ], [ -79.36319, 36.06977 ], [ -79.52397, 36.0904 ], [ -79.54653, 35.99686 ], [ -79.622, 35.95826 ], [ -79.6332, 35.91147 ], [ -79.76713, 35.90433 ], [ -79.95976, 35.92846 ], [ -80.06703, 35.8936 ], [ -80.12039, 35.94836 ], [ -80.24896, 35.96413 ], [ -80.32399, 35.92513 ], [ -80.37751, 35.83532 ], [ -80.50559, 35.70635 ], [ -80.51615, 35.65946 ], [ -80.59071, 35.62028 ], [ -80.69197, 35.60832 ], [ -80.91612, 35.63487 ], [ -81.07124, 35.67706 ], [ -81.15057, 35.61409 ], [ -81.20456, 35.66843 ], [ -81.30578, 35.656 ], [ -81.49823, 35.67787 ], [ -81.60923, 35.61823 ], [ -81.62393, 35.54776 ], [ -81.5697, 35.49357 ], [ -81.5991, 35.35258 ], [ -81.54504, 35.29837 ], [ -81.55973, 35.22785 ], [ -81.50089, 35.19711 ], [ -81.51561, 35.12658 ], [ -81.45195, 35.11933 ], [ -81.46671, 35.04879 ], [ -81.40313, 35.04151 ], [ -81.48652, 34.64161 ], [ -81.3917, 34.63068 ], [ -81.38188, 34.67774 ], [ -81.28702, 34.66673 ], [ -81.14062, 34.74602 ], [ -81.09895, 34.78933 ], [ -81.07886, 34.88337 ], [ -81.16897, 34.91804 ], [ -81.18069, 35.01577 ], [ -81.15562, 35.13327 ], [ -81.18242, 35.16048 ], [ -81.16233, 35.25445 ], [ -81.12037, 35.29772 ], [ -80.99284, 35.28279 ], [ -80.98265, 35.32975 ], [ -80.91375, 35.34571 ], [ -80.78617, 35.33057 ], [ -80.79649, 35.28363 ], [ -80.70609, 35.24873 ], [ -80.72162, 35.1783 ], [ -80.6262, 35.16681 ], [ -80.55214, 35.20606 ], [ -80.54167, 35.25299 ], [ -80.41435, 35.23749 ], [ -80.36664, 35.30397 ], [ -80.1756, 35.2804 ], [ -80.0429, 35.28798 ], [ -80.03207, 35.33486 ], [ -79.9311, 35.34631 ], [ -79.74009, 35.3221 ], [ -79.69168, 35.38831 ], [ -79.59615, 35.37607 ], [ -79.58501, 35.42291 ], [ -79.45759, 35.40646 ], [ -79.30191, 35.50691 ], [ -79.17441, 35.49018 ], [ -79.15152, 35.58376 ], [ -79.24726, 35.59633 ], [ -79.23585, 35.64311 ], [ -79.12856, 35.67731 ], [ -79.06467, 35.66888 ], [ -79.04428, 35.61789 ], [ -78.95434, 35.58179 ], [ -78.8034, 35.65822 ], [ -78.77407, 35.77506 ], [ -78.75643, 35.84515 ], [ -78.66043, 35.83222 ], [ -78.57042, 35.79587 ], [ -78.55257, 35.86592 ], [ -78.45059, 35.87619 ], [ -78.46462, 35.95059 ] ] ], [ [ [ -77.82948, 36.46681 ], [ -77.76501, 36.45776 ], [ -77.63042, 36.58378 ], [ -77.60505, 36.67686 ], [ -77.56637, 36.69555 ], [ -77.63103, 36.7047 ], [ -77.65638, 36.61162 ], [ -77.7013, 36.56962 ], [ -77.79815, 36.58323 ], [ -77.82948, 36.46681 ] ] ] ] } },
{ "type": "Feature", "properties": { "ID": 55 }, "geometry": { "type": "MultiPolygon", "coordinates": [ [ [ [ -91.08203, 31.28096 ], [ -91.1399, 31.33143 ], [ -91.12419, 31.57129 ], [ -91.18231, 31.6217 ], [ -91.17451, 31.74155 ], [ -91.14067, 31.78825 ], [ -91.13278, 31.90804 ], [ -91.07127, 31.90556 ], [ -91.03083, 32.048 ], [ -90.96593, 32.09335 ], [ -90.93015, 32.16388 ], [ -90.92353, 32.2596 ], [ -90.86173, 32.25702 ], [ -90.82577, 32.32749 ], [ -90.70207, 32.3222 ], [ -90.69861, 32.37004 ], [ -90.54391, 32.36325 ], [ -90.50579, 32.45751 ], [ -90.41286, 32.45331 ], [ -90.37821, 32.49971 ], [ -90.369, 32.6192 ], [ -90.30318, 32.66413 ], [ -90.2957, 32.75968 ], [ -90.22401, 32.87619 ], [ -90.2183, 32.94781 ], [ -90.18138, 33.01795 ], [ -90.17562, 33.08955 ], [ -90.20112, 33.16259 ], [ -90.1347, 33.20736 ], [ -90.12499, 33.32661 ], [ -90.21902, 33.33102 ], [ -90.2855, 33.28621 ], [ -90.32247, 33.21609 ], [ -90.38506, 33.21893 ], [ -90.39063, 33.14736 ], [ -90.455, 33.1263 ], [ -90.49353, 33.03223 ], [ -90.61843, 33.03772 ], [ -90.65847, 32.91969 ], [ -90.752, 32.9237 ], [ -90.75545, 32.87593 ], [ -90.90959, 32.90633 ], [ -91.00312, 32.91015 ], [ -91.01625, 32.71902 ], [ -91.04735, 32.72027 ], [ -91.05708, 32.57685 ], [ -91.18124, 32.58178 ], [ -91.206, 32.67862 ], [ -91.19812, 32.79811 ], [ -91.26039, 32.80052 ], [ -91.24789, 32.99163 ], [ -91.34155, 32.99519 ], [ -91.36513, 33.11577 ], [ -91.42768, 33.11809 ], [ -91.49321, 33.07262 ], [ -91.50508, 32.88152 ], [ -91.57762, 32.71648 ], [ -91.70345, 32.69697 ], [ -92.01449, 32.70742 ], [ -91.98602, 32.65859 ], [ -92.20364, 32.66549 ], [ -92.2372, 32.61861 ], [ -92.24582, 32.45114 ], [ -92.28047, 32.38029 ], [ -92.34242, 32.38215 ], [ -92.34839, 32.26245 ], [ -92.31747, 32.26153 ], [ -92.32586, 32.09389 ], [ -92.35908, 32.0469 ], [ -92.36736, 31.87915 ], [ -92.45965, 31.88187 ], [ -92.46195, 31.83393 ], [ -92.58494, 31.83745 ], [ -92.65187, 31.71926 ], [ -92.65944, 31.55134 ], [ -92.63316, 31.45449 ], [ -92.57199, 31.45277 ], [ -92.54474, 31.37989 ], [ -92.45307, 31.37723 ], [ -92.45536, 31.32921 ], [ -92.3344, 31.30155 ], [ -92.15126, 31.29583 ], [ -92.15374, 31.24781 ], [ -91.97076, 31.24183 ], [ -91.97205, 31.21781 ], [ -91.66725, 31.20722 ], [ -91.67003, 31.1592 ], [ -91.54678, 31.17876 ], [ -91.08994, 31.16096 ], [ -91.08203, 31.28096 ] ], [ [ -91.18021, 32.12601 ], [ -91.15094, 32.10085 ], [ -91.15725, 32.00507 ], [ -91.21885, 32.0075 ], [ -91.28352, 31.962 ], [ -91.32038, 31.86737 ], [ -91.38187, 31.86972 ], [ -91.40665, 31.96671 ], [ -91.34357, 31.98833 ], [ -91.33295, 32.15594 ], [ -91.20794, 32.1751 ], [ -91.18021, 32.12601 ] ], [ [ -90.98697, 32.23822 ], [ -91.11055, 32.24323 ], [ -91.16604, 32.3414 ], [ -91.07323, 32.3377 ], [ -91.0081, 32.38304 ], [ -91.01624, 32.26342 ], [ -90.98697, 32.23822 ] ] ], [ [ [ -93.48729, 32.45886 ], [ -93.46042, 32.33851 ], [ -93.36752, 32.33655 ], [ -93.36322, 32.45626 ], [ -93.48729, 32.45886 ] ] ], [ [ [ -93.48729, 32.45886 ], [ -93.51587, 32.53131 ], [ -93.51016, 32.69881 ], [ -93.63464, 32.70126 ], [ -93.66959, 32.58221 ], [ -93.70067, 32.5828 ], [ -93.82496, 32.58506 ], [ -93.82781, 32.48931 ], [ -93.79894, 32.41693 ], [ -93.70593, 32.41523 ], [ -93.67341, 32.46253 ], [ -93.48729, 32.45886 ] ] ] ] } }
]
}
