{
"type": "FeatureCollection",
"name": "Ceanothus_americanus",
"crs": { "type": "name", "properties": { "name": "urn:ogc:def:crs:OGC:1.3:CRS84" } },
"features": [
{ "type": "Feature", "properties": { "ID": 1 }, "geometry": { "type": "MultiPolygon", "coordinates": [ [ [ [ -87.88813, 44.40993 ], [ -87.84471, 44.45484 ], [ -87.8319, 44.54869 ], [ -87.78511, 44.61705 ], [ -87.8287, 44.57216 ], [ -87.90614, 44.55273 ], [ -87.92516, 44.41194 ], [ -87.88813, 44.40993 ] ] ], [ [ [ -87.29348, 45.67741 ], [ -87.22488, 45.62615 ], [ -87.20731, 45.74346 ], [ -87.29348, 45.67741 ] ] ], [ [ [ -84.70075, 45.45931 ], [ -84.55052, 45.44803 ], [ -84.5414, 45.49481 ], [ -84.56532, 45.56781 ], [ -84.67821, 45.57628 ], [ -84.72934, 45.5089 ], [ -84.70075, 45.45931 ] ] ], [ [ [ -84.46625, 45.48911 ], [ -84.44785, 45.58265 ], [ -84.52312, 45.58836 ], [ -84.5414, 45.49481 ], [ -84.46625, 45.48911 ] ] ], [ [ [ -74.25722, 45.53571 ], [ -74.32242, 45.56935 ], [ -74.47013, 45.59064 ], [ -74.39894, 45.67715 ], [ -74.288, 45.66114 ], [ -74.27075, 45.70703 ], [ -74.44725, 45.75665 ], [ -74.52989, 45.74429 ], [ -74.54695, 45.69837 ], [ -74.69507, 45.71944 ], [ -74.75745, 45.65577 ], [ -74.6919, 45.62231 ], [ -74.72567, 45.53044 ], [ -74.77942, 45.48973 ], [ -74.85325, 45.50017 ], [ -74.71405, 45.45629 ], [ -74.74769, 45.36442 ], [ -74.93189, 45.39049 ], [ -75.06282, 45.45716 ], [ -75.02961, 45.54911 ], [ -74.9557, 45.53875 ], [ -74.90554, 45.67664 ], [ -74.98797, 45.66404 ], [ -75.0991, 45.67954 ], [ -75.1157, 45.63355 ], [ -75.161, 45.6157 ], [ -75.30913, 45.63618 ], [ -75.42846, 45.62844 ], [ -75.51884, 45.59254 ], [ -75.61379, 45.65369 ], [ -75.7041, 45.61768 ], [ -75.85242, 45.63763 ], [ -75.93459, 45.62452 ], [ -75.98758, 45.58339 ], [ -76.05381, 45.61629 ], [ -76.20224, 45.6359 ], [ -76.28433, 45.6226 ], [ -76.29998, 45.57649 ], [ -76.4484, 45.59586 ], [ -76.46392, 45.54974 ], [ -76.54582, 45.5363 ], [ -76.5242, 45.48536 ], [ -76.58435, 45.42097 ], [ -76.61505, 45.3287 ], [ -76.71949, 45.24597 ], [ -76.79334, 45.25547 ], [ -76.85384, 45.07086 ], [ -76.81702, 45.06613 ], [ -76.86975, 44.90461 ], [ -77.05341, 44.9281 ], [ -77.06086, 44.90502 ], [ -77.2446, 44.92828 ], [ -77.36223, 44.91903 ], [ -77.37687, 44.87283 ], [ -77.48711, 44.88658 ], [ -77.60463, 44.87714 ], [ -77.67019, 44.78923 ], [ -77.78034, 44.80276 ], [ -77.83844, 44.73789 ], [ -77.89764, 44.79309 ], [ -78.00079, 44.82959 ], [ -78.11812, 44.81975 ], [ -78.30199, 44.84172 ], [ -78.3825, 44.8273 ], [ -78.35479, 44.91989 ], [ -78.42849, 44.92859 ], [ -78.48601, 44.86347 ], [ -78.67015, 44.88499 ], [ -78.8108, 44.92521 ], [ -78.7905, 44.99471 ], [ -78.70305, 45.03252 ], [ -78.66206, 45.17149 ], [ -78.67856, 45.24527 ], [ -78.65112, 45.33793 ], [ -78.73222, 45.32331 ], [ -78.88074, 45.34031 ], [ -78.93475, 45.41829 ], [ -78.9212, 45.46464 ], [ -79.01266, 45.54682 ], [ -79.12748, 45.41608 ], [ -79.10368, 45.36553 ], [ -79.2418, 45.28526 ], [ -79.25506, 45.23888 ], [ -79.44064, 45.25947 ], [ -79.50389, 45.17076 ], [ -79.53641, 45.05476 ], [ -79.51241, 45.00428 ], [ -79.43847, 44.99611 ], [ -79.5164, 44.71776 ], [ -79.36924, 44.70139 ], [ -79.22874, 44.6617 ], [ -79.11487, 44.52916 ], [ -79.09803, 44.45545 ], [ -78.99486, 44.41971 ], [ -78.88514, 44.40707 ], [ -78.71586, 44.33949 ], [ -78.72931, 44.29317 ], [ -78.61988, 44.28034 ], [ -78.48086, 44.23994 ], [ -78.46488, 44.16617 ], [ -78.34889, 44.17628 ], [ -78.26235, 44.21382 ], [ -78.11679, 44.19623 ], [ -78.051, 44.16425 ], [ -77.94196, 44.15091 ], [ -77.84, 44.11438 ], [ -77.82591, 44.16061 ], [ -77.74616, 44.17474 ], [ -77.73197, 44.22096 ], [ -77.6229, 44.20739 ], [ -77.44873, 44.28158 ], [ -77.3834, 44.36938 ], [ -77.30327, 44.38327 ], [ -77.2887, 44.42945 ], [ -77.14291, 44.41091 ], [ -77.1282, 44.45708 ], [ -77.0479, 44.47083 ], [ -76.86564, 44.44733 ], [ -76.69737, 44.49757 ], [ -76.59421, 44.58027 ], [ -76.50601, 44.61678 ], [ -76.49076, 44.66289 ], [ -76.33696, 44.66662 ], [ -76.29073, 44.80489 ], [ -76.20201, 44.84123 ], [ -76.12877, 44.83145 ], [ -76.10775, 44.78047 ], [ -76.1311, 44.71137 ], [ -76.02151, 44.69663 ], [ -75.8676, 44.69987 ], [ -75.83606, 44.79196 ], [ -75.71845, 44.80002 ], [ -75.66922, 44.72096 ], [ -75.53124, 44.67784 ], [ -75.57913, 44.53981 ], [ -75.68361, 44.45782 ], [ -75.75632, 44.46782 ], [ -75.78782, 44.37575 ], [ -75.86044, 44.3857 ], [ -75.96428, 44.30352 ], [ -76.01087, 44.16536 ], [ -76.04954, 44.05022 ], [ -75.94117, 44.03542 ], [ -75.92834, 43.96141 ], [ -75.79191, 43.91853 ], [ -75.73549, 43.86252 ], [ -75.7667, 43.77047 ], [ -75.70264, 43.73747 ], [ -75.69016, 43.66343 ], [ -75.62953, 43.51034 ], [ -75.52221, 43.49524 ], [ -75.54573, 43.42624 ], [ -75.54133, 43.32919 ], [ -75.50567, 43.32414 ], [ -75.47785, 43.29608 ], [ -75.34322, 43.25279 ], [ -75.32744, 43.29877 ], [ -75.24034, 43.33454 ], [ -75.16906, 43.32429 ], [ -75.17702, 43.30131 ], [ -75.03459, 43.28072 ], [ -75.02658, 43.30369 ], [ -75.06219, 43.30885 ], [ -75.05419, 43.33183 ], [ -75.01857, 43.32666 ], [ -74.98646, 43.41856 ], [ -75.05781, 43.42889 ], [ -75.06947, 43.50298 ], [ -75.14094, 43.51328 ], [ -75.11693, 43.58222 ], [ -75.1885, 43.59249 ], [ -75.20035, 43.66657 ], [ -75.26406, 43.69979 ], [ -75.24811, 43.74576 ], [ -75.31193, 43.77896 ], [ -75.3358, 43.70999 ], [ -75.47144, 43.75329 ], [ -75.45563, 43.79928 ], [ -75.51962, 43.83239 ], [ -75.52402, 43.92944 ], [ -75.46423, 43.99339 ], [ -75.38417, 44.00624 ], [ -75.36025, 44.07522 ], [ -75.58481, 44.08258 ], [ -75.569, 44.12859 ], [ -75.68532, 44.12065 ], [ -75.62219, 44.30471 ], [ -75.58594, 44.29969 ], [ -75.54623, 44.41471 ], [ -75.44163, 44.4966 ], [ -75.32061, 44.62441 ], [ -75.24778, 44.6142 ], [ -75.19907, 44.75213 ], [ -75.08146, 44.75969 ], [ -74.93559, 44.739 ], [ -74.87436, 44.80272 ], [ -74.72012, 44.80479 ], [ -74.57426, 44.78375 ], [ -74.54621, 44.75551 ], [ -74.56297, 44.70961 ], [ -74.49017, 44.69903 ], [ -74.48177, 44.72198 ], [ -74.29982, 44.69537 ], [ -74.21858, 44.7076 ], [ -74.20155, 44.75346 ], [ -74.14807, 44.79395 ], [ -74.07525, 44.78317 ], [ -74.02369, 44.92071 ], [ -73.91426, 44.90444 ], [ -73.95265, 45.00698 ], [ -74.09023, 45.05155 ], [ -74.14621, 45.10819 ], [ -74.29272, 45.12965 ], [ -74.39416, 45.16859 ], [ -74.40533, 45.24276 ], [ -74.47878, 45.25338 ], [ -74.37123, 45.33455 ], [ -74.35414, 45.38044 ], [ -74.45605, 45.41935 ], [ -74.60344, 45.44051 ], [ -74.56104, 45.55532 ], [ -74.37648, 45.52879 ], [ -74.28302, 45.46688 ], [ -74.25722, 45.53571 ] ] ], [ [ [ -79.84208, 46.16392 ], [ -79.82386, 46.09024 ], [ -79.7485, 46.08221 ], [ -79.72891, 46.15189 ], [ -79.84208, 46.16392 ] ] ], [ [ [ -79.99306, 46.17984 ], [ -79.84208, 46.16392 ], [ -79.82908, 46.21038 ], [ -79.98018, 46.22631 ], [ -79.99306, 46.17984 ] ] ], [ [ [ -73.03267, 42.8295 ], [ -72.98042, 42.96666 ], [ -72.94519, 42.961 ], [ -72.9014, 43.07527 ], [ -72.91916, 43.12666 ], [ -72.98106, 43.16086 ], [ -73.05177, 43.17217 ], [ -73.06049, 43.1493 ], [ -73.02515, 43.14366 ], [ -73.03388, 43.12079 ], [ -73.06921, 43.12644 ], [ -73.13874, 42.94351 ], [ -73.10351, 42.93788 ], [ -73.14682, 42.82354 ], [ -73.08517, 42.78941 ], [ -73.10248, 42.74368 ], [ -73.06737, 42.73804 ], [ -73.03267, 42.8295 ] ] ], [ [ [ -74.33214, 43.15274 ], [ -74.39484, 43.18634 ], [ -74.36187, 43.27809 ], [ -74.53963, 43.30463 ], [ -74.60787, 43.21811 ], [ -74.64044, 43.1263 ], [ -74.49042, 43.12813 ], [ -74.38406, 43.1122 ], [ -74.34038, 43.12981 ], [ -74.33214, 43.15274 ] ] ], [ [ [ -74.72258, 43.21092 ], [ -74.65451, 43.29749 ], [ -74.71755, 43.33095 ], [ -74.82437, 43.34664 ], [ -74.82112, 43.24957 ], [ -74.85668, 43.25478 ], [ -74.8728, 43.20885 ], [ -74.80173, 43.19842 ], [ -74.79365, 43.22138 ], [ -74.72258, 43.21092 ] ] ], [ [ [ -72.93721, 43.27514 ], [ -73.00803, 43.28647 ], [ -73.01679, 43.26361 ], [ -72.94599, 43.25229 ], [ -72.93721, 43.27514 ] ] ], [ [ [ -75.31193, 43.77896 ], [ -75.29599, 43.82494 ], [ -75.33193, 43.83004 ], [ -75.34785, 43.78405 ], [ -75.31193, 43.77896 ] ] ], [ [ [ -73.03802, 44.09171 ], [ -73.07392, 44.09736 ], [ -73.09162, 44.05163 ], [ -73.05575, 44.04599 ], [ -73.03802, 44.09171 ] ] ], [ [ [ -73.48022, 44.33016 ], [ -73.46274, 44.37594 ], [ -73.42664, 44.37039 ], [ -73.40032, 44.43904 ], [ -73.41891, 44.49037 ], [ -73.52745, 44.507 ], [ -73.54492, 44.46122 ], [ -73.58109, 44.46674 ], [ -73.6159, 44.37516 ], [ -73.65202, 44.38066 ], [ -73.66937, 44.33487 ], [ -73.70547, 44.34036 ], [ -73.72276, 44.29455 ], [ -73.75884, 44.30003 ], [ -73.76746, 44.27713 ], [ -73.76587, 44.18004 ], [ -73.72985, 44.17456 ], [ -73.69237, 44.07199 ], [ -73.67513, 44.11779 ], [ -73.58849, 44.34675 ], [ -73.48022, 44.33016 ] ] ], [ [ [ -72.6423, 44.61164 ], [ -72.62409, 44.65731 ], [ -72.76892, 44.68024 ], [ -72.83235, 44.7145 ], [ -72.81425, 44.7602 ], [ -72.87779, 44.79445 ], [ -72.93187, 44.65731 ], [ -73.04057, 44.6743 ], [ -73.1767, 44.71969 ], [ -73.14934, 44.6912 ], [ -73.18495, 44.59972 ], [ -73.16652, 44.54836 ], [ -73.09418, 44.53711 ], [ -73.10308, 44.51424 ], [ -72.99465, 44.4973 ], [ -73.01253, 44.45158 ], [ -73.08476, 44.46287 ], [ -73.10256, 44.41714 ], [ -73.06646, 44.4115 ], [ -73.10203, 44.32004 ], [ -73.03887, 44.2859 ], [ -73.02067, 44.23453 ], [ -73.0562, 44.14308 ], [ -72.94845, 44.12611 ], [ -72.94817, 44.02902 ], [ -72.92123, 44.00049 ], [ -72.95677, 43.90907 ], [ -72.92988, 43.88055 ], [ -72.80492, 44.20046 ], [ -72.77797, 44.269 ], [ -72.79601, 44.4175 ], [ -72.68784, 44.40034 ], [ -72.65159, 44.4917 ], [ -72.55244, 44.4516 ], [ -72.47985, 44.53715 ], [ -72.5882, 44.55446 ], [ -72.6423, 44.61164 ] ], [ [ -72.79601, 44.4175 ], [ -72.89526, 44.45743 ], [ -72.82315, 44.54315 ], [ -72.78703, 44.63454 ], [ -72.68755, 44.59453 ], [ -72.7238, 44.50316 ], [ -72.79601, 44.4175 ] ] ], [ [ [ -73.59112, 44.54094 ], [ -73.52989, 44.7012 ], [ -73.44849, 44.71301 ], [ -73.58501, 44.75804 ], [ -73.7028, 44.75165 ], [ -73.72021, 44.70584 ], [ -73.82922, 44.72225 ], [ -73.9001, 44.63605 ], [ -73.93453, 44.54439 ], [ -73.92407, 44.47022 ], [ -73.86029, 44.43642 ], [ -73.89466, 44.34477 ], [ -73.82242, 44.33387 ], [ -73.76202, 44.49422 ], [ -73.64475, 44.50066 ], [ -73.62734, 44.54645 ], [ -73.59112, 44.54094 ] ] ], [ [ [ -73.99384, 44.79527 ], [ -74.03679, 44.68067 ], [ -73.96412, 44.66983 ], [ -73.92104, 44.78442 ], [ -73.99384, 44.79527 ] ] ], [ [ [ -73.87959, 44.9961 ], [ -73.77878, 44.95681 ], [ -73.79619, 44.911 ], [ -73.6679, 44.84326 ], [ -73.5951, 44.83224 ], [ -73.56878, 44.90094 ], [ -73.58765, 44.95225 ], [ -73.52476, 45.01542 ], [ -73.66349, 45.15749 ], [ -73.77332, 45.17395 ], [ -73.864, 45.13905 ], [ -73.89009, 45.0703 ], [ -73.87959, 44.9961 ] ] ] ] } },
{ "type": "Feature", "properties": { "ID": 2 }, "geometry": { "type": "MultiPolygon", "coordinates": [ [ [ [ -92.18206, 46.58554 ], [ -92.29767, 46.58835 ], [ -92.37033, 46.66086 ], [ -92.44751, 46.66265 ], [ -92.52893, 46.5937 ], [ -92.53457, 46.49945 ], [ -92.61704, 46.40691 ], [ -92.80917, 46.41099 ], [ -92.88981, 46.34188 ], [ -93.12712, 46.20497 ], [ -93.1306, 46.13429 ], [ -93.3665, 45.99704 ], [ -93.90087, 46.00528 ], [ -93.90425, 45.91103 ], [ -93.7908, 45.88587 ], [ -93.75631, 45.79108 ], [ -93.60706, 45.71811 ], [ -93.15129, 45.71029 ], [ -93.14901, 45.7574 ], [ -93.03499, 45.75523 ], [ -93.03261, 45.80233 ], [ -92.88049, 45.79931 ], [ -92.80315, 45.82129 ], [ -92.7599, 45.9147 ], [ -92.68636, 45.86596 ], [ -92.57353, 45.8399 ], [ -92.5694, 45.91055 ], [ -92.52851, 45.9568 ], [ -92.48756, 46.00303 ], [ -92.33494, 45.99946 ], [ -92.33199, 46.04656 ], [ -92.29679, 45.99855 ], [ -91.99163, 45.99088 ], [ -91.95511, 45.96633 ], [ -91.96486, 45.82507 ], [ -92.00289, 45.82607 ], [ -92.0109, 45.70835 ], [ -91.97777, 45.63673 ], [ -91.78823, 45.63162 ], [ -91.7916, 45.58454 ], [ -91.71586, 45.58243 ], [ -91.71928, 45.53536 ], [ -91.60576, 45.53213 ], [ -91.61452, 45.41446 ], [ -91.58028, 45.3663 ], [ -91.46529, 45.38649 ], [ -91.20114, 45.37838 ], [ -91.20496, 45.33132 ], [ -91.01647, 45.32525 ], [ -90.90543, 45.29797 ], [ -90.91352, 45.20388 ], [ -90.882, 45.13205 ], [ -90.9236, 45.08627 ], [ -90.89011, 45.03797 ], [ -90.74217, 45.0093 ], [ -90.63821, 44.91127 ], [ -90.64456, 44.84073 ], [ -90.5698, 44.83805 ], [ -90.57836, 44.744 ], [ -90.4313, 44.71503 ], [ -90.43568, 44.66801 ], [ -90.24937, 44.66098 ], [ -90.16568, 44.75214 ], [ -90.007, 44.84029 ], [ -89.97439, 44.79179 ], [ -89.96487, 44.88581 ], [ -89.83567, 45.0458 ], [ -89.61077, 45.03645 ], [ -89.57329, 45.03485 ], [ -89.50092, 45.00815 ], [ -89.46864, 44.95953 ], [ -89.4364, 44.91091 ], [ -89.36162, 44.90763 ], [ -89.33213, 44.8355 ], [ -89.18278, 44.8288 ], [ -89.1774, 44.87579 ], [ -88.95325, 44.86546 ], [ -88.94768, 44.91243 ], [ -88.83555, 44.90714 ], [ -88.78678, 44.9993 ], [ -88.59966, 44.99023 ], [ -88.51891, 45.0335 ], [ -88.46955, 45.12556 ], [ -88.28208, 45.1161 ], [ -88.19474, 45.20615 ], [ -88.18854, 45.25311 ], [ -88.06953, 45.2942 ], [ -88.0256, 45.33917 ], [ -88.01607, 45.4096 ], [ -87.94075, 45.40561 ], [ -87.89663, 45.45056 ], [ -87.818, 45.46999 ], [ -87.70492, 45.46385 ], [ -87.57844, 45.5515 ], [ -87.57508, 45.57497 ], [ -87.53733, 45.57287 ], [ -87.52379, 45.66674 ], [ -87.5616, 45.66884 ], [ -87.55147, 45.73925 ], [ -87.61376, 45.83731 ], [ -87.68628, 45.86493 ], [ -87.67291, 45.95883 ], [ -87.70091, 46.03133 ], [ -87.89122, 46.04151 ], [ -87.85971, 45.99253 ], [ -88.0215, 45.93009 ], [ -88.11651, 45.79314 ], [ -88.19235, 45.79703 ], [ -88.20485, 45.7031 ], [ -88.24891, 45.65806 ], [ -88.32458, 45.66189 ], [ -88.45019, 45.57362 ], [ -88.45922, 45.50316 ], [ -88.50294, 45.45806 ], [ -88.57837, 45.46176 ], [ -88.62785, 45.36965 ], [ -88.70317, 45.37329 ], [ -88.75238, 45.28114 ], [ -88.82189, 45.3317 ], [ -89.12309, 45.34566 ], [ -89.11487, 45.41615 ], [ -89.26571, 45.42291 ], [ -89.23339, 45.37424 ], [ -89.5349, 45.38738 ], [ -89.68319, 45.41723 ], [ -89.94728, 45.42799 ], [ -90.02513, 45.40746 ], [ -90.03227, 45.33693 ], [ -90.25837, 45.34565 ], [ -90.25608, 45.36917 ], [ -90.59549, 45.38163 ], [ -90.62679, 45.45353 ], [ -90.6981, 45.50322 ], [ -90.81151, 45.50713 ], [ -90.84726, 45.53194 ], [ -90.83901, 45.62604 ], [ -90.75906, 45.67051 ], [ -90.98654, 45.67815 ], [ -91.10227, 45.65832 ], [ -91.09834, 45.70538 ], [ -91.17035, 45.75486 ], [ -91.2463, 45.75724 ], [ -91.40558, 45.66775 ], [ -91.47781, 45.71709 ], [ -91.47237, 45.7877 ], [ -91.35837, 45.78428 ], [ -91.31474, 45.85373 ], [ -91.23675, 45.87492 ], [ -91.12261, 45.87132 ], [ -91.11279, 45.989 ], [ -91.07269, 46.01132 ], [ -90.95828, 46.0076 ], [ -90.95219, 46.0782 ], [ -90.83766, 46.0744 ], [ -90.82515, 46.21561 ], [ -90.78056, 46.28493 ], [ -90.65699, 46.37514 ], [ -90.64832, 46.46929 ], [ -90.76148, 46.49678 ], [ -90.79147, 46.59225 ], [ -90.94759, 46.57381 ], [ -91.14014, 46.57997 ], [ -91.30184, 46.49053 ], [ -91.37124, 46.58705 ], [ -91.36558, 46.6577 ], [ -91.4813, 46.66112 ], [ -91.44828, 46.58933 ], [ -91.45568, 46.49512 ], [ -91.5326, 46.49736 ], [ -91.56747, 46.54557 ], [ -91.56386, 46.59268 ], [ -91.64093, 46.59487 ], [ -91.6427, 46.57131 ], [ -91.8353, 46.57661 ], [ -91.8019, 46.50491 ], [ -91.84375, 46.45884 ], [ -91.92064, 46.46088 ], [ -91.91235, 46.57866 ], [ -91.99266, 46.53356 ], [ -92.18517, 46.53842 ], [ -92.18206, 46.58554 ] ], [ [ -92.33199, 46.04656 ], [ -92.40546, 46.09547 ], [ -92.3982, 46.21324 ], [ -92.51308, 46.21588 ], [ -92.5159, 46.16877 ], [ -92.6307, 46.17133 ], [ -92.66627, 46.21927 ], [ -92.65952, 46.33706 ], [ -92.54439, 46.33453 ], [ -92.4705, 46.28568 ], [ -92.35549, 46.283 ], [ -92.28032, 46.25762 ], [ -92.27278, 46.37539 ], [ -92.08081, 46.37064 ], [ -92.04722, 46.299 ], [ -92.05998, 46.11059 ], [ -92.13798, 46.08898 ], [ -92.25109, 46.11537 ], [ -92.32903, 46.09367 ], [ -92.33199, 46.04656 ] ], [ [ -91.64841, 45.98153 ], [ -91.53224, 46.00179 ], [ -91.45962, 45.95247 ], [ -91.50315, 45.88297 ], [ -91.65715, 45.86382 ], [ -91.64841, 45.98153 ] ] ], [ [ [ -71.78109, 44.18 ], [ -71.5643, 44.24123 ], [ -71.58126, 44.29277 ], [ -71.51493, 44.45216 ], [ -71.5224, 44.52649 ], [ -71.63046, 44.54449 ], [ -71.72141, 44.51088 ], [ -71.70427, 44.45935 ], [ -71.92031, 44.49501 ], [ -71.85466, 44.65456 ], [ -71.99919, 44.67823 ], [ -72.10875, 44.59879 ], [ -72.18291, 44.41632 ], [ -72.1469, 44.41046 ], [ -72.14792, 44.31337 ], [ -72.23996, 44.08526 ], [ -72.31235, 43.99984 ], [ -72.3131, 43.90275 ], [ -72.42027, 43.92018 ], [ -72.4021, 43.96582 ], [ -72.4913, 44.02884 ], [ -72.63458, 44.0519 ], [ -72.6884, 44.01196 ], [ -72.68854, 43.91487 ], [ -72.7512, 43.75498 ], [ -72.60858, 43.73204 ], [ -72.58193, 43.70345 ], [ -72.64465, 43.5436 ], [ -72.57359, 43.5321 ], [ -72.60044, 43.4636 ], [ -72.52949, 43.45208 ], [ -72.41236, 43.74882 ], [ -72.29639, 43.7542 ], [ -72.25082, 43.86827 ], [ -72.10597, 44.03903 ], [ -72.06097, 44.05595 ], [ -72.0252, 44.05007 ], [ -72.08054, 43.91326 ], [ -72.11624, 43.91914 ], [ -72.18041, 43.75949 ], [ -72.13666, 43.67935 ], [ -72.02201, 43.58743 ], [ -72.04035, 43.54183 ], [ -71.96941, 43.53003 ], [ -71.97859, 43.50724 ], [ -71.90771, 43.49541 ], [ -71.87083, 43.58658 ], [ -71.79987, 43.5747 ], [ -71.77207, 43.64305 ], [ -71.70866, 43.70543 ], [ -71.72559, 43.75696 ], [ -71.67136, 43.79655 ], [ -71.56462, 43.77858 ], [ -71.47468, 43.81208 ], [ -71.4464, 43.88037 ], [ -71.56268, 43.87566 ], [ -71.54388, 43.9212 ], [ -71.64149, 43.96196 ], [ -71.71458, 43.87682 ], [ -71.81377, 43.82039 ], [ -71.88502, 43.83226 ], [ -71.8572, 43.90062 ], [ -71.87431, 43.95213 ], [ -71.94572, 43.96397 ], [ -71.9378, 43.88968 ], [ -71.97476, 43.7985 ], [ -71.95761, 43.747 ], [ -72.09084, 43.79337 ], [ -72.03563, 43.93018 ], [ -71.99993, 43.92428 ], [ -71.95366, 44.03827 ], [ -71.95234, 44.13535 ], [ -71.78109, 44.18 ] ], [ [ -71.95761, 43.747 ], [ -71.86013, 43.70645 ], [ -71.8971, 43.61529 ], [ -71.96812, 43.62712 ], [ -71.94048, 43.6955 ], [ -71.95761, 43.747 ] ] ], [ [ [ -72.51763, 44.15454 ], [ -72.47266, 44.17159 ], [ -72.46306, 44.29151 ], [ -72.53499, 44.30307 ], [ -72.51763, 44.15454 ] ] ], [ [ [ -77.02685, 45.95841 ], [ -77.20637, 46.00482 ], [ -77.2214, 45.95861 ], [ -77.32618, 45.9956 ], [ -77.43853, 46.00939 ], [ -77.67805, 45.99048 ], [ -77.86544, 46.013 ], [ -77.94767, 45.9988 ], [ -78.06016, 46.01214 ], [ -78.12631, 45.92398 ], [ -78.05858, 45.89198 ], [ -77.94631, 45.87864 ], [ -77.93056, 45.80476 ], [ -77.85584, 45.79582 ], [ -77.83298, 45.74506 ], [ -77.74287, 45.66218 ], [ -77.72743, 45.58829 ], [ -77.65302, 45.57925 ], [ -77.67487, 45.50988 ], [ -77.15521, 45.44563 ], [ -77.01447, 45.40387 ], [ -76.95481, 45.46843 ], [ -76.80655, 45.44955 ], [ -76.81319, 45.5466 ], [ -76.77504, 45.662 ], [ -76.81222, 45.66674 ], [ -76.77399, 45.78215 ], [ -76.83324, 45.83779 ], [ -76.95277, 45.82886 ], [ -76.9673, 45.90283 ], [ -77.02685, 45.95841 ] ] ], [ [ [ -71.34447, 44.03365 ], [ -71.26356, 44.04427 ], [ -71.24449, 44.08977 ], [ -71.32546, 44.07916 ], [ -71.34447, 44.03365 ] ] ], [ [ [ -70.73211, 44.1236 ], [ -70.74833, 44.17524 ], [ -70.79378, 44.15871 ], [ -70.8295, 44.1649 ], [ -70.84891, 44.11945 ], [ -70.77753, 44.10708 ], [ -70.80667, 44.03892 ], [ -70.80014, 43.96457 ], [ -70.72895, 43.95218 ], [ -70.69003, 44.04304 ], [ -70.75159, 44.07817 ], [ -70.73211, 44.1236 ] ] ], [ [ [ -71.13736, 44.07149 ], [ -71.11818, 44.11698 ], [ -71.19667, 44.20351 ], [ -71.24449, 44.08977 ], [ -71.13736, 44.07149 ] ] ], [ [ [ -70.9928, 44.41258 ], [ -71.10049, 44.43096 ], [ -71.11978, 44.38548 ], [ -71.01217, 44.36711 ], [ -70.9928, 44.41258 ] ] ] ] } },
{ "type": "Feature", "properties": { "ID": 3 }, "geometry": { "type": "MultiPolygon", "coordinates": [ [ [ [ -72.04035, 43.54183 ], [ -72.02201, 43.58743 ], [ -72.13666, 43.67935 ], [ -72.18041, 43.75949 ], [ -72.11624, 43.91914 ], [ -72.08054, 43.91326 ], [ -72.0252, 44.05007 ], [ -72.06097, 44.05595 ], [ -72.10597, 44.03903 ], [ -72.25082, 43.86827 ], [ -72.29639, 43.7542 ], [ -72.41236, 43.74882 ], [ -72.52949, 43.45208 ], [ -72.63593, 43.46935 ], [ -72.68049, 43.35516 ], [ -72.64506, 43.34942 ], [ -72.68064, 43.25806 ], [ -72.58377, 43.12089 ], [ -72.68979, 43.04103 ], [ -72.7163, 42.9725 ], [ -72.64589, 42.96104 ], [ -72.76041, 42.66407 ], [ -72.81294, 42.62408 ], [ -72.77793, 42.61837 ], [ -72.80416, 42.54982 ], [ -72.73421, 42.53839 ], [ -72.75171, 42.4927 ], [ -72.71677, 42.48697 ], [ -72.70801, 42.50982 ], [ -72.63813, 42.49835 ], [ -72.61174, 42.56687 ], [ -72.53297, 42.57818 ], [ -72.46353, 42.46951 ], [ -72.21937, 42.42879 ], [ -72.14071, 42.43989 ], [ -72.1138, 42.50832 ], [ -72.04402, 42.49656 ], [ -72.01698, 42.56497 ], [ -71.98082, 42.65618 ], [ -72.01578, 42.66208 ], [ -72.01459, 42.75918 ], [ -71.97831, 42.85039 ], [ -72.01339, 42.85629 ], [ -72.00431, 42.87909 ], [ -72.0926, 42.84525 ], [ -72.14473, 42.90261 ], [ -72.21498, 42.91432 ], [ -72.18794, 42.98276 ], [ -72.25829, 42.99445 ], [ -72.23126, 43.06289 ], [ -72.29271, 43.09738 ], [ -72.30996, 43.14884 ], [ -72.23772, 43.33136 ], [ -72.16699, 43.31966 ], [ -72.16602, 43.41675 ], [ -72.30774, 43.44011 ], [ -72.24509, 43.50273 ], [ -72.20871, 43.59397 ], [ -72.07583, 43.54771 ], [ -72.04035, 43.54183 ] ] ], [ [ [ -84.06791, 45.19706 ], [ -84.14265, 45.20295 ], [ -84.17065, 45.25263 ], [ -84.15655, 45.32275 ], [ -84.22211, 45.37536 ], [ -84.37208, 45.38696 ], [ -84.45627, 45.34594 ], [ -84.50745, 45.27865 ], [ -84.58234, 45.28433 ], [ -84.63332, 45.21699 ], [ -84.68268, 44.95974 ], [ -84.60819, 44.95411 ], [ -84.62167, 44.88396 ], [ -84.75987, 44.75206 ], [ -84.83412, 44.75761 ], [ -84.85166, 44.66406 ], [ -84.88873, 44.66682 ], [ -84.79074, 44.58835 ], [ -84.79953, 44.54158 ], [ -84.68856, 44.53321 ], [ -84.66491, 44.46026 ], [ -84.62798, 44.45745 ], [ -84.54857, 44.28531 ], [ -84.56197, 44.21518 ], [ -84.4284, 44.13365 ], [ -84.28153, 44.1221 ], [ -84.2494, 44.09583 ], [ -84.10265, 44.08411 ], [ -84.04738, 44.17461 ], [ -83.86377, 44.15969 ], [ -83.81757, 44.20338 ], [ -83.77469, 44.41357 ], [ -83.79247, 44.51002 ], [ -83.77331, 44.60344 ], [ -83.84251, 44.63284 ], [ -83.81381, 44.77298 ], [ -83.88323, 44.80236 ], [ -83.85934, 44.91916 ], [ -83.9709, 44.92815 ], [ -84.00336, 44.95449 ], [ -83.98439, 45.04795 ], [ -84.05893, 45.05389 ], [ -84.04476, 45.12399 ], [ -84.08208, 45.12695 ], [ -84.06791, 45.19706 ] ] ], [ [ [ -72.9024, 43.56074 ], [ -72.9026, 43.65783 ], [ -73.00951, 43.67484 ], [ -72.9827, 43.64632 ], [ -73.01794, 43.55489 ], [ -72.98237, 43.54923 ], [ -72.99998, 43.50351 ], [ -72.9289, 43.49218 ], [ -72.9024, 43.56074 ] ] ], [ [ [ -70.84891, 44.11945 ], [ -70.81978, 44.18762 ], [ -70.87186, 44.24542 ], [ -70.97921, 44.26389 ], [ -71.01785, 44.17295 ], [ -71.0536, 44.17908 ], [ -71.05637, 44.082 ], [ -71.13736, 44.07149 ], [ -71.19219, 44.0321 ], [ -71.22082, 43.96386 ], [ -71.25647, 43.96994 ], [ -71.35625, 43.91381 ], [ -71.4464, 43.88037 ], [ -71.47468, 43.81208 ], [ -71.56462, 43.77858 ], [ -71.67136, 43.79655 ], [ -71.72559, 43.75696 ], [ -71.70866, 43.70543 ], [ -71.77207, 43.64305 ], [ -71.79987, 43.5747 ], [ -71.87083, 43.58658 ], [ -71.90771, 43.49541 ], [ -71.94315, 43.50133 ], [ -71.97986, 43.41015 ], [ -71.97197, 43.33585 ], [ -71.90128, 43.32403 ], [ -71.84902, 43.26659 ], [ -71.77844, 43.2547 ], [ -71.80606, 43.18635 ], [ -71.70035, 43.16848 ], [ -71.72801, 43.10013 ], [ -71.67611, 43.04263 ], [ -71.56141, 43.04744 ], [ -71.45601, 43.02939 ], [ -71.37645, 43.04007 ], [ -71.32032, 43.17662 ], [ -71.10663, 43.23718 ], [ -71.07821, 43.3054 ], [ -70.86383, 43.3656 ], [ -70.79017, 43.45031 ], [ -70.70995, 43.46063 ], [ -70.69064, 43.50606 ], [ -70.61657, 43.59069 ], [ -70.68731, 43.60313 ], [ -70.68397, 43.7002 ], [ -70.64514, 43.79105 ], [ -70.74193, 43.8324 ], [ -70.63198, 43.91082 ], [ -70.61247, 43.95624 ], [ -70.59293, 44.00166 ], [ -70.56357, 44.06978 ], [ -70.67052, 44.08847 ], [ -70.73211, 44.1236 ], [ -70.75159, 44.07817 ], [ -70.69003, 44.04304 ], [ -70.72895, 43.95218 ], [ -70.80014, 43.96457 ], [ -70.80667, 44.03892 ], [ -70.77753, 44.10708 ], [ -70.84891, 44.11945 ] ] ] ] } },
{ "type": "Feature", "properties": { "ID": 4 }, "geometry": { "type": "MultiPolygon", "coordinates": [ [ [ [ -89.96964, 44.8388 ], [ -89.85756, 44.83426 ], [ -89.89251, 44.85929 ], [ -89.80799, 44.95025 ], [ -89.72818, 44.99416 ], [ -89.72321, 45.04116 ], [ -89.83567, 45.0458 ], [ -89.96487, 44.88581 ], [ -89.96964, 44.8388 ] ] ], [ [ [ -89.4364, 44.91091 ], [ -89.46864, 44.95953 ], [ -89.4738, 44.91254 ], [ -89.4364, 44.91091 ] ] ], [ [ [ -90.25837, 45.34565 ], [ -90.03227, 45.33693 ], [ -90.02513, 45.40746 ], [ -90.09588, 45.45744 ], [ -90.20916, 45.46179 ], [ -90.2515, 45.4162 ], [ -90.25837, 45.34565 ] ] ], [ [ [ -87.59014, 46.00163 ], [ -87.62818, 46.00371 ], [ -87.70091, 46.03133 ], [ -87.67291, 45.95883 ], [ -87.68628, 45.86493 ], [ -87.61376, 45.83731 ], [ -87.55147, 45.73925 ], [ -87.5616, 45.66884 ], [ -87.48598, 45.66463 ], [ -87.44132, 45.70945 ], [ -87.4276, 45.80332 ], [ -87.34834, 45.82251 ], [ -87.32748, 45.96331 ], [ -87.40002, 45.99107 ], [ -87.59014, 46.00163 ] ] ], [ [ [ -93.55339, 46.09444 ], [ -93.51516, 46.09383 ], [ -93.50711, 46.28233 ], [ -93.54348, 46.33008 ], [ -93.7738, 46.33357 ], [ -93.7783, 46.21574 ], [ -93.70539, 46.12036 ], [ -93.55339, 46.09444 ] ] ], [ [ [ -91.36558, 46.6577 ], [ -91.28076, 46.74959 ], [ -91.62848, 46.75976 ], [ -91.63204, 46.71265 ], [ -91.78649, 46.71692 ], [ -91.78993, 46.6698 ], [ -92.06005, 46.67689 ], [ -92.09706, 46.70143 ], [ -92.17428, 46.70335 ], [ -92.25151, 46.70523 ], [ -92.25609, 46.63455 ], [ -92.18206, 46.58554 ], [ -92.18517, 46.53842 ], [ -91.99266, 46.53356 ], [ -91.91235, 46.57866 ], [ -91.8353, 46.57661 ], [ -91.6427, 46.57131 ], [ -91.64093, 46.59487 ], [ -91.52534, 46.59157 ], [ -91.4813, 46.66112 ], [ -91.36558, 46.6577 ] ] ], [ [ [ -80.06286, 46.06761 ], [ -79.9057, 46.07499 ], [ -79.93048, 46.12544 ], [ -79.9682, 46.12941 ], [ -79.95531, 46.17587 ], [ -79.99306, 46.17984 ], [ -80.13773, 46.21885 ], [ -80.25746, 46.20734 ], [ -80.27644, 46.1376 ], [ -80.16322, 46.12588 ], [ -80.17594, 46.0794 ], [ -80.06286, 46.06761 ] ] ], [ [ [ -73.93453, 44.54439 ], [ -74.09879, 44.6173 ], [ -74.06457, 44.70899 ], [ -74.20155, 44.75346 ], [ -74.21858, 44.7076 ], [ -74.29982, 44.69537 ], [ -74.48177, 44.72198 ], [ -74.49017, 44.69903 ], [ -74.56297, 44.70961 ], [ -74.57971, 44.66371 ], [ -74.68888, 44.6795 ], [ -74.75018, 44.61586 ], [ -74.82292, 44.62631 ], [ -74.87579, 44.58559 ], [ -74.90869, 44.49371 ], [ -74.98132, 44.50409 ], [ -75.08656, 44.42251 ], [ -75.15528, 44.33574 ], [ -75.20375, 44.19784 ], [ -75.2399, 44.20296 ], [ -75.28006, 44.08802 ], [ -75.31616, 44.09312 ], [ -75.33215, 44.04714 ], [ -75.36823, 44.05223 ], [ -75.39214, 43.98325 ], [ -75.32805, 43.95008 ], [ -75.316, 43.87602 ], [ -75.33193, 43.83004 ], [ -75.29599, 43.82494 ], [ -75.31193, 43.77896 ], [ -75.24811, 43.74576 ], [ -75.26406, 43.69979 ], [ -75.20035, 43.66657 ], [ -75.1885, 43.59249 ], [ -75.11693, 43.58222 ], [ -75.14094, 43.51328 ], [ -75.06947, 43.50298 ], [ -75.05781, 43.42889 ], [ -74.98646, 43.41856 ], [ -75.01857, 43.32666 ], [ -74.98295, 43.32149 ], [ -74.95537, 43.29334 ], [ -74.93586, 43.24221 ], [ -74.9003, 43.23702 ], [ -74.89225, 43.25998 ], [ -74.82112, 43.24957 ], [ -74.82437, 43.34664 ], [ -74.71755, 43.33095 ], [ -74.65451, 43.29749 ], [ -74.72258, 43.21092 ], [ -74.65154, 43.20042 ], [ -74.62417, 43.1722 ], [ -74.60787, 43.21811 ], [ -74.53963, 43.30463 ], [ -74.36187, 43.27809 ], [ -74.39484, 43.18634 ], [ -74.33214, 43.15274 ], [ -74.32388, 43.17568 ], [ -74.28841, 43.17034 ], [ -74.247, 43.285 ], [ -74.20315, 43.30257 ], [ -74.09657, 43.28643 ], [ -73.95642, 43.36188 ], [ -73.9058, 43.49936 ], [ -73.92452, 43.55062 ], [ -73.89912, 43.61935 ], [ -73.97053, 43.63022 ], [ -73.92819, 43.74478 ], [ -73.88393, 43.76226 ], [ -73.84815, 43.75681 ], [ -73.79532, 43.79716 ], [ -73.76967, 43.86588 ], [ -73.8055, 43.87134 ], [ -73.7884, 43.91715 ], [ -73.75254, 43.91168 ], [ -73.70099, 44.04909 ], [ -73.66506, 44.0436 ], [ -73.6478, 44.08939 ], [ -73.68375, 44.09489 ], [ -73.69237, 44.07199 ], [ -73.72985, 44.17456 ], [ -73.76587, 44.18004 ], [ -73.76746, 44.27713 ], [ -73.75021, 44.32294 ], [ -73.89466, 44.34477 ], [ -73.90506, 44.41895 ], [ -73.86029, 44.43642 ], [ -73.92407, 44.47022 ], [ -73.93453, 44.54439 ] ] ], [ [ [ -71.95761, 43.747 ], [ -71.94048, 43.6955 ], [ -71.96812, 43.62712 ], [ -71.8971, 43.61529 ], [ -71.86013, 43.70645 ], [ -71.95761, 43.747 ] ] ], [ [ [ -72.22814, 44.39936 ], [ -72.30016, 44.41103 ], [ -72.27172, 44.57658 ], [ -72.34396, 44.58823 ], [ -72.31631, 44.65669 ], [ -72.42484, 44.67412 ], [ -72.54257, 44.66863 ], [ -72.57909, 44.5773 ], [ -72.55208, 44.5487 ], [ -72.47985, 44.53715 ], [ -72.55244, 44.4516 ], [ -72.57973, 44.3831 ], [ -72.61576, 44.38885 ], [ -72.64294, 44.32034 ], [ -72.67894, 44.32608 ], [ -72.68798, 44.30324 ], [ -72.67007, 44.25182 ], [ -72.742, 44.26328 ], [ -72.751, 44.24044 ], [ -72.78696, 44.24615 ], [ -72.80492, 44.20046 ], [ -72.92988, 43.88055 ], [ -72.95677, 43.90907 ], [ -72.97482, 43.96045 ], [ -72.94817, 44.02902 ], [ -72.94845, 44.12611 ], [ -73.02027, 44.13743 ], [ -73.05575, 44.04599 ], [ -73.09162, 44.05163 ], [ -73.10046, 44.02876 ], [ -73.0646, 44.02313 ], [ -73.09994, 43.93167 ], [ -73.02834, 43.92039 ], [ -73.06368, 43.82895 ], [ -73.00105, 43.79479 ], [ -73.01871, 43.74907 ], [ -72.95619, 43.71489 ], [ -72.97387, 43.66918 ], [ -72.9026, 43.65783 ], [ -72.9024, 43.56074 ], [ -72.93772, 43.46933 ], [ -72.9022, 43.46365 ], [ -72.97262, 43.28081 ], [ -72.93721, 43.27514 ], [ -72.96354, 43.20657 ], [ -72.92817, 43.2009 ], [ -72.9106, 43.24661 ], [ -72.81335, 43.30378 ], [ -72.70715, 43.28664 ], [ -72.65397, 43.32658 ], [ -72.64506, 43.34942 ], [ -72.68049, 43.35516 ], [ -72.63593, 43.46935 ], [ -72.60044, 43.4636 ], [ -72.57359, 43.5321 ], [ -72.64465, 43.5436 ], [ -72.58193, 43.70345 ], [ -72.60858, 43.73204 ], [ -72.7512, 43.75498 ], [ -72.68854, 43.91487 ], [ -72.6884, 44.01196 ], [ -72.63458, 44.0519 ], [ -72.4913, 44.02884 ], [ -72.4021, 43.96582 ], [ -72.42027, 43.92018 ], [ -72.3131, 43.90275 ], [ -72.31235, 43.99984 ], [ -72.23996, 44.08526 ], [ -72.14792, 44.31337 ], [ -72.1469, 44.41046 ], [ -72.22814, 44.39936 ] ], [ [ -72.51763, 44.15454 ], [ -72.53499, 44.30307 ], [ -72.46306, 44.29151 ], [ -72.47266, 44.17159 ], [ -72.51763, 44.15454 ] ] ], [ [ [ -71.80136, 44.03734 ], [ -71.74526, 44.17405 ], [ -71.78109, 44.18 ], [ -71.95234, 44.13535 ], [ -71.95366, 44.03827 ], [ -71.99993, 43.92428 ], [ -72.03563, 43.93018 ], [ -72.09084, 43.79337 ], [ -71.95761, 43.747 ], [ -71.97476, 43.7985 ], [ -71.9378, 43.88968 ], [ -71.94572, 43.96397 ], [ -71.87431, 43.95213 ], [ -71.8572, 43.90062 ], [ -71.88502, 43.83226 ], [ -71.81377, 43.82039 ], [ -71.71458, 43.87682 ], [ -71.64149, 43.96196 ], [ -71.58702, 44.00151 ], [ -71.52505, 43.96674 ], [ -71.54388, 43.9212 ], [ -71.47994, 43.98348 ], [ -71.53991, 44.11537 ], [ -71.68303, 44.13933 ], [ -71.71116, 44.071 ], [ -71.80136, 44.03734 ] ] ], [ [ [ -71.34447, 44.03365 ], [ -71.38017, 44.0397 ], [ -71.35397, 44.01089 ], [ -71.34447, 44.03365 ] ] ], [ [ [ -71.38017, 44.0397 ], [ -71.32546, 44.07916 ], [ -71.36842, 44.15954 ], [ -71.41588, 44.04574 ], [ -71.38017, 44.0397 ] ] ], [ [ [ -75.1157, 45.63355 ], [ -75.09079, 45.70253 ], [ -75.23085, 45.74608 ], [ -75.19775, 45.83808 ], [ -75.30927, 45.85343 ], [ -75.35072, 45.95565 ], [ -75.26796, 45.96846 ], [ -75.119, 45.94793 ], [ -75.0362, 45.96061 ], [ -75.0567, 46.01176 ], [ -74.9738, 46.02441 ], [ -74.94856, 46.09338 ], [ -75.01478, 46.12674 ], [ -75.02692, 46.2009 ], [ -75.17649, 46.22152 ], [ -75.29704, 46.21387 ], [ -75.29285, 46.11672 ], [ -75.43405, 46.1601 ], [ -75.40104, 46.25217 ], [ -75.54265, 46.29545 ], [ -75.60472, 46.23141 ], [ -75.82953, 46.26144 ], [ -75.8538, 46.19232 ], [ -76.0411, 46.21706 ], [ -76.12404, 46.20384 ], [ -76.19106, 46.23669 ], [ -76.3194, 46.20519 ], [ -76.33518, 46.15906 ], [ -76.56008, 46.18802 ], [ -76.58835, 46.33609 ], [ -76.74655, 46.3321 ], [ -76.80061, 46.17048 ], [ -76.85349, 46.12903 ], [ -76.92848, 46.13847 ], [ -76.87479, 46.30014 ], [ -76.90472, 46.32795 ], [ -77.05525, 46.34675 ], [ -77.13845, 46.21278 ], [ -77.22113, 46.19897 ], [ -77.33384, 46.21284 ], [ -77.34882, 46.16661 ], [ -77.45406, 46.20352 ], [ -77.42422, 46.296 ], [ -77.49951, 46.30516 ], [ -77.55943, 46.24035 ], [ -77.63467, 46.24944 ], [ -77.60509, 46.34197 ], [ -77.68785, 46.32791 ], [ -77.75491, 46.23988 ], [ -77.81556, 46.29516 ], [ -77.9808, 46.26677 ], [ -78.00251, 46.19732 ], [ -78.1441, 46.11801 ], [ -78.28736, 46.15875 ], [ -78.35333, 46.07048 ], [ -78.46605, 46.08353 ], [ -78.53166, 45.99518 ], [ -78.64428, 46.00809 ], [ -78.76083, 45.87759 ], [ -78.83579, 45.8861 ], [ -78.88696, 45.84397 ], [ -78.73716, 45.82698 ], [ -78.70663, 45.79953 ], [ -78.74795, 45.66049 ], [ -78.78528, 45.66475 ], [ -78.8195, 45.54888 ], [ -78.86358, 45.52995 ], [ -79.01266, 45.54682 ], [ -78.9212, 45.46464 ], [ -78.93475, 45.41829 ], [ -78.88074, 45.34031 ], [ -78.73222, 45.32331 ], [ -78.65112, 45.33793 ], [ -78.67856, 45.24527 ], [ -78.66206, 45.17149 ], [ -78.70305, 45.03252 ], [ -78.7905, 44.99471 ], [ -78.8108, 44.92521 ], [ -78.67015, 44.88499 ], [ -78.48601, 44.86347 ], [ -78.42849, 44.92859 ], [ -78.35479, 44.91989 ], [ -78.3825, 44.8273 ], [ -78.30199, 44.84172 ], [ -78.11812, 44.81975 ], [ -78.00079, 44.82959 ], [ -77.89764, 44.79309 ], [ -77.83844, 44.73789 ], [ -77.78034, 44.80276 ], [ -77.67019, 44.78923 ], [ -77.60463, 44.87714 ], [ -77.48711, 44.88658 ], [ -77.37687, 44.87283 ], [ -77.36223, 44.91903 ], [ -77.2446, 44.92828 ], [ -77.06086, 44.90502 ], [ -77.05341, 44.9281 ], [ -76.86975, 44.90461 ], [ -76.81702, 45.06613 ], [ -76.85384, 45.07086 ], [ -76.79334, 45.25547 ], [ -76.71949, 45.24597 ], [ -76.61505, 45.3287 ], [ -76.58435, 45.42097 ], [ -76.5242, 45.48536 ], [ -76.54582, 45.5363 ], [ -76.46392, 45.54974 ], [ -76.4484, 45.59586 ], [ -76.29998, 45.57649 ], [ -76.28433, 45.6226 ], [ -76.20224, 45.6359 ], [ -76.05381, 45.61629 ], [ -75.98758, 45.58339 ], [ -75.93459, 45.62452 ], [ -75.85242, 45.63763 ], [ -75.7041, 45.61768 ], [ -75.61379, 45.65369 ], [ -75.51884, 45.59254 ], [ -75.42846, 45.62844 ], [ -75.30913, 45.63618 ], [ -75.161, 45.6157 ], [ -75.1157, 45.63355 ] ], [ [ -76.77082, 46.14265 ], [ -76.80061, 46.17048 ], [ -76.76311, 46.16573 ], [ -76.77082, 46.14265 ] ], [ [ -75.60472, 46.23141 ], [ -75.47967, 46.14215 ], [ -75.60001, 46.13427 ], [ -75.60472, 46.23141 ] ], [ [ -77.02685, 45.95841 ], [ -76.9673, 45.90283 ], [ -76.95277, 45.82886 ], [ -76.83324, 45.83779 ], [ -76.77399, 45.78215 ], [ -76.81222, 45.66674 ], [ -76.77504, 45.662 ], [ -76.81319, 45.5466 ], [ -76.80655, 45.44955 ], [ -76.95481, 45.46843 ], [ -77.01447, 45.40387 ], [ -77.15521, 45.44563 ], [ -77.67487, 45.50988 ], [ -77.65302, 45.57925 ], [ -77.72743, 45.58829 ], [ -77.74287, 45.66218 ], [ -77.83298, 45.74506 ], [ -77.85584, 45.79582 ], [ -77.93056, 45.80476 ], [ -77.94631, 45.87864 ], [ -78.05858, 45.89198 ], [ -78.12631, 45.92398 ], [ -78.06016, 46.01214 ], [ -77.94767, 45.9988 ], [ -77.86544, 46.013 ], [ -77.67805, 45.99048 ], [ -77.43853, 46.00939 ], [ -77.32618, 45.9956 ], [ -77.2214, 45.95861 ], [ -77.20637, 46.00482 ], [ -77.02685, 45.95841 ] ] ], [ [ [ -74.69507, 45.71944 ], [ -74.64105, 45.76012 ], [ -74.65265, 45.83429 ], [ -74.86356, 45.79155 ], [ -74.90554, 45.67664 ], [ -74.75745, 45.65577 ], [ -74.69507, 45.71944 ] ] ], [ [ [ -76.90472, 46.32795 ], [ -76.8671, 46.32323 ], [ -76.82081, 46.4618 ], [ -76.85852, 46.46654 ], [ -76.90472, 46.32795 ] ] ] ] } },
{ "type": "Feature", "properties": { "ID": 5 }, "geometry": { "type": "MultiPolygon", "coordinates": [ [ [ [ -80.22822, 41.90522 ], [ -80.19303, 41.90132 ], [ -80.11672, 41.91671 ], [ -80.22822, 41.90522 ] ] ], [ [ [ -80.03439, 41.95529 ], [ -80.10481, 41.96317 ], [ -80.11672, 41.91671 ], [ -80.04635, 41.90884 ], [ -80.03439, 41.95529 ] ] ], [ [ [ -79.27867, 42.20343 ], [ -79.20809, 42.19514 ], [ -79.11212, 42.27956 ], [ -79.07387, 42.41865 ], [ -79.03846, 42.41446 ], [ -79.02565, 42.46081 ], [ -79.06108, 42.465 ], [ -79.05468, 42.48818 ], [ -79.12557, 42.49654 ], [ -79.13832, 42.45018 ], [ -79.18645, 42.40797 ], [ -79.25728, 42.41627 ], [ -79.31789, 42.32764 ], [ -79.41366, 42.24309 ], [ -79.49675, 42.20487 ], [ -79.63804, 42.22112 ], [ -79.69792, 42.13233 ], [ -79.8573, 42.07873 ], [ -79.91674, 41.98984 ], [ -79.99919, 41.95133 ], [ -79.96399, 41.94737 ], [ -79.88756, 41.96264 ], [ -79.86446, 41.91222 ], [ -79.8293, 41.90822 ], [ -79.7468, 41.94663 ], [ -79.73461, 41.99306 ], [ -79.57534, 42.04652 ], [ -79.563, 42.09293 ], [ -79.45726, 42.0807 ], [ -79.44482, 42.1271 ], [ -79.40956, 42.123 ], [ -79.39708, 42.1694 ], [ -79.29125, 42.15704 ], [ -79.27867, 42.20343 ] ] ], [ [ [ -87.92253, 43.32463 ], [ -87.83093, 43.46137 ], [ -87.81515, 43.57867 ], [ -87.85168, 43.5807 ], [ -87.83907, 43.67454 ], [ -87.95195, 43.65711 ], [ -87.99781, 43.58871 ], [ -88.0194, 43.42446 ], [ -87.99529, 43.32862 ], [ -87.92253, 43.32463 ] ] ], [ [ [ -88.3347, 44.12639 ], [ -88.36562, 44.17523 ], [ -88.37157, 44.12828 ], [ -88.3347, 44.12639 ] ] ], [ [ [ -87.7866, 43.78981 ], [ -87.74995, 43.78777 ], [ -87.70817, 44.09273 ], [ -87.62472, 44.15897 ], [ -87.55098, 44.1548 ], [ -87.57471, 44.25071 ], [ -87.54499, 44.46182 ], [ -87.50794, 44.45972 ], [ -87.49127, 44.57699 ], [ -87.41028, 44.61966 ], [ -87.38659, 44.78384 ], [ -87.41707, 44.83289 ], [ -87.6408, 44.8455 ], [ -87.65397, 44.75166 ], [ -87.70428, 44.65988 ], [ -87.78511, 44.61705 ], [ -87.8319, 44.54869 ], [ -87.84471, 44.45484 ], [ -87.88813, 44.40993 ], [ -87.9622, 44.41394 ], [ -88.0055, 44.369 ], [ -88.04874, 44.32405 ], [ -88.06116, 44.23018 ], [ -87.99668, 44.15583 ], [ -88.01847, 43.99157 ], [ -87.99103, 43.9192 ], [ -88.07067, 43.87622 ], [ -88.11963, 43.78432 ], [ -88.13487, 43.66698 ], [ -88.05862, 43.68653 ], [ -88.04939, 43.75692 ], [ -88.00656, 43.80188 ], [ -87.85991, 43.79387 ], [ -87.82959, 43.74493 ], [ -87.83591, 43.698 ], [ -87.79931, 43.69597 ], [ -87.7866, 43.78981 ] ] ], [ [ [ -75.75632, 44.46782 ], [ -75.68361, 44.45782 ], [ -75.57913, 44.53981 ], [ -75.53124, 44.67784 ], [ -75.66922, 44.72096 ], [ -75.71845, 44.80002 ], [ -75.83606, 44.79196 ], [ -75.8676, 44.69987 ], [ -76.02151, 44.69663 ], [ -76.1311, 44.71137 ], [ -76.10775, 44.78047 ], [ -76.12877, 44.83145 ], [ -76.20201, 44.84123 ], [ -76.29073, 44.80489 ], [ -76.33696, 44.66662 ], [ -76.49076, 44.66289 ], [ -76.50601, 44.61678 ], [ -76.59421, 44.58027 ], [ -76.69737, 44.49757 ], [ -76.86564, 44.44733 ], [ -77.0479, 44.47083 ], [ -77.1282, 44.45708 ], [ -77.14291, 44.41091 ], [ -77.2887, 44.42945 ], [ -77.30327, 44.38327 ], [ -77.3834, 44.36938 ], [ -77.44873, 44.28158 ], [ -77.6229, 44.20739 ], [ -77.73197, 44.22096 ], [ -77.74616, 44.17474 ], [ -77.82591, 44.16061 ], [ -77.84, 44.11438 ], [ -77.94196, 44.15091 ], [ -78.051, 44.16425 ], [ -78.11679, 44.19623 ], [ -78.26235, 44.21382 ], [ -78.34889, 44.17628 ], [ -78.46488, 44.16617 ], [ -78.48086, 44.23994 ], [ -78.61988, 44.28034 ], [ -78.72931, 44.29317 ], [ -78.71586, 44.33949 ], [ -78.88514, 44.40707 ], [ -78.99486, 44.41971 ], [ -79.09803, 44.45545 ], [ -79.11487, 44.52916 ], [ -79.22874, 44.6617 ], [ -79.36924, 44.70139 ], [ -79.5532, 44.72183 ], [ -79.65886, 44.61394 ], [ -79.87942, 44.63802 ], [ -79.90464, 44.54517 ], [ -79.97808, 44.55311 ], [ -80.03979, 44.4642 ], [ -80.08269, 44.44492 ], [ -80.2294, 44.46059 ], [ -80.20505, 44.41024 ], [ -80.22968, 44.31735 ], [ -80.27241, 44.29802 ], [ -80.29688, 44.20511 ], [ -80.48566, 44.20118 ], [ -80.49772, 44.15471 ], [ -80.60131, 44.18941 ], [ -80.58332, 44.25913 ], [ -80.63856, 44.33646 ], [ -80.79108, 44.32834 ], [ -80.77327, 44.39808 ], [ -80.87153, 44.45584 ], [ -80.97586, 44.49028 ], [ -80.91552, 44.57957 ], [ -81.06278, 44.59442 ], [ -81.08614, 44.50139 ], [ -81.14615, 44.41203 ], [ -81.29079, 44.28342 ], [ -81.33081, 44.12055 ], [ -81.41526, 44.08125 ], [ -81.43788, 43.98817 ], [ -81.45481, 43.91836 ], [ -81.4353, 43.84494 ], [ -81.36253, 43.83772 ], [ -81.34882, 43.74102 ], [ -81.27618, 43.73376 ], [ -81.30456, 43.61743 ], [ -81.23207, 43.61014 ], [ -81.26047, 43.49382 ], [ -81.18814, 43.48651 ], [ -81.20521, 43.41673 ], [ -81.0665, 43.37876 ], [ -81.07795, 43.33224 ], [ -80.96978, 43.32113 ], [ -80.92082, 43.22067 ], [ -80.75356, 43.29866 ], [ -80.64551, 43.28731 ], [ -80.63373, 43.33379 ], [ -80.5197, 43.34559 ], [ -80.41161, 43.33406 ], [ -80.39965, 43.38052 ], [ -80.53795, 43.41912 ], [ -80.52606, 43.46559 ], [ -80.34558, 43.44635 ], [ -80.11695, 43.4694 ], [ -80.00872, 43.45758 ], [ -79.96033, 43.50004 ], [ -79.91705, 43.66252 ], [ -79.86843, 43.70496 ], [ -79.79603, 43.69696 ], [ -79.78352, 43.74337 ], [ -79.70479, 43.75854 ], [ -79.6922, 43.80494 ], [ -79.56441, 43.86239 ], [ -79.4663, 43.94702 ], [ -79.23545, 43.9687 ], [ -79.0539, 43.94788 ], [ -78.99786, 44.0132 ], [ -78.81626, 43.99208 ], [ -78.79993, 43.91835 ], [ -78.68447, 43.92872 ], [ -78.50322, 43.90722 ], [ -78.41037, 43.968 ], [ -78.30159, 43.95492 ], [ -78.28789, 44.0012 ], [ -78.17218, 44.01117 ], [ -77.99088, 43.98905 ], [ -77.87515, 43.99879 ], [ -77.8611, 44.04503 ], [ -77.75231, 44.03155 ], [ -77.73817, 44.07778 ], [ -77.65851, 44.09185 ], [ -77.52104, 44.17064 ], [ -77.4121, 44.15692 ], [ -77.3541, 44.22161 ], [ -77.17247, 44.19849 ], [ -77.09252, 44.21226 ], [ -77.07783, 44.25843 ], [ -76.97622, 44.2213 ], [ -76.83102, 44.20246 ], [ -76.75099, 44.21604 ], [ -76.73604, 44.26217 ], [ -76.55453, 44.2383 ], [ -76.49553, 44.30266 ], [ -76.35029, 44.28334 ], [ -76.33501, 44.32943 ], [ -76.18206, 44.333 ], [ -76.16664, 44.37907 ], [ -76.05764, 44.36436 ], [ -76.04212, 44.41042 ], [ -76.00577, 44.40549 ], [ -75.94602, 44.46963 ], [ -75.87328, 44.45973 ], [ -75.81333, 44.52382 ], [ -75.75632, 44.46782 ] ], [ [ -79.42344, 44.37263 ], [ -79.39755, 44.46539 ], [ -79.32428, 44.45716 ], [ -79.35028, 44.36442 ], [ -79.42344, 44.37263 ] ] ], [ [ [ -87.14105, 45.17172 ], [ -87.25352, 45.17827 ], [ -87.28118, 44.99064 ], [ -87.36276, 44.94803 ], [ -87.37299, 44.87766 ], [ -87.26108, 44.8712 ], [ -87.21685, 44.91593 ], [ -87.19948, 45.0332 ], [ -87.07317, 45.12041 ], [ -87.14105, 45.17172 ] ] ], [ [ [ -85.65634, 45.00615 ], [ -85.63585, 45.12322 ], [ -85.71879, 45.08151 ], [ -85.73504, 44.98785 ], [ -85.77639, 44.96697 ], [ -85.7018, 44.96188 ], [ -85.65634, 45.00615 ] ] ], [ [ [ -83.56278, 45.25125 ], [ -83.4183, 45.2155 ], [ -83.40332, 45.28555 ], [ -83.46816, 45.33848 ], [ -83.54302, 45.34467 ], [ -83.56278, 45.25125 ] ] ], [ [ [ -78.57814, 40.29746 ], [ -78.59329, 40.37134 ], [ -78.55904, 40.36703 ], [ -78.54629, 40.41341 ], [ -78.61483, 40.42203 ], [ -78.64022, 40.32926 ], [ -78.70868, 40.33783 ], [ -78.80228, 40.25357 ], [ -78.77437, 40.22611 ], [ -78.83694, 39.99404 ], [ -78.80288, 39.98979 ], [ -78.79663, 40.013 ], [ -78.76257, 40.00873 ], [ -78.71595, 40.05087 ], [ -78.69708, 40.12048 ], [ -78.65033, 40.16259 ], [ -78.67185, 40.21328 ], [ -78.63769, 40.20899 ], [ -78.61234, 40.30177 ], [ -78.57814, 40.29746 ] ] ], [ [ [ -74.34358, 41.87281 ], [ -74.29266, 41.91336 ], [ -74.27645, 41.95925 ], [ -74.31123, 41.9646 ], [ -74.2869, 42.03343 ], [ -74.39947, 42.02649 ], [ -74.43173, 41.93469 ], [ -74.36218, 41.92404 ], [ -74.34358, 41.87281 ] ] ], [ [ [ -76.3609, 42.64844 ], [ -76.11367, 42.61431 ], [ -76.20672, 42.55498 ], [ -76.23657, 42.46281 ], [ -76.22372, 42.38881 ], [ -76.1182, 42.37413 ], [ -76.07319, 42.51235 ], [ -76.02289, 42.5535 ], [ -75.95238, 42.54363 ], [ -75.92207, 42.63574 ], [ -75.87156, 42.67683 ], [ -75.80094, 42.66689 ], [ -75.75032, 42.70794 ], [ -75.68884, 42.89205 ], [ -75.72427, 42.89705 ], [ -75.69344, 42.9891 ], [ -75.83541, 43.00906 ], [ -75.91407, 42.99596 ], [ -75.92933, 42.94992 ], [ -76.07129, 42.96964 ], [ -76.08643, 42.92358 ], [ -76.2004, 42.91523 ], [ -76.27137, 42.92498 ], [ -76.3013, 42.83281 ], [ -76.33675, 42.83766 ], [ -76.32182, 42.88375 ], [ -76.40021, 42.87039 ], [ -76.45053, 42.82912 ], [ -76.47275, 42.75996 ], [ -76.41678, 42.70421 ], [ -76.43159, 42.65811 ], [ -76.3609, 42.64844 ] ] ], [ [ [ -75.54133, 43.32919 ], [ -75.54573, 43.42624 ], [ -75.52221, 43.49524 ], [ -75.62953, 43.51034 ], [ -75.69016, 43.66343 ], [ -75.70264, 43.73747 ], [ -75.7667, 43.77047 ], [ -75.73549, 43.86252 ], [ -75.79191, 43.91853 ], [ -75.92834, 43.96141 ], [ -75.94117, 44.03542 ], [ -76.04954, 44.05022 ], [ -76.04429, 43.95319 ], [ -76.11645, 43.96301 ], [ -76.16244, 43.82481 ], [ -76.22894, 43.73755 ], [ -76.16466, 43.70475 ], [ -76.14626, 43.53372 ], [ -76.16908, 43.46462 ], [ -76.10512, 43.43179 ], [ -76.12035, 43.38573 ], [ -76.08461, 43.38082 ], [ -76.09984, 43.33476 ], [ -76.00036, 43.29697 ], [ -75.89333, 43.28214 ], [ -75.88565, 43.30516 ], [ -75.74298, 43.28525 ], [ -75.76317, 43.33627 ], [ -75.64836, 43.34427 ], [ -75.54133, 43.32919 ] ] ], [ [ [ -76.04954, 44.05022 ], [ -76.01087, 44.16536 ], [ -76.07556, 44.19823 ], [ -76.22051, 44.21781 ], [ -76.3388, 44.08929 ], [ -76.19412, 44.06983 ], [ -76.11413, 44.08307 ], [ -76.04954, 44.05022 ] ] ], [ [ [ -73.1767, 44.71969 ], [ -73.10468, 44.80555 ], [ -73.16843, 44.83967 ], [ -73.16012, 44.95965 ], [ -73.26864, 44.87936 ], [ -73.23151, 44.77666 ], [ -73.37686, 44.799 ], [ -73.43087, 44.75879 ], [ -73.47487, 44.64434 ], [ -73.40235, 44.63324 ], [ -73.41995, 44.58747 ], [ -73.38373, 44.58191 ], [ -73.39253, 44.55902 ], [ -73.28394, 44.5423 ], [ -73.17605, 44.62259 ], [ -73.14934, 44.6912 ], [ -73.1767, 44.71969 ] ] ], [ [ [ -73.95265, 45.00698 ], [ -73.87959, 44.9961 ], [ -73.89009, 45.0703 ], [ -73.8727, 45.11613 ], [ -73.98251, 45.13243 ], [ -73.99981, 45.08659 ], [ -74.09023, 45.05155 ], [ -73.95265, 45.00698 ] ] ], [ [ [ -74.29272, 45.12965 ], [ -74.21945, 45.11893 ], [ -74.11179, 45.19991 ], [ -74.07725, 45.29164 ], [ -74.15071, 45.30242 ], [ -74.22182, 45.21605 ], [ -74.36008, 45.26038 ], [ -74.39416, 45.16859 ], [ -74.29272, 45.12965 ] ] ], [ [ [ -73.83085, 45.32783 ], [ -73.89558, 45.36165 ], [ -73.86936, 45.43041 ], [ -73.81505, 45.47079 ], [ -73.94487, 45.53842 ], [ -73.98846, 45.42379 ], [ -74.06206, 45.43462 ], [ -74.08154, 45.48588 ], [ -74.15523, 45.49666 ], [ -74.17481, 45.54792 ], [ -74.25722, 45.53571 ], [ -74.28302, 45.46688 ], [ -74.26338, 45.41564 ], [ -74.18114, 45.42785 ], [ -74.03394, 45.40628 ], [ -73.97778, 45.3496 ], [ -73.99515, 45.30374 ], [ -73.84833, 45.282 ], [ -73.83085, 45.32783 ] ] ] ] } },
{ "type": "Feature", "properties": { "ID": 6 }, "geometry": { "type": "MultiPolygon", "coordinates": [ [ [ [ -75.38178, 42.70358 ], [ -75.40149, 42.75465 ], [ -75.53507, 42.7979 ], [ -75.56604, 42.70587 ], [ -75.58921, 42.63685 ], [ -75.55394, 42.63181 ], [ -75.49891, 42.57571 ], [ -75.50665, 42.5527 ], [ -75.47144, 42.54765 ], [ -75.45593, 42.59365 ], [ -75.4207, 42.58858 ], [ -75.38178, 42.70358 ] ] ], [ [ [ -75.27986, 42.78536 ], [ -75.33085, 42.74448 ], [ -75.29554, 42.73938 ], [ -75.27986, 42.78536 ] ] ], [ [ [ -84.76957, 44.30217 ], [ -84.65906, 44.29378 ], [ -84.68264, 44.36673 ], [ -84.7564, 44.37232 ], [ -84.76957, 44.30217 ] ] ], [ [ [ -89.46864, 44.95953 ], [ -89.50092, 45.00815 ], [ -89.57329, 45.03485 ], [ -89.72321, 45.04116 ], [ -89.72818, 44.99416 ], [ -89.80799, 44.95025 ], [ -89.89251, 44.85929 ], [ -89.85756, 44.83426 ], [ -89.96964, 44.8388 ], [ -89.97677, 44.76828 ], [ -89.90694, 44.71827 ], [ -89.91652, 44.62426 ], [ -89.84691, 44.57421 ], [ -89.84933, 44.55071 ], [ -89.7378, 44.54609 ], [ -89.74762, 44.4521 ], [ -89.63878, 44.4239 ], [ -89.59917, 44.44581 ], [ -89.58408, 44.58679 ], [ -89.5097, 44.58359 ], [ -89.51479, 44.5366 ], [ -89.36616, 44.53008 ], [ -89.22023, 44.49993 ], [ -89.17774, 44.54523 ], [ -89.1697, 44.61569 ], [ -89.31063, 44.69288 ], [ -89.29479, 44.83384 ], [ -89.33213, 44.8355 ], [ -89.36162, 44.90763 ], [ -89.4738, 44.91254 ], [ -89.46864, 44.95953 ] ] ], [ [ [ -73.40504, 44.02779 ], [ -73.47683, 44.03889 ], [ -73.442, 44.13043 ], [ -73.51392, 44.14152 ], [ -73.44415, 44.32462 ], [ -73.58849, 44.34675 ], [ -73.67513, 44.11779 ], [ -73.68375, 44.09489 ], [ -73.6478, 44.08939 ], [ -73.66506, 44.0436 ], [ -73.70099, 44.04909 ], [ -73.75254, 43.91168 ], [ -73.7884, 43.91715 ], [ -73.8055, 43.87134 ], [ -73.76967, 43.86588 ], [ -73.79532, 43.79716 ], [ -73.84815, 43.75681 ], [ -73.77662, 43.74589 ], [ -73.77503, 43.6488 ], [ -73.84304, 43.46555 ], [ -73.87864, 43.471 ], [ -73.89555, 43.42518 ], [ -73.93114, 43.43062 ], [ -73.95642, 43.36188 ], [ -74.09657, 43.28643 ], [ -74.20315, 43.30257 ], [ -74.247, 43.285 ], [ -74.28841, 43.17034 ], [ -74.32388, 43.17568 ], [ -74.34038, 43.12981 ], [ -74.38406, 43.1122 ], [ -74.49042, 43.12813 ], [ -74.64044, 43.1263 ], [ -74.62417, 43.1722 ], [ -74.65154, 43.20042 ], [ -74.79365, 43.22138 ], [ -74.80173, 43.19842 ], [ -74.83727, 43.20364 ], [ -74.8728, 43.20885 ], [ -74.90835, 43.21405 ], [ -74.9003, 43.23702 ], [ -74.97143, 43.2474 ], [ -74.95537, 43.29334 ], [ -75.02658, 43.30369 ], [ -75.03459, 43.28072 ], [ -75.17702, 43.30131 ], [ -75.18497, 43.27833 ], [ -75.22462, 43.1634 ], [ -75.15355, 43.15315 ], [ -75.16149, 43.13016 ], [ -75.17735, 43.0842 ], [ -75.18527, 43.06121 ], [ -75.15772, 43.0331 ], [ -75.19318, 43.03823 ], [ -75.22478, 42.94629 ], [ -75.26021, 42.9514 ], [ -75.26808, 42.92841 ], [ -75.23267, 42.9233 ], [ -75.26415, 42.83134 ], [ -75.29951, 42.83645 ], [ -75.30736, 42.81346 ], [ -75.27201, 42.80835 ], [ -75.27986, 42.78536 ], [ -75.20134, 42.79812 ], [ -75.18557, 42.84409 ], [ -75.11487, 42.83382 ], [ -75.04419, 42.8235 ], [ -75.05213, 42.80053 ], [ -74.94619, 42.785 ], [ -74.95416, 42.76203 ], [ -74.84832, 42.74643 ], [ -74.8323, 42.79237 ], [ -74.64781, 42.78914 ], [ -74.59062, 42.63561 ], [ -74.50402, 42.67094 ], [ -74.39845, 42.65502 ], [ -74.38776, 42.58087 ], [ -74.3175, 42.57021 ], [ -74.29294, 42.63902 ], [ -74.15233, 42.61757 ], [ -74.06349, 42.55554 ], [ -74.08827, 42.48676 ], [ -74.18306, 42.42874 ], [ -74.04297, 42.40718 ], [ -73.99141, 42.44761 ], [ -73.94161, 42.58513 ], [ -74.01183, 42.59598 ], [ -73.98692, 42.66474 ], [ -74.05723, 42.67557 ], [ -74.02403, 42.76726 ], [ -74.026, 42.86435 ], [ -74.16712, 42.88592 ], [ -74.466, 42.88277 ], [ -74.44703, 42.83157 ], [ -74.52575, 42.81922 ], [ -74.66694, 42.84031 ], [ -74.72951, 42.87377 ], [ -74.74067, 42.94789 ], [ -74.81144, 42.95834 ], [ -74.81465, 43.05542 ], [ -74.67292, 43.03447 ], [ -74.47684, 42.95691 ], [ -74.40871, 43.04337 ], [ -74.01963, 42.98436 ], [ -73.99457, 43.05312 ], [ -73.83797, 43.17429 ], [ -73.76712, 43.16336 ], [ -73.65658, 43.46107 ], [ -73.47014, 43.45636 ], [ -73.47987, 43.53056 ], [ -73.43669, 43.64499 ], [ -73.47236, 43.65054 ], [ -73.47347, 43.74762 ], [ -73.4388, 43.83917 ], [ -73.47459, 43.84471 ], [ -73.46592, 43.8676 ], [ -73.43012, 43.86205 ], [ -73.39532, 43.95358 ], [ -73.43117, 43.95914 ], [ -73.40504, 44.02779 ] ] ], [ [ [ -83.79544, 45.41278 ], [ -83.97815, 45.45116 ], [ -83.96857, 45.4979 ], [ -84.15638, 45.51269 ], [ -84.14693, 45.55944 ], [ -84.21274, 45.61206 ], [ -84.28802, 45.61789 ], [ -84.29736, 45.57112 ], [ -84.41022, 45.57978 ], [ -84.43863, 45.62942 ], [ -84.46625, 45.48911 ], [ -84.5414, 45.49481 ], [ -84.55052, 45.44803 ], [ -84.73831, 45.46211 ], [ -84.74727, 45.41532 ], [ -84.88643, 45.28328 ], [ -84.97012, 45.24198 ], [ -85.05368, 45.20063 ], [ -85.16595, 45.20873 ], [ -85.21193, 45.1646 ], [ -85.19166, 45.06832 ], [ -85.22151, 44.90451 ], [ -85.25875, 44.90717 ], [ -85.26721, 44.86037 ], [ -85.23, 44.8577 ], [ -85.24273, 44.7875 ], [ -85.27989, 44.79016 ], [ -85.29675, 44.69656 ], [ -85.33386, 44.69921 ], [ -85.33805, 44.6758 ], [ -85.37516, 44.67844 ], [ -85.39183, 44.58483 ], [ -85.46593, 44.59007 ], [ -85.47832, 44.51985 ], [ -85.45371, 44.44703 ], [ -85.53175, 44.42883 ], [ -85.54811, 44.33521 ], [ -85.58501, 44.33779 ], [ -85.59315, 44.29098 ], [ -85.63002, 44.29356 ], [ -85.63811, 44.24674 ], [ -85.67496, 44.2493 ], [ -85.68302, 44.20248 ], [ -85.71984, 44.20504 ], [ -85.72785, 44.15822 ], [ -85.65023, 44.17651 ], [ -85.6296, 44.08031 ], [ -85.55611, 44.07515 ], [ -85.50303, 44.16618 ], [ -85.42945, 44.16095 ], [ -85.41295, 44.25456 ], [ -85.36781, 44.29874 ], [ -85.25722, 44.29079 ], [ -85.21933, 44.50137 ], [ -85.18235, 44.49869 ], [ -85.1141, 44.87305 ], [ -85.07689, 44.87035 ], [ -85.05099, 45.01073 ], [ -84.95459, 45.12226 ], [ -84.84252, 45.114 ], [ -84.65723, 45.28997 ], [ -84.64822, 45.33675 ], [ -84.44249, 45.41609 ], [ -84.47085, 45.46572 ], [ -84.32065, 45.45422 ], [ -84.32994, 45.40746 ], [ -84.29243, 45.40456 ], [ -84.28777, 45.42794 ], [ -84.17522, 45.41919 ], [ -83.99248, 45.38105 ], [ -84.01155, 45.28757 ], [ -83.9041, 45.25525 ], [ -83.83897, 45.20251 ], [ -83.81609, 45.12941 ], [ -83.83535, 45.03597 ], [ -83.8726, 45.03898 ], [ -83.88696, 44.96889 ], [ -83.73814, 44.95681 ], [ -83.71064, 44.90706 ], [ -83.72516, 44.83699 ], [ -83.65092, 44.83089 ], [ -83.66549, 44.76083 ], [ -83.643, 44.68772 ], [ -83.57384, 44.65823 ], [ -83.60304, 44.51813 ], [ -83.64176, 44.33134 ], [ -83.60496, 44.32827 ], [ -83.63874, 44.16483 ], [ -83.53623, 44.29877 ], [ -83.45288, 44.33926 ], [ -83.37928, 44.33303 ], [ -83.3326, 44.37658 ], [ -83.34965, 44.47307 ], [ -83.3149, 44.63646 ], [ -83.33697, 44.70962 ], [ -83.39617, 44.78591 ], [ -83.47032, 44.79213 ], [ -83.44067, 44.93221 ], [ -83.4729, 44.95867 ], [ -83.54728, 44.96486 ], [ -83.53252, 45.03491 ], [ -83.60211, 45.06442 ], [ -83.58247, 45.15784 ], [ -83.60507, 45.23097 ], [ -83.79544, 45.41278 ] ] ], [ [ [ -75.316, 43.87602 ], [ -75.32805, 43.95008 ], [ -75.39214, 43.98325 ], [ -75.38417, 44.00624 ], [ -75.46423, 43.99339 ], [ -75.52402, 43.92944 ], [ -75.51962, 43.83239 ], [ -75.45563, 43.79928 ], [ -75.47144, 43.75329 ], [ -75.3358, 43.70999 ], [ -75.31193, 43.77896 ], [ -75.34785, 43.78405 ], [ -75.316, 43.87602 ] ] ], [ [ [ -87.20731, 45.74346 ], [ -87.19321, 45.83731 ], [ -87.26553, 45.86513 ], [ -87.34834, 45.82251 ], [ -87.4276, 45.80332 ], [ -87.44132, 45.70945 ], [ -87.48598, 45.66463 ], [ -87.52379, 45.66674 ], [ -87.53733, 45.57287 ], [ -87.57508, 45.57497 ], [ -87.59857, 45.4107 ], [ -87.63622, 45.41278 ], [ -87.77213, 45.25468 ], [ -87.78518, 45.16081 ], [ -87.8324, 45.09244 ], [ -87.91373, 45.04954 ], [ -87.92651, 44.95567 ], [ -88.2159, 44.75821 ], [ -88.25316, 44.76014 ], [ -88.25926, 44.71319 ], [ -88.33373, 44.71701 ], [ -88.33976, 44.67006 ], [ -88.48862, 44.67759 ], [ -88.49453, 44.63064 ], [ -88.56891, 44.63435 ], [ -88.57475, 44.58739 ], [ -88.61192, 44.58923 ], [ -88.6293, 44.44835 ], [ -88.55805, 44.4212 ], [ -88.37277, 44.41185 ], [ -88.21238, 44.49809 ], [ -88.20015, 44.59197 ], [ -88.11655, 44.65849 ], [ -88.04216, 44.65456 ], [ -87.95513, 44.74446 ], [ -87.94244, 44.83833 ], [ -87.85499, 44.92818 ], [ -87.77703, 44.94758 ], [ -87.80793, 44.99655 ], [ -87.65836, 44.98834 ], [ -87.65176, 45.03527 ], [ -87.68259, 45.08426 ], [ -87.63852, 45.12912 ], [ -87.62857, 45.19951 ], [ -87.55018, 45.2188 ], [ -87.54011, 45.28919 ], [ -87.36239, 45.46841 ], [ -87.32471, 45.46626 ], [ -87.29348, 45.67741 ], [ -87.20731, 45.74346 ] ] ], [ [ [ -74.54621, 44.75551 ], [ -74.57426, 44.78375 ], [ -74.72012, 44.80479 ], [ -74.87436, 44.80272 ], [ -74.93559, 44.739 ], [ -75.08146, 44.75969 ], [ -75.19907, 44.75213 ], [ -75.24778, 44.6142 ], [ -75.32061, 44.62441 ], [ -75.44163, 44.4966 ], [ -75.54623, 44.41471 ], [ -75.58594, 44.29969 ], [ -75.62219, 44.30471 ], [ -75.68532, 44.12065 ], [ -75.569, 44.12859 ], [ -75.58481, 44.08258 ], [ -75.36025, 44.07522 ], [ -75.36823, 44.05223 ], [ -75.33215, 44.04714 ], [ -75.31616, 44.09312 ], [ -75.28006, 44.08802 ], [ -75.2399, 44.20296 ], [ -75.20375, 44.19784 ], [ -75.15528, 44.33574 ], [ -75.08656, 44.42251 ], [ -74.98132, 44.50409 ], [ -74.90869, 44.49371 ], [ -74.87579, 44.58559 ], [ -74.82292, 44.62631 ], [ -74.75018, 44.61586 ], [ -74.68888, 44.6795 ], [ -74.57971, 44.66371 ], [ -74.54621, 44.75551 ] ] ], [ [ [ -73.75884, 44.30003 ], [ -73.72276, 44.29455 ], [ -73.70547, 44.34036 ], [ -73.66937, 44.33487 ], [ -73.65202, 44.38066 ], [ -73.6159, 44.37516 ], [ -73.58109, 44.46674 ], [ -73.54492, 44.46122 ], [ -73.52745, 44.507 ], [ -73.56364, 44.51253 ], [ -73.55491, 44.53542 ], [ -73.62734, 44.54645 ], [ -73.64475, 44.50066 ], [ -73.76202, 44.49422 ], [ -73.82242, 44.33387 ], [ -73.75021, 44.32294 ], [ -73.75884, 44.30003 ] ] ], [ [ [ -73.03846, 42.12683 ], [ -73.07323, 42.13247 ], [ -73.09037, 42.08673 ], [ -73.05563, 42.08109 ], [ -73.03846, 42.12683 ] ] ], [ [ [ -73.41478, 42.4056 ], [ -73.44973, 42.41116 ], [ -73.45821, 42.38826 ], [ -73.42326, 42.38271 ], [ -73.41478, 42.4056 ] ] ], [ [ [ -73.28754, 42.84596 ], [ -73.31415, 42.87443 ], [ -73.47211, 42.85091 ], [ -73.4017, 42.8398 ], [ -73.4188, 42.79403 ], [ -73.35702, 42.76002 ], [ -73.40826, 42.62271 ], [ -73.50503, 42.66224 ], [ -73.47953, 42.73092 ], [ -73.54983, 42.74199 ], [ -73.52317, 42.71356 ], [ -73.55708, 42.62199 ], [ -73.49541, 42.58803 ], [ -73.51236, 42.54224 ], [ -73.41578, 42.50271 ], [ -73.39876, 42.54849 ], [ -73.32871, 42.53735 ], [ -73.27736, 42.67463 ], [ -73.24227, 42.66904 ], [ -73.21648, 42.73766 ], [ -73.19062, 42.80628 ], [ -73.22579, 42.81189 ], [ -73.21717, 42.83477 ], [ -73.28754, 42.84596 ] ] ], [ [ [ -73.44544, 42.82247 ], [ -73.48064, 42.82802 ], [ -73.48916, 42.80513 ], [ -73.45397, 42.79959 ], [ -73.44544, 42.82247 ] ] ], [ [ [ -73.27111, 42.98881 ], [ -73.22721, 43.00609 ], [ -73.19259, 43.09758 ], [ -73.21926, 43.12606 ], [ -73.28997, 43.13725 ], [ -73.28916, 43.04016 ], [ -73.34167, 42.99998 ], [ -73.27111, 42.98881 ] ] ], [ [ [ -73.12526, 43.6689 ], [ -73.1346, 43.74312 ], [ -73.22351, 43.70861 ], [ -73.12526, 43.6689 ] ] ], [ [ [ -73.0562, 44.14308 ], [ -73.02067, 44.23453 ], [ -73.03887, 44.2859 ], [ -73.10203, 44.32004 ], [ -73.08426, 44.36577 ], [ -73.12033, 44.37141 ], [ -73.18231, 44.21133 ], [ -73.21829, 44.21694 ], [ -73.22711, 44.19407 ], [ -73.19114, 44.18846 ], [ -73.19996, 44.16559 ], [ -73.16401, 44.15997 ], [ -73.18166, 44.11424 ], [ -73.11867, 44.08013 ], [ -73.13633, 44.03439 ], [ -73.10046, 44.02876 ], [ -73.07392, 44.09736 ], [ -73.03802, 44.09171 ], [ -73.02027, 44.13743 ], [ -73.0562, 44.14308 ] ] ], [ [ [ -70.56089, 43.89835 ], [ -70.59992, 43.80753 ], [ -70.49349, 43.78879 ], [ -70.4445, 43.90228 ], [ -70.58667, 43.9273 ], [ -70.56089, 43.89835 ] ] ], [ [ [ -72.68798, 44.30324 ], [ -72.68784, 44.40034 ], [ -72.79601, 44.4175 ], [ -72.77797, 44.269 ], [ -72.78696, 44.24615 ], [ -72.751, 44.24044 ], [ -72.742, 44.26328 ], [ -72.67007, 44.25182 ], [ -72.68798, 44.30324 ] ] ], [ [ [ -72.99465, 44.4973 ], [ -73.06693, 44.5086 ], [ -73.08476, 44.46287 ], [ -73.01253, 44.45158 ], [ -72.99465, 44.4973 ] ] ], [ [ [ -72.55208, 44.5487 ], [ -72.57909, 44.5773 ], [ -72.57877, 44.6744 ], [ -72.61497, 44.68015 ], [ -72.6423, 44.61164 ], [ -72.5882, 44.55446 ], [ -72.55208, 44.5487 ] ] ] ] } },
{ "type": "Feature", "properties": { "ID": 7 }, "geometry": { "type": "MultiPolygon", "coordinates": [ [ [ [ -91.7916, 45.58454 ], [ -91.78823, 45.63162 ], [ -91.97777, 45.63673 ], [ -92.0109, 45.70835 ], [ -92.00289, 45.82607 ], [ -91.96486, 45.82507 ], [ -91.95511, 45.96633 ], [ -91.99163, 45.99088 ], [ -92.29679, 45.99855 ], [ -92.33199, 46.04656 ], [ -92.33494, 45.99946 ], [ -92.48756, 46.00303 ], [ -92.52851, 45.9568 ], [ -92.5327, 45.88614 ], [ -92.57353, 45.8399 ], [ -92.68636, 45.86596 ], [ -92.7599, 45.9147 ], [ -92.80315, 45.82129 ], [ -92.88049, 45.79931 ], [ -93.03261, 45.80233 ], [ -93.03499, 45.75523 ], [ -93.14901, 45.7574 ], [ -93.15129, 45.71029 ], [ -93.60706, 45.71811 ], [ -93.75631, 45.79108 ], [ -93.7908, 45.88587 ], [ -93.90425, 45.91103 ], [ -93.90087, 46.00528 ], [ -94.0154, 46.0068 ], [ -94.09483, 45.91352 ], [ -94.10017, 45.7486 ], [ -94.21421, 45.74997 ], [ -94.25502, 45.65618 ], [ -94.33092, 45.65703 ], [ -94.33426, 45.53924 ], [ -94.25989, 45.49128 ], [ -94.22418, 45.42018 ], [ -94.15005, 45.37217 ], [ -94.11379, 45.3246 ], [ -93.96284, 45.32265 ], [ -93.88822, 45.29807 ], [ -93.88989, 45.25097 ], [ -93.70146, 45.24823 ], [ -93.70329, 45.20113 ], [ -93.51502, 45.19816 ], [ -93.51304, 45.24525 ], [ -93.4, 45.24336 ], [ -93.35812, 45.3369 ], [ -93.20718, 45.3342 ], [ -93.16493, 45.42769 ], [ -93.19937, 45.49904 ], [ -93.04802, 45.49618 ], [ -93.08934, 45.42626 ], [ -92.78703, 45.42018 ], [ -92.79215, 45.326 ], [ -92.71801, 45.30084 ], [ -92.68558, 45.20585 ], [ -92.61029, 45.20419 ], [ -92.61432, 45.13357 ], [ -92.54187, 45.08479 ], [ -92.54734, 44.99063 ], [ -92.5043, 45.08392 ], [ -92.46674, 45.08305 ], [ -92.47373, 44.96536 ], [ -92.40159, 44.91652 ], [ -92.28922, 44.91379 ], [ -92.2562, 44.84226 ], [ -92.14398, 44.83943 ], [ -92.06606, 44.88456 ], [ -92.07691, 44.71984 ], [ -92.0427, 44.6718 ], [ -91.85621, 44.66677 ], [ -91.82385, 44.59515 ], [ -91.71211, 44.592 ], [ -91.68165, 44.49682 ], [ -91.53292, 44.49246 ], [ -91.455, 44.53727 ], [ -91.46391, 44.41966 ], [ -91.50104, 44.42078 ], [ -91.50984, 44.30316 ], [ -91.47632, 44.255 ], [ -91.3282, 44.25043 ], [ -91.29669, 44.17871 ], [ -91.18575, 44.17516 ], [ -91.10798, 44.21979 ], [ -91.03397, 44.21734 ], [ -91.04172, 44.12328 ], [ -91.00867, 44.07501 ], [ -90.9309, 44.11954 ], [ -90.74623, 44.11313 ], [ -90.76053, 43.94855 ], [ -90.6848, 43.96944 ], [ -90.53745, 43.96409 ], [ -90.46809, 43.91434 ], [ -90.43993, 43.81893 ], [ -90.47211, 43.46632 ], [ -90.39904, 43.46355 ], [ -90.40767, 43.36952 ], [ -90.25958, 43.3874 ], [ -90.04072, 43.37869 ], [ -90.03613, 43.42569 ], [ -89.89015, 43.4197 ], [ -89.88544, 43.4667 ], [ -89.70286, 43.459 ], [ -89.65657, 43.55141 ], [ -89.58096, 43.57174 ], [ -89.53439, 43.66411 ], [ -89.52437, 43.75809 ], [ -89.59775, 43.76128 ], [ -89.58531, 43.87875 ], [ -89.54855, 43.87716 ], [ -89.50822, 44.25305 ], [ -89.57466, 44.32674 ], [ -89.56963, 44.37373 ], [ -89.71789, 44.38004 ], [ -89.7969, 44.33615 ], [ -89.82911, 44.38468 ], [ -89.81458, 44.52568 ], [ -89.85174, 44.52721 ], [ -89.84691, 44.57421 ], [ -89.91652, 44.62426 ], [ -89.90694, 44.71827 ], [ -89.97677, 44.76828 ], [ -89.97439, 44.79179 ], [ -90.007, 44.84029 ], [ -90.16568, 44.75214 ], [ -90.24937, 44.66098 ], [ -90.43568, 44.66801 ], [ -90.4313, 44.71503 ], [ -90.57836, 44.744 ], [ -90.5698, 44.83805 ], [ -90.64456, 44.84073 ], [ -90.63821, 44.91127 ], [ -90.74217, 45.0093 ], [ -90.89011, 45.03797 ], [ -90.9236, 45.08627 ], [ -90.882, 45.13205 ], [ -90.91352, 45.20388 ], [ -90.90543, 45.29797 ], [ -91.01647, 45.32525 ], [ -91.20496, 45.33132 ], [ -91.20114, 45.37838 ], [ -91.46529, 45.38649 ], [ -91.58028, 45.3663 ], [ -91.61452, 45.41446 ], [ -91.60576, 45.53213 ], [ -91.71928, 45.53536 ], [ -91.71586, 45.58243 ], [ -91.7916, 45.58454 ] ], [ [ -91.39246, 44.86547 ], [ -91.36054, 44.79375 ], [ -91.40154, 44.74785 ], [ -91.5509, 44.75234 ], [ -91.54563, 44.82292 ], [ -91.50469, 44.86886 ], [ -91.39246, 44.86547 ] ], [ [ -93.95552, 45.53463 ], [ -93.95797, 45.46397 ], [ -93.88232, 45.46293 ], [ -93.88569, 45.36872 ], [ -93.99899, 45.37026 ], [ -94.03362, 45.46496 ], [ -94.10927, 45.46592 ], [ -94.10701, 45.53659 ], [ -93.95552, 45.53463 ] ] ], [ [ [ -87.57844, 45.5515 ], [ -87.70492, 45.46385 ], [ -87.818, 45.46999 ], [ -87.89663, 45.45056 ], [ -87.94075, 45.40561 ], [ -88.01607, 45.4096 ], [ -88.0256, 45.33917 ], [ -88.06953, 45.2942 ], [ -88.18854, 45.25311 ], [ -88.19474, 45.20615 ], [ -88.28208, 45.1161 ], [ -88.46955, 45.12556 ], [ -88.51891, 45.0335 ], [ -88.59966, 44.99023 ], [ -88.78678, 44.9993 ], [ -88.83555, 44.90714 ], [ -88.94768, 44.91243 ], [ -88.95325, 44.86546 ], [ -89.1774, 44.87579 ], [ -89.18278, 44.8288 ], [ -89.29479, 44.83384 ], [ -89.31063, 44.69288 ], [ -89.1697, 44.61569 ], [ -89.17238, 44.5922 ], [ -89.02365, 44.58535 ], [ -89.02913, 44.53838 ], [ -88.84341, 44.52961 ], [ -88.692, 44.54591 ], [ -88.61192, 44.58923 ], [ -88.60611, 44.63619 ], [ -88.49453, 44.63064 ], [ -88.48862, 44.67759 ], [ -88.37698, 44.67196 ], [ -88.37097, 44.71891 ], [ -88.29649, 44.71511 ], [ -88.29042, 44.76205 ], [ -88.2159, 44.75821 ], [ -87.92651, 44.95567 ], [ -87.91373, 45.04954 ], [ -87.8324, 45.09244 ], [ -87.78518, 45.16081 ], [ -87.77213, 45.25468 ], [ -87.63622, 45.41278 ], [ -87.59857, 45.4107 ], [ -87.57844, 45.5515 ] ] ] ] } },
{ "type": "Feature", "properties": { "ID": 8 }, "geometry": { "type": "MultiPolygon", "coordinates": [ [ [ [ -79.07445, 39.49581 ], [ -79.12044, 39.45352 ], [ -79.08665, 39.44933 ], [ -79.07445, 39.49581 ] ] ], [ [ [ -79.27875, 39.78473 ], [ -79.24233, 39.92413 ], [ -79.3165, 39.90918 ], [ -79.3286, 39.86271 ], [ -79.4147, 39.80123 ], [ -79.43271, 39.7315 ], [ -79.33687, 39.69591 ], [ -79.27875, 39.78473 ] ] ], [ [ [ -77.83032, 41.42599 ], [ -77.89313, 41.45809 ], [ -77.99751, 41.47147 ], [ -78.08861, 41.53107 ], [ -78.29115, 41.58063 ], [ -78.33718, 41.41853 ], [ -78.38506, 41.37657 ], [ -78.45462, 41.38526 ], [ -78.55011, 41.30124 ], [ -78.66079, 41.29097 ], [ -78.76505, 41.30379 ], [ -78.77782, 41.25743 ], [ -78.838, 41.16894 ], [ -78.96101, 41.11206 ], [ -78.94209, 41.18164 ], [ -78.99892, 41.23644 ], [ -79.10316, 41.24902 ], [ -79.07808, 41.3418 ], [ -78.9737, 41.32921 ], [ -78.98955, 41.40298 ], [ -79.09407, 41.41556 ], [ -79.08149, 41.46195 ], [ -79.18612, 41.47446 ], [ -79.21476, 41.50181 ], [ -79.19601, 41.5714 ], [ -79.40571, 41.59618 ], [ -79.41807, 41.54977 ], [ -79.49411, 41.53474 ], [ -79.50639, 41.48832 ], [ -79.71594, 41.51265 ], [ -79.72805, 41.46621 ], [ -79.69314, 41.46218 ], [ -79.74754, 41.25319 ], [ -79.82314, 41.23798 ], [ -79.96235, 41.25393 ], [ -79.95045, 41.30039 ], [ -80.06089, 41.28903 ], [ -80.0372, 41.38197 ], [ -80.13599, 41.41702 ], [ -80.12418, 41.4635 ], [ -80.18229, 41.51781 ], [ -80.1646, 41.58752 ], [ -80.26965, 41.59924 ], [ -80.26378, 41.62248 ], [ -80.29882, 41.62637 ], [ -80.31052, 41.57988 ], [ -80.41558, 41.59149 ], [ -80.42719, 41.545 ], [ -80.52645, 41.57977 ], [ -80.66658, 41.59502 ], [ -80.72355, 41.36242 ], [ -80.68864, 41.35864 ], [ -80.70569, 41.28885 ], [ -80.60679, 41.2542 ], [ -80.62959, 41.16115 ], [ -80.6005, 41.13408 ], [ -80.56571, 41.13027 ], [ -80.57713, 41.08374 ], [ -80.58853, 41.03722 ], [ -80.59992, 40.99069 ], [ -80.70405, 41.00209 ], [ -80.69274, 41.04863 ], [ -80.72749, 41.05241 ], [ -80.73313, 41.02914 ], [ -80.8721, 41.0442 ], [ -80.89444, 40.9511 ], [ -80.81945, 40.96687 ], [ -80.86973, 40.75738 ], [ -80.91543, 40.71456 ], [ -80.74261, 40.69578 ], [ -80.69118, 40.76181 ], [ -80.61068, 40.80075 ], [ -80.43772, 40.78159 ], [ -80.36281, 40.79713 ], [ -80.34552, 40.8669 ], [ -80.44941, 40.87849 ], [ -80.47832, 40.90559 ], [ -80.43814, 41.0684 ], [ -80.29342, 41.07618 ], [ -80.27613, 41.00253 ], [ -80.30512, 40.88627 ], [ -80.09741, 40.86281 ], [ -79.95311, 40.87023 ], [ -79.94127, 40.91671 ], [ -79.83742, 40.90475 ], [ -79.71101, 40.84222 ], [ -79.62982, 40.88059 ], [ -79.49152, 40.86432 ], [ -79.47521, 40.79057 ], [ -79.41227, 40.75916 ], [ -79.27428, 40.74267 ], [ -79.31109, 40.60338 ], [ -79.28894, 40.55281 ], [ -79.15143, 40.5362 ], [ -79.16993, 40.46656 ], [ -79.25087, 40.42844 ], [ -79.26923, 40.35878 ], [ -79.34389, 40.34382 ], [ -79.40243, 40.25502 ], [ -79.42662, 40.1621 ], [ -79.50702, 40.12382 ], [ -79.53699, 40.00762 ], [ -79.61714, 39.96927 ], [ -79.62903, 39.92278 ], [ -79.59496, 39.91872 ], [ -79.56686, 39.89141 ], [ -79.58473, 39.82166 ], [ -79.67645, 39.73677 ], [ -79.75029, 39.72159 ], [ -79.76792, 39.65181 ], [ -79.73398, 39.64778 ], [ -79.76333, 39.53148 ], [ -79.73533, 39.50419 ], [ -79.63376, 39.49206 ], [ -79.62195, 39.53857 ], [ -79.54234, 39.57695 ], [ -79.55842, 39.65078 ], [ -79.52268, 39.79027 ], [ -79.47671, 39.83267 ], [ -79.46472, 39.87916 ], [ -79.49876, 39.88325 ], [ -79.41866, 39.92153 ], [ -79.40661, 39.96801 ], [ -79.36044, 40.01037 ], [ -79.32634, 40.00624 ], [ -79.31421, 40.0527 ], [ -79.34834, 40.05683 ], [ -79.29599, 40.12239 ], [ -79.22768, 40.1141 ], [ -79.20322, 40.207 ], [ -79.13484, 40.19866 ], [ -79.11021, 40.29153 ], [ -79.05124, 40.3802 ], [ -79.01696, 40.376 ], [ -78.97024, 40.41821 ], [ -78.93905, 40.53423 ], [ -78.70134, 40.62471 ], [ -78.71036, 40.72175 ], [ -78.60706, 40.70888 ], [ -78.63894, 40.59295 ], [ -78.53586, 40.58003 ], [ -78.42854, 40.71044 ], [ -78.34675, 40.74808 ], [ -78.25182, 40.832 ], [ -78.16978, 40.86953 ], [ -78.10896, 40.95775 ], [ -78.03992, 40.94889 ], [ -78.02667, 40.99519 ], [ -77.99213, 40.99074 ], [ -77.9522, 41.12963 ], [ -77.90422, 41.17146 ], [ -77.88413, 41.24088 ], [ -77.80807, 41.25505 ], [ -77.79459, 41.30132 ], [ -77.65586, 41.28326 ], [ -77.67623, 41.21387 ], [ -77.76575, 41.1535 ], [ -77.83498, 41.1625 ], [ -77.9176, 41.12517 ], [ -77.90305, 41.05126 ], [ -77.7303, 41.02879 ], [ -77.71681, 41.07507 ], [ -77.64092, 41.08915 ], [ -77.50995, 41.168 ], [ -77.48942, 41.23737 ], [ -77.5587, 41.2465 ], [ -77.57288, 41.32043 ], [ -77.64227, 41.32952 ], [ -77.65657, 41.40343 ], [ -77.83032, 41.42599 ] ], [ [ -78.38325, 40.87266 ], [ -78.35727, 40.96533 ], [ -78.28818, 40.95659 ], [ -78.31426, 40.86393 ], [ -78.38325, 40.87266 ] ], [ [ -78.58637, 41.04202 ], [ -78.61205, 40.9493 ], [ -78.71574, 40.96217 ], [ -78.67101, 41.12444 ], [ -78.50656, 41.19992 ], [ -78.34827, 41.25204 ], [ -78.33518, 41.29836 ], [ -78.19631, 41.28083 ], [ -78.18971, 41.30399 ], [ -78.08557, 41.29074 ], [ -78.14674, 41.20255 ], [ -78.21608, 41.21136 ], [ -78.22265, 41.18821 ], [ -78.19458, 41.16065 ], [ -78.33319, 41.17819 ], [ -78.38741, 41.11305 ], [ -78.45668, 41.12175 ], [ -78.46964, 41.07541 ], [ -78.50425, 41.07974 ], [ -78.51717, 41.03339 ], [ -78.58637, 41.04202 ] ] ], [ [ [ -80.18993, 40.77766 ], [ -80.25907, 40.78547 ], [ -80.26486, 40.76222 ], [ -80.19575, 40.75441 ], [ -80.18993, 40.77766 ] ] ], [ [ [ -77.48866, 40.99698 ], [ -77.51591, 40.90447 ], [ -77.50189, 40.83051 ], [ -77.43307, 40.82135 ], [ -77.38498, 40.86301 ], [ -77.35755, 40.9555 ], [ -77.37144, 41.02946 ], [ -77.44047, 41.03865 ], [ -77.45415, 40.9924 ], [ -77.48866, 40.99698 ] ] ], [ [ [ -77.37865, 41.24673 ], [ -77.3094, 41.23751 ], [ -77.29555, 41.28374 ], [ -77.3302, 41.28835 ], [ -77.35795, 41.31608 ], [ -77.37865, 41.24673 ] ] ], [ [ [ -77.18467, 41.29295 ], [ -77.1154, 41.28364 ], [ -77.13606, 41.3345 ], [ -77.18467, 41.29295 ] ] ], [ [ [ -77.08739, 41.37604 ], [ -77.12207, 41.38071 ], [ -77.13606, 41.3345 ], [ -77.1014, 41.32984 ], [ -77.08739, 41.37604 ] ] ], [ [ [ -77.12113, 41.74118 ], [ -77.07919, 41.75961 ], [ -77.0443, 41.75493 ], [ -77.02306, 41.82421 ], [ -77.12786, 41.83822 ], [ -77.12113, 41.74118 ] ] ], [ [ [ -77.07758, 42.24012 ], [ -77.18309, 42.25409 ], [ -77.16184, 42.32337 ], [ -77.14765, 42.36955 ], [ -77.21814, 42.37884 ], [ -77.20397, 42.42502 ], [ -77.23925, 42.42966 ], [ -77.24633, 42.40657 ], [ -77.2957, 42.365 ], [ -77.36621, 42.37421 ], [ -77.38725, 42.30491 ], [ -77.28161, 42.29108 ], [ -77.3449, 42.2033 ], [ -77.37988, 42.08778 ], [ -77.3167, 42.05547 ], [ -77.3307, 42.00926 ], [ -77.19054, 41.99076 ], [ -77.21164, 41.92146 ], [ -77.14872, 41.88907 ], [ -77.15576, 41.86598 ], [ -77.12081, 41.86132 ], [ -77.11375, 41.88441 ], [ -77.07879, 41.87975 ], [ -77.06463, 41.92593 ], [ -77.09962, 41.9306 ], [ -77.06421, 42.04606 ], [ -76.97986, 42.08286 ], [ -76.94545, 41.95804 ], [ -76.79834, 41.96224 ], [ -76.69341, 41.94798 ], [ -76.64998, 42.0864 ], [ -76.72008, 42.09594 ], [ -76.73346, 42.16991 ], [ -76.79646, 42.20248 ], [ -76.78202, 42.24862 ], [ -76.97927, 42.20298 ], [ -77.04955, 42.21235 ], [ -77.03529, 42.25853 ], [ -77.07047, 42.2632 ], [ -77.07758, 42.24012 ] ] ], [ [ [ -77.67067, 42.5816 ], [ -77.72766, 42.63686 ], [ -77.74236, 42.71072 ], [ -77.81333, 42.71972 ], [ -77.82022, 42.6966 ], [ -77.92668, 42.71003 ], [ -77.93353, 42.6869 ], [ -77.89805, 42.68244 ], [ -77.9186, 42.61306 ], [ -77.9745, 42.54814 ], [ -77.90371, 42.53922 ], [ -77.92544, 42.58994 ], [ -77.78378, 42.57201 ], [ -77.8113, 42.47953 ], [ -77.74749, 42.44741 ], [ -77.76813, 42.37806 ], [ -77.69756, 42.36903 ], [ -77.65608, 42.50773 ], [ -77.60684, 42.54942 ], [ -77.64221, 42.55395 ], [ -77.63527, 42.57707 ], [ -77.67067, 42.5816 ] ] ], [ [ [ -83.63874, 44.16483 ], [ -83.60496, 44.32827 ], [ -83.64176, 44.33134 ], [ -83.60304, 44.51813 ], [ -83.58845, 44.58818 ], [ -83.63512, 44.54455 ], [ -83.74594, 44.5537 ], [ -83.74114, 44.57705 ], [ -83.7781, 44.58008 ], [ -83.79247, 44.51002 ], [ -83.77469, 44.41357 ], [ -83.81757, 44.20338 ], [ -83.86377, 44.15969 ], [ -84.04738, 44.17461 ], [ -84.10265, 44.08411 ], [ -84.2494, 44.09583 ], [ -84.28153, 44.1221 ], [ -84.4284, 44.13365 ], [ -84.56197, 44.21518 ], [ -84.54857, 44.28531 ], [ -84.62798, 44.45745 ], [ -84.70185, 44.46306 ], [ -84.71952, 44.36953 ], [ -84.68264, 44.36673 ], [ -84.65906, 44.29378 ], [ -84.76957, 44.30217 ], [ -84.72997, 44.51263 ], [ -84.76694, 44.51542 ], [ -84.76254, 44.5388 ], [ -84.79953, 44.54158 ], [ -84.79074, 44.58835 ], [ -84.88873, 44.66682 ], [ -84.96289, 44.67231 ], [ -85.00178, 44.46178 ], [ -85.05588, 44.37093 ], [ -85.12968, 44.37634 ], [ -85.22036, 44.28812 ], [ -85.27897, 43.96056 ], [ -85.42563, 43.97112 ], [ -85.48264, 44.06996 ], [ -85.7031, 44.08544 ], [ -85.69507, 44.13226 ], [ -85.84618, 44.11899 ], [ -85.89083, 44.07467 ], [ -85.91047, 43.9576 ], [ -85.98384, 43.96258 ], [ -86.02828, 43.91823 ], [ -86.0476, 43.80114 ], [ -86.08419, 43.8036 ], [ -86.10337, 43.6865 ], [ -86.06684, 43.68404 ], [ -86.08983, 43.54353 ], [ -86.06106, 43.49423 ], [ -85.98439, 43.5127 ], [ -85.83873, 43.50269 ], [ -85.84656, 43.45587 ], [ -85.70107, 43.44573 ], [ -85.5516, 43.45885 ], [ -85.55964, 43.41204 ], [ -85.49101, 43.38344 ], [ -85.50716, 43.28982 ], [ -85.36212, 43.27934 ], [ -85.24924, 43.29479 ], [ -85.2254, 43.22193 ], [ -85.15298, 43.21657 ], [ -84.99129, 43.29931 ], [ -84.96161, 43.46303 ], [ -84.92526, 43.46029 ], [ -84.9039, 43.57723 ], [ -84.77736, 43.66247 ], [ -84.66363, 43.67747 ], [ -84.44493, 43.66045 ], [ -84.31757, 43.7453 ], [ -84.34504, 43.79493 ], [ -84.16251, 43.78038 ], [ -84.07568, 43.84458 ], [ -83.96609, 43.83568 ], [ -83.94742, 43.92911 ], [ -83.89676, 43.99619 ], [ -83.81407, 44.03689 ], [ -83.74081, 44.03083 ], [ -83.57502, 44.112 ], [ -83.63874, 44.16483 ] ] ], [ [ [ -84.8429, 44.71083 ], [ -84.88873, 44.66682 ], [ -84.85166, 44.66406 ], [ -84.8429, 44.71083 ] ] ], [ [ [ -83.82818, 44.70291 ], [ -83.79113, 44.69989 ], [ -83.78153, 44.7466 ], [ -83.74447, 44.74357 ], [ -83.72999, 44.81364 ], [ -83.83655, 44.84607 ], [ -83.83175, 44.86943 ], [ -83.8689, 44.87244 ], [ -83.88323, 44.80236 ], [ -83.81381, 44.77298 ], [ -83.82818, 44.70291 ] ] ], [ [ [ -83.90986, 45.04198 ], [ -83.9003, 45.0887 ], [ -84.00744, 45.12102 ], [ -84.04476, 45.12399 ], [ -84.05893, 45.05389 ], [ -83.98439, 45.04795 ], [ -84.00336, 44.95449 ], [ -83.9709, 44.92815 ], [ -83.85934, 44.91916 ], [ -83.85455, 44.94252 ], [ -83.89174, 44.94553 ], [ -83.8726, 45.03898 ], [ -83.90986, 45.04198 ] ] ], [ [ [ -84.06318, 45.22043 ], [ -84.08639, 45.29349 ], [ -84.14714, 45.3695 ], [ -84.22211, 45.37536 ], [ -84.15655, 45.32275 ], [ -84.17065, 45.25263 ], [ -84.14265, 45.20295 ], [ -84.06791, 45.19706 ], [ -84.06318, 45.22043 ] ] ], [ [ [ -84.28777, 45.42794 ], [ -84.29243, 45.40456 ], [ -84.32994, 45.40746 ], [ -84.33458, 45.38408 ], [ -84.22211, 45.37536 ], [ -84.21274, 45.42211 ], [ -84.28777, 45.42794 ] ] ], [ [ [ -76.06866, 40.94564 ], [ -75.99257, 40.95883 ], [ -75.93348, 41.14322 ], [ -75.89638, 41.25844 ], [ -75.93091, 41.2634 ], [ -75.92349, 41.28644 ], [ -75.99259, 41.29633 ], [ -76.00738, 41.25024 ], [ -76.08382, 41.23704 ], [ -76.25653, 41.26151 ], [ -76.26383, 41.23845 ], [ -76.43662, 41.2627 ], [ -76.47274, 41.14735 ], [ -76.2313, 41.11339 ], [ -76.12057, 41.12177 ], [ -76.14255, 41.0526 ], [ -76.10812, 41.04769 ], [ -76.08837, 40.99667 ], [ -76.10303, 40.95055 ], [ -76.06866, 40.94564 ] ] ], [ [ [ -74.56777, 41.54439 ], [ -74.58366, 41.49846 ], [ -74.63406, 41.45779 ], [ -74.77224, 41.47879 ], [ -74.82566, 41.5352 ], [ -74.89486, 41.54562 ], [ -74.85562, 41.66053 ], [ -74.87457, 41.7117 ], [ -74.83988, 41.70649 ], [ -74.82412, 41.75244 ], [ -74.88569, 41.78585 ], [ -75.10978, 41.77094 ], [ -75.17186, 41.58698 ], [ -75.18733, 41.54098 ], [ -75.15677, 41.41571 ], [ -75.10674, 41.45656 ], [ -75.04537, 41.42325 ], [ -74.93843, 41.31056 ], [ -74.99621, 41.24677 ], [ -75.08058, 41.21112 ], [ -75.22604, 41.20868 ], [ -75.21068, 41.25469 ], [ -75.24516, 41.25982 ], [ -75.26049, 41.2138 ], [ -75.31786, 41.14988 ], [ -75.34073, 41.08084 ], [ -75.37512, 41.08593 ], [ -75.45906, 41.05005 ], [ -75.47418, 41.004 ], [ -75.55043, 40.99108 ], [ -75.61481, 40.904 ], [ -75.71777, 40.91906 ], [ -75.68789, 41.0112 ], [ -75.69984, 41.08532 ], [ -75.76868, 41.09532 ], [ -75.80592, 40.98012 ], [ -75.79387, 40.90601 ], [ -75.89211, 40.82377 ], [ -75.92641, 40.82873 ], [ -75.93378, 40.80568 ], [ -75.79668, 40.7858 ], [ -75.78184, 40.83189 ], [ -75.70583, 40.84493 ], [ -75.56872, 40.82483 ], [ -75.52695, 40.84281 ], [ -75.38233, 40.84556 ], [ -75.24533, 40.82514 ], [ -75.19582, 40.86604 ], [ -75.16521, 40.95808 ], [ -75.26815, 40.97346 ], [ -75.24524, 41.0425 ], [ -75.16887, 41.05525 ], [ -75.06582, 41.0398 ], [ -74.98941, 41.05245 ], [ -74.85209, 41.03166 ], [ -74.77565, 41.04419 ], [ -74.82244, 40.90627 ], [ -74.98266, 40.8581 ], [ -75.00579, 40.78909 ], [ -74.94512, 40.75572 ], [ -74.8426, 40.7401 ], [ -74.68258, 40.78812 ], [ -74.61705, 40.87478 ], [ -74.5856, 40.96669 ], [ -74.44859, 40.9455 ], [ -74.46701, 40.99675 ], [ -74.43274, 40.99144 ], [ -74.40096, 41.0833 ], [ -74.4696, 41.09393 ], [ -74.46166, 41.1169 ], [ -74.5145, 41.17344 ], [ -74.50657, 41.19641 ], [ -74.57534, 41.20699 ], [ -74.60184, 41.23524 ], [ -74.53844, 41.41899 ], [ -74.48004, 41.48258 ], [ -74.51457, 41.48788 ], [ -74.49863, 41.53381 ], [ -74.56777, 41.54439 ] ] ], [ [ [ -75.6938, 41.32566 ], [ -75.57938, 41.45377 ], [ -75.64861, 41.46382 ], [ -75.7825, 41.38672 ], [ -75.79747, 41.34065 ], [ -75.73585, 41.30763 ], [ -75.74335, 41.2846 ], [ -75.70882, 41.2796 ], [ -75.6938, 41.32566 ] ] ], [ [ [ -75.57938, 41.45377 ], [ -75.54478, 41.44872 ], [ -75.5296, 41.49476 ], [ -75.49497, 41.48971 ], [ -75.47975, 41.53574 ], [ -75.58371, 41.55089 ], [ -75.57938, 41.45377 ] ] ], [ [ [ -75.97277, 41.58273 ], [ -75.98516, 41.65679 ], [ -76.12421, 41.67648 ], [ -76.21382, 41.73725 ], [ -76.28346, 41.747 ], [ -76.31643, 41.87199 ], [ -76.42115, 41.88653 ], [ -76.48215, 42.03936 ], [ -76.58718, 42.05377 ], [ -76.64397, 41.98935 ], [ -76.58127, 41.95671 ], [ -76.6452, 41.86922 ], [ -76.70063, 41.92491 ], [ -76.73559, 41.92966 ], [ -76.74279, 41.90659 ], [ -76.77774, 41.91134 ], [ -76.7921, 41.86518 ], [ -76.86198, 41.87465 ], [ -76.89054, 41.78232 ], [ -76.85565, 41.77759 ], [ -76.84221, 41.70362 ], [ -76.8913, 41.66217 ], [ -76.85647, 41.65745 ], [ -76.8636, 41.63436 ], [ -76.7592, 41.62015 ], [ -76.74487, 41.66631 ], [ -76.66805, 41.67986 ], [ -76.59843, 41.6703 ], [ -76.52882, 41.66071 ], [ -76.49403, 41.6559 ], [ -76.45197, 41.67414 ], [ -76.4374, 41.72027 ], [ -76.36776, 41.7106 ], [ -76.31282, 41.65478 ], [ -76.30004, 41.58075 ], [ -76.23058, 41.57101 ], [ -76.21587, 41.61711 ], [ -76.17375, 41.63528 ], [ -76.06951, 41.62056 ], [ -76.0422, 41.5926 ], [ -75.97277, 41.58273 ] ] ], [ [ [ -75.40057, 42.32035 ], [ -75.47073, 42.33049 ], [ -75.47845, 42.30748 ], [ -75.40831, 42.29735 ], [ -75.40057, 42.32035 ] ] ], [ [ [ -72.883, 42.63547 ], [ -72.86542, 42.58407 ], [ -72.79542, 42.57267 ], [ -72.77793, 42.61837 ], [ -72.883, 42.63547 ] ] ], [ [ [ -73.17211, 42.65782 ], [ -73.11113, 42.72081 ], [ -73.14624, 42.72643 ], [ -73.1376, 42.7493 ], [ -73.20786, 42.76054 ], [ -73.21648, 42.73766 ], [ -73.24227, 42.66904 ], [ -73.17211, 42.65782 ] ] ], [ [ [ -70.6172, 43.3222 ], [ -70.66835, 43.38007 ], [ -70.62001, 43.49362 ], [ -70.69064, 43.50606 ], [ -70.70995, 43.46063 ], [ -70.79017, 43.45031 ], [ -70.86383, 43.3656 ], [ -71.07821, 43.3054 ], [ -71.10663, 43.23718 ], [ -71.32032, 43.17662 ], [ -71.37645, 43.04007 ], [ -71.45601, 43.02939 ], [ -71.56141, 43.04744 ], [ -71.67611, 43.04263 ], [ -71.72801, 43.10013 ], [ -71.70035, 43.16848 ], [ -71.80606, 43.18635 ], [ -71.77844, 43.2547 ], [ -71.84902, 43.26659 ], [ -71.90128, 43.32403 ], [ -71.93663, 43.32995 ], [ -71.97325, 43.23876 ], [ -71.93796, 43.23286 ], [ -71.97452, 43.14167 ], [ -71.93928, 43.13576 ], [ -72.02126, 42.93058 ], [ -71.98614, 42.92468 ], [ -72.01339, 42.85629 ], [ -71.97831, 42.85039 ], [ -71.8198, 42.87228 ], [ -71.81217, 42.79797 ], [ -71.84866, 42.70681 ], [ -71.84102, 42.6325 ], [ -71.88504, 42.61564 ], [ -71.98987, 42.63338 ], [ -72.01698, 42.56497 ], [ -72.04402, 42.49656 ], [ -72.07891, 42.50245 ], [ -72.09688, 42.45683 ], [ -72.13175, 42.4627 ], [ -72.14071, 42.43989 ], [ -72.21937, 42.42879 ], [ -72.46353, 42.46951 ], [ -72.53297, 42.57818 ], [ -72.61174, 42.56687 ], [ -72.63813, 42.49835 ], [ -72.70801, 42.50982 ], [ -72.71677, 42.48697 ], [ -72.75171, 42.4927 ], [ -72.76919, 42.447 ], [ -72.82154, 42.407 ], [ -72.90004, 42.39553 ], [ -72.96925, 42.21264 ], [ -72.89965, 42.20129 ], [ -72.92557, 42.1327 ], [ -72.85607, 42.12133 ], [ -72.89064, 42.02989 ], [ -72.88184, 41.95562 ], [ -73.02908, 41.95543 ], [ -73.05476, 41.88682 ], [ -73.10646, 41.84671 ], [ -73.10595, 41.74956 ], [ -73.12296, 41.7038 ], [ -73.08843, 41.69817 ], [ -73.07991, 41.72104 ], [ -73.04537, 41.7154 ], [ -73.0283, 41.76115 ], [ -72.95919, 41.74982 ], [ -72.94205, 41.79556 ], [ -72.90748, 41.78988 ], [ -72.82991, 41.99564 ], [ -72.76924, 42.0585 ], [ -72.74317, 42.12706 ], [ -72.63025, 42.13271 ], [ -72.5257, 42.21255 ], [ -72.54327, 42.16687 ], [ -72.50853, 42.1611 ], [ -72.51732, 42.13826 ], [ -72.44788, 42.12669 ], [ -72.4396, 42.0524 ], [ -72.47474, 41.96105 ], [ -72.43187, 41.88096 ], [ -72.36274, 41.86935 ], [ -72.35459, 41.79504 ], [ -72.28557, 41.78339 ], [ -72.20861, 41.69738 ], [ -72.0886, 41.62827 ], [ -72.07086, 41.67391 ], [ -71.96762, 41.65622 ], [ -71.88988, 41.66719 ], [ -71.83755, 41.70686 ], [ -71.81961, 41.75246 ], [ -71.85405, 41.7584 ], [ -71.77306, 41.96358 ], [ -71.72947, 41.98041 ], [ -71.69491, 41.97444 ], [ -71.71301, 41.92886 ], [ -71.64396, 41.91691 ], [ -71.62581, 41.96248 ], [ -71.52222, 41.94447 ], [ -71.49484, 42.0128 ], [ -71.3912, 41.99469 ], [ -71.35446, 42.08577 ], [ -71.39608, 42.16617 ], [ -71.35924, 42.25723 ], [ -71.47965, 42.32693 ], [ -71.44284, 42.41801 ], [ -71.35481, 42.45145 ], [ -71.28291, 42.53643 ], [ -71.35258, 42.54855 ], [ -71.35962, 42.62289 ], [ -71.28753, 42.70786 ], [ -71.2177, 42.69571 ], [ -71.08217, 42.84273 ], [ -71.01222, 42.83047 ], [ -70.95835, 42.8698 ], [ -70.83475, 43.16528 ], [ -70.76448, 43.1529 ], [ -70.73571, 43.22106 ], [ -70.70688, 43.28921 ], [ -70.6172, 43.3222 ] ], [ [ -71.72947, 41.98041 ], [ -71.78054, 42.03792 ], [ -71.84975, 42.04981 ], [ -71.81364, 42.14099 ], [ -71.74434, 42.12908 ], [ -71.7715, 42.06071 ], [ -71.72947, 41.98041 ] ], [ [ -72.2752, 42.00049 ], [ -72.23974, 42.09179 ], [ -72.0754, 42.03966 ], [ -72.06757, 41.96533 ], [ -72.12886, 41.90277 ], [ -72.26713, 41.92618 ], [ -72.2752, 42.00049 ] ], [ [ -71.98455, 42.36485 ], [ -72.01935, 42.37075 ], [ -71.94716, 42.55317 ], [ -71.84249, 42.53539 ], [ -71.8167, 42.50666 ], [ -71.8197, 42.31244 ], [ -71.88297, 42.15287 ], [ -72.02171, 42.17651 ], [ -72.02053, 42.27363 ], [ -71.98455, 42.36485 ] ] ], [ [ [ -73.13633, 44.03439 ], [ -73.11867, 44.08013 ], [ -73.18166, 44.11424 ], [ -73.16401, 44.15997 ], [ -73.19996, 44.16559 ], [ -73.21758, 44.11985 ], [ -73.35947, 43.94802 ], [ -73.39532, 43.95358 ], [ -73.43012, 43.86205 ], [ -73.46592, 43.8676 ], [ -73.47459, 43.84471 ], [ -73.4388, 43.83917 ], [ -73.47347, 43.74762 ], [ -73.47236, 43.65054 ], [ -73.43669, 43.64499 ], [ -73.47987, 43.53056 ], [ -73.47014, 43.45636 ], [ -73.65658, 43.46107 ], [ -73.76712, 43.16336 ], [ -73.83797, 43.17429 ], [ -73.99457, 43.05312 ], [ -74.01963, 42.98436 ], [ -74.40871, 43.04337 ], [ -74.47684, 42.95691 ], [ -74.67292, 43.03447 ], [ -74.81465, 43.05542 ], [ -74.81144, 42.95834 ], [ -74.74067, 42.94789 ], [ -74.72951, 42.87377 ], [ -74.66694, 42.84031 ], [ -74.52575, 42.81922 ], [ -74.44703, 42.83157 ], [ -74.466, 42.88277 ], [ -74.16712, 42.88592 ], [ -74.026, 42.86435 ], [ -74.02403, 42.76726 ], [ -74.05723, 42.67557 ], [ -73.98692, 42.66474 ], [ -74.01183, 42.59598 ], [ -73.94161, 42.58513 ], [ -73.99141, 42.44761 ], [ -74.04297, 42.40718 ], [ -74.113, 42.41798 ], [ -74.14588, 42.32625 ], [ -74.05747, 42.26422 ], [ -73.98762, 42.25339 ], [ -74.00412, 42.20754 ], [ -73.96923, 42.20212 ], [ -73.9527, 42.24797 ], [ -73.91779, 42.24253 ], [ -73.81797, 42.51752 ], [ -73.87976, 42.55134 ], [ -73.85472, 42.62008 ], [ -73.86478, 42.69427 ], [ -73.93511, 42.70515 ], [ -73.95362, 42.75642 ], [ -73.92858, 42.82517 ], [ -73.89334, 42.81973 ], [ -73.83295, 42.88301 ], [ -73.69195, 42.86112 ], [ -73.68207, 42.78692 ], [ -73.64688, 42.78142 ], [ -73.72271, 42.5753 ], [ -73.68764, 42.56981 ], [ -73.72961, 42.45529 ], [ -73.69461, 42.4498 ], [ -73.69317, 42.35269 ], [ -73.80987, 42.03194 ], [ -73.80827, 41.93481 ], [ -73.70268, 41.82124 ], [ -73.72757, 41.7525 ], [ -73.71782, 41.67826 ], [ -73.64868, 41.66727 ], [ -73.66528, 41.62145 ], [ -73.63074, 41.61594 ], [ -73.63904, 41.59303 ], [ -73.501, 41.57094 ], [ -73.4843, 41.61674 ], [ -73.37237, 41.62297 ], [ -73.38915, 41.57718 ], [ -73.35466, 41.57161 ], [ -73.29492, 41.6347 ], [ -73.26041, 41.62911 ], [ -73.24352, 41.67489 ], [ -73.41626, 41.70279 ], [ -73.46864, 41.7597 ], [ -73.44347, 41.82839 ], [ -73.27961, 41.87477 ], [ -73.27114, 41.89766 ], [ -73.19464, 42.1036 ], [ -73.22941, 42.10921 ], [ -73.22089, 42.13209 ], [ -73.27346, 42.18906 ], [ -73.28275, 42.2633 ], [ -73.25717, 42.33194 ], [ -73.22228, 42.32634 ], [ -73.17087, 42.4636 ], [ -73.27579, 42.48041 ], [ -73.33549, 42.32023 ], [ -73.43918, 42.23981 ], [ -73.50892, 42.2509 ], [ -73.44973, 42.41116 ], [ -73.41478, 42.4056 ], [ -73.39779, 42.45138 ], [ -73.43277, 42.45694 ], [ -73.41578, 42.50271 ], [ -73.51236, 42.54224 ], [ -73.49541, 42.58803 ], [ -73.55708, 42.62199 ], [ -73.52317, 42.71356 ], [ -73.54983, 42.74199 ], [ -73.51468, 42.73646 ], [ -73.48064, 42.82802 ], [ -73.44544, 42.82247 ], [ -73.4369, 42.84536 ], [ -73.47211, 42.85091 ], [ -73.31415, 42.87443 ], [ -73.28754, 42.84596 ], [ -73.18199, 42.82916 ], [ -73.18263, 42.92626 ], [ -73.17398, 42.94913 ], [ -73.23584, 42.98322 ], [ -73.34167, 42.99998 ], [ -73.28916, 43.04016 ], [ -73.28997, 43.13725 ], [ -73.25461, 43.13166 ], [ -73.26403, 43.20588 ], [ -73.10717, 43.61754 ], [ -73.04473, 43.5834 ], [ -73.02674, 43.53203 ], [ -72.9827, 43.64632 ], [ -73.00951, 43.67484 ], [ -72.97387, 43.66918 ], [ -72.95619, 43.71489 ], [ -73.01871, 43.74907 ], [ -73.00105, 43.79479 ], [ -73.06368, 43.82895 ], [ -73.02834, 43.92039 ], [ -73.09994, 43.93167 ], [ -73.0646, 44.02313 ], [ -73.13633, 44.03439 ] ], [ [ -73.12526, 43.6689 ], [ -73.22351, 43.70861 ], [ -73.1346, 43.74312 ], [ -73.12526, 43.6689 ] ] ], [ [ [ -73.08713, 43.17781 ], [ -73.10455, 43.13208 ], [ -73.03388, 43.12079 ], [ -73.02515, 43.14366 ], [ -73.06049, 43.1493 ], [ -73.05177, 43.17217 ], [ -73.08713, 43.17781 ] ] ], [ [ [ -72.93772, 43.46933 ], [ -72.9289, 43.49218 ], [ -72.96443, 43.49785 ], [ -72.97324, 43.475 ], [ -72.93772, 43.46933 ] ] ] ] } },
{ "type": "Feature", "properties": { "ID": 9 }, "geometry": { "type": "MultiPolygon", "coordinates": [ [ [ [ -78.13073, 40.00012 ], [ -78.16475, 40.00453 ], [ -78.17769, 39.95817 ], [ -78.1437, 39.95376 ], [ -78.13073, 40.00012 ] ] ], [ [ [ -78.09823, 40.116 ], [ -78.0511, 40.15791 ], [ -78.03802, 40.20425 ], [ -78.07214, 40.20869 ], [ -78.06561, 40.23186 ], [ -78.20218, 40.24953 ], [ -78.2281, 40.15682 ], [ -78.2622, 40.16122 ], [ -78.26866, 40.13804 ], [ -78.20047, 40.12925 ], [ -78.1323, 40.12042 ], [ -78.09823, 40.116 ] ] ], [ [ [ -77.79081, 39.95548 ], [ -77.69632, 40.03909 ], [ -77.66969, 40.13171 ], [ -77.62227, 40.17348 ], [ -77.55414, 40.16437 ], [ -77.49314, 40.25238 ], [ -77.39085, 40.23861 ], [ -77.36369, 40.33116 ], [ -77.46613, 40.34494 ], [ -77.47289, 40.3218 ], [ -77.60948, 40.34006 ], [ -77.6229, 40.29376 ], [ -77.65704, 40.2983 ], [ -77.70452, 40.25653 ], [ -77.73116, 40.16392 ], [ -77.75772, 40.07129 ], [ -77.80497, 40.02947 ], [ -77.90702, 40.04294 ], [ -77.93328, 39.95027 ], [ -77.94638, 39.90392 ], [ -77.95292, 39.88075 ], [ -77.91898, 39.87628 ], [ -77.87191, 39.91814 ], [ -77.85875, 39.96448 ], [ -77.79081, 39.95548 ] ] ], [ [ [ -77.62353, 40.41404 ], [ -77.59663, 40.50661 ], [ -77.6376, 40.48801 ], [ -77.70609, 40.49708 ], [ -77.71947, 40.45078 ], [ -77.77369, 40.38584 ], [ -77.78699, 40.33954 ], [ -77.71866, 40.33051 ], [ -77.69194, 40.42311 ], [ -77.62353, 40.41404 ] ] ], [ [ [ -80.11672, 41.91671 ], [ -80.19303, 41.90132 ], [ -80.26341, 41.90912 ], [ -80.25161, 41.95559 ], [ -80.31618, 41.9866 ], [ -80.45717, 42.00205 ], [ -80.46883, 41.95557 ], [ -80.6098, 41.97087 ], [ -80.66231, 41.90492 ], [ -80.74419, 41.86598 ], [ -80.88502, 41.88101 ], [ -80.86115, 41.83075 ], [ -81.00193, 41.84566 ], [ -81.05393, 41.77956 ], [ -81.15945, 41.79062 ], [ -81.17055, 41.74408 ], [ -81.27604, 41.75505 ], [ -81.35734, 41.71576 ], [ -81.4143, 41.62624 ], [ -81.48452, 41.63345 ], [ -81.54122, 41.54388 ], [ -81.61136, 41.55102 ], [ -81.69219, 41.51153 ], [ -81.74319, 41.44517 ], [ -81.95339, 41.4662 ], [ -82.08842, 41.50336 ], [ -82.09878, 41.45674 ], [ -82.20394, 41.46703 ], [ -82.21421, 41.42039 ], [ -82.35946, 41.41066 ], [ -82.3696, 41.36401 ], [ -82.57974, 41.38412 ], [ -82.6799, 41.41739 ], [ -82.66998, 41.46406 ], [ -82.81525, 41.45386 ], [ -82.82507, 41.40718 ], [ -83.00041, 41.4234 ], [ -83.10085, 41.45638 ], [ -83.07678, 41.57311 ], [ -83.18229, 41.58268 ], [ -83.17271, 41.62938 ], [ -83.23835, 41.65907 ], [ -83.4145, 41.67477 ], [ -83.4333, 41.58135 ], [ -83.36293, 41.5751 ], [ -83.39117, 41.43496 ], [ -83.29534, 41.37883 ], [ -83.30479, 41.33212 ], [ -83.19968, 41.32264 ], [ -83.17895, 41.2494 ], [ -83.074, 41.23983 ], [ -83.05344, 41.16657 ], [ -82.99803, 41.09008 ], [ -82.89337, 41.08037 ], [ -82.88366, 41.12707 ], [ -82.77895, 41.11727 ], [ -82.75933, 41.21064 ], [ -82.71452, 41.25403 ], [ -82.6146, 41.22078 ], [ -82.47485, 41.20745 ], [ -82.3949, 41.24738 ], [ -82.38479, 41.29404 ], [ -82.27989, 41.28388 ], [ -82.19972, 41.3237 ], [ -82.18946, 41.37034 ], [ -82.04428, 41.3799 ], [ -82.05465, 41.33327 ], [ -81.95496, 41.29956 ], [ -81.93568, 41.22614 ], [ -81.83096, 41.21565 ], [ -81.85195, 41.12242 ], [ -81.83284, 41.04898 ], [ -81.69364, 41.03487 ], [ -81.61874, 41.05107 ], [ -81.5921, 41.16757 ], [ -81.45269, 41.15323 ], [ -81.34274, 41.16567 ], [ -81.33187, 41.21225 ], [ -81.19242, 41.19765 ], [ -81.17044, 41.29078 ], [ -81.08957, 41.32998 ], [ -81.05626, 41.46963 ], [ -80.92324, 41.57484 ], [ -80.84185, 41.61389 ], [ -80.78977, 41.67991 ], [ -80.66159, 41.7616 ], [ -80.48596, 41.74252 ], [ -80.53264, 41.69985 ], [ -80.54995, 41.6301 ], [ -80.40977, 41.61474 ], [ -80.43319, 41.66509 ], [ -80.40992, 41.75807 ], [ -80.33969, 41.75033 ], [ -80.28108, 41.83941 ], [ -80.10536, 41.81986 ], [ -79.95886, 41.82729 ], [ -79.89964, 41.9162 ], [ -79.86446, 41.91222 ], [ -79.88756, 41.96264 ], [ -79.96399, 41.94737 ], [ -80.03439, 41.95529 ], [ -80.04635, 41.90884 ], [ -80.11672, 41.91671 ] ] ], [ [ [ -79.3743, 42.1189 ], [ -79.29753, 42.13385 ], [ -79.29125, 42.15704 ], [ -79.39708, 42.1694 ], [ -79.40956, 42.123 ], [ -79.3743, 42.1189 ] ] ], [ [ [ -87.82959, 43.74493 ], [ -87.85991, 43.79387 ], [ -88.00656, 43.80188 ], [ -88.04939, 43.75692 ], [ -88.05862, 43.68653 ], [ -88.13487, 43.66698 ], [ -88.11963, 43.78432 ], [ -88.07067, 43.87622 ], [ -87.99103, 43.9192 ], [ -88.01847, 43.99157 ], [ -87.99668, 44.15583 ], [ -88.06116, 44.23018 ], [ -88.04874, 44.32405 ], [ -88.09192, 44.27908 ], [ -88.16584, 44.28299 ], [ -88.21194, 44.21452 ], [ -88.32272, 44.22027 ], [ -88.36562, 44.17523 ], [ -88.3347, 44.12639 ], [ -88.34663, 44.0325 ], [ -88.35258, 43.98556 ], [ -88.32475, 43.91324 ], [ -88.47175, 43.92079 ], [ -88.47759, 43.87384 ], [ -88.44673, 43.82502 ], [ -88.3763, 43.79778 ], [ -88.35149, 43.702 ], [ -88.28125, 43.67472 ], [ -88.29317, 43.58084 ], [ -88.2656, 43.50851 ], [ -88.1926, 43.50466 ], [ -88.20463, 43.41078 ], [ -88.13479, 43.38343 ], [ -88.08025, 43.23871 ], [ -88.12566, 43.17027 ], [ -88.17371, 42.79476 ], [ -88.10759, 42.74391 ], [ -88.13755, 42.5092 ], [ -88.17346, 42.51115 ], [ -88.1794, 42.4642 ], [ -88.21528, 42.46614 ], [ -88.22708, 42.37224 ], [ -88.15542, 42.36836 ], [ -88.15839, 42.34489 ], [ -88.12258, 42.34294 ], [ -88.13449, 42.24904 ], [ -88.10172, 42.22361 ], [ -87.92305, 42.2137 ], [ -87.85775, 42.16273 ], [ -87.86696, 42.09232 ], [ -87.73681, 41.9903 ], [ -87.67502, 41.91577 ], [ -87.65934, 42.03311 ], [ -87.75378, 42.13316 ], [ -87.82205, 42.16071 ], [ -87.8516, 42.20967 ], [ -87.81449, 42.49128 ], [ -87.85038, 42.49331 ], [ -87.82867, 42.65757 ], [ -87.89447, 42.70854 ], [ -87.85726, 42.99011 ], [ -87.92962, 42.99413 ], [ -87.89862, 43.22877 ], [ -87.92253, 43.32463 ], [ -87.99529, 43.32862 ], [ -88.0194, 43.42446 ], [ -87.99781, 43.58871 ], [ -87.95195, 43.65711 ], [ -87.83907, 43.67454 ], [ -87.82959, 43.74493 ] ] ], [ [ [ -82.64855, 43.74585 ], [ -82.66433, 43.84241 ], [ -82.77948, 43.99547 ], [ -82.88408, 44.02857 ], [ -83.03044, 44.04149 ], [ -83.04051, 43.99483 ], [ -83.12366, 43.95457 ], [ -83.23333, 43.9641 ], [ -83.3163, 43.92373 ], [ -83.33595, 43.83038 ], [ -83.4284, 43.74327 ], [ -83.27776, 43.75408 ], [ -83.30231, 43.63739 ], [ -83.22958, 43.63109 ], [ -83.24926, 43.53775 ], [ -83.38736, 43.40714 ], [ -83.49609, 43.41647 ], [ -83.48647, 43.46316 ], [ -83.63636, 43.45214 ], [ -83.60774, 43.59222 ], [ -83.55699, 43.65919 ], [ -83.64887, 43.57194 ], [ -83.75793, 43.58108 ], [ -83.74848, 43.62778 ], [ -83.89405, 43.63985 ], [ -83.96221, 43.66919 ], [ -83.94825, 43.73926 ], [ -84.09413, 43.75113 ], [ -84.10333, 43.70441 ], [ -84.2127, 43.71321 ], [ -84.22635, 43.64311 ], [ -84.37654, 43.63134 ], [ -84.39447, 43.53785 ], [ -84.32625, 43.50871 ], [ -84.29892, 43.45908 ], [ -84.34421, 43.41523 ], [ -84.38443, 43.20489 ], [ -84.35273, 43.17863 ], [ -84.2443, 43.16993 ], [ -84.25331, 43.1232 ], [ -84.14952, 43.09106 ], [ -84.17667, 42.95086 ], [ -84.25766, 42.90996 ], [ -84.36563, 42.91865 ], [ -84.41048, 42.87478 ], [ -84.38779, 42.80178 ], [ -84.32483, 42.74926 ], [ -84.30229, 42.67625 ], [ -84.23059, 42.67043 ], [ -84.20372, 42.62077 ], [ -84.22607, 42.50392 ], [ -84.15458, 42.49806 ], [ -84.17699, 42.38121 ], [ -84.24835, 42.38705 ], [ -84.26611, 42.29355 ], [ -84.088, 42.2789 ], [ -83.94101, 42.29039 ], [ -83.95466, 42.22029 ], [ -83.84796, 42.2113 ], [ -83.83878, 42.25802 ], [ -83.69645, 42.2459 ], [ -83.60844, 42.14329 ], [ -83.58696, 42.07015 ], [ -83.60096, 42.00008 ], [ -83.49938, 41.96747 ], [ -83.48278, 41.87095 ], [ -83.3319, 41.90517 ], [ -83.24203, 41.99226 ], [ -83.20356, 42.17902 ], [ -83.16805, 42.17584 ], [ -83.13411, 42.33922 ], [ -83.08875, 42.3827 ], [ -82.94629, 42.36984 ], [ -82.91165, 42.53315 ], [ -82.83028, 42.5733 ], [ -82.80024, 42.71325 ], [ -82.76445, 42.70998 ], [ -82.73925, 42.82659 ], [ -82.65737, 42.86664 ], [ -82.56524, 43.28631 ], [ -82.62723, 43.33958 ], [ -82.57561, 43.4062 ], [ -82.63773, 43.45946 ], [ -82.60682, 43.59934 ], [ -82.62766, 43.6726 ], [ -82.64855, 43.74585 ] ], [ [ -83.62752, 42.95262 ], [ -83.73548, 42.96177 ], [ -83.75745, 43.03487 ], [ -83.6086, 43.04602 ], [ -83.62752, 42.95262 ] ] ], [ [ [ -85.36209, 44.96193 ], [ -85.45331, 44.87356 ], [ -85.46992, 44.77993 ], [ -85.5525, 44.73832 ], [ -85.6268, 44.74348 ], [ -85.68488, 44.84226 ], [ -85.65634, 45.00615 ], [ -85.7018, 44.96188 ], [ -85.77639, 44.96697 ], [ -85.78446, 44.92014 ], [ -85.86701, 44.87835 ], [ -85.94944, 44.83651 ], [ -85.97316, 44.69599 ], [ -86.05527, 44.65411 ], [ -86.09238, 44.65657 ], [ -86.02207, 44.62821 ], [ -86.03772, 44.53453 ], [ -86.14886, 44.5419 ], [ -86.19361, 44.49749 ], [ -86.24593, 44.40622 ], [ -86.2943, 44.33836 ], [ -86.31701, 44.1978 ], [ -86.40194, 44.1323 ], [ -86.4462, 44.08782 ], [ -86.46106, 43.9941 ], [ -86.3988, 43.91907 ], [ -86.42483, 43.75508 ], [ -86.55653, 43.62157 ], [ -86.48352, 43.61687 ], [ -86.45808, 43.54422 ], [ -86.47278, 43.4505 ], [ -86.39999, 43.44576 ], [ -86.37472, 43.37309 ], [ -86.38582, 43.30281 ], [ -86.2406, 43.2932 ], [ -86.26678, 43.12923 ], [ -86.23806, 43.07996 ], [ -86.20189, 43.07754 ], [ -86.22808, 42.91357 ], [ -86.19201, 42.91114 ], [ -86.2256, 42.70031 ], [ -86.18965, 42.69788 ], [ -86.20828, 42.58075 ], [ -86.24417, 42.58317 ], [ -86.26635, 42.4426 ], [ -86.23055, 42.44018 ], [ -86.24903, 42.32303 ], [ -86.28476, 42.32544 ], [ -86.32416, 42.30442 ], [ -86.45301, 42.17096 ], [ -86.4674, 42.0772 ], [ -86.54573, 42.03504 ], [ -86.59194, 41.96705 ], [ -86.61312, 41.82638 ], [ -86.71952, 41.83333 ], [ -86.76886, 41.74183 ], [ -86.84657, 41.69949 ], [ -86.95278, 41.70626 ], [ -86.95955, 41.65935 ], [ -87.0657, 41.66604 ], [ -87.0824, 41.54875 ], [ -86.79989, 41.53076 ], [ -86.79645, 41.55421 ], [ -86.61991, 41.54268 ], [ -86.54224, 41.5849 ], [ -86.53516, 41.6318 ], [ -86.45017, 41.72086 ], [ -86.30861, 41.71131 ], [ -86.26593, 41.75578 ], [ -86.24765, 41.87296 ], [ -86.19745, 41.96427 ], [ -86.16193, 41.96184 ], [ -86.12106, 42.21957 ], [ -86.04598, 42.23808 ], [ -86.02337, 42.37863 ], [ -86.05159, 42.42795 ], [ -85.97623, 42.44642 ], [ -85.93281, 42.49077 ], [ -85.90601, 42.65471 ], [ -86.01375, 42.66218 ], [ -86.03451, 42.75834 ], [ -86.1027, 42.78669 ], [ -86.08759, 42.88038 ], [ -85.95262, 43.03689 ], [ -85.91648, 43.0344 ], [ -85.89716, 43.15148 ], [ -85.96957, 43.15647 ], [ -85.99811, 43.20579 ], [ -85.98273, 43.29946 ], [ -86.0515, 43.32783 ], [ -86.04384, 43.37467 ], [ -86.1051, 43.44985 ], [ -86.17788, 43.45474 ], [ -86.20673, 43.50401 ], [ -86.19539, 43.57428 ], [ -86.26832, 43.57913 ], [ -86.24195, 43.74309 ], [ -86.20539, 43.74067 ], [ -86.16121, 43.78508 ], [ -86.15358, 43.83192 ], [ -86.22682, 43.83678 ], [ -86.1926, 44.04759 ], [ -86.15585, 44.04515 ], [ -86.14819, 44.09199 ], [ -86.10371, 44.13639 ], [ -86.02623, 44.15488 ], [ -86.01845, 44.20172 ], [ -86.00285, 44.29539 ], [ -85.95026, 44.38658 ], [ -85.87241, 44.40499 ], [ -85.82749, 44.4493 ], [ -85.81553, 44.51955 ], [ -85.88561, 44.54799 ], [ -85.8406, 44.59231 ], [ -85.69235, 44.58216 ], [ -85.64717, 44.62642 ], [ -85.65529, 44.5796 ], [ -85.61824, 44.57703 ], [ -85.61009, 44.62385 ], [ -85.53593, 44.61868 ], [ -85.52771, 44.6655 ], [ -85.49061, 44.6629 ], [ -85.47407, 44.75652 ], [ -85.32547, 44.74601 ], [ -85.27989, 44.79016 ], [ -85.23425, 44.8343 ], [ -85.23, 44.8577 ], [ -85.26721, 44.86037 ], [ -85.25026, 44.95398 ], [ -85.36209, 44.96193 ] ] ], [ [ [ -75.3511, 43.2298 ], [ -75.34322, 43.25279 ], [ -75.47785, 43.29608 ], [ -75.50567, 43.32414 ], [ -75.64836, 43.34427 ], [ -75.76317, 43.33627 ], [ -75.74298, 43.28525 ], [ -75.8143, 43.29522 ], [ -75.82971, 43.24919 ], [ -75.79407, 43.24421 ], [ -75.80949, 43.19818 ], [ -75.86047, 43.15711 ], [ -76.00288, 43.17691 ], [ -76.0513, 43.25584 ], [ -76.03605, 43.3019 ], [ -76.00036, 43.29697 ], [ -76.09984, 43.33476 ], [ -76.08461, 43.38082 ], [ -76.12035, 43.38573 ], [ -76.13555, 43.33966 ], [ -76.21458, 43.3264 ], [ -76.22969, 43.28033 ], [ -76.31614, 43.24398 ], [ -76.33116, 43.19789 ], [ -76.43235, 43.11538 ], [ -76.5318, 43.15287 ], [ -76.71008, 43.17678 ], [ -76.80247, 43.23715 ], [ -76.9811, 43.26072 ], [ -76.98837, 43.23765 ], [ -77.16707, 43.26099 ], [ -77.30299, 43.30261 ], [ -77.41749, 43.29331 ], [ -77.4317, 43.24712 ], [ -77.75382, 43.28801 ], [ -77.8185, 43.32012 ], [ -77.9619, 43.338 ], [ -77.99086, 43.36558 ], [ -78.17031, 43.3877 ], [ -78.17715, 43.36457 ], [ -78.35666, 43.38647 ], [ -78.50708, 43.38068 ], [ -78.49799, 43.28376 ], [ -78.54722, 43.24178 ], [ -78.61892, 43.25038 ], [ -78.70493, 42.94935 ], [ -78.77631, 42.95787 ], [ -78.82508, 42.9158 ], [ -78.87071, 42.75363 ], [ -78.95482, 42.71573 ], [ -79.01616, 42.62724 ], [ -79.08722, 42.63562 ], [ -79.10002, 42.58926 ], [ -79.13553, 42.59343 ], [ -79.14191, 42.57025 ], [ -79.10642, 42.56608 ], [ -79.12557, 42.49654 ], [ -79.05468, 42.48818 ], [ -79.06108, 42.465 ], [ -78.9548, 42.45241 ], [ -78.91609, 42.59144 ], [ -78.81911, 42.67565 ], [ -78.61515, 42.74695 ], [ -78.63754, 42.79755 ], [ -78.55311, 42.83526 ], [ -78.44631, 42.82229 ], [ -78.39065, 42.88739 ], [ -78.21258, 42.86554 ], [ -78.0634, 42.87103 ], [ -77.99906, 42.83902 ], [ -78.01272, 42.79277 ], [ -77.97718, 42.78832 ], [ -77.89236, 42.82565 ], [ -77.82922, 42.91365 ], [ -77.69381, 42.87252 ], [ -77.67217, 42.82178 ], [ -77.6652, 42.84489 ], [ -77.61569, 42.88658 ], [ -77.509, 42.87292 ], [ -77.51603, 42.84982 ], [ -77.3739, 42.8315 ], [ -77.39509, 42.7622 ], [ -77.2603, 42.72067 ], [ -77.11854, 42.7021 ], [ -77.13997, 42.63284 ], [ -77.0692, 42.62351 ], [ -77.04816, 42.57267 ], [ -77.041, 42.59575 ], [ -77.00564, 42.59107 ], [ -76.99127, 42.63723 ], [ -76.93494, 42.58167 ], [ -76.83617, 42.54445 ], [ -76.82168, 42.59059 ], [ -76.68765, 42.54853 ], [ -76.70223, 42.5024 ], [ -76.59641, 42.48807 ], [ -76.50534, 42.42756 ], [ -76.4349, 42.41792 ], [ -76.41276, 42.48708 ], [ -76.47591, 42.51978 ], [ -76.43899, 42.63506 ], [ -76.46694, 42.66293 ], [ -76.43159, 42.65811 ], [ -76.41678, 42.70421 ], [ -76.47275, 42.75996 ], [ -76.45053, 42.82912 ], [ -76.40021, 42.87039 ], [ -76.32182, 42.88375 ], [ -76.30686, 42.92984 ], [ -76.2004, 42.91523 ], [ -76.08643, 42.92358 ], [ -76.07129, 42.96964 ], [ -75.92933, 42.94992 ], [ -75.91407, 42.99596 ], [ -75.83541, 43.00906 ], [ -75.69344, 42.9891 ], [ -75.68572, 43.01212 ], [ -75.54379, 42.99202 ], [ -75.52822, 43.03802 ], [ -75.44943, 43.05091 ], [ -75.34296, 43.03568 ], [ -75.31149, 43.12764 ], [ -75.28783, 43.19661 ], [ -75.3511, 43.2298 ] ] ], [ [ [ -88.40845, 44.13017 ], [ -88.44533, 44.13205 ], [ -88.45122, 44.0851 ], [ -88.41436, 44.08323 ], [ -88.40845, 44.13017 ] ] ], [ [ [ -88.36562, 44.17523 ], [ -88.40845, 44.13017 ], [ -88.37157, 44.12828 ], [ -88.36562, 44.17523 ] ] ], [ [ [ -79.70479, 43.75854 ], [ -79.78352, 43.74337 ], [ -79.78978, 43.72017 ], [ -79.71736, 43.71214 ], [ -79.70479, 43.75854 ] ] ], [ [ [ -87.92516, 44.41194 ], [ -87.91883, 44.45887 ], [ -87.9622, 44.41394 ], [ -87.92516, 44.41194 ] ] ], [ [ [ -77.35637, 39.87307 ], [ -77.32932, 39.96564 ], [ -77.27501, 40.03044 ], [ -77.44493, 40.05349 ], [ -77.49237, 40.01178 ], [ -77.55265, 39.80341 ], [ -77.48491, 39.79427 ], [ -77.51167, 39.70165 ], [ -77.54549, 39.70622 ], [ -77.55882, 39.6599 ], [ -77.59262, 39.66446 ], [ -77.59926, 39.6413 ], [ -77.6258, 39.54864 ], [ -77.52458, 39.53496 ], [ -77.53124, 39.5118 ], [ -77.46381, 39.50264 ], [ -77.40353, 39.71104 ], [ -77.35624, 39.75273 ], [ -77.42392, 39.76194 ], [ -77.38335, 39.78049 ], [ -77.35637, 39.87307 ] ] ], [ [ [ -76.67246, 39.8023 ], [ -76.57106, 39.78793 ], [ -76.59082, 39.83894 ], [ -76.62464, 39.84374 ], [ -76.63165, 39.82063 ], [ -76.66547, 39.82541 ], [ -76.67246, 39.8023 ] ] ], [ [ [ -75.68226, 40.14151 ], [ -75.69404, 40.21568 ], [ -75.75458, 40.24875 ], [ -76.12861, 40.30325 ], [ -76.25757, 40.34589 ], [ -76.28633, 40.25357 ], [ -76.17708, 40.262 ], [ -76.07507, 40.24727 ], [ -76.08956, 40.20113 ], [ -75.99494, 40.16327 ], [ -75.98282, 40.08911 ], [ -76.01185, 39.99683 ], [ -75.88374, 39.95394 ], [ -75.78681, 40.03624 ], [ -75.77214, 40.08236 ], [ -75.65574, 40.11344 ], [ -75.64835, 40.13649 ], [ -75.68226, 40.14151 ] ] ], [ [ [ -76.73393, 40.53361 ], [ -76.74801, 40.48741 ], [ -76.61843, 40.44523 ], [ -76.56299, 40.50971 ], [ -76.52882, 40.5049 ], [ -76.50745, 40.57417 ], [ -76.6443, 40.59336 ], [ -76.69973, 40.52885 ], [ -76.73393, 40.53361 ] ] ], [ [ [ -74.1701, 40.29643 ], [ -74.18597, 40.2505 ], [ -74.12624, 40.21675 ], [ -74.14212, 40.17082 ], [ -74.07453, 40.16002 ], [ -74.10037, 40.18839 ], [ -74.06852, 40.28024 ], [ -74.1701, 40.29643 ] ] ], [ [ [ -74.12068, 41.16057 ], [ -74.08635, 41.15517 ], [ -74.07018, 41.20106 ], [ -74.03584, 41.19565 ], [ -74.02774, 41.21859 ], [ -74.06209, 41.224 ], [ -74.03778, 41.29282 ], [ -74.10657, 41.30363 ], [ -74.13889, 41.21185 ], [ -74.10453, 41.20646 ], [ -74.12068, 41.16057 ] ] ], [ [ [ -71.86584, 41.5413 ], [ -72.02985, 41.49652 ], [ -72.13285, 41.51417 ], [ -72.25269, 41.58325 ], [ -72.33026, 41.57208 ], [ -72.43347, 41.58951 ], [ -72.44168, 41.66383 ], [ -72.55377, 41.65833 ], [ -72.57985, 41.58979 ], [ -72.61428, 41.59555 ], [ -72.63161, 41.54984 ], [ -72.66602, 41.55559 ], [ -72.67466, 41.53273 ], [ -72.70907, 41.53847 ], [ -72.72631, 41.49275 ], [ -72.7951, 41.50419 ], [ -72.81227, 41.45846 ], [ -72.88103, 41.46986 ], [ -72.87247, 41.49273 ], [ -72.9757, 41.50977 ], [ -72.99274, 41.46402 ], [ -73.07003, 41.45245 ], [ -73.08699, 41.40669 ], [ -73.19013, 41.42357 ], [ -73.27574, 41.389 ], [ -73.30092, 41.32032 ], [ -73.40397, 41.33705 ], [ -73.48935, 41.30235 ], [ -73.59944, 41.19885 ], [ -73.70238, 41.21537 ], [ -73.71881, 41.16952 ], [ -73.75162, 41.07782 ], [ -73.71737, 41.07234 ], [ -73.62289, 41.03291 ], [ -73.60642, 41.07875 ], [ -73.52969, 41.09061 ], [ -73.51313, 41.13644 ], [ -73.37613, 41.11422 ], [ -73.35023, 41.08574 ], [ -73.2818, 41.07456 ], [ -73.22246, 41.13765 ], [ -73.08556, 41.11515 ], [ -73.10292, 41.16656 ], [ -73.06023, 41.1838 ], [ -72.99174, 41.17249 ], [ -72.94077, 41.30976 ], [ -72.88941, 41.34982 ], [ -72.82078, 41.33843 ], [ -72.84643, 41.26982 ], [ -72.70938, 41.24696 ], [ -72.5209, 41.26389 ], [ -72.22964, 41.26307 ], [ -72.17786, 41.30288 ], [ -72.04099, 41.27937 ], [ -71.94726, 41.23883 ], [ -71.90287, 41.3529 ], [ -71.91043, 41.42726 ], [ -71.86584, 41.5413 ] ] ], [ [ [ -74.18842, 41.89728 ], [ -74.18028, 41.92022 ], [ -74.15583, 41.98903 ], [ -74.29502, 42.01049 ], [ -74.31123, 41.9646 ], [ -74.27645, 41.95925 ], [ -74.30885, 41.86747 ], [ -74.27412, 41.86213 ], [ -74.2128, 41.82846 ], [ -74.18842, 41.89728 ] ] ], [ [ [ -70.66622, 42.67161 ], [ -70.76127, 42.71295 ], [ -70.81205, 42.77078 ], [ -70.92919, 42.66947 ], [ -70.91322, 42.61785 ], [ -70.9979, 42.41322 ], [ -71.03264, 42.41936 ], [ -71.09804, 42.26015 ], [ -71.10065, 42.16304 ], [ -71.01554, 42.09916 ], [ -70.94644, 42.08687 ], [ -70.93995, 42.0125 ], [ -70.97725, 41.92153 ], [ -71.09253, 41.82006 ], [ -71.1958, 41.83838 ], [ -71.21422, 41.79286 ], [ -71.29223, 41.78226 ], [ -71.36107, 41.79438 ], [ -71.43201, 41.70934 ], [ -71.37239, 41.67447 ], [ -71.39064, 41.62893 ], [ -71.28767, 41.61074 ], [ -71.20987, 41.62134 ], [ -71.22822, 41.57582 ], [ -71.07267, 41.59691 ], [ -71.01989, 41.63628 ], [ -70.88273, 41.61167 ], [ -70.84547, 41.70263 ], [ -70.75813, 41.73572 ], [ -70.72062, 41.82664 ], [ -70.73623, 41.8783 ], [ -70.683, 41.91754 ], [ -70.64527, 42.00843 ], [ -70.6169, 42.07659 ], [ -70.65757, 42.15721 ], [ -70.72669, 42.16963 ], [ -70.69834, 42.2378 ], [ -70.79275, 42.27913 ], [ -70.89668, 42.29767 ], [ -70.90315, 42.37203 ], [ -70.83073, 42.45679 ], [ -70.74543, 42.66131 ], [ -70.66622, 42.67161 ] ] ], [ [ [ -70.64952, 43.15699 ], [ -70.55033, 43.21265 ], [ -70.61098, 43.24784 ], [ -70.63026, 43.20242 ], [ -70.6654, 43.20864 ], [ -70.68464, 43.16321 ], [ -70.64952, 43.15699 ] ] ], [ [ [ -73.35446, 44.35926 ], [ -73.38079, 44.29062 ], [ -73.30871, 44.27947 ], [ -73.25506, 44.31963 ], [ -73.19315, 44.47974 ], [ -73.20271, 44.55397 ], [ -73.16652, 44.54836 ], [ -73.18495, 44.59972 ], [ -73.17605, 44.62259 ], [ -73.28394, 44.5423 ], [ -73.39253, 44.55902 ], [ -73.38373, 44.58191 ], [ -73.41995, 44.58747 ], [ -73.45508, 44.49592 ], [ -73.41891, 44.49037 ], [ -73.40032, 44.43904 ], [ -73.42664, 44.37039 ], [ -73.35446, 44.35926 ] ] ] ] } },
{ "type": "Feature", "properties": { "ID": 10 }, "geometry": { "type": "MultiPolygon", "coordinates": [ [ [ [ -79.91708, 38.49504 ], [ -79.95044, 38.49903 ], [ -79.96753, 38.42912 ], [ -79.9342, 38.42514 ], [ -79.91708, 38.49504 ] ] ], [ [ [ -78.92379, 39.669 ], [ -78.91143, 39.71545 ], [ -78.87752, 39.71121 ], [ -78.86512, 39.75765 ], [ -78.93301, 39.76612 ], [ -78.91445, 39.83578 ], [ -79.09943, 39.66681 ], [ -78.97, 39.62678 ], [ -78.92379, 39.669 ] ] ], [ [ [ -79.29599, 40.12239 ], [ -79.34834, 40.05683 ], [ -79.24598, 40.04442 ], [ -79.19353, 40.10995 ], [ -79.29599, 40.12239 ] ] ], [ [ [ -78.80288, 39.98979 ], [ -78.83694, 39.99404 ], [ -78.77437, 40.22611 ], [ -78.80228, 40.25357 ], [ -78.82733, 40.16075 ], [ -78.86148, 40.165 ], [ -78.87396, 40.11858 ], [ -79.05985, 39.94972 ], [ -78.93607, 39.88644 ], [ -78.86806, 39.87797 ], [ -78.84317, 39.97083 ], [ -78.80913, 39.96658 ], [ -78.80288, 39.98979 ] ] ], [ [ [ -79.11021, 40.29153 ], [ -79.12254, 40.2451 ], [ -79.05412, 40.23673 ], [ -79.00753, 40.27895 ], [ -78.98269, 40.37179 ], [ -79.05124, 40.3802 ], [ -79.11021, 40.29153 ] ] ], [ [ [ -78.57814, 40.29746 ], [ -78.61234, 40.30177 ], [ -78.62503, 40.25538 ], [ -78.59084, 40.25107 ], [ -78.57814, 40.29746 ] ] ], [ [ [ -78.64022, 40.32926 ], [ -78.62753, 40.37565 ], [ -78.67444, 40.33355 ], [ -78.64022, 40.32926 ] ] ], [ [ [ -78.51717, 41.03339 ], [ -78.49132, 41.12608 ], [ -78.55177, 41.03771 ], [ -78.51717, 41.03339 ] ] ], [ [ [ -78.01272, 42.79277 ], [ -77.99906, 42.83902 ], [ -78.0634, 42.87103 ], [ -78.21258, 42.86554 ], [ -78.39065, 42.88739 ], [ -78.44631, 42.82229 ], [ -78.55311, 42.83526 ], [ -78.63754, 42.79755 ], [ -78.61515, 42.74695 ], [ -78.81911, 42.67565 ], [ -78.91609, 42.59144 ], [ -78.9548, 42.45241 ], [ -79.02565, 42.46081 ], [ -79.03846, 42.41446 ], [ -79.07387, 42.41865 ], [ -79.11212, 42.27956 ], [ -79.20809, 42.19514 ], [ -79.27867, 42.20343 ], [ -79.29753, 42.13385 ], [ -79.3743, 42.1189 ], [ -79.44482, 42.1271 ], [ -79.45726, 42.0807 ], [ -79.563, 42.09293 ], [ -79.57534, 42.04652 ], [ -79.73461, 41.99306 ], [ -79.7468, 41.94663 ], [ -79.8293, 41.90822 ], [ -79.89964, 41.9162 ], [ -79.95886, 41.82729 ], [ -80.10536, 41.81986 ], [ -80.28108, 41.83941 ], [ -80.33969, 41.75033 ], [ -80.23438, 41.73867 ], [ -80.24027, 41.71543 ], [ -80.20519, 41.71153 ], [ -80.19338, 41.758 ], [ -80.12318, 41.75016 ], [ -80.0649, 41.69583 ], [ -80.05895, 41.71906 ], [ -79.92469, 41.67999 ], [ -79.90667, 41.74967 ], [ -79.74816, 41.80332 ], [ -79.53763, 41.77905 ], [ -79.48404, 41.84459 ], [ -79.40142, 41.88281 ], [ -79.29607, 41.87046 ], [ -79.24842, 41.91271 ], [ -79.26475, 41.98643 ], [ -79.23961, 42.07919 ], [ -79.19177, 42.12142 ], [ -79.12129, 42.1131 ], [ -79.14029, 42.04354 ], [ -79.06991, 42.03519 ], [ -79.08894, 41.96563 ], [ -79.01865, 41.95726 ], [ -78.99316, 42.04998 ], [ -79.00923, 42.12372 ], [ -78.98365, 42.21644 ], [ -78.87782, 42.20378 ], [ -78.85545, 42.1532 ], [ -78.84901, 42.17637 ], [ -78.80082, 42.21847 ], [ -78.69503, 42.20568 ], [ -78.66895, 42.29834 ], [ -78.55648, 42.30861 ], [ -78.49052, 42.54016 ], [ -78.35549, 42.49964 ], [ -78.29807, 42.44462 ], [ -78.15833, 42.54715 ], [ -78.13807, 42.61656 ], [ -77.99085, 42.74206 ], [ -77.95533, 42.73761 ], [ -77.94164, 42.78386 ], [ -78.01272, 42.79277 ] ] ], [ [ [ -85.53584, 44.40543 ], [ -85.75755, 44.42083 ], [ -85.74551, 44.49106 ], [ -85.66746, 44.50937 ], [ -85.64717, 44.62642 ], [ -85.69235, 44.58216 ], [ -85.8406, 44.59231 ], [ -85.88561, 44.54799 ], [ -85.81553, 44.51955 ], [ -85.82749, 44.4493 ], [ -85.87241, 44.40499 ], [ -85.95026, 44.38658 ], [ -86.00285, 44.29539 ], [ -86.01065, 44.24855 ], [ -85.93693, 44.24358 ], [ -85.92907, 44.29041 ], [ -85.81842, 44.28288 ], [ -85.70378, 44.29868 ], [ -85.71984, 44.20504 ], [ -85.68302, 44.20248 ], [ -85.67496, 44.2493 ], [ -85.63811, 44.24674 ], [ -85.63002, 44.29356 ], [ -85.59315, 44.29098 ], [ -85.58501, 44.33779 ], [ -85.54811, 44.33521 ], [ -85.53584, 44.40543 ] ] ], [ [ [ -85.47407, 44.75652 ], [ -85.49061, 44.6629 ], [ -85.37933, 44.65504 ], [ -85.36261, 44.74865 ], [ -85.47407, 44.75652 ] ] ], [ [ [ -83.33697, 44.70962 ], [ -83.31704, 44.80299 ], [ -83.33917, 44.87615 ], [ -83.41344, 44.88241 ], [ -83.47032, 44.79213 ], [ -83.39617, 44.78591 ], [ -83.33697, 44.70962 ] ] ], [ [ [ -84.88643, 45.28328 ], [ -84.74727, 45.41532 ], [ -84.73831, 45.46211 ], [ -84.90628, 45.37962 ], [ -85.02322, 45.36443 ], [ -85.17332, 45.37524 ], [ -85.18622, 45.30502 ], [ -85.21943, 45.33111 ], [ -85.29444, 45.33643 ], [ -85.34043, 45.29227 ], [ -85.39518, 44.98797 ], [ -85.36209, 44.96193 ], [ -85.25026, 44.95398 ], [ -85.24177, 45.00078 ], [ -85.20447, 44.99811 ], [ -85.19166, 45.06832 ], [ -85.21193, 45.1646 ], [ -85.16595, 45.20873 ], [ -85.05368, 45.20063 ], [ -84.97012, 45.24198 ], [ -84.88643, 45.28328 ] ] ], [ [ [ -83.56278, 45.25125 ], [ -83.54796, 45.32132 ], [ -83.61297, 45.37418 ], [ -83.72535, 45.38335 ], [ -83.79544, 45.41278 ], [ -83.60507, 45.23097 ], [ -83.58247, 45.15784 ], [ -83.60211, 45.06442 ], [ -83.53252, 45.03491 ], [ -83.54728, 44.96486 ], [ -83.4729, 44.95867 ], [ -83.44814, 45.07541 ], [ -83.36864, 45.09252 ], [ -83.39095, 45.16569 ], [ -83.4183, 45.2155 ], [ -83.56278, 45.25125 ] ] ], [ [ [ -84.70075, 45.45931 ], [ -84.72934, 45.5089 ], [ -84.73831, 45.46211 ], [ -84.70075, 45.45931 ] ] ], [ [ [ -84.56532, 45.56781 ], [ -84.5414, 45.49481 ], [ -84.52312, 45.58836 ], [ -84.44785, 45.58265 ], [ -84.43863, 45.62942 ], [ -84.55162, 45.63798 ], [ -84.59384, 45.61742 ], [ -84.60294, 45.57064 ], [ -84.56532, 45.56781 ] ] ], [ [ [ -78.59329, 40.37134 ], [ -78.57814, 40.29746 ], [ -78.52481, 40.36271 ], [ -78.59329, 40.37134 ] ] ], [ [ [ -78.49924, 40.45546 ], [ -78.46496, 40.45112 ], [ -78.43283, 40.56703 ], [ -78.41995, 40.61339 ], [ -78.55505, 40.51047 ], [ -78.58056, 40.41772 ], [ -78.51203, 40.40909 ], [ -78.49924, 40.45546 ] ] ], [ [ [ -78.37913, 40.63221 ], [ -78.36619, 40.67856 ], [ -78.29742, 40.66982 ], [ -78.28441, 40.71616 ], [ -78.25001, 40.71178 ], [ -78.34675, 40.74808 ], [ -78.42854, 40.71044 ], [ -78.40059, 40.68292 ], [ -78.4135, 40.63657 ], [ -78.37913, 40.63221 ] ] ], [ [ [ -77.9908, 40.87054 ], [ -77.98417, 40.89369 ], [ -78.01866, 40.89814 ], [ -78.01203, 40.92129 ], [ -77.97754, 40.91684 ], [ -77.96425, 40.96314 ], [ -78.0333, 40.97204 ], [ -78.05975, 40.87942 ], [ -77.9908, 40.87054 ] ] ], [ [ [ -76.0025, 41.49056 ], [ -76.02234, 41.54158 ], [ -76.09912, 41.52838 ], [ -76.20322, 41.54307 ], [ -76.1885, 41.58917 ], [ -76.22323, 41.59406 ], [ -76.23058, 41.57101 ], [ -76.33478, 41.5856 ], [ -76.36398, 41.49336 ], [ -76.50279, 41.51268 ], [ -76.61415, 41.504 ], [ -76.69794, 41.4674 ], [ -76.79587, 41.38458 ], [ -76.8101, 41.33841 ], [ -76.69906, 41.34723 ], [ -76.52594, 41.3233 ], [ -76.54755, 41.25408 ], [ -76.51298, 41.24927 ], [ -76.49855, 41.29542 ], [ -76.44385, 41.23963 ], [ -76.43662, 41.2627 ], [ -76.33293, 41.24818 ], [ -76.31837, 41.2943 ], [ -76.21466, 41.27969 ], [ -76.07415, 41.38026 ], [ -76.01734, 41.44447 ], [ -76.0025, 41.49056 ] ] ], [ [ [ -77.54652, 41.65324 ], [ -77.60195, 41.58843 ], [ -77.53229, 41.57933 ], [ -77.56026, 41.607 ], [ -77.54652, 41.65324 ] ] ], [ [ [ -76.89205, 41.54202 ], [ -76.87862, 41.46803 ], [ -76.76735, 41.47692 ], [ -76.74591, 41.54616 ], [ -76.69681, 41.58756 ], [ -76.59253, 41.57323 ], [ -76.51579, 41.5867 ], [ -76.46651, 41.62801 ], [ -76.45197, 41.67414 ], [ -76.49403, 41.6559 ], [ -76.66805, 41.67986 ], [ -76.74487, 41.66631 ], [ -76.7592, 41.62015 ], [ -76.8636, 41.63436 ], [ -76.89205, 41.54202 ] ] ], [ [ [ -76.8913, 41.66217 ], [ -76.84221, 41.70362 ], [ -76.85565, 41.77759 ], [ -76.92543, 41.78703 ], [ -76.90479, 41.73615 ], [ -77.00941, 41.75025 ], [ -77.01649, 41.72716 ], [ -76.98162, 41.72247 ], [ -77.02357, 41.70407 ], [ -77.0377, 41.65788 ], [ -77.12113, 41.74118 ], [ -77.19091, 41.75049 ], [ -77.20493, 41.70429 ], [ -77.2398, 41.70892 ], [ -77.26774, 41.61651 ], [ -77.19109, 41.63034 ], [ -77.21906, 41.53793 ], [ -77.14951, 41.52863 ], [ -77.04476, 41.63479 ], [ -76.90552, 41.616 ], [ -76.92612, 41.66688 ], [ -76.8913, 41.66217 ] ] ], [ [ [ -75.49497, 41.48971 ], [ -75.5296, 41.49476 ], [ -75.53719, 41.47174 ], [ -75.46797, 41.46163 ], [ -75.45273, 41.50766 ], [ -75.48736, 41.51273 ], [ -75.49497, 41.48971 ] ] ], [ [ [ -75.4812, 41.9702 ], [ -75.48887, 41.94719 ], [ -75.52375, 41.95225 ], [ -75.53904, 41.90622 ], [ -75.64363, 41.92132 ], [ -75.68302, 42.02343 ], [ -75.68755, 42.12051 ], [ -75.64941, 42.2356 ], [ -75.6539, 42.33268 ], [ -75.689, 42.33769 ], [ -75.78965, 42.2556 ], [ -75.8124, 42.18653 ], [ -75.78784, 42.03842 ], [ -75.81524, 42.06643 ], [ -75.99014, 42.09121 ], [ -76.00512, 42.04514 ], [ -76.08253, 42.03195 ], [ -76.22245, 42.05153 ], [ -76.2668, 41.91324 ], [ -76.20437, 41.88043 ], [ -76.06484, 41.86083 ], [ -75.9752, 41.79996 ], [ -75.8284, 41.80317 ], [ -75.65437, 41.77818 ], [ -75.6, 41.72209 ], [ -75.5305, 41.71201 ], [ -75.56094, 41.61994 ], [ -75.48393, 41.63286 ], [ -75.5144, 41.5408 ], [ -75.44511, 41.53068 ], [ -75.43747, 41.55369 ], [ -75.47213, 41.55876 ], [ -75.35713, 41.90389 ], [ -75.41144, 41.96007 ], [ -75.4812, 41.9702 ] ] ], [ [ [ -75.505, 42.11837 ], [ -75.49309, 42.04429 ], [ -75.48541, 42.0673 ], [ -75.505, 42.11837 ] ] ], [ [ [ -75.47004, 42.11331 ], [ -75.45464, 42.15933 ], [ -75.505, 42.11837 ], [ -75.47004, 42.11331 ] ] ], [ [ [ -77.2603, 42.72067 ], [ -77.39509, 42.7622 ], [ -77.3739, 42.8315 ], [ -77.48049, 42.84525 ], [ -77.49454, 42.79904 ], [ -77.53706, 42.7805 ], [ -77.60808, 42.7896 ], [ -77.67142, 42.70169 ], [ -77.54356, 42.6373 ], [ -77.36652, 42.61441 ], [ -77.39467, 42.52201 ], [ -77.28865, 42.5082 ], [ -77.27451, 42.55439 ], [ -77.23916, 42.54976 ], [ -77.18941, 42.7114 ], [ -77.2603, 42.72067 ] ] ], [ [ [ -75.27986, 42.78536 ], [ -75.27201, 42.80835 ], [ -75.30736, 42.81346 ], [ -75.29951, 42.83645 ], [ -75.26415, 42.83134 ], [ -75.23267, 42.9233 ], [ -75.26808, 42.92841 ], [ -75.26021, 42.9514 ], [ -75.22478, 42.94629 ], [ -75.19318, 43.03823 ], [ -75.29962, 43.05357 ], [ -75.30749, 43.03058 ], [ -75.44943, 43.05091 ], [ -75.52822, 43.03802 ], [ -75.54379, 42.99202 ], [ -75.68572, 43.01212 ], [ -75.72427, 42.89705 ], [ -75.68884, 42.89205 ], [ -75.75032, 42.70794 ], [ -75.80094, 42.66689 ], [ -75.87156, 42.67683 ], [ -75.92207, 42.63574 ], [ -75.95238, 42.54363 ], [ -76.02289, 42.5535 ], [ -76.07319, 42.51235 ], [ -76.1182, 42.37413 ], [ -76.22372, 42.38881 ], [ -76.23657, 42.46281 ], [ -76.20672, 42.55498 ], [ -76.11367, 42.61431 ], [ -76.3609, 42.64844 ], [ -76.46694, 42.66293 ], [ -76.43899, 42.63506 ], [ -76.47591, 42.51978 ], [ -76.41276, 42.48708 ], [ -76.4349, 42.41792 ], [ -76.50534, 42.42756 ], [ -76.59641, 42.48807 ], [ -76.70223, 42.5024 ], [ -76.68765, 42.54853 ], [ -76.82168, 42.59059 ], [ -76.85063, 42.4983 ], [ -76.81534, 42.49357 ], [ -76.85148, 42.3782 ], [ -76.74583, 42.36398 ], [ -76.76756, 42.29477 ], [ -76.69723, 42.28526 ], [ -76.71899, 42.21605 ], [ -76.57854, 42.19695 ], [ -76.44553, 42.15465 ], [ -76.40311, 42.17288 ], [ -76.26287, 42.15347 ], [ -76.12271, 42.13393 ], [ -76.10779, 42.18001 ], [ -76.03769, 42.17018 ], [ -76.00265, 42.16525 ], [ -75.93259, 42.15537 ], [ -75.83987, 42.21453 ], [ -75.82472, 42.26058 ], [ -75.78965, 42.2556 ], [ -75.61557, 42.44774 ], [ -75.56938, 42.5858 ], [ -75.60462, 42.59083 ], [ -75.56604, 42.70587 ], [ -75.53507, 42.7979 ], [ -75.40149, 42.75465 ], [ -75.38178, 42.70358 ], [ -75.36617, 42.74957 ], [ -75.33085, 42.74448 ], [ -75.27986, 42.78536 ] ] ], [ [ [ -75.15021, 42.83896 ], [ -75.18178, 42.74702 ], [ -75.11119, 42.73674 ], [ -75.06006, 42.77755 ], [ -75.04419, 42.8235 ], [ -75.11487, 42.83382 ], [ -75.15021, 42.83896 ] ] ], [ [ [ -75.15355, 43.15315 ], [ -75.18908, 43.15828 ], [ -75.19701, 43.13529 ], [ -75.16149, 43.13016 ], [ -75.15355, 43.15315 ] ] ], [ [ [ -75.22462, 43.1634 ], [ -75.18497, 43.27833 ], [ -75.16906, 43.32429 ], [ -75.24034, 43.33454 ], [ -75.32744, 43.29877 ], [ -75.3511, 43.2298 ], [ -75.28783, 43.19661 ], [ -75.29572, 43.17362 ], [ -75.22462, 43.1634 ] ] ], [ [ [ -74.93586, 43.24221 ], [ -74.95537, 43.29334 ], [ -74.97143, 43.2474 ], [ -74.93586, 43.24221 ] ] ], [ [ [ -74.95537, 43.29334 ], [ -74.98295, 43.32149 ], [ -75.05419, 43.33183 ], [ -75.06219, 43.30885 ], [ -74.95537, 43.29334 ] ] ], [ [ [ -75.26049, 41.2138 ], [ -75.25283, 41.23681 ], [ -75.27197, 41.28794 ], [ -75.37548, 41.30324 ], [ -75.36784, 41.32625 ], [ -75.50597, 41.34654 ], [ -75.56322, 41.28253 ], [ -75.70132, 41.30263 ], [ -75.71632, 41.25656 ], [ -75.75084, 41.26156 ], [ -75.7658, 41.2155 ], [ -75.66986, 41.17745 ], [ -75.53204, 41.15732 ], [ -75.52028, 41.08319 ], [ -75.45906, 41.05005 ], [ -75.37512, 41.08593 ], [ -75.32549, 41.12687 ], [ -75.31786, 41.14988 ], [ -75.26049, 41.2138 ] ] ], [ [ [ -74.5332, 41.5391 ], [ -74.51726, 41.58503 ], [ -74.4933, 41.65391 ], [ -74.56257, 41.66449 ], [ -74.629, 41.57791 ], [ -74.60235, 41.54967 ], [ -74.5332, 41.5391 ] ] ], [ [ [ -74.31455, 41.74739 ], [ -74.33874, 41.67855 ], [ -74.30411, 41.6732 ], [ -74.28797, 41.7191 ], [ -74.25332, 41.71375 ], [ -74.31455, 41.74739 ] ] ], [ [ [ -74.29266, 41.91336 ], [ -74.34358, 41.87281 ], [ -74.30885, 41.86747 ], [ -74.29266, 41.91336 ] ] ], [ [ [ -73.29653, 41.829 ], [ -73.1842, 41.83508 ], [ -73.10749, 42.04098 ], [ -73.14221, 42.04661 ], [ -73.108, 42.13811 ], [ -73.20383, 42.17785 ], [ -73.22941, 42.10921 ], [ -73.19464, 42.1036 ], [ -73.27114, 41.89766 ], [ -73.29653, 41.829 ] ] ], [ [ [ -74.18306, 42.42874 ], [ -74.08827, 42.48676 ], [ -74.06349, 42.55554 ], [ -74.15233, 42.61757 ], [ -74.29294, 42.63902 ], [ -74.3175, 42.57021 ], [ -74.38776, 42.58087 ], [ -74.39845, 42.65502 ], [ -74.50402, 42.67094 ], [ -74.59062, 42.63561 ], [ -74.64781, 42.78914 ], [ -74.8323, 42.79237 ], [ -74.84832, 42.74643 ], [ -74.8836, 42.75164 ], [ -74.89158, 42.72867 ], [ -74.85632, 42.72347 ], [ -74.8723, 42.67753 ], [ -74.83707, 42.67232 ], [ -74.85306, 42.62638 ], [ -74.78266, 42.61594 ], [ -74.77151, 42.54182 ], [ -74.9462, 42.03643 ], [ -74.98109, 42.04161 ], [ -75.02033, 41.9267 ], [ -74.88108, 41.90594 ], [ -74.84308, 41.80361 ], [ -74.70416, 41.78269 ], [ -74.64558, 41.84634 ], [ -74.51465, 41.80226 ], [ -74.37584, 41.78101 ], [ -74.34358, 41.87281 ], [ -74.36218, 41.92404 ], [ -74.43173, 41.93469 ], [ -74.39947, 42.02649 ], [ -74.2869, 42.03343 ], [ -74.29502, 42.01049 ], [ -74.15583, 41.98903 ], [ -74.14766, 42.01197 ], [ -74.05348, 42.06998 ], [ -73.98762, 42.25339 ], [ -74.05747, 42.26422 ], [ -74.14588, 42.32625 ], [ -74.12945, 42.37212 ], [ -74.16445, 42.3775 ], [ -74.14803, 42.42336 ], [ -74.18306, 42.42874 ] ] ], [ [ [ -73.18739, 42.32073 ], [ -73.21304, 42.2521 ], [ -73.14335, 42.24087 ], [ -73.10904, 42.33236 ], [ -73.17025, 42.36648 ], [ -73.15309, 42.41223 ], [ -73.18803, 42.41785 ], [ -73.22228, 42.32634 ], [ -73.18739, 42.32073 ] ] ], [ [ [ -73.29369, 42.53176 ], [ -73.24154, 42.57193 ], [ -73.23296, 42.59481 ], [ -73.19792, 42.5892 ], [ -73.18932, 42.61207 ], [ -73.22438, 42.61768 ], [ -73.20719, 42.66343 ], [ -73.27736, 42.67463 ], [ -73.32871, 42.53735 ], [ -73.29369, 42.53176 ] ] ], [ [ [ -73.47953, 42.73092 ], [ -73.50503, 42.66224 ], [ -73.40826, 42.62271 ], [ -73.35702, 42.76002 ], [ -73.4188, 42.79403 ], [ -73.4017, 42.8398 ], [ -73.4369, 42.84536 ], [ -73.45397, 42.79959 ], [ -73.48916, 42.80513 ], [ -73.51468, 42.73646 ], [ -73.47953, 42.73092 ] ] ], [ [ [ -73.19925, 42.78341 ], [ -73.20786, 42.76054 ], [ -73.10248, 42.74368 ], [ -73.08517, 42.78941 ], [ -73.14682, 42.82354 ], [ -73.1641, 42.7778 ], [ -73.19925, 42.78341 ] ] ], [ [ [ -73.0587, 42.7609 ], [ -73.02358, 42.75526 ], [ -73.04094, 42.70953 ], [ -73.07603, 42.71517 ], [ -73.10197, 42.64657 ], [ -73.06691, 42.64093 ], [ -73.13591, 42.45798 ], [ -73.066, 42.44671 ], [ -73.01378, 42.48679 ], [ -73.01415, 42.5839 ], [ -72.95336, 42.74393 ], [ -72.91826, 42.73826 ], [ -72.86584, 42.87539 ], [ -72.79554, 42.96109 ], [ -72.81318, 43.01249 ], [ -72.8749, 43.04674 ], [ -72.85733, 43.09244 ], [ -72.91916, 43.12666 ], [ -72.9014, 43.07527 ], [ -72.94519, 42.961 ], [ -72.98042, 42.96666 ], [ -73.03267, 42.8295 ], [ -73.0587, 42.7609 ] ] ], [ [ [ -73.18263, 42.92626 ], [ -73.18199, 42.82916 ], [ -73.14682, 42.82354 ], [ -73.10351, 42.93788 ], [ -73.13874, 42.94351 ], [ -73.13008, 42.96638 ], [ -73.16533, 42.972 ], [ -73.18263, 42.92626 ] ] ], [ [ [ -74.8728, 43.20885 ], [ -74.85668, 43.25478 ], [ -74.89225, 43.25998 ], [ -74.90835, 43.21405 ], [ -74.8728, 43.20885 ] ] ], [ [ [ -73.09584, 43.15494 ], [ -73.07841, 43.20067 ], [ -73.16718, 43.26329 ], [ -73.20193, 43.17181 ], [ -73.09584, 43.15494 ] ] ], [ [ [ -72.91916, 43.12666 ], [ -72.93695, 43.17805 ], [ -72.92817, 43.2009 ], [ -72.96354, 43.20657 ], [ -72.94599, 43.25229 ], [ -72.98139, 43.25795 ], [ -73.01641, 43.16652 ], [ -72.98106, 43.16086 ], [ -72.91916, 43.12666 ] ] ] ] } },
{ "type": "Feature", "properties": { "ID": 11 }, "geometry": { "type": "MultiPolygon", "coordinates": [ [ [ [ -94.44299, 44.29188 ], [ -94.40339, 44.38567 ], [ -94.51485, 44.38682 ], [ -94.51717, 44.29263 ], [ -94.44299, 44.29188 ] ] ], [ [ [ -94.18193, 44.33603 ], [ -94.29328, 44.33735 ], [ -94.29462, 44.29026 ], [ -94.18335, 44.28894 ], [ -94.18193, 44.33603 ] ] ], [ [ [ -94.84697, 44.5075 ], [ -94.95824, 44.53187 ], [ -94.95742, 44.57897 ], [ -95.10652, 44.57993 ], [ -95.10722, 44.53283 ], [ -94.99588, 44.50858 ], [ -94.84697, 44.5075 ] ] ], [ [ [ -94.02262, 44.66378 ], [ -94.09576, 44.71184 ], [ -94.43194, 44.71572 ], [ -94.35852, 44.66783 ], [ -94.35982, 44.62073 ], [ -94.02418, 44.61669 ], [ -94.02262, 44.66378 ] ] ], [ [ [ -92.60802, 41.95198 ], [ -92.56717, 42.04531 ], [ -92.49569, 42.04358 ], [ -92.42691, 41.99474 ], [ -92.38576, 42.08801 ], [ -92.45461, 42.13687 ], [ -92.49305, 42.09067 ], [ -92.67188, 42.09491 ], [ -92.70889, 42.07219 ], [ -92.81616, 42.0746 ], [ -92.81976, 42.00397 ], [ -92.71261, 42.00156 ], [ -92.71509, 41.95447 ], [ -92.60802, 41.95198 ] ] ], [ [ [ -93.15446, 42.50588 ], [ -93.29749, 42.53218 ], [ -93.30057, 42.46155 ], [ -93.15662, 42.45879 ], [ -93.15446, 42.50588 ] ] ], [ [ [ -93.48789, 43.1717 ], [ -93.49174, 43.07753 ], [ -93.34635, 43.07497 ], [ -93.30587, 43.16847 ], [ -93.48789, 43.1717 ] ] ], [ [ [ -93.16244, 43.11864 ], [ -93.12386, 43.16501 ], [ -93.15808, 43.21279 ], [ -93.232, 43.19065 ], [ -93.23519, 43.12003 ], [ -93.16244, 43.11864 ] ] ], [ [ [ -93.7766, 43.24703 ], [ -93.74189, 43.19939 ], [ -93.74622, 43.08167 ], [ -93.70986, 43.08111 ], [ -93.7037, 43.24591 ], [ -93.7766, 43.24703 ] ] ], [ [ [ -93.22025, 43.44957 ], [ -93.25682, 43.45026 ], [ -93.24726, 43.6621 ], [ -93.28185, 43.70986 ], [ -93.42877, 43.71249 ], [ -93.50802, 43.57251 ], [ -93.51283, 43.45481 ], [ -93.54941, 43.45542 ], [ -93.66545, 43.29241 ], [ -93.66724, 43.24533 ], [ -93.55883, 43.22001 ], [ -93.41309, 43.21751 ], [ -93.37363, 43.28749 ], [ -93.48306, 43.2894 ], [ -93.51571, 43.38418 ], [ -93.36958, 43.38164 ], [ -93.22025, 43.44957 ] ] ], [ [ [ -92.87912, 43.67835 ], [ -92.84242, 43.67757 ], [ -92.83629, 43.79524 ], [ -92.90984, 43.79679 ], [ -92.90624, 43.8674 ], [ -93.05351, 43.8704 ], [ -93.05695, 43.79979 ], [ -93.20298, 43.82618 ], [ -93.35017, 43.82888 ], [ -93.3165, 43.75761 ], [ -93.20624, 43.75557 ], [ -93.17387, 43.66072 ], [ -93.02709, 43.65784 ], [ -92.99389, 43.58649 ], [ -92.92059, 43.58497 ], [ -92.87912, 43.67835 ] ] ], [ [ [ -93.09034, 43.87113 ], [ -93.01437, 43.91674 ], [ -93.04778, 43.98808 ], [ -93.19645, 43.96741 ], [ -93.20081, 43.87325 ], [ -93.09034, 43.87113 ] ] ], [ [ [ -92.59391, 42.21095 ], [ -92.59649, 42.16387 ], [ -92.45327, 42.16041 ], [ -92.48376, 42.25545 ], [ -92.55547, 42.25718 ], [ -92.59391, 42.21095 ] ] ], [ [ [ -94.25989, 45.49128 ], [ -94.33426, 45.53924 ], [ -94.33159, 45.63347 ], [ -94.36887, 45.65744 ], [ -94.48273, 45.65861 ], [ -94.52246, 45.58831 ], [ -94.52482, 45.49408 ], [ -94.48879, 45.42304 ], [ -94.37538, 45.42187 ], [ -94.30383, 45.27972 ], [ -94.3072, 45.16196 ], [ -94.45958, 45.09291 ], [ -94.49837, 45.04618 ], [ -94.50074, 44.95198 ], [ -94.42574, 44.95121 ], [ -94.43008, 44.78637 ], [ -94.31789, 44.78516 ], [ -94.27641, 44.92603 ], [ -94.1993, 44.9958 ], [ -94.19788, 45.0429 ], [ -94.0852, 45.04151 ], [ -94.0905, 44.87667 ], [ -94.05458, 44.8291 ], [ -93.94231, 44.82761 ], [ -93.93987, 44.89825 ], [ -94.01402, 44.9228 ], [ -93.97494, 44.9694 ], [ -93.97253, 45.04004 ], [ -93.85987, 45.03849 ], [ -93.86831, 44.80302 ], [ -93.7935, 44.80194 ], [ -93.72049, 44.75374 ], [ -93.72498, 44.63601 ], [ -93.57578, 44.63368 ], [ -93.58244, 44.46888 ], [ -93.62337, 44.37531 ], [ -93.59001, 44.28054 ], [ -93.88666, 44.28504 ], [ -93.88086, 44.44984 ], [ -93.84367, 44.44931 ], [ -93.83603, 44.66121 ], [ -93.9853, 44.66329 ], [ -93.99084, 44.49847 ], [ -93.95362, 44.49797 ], [ -93.95923, 44.33316 ], [ -94.035, 44.28706 ], [ -94.03884, 44.16935 ], [ -94.07885, 44.07565 ], [ -93.96798, 44.07418 ], [ -93.9278, 44.16784 ], [ -93.4837, 44.161 ], [ -93.48173, 44.20809 ], [ -93.40564, 44.2539 ], [ -93.25741, 44.25124 ], [ -93.26703, 44.0394 ], [ -93.15625, 44.03732 ], [ -93.14847, 44.20208 ], [ -93.1833, 44.24986 ], [ -93.17888, 44.34402 ], [ -93.03044, 44.34114 ], [ -93.03508, 44.24699 ], [ -93.00038, 44.19918 ], [ -92.92754, 44.17413 ], [ -92.92993, 44.12706 ], [ -92.81901, 44.12473 ], [ -92.82149, 44.07766 ], [ -92.96928, 44.08074 ], [ -92.97282, 44.01014 ], [ -92.7883, 44.00626 ], [ -92.75897, 43.86425 ], [ -92.64853, 43.8618 ], [ -92.65503, 43.74413 ], [ -92.69433, 43.69789 ], [ -92.58552, 43.67185 ], [ -92.62744, 43.57856 ], [ -92.73737, 43.58104 ], [ -92.74115, 43.51043 ], [ -92.59344, 43.53066 ], [ -92.59738, 43.46006 ], [ -92.63655, 43.41383 ], [ -92.56479, 43.38861 ], [ -92.53094, 43.34069 ], [ -92.54027, 43.17595 ], [ -92.68205, 43.24992 ], [ -92.72101, 43.20367 ], [ -92.68968, 43.10871 ], [ -92.69602, 42.99104 ], [ -92.55219, 42.96415 ], [ -92.56009, 42.82294 ], [ -92.63247, 42.82463 ], [ -92.60018, 42.75318 ], [ -92.53053, 42.7044 ], [ -92.53449, 42.63379 ], [ -92.60665, 42.6355 ], [ -92.61181, 42.54135 ], [ -92.50374, 42.53878 ], [ -92.47174, 42.4673 ], [ -92.44116, 42.37226 ], [ -92.29747, 42.36866 ], [ -92.19116, 42.34232 ], [ -92.19404, 42.29525 ], [ -92.05054, 42.2914 ], [ -92.05353, 42.24433 ], [ -91.83848, 42.23828 ], [ -91.7652, 42.25973 ], [ -91.69676, 42.21055 ], [ -91.70001, 42.16348 ], [ -91.5943, 42.1367 ], [ -91.48698, 42.13338 ], [ -91.49038, 42.08632 ], [ -91.38315, 42.08292 ], [ -91.37967, 42.12998 ], [ -91.20084, 42.12413 ], [ -91.20446, 42.07707 ], [ -91.13483, 42.05115 ], [ -91.02768, 42.04748 ], [ -91.05407, 42.16634 ], [ -91.12564, 42.16878 ], [ -91.15777, 42.21704 ], [ -91.15227, 42.28761 ], [ -91.04471, 42.28396 ], [ -91.0372, 42.37805 ], [ -91.09972, 42.49811 ], [ -91.02777, 42.49566 ], [ -90.95966, 42.44613 ], [ -90.94816, 42.58725 ], [ -90.98227, 42.61202 ], [ -91.0904, 42.61572 ], [ -91.08666, 42.66276 ], [ -91.2255, 42.73814 ], [ -91.19803, 43.09094 ], [ -91.26887, 43.11683 ], [ -91.22703, 43.18621 ], [ -91.21969, 43.28028 ], [ -91.25613, 43.28147 ], [ -91.25248, 43.32851 ], [ -91.36188, 43.332 ], [ -91.32951, 43.75536 ], [ -91.29279, 43.75419 ], [ -91.28365, 43.87179 ], [ -91.21378, 43.82239 ], [ -91.22305, 43.7048 ], [ -91.14967, 43.70241 ], [ -91.16652, 43.49075 ], [ -91.09529, 43.46482 ], [ -91.06446, 43.39305 ], [ -90.99531, 43.34355 ], [ -91.00685, 43.20245 ], [ -91.04324, 43.20369 ], [ -91.05274, 43.0861 ], [ -90.87117, 43.07985 ], [ -90.87706, 43.0093 ], [ -90.91722, 42.96354 ], [ -90.98971, 42.96604 ], [ -91.02977, 42.92025 ], [ -91.03736, 42.82617 ], [ -91.0031, 42.80142 ], [ -90.78622, 42.79381 ], [ -90.7902, 42.74678 ], [ -90.57354, 42.73886 ], [ -90.50343, 42.71263 ], [ -90.5118, 42.61858 ], [ -90.36982, 42.58955 ], [ -90.30862, 42.46918 ], [ -90.16487, 42.46346 ], [ -90.09748, 42.41352 ], [ -90.10195, 42.36651 ], [ -90.03246, 42.34005 ], [ -89.92489, 42.33556 ], [ -89.89828, 42.24002 ], [ -90.00568, 42.24453 ], [ -90.04599, 42.199 ], [ -90.05946, 42.05793 ], [ -90.02377, 42.05645 ], [ -90.02827, 42.00943 ], [ -89.95693, 42.00644 ], [ -89.93041, 41.91089 ], [ -89.78797, 41.90479 ], [ -89.71204, 41.94871 ], [ -89.70256, 42.04273 ], [ -89.62639, 42.0866 ], [ -89.61435, 42.20412 ], [ -89.68112, 42.25428 ], [ -89.70979, 42.32635 ], [ -89.66915, 42.37179 ], [ -89.59983, 42.34513 ], [ -89.49228, 42.34032 ], [ -89.45148, 42.3857 ], [ -89.37974, 42.38243 ], [ -89.30293, 42.42612 ], [ -89.2953, 42.4966 ], [ -89.13072, 42.6778 ], [ -89.05072, 42.74484 ], [ -89.03479, 42.88577 ], [ -88.9598, 42.90578 ], [ -88.94362, 43.04669 ], [ -88.97718, 43.07192 ], [ -88.96639, 43.16586 ], [ -88.92465, 43.21107 ], [ -88.67031, 43.19856 ], [ -88.52789, 43.16774 ], [ -88.52215, 43.21469 ], [ -88.5499, 43.28697 ], [ -88.61698, 43.3376 ], [ -88.6056, 43.43151 ], [ -88.6757, 43.45864 ], [ -88.70656, 43.50741 ], [ -88.69811, 43.57785 ], [ -88.76842, 43.60493 ], [ -88.79664, 43.67716 ], [ -88.77427, 43.865 ], [ -88.84774, 43.86857 ], [ -88.79982, 43.96071 ], [ -88.7858, 44.07811 ], [ -88.89362, 44.10692 ], [ -88.8853, 44.17737 ], [ -88.62689, 44.16479 ], [ -88.5842, 44.20991 ], [ -88.5697, 44.32729 ], [ -88.52685, 44.3724 ], [ -88.48982, 44.37054 ], [ -88.48393, 44.41749 ], [ -88.55805, 44.4212 ], [ -88.6293, 44.44835 ], [ -88.61192, 44.58923 ], [ -88.692, 44.54591 ], [ -88.84341, 44.52961 ], [ -89.02913, 44.53838 ], [ -89.02365, 44.58535 ], [ -89.17238, 44.5922 ], [ -89.17774, 44.54523 ], [ -89.22023, 44.49993 ], [ -89.36616, 44.53008 ], [ -89.40591, 44.50823 ], [ -89.41624, 44.41426 ], [ -89.42397, 44.34378 ], [ -89.42911, 44.2968 ], [ -89.50822, 44.25305 ], [ -89.54855, 43.87716 ], [ -89.58531, 43.87875 ], [ -89.59775, 43.76128 ], [ -89.52437, 43.75809 ], [ -89.53439, 43.66411 ], [ -89.58096, 43.57174 ], [ -89.65657, 43.55141 ], [ -89.70286, 43.459 ], [ -89.88544, 43.4667 ], [ -89.89015, 43.4197 ], [ -90.03613, 43.42569 ], [ -90.04072, 43.37869 ], [ -90.25958, 43.3874 ], [ -90.40767, 43.36952 ], [ -90.39904, 43.46355 ], [ -90.47211, 43.46632 ], [ -90.43993, 43.81893 ], [ -90.46809, 43.91434 ], [ -90.53745, 43.96409 ], [ -90.6848, 43.96944 ], [ -90.76053, 43.94855 ], [ -90.74623, 44.11313 ], [ -90.9309, 44.11954 ], [ -91.00867, 44.07501 ], [ -91.04172, 44.12328 ], [ -91.03397, 44.21734 ], [ -91.10798, 44.21979 ], [ -91.18575, 44.17516 ], [ -91.29669, 44.17871 ], [ -91.3282, 44.25043 ], [ -91.47632, 44.255 ], [ -91.50984, 44.30316 ], [ -91.50104, 44.42078 ], [ -91.46391, 44.41966 ], [ -91.455, 44.53727 ], [ -91.53292, 44.49246 ], [ -91.68165, 44.49682 ], [ -91.71211, 44.592 ], [ -91.82385, 44.59515 ], [ -91.85621, 44.66677 ], [ -92.0427, 44.6718 ], [ -92.07691, 44.71984 ], [ -92.06606, 44.88456 ], [ -92.14398, 44.83943 ], [ -92.2562, 44.84226 ], [ -92.28922, 44.91379 ], [ -92.40159, 44.91652 ], [ -92.47373, 44.96536 ], [ -92.54734, 44.99063 ], [ -92.54187, 45.08479 ], [ -92.61432, 45.13357 ], [ -92.61029, 45.20419 ], [ -92.68558, 45.20585 ], [ -92.71801, 45.30084 ], [ -92.79215, 45.326 ], [ -92.78703, 45.42018 ], [ -93.16493, 45.42769 ], [ -93.20718, 45.3342 ], [ -93.35812, 45.3369 ], [ -93.4, 45.24336 ], [ -93.51304, 45.24525 ], [ -93.51502, 45.19816 ], [ -93.70329, 45.20113 ], [ -93.70146, 45.24823 ], [ -93.88989, 45.25097 ], [ -93.88822, 45.29807 ], [ -93.96284, 45.32265 ], [ -94.11379, 45.3246 ], [ -94.15005, 45.37217 ], [ -94.15153, 45.32506 ], [ -94.30248, 45.32683 ], [ -94.29978, 45.42104 ], [ -94.25989, 45.49128 ] ], [ [ -92.47174, 42.4673 ], [ -92.46771, 42.53791 ], [ -92.32364, 42.53433 ], [ -92.3638, 42.46463 ], [ -92.47174, 42.4673 ] ], [ [ -92.44013, 43.64486 ], [ -92.44426, 43.57426 ], [ -92.51753, 43.57601 ], [ -92.51214, 43.67014 ], [ -92.44013, 43.64486 ] ], [ [ -92.85864, 44.78534 ], [ -92.89112, 44.88027 ], [ -92.81623, 44.87871 ], [ -92.85864, 44.78534 ] ], [ [ -91.70987, 42.54104 ], [ -91.67057, 42.58703 ], [ -91.59849, 42.58486 ], [ -91.52983, 42.5356 ], [ -91.53492, 42.46502 ], [ -91.46299, 42.46278 ], [ -91.4733, 42.32162 ], [ -91.65272, 42.32713 ], [ -91.64942, 42.37419 ], [ -91.75717, 42.37739 ], [ -91.74588, 42.5421 ], [ -91.70987, 42.54104 ] ], [ [ -91.42356, 42.5087 ], [ -91.27603, 42.55113 ], [ -91.27962, 42.50409 ], [ -91.42356, 42.5087 ] ] ], [ [ [ -89.71789, 44.38004 ], [ -89.63878, 44.4239 ], [ -89.74762, 44.4521 ], [ -89.7378, 44.54609 ], [ -89.84933, 44.55071 ], [ -89.85174, 44.52721 ], [ -89.81458, 44.52568 ], [ -89.82911, 44.38468 ], [ -89.7969, 44.33615 ], [ -89.71789, 44.38004 ] ] ], [ [ [ -89.58408, 44.58679 ], [ -89.59666, 44.46931 ], [ -89.48531, 44.4645 ], [ -89.51734, 44.5131 ], [ -89.5097, 44.58359 ], [ -89.58408, 44.58679 ] ] ], [ [ [ -88.61192, 44.58923 ], [ -88.57475, 44.58739 ], [ -88.56891, 44.63435 ], [ -88.60611, 44.63619 ], [ -88.61192, 44.58923 ] ] ], [ [ [ -91.39246, 44.86547 ], [ -91.50469, 44.86886 ], [ -91.54563, 44.82292 ], [ -91.5509, 44.75234 ], [ -91.40154, 44.74785 ], [ -91.36054, 44.79375 ], [ -91.39246, 44.86547 ] ] ], [ [ [ -88.33976, 44.67006 ], [ -88.33373, 44.71701 ], [ -88.37097, 44.71891 ], [ -88.37698, 44.67196 ], [ -88.33976, 44.67006 ] ] ], [ [ [ -88.25926, 44.71319 ], [ -88.25316, 44.76014 ], [ -88.29042, 44.76205 ], [ -88.29649, 44.71511 ], [ -88.25926, 44.71319 ] ] ], [ [ [ -73.35947, 43.94802 ], [ -73.21758, 44.11985 ], [ -73.19114, 44.18846 ], [ -73.22711, 44.19407 ], [ -73.21829, 44.21694 ], [ -73.25428, 44.22254 ], [ -73.28067, 44.15391 ], [ -73.3701, 44.11932 ], [ -73.43117, 43.95914 ], [ -73.35947, 43.94802 ] ] ] ] } },
{ "type": "Feature", "properties": { "ID": 12 }, "geometry": { "type": "MultiPolygon", "coordinates": [ [ [ [ -87.82867, 42.65757 ], [ -87.78644, 42.70246 ], [ -87.77391, 42.79631 ], [ -87.84604, 42.80038 ], [ -87.89447, 42.70854 ], [ -87.82867, 42.65757 ] ] ], [ [ [ -79.99919, 41.95133 ], [ -79.91674, 41.98984 ], [ -79.8573, 42.07873 ], [ -79.69792, 42.13233 ], [ -79.63804, 42.22112 ], [ -79.49675, 42.20487 ], [ -79.41366, 42.24309 ], [ -79.31789, 42.32764 ], [ -79.25728, 42.41627 ], [ -79.18645, 42.40797 ], [ -79.13832, 42.45018 ], [ -79.11281, 42.5429 ], [ -79.2611, 42.53634 ], [ -79.32182, 42.44772 ], [ -79.44067, 42.41365 ], [ -79.50102, 42.32495 ], [ -79.60718, 42.33715 ], [ -79.77328, 42.26045 ], [ -79.82693, 42.19481 ], [ -79.99238, 42.11786 ], [ -80.13359, 42.13362 ], [ -80.14552, 42.08717 ], [ -80.31618, 41.9866 ], [ -80.25161, 41.95559 ], [ -80.26341, 41.90912 ], [ -80.22822, 41.90522 ], [ -80.11672, 41.91671 ], [ -80.10481, 41.96317 ], [ -79.99919, 41.95133 ] ] ], [ [ [ -78.95482, 42.71573 ], [ -79.03241, 42.70097 ], [ -79.01616, 42.62724 ], [ -78.95482, 42.71573 ] ] ], [ [ [ -78.50708, 43.38068 ], [ -78.58561, 43.36615 ], [ -78.59895, 43.31984 ], [ -78.77848, 43.34123 ], [ -78.79167, 43.2949 ], [ -78.94181, 43.28867 ], [ -78.95487, 43.24233 ], [ -79.13429, 43.26328 ], [ -79.1895, 43.1979 ], [ -79.29711, 43.21033 ], [ -79.30988, 43.16396 ], [ -79.41111, 43.19948 ], [ -79.59057, 43.21987 ], [ -79.70454, 43.2088 ], [ -79.69206, 43.2552 ], [ -79.80608, 43.24405 ], [ -79.75634, 43.42969 ], [ -79.67801, 43.44484 ], [ -79.6294, 43.4872 ], [ -79.59157, 43.62638 ], [ -79.50659, 43.66464 ], [ -79.43428, 43.65647 ], [ -79.37892, 43.72193 ], [ -79.29368, 43.76006 ], [ -79.22128, 43.75179 ], [ -79.1591, 43.84035 ], [ -79.0504, 43.82783 ], [ -79.0373, 43.87417 ], [ -78.92856, 43.86156 ], [ -78.84946, 43.87627 ], [ -78.79993, 43.91835 ], [ -78.81626, 43.99208 ], [ -78.99786, 44.0132 ], [ -79.0539, 43.94788 ], [ -79.23545, 43.9687 ], [ -79.4663, 43.94702 ], [ -79.56441, 43.86239 ], [ -79.6922, 43.80494 ], [ -79.71736, 43.71214 ], [ -79.78978, 43.72017 ], [ -79.79603, 43.69696 ], [ -79.86843, 43.70496 ], [ -79.91705, 43.66252 ], [ -79.96033, 43.50004 ], [ -80.00872, 43.45758 ], [ -80.11695, 43.4694 ], [ -80.34558, 43.44635 ], [ -80.52606, 43.46559 ], [ -80.53795, 43.41912 ], [ -80.39965, 43.38052 ], [ -80.41161, 43.33406 ], [ -80.5197, 43.34559 ], [ -80.63373, 43.33379 ], [ -80.64551, 43.28731 ], [ -80.75356, 43.29866 ], [ -80.92082, 43.22067 ], [ -80.96978, 43.32113 ], [ -81.07795, 43.33224 ], [ -81.0665, 43.37876 ], [ -81.20521, 43.41673 ], [ -81.18814, 43.48651 ], [ -81.26047, 43.49382 ], [ -81.23207, 43.61014 ], [ -81.30456, 43.61743 ], [ -81.27618, 43.73376 ], [ -81.34882, 43.74102 ], [ -81.36253, 43.83772 ], [ -81.4353, 43.84494 ], [ -81.45481, 43.91836 ], [ -81.43788, 43.98817 ], [ -81.54733, 43.99894 ], [ -81.56972, 43.90584 ], [ -81.69332, 44.01317 ], [ -81.72656, 43.87349 ], [ -81.69013, 43.86995 ], [ -81.72881, 43.70698 ], [ -81.69249, 43.70345 ], [ -81.72005, 43.58704 ], [ -81.64756, 43.57996 ], [ -81.70813, 43.32388 ], [ -81.75516, 43.28084 ], [ -81.82731, 43.28787 ], [ -81.88505, 43.19823 ], [ -81.99316, 43.20867 ], [ -82.00388, 43.16208 ], [ -82.09721, 43.07581 ], [ -82.17973, 43.03607 ], [ -82.28761, 43.0463 ], [ -82.29808, 42.99969 ], [ -82.47782, 43.01654 ], [ -82.46231, 43.08647 ], [ -82.48281, 43.15975 ], [ -82.5549, 43.16642 ], [ -82.52395, 43.30629 ], [ -82.56008, 43.30963 ], [ -82.57561, 43.4062 ], [ -82.62723, 43.33958 ], [ -82.56524, 43.28631 ], [ -82.65737, 42.86664 ], [ -82.73925, 42.82659 ], [ -82.76445, 42.70998 ], [ -82.62129, 42.6968 ], [ -82.63653, 42.62684 ], [ -82.56505, 42.62021 ], [ -82.58033, 42.55026 ], [ -82.40191, 42.53353 ], [ -82.41735, 42.4636 ], [ -82.35642, 42.41023 ], [ -82.41257, 42.32036 ], [ -82.49389, 42.28043 ], [ -82.74272, 42.30363 ], [ -82.88994, 42.29337 ], [ -82.95122, 42.34651 ], [ -83.00155, 42.27973 ], [ -83.07268, 42.28616 ], [ -83.1019, 42.14613 ], [ -83.04069, 42.09304 ], [ -83.05044, 42.04637 ], [ -82.90875, 42.03347 ], [ -82.83297, 42.05029 ], [ -82.72673, 42.04047 ], [ -82.68631, 42.0605 ], [ -82.54467, 42.04724 ], [ -82.40782, 42.1771 ], [ -82.30143, 42.16697 ], [ -82.13874, 42.24655 ], [ -82.12828, 42.29316 ], [ -81.98623, 42.27935 ], [ -81.8282, 42.33528 ], [ -81.8014, 42.45174 ], [ -81.67296, 42.5343 ], [ -81.54966, 42.59346 ], [ -81.42059, 42.67579 ], [ -81.24214, 42.65764 ], [ -81.23093, 42.70418 ], [ -81.12948, 42.66991 ], [ -80.98109, 42.67838 ], [ -80.76711, 42.65593 ], [ -80.70163, 42.62513 ], [ -80.59476, 42.61374 ], [ -80.45822, 42.57519 ], [ -80.42282, 42.7146 ], [ -80.3515, 42.70688 ], [ -80.29201, 42.79592 ], [ -80.20861, 42.83459 ], [ -80.09543, 42.84605 ], [ -79.8812, 42.8223 ], [ -79.82707, 42.88794 ], [ -79.6128, 42.86379 ], [ -79.49945, 42.87479 ], [ -79.48689, 42.92118 ], [ -79.37975, 42.9089 ], [ -79.30199, 42.92385 ], [ -79.15918, 42.90727 ], [ -79.05857, 42.87157 ], [ -79.03276, 42.96427 ], [ -79.08487, 43.04217 ], [ -79.00039, 43.08014 ], [ -78.8573, 43.06327 ], [ -78.87689, 42.99377 ], [ -78.82508, 42.9158 ], [ -78.77631, 42.95787 ], [ -78.70493, 42.94935 ], [ -78.61892, 43.25038 ], [ -78.54722, 43.24178 ], [ -78.49799, 43.28376 ], [ -78.50708, 43.38068 ] ] ], [ [ [ -87.85168, 43.5807 ], [ -87.77863, 43.57664 ], [ -87.75953, 43.71739 ], [ -87.7866, 43.78981 ], [ -87.79931, 43.69597 ], [ -87.83591, 43.698 ], [ -87.85168, 43.5807 ] ] ], [ [ [ -88.47175, 43.92079 ], [ -88.32475, 43.91324 ], [ -88.35258, 43.98556 ], [ -88.3347, 44.12639 ], [ -88.40845, 44.13017 ], [ -88.41436, 44.08323 ], [ -88.45122, 44.0851 ], [ -88.47175, 43.92079 ] ] ], [ [ [ -86.05527, 44.65411 ], [ -86.0239, 44.84148 ], [ -85.94944, 44.83651 ], [ -85.86701, 44.87835 ], [ -85.85501, 44.9486 ], [ -85.9669, 44.95611 ], [ -86.04937, 44.91422 ], [ -86.08459, 44.70341 ], [ -86.23321, 44.71317 ], [ -86.20376, 44.6639 ], [ -86.22681, 44.52334 ], [ -86.19361, 44.49749 ], [ -86.14886, 44.5419 ], [ -86.09238, 44.65657 ], [ -86.05527, 44.65411 ] ] ], [ [ [ -79.42344, 44.37263 ], [ -79.35028, 44.36442 ], [ -79.32428, 44.45716 ], [ -79.39755, 44.46539 ], [ -79.42344, 44.37263 ] ] ], [ [ [ -73.21074, 40.67452 ], [ -73.12605, 40.70907 ], [ -73.01568, 40.71502 ], [ -72.99043, 40.78369 ], [ -72.90528, 40.72088 ], [ -72.80335, 40.70378 ], [ -72.78638, 40.74954 ], [ -72.6759, 40.75522 ], [ -72.64172, 40.84669 ], [ -72.53965, 40.8294 ], [ -72.49704, 40.84648 ], [ -72.39502, 40.82908 ], [ -72.32635, 40.91465 ], [ -72.29158, 41.00603 ], [ -72.20595, 41.04001 ], [ -72.26543, 41.07454 ], [ -72.23048, 41.16589 ], [ -72.37588, 41.16637 ], [ -72.46159, 41.13229 ], [ -72.49618, 41.04088 ], [ -72.56444, 41.05244 ], [ -72.62435, 40.98962 ], [ -72.76082, 41.01257 ], [ -73.16181, 41.00633 ], [ -73.17859, 40.96054 ], [ -73.25523, 40.94887 ], [ -73.39183, 40.97121 ], [ -73.50262, 40.96497 ], [ -73.51913, 40.91914 ], [ -73.62981, 40.91279 ], [ -73.62031, 40.83851 ], [ -73.52624, 40.79901 ], [ -73.5427, 40.75317 ], [ -73.44055, 40.73653 ], [ -73.43129, 40.66223 ], [ -73.4993, 40.67333 ], [ -73.53217, 40.58165 ], [ -73.38809, 40.58235 ], [ -73.37157, 40.62818 ], [ -73.22739, 40.62871 ], [ -73.21074, 40.67452 ] ] ], [ [ [ -71.07267, 41.59691 ], [ -71.0595, 41.44813 ], [ -70.9976, 41.51025 ], [ -70.92915, 41.49795 ], [ -70.90132, 41.56618 ], [ -70.78926, 41.57038 ], [ -70.7519, 41.66132 ], [ -70.64576, 41.7398 ], [ -70.75813, 41.73572 ], [ -70.84547, 41.70263 ], [ -70.88273, 41.61167 ], [ -71.01989, 41.63628 ], [ -71.07267, 41.59691 ] ] ], [ [ [ -76.27137, 42.92498 ], [ -76.30686, 42.92984 ], [ -76.33675, 42.83766 ], [ -76.3013, 42.83281 ], [ -76.27137, 42.92498 ] ] ], [ [ [ -76.03605, 43.3019 ], [ -76.0513, 43.25584 ], [ -76.00288, 43.17691 ], [ -75.86047, 43.15711 ], [ -75.80949, 43.19818 ], [ -75.79407, 43.24421 ], [ -75.82971, 43.24919 ], [ -75.8143, 43.29522 ], [ -75.88565, 43.30516 ], [ -75.89333, 43.28214 ], [ -76.03605, 43.3019 ] ] ], [ [ [ -76.10512, 43.43179 ], [ -76.16908, 43.46462 ], [ -76.14626, 43.53372 ], [ -76.19729, 43.49254 ], [ -76.3406, 43.51201 ], [ -76.45564, 43.50346 ], [ -76.62878, 43.43045 ], [ -76.65842, 43.33821 ], [ -76.73733, 43.32467 ], [ -76.75205, 43.27854 ], [ -76.93079, 43.30217 ], [ -76.90963, 43.25132 ], [ -76.80247, 43.23715 ], [ -76.71008, 43.17678 ], [ -76.5318, 43.15287 ], [ -76.43235, 43.11538 ], [ -76.33116, 43.19789 ], [ -76.31614, 43.24398 ], [ -76.22969, 43.28033 ], [ -76.21458, 43.3264 ], [ -76.13555, 43.33966 ], [ -76.10512, 43.43179 ] ] ], [ [ [ -77.12184, 44.11993 ], [ -77.23064, 44.13387 ], [ -77.24519, 44.08769 ], [ -77.39024, 44.10613 ], [ -77.4556, 44.1384 ], [ -77.51297, 43.9536 ], [ -77.43342, 43.96755 ], [ -77.41905, 44.01375 ], [ -77.23802, 43.99071 ], [ -77.17293, 43.95834 ], [ -77.18747, 43.91217 ], [ -77.07176, 43.92129 ], [ -77.03513, 44.03668 ], [ -77.13646, 44.07377 ], [ -77.12184, 44.11993 ] ] ] ] } },
{ "type": "Feature", "properties": { "ID": 13 }, "geometry": { "type": "MultiPolygon", "coordinates": [ [ [ [ -91.04324, 43.20369 ], [ -91.00685, 43.20245 ], [ -90.99531, 43.34355 ], [ -91.06446, 43.39305 ], [ -91.09529, 43.46482 ], [ -91.16652, 43.49075 ], [ -91.14967, 43.70241 ], [ -91.25974, 43.70598 ], [ -91.25607, 43.75302 ], [ -91.32951, 43.75536 ], [ -91.36188, 43.332 ], [ -91.07016, 43.3225 ], [ -91.03561, 43.29775 ], [ -91.04324, 43.20369 ] ] ], [ [ [ -87.91883, 44.45887 ], [ -87.90932, 44.52926 ], [ -88.05777, 44.53722 ], [ -88.04216, 44.65456 ], [ -88.11655, 44.65849 ], [ -88.20015, 44.59197 ], [ -88.21238, 44.49809 ], [ -88.37277, 44.41185 ], [ -88.48393, 44.41749 ], [ -88.48982, 44.37054 ], [ -88.52685, 44.3724 ], [ -88.5697, 44.32729 ], [ -88.5842, 44.20991 ], [ -88.62689, 44.16479 ], [ -88.8853, 44.17737 ], [ -88.89362, 44.10692 ], [ -88.7858, 44.07811 ], [ -88.79982, 43.96071 ], [ -88.84774, 43.86857 ], [ -88.77427, 43.865 ], [ -88.79664, 43.67716 ], [ -88.76842, 43.60493 ], [ -88.69811, 43.57785 ], [ -88.70656, 43.50741 ], [ -88.6757, 43.45864 ], [ -88.6056, 43.43151 ], [ -88.61698, 43.3376 ], [ -88.5499, 43.28697 ], [ -88.52215, 43.21469 ], [ -88.53934, 43.07383 ], [ -88.5031, 43.07198 ], [ -88.51743, 42.95459 ], [ -88.44797, 42.92739 ], [ -88.4595, 42.83348 ], [ -88.32388, 42.7555 ], [ -88.23349, 42.60891 ], [ -88.24822, 42.49154 ], [ -88.21233, 42.48961 ], [ -88.21528, 42.46614 ], [ -88.1794, 42.4642 ], [ -88.17346, 42.51115 ], [ -88.13755, 42.5092 ], [ -88.10759, 42.74391 ], [ -88.17371, 42.79476 ], [ -88.12566, 43.17027 ], [ -88.08025, 43.23871 ], [ -88.13479, 43.38343 ], [ -88.20463, 43.41078 ], [ -88.1926, 43.50466 ], [ -88.2656, 43.50851 ], [ -88.29317, 43.58084 ], [ -88.28125, 43.67472 ], [ -88.35149, 43.702 ], [ -88.3763, 43.79778 ], [ -88.44673, 43.82502 ], [ -88.47759, 43.87384 ], [ -88.46589, 43.96773 ], [ -88.46296, 43.99121 ], [ -88.44533, 44.13205 ], [ -88.40845, 44.13017 ], [ -88.36562, 44.17523 ], [ -88.32272, 44.22027 ], [ -88.21194, 44.21452 ], [ -88.16584, 44.28299 ], [ -88.09192, 44.27908 ], [ -88.04874, 44.32405 ], [ -88.0055, 44.369 ], [ -87.9622, 44.41394 ], [ -87.91883, 44.45887 ] ] ], [ [ [ -73.06693, 44.5086 ], [ -73.10308, 44.51424 ], [ -73.09418, 44.53711 ], [ -73.20271, 44.55397 ], [ -73.19315, 44.47974 ], [ -73.25506, 44.31963 ], [ -73.30871, 44.27947 ], [ -73.38079, 44.29062 ], [ -73.35446, 44.35926 ], [ -73.46274, 44.37594 ], [ -73.48022, 44.33016 ], [ -73.44415, 44.32462 ], [ -73.51392, 44.14152 ], [ -73.442, 44.13043 ], [ -73.47683, 44.03889 ], [ -73.40504, 44.02779 ], [ -73.3701, 44.11932 ], [ -73.28067, 44.15391 ], [ -73.25428, 44.22254 ], [ -73.18231, 44.21133 ], [ -73.12033, 44.37141 ], [ -73.08426, 44.36577 ], [ -73.06646, 44.4115 ], [ -73.10256, 44.41714 ], [ -73.06693, 44.5086 ] ] ], [ [ [ -73.40235, 44.63324 ], [ -73.47487, 44.64434 ], [ -73.44849, 44.71301 ], [ -73.52989, 44.7012 ], [ -73.59112, 44.54094 ], [ -73.55491, 44.53542 ], [ -73.56364, 44.51253 ], [ -73.45508, 44.49592 ], [ -73.40235, 44.63324 ] ] ] ] } },
{ "type": "Feature", "properties": { "ID": 14 }, "geometry": { "type": "MultiPolygon", "coordinates": [ [ [ [ -70.61247, 43.95624 ], [ -70.59293, 44.00166 ], [ -70.58667, 43.9273 ], [ -70.56089, 43.89835 ], [ -70.61247, 43.95624 ] ], [ [ -78.19458, 41.16065 ], [ -78.29853, 41.17382 ], [ -78.2723, 41.26646 ], [ -78.30701, 41.27083 ], [ -78.30046, 41.29399 ], [ -78.19631, 41.28083 ], [ -78.18971, 41.30399 ], [ -78.15499, 41.29958 ], [ -78.16821, 41.25327 ], [ -78.2029, 41.25768 ], [ -78.22265, 41.18821 ], [ -78.19458, 41.16065 ] ], [ [ -75.19531, 41.3007 ], [ -75.15677, 41.41571 ], [ -75.10674, 41.45656 ], [ -75.04537, 41.42325 ], [ -74.93843, 41.31056 ], [ -74.99621, 41.24677 ], [ -75.08058, 41.21112 ], [ -75.22604, 41.20868 ], [ -75.19531, 41.3007 ] ], [ [ -77.39467, 42.52201 ], [ -77.28865, 42.5082 ], [ -77.30277, 42.462 ], [ -77.23218, 42.45275 ], [ -77.24633, 42.40657 ], [ -77.2957, 42.365 ], [ -77.36621, 42.37421 ], [ -77.38725, 42.30491 ], [ -77.28161, 42.29108 ], [ -77.3449, 42.2033 ], [ -77.37988, 42.08778 ], [ -77.3167, 42.05547 ], [ -77.3307, 42.00926 ], [ -77.19054, 41.99076 ], [ -77.21164, 41.92146 ], [ -77.14872, 41.88907 ], [ -77.17686, 41.79668 ], [ -77.22581, 41.75513 ], [ -77.19091, 41.75049 ], [ -77.20493, 41.70429 ], [ -77.27468, 41.71355 ], [ -77.28863, 41.66734 ], [ -77.3653, 41.65346 ], [ -77.53964, 41.67636 ], [ -77.54652, 41.65324 ], [ -77.60195, 41.58843 ], [ -77.63679, 41.59297 ], [ -77.67771, 41.45422 ], [ -77.72605, 41.41248 ], [ -77.83032, 41.42599 ], [ -77.89313, 41.45809 ], [ -77.99751, 41.47147 ], [ -78.08861, 41.53107 ], [ -78.29115, 41.58063 ], [ -78.33718, 41.41853 ], [ -78.38506, 41.37657 ], [ -78.45462, 41.38526 ], [ -78.55011, 41.30124 ], [ -78.66079, 41.29097 ], [ -78.76505, 41.30379 ], [ -78.75866, 41.32697 ], [ -78.90413, 41.32077 ], [ -78.9737, 41.32921 ], [ -78.98955, 41.40298 ], [ -79.09407, 41.41556 ], [ -79.08149, 41.46195 ], [ -79.18612, 41.47446 ], [ -79.21476, 41.50181 ], [ -79.18975, 41.59459 ], [ -79.10097, 41.65584 ], [ -79.06308, 41.79496 ], [ -78.95794, 41.78236 ], [ -78.91013, 41.82451 ], [ -78.85887, 42.00992 ], [ -78.89403, 42.01415 ], [ -78.84901, 42.17637 ], [ -78.80082, 42.21847 ], [ -78.69503, 42.20568 ], [ -78.66895, 42.29834 ], [ -78.55648, 42.30861 ], [ -78.49052, 42.54016 ], [ -78.35549, 42.49964 ], [ -78.29807, 42.44462 ], [ -78.15833, 42.54715 ], [ -78.14483, 42.59343 ], [ -78.10939, 42.58901 ], [ -78.12291, 42.54274 ], [ -78.00991, 42.55259 ], [ -77.90371, 42.53922 ], [ -77.92544, 42.58994 ], [ -77.8546, 42.58099 ], [ -77.86832, 42.53475 ], [ -77.82606, 42.55339 ], [ -77.79067, 42.54889 ], [ -77.8113, 42.47953 ], [ -77.74749, 42.44741 ], [ -77.76813, 42.37806 ], [ -77.69756, 42.36903 ], [ -77.65608, 42.50773 ], [ -77.60684, 42.54942 ], [ -77.64221, 42.55395 ], [ -77.63527, 42.57707 ], [ -77.59988, 42.57253 ], [ -77.48674, 42.58197 ], [ -77.38764, 42.54511 ], [ -77.39467, 42.52201 ] ], [ [ -76.76336, 41.95749 ], [ -76.77055, 41.93442 ], [ -76.73559, 41.92966 ], [ -76.74279, 41.90659 ], [ -76.77774, 41.91134 ], [ -76.7921, 41.86518 ], [ -76.86198, 41.87465 ], [ -76.89054, 41.78232 ], [ -76.92543, 41.78703 ], [ -76.90479, 41.73615 ], [ -77.0443, 41.75493 ], [ -77.02306, 41.82421 ], [ -77.09292, 41.83356 ], [ -77.06463, 41.92593 ], [ -77.09962, 41.9306 ], [ -77.06421, 42.04606 ], [ -76.97986, 42.08286 ], [ -76.94545, 41.95804 ], [ -76.79834, 41.96224 ], [ -76.76336, 41.95749 ] ], [ [ -77.18309, 42.25409 ], [ -77.16184, 42.32337 ], [ -77.15475, 42.34646 ], [ -77.11952, 42.3418 ], [ -77.13373, 42.29562 ], [ -77.06334, 42.28629 ], [ -77.07758, 42.24012 ], [ -77.18309, 42.25409 ] ], [ [ -75.05213, 42.80053 ], [ -74.94619, 42.785 ], [ -74.95416, 42.76203 ], [ -74.8836, 42.75164 ], [ -74.89158, 42.72867 ], [ -74.85632, 42.72347 ], [ -74.8723, 42.67753 ], [ -74.83707, 42.67232 ], [ -74.85306, 42.62638 ], [ -74.78266, 42.61594 ], [ -74.77151, 42.54182 ], [ -74.9462, 42.03643 ], [ -74.98109, 42.04161 ], [ -75.02033, 41.9267 ], [ -74.88108, 41.90594 ], [ -74.84308, 41.80361 ], [ -74.73888, 41.78793 ], [ -74.77052, 41.69604 ], [ -74.83988, 41.70649 ], [ -74.82412, 41.75244 ], [ -74.88569, 41.78585 ], [ -75.10978, 41.77094 ], [ -75.17186, 41.58698 ], [ -75.18733, 41.54098 ], [ -75.15677, 41.41571 ], [ -75.24127, 41.37997 ], [ -75.34097, 41.29815 ], [ -75.37548, 41.30324 ], [ -75.36784, 41.32625 ], [ -75.47143, 41.34148 ], [ -75.47558, 41.43862 ], [ -75.43747, 41.55369 ], [ -75.47213, 41.55876 ], [ -75.35713, 41.90389 ], [ -75.41144, 41.96007 ], [ -75.51609, 41.97526 ], [ -75.48541, 42.0673 ], [ -75.505, 42.11837 ], [ -75.47004, 42.11331 ], [ -75.43922, 42.20534 ], [ -75.4315, 42.22834 ], [ -75.40057, 42.32035 ], [ -75.50582, 42.33555 ], [ -75.51781, 42.40962 ], [ -75.47918, 42.52464 ], [ -75.51438, 42.5297 ], [ -75.50665, 42.5527 ], [ -75.47144, 42.54765 ], [ -75.45593, 42.59365 ], [ -75.4207, 42.58858 ], [ -75.36617, 42.74957 ], [ -75.29554, 42.73938 ], [ -75.27986, 42.78536 ], [ -75.20134, 42.79812 ], [ -75.18557, 42.84409 ], [ -75.15021, 42.83896 ], [ -75.18178, 42.74702 ], [ -75.11119, 42.73674 ], [ -75.06006, 42.77755 ], [ -75.05213, 42.80053 ] ], [ [ -84.70185, 44.46306 ], [ -84.71952, 44.36953 ], [ -84.7564, 44.37232 ], [ -84.72997, 44.51263 ], [ -84.76694, 44.51542 ], [ -84.76254, 44.5388 ], [ -84.68856, 44.53321 ], [ -84.66491, 44.46026 ], [ -84.70185, 44.46306 ] ], [ [ -84.8429, 44.71083 ], [ -84.88873, 44.66682 ], [ -84.96289, 44.67231 ], [ -85.00178, 44.46178 ], [ -85.05588, 44.37093 ], [ -85.12968, 44.37634 ], [ -85.22036, 44.28812 ], [ -85.27897, 43.96056 ], [ -85.42563, 43.97112 ], [ -85.48264, 44.06996 ], [ -85.55611, 44.07515 ], [ -85.50303, 44.16618 ], [ -85.42945, 44.16095 ], [ -85.41295, 44.25456 ], [ -85.36781, 44.29874 ], [ -85.25722, 44.29079 ], [ -85.21933, 44.50137 ], [ -85.18235, 44.49869 ], [ -85.1141, 44.87305 ], [ -85.07689, 44.87035 ], [ -85.05099, 45.01073 ], [ -84.95459, 45.12226 ], [ -84.84252, 45.114 ], [ -84.65723, 45.28997 ], [ -84.64822, 45.33675 ], [ -84.44249, 45.41609 ], [ -84.47085, 45.46572 ], [ -84.32065, 45.45422 ], [ -84.33458, 45.38408 ], [ -84.37208, 45.38696 ], [ -84.45627, 45.34594 ], [ -84.50745, 45.27865 ], [ -84.58234, 45.28433 ], [ -84.63332, 45.21699 ], [ -84.68268, 44.95974 ], [ -84.60819, 44.95411 ], [ -84.62167, 44.88396 ], [ -84.75987, 44.75206 ], [ -84.83412, 44.75761 ], [ -84.8429, 44.71083 ] ], [ [ -83.58845, 44.58818 ], [ -83.63512, 44.54455 ], [ -83.74594, 44.5537 ], [ -83.74114, 44.57705 ], [ -83.7781, 44.58008 ], [ -83.77331, 44.60344 ], [ -83.84251, 44.63284 ], [ -83.82818, 44.70291 ], [ -83.79113, 44.69989 ], [ -83.78153, 44.7466 ], [ -83.74447, 44.74357 ], [ -83.72999, 44.81364 ], [ -83.83655, 44.84607 ], [ -83.83175, 44.86943 ], [ -83.8689, 44.87244 ], [ -83.85455, 44.94252 ], [ -83.89174, 44.94553 ], [ -83.88696, 44.96889 ], [ -83.73814, 44.95681 ], [ -83.71064, 44.90706 ], [ -83.72516, 44.83699 ], [ -83.65092, 44.83089 ], [ -83.66549, 44.76083 ], [ -83.643, 44.68772 ], [ -83.57384, 44.65823 ], [ -83.58845, 44.58818 ] ], [ [ -83.90986, 45.04198 ], [ -83.9003, 45.0887 ], [ -84.00744, 45.12102 ], [ -84.08208, 45.12695 ], [ -84.06318, 45.22043 ], [ -84.08639, 45.29349 ], [ -84.14714, 45.3695 ], [ -84.22211, 45.37536 ], [ -84.21274, 45.42211 ], [ -84.17522, 45.41919 ], [ -83.99248, 45.38105 ], [ -84.01155, 45.28757 ], [ -83.9041, 45.25525 ], [ -83.83897, 45.20251 ], [ -83.81609, 45.12941 ], [ -83.83535, 45.03597 ], [ -83.90986, 45.04198 ] ], [ [ -72.07891, 42.50245 ], [ -72.09688, 42.45683 ], [ -72.13175, 42.4627 ], [ -72.1138, 42.50832 ], [ -72.07891, 42.50245 ] ], [ [ -71.98455, 42.36485 ], [ -72.01935, 42.37075 ], [ -71.94716, 42.55317 ], [ -71.87737, 42.54133 ], [ -71.89551, 42.49574 ], [ -71.86064, 42.48981 ], [ -71.96652, 42.41046 ], [ -71.98455, 42.36485 ] ], [ [ -72.883, 42.63547 ], [ -72.86542, 42.58407 ], [ -72.79542, 42.57267 ], [ -72.80416, 42.54982 ], [ -72.73421, 42.53839 ], [ -72.76919, 42.447 ], [ -72.82154, 42.407 ], [ -72.90004, 42.39553 ], [ -72.96925, 42.21264 ], [ -72.89965, 42.20129 ], [ -72.92557, 42.1327 ], [ -72.96033, 42.13838 ], [ -72.96895, 42.11551 ], [ -73.07323, 42.13247 ], [ -73.09037, 42.08673 ], [ -73.12512, 42.09236 ], [ -73.108, 42.13811 ], [ -73.20383, 42.17785 ], [ -73.22089, 42.13209 ], [ -73.27346, 42.18906 ], [ -73.28275, 42.2633 ], [ -73.25717, 42.33194 ], [ -73.18739, 42.32073 ], [ -73.21304, 42.2521 ], [ -73.14335, 42.24087 ], [ -73.10904, 42.33236 ], [ -73.17025, 42.36648 ], [ -73.15309, 42.41223 ], [ -73.18803, 42.41785 ], [ -73.17087, 42.4636 ], [ -73.27579, 42.48041 ], [ -73.33549, 42.32023 ], [ -73.43918, 42.23981 ], [ -73.50892, 42.2509 ], [ -73.45821, 42.38826 ], [ -73.42326, 42.38271 ], [ -73.39779, 42.45138 ], [ -73.43277, 42.45694 ], [ -73.39876, 42.54849 ], [ -73.29369, 42.53176 ], [ -73.24154, 42.57193 ], [ -73.23296, 42.59481 ], [ -73.19792, 42.5892 ], [ -73.18932, 42.61207 ], [ -73.22438, 42.61768 ], [ -73.20719, 42.66343 ], [ -73.17211, 42.65782 ], [ -73.11113, 42.72081 ], [ -73.14624, 42.72643 ], [ -73.1376, 42.7493 ], [ -73.06737, 42.73804 ], [ -73.0587, 42.7609 ], [ -73.02358, 42.75526 ], [ -73.04094, 42.70953 ], [ -73.07603, 42.71517 ], [ -73.10197, 42.64657 ], [ -73.06691, 42.64093 ], [ -73.13591, 42.45798 ], [ -73.066, 42.44671 ], [ -73.01378, 42.48679 ], [ -73.01415, 42.5839 ], [ -72.95336, 42.74393 ], [ -72.91826, 42.73826 ], [ -72.86584, 42.87539 ], [ -72.79554, 42.96109 ], [ -72.81318, 43.01249 ], [ -72.8749, 43.04674 ], [ -72.85733, 43.09244 ], [ -72.91916, 43.12666 ], [ -72.93695, 43.17805 ], [ -72.9106, 43.24661 ], [ -72.81335, 43.30378 ], [ -72.70715, 43.28664 ], [ -72.65397, 43.32658 ], [ -72.68064, 43.25806 ], [ -72.58377, 43.12089 ], [ -72.68979, 43.04103 ], [ -72.7163, 42.9725 ], [ -72.64589, 42.96104 ], [ -72.76041, 42.66407 ], [ -72.81294, 42.62408 ], [ -72.883, 42.63547 ] ], [ [ -73.14682, 42.82354 ], [ -73.1641, 42.7778 ], [ -73.19925, 42.78341 ], [ -73.19062, 42.80628 ], [ -73.22579, 42.81189 ], [ -73.21717, 42.83477 ], [ -73.14682, 42.82354 ] ], [ [ -71.98082, 42.65618 ], [ -72.01578, 42.66208 ], [ -72.01459, 42.75918 ], [ -71.98739, 42.82759 ], [ -71.97831, 42.85039 ], [ -71.8198, 42.87228 ], [ -71.81217, 42.79797 ], [ -71.84866, 42.70681 ], [ -71.84102, 42.6325 ], [ -71.88504, 42.61564 ], [ -71.98987, 42.63338 ], [ -71.98082, 42.65618 ] ], [ [ -73.01794, 43.55489 ], [ -72.98237, 43.54923 ], [ -72.99998, 43.50351 ], [ -72.96443, 43.49785 ], [ -72.97324, 43.475 ], [ -72.9022, 43.46365 ], [ -72.97262, 43.28081 ], [ -73.00803, 43.28647 ], [ -73.01679, 43.26361 ], [ -72.98139, 43.25795 ], [ -73.01641, 43.16652 ], [ -73.08713, 43.17781 ], [ -73.07841, 43.20067 ], [ -73.16718, 43.26329 ], [ -73.20193, 43.17181 ], [ -73.09584, 43.15494 ], [ -73.10455, 43.13208 ], [ -73.06921, 43.12644 ], [ -73.13008, 42.96638 ], [ -73.16533, 42.972 ], [ -73.17398, 42.94913 ], [ -73.23584, 42.98322 ], [ -73.27111, 42.98881 ], [ -73.22721, 43.00609 ], [ -73.19259, 43.09758 ], [ -73.21926, 43.12606 ], [ -73.25461, 43.13166 ], [ -73.26403, 43.20588 ], [ -73.10717, 43.61754 ], [ -73.04473, 43.5834 ], [ -73.02674, 43.53203 ], [ -73.01794, 43.55489 ] ], [ [ -71.96941, 43.53003 ], [ -71.97859, 43.50724 ], [ -71.94315, 43.50133 ], [ -71.97986, 43.41015 ], [ -71.97197, 43.33585 ], [ -71.93663, 43.32995 ], [ -71.97325, 43.23876 ], [ -71.93796, 43.23286 ], [ -71.97452, 43.14167 ], [ -71.93928, 43.13576 ], [ -72.02126, 42.93058 ], [ -71.98614, 42.92468 ], [ -72.00431, 42.87909 ], [ -72.0926, 42.84525 ], [ -72.14473, 42.90261 ], [ -72.21498, 42.91432 ], [ -72.18794, 42.98276 ], [ -72.25829, 42.99445 ], [ -72.23126, 43.06289 ], [ -72.29271, 43.09738 ], [ -72.30996, 43.14884 ], [ -72.23772, 43.33136 ], [ -72.16699, 43.31966 ], [ -72.16602, 43.41675 ], [ -72.30774, 43.44011 ], [ -72.24509, 43.50273 ], [ -72.20871, 43.59397 ], [ -72.07583, 43.54771 ], [ -71.96941, 43.53003 ] ], [ [ -73.9058, 43.49936 ], [ -73.92452, 43.55062 ], [ -73.89912, 43.61935 ], [ -73.97053, 43.63022 ], [ -73.92819, 43.74478 ], [ -73.88393, 43.76226 ], [ -73.77662, 43.74589 ], [ -73.77503, 43.6488 ], [ -73.84304, 43.46555 ], [ -73.87864, 43.471 ], [ -73.89555, 43.42518 ], [ -73.93114, 43.43062 ], [ -73.9058, 43.49936 ] ] ] ] } },
{ "type": "Feature", "properties": { "ID": 15 }, "geometry": { "type": "MultiPolygon", "coordinates": [ [ [ [ -81.12611, 37.7001 ], [ -81.0323, 37.66559 ], [ -81.05481, 37.71606 ], [ -81.12611, 37.7001 ] ] ], [ [ [ -81.0443, 37.76281 ], [ -81.05481, 37.71606 ], [ -80.98875, 37.70861 ], [ -80.98347, 37.73199 ], [ -81.0443, 37.76281 ] ] ], [ [ [ -79.75029, 39.72159 ], [ -79.67645, 39.73677 ], [ -79.58473, 39.82166 ], [ -79.56686, 39.89141 ], [ -79.59496, 39.91872 ], [ -79.62903, 39.92278 ], [ -79.64091, 39.87628 ], [ -79.70902, 39.88437 ], [ -79.74441, 39.74484 ], [ -79.7784, 39.74887 ], [ -79.796, 39.67909 ], [ -79.76205, 39.67507 ], [ -79.75029, 39.72159 ] ] ], [ [ [ -78.84317, 39.97083 ], [ -78.86806, 39.87797 ], [ -78.93607, 39.88644 ], [ -79.05985, 39.94972 ], [ -78.87396, 40.11858 ], [ -78.86148, 40.165 ], [ -78.96396, 40.17768 ], [ -78.93909, 40.27053 ], [ -78.96087, 40.32116 ], [ -78.99512, 40.32538 ], [ -79.00753, 40.27895 ], [ -79.05412, 40.23673 ], [ -79.12254, 40.2451 ], [ -79.13484, 40.19866 ], [ -79.20322, 40.207 ], [ -79.21546, 40.16055 ], [ -79.22157, 40.13733 ], [ -79.22768, 40.1141 ], [ -79.19353, 40.10995 ], [ -79.24598, 40.04442 ], [ -79.31421, 40.0527 ], [ -79.32634, 40.00624 ], [ -79.36044, 40.01037 ], [ -79.40661, 39.96801 ], [ -79.43069, 39.87506 ], [ -79.46472, 39.87916 ], [ -79.47671, 39.83267 ], [ -79.52268, 39.79027 ], [ -79.55842, 39.65078 ], [ -79.54234, 39.57695 ], [ -79.62195, 39.53857 ], [ -79.63966, 39.4688 ], [ -79.60583, 39.46474 ], [ -79.64121, 39.32517 ], [ -79.56779, 39.34031 ], [ -79.5796, 39.29378 ], [ -79.54586, 39.28971 ], [ -79.53402, 39.33623 ], [ -79.50027, 39.33214 ], [ -79.48244, 39.40191 ], [ -79.21224, 39.3689 ], [ -79.20015, 39.41539 ], [ -79.15424, 39.4577 ], [ -79.12044, 39.45352 ], [ -79.07445, 39.49581 ], [ -79.06835, 39.51904 ], [ -78.96074, 39.52965 ], [ -78.9546, 39.55288 ], [ -78.87457, 39.59086 ], [ -78.86839, 39.61409 ], [ -78.93612, 39.62255 ], [ -78.92379, 39.669 ], [ -78.97, 39.62678 ], [ -79.09943, 39.66681 ], [ -78.91445, 39.83578 ], [ -78.93301, 39.76612 ], [ -78.83119, 39.7534 ], [ -78.81875, 39.79983 ], [ -78.7848, 39.79558 ], [ -78.8063, 39.84626 ], [ -78.77508, 39.96232 ], [ -78.84317, 39.97083 ] ], [ [ -79.27875, 39.78473 ], [ -79.33687, 39.69591 ], [ -79.43271, 39.7315 ], [ -79.4147, 39.80123 ], [ -79.3286, 39.86271 ], [ -79.3165, 39.90918 ], [ -79.24233, 39.92413 ], [ -79.27875, 39.78473 ] ] ], [ [ [ -78.58056, 40.41772 ], [ -78.55505, 40.51047 ], [ -78.41995, 40.61339 ], [ -78.40059, 40.68292 ], [ -78.42854, 40.71044 ], [ -78.53586, 40.58003 ], [ -78.63894, 40.59295 ], [ -78.60706, 40.70888 ], [ -78.71036, 40.72175 ], [ -78.70134, 40.62471 ], [ -78.93905, 40.53423 ], [ -78.97024, 40.41821 ], [ -79.01696, 40.376 ], [ -78.91416, 40.36335 ], [ -78.90791, 40.38656 ], [ -78.80512, 40.37383 ], [ -78.77715, 40.34637 ], [ -78.80228, 40.25357 ], [ -78.70868, 40.33783 ], [ -78.67444, 40.33355 ], [ -78.62753, 40.37565 ], [ -78.61483, 40.42203 ], [ -78.58056, 40.41772 ] ] ], [ [ [ -78.38325, 40.87266 ], [ -78.31426, 40.86393 ], [ -78.28818, 40.95659 ], [ -78.35727, 40.96533 ], [ -78.38325, 40.87266 ] ] ], [ [ [ -78.50425, 41.07974 ], [ -78.46964, 41.07541 ], [ -78.45668, 41.12175 ], [ -78.38741, 41.11305 ], [ -78.33319, 41.17819 ], [ -78.29853, 41.17382 ], [ -78.2723, 41.26646 ], [ -78.30701, 41.27083 ], [ -78.30046, 41.29399 ], [ -78.33518, 41.29836 ], [ -78.34827, 41.25204 ], [ -78.50656, 41.19992 ], [ -78.67101, 41.12444 ], [ -78.71574, 40.96217 ], [ -78.61205, 40.9493 ], [ -78.58637, 41.04202 ], [ -78.55177, 41.03771 ], [ -78.49132, 41.12608 ], [ -78.50425, 41.07974 ] ] ], [ [ [ -79.92754, 41.24995 ], [ -79.95045, 41.30039 ], [ -79.96235, 41.25393 ], [ -79.92754, 41.24995 ] ] ], [ [ [ -80.04906, 41.3355 ], [ -80.06089, 41.28903 ], [ -79.95045, 41.30039 ], [ -79.94449, 41.32362 ], [ -80.04906, 41.3355 ] ] ], [ [ [ -79.07808, 41.3418 ], [ -79.10316, 41.24902 ], [ -78.99892, 41.23644 ], [ -78.94209, 41.18164 ], [ -78.96101, 41.11206 ], [ -78.838, 41.16894 ], [ -78.77782, 41.25743 ], [ -78.75866, 41.32697 ], [ -78.90413, 41.32077 ], [ -79.07808, 41.3418 ] ] ], [ [ [ -80.0372, 41.38197 ], [ -80.02533, 41.42844 ], [ -80.07147, 41.52927 ], [ -80.1764, 41.54105 ], [ -80.18229, 41.51781 ], [ -80.12418, 41.4635 ], [ -80.13599, 41.41702 ], [ -80.0372, 41.38197 ] ] ], [ [ [ -80.30458, 41.74646 ], [ -80.31044, 41.72322 ], [ -80.27535, 41.71933 ], [ -80.29882, 41.62637 ], [ -80.26378, 41.62248 ], [ -80.23438, 41.73867 ], [ -80.30458, 41.74646 ] ] ], [ [ [ -79.18975, 41.59459 ], [ -79.10097, 41.65584 ], [ -79.06308, 41.79496 ], [ -78.95794, 41.78236 ], [ -78.91013, 41.82451 ], [ -78.85887, 42.00992 ], [ -78.89403, 42.01415 ], [ -78.85545, 42.1532 ], [ -78.87782, 42.20378 ], [ -78.98365, 42.21644 ], [ -79.00923, 42.12372 ], [ -78.99316, 42.04998 ], [ -79.01865, 41.95726 ], [ -79.08894, 41.96563 ], [ -79.06991, 42.03519 ], [ -79.14029, 42.04354 ], [ -79.12129, 42.1131 ], [ -79.19177, 42.12142 ], [ -79.23961, 42.07919 ], [ -79.26475, 41.98643 ], [ -79.24842, 41.91271 ], [ -79.29607, 41.87046 ], [ -79.40142, 41.88281 ], [ -79.48404, 41.84459 ], [ -79.53763, 41.77905 ], [ -79.74816, 41.80332 ], [ -79.90667, 41.74967 ], [ -79.92469, 41.67999 ], [ -80.05895, 41.71906 ], [ -80.07085, 41.6726 ], [ -80.01865, 41.59501 ], [ -79.87868, 41.57913 ], [ -79.81474, 41.54791 ], [ -79.82679, 41.50147 ], [ -79.76296, 41.47023 ], [ -79.72805, 41.46621 ], [ -79.71594, 41.51265 ], [ -79.50639, 41.48832 ], [ -79.49411, 41.53474 ], [ -79.41807, 41.54977 ], [ -79.40571, 41.59618 ], [ -79.19601, 41.5714 ], [ -79.18975, 41.59459 ] ] ], [ [ [ -77.9745, 42.54814 ], [ -77.9186, 42.61306 ], [ -77.89805, 42.68244 ], [ -77.93353, 42.6869 ], [ -77.92668, 42.71003 ], [ -77.96217, 42.71449 ], [ -77.95533, 42.73761 ], [ -77.99085, 42.74206 ], [ -78.13807, 42.61656 ], [ -78.14483, 42.59343 ], [ -78.10939, 42.58901 ], [ -78.12291, 42.54274 ], [ -78.00991, 42.55259 ], [ -77.9745, 42.54814 ] ] ], [ [ [ -85.6296, 44.08031 ], [ -85.65023, 44.17651 ], [ -85.72785, 44.15822 ], [ -85.70378, 44.29868 ], [ -85.81842, 44.28288 ], [ -85.92907, 44.29041 ], [ -85.93693, 44.24358 ], [ -86.01065, 44.24855 ], [ -86.01845, 44.20172 ], [ -86.02623, 44.15488 ], [ -86.10371, 44.13639 ], [ -86.14819, 44.09199 ], [ -86.1635, 43.99831 ], [ -86.18639, 43.85778 ], [ -86.14976, 43.85534 ], [ -86.16121, 43.78508 ], [ -86.20539, 43.74067 ], [ -86.16882, 43.73823 ], [ -86.18023, 43.66797 ], [ -86.10719, 43.66308 ], [ -86.08218, 43.59037 ], [ -86.06684, 43.68404 ], [ -86.10337, 43.6865 ], [ -86.08419, 43.8036 ], [ -86.0476, 43.80114 ], [ -86.02828, 43.91823 ], [ -85.98384, 43.96258 ], [ -85.91047, 43.9576 ], [ -85.89083, 44.07467 ], [ -85.84618, 44.11899 ], [ -85.69507, 44.13226 ], [ -85.7031, 44.08544 ], [ -85.6296, 44.08031 ] ] ], [ [ [ -85.53175, 44.42883 ], [ -85.45371, 44.44703 ], [ -85.47832, 44.51985 ], [ -85.46593, 44.59007 ], [ -85.39183, 44.58483 ], [ -85.37933, 44.65504 ], [ -85.52771, 44.6655 ], [ -85.53593, 44.61868 ], [ -85.61009, 44.62385 ], [ -85.61824, 44.57703 ], [ -85.65529, 44.5796 ], [ -85.66746, 44.50937 ], [ -85.74551, 44.49106 ], [ -85.75755, 44.42083 ], [ -85.53584, 44.40543 ], [ -85.53175, 44.42883 ] ] ], [ [ [ -85.36261, 44.74865 ], [ -85.37516, 44.67844 ], [ -85.33805, 44.6758 ], [ -85.33386, 44.69921 ], [ -85.29675, 44.69656 ], [ -85.27989, 44.79016 ], [ -85.32547, 44.74601 ], [ -85.36261, 44.74865 ] ] ], [ [ [ -85.24273, 44.7875 ], [ -85.23425, 44.8343 ], [ -85.27989, 44.79016 ], [ -85.24273, 44.7875 ] ] ], [ [ [ -85.22151, 44.90451 ], [ -85.20447, 44.99811 ], [ -85.24177, 45.00078 ], [ -85.25875, 44.90717 ], [ -85.22151, 44.90451 ] ] ], [ [ [ -78.38286, 38.44655 ], [ -78.35783, 38.53949 ], [ -78.32456, 38.53511 ], [ -78.31828, 38.55834 ], [ -78.34529, 38.58595 ], [ -78.4119, 38.59469 ], [ -78.45769, 38.55257 ], [ -78.47637, 38.48286 ], [ -78.44934, 38.45527 ], [ -78.48258, 38.45962 ], [ -78.50741, 38.36665 ], [ -78.47421, 38.36231 ], [ -78.46178, 38.40879 ], [ -78.42856, 38.40444 ], [ -78.4161, 38.45092 ], [ -78.38286, 38.44655 ] ] ], [ [ [ -78.34476, 40.62785 ], [ -78.3318, 40.6742 ], [ -78.36619, 40.67856 ], [ -78.37913, 40.63221 ], [ -78.34476, 40.62785 ] ] ], [ [ [ -78.16812, 40.74931 ], [ -78.10741, 40.83754 ], [ -78.0385, 40.82867 ], [ -78.02528, 40.87498 ], [ -78.05975, 40.87942 ], [ -78.03992, 40.94889 ], [ -78.10896, 40.95775 ], [ -78.16978, 40.86953 ], [ -78.25182, 40.832 ], [ -78.34675, 40.74808 ], [ -78.25001, 40.71178 ], [ -78.21561, 40.70738 ], [ -78.20254, 40.75371 ], [ -78.16812, 40.74931 ] ] ], [ [ [ -77.14387, 40.95082 ], [ -77.09549, 40.99237 ], [ -77.08155, 41.03858 ], [ -77.11605, 41.04325 ], [ -77.1436, 41.07102 ], [ -77.12967, 41.11724 ], [ -77.26788, 41.13582 ], [ -77.37848, 41.12654 ], [ -77.40595, 41.03406 ], [ -77.37144, 41.02946 ], [ -77.35755, 40.9555 ], [ -77.37128, 40.90925 ], [ -77.33683, 40.90465 ], [ -77.32996, 40.92777 ], [ -77.15775, 40.9046 ], [ -77.15081, 40.92771 ], [ -77.18525, 40.93236 ], [ -77.17832, 40.95547 ], [ -77.14387, 40.95082 ] ] ], [ [ [ -77.90305, 41.05126 ], [ -77.9176, 41.12517 ], [ -77.83498, 41.1625 ], [ -77.76575, 41.1535 ], [ -77.67623, 41.21387 ], [ -77.65586, 41.28326 ], [ -77.79459, 41.30132 ], [ -77.80807, 41.25505 ], [ -77.88413, 41.24088 ], [ -77.90422, 41.17146 ], [ -77.9522, 41.12963 ], [ -77.99213, 40.99074 ], [ -78.02667, 40.99519 ], [ -78.0333, 40.97204 ], [ -77.89522, 40.95421 ], [ -77.88187, 41.0005 ], [ -77.77829, 40.98703 ], [ -77.77157, 41.01017 ], [ -77.8061, 41.01467 ], [ -77.79939, 41.03781 ], [ -77.90305, 41.05126 ] ] ], [ [ [ -78.21608, 41.21136 ], [ -78.14674, 41.20255 ], [ -78.08557, 41.29074 ], [ -78.15499, 41.29958 ], [ -78.16821, 41.25327 ], [ -78.2029, 41.25768 ], [ -78.21608, 41.21136 ] ] ], [ [ [ -76.49855, 41.29542 ], [ -76.52019, 41.2262 ], [ -76.45108, 41.21656 ], [ -76.44385, 41.23963 ], [ -76.49855, 41.29542 ] ] ], [ [ [ -76.53315, 41.30023 ], [ -76.52594, 41.3233 ], [ -76.59517, 41.3329 ], [ -76.60236, 41.30982 ], [ -76.53315, 41.30023 ] ] ], [ [ [ -76.30004, 41.58075 ], [ -76.31282, 41.65478 ], [ -76.36776, 41.7106 ], [ -76.4374, 41.72027 ], [ -76.46651, 41.62801 ], [ -76.51579, 41.5867 ], [ -76.59253, 41.57323 ], [ -76.69681, 41.58756 ], [ -76.74591, 41.54616 ], [ -76.76735, 41.47692 ], [ -76.87862, 41.46803 ], [ -76.89205, 41.54202 ], [ -76.85647, 41.65745 ], [ -76.92612, 41.66688 ], [ -76.90552, 41.616 ], [ -77.04476, 41.63479 ], [ -77.14951, 41.52863 ], [ -77.21906, 41.53793 ], [ -77.19109, 41.63034 ], [ -77.26774, 41.61651 ], [ -77.2398, 41.70892 ], [ -77.27468, 41.71355 ], [ -77.28863, 41.66734 ], [ -77.3653, 41.65346 ], [ -77.53964, 41.67636 ], [ -77.56026, 41.607 ], [ -77.53229, 41.57933 ], [ -77.63679, 41.59297 ], [ -77.67771, 41.45422 ], [ -77.72605, 41.41248 ], [ -77.65657, 41.40343 ], [ -77.64227, 41.32952 ], [ -77.57288, 41.32043 ], [ -77.5587, 41.2465 ], [ -77.48942, 41.23737 ], [ -77.49627, 41.21425 ], [ -77.39242, 41.2005 ], [ -77.35795, 41.31608 ], [ -77.3302, 41.28835 ], [ -77.26091, 41.27911 ], [ -77.25397, 41.30222 ], [ -77.18467, 41.29295 ], [ -77.13606, 41.3345 ], [ -77.12207, 41.38071 ], [ -77.05271, 41.37137 ], [ -77.05973, 41.34827 ], [ -76.95576, 41.3342 ], [ -76.94164, 41.38038 ], [ -76.80299, 41.36149 ], [ -76.79587, 41.38458 ], [ -76.69794, 41.4674 ], [ -76.61415, 41.504 ], [ -76.50279, 41.51268 ], [ -76.36398, 41.49336 ], [ -76.33478, 41.5856 ], [ -76.30004, 41.58075 ] ] ], [ [ [ -76.21587, 41.61711 ], [ -76.22323, 41.59406 ], [ -76.1885, 41.58917 ], [ -76.20322, 41.54307 ], [ -76.13382, 41.53328 ], [ -76.10426, 41.62548 ], [ -76.17375, 41.63528 ], [ -76.21587, 41.61711 ] ] ], [ [ [ -77.12113, 41.74118 ], [ -77.0377, 41.65788 ], [ -77.02357, 41.70407 ], [ -76.98162, 41.72247 ], [ -77.01649, 41.72716 ], [ -77.00941, 41.75025 ], [ -77.07919, 41.75961 ], [ -77.12113, 41.74118 ] ] ], [ [ [ -77.12113, 41.74118 ], [ -77.12786, 41.83822 ], [ -77.09292, 41.83356 ], [ -77.07879, 41.87975 ], [ -77.11375, 41.88441 ], [ -77.12081, 41.86132 ], [ -77.15576, 41.86598 ], [ -77.17686, 41.79668 ], [ -77.22581, 41.75513 ], [ -77.12113, 41.74118 ] ] ], [ [ [ -77.05532, 42.54958 ], [ -77.14026, 42.51274 ], [ -77.14711, 42.60975 ], [ -77.17537, 42.63749 ], [ -77.13997, 42.63284 ], [ -77.13284, 42.65592 ], [ -77.20365, 42.66522 ], [ -77.23916, 42.54976 ], [ -77.27451, 42.55439 ], [ -77.30277, 42.462 ], [ -77.23218, 42.45275 ], [ -77.23925, 42.42966 ], [ -77.20397, 42.42502 ], [ -77.21814, 42.37884 ], [ -77.14765, 42.36955 ], [ -77.15475, 42.34646 ], [ -77.11952, 42.3418 ], [ -77.13373, 42.29562 ], [ -77.06334, 42.28629 ], [ -77.07047, 42.2632 ], [ -77.03529, 42.25853 ], [ -77.04955, 42.21235 ], [ -76.97927, 42.20298 ], [ -76.78202, 42.24862 ], [ -76.79646, 42.20248 ], [ -76.73346, 42.16991 ], [ -76.72008, 42.09594 ], [ -76.64998, 42.0864 ], [ -76.69341, 41.94798 ], [ -76.76336, 41.95749 ], [ -76.77055, 41.93442 ], [ -76.70063, 41.92491 ], [ -76.6452, 41.86922 ], [ -76.58127, 41.95671 ], [ -76.64397, 41.98935 ], [ -76.58718, 42.05377 ], [ -76.48215, 42.03936 ], [ -76.42115, 41.88653 ], [ -76.31643, 41.87199 ], [ -76.28346, 41.747 ], [ -76.21382, 41.73725 ], [ -76.12421, 41.67648 ], [ -75.98516, 41.65679 ], [ -75.97277, 41.58273 ], [ -75.90336, 41.57283 ], [ -75.81428, 41.51185 ], [ -75.84422, 41.41971 ], [ -75.97527, 41.46258 ], [ -75.99508, 41.51361 ], [ -76.01734, 41.44447 ], [ -76.07415, 41.38026 ], [ -76.21466, 41.27969 ], [ -76.31837, 41.2943 ], [ -76.33293, 41.24818 ], [ -76.26383, 41.23845 ], [ -76.25653, 41.26151 ], [ -76.08382, 41.23704 ], [ -76.00738, 41.25024 ], [ -75.99259, 41.29633 ], [ -75.88895, 41.28148 ], [ -75.78999, 41.36368 ], [ -75.7825, 41.38672 ], [ -75.64861, 41.46382 ], [ -75.57938, 41.45377 ], [ -75.58371, 41.55089 ], [ -75.5144, 41.5408 ], [ -75.48393, 41.63286 ], [ -75.56094, 41.61994 ], [ -75.5305, 41.71201 ], [ -75.6, 41.72209 ], [ -75.65437, 41.77818 ], [ -75.8284, 41.80317 ], [ -75.9752, 41.79996 ], [ -76.06484, 41.86083 ], [ -76.20437, 41.88043 ], [ -76.2668, 41.91324 ], [ -76.22986, 42.02849 ], [ -76.29982, 42.03822 ], [ -76.27767, 42.10737 ], [ -76.31269, 42.11224 ], [ -76.29792, 42.15834 ], [ -76.40311, 42.17288 ], [ -76.44553, 42.15465 ], [ -76.57854, 42.19695 ], [ -76.71899, 42.21605 ], [ -76.69723, 42.28526 ], [ -76.76756, 42.29477 ], [ -76.74583, 42.36398 ], [ -76.8867, 42.38292 ], [ -76.90035, 42.45687 ], [ -76.9709, 42.46628 ], [ -76.94934, 42.53552 ], [ -77.01999, 42.5449 ], [ -77.00564, 42.59107 ], [ -77.041, 42.59575 ], [ -77.05532, 42.54958 ] ] ], [ [ [ -75.81524, 42.06643 ], [ -75.78784, 42.03842 ], [ -75.8124, 42.18653 ], [ -75.8502, 42.0714 ], [ -75.81524, 42.06643 ] ] ], [ [ [ -75.78965, 42.2556 ], [ -75.82472, 42.26058 ], [ -75.84743, 42.19151 ], [ -75.8124, 42.18653 ], [ -75.78965, 42.2556 ] ] ], [ [ [ -77.8546, 42.58099 ], [ -77.86832, 42.53475 ], [ -77.82606, 42.55339 ], [ -77.79067, 42.54889 ], [ -77.78378, 42.57201 ], [ -77.8546, 42.58099 ] ] ], [ [ [ -77.36652, 42.61441 ], [ -77.54356, 42.6373 ], [ -77.67142, 42.70169 ], [ -77.60808, 42.7896 ], [ -77.57257, 42.78506 ], [ -77.6011, 42.81271 ], [ -77.58013, 42.88203 ], [ -77.61569, 42.88658 ], [ -77.6652, 42.84489 ], [ -77.67912, 42.79866 ], [ -77.75711, 42.78458 ], [ -77.77785, 42.71523 ], [ -77.74236, 42.71072 ], [ -77.72766, 42.63686 ], [ -77.67067, 42.5816 ], [ -77.59988, 42.57253 ], [ -77.48674, 42.58197 ], [ -77.38764, 42.54511 ], [ -77.36652, 42.61441 ] ] ], [ [ [ -75.45906, 41.05005 ], [ -75.52028, 41.08319 ], [ -75.53204, 41.15732 ], [ -75.66986, 41.17745 ], [ -75.7658, 41.2155 ], [ -75.75832, 41.23853 ], [ -75.82734, 41.2485 ], [ -75.84225, 41.20242 ], [ -75.91124, 41.21236 ], [ -75.93348, 41.14322 ], [ -75.99257, 40.95883 ], [ -76.06866, 40.94564 ], [ -76.13741, 40.95546 ], [ -76.11035, 40.9275 ], [ -76.13958, 40.83525 ], [ -76.02932, 40.84356 ], [ -75.89211, 40.82377 ], [ -75.79387, 40.90601 ], [ -75.80592, 40.98012 ], [ -75.76868, 41.09532 ], [ -75.69984, 41.08532 ], [ -75.68789, 41.0112 ], [ -75.71777, 40.91906 ], [ -75.61481, 40.904 ], [ -75.55043, 40.99108 ], [ -75.47418, 41.004 ], [ -75.45906, 41.05005 ] ] ], [ [ [ -75.34073, 41.08084 ], [ -75.32549, 41.12687 ], [ -75.37512, 41.08593 ], [ -75.34073, 41.08084 ] ] ], [ [ [ -75.71632, 41.25656 ], [ -75.70882, 41.2796 ], [ -75.74335, 41.2846 ], [ -75.75084, 41.26156 ], [ -75.71632, 41.25656 ] ] ], [ [ [ -74.44577, 41.16283 ], [ -74.40346, 41.18047 ], [ -74.43782, 41.18579 ], [ -74.42986, 41.20876 ], [ -74.49864, 41.21937 ], [ -74.5145, 41.17344 ], [ -74.46166, 41.1169 ], [ -74.44577, 41.16283 ] ] ], [ [ [ -75.47143, 41.34148 ], [ -75.47558, 41.43862 ], [ -75.46797, 41.46163 ], [ -75.53719, 41.47174 ], [ -75.54478, 41.44872 ], [ -75.57938, 41.45377 ], [ -75.6938, 41.32566 ], [ -75.70132, 41.30263 ], [ -75.56322, 41.28253 ], [ -75.50597, 41.34654 ], [ -75.47143, 41.34148 ] ] ], [ [ [ -75.21068, 41.25469 ], [ -75.19531, 41.3007 ], [ -75.15677, 41.41571 ], [ -75.24127, 41.37997 ], [ -75.34097, 41.29815 ], [ -75.27197, 41.28794 ], [ -75.25283, 41.23681 ], [ -75.24516, 41.25982 ], [ -75.21068, 41.25469 ] ] ], [ [ [ -75.45273, 41.50766 ], [ -75.44511, 41.53068 ], [ -75.47975, 41.53574 ], [ -75.48736, 41.51273 ], [ -75.45273, 41.50766 ] ] ], [ [ [ -74.4933, 41.65391 ], [ -74.4853, 41.67687 ], [ -74.45067, 41.67156 ], [ -74.41053, 41.78634 ], [ -74.51465, 41.80226 ], [ -74.64558, 41.84634 ], [ -74.70416, 41.78269 ], [ -74.73888, 41.78793 ], [ -74.77052, 41.69604 ], [ -74.87457, 41.7117 ], [ -74.85562, 41.66053 ], [ -74.89486, 41.54562 ], [ -74.82566, 41.5352 ], [ -74.77224, 41.47879 ], [ -74.63406, 41.45779 ], [ -74.58366, 41.49846 ], [ -74.56777, 41.54439 ], [ -74.60235, 41.54967 ], [ -74.629, 41.57791 ], [ -74.56257, 41.66449 ], [ -74.4933, 41.65391 ] ] ], [ [ [ -73.10595, 41.74956 ], [ -73.10646, 41.84671 ], [ -73.05476, 41.88682 ], [ -73.02908, 41.95543 ], [ -72.88184, 41.95562 ], [ -72.89064, 42.02989 ], [ -72.85607, 42.12133 ], [ -72.96033, 42.13838 ], [ -72.96895, 42.11551 ], [ -73.03846, 42.12683 ], [ -73.05563, 42.08109 ], [ -73.12512, 42.09236 ], [ -73.14221, 42.04661 ], [ -73.10749, 42.04098 ], [ -73.1842, 41.83508 ], [ -73.29653, 41.829 ], [ -73.27961, 41.87477 ], [ -73.44347, 41.82839 ], [ -73.46864, 41.7597 ], [ -73.41626, 41.70279 ], [ -73.24352, 41.67489 ], [ -73.26041, 41.62911 ], [ -73.22591, 41.62351 ], [ -73.13995, 41.65804 ], [ -73.10595, 41.74956 ] ] ], [ [ [ -75.51438, 42.5297 ], [ -75.49891, 42.57571 ], [ -75.55394, 42.63181 ], [ -75.58921, 42.63685 ], [ -75.60462, 42.59083 ], [ -75.56938, 42.5858 ], [ -75.61557, 42.44774 ], [ -75.78965, 42.2556 ], [ -75.689, 42.33769 ], [ -75.6539, 42.33268 ], [ -75.64941, 42.2356 ], [ -75.68755, 42.12051 ], [ -75.68302, 42.02343 ], [ -75.64363, 41.92132 ], [ -75.53904, 41.90622 ], [ -75.52375, 41.95225 ], [ -75.48887, 41.94719 ], [ -75.4812, 41.9702 ], [ -75.51609, 41.97526 ], [ -75.49309, 42.04429 ], [ -75.505, 42.11837 ], [ -75.45464, 42.15933 ], [ -75.43922, 42.20534 ], [ -75.4315, 42.22834 ], [ -75.40831, 42.29735 ], [ -75.47845, 42.30748 ], [ -75.47073, 42.33049 ], [ -75.50582, 42.33555 ], [ -75.51781, 42.40962 ], [ -75.47918, 42.52464 ], [ -75.51438, 42.5297 ] ] ], [ [ [ -71.75073, 41.74055 ], [ -71.68754, 41.9001 ], [ -71.72205, 41.90607 ], [ -71.69491, 41.97444 ], [ -71.72947, 41.98041 ], [ -71.77306, 41.96358 ], [ -71.85405, 41.7584 ], [ -71.75073, 41.74055 ] ] ], [ [ [ -72.2752, 42.00049 ], [ -72.26713, 41.92618 ], [ -72.12886, 41.90277 ], [ -72.06757, 41.96533 ], [ -72.0754, 42.03966 ], [ -72.23974, 42.09179 ], [ -72.2752, 42.00049 ] ] ], [ [ [ -74.12945, 42.37212 ], [ -74.113, 42.41798 ], [ -74.14803, 42.42336 ], [ -74.16445, 42.3775 ], [ -74.12945, 42.37212 ] ] ], [ [ [ -71.72947, 41.98041 ], [ -71.7715, 42.06071 ], [ -71.74434, 42.12908 ], [ -71.81364, 42.14099 ], [ -71.84975, 42.04981 ], [ -71.78054, 42.03792 ], [ -71.72947, 41.98041 ] ] ], [ [ [ -72.02053, 42.27363 ], [ -72.02171, 42.17651 ], [ -71.88297, 42.15287 ], [ -71.8197, 42.31244 ], [ -71.8167, 42.50666 ], [ -71.84249, 42.53539 ], [ -71.87737, 42.54133 ], [ -71.89551, 42.49574 ], [ -71.86064, 42.48981 ], [ -71.96652, 42.41046 ], [ -72.02053, 42.27363 ] ] ], [ [ [ -70.7549, 43.17562 ], [ -70.71976, 43.16942 ], [ -70.70056, 43.21485 ], [ -70.63026, 43.20242 ], [ -70.61098, 43.24784 ], [ -70.6172, 43.3222 ], [ -70.70688, 43.28921 ], [ -70.73571, 43.22106 ], [ -70.7549, 43.17562 ] ] ] ] } },
{ "type": "Feature", "properties": { "ID": 16 }, "geometry": { "type": "MultiPolygon", "coordinates": [ [ [ [ -90.02377, 42.05645 ], [ -90.05946, 42.05793 ], [ -90.04599, 42.199 ], [ -90.00568, 42.24453 ], [ -89.89828, 42.24002 ], [ -89.92489, 42.33556 ], [ -90.03246, 42.34005 ], [ -90.10195, 42.36651 ], [ -90.09748, 42.41352 ], [ -90.16487, 42.46346 ], [ -90.30862, 42.46918 ], [ -90.36982, 42.58955 ], [ -90.5118, 42.61858 ], [ -90.50343, 42.71263 ], [ -90.57354, 42.73886 ], [ -90.7902, 42.74678 ], [ -90.78622, 42.79381 ], [ -91.0031, 42.80142 ], [ -91.03736, 42.82617 ], [ -91.02977, 42.92025 ], [ -90.98971, 42.96604 ], [ -90.91722, 42.96354 ], [ -90.87706, 43.0093 ], [ -90.87117, 43.07985 ], [ -91.05274, 43.0861 ], [ -91.03561, 43.29775 ], [ -91.07016, 43.3225 ], [ -91.25248, 43.32851 ], [ -91.25613, 43.28147 ], [ -91.21969, 43.28028 ], [ -91.22703, 43.18621 ], [ -91.26887, 43.11683 ], [ -91.19803, 43.09094 ], [ -91.2255, 42.73814 ], [ -91.08666, 42.66276 ], [ -91.0904, 42.61572 ], [ -90.98227, 42.61202 ], [ -90.94816, 42.58725 ], [ -90.95966, 42.44613 ], [ -91.02777, 42.49566 ], [ -91.09972, 42.49811 ], [ -91.0372, 42.37805 ], [ -91.04471, 42.28396 ], [ -91.15227, 42.28761 ], [ -91.15777, 42.21704 ], [ -91.12564, 42.16878 ], [ -91.05407, 42.16634 ], [ -91.02768, 42.04748 ], [ -91.13483, 42.05115 ], [ -91.20446, 42.07707 ], [ -91.20084, 42.12413 ], [ -91.37967, 42.12998 ], [ -91.38315, 42.08292 ], [ -91.49038, 42.08632 ], [ -91.48698, 42.13338 ], [ -91.5943, 42.1367 ], [ -91.63173, 42.11426 ], [ -91.60095, 42.04258 ], [ -91.49379, 42.03926 ], [ -91.49718, 41.99219 ], [ -91.42752, 41.96641 ], [ -91.43096, 41.91934 ], [ -91.28838, 41.91473 ], [ -91.25809, 41.84296 ], [ -91.08009, 41.83696 ], [ -91.04077, 41.88279 ], [ -91.03143, 42.00043 ], [ -90.95626, 42.04499 ], [ -90.95054, 42.11557 ], [ -90.87711, 42.13656 ], [ -90.37658, 42.11788 ], [ -90.3914, 41.95326 ], [ -90.32225, 41.92694 ], [ -90.21536, 41.92267 ], [ -90.17536, 41.96826 ], [ -90.16437, 42.08583 ], [ -90.09294, 42.08291 ], [ -90.02602, 42.03294 ], [ -90.02377, 42.05645 ] ], [ [ -92.21981, 41.87155 ], [ -92.22548, 41.77738 ], [ -92.26527, 41.70768 ], [ -92.33636, 41.70952 ], [ -92.37734, 41.61624 ], [ -92.62581, 41.62233 ], [ -92.62834, 41.57523 ], [ -92.66131, 41.62316 ], [ -92.76782, 41.62561 ], [ -92.76539, 41.67271 ], [ -92.87081, 41.69863 ], [ -92.86611, 41.79283 ], [ -92.61694, 41.78716 ], [ -92.65505, 41.7409 ], [ -92.65881, 41.67026 ], [ -92.58776, 41.66858 ], [ -92.58135, 41.78632 ], [ -92.54316, 41.83255 ], [ -92.61058, 41.90489 ], [ -92.60802, 41.95198 ], [ -92.56717, 42.04531 ], [ -92.49569, 42.04358 ], [ -92.42691, 41.99474 ], [ -92.38576, 42.08801 ], [ -92.28129, 42.0382 ], [ -92.28549, 41.96758 ], [ -92.21411, 41.96571 ], [ -92.1813, 41.91769 ], [ -92.21981, 41.87155 ] ], [ [ -93.86239, 41.83472 ], [ -93.85836, 41.95249 ], [ -93.92976, 41.95354 ], [ -93.9974, 42.07232 ], [ -93.99437, 42.16653 ], [ -93.92115, 42.21261 ], [ -93.92507, 42.09486 ], [ -93.81773, 42.09327 ], [ -93.82676, 41.83419 ], [ -93.86239, 41.83472 ] ], [ [ -92.82216, 41.95688 ], [ -92.92924, 41.9592 ], [ -92.92692, 42.0063 ], [ -92.99723, 42.03135 ], [ -92.99497, 42.07845 ], [ -92.81616, 42.0746 ], [ -92.82216, 41.95688 ] ], [ [ -93.56728, 42.08926 ], [ -93.57095, 41.99505 ], [ -93.67812, 41.99682 ], [ -93.67461, 42.09103 ], [ -93.56728, 42.08926 ] ], [ [ -93.12501, 42.36391 ], [ -93.15878, 42.41171 ], [ -93.15446, 42.50588 ], [ -93.04643, 42.50372 ], [ -93.01269, 42.4559 ], [ -93.05091, 42.40955 ], [ -93.12501, 42.36391 ] ], [ [ -92.78339, 42.71021 ], [ -92.78584, 42.66314 ], [ -92.85804, 42.66472 ], [ -92.89177, 42.71257 ], [ -92.78339, 42.71021 ] ], [ [ -90.68064, 41.91708 ], [ -90.67262, 42.01117 ], [ -90.49005, 42.05148 ], [ -90.50249, 41.91036 ], [ -90.68064, 41.91708 ] ], [ [ -91.69676, 42.21055 ], [ -91.70001, 42.16348 ], [ -91.8074, 42.16665 ], [ -91.87588, 42.21578 ], [ -91.88521, 42.07457 ], [ -91.91788, 42.12266 ], [ -92.0252, 42.12566 ], [ -92.058, 42.17372 ], [ -92.12962, 42.17566 ], [ -92.12522, 42.24627 ], [ -92.05054, 42.2914 ], [ -92.05353, 42.24433 ], [ -91.83848, 42.23828 ], [ -91.7652, 42.25973 ], [ -91.69676, 42.21055 ] ], [ [ -88.22708, 42.37224 ], [ -88.15542, 42.36836 ], [ -88.16136, 42.32141 ], [ -88.19716, 42.32335 ], [ -88.22071, 42.13554 ], [ -88.15525, 42.08471 ], [ -88.26225, 42.09051 ], [ -88.29501, 42.11591 ], [ -88.28337, 42.20982 ], [ -88.34907, 42.26059 ], [ -88.38649, 41.95534 ], [ -88.43348, 41.86328 ], [ -88.50739, 41.84354 ], [ -88.55412, 41.75144 ], [ -88.62509, 41.75512 ], [ -88.70155, 41.71178 ], [ -88.74789, 41.61961 ], [ -88.88957, 41.62674 ], [ -88.8595, 41.57798 ], [ -89.17814, 41.59358 ], [ -89.18324, 41.54657 ], [ -89.28941, 41.55161 ], [ -89.29443, 41.5046 ], [ -89.2237, 41.50125 ], [ -89.22623, 41.47775 ], [ -89.19088, 41.47606 ], [ -89.15809, 41.45086 ], [ -89.1985, 41.40554 ], [ -89.37507, 41.41388 ], [ -89.37012, 41.4609 ], [ -89.58222, 41.47062 ], [ -89.60803, 41.56626 ], [ -89.70012, 41.71205 ], [ -89.80661, 41.71671 ], [ -89.79498, 41.83426 ], [ -89.8259, 41.88282 ], [ -89.93269, 41.88738 ], [ -90.04174, 41.86835 ], [ -90.02827, 42.00943 ], [ -89.95693, 42.00644 ], [ -89.93041, 41.91089 ], [ -89.78797, 41.90479 ], [ -89.71204, 41.94871 ], [ -89.70256, 42.04273 ], [ -89.62639, 42.0866 ], [ -89.61435, 42.20412 ], [ -89.68112, 42.25428 ], [ -89.70979, 42.32635 ], [ -89.66915, 42.37179 ], [ -89.59983, 42.34513 ], [ -89.49228, 42.34032 ], [ -89.45148, 42.3857 ], [ -89.37974, 42.38243 ], [ -89.30293, 42.42612 ], [ -89.2953, 42.4966 ], [ -89.13072, 42.6778 ], [ -89.05072, 42.74484 ], [ -89.03479, 42.88577 ], [ -88.9598, 42.90578 ], [ -88.94362, 43.04669 ], [ -88.97718, 43.07192 ], [ -88.96639, 43.16586 ], [ -88.92465, 43.21107 ], [ -88.67031, 43.19856 ], [ -88.52789, 43.16774 ], [ -88.53934, 43.07383 ], [ -88.5031, 43.07198 ], [ -88.51743, 42.95459 ], [ -88.44797, 42.92739 ], [ -88.4595, 42.83348 ], [ -88.32388, 42.7555 ], [ -88.23349, 42.60891 ], [ -88.24822, 42.49154 ], [ -88.21233, 42.48961 ], [ -88.22708, 42.37224 ] ], [ [ -92.46771, 42.53791 ], [ -92.32364, 42.53433 ], [ -92.3638, 42.46463 ], [ -92.47174, 42.4673 ], [ -92.46771, 42.53791 ] ], [ [ -91.25607, 43.75302 ], [ -91.29279, 43.75419 ], [ -91.28365, 43.87179 ], [ -91.21378, 43.82239 ], [ -91.22305, 43.7048 ], [ -91.25974, 43.70598 ], [ -91.25607, 43.75302 ] ] ], [ [ [ -89.55816, 41.70572 ], [ -89.45416, 41.67738 ], [ -89.49937, 41.58497 ], [ -89.39313, 41.58008 ], [ -89.37578, 41.74462 ], [ -89.44679, 41.7479 ], [ -89.43941, 41.81841 ], [ -89.50807, 41.84516 ], [ -89.58402, 41.80135 ], [ -89.55816, 41.70572 ] ] ], [ [ [ -89.07012, 42.24982 ], [ -89.07536, 42.20283 ], [ -88.9681, 42.19763 ], [ -88.95212, 42.33858 ], [ -89.05699, 42.36728 ], [ -89.1365, 42.30023 ], [ -89.07012, 42.24982 ] ] ], [ [ [ -90.25636, 42.25473 ], [ -90.39964, 42.26037 ], [ -90.37234, 42.16491 ], [ -90.26504, 42.16068 ], [ -90.25636, 42.25473 ] ] ], [ [ [ -90.66407, 42.5299 ], [ -90.73604, 42.53253 ], [ -90.74203, 42.46198 ], [ -90.6342, 42.45802 ], [ -90.66407, 42.5299 ] ] ] ] } },
{ "type": "Feature", "properties": { "ID": 17 }, "geometry": { "type": "MultiPolygon", "coordinates": [ [ [ [ -76.21674, 34.99112 ], [ -76.27301, 35.02425 ], [ -76.29292, 34.9544 ], [ -76.33759, 34.91273 ], [ -76.26148, 34.94948 ], [ -76.21674, 34.99112 ] ] ], [ [ [ -75.45494, 35.67278 ], [ -75.44097, 35.71918 ], [ -75.55399, 35.78598 ], [ -75.52612, 35.87879 ], [ -75.58973, 35.88895 ], [ -75.56884, 35.95855 ], [ -75.63253, 35.96869 ], [ -75.61166, 36.03828 ], [ -75.67543, 36.0484 ], [ -75.65458, 36.11799 ], [ -75.70454, 36.17447 ], [ -75.76845, 36.18454 ], [ -75.73376, 36.30051 ], [ -75.80472, 36.28737 ], [ -75.77699, 36.38014 ], [ -75.83418, 36.41336 ], [ -75.85241, 36.46474 ], [ -75.81772, 36.58067 ], [ -75.88203, 36.59067 ], [ -75.86122, 36.66022 ], [ -75.89788, 36.76293 ], [ -75.95545, 36.79607 ], [ -75.97847, 36.94508 ], [ -76.1402, 36.96982 ], [ -76.16768, 36.87708 ], [ -76.14224, 36.84897 ], [ -76.04536, 36.83415 ], [ -76.02223, 36.68512 ], [ -76.04975, 36.59236 ], [ -75.98542, 36.58244 ], [ -75.98084, 36.48469 ], [ -76.0152, 36.3687 ], [ -75.98314, 36.36374 ], [ -76.01744, 36.24772 ], [ -76.00599, 36.17312 ], [ -75.87814, 36.15318 ], [ -75.79184, 35.9939 ], [ -75.91937, 36.01393 ], [ -75.96044, 35.87463 ], [ -75.90364, 35.84143 ], [ -75.89922, 35.74354 ], [ -75.93335, 35.6274 ], [ -75.90164, 35.6224 ], [ -75.84507, 35.58916 ], [ -75.82707, 35.53768 ], [ -75.76375, 35.52762 ], [ -75.68107, 35.80625 ], [ -75.61752, 35.79613 ], [ -75.56789, 35.73957 ], [ -75.55701, 35.66486 ], [ -75.48664, 35.67788 ], [ -75.45494, 35.67278 ] ] ], [ [ [ -76.2747, 37.08711 ], [ -76.31906, 37.16644 ], [ -76.33273, 37.12007 ], [ -76.2747, 37.08711 ] ] ], [ [ [ -75.63184, 37.86094 ], [ -75.73011, 37.87604 ], [ -75.74433, 37.82979 ], [ -75.81691, 37.81668 ], [ -75.87083, 37.75227 ], [ -75.91306, 37.61343 ], [ -75.94571, 37.6184 ], [ -76.05731, 37.24791 ], [ -76.04564, 37.17346 ], [ -75.98076, 37.16354 ], [ -76.0016, 37.09404 ], [ -75.87201, 37.07413 ], [ -75.81863, 37.13861 ], [ -75.7765, 37.27754 ], [ -75.7045, 37.29064 ], [ -75.66204, 37.42949 ], [ -75.6295, 37.42444 ], [ -75.5296, 37.74823 ], [ -75.48255, 37.78938 ], [ -75.33005, 37.83831 ], [ -75.29374, 37.95382 ], [ -75.21361, 37.98973 ], [ -75.11822, 38.28984 ], [ -75.0853, 38.28466 ], [ -75.02607, 38.46923 ], [ -75.05908, 38.47441 ], [ -75.02195, 38.58973 ], [ -75.0435, 38.73846 ], [ -75.10236, 38.77187 ], [ -75.08004, 38.84105 ], [ -75.11324, 38.84621 ], [ -75.1281, 38.8001 ], [ -75.16128, 38.80525 ], [ -75.1835, 38.73606 ], [ -75.26457, 38.48227 ], [ -75.23154, 38.47714 ], [ -75.37033, 38.03847 ], [ -75.49766, 37.96133 ], [ -75.63184, 37.86094 ] ] ], [ [ [ -76.46323, 39.21779 ], [ -76.3293, 39.19839 ], [ -76.26756, 39.28595 ], [ -76.23921, 39.37837 ], [ -76.31341, 39.36502 ], [ -76.4141, 39.37959 ], [ -76.46323, 39.21779 ] ] ], [ [ [ -74.91613, 39.13028 ], [ -74.96126, 38.99203 ], [ -75.01698, 38.92808 ], [ -74.88409, 38.90727 ], [ -74.74663, 39.00675 ], [ -74.70865, 39.1219 ], [ -74.61148, 39.20345 ], [ -74.52945, 39.2389 ], [ -74.46527, 39.32563 ], [ -74.39076, 39.33799 ], [ -74.29287, 39.41929 ], [ -74.25385, 39.53425 ], [ -74.17121, 39.56947 ], [ -74.03693, 39.96006 ], [ -74.12015, 39.92494 ], [ -74.11022, 39.85062 ], [ -74.16752, 39.78708 ], [ -74.23821, 39.58023 ], [ -74.44458, 39.49199 ], [ -74.59121, 39.36986 ], [ -74.62188, 39.27779 ], [ -74.67818, 39.21401 ], [ -74.75249, 39.2015 ], [ -74.81617, 39.11462 ], [ -74.91613, 39.13028 ] ] ], [ [ [ -74.02291, 40.10327 ], [ -73.94293, 40.33284 ], [ -73.9447, 40.43009 ], [ -73.98849, 40.50981 ], [ -74.04649, 40.44636 ], [ -74.11438, 40.45717 ], [ -74.1383, 40.38829 ], [ -74.08644, 40.33157 ], [ -74.10237, 40.28565 ], [ -74.06852, 40.28024 ], [ -74.10037, 40.18839 ], [ -74.07453, 40.16002 ], [ -74.04074, 40.15461 ], [ -74.02291, 40.10327 ] ] ], [ [ [ -73.53217, 40.58165 ], [ -73.4993, 40.67333 ], [ -73.43129, 40.66223 ], [ -73.44055, 40.73653 ], [ -73.5427, 40.75317 ], [ -73.52624, 40.79901 ], [ -73.62031, 40.83851 ], [ -73.62981, 40.91279 ], [ -73.66397, 40.9183 ], [ -73.68036, 40.87245 ], [ -73.78279, 40.88891 ], [ -74.00397, 40.87572 ], [ -74.07033, 40.78935 ], [ -74.14244, 40.58276 ], [ -74.10842, 40.57736 ], [ -73.83649, 40.53392 ], [ -73.7782, 40.59727 ], [ -73.60829, 40.56978 ], [ -73.53217, 40.58165 ] ] ] ] } },
{ "type": "Feature", "properties": { "ID": 18 }, "geometry": { "type": "MultiPolygon", "coordinates": [ [ [ [ -78.68296, 39.78275 ], [ -78.6025, 39.82057 ], [ -78.57725, 39.91338 ], [ -78.67927, 39.92628 ], [ -78.69445, 40.00018 ], [ -78.79663, 40.013 ], [ -78.80913, 39.96658 ], [ -78.77508, 39.96232 ], [ -78.8063, 39.84626 ], [ -78.7848, 39.79558 ], [ -78.68296, 39.78275 ] ] ], [ [ [ -78.1323, 40.12042 ], [ -78.20047, 40.12925 ], [ -78.26866, 40.13804 ], [ -78.2622, 40.16122 ], [ -78.29632, 40.1656 ], [ -78.3092, 40.11924 ], [ -78.24748, 40.08728 ], [ -78.2328, 40.01334 ], [ -78.26501, 39.89742 ], [ -78.20353, 39.86544 ], [ -78.19062, 39.91181 ], [ -78.18416, 39.93499 ], [ -78.16475, 40.00453 ], [ -78.13073, 40.00012 ], [ -78.11774, 40.04647 ], [ -78.06416, 40.11156 ], [ -78.1323, 40.12042 ] ] ], [ [ [ -78.59084, 40.25107 ], [ -78.62503, 40.25538 ], [ -78.63769, 40.20899 ], [ -78.60353, 40.20469 ], [ -78.59084, 40.25107 ] ] ], [ [ [ -78.82733, 40.16075 ], [ -78.80228, 40.25357 ], [ -78.77715, 40.34637 ], [ -78.80512, 40.37383 ], [ -78.87364, 40.38233 ], [ -78.8924, 40.31271 ], [ -78.85817, 40.30847 ], [ -78.86443, 40.28527 ], [ -78.89864, 40.28951 ], [ -78.91112, 40.24309 ], [ -78.94532, 40.24732 ], [ -78.96396, 40.17768 ], [ -78.82733, 40.16075 ] ] ], [ [ [ -78.59084, 40.25107 ], [ -78.48833, 40.23811 ], [ -78.50746, 40.16854 ], [ -78.43921, 40.15987 ], [ -78.45837, 40.0903 ], [ -78.39021, 40.0816 ], [ -78.36455, 40.17435 ], [ -78.23633, 40.25393 ], [ -78.20389, 40.36981 ], [ -78.25938, 40.42495 ], [ -78.33434, 40.41053 ], [ -78.39433, 40.32217 ], [ -78.46275, 40.33086 ], [ -78.51842, 40.3859 ], [ -78.51203, 40.40909 ], [ -78.54629, 40.41341 ], [ -78.55904, 40.36703 ], [ -78.52481, 40.36271 ], [ -78.57814, 40.29746 ], [ -78.59084, 40.25107 ] ] ], [ [ [ -77.60948, 40.34006 ], [ -77.64365, 40.3446 ], [ -77.67112, 40.37228 ], [ -77.65773, 40.41858 ], [ -77.69194, 40.42311 ], [ -77.71866, 40.33051 ], [ -77.82116, 40.34404 ], [ -77.86858, 40.30221 ], [ -77.895, 40.20957 ], [ -77.90159, 40.18641 ], [ -77.93448, 40.07058 ], [ -77.90045, 40.06611 ], [ -77.90702, 40.04294 ], [ -77.873, 40.03846 ], [ -77.85982, 40.08479 ], [ -77.74445, 40.11761 ], [ -77.73116, 40.16392 ], [ -77.70452, 40.25653 ], [ -77.65704, 40.2983 ], [ -77.6229, 40.29376 ], [ -77.60948, 40.34006 ] ] ], [ [ [ -78.00391, 40.1998 ], [ -77.95665, 40.24167 ], [ -77.93031, 40.33432 ], [ -77.95791, 40.36195 ], [ -78.12894, 40.38416 ], [ -78.16803, 40.24513 ], [ -78.06561, 40.23186 ], [ -78.07214, 40.20869 ], [ -78.00391, 40.1998 ] ] ], [ [ [ -78.32336, 40.57713 ], [ -78.34278, 40.50761 ], [ -78.20561, 40.49007 ], [ -78.21386, 40.58715 ], [ -78.32336, 40.57713 ] ] ], [ [ [ -77.52139, 40.52063 ], [ -77.54889, 40.54834 ], [ -77.51462, 40.54377 ], [ -77.57641, 40.57603 ], [ -77.59663, 40.50661 ], [ -77.52815, 40.49749 ], [ -77.52139, 40.52063 ] ] ], [ [ [ -77.38498, 40.86301 ], [ -77.43307, 40.82135 ], [ -77.50189, 40.83051 ], [ -77.51591, 40.90447 ], [ -77.48866, 40.99698 ], [ -77.52316, 41.00155 ], [ -77.60576, 40.9644 ], [ -77.63959, 40.84873 ], [ -77.78406, 40.84367 ], [ -77.84522, 40.75558 ], [ -77.93517, 40.81531 ], [ -77.90856, 40.90791 ], [ -77.86071, 40.94973 ], [ -77.82621, 40.94524 ], [ -77.81281, 40.99152 ], [ -77.88187, 41.0005 ], [ -77.89522, 40.95421 ], [ -77.96425, 40.96314 ], [ -77.97754, 40.91684 ], [ -78.01203, 40.92129 ], [ -78.01866, 40.89814 ], [ -77.98417, 40.89369 ], [ -77.9908, 40.87054 ], [ -78.02528, 40.87498 ], [ -78.0385, 40.82867 ], [ -78.10741, 40.83754 ], [ -78.16812, 40.74931 ], [ -78.06489, 40.73604 ], [ -78.08463, 40.66656 ], [ -77.97494, 40.67639 ], [ -77.83752, 40.6585 ], [ -77.77552, 40.62635 ], [ -77.90505, 40.54722 ], [ -77.93152, 40.45459 ], [ -77.82217, 40.4643 ], [ -77.76793, 40.52925 ], [ -77.71438, 40.71442 ], [ -77.57696, 40.69627 ], [ -77.43279, 40.70112 ], [ -77.30236, 40.77981 ], [ -77.27485, 40.87229 ], [ -77.30927, 40.87691 ], [ -77.29551, 40.92315 ], [ -77.32996, 40.92777 ], [ -77.33683, 40.90465 ], [ -77.37128, 40.90925 ], [ -77.38498, 40.86301 ] ] ], [ [ [ -83.48278, 41.87095 ], [ -83.49938, 41.96747 ], [ -83.60096, 42.00008 ], [ -83.58696, 42.07015 ], [ -83.60844, 42.14329 ], [ -83.69645, 42.2459 ], [ -83.83878, 42.25802 ], [ -83.84796, 42.2113 ], [ -83.95466, 42.22029 ], [ -83.94101, 42.29039 ], [ -84.088, 42.2789 ], [ -84.26611, 42.29355 ], [ -84.24835, 42.38705 ], [ -84.17699, 42.38121 ], [ -84.15458, 42.49806 ], [ -84.22607, 42.50392 ], [ -84.20372, 42.62077 ], [ -84.23059, 42.67043 ], [ -84.30229, 42.67625 ], [ -84.32483, 42.74926 ], [ -84.38779, 42.80178 ], [ -84.41048, 42.87478 ], [ -84.36563, 42.91865 ], [ -84.25766, 42.90996 ], [ -84.17667, 42.95086 ], [ -84.14952, 43.09106 ], [ -84.25331, 43.1232 ], [ -84.2443, 43.16993 ], [ -84.35273, 43.17863 ], [ -84.38443, 43.20489 ], [ -84.34421, 43.41523 ], [ -84.29892, 43.45908 ], [ -84.32625, 43.50871 ], [ -84.39447, 43.53785 ], [ -84.37654, 43.63134 ], [ -84.22635, 43.64311 ], [ -84.2127, 43.71321 ], [ -84.10333, 43.70441 ], [ -84.09413, 43.75113 ], [ -83.94825, 43.73926 ], [ -83.96609, 43.83568 ], [ -84.07568, 43.84458 ], [ -84.16251, 43.78038 ], [ -84.34504, 43.79493 ], [ -84.31757, 43.7453 ], [ -84.44493, 43.66045 ], [ -84.66363, 43.67747 ], [ -84.77736, 43.66247 ], [ -84.9039, 43.57723 ], [ -84.92526, 43.46029 ], [ -84.96161, 43.46303 ], [ -84.99129, 43.29931 ], [ -85.15298, 43.21657 ], [ -85.2254, 43.22193 ], [ -85.24924, 43.29479 ], [ -85.36212, 43.27934 ], [ -85.50716, 43.28982 ], [ -85.49101, 43.38344 ], [ -85.55964, 43.41204 ], [ -85.5516, 43.45885 ], [ -85.70107, 43.44573 ], [ -85.84656, 43.45587 ], [ -85.83873, 43.50269 ], [ -85.98439, 43.5127 ], [ -86.06106, 43.49423 ], [ -86.08983, 43.54353 ], [ -86.08218, 43.59037 ], [ -86.10719, 43.66308 ], [ -86.18023, 43.66797 ], [ -86.16882, 43.73823 ], [ -86.24195, 43.74309 ], [ -86.26832, 43.57913 ], [ -86.19539, 43.57428 ], [ -86.20673, 43.50401 ], [ -86.17788, 43.45474 ], [ -86.1051, 43.44985 ], [ -86.04384, 43.37467 ], [ -86.0515, 43.32783 ], [ -85.98273, 43.29946 ], [ -85.99811, 43.20579 ], [ -85.96957, 43.15647 ], [ -85.89716, 43.15148 ], [ -85.91648, 43.0344 ], [ -85.95262, 43.03689 ], [ -86.08759, 42.88038 ], [ -86.1027, 42.78669 ], [ -86.03451, 42.75834 ], [ -86.01375, 42.66218 ], [ -85.90601, 42.65471 ], [ -85.93281, 42.49077 ], [ -85.97623, 42.44642 ], [ -86.05159, 42.42795 ], [ -86.02337, 42.37863 ], [ -86.04598, 42.23808 ], [ -86.12106, 42.21957 ], [ -86.16193, 41.96184 ], [ -86.19745, 41.96427 ], [ -86.24765, 41.87296 ], [ -86.26593, 41.75578 ], [ -86.30861, 41.71131 ], [ -86.45017, 41.72086 ], [ -86.53516, 41.6318 ], [ -86.54224, 41.5849 ], [ -86.61991, 41.54268 ], [ -86.79645, 41.55421 ], [ -86.79989, 41.53076 ], [ -87.0824, 41.54875 ], [ -87.07239, 41.61913 ], [ -87.35537, 41.63657 ], [ -87.46472, 41.6195 ], [ -87.48736, 41.71549 ], [ -87.56139, 41.69623 ], [ -87.59681, 41.69832 ], [ -87.5842, 41.7922 ], [ -87.61338, 41.84122 ], [ -87.6844, 41.84537 ], [ -87.67502, 41.91577 ], [ -87.73681, 41.9903 ], [ -87.86696, 42.09232 ], [ -87.85775, 42.16273 ], [ -87.92305, 42.2137 ], [ -88.10172, 42.22361 ], [ -88.13449, 42.24904 ], [ -88.12258, 42.34294 ], [ -88.15839, 42.34489 ], [ -88.16136, 42.32141 ], [ -88.19716, 42.32335 ], [ -88.22071, 42.13554 ], [ -88.15525, 42.08471 ], [ -88.04827, 42.07883 ], [ -87.94435, 42.04939 ], [ -87.9209, 41.9535 ], [ -87.96924, 41.57787 ], [ -87.86618, 41.54837 ], [ -87.88439, 41.40749 ], [ -87.77552, 41.42488 ], [ -87.75255, 41.32892 ], [ -87.61167, 41.32066 ], [ -87.5796, 41.2951 ], [ -87.33326, 41.28025 ], [ -87.32681, 41.32719 ], [ -87.21792, 41.34416 ], [ -86.86591, 41.32192 ], [ -86.79896, 41.29391 ], [ -86.80581, 41.24699 ], [ -86.70038, 41.24011 ], [ -86.64403, 41.14165 ], [ -86.46865, 41.12993 ], [ -86.40565, 41.07828 ], [ -86.43049, 40.9141 ], [ -86.46544, 40.91647 ], [ -86.54588, 40.37681 ], [ -86.59434, 40.28527 ], [ -86.48703, 40.30169 ], [ -86.51137, 40.13738 ], [ -86.44232, 40.13265 ], [ -86.45627, 40.03875 ], [ -86.42878, 39.98942 ], [ -86.50114, 39.97069 ], [ -86.44619, 39.87203 ], [ -86.34305, 39.86487 ], [ -86.33602, 39.91183 ], [ -86.25302, 40.0009 ], [ -86.11526, 39.99114 ], [ -86.10804, 40.03808 ], [ -85.90501, 39.99972 ], [ -85.91971, 39.90586 ], [ -85.96505, 39.83796 ], [ -85.90003, 39.80949 ], [ -85.90737, 39.76255 ], [ -85.70158, 39.74735 ], [ -85.67104, 39.72132 ], [ -85.53396, 39.71099 ], [ -85.48443, 39.80221 ], [ -85.2591, 39.90363 ], [ -85.21297, 39.9713 ], [ -85.13628, 40.0128 ], [ -84.82672, 39.98818 ], [ -84.81857, 40.03504 ], [ -84.74155, 40.07633 ], [ -84.71685, 40.21689 ], [ -84.67407, 40.26093 ], [ -84.61337, 40.20844 ], [ -84.47121, 40.22049 ], [ -84.33328, 40.20897 ], [ -84.2729, 40.15634 ], [ -84.26861, 40.17975 ], [ -84.1997, 40.17391 ], [ -84.18251, 40.07734 ], [ -84.11372, 40.07145 ], [ -84.09235, 39.99827 ], [ -84.02801, 39.96893 ], [ -83.89069, 39.95697 ], [ -83.83866, 40.04757 ], [ -83.73556, 40.03848 ], [ -83.71016, 39.98864 ], [ -83.72358, 39.91844 ], [ -83.7027, 39.84518 ], [ -83.72055, 39.75157 ], [ -83.76808, 39.68439 ], [ -83.63141, 39.67217 ], [ -83.64037, 39.62536 ], [ -83.53797, 39.61612 ], [ -83.55858, 39.68942 ], [ -83.54052, 39.78302 ], [ -83.57473, 39.78611 ], [ -83.56571, 39.8329 ], [ -83.53146, 39.82981 ], [ -83.5224, 39.8766 ], [ -83.55666, 39.8797 ], [ -83.54761, 39.92649 ], [ -83.51332, 39.92339 ], [ -83.49968, 39.99357 ], [ -83.534, 39.99667 ], [ -83.52492, 40.04345 ], [ -83.58458, 40.09641 ], [ -83.55279, 40.26014 ], [ -83.38049, 40.24459 ], [ -83.37125, 40.29135 ], [ -83.33678, 40.28822 ], [ -83.35274, 40.38487 ], [ -83.32953, 40.50175 ], [ -83.26036, 40.49545 ], [ -83.207, 40.58576 ], [ -83.13775, 40.5794 ], [ -83.08415, 40.66966 ], [ -82.91085, 40.65354 ], [ -82.81662, 40.59705 ], [ -82.80141, 40.50036 ], [ -82.73229, 40.4938 ], [ -82.75658, 40.37702 ], [ -82.72695, 40.35037 ], [ -82.62354, 40.34046 ], [ -82.67785, 40.41714 ], [ -82.69774, 40.4905 ], [ -82.52992, 40.61732 ], [ -82.41612, 40.65394 ], [ -82.40111, 40.72396 ], [ -82.46546, 40.75402 ], [ -82.45548, 40.8007 ], [ -82.31669, 40.7872 ], [ -82.34131, 40.83726 ], [ -82.32618, 40.90725 ], [ -82.12794, 40.84012 ], [ -82.13817, 40.79346 ], [ -81.99945, 40.77965 ], [ -81.8816, 40.67243 ], [ -81.89198, 40.62579 ], [ -81.82803, 40.59546 ], [ -81.65527, 40.57779 ], [ -81.63417, 40.67104 ], [ -81.50911, 40.75355 ], [ -81.40524, 40.74274 ], [ -81.42913, 40.79295 ], [ -81.39448, 40.78934 ], [ -81.38372, 40.83593 ], [ -81.24508, 40.82138 ], [ -81.20498, 40.84101 ], [ -81.16671, 41.00403 ], [ -81.10995, 41.09349 ], [ -81.07516, 41.0898 ], [ -81.02529, 41.2993 ], [ -80.94433, 41.33842 ], [ -80.93313, 41.38496 ], [ -80.72355, 41.36242 ], [ -80.66658, 41.59502 ], [ -80.52645, 41.57977 ], [ -80.42719, 41.545 ], [ -80.41558, 41.59149 ], [ -80.31052, 41.57988 ], [ -80.27535, 41.71933 ], [ -80.31044, 41.72322 ], [ -80.30458, 41.74646 ], [ -80.40992, 41.75807 ], [ -80.43319, 41.66509 ], [ -80.40977, 41.61474 ], [ -80.54995, 41.6301 ], [ -80.53264, 41.69985 ], [ -80.48596, 41.74252 ], [ -80.66159, 41.7616 ], [ -80.78977, 41.67991 ], [ -80.84185, 41.61389 ], [ -80.92324, 41.57484 ], [ -81.05626, 41.46963 ], [ -81.08957, 41.32998 ], [ -81.17044, 41.29078 ], [ -81.19242, 41.19765 ], [ -81.33187, 41.21225 ], [ -81.34274, 41.16567 ], [ -81.45269, 41.15323 ], [ -81.5921, 41.16757 ], [ -81.61874, 41.05107 ], [ -81.69364, 41.03487 ], [ -81.83284, 41.04898 ], [ -81.85195, 41.12242 ], [ -81.83096, 41.21565 ], [ -81.93568, 41.22614 ], [ -81.95496, 41.29956 ], [ -82.05465, 41.33327 ], [ -82.04428, 41.3799 ], [ -82.18946, 41.37034 ], [ -82.19972, 41.3237 ], [ -82.27989, 41.28388 ], [ -82.38479, 41.29404 ], [ -82.3949, 41.24738 ], [ -82.47485, 41.20745 ], [ -82.6146, 41.22078 ], [ -82.71452, 41.25403 ], [ -82.75933, 41.21064 ], [ -82.77895, 41.11727 ], [ -82.88366, 41.12707 ], [ -82.89337, 41.08037 ], [ -82.99803, 41.09008 ], [ -83.05344, 41.16657 ], [ -83.074, 41.23983 ], [ -83.17895, 41.2494 ], [ -83.19968, 41.32264 ], [ -83.30479, 41.33212 ], [ -83.29534, 41.37883 ], [ -83.39117, 41.43496 ], [ -83.36293, 41.5751 ], [ -83.4333, 41.58135 ], [ -83.4145, 41.67477 ], [ -83.44505, 41.70124 ], [ -83.51556, 41.70745 ], [ -83.48278, 41.87095 ] ], [ [ -85.75101, 40.74765 ], [ -85.82068, 40.75272 ], [ -85.84427, 40.82557 ], [ -85.77453, 40.82051 ], [ -85.75101, 40.74765 ] ], [ [ -85.56535, 40.80513 ], [ -85.60021, 40.80772 ], [ -85.58097, 40.92489 ], [ -85.53832, 40.96916 ], [ -85.39857, 40.95871 ], [ -85.3715, 40.90922 ], [ -85.41424, 40.86499 ], [ -85.42596, 40.7947 ], [ -85.56535, 40.80513 ] ], [ [ -84.8582, 41.41539 ], [ -84.84157, 41.509 ], [ -84.76276, 41.55025 ], [ -84.75016, 41.62044 ], [ -84.51284, 41.74389 ], [ -84.36719, 41.75582 ], [ -84.35847, 41.80259 ], [ -84.25241, 41.79389 ], [ -84.19938, 41.88449 ], [ -84.11968, 41.92537 ], [ -83.87187, 41.90454 ], [ -83.92625, 41.6241 ], [ -83.96149, 41.62709 ], [ -83.97497, 41.55696 ], [ -83.9929, 41.46346 ], [ -83.98016, 41.34359 ], [ -83.87493, 41.33461 ], [ -83.89294, 41.2411 ], [ -83.93693, 41.19734 ], [ -84.04194, 41.20627 ], [ -84.05081, 41.15951 ], [ -84.12959, 41.11864 ], [ -84.2345, 41.12743 ], [ -84.24322, 41.08065 ], [ -84.31745, 41.06307 ], [ -84.33905, 40.94609 ], [ -84.49561, 40.86399 ], [ -84.63499, 40.87533 ], [ -84.62659, 40.92215 ], [ -84.69217, 40.95118 ], [ -84.79688, 40.95956 ], [ -84.81938, 41.03257 ], [ -85.09905, 41.05448 ], [ -85.16499, 41.08329 ], [ -85.11386, 41.17427 ], [ -84.97373, 41.16339 ], [ -84.96554, 41.21022 ], [ -84.89131, 41.22813 ], [ -84.8582, 41.41539 ] ], [ [ -85.60238, 42.30148 ], [ -85.55879, 42.34572 ], [ -85.48736, 42.34052 ], [ -85.50324, 42.24688 ], [ -85.60238, 42.30148 ] ] ], [ [ [ -79.76296, 41.47023 ], [ -79.82679, 41.50147 ], [ -79.81474, 41.54791 ], [ -79.87868, 41.57913 ], [ -80.01865, 41.59501 ], [ -80.07085, 41.6726 ], [ -80.0649, 41.69583 ], [ -80.12318, 41.75016 ], [ -80.19338, 41.758 ], [ -80.20519, 41.71153 ], [ -80.24027, 41.71543 ], [ -80.26965, 41.59924 ], [ -80.1646, 41.58752 ], [ -80.1764, 41.54105 ], [ -80.07147, 41.52927 ], [ -80.02533, 41.42844 ], [ -80.04906, 41.3355 ], [ -79.94449, 41.32362 ], [ -79.95045, 41.30039 ], [ -79.92754, 41.24995 ], [ -79.82314, 41.23798 ], [ -79.74754, 41.25319 ], [ -79.69314, 41.46218 ], [ -79.76296, 41.47023 ] ] ], [ [ [ -83.62752, 42.95262 ], [ -83.6086, 43.04602 ], [ -83.75745, 43.03487 ], [ -83.73548, 42.96177 ], [ -83.62752, 42.95262 ] ] ], [ [ [ -77.17537, 42.63749 ], [ -77.14711, 42.60975 ], [ -77.14026, 42.51274 ], [ -77.05532, 42.54958 ], [ -77.04816, 42.57267 ], [ -77.0692, 42.62351 ], [ -77.17537, 42.63749 ] ] ], [ [ [ -77.11854, 42.7021 ], [ -77.18941, 42.7114 ], [ -77.20365, 42.66522 ], [ -77.13284, 42.65592 ], [ -77.11854, 42.7021 ] ] ], [ [ [ -77.67217, 42.82178 ], [ -77.69381, 42.87252 ], [ -77.82922, 42.91365 ], [ -77.89236, 42.82565 ], [ -77.97718, 42.78832 ], [ -77.94164, 42.78386 ], [ -77.96217, 42.71449 ], [ -77.82022, 42.6966 ], [ -77.81333, 42.71972 ], [ -77.77785, 42.71523 ], [ -77.75711, 42.78458 ], [ -77.67912, 42.79866 ], [ -77.67217, 42.82178 ] ] ], [ [ [ -77.53706, 42.7805 ], [ -77.49454, 42.79904 ], [ -77.48049, 42.84525 ], [ -77.51603, 42.84982 ], [ -77.509, 42.87292 ], [ -77.58013, 42.88203 ], [ -77.6011, 42.81271 ], [ -77.57257, 42.78506 ], [ -77.53706, 42.7805 ] ] ], [ [ [ -83.55699, 43.65919 ], [ -83.60774, 43.59222 ], [ -83.63636, 43.45214 ], [ -83.48647, 43.46316 ], [ -83.49609, 43.41647 ], [ -83.38736, 43.40714 ], [ -83.24926, 43.53775 ], [ -83.22958, 43.63109 ], [ -83.30231, 43.63739 ], [ -83.27776, 43.75408 ], [ -83.4284, 43.74327 ], [ -83.44297, 43.67324 ], [ -83.55699, 43.65919 ] ] ], [ [ [ -86.14976, 43.85534 ], [ -86.18639, 43.85778 ], [ -86.1635, 43.99831 ], [ -86.15585, 44.04515 ], [ -86.1926, 44.04759 ], [ -86.22682, 43.83678 ], [ -86.15358, 43.83192 ], [ -86.14976, 43.85534 ] ] ], [ [ [ -77.5277, 40.37723 ], [ -77.45936, 40.36808 ], [ -77.41163, 40.40976 ], [ -77.39804, 40.45603 ], [ -77.50068, 40.46979 ], [ -77.5142, 40.42351 ], [ -77.5484, 40.42808 ], [ -77.56187, 40.38179 ], [ -77.59605, 40.38635 ], [ -77.60277, 40.3632 ], [ -77.57533, 40.33551 ], [ -77.54118, 40.33095 ], [ -77.5277, 40.37723 ] ] ], [ [ [ -75.62735, 40.42311 ], [ -75.5933, 40.41808 ], [ -75.60503, 40.49224 ], [ -75.74143, 40.51231 ], [ -75.76361, 40.44317 ], [ -75.71028, 40.38706 ], [ -75.62735, 40.42311 ] ] ], [ [ [ -75.97302, 40.57018 ], [ -75.95836, 40.6163 ], [ -76.04135, 40.58005 ], [ -75.97302, 40.57018 ] ] ], [ [ [ -76.13741, 40.95546 ], [ -76.10303, 40.95055 ], [ -76.08837, 40.99667 ], [ -76.10812, 41.04769 ], [ -76.14255, 41.0526 ], [ -76.15718, 41.00648 ], [ -76.19889, 40.98831 ], [ -76.33654, 41.0078 ], [ -76.36548, 40.91552 ], [ -76.483, 40.88387 ], [ -76.53884, 40.81944 ], [ -76.64899, 40.81073 ], [ -76.67738, 40.71837 ], [ -76.57452, 40.70402 ], [ -76.60298, 40.61166 ], [ -76.70569, 40.626 ], [ -76.71982, 40.57981 ], [ -76.75405, 40.58457 ], [ -76.76813, 40.53837 ], [ -76.69973, 40.52885 ], [ -76.6443, 40.59336 ], [ -76.50745, 40.57417 ], [ -76.52882, 40.5049 ], [ -76.4605, 40.49527 ], [ -76.4462, 40.54143 ], [ -76.37067, 40.55484 ], [ -76.19982, 40.53049 ], [ -76.0901, 40.53885 ], [ -76.07553, 40.58498 ], [ -76.14389, 40.5948 ], [ -76.08784, 40.65909 ], [ -76.0121, 40.6723 ], [ -75.91424, 40.75462 ], [ -75.8995, 40.80073 ], [ -75.93378, 40.80568 ], [ -75.92641, 40.82873 ], [ -76.02932, 40.84356 ], [ -76.13958, 40.83525 ], [ -76.11035, 40.9275 ], [ -76.13741, 40.95546 ] ] ], [ [ [ -77.11605, 41.04325 ], [ -77.01257, 41.02922 ], [ -76.98452, 41.12163 ], [ -77.11572, 41.16345 ], [ -77.1436, 41.07102 ], [ -77.11605, 41.04325 ] ] ], [ [ [ -76.59517, 41.3329 ], [ -76.69906, 41.34723 ], [ -76.8101, 41.33841 ], [ -76.80299, 41.36149 ], [ -76.94164, 41.38038 ], [ -76.95576, 41.3342 ], [ -76.88648, 41.32477 ], [ -76.89355, 41.30168 ], [ -76.72049, 41.27799 ], [ -76.65845, 41.24537 ], [ -76.64535, 41.17135 ], [ -76.46552, 41.17042 ], [ -76.45108, 41.21656 ], [ -76.52019, 41.2262 ], [ -76.51298, 41.24927 ], [ -76.54755, 41.25408 ], [ -76.53315, 41.30023 ], [ -76.60236, 41.30982 ], [ -76.59517, 41.3329 ] ] ], [ [ [ -74.18718, 41.07415 ], [ -74.1368, 41.11467 ], [ -74.10453, 41.20646 ], [ -74.13889, 41.21185 ], [ -74.11466, 41.28068 ], [ -74.25228, 41.30219 ], [ -74.36112, 41.19811 ], [ -74.42986, 41.20876 ], [ -74.43782, 41.18579 ], [ -74.40346, 41.18047 ], [ -74.44577, 41.16283 ], [ -74.4696, 41.09393 ], [ -74.40096, 41.0833 ], [ -74.43274, 40.99144 ], [ -74.39848, 40.98612 ], [ -74.34033, 41.04967 ], [ -74.31639, 41.11855 ], [ -74.25577, 41.08489 ], [ -74.18718, 41.07415 ] ] ], [ [ [ -75.99508, 41.51361 ], [ -75.97527, 41.46258 ], [ -75.84422, 41.41971 ], [ -75.81428, 41.51185 ], [ -75.90336, 41.57283 ], [ -76.0422, 41.5926 ], [ -76.06951, 41.62056 ], [ -76.10426, 41.62548 ], [ -76.13382, 41.53328 ], [ -76.09912, 41.52838 ], [ -76.02234, 41.54158 ], [ -76.0025, 41.49056 ], [ -75.99508, 41.51361 ] ] ], [ [ [ -72.85545, 41.63562 ], [ -72.97631, 41.70408 ], [ -72.95919, 41.74982 ], [ -73.0283, 41.76115 ], [ -73.04537, 41.7154 ], [ -73.07991, 41.72104 ], [ -73.08843, 41.69817 ], [ -73.12296, 41.7038 ], [ -73.13995, 41.65804 ], [ -73.22591, 41.62351 ], [ -73.29492, 41.6347 ], [ -73.35466, 41.57161 ], [ -73.32018, 41.56603 ], [ -73.38726, 41.38285 ], [ -73.47378, 41.44533 ], [ -73.44038, 41.53694 ], [ -73.50934, 41.54803 ], [ -73.501, 41.57094 ], [ -73.63904, 41.59303 ], [ -73.63074, 41.61594 ], [ -73.66528, 41.62145 ], [ -73.68185, 41.57562 ], [ -73.69839, 41.52979 ], [ -73.8019, 41.54623 ], [ -73.78387, 41.49492 ], [ -73.88734, 41.5113 ], [ -73.89553, 41.48837 ], [ -73.96452, 41.49924 ], [ -73.97268, 41.47631 ], [ -73.94637, 41.44795 ], [ -73.98084, 41.45338 ], [ -73.99714, 41.40751 ], [ -74.10862, 41.40079 ], [ -74.14098, 41.30902 ], [ -74.00339, 41.28741 ], [ -73.98713, 41.33328 ], [ -73.86756, 41.36283 ], [ -73.85938, 41.38576 ], [ -73.72171, 41.36387 ], [ -73.61983, 41.44454 ], [ -73.59494, 41.51327 ], [ -73.52601, 41.50222 ], [ -73.57586, 41.36477 ], [ -73.66118, 41.32996 ], [ -73.70238, 41.21537 ], [ -73.59944, 41.19885 ], [ -73.48935, 41.30235 ], [ -73.40397, 41.33705 ], [ -73.30092, 41.32032 ], [ -73.27574, 41.389 ], [ -73.19013, 41.42357 ], [ -73.08699, 41.40669 ], [ -73.07003, 41.45245 ], [ -72.99274, 41.46402 ], [ -72.9757, 41.50977 ], [ -72.87247, 41.49273 ], [ -72.85533, 41.53846 ], [ -72.8295, 41.5099 ], [ -72.72631, 41.49275 ], [ -72.6918, 41.58418 ], [ -72.75206, 41.6185 ], [ -72.85545, 41.63562 ] ] ], [ [ [ -74.18405, 41.70301 ], [ -74.16781, 41.74889 ], [ -74.22903, 41.78258 ], [ -74.2128, 41.82846 ], [ -74.27412, 41.86213 ], [ -74.34358, 41.87281 ], [ -74.37584, 41.78101 ], [ -74.41053, 41.78634 ], [ -74.45067, 41.67156 ], [ -74.4853, 41.67687 ], [ -74.51726, 41.58503 ], [ -74.5332, 41.5391 ], [ -74.46407, 41.5285 ], [ -74.34679, 41.65559 ], [ -74.31455, 41.74739 ], [ -74.25332, 41.71375 ], [ -74.18405, 41.70301 ] ] ], [ [ [ -75.99014, 42.09121 ], [ -75.8502, 42.0714 ], [ -75.8124, 42.18653 ], [ -75.84743, 42.19151 ], [ -75.83987, 42.21453 ], [ -75.93259, 42.15537 ], [ -76.10779, 42.18001 ], [ -76.12271, 42.13393 ], [ -76.26287, 42.15347 ], [ -76.29792, 42.15834 ], [ -76.31269, 42.11224 ], [ -76.27767, 42.10737 ], [ -76.29982, 42.03822 ], [ -76.22986, 42.02849 ], [ -76.22245, 42.05153 ], [ -76.08253, 42.03195 ], [ -76.00512, 42.04514 ], [ -75.99014, 42.09121 ] ] ], [ [ [ -72.57985, 41.58979 ], [ -72.57116, 41.61264 ], [ -72.6056, 41.6184 ], [ -72.61428, 41.59555 ], [ -72.57985, 41.58979 ] ] ], [ [ [ -74.19655, 41.87434 ], [ -74.12711, 41.86358 ], [ -74.07606, 41.90406 ], [ -74.02688, 42.04164 ], [ -74.06169, 42.04705 ], [ -74.05348, 42.06998 ], [ -74.14766, 42.01197 ], [ -74.18028, 41.92022 ], [ -74.18842, 41.89728 ], [ -74.19655, 41.87434 ] ] ], [ [ [ -71.47348, 41.78973 ], [ -71.45524, 41.83529 ], [ -71.51506, 41.87011 ], [ -71.47857, 41.96122 ], [ -71.5131, 41.96725 ], [ -71.52222, 41.94447 ], [ -71.62581, 41.96248 ], [ -71.64396, 41.91691 ], [ -71.71301, 41.92886 ], [ -71.72205, 41.90607 ], [ -71.68754, 41.9001 ], [ -71.75073, 41.74055 ], [ -71.81961, 41.75246 ], [ -71.83755, 41.70686 ], [ -71.88988, 41.66719 ], [ -71.96762, 41.65622 ], [ -72.07086, 41.67391 ], [ -72.0886, 41.62827 ], [ -72.20861, 41.69738 ], [ -72.28557, 41.78339 ], [ -72.35459, 41.79504 ], [ -72.36274, 41.86935 ], [ -72.3973, 41.87516 ], [ -72.41487, 41.82949 ], [ -72.56214, 41.73264 ], [ -72.57085, 41.70979 ], [ -72.59692, 41.64125 ], [ -72.56247, 41.63548 ], [ -72.55377, 41.65833 ], [ -72.44168, 41.66383 ], [ -72.43347, 41.58951 ], [ -72.33026, 41.57208 ], [ -72.25269, 41.58325 ], [ -72.13285, 41.51417 ], [ -72.02985, 41.49652 ], [ -71.86584, 41.5413 ], [ -71.88231, 41.59284 ], [ -71.77926, 41.57501 ], [ -71.74332, 41.6662 ], [ -71.64747, 41.72263 ], [ -71.54426, 41.70463 ], [ -71.45729, 41.73815 ], [ -71.43905, 41.7837 ], [ -71.47348, 41.78973 ] ] ], [ [ [ -76.83617, 42.54445 ], [ -76.93494, 42.58167 ], [ -76.99127, 42.63723 ], [ -77.01999, 42.5449 ], [ -76.94934, 42.53552 ], [ -76.9709, 42.46628 ], [ -76.90035, 42.45687 ], [ -76.8867, 42.38292 ], [ -76.85148, 42.3782 ], [ -76.81534, 42.49357 ], [ -76.85063, 42.4983 ], [ -76.83617, 42.54445 ] ] ], [ [ [ -73.85812, 42.81428 ], [ -73.83967, 42.76301 ], [ -73.75247, 42.79789 ], [ -73.68207, 42.78692 ], [ -73.69195, 42.86112 ], [ -73.83295, 42.88301 ], [ -73.89334, 42.81973 ], [ -73.85812, 42.81428 ] ] ], [ [ [ -75.15772, 43.0331 ], [ -75.18527, 43.06121 ], [ -75.16149, 43.13016 ], [ -75.19701, 43.13529 ], [ -75.18908, 43.15828 ], [ -75.29572, 43.17362 ], [ -75.31149, 43.12764 ], [ -75.34296, 43.03568 ], [ -75.30749, 43.03058 ], [ -75.29962, 43.05357 ], [ -75.15772, 43.0331 ] ] ], [ [ [ -70.68794, 43.06614 ], [ -70.67835, 43.08885 ], [ -70.64952, 43.15699 ], [ -70.68464, 43.16321 ], [ -70.6654, 43.20864 ], [ -70.70056, 43.21485 ], [ -70.71976, 43.16942 ], [ -70.7549, 43.17562 ], [ -70.76448, 43.1529 ], [ -70.83475, 43.16528 ], [ -70.95835, 42.8698 ], [ -71.01222, 42.83047 ], [ -71.04719, 42.8366 ], [ -71.05661, 42.81386 ], [ -71.02166, 42.80773 ], [ -71.08484, 42.74564 ], [ -71.12237, 42.65466 ], [ -71.10886, 42.50596 ], [ -71.20203, 42.27846 ], [ -71.23671, 42.28455 ], [ -71.31066, 42.10247 ], [ -71.2415, 42.09032 ], [ -71.19088, 42.03263 ], [ -71.25311, 41.97044 ], [ -71.3083, 41.83386 ], [ -71.34274, 41.83992 ], [ -71.35191, 41.81715 ], [ -71.31748, 41.81109 ], [ -71.32665, 41.78832 ], [ -71.29223, 41.78226 ], [ -71.21422, 41.79286 ], [ -71.1958, 41.83838 ], [ -71.09253, 41.82006 ], [ -70.97725, 41.92153 ], [ -70.93995, 42.0125 ], [ -70.94644, 42.08687 ], [ -71.01554, 42.09916 ], [ -71.10065, 42.16304 ], [ -71.09804, 42.26015 ], [ -71.03264, 42.41936 ], [ -70.9979, 42.41322 ], [ -70.91322, 42.61785 ], [ -70.92919, 42.66947 ], [ -70.81205, 42.77078 ], [ -70.80255, 42.7935 ], [ -70.68794, 43.06614 ] ] ] ] } },
{ "type": "Feature", "properties": { "ID": 19 }, "geometry": { "type": "MultiPolygon", "coordinates": [ [ [ [ -83.34545, 39.00284 ], [ -83.18109, 38.9636 ], [ -83.16729, 39.03383 ], [ -83.21656, 39.13382 ], [ -83.32726, 39.09649 ], [ -83.34545, 39.00284 ] ] ], [ [ [ -83.21656, 39.13382 ], [ -83.11036, 39.14766 ], [ -83.02399, 39.23483 ], [ -83.0825, 39.28805 ], [ -83.15038, 39.29445 ], [ -83.19355, 39.25084 ], [ -83.21656, 39.13382 ] ] ], [ [ [ -78.12959, 38.87019 ], [ -78.16302, 38.87462 ], [ -78.17574, 38.82819 ], [ -78.20916, 38.83261 ], [ -78.22184, 38.78617 ], [ -78.14233, 38.82377 ], [ -78.12959, 38.87019 ] ] ], [ [ [ -82.79688, 39.33228 ], [ -82.72421, 39.34909 ], [ -82.70984, 39.41924 ], [ -82.77782, 39.42582 ], [ -82.79688, 39.33228 ] ] ], [ [ [ -82.85133, 39.57593 ], [ -82.6566, 39.50944 ], [ -82.67586, 39.41593 ], [ -82.57393, 39.40597 ], [ -82.50113, 39.42266 ], [ -82.48162, 39.51615 ], [ -82.54481, 39.54621 ], [ -82.5302, 39.61632 ], [ -82.67652, 39.74979 ], [ -82.71067, 39.75309 ], [ -82.70103, 39.79983 ], [ -82.81316, 39.76295 ], [ -82.85133, 39.57593 ] ] ], [ [ [ -84.2729, 40.15634 ], [ -84.33328, 40.20897 ], [ -84.47121, 40.22049 ], [ -84.61337, 40.20844 ], [ -84.67407, 40.26093 ], [ -84.71685, 40.21689 ], [ -84.74155, 40.07633 ], [ -84.81857, 40.03504 ], [ -84.82672, 39.98818 ], [ -85.13628, 40.0128 ], [ -85.21297, 39.9713 ], [ -85.2591, 39.90363 ], [ -85.48443, 39.80221 ], [ -85.53396, 39.71099 ], [ -85.56822, 39.71358 ], [ -85.58335, 39.61973 ], [ -85.48451, 39.58847 ], [ -85.43525, 39.46591 ], [ -85.29875, 39.45534 ], [ -85.29101, 39.50226 ], [ -85.21492, 39.54384 ], [ -85.19928, 39.63765 ], [ -85.11113, 39.74951 ], [ -85.04658, 39.72064 ], [ -84.94384, 39.71244 ], [ -84.95186, 39.66555 ], [ -84.88746, 39.6366 ], [ -84.75069, 39.62549 ], [ -84.59744, 39.70798 ], [ -84.58916, 39.75485 ], [ -84.38372, 39.73769 ], [ -84.32866, 40.04217 ], [ -84.29427, 40.03927 ], [ -84.2729, 40.15634 ] ] ], [ [ [ -86.76585, 39.82259 ], [ -86.72473, 39.86727 ], [ -86.70443, 40.00818 ], [ -86.76664, 40.05975 ], [ -86.75651, 40.13019 ], [ -86.81552, 40.20522 ], [ -86.91926, 40.21202 ], [ -86.93253, 40.11809 ], [ -86.79105, 40.13249 ], [ -86.80785, 40.01507 ], [ -86.77337, 40.01278 ], [ -86.80022, 39.82488 ], [ -86.76585, 39.82259 ] ] ], [ [ [ -78.13093, 39.49554 ], [ -78.16469, 39.49996 ], [ -78.17753, 39.45357 ], [ -78.1438, 39.44916 ], [ -78.13093, 39.49554 ] ] ], [ [ [ -78.39475, 39.55387 ], [ -78.36095, 39.54951 ], [ -78.33989, 39.49874 ], [ -78.29337, 39.54076 ], [ -78.35459, 39.57271 ], [ -78.38839, 39.57707 ], [ -78.39475, 39.55387 ] ] ], [ [ [ -83.43103, 39.98735 ], [ -83.42187, 40.03413 ], [ -83.30961, 40.07149 ], [ -83.32549, 40.16817 ], [ -83.39431, 40.17444 ], [ -83.42414, 40.20095 ], [ -83.41494, 40.24772 ], [ -83.55279, 40.26014 ], [ -83.58458, 40.09641 ], [ -83.52492, 40.04345 ], [ -83.534, 39.99667 ], [ -83.43103, 39.98735 ] ] ], [ [ [ -77.87519, 40.27905 ], [ -77.93031, 40.33432 ], [ -77.95665, 40.24167 ], [ -78.00391, 40.1998 ], [ -78.03802, 40.20425 ], [ -78.0511, 40.15791 ], [ -78.09823, 40.116 ], [ -78.06416, 40.11156 ], [ -78.11774, 40.04647 ], [ -78.1437, 39.95376 ], [ -78.17769, 39.95817 ], [ -78.18416, 39.93499 ], [ -78.19062, 39.91181 ], [ -78.19708, 39.88862 ], [ -78.12916, 39.87979 ], [ -78.04826, 39.91729 ], [ -77.98817, 40.00553 ], [ -77.9554, 40.12138 ], [ -77.92134, 40.11691 ], [ -77.90159, 40.18641 ], [ -77.895, 40.20957 ], [ -77.87519, 40.27905 ] ] ], [ [ [ -80.62959, 41.16115 ], [ -80.60679, 41.2542 ], [ -80.70569, 41.28885 ], [ -80.68864, 41.35864 ], [ -80.93313, 41.38496 ], [ -80.94433, 41.33842 ], [ -81.02529, 41.2993 ], [ -81.07516, 41.0898 ], [ -81.10995, 41.09349 ], [ -81.16671, 41.00403 ], [ -81.20498, 40.84101 ], [ -81.24508, 40.82138 ], [ -81.38372, 40.83593 ], [ -81.39448, 40.78934 ], [ -81.35984, 40.78571 ], [ -81.37062, 40.73912 ], [ -81.50911, 40.75355 ], [ -81.63417, 40.67104 ], [ -81.65527, 40.57779 ], [ -81.82803, 40.59546 ], [ -81.89198, 40.62579 ], [ -81.8816, 40.67243 ], [ -81.99945, 40.77965 ], [ -82.13817, 40.79346 ], [ -82.12794, 40.84012 ], [ -82.32618, 40.90725 ], [ -82.34131, 40.83726 ], [ -82.31669, 40.7872 ], [ -82.45548, 40.8007 ], [ -82.46546, 40.75402 ], [ -82.40111, 40.72396 ], [ -82.41612, 40.65394 ], [ -82.52992, 40.61732 ], [ -82.69774, 40.4905 ], [ -82.67785, 40.41714 ], [ -82.62354, 40.34046 ], [ -82.72695, 40.35037 ], [ -82.75658, 40.37702 ], [ -82.73229, 40.4938 ], [ -82.80141, 40.50036 ], [ -82.81662, 40.59705 ], [ -82.91085, 40.65354 ], [ -83.08415, 40.66966 ], [ -83.13775, 40.5794 ], [ -83.207, 40.58576 ], [ -83.26036, 40.49545 ], [ -83.32953, 40.50175 ], [ -83.35274, 40.38487 ], [ -83.33678, 40.28822 ], [ -83.3023, 40.28507 ], [ -83.23804, 40.25538 ], [ -83.24736, 40.20862 ], [ -83.10497, 40.21927 ], [ -82.96729, 40.20641 ], [ -82.86887, 40.1733 ], [ -82.84408, 40.12331 ], [ -82.75551, 40.04339 ], [ -82.76515, 39.99666 ], [ -82.70142, 39.96671 ], [ -82.72075, 39.87324 ], [ -82.65716, 39.84327 ], [ -82.48619, 39.82661 ], [ -82.49109, 39.80324 ], [ -82.28611, 39.78298 ], [ -82.30038, 39.8798 ], [ -82.12941, 39.8627 ], [ -82.08511, 39.90595 ], [ -82.06486, 39.99932 ], [ -81.98615, 40.03907 ], [ -81.96721, 39.96558 ], [ -81.98251, 39.89556 ], [ -82.03194, 39.829 ], [ -82.05724, 39.71226 ], [ -81.95495, 39.70185 ], [ -81.8373, 39.76138 ], [ -81.70086, 39.74726 ], [ -81.63787, 39.71682 ], [ -81.61421, 39.66658 ], [ -81.55134, 39.6361 ], [ -81.41522, 39.62169 ], [ -81.40467, 39.66835 ], [ -81.30255, 39.65745 ], [ -81.20582, 39.62316 ], [ -81.12705, 39.66244 ], [ -81.11628, 39.70906 ], [ -80.95833, 39.78746 ], [ -80.89017, 39.77999 ], [ -80.86823, 39.87319 ], [ -80.78895, 39.91227 ], [ -80.75018, 40.07531 ], [ -80.64753, 40.06394 ], [ -80.66985, 39.97079 ], [ -80.63569, 39.96699 ], [ -80.59034, 40.00974 ], [ -80.55616, 40.00592 ], [ -80.54492, 40.05249 ], [ -80.37398, 40.03323 ], [ -80.3626, 40.07978 ], [ -80.29421, 40.07202 ], [ -80.24281, 40.13793 ], [ -80.17437, 40.13011 ], [ -80.08275, 40.21529 ], [ -80.07694, 40.23855 ], [ -80.16821, 40.29687 ], [ -80.10434, 40.55269 ], [ -80.02376, 40.5913 ], [ -79.98931, 40.58734 ], [ -80.05236, 40.6185 ], [ -80.04065, 40.665 ], [ -80.14415, 40.67682 ], [ -80.1612, 40.75049 ], [ -80.26486, 40.76222 ], [ -80.25907, 40.78547 ], [ -80.29365, 40.78937 ], [ -80.28208, 40.83588 ], [ -80.35129, 40.84364 ], [ -80.36281, 40.79713 ], [ -80.43772, 40.78159 ], [ -80.61068, 40.80075 ], [ -80.69118, 40.76181 ], [ -80.74261, 40.69578 ], [ -80.91543, 40.71456 ], [ -80.86973, 40.75738 ], [ -80.81945, 40.96687 ], [ -80.89444, 40.9511 ], [ -80.8721, 41.0442 ], [ -80.73313, 41.02914 ], [ -80.6992, 41.16875 ], [ -80.62959, 41.16115 ] ], [ [ -82.46653, 39.92005 ], [ -82.50077, 39.9234 ], [ -82.46632, 40.0869 ], [ -82.36337, 40.07679 ], [ -82.37826, 40.00673 ], [ -82.45668, 39.96676 ], [ -82.46653, 39.92005 ] ] ], [ [ [ -78.94532, 40.24732 ], [ -78.91112, 40.24309 ], [ -78.89864, 40.28951 ], [ -78.86443, 40.28527 ], [ -78.85817, 40.30847 ], [ -78.8924, 40.31271 ], [ -78.87364, 40.38233 ], [ -78.90791, 40.38656 ], [ -78.91416, 40.36335 ], [ -78.98269, 40.37179 ], [ -78.99512, 40.32538 ], [ -78.96087, 40.32116 ], [ -78.93909, 40.27053 ], [ -78.94532, 40.24732 ] ] ], [ [ [ -80.658, 41.04483 ], [ -80.69274, 41.04863 ], [ -80.70405, 41.00209 ], [ -80.66934, 40.9983 ], [ -80.658, 41.04483 ] ] ], [ [ [ -80.6005, 41.13408 ], [ -80.62959, 41.16115 ], [ -80.63528, 41.13789 ], [ -80.6005, 41.13408 ] ] ], [ [ [ -83.96149, 41.62709 ], [ -83.92625, 41.6241 ], [ -83.87187, 41.90454 ], [ -84.11968, 41.92537 ], [ -84.19938, 41.88449 ], [ -84.25241, 41.79389 ], [ -84.35847, 41.80259 ], [ -84.36719, 41.75582 ], [ -84.51284, 41.74389 ], [ -84.75016, 41.62044 ], [ -84.76276, 41.55025 ], [ -84.84157, 41.509 ], [ -84.8582, 41.41539 ], [ -84.8665, 41.36858 ], [ -84.79623, 41.36304 ], [ -84.75692, 41.38365 ], [ -84.78615, 41.21983 ], [ -84.62909, 41.30223 ], [ -84.48876, 41.29088 ], [ -84.41, 41.33194 ], [ -84.40137, 41.37873 ], [ -84.22581, 41.36424 ], [ -84.1731, 41.45485 ], [ -84.01912, 41.51319 ], [ -83.97048, 41.58034 ], [ -83.96149, 41.62709 ] ] ], [ [ [ -77.62353, 40.41404 ], [ -77.58933, 40.40949 ], [ -77.59605, 40.38635 ], [ -77.56187, 40.38179 ], [ -77.52815, 40.49749 ], [ -77.59663, 40.50661 ], [ -77.62353, 40.41404 ] ] ], [ [ [ -76.46552, 41.17042 ], [ -76.64535, 41.17135 ], [ -76.65845, 41.24537 ], [ -76.72049, 41.27799 ], [ -76.89355, 41.30168 ], [ -76.88648, 41.32477 ], [ -77.05973, 41.34827 ], [ -77.05271, 41.37137 ], [ -77.08739, 41.37604 ], [ -77.1014, 41.32984 ], [ -77.13606, 41.3345 ], [ -77.1154, 41.28364 ], [ -77.25397, 41.30222 ], [ -77.26091, 41.27911 ], [ -77.29555, 41.28374 ], [ -77.3094, 41.23751 ], [ -77.37865, 41.24673 ], [ -77.39242, 41.2005 ], [ -77.49627, 41.21425 ], [ -77.50995, 41.168 ], [ -77.64092, 41.08915 ], [ -77.71681, 41.07507 ], [ -77.7303, 41.02879 ], [ -77.79939, 41.03781 ], [ -77.8061, 41.01467 ], [ -77.77157, 41.01017 ], [ -77.77829, 40.98703 ], [ -77.81281, 40.99152 ], [ -77.82621, 40.94524 ], [ -77.86071, 40.94973 ], [ -77.90856, 40.90791 ], [ -77.93517, 40.81531 ], [ -77.84522, 40.75558 ], [ -77.78406, 40.84367 ], [ -77.63959, 40.84873 ], [ -77.60576, 40.9644 ], [ -77.52316, 41.00155 ], [ -77.45415, 40.9924 ], [ -77.44047, 41.03865 ], [ -77.40595, 41.03406 ], [ -77.37848, 41.12654 ], [ -77.26788, 41.13582 ], [ -77.12967, 41.11724 ], [ -77.11572, 41.16345 ], [ -76.98452, 41.12163 ], [ -77.01257, 41.02922 ], [ -77.08155, 41.03858 ], [ -77.09549, 40.99237 ], [ -77.14387, 40.95082 ], [ -77.10942, 40.94616 ], [ -76.9991, 40.95522 ], [ -76.91616, 40.99202 ], [ -76.95126, 40.87651 ], [ -77.08194, 40.91838 ], [ -77.15081, 40.92771 ], [ -77.15775, 40.9046 ], [ -77.29551, 40.92315 ], [ -77.30927, 40.87691 ], [ -77.27485, 40.87229 ], [ -77.30236, 40.77981 ], [ -77.43279, 40.70112 ], [ -77.57696, 40.69627 ], [ -77.71438, 40.71442 ], [ -77.76793, 40.52925 ], [ -77.82217, 40.4643 ], [ -77.93152, 40.45459 ], [ -77.90505, 40.54722 ], [ -77.77552, 40.62635 ], [ -77.83752, 40.6585 ], [ -77.97494, 40.67639 ], [ -78.08463, 40.66656 ], [ -78.06489, 40.73604 ], [ -78.20254, 40.75371 ], [ -78.21561, 40.70738 ], [ -78.28441, 40.71616 ], [ -78.29742, 40.66982 ], [ -78.3318, 40.6742 ], [ -78.34476, 40.62785 ], [ -78.4135, 40.63657 ], [ -78.43283, 40.56703 ], [ -78.46496, 40.45112 ], [ -78.49924, 40.45546 ], [ -78.51842, 40.3859 ], [ -78.46275, 40.33086 ], [ -78.39433, 40.32217 ], [ -78.33434, 40.41053 ], [ -78.25938, 40.42495 ], [ -78.20389, 40.36981 ], [ -78.23633, 40.25393 ], [ -78.36455, 40.17435 ], [ -78.39021, 40.0816 ], [ -78.45837, 40.0903 ], [ -78.43921, 40.15987 ], [ -78.50746, 40.16854 ], [ -78.48833, 40.23811 ], [ -78.59084, 40.25107 ], [ -78.60353, 40.20469 ], [ -78.67185, 40.21328 ], [ -78.65033, 40.16259 ], [ -78.69708, 40.12048 ], [ -78.71595, 40.05087 ], [ -78.76257, 40.00873 ], [ -78.69445, 40.00018 ], [ -78.67927, 39.92628 ], [ -78.57725, 39.91338 ], [ -78.6025, 39.82057 ], [ -78.68296, 39.78275 ], [ -78.81875, 39.79983 ], [ -78.83119, 39.7534 ], [ -78.86512, 39.75765 ], [ -78.87752, 39.71121 ], [ -78.91143, 39.71545 ], [ -78.93612, 39.62255 ], [ -78.86839, 39.61409 ], [ -78.8622, 39.63731 ], [ -78.76957, 39.72167 ], [ -78.70175, 39.71312 ], [ -78.68663, 39.6392 ], [ -78.58506, 39.6263 ], [ -78.52597, 39.7148 ], [ -78.42431, 39.70179 ], [ -78.4116, 39.74818 ], [ -78.26961, 39.75389 ], [ -78.22285, 39.79588 ], [ -78.20353, 39.86544 ], [ -78.26501, 39.89742 ], [ -78.2328, 40.01334 ], [ -78.24748, 40.08728 ], [ -78.3092, 40.11924 ], [ -78.29632, 40.1656 ], [ -78.2281, 40.15682 ], [ -78.20218, 40.24953 ], [ -78.16803, 40.24513 ], [ -78.12894, 40.38416 ], [ -77.95791, 40.36195 ], [ -77.93031, 40.33432 ], [ -77.88291, 40.37617 ], [ -77.78034, 40.36269 ], [ -77.77369, 40.38584 ], [ -77.71947, 40.45078 ], [ -77.6927, 40.54337 ], [ -77.5899, 40.52975 ], [ -77.57641, 40.57603 ], [ -77.51462, 40.54377 ], [ -77.44611, 40.53461 ], [ -77.41891, 40.62714 ], [ -77.31604, 40.61333 ], [ -77.28861, 40.58558 ], [ -77.18583, 40.57167 ], [ -77.17894, 40.59479 ], [ -77.00768, 40.57143 ], [ -76.9595, 40.61295 ], [ -76.90354, 40.79778 ], [ -76.82076, 40.83453 ], [ -76.884, 40.62662 ], [ -76.82251, 40.59406 ], [ -76.71982, 40.57981 ], [ -76.70569, 40.626 ], [ -76.60298, 40.61166 ], [ -76.57452, 40.70402 ], [ -76.67738, 40.71837 ], [ -76.64899, 40.81073 ], [ -76.53884, 40.81944 ], [ -76.483, 40.88387 ], [ -76.36548, 40.91552 ], [ -76.33654, 41.0078 ], [ -76.19889, 40.98831 ], [ -76.15718, 41.00648 ], [ -76.12057, 41.12177 ], [ -76.2313, 41.11339 ], [ -76.47274, 41.14735 ], [ -76.46552, 41.17042 ] ], [ [ -78.32336, 40.57713 ], [ -78.21386, 40.58715 ], [ -78.20561, 40.49007 ], [ -78.34278, 40.50761 ], [ -78.32336, 40.57713 ] ] ], [ [ [ -77.35689, 40.35429 ], [ -77.37065, 40.42829 ], [ -77.23393, 40.40981 ], [ -77.25441, 40.46069 ], [ -77.23383, 40.53007 ], [ -77.33655, 40.54395 ], [ -77.3502, 40.49769 ], [ -77.38443, 40.50229 ], [ -77.39124, 40.47916 ], [ -77.35702, 40.47456 ], [ -77.36384, 40.45143 ], [ -77.39804, 40.45603 ], [ -77.41163, 40.40976 ], [ -77.45936, 40.36808 ], [ -77.4252, 40.36349 ], [ -77.43198, 40.34035 ], [ -77.36369, 40.33116 ], [ -77.35689, 40.35429 ] ] ], [ [ [ -74.396, 40.88893 ], [ -74.33794, 40.95249 ], [ -74.34033, 41.04967 ], [ -74.39848, 40.98612 ], [ -74.46701, 40.99675 ], [ -74.44859, 40.9455 ], [ -74.5856, 40.96669 ], [ -74.61705, 40.87478 ], [ -74.68258, 40.78812 ], [ -74.8426, 40.7401 ], [ -75.01348, 40.76609 ], [ -75.00579, 40.78909 ], [ -75.10841, 40.80459 ], [ -75.13903, 40.71255 ], [ -75.10486, 40.7074 ], [ -75.15069, 40.56933 ], [ -75.28712, 40.58984 ], [ -75.3288, 40.57193 ], [ -75.39703, 40.58211 ], [ -75.41209, 40.53606 ], [ -75.51441, 40.55126 ], [ -75.62423, 40.54335 ], [ -75.64347, 40.59446 ], [ -75.60616, 40.70966 ], [ -75.48854, 40.74058 ], [ -75.34416, 40.74329 ], [ -75.329, 40.78933 ], [ -75.29477, 40.78422 ], [ -75.27957, 40.83026 ], [ -75.38233, 40.84556 ], [ -75.52695, 40.84281 ], [ -75.56872, 40.82483 ], [ -75.70583, 40.84493 ], [ -75.78184, 40.83189 ], [ -75.79668, 40.7858 ], [ -75.8995, 40.80073 ], [ -75.91424, 40.75462 ], [ -76.0121, 40.6723 ], [ -76.08784, 40.65909 ], [ -76.14389, 40.5948 ], [ -76.04135, 40.58005 ], [ -75.95836, 40.6163 ], [ -75.96569, 40.59324 ], [ -75.89736, 40.58333 ], [ -75.83642, 40.55033 ], [ -75.85116, 40.50423 ], [ -75.74883, 40.48927 ], [ -75.74143, 40.51231 ], [ -75.60503, 40.49224 ], [ -75.5933, 40.41808 ], [ -75.49117, 40.40293 ], [ -75.34755, 40.40564 ], [ -75.25682, 40.4645 ], [ -75.1547, 40.4491 ], [ -75.11305, 40.46697 ], [ -75.10542, 40.48998 ], [ -75.13948, 40.49514 ], [ -75.12423, 40.54117 ], [ -75.09016, 40.53601 ], [ -75.07487, 40.58203 ], [ -75.00668, 40.57169 ], [ -74.99563, 40.49749 ], [ -75.06373, 40.50784 ], [ -75.07902, 40.46181 ], [ -75.01862, 40.42846 ], [ -74.95061, 40.41809 ], [ -74.94293, 40.44109 ], [ -74.89674, 40.57911 ], [ -74.95722, 40.61252 ], [ -74.89997, 40.67632 ], [ -74.7976, 40.66067 ], [ -74.78207, 40.70665 ], [ -74.706, 40.71916 ], [ -74.56949, 40.69808 ], [ -74.57733, 40.6751 ], [ -74.50914, 40.66452 ], [ -74.47763, 40.75642 ], [ -74.43813, 40.87128 ], [ -74.40393, 40.86596 ], [ -74.396, 40.88893 ] ] ], [ [ [ -75.73585, 41.30763 ], [ -75.79747, 41.34065 ], [ -75.78999, 41.36368 ], [ -75.88895, 41.28148 ], [ -75.92349, 41.28644 ], [ -75.93091, 41.2634 ], [ -75.89638, 41.25844 ], [ -75.91124, 41.21236 ], [ -75.84225, 41.20242 ], [ -75.82734, 41.2485 ], [ -75.75832, 41.23853 ], [ -75.73585, 41.30763 ] ] ], [ [ [ -74.34033, 41.04967 ], [ -74.29007, 41.09025 ], [ -74.25577, 41.08489 ], [ -74.31639, 41.11855 ], [ -74.34033, 41.04967 ] ] ], [ [ [ -73.66118, 41.32996 ], [ -73.57586, 41.36477 ], [ -73.52601, 41.50222 ], [ -73.59494, 41.51327 ], [ -73.61983, 41.44454 ], [ -73.72171, 41.36387 ], [ -73.85938, 41.38576 ], [ -73.89209, 41.29404 ], [ -73.78898, 41.27766 ], [ -73.67767, 41.28413 ], [ -73.66118, 41.32996 ] ] ], [ [ [ -73.50934, 41.54803 ], [ -73.44038, 41.53694 ], [ -73.47378, 41.44533 ], [ -73.38726, 41.38285 ], [ -73.32018, 41.56603 ], [ -73.38915, 41.57718 ], [ -73.37237, 41.62297 ], [ -73.4843, 41.61674 ], [ -73.50934, 41.54803 ] ] ], [ [ [ -73.75247, 42.79789 ], [ -73.83967, 42.76301 ], [ -73.85812, 42.81428 ], [ -73.92858, 42.82517 ], [ -73.95362, 42.75642 ], [ -73.93511, 42.70515 ], [ -73.86478, 42.69427 ], [ -73.85472, 42.62008 ], [ -73.87976, 42.55134 ], [ -73.81797, 42.51752 ], [ -73.91779, 42.24253 ], [ -73.9527, 42.24797 ], [ -73.96923, 42.20212 ], [ -74.00412, 42.20754 ], [ -74.06169, 42.04705 ], [ -74.02688, 42.04164 ], [ -74.07606, 41.90406 ], [ -74.12711, 41.86358 ], [ -74.19655, 41.87434 ], [ -74.22903, 41.78258 ], [ -74.16781, 41.74889 ], [ -74.18405, 41.70301 ], [ -74.28797, 41.7191 ], [ -74.30411, 41.6732 ], [ -74.33874, 41.67855 ], [ -74.34679, 41.65559 ], [ -74.46407, 41.5285 ], [ -74.49863, 41.53381 ], [ -74.51457, 41.48788 ], [ -74.48004, 41.48258 ], [ -74.53844, 41.41899 ], [ -74.60184, 41.23524 ], [ -74.57534, 41.20699 ], [ -74.50657, 41.19641 ], [ -74.49864, 41.21937 ], [ -74.36112, 41.19811 ], [ -74.25228, 41.30219 ], [ -74.11466, 41.28068 ], [ -74.10657, 41.30363 ], [ -74.14098, 41.30902 ], [ -74.10862, 41.40079 ], [ -73.99714, 41.40751 ], [ -73.98084, 41.45338 ], [ -74.0498, 41.46421 ], [ -73.94817, 41.54511 ], [ -73.96452, 41.49924 ], [ -73.89553, 41.48837 ], [ -73.88734, 41.5113 ], [ -73.78387, 41.49492 ], [ -73.8019, 41.54623 ], [ -73.69839, 41.52979 ], [ -73.68185, 41.57562 ], [ -73.64868, 41.66727 ], [ -73.71782, 41.67826 ], [ -73.72757, 41.7525 ], [ -73.70268, 41.82124 ], [ -73.80827, 41.93481 ], [ -73.80987, 42.03194 ], [ -73.69317, 42.35269 ], [ -73.69461, 42.4498 ], [ -73.72961, 42.45529 ], [ -73.68764, 42.56981 ], [ -73.72271, 42.5753 ], [ -73.64688, 42.78142 ], [ -73.75247, 42.79789 ] ] ], [ [ [ -72.44839, 42.02956 ], [ -72.55239, 42.0469 ], [ -72.54363, 42.06974 ], [ -72.60428, 42.10411 ], [ -72.61302, 42.08127 ], [ -72.68243, 42.09275 ], [ -72.69114, 42.06991 ], [ -72.76055, 42.08136 ], [ -72.76924, 42.0585 ], [ -72.82991, 41.99564 ], [ -72.90748, 41.78988 ], [ -72.94205, 41.79556 ], [ -72.97631, 41.70408 ], [ -72.85545, 41.63562 ], [ -72.82098, 41.62992 ], [ -72.78653, 41.72137 ], [ -72.68287, 41.80134 ], [ -72.61378, 41.78985 ], [ -72.56214, 41.73264 ], [ -72.41487, 41.82949 ], [ -72.3973, 41.87516 ], [ -72.43187, 41.88096 ], [ -72.47474, 41.96105 ], [ -72.44839, 42.02956 ] ] ], [ [ [ -71.3083, 41.83386 ], [ -71.25311, 41.97044 ], [ -71.19088, 42.03263 ], [ -71.2415, 42.09032 ], [ -71.31066, 42.10247 ], [ -71.23671, 42.28455 ], [ -71.20203, 42.27846 ], [ -71.10886, 42.50596 ], [ -71.12237, 42.65466 ], [ -71.08484, 42.74564 ], [ -71.02166, 42.80773 ], [ -71.05661, 42.81386 ], [ -71.04719, 42.8366 ], [ -71.08217, 42.84273 ], [ -71.2177, 42.69571 ], [ -71.28753, 42.70786 ], [ -71.35962, 42.62289 ], [ -71.35258, 42.54855 ], [ -71.28291, 42.53643 ], [ -71.35481, 42.45145 ], [ -71.44284, 42.41801 ], [ -71.47965, 42.32693 ], [ -71.35924, 42.25723 ], [ -71.39608, 42.16617 ], [ -71.35446, 42.08577 ], [ -71.3912, 41.99469 ], [ -71.49484, 42.0128 ], [ -71.5131, 41.96725 ], [ -71.47857, 41.96122 ], [ -71.51506, 41.87011 ], [ -71.45524, 41.83529 ], [ -71.47348, 41.78973 ], [ -71.40463, 41.77766 ], [ -71.37719, 41.84598 ], [ -71.3083, 41.83386 ] ] ] ] } },
{ "type": "Feature", "properties": { "ID": 20 }, "geometry": { "type": "MultiPolygon", "coordinates": [ [ [ [ -91.11358, 40.49273 ], [ -91.07148, 40.58572 ], [ -91.17618, 40.58936 ], [ -91.21461, 40.54345 ], [ -91.21813, 40.49634 ], [ -91.11358, 40.49273 ] ] ], [ [ [ -94.54444, 41.63118 ], [ -94.47454, 41.58332 ], [ -94.47168, 41.70112 ], [ -94.54444, 41.63118 ] ] ], [ [ [ -94.47168, 41.70112 ], [ -94.36499, 41.69994 ], [ -94.36377, 41.74706 ], [ -94.47053, 41.74824 ], [ -94.47168, 41.70112 ] ] ], [ [ [ -93.37051, 41.66155 ], [ -93.15734, 41.65747 ], [ -93.22631, 41.70597 ], [ -93.22214, 41.80017 ], [ -93.18442, 41.84658 ], [ -93.25466, 41.87151 ], [ -93.29336, 41.80154 ], [ -93.36656, 41.75576 ], [ -93.37051, 41.66155 ] ] ], [ [ [ -90.6342, 42.45802 ], [ -90.66407, 42.5299 ], [ -90.73604, 42.53253 ], [ -90.74203, 42.46198 ], [ -90.6342, 42.45802 ] ] ], [ [ [ -85.75101, 40.74765 ], [ -85.77453, 40.82051 ], [ -85.84427, 40.82557 ], [ -85.82068, 40.75272 ], [ -85.75101, 40.74765 ] ] ], [ [ [ -88.26225, 42.09051 ], [ -88.29501, 42.11591 ], [ -88.28337, 42.20982 ], [ -88.34907, 42.26059 ], [ -88.38649, 41.95534 ], [ -88.43348, 41.86328 ], [ -88.50739, 41.84354 ], [ -88.55412, 41.75144 ], [ -88.62509, 41.75512 ], [ -88.70155, 41.71178 ], [ -88.74789, 41.61961 ], [ -88.88957, 41.62674 ], [ -88.8595, 41.57798 ], [ -89.17814, 41.59358 ], [ -89.18324, 41.54657 ], [ -89.28941, 41.55161 ], [ -89.29443, 41.5046 ], [ -89.08226, 41.49445 ], [ -89.15809, 41.45086 ], [ -89.1985, 41.40554 ], [ -89.37507, 41.41388 ], [ -89.37012, 41.4609 ], [ -89.58222, 41.47062 ], [ -89.60803, 41.56626 ], [ -89.70012, 41.71205 ], [ -89.80661, 41.71671 ], [ -89.79498, 41.83426 ], [ -89.8259, 41.88282 ], [ -89.93269, 41.88738 ], [ -90.04174, 41.86835 ], [ -90.02602, 42.03294 ], [ -90.09294, 42.08291 ], [ -90.16437, 42.08583 ], [ -90.17536, 41.96826 ], [ -90.21536, 41.92267 ], [ -90.32225, 41.92694 ], [ -90.3914, 41.95326 ], [ -90.37658, 42.11788 ], [ -90.87711, 42.13656 ], [ -90.95054, 42.11557 ], [ -90.95626, 42.04499 ], [ -91.03143, 42.00043 ], [ -91.04077, 41.88279 ], [ -91.08009, 41.83696 ], [ -91.25809, 41.84296 ], [ -91.28838, 41.91473 ], [ -91.43096, 41.91934 ], [ -91.42752, 41.96641 ], [ -91.49718, 41.99219 ], [ -91.49379, 42.03926 ], [ -91.60095, 42.04258 ], [ -91.63173, 42.11426 ], [ -91.70001, 42.16348 ], [ -91.8074, 42.16665 ], [ -91.87588, 42.21578 ], [ -91.88521, 42.07457 ], [ -91.85103, 42.05001 ], [ -91.78275, 42.00086 ], [ -91.7891, 41.90671 ], [ -91.89914, 41.86274 ], [ -92.04165, 41.86674 ], [ -92.03867, 41.91382 ], [ -92.1813, 41.91769 ], [ -92.21981, 41.87155 ], [ -92.22548, 41.77738 ], [ -92.26527, 41.70768 ], [ -92.33636, 41.70952 ], [ -92.37734, 41.61624 ], [ -92.62581, 41.62233 ], [ -92.62834, 41.57523 ], [ -92.73476, 41.5777 ], [ -92.70299, 41.50623 ], [ -92.63464, 41.45748 ], [ -92.52842, 41.45493 ], [ -92.53102, 41.40782 ], [ -92.42489, 41.4052 ], [ -92.42889, 41.33455 ], [ -92.5349, 41.33717 ], [ -92.53231, 41.38427 ], [ -92.63841, 41.38682 ], [ -92.78468, 41.29587 ], [ -92.7433, 41.41284 ], [ -92.77627, 41.46075 ], [ -92.88251, 41.46312 ], [ -92.88018, 41.51022 ], [ -92.94992, 41.53531 ], [ -92.94763, 41.58241 ], [ -93.26699, 41.58888 ], [ -93.26494, 41.63599 ], [ -93.37248, 41.61444 ], [ -93.37051, 41.66155 ], [ -93.51263, 41.66409 ], [ -93.54448, 41.75892 ], [ -93.61476, 41.78368 ], [ -93.79278, 41.78653 ], [ -93.79857, 41.62164 ], [ -93.83408, 41.62218 ], [ -93.83813, 41.50439 ], [ -93.69635, 41.50217 ], [ -93.73519, 41.4085 ], [ -93.84136, 41.41015 ], [ -93.91371, 41.36408 ], [ -93.98445, 41.3651 ], [ -93.9867, 41.29441 ], [ -93.9529, 41.24678 ], [ -93.95822, 41.08181 ], [ -94.20471, 41.08515 ], [ -94.20737, 40.99088 ], [ -94.06888, 40.91831 ], [ -94.03667, 40.82354 ], [ -94.04246, 40.63494 ], [ -94.18232, 40.63682 ], [ -94.28849, 40.59098 ], [ -94.28975, 40.54382 ], [ -94.15009, 40.54205 ], [ -94.07884, 40.58827 ], [ -93.97402, 40.5868 ], [ -93.97552, 40.53964 ], [ -93.83587, 40.53756 ], [ -93.83427, 40.58471 ], [ -93.69453, 40.58249 ], [ -93.62116, 40.67562 ], [ -93.553, 40.62727 ], [ -93.5575, 40.5094 ], [ -93.48957, 40.46101 ], [ -93.21067, 40.45574 ], [ -93.20861, 40.50289 ], [ -93.13673, 40.54863 ], [ -92.9971, 40.54571 ], [ -92.92502, 40.59134 ], [ -92.84936, 40.70764 ], [ -92.56944, 40.70109 ], [ -92.53189, 40.74736 ], [ -92.52676, 40.84161 ], [ -92.4527, 40.91055 ], [ -92.4448, 41.0519 ], [ -92.37713, 41.003 ], [ -92.2014, 40.99838 ], [ -92.19858, 41.04549 ], [ -91.98757, 41.03967 ], [ -91.98459, 41.08677 ], [ -91.87903, 41.08374 ], [ -91.84692, 41.03561 ], [ -91.85154, 40.96495 ], [ -91.7813, 40.96287 ], [ -91.78911, 40.84511 ], [ -91.719, 40.843 ], [ -91.72533, 40.74878 ], [ -91.65533, 40.74664 ], [ -91.62518, 40.67489 ], [ -91.55199, 40.7198 ], [ -91.41208, 40.71531 ], [ -91.40699, 40.78596 ], [ -91.26694, 40.78133 ], [ -91.26344, 40.82842 ], [ -91.15834, 40.82485 ], [ -91.15475, 40.87194 ], [ -91.081, 40.91661 ], [ -90.94069, 40.91165 ], [ -90.95004, 40.79393 ], [ -91.03292, 40.63159 ], [ -90.96308, 40.6291 ], [ -90.86778, 40.50756 ], [ -90.62385, 40.49842 ], [ -90.61989, 40.54551 ], [ -90.5153, 40.54146 ], [ -90.48449, 40.493 ], [ -90.37999, 40.48885 ], [ -90.2734, 40.50816 ], [ -90.27761, 40.46107 ], [ -90.17317, 40.45677 ], [ -90.12973, 40.54947 ], [ -89.99031, 40.54356 ], [ -89.98588, 40.59064 ], [ -89.74177, 40.57996 ], [ -89.73716, 40.62702 ], [ -89.61602, 40.787 ], [ -89.51109, 40.7822 ], [ -89.53022, 40.594 ], [ -89.56509, 40.5956 ], [ -89.584, 40.40736 ], [ -89.55633, 40.33516 ], [ -89.45215, 40.33031 ], [ -89.38513, 40.30351 ], [ -89.28102, 40.29854 ], [ -89.15226, 40.19767 ], [ -89.10753, 40.29008 ], [ -88.8994, 40.27964 ], [ -88.8621, 40.30139 ], [ -88.51527, 40.28322 ], [ -88.4487, 40.25596 ], [ -88.45423, 40.20893 ], [ -88.2811, 40.19945 ], [ -88.1801, 40.17014 ], [ -88.16577, 40.28769 ], [ -88.09934, 40.26027 ], [ -87.99541, 40.25434 ], [ -88.00127, 40.20733 ], [ -87.82821, 40.19728 ], [ -87.78157, 40.28925 ], [ -87.7001, 40.37914 ], [ -87.42258, 40.36237 ], [ -87.34687, 40.40507 ], [ -87.34051, 40.45204 ], [ -87.23312, 40.46903 ], [ -87.0942, 40.46025 ], [ -87.08766, 40.50721 ], [ -86.94868, 40.49829 ], [ -86.90056, 40.58994 ], [ -86.82424, 40.63234 ], [ -86.65023, 40.62084 ], [ -86.69531, 40.55275 ], [ -86.72601, 40.3415 ], [ -86.76743, 40.29684 ], [ -86.83668, 40.30141 ], [ -86.85009, 40.20749 ], [ -86.81552, 40.20522 ], [ -86.75651, 40.13019 ], [ -86.76664, 40.05975 ], [ -86.70443, 40.00818 ], [ -86.72473, 39.86727 ], [ -86.76585, 39.82259 ], [ -86.73148, 39.82029 ], [ -86.70049, 39.7945 ], [ -86.714, 39.70054 ], [ -86.6454, 39.69591 ], [ -86.53908, 39.71238 ], [ -86.54594, 39.6654 ], [ -86.51166, 39.66305 ], [ -86.49787, 39.75699 ], [ -86.42227, 39.79921 ], [ -86.41181, 39.86966 ], [ -86.44619, 39.87203 ], [ -86.50114, 39.97069 ], [ -86.42878, 39.98942 ], [ -86.45627, 40.03875 ], [ -86.44232, 40.13265 ], [ -86.51137, 40.13738 ], [ -86.48703, 40.30169 ], [ -86.59434, 40.28527 ], [ -86.54588, 40.37681 ], [ -86.46544, 40.91647 ], [ -86.43049, 40.9141 ], [ -86.40565, 41.07828 ], [ -86.46865, 41.12993 ], [ -86.64403, 41.14165 ], [ -86.70038, 41.24011 ], [ -86.80581, 41.24699 ], [ -86.79896, 41.29391 ], [ -86.86591, 41.32192 ], [ -87.21792, 41.34416 ], [ -87.32681, 41.32719 ], [ -87.33326, 41.28025 ], [ -87.5796, 41.2951 ], [ -87.61167, 41.32066 ], [ -87.75255, 41.32892 ], [ -87.77552, 41.42488 ], [ -87.88439, 41.40749 ], [ -87.86618, 41.54837 ], [ -87.96924, 41.57787 ], [ -87.9209, 41.9535 ], [ -87.94435, 42.04939 ], [ -88.04827, 42.07883 ], [ -88.26225, 42.09051 ] ], [ [ -91.48869, 41.11903 ], [ -91.41999, 41.09323 ], [ -91.20891, 41.08624 ], [ -91.18089, 40.99087 ], [ -91.42679, 40.99904 ], [ -91.42339, 41.04614 ], [ -91.48869, 41.11903 ] ], [ [ -93.80842, 41.33892 ], [ -93.80679, 41.38604 ], [ -93.66528, 41.38379 ], [ -93.66702, 41.33667 ], [ -93.80842, 41.33892 ] ], [ [ -91.99898, 41.41745 ], [ -91.71601, 41.40921 ], [ -91.61156, 41.38244 ], [ -91.61483, 41.33535 ], [ -91.75455, 41.36319 ], [ -92.00196, 41.37036 ], [ -91.99898, 41.41745 ] ], [ [ -90.72024, 41.87135 ], [ -90.61343, 41.86737 ], [ -90.6195, 41.79681 ], [ -90.72619, 41.80078 ], [ -90.72024, 41.87135 ] ], [ [ -90.50249, 41.91036 ], [ -90.54222, 41.86468 ], [ -90.57783, 41.86603 ], [ -90.57375, 41.91307 ], [ -90.68064, 41.91708 ], [ -90.67262, 42.01117 ], [ -90.49005, 42.05148 ], [ -90.50249, 41.91036 ] ], [ [ -89.00996, 40.54538 ], [ -88.9403, 40.54189 ], [ -88.95068, 40.44781 ], [ -89.01767, 40.47482 ], [ -89.00996, 40.54538 ] ], [ [ -89.08309, 41.16365 ], [ -88.90726, 41.15495 ], [ -88.87474, 41.12968 ], [ -88.88532, 41.03565 ], [ -88.78004, 41.03031 ], [ -88.75302, 40.958 ], [ -88.76106, 40.88748 ], [ -88.69105, 40.88386 ], [ -88.70185, 40.78983 ], [ -88.80672, 40.79523 ], [ -88.83638, 40.84404 ], [ -88.96855, 40.92162 ], [ -88.95028, 41.08619 ], [ -89.05566, 41.0914 ], [ -89.08309, 41.16365 ] ], [ [ -88.54189, 41.25439 ], [ -88.40109, 41.24691 ], [ -88.3364, 41.19613 ], [ -88.30981, 41.12374 ], [ -88.38007, 41.12754 ], [ -88.45594, 41.08431 ], [ -88.52616, 41.08804 ], [ -88.60188, 41.04474 ], [ -88.58262, 41.20924 ], [ -88.54189, 41.25439 ] ], [ [ -88.93191, 41.25073 ], [ -88.75586, 41.24184 ], [ -88.79643, 41.19663 ], [ -88.90198, 41.20196 ], [ -88.93191, 41.25073 ] ], [ [ -89.00633, 41.538 ], [ -88.86484, 41.53098 ], [ -88.83215, 41.50571 ], [ -88.84818, 41.36471 ], [ -88.95402, 41.37 ], [ -88.94086, 41.48751 ], [ -89.00633, 41.538 ] ] ], [ [ [ -85.56535, 40.80513 ], [ -85.42596, 40.7947 ], [ -85.41424, 40.86499 ], [ -85.3715, 40.90922 ], [ -85.39857, 40.95871 ], [ -85.53832, 40.96916 ], [ -85.58097, 40.92489 ], [ -85.60021, 40.80772 ], [ -85.56535, 40.80513 ] ] ], [ [ [ -84.89131, 41.22813 ], [ -84.96554, 41.21022 ], [ -84.97373, 41.16339 ], [ -85.11386, 41.17427 ], [ -85.16499, 41.08329 ], [ -85.09905, 41.05448 ], [ -84.81938, 41.03257 ], [ -84.79688, 40.95956 ], [ -84.69217, 40.95118 ], [ -84.62659, 40.92215 ], [ -84.63499, 40.87533 ], [ -84.49561, 40.86399 ], [ -84.33905, 40.94609 ], [ -84.31745, 41.06307 ], [ -84.24322, 41.08065 ], [ -84.2345, 41.12743 ], [ -84.12959, 41.11864 ], [ -84.05081, 41.15951 ], [ -84.04194, 41.20627 ], [ -83.93693, 41.19734 ], [ -83.89294, 41.2411 ], [ -83.87493, 41.33461 ], [ -83.98016, 41.34359 ], [ -83.9929, 41.46346 ], [ -83.97497, 41.55696 ], [ -83.97048, 41.58034 ], [ -84.01912, 41.51319 ], [ -84.1731, 41.45485 ], [ -84.22581, 41.36424 ], [ -84.40137, 41.37873 ], [ -84.41, 41.33194 ], [ -84.48876, 41.29088 ], [ -84.62909, 41.30223 ], [ -84.78615, 41.21983 ], [ -84.75692, 41.38365 ], [ -84.79623, 41.36304 ], [ -84.8665, 41.36858 ], [ -84.89131, 41.22813 ] ] ], [ [ [ -89.58402, 41.80135 ], [ -89.55816, 41.70572 ], [ -89.45416, 41.67738 ], [ -89.49937, 41.58497 ], [ -89.39313, 41.58008 ], [ -89.37578, 41.74462 ], [ -89.44679, 41.7479 ], [ -89.43941, 41.81841 ], [ -89.50807, 41.84516 ], [ -89.58402, 41.80135 ] ] ], [ [ [ -90.26504, 42.16068 ], [ -90.25636, 42.25473 ], [ -90.39964, 42.26037 ], [ -90.37234, 42.16491 ], [ -90.26504, 42.16068 ] ] ], [ [ [ -89.1365, 42.30023 ], [ -89.07012, 42.24982 ], [ -89.07536, 42.20283 ], [ -88.9681, 42.19763 ], [ -88.95212, 42.33858 ], [ -89.05699, 42.36728 ], [ -89.1365, 42.30023 ] ] ], [ [ [ -85.60238, 42.30148 ], [ -85.50324, 42.24688 ], [ -85.48736, 42.34052 ], [ -85.55879, 42.34572 ], [ -85.60238, 42.30148 ] ] ] ] } },
{ "type": "Feature", "properties": { "ID": 21 }, "geometry": { "type": "MultiPolygon", "coordinates": [ [ [ [ -75.82134, 37.91419 ], [ -75.83997, 37.96545 ], [ -75.91268, 37.95229 ], [ -75.91974, 37.92915 ], [ -75.82134, 37.91419 ] ] ], [ [ [ -73.66397, 40.9183 ], [ -73.49435, 40.98788 ], [ -73.4353, 41.05106 ], [ -73.35023, 41.08574 ], [ -73.37613, 41.11422 ], [ -73.51313, 41.13644 ], [ -73.52969, 41.09061 ], [ -73.60642, 41.07875 ], [ -73.62289, 41.03291 ], [ -73.71737, 41.07234 ], [ -73.78587, 41.0833 ], [ -73.88867, 41.09968 ], [ -73.99776, 40.99586 ], [ -74.06623, 41.00669 ], [ -74.09845, 40.9149 ], [ -74.16684, 40.92568 ], [ -74.18287, 40.87977 ], [ -74.23304, 40.83923 ], [ -74.23082, 40.74203 ], [ -74.27062, 40.62721 ], [ -74.23657, 40.62185 ], [ -74.25247, 40.57592 ], [ -74.2865, 40.58128 ], [ -74.30235, 40.53535 ], [ -74.36007, 40.47178 ], [ -74.3916, 40.37988 ], [ -74.47785, 40.12707 ], [ -74.47529, 40.0298 ], [ -74.44934, 40.0015 ], [ -74.53486, 39.74856 ], [ -74.56848, 39.75385 ], [ -74.58393, 39.70784 ], [ -74.61753, 39.71313 ], [ -74.63294, 39.66711 ], [ -74.66652, 39.67238 ], [ -74.68189, 39.62636 ], [ -74.69723, 39.58034 ], [ -74.73078, 39.58559 ], [ -74.74608, 39.53956 ], [ -74.81313, 39.55004 ], [ -74.86188, 39.50922 ], [ -74.90738, 39.37105 ], [ -75.00776, 39.38665 ], [ -75.06719, 39.42004 ], [ -75.14166, 39.40733 ], [ -75.24215, 39.42275 ], [ -75.26821, 39.45093 ], [ -75.20844, 39.63528 ], [ -75.12268, 39.57377 ], [ -75.07749, 39.71197 ], [ -75.14478, 39.72229 ], [ -75.10709, 39.83745 ], [ -75.16698, 39.87079 ], [ -75.1519, 39.91685 ], [ -75.21189, 39.95016 ], [ -75.15907, 40.11136 ], [ -75.32841, 40.13699 ], [ -75.34341, 40.09092 ], [ -75.37727, 40.09601 ], [ -75.38475, 40.07298 ], [ -75.5202, 40.09327 ], [ -75.62924, 40.08536 ], [ -75.61444, 40.13146 ], [ -75.64835, 40.13649 ], [ -75.65574, 40.11344 ], [ -75.77214, 40.08236 ], [ -75.78681, 40.03624 ], [ -75.88374, 39.95394 ], [ -76.01185, 39.99683 ], [ -75.98282, 40.08911 ], [ -75.99494, 40.16327 ], [ -76.08956, 40.20113 ], [ -76.07507, 40.24727 ], [ -76.10907, 40.25219 ], [ -76.13799, 40.15989 ], [ -76.23988, 40.17458 ], [ -76.25424, 40.12841 ], [ -76.35072, 40.0458 ], [ -76.45957, 40.03723 ], [ -76.48789, 39.94484 ], [ -76.58952, 39.95927 ], [ -76.61061, 39.88996 ], [ -76.62464, 39.84374 ], [ -76.59082, 39.83894 ], [ -76.57106, 39.78793 ], [ -76.67246, 39.8023 ], [ -76.67945, 39.77919 ], [ -76.76097, 39.74249 ], [ -76.80951, 39.58064 ], [ -76.77581, 39.57589 ], [ -76.81039, 39.46025 ], [ -76.79058, 39.40925 ], [ -76.73029, 39.3766 ], [ -76.7244, 39.27932 ], [ -76.61113, 39.1908 ], [ -76.63888, 39.09829 ], [ -76.58589, 39.04243 ], [ -76.59976, 38.99617 ], [ -76.53994, 38.96343 ], [ -76.43987, 38.94894 ], [ -76.35916, 38.98549 ], [ -76.39416, 38.86987 ], [ -76.33456, 38.83703 ], [ -76.38348, 38.67514 ], [ -76.27687, 38.68366 ], [ -76.17727, 38.66898 ], [ -76.14906, 38.76145 ], [ -76.02827, 39.15427 ], [ -76.0617, 39.1592 ], [ -75.99726, 39.36705 ], [ -75.923, 39.38023 ], [ -75.87501, 39.42143 ], [ -75.79515, 39.67527 ], [ -75.66049, 39.65523 ], [ -75.611, 39.47868 ], [ -75.63297, 39.40947 ], [ -75.53976, 39.37127 ], [ -75.56177, 39.30207 ], [ -75.49485, 39.29195 ], [ -75.51688, 39.22275 ], [ -75.45005, 39.2126 ], [ -75.4721, 39.1434 ], [ -75.40535, 39.13324 ], [ -75.39756, 38.93851 ], [ -75.43423, 38.82314 ], [ -75.40102, 38.81805 ], [ -75.39714, 38.72065 ], [ -75.43369, 38.60525 ], [ -75.40059, 38.60016 ], [ -75.39672, 38.50273 ], [ -75.50563, 38.15632 ], [ -75.53851, 38.16139 ], [ -75.57451, 38.04586 ], [ -75.64735, 38.03284 ], [ -75.70875, 37.94541 ], [ -75.76288, 37.88105 ], [ -75.63184, 37.86094 ], [ -75.49766, 37.96133 ], [ -75.37033, 38.03847 ], [ -75.23154, 38.47714 ], [ -75.26457, 38.48227 ], [ -75.1835, 38.73606 ], [ -75.15386, 38.82831 ], [ -75.22026, 38.83861 ], [ -75.23129, 38.91293 ], [ -75.29778, 38.92319 ], [ -75.27562, 38.99238 ], [ -75.32744, 39.04874 ], [ -75.39409, 39.05895 ], [ -75.35722, 39.17427 ], [ -75.36107, 39.27161 ], [ -75.41319, 39.32792 ], [ -75.35367, 39.29467 ], [ -75.25335, 39.27932 ], [ -75.19396, 39.246 ], [ -75.18292, 39.1717 ], [ -75.08283, 39.15623 ], [ -75.04199, 39.1741 ], [ -74.91613, 39.13028 ], [ -74.81617, 39.11462 ], [ -74.75249, 39.2015 ], [ -74.67818, 39.21401 ], [ -74.62188, 39.27779 ], [ -74.59121, 39.36986 ], [ -74.44458, 39.49199 ], [ -74.23821, 39.58023 ], [ -74.16752, 39.78708 ], [ -74.11022, 39.85062 ], [ -74.12015, 39.92494 ], [ -74.03693, 39.96006 ], [ -74.05474, 40.01141 ], [ -74.02291, 40.10327 ], [ -74.04074, 40.15461 ], [ -74.14212, 40.17082 ], [ -74.12624, 40.21675 ], [ -74.18597, 40.2505 ], [ -74.1701, 40.29643 ], [ -74.10237, 40.28565 ], [ -74.08644, 40.33157 ], [ -74.1383, 40.38829 ], [ -74.11438, 40.45717 ], [ -74.13239, 40.50849 ], [ -74.10842, 40.57736 ], [ -74.14244, 40.58276 ], [ -74.07033, 40.78935 ], [ -74.00397, 40.87572 ], [ -73.78279, 40.88891 ], [ -73.7323, 40.92929 ], [ -73.66397, 40.9183 ] ], [ [ -76.46323, 39.21779 ], [ -76.4141, 39.37959 ], [ -76.31341, 39.36502 ], [ -76.23921, 39.37837 ], [ -76.21987, 39.32728 ], [ -76.2553, 39.21175 ], [ -76.30994, 39.1473 ], [ -76.25013, 39.11443 ], [ -76.23086, 39.06332 ], [ -76.4119, 39.04143 ], [ -76.43131, 39.09252 ], [ -76.40328, 39.18499 ], [ -76.46323, 39.21779 ] ] ], [ [ [ -72.84643, 41.26982 ], [ -72.82078, 41.33843 ], [ -72.88941, 41.34982 ], [ -72.94077, 41.30976 ], [ -72.90627, 41.2069 ], [ -72.83779, 41.19551 ], [ -72.84643, 41.26982 ] ] ] ] } },
{ "type": "Feature", "properties": { "ID": 22 }, "geometry": { "type": "MultiPolygon", "coordinates": [ [ [ [ -84.00217, 34.66468 ], [ -84.02182, 34.73855 ], [ -84.00565, 34.83301 ], [ -84.13294, 34.84496 ], [ -84.24035, 34.78298 ], [ -84.25223, 34.7121 ], [ -84.12516, 34.70026 ], [ -84.12916, 34.67664 ], [ -84.00217, 34.66468 ] ] ], [ [ [ -83.66415, 34.75228 ], [ -83.62405, 34.7964 ], [ -83.60733, 34.8908 ], [ -83.53948, 34.90817 ], [ -83.53106, 34.95536 ], [ -83.59476, 34.96159 ], [ -83.61406, 35.03546 ], [ -83.70975, 35.04473 ], [ -83.71806, 34.99754 ], [ -83.62244, 34.98828 ], [ -83.65849, 34.96778 ], [ -83.67515, 34.87339 ], [ -83.7388, 34.87954 ], [ -83.74707, 34.83233 ], [ -83.87431, 34.84454 ], [ -83.89066, 34.7501 ], [ -83.93057, 34.70589 ], [ -83.83532, 34.69679 ], [ -83.76771, 34.71429 ], [ -83.75946, 34.76151 ], [ -83.66415, 34.75228 ] ] ], [ [ [ -83.08541, 34.91089 ], [ -83.07669, 34.95804 ], [ -83.04485, 34.9548 ], [ -82.99545, 35.04585 ], [ -83.06357, 35.02877 ], [ -83.19105, 35.04165 ], [ -83.19971, 34.99449 ], [ -83.32715, 35.00724 ], [ -83.34427, 34.9129 ], [ -83.10852, 34.96127 ], [ -83.11723, 34.91411 ], [ -83.08541, 34.91089 ] ] ], [ [ [ -83.79307, 35.1247 ], [ -83.80134, 35.07752 ], [ -83.70143, 35.09191 ], [ -83.79307, 35.1247 ] ] ], [ [ [ -84.22453, 35.26109 ], [ -84.19251, 35.25814 ], [ -84.20053, 35.21094 ], [ -84.07256, 35.19907 ], [ -84.08838, 35.29643 ], [ -84.15245, 35.30237 ], [ -84.22053, 35.28469 ], [ -84.22453, 35.26109 ] ] ], [ [ [ -82.73657, 35.21133 ], [ -82.75952, 35.26175 ], [ -82.71404, 35.32907 ], [ -82.74603, 35.33239 ], [ -82.82791, 35.2448 ], [ -82.9415, 35.16041 ], [ -82.95476, 35.08972 ], [ -82.82724, 35.0766 ], [ -82.83169, 35.05304 ], [ -82.79983, 35.04974 ], [ -82.75453, 35.11711 ], [ -82.74555, 35.16423 ], [ -82.73657, 35.21133 ] ] ], [ [ [ -83.088, 35.24733 ], [ -83.05603, 35.2441 ], [ -83.04725, 35.29122 ], [ -83.07923, 35.29446 ], [ -83.088, 35.24733 ] ] ], [ [ [ -84.07623, 35.3672 ], [ -84.04417, 35.36421 ], [ -84.03604, 35.41138 ], [ -84.06812, 35.41437 ], [ -84.07623, 35.3672 ] ] ], [ [ [ -83.33951, 35.29648 ], [ -83.3266, 35.36718 ], [ -83.35863, 35.37034 ], [ -83.37151, 35.29964 ], [ -83.33951, 35.29648 ] ] ], [ [ [ -82.67301, 35.37283 ], [ -82.62283, 35.46365 ], [ -82.68692, 35.47032 ], [ -82.69597, 35.42324 ], [ -82.67301, 35.37283 ] ] ], [ [ [ -83.67764, 35.59319 ], [ -83.70979, 35.59626 ], [ -83.71817, 35.54913 ], [ -83.65392, 35.54297 ], [ -83.67764, 35.59319 ] ] ], [ [ [ -82.72348, 35.4501 ], [ -82.71444, 35.49718 ], [ -82.74651, 35.50049 ], [ -82.75553, 35.45342 ], [ -82.72348, 35.4501 ] ] ], [ [ [ -82.79716, 35.57771 ], [ -82.78815, 35.62478 ], [ -82.82926, 35.58101 ], [ -82.79716, 35.57771 ] ] ], [ [ [ -82.91309, 35.82944 ], [ -82.92204, 35.78238 ], [ -82.82994, 35.74902 ], [ -82.82094, 35.79607 ], [ -82.88087, 35.82617 ], [ -82.91309, 35.82944 ] ] ], [ [ [ -82.64168, 35.87358 ], [ -82.57722, 35.8669 ], [ -82.63253, 35.92061 ], [ -82.64168, 35.87358 ] ] ], [ [ [ -82.66479, 35.92394 ], [ -82.63253, 35.92061 ], [ -82.62337, 35.96763 ], [ -82.65565, 35.97097 ], [ -82.66479, 35.92394 ] ] ], [ [ [ -84.29771, 36.17753 ], [ -84.27755, 36.29529 ], [ -84.24505, 36.29236 ], [ -84.26542, 36.36593 ], [ -84.3305, 36.37177 ], [ -84.37908, 36.28048 ], [ -84.50911, 36.29202 ], [ -84.51703, 36.24491 ], [ -84.45205, 36.23916 ], [ -84.45603, 36.2156 ], [ -84.42355, 36.21271 ], [ -84.39907, 36.1627 ], [ -84.40705, 36.11558 ], [ -84.37462, 36.11268 ], [ -84.37862, 36.08912 ], [ -84.34621, 36.08621 ], [ -84.33819, 36.13333 ], [ -84.24091, 36.12456 ], [ -84.23282, 36.17167 ], [ -84.29771, 36.17753 ] ] ], [ [ [ -83.35067, 36.66322 ], [ -83.32873, 36.78072 ], [ -83.45953, 36.79329 ], [ -83.5336, 36.75253 ], [ -83.51391, 36.6789 ], [ -83.35067, 36.66322 ] ] ], [ [ [ -82.86298, 36.95027 ], [ -82.82106, 36.99394 ], [ -82.81647, 37.01741 ], [ -82.84468, 37.04416 ], [ -82.91939, 37.00375 ], [ -83.04604, 37.0402 ], [ -83.17729, 37.05305 ], [ -83.28904, 36.99215 ], [ -83.29788, 36.94517 ], [ -83.52736, 36.96713 ], [ -83.55334, 36.82614 ], [ -83.45082, 36.84029 ], [ -83.4421, 36.88729 ], [ -83.27838, 36.87153 ], [ -83.25893, 36.79788 ], [ -83.19353, 36.79151 ], [ -83.17419, 36.71784 ], [ -83.14154, 36.71463 ], [ -83.12815, 36.78511 ], [ -83.16084, 36.78831 ], [ -83.12958, 36.95272 ], [ -83.05956, 36.96977 ], [ -82.86298, 36.95027 ] ] ], [ [ [ -82.75961, 36.79627 ], [ -82.71772, 36.83992 ], [ -82.70387, 36.91033 ], [ -82.76013, 36.96388 ], [ -82.8348, 36.92352 ], [ -82.82039, 36.82633 ], [ -82.8622, 36.78266 ], [ -82.92755, 36.78919 ], [ -82.90939, 36.88311 ], [ -82.94211, 36.88637 ], [ -82.94665, 36.86289 ], [ -83.01209, 36.86938 ], [ -83.0166, 36.8459 ], [ -82.98389, 36.84266 ], [ -82.96024, 36.79245 ], [ -82.96928, 36.74548 ], [ -82.86676, 36.75917 ], [ -82.80144, 36.75261 ], [ -82.79228, 36.79957 ], [ -82.75961, 36.79627 ] ] ], [ [ [ -82.83551, 37.09109 ], [ -82.84468, 37.04416 ], [ -82.77909, 37.03758 ], [ -82.77448, 37.06105 ], [ -82.80729, 37.06434 ], [ -82.80269, 37.08781 ], [ -82.83551, 37.09109 ] ] ], [ [ [ -82.50855, 35.21146 ], [ -82.44471, 35.2047 ], [ -82.40358, 35.24839 ], [ -82.39897, 35.27192 ], [ -82.43091, 35.27532 ], [ -82.42631, 35.29886 ], [ -82.45827, 35.30225 ], [ -82.46286, 35.27871 ], [ -82.65461, 35.29887 ], [ -82.67271, 35.20468 ], [ -82.60886, 35.198 ], [ -82.49939, 35.25855 ], [ -82.50855, 35.21146 ] ] ], [ [ [ -82.20654, 35.41951 ], [ -82.19246, 35.49007 ], [ -82.22449, 35.49352 ], [ -82.20572, 35.58758 ], [ -82.2652, 35.61797 ], [ -82.25583, 35.665 ], [ -82.38432, 35.67866 ], [ -82.45321, 35.66193 ], [ -82.47628, 35.54432 ], [ -82.45805, 35.47036 ], [ -82.39861, 35.44005 ], [ -82.41247, 35.36946 ], [ -82.3624, 35.29205 ], [ -82.33045, 35.28864 ], [ -82.32117, 35.3357 ], [ -82.2892, 35.33228 ], [ -82.2479, 35.3759 ], [ -82.23855, 35.42295 ], [ -82.20654, 35.41951 ] ] ], [ [ [ -82.45321, 35.66193 ], [ -82.44396, 35.70897 ], [ -82.54041, 35.71909 ], [ -82.5496, 35.67205 ], [ -82.45321, 35.66193 ] ] ], [ [ [ -82.09784, 35.96016 ], [ -82.08831, 36.00714 ], [ -82.12058, 36.01061 ], [ -82.11582, 36.0341 ], [ -82.24025, 36.07138 ], [ -82.3695, 36.08505 ], [ -82.42047, 35.99446 ], [ -82.50354, 35.9072 ], [ -82.51739, 35.83666 ], [ -82.45298, 35.82992 ], [ -82.46224, 35.78289 ], [ -82.43006, 35.77951 ], [ -82.42542, 35.80302 ], [ -82.39323, 35.79962 ], [ -82.37926, 35.87015 ], [ -82.31483, 35.86333 ], [ -82.31015, 35.88683 ], [ -82.27793, 35.88341 ], [ -82.241, 35.90348 ], [ -82.25512, 35.83298 ], [ -82.15855, 35.82265 ], [ -82.20489, 35.75559 ], [ -82.22371, 35.66156 ], [ -82.15949, 35.65466 ], [ -82.15477, 35.67817 ], [ -82.08104, 35.71824 ], [ -82.06677, 35.78875 ], [ -82.08943, 35.83922 ], [ -81.96069, 35.82526 ], [ -81.96549, 35.80177 ], [ -81.93333, 35.79826 ], [ -81.92371, 35.84524 ], [ -81.89152, 35.84173 ], [ -81.85451, 35.86169 ], [ -81.84482, 35.90866 ], [ -82.03814, 35.92971 ], [ -82.09784, 35.96016 ] ] ], [ [ [ -82.5265, 36.12546 ], [ -82.53575, 36.07846 ], [ -82.56808, 36.08182 ], [ -82.57729, 36.03481 ], [ -82.51732, 36.00459 ], [ -82.49416, 36.12209 ], [ -82.5265, 36.12546 ] ] ], [ [ [ -82.39248, 36.13544 ], [ -82.3278, 36.12863 ], [ -82.3184, 36.17561 ], [ -82.25369, 36.16877 ], [ -82.24423, 36.21574 ], [ -82.17949, 36.20886 ], [ -82.16998, 36.25582 ], [ -82.09564, 36.29586 ], [ -81.93366, 36.27842 ], [ -81.91427, 36.37229 ], [ -81.8721, 36.4157 ], [ -82.00193, 36.42973 ], [ -82.07166, 36.41322 ], [ -82.12702, 36.46709 ], [ -82.13659, 36.42015 ], [ -82.16905, 36.42361 ], [ -82.18335, 36.35318 ], [ -82.15569, 36.32626 ], [ -82.22054, 36.33315 ], [ -82.22528, 36.30967 ], [ -82.19287, 36.30623 ], [ -82.19762, 36.28275 ], [ -82.26243, 36.28962 ], [ -82.2395, 36.23923 ], [ -82.36906, 36.25289 ], [ -82.39248, 36.13544 ] ] ], [ [ [ -80.12809, 36.91173 ], [ -80.11707, 36.95847 ], [ -80.21492, 36.97029 ], [ -80.26377, 37.04825 ], [ -80.24734, 37.11836 ], [ -80.34544, 37.13008 ], [ -80.574, 37.01301 ], [ -80.58472, 36.96624 ], [ -80.6227, 36.94668 ], [ -80.72062, 36.95813 ], [ -80.74183, 36.86455 ], [ -80.83965, 36.87591 ], [ -80.88276, 36.83287 ], [ -80.9037, 36.73924 ], [ -80.96881, 36.74674 ], [ -80.98576, 36.82072 ], [ -81.05096, 36.82818 ], [ -81.06132, 36.78135 ], [ -81.12649, 36.78878 ], [ -81.14708, 36.6951 ], [ -81.17963, 36.6988 ], [ -81.18475, 36.67538 ], [ -81.15222, 36.67168 ], [ -81.17274, 36.57798 ], [ -81.20523, 36.58167 ], [ -81.195, 36.62853 ], [ -81.26004, 36.63589 ], [ -81.40025, 36.60364 ], [ -81.43047, 36.46301 ], [ -81.3584, 36.33486 ], [ -81.36847, 36.28797 ], [ -81.30375, 36.28066 ], [ -81.29363, 36.32755 ], [ -81.26126, 36.32388 ], [ -81.2511, 36.37076 ], [ -81.2835, 36.37443 ], [ -81.29564, 36.47186 ], [ -81.22565, 36.48794 ], [ -81.21545, 36.53481 ], [ -81.09074, 36.49658 ], [ -81.07375, 36.42257 ], [ -80.97654, 36.41138 ], [ -80.96617, 36.45823 ], [ -80.83756, 36.58746 ], [ -80.80508, 36.58368 ], [ -80.78405, 36.67732 ], [ -80.71903, 36.66973 ], [ -80.62152, 36.65827 ], [ -80.5294, 36.62335 ], [ -80.57836, 36.70124 ], [ -80.53555, 36.88839 ], [ -80.45957, 36.92744 ], [ -80.36174, 36.9158 ], [ -80.37801, 36.84566 ], [ -80.32374, 36.7911 ], [ -80.35085, 36.67416 ], [ -80.28588, 36.66635 ], [ -80.26411, 36.75989 ], [ -80.24775, 36.83004 ], [ -80.21519, 36.82611 ], [ -80.20424, 36.87287 ], [ -80.12809, 36.91173 ] ] ], [ [ [ -82.33458, 36.92031 ], [ -82.32507, 36.96722 ], [ -82.35781, 36.97062 ], [ -82.36729, 36.92371 ], [ -82.33458, 36.92031 ] ] ], [ [ [ -81.32415, 36.95504 ], [ -81.44983, 36.99301 ], [ -81.61339, 37.01103 ], [ -81.65609, 36.96775 ], [ -81.62339, 36.96417 ], [ -81.63338, 36.91731 ], [ -81.53536, 36.90654 ], [ -81.48516, 36.82904 ], [ -81.49522, 36.78218 ], [ -81.46262, 36.77856 ], [ -81.38223, 36.84158 ], [ -81.28437, 36.83062 ], [ -81.27415, 36.87746 ], [ -81.30679, 36.88112 ], [ -81.29147, 36.95138 ], [ -81.32415, 36.95504 ] ] ], [ [ [ -81.74925, 37.00186 ], [ -81.70659, 37.04517 ], [ -81.69165, 37.11544 ], [ -81.6211, 37.13172 ], [ -81.61107, 37.17856 ], [ -81.48739, 37.28484 ], [ -81.45692, 37.42528 ], [ -81.50754, 37.50271 ], [ -81.49229, 37.57291 ], [ -81.55827, 37.58012 ], [ -81.57608, 37.6539 ], [ -81.70824, 37.66819 ], [ -81.71827, 37.62138 ], [ -81.75129, 37.62493 ], [ -81.77127, 37.5313 ], [ -81.74329, 37.50434 ], [ -81.76325, 37.41069 ], [ -81.9279, 37.42831 ], [ -82.07431, 37.37197 ], [ -82.09862, 37.25482 ], [ -82.16435, 37.26172 ], [ -82.18365, 37.16797 ], [ -82.16048, 37.11764 ], [ -82.32452, 37.13478 ], [ -82.31975, 37.15822 ], [ -82.44636, 37.19523 ], [ -82.5778, 37.20867 ], [ -82.64819, 37.19189 ], [ -82.67145, 37.07459 ], [ -82.56837, 37.08805 ], [ -82.57772, 37.04113 ], [ -82.47468, 37.05452 ], [ -82.24526, 37.03074 ], [ -82.2077, 37.05075 ], [ -82.2173, 37.00386 ], [ -82.0536, 36.98659 ], [ -82.02444, 37.12723 ], [ -81.95885, 37.12025 ], [ -81.91625, 37.16361 ], [ -81.88672, 37.30418 ], [ -81.68953, 37.28295 ], [ -81.72443, 37.119 ], [ -81.88836, 37.13667 ], [ -81.97351, 37.04994 ], [ -81.94076, 37.04645 ], [ -81.96031, 36.95269 ], [ -82.03544, 36.91278 ], [ -82.19896, 36.93007 ], [ -82.20854, 36.88317 ], [ -82.32088, 36.82307 ], [ -82.45157, 36.83664 ], [ -82.43302, 36.76286 ], [ -82.2046, 36.73899 ], [ -82.12975, 36.77901 ], [ -82.12013, 36.82592 ], [ -82.04514, 36.86589 ], [ -82.04998, 36.84244 ], [ -81.95201, 36.83197 ], [ -81.94226, 36.87886 ], [ -81.97493, 36.88236 ], [ -81.96518, 36.92925 ], [ -81.88999, 36.96912 ], [ -81.82457, 36.96207 ], [ -81.81471, 37.00894 ], [ -81.74925, 37.00186 ] ] ], [ [ [ -80.98191, 36.9883 ], [ -80.97669, 37.0117 ], [ -80.80802, 37.0163 ], [ -80.73371, 37.3437 ], [ -80.82692, 37.37844 ], [ -80.84919, 37.42897 ], [ -80.81732, 37.56922 ], [ -80.84496, 37.59637 ], [ -80.80667, 37.61597 ], [ -80.796, 37.6627 ], [ -80.82899, 37.66648 ], [ -80.9003, 37.65064 ], [ -80.93731, 37.487 ], [ -80.90968, 37.45987 ], [ -80.96363, 37.37009 ], [ -80.89792, 37.36259 ], [ -80.88092, 37.28867 ], [ -80.8153, 37.28113 ], [ -80.83119, 37.21098 ], [ -80.90201, 37.19512 ], [ -81.00033, 37.20636 ], [ -81.01601, 37.13617 ], [ -81.00416, 37.03884 ], [ -81.07995, 36.99948 ], [ -80.98191, 36.9883 ] ] ], [ [ [ -80.64123, 37.45295 ], [ -80.63047, 37.49969 ], [ -80.67411, 37.45677 ], [ -80.64123, 37.45295 ] ] ], [ [ [ -81.79241, 37.74903 ], [ -81.9248, 37.7631 ], [ -81.94458, 37.66946 ], [ -82.04377, 37.67992 ], [ -82.02904, 37.75016 ], [ -82.05233, 37.80045 ], [ -82.14197, 37.85765 ], [ -82.1322, 37.90447 ], [ -82.20344, 37.88794 ], [ -82.12348, 37.78396 ], [ -82.14299, 37.6903 ], [ -82.12454, 37.61659 ], [ -82.05357, 37.63309 ], [ -81.92141, 37.61914 ], [ -81.91152, 37.66596 ], [ -81.81237, 37.65541 ], [ -81.75129, 37.62493 ], [ -81.73627, 37.69514 ], [ -81.8024, 37.70222 ], [ -81.79241, 37.74903 ] ] ], [ [ [ -80.63047, 37.49969 ], [ -80.53178, 37.48819 ], [ -80.38384, 37.54281 ], [ -80.35644, 37.65957 ], [ -80.37844, 37.71016 ], [ -80.45536, 37.6712 ], [ -80.47715, 37.57778 ], [ -80.57597, 37.58932 ], [ -80.56514, 37.63604 ], [ -80.65868, 37.67088 ], [ -80.68556, 37.55406 ], [ -80.63047, 37.49969 ] ] ], [ [ [ -79.60916, 37.66534 ], [ -79.62485, 37.73936 ], [ -79.68505, 37.7708 ], [ -79.66784, 37.84075 ], [ -79.70085, 37.8448 ], [ -79.72375, 37.75153 ], [ -79.69078, 37.74748 ], [ -79.72508, 37.60755 ], [ -79.6979, 37.58018 ], [ -79.63213, 37.57206 ], [ -79.60916, 37.66534 ] ] ], [ [ [ -79.75164, 38.33116 ], [ -79.84108, 38.24599 ], [ -79.78945, 38.45572 ], [ -79.92279, 38.47174 ], [ -79.9342, 38.42514 ], [ -79.96753, 38.42912 ], [ -79.97322, 38.40581 ], [ -80.02354, 38.33986 ], [ -80.05745, 38.19997 ], [ -80.12389, 38.20787 ], [ -80.14632, 38.11458 ], [ -80.19067, 38.07186 ], [ -80.257, 38.0797 ], [ -80.30126, 38.03694 ], [ -80.27366, 38.0097 ], [ -80.32891, 37.92026 ], [ -80.37844, 37.71016 ], [ -80.27948, 37.69847 ], [ -80.30704, 37.58173 ], [ -80.29063, 37.50777 ], [ -80.36189, 37.49221 ], [ -80.37283, 37.4455 ], [ -80.44401, 37.42989 ], [ -80.48772, 37.38702 ], [ -80.49856, 37.34029 ], [ -80.53678, 37.32077 ], [ -80.56959, 37.32461 ], [ -80.58574, 37.25449 ], [ -80.45465, 37.23909 ], [ -80.35091, 37.25082 ], [ -80.33998, 37.29755 ], [ -80.20886, 37.2819 ], [ -80.13779, 37.29739 ], [ -80.12116, 37.36745 ], [ -80.21961, 37.37926 ], [ -80.20857, 37.42596 ], [ -80.24141, 37.42989 ], [ -80.2359, 37.45324 ], [ -80.26876, 37.45716 ], [ -80.25775, 37.50386 ], [ -80.19199, 37.49602 ], [ -80.20305, 37.44932 ], [ -80.17019, 37.44538 ], [ -80.14801, 37.53878 ], [ -80.16982, 37.58941 ], [ -80.03817, 37.5736 ], [ -80.02697, 37.62028 ], [ -79.96113, 37.61233 ], [ -79.94424, 37.68233 ], [ -79.90564, 37.70166 ], [ -79.89999, 37.72499 ], [ -79.93296, 37.72899 ], [ -79.92732, 37.75232 ], [ -79.9933, 37.76029 ], [ -80.01576, 37.66696 ], [ -80.03751, 37.7176 ], [ -80.07608, 37.69822 ], [ -80.17501, 37.71006 ], [ -80.15275, 37.80341 ], [ -80.191, 37.92795 ], [ -80.05868, 37.91217 ], [ -80.04744, 37.95883 ], [ -79.96996, 37.99753 ], [ -79.93597, 38.13744 ], [ -79.85822, 38.17607 ], [ -79.75866, 38.16401 ], [ -79.66491, 38.12857 ], [ -79.62019, 38.17111 ], [ -79.57956, 38.33419 ], [ -79.65187, 38.31903 ], [ -79.75164, 38.33116 ] ] ], [ [ [ -80.65395, 37.8382 ], [ -80.5217, 37.82288 ], [ -80.47226, 37.88908 ], [ -80.45584, 37.95911 ], [ -80.36756, 38.04472 ], [ -80.30126, 38.03694 ], [ -80.29017, 38.0836 ], [ -80.3897, 38.09527 ], [ -80.39521, 38.07194 ], [ -80.43938, 38.02913 ], [ -80.50569, 38.03685 ], [ -80.56066, 37.94731 ], [ -80.59378, 37.95114 ], [ -80.60463, 37.90444 ], [ -80.63773, 37.90827 ], [ -80.65395, 37.8382 ] ] ], [ [ [ -79.89336, 37.89227 ], [ -79.82727, 37.88425 ], [ -79.79875, 38.00084 ], [ -79.86496, 38.00887 ], [ -79.89336, 37.89227 ] ] ], [ [ [ -81.17491, 38.08883 ], [ -81.10846, 38.08145 ], [ -81.05787, 38.00394 ], [ -81.02617, 38.14411 ], [ -80.92112, 38.15627 ], [ -80.84392, 38.19546 ], [ -80.78914, 38.28508 ], [ -80.88906, 38.29638 ], [ -80.86223, 38.4131 ], [ -80.7847, 38.45225 ], [ -80.91827, 38.4673 ], [ -80.99574, 38.42808 ], [ -81.04506, 38.36175 ], [ -81.24525, 38.38389 ], [ -81.24001, 38.40725 ], [ -81.2734, 38.41091 ], [ -81.30992, 38.24737 ], [ -81.17145, 38.25606 ], [ -81.14867, 38.20565 ], [ -81.17491, 38.08883 ] ] ], [ [ [ -80.03853, 38.70133 ], [ -80.05557, 38.63143 ], [ -79.95529, 38.61952 ], [ -79.89895, 38.70872 ], [ -79.99936, 38.72067 ], [ -80.00506, 38.69737 ], [ -80.03853, 38.70133 ] ] ], [ [ [ -79.61714, 39.96927 ], [ -79.53699, 40.00762 ], [ -79.50702, 40.12382 ], [ -79.42662, 40.1621 ], [ -79.40243, 40.25502 ], [ -79.34389, 40.34382 ], [ -79.26923, 40.35878 ], [ -79.25087, 40.42844 ], [ -79.16993, 40.46656 ], [ -79.15143, 40.5362 ], [ -79.28894, 40.55281 ], [ -79.31109, 40.60338 ], [ -79.27428, 40.74267 ], [ -79.41227, 40.75916 ], [ -79.47521, 40.79057 ], [ -79.49152, 40.86432 ], [ -79.62982, 40.88059 ], [ -79.71101, 40.84222 ], [ -79.83742, 40.90475 ], [ -79.94127, 40.91671 ], [ -79.95311, 40.87023 ], [ -80.09741, 40.86281 ], [ -80.30512, 40.88627 ], [ -80.27613, 41.00253 ], [ -80.29342, 41.07618 ], [ -80.43814, 41.0684 ], [ -80.47832, 40.90559 ], [ -80.44941, 40.87849 ], [ -80.34552, 40.8669 ], [ -80.35129, 40.84364 ], [ -80.28208, 40.83588 ], [ -80.29365, 40.78937 ], [ -80.18993, 40.77766 ], [ -80.19575, 40.75441 ], [ -80.1612, 40.75049 ], [ -80.14415, 40.67682 ], [ -80.04065, 40.665 ], [ -80.05236, 40.6185 ], [ -79.98931, 40.58734 ], [ -79.92042, 40.5794 ], [ -79.89189, 40.55217 ], [ -79.78863, 40.54017 ], [ -79.77207, 40.46643 ], [ -79.80764, 40.32697 ], [ -79.84194, 40.33098 ], [ -79.84785, 40.30773 ], [ -79.81356, 40.30373 ], [ -79.85964, 40.26124 ], [ -79.88317, 40.16823 ], [ -79.96831, 40.24994 ], [ -80.07113, 40.26181 ], [ -80.08275, 40.21529 ], [ -80.17437, 40.13011 ], [ -80.24281, 40.13793 ], [ -80.29421, 40.07202 ], [ -80.3626, 40.07978 ], [ -80.38534, 39.98668 ], [ -80.59034, 40.00974 ], [ -80.63569, 39.96699 ], [ -80.66985, 39.97079 ], [ -80.67543, 39.9475 ], [ -80.70958, 39.95129 ], [ -80.79999, 39.86567 ], [ -80.80551, 39.84238 ], [ -80.83961, 39.84614 ], [ -80.84511, 39.82284 ], [ -80.87921, 39.82659 ], [ -80.89017, 39.77999 ], [ -80.95833, 39.78746 ], [ -81.11628, 39.70906 ], [ -81.14318, 39.59249 ], [ -81.11995, 39.54216 ], [ -81.01808, 39.53105 ], [ -80.94475, 39.54692 ], [ -80.91751, 39.66346 ], [ -80.77597, 39.67174 ], [ -80.78699, 39.62513 ], [ -80.6795, 39.63708 ], [ -80.47565, 39.61414 ], [ -80.34549, 39.57539 ], [ -80.22118, 39.51324 ], [ -80.11952, 39.50146 ], [ -80.15952, 39.33849 ], [ -80.10908, 39.26076 ], [ -80.1319, 39.16761 ], [ -80.1153, 39.09381 ], [ -80.16073, 38.90745 ], [ -80.19431, 38.91138 ], [ -80.3734, 38.74052 ], [ -80.41232, 38.57731 ], [ -80.51261, 38.58888 ], [ -80.59047, 38.5499 ], [ -80.6962, 38.53801 ], [ -80.70708, 38.49134 ], [ -80.77388, 38.49892 ], [ -80.7847, 38.45225 ], [ -80.7459, 38.4718 ], [ -80.61236, 38.45658 ], [ -80.5954, 38.38276 ], [ -80.4954, 38.37125 ], [ -80.48439, 38.41791 ], [ -80.38436, 38.40631 ], [ -80.37327, 38.45296 ], [ -80.33991, 38.44908 ], [ -80.35104, 38.54624 ], [ -80.32316, 38.66282 ], [ -80.2785, 38.70554 ], [ -80.21154, 38.69772 ], [ -80.20028, 38.74434 ], [ -80.16678, 38.74041 ], [ -80.07709, 38.82574 ], [ -79.9536, 38.90702 ], [ -79.89798, 38.85246 ], [ -79.92096, 38.7593 ], [ -79.88747, 38.7553 ], [ -79.87597, 38.80189 ], [ -79.84246, 38.79788 ], [ -79.83092, 38.84446 ], [ -79.79739, 38.84044 ], [ -79.77422, 38.93358 ], [ -79.7904, 39.00744 ], [ -79.88547, 39.04274 ], [ -79.8159, 39.32207 ], [ -79.87185, 39.37662 ], [ -79.97327, 39.38858 ], [ -79.98402, 39.48565 ], [ -79.92697, 39.57476 ], [ -79.83581, 39.65984 ], [ -79.80186, 39.65583 ], [ -79.7784, 39.74887 ], [ -79.74441, 39.74484 ], [ -79.70902, 39.88437 ], [ -79.64091, 39.87628 ], [ -79.61714, 39.96927 ] ] ], [ [ [ -80.63463, 40.9945 ], [ -80.59992, 40.99069 ], [ -80.58853, 41.03722 ], [ -80.63463, 40.9945 ] ] ], [ [ [ -79.66784, 37.84075 ], [ -79.50281, 37.82036 ], [ -79.45819, 37.86287 ], [ -79.44654, 37.90948 ], [ -79.61177, 37.92993 ], [ -79.66784, 37.84075 ] ] ], [ [ [ -79.29318, 37.84223 ], [ -79.30492, 37.79563 ], [ -79.23899, 37.78732 ], [ -79.26019, 37.83808 ], [ -79.29318, 37.84223 ] ] ], [ [ [ -79.2154, 37.8805 ], [ -79.1824, 37.87633 ], [ -79.17055, 37.92291 ], [ -79.2154, 37.8805 ] ] ], [ [ [ -79.17055, 37.92291 ], [ -79.13753, 37.91873 ], [ -79.12565, 37.96531 ], [ -79.1587, 37.96949 ], [ -79.17055, 37.92291 ] ] ], [ [ [ -79.28864, 38.13004 ], [ -79.30044, 38.08346 ], [ -79.34531, 38.04102 ], [ -79.27913, 38.03273 ], [ -79.26733, 38.07931 ], [ -79.25551, 38.12589 ], [ -79.28864, 38.13004 ] ] ], [ [ [ -79.16889, 38.33125 ], [ -79.15696, 38.37779 ], [ -79.20212, 38.33542 ], [ -79.16889, 38.33125 ] ] ], [ [ [ -79.29957, 38.4917 ], [ -79.25199, 38.67787 ], [ -79.30097, 38.75596 ], [ -79.31062, 38.85316 ], [ -79.28675, 38.94621 ], [ -79.32029, 38.95035 ], [ -79.41113, 38.86554 ], [ -79.42889, 38.79573 ], [ -79.46237, 38.79984 ], [ -79.47416, 38.75329 ], [ -79.40725, 38.74508 ], [ -79.43088, 38.65198 ], [ -79.40339, 38.62459 ], [ -79.47017, 38.63281 ], [ -79.47606, 38.60953 ], [ -79.44267, 38.60543 ], [ -79.47207, 38.48903 ], [ -79.4838, 38.44246 ], [ -79.50137, 38.3726 ], [ -79.53464, 38.37669 ], [ -79.54631, 38.33011 ], [ -79.51306, 38.32602 ], [ -79.45244, 38.29453 ], [ -79.54221, 38.20956 ], [ -79.55966, 38.13967 ], [ -79.42707, 38.12327 ], [ -79.40362, 38.21644 ], [ -79.23775, 38.19574 ], [ -79.23182, 38.21902 ], [ -79.20212, 38.33542 ], [ -79.26859, 38.34374 ], [ -79.31956, 38.27804 ], [ -79.38599, 38.2863 ], [ -79.36243, 38.37944 ], [ -79.32917, 38.37531 ], [ -79.2389, 38.46012 ], [ -79.23295, 38.48339 ], [ -79.29957, 38.4917 ] ] ], [ [ [ -78.48258, 38.45962 ], [ -78.54909, 38.46829 ], [ -78.55528, 38.44505 ], [ -78.52203, 38.44072 ], [ -78.52823, 38.41748 ], [ -78.495, 38.41314 ], [ -78.48258, 38.45962 ] ] ], [ [ [ -78.37661, 38.46979 ], [ -78.34337, 38.46541 ], [ -78.3371, 38.48865 ], [ -78.37036, 38.49302 ], [ -78.37661, 38.46979 ] ] ], [ [ [ -79.03636, 38.57881 ], [ -79.04841, 38.53229 ], [ -79.01509, 38.52808 ], [ -79.00906, 38.55134 ], [ -78.97573, 38.54712 ], [ -78.95756, 38.61689 ], [ -78.99092, 38.62111 ], [ -79.00302, 38.5746 ], [ -79.03636, 38.57881 ] ] ], [ [ [ -78.34529, 38.58595 ], [ -78.3057, 38.60479 ], [ -78.2742, 38.72092 ], [ -78.30756, 38.7253 ], [ -78.30126, 38.74853 ], [ -78.33464, 38.75291 ], [ -78.34722, 38.70646 ], [ -78.38059, 38.71083 ], [ -78.39313, 38.66438 ], [ -78.32645, 38.65563 ], [ -78.34529, 38.58595 ] ] ], [ [ [ -79.28077, 38.96947 ], [ -79.24721, 38.96532 ], [ -79.20517, 39.1281 ], [ -79.28443, 39.0899 ], [ -79.27479, 38.99273 ], [ -79.28077, 38.96947 ] ] ], [ [ [ -78.54817, 39.11719 ], [ -78.52312, 39.21007 ], [ -78.66391, 39.20409 ], [ -78.6789, 39.27806 ], [ -78.74626, 39.28662 ], [ -78.75246, 39.2634 ], [ -78.71879, 39.25912 ], [ -78.69133, 39.23161 ], [ -78.73119, 39.21267 ], [ -78.75595, 39.11975 ], [ -78.82315, 39.12828 ], [ -78.84775, 39.03534 ], [ -78.83262, 38.96137 ], [ -78.92411, 38.87688 ], [ -78.99109, 38.88533 ], [ -78.99716, 38.86208 ], [ -79.07622, 38.82399 ], [ -79.08226, 38.80074 ], [ -79.04881, 38.79654 ], [ -79.06089, 38.75003 ], [ -78.96062, 38.73739 ], [ -78.84816, 38.77117 ], [ -78.81753, 38.88739 ], [ -78.73824, 38.92533 ], [ -78.71972, 38.99503 ], [ -78.61292, 39.00538 ], [ -78.60669, 39.0286 ], [ -78.64895, 39.13012 ], [ -78.54817, 39.11719 ] ] ], [ [ [ -78.54586, 38.99674 ], [ -78.51234, 38.99241 ], [ -78.48101, 39.10852 ], [ -78.54817, 39.11719 ], [ -78.52711, 39.06641 ], [ -78.54586, 38.99674 ] ] ], [ [ [ -79.20517, 39.1281 ], [ -79.15946, 39.17043 ], [ -79.19311, 39.1746 ], [ -79.20517, 39.1281 ] ] ], [ [ [ -79.12581, 39.16625 ], [ -79.11369, 39.21274 ], [ -79.15946, 39.17043 ], [ -79.12581, 39.16625 ] ] ], [ [ [ -79.09549, 39.28247 ], [ -79.06179, 39.27828 ], [ -79.0007, 39.51063 ], [ -78.96689, 39.50642 ], [ -78.96074, 39.52965 ], [ -79.06835, 39.51904 ], [ -79.09883, 39.40286 ], [ -79.06506, 39.39867 ], [ -79.09549, 39.28247 ] ] ], [ [ [ -75.01348, 40.76609 ], [ -74.94512, 40.75572 ], [ -75.00579, 40.78909 ], [ -75.01348, 40.76609 ] ] ], [ [ [ -75.00579, 40.78909 ], [ -74.98266, 40.8581 ], [ -74.82244, 40.90627 ], [ -74.77565, 41.04419 ], [ -74.85209, 41.03166 ], [ -74.98941, 41.05245 ], [ -75.06582, 41.0398 ], [ -75.16887, 41.05525 ], [ -75.24524, 41.0425 ], [ -75.26815, 40.97346 ], [ -75.16521, 40.95808 ], [ -75.19582, 40.86604 ], [ -75.24533, 40.82514 ], [ -75.27957, 40.83026 ], [ -75.29477, 40.78422 ], [ -75.26056, 40.77911 ], [ -75.11608, 40.78158 ], [ -75.10841, 40.80459 ], [ -75.00579, 40.78909 ] ] ], [ [ [ -72.76055, 42.08136 ], [ -72.69114, 42.06991 ], [ -72.68243, 42.09275 ], [ -72.61302, 42.08127 ], [ -72.60428, 42.10411 ], [ -72.63025, 42.13271 ], [ -72.74317, 42.12706 ], [ -72.76055, 42.08136 ] ] ], [ [ [ -72.55239, 42.0469 ], [ -72.44839, 42.02956 ], [ -72.4396, 42.0524 ], [ -72.44788, 42.12669 ], [ -72.51732, 42.13826 ], [ -72.50853, 42.1611 ], [ -72.54327, 42.16687 ], [ -72.56081, 42.12119 ], [ -72.52609, 42.11542 ], [ -72.55239, 42.0469 ] ] ] ] } },
{ "type": "Feature", "properties": { "ID": 23 }, "geometry": { "type": "MultiPolygon", "coordinates": [ [ [ [ -84.24797, 34.15946 ], [ -84.24011, 34.20678 ], [ -84.39787, 34.22143 ], [ -84.4449, 34.12968 ], [ -84.5433, 34.11467 ], [ -84.55477, 34.04365 ], [ -84.62535, 34.00202 ], [ -84.60907, 33.90444 ], [ -84.62802, 33.78599 ], [ -84.53771, 33.7537 ], [ -84.55673, 33.63522 ], [ -84.50175, 33.58206 ], [ -84.37664, 33.57044 ], [ -84.32989, 33.66229 ], [ -84.25948, 33.70379 ], [ -84.19684, 33.69788 ], [ -84.11051, 33.834 ], [ -84.16145, 33.91098 ], [ -84.22428, 33.9169 ], [ -84.18493, 34.15355 ], [ -84.24797, 34.15946 ] ] ], [ [ [ -84.08639, 34.16828 ], [ -83.96032, 34.15626 ], [ -83.94421, 34.25085 ], [ -84.03888, 34.25989 ], [ -84.08639, 34.16828 ] ] ], [ [ [ -76.43987, 38.94894 ], [ -76.53994, 38.96343 ], [ -76.59976, 38.99617 ], [ -76.58589, 39.04243 ], [ -76.63888, 39.09829 ], [ -76.61113, 39.1908 ], [ -76.7244, 39.27932 ], [ -76.73029, 39.3766 ], [ -76.79058, 39.40925 ], [ -76.81039, 39.46025 ], [ -76.79657, 39.50651 ], [ -76.83024, 39.51126 ], [ -76.85093, 39.44187 ], [ -76.8173, 39.43713 ], [ -76.93388, 39.04377 ], [ -76.86702, 39.03432 ], [ -76.81389, 38.97855 ], [ -76.83443, 38.90911 ], [ -76.88143, 38.86756 ], [ -76.98148, 38.88172 ], [ -76.99504, 38.83541 ], [ -77.12169, 38.87733 ], [ -77.0279, 38.96059 ], [ -76.99451, 38.95589 ], [ -76.98092, 39.00219 ], [ -76.9407, 39.02063 ], [ -76.97412, 39.02534 ], [ -76.96732, 39.04849 ], [ -77.00076, 39.0532 ], [ -77.07444, 39.03943 ], [ -77.16827, 38.95615 ], [ -77.19514, 38.86349 ], [ -77.23519, 38.84498 ], [ -77.26859, 38.72913 ], [ -77.23529, 38.72448 ], [ -77.24196, 38.70131 ], [ -77.20868, 38.69666 ], [ -77.18879, 38.64566 ], [ -77.20883, 38.57614 ], [ -77.25536, 38.53443 ], [ -77.22216, 38.52978 ], [ -77.02354, 38.38117 ], [ -77.03697, 38.33482 ], [ -76.97753, 38.30224 ], [ -76.9249, 38.24645 ], [ -76.83258, 38.20906 ], [ -76.72677, 38.21794 ], [ -76.59479, 38.19878 ], [ -76.64144, 38.15726 ], [ -76.77336, 38.17638 ], [ -76.78692, 38.13004 ], [ -76.76752, 38.07894 ], [ -76.6097, 38.03184 ], [ -76.64377, 37.91601 ], [ -76.61092, 37.9112 ], [ -76.62454, 37.86486 ], [ -76.65737, 37.86966 ], [ -76.67094, 37.82332 ], [ -76.70375, 37.8281 ], [ -76.72405, 37.75857 ], [ -76.69127, 37.75378 ], [ -76.72506, 37.63788 ], [ -76.69234, 37.63309 ], [ -76.74625, 37.44758 ], [ -76.77888, 37.45236 ], [ -76.87088, 37.36908 ], [ -76.91745, 37.20663 ], [ -76.97645, 37.1185 ], [ -76.91811, 37.08582 ], [ -76.8989, 37.03464 ], [ -76.93198, 36.91854 ], [ -76.88707, 36.83938 ], [ -76.82238, 36.82987 ], [ -76.84226, 36.7602 ], [ -76.77765, 36.75066 ], [ -76.80418, 36.65776 ], [ -76.73303, 36.67143 ], [ -76.76621, 36.55529 ], [ -76.73401, 36.5505 ], [ -76.79355, 36.34137 ], [ -76.73596, 36.30857 ], [ -76.76896, 36.19235 ], [ -76.75671, 36.11781 ], [ -76.69272, 36.10823 ], [ -76.71252, 36.03847 ], [ -76.64861, 36.02886 ], [ -76.56605, 35.96789 ], [ -76.59256, 35.87489 ], [ -76.52882, 35.86522 ], [ -76.57518, 35.70242 ], [ -76.60698, 35.70725 ], [ -76.63992, 35.59092 ], [ -76.67823, 35.57246 ], [ -76.837, 35.59641 ], [ -76.86301, 35.50328 ], [ -76.9394, 35.46621 ], [ -76.9969, 35.37777 ], [ -77.04184, 35.21464 ], [ -76.96578, 35.25179 ], [ -76.87095, 35.23752 ], [ -76.8199, 35.30264 ], [ -76.75665, 35.29307 ], [ -76.71298, 35.21359 ], [ -76.70096, 35.1389 ], [ -76.63787, 35.12927 ], [ -76.59324, 35.17102 ], [ -76.57356, 35.24088 ], [ -76.52882, 35.2826 ], [ -76.54727, 35.33401 ], [ -76.50245, 35.37571 ], [ -76.48924, 35.42226 ], [ -76.36263, 35.40276 ], [ -76.31766, 35.44439 ], [ -76.29094, 35.53743 ], [ -76.23242, 35.62552 ], [ -76.2959, 35.63534 ], [ -76.2758, 35.70509 ], [ -76.2422, 35.8213 ], [ -76.30586, 35.83112 ], [ -76.31086, 35.92897 ], [ -76.36123, 35.98523 ], [ -76.42506, 35.99498 ], [ -76.33436, 36.07816 ], [ -76.38486, 36.13439 ], [ -76.3175, 36.36664 ], [ -76.33608, 36.41796 ], [ -76.43243, 36.43258 ], [ -76.51542, 36.49358 ], [ -76.48184, 36.60967 ], [ -76.54627, 36.61935 ], [ -76.52613, 36.689 ], [ -76.54496, 36.74026 ], [ -76.60282, 36.77312 ], [ -76.58941, 36.81955 ], [ -76.64066, 36.8756 ], [ -76.62055, 36.94522 ], [ -76.68531, 36.95483 ], [ -76.6518, 37.07087 ], [ -76.68424, 37.07567 ], [ -76.65066, 37.19168 ], [ -76.66972, 37.24287 ], [ -76.62372, 37.28446 ], [ -76.55187, 37.29802 ], [ -76.41335, 37.4226 ], [ -76.36542, 37.58481 ], [ -76.31899, 37.62627 ], [ -76.33792, 37.67747 ], [ -76.25177, 37.73718 ], [ -76.19626, 37.9224 ], [ -76.25497, 37.95535 ], [ -76.35352, 37.96999 ], [ -76.37948, 37.99801 ], [ -76.47812, 38.01256 ], [ -76.49041, 38.08687 ], [ -76.35875, 38.06746 ], [ -76.31716, 38.20635 ], [ -76.38311, 38.21608 ], [ -76.35538, 38.30866 ], [ -76.36064, 38.40608 ], [ -76.42679, 38.41579 ], [ -76.4391, 38.49006 ], [ -76.50535, 38.49973 ], [ -76.51777, 38.57398 ], [ -76.48313, 38.68967 ], [ -76.51636, 38.6945 ], [ -76.43987, 38.94894 ] ], [ [ -76.55662, 35.65106 ], [ -76.45468, 35.65976 ], [ -76.36607, 35.62188 ], [ -76.3794, 35.57537 ], [ -76.50634, 35.59484 ], [ -76.55662, 35.65106 ] ] ], [ [ [ -75.70875, 37.94541 ], [ -75.64735, 38.03284 ], [ -75.57451, 38.04586 ], [ -75.53851, 38.16139 ], [ -75.50563, 38.15632 ], [ -75.39672, 38.50273 ], [ -75.40059, 38.60016 ], [ -75.43369, 38.60525 ], [ -75.39714, 38.72065 ], [ -75.40102, 38.81805 ], [ -75.43423, 38.82314 ], [ -75.39756, 38.93851 ], [ -75.40535, 39.13324 ], [ -75.4721, 39.1434 ], [ -75.45005, 39.2126 ], [ -75.51688, 39.22275 ], [ -75.49485, 39.29195 ], [ -75.56177, 39.30207 ], [ -75.53976, 39.37127 ], [ -75.63297, 39.40947 ], [ -75.611, 39.47868 ], [ -75.66049, 39.65523 ], [ -75.79515, 39.67527 ], [ -75.87501, 39.42143 ], [ -75.923, 39.38023 ], [ -75.99726, 39.36705 ], [ -76.0617, 39.1592 ], [ -76.02827, 39.15427 ], [ -76.14906, 38.76145 ], [ -76.18431, 38.64586 ], [ -76.29088, 38.63741 ], [ -76.35198, 38.54976 ], [ -76.33279, 38.49863 ], [ -76.34673, 38.45236 ], [ -76.28753, 38.41947 ], [ -76.30844, 38.35006 ], [ -76.28934, 38.29891 ], [ -76.19032, 38.28423 ], [ -76.17832, 38.20992 ], [ -76.11241, 38.20008 ], [ -76.14044, 38.10754 ], [ -76.11453, 38.07948 ], [ -76.01588, 38.06467 ], [ -75.91019, 38.07291 ], [ -75.93139, 38.00352 ], [ -75.91268, 37.95229 ], [ -75.83997, 37.96545 ], [ -75.82134, 37.91419 ], [ -75.77435, 37.95544 ], [ -75.70875, 37.94541 ] ] ], [ [ [ -74.79788, 39.59608 ], [ -74.89097, 39.63478 ], [ -74.90175, 39.70906 ], [ -74.96142, 39.74248 ], [ -74.9723, 39.81675 ], [ -74.94187, 39.90883 ], [ -74.94514, 40.0061 ], [ -75.09896, 40.07803 ], [ -75.06858, 40.17012 ], [ -75.13635, 40.18044 ], [ -75.14393, 40.15741 ], [ -75.24558, 40.17282 ], [ -75.26066, 40.12676 ], [ -75.15907, 40.11136 ], [ -75.21189, 39.95016 ], [ -75.1519, 39.91685 ], [ -75.16698, 39.87079 ], [ -75.10709, 39.83745 ], [ -75.14478, 39.72229 ], [ -75.07749, 39.71197 ], [ -75.12268, 39.57377 ], [ -75.20844, 39.63528 ], [ -75.26821, 39.45093 ], [ -75.24215, 39.42275 ], [ -75.14166, 39.40733 ], [ -75.06719, 39.42004 ], [ -75.00776, 39.38665 ], [ -74.90738, 39.37105 ], [ -74.86188, 39.50922 ], [ -74.81313, 39.55004 ], [ -74.74608, 39.53956 ], [ -74.73078, 39.58559 ], [ -74.79788, 39.59608 ] ] ], [ [ [ -74.2865, 40.58128 ], [ -74.25247, 40.57592 ], [ -74.23657, 40.62185 ], [ -74.27062, 40.62721 ], [ -74.25472, 40.67314 ], [ -74.2888, 40.6785 ], [ -74.31261, 40.6096 ], [ -74.27856, 40.60425 ], [ -74.2865, 40.58128 ] ] ], [ [ [ -74.16684, 40.92568 ], [ -74.09845, 40.9149 ], [ -74.08235, 40.9608 ], [ -74.15079, 40.97159 ], [ -74.16684, 40.92568 ] ] ] ] } },
{ "type": "Feature", "properties": { "ID": 24 }, "geometry": { "type": "MultiPolygon", "coordinates": [ [ [ [ -94.62729, 39.46198 ], [ -94.59397, 39.41441 ], [ -94.59549, 39.34358 ], [ -94.52694, 39.34286 ], [ -94.4595, 39.29489 ], [ -94.42411, 39.34173 ], [ -94.4224, 39.41256 ], [ -94.28516, 39.41091 ], [ -94.21718, 39.38644 ], [ -94.08277, 39.29015 ], [ -94.0793, 39.4082 ], [ -94.11361, 39.40867 ], [ -94.10882, 39.57391 ], [ -94.24385, 39.67013 ], [ -94.3472, 39.67141 ], [ -94.384, 39.5774 ], [ -94.45392, 39.53098 ], [ -94.55704, 39.5321 ], [ -94.62729, 39.46198 ] ] ], [ [ [ -94.24066, 39.78813 ], [ -94.16897, 39.88162 ], [ -94.23809, 39.88252 ], [ -94.24066, 39.78813 ] ] ], [ [ [ -93.68435, 39.89799 ], [ -93.68182, 39.96876 ], [ -93.71391, 40.0401 ], [ -93.7832, 40.04122 ], [ -93.78643, 39.94686 ], [ -93.68435, 39.89799 ] ] ], [ [ [ -86.85009, 40.20749 ], [ -86.83668, 40.30141 ], [ -86.76743, 40.29684 ], [ -86.72601, 40.3415 ], [ -86.69531, 40.55275 ], [ -86.65023, 40.62084 ], [ -86.82424, 40.63234 ], [ -86.90056, 40.58994 ], [ -86.94868, 40.49829 ], [ -87.08766, 40.50721 ], [ -87.0942, 40.46025 ], [ -87.23312, 40.46903 ], [ -87.34051, 40.45204 ], [ -87.34687, 40.40507 ], [ -87.42258, 40.36237 ], [ -87.7001, 40.37914 ], [ -87.78157, 40.28925 ], [ -87.82821, 40.19728 ], [ -88.00127, 40.20733 ], [ -87.99541, 40.25434 ], [ -88.09934, 40.26027 ], [ -88.16577, 40.28769 ], [ -88.1801, 40.17014 ], [ -88.2811, 40.19945 ], [ -88.45423, 40.20893 ], [ -88.4487, 40.25596 ], [ -88.51527, 40.28322 ], [ -88.8621, 40.30139 ], [ -88.8994, 40.27964 ], [ -89.10753, 40.29008 ], [ -89.15226, 40.19767 ], [ -89.28102, 40.29854 ], [ -89.38513, 40.30351 ], [ -89.45215, 40.33031 ], [ -89.55633, 40.33516 ], [ -89.584, 40.40736 ], [ -89.56509, 40.5956 ], [ -89.53022, 40.594 ], [ -89.51109, 40.7822 ], [ -89.61602, 40.787 ], [ -89.73716, 40.62702 ], [ -89.74177, 40.57996 ], [ -89.98588, 40.59064 ], [ -89.99031, 40.54356 ], [ -90.12973, 40.54947 ], [ -90.17317, 40.45677 ], [ -90.27761, 40.46107 ], [ -90.2734, 40.50816 ], [ -90.37999, 40.48885 ], [ -90.48449, 40.493 ], [ -90.5153, 40.54146 ], [ -90.61989, 40.54551 ], [ -90.62385, 40.49842 ], [ -90.86778, 40.50756 ], [ -90.96308, 40.6291 ], [ -91.03292, 40.63159 ], [ -90.95004, 40.79393 ], [ -90.94069, 40.91165 ], [ -91.081, 40.91661 ], [ -91.15475, 40.87194 ], [ -91.15834, 40.82485 ], [ -91.26344, 40.82842 ], [ -91.26694, 40.78133 ], [ -91.40699, 40.78596 ], [ -91.41208, 40.71531 ], [ -91.55199, 40.7198 ], [ -91.62518, 40.67489 ], [ -91.65533, 40.74664 ], [ -91.72533, 40.74878 ], [ -91.719, 40.843 ], [ -91.78911, 40.84511 ], [ -91.7813, 40.96287 ], [ -91.85154, 40.96495 ], [ -91.84692, 41.03561 ], [ -91.87903, 41.08374 ], [ -91.98459, 41.08677 ], [ -91.98757, 41.03967 ], [ -92.19858, 41.04549 ], [ -92.2014, 40.99838 ], [ -92.37713, 41.003 ], [ -92.4448, 41.0519 ], [ -92.4527, 40.91055 ], [ -92.52676, 40.84161 ], [ -92.53189, 40.74736 ], [ -92.56944, 40.70109 ], [ -92.84936, 40.70764 ], [ -92.92502, 40.59134 ], [ -92.9971, 40.54571 ], [ -93.13673, 40.54863 ], [ -93.20861, 40.50289 ], [ -93.21067, 40.45574 ], [ -93.48957, 40.46101 ], [ -93.5575, 40.5094 ], [ -93.553, 40.62727 ], [ -93.62116, 40.67562 ], [ -93.69453, 40.58249 ], [ -93.83427, 40.58471 ], [ -93.83587, 40.53756 ], [ -93.97552, 40.53964 ], [ -93.97402, 40.5868 ], [ -94.07884, 40.58827 ], [ -94.15009, 40.54205 ], [ -94.28975, 40.54382 ], [ -94.36261, 40.42675 ], [ -94.46717, 40.42793 ], [ -94.50313, 40.38114 ], [ -94.50532, 40.2868 ], [ -94.47167, 40.23925 ], [ -94.33021, 40.33201 ], [ -94.36801, 40.21449 ], [ -94.47223, 40.21566 ], [ -94.47334, 40.16849 ], [ -94.57749, 40.16959 ], [ -94.44091, 40.07374 ], [ -94.408, 40.00257 ], [ -94.33875, 40.00176 ], [ -94.33692, 40.07254 ], [ -94.30102, 40.1193 ], [ -94.19696, 40.11799 ], [ -94.19564, 40.16517 ], [ -93.98738, 40.16232 ], [ -93.98885, 40.11515 ], [ -93.8848, 40.11361 ], [ -93.77995, 40.13558 ], [ -93.77425, 40.30067 ], [ -93.70637, 40.25238 ], [ -93.56736, 40.25002 ], [ -93.50243, 40.13088 ], [ -93.50608, 40.03654 ], [ -93.47422, 39.96515 ], [ -93.40502, 39.96387 ], [ -93.34068, 39.84462 ], [ -93.34455, 39.75025 ], [ -93.45171, 39.65781 ], [ -93.58945, 39.66028 ], [ -93.62562, 39.61368 ], [ -93.62992, 39.49567 ], [ -93.59731, 39.44787 ], [ -93.49343, 39.46964 ], [ -93.48888, 39.58764 ], [ -93.45449, 39.58702 ], [ -93.38948, 39.49133 ], [ -93.39232, 39.42053 ], [ -93.36183, 39.32546 ], [ -93.29332, 39.32412 ], [ -93.29625, 39.25331 ], [ -93.19359, 39.25125 ], [ -93.19156, 39.29846 ], [ -93.0546, 39.29559 ], [ -93.05885, 39.20117 ], [ -93.19562, 39.20403 ], [ -93.19764, 39.15681 ], [ -93.13034, 39.13179 ], [ -93.13241, 39.08457 ], [ -93.03002, 39.08239 ], [ -93.03216, 39.03517 ], [ -92.79346, 39.02978 ], [ -92.75703, 39.0762 ], [ -92.55232, 39.0712 ], [ -92.55604, 39.00037 ], [ -92.24936, 38.99231 ], [ -92.28744, 38.92241 ], [ -92.29276, 38.82797 ], [ -92.3307, 38.75805 ], [ -92.09307, 38.75144 ], [ -92.09027, 38.79867 ], [ -91.98837, 38.79571 ], [ -91.98549, 38.84292 ], [ -91.91604, 38.86451 ], [ -91.91017, 38.95894 ], [ -91.76638, 39.0728 ], [ -91.76028, 39.16718 ], [ -91.65155, 39.25835 ], [ -91.54895, 39.25506 ], [ -91.54574, 39.30224 ], [ -91.16938, 39.28953 ], [ -91.17286, 39.24236 ], [ -91.07032, 39.23871 ], [ -91.00376, 39.21265 ], [ -90.96051, 39.32932 ], [ -90.99112, 39.37773 ], [ -91.05962, 39.38021 ], [ -91.05067, 39.49811 ], [ -90.94773, 39.49437 ], [ -90.91894, 39.42238 ], [ -90.81613, 39.41855 ], [ -90.78564, 39.3701 ], [ -90.79129, 39.29936 ], [ -90.76086, 39.2509 ], [ -90.69251, 39.24827 ], [ -90.70207, 39.13037 ], [ -90.66795, 39.12904 ], [ -90.68328, 38.94035 ], [ -90.61718, 38.9141 ], [ -90.62104, 38.86692 ], [ -90.51911, 38.86286 ], [ -90.45316, 38.83652 ], [ -90.38525, 38.83374 ], [ -90.37516, 38.95167 ], [ -90.54526, 38.95857 ], [ -90.50334, 39.05155 ], [ -90.26488, 39.04176 ], [ -90.19258, 39.08604 ], [ -90.15008, 39.17889 ], [ -90.08182, 39.17596 ], [ -90.04125, 39.2452 ], [ -89.87046, 39.23768 ], [ -89.80439, 39.21104 ], [ -89.80886, 39.1639 ], [ -89.70652, 39.15924 ], [ -89.72462, 38.97068 ], [ -89.6566, 38.96753 ], [ -89.6657, 38.87324 ], [ -89.63631, 38.8245 ], [ -89.50291, 38.79452 ], [ -89.47601, 38.72217 ], [ -89.37439, 38.71725 ], [ -89.30425, 38.73751 ], [ -89.26072, 38.83013 ], [ -89.15894, 38.82505 ], [ -89.17851, 38.63648 ], [ -88.94177, 38.62438 ], [ -88.95938, 38.45936 ], [ -88.89192, 38.45583 ], [ -88.87414, 38.62084 ], [ -88.79623, 38.71155 ], [ -88.69468, 38.70613 ], [ -88.6217, 38.74959 ], [ -88.61642, 38.79671 ], [ -88.31146, 38.77982 ], [ -88.21263, 38.75049 ], [ -88.20426, 38.82115 ], [ -88.23258, 38.87018 ], [ -88.33435, 38.87595 ], [ -88.36006, 38.9485 ], [ -88.46196, 38.95417 ], [ -88.45654, 39.00127 ], [ -88.55853, 39.00687 ], [ -88.62389, 39.03411 ], [ -88.61858, 39.08121 ], [ -88.68403, 39.10842 ], [ -88.67876, 39.15552 ], [ -88.74169, 39.20625 ], [ -88.76798, 39.2787 ], [ -88.72333, 39.37107 ], [ -88.69958, 39.58294 ], [ -88.63632, 39.53222 ], [ -88.64165, 39.48514 ], [ -88.57584, 39.45792 ], [ -88.547, 39.40899 ], [ -88.55776, 39.31483 ], [ -88.46073, 39.26215 ], [ -88.22187, 39.24881 ], [ -88.16213, 39.17431 ], [ -87.95771, 39.16246 ], [ -87.92656, 39.13692 ], [ -87.75634, 39.12676 ], [ -87.67328, 39.24028 ], [ -87.66125, 39.33438 ], [ -87.62106, 39.37935 ], [ -87.47209, 39.46501 ], [ -87.4099, 39.41372 ], [ -87.27321, 39.40511 ], [ -87.28895, 39.28754 ], [ -87.18982, 39.25748 ], [ -87.16847, 39.16122 ], [ -87.20016, 38.92601 ], [ -87.23408, 38.9282 ], [ -87.25291, 38.78703 ], [ -87.22535, 38.73778 ], [ -87.16087, 38.70987 ], [ -87.14821, 38.80399 ], [ -87.13233, 38.92161 ], [ -87.08883, 38.98997 ], [ -87.01449, 39.03255 ], [ -86.99183, 39.19716 ], [ -87.05994, 39.20162 ], [ -87.04057, 39.34269 ], [ -87.20806, 39.37724 ], [ -87.19215, 39.49479 ], [ -87.26058, 39.49915 ], [ -87.23838, 39.6637 ], [ -87.30699, 39.66804 ], [ -87.29118, 39.78556 ], [ -87.35049, 39.86038 ], [ -87.33788, 39.95438 ], [ -87.3974, 40.02917 ], [ -87.50091, 40.03555 ], [ -87.48849, 40.12954 ], [ -87.38482, 40.12316 ], [ -87.30937, 40.16585 ], [ -87.26201, 40.25765 ], [ -87.15816, 40.2511 ], [ -87.13005, 40.20192 ], [ -87.13977, 40.13145 ], [ -87.0016, 40.12258 ], [ -86.9259, 40.16506 ], [ -86.91926, 40.21202 ], [ -86.85009, 40.20749 ] ], [ [ -90.13771, 39.69881 ], [ -90.12918, 39.79305 ], [ -90.09043, 39.83869 ], [ -89.91807, 39.83123 ], [ -90.0023, 39.66935 ], [ -90.13771, 39.69881 ] ], [ [ -87.52874, 39.82401 ], [ -87.48815, 39.86891 ], [ -87.41932, 39.86466 ], [ -87.43491, 39.74714 ], [ -87.50362, 39.75138 ], [ -87.52874, 39.82401 ] ], [ [ -91.11358, 40.49273 ], [ -91.25299, 40.49752 ], [ -91.21461, 40.54345 ], [ -91.17618, 40.58936 ], [ -91.07148, 40.58572 ], [ -91.11358, 40.49273 ] ] ], [ [ [ -87.06689, 39.6527 ], [ -86.96731, 39.6225 ], [ -86.9509, 39.73999 ], [ -87.05391, 39.7467 ], [ -87.06689, 39.6527 ] ] ], [ [ [ -86.714, 39.70054 ], [ -86.70049, 39.7945 ], [ -86.73148, 39.82029 ], [ -86.83459, 39.82717 ], [ -86.90996, 39.78472 ], [ -86.91987, 39.71424 ], [ -86.7483, 39.70284 ], [ -86.75166, 39.67935 ], [ -86.68308, 39.67474 ], [ -86.6797, 39.69823 ], [ -86.714, 39.70054 ] ] ], [ [ [ -85.90003, 39.80949 ], [ -85.96505, 39.83796 ], [ -85.91971, 39.90586 ], [ -85.90501, 39.99972 ], [ -86.10804, 40.03808 ], [ -86.11526, 39.99114 ], [ -86.25302, 40.0009 ], [ -86.33602, 39.91183 ], [ -86.34305, 39.86487 ], [ -86.37743, 39.86727 ], [ -86.38093, 39.84379 ], [ -86.4153, 39.84618 ], [ -86.42227, 39.79921 ], [ -86.49787, 39.75699 ], [ -86.51166, 39.66305 ], [ -86.40884, 39.65594 ], [ -86.34381, 39.62767 ], [ -86.24107, 39.62043 ], [ -86.17614, 39.59208 ], [ -86.18326, 39.54512 ], [ -86.08066, 39.53776 ], [ -86.07347, 39.58471 ], [ -85.99779, 39.62671 ], [ -85.98327, 39.72061 ], [ -85.91104, 39.73908 ], [ -85.90003, 39.80949 ] ] ], [ [ [ -84.05845, 39.80505 ], [ -84.1826, 39.88709 ], [ -84.19977, 39.79342 ], [ -84.1784, 39.72023 ], [ -84.07577, 39.71138 ], [ -84.05845, 39.80505 ] ] ], [ [ [ -89.00996, 40.54538 ], [ -89.01767, 40.47482 ], [ -88.95068, 40.44781 ], [ -88.9403, 40.54189 ], [ -89.00996, 40.54538 ] ] ] ] } },
{ "type": "Feature", "properties": { "ID": 25 }, "geometry": { "type": "MultiPolygon", "coordinates": [ [ [ [ -86.9259, 40.16506 ], [ -87.0016, 40.12258 ], [ -87.13977, 40.13145 ], [ -87.13005, 40.20192 ], [ -87.15816, 40.2511 ], [ -87.26201, 40.25765 ], [ -87.30937, 40.16585 ], [ -87.38482, 40.12316 ], [ -87.48849, 40.12954 ], [ -87.50091, 40.03555 ], [ -87.3974, 40.02917 ], [ -87.33788, 39.95438 ], [ -87.35049, 39.86038 ], [ -87.29118, 39.78556 ], [ -87.30699, 39.66804 ], [ -87.23838, 39.6637 ], [ -87.26058, 39.49915 ], [ -87.19215, 39.49479 ], [ -87.20806, 39.37724 ], [ -87.04057, 39.34269 ], [ -87.05994, 39.20162 ], [ -86.99183, 39.19716 ], [ -86.99508, 39.17364 ], [ -86.85894, 39.16462 ], [ -86.87537, 39.04706 ], [ -86.77348, 39.04021 ], [ -86.79003, 38.92264 ], [ -86.74949, 38.96737 ], [ -86.61382, 38.9581 ], [ -86.60708, 39.00512 ], [ -86.5256, 39.09445 ], [ -86.45764, 39.08972 ], [ -86.43055, 39.04033 ], [ -86.33913, 38.96265 ], [ -86.34606, 38.91564 ], [ -86.24443, 38.9084 ], [ -86.16964, 38.95053 ], [ -86.0054, 39.12862 ], [ -85.90348, 39.12112 ], [ -85.82823, 39.16305 ], [ -85.77497, 39.06404 ], [ -85.7145, 39.01197 ], [ -85.61279, 39.00426 ], [ -85.62768, 38.91032 ], [ -85.59756, 38.88425 ], [ -85.49606, 38.87645 ], [ -85.50359, 38.82948 ], [ -85.40218, 38.82161 ], [ -85.33078, 38.8398 ], [ -85.32313, 38.88676 ], [ -85.18397, 38.89955 ], [ -85.16844, 38.99344 ], [ -85.04324, 39.12611 ], [ -85.0093, 39.12338 ], [ -84.9895, 39.24068 ], [ -85.0575, 39.24614 ], [ -85.07576, 39.34269 ], [ -85.17402, 39.37426 ], [ -85.15837, 39.46809 ], [ -85.22662, 39.47346 ], [ -85.21492, 39.54384 ], [ -85.29101, 39.50226 ], [ -85.29875, 39.45534 ], [ -85.43525, 39.46591 ], [ -85.48451, 39.58847 ], [ -85.58335, 39.61973 ], [ -85.56822, 39.71358 ], [ -85.67104, 39.72132 ], [ -85.70158, 39.74735 ], [ -85.90737, 39.76255 ], [ -85.91104, 39.73908 ], [ -85.98327, 39.72061 ], [ -85.99779, 39.62671 ], [ -86.07347, 39.58471 ], [ -86.08066, 39.53776 ], [ -86.18326, 39.54512 ], [ -86.17614, 39.59208 ], [ -86.24107, 39.62043 ], [ -86.34381, 39.62767 ], [ -86.40884, 39.65594 ], [ -86.54594, 39.6654 ], [ -86.53908, 39.71238 ], [ -86.6454, 39.69591 ], [ -86.6797, 39.69823 ], [ -86.68308, 39.67474 ], [ -86.75166, 39.67935 ], [ -86.7483, 39.70284 ], [ -86.91987, 39.71424 ], [ -86.90996, 39.78472 ], [ -86.83459, 39.82717 ], [ -86.80022, 39.82488 ], [ -86.77337, 40.01278 ], [ -86.80785, 40.01507 ], [ -86.79105, 40.13249 ], [ -86.93253, 40.11809 ], [ -86.9259, 40.16506 ] ], [ [ -87.06689, 39.6527 ], [ -87.05391, 39.7467 ], [ -86.9509, 39.73999 ], [ -86.96731, 39.6225 ], [ -87.06689, 39.6527 ] ] ], [ [ [ -87.52874, 39.82401 ], [ -87.50362, 39.75138 ], [ -87.43491, 39.74714 ], [ -87.41932, 39.86466 ], [ -87.48815, 39.86891 ], [ -87.52874, 39.82401 ] ] ], [ [ [ -82.65716, 39.84327 ], [ -82.72075, 39.87324 ], [ -82.70142, 39.96671 ], [ -82.76515, 39.99666 ], [ -82.75551, 40.04339 ], [ -82.84408, 40.12331 ], [ -82.86887, 40.1733 ], [ -82.96729, 40.20641 ], [ -83.10497, 40.21927 ], [ -83.24736, 40.20862 ], [ -83.23804, 40.25538 ], [ -83.3023, 40.28507 ], [ -83.37125, 40.29135 ], [ -83.38049, 40.24459 ], [ -83.41494, 40.24772 ], [ -83.42414, 40.20095 ], [ -83.39431, 40.17444 ], [ -83.32549, 40.16817 ], [ -83.30961, 40.07149 ], [ -83.42187, 40.03413 ], [ -83.43103, 39.98735 ], [ -83.49968, 39.99357 ], [ -83.51332, 39.92339 ], [ -83.54761, 39.92649 ], [ -83.55666, 39.8797 ], [ -83.5224, 39.8766 ], [ -83.53146, 39.82981 ], [ -83.56571, 39.8329 ], [ -83.57473, 39.78611 ], [ -83.54052, 39.78302 ], [ -83.55858, 39.68942 ], [ -83.53797, 39.61612 ], [ -83.64037, 39.62536 ], [ -83.63141, 39.67217 ], [ -83.76808, 39.68439 ], [ -83.72055, 39.75157 ], [ -83.7027, 39.84518 ], [ -83.72358, 39.91844 ], [ -83.71016, 39.98864 ], [ -83.73556, 40.03848 ], [ -83.83866, 40.04757 ], [ -83.89069, 39.95697 ], [ -84.02801, 39.96893 ], [ -84.09235, 39.99827 ], [ -84.11372, 40.07145 ], [ -84.18251, 40.07734 ], [ -84.1997, 40.17391 ], [ -84.26861, 40.17975 ], [ -84.29427, 40.03927 ], [ -84.32866, 40.04217 ], [ -84.38372, 39.73769 ], [ -84.45219, 39.74344 ], [ -84.46475, 39.67316 ], [ -84.49895, 39.67602 ], [ -84.51561, 39.58229 ], [ -84.45566, 39.5297 ], [ -84.45149, 39.55313 ], [ -84.31496, 39.54159 ], [ -84.32763, 39.4713 ], [ -84.302, 39.42153 ], [ -84.19983, 39.41277 ], [ -84.22534, 39.27218 ], [ -84.20836, 39.17551 ], [ -84.14903, 39.12276 ], [ -84.17878, 38.95869 ], [ -84.12393, 38.88247 ], [ -83.98886, 38.87059 ], [ -83.95941, 38.84416 ], [ -83.82445, 38.83212 ], [ -83.81573, 38.87899 ], [ -83.64698, 38.86374 ], [ -83.5706, 38.90444 ], [ -83.52344, 38.97161 ], [ -83.45136, 38.98881 ], [ -83.44235, 39.03565 ], [ -83.33636, 39.04966 ], [ -83.32726, 39.09649 ], [ -83.21656, 39.13382 ], [ -83.19355, 39.25084 ], [ -83.15038, 39.29445 ], [ -83.11644, 39.29126 ], [ -83.08387, 39.45502 ], [ -83.11789, 39.45822 ], [ -83.08525, 39.62196 ], [ -83.04176, 39.66552 ], [ -82.8664, 39.67271 ], [ -82.84181, 39.62269 ], [ -82.81316, 39.76295 ], [ -82.70103, 39.79983 ], [ -82.69136, 39.84657 ], [ -82.65716, 39.84327 ] ], [ [ -84.05845, 39.80505 ], [ -84.07577, 39.71138 ], [ -84.1784, 39.72023 ], [ -84.19977, 39.79342 ], [ -84.1826, 39.88709 ], [ -84.05845, 39.80505 ] ] ], [ [ [ -86.37743, 39.86727 ], [ -86.41181, 39.86966 ], [ -86.4153, 39.84618 ], [ -86.38093, 39.84379 ], [ -86.37743, 39.86727 ] ] ], [ [ [ -78.16469, 39.49996 ], [ -78.13093, 39.49554 ], [ -78.11805, 39.54192 ], [ -78.08427, 39.53749 ], [ -78.07135, 39.58387 ], [ -78.15182, 39.54635 ], [ -78.16469, 39.49996 ] ] ], [ [ [ -77.94638, 39.90392 ], [ -77.93328, 39.95027 ], [ -77.90045, 40.06611 ], [ -77.93448, 40.07058 ], [ -77.92134, 40.11691 ], [ -77.9554, 40.12138 ], [ -77.98817, 40.00553 ], [ -78.04826, 39.91729 ], [ -78.12916, 39.87979 ], [ -78.09521, 39.87537 ], [ -78.06776, 39.84775 ], [ -78.09371, 39.75503 ], [ -78.02595, 39.74615 ], [ -78.0116, 39.67216 ], [ -77.91011, 39.65876 ], [ -77.93088, 39.70959 ], [ -77.91127, 39.77912 ], [ -77.97252, 39.81123 ], [ -77.94638, 39.90392 ] ] ], [ [ [ -77.87191, 39.91814 ], [ -77.91898, 39.87628 ], [ -77.88505, 39.8718 ], [ -77.87191, 39.91814 ] ] ], [ [ [ -77.82478, 39.95998 ], [ -77.85875, 39.96448 ], [ -77.87191, 39.91814 ], [ -77.83796, 39.91365 ], [ -77.82478, 39.95998 ] ] ], [ [ [ -77.873, 40.03846 ], [ -77.80497, 40.02947 ], [ -77.75772, 40.07129 ], [ -77.74445, 40.11761 ], [ -77.85982, 40.08479 ], [ -77.873, 40.03846 ] ] ], [ [ [ -77.86858, 40.30221 ], [ -77.82116, 40.34404 ], [ -77.78699, 40.33954 ], [ -77.78034, 40.36269 ], [ -77.88291, 40.37617 ], [ -77.93031, 40.33432 ], [ -77.87519, 40.27905 ], [ -77.86858, 40.30221 ] ] ], [ [ [ -81.42913, 40.79295 ], [ -81.40524, 40.74274 ], [ -81.37062, 40.73912 ], [ -81.35984, 40.78571 ], [ -81.42913, 40.79295 ] ] ], [ [ [ -77.64365, 40.3446 ], [ -77.57533, 40.33551 ], [ -77.60277, 40.3632 ], [ -77.58933, 40.40949 ], [ -77.65773, 40.41858 ], [ -77.67112, 40.37228 ], [ -77.64365, 40.3446 ] ] ], [ [ [ -77.70609, 40.49708 ], [ -77.6376, 40.48801 ], [ -77.59663, 40.50661 ], [ -77.5899, 40.52975 ], [ -77.6927, 40.54337 ], [ -77.70609, 40.49708 ] ] ], [ [ [ -78.01648, 38.90328 ], [ -78.00363, 38.94969 ], [ -77.99076, 38.99609 ], [ -78.02425, 39.00055 ], [ -78.03709, 38.95414 ], [ -78.08337, 38.91218 ], [ -78.01648, 38.90328 ] ] ], [ [ [ -77.59205, 39.54409 ], [ -77.59869, 39.52092 ], [ -77.56496, 39.51636 ], [ -77.5716, 39.4932 ], [ -77.67276, 39.50684 ], [ -77.65225, 39.45596 ], [ -77.54454, 39.46547 ], [ -77.52458, 39.53496 ], [ -77.59205, 39.54409 ] ] ], [ [ [ -77.38335, 39.78049 ], [ -77.42392, 39.76194 ], [ -77.39008, 39.75734 ], [ -77.38335, 39.78049 ] ] ], [ [ [ -76.82251, 40.59406 ], [ -76.884, 40.62662 ], [ -76.82076, 40.83453 ], [ -76.90354, 40.79778 ], [ -76.9595, 40.61295 ], [ -77.00768, 40.57143 ], [ -77.17894, 40.59479 ], [ -77.18583, 40.57167 ], [ -77.25434, 40.58095 ], [ -77.26806, 40.5347 ], [ -77.23383, 40.53007 ], [ -77.25441, 40.46069 ], [ -77.23393, 40.40981 ], [ -77.37065, 40.42829 ], [ -77.35689, 40.35429 ], [ -77.39085, 40.23861 ], [ -77.49314, 40.25238 ], [ -77.55414, 40.16437 ], [ -77.62227, 40.17348 ], [ -77.66969, 40.13171 ], [ -77.69632, 40.03909 ], [ -77.79081, 39.95548 ], [ -77.72288, 39.94646 ], [ -77.64832, 39.96055 ], [ -77.67491, 39.86792 ], [ -77.72207, 39.82612 ], [ -77.66093, 39.7939 ], [ -77.67419, 39.74758 ], [ -77.57931, 39.71078 ], [ -77.59262, 39.66446 ], [ -77.55882, 39.6599 ], [ -77.54549, 39.70622 ], [ -77.51167, 39.70165 ], [ -77.48491, 39.79427 ], [ -77.55265, 39.80341 ], [ -77.49237, 40.01178 ], [ -77.44493, 40.05349 ], [ -77.27501, 40.03044 ], [ -77.32932, 39.96564 ], [ -77.35637, 39.87307 ], [ -77.36987, 39.82678 ], [ -77.336, 39.82217 ], [ -77.32248, 39.86846 ], [ -77.28859, 39.86383 ], [ -77.27503, 39.91012 ], [ -77.11891, 39.96092 ], [ -77.09149, 40.05344 ], [ -76.92169, 40.02996 ], [ -76.84686, 40.04362 ], [ -76.78502, 40.13133 ], [ -76.84604, 40.16393 ], [ -76.94809, 40.17809 ], [ -77.00286, 40.11344 ], [ -77.1729, 40.13682 ], [ -77.30222, 40.1785 ], [ -77.31587, 40.25253 ], [ -77.21362, 40.23863 ], [ -77.15896, 40.30336 ], [ -76.98848, 40.27997 ], [ -76.91337, 40.29367 ], [ -76.89945, 40.33989 ], [ -76.76306, 40.32094 ], [ -76.65377, 40.32974 ], [ -76.70302, 40.16803 ], [ -76.64206, 40.13537 ], [ -76.54015, 40.12098 ], [ -76.56839, 40.02858 ], [ -76.65029, 39.99196 ], [ -76.67132, 39.92263 ], [ -76.77992, 39.91382 ], [ -76.79384, 39.86759 ], [ -76.92928, 39.88651 ], [ -76.97064, 39.74776 ], [ -77.03825, 39.75715 ], [ -76.98495, 39.58113 ], [ -77.01233, 39.48859 ], [ -76.93814, 39.50231 ], [ -76.84404, 39.465 ], [ -76.83024, 39.51126 ], [ -76.79657, 39.50651 ], [ -76.77581, 39.57589 ], [ -76.80951, 39.58064 ], [ -76.76097, 39.74249 ], [ -76.67945, 39.77919 ], [ -76.66547, 39.82541 ], [ -76.63165, 39.82063 ], [ -76.61061, 39.88996 ], [ -76.58952, 39.95927 ], [ -76.48789, 39.94484 ], [ -76.45957, 40.03723 ], [ -76.35072, 40.0458 ], [ -76.25424, 40.12841 ], [ -76.23988, 40.17458 ], [ -76.13799, 40.15989 ], [ -76.10907, 40.25219 ], [ -76.17708, 40.262 ], [ -76.28633, 40.25357 ], [ -76.25757, 40.34589 ], [ -76.12861, 40.30325 ], [ -75.75458, 40.24875 ], [ -75.69404, 40.21568 ], [ -75.68226, 40.14151 ], [ -75.61444, 40.13146 ], [ -75.62924, 40.08536 ], [ -75.5202, 40.09327 ], [ -75.38475, 40.07298 ], [ -75.36978, 40.11905 ], [ -75.33591, 40.11395 ], [ -75.32841, 40.13699 ], [ -75.26066, 40.12676 ], [ -75.24558, 40.17282 ], [ -75.14393, 40.15741 ], [ -75.11358, 40.2495 ], [ -75.0042, 40.25701 ], [ -75.01522, 40.33123 ], [ -74.98461, 40.42328 ], [ -75.01862, 40.42846 ], [ -75.07902, 40.46181 ], [ -75.06373, 40.50784 ], [ -75.09779, 40.513 ], [ -75.11305, 40.46697 ], [ -75.1547, 40.4491 ], [ -75.25682, 40.4645 ], [ -75.34755, 40.40564 ], [ -75.49117, 40.40293 ], [ -75.62735, 40.42311 ], [ -75.71028, 40.38706 ], [ -75.76361, 40.44317 ], [ -75.74883, 40.48927 ], [ -75.85116, 40.50423 ], [ -75.83642, 40.55033 ], [ -75.89736, 40.58333 ], [ -75.96569, 40.59324 ], [ -75.97302, 40.57018 ], [ -76.07553, 40.58498 ], [ -76.0901, 40.53885 ], [ -76.19982, 40.53049 ], [ -76.37067, 40.55484 ], [ -76.4462, 40.54143 ], [ -76.4605, 40.49527 ], [ -76.56299, 40.50971 ], [ -76.61843, 40.44523 ], [ -76.74801, 40.48741 ], [ -76.73393, 40.53361 ], [ -76.76813, 40.53837 ], [ -76.75405, 40.58457 ], [ -76.82251, 40.59406 ] ], [ [ -75.40366, 40.12414 ], [ -75.54665, 40.12137 ], [ -75.52435, 40.19051 ], [ -75.41512, 40.19834 ], [ -75.40366, 40.12414 ] ] ], [ [ [ -77.54118, 40.33095 ], [ -77.47289, 40.3218 ], [ -77.46613, 40.34494 ], [ -77.43198, 40.34035 ], [ -77.4252, 40.36349 ], [ -77.5277, 40.37723 ], [ -77.54118, 40.33095 ] ] ], [ [ [ -77.36384, 40.45143 ], [ -77.35702, 40.47456 ], [ -77.39124, 40.47916 ], [ -77.38443, 40.50229 ], [ -77.41866, 40.50689 ], [ -77.41186, 40.53002 ], [ -77.54889, 40.54834 ], [ -77.52139, 40.52063 ], [ -77.5484, 40.42808 ], [ -77.5142, 40.42351 ], [ -77.50068, 40.46979 ], [ -77.36384, 40.45143 ] ] ], [ [ [ -74.66652, 39.67238 ], [ -74.63294, 39.66711 ], [ -74.61753, 39.71313 ], [ -74.58393, 39.70784 ], [ -74.56848, 39.75385 ], [ -74.53486, 39.74856 ], [ -74.44934, 40.0015 ], [ -74.47529, 40.0298 ], [ -74.47785, 40.12707 ], [ -74.3916, 40.37988 ], [ -74.36796, 40.4488 ], [ -74.41768, 40.40818 ], [ -74.55352, 40.42941 ], [ -74.58475, 40.33746 ], [ -74.52473, 40.30389 ], [ -74.6026, 40.07398 ], [ -74.56881, 40.0687 ], [ -74.67706, 39.74668 ], [ -74.65883, 39.69539 ], [ -74.66652, 39.67238 ] ] ], [ [ [ -74.89801, 40.36167 ], [ -74.80386, 40.32301 ], [ -74.78841, 40.36901 ], [ -74.71275, 40.38152 ], [ -74.68946, 40.4505 ], [ -74.79147, 40.46624 ], [ -74.87492, 40.43068 ], [ -74.93198, 40.36687 ], [ -74.89801, 40.36167 ] ] ], [ [ [ -75.46529, 40.59227 ], [ -75.44619, 40.54113 ], [ -75.41209, 40.53606 ], [ -75.39703, 40.58211 ], [ -75.46529, 40.59227 ] ] ], [ [ [ -73.67767, 41.28413 ], [ -73.78898, 41.27766 ], [ -73.89209, 41.29404 ], [ -73.86756, 41.36283 ], [ -73.98713, 41.33328 ], [ -74.00339, 41.28741 ], [ -74.03778, 41.29282 ], [ -74.06209, 41.224 ], [ -74.02774, 41.21859 ], [ -74.03584, 41.19565 ], [ -74.07018, 41.20106 ], [ -74.08635, 41.15517 ], [ -74.12068, 41.16057 ], [ -74.1368, 41.11467 ], [ -74.18718, 41.07415 ], [ -74.29007, 41.09025 ], [ -74.34033, 41.04967 ], [ -74.33794, 40.95249 ], [ -74.396, 40.88893 ], [ -74.42769, 40.79705 ], [ -74.46185, 40.80237 ], [ -74.47763, 40.75642 ], [ -74.50914, 40.66452 ], [ -74.57733, 40.6751 ], [ -74.60083, 40.60615 ], [ -74.5746, 40.57789 ], [ -74.54055, 40.5726 ], [ -74.48292, 40.63624 ], [ -74.34666, 40.61494 ], [ -74.30468, 40.63257 ], [ -74.2888, 40.6785 ], [ -74.25472, 40.67314 ], [ -74.23082, 40.74203 ], [ -74.23304, 40.83923 ], [ -74.18287, 40.87977 ], [ -74.15079, 40.97159 ], [ -74.08235, 40.9608 ], [ -74.06623, 41.00669 ], [ -73.99776, 40.99586 ], [ -73.88867, 41.09968 ], [ -73.78587, 41.0833 ], [ -73.75162, 41.07782 ], [ -73.71881, 41.16952 ], [ -73.67767, 41.28413 ] ] ], [ [ [ -74.0498, 41.46421 ], [ -73.94637, 41.44795 ], [ -73.97268, 41.47631 ], [ -73.94817, 41.54511 ], [ -74.0498, 41.46421 ] ] ], [ [ [ -72.88103, 41.46986 ], [ -72.81227, 41.45846 ], [ -72.7951, 41.50419 ], [ -72.8295, 41.5099 ], [ -72.85533, 41.53846 ], [ -72.88103, 41.46986 ] ] ], [ [ [ -72.56247, 41.63548 ], [ -72.59692, 41.64125 ], [ -72.56214, 41.73264 ], [ -72.61378, 41.78985 ], [ -72.68287, 41.80134 ], [ -72.78653, 41.72137 ], [ -72.82098, 41.62992 ], [ -72.75206, 41.6185 ], [ -72.6918, 41.58418 ], [ -72.70907, 41.53847 ], [ -72.67466, 41.53273 ], [ -72.66602, 41.55559 ], [ -72.63161, 41.54984 ], [ -72.6056, 41.6184 ], [ -72.57116, 41.61264 ], [ -72.56247, 41.63548 ] ] ], [ [ [ -71.36107, 41.79438 ], [ -71.32665, 41.78832 ], [ -71.31748, 41.81109 ], [ -71.35191, 41.81715 ], [ -71.34274, 41.83992 ], [ -71.37719, 41.84598 ], [ -71.40463, 41.77766 ], [ -71.43905, 41.7837 ], [ -71.46639, 41.71537 ], [ -71.43201, 41.70934 ], [ -71.36107, 41.79438 ] ] ] ] } },
{ "type": "Feature", "properties": { "ID": 26 }, "geometry": { "type": "MultiPolygon", "coordinates": [ [ [ [ -83.98414, 35.33463 ], [ -83.9923, 35.28745 ], [ -83.96028, 35.28444 ], [ -83.9521, 35.33162 ], [ -83.98414, 35.33463 ] ] ], [ [ [ -83.07045, 35.34157 ], [ -83.00644, 35.33509 ], [ -82.88292, 35.29848 ], [ -82.874, 35.34558 ], [ -83.02522, 35.40899 ], [ -83.03404, 35.36189 ], [ -83.06606, 35.36513 ], [ -83.07045, 35.34157 ] ] ], [ [ [ -83.67344, 35.61675 ], [ -83.67764, 35.59319 ], [ -83.61335, 35.58701 ], [ -83.60912, 35.61057 ], [ -83.67344, 35.61675 ] ] ], [ [ [ -83.14464, 35.46901 ], [ -83.11394, 35.63385 ], [ -83.18261, 35.61673 ], [ -83.15632, 35.75798 ], [ -83.1929, 35.73764 ], [ -83.2895, 35.74721 ], [ -83.29819, 35.70012 ], [ -83.37119, 35.65935 ], [ -83.4677, 35.66878 ], [ -83.47625, 35.62167 ], [ -83.4441, 35.61854 ], [ -83.45694, 35.54787 ], [ -83.42482, 35.54473 ], [ -83.41624, 35.59184 ], [ -83.37549, 35.6358 ], [ -83.27904, 35.6263 ], [ -83.28771, 35.5792 ], [ -83.25559, 35.57602 ], [ -83.25993, 35.55247 ], [ -83.19571, 35.54608 ], [ -83.21314, 35.45187 ], [ -83.14902, 35.44546 ], [ -83.14464, 35.46901 ] ] ], [ [ [ -82.28794, 35.66842 ], [ -82.24644, 35.71202 ], [ -82.23234, 35.78254 ], [ -82.20017, 35.77909 ], [ -82.19073, 35.8261 ], [ -82.25512, 35.83298 ], [ -82.24571, 35.87998 ], [ -82.31015, 35.88683 ], [ -82.31483, 35.86333 ], [ -82.34704, 35.86674 ], [ -82.35172, 35.84324 ], [ -82.31951, 35.83983 ], [ -82.36105, 35.79622 ], [ -82.37967, 35.70218 ], [ -82.32007, 35.67185 ], [ -82.28794, 35.66842 ] ] ], [ [ [ -81.63466, 36.12562 ], [ -81.60996, 36.24294 ], [ -81.62253, 36.34035 ], [ -81.57523, 36.40712 ], [ -81.70497, 36.42144 ], [ -81.74725, 36.37809 ], [ -81.76687, 36.28424 ], [ -81.7492, 36.2103 ], [ -81.84626, 36.22092 ], [ -81.94817, 36.208 ], [ -81.99978, 36.1176 ], [ -82.12907, 36.1315 ], [ -82.11105, 36.05758 ], [ -82.12058, 36.01061 ], [ -82.08831, 36.00714 ], [ -82.07399, 36.0776 ], [ -81.93999, 36.08711 ], [ -81.94963, 36.04015 ], [ -81.85282, 36.0296 ], [ -81.80595, 36.09649 ], [ -81.70908, 36.08583 ], [ -81.69927, 36.13277 ], [ -81.63466, 36.12562 ] ] ], [ [ [ -81.57284, 36.57485 ], [ -81.48777, 36.6614 ], [ -81.61798, 36.6758 ], [ -81.7029, 36.58917 ], [ -81.71278, 36.54227 ], [ -81.6153, 36.53155 ], [ -81.57284, 36.57485 ] ] ], [ [ [ -82.54495, 36.8702 ], [ -82.67577, 36.88354 ], [ -82.68502, 36.8366 ], [ -82.55429, 36.82326 ], [ -82.54495, 36.8702 ] ] ], [ [ [ -82.87667, 36.87985 ], [ -82.8348, 36.92352 ], [ -82.82106, 36.99394 ], [ -82.86298, 36.95027 ], [ -82.99402, 36.9633 ], [ -83.00306, 36.91634 ], [ -82.97484, 36.88962 ], [ -82.87667, 36.87985 ] ] ], [ [ [ -81.78198, 37.00541 ], [ -81.81471, 37.00894 ], [ -81.82457, 36.96207 ], [ -81.79186, 36.95854 ], [ -81.78198, 37.00541 ] ] ], [ [ [ -81.12611, 37.7001 ], [ -81.20257, 37.66071 ], [ -81.21815, 37.59056 ], [ -81.29443, 37.55111 ], [ -81.30988, 37.48093 ], [ -81.21628, 37.44654 ], [ -81.20592, 37.49332 ], [ -81.0323, 37.66559 ], [ -81.12611, 37.7001 ] ] ], [ [ [ -80.53678, 37.32077 ], [ -80.49856, 37.34029 ], [ -80.49314, 37.36366 ], [ -80.59164, 37.37519 ], [ -80.60241, 37.32845 ], [ -80.53678, 37.32077 ] ] ], [ [ [ -81.05481, 37.71606 ], [ -81.0323, 37.66559 ], [ -80.99929, 37.66186 ], [ -80.98875, 37.70861 ], [ -81.05481, 37.71606 ] ] ], [ [ [ -81.12611, 37.7001 ], [ -81.05481, 37.71606 ], [ -81.04956, 37.73944 ], [ -81.12611, 37.7001 ] ] ], [ [ [ -79.17898, 37.75568 ], [ -79.08018, 37.74312 ], [ -79.06829, 37.7897 ], [ -79.10124, 37.7939 ], [ -79.0715, 37.91034 ], [ -79.17055, 37.92291 ], [ -79.1824, 37.87633 ], [ -79.1494, 37.87215 ], [ -79.20603, 37.78316 ], [ -79.17898, 37.75568 ] ] ], [ [ [ -79.53464, 38.37669 ], [ -79.57956, 38.33419 ], [ -79.54631, 38.33011 ], [ -79.53464, 38.37669 ] ] ], [ [ [ -79.48966, 38.41917 ], [ -79.53464, 38.37669 ], [ -79.50137, 38.3726 ], [ -79.48966, 38.41917 ] ] ], [ [ [ -79.2389, 38.46012 ], [ -79.32917, 38.37531 ], [ -79.26266, 38.36702 ], [ -79.2389, 38.46012 ] ] ], [ [ [ -79.26626, 38.48755 ], [ -79.23295, 38.48339 ], [ -79.2389, 38.46012 ], [ -79.19367, 38.5025 ], [ -79.26031, 38.51082 ], [ -79.26626, 38.48755 ] ] ], [ [ [ -79.22677, 39.17876 ], [ -79.18708, 39.19785 ], [ -79.1508, 39.33732 ], [ -79.21828, 39.34565 ], [ -79.21224, 39.3689 ], [ -79.48244, 39.40191 ], [ -79.50027, 39.33214 ], [ -79.53402, 39.33623 ], [ -79.54586, 39.28971 ], [ -79.5796, 39.29378 ], [ -79.5914, 39.24726 ], [ -79.56359, 39.21992 ], [ -79.62083, 39.13092 ], [ -79.656, 38.99129 ], [ -79.68959, 38.99534 ], [ -79.70126, 38.94879 ], [ -79.73483, 38.95283 ], [ -79.74646, 38.90627 ], [ -79.78002, 38.91029 ], [ -79.79739, 38.84044 ], [ -79.83092, 38.84446 ], [ -79.84246, 38.79788 ], [ -79.87597, 38.80189 ], [ -79.88747, 38.7553 ], [ -79.92096, 38.7593 ], [ -79.93242, 38.71271 ], [ -79.89895, 38.70872 ], [ -79.95529, 38.61952 ], [ -79.98872, 38.6235 ], [ -80.02214, 38.62747 ], [ -80.05557, 38.63143 ], [ -80.02714, 38.74793 ], [ -80.12763, 38.75978 ], [ -80.16678, 38.74041 ], [ -80.17243, 38.71711 ], [ -80.20591, 38.72103 ], [ -80.21717, 38.67442 ], [ -80.26203, 38.48792 ], [ -80.30655, 38.44518 ], [ -80.37327, 38.45296 ], [ -80.38436, 38.40631 ], [ -80.45104, 38.41405 ], [ -80.46208, 38.3674 ], [ -80.4954, 38.37125 ], [ -80.54474, 38.16124 ], [ -80.73252, 38.08694 ], [ -80.71552, 38.0131 ], [ -80.61606, 38.00167 ], [ -80.6269, 37.95497 ], [ -80.56066, 37.94731 ], [ -80.50569, 38.03685 ], [ -80.43938, 38.02913 ], [ -80.39521, 38.07194 ], [ -80.38419, 38.11861 ], [ -80.34546, 38.13806 ], [ -80.24587, 38.12636 ], [ -80.23473, 38.17301 ], [ -80.16831, 38.16516 ], [ -80.12389, 38.20787 ], [ -80.11264, 38.25451 ], [ -80.03486, 38.29323 ], [ -80.02354, 38.33986 ], [ -79.97322, 38.40581 ], [ -79.95044, 38.49903 ], [ -79.91708, 38.49504 ], [ -79.92279, 38.47174 ], [ -79.78945, 38.45572 ], [ -79.84108, 38.24599 ], [ -79.75164, 38.33116 ], [ -79.71838, 38.32713 ], [ -79.53873, 38.49721 ], [ -79.46032, 38.53559 ], [ -79.44267, 38.60543 ], [ -79.47606, 38.60953 ], [ -79.44071, 38.74919 ], [ -79.47416, 38.75329 ], [ -79.45056, 38.84638 ], [ -79.41706, 38.84227 ], [ -79.41113, 38.86554 ], [ -79.32029, 38.95035 ], [ -79.28675, 38.94621 ], [ -79.27479, 38.99273 ], [ -79.28443, 39.0899 ], [ -79.20517, 39.1281 ], [ -79.19311, 39.1746 ], [ -79.22677, 39.17876 ] ] ], [ [ [ -78.32456, 38.53511 ], [ -78.35783, 38.53949 ], [ -78.37036, 38.49302 ], [ -78.3371, 38.48865 ], [ -78.32456, 38.53511 ] ] ], [ [ [ -79.1184, 38.66118 ], [ -79.15179, 38.66537 ], [ -79.16378, 38.61884 ], [ -79.13041, 38.61466 ], [ -79.1184, 38.66118 ] ] ] ] } },
{ "type": "Feature", "properties": { "ID": 27 }, "geometry": { "type": "MultiPolygon", "coordinates": [ [ [ [ -95.39143, 38.54609 ], [ -95.28983, 38.5456 ], [ -95.28932, 38.59287 ], [ -95.39099, 38.59337 ], [ -95.39143, 38.54609 ] ] ], [ [ [ -95.25967, 38.21439 ], [ -95.29437, 38.11997 ], [ -95.19342, 38.1194 ], [ -95.19284, 38.16671 ], [ -95.25967, 38.21439 ] ] ], [ [ [ -94.88624, 38.37738 ], [ -94.91886, 38.44858 ], [ -95.08794, 38.44982 ], [ -95.08891, 38.37889 ], [ -95.12332, 38.33183 ], [ -95.05648, 38.28408 ], [ -94.95528, 38.28334 ], [ -94.95454, 38.33063 ], [ -94.88624, 38.37738 ] ] ], [ [ [ -90.1685, 38.58785 ], [ -90.12838, 38.65717 ], [ -90.26383, 38.66295 ], [ -90.26793, 38.61577 ], [ -90.33764, 38.59501 ], [ -90.34169, 38.54782 ], [ -90.17266, 38.54066 ], [ -90.1685, 38.58785 ] ] ], [ [ [ -93.29625, 39.25331 ], [ -93.29332, 39.32412 ], [ -93.36183, 39.32546 ], [ -93.39232, 39.42053 ], [ -93.38948, 39.49133 ], [ -93.45449, 39.58702 ], [ -93.48888, 39.58764 ], [ -93.49343, 39.46964 ], [ -93.59731, 39.44787 ], [ -93.62992, 39.49567 ], [ -93.62562, 39.61368 ], [ -93.58945, 39.66028 ], [ -93.45171, 39.65781 ], [ -93.34455, 39.75025 ], [ -93.34068, 39.84462 ], [ -93.40502, 39.96387 ], [ -93.47422, 39.96515 ], [ -93.50608, 40.03654 ], [ -93.50243, 40.13088 ], [ -93.56736, 40.25002 ], [ -93.70637, 40.25238 ], [ -93.77425, 40.30067 ], [ -93.77995, 40.13558 ], [ -93.8848, 40.11361 ], [ -93.98885, 40.11515 ], [ -93.98738, 40.16232 ], [ -94.19564, 40.16517 ], [ -94.19696, 40.11799 ], [ -94.30102, 40.1193 ], [ -94.3066, 39.90697 ], [ -94.20288, 39.90567 ], [ -94.16897, 39.88162 ], [ -94.24066, 39.78813 ], [ -94.24385, 39.67013 ], [ -94.10882, 39.57391 ], [ -94.11361, 39.40867 ], [ -94.0793, 39.4082 ], [ -94.08277, 39.29015 ], [ -94.21718, 39.38644 ], [ -94.28516, 39.41091 ], [ -94.4224, 39.41256 ], [ -94.42411, 39.34173 ], [ -94.4595, 39.29489 ], [ -94.52694, 39.34286 ], [ -94.59549, 39.34358 ], [ -94.59397, 39.41441 ], [ -94.62729, 39.46198 ], [ -94.6626, 39.4151 ], [ -94.79986, 39.41636 ], [ -94.79899, 39.46358 ], [ -94.86685, 39.51138 ], [ -95.00396, 39.53605 ], [ -95.00504, 39.46522 ], [ -95.07373, 39.4657 ], [ -95.10872, 39.4187 ], [ -95.11001, 39.32426 ], [ -95.21282, 39.32488 ], [ -95.2479, 39.25423 ], [ -95.24899, 39.15976 ], [ -95.38572, 39.16044 ], [ -95.38439, 39.30214 ], [ -95.45291, 39.30243 ], [ -95.48791, 39.2081 ], [ -95.48864, 39.11362 ], [ -95.38616, 39.1132 ], [ -95.2498, 39.0889 ], [ -95.11449, 38.99359 ], [ -95.11544, 38.92272 ], [ -95.21762, 38.92334 ], [ -95.28549, 38.94734 ], [ -95.28498, 38.99459 ], [ -95.38727, 38.99509 ], [ -95.42178, 38.94799 ], [ -95.42241, 38.8771 ], [ -95.38881, 38.8297 ], [ -95.28677, 38.8292 ], [ -95.28754, 38.75831 ], [ -95.38946, 38.75881 ], [ -95.39034, 38.66427 ], [ -95.28856, 38.66378 ], [ -95.28907, 38.61651 ], [ -95.22154, 38.5925 ], [ -95.08566, 38.61529 ], [ -94.81445, 38.6132 ], [ -94.78186, 38.54199 ], [ -94.84959, 38.54258 ], [ -94.88504, 38.44831 ], [ -94.7836, 38.44743 ], [ -94.71643, 38.42317 ], [ -94.71734, 38.37588 ], [ -94.54846, 38.37418 ], [ -94.54743, 38.42146 ], [ -94.41223, 38.41995 ], [ -94.41053, 38.49086 ], [ -94.20753, 38.48833 ], [ -94.0729, 38.46284 ], [ -94.04187, 38.3678 ], [ -93.87303, 38.36525 ], [ -93.73878, 38.33943 ], [ -93.74199, 38.24486 ], [ -93.57348, 38.24194 ], [ -93.57434, 38.2183 ], [ -93.4059, 38.21516 ], [ -93.33379, 38.33205 ], [ -93.16508, 38.32862 ], [ -93.09863, 38.30355 ], [ -92.93, 38.29983 ], [ -92.86143, 38.32192 ], [ -92.8592, 38.36918 ], [ -92.62291, 38.36349 ], [ -92.5142, 38.50269 ], [ -92.3451, 38.49824 ], [ -92.34771, 38.451 ], [ -92.17875, 38.44634 ], [ -92.00412, 38.53595 ], [ -91.99841, 38.63042 ], [ -91.96164, 38.67664 ], [ -91.85993, 38.67359 ], [ -91.82304, 38.71977 ], [ -91.75368, 38.74128 ], [ -91.65188, 38.73807 ], [ -91.54371, 38.8292 ], [ -91.44179, 38.82584 ], [ -91.37551, 38.79994 ], [ -91.37882, 38.75274 ], [ -91.1074, 38.74325 ], [ -91.04133, 38.7172 ], [ -91.04488, 38.66999 ], [ -90.94323, 38.66625 ], [ -90.94684, 38.61905 ], [ -90.84528, 38.61523 ], [ -90.84159, 38.66243 ], [ -90.73997, 38.65854 ], [ -90.67793, 38.5851 ], [ -90.67413, 38.6323 ], [ -90.63644, 38.67817 ], [ -90.56868, 38.67548 ], [ -90.52893, 38.7449 ], [ -90.46111, 38.74216 ], [ -90.45714, 38.78934 ], [ -90.4232, 38.78796 ], [ -90.4192, 38.83514 ], [ -90.45316, 38.83652 ], [ -90.51911, 38.86286 ], [ -90.62104, 38.86692 ], [ -90.61718, 38.9141 ], [ -90.68328, 38.94035 ], [ -90.66795, 39.12904 ], [ -90.70207, 39.13037 ], [ -90.69251, 39.24827 ], [ -90.76086, 39.2509 ], [ -90.79129, 39.29936 ], [ -90.78564, 39.3701 ], [ -90.81613, 39.41855 ], [ -90.91894, 39.42238 ], [ -90.94773, 39.49437 ], [ -91.05067, 39.49811 ], [ -91.05962, 39.38021 ], [ -90.99112, 39.37773 ], [ -90.96051, 39.32932 ], [ -91.00376, 39.21265 ], [ -91.07032, 39.23871 ], [ -91.17286, 39.24236 ], [ -91.16938, 39.28953 ], [ -91.54574, 39.30224 ], [ -91.54895, 39.25506 ], [ -91.65155, 39.25835 ], [ -91.76028, 39.16718 ], [ -91.76638, 39.0728 ], [ -91.91017, 38.95894 ], [ -91.91604, 38.86451 ], [ -91.98549, 38.84292 ], [ -91.98837, 38.79571 ], [ -92.09027, 38.79867 ], [ -92.09307, 38.75144 ], [ -92.3307, 38.75805 ], [ -92.29276, 38.82797 ], [ -92.28744, 38.92241 ], [ -92.24936, 38.99231 ], [ -92.55604, 39.00037 ], [ -92.55232, 39.0712 ], [ -92.75703, 39.0762 ], [ -92.79346, 39.02978 ], [ -93.03216, 39.03517 ], [ -93.03002, 39.08239 ], [ -93.13241, 39.08457 ], [ -93.13034, 39.13179 ], [ -93.19764, 39.15681 ], [ -93.2348, 39.08668 ], [ -93.36849, 39.1602 ], [ -93.36659, 39.20742 ], [ -93.29625, 39.25331 ] ], [ [ -95.11893, 38.66279 ], [ -95.25463, 38.6636 ], [ -95.2541, 38.71087 ], [ -95.1183, 38.71005 ], [ -95.11893, 38.66279 ] ], [ [ -90.92689, 38.87863 ], [ -90.82493, 38.8748 ], [ -90.82864, 38.82762 ], [ -90.93053, 38.83144 ], [ -90.92689, 38.87863 ] ], [ [ -93.53936, 39.16337 ], [ -93.46918, 39.20935 ], [ -93.40079, 39.20807 ], [ -93.40453, 39.11363 ], [ -93.54113, 39.11615 ], [ -93.53936, 39.16337 ] ], [ [ -94.83628, 39.29859 ], [ -94.86931, 39.36972 ], [ -94.66357, 39.36788 ], [ -94.73306, 39.3213 ], [ -94.73444, 39.25046 ], [ -94.80289, 39.25107 ], [ -94.83628, 39.29859 ] ], [ [ -93.68435, 39.89799 ], [ -93.78643, 39.94686 ], [ -93.7832, 40.04122 ], [ -93.71391, 40.0401 ], [ -93.68182, 39.96876 ], [ -93.68435, 39.89799 ] ] ], [ [ [ -95.07373, 39.4657 ], [ -95.07272, 39.53652 ], [ -95.17587, 39.53718 ], [ -95.17646, 39.48996 ], [ -95.07373, 39.4657 ] ] ] ] } },
{ "type": "Feature", "properties": { "ID": 28 }, "geometry": { "type": "MultiPolygon", "coordinates": [ [ [ [ -93.92359, 35.66362 ], [ -93.92217, 35.71113 ], [ -93.69489, 35.70729 ], [ -93.6933, 35.75479 ], [ -93.53086, 35.75179 ], [ -93.53424, 35.65679 ], [ -93.43692, 35.6549 ], [ -93.36663, 35.79609 ], [ -93.1716, 35.79199 ], [ -93.17354, 35.7445 ], [ -93.04464, 35.71785 ], [ -93.01115, 35.74085 ], [ -93.00704, 35.83582 ], [ -93.13419, 35.90998 ], [ -93.29698, 35.91346 ], [ -93.29047, 36.07961 ], [ -93.22328, 36.12569 ], [ -93.2204, 36.19687 ], [ -93.31941, 36.1752 ], [ -93.45016, 36.17782 ], [ -93.45367, 36.0829 ], [ -93.55497, 35.98984 ], [ -93.62099, 35.96731 ], [ -93.75135, 35.96962 ], [ -93.7847, 35.94644 ], [ -93.88245, 35.94807 ], [ -93.94832, 35.92537 ], [ -94.07795, 35.95111 ], [ -94.20829, 35.95297 ], [ -94.20953, 35.90548 ], [ -94.24209, 35.90593 ], [ -94.24269, 35.88218 ], [ -94.27525, 35.88262 ], [ -94.27761, 35.78762 ], [ -94.24631, 35.73968 ], [ -94.14885, 35.73833 ], [ -94.14821, 35.76208 ], [ -94.08322, 35.76114 ], [ -94.08453, 35.71363 ], [ -93.98712, 35.71216 ], [ -93.98849, 35.66465 ], [ -93.92359, 35.66362 ] ] ], [ [ [ -86.58544, 36.52986 ], [ -86.59521, 36.45905 ], [ -86.43188, 36.4472 ], [ -86.42526, 36.4944 ], [ -86.32387, 36.51079 ], [ -86.09512, 36.49367 ], [ -86.06763, 36.68237 ], [ -86.11945, 36.78164 ], [ -86.31635, 36.79629 ], [ -86.32308, 36.74912 ], [ -86.42149, 36.75633 ], [ -86.42814, 36.70915 ], [ -86.49371, 36.71391 ], [ -86.50031, 36.66673 ], [ -86.53308, 36.6691 ], [ -86.53964, 36.6219 ], [ -86.57239, 36.62426 ], [ -86.58544, 36.52986 ] ] ], [ [ [ -92.74149, 37.32453 ], [ -92.97415, 37.33003 ], [ -92.94412, 37.25825 ], [ -93.01053, 37.25976 ], [ -93.0168, 37.11768 ], [ -92.9174, 37.11541 ], [ -92.88536, 37.09095 ], [ -92.8897, 36.99622 ], [ -92.75288, 37.08777 ], [ -92.65352, 37.0853 ], [ -92.65001, 37.15634 ], [ -92.71631, 37.158 ], [ -92.71171, 37.2527 ], [ -92.67619, 37.29922 ], [ -92.74149, 37.32453 ] ] ], [ [ [ -87.4277, 36.92096 ], [ -87.36186, 36.91667 ], [ -87.38578, 36.98963 ], [ -87.4277, 36.92096 ] ] ], [ [ [ -87.34679, 37.03467 ], [ -87.38578, 36.98963 ], [ -87.35283, 36.98747 ], [ -87.34679, 37.03467 ] ] ], [ [ [ -87.17271, 37.09455 ], [ -87.21185, 37.04956 ], [ -87.2241, 36.95518 ], [ -87.09239, 36.94635 ], [ -87.07996, 37.04072 ], [ -87.04074, 37.08567 ], [ -87.17271, 37.09455 ] ] ], [ [ [ -91.29181, 37.58933 ], [ -91.33173, 37.49592 ], [ -91.26513, 37.49357 ], [ -91.29181, 37.58933 ] ] ], [ [ [ -90.65097, 37.66005 ], [ -90.78445, 37.66532 ], [ -90.78077, 37.71259 ], [ -90.87915, 37.74009 ], [ -91.01281, 37.74514 ], [ -91.01633, 37.69787 ], [ -90.95132, 37.67172 ], [ -90.95488, 37.62445 ], [ -90.82147, 37.61934 ], [ -90.79362, 37.54713 ], [ -90.66037, 37.54186 ], [ -90.65097, 37.66005 ] ] ], [ [ [ -90.65097, 37.66005 ], [ -90.55087, 37.656 ], [ -90.54703, 37.70327 ], [ -90.68059, 37.70864 ], [ -90.65097, 37.66005 ] ] ], [ [ [ -85.77349, 37.75588 ], [ -85.89948, 37.81308 ], [ -85.87689, 37.73996 ], [ -85.81753, 37.68783 ], [ -85.69184, 37.63055 ], [ -85.65135, 37.67504 ], [ -85.78069, 37.70882 ], [ -85.77349, 37.75588 ] ] ], [ [ [ -86.28219, 37.96037 ], [ -86.30531, 38.0334 ], [ -86.37217, 38.03821 ], [ -86.38918, 37.92052 ], [ -86.32243, 37.91571 ], [ -86.28219, 37.96037 ] ] ], [ [ [ -83.95941, 38.84416 ], [ -83.98886, 38.87059 ], [ -84.12393, 38.88247 ], [ -84.17878, 38.95869 ], [ -84.14903, 39.12276 ], [ -84.20836, 39.17551 ], [ -84.22534, 39.27218 ], [ -84.19983, 39.41277 ], [ -84.302, 39.42153 ], [ -84.32763, 39.4713 ], [ -84.31496, 39.54159 ], [ -84.45149, 39.55313 ], [ -84.45984, 39.50626 ], [ -84.52807, 39.51198 ], [ -84.61279, 39.4239 ], [ -84.62101, 39.37702 ], [ -84.69727, 39.33576 ], [ -84.79939, 39.34415 ], [ -84.87551, 39.3028 ], [ -84.89153, 39.20898 ], [ -84.93347, 39.16482 ], [ -85.00139, 39.17031 ], [ -85.0093, 39.12338 ], [ -85.04324, 39.12611 ], [ -85.16844, 38.99344 ], [ -85.18397, 38.89955 ], [ -85.32313, 38.88676 ], [ -85.33078, 38.8398 ], [ -85.40218, 38.82161 ], [ -85.50359, 38.82948 ], [ -85.49606, 38.87645 ], [ -85.59756, 38.88425 ], [ -85.62768, 38.91032 ], [ -85.61279, 39.00426 ], [ -85.7145, 39.01197 ], [ -85.77497, 39.06404 ], [ -85.82823, 39.16305 ], [ -85.90348, 39.12112 ], [ -86.0054, 39.12862 ], [ -86.16964, 38.95053 ], [ -86.24443, 38.9084 ], [ -86.34606, 38.91564 ], [ -86.33913, 38.96265 ], [ -86.43055, 39.04033 ], [ -86.45764, 39.08972 ], [ -86.5256, 39.09445 ], [ -86.60708, 39.00512 ], [ -86.61382, 38.9581 ], [ -86.74949, 38.96737 ], [ -86.79003, 38.92264 ], [ -86.77348, 39.04021 ], [ -86.87537, 39.04706 ], [ -86.85894, 39.16462 ], [ -86.99508, 39.17364 ], [ -87.01449, 39.03255 ], [ -87.08883, 38.98997 ], [ -87.13233, 38.92161 ], [ -87.14821, 38.80399 ], [ -87.16719, 38.6628 ], [ -87.13341, 38.6606 ], [ -87.16184, 38.44878 ], [ -87.14079, 38.35241 ], [ -87.07673, 38.32443 ], [ -87.11981, 38.25602 ], [ -87.13869, 38.11473 ], [ -87.03502, 38.13162 ], [ -87.04771, 38.03742 ], [ -87.11464, 38.04186 ], [ -87.15437, 37.99696 ], [ -87.09064, 37.96898 ], [ -86.95695, 37.96003 ], [ -86.92995, 37.91067 ], [ -86.96972, 37.86581 ], [ -86.97291, 37.84226 ], [ -86.90619, 37.83774 ], [ -86.91261, 37.79063 ], [ -86.78255, 37.75794 ], [ -86.66249, 37.65447 ], [ -86.64932, 37.74869 ], [ -86.70938, 37.80044 ], [ -86.69297, 37.91819 ], [ -86.59282, 37.91119 ], [ -86.57951, 38.00537 ], [ -86.53604, 38.07364 ], [ -86.4153, 38.20773 ], [ -86.28123, 38.19811 ], [ -86.29156, 38.12752 ], [ -86.26499, 38.07804 ], [ -86.16464, 38.07073 ], [ -86.06783, 38.03981 ], [ -86.04146, 37.99028 ], [ -86.05903, 37.87263 ], [ -85.98528, 37.91472 ], [ -85.85186, 37.90467 ], [ -85.78156, 37.92312 ], [ -85.77433, 37.97017 ], [ -85.70394, 37.98858 ], [ -85.69665, 38.03562 ], [ -85.62617, 38.05398 ], [ -85.42572, 38.03833 ], [ -85.35139, 38.08006 ], [ -85.34384, 38.12708 ], [ -85.24353, 38.11908 ], [ -85.28835, 38.05124 ], [ -85.30727, 37.9337 ], [ -85.21486, 37.87865 ], [ -85.19299, 37.80543 ], [ -85.13411, 37.753 ], [ -85.14176, 37.70598 ], [ -85.07916, 37.67703 ], [ -85.12003, 37.63272 ], [ -85.14293, 37.4916 ], [ -85.10981, 37.48889 ], [ -85.10599, 37.51241 ], [ -85.12127, 37.41832 ], [ -85.09965, 37.34502 ], [ -85.04124, 37.29252 ], [ -84.90919, 37.28152 ], [ -84.88785, 37.20818 ], [ -84.75599, 37.19703 ], [ -84.68218, 37.23845 ], [ -84.63331, 37.32969 ], [ -84.53427, 37.32115 ], [ -84.386, 37.40368 ], [ -84.37786, 37.45069 ], [ -84.29532, 37.53888 ], [ -84.22498, 37.55652 ], [ -84.17942, 37.62406 ], [ -84.16278, 37.71801 ], [ -84.1296, 37.71505 ], [ -84.08768, 37.94985 ], [ -83.98715, 38.13164 ], [ -84.05393, 38.13761 ], [ -84.03274, 38.25492 ], [ -83.94875, 38.34278 ], [ -83.89806, 38.43359 ], [ -83.9316, 38.4366 ], [ -83.92731, 38.46005 ], [ -84.02797, 38.46902 ], [ -84.12443, 38.50137 ], [ -84.18318, 38.55418 ], [ -84.16208, 38.67144 ], [ -84.04403, 38.75636 ], [ -83.90923, 38.7444 ], [ -83.90058, 38.79128 ], [ -83.86686, 38.78827 ], [ -83.85818, 38.83514 ], [ -83.95941, 38.84416 ] ], [ [ -85.7942, 38.28098 ], [ -85.78694, 38.328 ], [ -85.68627, 38.32033 ], [ -85.52598, 38.26038 ], [ -85.6486, 38.12711 ], [ -85.65593, 38.08008 ], [ -85.78605, 38.11383 ], [ -85.88642, 38.12143 ], [ -85.86487, 38.26253 ], [ -85.7942, 38.28098 ] ], [ [ -84.03648, 38.42211 ], [ -84.05348, 38.32828 ], [ -84.12046, 38.33421 ], [ -84.10356, 38.42805 ], [ -84.03648, 38.42211 ] ], [ [ -84.51384, 39.20154 ], [ -84.40781, 39.21638 ], [ -84.4328, 39.07572 ], [ -84.50058, 39.08145 ], [ -84.51384, 39.20154 ] ] ], [ [ [ -83.80063, 38.59167 ], [ -83.69981, 38.58254 ], [ -83.69104, 38.62941 ], [ -83.72466, 38.63247 ], [ -83.80063, 38.59167 ] ] ], [ [ [ -83.61496, 38.67015 ], [ -83.6486, 38.67322 ], [ -83.65741, 38.62635 ], [ -83.62379, 38.62328 ], [ -83.61496, 38.67015 ] ] ], [ [ [ -76.78692, 38.13004 ], [ -76.84611, 38.16272 ], [ -76.83258, 38.20906 ], [ -76.97809, 38.18164 ], [ -76.91209, 38.1722 ], [ -76.93228, 38.10267 ], [ -76.83341, 38.08846 ], [ -76.8469, 38.04211 ], [ -76.74814, 38.02783 ], [ -76.68912, 37.9951 ], [ -76.70948, 37.92559 ], [ -76.65057, 37.89284 ], [ -76.65737, 37.86966 ], [ -76.62454, 37.86486 ], [ -76.61092, 37.9112 ], [ -76.64377, 37.91601 ], [ -76.6097, 38.03184 ], [ -76.76752, 38.07894 ], [ -76.78692, 38.13004 ] ] ], [ [ [ -76.95793, 38.25117 ], [ -76.97753, 38.30224 ], [ -76.99097, 38.25589 ], [ -76.95793, 38.25117 ] ] ], [ [ [ -77.03697, 38.33482 ], [ -77.02354, 38.38117 ], [ -77.22216, 38.52978 ], [ -77.28856, 38.53907 ], [ -77.30847, 38.46953 ], [ -77.25542, 38.41388 ], [ -77.26869, 38.36751 ], [ -77.18267, 38.30719 ], [ -77.01731, 38.28377 ], [ -77.03697, 38.33482 ] ] ], [ [ [ -76.84404, 39.465 ], [ -76.93814, 39.50231 ], [ -77.01233, 39.48859 ], [ -76.98495, 39.58113 ], [ -77.03825, 39.75715 ], [ -76.97064, 39.74776 ], [ -76.92928, 39.88651 ], [ -76.79384, 39.86759 ], [ -76.77992, 39.91382 ], [ -76.67132, 39.92263 ], [ -76.65029, 39.99196 ], [ -76.56839, 40.02858 ], [ -76.54015, 40.12098 ], [ -76.64206, 40.13537 ], [ -76.70302, 40.16803 ], [ -76.65377, 40.32974 ], [ -76.76306, 40.32094 ], [ -76.89945, 40.33989 ], [ -76.91337, 40.29367 ], [ -76.98848, 40.27997 ], [ -77.15896, 40.30336 ], [ -77.21362, 40.23863 ], [ -77.31587, 40.25253 ], [ -77.30222, 40.1785 ], [ -77.1729, 40.13682 ], [ -77.00286, 40.11344 ], [ -76.94809, 40.17809 ], [ -76.84604, 40.16393 ], [ -76.78502, 40.13133 ], [ -76.84686, 40.04362 ], [ -76.92169, 40.02996 ], [ -77.09149, 40.05344 ], [ -77.11891, 39.96092 ], [ -77.27503, 39.91012 ], [ -77.28859, 39.86383 ], [ -77.32248, 39.86846 ], [ -77.336, 39.82217 ], [ -77.36987, 39.82678 ], [ -77.39008, 39.75734 ], [ -77.35624, 39.75273 ], [ -77.40353, 39.71104 ], [ -77.46381, 39.50264 ], [ -77.53124, 39.5118 ], [ -77.54454, 39.46547 ], [ -77.65225, 39.45596 ], [ -77.67276, 39.50684 ], [ -77.5716, 39.4932 ], [ -77.56496, 39.51636 ], [ -77.59869, 39.52092 ], [ -77.59205, 39.54409 ], [ -77.6258, 39.54864 ], [ -77.59926, 39.6413 ], [ -77.57931, 39.71078 ], [ -77.67419, 39.74758 ], [ -77.66093, 39.7939 ], [ -77.72207, 39.82612 ], [ -77.67491, 39.86792 ], [ -77.64832, 39.96055 ], [ -77.72288, 39.94646 ], [ -77.82478, 39.95998 ], [ -77.83796, 39.91365 ], [ -77.87191, 39.91814 ], [ -77.88505, 39.8718 ], [ -77.95292, 39.88075 ], [ -77.97252, 39.81123 ], [ -77.91127, 39.77912 ], [ -77.93088, 39.70959 ], [ -77.91011, 39.65876 ], [ -78.04543, 39.6766 ], [ -78.06487, 39.60705 ], [ -78.09718, 39.49111 ], [ -78.0828, 39.41711 ], [ -78.11498, 39.30114 ], [ -78.14065, 39.20834 ], [ -78.09272, 39.12988 ], [ -78.0256, 39.121 ], [ -78.05774, 39.005 ], [ -77.99076, 38.99609 ], [ -78.00363, 38.94969 ], [ -78.01006, 38.92649 ], [ -77.94316, 38.91756 ], [ -77.98947, 38.87562 ], [ -78.01515, 38.7828 ], [ -77.94196, 38.79707 ], [ -77.96767, 38.70425 ], [ -77.90101, 38.6953 ], [ -77.87414, 38.66761 ], [ -77.77422, 38.65409 ], [ -77.63517, 38.77966 ], [ -77.59583, 38.91878 ], [ -77.55583, 38.9374 ], [ -77.52284, 39.05329 ], [ -77.47611, 39.09506 ], [ -77.37562, 39.08126 ], [ -77.35548, 39.03031 ], [ -77.46155, 38.65949 ], [ -77.52112, 38.57132 ], [ -77.39481, 38.52976 ], [ -77.34836, 38.57151 ], [ -77.33511, 38.61787 ], [ -77.2553, 38.65496 ], [ -77.23529, 38.72448 ], [ -77.26859, 38.72913 ], [ -77.23519, 38.84498 ], [ -77.19514, 38.86349 ], [ -77.16827, 38.95615 ], [ -77.07444, 39.03943 ], [ -77.00076, 39.0532 ], [ -76.93388, 39.04377 ], [ -76.8173, 39.43713 ], [ -76.85093, 39.44187 ], [ -76.84404, 39.465 ] ] ], [ [ [ -75.33591, 40.11395 ], [ -75.36978, 40.11905 ], [ -75.37727, 40.09601 ], [ -75.34341, 40.09092 ], [ -75.33591, 40.11395 ] ] ], [ [ [ -75.40366, 40.12414 ], [ -75.41512, 40.19834 ], [ -75.52435, 40.19051 ], [ -75.54665, 40.12137 ], [ -75.40366, 40.12414 ] ] ], [ [ [ -74.36007, 40.47178 ], [ -74.30235, 40.53535 ], [ -74.27856, 40.60425 ], [ -74.31261, 40.6096 ], [ -74.30468, 40.63257 ], [ -74.34666, 40.61494 ], [ -74.48292, 40.63624 ], [ -74.54055, 40.5726 ], [ -74.60865, 40.58317 ], [ -74.65546, 40.44524 ], [ -74.68946, 40.4505 ], [ -74.71275, 40.38152 ], [ -74.78841, 40.36901 ], [ -74.80386, 40.32301 ], [ -74.89801, 40.36167 ], [ -74.96595, 40.37207 ], [ -74.95061, 40.41809 ], [ -74.98461, 40.42328 ], [ -75.01522, 40.33123 ], [ -75.0042, 40.25701 ], [ -75.11358, 40.2495 ], [ -75.13635, 40.18044 ], [ -75.06858, 40.17012 ], [ -75.09896, 40.07803 ], [ -74.94514, 40.0061 ], [ -74.94187, 39.90883 ], [ -74.9723, 39.81675 ], [ -74.96142, 39.74248 ], [ -74.90175, 39.70906 ], [ -74.89097, 39.63478 ], [ -74.79788, 39.59608 ], [ -74.69723, 39.58034 ], [ -74.68189, 39.62636 ], [ -74.65883, 39.69539 ], [ -74.67706, 39.74668 ], [ -74.56881, 40.0687 ], [ -74.6026, 40.07398 ], [ -74.52473, 40.30389 ], [ -74.58475, 40.33746 ], [ -74.55352, 40.42941 ], [ -74.41768, 40.40818 ], [ -74.36796, 40.4488 ], [ -74.36007, 40.47178 ] ] ] ] } },
{ "type": "Feature", "properties": { "ID": 29 }, "geometry": { "type": "MultiPolygon", "coordinates": [ [ [ [ -84.22046, 34.70915 ], [ -84.22443, 34.68553 ], [ -84.19267, 34.68257 ], [ -84.20061, 34.63531 ], [ -84.13715, 34.62938 ], [ -84.12516, 34.70026 ], [ -84.22046, 34.70915 ] ] ], [ [ [ -83.90696, 34.65563 ], [ -83.87115, 34.67621 ], [ -83.86707, 34.69983 ], [ -83.93057, 34.70589 ], [ -83.89066, 34.7501 ], [ -83.88249, 34.79732 ], [ -83.94609, 34.80338 ], [ -83.95015, 34.77976 ], [ -84.01374, 34.78578 ], [ -84.02182, 34.73855 ], [ -84.00217, 34.66468 ], [ -83.90696, 34.65563 ] ] ], [ [ [ -84.33577, 34.79178 ], [ -84.34363, 34.74452 ], [ -84.28006, 34.73867 ], [ -84.2761, 34.76229 ], [ -84.3079, 34.76523 ], [ -84.30396, 34.78885 ], [ -84.33577, 34.79178 ] ] ], [ [ [ -84.63869, 34.91513 ], [ -84.5865, 34.83853 ], [ -84.45915, 34.82703 ], [ -84.44355, 34.92153 ], [ -84.5073, 34.92731 ], [ -84.50342, 34.95093 ], [ -84.56721, 34.95667 ], [ -84.63869, 34.91513 ] ] ], [ [ [ -83.80246, 34.88567 ], [ -83.8425, 34.8415 ], [ -83.74707, 34.83233 ], [ -83.7388, 34.87954 ], [ -83.80246, 34.88567 ] ] ], [ [ [ -83.47805, 35.07017 ], [ -83.54425, 35.24461 ], [ -83.7042, 35.26009 ], [ -83.78479, 35.17188 ], [ -83.79307, 35.1247 ], [ -83.70143, 35.09191 ], [ -83.67785, 35.04165 ], [ -83.61406, 35.03546 ], [ -83.59476, 34.96159 ], [ -83.46736, 34.9491 ], [ -83.4419, 35.09062 ], [ -83.47381, 35.09376 ], [ -83.47805, 35.07017 ] ] ], [ [ [ -82.59966, 35.0769 ], [ -82.59058, 35.124 ], [ -82.5587, 35.12064 ], [ -82.54959, 35.16774 ], [ -82.51769, 35.16437 ], [ -82.49939, 35.25855 ], [ -82.60886, 35.198 ], [ -82.73657, 35.21133 ], [ -82.75453, 35.11711 ], [ -82.79983, 35.04974 ], [ -82.67241, 35.03647 ], [ -82.66339, 35.08358 ], [ -82.59966, 35.0769 ] ] ], [ [ [ -83.9923, 35.28745 ], [ -83.98414, 35.33463 ], [ -83.92006, 35.3286 ], [ -83.97597, 35.3818 ], [ -83.97188, 35.40538 ], [ -84.03604, 35.41138 ], [ -84.04417, 35.36421 ], [ -84.07623, 35.3672 ], [ -84.08029, 35.34361 ], [ -84.12042, 35.2994 ], [ -84.08838, 35.29643 ], [ -84.07256, 35.19907 ], [ -84.04057, 35.19608 ], [ -83.90856, 35.20764 ], [ -83.90035, 35.25481 ], [ -83.93236, 35.25784 ], [ -83.92826, 35.28143 ], [ -83.9923, 35.28745 ] ] ], [ [ [ -82.84272, 35.51039 ], [ -82.91578, 35.46987 ], [ -83.01639, 35.45609 ], [ -83.03963, 35.50643 ], [ -83.02637, 35.57707 ], [ -83.09061, 35.58354 ], [ -83.06856, 35.70124 ], [ -83.13292, 35.70769 ], [ -83.15632, 35.75798 ], [ -83.18261, 35.61673 ], [ -83.11394, 35.63385 ], [ -83.14464, 35.46901 ], [ -83.16212, 35.37479 ], [ -83.03404, 35.36189 ], [ -83.02522, 35.40899 ], [ -82.874, 35.34558 ], [ -82.88292, 35.29848 ], [ -83.00644, 35.33509 ], [ -83.07045, 35.34157 ], [ -83.07923, 35.29446 ], [ -83.04725, 35.29122 ], [ -83.05603, 35.2441 ], [ -83.21588, 35.26019 ], [ -83.28415, 35.243 ], [ -83.30569, 35.12514 ], [ -83.34618, 35.08115 ], [ -83.31858, 35.05441 ], [ -83.32715, 35.00724 ], [ -83.19971, 34.99449 ], [ -83.19105, 35.04165 ], [ -83.06357, 35.02877 ], [ -82.99545, 35.04585 ], [ -82.95476, 35.08972 ], [ -82.9415, 35.16041 ], [ -82.82791, 35.2448 ], [ -82.74603, 35.33239 ], [ -82.71404, 35.32907 ], [ -82.67301, 35.37283 ], [ -82.69597, 35.42324 ], [ -82.69144, 35.44678 ], [ -82.75553, 35.45342 ], [ -82.74651, 35.50049 ], [ -82.84272, 35.51039 ] ] ], [ [ [ -83.52968, 35.507 ], [ -83.52118, 35.55412 ], [ -83.45694, 35.54787 ], [ -83.4441, 35.61854 ], [ -83.47625, 35.62167 ], [ -83.4677, 35.66878 ], [ -83.49988, 35.67191 ], [ -83.50841, 35.6248 ], [ -83.5812, 35.58391 ], [ -83.67764, 35.59319 ], [ -83.65392, 35.54297 ], [ -83.71817, 35.54913 ], [ -83.72236, 35.52556 ], [ -83.69024, 35.52249 ], [ -83.69443, 35.49892 ], [ -83.63022, 35.49275 ], [ -83.5939, 35.51322 ], [ -83.52968, 35.507 ] ] ], [ [ [ -83.41624, 35.59184 ], [ -83.43338, 35.49761 ], [ -83.33711, 35.48815 ], [ -83.32848, 35.53526 ], [ -83.29637, 35.53209 ], [ -83.27904, 35.6263 ], [ -83.37549, 35.6358 ], [ -83.41624, 35.59184 ] ] ], [ [ [ -82.84343, 35.67843 ], [ -82.82994, 35.74902 ], [ -82.92204, 35.78238 ], [ -82.91309, 35.82944 ], [ -83.00978, 35.83921 ], [ -82.96316, 35.73858 ], [ -82.97651, 35.66798 ], [ -82.91221, 35.66145 ], [ -82.86137, 35.58429 ], [ -82.82926, 35.58101 ], [ -82.78815, 35.62478 ], [ -82.77913, 35.67184 ], [ -82.84343, 35.67843 ] ] ], [ [ [ -82.32007, 35.67185 ], [ -82.37967, 35.70218 ], [ -82.36105, 35.79622 ], [ -82.31951, 35.83983 ], [ -82.35172, 35.84324 ], [ -82.34704, 35.86674 ], [ -82.37926, 35.87015 ], [ -82.39323, 35.79962 ], [ -82.42542, 35.80302 ], [ -82.43006, 35.77951 ], [ -82.46224, 35.78289 ], [ -82.47611, 35.71235 ], [ -82.44396, 35.70897 ], [ -82.45321, 35.66193 ], [ -82.38432, 35.67866 ], [ -82.32007, 35.67185 ] ] ], [ [ [ -84.45603, 36.2156 ], [ -84.4719, 36.12136 ], [ -84.40705, 36.11558 ], [ -84.39907, 36.1627 ], [ -84.42355, 36.21271 ], [ -84.45603, 36.2156 ] ] ], [ [ [ -84.15979, 36.21287 ], [ -84.15163, 36.25997 ], [ -84.18412, 36.26292 ], [ -84.22066, 36.24232 ], [ -84.21254, 36.28942 ], [ -84.27755, 36.29529 ], [ -84.29771, 36.17753 ], [ -84.20038, 36.16872 ], [ -84.19225, 36.21583 ], [ -84.15979, 36.21287 ] ] ], [ [ [ -82.79228, 36.79957 ], [ -82.80144, 36.75261 ], [ -82.73613, 36.74601 ], [ -82.75961, 36.79627 ], [ -82.79228, 36.79957 ] ] ], [ [ [ -82.90939, 36.88311 ], [ -82.92755, 36.78919 ], [ -82.8622, 36.78266 ], [ -82.82039, 36.82633 ], [ -82.8348, 36.92352 ], [ -82.87667, 36.87985 ], [ -82.90939, 36.88311 ] ] ], [ [ [ -83.01209, 36.86938 ], [ -82.94665, 36.86289 ], [ -82.94211, 36.88637 ], [ -82.97484, 36.88962 ], [ -83.00306, 36.91634 ], [ -82.99402, 36.9633 ], [ -83.05956, 36.96977 ], [ -83.12958, 36.95272 ], [ -83.16084, 36.78831 ], [ -83.06279, 36.77867 ], [ -83.0211, 36.82242 ], [ -83.01209, 36.86938 ] ] ], [ [ [ -82.04514, 36.86589 ], [ -82.12013, 36.82592 ], [ -82.12494, 36.80247 ], [ -82.05966, 36.79554 ], [ -82.04514, 36.86589 ] ] ], [ [ [ -82.2077, 37.05075 ], [ -82.24526, 37.03074 ], [ -82.47468, 37.05452 ], [ -82.57772, 37.04113 ], [ -82.56837, 37.08805 ], [ -82.67145, 37.07459 ], [ -82.66216, 37.12151 ], [ -82.73706, 37.08122 ], [ -82.80269, 37.08781 ], [ -82.80729, 37.06434 ], [ -82.77448, 37.06105 ], [ -82.77909, 37.03758 ], [ -82.84468, 37.04416 ], [ -82.81647, 37.01741 ], [ -82.8348, 36.92352 ], [ -82.76013, 36.96388 ], [ -82.70387, 36.91033 ], [ -82.71772, 36.83992 ], [ -82.75961, 36.79627 ], [ -82.6616, 36.78633 ], [ -82.65234, 36.83328 ], [ -82.68502, 36.8366 ], [ -82.67577, 36.88354 ], [ -82.54495, 36.8702 ], [ -82.54962, 36.84673 ], [ -82.51693, 36.84337 ], [ -82.51225, 36.86684 ], [ -82.47956, 36.86347 ], [ -82.47486, 36.88694 ], [ -82.40946, 36.88018 ], [ -82.40001, 36.9271 ], [ -82.36729, 36.92371 ], [ -82.35781, 36.97062 ], [ -82.22688, 36.95696 ], [ -82.2077, 37.05075 ] ] ], [ [ [ -82.22371, 35.66156 ], [ -82.20489, 35.75559 ], [ -82.15855, 35.82265 ], [ -82.19073, 35.8261 ], [ -82.20017, 35.77909 ], [ -82.23234, 35.78254 ], [ -82.24644, 35.71202 ], [ -82.28794, 35.66842 ], [ -82.22371, 35.66156 ] ] ], [ [ [ -82.24571, 35.87998 ], [ -82.241, 35.90348 ], [ -82.27793, 35.88341 ], [ -82.24571, 35.87998 ] ] ], [ [ [ -82.09784, 35.96016 ], [ -82.03814, 35.92971 ], [ -81.84482, 35.90866 ], [ -81.82541, 36.00259 ], [ -81.79316, 35.99905 ], [ -81.77366, 36.09295 ], [ -81.80595, 36.09649 ], [ -81.85282, 36.0296 ], [ -81.94963, 36.04015 ], [ -81.93999, 36.08711 ], [ -82.07399, 36.0776 ], [ -82.09784, 35.96016 ] ] ], [ [ [ -81.12649, 36.78878 ], [ -81.25687, 36.80353 ], [ -81.29457, 36.78378 ], [ -81.28437, 36.83062 ], [ -81.38223, 36.84158 ], [ -81.46262, 36.77856 ], [ -81.52783, 36.78579 ], [ -81.58043, 36.69565 ], [ -81.71073, 36.70995 ], [ -81.76303, 36.61973 ], [ -81.92578, 36.63737 ], [ -81.90298, 36.58695 ], [ -81.94523, 36.54354 ], [ -82.04278, 36.55402 ], [ -82.05242, 36.50709 ], [ -82.08493, 36.51056 ], [ -82.08973, 36.4871 ], [ -82.12702, 36.46709 ], [ -82.07166, 36.41322 ], [ -82.00193, 36.42973 ], [ -81.8721, 36.4157 ], [ -81.91427, 36.37229 ], [ -81.93366, 36.27842 ], [ -82.09564, 36.29586 ], [ -82.16998, 36.25582 ], [ -82.17949, 36.20886 ], [ -82.24423, 36.21574 ], [ -82.25369, 36.16877 ], [ -82.3184, 36.17561 ], [ -82.3278, 36.12863 ], [ -82.39248, 36.13544 ], [ -82.39715, 36.11195 ], [ -82.42948, 36.11534 ], [ -82.43414, 36.09184 ], [ -82.46647, 36.09522 ], [ -82.47111, 36.07172 ], [ -82.50343, 36.0751 ], [ -82.51732, 36.00459 ], [ -82.57729, 36.03481 ], [ -82.56808, 36.08182 ], [ -82.53575, 36.07846 ], [ -82.5265, 36.12546 ], [ -82.62355, 36.13551 ], [ -82.69741, 36.09516 ], [ -82.71566, 36.00113 ], [ -82.65107, 35.99448 ], [ -82.65565, 35.97097 ], [ -82.62337, 35.96763 ], [ -82.63253, 35.92061 ], [ -82.57722, 35.8669 ], [ -82.545, 35.86354 ], [ -82.50816, 35.88369 ], [ -82.50354, 35.9072 ], [ -82.42047, 35.99446 ], [ -82.3695, 36.08505 ], [ -82.24025, 36.07138 ], [ -82.11582, 36.0341 ], [ -82.11105, 36.05758 ], [ -82.12907, 36.1315 ], [ -81.99978, 36.1176 ], [ -81.94817, 36.208 ], [ -81.84626, 36.22092 ], [ -81.7492, 36.2103 ], [ -81.76687, 36.28424 ], [ -81.74725, 36.37809 ], [ -81.70497, 36.42144 ], [ -81.57523, 36.40712 ], [ -81.62253, 36.34035 ], [ -81.60996, 36.24294 ], [ -81.63466, 36.12562 ], [ -81.57007, 36.11844 ], [ -81.42091, 36.19781 ], [ -81.41088, 36.24471 ], [ -81.37854, 36.24107 ], [ -81.3584, 36.33486 ], [ -81.43047, 36.46301 ], [ -81.40025, 36.60364 ], [ -81.26004, 36.63589 ], [ -81.16249, 36.62483 ], [ -81.15222, 36.67168 ], [ -81.18475, 36.67538 ], [ -81.17963, 36.6988 ], [ -81.14708, 36.6951 ], [ -81.12649, 36.78878 ] ], [ [ -81.57284, 36.57485 ], [ -81.6153, 36.53155 ], [ -81.71278, 36.54227 ], [ -81.7029, 36.58917 ], [ -81.61798, 36.6758 ], [ -81.48777, 36.6614 ], [ -81.57284, 36.57485 ] ] ], [ [ [ -81.07375, 36.42257 ], [ -81.09074, 36.49658 ], [ -81.21545, 36.53481 ], [ -81.22565, 36.48794 ], [ -81.29564, 36.47186 ], [ -81.2835, 36.37443 ], [ -81.18632, 36.36339 ], [ -81.11643, 36.37942 ], [ -81.13858, 36.43 ], [ -81.07375, 36.42257 ] ] ], [ [ [ -80.74015, 36.5761 ], [ -80.66463, 36.61529 ], [ -80.65402, 36.6621 ], [ -80.71903, 36.66973 ], [ -80.78405, 36.67732 ], [ -80.80508, 36.58368 ], [ -80.74015, 36.5761 ] ] ], [ [ [ -80.35085, 36.67416 ], [ -80.32374, 36.7911 ], [ -80.37801, 36.84566 ], [ -80.36174, 36.9158 ], [ -80.45957, 36.92744 ], [ -80.53555, 36.88839 ], [ -80.57836, 36.70124 ], [ -80.5294, 36.62335 ], [ -80.43199, 36.61175 ], [ -80.36167, 36.62738 ], [ -80.35626, 36.65077 ], [ -80.38334, 36.67805 ], [ -80.35085, 36.67416 ] ] ], [ [ [ -80.57936, 36.98963 ], [ -80.65534, 36.95051 ], [ -80.6227, 36.94668 ], [ -80.58472, 36.96624 ], [ -80.57936, 36.98963 ] ] ], [ [ [ -81.97351, 37.04994 ], [ -81.88836, 37.13667 ], [ -81.72443, 37.119 ], [ -81.68953, 37.28295 ], [ -81.88672, 37.30418 ], [ -81.91625, 37.16361 ], [ -81.95885, 37.12025 ], [ -82.02444, 37.12723 ], [ -82.0439, 37.03347 ], [ -82.01114, 37.02999 ], [ -82.00627, 37.05343 ], [ -81.97351, 37.04994 ] ] ], [ [ [ -80.10603, 37.00521 ], [ -80.08944, 37.0753 ], [ -80.04568, 37.11806 ], [ -80.09998, 37.1727 ], [ -80.09444, 37.19606 ], [ -80.1599, 37.20395 ], [ -80.21464, 37.11444 ], [ -80.24734, 37.11836 ], [ -80.26377, 37.04825 ], [ -80.21492, 36.97029 ], [ -80.11707, 36.95847 ], [ -80.10603, 37.00521 ] ] ], [ [ [ -80.20305, 37.44932 ], [ -80.19199, 37.49602 ], [ -80.25775, 37.50386 ], [ -80.26876, 37.45716 ], [ -80.20305, 37.44932 ] ] ], [ [ [ -80.48772, 37.38702 ], [ -80.44401, 37.42989 ], [ -80.37283, 37.4455 ], [ -80.36189, 37.49221 ], [ -80.29063, 37.50777 ], [ -80.30704, 37.58173 ], [ -80.27948, 37.69847 ], [ -80.37844, 37.71016 ], [ -80.35644, 37.65957 ], [ -80.38384, 37.54281 ], [ -80.53178, 37.48819 ], [ -80.63047, 37.49969 ], [ -80.64123, 37.45295 ], [ -80.707, 37.46058 ], [ -80.72304, 37.39045 ], [ -80.66805, 37.33609 ], [ -80.60241, 37.32845 ], [ -80.59164, 37.37519 ], [ -80.49314, 37.36366 ], [ -80.48772, 37.38702 ] ] ], [ [ [ -80.6269, 37.95497 ], [ -80.61606, 38.00167 ], [ -80.71552, 38.0131 ], [ -80.73252, 38.08694 ], [ -80.54474, 38.16124 ], [ -80.4954, 38.37125 ], [ -80.5954, 38.38276 ], [ -80.61236, 38.45658 ], [ -80.7459, 38.4718 ], [ -80.7847, 38.45225 ], [ -80.86223, 38.4131 ], [ -80.88906, 38.29638 ], [ -80.78914, 38.28508 ], [ -80.84392, 38.19546 ], [ -80.92112, 38.15627 ], [ -81.02617, 38.14411 ], [ -81.05787, 38.00394 ], [ -81.10846, 38.08145 ], [ -81.17491, 38.08883 ], [ -81.16967, 38.1122 ], [ -81.20813, 38.09251 ], [ -81.30783, 38.1035 ], [ -81.44597, 38.09467 ], [ -81.52269, 38.05512 ], [ -81.53291, 38.00836 ], [ -81.69102, 37.90573 ], [ -81.75735, 37.91283 ], [ -81.83369, 37.8731 ], [ -81.84864, 37.80289 ], [ -81.78241, 37.79584 ], [ -81.8024, 37.70222 ], [ -81.73627, 37.69514 ], [ -81.74128, 37.67174 ], [ -81.57608, 37.6539 ], [ -81.55827, 37.58012 ], [ -81.49229, 37.57291 ], [ -81.50754, 37.50271 ], [ -81.45692, 37.42528 ], [ -81.48739, 37.28484 ], [ -81.61107, 37.17856 ], [ -81.6211, 37.13172 ], [ -81.69165, 37.11544 ], [ -81.70659, 37.04517 ], [ -81.74925, 37.00186 ], [ -81.78198, 37.00541 ], [ -81.79186, 36.95854 ], [ -81.88999, 36.96912 ], [ -81.96518, 36.92925 ], [ -81.97493, 36.88236 ], [ -81.87692, 36.87184 ], [ -81.8671, 36.91872 ], [ -81.73637, 36.90458 ], [ -81.68879, 36.97132 ], [ -81.65609, 36.96775 ], [ -81.61339, 37.01103 ], [ -81.44983, 36.99301 ], [ -81.32415, 36.95504 ], [ -81.2588, 36.94771 ], [ -81.17802, 37.01059 ], [ -81.07995, 36.99948 ], [ -81.00416, 37.03884 ], [ -81.01601, 37.13617 ], [ -81.00033, 37.20636 ], [ -80.90201, 37.19512 ], [ -80.83119, 37.21098 ], [ -80.8153, 37.28113 ], [ -80.88092, 37.28867 ], [ -80.89792, 37.36259 ], [ -80.96363, 37.37009 ], [ -80.90968, 37.45987 ], [ -80.93731, 37.487 ], [ -80.9003, 37.65064 ], [ -80.82899, 37.66648 ], [ -80.76301, 37.65892 ], [ -80.75231, 37.70565 ], [ -80.67553, 37.74477 ], [ -80.63773, 37.90827 ], [ -80.60463, 37.90444 ], [ -80.59378, 37.95114 ], [ -80.6269, 37.95497 ] ], [ [ -81.0323, 37.66559 ], [ -81.20592, 37.49332 ], [ -81.21628, 37.44654 ], [ -81.30988, 37.48093 ], [ -81.29443, 37.55111 ], [ -81.21815, 37.59056 ], [ -81.20257, 37.66071 ], [ -81.12611, 37.7001 ], [ -81.04956, 37.73944 ], [ -81.0443, 37.76281 ], [ -80.98347, 37.73199 ], [ -80.99929, 37.66186 ], [ -81.0323, 37.66559 ] ] ], [ [ [ -79.88769, 37.91559 ], [ -79.93208, 37.87294 ], [ -79.86599, 37.86494 ], [ -79.86031, 37.88827 ], [ -79.89336, 37.89227 ], [ -79.88769, 37.91559 ] ] ], [ [ [ -80.24587, 38.12636 ], [ -80.34546, 38.13806 ], [ -80.38419, 38.11861 ], [ -80.3897, 38.09527 ], [ -80.257, 38.0797 ], [ -80.24587, 38.12636 ] ] ], [ [ [ -80.4954, 38.37125 ], [ -80.46208, 38.3674 ], [ -80.45104, 38.41405 ], [ -80.48439, 38.41791 ], [ -80.4954, 38.37125 ] ] ], [ [ [ -80.30655, 38.44518 ], [ -80.26203, 38.48792 ], [ -80.21717, 38.67442 ], [ -80.21154, 38.69772 ], [ -80.2785, 38.70554 ], [ -80.32316, 38.66282 ], [ -80.35104, 38.54624 ], [ -80.33991, 38.44908 ], [ -80.30655, 38.44518 ] ] ], [ [ [ -80.20591, 38.72103 ], [ -80.17243, 38.71711 ], [ -80.16678, 38.74041 ], [ -80.20028, 38.74434 ], [ -80.20591, 38.72103 ] ] ], [ [ [ -79.91522, 38.78259 ], [ -79.89798, 38.85246 ], [ -79.9536, 38.90702 ], [ -80.07709, 38.82574 ], [ -80.16678, 38.74041 ], [ -80.12763, 38.75978 ], [ -80.02714, 38.74793 ], [ -80.03853, 38.70133 ], [ -80.00506, 38.69737 ], [ -79.99936, 38.72067 ], [ -79.96589, 38.71669 ], [ -79.91522, 38.78259 ] ] ], [ [ [ -79.63376, 39.49206 ], [ -79.73533, 39.50419 ], [ -79.76333, 39.53148 ], [ -79.73398, 39.64778 ], [ -79.76792, 39.65181 ], [ -79.76205, 39.67507 ], [ -79.796, 39.67909 ], [ -79.80186, 39.65583 ], [ -79.83581, 39.65984 ], [ -79.92697, 39.57476 ], [ -79.98402, 39.48565 ], [ -79.97327, 39.38858 ], [ -79.87185, 39.37662 ], [ -79.8159, 39.32207 ], [ -79.88547, 39.04274 ], [ -79.7904, 39.00744 ], [ -79.77422, 38.93358 ], [ -79.78002, 38.91029 ], [ -79.74646, 38.90627 ], [ -79.73483, 38.95283 ], [ -79.70126, 38.94879 ], [ -79.68959, 38.99534 ], [ -79.656, 38.99129 ], [ -79.62083, 39.13092 ], [ -79.56359, 39.21992 ], [ -79.5914, 39.24726 ], [ -79.56779, 39.34031 ], [ -79.64121, 39.32517 ], [ -79.60583, 39.46474 ], [ -79.63966, 39.4688 ], [ -79.63376, 39.49206 ] ] ], [ [ [ -80.38534, 39.98668 ], [ -80.37398, 40.03323 ], [ -80.54492, 40.05249 ], [ -80.55616, 40.00592 ], [ -80.38534, 39.98668 ] ] ], [ [ [ -79.43069, 39.87506 ], [ -79.41866, 39.92153 ], [ -79.49876, 39.88325 ], [ -79.43069, 39.87506 ] ] ], [ [ [ -79.17898, 37.75568 ], [ -79.20603, 37.78316 ], [ -79.1494, 37.87215 ], [ -79.2154, 37.8805 ], [ -79.26019, 37.83808 ], [ -79.23899, 37.78732 ], [ -79.30492, 37.79563 ], [ -79.31079, 37.77233 ], [ -79.32836, 37.70242 ], [ -79.29543, 37.69828 ], [ -79.28957, 37.72158 ], [ -79.12496, 37.70072 ], [ -79.11311, 37.74731 ], [ -79.17898, 37.75568 ] ] ], [ [ [ -78.95748, 37.82362 ], [ -78.91251, 37.86595 ], [ -78.92146, 37.9633 ], [ -78.91544, 37.98658 ], [ -78.99352, 37.94848 ], [ -79.12565, 37.96531 ], [ -79.13753, 37.91873 ], [ -79.0715, 37.91034 ], [ -79.10124, 37.7939 ], [ -79.03534, 37.78549 ], [ -79.02341, 37.83206 ], [ -78.95748, 37.82362 ] ] ], [ [ [ -79.23775, 38.19574 ], [ -79.33726, 38.20819 ], [ -79.34904, 38.16161 ], [ -79.32178, 38.13418 ], [ -79.25551, 38.12589 ], [ -79.23775, 38.19574 ] ] ], [ [ [ -78.71987, 38.08161 ], [ -78.67709, 38.24443 ], [ -78.57149, 38.25475 ], [ -78.58616, 38.32882 ], [ -78.65255, 38.33744 ], [ -78.77656, 38.25728 ], [ -78.8009, 38.16423 ], [ -78.8522, 38.09869 ], [ -78.78602, 38.09017 ], [ -78.79816, 38.04363 ], [ -78.7651, 38.03936 ], [ -78.75294, 38.08589 ], [ -78.71987, 38.08161 ] ] ], [ [ [ -79.4838, 38.44246 ], [ -79.47207, 38.48903 ], [ -79.46032, 38.53559 ], [ -79.53873, 38.49721 ], [ -79.71838, 38.32713 ], [ -79.65187, 38.31903 ], [ -79.57956, 38.33419 ], [ -79.53464, 38.37669 ], [ -79.48966, 38.41917 ], [ -79.4838, 38.44246 ] ] ], [ [ [ -78.52823, 38.41748 ], [ -78.54061, 38.37099 ], [ -78.58616, 38.32882 ], [ -78.51979, 38.32016 ], [ -78.495, 38.41314 ], [ -78.52823, 38.41748 ] ] ], [ [ [ -78.43479, 38.3812 ], [ -78.42856, 38.40444 ], [ -78.46178, 38.40879 ], [ -78.468, 38.38555 ], [ -78.43479, 38.3812 ] ] ], [ [ [ -79.00302, 38.5746 ], [ -78.98487, 38.64437 ], [ -79.01825, 38.64859 ], [ -78.99404, 38.74161 ], [ -79.06089, 38.75003 ], [ -79.04881, 38.79654 ], [ -79.08226, 38.80074 ], [ -79.09432, 38.75422 ], [ -79.10637, 38.70771 ], [ -79.13041, 38.61466 ], [ -79.16378, 38.61884 ], [ -79.17575, 38.57231 ], [ -79.25436, 38.53409 ], [ -79.26031, 38.51082 ], [ -79.19367, 38.5025 ], [ -79.2389, 38.46012 ], [ -79.26266, 38.36702 ], [ -79.36243, 38.37944 ], [ -79.38599, 38.2863 ], [ -79.31956, 38.27804 ], [ -79.26859, 38.34374 ], [ -79.20212, 38.33542 ], [ -79.15696, 38.37779 ], [ -79.15098, 38.40107 ], [ -79.11174, 38.42015 ], [ -79.05443, 38.50902 ], [ -79.03636, 38.57881 ], [ -79.00302, 38.5746 ] ] ], [ [ [ -78.54289, 38.49154 ], [ -78.54909, 38.46829 ], [ -78.44934, 38.45527 ], [ -78.47637, 38.48286 ], [ -78.46392, 38.52934 ], [ -78.54289, 38.49154 ] ] ], [ [ [ -79.44071, 38.74919 ], [ -79.47017, 38.63281 ], [ -79.40339, 38.62459 ], [ -79.43088, 38.65198 ], [ -79.40725, 38.74508 ], [ -79.44071, 38.74919 ] ] ], [ [ [ -78.34529, 38.58595 ], [ -78.33273, 38.6324 ], [ -78.3786, 38.59032 ], [ -78.34529, 38.58595 ] ] ], [ [ [ -79.42889, 38.79573 ], [ -79.41706, 38.84227 ], [ -79.45056, 38.84638 ], [ -79.46237, 38.79984 ], [ -79.42889, 38.79573 ] ] ], [ [ [ -78.24083, 38.71652 ], [ -78.23451, 38.73974 ], [ -78.30126, 38.74853 ], [ -78.30756, 38.7253 ], [ -78.24083, 38.71652 ] ] ], [ [ [ -78.81753, 38.88739 ], [ -78.82979, 38.8409 ], [ -78.79633, 38.83664 ], [ -78.78405, 38.88313 ], [ -78.75057, 38.87885 ], [ -78.73824, 38.92533 ], [ -78.81753, 38.88739 ] ] ], [ [ [ -78.99109, 38.88533 ], [ -78.92411, 38.87688 ], [ -78.83262, 38.96137 ], [ -78.84775, 39.03534 ], [ -78.82315, 39.12828 ], [ -78.85677, 39.13253 ], [ -78.86905, 39.08606 ], [ -78.90264, 39.0903 ], [ -78.92711, 38.99734 ], [ -78.96066, 39.00157 ], [ -78.93932, 38.95085 ], [ -78.98501, 38.90858 ], [ -78.99109, 38.88533 ] ] ], [ [ [ -78.5708, 38.90383 ], [ -78.56457, 38.92706 ], [ -78.59806, 38.93138 ], [ -78.55834, 38.95029 ], [ -78.53337, 39.04319 ], [ -78.60047, 39.05183 ], [ -78.61292, 39.00538 ], [ -78.71972, 38.99503 ], [ -78.73824, 38.92533 ], [ -78.5708, 38.90383 ] ] ], [ [ [ -78.82315, 39.12828 ], [ -78.75595, 39.11975 ], [ -78.73119, 39.21267 ], [ -78.69133, 39.23161 ], [ -78.71879, 39.25912 ], [ -78.75246, 39.2634 ], [ -78.75865, 39.24017 ], [ -78.85062, 39.15577 ], [ -78.82315, 39.12828 ] ] ], [ [ [ -79.10763, 39.23599 ], [ -79.10156, 39.25923 ], [ -79.06506, 39.39867 ], [ -79.09883, 39.40286 ], [ -79.08665, 39.44933 ], [ -79.15424, 39.4577 ], [ -79.20015, 39.41539 ], [ -79.21828, 39.34565 ], [ -79.1508, 39.33732 ], [ -79.18708, 39.19785 ], [ -79.22677, 39.17876 ], [ -79.15946, 39.17043 ], [ -79.11369, 39.21274 ], [ -79.10763, 39.23599 ] ] ] ] } },
{ "type": "Feature", "properties": { "ID": 30 }, "geometry": { "type": "MultiPolygon", "coordinates": [ [ [ [ -76.33759, 34.91273 ], [ -76.29292, 34.9544 ], [ -76.27301, 35.02425 ], [ -76.36743, 35.03896 ], [ -76.41211, 34.99727 ], [ -76.42529, 34.95069 ], [ -76.33759, 34.91273 ] ] ], [ [ [ -76.41211, 34.99727 ], [ -76.4238, 35.07202 ], [ -76.48681, 35.08176 ], [ -76.50652, 35.01188 ], [ -76.41211, 34.99727 ] ] ], [ [ [ -76.63787, 35.12927 ], [ -76.54327, 35.11476 ], [ -76.49859, 35.15648 ], [ -76.45241, 35.31944 ], [ -76.54727, 35.33401 ], [ -76.52882, 35.2826 ], [ -76.57356, 35.24088 ], [ -76.59324, 35.17102 ], [ -76.63787, 35.12927 ] ] ], [ [ [ -75.96044, 35.87463 ], [ -76.0173, 35.9078 ], [ -75.99, 36.00069 ], [ -76.06061, 35.9874 ], [ -76.22011, 36.01209 ], [ -76.29068, 35.99868 ], [ -76.31086, 35.92897 ], [ -76.30586, 35.83112 ], [ -76.2422, 35.8213 ], [ -76.2758, 35.70509 ], [ -76.2892, 35.65859 ], [ -76.25745, 35.65368 ], [ -76.23242, 35.62552 ], [ -76.29094, 35.53743 ], [ -76.31766, 35.44439 ], [ -76.36263, 35.40276 ], [ -76.48924, 35.42226 ], [ -76.50245, 35.37571 ], [ -76.40755, 35.36111 ], [ -76.26281, 35.29009 ], [ -76.24946, 35.33662 ], [ -76.15466, 35.32183 ], [ -76.00805, 35.37175 ], [ -76.0126, 35.46971 ], [ -75.98547, 35.56268 ], [ -75.92891, 35.52947 ], [ -75.90164, 35.6224 ], [ -75.93335, 35.6274 ], [ -75.89922, 35.74354 ], [ -75.90364, 35.84143 ], [ -75.96044, 35.87463 ] ] ], [ [ [ -76.31906, 37.16644 ], [ -76.384, 37.17619 ], [ -76.36353, 37.24574 ], [ -76.31733, 37.28723 ], [ -76.24542, 37.30062 ], [ -76.2642, 37.35186 ], [ -76.23666, 37.44454 ], [ -76.24168, 37.54211 ], [ -76.26743, 37.57017 ], [ -76.2398, 37.66281 ], [ -76.33792, 37.67747 ], [ -76.31899, 37.62627 ], [ -76.36542, 37.58481 ], [ -76.41335, 37.4226 ], [ -76.55187, 37.29802 ], [ -76.62372, 37.28446 ], [ -76.66972, 37.24287 ], [ -76.61143, 37.21007 ], [ -76.63836, 37.11727 ], [ -76.68424, 37.07567 ], [ -76.6518, 37.07087 ], [ -76.68531, 36.95483 ], [ -76.62055, 36.94522 ], [ -76.64066, 36.8756 ], [ -76.58941, 36.81955 ], [ -76.60282, 36.77312 ], [ -76.54496, 36.74026 ], [ -76.52613, 36.689 ], [ -76.54627, 36.61935 ], [ -76.48184, 36.60967 ], [ -76.51542, 36.49358 ], [ -76.43243, 36.43258 ], [ -76.33608, 36.41796 ], [ -76.3175, 36.36664 ], [ -76.38486, 36.13439 ], [ -76.33436, 36.07816 ], [ -76.29568, 36.0965 ], [ -76.16788, 36.07684 ], [ -76.00599, 36.17312 ], [ -76.01744, 36.24772 ], [ -75.98314, 36.36374 ], [ -76.0152, 36.3687 ], [ -75.98084, 36.48469 ], [ -75.98542, 36.58244 ], [ -76.04975, 36.59236 ], [ -76.02223, 36.68512 ], [ -76.04536, 36.83415 ], [ -76.14224, 36.84897 ], [ -76.16768, 36.87708 ], [ -76.14708, 36.94664 ], [ -76.24414, 36.96139 ], [ -76.30204, 36.99437 ], [ -76.2747, 37.08711 ], [ -76.33273, 37.12007 ], [ -76.31906, 37.16644 ] ] ], [ [ [ -75.93845, 37.98039 ], [ -75.95718, 38.03162 ], [ -76.08866, 38.05141 ], [ -76.058, 37.92585 ], [ -75.95958, 37.91099 ], [ -75.93845, 37.98039 ] ] ] ] } },
{ "type": "Feature", "properties": { "ID": 31 }, "geometry": { "type": "MultiPolygon", "coordinates": [ [ [ [ -94.24631, 35.73968 ], [ -94.27761, 35.78762 ], [ -94.27525, 35.88262 ], [ -94.24269, 35.88218 ], [ -94.24209, 35.90593 ], [ -94.40492, 35.90802 ], [ -94.40656, 35.83678 ], [ -94.47163, 35.83757 ], [ -94.50622, 35.74294 ], [ -94.24631, 35.73968 ] ] ], [ [ [ -89.10811, 36.37746 ], [ -89.16644, 36.45188 ], [ -89.16171, 36.4992 ], [ -89.26002, 36.50429 ], [ -89.30207, 36.41132 ], [ -89.36753, 36.41465 ], [ -89.38355, 36.24896 ], [ -89.28559, 36.24396 ], [ -89.24362, 36.33696 ], [ -89.11287, 36.33013 ], [ -89.10811, 36.37746 ] ] ], [ [ [ -89.49397, 36.46856 ], [ -89.42845, 36.46529 ], [ -89.42162, 36.53628 ], [ -89.5528, 36.54279 ], [ -89.55726, 36.49546 ], [ -89.49397, 36.46856 ] ] ], [ [ [ -89.92331, 36.82184 ], [ -89.92119, 36.8455 ], [ -89.82235, 36.84091 ], [ -89.81589, 36.91187 ], [ -89.91484, 36.91647 ], [ -89.95625, 36.82336 ], [ -89.92331, 36.82184 ] ] ], [ [ [ -87.16087, 38.70987 ], [ -87.22535, 38.73778 ], [ -87.25291, 38.78703 ], [ -87.23408, 38.9282 ], [ -87.20016, 38.92601 ], [ -87.16847, 39.16122 ], [ -87.18982, 39.25748 ], [ -87.28895, 39.28754 ], [ -87.27321, 39.40511 ], [ -87.4099, 39.41372 ], [ -87.47209, 39.46501 ], [ -87.62106, 39.37935 ], [ -87.66125, 39.33438 ], [ -87.67328, 39.24028 ], [ -87.75634, 39.12676 ], [ -87.92656, 39.13692 ], [ -87.95771, 39.16246 ], [ -88.16213, 39.17431 ], [ -88.22187, 39.24881 ], [ -88.46073, 39.26215 ], [ -88.55776, 39.31483 ], [ -88.547, 39.40899 ], [ -88.57584, 39.45792 ], [ -88.64165, 39.48514 ], [ -88.63632, 39.53222 ], [ -88.69958, 39.58294 ], [ -88.72333, 39.37107 ], [ -88.76798, 39.2787 ], [ -88.74169, 39.20625 ], [ -88.67876, 39.15552 ], [ -88.68403, 39.10842 ], [ -88.61858, 39.08121 ], [ -88.62389, 39.03411 ], [ -88.55853, 39.00687 ], [ -88.45654, 39.00127 ], [ -88.46196, 38.95417 ], [ -88.36006, 38.9485 ], [ -88.33435, 38.87595 ], [ -88.23258, 38.87018 ], [ -88.20426, 38.82115 ], [ -88.21263, 38.75049 ], [ -88.31146, 38.77982 ], [ -88.61642, 38.79671 ], [ -88.6217, 38.74959 ], [ -88.69468, 38.70613 ], [ -88.79623, 38.71155 ], [ -88.87414, 38.62084 ], [ -88.89192, 38.45583 ], [ -88.95938, 38.45936 ], [ -88.94177, 38.62438 ], [ -89.17851, 38.63648 ], [ -89.15894, 38.82505 ], [ -89.26072, 38.83013 ], [ -89.30425, 38.73751 ], [ -89.37439, 38.71725 ], [ -89.47601, 38.72217 ], [ -89.50291, 38.79452 ], [ -89.63631, 38.8245 ], [ -89.6657, 38.87324 ], [ -89.6566, 38.96753 ], [ -89.72462, 38.97068 ], [ -89.70652, 39.15924 ], [ -89.80886, 39.1639 ], [ -89.80439, 39.21104 ], [ -89.87046, 39.23768 ], [ -90.04125, 39.2452 ], [ -90.08182, 39.17596 ], [ -90.15008, 39.17889 ], [ -90.19258, 39.08604 ], [ -90.26488, 39.04176 ], [ -90.50334, 39.05155 ], [ -90.54526, 38.95857 ], [ -90.37516, 38.95167 ], [ -90.38525, 38.83374 ], [ -90.4192, 38.83514 ], [ -90.4232, 38.78796 ], [ -90.45714, 38.78934 ], [ -90.46111, 38.74216 ], [ -90.52893, 38.7449 ], [ -90.56868, 38.67548 ], [ -90.63644, 38.67817 ], [ -90.67413, 38.6323 ], [ -90.68173, 38.5379 ], [ -90.61412, 38.53523 ], [ -90.55234, 38.46172 ], [ -90.55816, 38.39091 ], [ -90.46486, 38.29238 ], [ -90.36382, 38.2882 ], [ -90.29241, 38.33258 ], [ -90.26484, 38.26034 ], [ -90.20164, 38.21025 ], [ -90.20576, 38.16304 ], [ -90.14062, 38.13652 ], [ -90.03985, 38.1321 ], [ -90.01051, 38.0834 ], [ -90.002, 38.17782 ], [ -89.97267, 38.12911 ], [ -89.9055, 38.12609 ], [ -89.92059, 37.96083 ], [ -89.89142, 37.91209 ], [ -89.82665, 37.88541 ], [ -89.75973, 37.88231 ], [ -89.69727, 37.83196 ], [ -89.71281, 37.66665 ], [ -89.68392, 37.61783 ], [ -89.61951, 37.59105 ], [ -89.66175, 37.49814 ], [ -89.6087, 37.3532 ], [ -89.62658, 37.16412 ], [ -89.66632, 37.09479 ], [ -89.6377, 37.04592 ], [ -89.57162, 37.04272 ], [ -89.56713, 37.09001 ], [ -89.46795, 37.08515 ], [ -89.40644, 37.03459 ], [ -89.41333, 36.96367 ], [ -89.38495, 36.91473 ], [ -89.18714, 36.90467 ], [ -89.14033, 36.71209 ], [ -89.0746, 36.70864 ], [ -89.06978, 36.75594 ], [ -88.99914, 36.79975 ], [ -88.98695, 36.91795 ], [ -88.91609, 36.9617 ], [ -88.90867, 37.03259 ], [ -88.75639, 37.21444 ], [ -88.624, 37.20714 ], [ -88.62915, 37.1599 ], [ -88.52994, 37.15435 ], [ -88.4281, 37.17233 ], [ -88.4228, 37.21956 ], [ -88.02578, 37.19627 ], [ -88.03414, 37.12544 ], [ -88.07272, 37.08021 ], [ -88.17178, 37.08611 ], [ -88.21025, 37.04082 ], [ -88.22381, 36.92273 ], [ -88.19087, 36.92078 ], [ -88.20715, 36.77903 ], [ -88.24273, 36.75734 ], [ -88.33867, 36.78675 ], [ -88.47022, 36.79434 ], [ -88.58438, 36.65812 ], [ -88.65514, 36.61452 ], [ -88.66277, 36.54359 ], [ -88.6351, 36.49445 ], [ -88.53685, 36.48889 ], [ -88.44124, 36.45961 ], [ -88.45168, 36.36501 ], [ -88.42162, 36.33947 ], [ -88.32361, 36.33375 ], [ -88.28028, 36.42642 ], [ -88.21487, 36.42254 ], [ -88.17405, 36.49152 ], [ -88.10857, 36.48759 ], [ -88.07035, 36.53289 ], [ -88.00485, 36.52891 ], [ -88.00208, 36.55254 ], [ -87.93377, 36.57216 ], [ -87.82414, 36.66059 ], [ -87.84846, 36.7335 ], [ -87.83712, 36.82798 ], [ -87.88314, 36.99735 ], [ -87.75127, 36.98918 ], [ -87.71542, 37.01072 ], [ -87.72119, 36.96351 ], [ -87.65529, 36.95936 ], [ -87.6611, 36.91214 ], [ -87.5594, 36.92946 ], [ -87.4277, 36.92096 ], [ -87.38578, 36.98963 ], [ -87.34679, 37.03467 ], [ -87.3347, 37.12906 ], [ -87.29561, 37.17408 ], [ -87.19649, 37.16752 ], [ -87.15109, 37.25967 ], [ -87.08182, 37.27882 ], [ -87.07557, 37.32598 ], [ -87.30738, 37.34137 ], [ -87.30433, 37.36495 ], [ -87.33747, 37.36712 ], [ -87.3405, 37.34353 ], [ -87.37363, 37.34569 ], [ -87.37967, 37.29851 ], [ -87.51507, 37.28346 ], [ -87.50317, 37.37782 ], [ -87.40374, 37.37142 ], [ -87.36455, 37.41644 ], [ -87.35849, 37.46361 ], [ -87.24666, 37.55141 ], [ -87.17711, 37.5706 ], [ -87.16469, 37.66488 ], [ -86.97609, 37.8187 ], [ -86.96972, 37.86581 ], [ -86.92995, 37.91067 ], [ -86.95695, 37.96003 ], [ -87.09064, 37.96898 ], [ -87.15437, 37.99696 ], [ -87.11464, 38.04186 ], [ -87.04771, 38.03742 ], [ -87.03502, 38.13162 ], [ -87.13869, 38.11473 ], [ -87.11981, 38.25602 ], [ -87.07673, 38.32443 ], [ -87.14079, 38.35241 ], [ -87.16184, 38.44878 ], [ -87.13341, 38.6606 ], [ -87.16719, 38.6628 ], [ -87.16087, 38.70987 ] ], [ [ -88.59231, 37.79914 ], [ -88.49215, 37.79356 ], [ -88.48685, 37.84074 ], [ -88.31985, 37.83127 ], [ -88.32797, 37.7605 ], [ -88.43074, 37.74261 ], [ -88.4694, 37.69731 ], [ -88.56941, 37.7029 ], [ -88.59231, 37.79914 ] ], [ [ -90.1685, 38.58785 ], [ -90.17266, 38.54066 ], [ -90.34169, 38.54782 ], [ -90.33764, 38.59501 ], [ -90.26793, 38.61577 ], [ -90.26383, 38.66295 ], [ -90.12838, 38.65717 ], [ -90.1685, 38.58785 ] ] ], [ [ [ -86.57239, 36.62426 ], [ -86.53964, 36.6219 ], [ -86.53308, 36.6691 ], [ -86.50031, 36.66673 ], [ -86.49371, 36.71391 ], [ -86.42814, 36.70915 ], [ -86.41816, 36.77992 ], [ -86.49041, 36.73751 ], [ -86.5921, 36.721 ], [ -86.56585, 36.67146 ], [ -86.57239, 36.62426 ] ] ], [ [ [ -85.7942, 38.28098 ], [ -85.86487, 38.26253 ], [ -85.88642, 38.12143 ], [ -85.78605, 38.11383 ], [ -85.65593, 38.08008 ], [ -85.6486, 38.12711 ], [ -85.52598, 38.26038 ], [ -85.68627, 38.32033 ], [ -85.78694, 38.328 ], [ -85.7942, 38.28098 ] ] ], [ [ [ -76.65057, 37.89284 ], [ -76.70948, 37.92559 ], [ -76.7027, 37.94876 ], [ -76.73558, 37.95354 ], [ -76.76939, 37.83765 ], [ -76.73657, 37.83288 ], [ -76.71729, 37.78175 ], [ -76.70375, 37.8281 ], [ -76.67094, 37.82332 ], [ -76.65057, 37.89284 ] ] ], [ [ [ -77.25536, 38.53443 ], [ -77.20883, 38.57614 ], [ -77.18879, 38.64566 ], [ -77.20868, 38.69666 ], [ -77.24196, 38.70131 ], [ -77.2553, 38.65496 ], [ -77.33511, 38.61787 ], [ -77.34174, 38.59469 ], [ -77.27527, 38.58543 ], [ -77.28856, 38.53907 ], [ -77.25536, 38.53443 ] ] ], [ [ [ -76.96732, 39.04849 ], [ -76.97412, 39.02534 ], [ -76.9407, 39.02063 ], [ -76.98092, 39.00219 ], [ -76.99451, 38.95589 ], [ -77.0279, 38.96059 ], [ -77.12169, 38.87733 ], [ -76.99504, 38.83541 ], [ -76.98148, 38.88172 ], [ -76.88143, 38.86756 ], [ -76.83443, 38.90911 ], [ -76.81389, 38.97855 ], [ -76.86702, 39.03432 ], [ -76.96732, 39.04849 ] ] ] ] } },
{ "type": "Feature", "properties": { "ID": 32 }, "geometry": { "type": "MultiPolygon", "coordinates": [ [ [ [ -83.29457, 35.36401 ], [ -83.20285, 35.33088 ], [ -83.19415, 35.378 ], [ -83.25388, 35.40795 ], [ -83.24521, 35.45506 ], [ -83.30935, 35.46142 ], [ -83.3007, 35.50854 ], [ -83.3328, 35.51171 ], [ -83.33711, 35.48815 ], [ -83.5939, 35.51322 ], [ -83.63022, 35.49275 ], [ -83.69443, 35.49892 ], [ -83.71535, 35.38106 ], [ -83.58716, 35.3687 ], [ -83.52732, 35.33891 ], [ -83.54425, 35.24461 ], [ -83.45257, 35.21165 ], [ -83.47381, 35.09376 ], [ -83.34618, 35.08115 ], [ -83.29708, 35.17229 ], [ -83.29278, 35.19586 ], [ -83.3481, 35.24934 ], [ -83.33951, 35.29648 ], [ -83.40351, 35.3028 ], [ -83.39067, 35.3735 ], [ -83.29457, 35.36401 ] ] ], [ [ [ -82.03796, 36.57748 ], [ -82.09342, 36.63134 ], [ -82.31727, 36.51118 ], [ -82.38701, 36.49451 ], [ -82.5031, 36.57846 ], [ -82.60079, 36.58852 ], [ -82.74484, 36.53136 ], [ -82.94018, 36.55105 ], [ -82.99074, 36.46031 ], [ -83.08833, 36.47001 ], [ -83.14897, 36.49994 ], [ -83.10751, 36.54374 ], [ -83.00981, 36.53405 ], [ -82.99183, 36.62803 ], [ -83.11781, 36.66444 ], [ -83.10889, 36.71142 ], [ -83.20685, 36.72103 ], [ -83.27659, 36.7039 ], [ -83.2854, 36.6569 ], [ -83.4486, 36.67265 ], [ -83.45729, 36.62564 ], [ -83.55518, 36.63499 ], [ -83.58352, 36.6616 ], [ -83.56629, 36.75563 ], [ -83.63169, 36.76182 ], [ -83.7468, 36.67698 ], [ -83.79638, 36.58596 ], [ -83.87841, 36.49793 ], [ -83.88679, 36.45088 ], [ -84.04963, 36.46589 ], [ -84.123, 36.42477 ], [ -84.20441, 36.33651 ], [ -84.22066, 36.24232 ], [ -84.18412, 36.26292 ], [ -84.11915, 36.25701 ], [ -84.12733, 36.20991 ], [ -84.09487, 36.20694 ], [ -84.04231, 36.13034 ], [ -83.91267, 36.11833 ], [ -83.81965, 36.08569 ], [ -83.69013, 36.07346 ], [ -83.7028, 36.00283 ], [ -83.67891, 35.95267 ], [ -83.61428, 35.9465 ], [ -83.53685, 36.01092 ], [ -83.34287, 35.99209 ], [ -83.38384, 35.94818 ], [ -83.49363, 35.88697 ], [ -83.50219, 35.83988 ], [ -83.627, 35.87586 ], [ -83.75615, 35.88816 ], [ -83.87795, 35.75595 ], [ -84.12017, 35.49108 ], [ -84.30074, 35.38788 ], [ -84.41277, 35.30223 ], [ -84.42064, 35.25502 ], [ -84.46833, 35.16348 ], [ -84.40829, 35.13408 ], [ -84.37632, 35.13118 ], [ -84.41615, 35.08686 ], [ -84.43182, 34.9924 ], [ -84.41167, 34.91864 ], [ -84.31607, 34.90989 ], [ -84.24837, 34.92764 ], [ -84.08906, 34.91283 ], [ -83.99755, 34.88024 ], [ -83.98944, 34.92746 ], [ -83.76649, 34.90621 ], [ -83.72222, 34.97394 ], [ -83.70143, 35.09191 ], [ -83.80134, 35.07752 ], [ -83.79307, 35.1247 ], [ -83.89301, 35.11023 ], [ -83.86835, 35.25178 ], [ -83.90035, 35.25481 ], [ -83.90856, 35.20764 ], [ -84.04057, 35.19608 ], [ -84.20053, 35.21094 ], [ -84.19251, 35.25814 ], [ -84.22453, 35.26109 ], [ -84.22853, 35.23749 ], [ -84.26054, 35.24043 ], [ -84.25257, 35.28763 ], [ -84.22053, 35.28469 ], [ -84.21253, 35.33188 ], [ -84.0921, 35.46452 ], [ -83.99579, 35.45555 ], [ -84.00395, 35.40839 ], [ -83.97188, 35.40538 ], [ -83.96369, 35.45254 ], [ -83.93159, 35.44953 ], [ -83.90689, 35.59098 ], [ -83.86646, 35.63509 ], [ -83.73777, 35.6229 ], [ -83.71399, 35.5727 ], [ -83.7056, 35.61983 ], [ -83.64128, 35.61366 ], [ -83.62439, 35.7079 ], [ -83.56424, 35.67814 ], [ -83.37119, 35.65935 ], [ -83.29819, 35.70012 ], [ -83.2895, 35.74721 ], [ -83.1929, 35.73764 ], [ -83.15632, 35.75798 ], [ -83.17538, 35.8318 ], [ -83.13434, 35.87565 ], [ -83.00533, 35.86274 ], [ -82.95523, 35.95359 ], [ -82.88167, 35.99409 ], [ -82.81708, 35.98753 ], [ -82.77118, 36.05477 ], [ -82.70654, 36.04815 ], [ -82.69741, 36.09516 ], [ -82.62355, 36.13551 ], [ -82.55885, 36.12882 ], [ -82.51724, 36.17246 ], [ -82.50332, 36.24294 ], [ -82.46161, 36.28655 ], [ -82.48472, 36.3369 ], [ -82.55424, 36.32014 ], [ -82.71647, 36.33681 ], [ -82.73522, 36.4106 ], [ -82.71689, 36.50456 ], [ -82.62392, 36.4711 ], [ -82.5264, 36.46106 ], [ -82.50787, 36.38724 ], [ -82.39209, 36.30326 ], [ -82.26243, 36.28962 ], [ -82.25297, 36.33658 ], [ -82.15569, 36.32626 ], [ -82.18335, 36.35318 ], [ -82.1595, 36.47055 ], [ -82.12702, 36.46709 ], [ -82.08973, 36.4871 ], [ -82.08012, 36.53403 ], [ -82.04761, 36.53055 ], [ -82.03796, 36.57748 ] ], [ [ -84.19656, 35.04276 ], [ -84.20455, 34.99554 ], [ -84.33216, 35.00729 ], [ -84.32426, 35.05451 ], [ -84.19656, 35.04276 ] ] ], [ [ [ -80.54542, 36.55314 ], [ -80.5294, 36.62335 ], [ -80.62152, 36.65827 ], [ -80.65402, 36.6621 ], [ -80.66463, 36.61529 ], [ -80.74015, 36.5761 ], [ -80.83756, 36.58746 ], [ -80.96617, 36.45823 ], [ -80.97654, 36.41138 ], [ -81.13858, 36.43 ], [ -81.11643, 36.37942 ], [ -81.18632, 36.36339 ], [ -81.2511, 36.37076 ], [ -81.26126, 36.32388 ], [ -81.29363, 36.32755 ], [ -81.30375, 36.28066 ], [ -81.36847, 36.28797 ], [ -81.38356, 36.21762 ], [ -81.41589, 36.22126 ], [ -81.42591, 36.17435 ], [ -81.51046, 36.08776 ], [ -81.48815, 36.03722 ], [ -81.53032, 35.9939 ], [ -81.69153, 36.01185 ], [ -81.71112, 35.91794 ], [ -81.77554, 35.92506 ], [ -81.78528, 35.87809 ], [ -81.84967, 35.88517 ], [ -81.85451, 35.86169 ], [ -81.89152, 35.84173 ], [ -81.82717, 35.83467 ], [ -81.83685, 35.78769 ], [ -81.77256, 35.7806 ], [ -81.76283, 35.82757 ], [ -81.62927, 35.83678 ], [ -81.57738, 35.92709 ], [ -81.44859, 35.91263 ], [ -81.44361, 35.9361 ], [ -81.34201, 35.94863 ], [ -81.34702, 35.92517 ], [ -81.18611, 35.90678 ], [ -81.18104, 35.93024 ], [ -80.98799, 35.90792 ], [ -80.91335, 35.94731 ], [ -80.87192, 36.13484 ], [ -80.79696, 36.17414 ], [ -80.78128, 36.24443 ], [ -80.71667, 36.23683 ], [ -80.66856, 36.30328 ], [ -80.53926, 36.28793 ], [ -80.55032, 36.38544 ], [ -80.51796, 36.38158 ], [ -80.4859, 36.52202 ], [ -80.51833, 36.52589 ], [ -80.51298, 36.54929 ], [ -80.54542, 36.55314 ] ] ], [ [ [ -82.63096, 38.457 ], [ -82.65021, 38.53054 ], [ -82.71727, 38.53716 ], [ -82.76964, 38.44682 ], [ -82.90362, 38.45991 ], [ -82.91293, 38.41307 ], [ -82.98914, 38.37272 ], [ -83.08954, 38.38239 ], [ -83.13216, 38.33874 ], [ -83.15951, 38.19814 ], [ -83.20649, 38.13102 ], [ -83.2732, 38.13737 ], [ -83.32002, 38.0702 ], [ -83.38668, 38.07649 ], [ -83.50437, 37.99206 ], [ -83.54836, 37.75748 ], [ -83.59028, 37.71364 ], [ -83.65661, 37.7198 ], [ -83.80646, 37.63813 ], [ -83.89158, 37.16838 ], [ -83.83426, 37.11533 ], [ -83.87982, 37.04785 ], [ -84.00346, 36.91582 ], [ -84.0118, 36.86879 ], [ -84.08562, 36.82772 ], [ -84.24941, 36.84248 ], [ -84.33117, 36.75421 ], [ -84.27386, 36.70132 ], [ -84.20847, 36.69545 ], [ -84.1513, 36.64249 ], [ -84.13507, 36.54541 ], [ -83.99632, 36.58056 ], [ -83.93866, 36.71869 ], [ -83.82371, 36.80369 ], [ -83.75826, 36.7976 ], [ -83.71274, 36.86506 ], [ -83.69564, 36.95908 ], [ -83.76124, 36.9652 ], [ -83.74845, 37.0357 ], [ -83.60418, 37.0939 ], [ -83.50562, 37.0846 ], [ -83.48381, 37.20203 ], [ -83.4224, 37.17229 ], [ -83.43117, 37.12533 ], [ -83.30416, 37.08925 ], [ -83.2953, 37.13621 ], [ -83.06533, 37.11385 ], [ -82.97136, 37.08068 ], [ -82.96227, 37.12762 ], [ -82.89202, 37.14457 ], [ -82.86454, 37.28535 ], [ -82.79871, 37.27879 ], [ -82.75192, 37.34586 ], [ -82.64377, 37.38283 ], [ -82.44611, 37.36273 ], [ -82.38501, 37.33252 ], [ -82.36594, 37.42628 ], [ -82.4601, 37.45986 ], [ -82.47413, 37.55698 ], [ -82.44083, 37.721 ], [ -82.45966, 37.79465 ], [ -82.44056, 37.88834 ], [ -82.48313, 38.01217 ], [ -82.54489, 38.0423 ], [ -82.52584, 38.13597 ], [ -82.58774, 38.16607 ], [ -82.56872, 38.25973 ], [ -82.66416, 38.29313 ], [ -82.65469, 38.33995 ], [ -82.56877, 38.42693 ], [ -82.63096, 38.457 ] ] ], [ [ [ -80.02697, 37.62028 ], [ -80.04376, 37.55026 ], [ -80.01087, 37.54629 ], [ -79.99405, 37.61631 ], [ -80.02697, 37.62028 ] ] ], [ [ [ -80.00454, 37.71362 ], [ -79.9933, 37.76029 ], [ -79.9603, 37.75631 ], [ -79.94338, 37.82629 ], [ -80.04247, 37.83822 ], [ -80.09789, 37.74885 ], [ -80.03751, 37.7176 ], [ -80.00454, 37.71362 ] ] ], [ [ [ -80.60804, 38.76747 ], [ -80.54649, 38.73649 ], [ -80.52441, 38.82976 ], [ -80.62511, 38.84125 ], [ -80.60804, 38.76747 ] ] ], [ [ [ -79.69512, 37.86812 ], [ -79.79422, 37.88023 ], [ -79.86031, 37.88827 ], [ -79.88867, 37.77165 ], [ -79.86135, 37.74431 ], [ -79.92732, 37.75232 ], [ -79.93296, 37.72899 ], [ -79.89999, 37.72499 ], [ -79.90564, 37.70166 ], [ -79.94424, 37.68233 ], [ -79.9555, 37.63566 ], [ -79.92257, 37.63167 ], [ -79.93384, 37.585 ], [ -79.86804, 37.577 ], [ -79.88498, 37.50699 ], [ -79.72071, 37.48686 ], [ -79.6979, 37.58018 ], [ -79.76368, 37.58826 ], [ -79.73518, 37.70489 ], [ -79.70223, 37.70084 ], [ -79.69078, 37.74748 ], [ -79.72375, 37.75153 ], [ -79.69512, 37.86812 ] ] ], [ [ [ -79.47563, 37.79295 ], [ -79.38255, 37.7573 ], [ -79.36502, 37.82721 ], [ -79.43101, 37.83546 ], [ -79.41935, 37.88206 ], [ -79.45237, 37.88618 ], [ -79.47563, 37.79295 ] ] ], [ [ [ -78.36803, 38.75728 ], [ -78.44108, 38.74278 ], [ -78.45358, 38.69632 ], [ -78.56611, 38.66286 ], [ -78.55139, 38.58882 ], [ -78.45146, 38.57581 ], [ -78.42647, 38.66874 ], [ -78.39313, 38.66438 ], [ -78.36803, 38.75728 ] ] ], [ [ [ -78.63776, 38.91246 ], [ -78.64396, 38.88922 ], [ -78.61049, 38.88492 ], [ -78.6229, 38.83845 ], [ -78.6898, 38.84705 ], [ -78.74789, 38.75838 ], [ -78.79083, 38.59566 ], [ -78.65752, 38.57852 ], [ -78.62046, 38.71797 ], [ -78.54126, 38.7558 ], [ -78.48914, 38.82116 ], [ -78.46412, 38.91406 ], [ -78.53108, 38.92274 ], [ -78.56457, 38.92706 ], [ -78.5708, 38.90383 ], [ -78.63776, 38.91246 ] ] ], [ [ [ -79.08555, 38.9212 ], [ -79.0674, 38.99095 ], [ -79.08885, 39.04164 ], [ -79.18012, 38.957 ], [ -79.08555, 38.9212 ] ] ], [ [ [ -78.91488, 39.04382 ], [ -78.90264, 39.0903 ], [ -78.86905, 39.08606 ], [ -78.85677, 39.13253 ], [ -78.89038, 39.13678 ], [ -78.99735, 39.12622 ], [ -79.04313, 39.08394 ], [ -79.06134, 39.0142 ], [ -78.96066, 39.00157 ], [ -78.91488, 39.04382 ] ] ] ] } },
{ "type": "Feature", "properties": { "ID": 33 }, "geometry": { "type": "MultiPolygon", "coordinates": [ [ [ [ -94.37496, 34.40884 ], [ -94.47111, 34.3862 ], [ -94.53583, 34.3393 ], [ -94.53681, 34.29164 ], [ -94.34587, 34.28929 ], [ -94.34475, 34.33695 ], [ -94.24922, 34.33566 ], [ -94.24805, 34.38332 ], [ -94.27991, 34.38375 ], [ -94.27933, 34.40758 ], [ -94.37496, 34.40884 ] ] ], [ [ [ -93.70796, 34.32703 ], [ -93.70642, 34.37467 ], [ -93.73827, 34.37525 ], [ -93.73979, 34.3276 ], [ -93.70796, 34.32703 ] ] ], [ [ [ -87.29757, 34.04776 ], [ -87.32046, 34.12119 ], [ -87.44695, 34.12984 ], [ -87.54467, 34.1125 ], [ -87.67118, 34.12094 ], [ -87.67674, 34.07343 ], [ -87.61633, 34.04548 ], [ -87.39522, 34.03054 ], [ -87.32916, 34.04995 ], [ -87.29757, 34.04776 ] ] ], [ [ [ -86.50854, 33.99063 ], [ -86.47701, 33.98825 ], [ -86.46428, 34.08316 ], [ -86.36956, 34.07594 ], [ -86.3599, 34.14711 ], [ -86.44832, 34.20177 ], [ -86.54321, 34.20893 ], [ -86.60333, 34.23739 ], [ -86.66663, 34.24209 ], [ -86.66976, 34.21836 ], [ -86.57484, 34.2113 ], [ -86.54954, 34.16149 ], [ -86.55901, 34.09031 ], [ -86.5022, 34.0381 ], [ -86.50854, 33.99063 ] ] ], [ [ [ -93.8302, 34.49602 ], [ -93.86211, 34.49656 ], [ -93.86355, 34.44892 ], [ -93.83166, 34.44838 ], [ -93.8302, 34.49602 ] ] ], [ [ [ -87.87904, 34.25415 ], [ -88.00584, 34.26224 ], [ -88.01119, 34.21474 ], [ -87.88448, 34.20665 ], [ -87.87904, 34.25415 ] ] ], [ [ [ -87.19694, 34.08866 ], [ -87.07055, 34.07975 ], [ -86.93207, 34.16566 ], [ -86.91992, 34.26058 ], [ -86.95765, 34.2154 ], [ -87.02396, 34.19619 ], [ -87.21386, 34.20957 ], [ -87.19105, 34.13614 ], [ -87.19694, 34.08866 ] ] ], [ [ [ -93.7901, 34.75737 ], [ -93.82213, 34.75792 ], [ -93.82507, 34.6627 ], [ -93.79309, 34.66215 ], [ -93.7901, 34.75737 ] ] ], [ [ [ -86.4669, 34.53849 ], [ -86.3398, 34.52886 ], [ -86.29498, 34.62121 ], [ -86.45405, 34.63328 ], [ -86.4669, 34.53849 ] ] ], [ [ [ -85.96686, 34.66752 ], [ -86.0305, 34.67254 ], [ -86.05227, 34.74607 ], [ -86.11599, 34.75104 ], [ -86.1545, 34.70616 ], [ -86.16444, 34.6351 ], [ -86.13927, 34.58526 ], [ -86.04392, 34.5778 ], [ -85.97362, 34.62016 ], [ -85.96686, 34.66752 ] ] ], [ [ [ -86.05227, 34.74607 ], [ -85.98856, 34.74107 ], [ -85.98518, 34.76475 ], [ -86.01705, 34.76725 ], [ -86.01368, 34.79093 ], [ -86.04556, 34.79343 ], [ -86.05227, 34.74607 ] ] ], [ [ [ -86.5559, 34.83233 ], [ -86.49208, 34.82758 ], [ -86.44726, 34.91992 ], [ -86.54312, 34.92706 ], [ -86.5559, 34.83233 ] ] ], [ [ [ -85.82589, 34.75209 ], [ -85.78715, 34.79688 ], [ -85.78025, 34.84421 ], [ -85.74836, 34.84165 ], [ -85.73797, 34.91263 ], [ -85.83374, 34.92031 ], [ -85.87936, 34.82819 ], [ -85.94314, 34.83325 ], [ -85.95332, 34.76223 ], [ -85.82589, 34.75209 ] ] ], [ [ [ -85.70972, 36.20135 ], [ -85.90488, 36.21663 ], [ -86.04531, 36.15584 ], [ -86.20789, 36.16818 ], [ -86.22135, 36.07373 ], [ -86.41625, 36.08825 ], [ -86.46187, 35.99616 ], [ -86.52677, 36.00091 ], [ -86.53976, 35.9064 ], [ -86.58187, 35.83786 ], [ -86.67581, 35.86853 ], [ -86.80541, 35.87779 ], [ -86.7991, 35.92507 ], [ -86.89014, 35.97921 ], [ -86.85875, 36.21551 ], [ -86.92388, 36.22006 ], [ -87.04183, 36.32357 ], [ -87.06829, 36.37305 ], [ -87.16624, 36.37971 ], [ -87.16013, 36.42696 ], [ -87.22245, 36.45498 ], [ -87.32053, 36.46152 ], [ -87.40377, 36.32408 ], [ -87.56697, 36.33472 ], [ -87.57279, 36.28745 ], [ -87.67066, 36.29373 ], [ -87.67641, 36.24645 ], [ -87.77423, 36.25266 ], [ -87.7799, 36.20537 ], [ -87.87768, 36.2115 ], [ -87.94843, 36.16825 ], [ -87.99204, 36.07564 ], [ -88.08965, 36.08161 ], [ -88.13302, 35.98895 ], [ -88.2007, 35.9692 ], [ -88.24385, 35.87648 ], [ -88.25447, 35.78178 ], [ -88.2948, 35.71268 ], [ -88.36477, 35.66916 ], [ -88.38301, 35.50335 ], [ -88.41529, 35.50525 ], [ -88.45786, 35.41236 ], [ -88.47325, 35.27015 ], [ -88.50798, 35.24832 ], [ -88.48348, 35.17532 ], [ -88.50131, 35.00931 ], [ -88.47435, 34.95998 ], [ -88.37827, 34.95428 ], [ -88.31683, 34.92672 ], [ -88.32721, 34.83183 ], [ -88.23394, 34.80229 ], [ -88.26529, 34.51748 ], [ -88.23608, 34.4918 ], [ -88.17246, 34.48788 ], [ -88.1672, 34.53536 ], [ -88.07172, 34.52943 ], [ -87.95256, 34.45019 ], [ -87.92891, 34.37695 ], [ -87.86541, 34.37288 ], [ -87.82114, 34.20256 ], [ -87.72613, 34.19636 ], [ -87.72059, 34.24385 ], [ -87.7757, 34.31923 ], [ -87.83914, 34.32335 ], [ -87.82818, 34.41831 ], [ -87.76465, 34.41419 ], [ -87.75357, 34.50913 ], [ -87.84899, 34.51531 ], [ -87.8726, 34.58854 ], [ -87.96544, 34.61836 ], [ -87.9546, 34.71327 ], [ -87.91724, 34.75869 ], [ -87.82148, 34.75257 ], [ -87.75208, 34.79589 ], [ -87.74651, 34.84332 ], [ -87.67697, 34.88659 ], [ -87.61303, 34.8824 ], [ -87.57251, 34.95141 ], [ -87.50851, 34.94716 ], [ -87.47074, 34.99243 ], [ -87.40672, 34.98814 ], [ -87.36886, 35.03337 ], [ -87.23778, 35.04835 ], [ -87.19978, 35.09353 ], [ -87.19082, 35.16458 ], [ -87.09457, 35.15793 ], [ -87.03346, 35.12977 ], [ -87.03954, 35.0824 ], [ -86.94648, 35.05195 ], [ -86.88861, 35.00002 ], [ -86.84421, 35.09246 ], [ -86.68402, 35.08089 ], [ -86.6777, 35.12824 ], [ -86.58155, 35.1212 ], [ -86.55271, 35.09517 ], [ -86.45662, 35.08803 ], [ -86.45015, 35.13537 ], [ -86.38279, 35.15423 ], [ -86.40182, 35.25129 ], [ -86.46279, 35.27974 ], [ -86.59126, 35.28923 ], [ -86.57845, 35.38387 ], [ -86.4498, 35.37437 ], [ -86.37894, 35.41687 ], [ -86.37238, 35.46417 ], [ -86.30138, 35.50663 ], [ -86.29145, 35.57756 ], [ -86.3882, 35.58481 ], [ -86.38163, 35.63209 ], [ -86.28482, 35.62484 ], [ -86.23921, 35.71694 ], [ -86.14229, 35.70958 ], [ -86.13555, 35.75684 ], [ -86.03858, 35.7494 ], [ -86.02493, 35.84389 ], [ -85.95677, 35.8625 ], [ -85.8308, 35.82877 ], [ -85.80893, 35.75538 ], [ -85.712, 35.74769 ], [ -85.65448, 35.6953 ], [ -85.65094, 35.71891 ], [ -85.58637, 35.71372 ], [ -85.57924, 35.76095 ], [ -85.51463, 35.75572 ], [ -85.50745, 35.80294 ], [ -85.41049, 35.79503 ], [ -85.39961, 35.86585 ], [ -85.42471, 35.9157 ], [ -85.39234, 35.91305 ], [ -85.38506, 35.96025 ], [ -85.40655, 36.03368 ], [ -85.47141, 36.03896 ], [ -85.49301, 36.11238 ], [ -85.72034, 36.13056 ], [ -85.70972, 36.20135 ] ], [ [ -88.41922, 35.17153 ], [ -88.37934, 35.24075 ], [ -88.36376, 35.38296 ], [ -88.3237, 35.45213 ], [ -88.19736, 35.42068 ], [ -88.21063, 35.3022 ], [ -88.15162, 35.25089 ], [ -88.16494, 35.13237 ], [ -88.19704, 35.13433 ], [ -88.23968, 35.04144 ], [ -88.33587, 35.04724 ], [ -88.36017, 35.1203 ], [ -88.41922, 35.17153 ] ] ], [ [ [ -85.32131, 34.25513 ], [ -85.32846, 34.20776 ], [ -85.29687, 34.20508 ], [ -85.2897, 34.25245 ], [ -85.32131, 34.25513 ] ] ], [ [ [ -85.58497, 34.42105 ], [ -85.59893, 34.32631 ], [ -85.47587, 34.29212 ], [ -85.40551, 34.33419 ], [ -85.35959, 34.42625 ], [ -85.28903, 34.46824 ], [ -85.26017, 34.65758 ], [ -85.38735, 34.66828 ], [ -85.39092, 34.64462 ], [ -85.35913, 34.64195 ], [ -85.36271, 34.61829 ], [ -85.42627, 34.62361 ], [ -85.46514, 34.57891 ], [ -85.47576, 34.50789 ], [ -85.54626, 34.4658 ], [ -85.55327, 34.41844 ], [ -85.58497, 34.42105 ] ] ], [ [ [ -85.66271, 34.54727 ], [ -85.69446, 34.54985 ], [ -85.70139, 34.50249 ], [ -85.63792, 34.49731 ], [ -85.62398, 34.59202 ], [ -85.66271, 34.54727 ] ] ], [ [ [ -85.5887, 34.61309 ], [ -85.62398, 34.59202 ], [ -85.59221, 34.58942 ], [ -85.5887, 34.61309 ] ] ], [ [ [ -83.11587, 34.7458 ], [ -82.97138, 34.82716 ], [ -82.94938, 34.94504 ], [ -83.07669, 34.95804 ], [ -83.09848, 34.84014 ], [ -83.1707, 34.79941 ], [ -83.17935, 34.75223 ], [ -83.11587, 34.7458 ] ] ], [ [ [ -82.79983, 35.04974 ], [ -82.83169, 35.05304 ], [ -82.8406, 35.00591 ], [ -82.80876, 35.00262 ], [ -82.79983, 35.04974 ] ] ], [ [ [ -83.87795, 35.75595 ], [ -83.75615, 35.88816 ], [ -83.627, 35.87586 ], [ -83.50219, 35.83988 ], [ -83.49363, 35.88697 ], [ -83.38384, 35.94818 ], [ -83.34287, 35.99209 ], [ -83.53685, 36.01092 ], [ -83.61428, 35.9465 ], [ -83.67891, 35.95267 ], [ -83.7028, 36.00283 ], [ -83.69013, 36.07346 ], [ -83.81965, 36.08569 ], [ -83.91267, 36.11833 ], [ -84.04231, 36.13034 ], [ -84.09487, 36.20694 ], [ -84.19225, 36.21583 ], [ -84.20849, 36.12162 ], [ -84.24091, 36.12456 ], [ -84.24899, 36.07744 ], [ -84.34621, 36.08621 ], [ -84.41899, 36.04489 ], [ -84.42694, 35.99776 ], [ -84.52406, 36.0064 ], [ -84.53194, 35.95925 ], [ -84.62902, 35.96781 ], [ -84.63682, 35.92066 ], [ -84.66916, 35.9235 ], [ -84.90894, 35.65725 ], [ -84.92029, 35.58645 ], [ -84.95249, 35.58922 ], [ -84.96755, 35.49479 ], [ -84.87487, 35.46287 ], [ -84.89001, 35.36843 ], [ -84.82582, 35.36285 ], [ -84.84858, 35.22116 ], [ -84.81655, 35.21837 ], [ -84.84683, 35.02938 ], [ -84.89006, 34.96127 ], [ -84.90132, 34.89036 ], [ -84.98369, 34.77769 ], [ -84.96303, 34.70398 ], [ -85.00594, 34.63579 ], [ -85.03547, 34.4465 ], [ -85.13054, 34.45471 ], [ -85.20118, 34.41281 ], [ -85.13169, 34.23891 ], [ -85.09644, 34.25986 ], [ -85.07816, 34.37824 ], [ -84.9684, 34.46465 ], [ -84.84166, 34.45352 ], [ -84.83416, 34.50084 ], [ -84.76322, 34.54253 ], [ -84.73292, 34.73171 ], [ -84.76472, 34.73453 ], [ -84.73434, 34.92363 ], [ -84.70245, 34.9208 ], [ -84.69099, 34.99169 ], [ -84.65139, 35.0361 ], [ -84.58753, 35.0304 ], [ -84.56818, 35.14849 ], [ -84.50032, 35.16636 ], [ -84.4847, 35.2608 ], [ -84.41671, 35.27862 ], [ -84.41277, 35.30223 ], [ -84.30074, 35.38788 ], [ -84.12017, 35.49108 ], [ -83.87795, 35.75595 ] ], [ [ -84.53017, 35.57621 ], [ -84.54672, 35.67343 ], [ -84.45006, 35.6648 ], [ -84.46188, 35.59404 ], [ -84.50191, 35.54974 ], [ -84.51757, 35.45537 ], [ -84.58182, 35.46109 ], [ -84.56625, 35.55548 ], [ -84.53017, 35.57621 ] ] ], [ [ [ -81.39109, 34.9438 ], [ -81.34245, 34.86593 ], [ -81.3177, 34.98351 ], [ -81.38122, 34.99083 ], [ -81.39109, 34.9438 ] ] ], [ [ [ -81.36144, 35.08487 ], [ -81.42506, 35.09218 ], [ -81.37134, 35.03786 ], [ -81.36144, 35.08487 ] ] ], [ [ [ -81.45195, 35.11933 ], [ -81.40752, 35.33085 ], [ -81.47136, 35.33813 ], [ -81.41691, 35.59653 ], [ -81.36281, 35.54226 ], [ -81.26678, 35.53126 ], [ -81.19774, 35.54737 ], [ -81.18765, 35.59432 ], [ -80.99554, 35.57199 ], [ -80.86238, 35.5804 ], [ -80.80355, 35.54937 ], [ -80.78192, 35.49865 ], [ -80.69125, 35.46375 ], [ -80.71203, 35.3699 ], [ -80.64824, 35.36224 ], [ -80.56305, 35.30378 ], [ -80.46748, 35.29218 ], [ -80.45694, 35.3391 ], [ -80.36134, 35.32742 ], [ -80.35071, 35.22969 ], [ -80.25527, 35.21793 ], [ -80.13839, 35.29989 ], [ -80.11146, 35.41711 ], [ -80.20178, 35.45242 ], [ -80.32945, 35.46813 ], [ -80.46246, 35.46026 ], [ -80.4466, 35.53061 ], [ -80.30277, 35.58534 ], [ -80.24935, 35.67516 ], [ -80.15212, 36.09674 ], [ -80.18433, 36.10068 ], [ -80.15717, 36.21772 ], [ -80.02748, 36.34621 ], [ -79.95734, 36.36163 ], [ -79.94629, 36.4084 ], [ -79.91395, 36.4044 ], [ -79.90286, 36.45116 ], [ -80.03232, 36.46713 ], [ -80.04332, 36.42036 ], [ -80.11351, 36.4049 ], [ -80.21057, 36.41674 ], [ -80.26462, 36.32707 ], [ -80.42626, 36.34657 ], [ -80.4209, 36.36998 ], [ -80.55032, 36.38544 ], [ -80.53926, 36.28793 ], [ -80.66856, 36.30328 ], [ -80.71667, 36.23683 ], [ -80.78128, 36.24443 ], [ -80.79696, 36.17414 ], [ -80.87192, 36.13484 ], [ -80.91335, 35.94731 ], [ -80.98799, 35.90792 ], [ -81.18104, 35.93024 ], [ -81.18611, 35.90678 ], [ -81.37922, 35.92882 ], [ -81.38922, 35.88188 ], [ -81.45855, 35.86569 ], [ -81.44859, 35.91263 ], [ -81.57738, 35.92709 ], [ -81.62927, 35.83678 ], [ -81.76283, 35.82757 ], [ -81.77256, 35.7806 ], [ -81.90117, 35.79474 ], [ -81.93482, 35.63027 ], [ -81.77443, 35.6126 ], [ -81.7375, 35.63254 ], [ -81.72777, 35.67953 ], [ -81.66359, 35.67238 ], [ -81.6538, 35.71936 ], [ -81.52538, 35.70497 ], [ -81.55003, 35.58754 ], [ -81.61413, 35.59474 ], [ -81.62393, 35.54776 ], [ -81.688, 35.55492 ], [ -81.69287, 35.53143 ], [ -81.75693, 35.53856 ], [ -81.76662, 35.49155 ], [ -81.85786, 35.52569 ], [ -81.98602, 35.53976 ], [ -81.99555, 35.49274 ], [ -82.15572, 35.51013 ], [ -82.16514, 35.4631 ], [ -82.19716, 35.46655 ], [ -82.20654, 35.41951 ], [ -82.23855, 35.42295 ], [ -82.26656, 35.28179 ], [ -82.23462, 35.27835 ], [ -82.24862, 35.20776 ], [ -82.21671, 35.20431 ], [ -82.15761, 35.17387 ], [ -82.17634, 35.07973 ], [ -82.11265, 35.0728 ], [ -82.1361, 34.9551 ], [ -82.07724, 34.92461 ], [ -82.01371, 34.91763 ], [ -81.99006, 35.03531 ], [ -82.0537, 35.04231 ], [ -82.03481, 35.13644 ], [ -81.97109, 35.12944 ], [ -81.94875, 35.07887 ], [ -81.88032, 35.09536 ], [ -81.72117, 35.0776 ], [ -81.71151, 35.12464 ], [ -81.61599, 35.11389 ], [ -81.56952, 35.18083 ], [ -81.51561, 35.12658 ], [ -81.45195, 35.11933 ] ] ], [ [ [ -77.94004, 37.92988 ], [ -77.95274, 37.88341 ], [ -78.02492, 37.86911 ], [ -78.22255, 37.89573 ], [ -78.2305, 37.99312 ], [ -78.32951, 38.00631 ], [ -78.32328, 38.02956 ], [ -78.40174, 37.99181 ], [ -78.4533, 37.92641 ], [ -78.57067, 37.86965 ], [ -78.58292, 37.82312 ], [ -78.76318, 37.65413 ], [ -78.64999, 37.56711 ], [ -78.66819, 37.49726 ], [ -78.60871, 37.46535 ], [ -78.69844, 37.38083 ], [ -78.72257, 37.28766 ], [ -78.70195, 37.23678 ], [ -78.77328, 37.22206 ], [ -78.78527, 37.17546 ], [ -78.86845, 37.11408 ], [ -79.03155, 37.13527 ], [ -79.04335, 37.08864 ], [ -79.19136, 37.03547 ], [ -79.20303, 36.98881 ], [ -79.2798, 36.95049 ], [ -79.41006, 36.96706 ], [ -79.48095, 36.95195 ], [ -79.57461, 36.84342 ], [ -79.637, 36.58649 ], [ -79.70744, 36.57125 ], [ -79.80467, 36.58338 ], [ -79.81584, 36.53664 ], [ -79.82143, 36.51326 ], [ -79.78905, 36.50923 ], [ -79.80022, 36.46248 ], [ -79.76787, 36.45844 ], [ -79.75667, 36.50519 ], [ -79.6272, 36.48895 ], [ -79.57786, 36.55496 ], [ -79.44834, 36.53854 ], [ -79.42169, 36.51106 ], [ -79.32464, 36.49865 ], [ -79.33613, 36.45193 ], [ -79.27725, 36.42026 ], [ -79.23573, 36.3185 ], [ -79.2645, 36.20168 ], [ -79.30817, 36.15911 ], [ -79.40474, 36.17155 ], [ -79.49181, 36.08629 ], [ -79.51441, 35.99275 ], [ -79.45584, 35.96114 ], [ -79.50662, 35.75061 ], [ -79.41627, 35.71484 ], [ -79.4708, 35.62538 ], [ -79.56666, 35.63771 ], [ -79.60978, 35.59499 ], [ -79.64318, 35.4545 ], [ -79.55315, 35.41881 ], [ -79.45198, 35.42987 ], [ -79.26091, 35.40496 ], [ -79.24954, 35.45176 ], [ -79.18013, 35.46679 ], [ -79.17441, 35.49018 ], [ -79.3338, 35.51107 ], [ -79.31679, 35.58127 ], [ -79.33737, 35.63222 ], [ -79.20963, 35.61554 ], [ -79.13431, 35.65392 ], [ -79.12281, 35.70069 ], [ -79.05312, 35.71564 ], [ -79.00658, 35.63704 ], [ -78.91082, 35.62429 ], [ -78.93112, 35.6753 ], [ -78.86107, 35.95572 ], [ -78.79695, 35.94716 ], [ -78.74721, 36.01293 ], [ -78.65098, 36.0 ], [ -78.63673, 35.92563 ], [ -78.57267, 35.91697 ], [ -78.55852, 35.84257 ], [ -78.49455, 35.83387 ], [ -78.44257, 35.77844 ], [ -78.32683, 35.71418 ], [ -78.33886, 35.66749 ], [ -78.28111, 35.63532 ], [ -78.12177, 35.61315 ], [ -78.11568, 35.63649 ], [ -78.08382, 35.63203 ], [ -78.263, 35.70536 ], [ -78.2768, 35.77981 ], [ -78.32865, 35.8353 ], [ -78.39261, 35.84409 ], [ -78.37456, 35.91412 ], [ -78.3045, 35.92866 ], [ -78.14447, 35.90652 ], [ -78.05463, 35.86982 ], [ -77.96608, 35.95415 ], [ -77.8897, 35.99178 ], [ -77.75625, 36.11805 ], [ -77.76333, 36.21578 ], [ -77.732, 36.33224 ], [ -77.60969, 36.29072 ], [ -77.59651, 36.21628 ], [ -77.53231, 36.20711 ], [ -77.5576, 36.11395 ], [ -77.49984, 36.08147 ], [ -77.51882, 36.0116 ], [ -77.45482, 36.00238 ], [ -77.44186, 35.92789 ], [ -77.45453, 35.88129 ], [ -77.42259, 35.87667 ], [ -77.40991, 35.92326 ], [ -77.37795, 35.91863 ], [ -77.39084, 35.99313 ], [ -77.35899, 36.10956 ], [ -77.39102, 36.11419 ], [ -77.35911, 36.23059 ], [ -77.36564, 36.32832 ], [ -77.42993, 36.33757 ], [ -77.37234, 36.54699 ], [ -77.43043, 36.5795 ], [ -77.39837, 36.6958 ], [ -77.43069, 36.70042 ], [ -77.37279, 36.90969 ], [ -77.4312, 36.94218 ], [ -77.39897, 37.0584 ], [ -77.45751, 37.09087 ], [ -77.44462, 37.13735 ], [ -77.52938, 37.19763 ], [ -77.59452, 37.20678 ], [ -77.60789, 37.28108 ], [ -77.67312, 37.2902 ], [ -77.64754, 37.38317 ], [ -77.66101, 37.45744 ], [ -77.72641, 37.46653 ], [ -77.73998, 37.54079 ], [ -77.80548, 37.54984 ], [ -77.7736, 37.66603 ], [ -77.80641, 37.67055 ], [ -77.81373, 37.768 ], [ -77.8731, 37.80024 ], [ -77.86036, 37.84671 ], [ -77.91982, 37.87893 ], [ -77.9071, 37.9254 ], [ -77.94004, 37.92988 ] ] ], [ [ [ -80.01229, 37.25819 ], [ -79.91406, 37.24623 ], [ -79.90283, 37.29292 ], [ -79.87007, 37.28891 ], [ -79.85881, 37.3356 ], [ -79.92437, 37.34361 ], [ -80.02833, 37.33222 ], [ -80.03947, 37.28551 ], [ -80.00671, 37.28154 ], [ -80.01229, 37.25819 ] ] ] ] } },
{ "type": "Feature", "properties": { "ID": 34 }, "geometry": { "type": "MultiPolygon", "coordinates": [ [ [ [ -94.65484, 36.45682 ], [ -94.65623, 36.38566 ], [ -94.59016, 36.40869 ], [ -94.45894, 36.40721 ], [ -94.45787, 36.45466 ], [ -94.65484, 36.45682 ] ] ], [ [ [ -94.29256, 36.50006 ], [ -94.25971, 36.49963 ], [ -94.2585, 36.54706 ], [ -94.29256, 36.50006 ] ] ], [ [ [ -90.67793, 38.5851 ], [ -90.73997, 38.65854 ], [ -90.84159, 38.66243 ], [ -90.84528, 38.61523 ], [ -90.94684, 38.61905 ], [ -90.94323, 38.66625 ], [ -91.04488, 38.66999 ], [ -91.04133, 38.7172 ], [ -91.1074, 38.74325 ], [ -91.37882, 38.75274 ], [ -91.37551, 38.79994 ], [ -91.44179, 38.82584 ], [ -91.54371, 38.8292 ], [ -91.65188, 38.73807 ], [ -91.75368, 38.74128 ], [ -91.82304, 38.71977 ], [ -91.85993, 38.67359 ], [ -91.96164, 38.67664 ], [ -91.99841, 38.63042 ], [ -92.00412, 38.53595 ], [ -92.17875, 38.44634 ], [ -92.34771, 38.451 ], [ -92.3451, 38.49824 ], [ -92.5142, 38.50269 ], [ -92.62291, 38.36349 ], [ -92.8592, 38.36918 ], [ -92.86143, 38.32192 ], [ -92.93, 38.29983 ], [ -93.09863, 38.30355 ], [ -93.16508, 38.32862 ], [ -93.33379, 38.33205 ], [ -93.4059, 38.21516 ], [ -93.57434, 38.2183 ], [ -93.57348, 38.24194 ], [ -93.74199, 38.24486 ], [ -93.73878, 38.33943 ], [ -93.87303, 38.36525 ], [ -94.04187, 38.3678 ], [ -94.0729, 38.46284 ], [ -94.20753, 38.48833 ], [ -94.41053, 38.49086 ], [ -94.41223, 38.41995 ], [ -94.54743, 38.42146 ], [ -94.54846, 38.37418 ], [ -94.61601, 38.37489 ], [ -94.61798, 38.28031 ], [ -94.71963, 38.25766 ], [ -94.78878, 38.16368 ], [ -94.79007, 38.09273 ], [ -94.62191, 38.09111 ], [ -94.62483, 37.94918 ], [ -94.59127, 37.94883 ], [ -94.59476, 37.7832 ], [ -94.5278, 37.78249 ], [ -94.5304, 37.66415 ], [ -94.46464, 37.61606 ], [ -94.47378, 37.21353 ], [ -94.40739, 37.21275 ], [ -94.41018, 37.09431 ], [ -94.4444, 37.04732 ], [ -94.54374, 37.04845 ], [ -94.54476, 37.00106 ], [ -94.67713, 37.00244 ], [ -94.67897, 36.90765 ], [ -94.61288, 36.90697 ], [ -94.54831, 36.83516 ], [ -94.55033, 36.74034 ], [ -94.4844, 36.7396 ], [ -94.48598, 36.66847 ], [ -94.42012, 36.6677 ], [ -94.32133, 36.66648 ], [ -94.25669, 36.6182 ], [ -94.2585, 36.54706 ], [ -94.19276, 36.54617 ], [ -94.16308, 36.42713 ], [ -94.0968, 36.44991 ], [ -94.09548, 36.49735 ], [ -94.02842, 36.54381 ], [ -94.09283, 36.5922 ], [ -93.92838, 36.58972 ], [ -93.76395, 36.58702 ], [ -93.7624, 36.63444 ], [ -93.66367, 36.63272 ], [ -93.65798, 36.79865 ], [ -93.59201, 36.79746 ], [ -93.55647, 36.86795 ], [ -93.48868, 36.9141 ], [ -93.1583, 36.90741 ], [ -93.15929, 36.88372 ], [ -92.8621, 36.87699 ], [ -92.85992, 36.92437 ], [ -92.69473, 36.92034 ], [ -92.631, 36.8713 ], [ -92.59325, 36.9652 ], [ -92.42797, 36.96084 ], [ -92.42548, 37.00821 ], [ -92.1609, 37.00079 ], [ -92.13054, 36.95247 ], [ -91.90924, 36.77972 ], [ -91.87341, 36.82606 ], [ -91.86765, 36.92079 ], [ -91.83172, 36.96711 ], [ -91.6665, 36.9618 ], [ -91.66196, 37.03282 ], [ -91.59581, 37.03063 ], [ -91.55809, 37.10054 ], [ -91.55342, 37.17154 ], [ -91.48714, 37.1693 ], [ -91.45082, 37.2155 ], [ -91.44604, 37.28648 ], [ -91.50928, 37.33606 ], [ -91.37316, 37.37882 ], [ -91.34645, 37.28303 ], [ -91.21536, 37.25466 ], [ -91.21871, 37.20734 ], [ -91.08266, 37.24981 ], [ -91.07921, 37.29712 ], [ -91.00933, 37.34195 ], [ -90.87647, 37.3369 ], [ -90.86747, 37.45514 ], [ -90.80276, 37.42891 ], [ -90.703, 37.42498 ], [ -90.70672, 37.37769 ], [ -90.44093, 37.36686 ], [ -90.40968, 37.34182 ], [ -90.45067, 37.24863 ], [ -90.46036, 37.13038 ], [ -90.62589, 37.13719 ], [ -90.56727, 37.03987 ], [ -90.63714, 36.99525 ], [ -90.64088, 36.94792 ], [ -90.73994, 36.9519 ], [ -90.74909, 36.83357 ], [ -90.71981, 36.78491 ], [ -90.65393, 36.78226 ], [ -90.5279, 36.70583 ], [ -90.526, 36.7295 ], [ -90.44861, 36.86875 ], [ -90.38266, 36.86596 ], [ -90.37483, 36.96061 ], [ -90.33786, 37.00651 ], [ -90.17268, 36.99933 ], [ -90.13146, 37.09248 ], [ -89.9661, 37.08505 ], [ -89.96188, 37.13234 ], [ -89.86261, 37.12778 ], [ -89.82305, 37.19717 ], [ -89.81655, 37.26808 ], [ -89.77468, 37.36107 ], [ -89.73928, 37.38314 ], [ -89.76593, 37.45559 ], [ -89.74176, 37.71545 ], [ -89.80851, 37.71856 ], [ -89.79319, 37.88387 ], [ -89.82665, 37.88541 ], [ -89.89142, 37.91209 ], [ -89.92059, 37.96083 ], [ -89.91629, 38.00805 ], [ -90.01475, 38.03618 ], [ -90.01051, 38.0834 ], [ -90.03985, 38.1321 ], [ -90.14062, 38.13652 ], [ -90.20576, 38.16304 ], [ -90.20164, 38.21025 ], [ -90.26484, 38.26034 ], [ -90.29241, 38.33258 ], [ -90.36382, 38.2882 ], [ -90.46486, 38.29238 ], [ -90.55816, 38.39091 ], [ -90.55234, 38.46172 ], [ -90.61412, 38.53523 ], [ -90.68173, 38.5379 ], [ -90.67793, 38.5851 ] ], [ [ -92.74149, 37.32453 ], [ -92.67619, 37.29922 ], [ -92.71171, 37.2527 ], [ -92.71631, 37.158 ], [ -92.65001, 37.15634 ], [ -92.65352, 37.0853 ], [ -92.75288, 37.08777 ], [ -92.8897, 36.99622 ], [ -92.88536, 37.09095 ], [ -92.9174, 37.11541 ], [ -93.0168, 37.11768 ], [ -93.01053, 37.25976 ], [ -92.94412, 37.25825 ], [ -92.97415, 37.33003 ], [ -92.74149, 37.32453 ] ], [ [ -93.69913, 37.53404 ], [ -93.79918, 37.53572 ], [ -93.79452, 37.67773 ], [ -93.69426, 37.67604 ], [ -93.69913, 37.53404 ] ], [ [ -91.29181, 37.58933 ], [ -91.26513, 37.49357 ], [ -91.33173, 37.49592 ], [ -91.29181, 37.58933 ] ], [ [ -90.65097, 37.66005 ], [ -90.66037, 37.54186 ], [ -90.79362, 37.54713 ], [ -90.82147, 37.61934 ], [ -90.95488, 37.62445 ], [ -90.95132, 37.67172 ], [ -91.01633, 37.69787 ], [ -91.01281, 37.74514 ], [ -90.87915, 37.74009 ], [ -90.78077, 37.71259 ], [ -90.78445, 37.66532 ], [ -90.65097, 37.66005 ] ], [ [ -90.65097, 37.66005 ], [ -90.68059, 37.70864 ], [ -90.54703, 37.70327 ], [ -90.55087, 37.656 ], [ -90.65097, 37.66005 ] ], [ [ -91.37471, 38.32658 ], [ -91.23986, 38.3219 ], [ -91.20786, 38.29709 ], [ -91.21467, 38.20261 ], [ -91.08008, 38.19777 ], [ -91.09402, 38.00878 ], [ -91.13102, 37.96275 ], [ -91.06572, 37.93667 ], [ -91.07269, 37.84215 ], [ -91.13962, 37.84459 ], [ -91.1765, 37.79853 ], [ -91.24172, 37.82456 ], [ -91.4425, 37.83153 ], [ -91.50626, 37.88106 ], [ -91.49511, 38.0465 ], [ -91.42472, 38.09149 ], [ -91.41659, 38.20962 ], [ -91.44701, 38.258 ], [ -91.378, 38.27934 ], [ -91.37471, 38.32658 ] ] ], [ [ [ -95.5995, 37.74263 ], [ -95.5985, 37.90829 ], [ -95.66535, 37.95579 ], [ -95.76606, 37.95601 ], [ -95.79977, 37.90874 ], [ -95.79998, 37.83775 ], [ -95.83361, 37.79046 ], [ -95.96755, 37.79056 ], [ -95.96757, 37.74323 ], [ -95.83372, 37.74313 ], [ -95.8339, 37.67212 ], [ -95.7002, 37.67189 ], [ -95.66701, 37.62446 ], [ -95.66654, 37.71915 ], [ -95.5995, 37.74263 ] ] ], [ [ [ -94.71734, 38.37588 ], [ -94.71643, 38.42317 ], [ -94.7836, 38.44743 ], [ -94.88504, 38.44831 ], [ -94.88624, 38.37738 ], [ -94.95454, 38.33063 ], [ -94.95528, 38.28334 ], [ -95.05681, 38.26043 ], [ -95.09183, 38.16606 ], [ -94.82245, 38.16398 ], [ -94.78792, 38.21098 ], [ -94.78576, 38.32922 ], [ -94.75112, 38.3762 ], [ -94.71734, 38.37588 ] ] ], [ [ [ -90.92689, 38.87863 ], [ -90.93053, 38.83144 ], [ -90.82864, 38.82762 ], [ -90.82493, 38.8748 ], [ -90.92689, 38.87863 ] ] ], [ [ [ -84.51384, 39.20154 ], [ -84.50058, 39.08145 ], [ -84.4328, 39.07572 ], [ -84.40781, 39.21638 ], [ -84.51384, 39.20154 ] ] ] ] } },
{ "type": "Feature", "properties": { "ID": 35 }, "geometry": { "type": "MultiPolygon", "coordinates": [ [ [ [ -93.67911, 35.20766 ], [ -93.68069, 35.1601 ], [ -93.61627, 35.15892 ], [ -93.61464, 35.20648 ], [ -93.67911, 35.20766 ] ] ], [ [ [ -93.8587, 35.66257 ], [ -93.86016, 35.61505 ], [ -93.82774, 35.61451 ], [ -93.82625, 35.66202 ], [ -93.8587, 35.66257 ] ] ], [ [ [ -91.71711, 35.63318 ], [ -91.78049, 35.65905 ], [ -91.7776, 35.70652 ], [ -91.90739, 35.71069 ], [ -91.94539, 35.61676 ], [ -92.0102, 35.61877 ], [ -92.01157, 35.59503 ], [ -91.75243, 35.58677 ], [ -91.75533, 35.53929 ], [ -91.65824, 35.53606 ], [ -91.65972, 35.51232 ], [ -91.62737, 35.51123 ], [ -91.61989, 35.62993 ], [ -91.71711, 35.63318 ] ] ], [ [ [ -94.78532, 36.50554 ], [ -94.78447, 36.55298 ], [ -94.94849, 36.57811 ], [ -95.08164, 36.4605 ], [ -95.08291, 36.36561 ], [ -95.11662, 36.29465 ], [ -95.18212, 36.29508 ], [ -95.15054, 36.19994 ], [ -95.15142, 36.12874 ], [ -95.21677, 36.12915 ], [ -95.21812, 36.01045 ], [ -95.08764, 36.0096 ], [ -95.08827, 35.96211 ], [ -94.9253, 35.96087 ], [ -94.82913, 35.86503 ], [ -94.83113, 35.74628 ], [ -94.8644, 35.69905 ], [ -94.96217, 35.67611 ], [ -94.93118, 35.5808 ], [ -94.73668, 35.57905 ], [ -94.73755, 35.53152 ], [ -94.64037, 35.53053 ], [ -94.63944, 35.57806 ], [ -94.57364, 35.62489 ], [ -94.3466, 35.62218 ], [ -94.34773, 35.57466 ], [ -94.2181, 35.57294 ], [ -94.21688, 35.62046 ], [ -94.08716, 35.61861 ], [ -94.08453, 35.71363 ], [ -94.11701, 35.71411 ], [ -94.11572, 35.76161 ], [ -94.14821, 35.76208 ], [ -94.14885, 35.73833 ], [ -94.50622, 35.74294 ], [ -94.47163, 35.83757 ], [ -94.40656, 35.83678 ], [ -94.40492, 35.90802 ], [ -94.20953, 35.90548 ], [ -94.20829, 35.95297 ], [ -94.17571, 35.95251 ], [ -94.1412, 36.02327 ], [ -94.13736, 36.16569 ], [ -94.20397, 36.11914 ], [ -94.20521, 36.07166 ], [ -94.33578, 36.0734 ], [ -94.36618, 36.16875 ], [ -94.46425, 36.16994 ], [ -94.4959, 36.21778 ], [ -94.49435, 36.28897 ], [ -94.65809, 36.29075 ], [ -94.72271, 36.33886 ], [ -94.7205, 36.45748 ], [ -94.75333, 36.4578 ], [ -94.75246, 36.50523 ], [ -94.78532, 36.50554 ] ] ], [ [ [ -89.57162, 37.04272 ], [ -89.6377, 37.04592 ], [ -89.66632, 37.09479 ], [ -89.62658, 37.16412 ], [ -89.6087, 37.3532 ], [ -89.66175, 37.49814 ], [ -89.61951, 37.59105 ], [ -89.68392, 37.61783 ], [ -89.71281, 37.66665 ], [ -89.69727, 37.83196 ], [ -89.75973, 37.88231 ], [ -89.79319, 37.88387 ], [ -89.80851, 37.71856 ], [ -89.74176, 37.71545 ], [ -89.76593, 37.45559 ], [ -89.73928, 37.38314 ], [ -89.77468, 37.36107 ], [ -89.81655, 37.26808 ], [ -89.82305, 37.19717 ], [ -89.86261, 37.12778 ], [ -89.96188, 37.13234 ], [ -89.9661, 37.08505 ], [ -90.13146, 37.09248 ], [ -90.17268, 36.99933 ], [ -90.33786, 37.00651 ], [ -90.37483, 36.96061 ], [ -90.38266, 36.86596 ], [ -90.44861, 36.86875 ], [ -90.526, 36.7295 ], [ -90.54496, 36.49274 ], [ -90.61428, 36.44809 ], [ -90.61987, 36.37703 ], [ -90.72539, 36.28626 ], [ -90.66, 36.2836 ], [ -90.66184, 36.25991 ], [ -90.62915, 36.25857 ], [ -90.6273, 36.28226 ], [ -90.56191, 36.27956 ], [ -90.37905, 36.5095 ], [ -90.28066, 36.50524 ], [ -90.27669, 36.5526 ], [ -90.20905, 36.57339 ], [ -90.20503, 36.62073 ], [ -90.0942, 36.75835 ], [ -90.02837, 36.75538 ], [ -89.98919, 36.82487 ], [ -89.95625, 36.82336 ], [ -89.91484, 36.91647 ], [ -89.81589, 36.91187 ], [ -89.82235, 36.84091 ], [ -89.67957, 36.95292 ], [ -89.61358, 36.94975 ], [ -89.5761, 36.99544 ], [ -89.57162, 37.04272 ] ] ], [ [ [ -93.69913, 37.53404 ], [ -93.69426, 37.67604 ], [ -93.79452, 37.67773 ], [ -93.79918, 37.53572 ], [ -93.69913, 37.53404 ] ] ], [ [ [ -94.54476, 37.00106 ], [ -94.54374, 37.04845 ], [ -94.4444, 37.04732 ], [ -94.41018, 37.09431 ], [ -94.40739, 37.21275 ], [ -94.47378, 37.21353 ], [ -94.46464, 37.61606 ], [ -94.5304, 37.66415 ], [ -94.5278, 37.78249 ], [ -94.59476, 37.7832 ], [ -94.59127, 37.94883 ], [ -94.62483, 37.94918 ], [ -94.62191, 38.09111 ], [ -94.79007, 38.09273 ], [ -94.78878, 38.16368 ], [ -94.71963, 38.25766 ], [ -94.61798, 38.28031 ], [ -94.61601, 38.37489 ], [ -94.75112, 38.3762 ], [ -94.78576, 38.32922 ], [ -94.78792, 38.21098 ], [ -94.82245, 38.16398 ], [ -95.05815, 38.16583 ], [ -95.05849, 38.14218 ], [ -95.02483, 38.14194 ], [ -95.02552, 38.09464 ], [ -95.09344, 38.04779 ], [ -95.29512, 38.049 ], [ -95.32921, 38.00186 ], [ -95.33016, 37.90722 ], [ -95.36392, 37.88372 ], [ -95.59865, 37.88463 ], [ -95.5995, 37.74263 ], [ -95.66654, 37.71915 ], [ -95.66724, 37.57711 ], [ -95.56726, 37.55315 ], [ -95.56817, 37.41108 ], [ -95.50193, 37.36348 ], [ -95.50245, 37.29243 ], [ -95.40357, 37.19727 ], [ -95.33742, 37.17326 ], [ -95.37104, 37.12604 ], [ -95.37214, 37.00757 ], [ -95.30643, 36.95984 ], [ -95.30691, 36.91244 ], [ -95.20776, 36.91188 ], [ -95.14106, 36.95887 ], [ -95.10674, 37.05344 ], [ -94.97426, 37.05248 ], [ -94.97498, 37.00509 ], [ -94.87569, 37.00428 ], [ -94.87491, 37.05167 ], [ -94.70932, 37.05016 ], [ -94.71022, 37.00277 ], [ -94.54476, 37.00106 ] ] ], [ [ [ -95.12332, 38.33183 ], [ -95.15647, 38.37933 ], [ -95.22404, 38.37973 ], [ -95.22514, 38.28515 ], [ -95.12394, 38.28453 ], [ -95.12332, 38.33183 ] ] ], [ [ [ -95.28907, 38.61651 ], [ -95.28932, 38.59287 ], [ -95.22154, 38.5925 ], [ -95.28907, 38.61651 ] ] ], [ [ [ -88.21025, 37.04082 ], [ -88.17178, 37.08611 ], [ -88.07272, 37.08021 ], [ -88.03414, 37.12544 ], [ -88.02578, 37.19627 ], [ -88.4228, 37.21956 ], [ -88.4281, 37.17233 ], [ -88.52994, 37.15435 ], [ -88.62915, 37.1599 ], [ -88.624, 37.20714 ], [ -88.75639, 37.21444 ], [ -88.90867, 37.03259 ], [ -88.91609, 36.9617 ], [ -88.98695, 36.91795 ], [ -88.99914, 36.79975 ], [ -89.06978, 36.75594 ], [ -89.0746, 36.70864 ], [ -89.10746, 36.71037 ], [ -89.11941, 36.59211 ], [ -89.15222, 36.59383 ], [ -89.16644, 36.45188 ], [ -89.10811, 36.37746 ], [ -89.11762, 36.2828 ], [ -89.08496, 36.28107 ], [ -89.09687, 36.16272 ], [ -89.03167, 36.15925 ], [ -89.04365, 36.04087 ], [ -89.01591, 35.99177 ], [ -88.95329, 35.96458 ], [ -88.93292, 35.8444 ], [ -88.83557, 35.83905 ], [ -88.74819, 35.7389 ], [ -88.75563, 35.66783 ], [ -88.6934, 35.64049 ], [ -88.70338, 35.54572 ], [ -88.67108, 35.54389 ], [ -88.66356, 35.61497 ], [ -88.63123, 35.61313 ], [ -88.60849, 35.8263 ], [ -88.67336, 35.82998 ], [ -88.65068, 36.04307 ], [ -88.61307, 36.08857 ], [ -88.5154, 36.08298 ], [ -88.51025, 36.13031 ], [ -88.41253, 36.12466 ], [ -88.39945, 36.24295 ], [ -88.30158, 36.23722 ], [ -88.29892, 36.26087 ], [ -88.20104, 36.25506 ], [ -88.19566, 36.30236 ], [ -88.03244, 36.2925 ], [ -87.99428, 36.33779 ], [ -87.9832, 36.43236 ], [ -88.01591, 36.43436 ], [ -88.00485, 36.52891 ], [ -88.07035, 36.53289 ], [ -88.10857, 36.48759 ], [ -88.17405, 36.49152 ], [ -88.21487, 36.42254 ], [ -88.28028, 36.42642 ], [ -88.32361, 36.33375 ], [ -88.42162, 36.33947 ], [ -88.45168, 36.36501 ], [ -88.44124, 36.45961 ], [ -88.53685, 36.48889 ], [ -88.6351, 36.49445 ], [ -88.66277, 36.54359 ], [ -88.65514, 36.61452 ], [ -88.58438, 36.65812 ], [ -88.47022, 36.79434 ], [ -88.33867, 36.78675 ], [ -88.24273, 36.75734 ], [ -88.20715, 36.77903 ], [ -88.19087, 36.92078 ], [ -88.25676, 36.92466 ], [ -88.21568, 36.99359 ], [ -88.21025, 37.04082 ] ] ], [ [ [ -89.92119, 36.8455 ], [ -89.92542, 36.79819 ], [ -89.82664, 36.7936 ], [ -89.82235, 36.84091 ], [ -89.92119, 36.8455 ] ] ], [ [ [ -87.83996, 36.80436 ], [ -87.80708, 36.80232 ], [ -87.80423, 36.82594 ], [ -87.73846, 36.82183 ], [ -87.69981, 36.86699 ], [ -87.72407, 36.9399 ], [ -87.71542, 37.01072 ], [ -87.75127, 36.98918 ], [ -87.88314, 36.99735 ], [ -87.83712, 36.82798 ], [ -87.83996, 36.80436 ] ] ], [ [ [ -87.36455, 37.41644 ], [ -87.40374, 37.37142 ], [ -87.50317, 37.37782 ], [ -87.51507, 37.28346 ], [ -87.37967, 37.29851 ], [ -87.37363, 37.34569 ], [ -87.3405, 37.34353 ], [ -87.33747, 37.36712 ], [ -87.3706, 37.36927 ], [ -87.36455, 37.41644 ] ] ], [ [ [ -88.59231, 37.79914 ], [ -88.56941, 37.7029 ], [ -88.4694, 37.69731 ], [ -88.43074, 37.74261 ], [ -88.32797, 37.7605 ], [ -88.31985, 37.83127 ], [ -88.48685, 37.84074 ], [ -88.49215, 37.79356 ], [ -88.59231, 37.79914 ] ] ], [ [ [ -90.01475, 38.03618 ], [ -89.91629, 38.00805 ], [ -89.9055, 38.12609 ], [ -89.97267, 38.12911 ], [ -90.002, 38.17782 ], [ -90.01475, 38.03618 ] ] ] ] } },
{ "type": "Feature", "properties": { "ID": 36 }, "geometry": { "type": "MultiPolygon", "coordinates": [ [ [ [ -93.99112, 34.451 ], [ -94.05491, 34.452 ], [ -94.05687, 34.38053 ], [ -93.99315, 34.37954 ], [ -93.99112, 34.451 ] ] ], [ [ [ -94.62675, 34.57859 ], [ -94.62768, 34.53096 ], [ -94.53138, 34.55371 ], [ -94.49944, 34.55333 ], [ -94.62675, 34.57859 ] ] ], [ [ [ -94.65871, 34.57893 ], [ -94.62675, 34.57859 ], [ -94.62582, 34.62622 ], [ -94.24214, 34.6215 ], [ -94.23976, 34.71674 ], [ -94.33581, 34.71803 ], [ -94.33693, 34.67041 ], [ -94.65689, 34.67419 ], [ -94.65871, 34.57893 ] ] ], [ [ [ -94.36727, 34.74225 ], [ -94.46388, 34.71964 ], [ -94.36783, 34.71844 ], [ -94.36727, 34.74225 ] ] ], [ [ [ -85.55327, 34.41844 ], [ -85.54626, 34.4658 ], [ -85.47576, 34.50789 ], [ -85.47223, 34.53157 ], [ -85.63096, 34.54467 ], [ -85.63792, 34.49731 ], [ -85.66966, 34.49991 ], [ -85.67659, 34.45254 ], [ -85.70831, 34.45513 ], [ -85.71522, 34.40775 ], [ -85.68006, 34.42886 ], [ -85.55327, 34.41844 ] ] ], [ [ [ -85.57467, 34.70777 ], [ -85.67014, 34.71557 ], [ -85.72342, 34.79174 ], [ -85.71648, 34.83907 ], [ -85.78025, 34.84421 ], [ -85.79404, 34.74954 ], [ -85.82589, 34.75209 ], [ -85.86458, 34.70729 ], [ -85.90323, 34.66247 ], [ -85.88164, 34.5889 ], [ -85.82493, 34.53644 ], [ -85.72622, 34.55243 ], [ -85.66271, 34.54727 ], [ -85.62398, 34.59202 ], [ -85.5887, 34.61309 ], [ -85.57467, 34.70777 ] ] ], [ [ [ -93.98712, 35.71216 ], [ -94.08453, 35.71363 ], [ -94.08716, 35.61861 ], [ -93.98987, 35.61713 ], [ -93.98712, 35.71216 ] ] ], [ [ [ -86.19594, 35.33133 ], [ -86.25026, 35.40718 ], [ -86.29234, 35.33866 ], [ -86.19594, 35.33133 ] ] ], [ [ [ -94.08453, 35.71363 ], [ -94.08322, 35.76114 ], [ -94.11572, 35.76161 ], [ -94.11701, 35.71411 ], [ -94.08453, 35.71363 ] ] ], [ [ [ -85.80893, 35.75538 ], [ -85.8308, 35.82877 ], [ -85.95677, 35.8625 ], [ -86.02493, 35.84389 ], [ -86.03858, 35.7494 ], [ -86.13555, 35.75684 ], [ -86.14229, 35.70958 ], [ -86.23921, 35.71694 ], [ -86.28482, 35.62484 ], [ -86.25255, 35.6224 ], [ -86.26253, 35.55148 ], [ -86.19806, 35.54659 ], [ -86.21142, 35.45202 ], [ -86.11824, 35.42099 ], [ -86.13169, 35.32641 ], [ -85.9998, 35.34011 ], [ -85.9287, 35.38237 ], [ -85.91154, 35.50056 ], [ -85.87243, 35.54529 ], [ -85.84022, 35.54275 ], [ -85.83328, 35.59001 ], [ -85.89776, 35.59508 ], [ -85.91968, 35.66849 ], [ -85.84124, 35.75792 ], [ -85.80893, 35.75538 ] ] ], [ [ [ -85.69732, 35.62702 ], [ -85.79408, 35.63472 ], [ -85.80105, 35.58746 ], [ -85.70436, 35.57977 ], [ -85.69732, 35.62702 ] ] ], [ [ [ -84.96002, 35.54201 ], [ -84.95249, 35.58922 ], [ -84.98469, 35.59197 ], [ -84.99221, 35.54476 ], [ -84.96002, 35.54201 ] ] ], [ [ [ -93.41122, 36.34323 ], [ -93.47413, 36.41567 ], [ -93.53974, 36.41691 ], [ -93.5759, 36.32265 ], [ -93.64141, 36.32385 ], [ -93.67256, 36.37187 ], [ -93.66934, 36.46674 ], [ -93.70137, 36.49104 ], [ -93.79989, 36.49273 ], [ -93.79684, 36.58758 ], [ -93.92838, 36.58972 ], [ -94.09283, 36.5922 ], [ -94.02842, 36.54381 ], [ -94.09548, 36.49735 ], [ -94.0968, 36.44991 ], [ -94.16308, 36.42713 ], [ -94.19276, 36.54617 ], [ -94.2585, 36.54706 ], [ -94.25971, 36.49963 ], [ -94.3254, 36.50048 ], [ -94.38999, 36.54874 ], [ -94.42395, 36.5017 ], [ -94.45787, 36.45466 ], [ -94.45894, 36.40721 ], [ -94.59016, 36.40869 ], [ -94.65623, 36.38566 ], [ -94.65484, 36.45682 ], [ -94.7205, 36.45748 ], [ -94.72271, 36.33886 ], [ -94.65809, 36.29075 ], [ -94.49435, 36.28897 ], [ -94.4959, 36.21778 ], [ -94.46425, 36.16994 ], [ -94.36618, 36.16875 ], [ -94.33578, 36.0734 ], [ -94.20521, 36.07166 ], [ -94.20397, 36.11914 ], [ -94.13736, 36.16569 ], [ -94.1412, 36.02327 ], [ -94.17571, 35.95251 ], [ -94.07795, 35.95111 ], [ -93.94832, 35.92537 ], [ -93.88245, 35.94807 ], [ -93.7847, 35.94644 ], [ -93.75135, 35.96962 ], [ -93.62099, 35.96731 ], [ -93.55497, 35.98984 ], [ -93.45367, 36.0829 ], [ -93.45016, 36.17782 ], [ -93.31941, 36.1752 ], [ -93.2204, 36.19687 ], [ -93.22328, 36.12569 ], [ -93.29047, 36.07961 ], [ -93.29698, 35.91346 ], [ -93.13419, 35.90998 ], [ -93.00704, 35.83582 ], [ -93.01115, 35.74085 ], [ -93.04464, 35.71785 ], [ -93.17354, 35.7445 ], [ -93.1716, 35.79199 ], [ -93.36663, 35.79609 ], [ -93.43692, 35.6549 ], [ -93.53424, 35.65679 ], [ -93.53086, 35.75179 ], [ -93.6933, 35.75479 ], [ -93.69489, 35.70729 ], [ -93.92217, 35.71113 ], [ -93.92359, 35.66362 ], [ -93.7938, 35.66148 ], [ -93.79607, 35.59021 ], [ -93.53677, 35.58553 ], [ -93.47195, 35.58428 ], [ -93.40714, 35.58299 ], [ -93.40891, 35.53548 ], [ -93.37653, 35.53482 ], [ -93.37473, 35.58234 ], [ -93.21271, 35.57895 ], [ -93.2108, 35.62645 ], [ -93.11353, 35.62432 ], [ -93.1155, 35.57681 ], [ -92.9535, 35.5731 ], [ -92.92216, 35.54858 ], [ -92.92636, 35.45355 ], [ -92.797, 35.4504 ], [ -92.79262, 35.54543 ], [ -92.69547, 35.54298 ], [ -92.62841, 35.58881 ], [ -92.62495, 35.66005 ], [ -92.59018, 35.70669 ], [ -92.49281, 35.70409 ], [ -92.488, 35.79905 ], [ -92.58433, 35.82539 ], [ -92.68187, 35.82792 ], [ -92.67959, 35.87539 ], [ -92.71212, 35.87622 ], [ -92.74466, 35.87704 ], [ -92.7772, 35.87785 ], [ -92.77499, 35.92532 ], [ -92.90524, 35.92849 ], [ -92.90736, 35.88102 ], [ -93.03753, 35.88405 ], [ -93.06706, 35.956 ], [ -93.16479, 35.95816 ], [ -93.19545, 36.00634 ], [ -93.19255, 36.07754 ], [ -93.02937, 36.07392 ], [ -93.02527, 36.16883 ], [ -93.12331, 36.17102 ], [ -93.11635, 36.33707 ], [ -93.28016, 36.34058 ], [ -93.34569, 36.34192 ], [ -93.41122, 36.34323 ] ] ], [ [ [ -85.65801, 35.67168 ], [ -85.69732, 35.62702 ], [ -85.66508, 35.62444 ], [ -85.65801, 35.67168 ] ] ], [ [ [ -85.54693, 35.75834 ], [ -85.57924, 35.76095 ], [ -85.58637, 35.71372 ], [ -85.55408, 35.71111 ], [ -85.54693, 35.75834 ] ] ], [ [ [ -85.42471, 35.9157 ], [ -85.39961, 35.86585 ], [ -85.40324, 35.84224 ], [ -85.3709, 35.83959 ], [ -85.35997, 35.91039 ], [ -85.42471, 35.9157 ] ] ], [ [ [ -88.37996, 36.12276 ], [ -88.37471, 36.17008 ], [ -88.30689, 36.1899 ], [ -88.30158, 36.23722 ], [ -88.39945, 36.24295 ], [ -88.41253, 36.12466 ], [ -88.37996, 36.12276 ] ] ], [ [ [ -94.7205, 36.45748 ], [ -94.71961, 36.50492 ], [ -94.75246, 36.50523 ], [ -94.75333, 36.4578 ], [ -94.7205, 36.45748 ] ] ], [ [ [ -85.10981, 37.48889 ], [ -85.14293, 37.4916 ], [ -85.12003, 37.63272 ], [ -85.07916, 37.67703 ], [ -85.14176, 37.70598 ], [ -85.13411, 37.753 ], [ -85.19299, 37.80543 ], [ -85.21486, 37.87865 ], [ -85.30727, 37.9337 ], [ -85.28835, 38.05124 ], [ -85.24353, 38.11908 ], [ -85.34384, 38.12708 ], [ -85.35139, 38.08006 ], [ -85.42572, 38.03833 ], [ -85.62617, 38.05398 ], [ -85.69665, 38.03562 ], [ -85.70394, 37.98858 ], [ -85.77433, 37.97017 ], [ -85.78156, 37.92312 ], [ -85.85186, 37.90467 ], [ -85.98528, 37.91472 ], [ -86.05903, 37.87263 ], [ -86.04146, 37.99028 ], [ -86.06783, 38.03981 ], [ -86.16464, 38.07073 ], [ -86.26499, 38.07804 ], [ -86.29156, 38.12752 ], [ -86.28123, 38.19811 ], [ -86.4153, 38.20773 ], [ -86.53604, 38.07364 ], [ -86.57951, 38.00537 ], [ -86.59282, 37.91119 ], [ -86.69297, 37.91819 ], [ -86.70938, 37.80044 ], [ -86.64932, 37.74869 ], [ -86.66249, 37.65447 ], [ -86.78255, 37.75794 ], [ -86.91261, 37.79063 ], [ -86.90619, 37.83774 ], [ -86.97291, 37.84226 ], [ -86.97609, 37.8187 ], [ -87.16469, 37.66488 ], [ -87.17711, 37.5706 ], [ -87.24666, 37.55141 ], [ -87.35849, 37.46361 ], [ -87.3706, 37.36927 ], [ -87.30433, 37.36495 ], [ -87.30738, 37.34137 ], [ -87.07557, 37.32598 ], [ -87.08182, 37.27882 ], [ -87.15109, 37.25967 ], [ -87.19649, 37.16752 ], [ -87.29561, 37.17408 ], [ -87.3347, 37.12906 ], [ -87.35283, 36.98747 ], [ -87.38578, 36.98963 ], [ -87.36186, 36.91667 ], [ -87.46062, 36.9231 ], [ -87.49354, 36.92523 ], [ -87.5594, 36.92946 ], [ -87.6611, 36.91214 ], [ -87.65529, 36.95936 ], [ -87.72119, 36.96351 ], [ -87.72407, 36.9399 ], [ -87.69981, 36.86699 ], [ -87.73846, 36.82183 ], [ -87.80423, 36.82594 ], [ -87.80708, 36.80232 ], [ -87.83996, 36.80436 ], [ -87.84846, 36.7335 ], [ -87.82414, 36.66059 ], [ -87.93377, 36.57216 ], [ -88.00208, 36.55254 ], [ -88.01591, 36.43436 ], [ -87.9832, 36.43236 ], [ -87.98874, 36.38508 ], [ -87.92339, 36.38106 ], [ -87.92896, 36.33377 ], [ -87.79836, 36.32564 ], [ -87.76002, 36.37086 ], [ -87.74862, 36.4654 ], [ -87.58509, 36.45498 ], [ -87.54068, 36.54738 ], [ -87.4752, 36.54314 ], [ -87.46337, 36.63762 ], [ -87.35903, 36.67842 ], [ -86.99833, 36.65418 ], [ -87.00769, 36.58336 ], [ -86.9422, 36.57885 ], [ -86.97347, 36.3427 ], [ -86.8556, 36.23913 ], [ -86.81669, 36.28408 ], [ -86.7515, 36.27947 ], [ -86.61144, 36.341 ], [ -86.50049, 36.42836 ], [ -86.17406, 36.40422 ], [ -86.07275, 36.42041 ], [ -86.0796, 36.37322 ], [ -85.9457, 36.38684 ], [ -85.78266, 36.37418 ], [ -85.71035, 36.41623 ], [ -85.70324, 36.46339 ], [ -85.57269, 36.45304 ], [ -85.59068, 36.33513 ], [ -85.65584, 36.34032 ], [ -85.69553, 36.29572 ], [ -85.72034, 36.13056 ], [ -85.49301, 36.11238 ], [ -85.47141, 36.03896 ], [ -85.40655, 36.03368 ], [ -85.38506, 35.96025 ], [ -85.36682, 36.07822 ], [ -85.43171, 36.08352 ], [ -85.41716, 36.17788 ], [ -85.3737, 36.24598 ], [ -85.30128, 36.28782 ], [ -85.2865, 36.38213 ], [ -85.1236, 36.36865 ], [ -85.0509, 36.41034 ], [ -85.02436, 36.57528 ], [ -85.067, 36.72208 ], [ -84.96496, 36.73741 ], [ -84.89177, 36.77898 ], [ -84.84351, 36.87037 ], [ -84.74512, 36.86199 ], [ -84.70054, 36.92978 ], [ -84.63489, 36.92413 ], [ -84.6625, 36.75938 ], [ -84.62976, 36.75654 ], [ -84.62186, 36.80362 ], [ -84.55237, 36.82146 ], [ -84.53644, 36.91559 ], [ -84.48762, 37.00683 ], [ -84.55333, 37.01255 ], [ -84.54136, 37.08312 ], [ -84.56628, 37.13302 ], [ -84.75054, 37.02953 ], [ -85.01364, 37.05172 ], [ -85.00981, 37.07525 ], [ -85.17439, 37.08885 ], [ -85.13389, 37.13323 ], [ -85.11489, 37.2509 ], [ -85.1809, 37.25631 ], [ -85.15435, 37.42102 ], [ -85.12127, 37.41832 ], [ -85.10981, 37.48889 ] ], [ [ -86.41816, 36.77992 ], [ -86.42149, 36.75633 ], [ -86.32308, 36.74912 ], [ -86.31635, 36.79629 ], [ -86.11945, 36.78164 ], [ -86.06763, 36.68237 ], [ -86.09512, 36.49367 ], [ -86.32387, 36.51079 ], [ -86.42526, 36.4944 ], [ -86.43188, 36.4472 ], [ -86.59521, 36.45905 ], [ -86.58544, 36.52986 ], [ -86.56585, 36.67146 ], [ -86.5921, 36.721 ], [ -86.49041, 36.73751 ], [ -86.41816, 36.77992 ] ], [ [ -87.13972, 37.09234 ], [ -87.07373, 37.08791 ], [ -87.04074, 37.08567 ], [ -87.07996, 37.04072 ], [ -87.09239, 36.94635 ], [ -87.2241, 36.95518 ], [ -87.21185, 37.04956 ], [ -87.17271, 37.09455 ], [ -87.13972, 37.09234 ] ], [ [ -86.28259, 37.03207 ], [ -86.302, 37.12878 ], [ -86.17008, 37.11903 ], [ -86.10759, 37.09055 ], [ -86.15429, 36.99874 ], [ -86.28259, 37.03207 ] ], [ [ -86.26802, 37.36442 ], [ -86.19839, 37.38311 ], [ -86.21896, 37.24175 ], [ -86.26222, 37.17349 ], [ -86.33161, 37.15476 ], [ -86.43061, 37.16196 ], [ -86.41051, 37.30337 ], [ -86.37744, 37.30098 ], [ -86.34099, 37.32213 ], [ -86.29432, 37.41396 ], [ -86.30112, 37.36684 ], [ -86.26802, 37.36442 ] ], [ [ -86.28219, 37.96037 ], [ -86.32243, 37.91571 ], [ -86.38918, 37.92052 ], [ -86.37217, 38.03821 ], [ -86.30531, 38.0334 ], [ -86.28219, 37.96037 ] ], [ [ -85.36592, 36.50799 ], [ -85.40223, 36.48707 ], [ -85.53282, 36.49759 ], [ -85.55825, 36.54735 ], [ -85.5474, 36.61807 ], [ -85.41291, 36.63114 ], [ -85.21669, 36.61513 ], [ -85.22416, 36.568 ], [ -85.32588, 36.55247 ], [ -85.36592, 36.50799 ] ], [ [ -85.77349, 37.75588 ], [ -85.78069, 37.70882 ], [ -85.65135, 37.67504 ], [ -85.69184, 37.63055 ], [ -85.81753, 37.68783 ], [ -85.87689, 37.73996 ], [ -85.89948, 37.81308 ], [ -85.77349, 37.75588 ] ] ], [ [ [ -84.49796, 34.59068 ], [ -84.49022, 34.63796 ], [ -84.42283, 34.65581 ], [ -84.40722, 34.75035 ], [ -84.36758, 34.7947 ], [ -84.46304, 34.8034 ], [ -84.60573, 34.72036 ], [ -84.62107, 34.62579 ], [ -84.56142, 34.59643 ], [ -84.49796, 34.59068 ] ] ], [ [ [ -83.17935, 34.75223 ], [ -83.1707, 34.79941 ], [ -83.09848, 34.84014 ], [ -83.08541, 34.91089 ], [ -83.11723, 34.91411 ], [ -83.12592, 34.86695 ], [ -83.28492, 34.88296 ], [ -83.35708, 34.84213 ], [ -83.40587, 34.75091 ], [ -83.50115, 34.76033 ], [ -83.53711, 34.73986 ], [ -83.75946, 34.76151 ], [ -83.76771, 34.71429 ], [ -83.83532, 34.69679 ], [ -83.86707, 34.69983 ], [ -83.87115, 34.67621 ], [ -83.90696, 34.65563 ], [ -83.97043, 34.66167 ], [ -83.97853, 34.61442 ], [ -84.07369, 34.62342 ], [ -84.11342, 34.57915 ], [ -84.14133, 34.41369 ], [ -84.04644, 34.40474 ], [ -84.04243, 34.42838 ], [ -83.94753, 34.41935 ], [ -83.97109, 34.46964 ], [ -83.71796, 34.44526 ], [ -83.67392, 34.51305 ], [ -83.54731, 34.50063 ], [ -83.53894, 34.54786 ], [ -83.41229, 34.53531 ], [ -83.37215, 34.57937 ], [ -83.34663, 34.72099 ], [ -83.25143, 34.71145 ], [ -83.24284, 34.75864 ], [ -83.17935, 34.75223 ] ] ], [ [ [ -84.40829, 35.13408 ], [ -84.46833, 35.16348 ], [ -84.42064, 35.25502 ], [ -84.41671, 35.27862 ], [ -84.4847, 35.2608 ], [ -84.50032, 35.16636 ], [ -84.56818, 35.14849 ], [ -84.58753, 35.0304 ], [ -84.65139, 35.0361 ], [ -84.69099, 34.99169 ], [ -84.70245, 34.9208 ], [ -84.63869, 34.91513 ], [ -84.59139, 35.00678 ], [ -84.49564, 34.99817 ], [ -84.48395, 35.06903 ], [ -84.44027, 35.13698 ], [ -84.40829, 35.13408 ] ] ], [ [ [ -82.94938, 34.94504 ], [ -82.94497, 34.96861 ], [ -82.90429, 35.01248 ], [ -82.8406, 35.00591 ], [ -82.82724, 35.0766 ], [ -82.95476, 35.08972 ], [ -82.99545, 35.04585 ], [ -83.04485, 34.9548 ], [ -82.94938, 34.94504 ] ] ], [ [ [ -82.73611, 35.04312 ], [ -82.79983, 35.04974 ], [ -82.80876, 35.00262 ], [ -82.74508, 34.996 ], [ -82.73611, 35.04312 ] ] ], [ [ [ -82.5587, 35.12064 ], [ -82.52682, 35.11728 ], [ -82.53138, 35.09373 ], [ -82.49951, 35.09036 ], [ -82.48579, 35.161 ], [ -82.54959, 35.16774 ], [ -82.5587, 35.12064 ] ] ], [ [ [ -82.25724, 35.32885 ], [ -82.2479, 35.3759 ], [ -82.2892, 35.33228 ], [ -82.25724, 35.32885 ] ] ], [ [ [ -82.16514, 35.4631 ], [ -82.16043, 35.48662 ], [ -82.19246, 35.49007 ], [ -82.19716, 35.46655 ], [ -82.16514, 35.4631 ] ] ], [ [ [ -81.7375, 35.63254 ], [ -81.77443, 35.6126 ], [ -81.93482, 35.63027 ], [ -81.90117, 35.79474 ], [ -81.83685, 35.78769 ], [ -81.82717, 35.83467 ], [ -81.92371, 35.84524 ], [ -81.93333, 35.79826 ], [ -81.96549, 35.80177 ], [ -81.97029, 35.77827 ], [ -82.0346, 35.78526 ], [ -82.04414, 35.73827 ], [ -82.07629, 35.74175 ], [ -82.08104, 35.71824 ], [ -82.15477, 35.67817 ], [ -82.16421, 35.63115 ], [ -82.10949, 35.57721 ], [ -82.12368, 35.50667 ], [ -81.99555, 35.49274 ], [ -81.98602, 35.53976 ], [ -81.85786, 35.52569 ], [ -81.76662, 35.49155 ], [ -81.7375, 35.63254 ] ] ], [ [ [ -81.61413, 35.59474 ], [ -81.55003, 35.58754 ], [ -81.52538, 35.70497 ], [ -81.6538, 35.71936 ], [ -81.67336, 35.6254 ], [ -81.60923, 35.61823 ], [ -81.61413, 35.59474 ] ] ], [ [ [ -84.62902, 35.96781 ], [ -84.53194, 35.95925 ], [ -84.52406, 36.0064 ], [ -84.42694, 35.99776 ], [ -84.41899, 36.04489 ], [ -84.52012, 36.02997 ], [ -84.58491, 36.03569 ], [ -84.59274, 35.98854 ], [ -84.62512, 35.99139 ], [ -84.62902, 35.96781 ] ] ], [ [ [ -84.41103, 36.09202 ], [ -84.41899, 36.04489 ], [ -84.34621, 36.08621 ], [ -84.41103, 36.09202 ] ] ], [ [ [ -84.34621, 36.08621 ], [ -84.24899, 36.07744 ], [ -84.24091, 36.12456 ], [ -84.33819, 36.13333 ], [ -84.34621, 36.08621 ] ] ], [ [ [ -84.20038, 36.16872 ], [ -84.23282, 36.17167 ], [ -84.24091, 36.12456 ], [ -84.20849, 36.12162 ], [ -84.20038, 36.16872 ] ] ], [ [ [ -81.45855, 35.86569 ], [ -81.38922, 35.88188 ], [ -81.37922, 35.92882 ], [ -81.34702, 35.92517 ], [ -81.34201, 35.94863 ], [ -81.44361, 35.9361 ], [ -81.45855, 35.86569 ] ] ], [ [ [ -84.11915, 36.25701 ], [ -84.15163, 36.25997 ], [ -84.15979, 36.21287 ], [ -84.12733, 36.20991 ], [ -84.11915, 36.25701 ] ] ], [ [ [ -80.07224, 37.28948 ], [ -80.08335, 37.24277 ], [ -80.0506, 37.23881 ], [ -80.04504, 37.26216 ], [ -80.01229, 37.25819 ], [ -80.00671, 37.28154 ], [ -80.07224, 37.28948 ] ] ], [ [ [ -77.34836, 38.57151 ], [ -77.39481, 38.52976 ], [ -77.52112, 38.57132 ], [ -77.46155, 38.65949 ], [ -77.35548, 39.03031 ], [ -77.37562, 39.08126 ], [ -77.47611, 39.09506 ], [ -77.52284, 39.05329 ], [ -77.55583, 38.9374 ], [ -77.59583, 38.91878 ], [ -77.63517, 38.77966 ], [ -77.77422, 38.65409 ], [ -77.87414, 38.66761 ], [ -77.90101, 38.6953 ], [ -77.96767, 38.70425 ], [ -77.97409, 38.68104 ], [ -77.92031, 38.62568 ], [ -77.93316, 38.57926 ], [ -77.87307, 38.54708 ], [ -77.91161, 38.40781 ], [ -78.0035, 38.32388 ], [ -78.16138, 38.24875 ], [ -78.26077, 38.26198 ], [ -78.30642, 38.2199 ], [ -78.37889, 38.20542 ], [ -78.39133, 38.15893 ], [ -78.52373, 38.17633 ], [ -78.53607, 38.12983 ], [ -78.60839, 38.11522 ], [ -78.67457, 38.12384 ], [ -78.65373, 38.07301 ], [ -78.75294, 38.08589 ], [ -78.7651, 38.03936 ], [ -78.73205, 38.03508 ], [ -78.67206, 38.00322 ], [ -78.65737, 37.92913 ], [ -78.7147, 37.84034 ], [ -78.78667, 37.82564 ], [ -78.8048, 37.7558 ], [ -78.87666, 37.74104 ], [ -78.90958, 37.74529 ], [ -78.92157, 37.69872 ], [ -79.08611, 37.71982 ], [ -79.12496, 37.70072 ], [ -79.1427, 37.63083 ], [ -79.07696, 37.62244 ], [ -79.10065, 37.52924 ], [ -79.22264, 37.44857 ], [ -79.31158, 37.36363 ], [ -79.47542, 37.38427 ], [ -79.53524, 37.41579 ], [ -79.59098, 37.32657 ], [ -79.66791, 37.28804 ], [ -79.80457, 37.28087 ], [ -79.90283, 37.29292 ], [ -79.91406, 37.24623 ], [ -80.01229, 37.25819 ], [ -79.99071, 37.20751 ], [ -79.89255, 37.19552 ], [ -79.8215, 37.21084 ], [ -79.88888, 36.93061 ], [ -79.82372, 36.92257 ], [ -79.78108, 36.82108 ], [ -79.82482, 36.77838 ], [ -79.92236, 36.79042 ], [ -79.98186, 36.82178 ], [ -80.07949, 36.8337 ], [ -80.11803, 36.67007 ], [ -80.19391, 36.63119 ], [ -80.20483, 36.58442 ], [ -80.30758, 36.57279 ], [ -80.40492, 36.58448 ], [ -80.41568, 36.53768 ], [ -80.51298, 36.54929 ], [ -80.51833, 36.52589 ], [ -80.4859, 36.52202 ], [ -80.51796, 36.38158 ], [ -80.4209, 36.36998 ], [ -80.42626, 36.34657 ], [ -80.26462, 36.32707 ], [ -80.21057, 36.41674 ], [ -80.11351, 36.4049 ], [ -80.04332, 36.42036 ], [ -80.03232, 36.46713 ], [ -79.8705, 36.44715 ], [ -79.82701, 36.48989 ], [ -79.81584, 36.53664 ], [ -79.80467, 36.58338 ], [ -79.70744, 36.57125 ], [ -79.637, 36.58649 ], [ -79.57461, 36.84342 ], [ -79.48095, 36.95195 ], [ -79.41006, 36.96706 ], [ -79.2798, 36.95049 ], [ -79.20303, 36.98881 ], [ -79.19136, 37.03547 ], [ -79.04335, 37.08864 ], [ -79.03155, 37.13527 ], [ -78.86845, 37.11408 ], [ -78.78527, 37.17546 ], [ -78.77328, 37.22206 ], [ -78.70195, 37.23678 ], [ -78.72257, 37.28766 ], [ -78.69844, 37.38083 ], [ -78.60871, 37.46535 ], [ -78.66819, 37.49726 ], [ -78.64999, 37.56711 ], [ -78.76318, 37.65413 ], [ -78.58292, 37.82312 ], [ -78.57067, 37.86965 ], [ -78.4533, 37.92641 ], [ -78.40174, 37.99181 ], [ -78.32328, 38.02956 ], [ -78.31705, 38.05281 ], [ -78.2965, 38.00192 ], [ -78.2635, 37.99753 ], [ -78.10632, 38.07281 ], [ -78.01993, 38.01299 ], [ -77.95395, 38.00406 ], [ -77.97299, 37.93436 ], [ -77.9071, 37.9254 ], [ -77.91982, 37.87893 ], [ -77.86036, 37.84671 ], [ -77.8731, 37.80024 ], [ -77.81373, 37.768 ], [ -77.80641, 37.67055 ], [ -77.708, 37.65696 ], [ -77.65592, 37.72211 ], [ -77.45904, 37.69465 ], [ -77.36719, 37.6576 ], [ -77.28854, 37.57406 ], [ -77.27546, 37.49976 ], [ -77.29507, 37.4301 ], [ -77.19711, 37.41614 ], [ -77.21023, 37.3697 ], [ -77.1776, 37.36504 ], [ -77.18417, 37.34182 ], [ -77.08636, 37.32777 ], [ -76.99469, 37.41121 ], [ -76.9415, 37.59682 ], [ -76.78379, 37.67061 ], [ -76.73181, 37.61469 ], [ -76.69127, 37.75378 ], [ -76.72405, 37.75857 ], [ -76.71729, 37.78175 ], [ -76.73657, 37.83288 ], [ -76.80221, 37.84242 ], [ -76.894, 37.87985 ], [ -76.83422, 37.96783 ], [ -76.7027, 37.94876 ], [ -76.68912, 37.9951 ], [ -76.74814, 38.02783 ], [ -76.8469, 38.04211 ], [ -76.83341, 38.08846 ], [ -76.93228, 38.10267 ], [ -76.91209, 38.1722 ], [ -76.97809, 38.18164 ], [ -76.95793, 38.25117 ], [ -76.99097, 38.25589 ], [ -76.98426, 38.27906 ], [ -77.18267, 38.30719 ], [ -77.26869, 38.36751 ], [ -77.25542, 38.41388 ], [ -77.30847, 38.46953 ], [ -77.27527, 38.58543 ], [ -77.34174, 38.59469 ], [ -77.34836, 38.57151 ] ], [ [ -79.23673, 37.25789 ], [ -79.25191, 37.332 ], [ -79.18057, 37.34697 ], [ -79.04963, 37.33019 ], [ -79.03467, 37.25605 ], [ -79.15038, 37.19872 ], [ -79.21573, 37.20708 ], [ -79.23673, 37.25789 ] ], [ [ -77.17062, 37.62972 ], [ -77.2164, 37.70867 ], [ -77.11805, 37.69466 ], [ -77.17062, 37.62972 ] ] ] ] } },
{ "type": "Feature", "properties": { "ID": 37 }, "geometry": { "type": "MultiPolygon", "coordinates": [ [ [ [ -83.72222, 34.97394 ], [ -83.76649, 34.90621 ], [ -83.98944, 34.92746 ], [ -83.99755, 34.88024 ], [ -84.08906, 34.91283 ], [ -84.24837, 34.92764 ], [ -84.31607, 34.90989 ], [ -84.41167, 34.91864 ], [ -84.43182, 34.9924 ], [ -84.41615, 35.08686 ], [ -84.37632, 35.13118 ], [ -84.44027, 35.13698 ], [ -84.48395, 35.06903 ], [ -84.5073, 34.92731 ], [ -84.44355, 34.92153 ], [ -84.45915, 34.82703 ], [ -84.39549, 34.82123 ], [ -84.36758, 34.7947 ], [ -84.30396, 34.78885 ], [ -84.3079, 34.76523 ], [ -84.24431, 34.75935 ], [ -84.24035, 34.78298 ], [ -84.13294, 34.84496 ], [ -84.00565, 34.83301 ], [ -84.01374, 34.78578 ], [ -83.95015, 34.77976 ], [ -83.94609, 34.80338 ], [ -83.88249, 34.79732 ], [ -83.87431, 34.84454 ], [ -83.8425, 34.8415 ], [ -83.80246, 34.88567 ], [ -83.67515, 34.87339 ], [ -83.65849, 34.96778 ], [ -83.62244, 34.98828 ], [ -83.71806, 34.99754 ], [ -83.72222, 34.97394 ] ] ], [ [ [ -83.10852, 34.96127 ], [ -83.34427, 34.9129 ], [ -83.31858, 35.05441 ], [ -83.34618, 35.08115 ], [ -83.4419, 35.09062 ], [ -83.46736, 34.9491 ], [ -83.53106, 34.95536 ], [ -83.53948, 34.90817 ], [ -83.60733, 34.8908 ], [ -83.62405, 34.7964 ], [ -83.66415, 34.75228 ], [ -83.53711, 34.73986 ], [ -83.50115, 34.76033 ], [ -83.40587, 34.75091 ], [ -83.35708, 34.84213 ], [ -83.28492, 34.88296 ], [ -83.12592, 34.86695 ], [ -83.10852, 34.96127 ] ] ], [ [ [ -84.19656, 35.04276 ], [ -84.32426, 35.05451 ], [ -84.33216, 35.00729 ], [ -84.20455, 34.99554 ], [ -84.19656, 35.04276 ] ] ], [ [ [ -83.67785, 35.04165 ], [ -83.70143, 35.09191 ], [ -83.70975, 35.04473 ], [ -83.67785, 35.04165 ] ] ], [ [ [ -83.29708, 35.17229 ], [ -83.34618, 35.08115 ], [ -83.30569, 35.12514 ], [ -83.29708, 35.17229 ] ] ], [ [ [ -83.54425, 35.24461 ], [ -83.47805, 35.07017 ], [ -83.45257, 35.21165 ], [ -83.54425, 35.24461 ] ] ], [ [ [ -84.22053, 35.28469 ], [ -84.25257, 35.28763 ], [ -84.26054, 35.24043 ], [ -84.22853, 35.23749 ], [ -84.22053, 35.28469 ] ] ], [ [ [ -84.12042, 35.2994 ], [ -84.08029, 35.34361 ], [ -84.06812, 35.41437 ], [ -84.00395, 35.40839 ], [ -83.99579, 35.45555 ], [ -84.0921, 35.46452 ], [ -84.21253, 35.33188 ], [ -84.22053, 35.28469 ], [ -84.15245, 35.30237 ], [ -84.12042, 35.2994 ] ] ], [ [ [ -83.54425, 35.24461 ], [ -83.52732, 35.33891 ], [ -83.58716, 35.3687 ], [ -83.71535, 35.38106 ], [ -83.69024, 35.52249 ], [ -83.72236, 35.52556 ], [ -83.71399, 35.5727 ], [ -83.73777, 35.6229 ], [ -83.86646, 35.63509 ], [ -83.90689, 35.59098 ], [ -83.93159, 35.44953 ], [ -83.96369, 35.45254 ], [ -83.97597, 35.3818 ], [ -83.92006, 35.3286 ], [ -83.9521, 35.33162 ], [ -83.96028, 35.28444 ], [ -83.92826, 35.28143 ], [ -83.93236, 35.25784 ], [ -83.86835, 35.25178 ], [ -83.89301, 35.11023 ], [ -83.79307, 35.1247 ], [ -83.78479, 35.17188 ], [ -83.7042, 35.26009 ], [ -83.54425, 35.24461 ] ] ], [ [ [ -83.40351, 35.3028 ], [ -83.37151, 35.29964 ], [ -83.35863, 35.37034 ], [ -83.39067, 35.3735 ], [ -83.40351, 35.3028 ] ] ], [ [ [ -83.16212, 35.37479 ], [ -83.14902, 35.44546 ], [ -83.21314, 35.45187 ], [ -83.19571, 35.54608 ], [ -83.25993, 35.55247 ], [ -83.25559, 35.57602 ], [ -83.28771, 35.5792 ], [ -83.29637, 35.53209 ], [ -83.32848, 35.53526 ], [ -83.3328, 35.51171 ], [ -83.3007, 35.50854 ], [ -83.30935, 35.46142 ], [ -83.24521, 35.45506 ], [ -83.25388, 35.40795 ], [ -83.19415, 35.378 ], [ -83.20285, 35.33088 ], [ -83.29457, 35.36401 ], [ -83.3266, 35.36718 ], [ -83.3481, 35.24934 ], [ -83.29278, 35.19586 ], [ -83.28415, 35.243 ], [ -83.21588, 35.26019 ], [ -83.088, 35.24733 ], [ -83.06606, 35.36513 ], [ -83.16212, 35.37479 ] ] ], [ [ [ -83.43338, 35.49761 ], [ -83.42482, 35.54473 ], [ -83.52118, 35.55412 ], [ -83.52968, 35.507 ], [ -83.43338, 35.49761 ] ] ], [ [ [ -83.67344, 35.61675 ], [ -83.7056, 35.61983 ], [ -83.70979, 35.59626 ], [ -83.67764, 35.59319 ], [ -83.67344, 35.61675 ] ] ], [ [ [ -83.5812, 35.58391 ], [ -83.50841, 35.6248 ], [ -83.49988, 35.67191 ], [ -83.56424, 35.67814 ], [ -83.62439, 35.7079 ], [ -83.64128, 35.61366 ], [ -83.60912, 35.61057 ], [ -83.61335, 35.58701 ], [ -83.5812, 35.58391 ] ] ], [ [ [ -82.545, 35.86354 ], [ -82.64168, 35.87358 ], [ -82.63253, 35.92061 ], [ -82.66479, 35.92394 ], [ -82.65107, 35.99448 ], [ -82.71566, 36.00113 ], [ -82.70654, 36.04815 ], [ -82.77118, 36.05477 ], [ -82.81708, 35.98753 ], [ -82.88167, 35.99409 ], [ -82.95523, 35.95359 ], [ -83.00533, 35.86274 ], [ -83.13434, 35.87565 ], [ -83.17538, 35.8318 ], [ -83.15632, 35.75798 ], [ -83.13292, 35.70769 ], [ -83.06856, 35.70124 ], [ -83.09061, 35.58354 ], [ -83.02637, 35.57707 ], [ -83.03963, 35.50643 ], [ -83.01639, 35.45609 ], [ -82.91578, 35.46987 ], [ -82.84272, 35.51039 ], [ -82.71444, 35.49718 ], [ -82.72348, 35.4501 ], [ -82.69144, 35.44678 ], [ -82.68692, 35.47032 ], [ -82.62283, 35.46365 ], [ -82.67301, 35.37283 ], [ -82.71404, 35.32907 ], [ -82.75952, 35.26175 ], [ -82.73657, 35.21133 ], [ -82.67271, 35.20468 ], [ -82.65461, 35.29887 ], [ -82.46286, 35.27871 ], [ -82.45827, 35.30225 ], [ -82.3624, 35.29205 ], [ -82.41247, 35.36946 ], [ -82.39861, 35.44005 ], [ -82.45805, 35.47036 ], [ -82.47628, 35.54432 ], [ -82.45321, 35.66193 ], [ -82.5496, 35.67205 ], [ -82.54041, 35.71909 ], [ -82.47611, 35.71235 ], [ -82.45298, 35.82992 ], [ -82.51739, 35.83666 ], [ -82.50816, 35.88369 ], [ -82.545, 35.86354 ] ], [ [ -82.86137, 35.58429 ], [ -82.91221, 35.66145 ], [ -82.97651, 35.66798 ], [ -82.96316, 35.73858 ], [ -83.00978, 35.83921 ], [ -82.88087, 35.82617 ], [ -82.82094, 35.79607 ], [ -82.84343, 35.67843 ], [ -82.77913, 35.67184 ], [ -82.79716, 35.57771 ], [ -82.86137, 35.58429 ] ] ], [ [ [ -84.58491, 36.03569 ], [ -84.55252, 36.03283 ], [ -84.57706, 36.08282 ], [ -84.56528, 36.15352 ], [ -84.66264, 36.16206 ], [ -84.67433, 36.09135 ], [ -84.60948, 36.08567 ], [ -84.62512, 35.99139 ], [ -84.59274, 35.98854 ], [ -84.58491, 36.03569 ] ] ], [ [ [ -80.7847, 38.45225 ], [ -80.77388, 38.49892 ], [ -80.70708, 38.49134 ], [ -80.6962, 38.53801 ], [ -80.59047, 38.5499 ], [ -80.51261, 38.58888 ], [ -80.41232, 38.57731 ], [ -80.3734, 38.74052 ], [ -80.19431, 38.91138 ], [ -80.16073, 38.90745 ], [ -80.1153, 39.09381 ], [ -80.1319, 39.16761 ], [ -80.10908, 39.26076 ], [ -80.15952, 39.33849 ], [ -80.11952, 39.50146 ], [ -80.22118, 39.51324 ], [ -80.34549, 39.57539 ], [ -80.47565, 39.61414 ], [ -80.6795, 39.63708 ], [ -80.78699, 39.62513 ], [ -80.77597, 39.67174 ], [ -80.91751, 39.66346 ], [ -80.94475, 39.54692 ], [ -81.01808, 39.53105 ], [ -81.08599, 39.53847 ], [ -81.11288, 39.42187 ], [ -81.15213, 39.40224 ], [ -81.17884, 39.28561 ], [ -81.30152, 39.20327 ], [ -81.46533, 39.24474 ], [ -81.45486, 39.29142 ], [ -81.55643, 39.30221 ], [ -81.58511, 39.32913 ], [ -81.72579, 39.32003 ], [ -81.92914, 39.34113 ], [ -81.99191, 39.37146 ], [ -82.06478, 39.35503 ], [ -82.08867, 39.40521 ], [ -82.19052, 39.41553 ], [ -82.21042, 39.32207 ], [ -82.25918, 39.25539 ], [ -82.43348, 39.24896 ], [ -82.49153, 39.30244 ], [ -82.53514, 39.25903 ], [ -82.5545, 39.16551 ], [ -82.78614, 39.04504 ], [ -82.88753, 39.05485 ], [ -82.90724, 39.12829 ], [ -82.86396, 39.17183 ], [ -82.79624, 39.16528 ], [ -82.77247, 39.28223 ], [ -82.87423, 39.29204 ], [ -82.91758, 39.24852 ], [ -82.93639, 39.15494 ], [ -83.04729, 39.11783 ], [ -83.02278, 39.06781 ], [ -83.07844, 38.78693 ], [ -83.05402, 38.73689 ], [ -83.12592, 38.71989 ], [ -83.13511, 38.67306 ], [ -83.20692, 38.65602 ], [ -83.44231, 38.67807 ], [ -83.45127, 38.63122 ], [ -83.54768, 38.66397 ], [ -83.61496, 38.67015 ], [ -83.62379, 38.62328 ], [ -83.69104, 38.62941 ], [ -83.69981, 38.58254 ], [ -83.83424, 38.5947 ], [ -83.8765, 38.55083 ], [ -83.89376, 38.45704 ], [ -83.92731, 38.46005 ], [ -83.9316, 38.4366 ], [ -83.89806, 38.43359 ], [ -83.94875, 38.34278 ], [ -84.03274, 38.25492 ], [ -84.05393, 38.13761 ], [ -83.98715, 38.13164 ], [ -84.08768, 37.94985 ], [ -84.1296, 37.71505 ], [ -84.09641, 37.71209 ], [ -84.00953, 37.63272 ], [ -83.98484, 37.58276 ], [ -84.01431, 37.41834 ], [ -84.04734, 37.42132 ], [ -84.13006, 37.33327 ], [ -84.19615, 36.95714 ], [ -84.32744, 36.96885 ], [ -84.40118, 36.92761 ], [ -84.4173, 36.8335 ], [ -84.45809, 36.78932 ], [ -84.55635, 36.79793 ], [ -84.55237, 36.82146 ], [ -84.62186, 36.80362 ], [ -84.64159, 36.68592 ], [ -84.70035, 36.33265 ], [ -84.63919, 36.30344 ], [ -84.37908, 36.28048 ], [ -84.3305, 36.37177 ], [ -84.26542, 36.36593 ], [ -84.24505, 36.29236 ], [ -84.21254, 36.28942 ], [ -84.20441, 36.33651 ], [ -84.123, 36.42477 ], [ -84.04963, 36.46589 ], [ -83.88679, 36.45088 ], [ -83.87841, 36.49793 ], [ -83.79638, 36.58596 ], [ -83.7468, 36.67698 ], [ -83.63169, 36.76182 ], [ -83.56629, 36.75563 ], [ -83.58352, 36.6616 ], [ -83.55518, 36.63499 ], [ -83.45729, 36.62564 ], [ -83.4486, 36.67265 ], [ -83.51391, 36.6789 ], [ -83.5336, 36.75253 ], [ -83.45953, 36.79329 ], [ -83.32873, 36.78072 ], [ -83.35067, 36.66322 ], [ -83.2854, 36.6569 ], [ -83.27659, 36.7039 ], [ -83.20685, 36.72103 ], [ -83.17419, 36.71784 ], [ -83.19353, 36.79151 ], [ -83.25893, 36.79788 ], [ -83.27838, 36.87153 ], [ -83.4421, 36.88729 ], [ -83.45082, 36.84029 ], [ -83.55334, 36.82614 ], [ -83.52736, 36.96713 ], [ -83.29788, 36.94517 ], [ -83.28904, 36.99215 ], [ -83.17729, 37.05305 ], [ -83.04604, 37.0402 ], [ -82.91939, 37.00375 ], [ -82.84468, 37.04416 ], [ -82.83551, 37.09109 ], [ -82.73706, 37.08122 ], [ -82.66216, 37.12151 ], [ -82.64819, 37.19189 ], [ -82.5778, 37.20867 ], [ -82.44636, 37.19523 ], [ -82.31975, 37.15822 ], [ -82.32452, 37.13478 ], [ -82.16048, 37.11764 ], [ -82.18365, 37.16797 ], [ -82.16435, 37.26172 ], [ -82.09862, 37.25482 ], [ -82.07431, 37.37197 ], [ -81.9279, 37.42831 ], [ -81.76325, 37.41069 ], [ -81.74329, 37.50434 ], [ -81.77127, 37.5313 ], [ -81.75129, 37.62493 ], [ -81.81237, 37.65541 ], [ -81.91152, 37.66596 ], [ -81.92141, 37.61914 ], [ -82.05357, 37.63309 ], [ -82.12454, 37.61659 ], [ -82.14299, 37.6903 ], [ -82.12348, 37.78396 ], [ -82.20344, 37.88794 ], [ -82.1322, 37.90447 ], [ -82.12731, 37.92788 ], [ -82.07075, 37.87415 ], [ -82.00443, 37.8672 ], [ -81.96138, 37.91053 ], [ -81.94155, 38.00413 ], [ -81.96487, 38.05442 ], [ -81.79866, 38.03687 ], [ -81.75337, 38.24736 ], [ -81.64603, 38.42728 ], [ -81.58944, 38.37338 ], [ -81.48928, 38.36261 ], [ -81.44041, 38.4291 ], [ -81.24001, 38.40725 ], [ -81.24525, 38.38389 ], [ -81.04506, 38.36175 ], [ -80.99574, 38.42808 ], [ -80.91827, 38.4673 ], [ -80.7847, 38.45225 ] ], [ [ -82.63096, 38.457 ], [ -82.56877, 38.42693 ], [ -82.65469, 38.33995 ], [ -82.66416, 38.29313 ], [ -82.56872, 38.25973 ], [ -82.58774, 38.16607 ], [ -82.52584, 38.13597 ], [ -82.54489, 38.0423 ], [ -82.48313, 38.01217 ], [ -82.44056, 37.88834 ], [ -82.45966, 37.79465 ], [ -82.44083, 37.721 ], [ -82.47413, 37.55698 ], [ -82.4601, 37.45986 ], [ -82.36594, 37.42628 ], [ -82.38501, 37.33252 ], [ -82.44611, 37.36273 ], [ -82.64377, 37.38283 ], [ -82.75192, 37.34586 ], [ -82.79871, 37.27879 ], [ -82.86454, 37.28535 ], [ -82.89202, 37.14457 ], [ -82.96227, 37.12762 ], [ -82.97136, 37.08068 ], [ -83.06533, 37.11385 ], [ -83.2953, 37.13621 ], [ -83.30416, 37.08925 ], [ -83.43117, 37.12533 ], [ -83.4224, 37.17229 ], [ -83.48381, 37.20203 ], [ -83.50562, 37.0846 ], [ -83.60418, 37.0939 ], [ -83.74845, 37.0357 ], [ -83.76124, 36.9652 ], [ -83.69564, 36.95908 ], [ -83.71274, 36.86506 ], [ -83.75826, 36.7976 ], [ -83.82371, 36.80369 ], [ -83.93866, 36.71869 ], [ -83.99632, 36.58056 ], [ -84.13507, 36.54541 ], [ -84.1513, 36.64249 ], [ -84.20847, 36.69545 ], [ -84.27386, 36.70132 ], [ -84.33117, 36.75421 ], [ -84.24941, 36.84248 ], [ -84.08562, 36.82772 ], [ -84.0118, 36.86879 ], [ -84.00346, 36.91582 ], [ -83.87982, 37.04785 ], [ -83.83426, 37.11533 ], [ -83.89158, 37.16838 ], [ -83.80646, 37.63813 ], [ -83.65661, 37.7198 ], [ -83.59028, 37.71364 ], [ -83.54836, 37.75748 ], [ -83.50437, 37.99206 ], [ -83.38668, 38.07649 ], [ -83.32002, 38.0702 ], [ -83.2732, 38.13737 ], [ -83.20649, 38.13102 ], [ -83.15951, 38.19814 ], [ -83.13216, 38.33874 ], [ -83.08954, 38.38239 ], [ -82.98914, 38.37272 ], [ -82.91293, 38.41307 ], [ -82.90362, 38.45991 ], [ -82.76964, 38.44682 ], [ -82.71727, 38.53716 ], [ -82.65021, 38.53054 ], [ -82.63096, 38.457 ] ], [ [ -82.90074, 38.81758 ], [ -82.97277, 38.80067 ], [ -82.94009, 38.9645 ], [ -82.87257, 38.958 ], [ -82.90074, 38.81758 ] ], [ [ -80.60804, 38.76747 ], [ -80.62511, 38.84125 ], [ -80.52441, 38.82976 ], [ -80.54649, 38.73649 ], [ -80.60804, 38.76747 ] ] ], [ [ [ -82.12368, 35.50667 ], [ -82.10949, 35.57721 ], [ -82.16421, 35.63115 ], [ -82.15949, 35.65466 ], [ -82.25583, 35.665 ], [ -82.2652, 35.61797 ], [ -82.20572, 35.58758 ], [ -82.22449, 35.49352 ], [ -82.16043, 35.48662 ], [ -82.15572, 35.51013 ], [ -82.12368, 35.50667 ] ] ], [ [ [ -82.06677, 35.78875 ], [ -82.07629, 35.74175 ], [ -82.04414, 35.73827 ], [ -82.0346, 35.78526 ], [ -81.97029, 35.77827 ], [ -81.96069, 35.82526 ], [ -82.08943, 35.83922 ], [ -82.06677, 35.78875 ] ] ], [ [ [ -81.84967, 35.88517 ], [ -81.78528, 35.87809 ], [ -81.77554, 35.92506 ], [ -81.71112, 35.91794 ], [ -81.69153, 36.01185 ], [ -81.53032, 35.9939 ], [ -81.48815, 36.03722 ], [ -81.51046, 36.08776 ], [ -81.42591, 36.17435 ], [ -81.42091, 36.19781 ], [ -81.57007, 36.11844 ], [ -81.69927, 36.13277 ], [ -81.70908, 36.08583 ], [ -81.77366, 36.09295 ], [ -81.79316, 35.99905 ], [ -81.82541, 36.00259 ], [ -81.84967, 35.88517 ] ] ], [ [ [ -82.26243, 36.28962 ], [ -82.39209, 36.30326 ], [ -82.50787, 36.38724 ], [ -82.5264, 36.46106 ], [ -82.62392, 36.4711 ], [ -82.71689, 36.50456 ], [ -82.73522, 36.4106 ], [ -82.71647, 36.33681 ], [ -82.55424, 36.32014 ], [ -82.48472, 36.3369 ], [ -82.46161, 36.28655 ], [ -82.50332, 36.24294 ], [ -82.51724, 36.17246 ], [ -82.55885, 36.12882 ], [ -82.49416, 36.12209 ], [ -82.50343, 36.0751 ], [ -82.47111, 36.07172 ], [ -82.46647, 36.09522 ], [ -82.43414, 36.09184 ], [ -82.42948, 36.11534 ], [ -82.39715, 36.11195 ], [ -82.36906, 36.25289 ], [ -82.2395, 36.23923 ], [ -82.26243, 36.28962 ] ] ], [ [ [ -82.25297, 36.33658 ], [ -82.26243, 36.28962 ], [ -82.19762, 36.28275 ], [ -82.19287, 36.30623 ], [ -82.22528, 36.30967 ], [ -82.22054, 36.33315 ], [ -82.25297, 36.33658 ] ] ], [ [ [ -81.38356, 36.21762 ], [ -81.37854, 36.24107 ], [ -81.41088, 36.24471 ], [ -81.41589, 36.22126 ], [ -81.38356, 36.21762 ] ] ], [ [ [ -82.12702, 36.46709 ], [ -82.1595, 36.47055 ], [ -82.16905, 36.42361 ], [ -82.13659, 36.42015 ], [ -82.12702, 36.46709 ] ] ], [ [ [ -82.05242, 36.50709 ], [ -82.04761, 36.53055 ], [ -82.08012, 36.53403 ], [ -82.08493, 36.51056 ], [ -82.05242, 36.50709 ] ] ], [ [ [ -82.12975, 36.77901 ], [ -82.2046, 36.73899 ], [ -82.43302, 36.76286 ], [ -82.45157, 36.83664 ], [ -82.32088, 36.82307 ], [ -82.20854, 36.88317 ], [ -82.19896, 36.93007 ], [ -82.03544, 36.91278 ], [ -81.96031, 36.95269 ], [ -81.94076, 37.04645 ], [ -82.00627, 37.05343 ], [ -82.01114, 37.02999 ], [ -82.0439, 37.03347 ], [ -82.0536, 36.98659 ], [ -82.2173, 37.00386 ], [ -82.22688, 36.95696 ], [ -82.32507, 36.96722 ], [ -82.33458, 36.92031 ], [ -82.40001, 36.9271 ], [ -82.40946, 36.88018 ], [ -82.47486, 36.88694 ], [ -82.47956, 36.86347 ], [ -82.51225, 36.86684 ], [ -82.51693, 36.84337 ], [ -82.54962, 36.84673 ], [ -82.55429, 36.82326 ], [ -82.65234, 36.83328 ], [ -82.6616, 36.78633 ], [ -82.75961, 36.79627 ], [ -82.73613, 36.74601 ], [ -82.86676, 36.75917 ], [ -82.96928, 36.74548 ], [ -82.96024, 36.79245 ], [ -82.98389, 36.84266 ], [ -83.0166, 36.8459 ], [ -83.0211, 36.82242 ], [ -83.06279, 36.77867 ], [ -83.12815, 36.78511 ], [ -83.14154, 36.71463 ], [ -83.10889, 36.71142 ], [ -83.11781, 36.66444 ], [ -82.99183, 36.62803 ], [ -83.00981, 36.53405 ], [ -83.10751, 36.54374 ], [ -83.14897, 36.49994 ], [ -83.08833, 36.47001 ], [ -82.99074, 36.46031 ], [ -82.94018, 36.55105 ], [ -82.74484, 36.53136 ], [ -82.60079, 36.58852 ], [ -82.5031, 36.57846 ], [ -82.38701, 36.49451 ], [ -82.31727, 36.51118 ], [ -82.09342, 36.63134 ], [ -82.03796, 36.57748 ], [ -82.04278, 36.55402 ], [ -81.94523, 36.54354 ], [ -81.90298, 36.58695 ], [ -81.92578, 36.63737 ], [ -81.76303, 36.61973 ], [ -81.71073, 36.70995 ], [ -81.58043, 36.69565 ], [ -81.52783, 36.78579 ], [ -81.49522, 36.78218 ], [ -81.48516, 36.82904 ], [ -81.53536, 36.90654 ], [ -81.63338, 36.91731 ], [ -81.62339, 36.96417 ], [ -81.68879, 36.97132 ], [ -81.73637, 36.90458 ], [ -81.8671, 36.91872 ], [ -81.87692, 36.87184 ], [ -81.94226, 36.87886 ], [ -81.95201, 36.83197 ], [ -82.04998, 36.84244 ], [ -82.05966, 36.79554 ], [ -82.12494, 36.80247 ], [ -82.12975, 36.77901 ] ] ], [ [ [ -81.16249, 36.62483 ], [ -81.195, 36.62853 ], [ -81.20523, 36.58167 ], [ -81.17274, 36.57798 ], [ -81.16249, 36.62483 ] ] ], [ [ [ -80.37844, 37.71016 ], [ -80.32891, 37.92026 ], [ -80.27366, 38.0097 ], [ -80.30126, 38.03694 ], [ -80.36756, 38.04472 ], [ -80.45584, 37.95911 ], [ -80.47226, 37.88908 ], [ -80.5217, 37.82288 ], [ -80.65395, 37.8382 ], [ -80.67553, 37.74477 ], [ -80.75231, 37.70565 ], [ -80.76301, 37.65892 ], [ -80.796, 37.6627 ], [ -80.80667, 37.61597 ], [ -80.84496, 37.59637 ], [ -80.81732, 37.56922 ], [ -80.84919, 37.42897 ], [ -80.82692, 37.37844 ], [ -80.73371, 37.3437 ], [ -80.80802, 37.0163 ], [ -80.97669, 37.0117 ], [ -80.98191, 36.9883 ], [ -81.17802, 37.01059 ], [ -81.2588, 36.94771 ], [ -81.29147, 36.95138 ], [ -81.30679, 36.88112 ], [ -81.27415, 36.87746 ], [ -81.29457, 36.78378 ], [ -81.25687, 36.80353 ], [ -81.06132, 36.78135 ], [ -81.05096, 36.82818 ], [ -80.98576, 36.82072 ], [ -80.96881, 36.74674 ], [ -80.9037, 36.73924 ], [ -80.88276, 36.83287 ], [ -80.83965, 36.87591 ], [ -80.74183, 36.86455 ], [ -80.72062, 36.95813 ], [ -80.65534, 36.95051 ], [ -80.57936, 36.98963 ], [ -80.574, 37.01301 ], [ -80.34544, 37.13008 ], [ -80.21464, 37.11444 ], [ -80.1599, 37.20395 ], [ -80.09444, 37.19606 ], [ -80.07224, 37.28948 ], [ -80.03947, 37.28551 ], [ -80.02833, 37.33222 ], [ -79.92437, 37.34361 ], [ -79.89159, 37.33961 ], [ -79.88033, 37.38629 ], [ -79.79208, 37.47161 ], [ -79.75924, 37.46757 ], [ -79.75356, 37.49091 ], [ -79.88498, 37.50699 ], [ -79.86804, 37.577 ], [ -79.93384, 37.585 ], [ -79.92257, 37.63167 ], [ -79.9555, 37.63566 ], [ -79.96113, 37.61233 ], [ -79.99405, 37.61631 ], [ -80.01087, 37.54629 ], [ -80.04376, 37.55026 ], [ -80.03817, 37.5736 ], [ -80.16982, 37.58941 ], [ -80.14801, 37.53878 ], [ -80.17019, 37.44538 ], [ -80.2359, 37.45324 ], [ -80.24141, 37.42989 ], [ -80.20857, 37.42596 ], [ -80.21961, 37.37926 ], [ -80.12116, 37.36745 ], [ -80.13779, 37.29739 ], [ -80.20886, 37.2819 ], [ -80.33998, 37.29755 ], [ -80.35091, 37.25082 ], [ -80.45465, 37.23909 ], [ -80.58574, 37.25449 ], [ -80.56959, 37.32461 ], [ -80.66805, 37.33609 ], [ -80.72304, 37.39045 ], [ -80.707, 37.46058 ], [ -80.67411, 37.45677 ], [ -80.63047, 37.49969 ], [ -80.68556, 37.55406 ], [ -80.65868, 37.67088 ], [ -80.56514, 37.63604 ], [ -80.57597, 37.58932 ], [ -80.47715, 37.57778 ], [ -80.45536, 37.6712 ], [ -80.37844, 37.71016 ] ] ], [ [ [ -81.70824, 37.66819 ], [ -81.74128, 37.67174 ], [ -81.75129, 37.62493 ], [ -81.71827, 37.62138 ], [ -81.70824, 37.66819 ] ] ], [ [ [ -80.30126, 38.03694 ], [ -80.257, 38.0797 ], [ -80.29017, 38.0836 ], [ -80.30126, 38.03694 ] ] ], [ [ [ -80.23473, 38.17301 ], [ -80.257, 38.0797 ], [ -80.19067, 38.07186 ], [ -80.14632, 38.11458 ], [ -80.12389, 38.20787 ], [ -80.16831, 38.16516 ], [ -80.23473, 38.17301 ] ] ], [ [ [ -79.87625, 40.33498 ], [ -79.80764, 40.32697 ], [ -79.78394, 40.41995 ], [ -79.85855, 40.40472 ], [ -79.87625, 40.33498 ] ] ], [ [ [ -80.5294, 36.62335 ], [ -80.54542, 36.55314 ], [ -80.41568, 36.53768 ], [ -80.40492, 36.58448 ], [ -80.37247, 36.58059 ], [ -80.36167, 36.62738 ], [ -80.43199, 36.61175 ], [ -80.5294, 36.62335 ] ] ], [ [ [ -80.22613, 36.77935 ], [ -80.21519, 36.82611 ], [ -80.24775, 36.83004 ], [ -80.25866, 36.78328 ], [ -80.22613, 36.77935 ] ] ], [ [ [ -79.70931, 37.53352 ], [ -79.67645, 37.52947 ], [ -79.67073, 37.5528 ], [ -79.63786, 37.54873 ], [ -79.63213, 37.57206 ], [ -79.6979, 37.58018 ], [ -79.70931, 37.53352 ] ] ], [ [ [ -79.70223, 37.70084 ], [ -79.73518, 37.70489 ], [ -79.76368, 37.58826 ], [ -79.6979, 37.58018 ], [ -79.72508, 37.60755 ], [ -79.70223, 37.70084 ] ] ], [ [ [ -80.01576, 37.66696 ], [ -80.00454, 37.71362 ], [ -80.03751, 37.7176 ], [ -80.01576, 37.66696 ] ] ], [ [ [ -78.90958, 37.74529 ], [ -78.97543, 37.75376 ], [ -78.96346, 37.80033 ], [ -78.99642, 37.80456 ], [ -78.99044, 37.82785 ], [ -79.02341, 37.83206 ], [ -79.03534, 37.78549 ], [ -79.06829, 37.7897 ], [ -79.08018, 37.74312 ], [ -79.11311, 37.74731 ], [ -79.12496, 37.70072 ], [ -79.08611, 37.71982 ], [ -78.92157, 37.69872 ], [ -78.90958, 37.74529 ] ] ], [ [ [ -77.97299, 37.93436 ], [ -77.95395, 38.00406 ], [ -78.01993, 38.01299 ], [ -78.10632, 38.07281 ], [ -78.2635, 37.99753 ], [ -78.2305, 37.99312 ], [ -78.22255, 37.89573 ], [ -78.02492, 37.86911 ], [ -77.95274, 37.88341 ], [ -77.94004, 37.92988 ], [ -77.97299, 37.93436 ] ] ], [ [ [ -80.03486, 38.29323 ], [ -80.11264, 38.25451 ], [ -80.12389, 38.20787 ], [ -80.05745, 38.19997 ], [ -80.03486, 38.29323 ] ] ], [ [ [ -78.2965, 38.00192 ], [ -78.31705, 38.05281 ], [ -78.32951, 38.00631 ], [ -78.2965, 38.00192 ] ] ], [ [ [ -78.38839, 39.57707 ], [ -78.48985, 39.59012 ], [ -78.48353, 39.61332 ], [ -78.68663, 39.6392 ], [ -78.70175, 39.71312 ], [ -78.76957, 39.72167 ], [ -78.8622, 39.63731 ], [ -78.87457, 39.59086 ], [ -78.9546, 39.55288 ], [ -78.96689, 39.50642 ], [ -79.0007, 39.51063 ], [ -79.06179, 39.27828 ], [ -79.09549, 39.28247 ], [ -79.10156, 39.25923 ], [ -79.10763, 39.23599 ], [ -79.12581, 39.16625 ], [ -79.15946, 39.17043 ], [ -79.20517, 39.1281 ], [ -79.24721, 38.96532 ], [ -79.28077, 38.96947 ], [ -79.31062, 38.85316 ], [ -79.30097, 38.75596 ], [ -79.25199, 38.67787 ], [ -79.29957, 38.4917 ], [ -79.26626, 38.48755 ], [ -79.25436, 38.53409 ], [ -79.17575, 38.57231 ], [ -79.15179, 38.66537 ], [ -79.1184, 38.66118 ], [ -79.10637, 38.70771 ], [ -79.09432, 38.75422 ], [ -79.07622, 38.82399 ], [ -78.99716, 38.86208 ], [ -78.98501, 38.90858 ], [ -78.93932, 38.95085 ], [ -78.96066, 39.00157 ], [ -79.06134, 39.0142 ], [ -79.04313, 39.08394 ], [ -78.99735, 39.12622 ], [ -78.89038, 39.13678 ], [ -78.82315, 39.12828 ], [ -78.85062, 39.15577 ], [ -78.75865, 39.24017 ], [ -78.74626, 39.28662 ], [ -78.6789, 39.27806 ], [ -78.66391, 39.20409 ], [ -78.52312, 39.21007 ], [ -78.54817, 39.11719 ], [ -78.48101, 39.10852 ], [ -78.51234, 38.99241 ], [ -78.54586, 38.99674 ], [ -78.55834, 38.95029 ], [ -78.59806, 38.93138 ], [ -78.53108, 38.92274 ], [ -78.46412, 38.91406 ], [ -78.48914, 38.82116 ], [ -78.54126, 38.7558 ], [ -78.62046, 38.71797 ], [ -78.65752, 38.57852 ], [ -78.79083, 38.59566 ], [ -78.74789, 38.75838 ], [ -78.6898, 38.84705 ], [ -78.6229, 38.83845 ], [ -78.61049, 38.88492 ], [ -78.64396, 38.88922 ], [ -78.63776, 38.91246 ], [ -78.73824, 38.92533 ], [ -78.75057, 38.87885 ], [ -78.78405, 38.88313 ], [ -78.79633, 38.83664 ], [ -78.82979, 38.8409 ], [ -78.84816, 38.77117 ], [ -78.96062, 38.73739 ], [ -78.99404, 38.74161 ], [ -79.01825, 38.64859 ], [ -78.98487, 38.64437 ], [ -78.99092, 38.62111 ], [ -78.95756, 38.61689 ], [ -78.97573, 38.54712 ], [ -79.00906, 38.55134 ], [ -79.01509, 38.52808 ], [ -79.04841, 38.53229 ], [ -79.05443, 38.50902 ], [ -79.11174, 38.42015 ], [ -79.15098, 38.40107 ], [ -79.16889, 38.33125 ], [ -79.20212, 38.33542 ], [ -79.23182, 38.21902 ], [ -79.26733, 38.07931 ], [ -79.27913, 38.03273 ], [ -79.34531, 38.04102 ], [ -79.30044, 38.08346 ], [ -79.28864, 38.13004 ], [ -79.32178, 38.13418 ], [ -79.34904, 38.16161 ], [ -79.33726, 38.20819 ], [ -79.40362, 38.21644 ], [ -79.42707, 38.12327 ], [ -79.55966, 38.13967 ], [ -79.54221, 38.20956 ], [ -79.45244, 38.29453 ], [ -79.51306, 38.32602 ], [ -79.57956, 38.33419 ], [ -79.62019, 38.17111 ], [ -79.66491, 38.12857 ], [ -79.75866, 38.16401 ], [ -79.85822, 38.17607 ], [ -79.93597, 38.13744 ], [ -79.96996, 37.99753 ], [ -80.04744, 37.95883 ], [ -80.05868, 37.91217 ], [ -80.191, 37.92795 ], [ -80.15275, 37.80341 ], [ -80.17501, 37.71006 ], [ -80.07608, 37.69822 ], [ -80.03751, 37.7176 ], [ -80.09789, 37.74885 ], [ -80.04247, 37.83822 ], [ -79.94338, 37.82629 ], [ -79.9603, 37.75631 ], [ -79.86135, 37.74431 ], [ -79.88867, 37.77165 ], [ -79.86599, 37.86494 ], [ -79.93208, 37.87294 ], [ -79.88769, 37.91559 ], [ -79.86496, 38.00887 ], [ -79.79875, 38.00084 ], [ -79.82727, 37.88425 ], [ -79.79422, 37.88023 ], [ -79.69512, 37.86812 ], [ -79.70085, 37.8448 ], [ -79.66784, 37.84075 ], [ -79.68505, 37.7708 ], [ -79.62485, 37.73936 ], [ -79.60916, 37.66534 ], [ -79.62639, 37.59538 ], [ -79.46199, 37.57493 ], [ -79.37296, 37.65994 ], [ -79.36129, 37.70656 ], [ -79.32836, 37.70242 ], [ -79.31079, 37.77233 ], [ -79.29318, 37.84223 ], [ -79.26019, 37.83808 ], [ -79.2154, 37.8805 ], [ -79.17055, 37.92291 ], [ -79.1587, 37.96949 ], [ -78.99352, 37.94848 ], [ -78.91544, 37.98658 ], [ -78.90942, 38.00985 ], [ -78.86429, 38.05215 ], [ -78.83123, 38.0479 ], [ -78.81911, 38.09443 ], [ -78.8522, 38.09869 ], [ -78.8009, 38.16423 ], [ -78.77656, 38.25728 ], [ -78.65255, 38.33744 ], [ -78.58616, 38.32882 ], [ -78.54061, 38.37099 ], [ -78.52203, 38.44072 ], [ -78.55528, 38.44505 ], [ -78.54289, 38.49154 ], [ -78.46392, 38.52934 ], [ -78.45769, 38.55257 ], [ -78.4119, 38.59469 ], [ -78.3786, 38.59032 ], [ -78.33273, 38.6324 ], [ -78.32645, 38.65563 ], [ -78.42647, 38.66874 ], [ -78.45146, 38.57581 ], [ -78.55139, 38.58882 ], [ -78.56611, 38.66286 ], [ -78.45358, 38.69632 ], [ -78.44108, 38.74278 ], [ -78.36803, 38.75728 ], [ -78.38059, 38.71083 ], [ -78.34722, 38.70646 ], [ -78.33464, 38.75291 ], [ -78.23451, 38.73974 ], [ -78.24083, 38.71652 ], [ -78.2742, 38.72092 ], [ -78.3057, 38.60479 ], [ -78.34529, 38.58595 ], [ -78.31828, 38.55834 ], [ -78.34337, 38.46541 ], [ -78.37661, 38.46979 ], [ -78.38911, 38.42332 ], [ -78.42233, 38.42768 ], [ -78.43479, 38.3812 ], [ -78.468, 38.38555 ], [ -78.47421, 38.36231 ], [ -78.50741, 38.36665 ], [ -78.51979, 38.32016 ], [ -78.55297, 38.3245 ], [ -78.55915, 38.30125 ], [ -78.52598, 38.29692 ], [ -78.57149, 38.25475 ], [ -78.59611, 38.16173 ], [ -78.64148, 38.11953 ], [ -78.60839, 38.11522 ], [ -78.53607, 38.12983 ], [ -78.52373, 38.17633 ], [ -78.39133, 38.15893 ], [ -78.37889, 38.20542 ], [ -78.30642, 38.2199 ], [ -78.26077, 38.26198 ], [ -78.16138, 38.24875 ], [ -78.0035, 38.32388 ], [ -77.91161, 38.40781 ], [ -77.87307, 38.54708 ], [ -77.93316, 38.57926 ], [ -77.92031, 38.62568 ], [ -77.97409, 38.68104 ], [ -77.94196, 38.79707 ], [ -78.01515, 38.7828 ], [ -78.00232, 38.82921 ], [ -78.13596, 38.84698 ], [ -78.14233, 38.82377 ], [ -78.22184, 38.78617 ], [ -78.20916, 38.83261 ], [ -78.17574, 38.82819 ], [ -78.16302, 38.87462 ], [ -78.12959, 38.87019 ], [ -78.11682, 38.91661 ], [ -78.08337, 38.91218 ], [ -78.03709, 38.95414 ], [ -78.02425, 39.00055 ], [ -78.05774, 39.005 ], [ -78.0256, 39.121 ], [ -78.09272, 39.12988 ], [ -78.14065, 39.20834 ], [ -78.12141, 39.27794 ], [ -78.19676, 39.38398 ], [ -78.28329, 39.32318 ], [ -78.38433, 39.3363 ], [ -78.37166, 39.38272 ], [ -78.47281, 39.39578 ], [ -78.50024, 39.42333 ], [ -78.4011, 39.53067 ], [ -78.38839, 39.57707 ] ], [ [ -79.45819, 37.86287 ], [ -79.50281, 37.82036 ], [ -79.66784, 37.84075 ], [ -79.61177, 37.92993 ], [ -79.44654, 37.90948 ], [ -79.45237, 37.88618 ], [ -79.41935, 37.88206 ], [ -79.43101, 37.83546 ], [ -79.36502, 37.82721 ], [ -79.38255, 37.7573 ], [ -79.47563, 37.79295 ], [ -79.45819, 37.86287 ] ], [ [ -79.08555, 38.9212 ], [ -79.18012, 38.957 ], [ -79.08885, 39.04164 ], [ -79.0674, 38.99095 ], [ -79.08555, 38.9212 ] ] ], [ [ [ -79.93242, 38.71271 ], [ -79.91522, 38.78259 ], [ -79.96589, 38.71669 ], [ -79.93242, 38.71271 ] ] ], [ [ [ -78.92711, 38.99734 ], [ -78.91488, 39.04382 ], [ -78.96066, 39.00157 ], [ -78.92711, 38.99734 ] ] ], [ [ [ -78.60669, 39.0286 ], [ -78.60047, 39.05183 ], [ -78.53337, 39.04319 ], [ -78.52711, 39.06641 ], [ -78.54817, 39.11719 ], [ -78.64895, 39.13012 ], [ -78.60669, 39.0286 ] ] ], [ [ [ -72.60428, 42.10411 ], [ -72.54363, 42.06974 ], [ -72.52609, 42.11542 ], [ -72.56081, 42.12119 ], [ -72.5257, 42.21255 ], [ -72.63025, 42.13271 ], [ -72.60428, 42.10411 ] ] ] ] } },
{ "type": "Feature", "properties": { "ID": 38 }, "geometry": { "type": "MultiPolygon", "coordinates": [ [ [ [ -94.25669, 36.6182 ], [ -94.32133, 36.66648 ], [ -94.42012, 36.6677 ], [ -94.45305, 36.66809 ], [ -94.45412, 36.62067 ], [ -94.42121, 36.62028 ], [ -94.42231, 36.57285 ], [ -94.32366, 36.57163 ], [ -94.25729, 36.59449 ], [ -94.25669, 36.6182 ] ] ], [ [ [ -90.71981, 36.78491 ], [ -90.74909, 36.83357 ], [ -90.73994, 36.9519 ], [ -90.64088, 36.94792 ], [ -90.63714, 36.99525 ], [ -90.56727, 37.03987 ], [ -90.62589, 37.13719 ], [ -90.46036, 37.13038 ], [ -90.45067, 37.24863 ], [ -90.40968, 37.34182 ], [ -90.44093, 37.36686 ], [ -90.70672, 37.37769 ], [ -90.703, 37.42498 ], [ -90.80276, 37.42891 ], [ -90.86747, 37.45514 ], [ -90.87647, 37.3369 ], [ -91.00933, 37.34195 ], [ -91.07921, 37.29712 ], [ -91.08266, 37.24981 ], [ -91.21871, 37.20734 ], [ -91.21536, 37.25466 ], [ -91.34645, 37.28303 ], [ -91.37316, 37.37882 ], [ -91.50928, 37.33606 ], [ -91.44604, 37.28648 ], [ -91.45082, 37.2155 ], [ -91.48714, 37.1693 ], [ -91.55342, 37.17154 ], [ -91.55809, 37.10054 ], [ -91.59581, 37.03063 ], [ -91.66196, 37.03282 ], [ -91.6665, 36.9618 ], [ -91.83172, 36.96711 ], [ -91.86765, 36.92079 ], [ -91.87341, 36.82606 ], [ -91.90924, 36.77972 ], [ -92.13054, 36.95247 ], [ -92.1609, 37.00079 ], [ -92.42548, 37.00821 ], [ -92.42797, 36.96084 ], [ -92.59325, 36.9652 ], [ -92.631, 36.8713 ], [ -92.69473, 36.92034 ], [ -92.85992, 36.92437 ], [ -92.8621, 36.87699 ], [ -93.15929, 36.88372 ], [ -93.1583, 36.90741 ], [ -93.48868, 36.9141 ], [ -93.55647, 36.86795 ], [ -93.59201, 36.79746 ], [ -93.65798, 36.79865 ], [ -93.66367, 36.63272 ], [ -93.7624, 36.63444 ], [ -93.76395, 36.58702 ], [ -93.79684, 36.58758 ], [ -93.79989, 36.49273 ], [ -93.70137, 36.49104 ], [ -93.66934, 36.46674 ], [ -93.67256, 36.37187 ], [ -93.64141, 36.32385 ], [ -93.5759, 36.32265 ], [ -93.53974, 36.41691 ], [ -93.47413, 36.41567 ], [ -93.41122, 36.34323 ], [ -92.98532, 36.33412 ], [ -92.98948, 36.23924 ], [ -93.05491, 36.24074 ], [ -93.05795, 36.16957 ], [ -92.9926, 36.16808 ], [ -92.99467, 36.12063 ], [ -92.86513, 36.09382 ], [ -92.87267, 35.92771 ], [ -92.77499, 35.92532 ], [ -92.7772, 35.87785 ], [ -92.67959, 35.87539 ], [ -92.67731, 35.92286 ], [ -92.38431, 35.91504 ], [ -92.38679, 35.86758 ], [ -92.29048, 35.84109 ], [ -92.16043, 35.83731 ], [ -91.99788, 35.8324 ], [ -91.95983, 35.92631 ], [ -91.79709, 35.92115 ], [ -91.7942, 35.9686 ], [ -91.59881, 35.96213 ], [ -91.59578, 36.00957 ], [ -91.46077, 36.07624 ], [ -91.36293, 36.07279 ], [ -91.29448, 36.11787 ], [ -91.29123, 36.16529 ], [ -91.25531, 36.21152 ], [ -91.22263, 36.21033 ], [ -91.15395, 36.25532 ], [ -91.1506, 36.30272 ], [ -91.08347, 36.32398 ], [ -91.0439, 36.41752 ], [ -90.9456, 36.41377 ], [ -90.9421, 36.46115 ], [ -90.80376, 36.55076 ], [ -90.79474, 36.66916 ], [ -90.82403, 36.71781 ], [ -90.75639, 36.73888 ], [ -90.75275, 36.78623 ], [ -90.71981, 36.78491 ] ] ], [ [ [ -86.30112, 37.36684 ], [ -86.29432, 37.41396 ], [ -86.34099, 37.32213 ], [ -86.37744, 37.30098 ], [ -86.34437, 37.29857 ], [ -86.28504, 37.24661 ], [ -86.24517, 37.29131 ], [ -86.23492, 37.36199 ], [ -86.30112, 37.36684 ] ] ], [ [ [ -91.37471, 38.32658 ], [ -91.378, 38.27934 ], [ -91.44701, 38.258 ], [ -91.41659, 38.20962 ], [ -91.42472, 38.09149 ], [ -91.49511, 38.0465 ], [ -91.50626, 37.88106 ], [ -91.4425, 37.83153 ], [ -91.24172, 37.82456 ], [ -91.1765, 37.79853 ], [ -91.13962, 37.84459 ], [ -91.07269, 37.84215 ], [ -91.06572, 37.93667 ], [ -91.13102, 37.96275 ], [ -91.09402, 38.00878 ], [ -91.08008, 38.19777 ], [ -91.21467, 38.20261 ], [ -91.20786, 38.29709 ], [ -91.23986, 38.3219 ], [ -91.37471, 38.32658 ] ] ] ] } },
{ "type": "Feature", "properties": { "ID": 39 }, "geometry": { "type": "MultiPolygon", "coordinates": [ [ [ [ -84.24431, 34.75935 ], [ -84.2761, 34.76229 ], [ -84.28006, 34.73867 ], [ -84.34363, 34.74452 ], [ -84.33577, 34.79178 ], [ -84.36758, 34.7947 ], [ -84.40722, 34.75035 ], [ -84.42283, 34.65581 ], [ -84.49022, 34.63796 ], [ -84.49796, 34.59068 ], [ -84.52969, 34.59356 ], [ -84.5451, 34.49897 ], [ -84.5768, 34.50184 ], [ -84.59595, 34.38357 ], [ -84.54036, 34.33053 ], [ -84.44553, 34.32187 ], [ -84.40227, 34.38993 ], [ -84.11767, 34.36343 ], [ -84.10969, 34.41072 ], [ -84.14133, 34.41369 ], [ -84.11342, 34.57915 ], [ -84.07369, 34.62342 ], [ -83.97853, 34.61442 ], [ -83.97043, 34.66167 ], [ -84.12916, 34.67664 ], [ -84.13715, 34.62938 ], [ -84.20061, 34.63531 ], [ -84.19267, 34.68257 ], [ -84.22443, 34.68553 ], [ -84.22046, 34.70915 ], [ -84.25223, 34.7121 ], [ -84.24431, 34.75935 ] ] ], [ [ [ -84.5865, 34.83853 ], [ -84.63869, 34.91513 ], [ -84.70245, 34.9208 ], [ -84.65402, 34.8206 ], [ -84.69349, 34.77617 ], [ -84.70492, 34.70524 ], [ -84.61341, 34.67308 ], [ -84.60573, 34.72036 ], [ -84.46304, 34.8034 ], [ -84.36758, 34.7947 ], [ -84.39549, 34.82123 ], [ -84.5865, 34.83853 ] ] ], [ [ [ -84.63869, 34.91513 ], [ -84.56721, 34.95667 ], [ -84.50342, 34.95093 ], [ -84.49564, 34.99817 ], [ -84.59139, 35.00678 ], [ -84.63869, 34.91513 ] ] ], [ [ [ -82.52682, 35.11728 ], [ -82.59058, 35.124 ], [ -82.59966, 35.0769 ], [ -82.53593, 35.07018 ], [ -82.52682, 35.11728 ] ] ], [ [ [ -82.2991, 35.11704 ], [ -82.25794, 35.16069 ], [ -82.23462, 35.27835 ], [ -82.26656, 35.28179 ], [ -82.25724, 35.32885 ], [ -82.32117, 35.3357 ], [ -82.33045, 35.28864 ], [ -82.42631, 35.29886 ], [ -82.43091, 35.27532 ], [ -82.39897, 35.27192 ], [ -82.40358, 35.24839 ], [ -82.44471, 35.2047 ], [ -82.50855, 35.21146 ], [ -82.51769, 35.16437 ], [ -82.48579, 35.161 ], [ -82.49037, 35.13745 ], [ -82.45848, 35.13407 ], [ -82.4266, 35.13068 ], [ -82.2991, 35.11704 ] ] ], [ [ [ -84.62976, 36.75654 ], [ -84.6625, 36.75938 ], [ -84.63489, 36.92413 ], [ -84.70054, 36.92978 ], [ -84.74512, 36.86199 ], [ -84.84351, 36.87037 ], [ -84.89177, 36.77898 ], [ -84.96496, 36.73741 ], [ -85.067, 36.72208 ], [ -85.02436, 36.57528 ], [ -85.0509, 36.41034 ], [ -85.1236, 36.36865 ], [ -85.2865, 36.38213 ], [ -85.30128, 36.28782 ], [ -85.3737, 36.24598 ], [ -85.41716, 36.17788 ], [ -85.43171, 36.08352 ], [ -85.36682, 36.07822 ], [ -85.39234, 35.91305 ], [ -85.35997, 35.91039 ], [ -85.3709, 35.83959 ], [ -85.40324, 35.84224 ], [ -85.41049, 35.79503 ], [ -85.50745, 35.80294 ], [ -85.51463, 35.75572 ], [ -85.54693, 35.75834 ], [ -85.55408, 35.71111 ], [ -85.65094, 35.71891 ], [ -85.66508, 35.62444 ], [ -85.69732, 35.62702 ], [ -85.70436, 35.57977 ], [ -85.83328, 35.59001 ], [ -85.84022, 35.54275 ], [ -85.87243, 35.54529 ], [ -85.91154, 35.50056 ], [ -85.93213, 35.35872 ], [ -85.9, 35.3562 ], [ -85.91715, 35.23798 ], [ -85.98471, 35.21936 ], [ -86.03032, 35.12725 ], [ -86.12643, 35.1347 ], [ -86.19715, 35.09231 ], [ -86.21043, 34.99765 ], [ -86.27439, 35.00254 ], [ -86.31621, 34.93395 ], [ -86.29082, 34.88417 ], [ -86.21705, 34.95031 ], [ -86.15314, 34.94539 ], [ -86.17972, 34.75598 ], [ -86.11599, 34.75104 ], [ -86.04556, 34.79343 ], [ -86.00356, 34.86194 ], [ -85.99003, 34.95661 ], [ -85.86224, 34.94652 ], [ -85.78455, 35.03605 ], [ -85.65314, 35.04941 ], [ -85.5324, 35.2071 ], [ -85.50035, 35.20448 ], [ -85.51459, 35.10991 ], [ -85.49327, 35.03635 ], [ -85.57134, 34.94699 ], [ -85.70952, 34.8864 ], [ -85.72342, 34.79174 ], [ -85.67014, 34.71557 ], [ -85.57467, 34.70777 ], [ -85.59221, 34.58942 ], [ -85.62398, 34.59202 ], [ -85.63096, 34.54467 ], [ -85.47223, 34.53157 ], [ -85.46514, 34.57891 ], [ -85.42627, 34.62361 ], [ -85.36271, 34.61829 ], [ -85.35913, 34.64195 ], [ -85.39092, 34.64462 ], [ -85.38735, 34.66828 ], [ -85.41915, 34.67094 ], [ -85.40129, 34.78925 ], [ -85.42601, 34.83921 ], [ -85.38338, 34.90752 ], [ -85.47556, 34.93911 ], [ -85.46487, 35.01006 ], [ -85.42576, 35.05471 ], [ -85.36181, 35.0494 ], [ -85.31899, 35.11765 ], [ -85.20104, 35.25138 ], [ -85.16899, 35.24867 ], [ -85.15057, 35.36679 ], [ -85.07893, 35.40858 ], [ -85.06776, 35.47942 ], [ -85.02439, 35.54751 ], [ -84.99221, 35.54476 ], [ -84.98469, 35.59197 ], [ -84.92029, 35.58645 ], [ -84.90894, 35.65725 ], [ -84.66916, 35.9235 ], [ -84.63682, 35.92066 ], [ -84.60948, 36.08567 ], [ -84.67433, 36.09135 ], [ -84.66264, 36.16206 ], [ -84.56528, 36.15352 ], [ -84.57706, 36.08282 ], [ -84.55252, 36.03283 ], [ -84.52012, 36.02997 ], [ -84.41899, 36.04489 ], [ -84.41103, 36.09202 ], [ -84.37862, 36.08912 ], [ -84.37462, 36.11268 ], [ -84.4719, 36.12136 ], [ -84.45205, 36.23916 ], [ -84.51703, 36.24491 ], [ -84.50911, 36.29202 ], [ -84.63919, 36.30344 ], [ -84.70035, 36.33265 ], [ -84.64159, 36.68592 ], [ -84.62976, 36.75654 ] ], [ [ -85.58894, 34.8287 ], [ -85.49332, 34.82084 ], [ -85.50395, 34.74986 ], [ -85.59948, 34.75771 ], [ -85.58894, 34.8287 ] ] ], [ [ [ -81.75693, 35.53856 ], [ -81.69287, 35.53143 ], [ -81.688, 35.55492 ], [ -81.62393, 35.54776 ], [ -81.60923, 35.61823 ], [ -81.67336, 35.6254 ], [ -81.66359, 35.67238 ], [ -81.72777, 35.67953 ], [ -81.75693, 35.53856 ] ] ], [ [ [ -84.55635, 36.79793 ], [ -84.45809, 36.78932 ], [ -84.4173, 36.8335 ], [ -84.40118, 36.92761 ], [ -84.32744, 36.96885 ], [ -84.19615, 36.95714 ], [ -84.13006, 37.33327 ], [ -84.04734, 37.42132 ], [ -84.01431, 37.41834 ], [ -83.98484, 37.58276 ], [ -84.00953, 37.63272 ], [ -84.09641, 37.71209 ], [ -84.16278, 37.71801 ], [ -84.17942, 37.62406 ], [ -84.22498, 37.55652 ], [ -84.29532, 37.53888 ], [ -84.37786, 37.45069 ], [ -84.386, 37.40368 ], [ -84.53427, 37.32115 ], [ -84.63331, 37.32969 ], [ -84.68218, 37.23845 ], [ -84.75599, 37.19703 ], [ -84.88785, 37.20818 ], [ -84.90919, 37.28152 ], [ -85.04124, 37.29252 ], [ -85.09965, 37.34502 ], [ -85.12127, 37.41832 ], [ -85.15435, 37.42102 ], [ -85.1809, 37.25631 ], [ -85.11489, 37.2509 ], [ -85.13389, 37.13323 ], [ -85.17439, 37.08885 ], [ -85.00981, 37.07525 ], [ -85.01364, 37.05172 ], [ -84.75054, 37.02953 ], [ -84.56628, 37.13302 ], [ -84.54136, 37.08312 ], [ -84.55333, 37.01255 ], [ -84.48762, 37.00683 ], [ -84.53644, 36.91559 ], [ -84.55635, 36.79793 ] ] ], [ [ [ -81.14867, 38.20565 ], [ -81.17145, 38.25606 ], [ -81.30992, 38.24737 ], [ -81.2734, 38.41091 ], [ -81.44041, 38.4291 ], [ -81.48928, 38.36261 ], [ -81.58944, 38.37338 ], [ -81.64603, 38.42728 ], [ -81.75337, 38.24736 ], [ -81.79866, 38.03687 ], [ -81.96487, 38.05442 ], [ -81.94155, 38.00413 ], [ -81.96138, 37.91053 ], [ -82.00443, 37.8672 ], [ -82.07075, 37.87415 ], [ -82.12731, 37.92788 ], [ -82.14197, 37.85765 ], [ -82.05233, 37.80045 ], [ -82.02904, 37.75016 ], [ -82.04377, 37.67992 ], [ -81.94458, 37.66946 ], [ -81.9248, 37.7631 ], [ -81.79241, 37.74903 ], [ -81.78241, 37.79584 ], [ -81.84864, 37.80289 ], [ -81.83369, 37.8731 ], [ -81.75735, 37.91283 ], [ -81.69102, 37.90573 ], [ -81.53291, 38.00836 ], [ -81.52269, 38.05512 ], [ -81.44597, 38.09467 ], [ -81.30783, 38.1035 ], [ -81.20813, 38.09251 ], [ -81.16967, 38.1122 ], [ -81.14867, 38.20565 ] ] ], [ [ [ -84.03648, 38.42211 ], [ -84.10356, 38.42805 ], [ -84.12046, 38.33421 ], [ -84.05348, 38.32828 ], [ -84.03648, 38.42211 ] ] ], [ [ [ -82.90074, 38.81758 ], [ -82.87257, 38.958 ], [ -82.94009, 38.9645 ], [ -82.97277, 38.80067 ], [ -82.90074, 38.81758 ] ] ], [ [ [ -81.12705, 39.66244 ], [ -81.20582, 39.62316 ], [ -81.30255, 39.65745 ], [ -81.40467, 39.66835 ], [ -81.41522, 39.62169 ], [ -81.55134, 39.6361 ], [ -81.61421, 39.66658 ], [ -81.63787, 39.71682 ], [ -81.70086, 39.74726 ], [ -81.8373, 39.76138 ], [ -81.95495, 39.70185 ], [ -82.05724, 39.71226 ], [ -82.03194, 39.829 ], [ -81.98251, 39.89556 ], [ -81.96721, 39.96558 ], [ -81.98615, 40.03907 ], [ -82.06486, 39.99932 ], [ -82.08511, 39.90595 ], [ -82.12941, 39.8627 ], [ -82.30038, 39.8798 ], [ -82.28611, 39.78298 ], [ -82.49109, 39.80324 ], [ -82.48619, 39.82661 ], [ -82.69136, 39.84657 ], [ -82.71067, 39.75309 ], [ -82.67652, 39.74979 ], [ -82.5302, 39.61632 ], [ -82.54481, 39.54621 ], [ -82.48162, 39.51615 ], [ -82.50113, 39.42266 ], [ -82.57393, 39.40597 ], [ -82.67586, 39.41593 ], [ -82.6566, 39.50944 ], [ -82.85133, 39.57593 ], [ -82.84181, 39.62269 ], [ -82.8664, 39.67271 ], [ -83.04176, 39.66552 ], [ -83.08525, 39.62196 ], [ -83.11789, 39.45822 ], [ -83.08387, 39.45502 ], [ -83.11644, 39.29126 ], [ -83.0825, 39.28805 ], [ -83.02399, 39.23483 ], [ -83.11036, 39.14766 ], [ -83.21656, 39.13382 ], [ -83.16729, 39.03383 ], [ -83.18109, 38.9636 ], [ -83.34545, 39.00284 ], [ -83.33636, 39.04966 ], [ -83.44235, 39.03565 ], [ -83.45136, 38.98881 ], [ -83.52344, 38.97161 ], [ -83.5706, 38.90444 ], [ -83.64698, 38.86374 ], [ -83.81573, 38.87899 ], [ -83.82445, 38.83212 ], [ -83.85818, 38.83514 ], [ -83.86686, 38.78827 ], [ -83.90058, 38.79128 ], [ -83.90923, 38.7444 ], [ -84.04403, 38.75636 ], [ -84.16208, 38.67144 ], [ -84.18318, 38.55418 ], [ -84.12443, 38.50137 ], [ -84.02797, 38.46902 ], [ -83.89376, 38.45704 ], [ -83.8765, 38.55083 ], [ -83.83424, 38.5947 ], [ -83.80063, 38.59167 ], [ -83.72466, 38.63247 ], [ -83.65741, 38.62635 ], [ -83.6486, 38.67322 ], [ -83.54768, 38.66397 ], [ -83.45127, 38.63122 ], [ -83.44231, 38.67807 ], [ -83.20692, 38.65602 ], [ -83.13511, 38.67306 ], [ -83.12592, 38.71989 ], [ -83.05402, 38.73689 ], [ -83.07844, 38.78693 ], [ -83.02278, 39.06781 ], [ -83.04729, 39.11783 ], [ -82.93639, 39.15494 ], [ -82.91758, 39.24852 ], [ -82.87423, 39.29204 ], [ -82.77247, 39.28223 ], [ -82.79624, 39.16528 ], [ -82.86396, 39.17183 ], [ -82.90724, 39.12829 ], [ -82.88753, 39.05485 ], [ -82.78614, 39.04504 ], [ -82.5545, 39.16551 ], [ -82.53514, 39.25903 ], [ -82.49153, 39.30244 ], [ -82.43348, 39.24896 ], [ -82.25918, 39.25539 ], [ -82.21042, 39.32207 ], [ -82.19052, 39.41553 ], [ -82.08867, 39.40521 ], [ -82.06478, 39.35503 ], [ -81.99191, 39.37146 ], [ -81.92914, 39.34113 ], [ -81.72579, 39.32003 ], [ -81.58511, 39.32913 ], [ -81.55643, 39.30221 ], [ -81.45486, 39.29142 ], [ -81.46533, 39.24474 ], [ -81.30152, 39.20327 ], [ -81.17884, 39.28561 ], [ -81.15213, 39.40224 ], [ -81.11288, 39.42187 ], [ -81.08599, 39.53847 ], [ -81.11995, 39.54216 ], [ -81.14318, 39.59249 ], [ -81.12705, 39.66244 ] ], [ [ -82.79688, 39.33228 ], [ -82.77782, 39.42582 ], [ -82.70984, 39.41924 ], [ -82.72421, 39.34909 ], [ -82.79688, 39.33228 ] ] ], [ [ [ -84.45566, 39.5297 ], [ -84.51561, 39.58229 ], [ -84.49895, 39.67602 ], [ -84.46475, 39.67316 ], [ -84.45219, 39.74344 ], [ -84.58916, 39.75485 ], [ -84.59744, 39.70798 ], [ -84.75069, 39.62549 ], [ -84.88746, 39.6366 ], [ -84.95186, 39.66555 ], [ -84.94384, 39.71244 ], [ -85.04658, 39.72064 ], [ -85.11113, 39.74951 ], [ -85.19928, 39.63765 ], [ -85.22662, 39.47346 ], [ -85.15837, 39.46809 ], [ -85.17402, 39.37426 ], [ -85.07576, 39.34269 ], [ -85.0575, 39.24614 ], [ -84.9895, 39.24068 ], [ -85.00139, 39.17031 ], [ -84.93347, 39.16482 ], [ -84.89153, 39.20898 ], [ -84.87551, 39.3028 ], [ -84.79939, 39.34415 ], [ -84.69727, 39.33576 ], [ -84.62101, 39.37702 ], [ -84.61279, 39.4239 ], [ -84.52807, 39.51198 ], [ -84.45984, 39.50626 ], [ -84.45566, 39.5297 ] ] ], [ [ [ -82.46653, 39.92005 ], [ -82.45668, 39.96676 ], [ -82.37826, 40.00673 ], [ -82.36337, 40.07679 ], [ -82.46632, 40.0869 ], [ -82.50077, 39.9234 ], [ -82.46653, 39.92005 ] ] ], [ [ [ -80.87921, 39.82659 ], [ -80.84511, 39.82284 ], [ -80.83961, 39.84614 ], [ -80.80551, 39.84238 ], [ -80.79999, 39.86567 ], [ -80.70958, 39.95129 ], [ -80.67543, 39.9475 ], [ -80.64753, 40.06394 ], [ -80.75018, 40.07531 ], [ -80.78895, 39.91227 ], [ -80.86823, 39.87319 ], [ -80.87921, 39.82659 ] ] ], [ [ [ -80.63463, 40.9945 ], [ -80.58853, 41.03722 ], [ -80.56571, 41.13027 ], [ -80.63528, 41.13789 ], [ -80.62959, 41.16115 ], [ -80.6992, 41.16875 ], [ -80.72749, 41.05241 ], [ -80.658, 41.04483 ], [ -80.66934, 40.9983 ], [ -80.63463, 40.9945 ] ] ], [ [ [ -80.30758, 36.57279 ], [ -80.20483, 36.58442 ], [ -80.19391, 36.63119 ], [ -80.11803, 36.67007 ], [ -80.07949, 36.8337 ], [ -79.98186, 36.82178 ], [ -79.92236, 36.79042 ], [ -79.82482, 36.77838 ], [ -79.78108, 36.82108 ], [ -79.82372, 36.92257 ], [ -79.88888, 36.93061 ], [ -79.8215, 37.21084 ], [ -79.89255, 37.19552 ], [ -79.99071, 37.20751 ], [ -80.01229, 37.25819 ], [ -80.04504, 37.26216 ], [ -80.0506, 37.23881 ], [ -80.08335, 37.24277 ], [ -80.09998, 37.1727 ], [ -80.04568, 37.11806 ], [ -80.08944, 37.0753 ], [ -80.10603, 37.00521 ], [ -80.12809, 36.91173 ], [ -80.20424, 36.87287 ], [ -80.22613, 36.77935 ], [ -80.25866, 36.78328 ], [ -80.26411, 36.75989 ], [ -80.28588, 36.66635 ], [ -80.38334, 36.67805 ], [ -80.35626, 36.65077 ], [ -80.37247, 36.58059 ], [ -80.30758, 36.57279 ] ] ], [ [ [ -79.23673, 37.25789 ], [ -79.21573, 37.20708 ], [ -79.15038, 37.19872 ], [ -79.03467, 37.25605 ], [ -79.04963, 37.33019 ], [ -79.18057, 37.34697 ], [ -79.25191, 37.332 ], [ -79.23673, 37.25789 ] ] ], [ [ [ -79.80457, 37.28087 ], [ -79.66791, 37.28804 ], [ -79.59098, 37.32657 ], [ -79.53524, 37.41579 ], [ -79.47542, 37.38427 ], [ -79.31158, 37.36363 ], [ -79.22264, 37.44857 ], [ -79.10065, 37.52924 ], [ -79.07696, 37.62244 ], [ -79.1427, 37.63083 ], [ -79.12496, 37.70072 ], [ -79.28957, 37.72158 ], [ -79.29543, 37.69828 ], [ -79.36129, 37.70656 ], [ -79.37296, 37.65994 ], [ -79.46199, 37.57493 ], [ -79.62639, 37.59538 ], [ -79.63786, 37.54873 ], [ -79.67073, 37.5528 ], [ -79.67645, 37.52947 ], [ -79.70931, 37.53352 ], [ -79.72071, 37.48686 ], [ -79.75356, 37.49091 ], [ -79.75924, 37.46757 ], [ -79.79208, 37.47161 ], [ -79.88033, 37.38629 ], [ -79.89159, 37.33961 ], [ -79.85881, 37.3356 ], [ -79.87007, 37.28891 ], [ -79.80457, 37.28087 ] ] ], [ [ [ -78.87666, 37.74104 ], [ -78.8048, 37.7558 ], [ -78.78667, 37.82564 ], [ -78.7147, 37.84034 ], [ -78.65737, 37.92913 ], [ -78.67206, 38.00322 ], [ -78.73205, 38.03508 ], [ -78.79816, 38.04363 ], [ -78.78602, 38.09017 ], [ -78.81911, 38.09443 ], [ -78.83123, 38.0479 ], [ -78.86429, 38.05215 ], [ -78.90942, 38.00985 ], [ -78.92146, 37.9633 ], [ -78.91251, 37.86595 ], [ -78.95748, 37.82362 ], [ -78.99044, 37.82785 ], [ -78.99642, 37.80456 ], [ -78.96346, 37.80033 ], [ -78.97543, 37.75376 ], [ -78.87666, 37.74104 ] ] ], [ [ [ -78.67457, 38.12384 ], [ -78.64148, 38.11953 ], [ -78.59611, 38.16173 ], [ -78.57149, 38.25475 ], [ -78.67709, 38.24443 ], [ -78.71987, 38.08161 ], [ -78.65373, 38.07301 ], [ -78.67457, 38.12384 ] ] ], [ [ [ -78.57149, 38.25475 ], [ -78.52598, 38.29692 ], [ -78.55915, 38.30125 ], [ -78.55297, 38.3245 ], [ -78.58616, 38.32882 ], [ -78.57149, 38.25475 ] ] ], [ [ [ -78.38911, 38.42332 ], [ -78.38286, 38.44655 ], [ -78.4161, 38.45092 ], [ -78.42233, 38.42768 ], [ -78.38911, 38.42332 ] ] ], [ [ [ -78.11682, 38.91661 ], [ -78.13596, 38.84698 ], [ -78.00232, 38.82921 ], [ -77.98947, 38.87562 ], [ -77.94316, 38.91756 ], [ -78.01006, 38.92649 ], [ -78.01648, 38.90328 ], [ -78.11682, 38.91661 ] ] ], [ [ [ -78.0116, 39.67216 ], [ -78.02595, 39.74615 ], [ -78.09371, 39.75503 ], [ -78.06776, 39.84775 ], [ -78.09521, 39.87537 ], [ -78.19708, 39.88862 ], [ -78.22285, 39.79588 ], [ -78.26961, 39.75389 ], [ -78.4116, 39.74818 ], [ -78.42431, 39.70179 ], [ -78.52597, 39.7148 ], [ -78.58506, 39.6263 ], [ -78.48353, 39.61332 ], [ -78.48985, 39.59012 ], [ -78.35459, 39.57271 ], [ -78.29337, 39.54076 ], [ -78.33989, 39.49874 ], [ -78.36095, 39.54951 ], [ -78.39475, 39.55387 ], [ -78.4011, 39.53067 ], [ -78.50024, 39.42333 ], [ -78.47281, 39.39578 ], [ -78.37166, 39.38272 ], [ -78.38433, 39.3363 ], [ -78.28329, 39.32318 ], [ -78.19676, 39.38398 ], [ -78.12141, 39.27794 ], [ -78.11498, 39.30114 ], [ -78.0828, 39.41711 ], [ -78.09718, 39.49111 ], [ -78.08427, 39.53749 ], [ -78.11805, 39.54192 ], [ -78.1438, 39.44916 ], [ -78.17753, 39.45357 ], [ -78.15182, 39.54635 ], [ -78.07135, 39.58387 ], [ -78.06487, 39.60705 ], [ -78.04543, 39.6766 ], [ -78.0116, 39.67216 ] ] ], [ [ [ -79.77207, 40.46643 ], [ -79.78863, 40.54017 ], [ -79.89189, 40.55217 ], [ -79.92042, 40.5794 ], [ -80.02376, 40.5913 ], [ -80.10434, 40.55269 ], [ -80.16821, 40.29687 ], [ -80.07694, 40.23855 ], [ -80.07113, 40.26181 ], [ -79.96831, 40.24994 ], [ -79.88317, 40.16823 ], [ -79.85964, 40.26124 ], [ -79.81356, 40.30373 ], [ -79.84785, 40.30773 ], [ -79.84194, 40.33098 ], [ -79.87625, 40.33498 ], [ -79.85855, 40.40472 ], [ -79.78394, 40.41995 ], [ -79.77207, 40.46643 ] ] ], [ [ [ -77.33655, 40.54395 ], [ -77.26806, 40.5347 ], [ -77.25434, 40.58095 ], [ -77.28861, 40.58558 ], [ -77.31604, 40.61333 ], [ -77.41891, 40.62714 ], [ -77.44611, 40.53461 ], [ -77.41186, 40.53002 ], [ -77.41866, 40.50689 ], [ -77.3502, 40.49769 ], [ -77.33655, 40.54395 ] ] ], [ [ [ -75.09779, 40.513 ], [ -74.99563, 40.49749 ], [ -75.00668, 40.57169 ], [ -75.07487, 40.58203 ], [ -75.09016, 40.53601 ], [ -75.12423, 40.54117 ], [ -75.13948, 40.49514 ], [ -75.10542, 40.48998 ], [ -75.09779, 40.513 ] ] ], [ [ [ -74.60865, 40.58317 ], [ -74.5746, 40.57789 ], [ -74.60083, 40.60615 ], [ -74.56949, 40.69808 ], [ -74.706, 40.71916 ], [ -74.78207, 40.70665 ], [ -74.7976, 40.66067 ], [ -74.89997, 40.67632 ], [ -74.95722, 40.61252 ], [ -74.89674, 40.57911 ], [ -74.94293, 40.44109 ], [ -74.96595, 40.37207 ], [ -74.93198, 40.36687 ], [ -74.87492, 40.43068 ], [ -74.79147, 40.46624 ], [ -74.65546, 40.44524 ], [ -74.60865, 40.58317 ] ] ], [ [ [ -75.3288, 40.57193 ], [ -75.28712, 40.58984 ], [ -75.15069, 40.56933 ], [ -75.10486, 40.7074 ], [ -75.13903, 40.71255 ], [ -75.11608, 40.78158 ], [ -75.26056, 40.77911 ], [ -75.329, 40.78933 ], [ -75.34416, 40.74329 ], [ -75.48854, 40.74058 ], [ -75.60616, 40.70966 ], [ -75.64347, 40.59446 ], [ -75.62423, 40.54335 ], [ -75.51441, 40.55126 ], [ -75.44619, 40.54113 ], [ -75.46529, 40.59227 ], [ -75.3288, 40.57193 ] ] ], [ [ [ -77.08194, 40.91838 ], [ -76.95126, 40.87651 ], [ -76.91616, 40.99202 ], [ -76.9991, 40.95522 ], [ -77.10942, 40.94616 ], [ -77.17832, 40.95547 ], [ -77.18525, 40.93236 ], [ -77.08194, 40.91838 ] ] ], [ [ [ -74.42769, 40.79705 ], [ -74.40393, 40.86596 ], [ -74.43813, 40.87128 ], [ -74.46185, 40.80237 ], [ -74.42769, 40.79705 ] ] ] ] } },
{ "type": "Feature", "properties": { "ID": 40 }, "geometry": { "type": "MultiPolygon", "coordinates": [ [ [ [ -95.65316, 33.82266 ], [ -95.62166, 33.79871 ], [ -95.62154, 33.82257 ], [ -95.65316, 33.82266 ] ] ], [ [ [ -95.58964, 33.87019 ], [ -95.59005, 33.79861 ], [ -95.52684, 33.79839 ], [ -95.52636, 33.86997 ], [ -95.58964, 33.87019 ] ] ], [ [ [ -95.56817, 37.41108 ], [ -95.56726, 37.55315 ], [ -95.66724, 37.57711 ], [ -95.66701, 37.62446 ], [ -95.7002, 37.67189 ], [ -95.734, 37.57726 ], [ -95.80076, 37.57738 ], [ -95.80138, 37.36427 ], [ -95.86793, 37.36435 ], [ -95.90114, 37.41174 ], [ -96.00103, 37.41178 ], [ -96.00102, 37.24599 ], [ -95.90138, 37.24595 ], [ -95.90155, 37.1275 ], [ -95.96787, 37.12753 ], [ -96.03416, 37.08014 ], [ -96.03412, 37.00905 ], [ -96.13342, 37.00899 ], [ -96.13291, 36.74824 ], [ -96.16571, 36.67707 ], [ -96.13268, 36.62968 ], [ -96.06689, 36.67716 ], [ -95.9022, 36.67714 ], [ -95.86935, 36.62968 ], [ -95.86958, 36.5111 ], [ -95.83672, 36.51106 ], [ -95.83706, 36.36872 ], [ -95.73878, 36.34483 ], [ -95.73932, 36.20245 ], [ -95.80474, 36.20256 ], [ -95.80494, 36.13135 ], [ -95.73959, 36.13124 ], [ -95.74022, 35.96504 ], [ -95.80541, 35.96516 ], [ -95.8707, 35.91774 ], [ -95.87079, 35.87025 ], [ -95.96845, 35.87031 ], [ -96.0335, 35.75154 ], [ -96.001, 35.65651 ], [ -95.90364, 35.65647 ], [ -95.90374, 35.58518 ], [ -96.09826, 35.58518 ], [ -96.13077, 35.63268 ], [ -96.13059, 35.53762 ], [ -96.26018, 35.53743 ], [ -96.25974, 35.41858 ], [ -96.3242, 35.37088 ], [ -96.32398, 35.32333 ], [ -96.2593, 35.29969 ], [ -96.29119, 35.2045 ], [ -96.29069, 35.08556 ], [ -96.25815, 34.99046 ], [ -96.16166, 34.96682 ], [ -96.16145, 34.87162 ], [ -96.03308, 34.87172 ], [ -96.03306, 34.82411 ], [ -96.16134, 34.82402 ], [ -96.19334, 34.80017 ], [ -96.19308, 34.70493 ], [ -96.12896, 34.65739 ], [ -96.12874, 34.5383 ], [ -96.16068, 34.53827 ], [ -96.16031, 34.37149 ], [ -96.09658, 34.37156 ], [ -96.09648, 34.30006 ], [ -96.12831, 34.30003 ], [ -96.12771, 33.96622 ], [ -95.87424, 33.96622 ], [ -95.8424, 34.03774 ], [ -95.71554, 34.03752 ], [ -95.71516, 34.1329 ], [ -95.65165, 34.13275 ], [ -95.6513, 34.20427 ], [ -95.71487, 34.20443 ], [ -95.71449, 34.29977 ], [ -95.619, 34.29952 ], [ -95.55518, 34.32315 ], [ -95.55488, 34.37081 ], [ -95.49081, 34.41823 ], [ -95.33139, 34.41749 ], [ -95.30045, 34.322 ], [ -95.23676, 34.32163 ], [ -95.23497, 34.48842 ], [ -95.17058, 34.53566 ], [ -95.13864, 34.53545 ], [ -95.13806, 34.58309 ], [ -95.16946, 34.63093 ], [ -95.2654, 34.63152 ], [ -95.26589, 34.58389 ], [ -95.36177, 34.58441 ], [ -95.36113, 34.65585 ], [ -95.26416, 34.75058 ], [ -95.07195, 34.74932 ], [ -95.0707, 34.84454 ], [ -95.16665, 34.86901 ], [ -95.16552, 34.9642 ], [ -95.03699, 34.9633 ], [ -95.00384, 35.03444 ], [ -94.90735, 35.03365 ], [ -94.90587, 35.12881 ], [ -94.84067, 35.17581 ], [ -94.8387, 35.29472 ], [ -94.8056, 35.34197 ], [ -94.67593, 35.36449 ], [ -94.67503, 35.41203 ], [ -94.51335, 35.41027 ], [ -94.51233, 35.45781 ], [ -94.44656, 35.50458 ], [ -94.15517, 35.50074 ], [ -94.15391, 35.54827 ], [ -94.08781, 35.59485 ], [ -93.82848, 35.59076 ], [ -93.82996, 35.54324 ], [ -93.76518, 35.54213 ], [ -93.76365, 35.58965 ], [ -93.79607, 35.59021 ], [ -93.79531, 35.61396 ], [ -93.86016, 35.61505 ], [ -93.8587, 35.66257 ], [ -93.98849, 35.66465 ], [ -93.98987, 35.61713 ], [ -94.21688, 35.62046 ], [ -94.2181, 35.57294 ], [ -94.34773, 35.57466 ], [ -94.3466, 35.62218 ], [ -94.57364, 35.62489 ], [ -94.63944, 35.57806 ], [ -94.64037, 35.53053 ], [ -94.73755, 35.53152 ], [ -94.73668, 35.57905 ], [ -94.93118, 35.5808 ], [ -94.96217, 35.67611 ], [ -94.8644, 35.69905 ], [ -94.83113, 35.74628 ], [ -94.82913, 35.86503 ], [ -94.9253, 35.96087 ], [ -95.08827, 35.96211 ], [ -95.08764, 36.0096 ], [ -95.21812, 36.01045 ], [ -95.21677, 36.12915 ], [ -95.15142, 36.12874 ], [ -95.15054, 36.19994 ], [ -95.18212, 36.29508 ], [ -95.11662, 36.29465 ], [ -95.08291, 36.36561 ], [ -95.08164, 36.4605 ], [ -94.94849, 36.57811 ], [ -94.78447, 36.55298 ], [ -94.78532, 36.50554 ], [ -94.71961, 36.50492 ], [ -94.7205, 36.45748 ], [ -94.45787, 36.45466 ], [ -94.42395, 36.5017 ], [ -94.38999, 36.54874 ], [ -94.38943, 36.57245 ], [ -94.42231, 36.57285 ], [ -94.42121, 36.62028 ], [ -94.45412, 36.62067 ], [ -94.45305, 36.66809 ], [ -94.48598, 36.66847 ], [ -94.4844, 36.7396 ], [ -94.55033, 36.74034 ], [ -94.54831, 36.83516 ], [ -94.61288, 36.90697 ], [ -94.67897, 36.90765 ], [ -94.67713, 37.00244 ], [ -94.71022, 37.00277 ], [ -94.70932, 37.05016 ], [ -94.87491, 37.05167 ], [ -94.87569, 37.00428 ], [ -94.97498, 37.00509 ], [ -94.97426, 37.05248 ], [ -95.10674, 37.05344 ], [ -95.14106, 36.95887 ], [ -95.20776, 36.91188 ], [ -95.30691, 36.91244 ], [ -95.30643, 36.95984 ], [ -95.37214, 37.00757 ], [ -95.37104, 37.12604 ], [ -95.33742, 37.17326 ], [ -95.40357, 37.19727 ], [ -95.50245, 37.29243 ], [ -95.5021, 37.3398 ], [ -95.56847, 37.36372 ], [ -95.70156, 37.36408 ], [ -95.70135, 37.41145 ], [ -95.56817, 37.41108 ] ], [ [ -95.90364, 35.65647 ], [ -95.83862, 35.70393 ], [ -95.8384, 35.79895 ], [ -95.74075, 35.82255 ], [ -95.67625, 35.70362 ], [ -95.80615, 35.70388 ], [ -95.80628, 35.65636 ], [ -95.54666, 35.65571 ], [ -95.54789, 35.46559 ], [ -95.61249, 35.48957 ], [ -95.61222, 35.53711 ], [ -95.70942, 35.53736 ], [ -95.74146, 35.63249 ], [ -95.83879, 35.63265 ], [ -95.90364, 35.65647 ] ], [ [ -95.90436, 35.13343 ], [ -95.87202, 35.20477 ], [ -95.80766, 35.15711 ], [ -95.74322, 35.157 ], [ -95.74348, 35.08564 ], [ -95.87224, 35.08583 ], [ -95.90436, 35.13343 ] ], [ [ -95.27864, 36.46174 ], [ -95.24502, 36.53271 ], [ -95.17957, 36.5086 ], [ -95.18014, 36.46116 ], [ -95.27864, 36.46174 ] ] ], [ [ [ -96.16389, 35.91771 ], [ -96.16366, 35.8227 ], [ -96.0986, 35.82277 ], [ -96.09873, 35.91777 ], [ -96.16389, 35.91771 ] ] ], [ [ [ -96.00101, 36.53488 ], [ -96.03388, 36.53488 ], [ -96.03383, 36.41627 ], [ -96.00101, 36.41627 ], [ -96.00101, 36.53488 ] ] ], [ [ [ -95.04315, 34.51094 ], [ -95.0438, 34.4633 ], [ -95.01189, 34.46306 ], [ -95.01123, 34.5107 ], [ -95.04315, 34.51094 ] ] ], [ [ [ -94.879, 34.79539 ], [ -94.87975, 34.74778 ], [ -94.75163, 34.74659 ], [ -94.75078, 34.7942 ], [ -94.879, 34.79539 ] ] ], [ [ [ -93.87903, 34.99695 ], [ -93.88047, 34.94937 ], [ -93.84835, 34.94884 ], [ -93.84689, 34.99642 ], [ -93.87903, 34.99695 ] ] ], [ [ [ -91.65824, 35.53606 ], [ -91.75533, 35.53929 ], [ -91.75243, 35.58677 ], [ -92.01157, 35.59503 ], [ -92.0102, 35.61877 ], [ -92.13984, 35.62271 ], [ -92.14116, 35.59896 ], [ -92.10876, 35.59799 ], [ -92.11009, 35.57425 ], [ -92.33683, 35.58087 ], [ -92.40653, 35.48769 ], [ -92.46883, 35.53698 ], [ -92.63071, 35.5413 ], [ -92.63416, 35.47004 ], [ -92.56947, 35.46834 ], [ -92.57415, 35.37331 ], [ -92.44495, 35.36981 ], [ -92.451, 35.251 ], [ -92.48803, 35.15681 ], [ -92.58463, 35.15942 ], [ -92.58579, 35.13565 ], [ -92.5536, 35.13479 ], [ -92.55827, 35.03969 ], [ -92.52848, 34.99126 ], [ -92.72124, 34.99635 ], [ -92.72346, 34.94878 ], [ -92.81979, 34.95121 ], [ -92.85403, 34.90443 ], [ -92.88612, 34.90522 ], [ -92.88717, 34.88143 ], [ -92.82302, 34.87985 ], [ -92.85935, 34.78548 ], [ -92.86041, 34.76169 ], [ -92.7003, 34.75765 ], [ -92.57223, 34.75427 ], [ -92.51409, 34.63355 ], [ -92.45017, 34.63178 ], [ -92.46091, 34.41754 ], [ -92.42905, 34.41665 ], [ -92.417, 34.65469 ], [ -92.44417, 34.75076 ], [ -92.5082, 34.75253 ], [ -92.50465, 34.8239 ], [ -92.40852, 34.82123 ], [ -92.40608, 34.8688 ], [ -92.30113, 35.03252 ], [ -92.20342, 35.05347 ], [ -91.94626, 35.0456 ], [ -91.94351, 35.09313 ], [ -91.81345, 35.11277 ], [ -91.74333, 35.2057 ], [ -91.71112, 35.20463 ], [ -91.70088, 35.37092 ], [ -91.6686, 35.36984 ], [ -91.65824, 35.53606 ] ] ], [ [ [ -93.78111, 35.0429 ], [ -93.78261, 34.99532 ], [ -93.62192, 34.99244 ], [ -93.61708, 35.13514 ], [ -93.71368, 35.1369 ], [ -93.71679, 35.04177 ], [ -93.78111, 35.0429 ] ] ], [ [ [ -93.67911, 35.20766 ], [ -93.48571, 35.20402 ], [ -93.484, 35.25157 ], [ -93.54851, 35.25281 ], [ -93.54684, 35.30036 ], [ -93.70823, 35.30334 ], [ -93.80582, 35.28125 ], [ -93.80806, 35.20992 ], [ -93.74512, 35.16125 ], [ -93.68069, 35.1601 ], [ -93.67911, 35.20766 ] ] ], [ [ [ -90.5279, 36.70583 ], [ -90.65393, 36.78226 ], [ -90.75275, 36.78623 ], [ -90.75639, 36.73888 ], [ -90.82403, 36.71781 ], [ -90.79474, 36.66916 ], [ -90.80376, 36.55076 ], [ -90.9421, 36.46115 ], [ -90.9456, 36.41377 ], [ -91.0439, 36.41752 ], [ -91.08347, 36.32398 ], [ -91.1506, 36.30272 ], [ -91.15729, 36.20792 ], [ -91.25531, 36.21152 ], [ -91.29123, 36.16529 ], [ -91.29933, 36.04674 ], [ -91.36772, 36.00165 ], [ -91.3709, 35.95422 ], [ -91.53369, 35.95991 ], [ -91.57234, 35.86613 ], [ -91.67138, 35.8457 ], [ -91.67731, 35.75078 ], [ -91.77615, 35.73026 ], [ -91.78049, 35.65905 ], [ -91.71711, 35.63318 ], [ -91.58748, 35.62883 ], [ -91.42547, 35.6232 ], [ -91.38676, 35.71698 ], [ -91.32187, 35.71465 ], [ -91.28459, 35.78465 ], [ -91.21636, 35.82972 ], [ -91.08303, 35.8723 ], [ -91.07965, 35.91974 ], [ -91.00773, 36.01211 ], [ -90.90825, 36.03203 ], [ -90.90475, 36.07945 ], [ -90.75809, 36.28758 ], [ -90.72539, 36.28626 ], [ -90.61987, 36.37703 ], [ -90.61428, 36.44809 ], [ -90.54496, 36.49274 ], [ -90.5279, 36.70583 ] ] ], [ [ [ -86.83881, 36.11872 ], [ -86.70556, 36.13311 ], [ -86.69595, 36.20398 ], [ -86.79362, 36.21092 ], [ -86.83881, 36.11872 ] ] ] ] } },
{ "type": "Feature", "properties": { "ID": 41 }, "geometry": { "type": "MultiPolygon", "coordinates": [ [ [ [ -84.10969, 34.41072 ], [ -84.11767, 34.36343 ], [ -84.40227, 34.38993 ], [ -84.44553, 34.32187 ], [ -84.54036, 34.33053 ], [ -84.59595, 34.38357 ], [ -84.5768, 34.50184 ], [ -84.62378, 34.41009 ], [ -84.69846, 34.3448 ], [ -84.7136, 34.25014 ], [ -84.75271, 34.20562 ], [ -84.69337, 34.17629 ], [ -84.70847, 34.08159 ], [ -84.64925, 34.05223 ], [ -84.69207, 33.98404 ], [ -84.72216, 33.79453 ], [ -84.6707, 33.71776 ], [ -84.68198, 33.64666 ], [ -84.5719, 33.54041 ], [ -84.55202, 33.46642 ], [ -84.49717, 33.41323 ], [ -84.39972, 33.42823 ], [ -84.24369, 33.41355 ], [ -84.23591, 33.46095 ], [ -84.11867, 33.59421 ], [ -84.05613, 33.58822 ], [ -84.00896, 33.67995 ], [ -83.94636, 33.67391 ], [ -83.91024, 33.88695 ], [ -83.87885, 33.88391 ], [ -83.85864, 34.00221 ], [ -83.89008, 34.00525 ], [ -83.86174, 34.17081 ], [ -83.78239, 34.25928 ], [ -83.73442, 34.35075 ], [ -83.76191, 34.37745 ], [ -83.85673, 34.38662 ], [ -83.9159, 34.41632 ], [ -84.04243, 34.42838 ], [ -84.04644, 34.40474 ], [ -84.10969, 34.41072 ] ], [ [ -84.24797, 34.15946 ], [ -84.18493, 34.15355 ], [ -84.22428, 33.9169 ], [ -84.16145, 33.91098 ], [ -84.11051, 33.834 ], [ -84.19684, 33.69788 ], [ -84.25948, 33.70379 ], [ -84.32989, 33.66229 ], [ -84.37664, 33.57044 ], [ -84.50175, 33.58206 ], [ -84.55673, 33.63522 ], [ -84.53771, 33.7537 ], [ -84.62802, 33.78599 ], [ -84.60907, 33.90444 ], [ -84.62535, 34.00202 ], [ -84.55477, 34.04365 ], [ -84.5433, 34.11467 ], [ -84.4449, 34.12968 ], [ -84.39787, 34.22143 ], [ -84.24011, 34.20678 ], [ -84.24797, 34.15946 ] ], [ [ -84.08639, 34.16828 ], [ -84.03888, 34.25989 ], [ -83.94421, 34.25085 ], [ -83.96032, 34.15626 ], [ -84.08639, 34.16828 ] ] ], [ [ [ -84.5768, 34.50184 ], [ -84.5451, 34.49897 ], [ -84.5374, 34.54627 ], [ -84.5768, 34.50184 ] ] ], [ [ [ -93.61627, 35.15892 ], [ -93.48742, 35.15646 ], [ -93.48571, 35.20402 ], [ -93.61464, 35.20648 ], [ -93.61627, 35.15892 ] ] ], [ [ [ -88.6934, 35.64049 ], [ -88.75563, 35.66783 ], [ -88.74819, 35.7389 ], [ -88.83557, 35.83905 ], [ -88.90047, 35.84262 ], [ -88.91019, 35.74787 ], [ -88.88266, 35.69871 ], [ -88.8179, 35.69513 ], [ -88.83017, 35.57666 ], [ -88.92715, 35.58201 ], [ -88.96909, 35.48897 ], [ -89.03604, 35.46877 ], [ -89.11, 35.3774 ], [ -89.17913, 35.33341 ], [ -89.22058, 35.24024 ], [ -89.28494, 35.24362 ], [ -89.32393, 35.17413 ], [ -89.42039, 35.17911 ], [ -89.49354, 35.08747 ], [ -89.50236, 34.99252 ], [ -89.57086, 34.94828 ], [ -89.57739, 34.87704 ], [ -89.61373, 34.83115 ], [ -89.67773, 34.83434 ], [ -89.71823, 34.74091 ], [ -89.78426, 34.72029 ], [ -89.78845, 34.67276 ], [ -89.88425, 34.67741 ], [ -89.92439, 34.58387 ], [ -89.98818, 34.58691 ], [ -90.02612, 34.5171 ], [ -90.03214, 34.44577 ], [ -90.09581, 34.44875 ], [ -90.09978, 34.40119 ], [ -90.03816, 34.37442 ], [ -90.03415, 34.42199 ], [ -89.99829, 34.46804 ], [ -89.93256, 34.48879 ], [ -89.92848, 34.53633 ], [ -89.801, 34.53017 ], [ -89.70328, 34.54923 ], [ -89.6331, 34.61735 ], [ -89.50112, 34.65841 ], [ -89.49674, 34.70592 ], [ -89.42398, 34.79765 ], [ -89.32805, 34.79266 ], [ -89.25955, 34.83679 ], [ -89.25498, 34.88427 ], [ -89.18635, 34.92835 ], [ -89.12694, 34.87744 ], [ -88.99891, 34.87048 ], [ -88.96215, 34.91619 ], [ -88.95022, 35.03484 ], [ -88.91814, 35.03307 ], [ -88.9013, 35.19913 ], [ -88.72326, 35.35611 ], [ -88.6934, 35.64049 ] ] ], [ [ [ -80.88074, 35.19729 ], [ -80.90234, 35.24802 ], [ -80.96606, 35.25555 ], [ -81.00165, 35.09113 ], [ -81.05366, 35.00089 ], [ -81.03202, 34.95015 ], [ -80.97364, 34.91915 ], [ -80.91768, 35.17757 ], [ -80.88074, 35.19729 ] ] ], [ [ [ -78.90535, 35.11604 ], [ -78.95143, 35.19477 ], [ -79.07834, 35.21172 ], [ -79.10121, 35.11809 ], [ -79.01762, 35.05858 ], [ -78.95431, 35.05008 ], [ -78.91112, 35.09264 ], [ -78.90535, 35.11604 ] ] ], [ [ [ -76.73181, 37.61469 ], [ -76.78379, 37.67061 ], [ -76.9415, 37.59682 ], [ -76.99469, 37.41121 ], [ -77.08636, 37.32777 ], [ -77.18417, 37.34182 ], [ -77.1776, 37.36504 ], [ -77.21023, 37.3697 ], [ -77.22332, 37.32326 ], [ -77.21036, 37.24893 ], [ -77.1518, 37.21636 ], [ -77.18453, 37.10023 ], [ -77.17819, 37.00263 ], [ -77.11331, 36.99327 ], [ -77.13947, 36.90034 ], [ -77.08124, 36.86772 ], [ -77.10086, 36.79801 ], [ -77.0816, 36.74684 ], [ -77.02353, 36.71418 ], [ -76.98521, 36.61179 ], [ -77.00485, 36.54206 ], [ -76.94043, 36.5326 ], [ -76.9732, 36.41638 ], [ -76.9089, 36.4069 ], [ -76.90301, 36.30917 ], [ -76.93573, 36.1929 ], [ -76.92982, 36.09512 ], [ -76.86583, 36.08562 ], [ -76.96353, 35.73659 ], [ -76.99537, 35.74132 ], [ -77.04056, 35.57832 ], [ -77.07233, 35.58304 ], [ -77.12976, 35.49456 ], [ -77.17447, 35.33142 ], [ -77.23155, 35.24285 ], [ -77.20628, 35.21485 ], [ -77.07985, 35.19605 ], [ -77.04184, 35.21464 ], [ -76.9969, 35.37777 ], [ -76.9394, 35.46621 ], [ -76.86301, 35.50328 ], [ -76.837, 35.59641 ], [ -76.76041, 35.63341 ], [ -76.74077, 35.70322 ], [ -76.69583, 35.74496 ], [ -76.57518, 35.70242 ], [ -76.52882, 35.86522 ], [ -76.59256, 35.87489 ], [ -76.57269, 35.94464 ], [ -76.66843, 35.95911 ], [ -76.64861, 36.02886 ], [ -76.71252, 36.03847 ], [ -76.69272, 36.10823 ], [ -76.75671, 36.11781 ], [ -76.76896, 36.19235 ], [ -76.73596, 36.30857 ], [ -76.79355, 36.34137 ], [ -76.73401, 36.5505 ], [ -76.76621, 36.55529 ], [ -76.73303, 36.67143 ], [ -76.80418, 36.65776 ], [ -76.77765, 36.75066 ], [ -76.84226, 36.7602 ], [ -76.82238, 36.82987 ], [ -76.88707, 36.83938 ], [ -76.93198, 36.91854 ], [ -76.8989, 37.03464 ], [ -76.91811, 37.08582 ], [ -76.97645, 37.1185 ], [ -76.91745, 37.20663 ], [ -76.87088, 37.36908 ], [ -76.77888, 37.45236 ], [ -76.74625, 37.44758 ], [ -76.69234, 37.63309 ], [ -76.72506, 37.63788 ], [ -76.73181, 37.61469 ] ] ], [ [ [ -76.73558, 37.95354 ], [ -76.83422, 37.96783 ], [ -76.894, 37.87985 ], [ -76.80221, 37.84242 ], [ -76.76939, 37.83765 ], [ -76.73558, 37.95354 ] ] ] ] } },
{ "type": "Feature", "properties": { "ID": 42 }, "geometry": { "type": "MultiPolygon", "coordinates": [ [ [ [ -91.05384, 32.62467 ], [ -91.04572, 32.74417 ], [ -91.10954, 32.72275 ], [ -91.11596, 32.62715 ], [ -91.05384, 32.62467 ] ] ], [ [ [ -96.00096, 32.84358 ], [ -95.96979, 32.79572 ], [ -95.90744, 32.79569 ], [ -95.90729, 32.9153 ], [ -96.00096, 32.91534 ], [ -96.00096, 32.84358 ] ] ], [ [ [ -89.14033, 36.71209 ], [ -89.18714, 36.90467 ], [ -89.38495, 36.91473 ], [ -89.41333, 36.96367 ], [ -89.40644, 37.03459 ], [ -89.46795, 37.08515 ], [ -89.56713, 37.09001 ], [ -89.5761, 36.99544 ], [ -89.61358, 36.94975 ], [ -89.67957, 36.95292 ], [ -89.82235, 36.84091 ], [ -89.82664, 36.7936 ], [ -89.92542, 36.79819 ], [ -89.92331, 36.82184 ], [ -89.98919, 36.82487 ], [ -90.02837, 36.75538 ], [ -90.0942, 36.75835 ], [ -90.20503, 36.62073 ], [ -90.20905, 36.57339 ], [ -90.27669, 36.5526 ], [ -90.28066, 36.50524 ], [ -90.37905, 36.5095 ], [ -90.56191, 36.27956 ], [ -90.6273, 36.28226 ], [ -90.62915, 36.25857 ], [ -90.66184, 36.25991 ], [ -90.66552, 36.21252 ], [ -90.70549, 36.11905 ], [ -90.77613, 36.05058 ], [ -90.78331, 35.95574 ], [ -90.81764, 35.93333 ], [ -90.82475, 35.83848 ], [ -90.86429, 35.74489 ], [ -90.92919, 35.74745 ], [ -91.00265, 35.63134 ], [ -91.04183, 35.53766 ], [ -91.1505, 35.37517 ], [ -91.15875, 35.25643 ], [ -91.19424, 35.21014 ], [ -91.25865, 35.21253 ], [ -91.29406, 35.16621 ], [ -91.30045, 35.07117 ], [ -91.37259, 34.95468 ], [ -91.46887, 34.95813 ], [ -91.53608, 34.91284 ], [ -91.57265, 34.84263 ], [ -91.63969, 34.79728 ], [ -91.73576, 34.80052 ], [ -91.73864, 34.75296 ], [ -91.83466, 34.75613 ], [ -91.90421, 34.66305 ], [ -91.90836, 34.59167 ], [ -91.97223, 34.59371 ], [ -92.04144, 34.50052 ], [ -92.0441, 34.45292 ], [ -92.10916, 34.43108 ], [ -92.1196, 34.24059 ], [ -92.0256, 34.21381 ], [ -91.9992, 34.11752 ], [ -91.90404, 34.11447 ], [ -91.90129, 34.16211 ], [ -91.71086, 34.15579 ], [ -91.58541, 34.12759 ], [ -91.58836, 34.07995 ], [ -91.49327, 34.07659 ], [ -91.46612, 34.00399 ], [ -91.34414, 33.92789 ], [ -91.24926, 33.92434 ], [ -91.22083, 33.87548 ], [ -91.23355, 33.68481 ], [ -91.25408, 33.37477 ], [ -91.19291, 33.3485 ], [ -91.16474, 33.29956 ], [ -91.17592, 33.13249 ], [ -91.21036, 33.08595 ], [ -91.2214, 32.91878 ], [ -91.15903, 32.91635 ], [ -91.1654, 32.82079 ], [ -91.07359, 32.7932 ], [ -91.06711, 32.88877 ], [ -91.0343, 32.9114 ], [ -91.02611, 33.03081 ], [ -90.96199, 33.05216 ], [ -90.92573, 33.12251 ], [ -90.90555, 33.40885 ], [ -90.81138, 33.40496 ], [ -90.78517, 33.33209 ], [ -90.72246, 33.32945 ], [ -90.79035, 33.26052 ], [ -90.79379, 33.2128 ], [ -90.69988, 33.20882 ], [ -90.70513, 33.13723 ], [ -90.67738, 33.08816 ], [ -90.61488, 33.08546 ], [ -90.58006, 33.13183 ], [ -90.57468, 33.20342 ], [ -90.53978, 33.24977 ], [ -90.44583, 33.2456 ], [ -90.41082, 33.29191 ], [ -90.40341, 33.38731 ], [ -90.36644, 33.45743 ], [ -90.29986, 33.50225 ], [ -90.34958, 33.67194 ], [ -90.33639, 33.83871 ], [ -90.36796, 33.84013 ], [ -90.35855, 33.9592 ], [ -90.39018, 33.96062 ], [ -90.37703, 34.12727 ], [ -90.34533, 34.12585 ], [ -90.31871, 34.45893 ], [ -90.28302, 34.50506 ], [ -90.15556, 34.49926 ], [ -90.15949, 34.4517 ], [ -90.0978, 34.42497 ], [ -90.09581, 34.44875 ], [ -90.03214, 34.44577 ], [ -90.02612, 34.5171 ], [ -89.98818, 34.58691 ], [ -89.92439, 34.58387 ], [ -89.88425, 34.67741 ], [ -89.78845, 34.67276 ], [ -89.78426, 34.72029 ], [ -89.71823, 34.74091 ], [ -89.67773, 34.83434 ], [ -89.61373, 34.83115 ], [ -89.57739, 34.87704 ], [ -89.57086, 34.94828 ], [ -89.50236, 34.99252 ], [ -89.49354, 35.08747 ], [ -89.42039, 35.17911 ], [ -89.32393, 35.17413 ], [ -89.28494, 35.24362 ], [ -89.22058, 35.24024 ], [ -89.17913, 35.33341 ], [ -89.11, 35.3774 ], [ -89.03604, 35.46877 ], [ -88.96909, 35.48897 ], [ -88.92715, 35.58201 ], [ -88.83017, 35.57666 ], [ -88.8179, 35.69513 ], [ -88.88266, 35.69871 ], [ -88.91019, 35.74787 ], [ -88.90047, 35.84262 ], [ -88.93292, 35.8444 ], [ -88.95329, 35.96458 ], [ -89.01591, 35.99177 ], [ -89.04365, 36.04087 ], [ -89.03167, 36.15925 ], [ -89.09687, 36.16272 ], [ -89.08496, 36.28107 ], [ -89.11762, 36.2828 ], [ -89.11287, 36.33013 ], [ -89.24362, 36.33696 ], [ -89.28559, 36.24396 ], [ -89.38355, 36.24896 ], [ -89.36753, 36.41465 ], [ -89.30207, 36.41132 ], [ -89.26002, 36.50429 ], [ -89.16171, 36.4992 ], [ -89.15222, 36.59383 ], [ -89.11941, 36.59211 ], [ -89.10746, 36.71037 ], [ -89.14033, 36.71209 ] ], [ [ -90.72246, 33.32945 ], [ -90.71896, 33.37716 ], [ -90.53073, 33.36903 ], [ -90.53435, 33.32133 ], [ -90.72246, 33.32945 ] ], [ [ -90.92179, 33.62474 ], [ -90.92685, 33.55322 ], [ -90.90048, 33.4804 ], [ -90.90555, 33.40885 ], [ -90.96834, 33.4114 ], [ -90.96166, 33.5068 ], [ -91.05433, 33.53442 ], [ -91.05104, 33.58211 ], [ -90.95664, 33.57833 ], [ -90.92179, 33.62474 ] ], [ [ -90.87155, 33.8856 ], [ -90.84339, 33.83666 ], [ -90.74866, 33.83273 ], [ -90.75216, 33.78508 ], [ -90.87839, 33.7903 ], [ -90.87155, 33.8856 ] ], [ [ -89.49397, 36.46856 ], [ -89.55726, 36.49546 ], [ -89.5528, 36.54279 ], [ -89.42162, 36.53628 ], [ -89.42845, 36.46529 ], [ -89.49397, 36.46856 ] ] ], [ [ [ -88.25676, 36.92466 ], [ -88.22381, 36.92273 ], [ -88.21568, 36.99359 ], [ -88.25676, 36.92466 ] ] ] ] } },
{ "type": "Feature", "properties": { "ID": 43 }, "geometry": { "type": "MultiPolygon", "coordinates": [ [ [ [ -94.6578, 34.62656 ], [ -95.13748, 34.63072 ], [ -95.13864, 34.53545 ], [ -95.04283, 34.53476 ], [ -95.04315, 34.51094 ], [ -94.88353, 34.50964 ], [ -94.88428, 34.462 ], [ -94.78857, 34.46112 ], [ -94.72348, 34.53196 ], [ -94.65961, 34.5313 ], [ -94.6578, 34.62656 ] ] ], [ [ [ -94.18126, 34.50153 ], [ -94.21197, 34.54962 ], [ -94.21017, 34.62106 ], [ -94.11425, 34.61967 ], [ -94.11171, 34.71491 ], [ -94.20775, 34.71629 ], [ -94.23798, 34.78815 ], [ -94.36617, 34.78986 ], [ -94.36783, 34.71844 ], [ -94.52791, 34.72039 ], [ -94.5929, 34.6735 ], [ -94.33693, 34.67041 ], [ -94.33581, 34.71803 ], [ -94.23976, 34.71674 ], [ -94.24214, 34.6215 ], [ -94.33805, 34.62279 ], [ -94.33917, 34.57516 ], [ -94.27585, 34.5505 ], [ -94.34085, 34.50371 ], [ -94.34308, 34.40843 ], [ -94.27933, 34.40758 ], [ -94.27991, 34.38375 ], [ -94.15246, 34.38196 ], [ -94.1537, 34.33431 ], [ -94.02633, 34.33239 ], [ -94.02766, 34.28473 ], [ -93.9322, 34.28321 ], [ -93.93082, 34.33086 ], [ -93.73979, 34.3276 ], [ -93.73675, 34.42289 ], [ -93.79977, 34.44783 ], [ -93.86355, 34.44892 ], [ -93.86211, 34.49656 ], [ -94.18126, 34.50153 ] ], [ [ -93.99112, 34.451 ], [ -93.99315, 34.37954 ], [ -94.05687, 34.38053 ], [ -94.05491, 34.452 ], [ -93.99112, 34.451 ] ] ], [ [ [ -94.62675, 34.57859 ], [ -94.49944, 34.55333 ], [ -94.4675, 34.55295 ], [ -94.40308, 34.57598 ], [ -94.402, 34.62361 ], [ -94.62582, 34.62622 ], [ -94.62675, 34.57859 ] ] ], [ [ [ -93.95026, 34.76004 ], [ -93.95165, 34.71243 ], [ -94.07969, 34.71443 ], [ -94.08228, 34.61919 ], [ -93.89047, 34.61616 ], [ -93.88905, 34.66378 ], [ -93.82507, 34.6627 ], [ -93.82213, 34.75792 ], [ -93.95026, 34.76004 ] ] ], [ [ [ -92.85935, 34.78548 ], [ -92.82302, 34.87985 ], [ -92.88717, 34.88143 ], [ -92.88612, 34.90522 ], [ -92.91821, 34.906 ], [ -93.04757, 34.88524 ], [ -93.04957, 34.83766 ], [ -93.17781, 34.84055 ], [ -93.24381, 34.79437 ], [ -93.24753, 34.69917 ], [ -93.11954, 34.69634 ], [ -93.11759, 34.74394 ], [ -92.86147, 34.73789 ], [ -92.85935, 34.78548 ] ] ], [ [ [ -93.94331, 34.998 ], [ -93.9447, 34.95042 ], [ -93.88118, 34.92558 ], [ -93.87903, 34.99695 ], [ -93.94331, 34.998 ] ] ], [ [ [ -93.48571, 35.20402 ], [ -93.45175, 35.25093 ], [ -93.484, 35.25157 ], [ -93.48571, 35.20402 ] ] ], [ [ [ -92.92426, 35.50107 ], [ -92.92216, 35.54858 ], [ -92.9535, 35.5731 ], [ -93.1155, 35.57681 ], [ -93.11353, 35.62432 ], [ -93.2108, 35.62645 ], [ -93.21271, 35.57895 ], [ -93.37473, 35.58234 ], [ -93.37653, 35.53482 ], [ -93.14985, 35.53002 ], [ -93.11846, 35.50555 ], [ -92.92426, 35.50107 ] ] ], [ [ [ -93.7938, 35.66148 ], [ -93.82625, 35.66202 ], [ -93.82774, 35.61451 ], [ -93.79531, 35.61396 ], [ -93.7938, 35.66148 ] ] ], [ [ [ -92.16043, 35.83731 ], [ -92.29048, 35.84109 ], [ -92.38679, 35.86758 ], [ -92.38431, 35.91504 ], [ -92.67731, 35.92286 ], [ -92.68187, 35.82792 ], [ -92.58433, 35.82539 ], [ -92.488, 35.79905 ], [ -92.49281, 35.70409 ], [ -92.59018, 35.70669 ], [ -92.62495, 35.66005 ], [ -92.62841, 35.58881 ], [ -92.69547, 35.54298 ], [ -92.79262, 35.54543 ], [ -92.797, 35.4504 ], [ -92.66765, 35.44713 ], [ -92.63301, 35.4938 ], [ -92.63071, 35.5413 ], [ -92.5012, 35.53786 ], [ -92.46399, 35.63197 ], [ -92.30191, 35.62744 ], [ -92.23708, 35.62557 ], [ -91.94539, 35.61676 ], [ -91.90739, 35.71069 ], [ -91.87494, 35.70966 ], [ -91.90318, 35.78189 ], [ -91.96538, 35.83139 ], [ -92.16043, 35.83731 ] ] ], [ [ [ -92.87267, 35.92771 ], [ -92.86513, 36.09382 ], [ -92.99467, 36.12063 ], [ -92.9926, 36.16808 ], [ -93.02527, 36.16883 ], [ -93.02937, 36.07392 ], [ -93.19255, 36.07754 ], [ -93.19545, 36.00634 ], [ -93.16479, 35.95816 ], [ -93.06706, 35.956 ], [ -93.03753, 35.88405 ], [ -92.90736, 35.88102 ], [ -92.90524, 35.92849 ], [ -92.87267, 35.92771 ] ] ], [ [ [ -93.11635, 36.33707 ], [ -93.12331, 36.17102 ], [ -93.05795, 36.16957 ], [ -93.05491, 36.24074 ], [ -92.98948, 36.23924 ], [ -92.98532, 36.33412 ], [ -93.11635, 36.33707 ] ] ], [ [ [ -94.38999, 36.54874 ], [ -94.3254, 36.50048 ], [ -94.29256, 36.50006 ], [ -94.2585, 36.54706 ], [ -94.25729, 36.59449 ], [ -94.32366, 36.57163 ], [ -94.38943, 36.57245 ], [ -94.38999, 36.54874 ] ] ], [ [ [ -86.09974, 32.8061 ], [ -86.03446, 32.82489 ], [ -86.02791, 32.87247 ], [ -86.11778, 32.90376 ], [ -86.21093, 32.91119 ], [ -86.21737, 32.86361 ], [ -86.09974, 32.8061 ] ] ], [ [ [ -86.70198, 32.99724 ], [ -86.79532, 33.00423 ], [ -86.80138, 32.95663 ], [ -86.7081, 32.94964 ], [ -86.70198, 32.99724 ] ] ], [ [ [ -88.99525, 33.29206 ], [ -88.98365, 33.41119 ], [ -89.03713, 33.50998 ], [ -89.07312, 33.4641 ], [ -89.13588, 33.46757 ], [ -89.21215, 33.32805 ], [ -89.22337, 33.20888 ], [ -89.1921, 33.20717 ], [ -89.20333, 33.08796 ], [ -89.17661, 33.03855 ], [ -89.11649, 33.01124 ], [ -88.99177, 33.00424 ], [ -88.98715, 33.05193 ], [ -88.83118, 33.043 ], [ -88.79286, 33.11271 ], [ -88.77618, 33.27952 ], [ -88.80271, 33.32899 ], [ -88.92797, 33.33617 ], [ -88.99525, 33.29206 ] ] ], [ [ [ -90.03295, 33.29829 ], [ -90.00162, 33.29679 ], [ -89.99765, 33.34448 ], [ -89.90361, 33.3399 ], [ -89.89957, 33.38759 ], [ -89.9563, 33.46215 ], [ -89.95229, 33.50982 ], [ -89.9837, 33.51134 ], [ -89.99566, 33.36832 ], [ -90.02702, 33.36983 ], [ -90.03295, 33.29829 ] ] ], [ [ [ -87.08896, 33.16983 ], [ -87.08307, 33.21742 ], [ -87.13673, 33.29327 ], [ -87.19923, 33.29771 ], [ -87.23628, 33.25234 ], [ -87.21376, 33.17874 ], [ -87.08896, 33.16983 ] ] ], [ [ [ -89.96769, 33.70195 ], [ -89.9717, 33.65431 ], [ -90.00318, 33.65582 ], [ -90.01314, 33.53668 ], [ -89.91885, 33.53213 ], [ -89.90469, 33.6989 ], [ -89.96769, 33.70195 ] ] ], [ [ [ -86.59021, 33.37309 ], [ -86.61215, 33.44676 ], [ -86.67476, 33.45147 ], [ -86.65275, 33.37781 ], [ -86.59021, 33.37309 ] ] ], [ [ [ -85.86458, 34.70729 ], [ -85.82589, 34.75209 ], [ -85.85775, 34.75464 ], [ -85.86458, 34.70729 ] ] ], [ [ [ -86.05227, 34.74607 ], [ -86.04556, 34.79343 ], [ -86.11599, 34.75104 ], [ -86.05227, 34.74607 ] ] ], [ [ [ -85.78715, 34.79688 ], [ -85.82589, 34.75209 ], [ -85.79404, 34.74954 ], [ -85.78715, 34.79688 ] ] ], [ [ [ -85.70952, 34.8864 ], [ -85.57134, 34.94699 ], [ -85.49327, 35.03635 ], [ -85.51459, 35.10991 ], [ -85.50035, 35.20448 ], [ -85.5324, 35.2071 ], [ -85.65314, 35.04941 ], [ -85.78455, 35.03605 ], [ -85.86224, 34.94652 ], [ -85.99003, 34.95661 ], [ -86.00356, 34.86194 ], [ -86.04556, 34.79343 ], [ -85.94993, 34.7859 ], [ -85.94314, 34.83325 ], [ -85.87936, 34.82819 ], [ -85.83374, 34.92031 ], [ -85.73797, 34.91263 ], [ -85.74836, 34.84165 ], [ -85.71648, 34.83907 ], [ -85.70952, 34.8864 ] ] ], [ [ [ -85.69553, 36.29572 ], [ -85.65584, 36.34032 ], [ -85.59068, 36.33513 ], [ -85.57269, 36.45304 ], [ -85.70324, 36.46339 ], [ -85.71035, 36.41623 ], [ -85.78266, 36.37418 ], [ -85.9457, 36.38684 ], [ -86.0796, 36.37322 ], [ -86.07275, 36.42041 ], [ -86.17406, 36.40422 ], [ -86.50049, 36.42836 ], [ -86.61144, 36.341 ], [ -86.7515, 36.27947 ], [ -86.81669, 36.28408 ], [ -86.8556, 36.23913 ], [ -86.97347, 36.3427 ], [ -86.9422, 36.57885 ], [ -87.00769, 36.58336 ], [ -86.99833, 36.65418 ], [ -87.35903, 36.67842 ], [ -87.46337, 36.63762 ], [ -87.4752, 36.54314 ], [ -87.54068, 36.54738 ], [ -87.58509, 36.45498 ], [ -87.74862, 36.4654 ], [ -87.76002, 36.37086 ], [ -87.79836, 36.32564 ], [ -87.92896, 36.33377 ], [ -87.92339, 36.38106 ], [ -87.98874, 36.38508 ], [ -87.99428, 36.33779 ], [ -88.03244, 36.2925 ], [ -88.19566, 36.30236 ], [ -88.20104, 36.25506 ], [ -88.29892, 36.26087 ], [ -88.30689, 36.1899 ], [ -88.37471, 36.17008 ], [ -88.37996, 36.12276 ], [ -88.51025, 36.13031 ], [ -88.5154, 36.08298 ], [ -88.61307, 36.08857 ], [ -88.65068, 36.04307 ], [ -88.67336, 35.82998 ], [ -88.60849, 35.8263 ], [ -88.63123, 35.61313 ], [ -88.66356, 35.61497 ], [ -88.67108, 35.54389 ], [ -88.70338, 35.54572 ], [ -88.72326, 35.35611 ], [ -88.9013, 35.19913 ], [ -88.91814, 35.03307 ], [ -88.95022, 35.03484 ], [ -88.96215, 34.91619 ], [ -88.99891, 34.87048 ], [ -89.12694, 34.87744 ], [ -89.18635, 34.92835 ], [ -89.25498, 34.88427 ], [ -89.25955, 34.83679 ], [ -89.32805, 34.79266 ], [ -89.42398, 34.79765 ], [ -89.49674, 34.70592 ], [ -89.50112, 34.65841 ], [ -89.6331, 34.61735 ], [ -89.70328, 34.54923 ], [ -89.801, 34.53017 ], [ -89.92848, 34.53633 ], [ -89.93256, 34.48879 ], [ -89.99829, 34.46804 ], [ -90.03415, 34.42199 ], [ -90.05812, 34.13653 ], [ -90.02642, 34.13503 ], [ -90.04834, 33.87319 ], [ -89.98518, 33.87018 ], [ -89.99119, 33.79874 ], [ -89.9281, 33.7957 ], [ -89.90169, 34.10517 ], [ -89.96101, 34.15581 ], [ -89.94885, 34.29855 ], [ -89.913, 34.34459 ], [ -89.81765, 34.33997 ], [ -89.83007, 34.19725 ], [ -89.73702, 34.16878 ], [ -89.69687, 34.26235 ], [ -89.53383, 34.30189 ], [ -89.54898, 34.1354 ], [ -89.1372, 34.11365 ], [ -89.1326, 34.16122 ], [ -89.03755, 34.156 ], [ -89.04454, 34.08466 ], [ -88.98358, 34.05737 ], [ -88.99295, 33.96223 ], [ -88.96606, 33.91288 ], [ -88.87135, 33.90754 ], [ -88.85944, 34.02647 ], [ -88.81822, 34.11979 ], [ -88.88154, 34.12338 ], [ -88.86483, 34.28978 ], [ -88.83309, 34.28799 ], [ -88.82105, 34.4068 ], [ -88.75261, 34.4507 ], [ -88.62291, 34.46711 ], [ -88.63776, 34.32457 ], [ -88.57427, 34.32085 ], [ -88.5911, 34.46525 ], [ -88.45881, 34.50524 ], [ -88.45373, 34.55273 ], [ -88.32636, 34.54509 ], [ -88.33153, 34.49761 ], [ -88.23608, 34.4918 ], [ -88.26529, 34.51748 ], [ -88.23394, 34.80229 ], [ -88.32721, 34.83183 ], [ -88.31683, 34.92672 ], [ -88.37827, 34.95428 ], [ -88.47435, 34.95998 ], [ -88.50131, 35.00931 ], [ -88.48348, 35.17532 ], [ -88.50798, 35.24832 ], [ -88.47325, 35.27015 ], [ -88.45786, 35.41236 ], [ -88.41529, 35.50525 ], [ -88.38301, 35.50335 ], [ -88.36477, 35.66916 ], [ -88.2948, 35.71268 ], [ -88.25447, 35.78178 ], [ -88.24385, 35.87648 ], [ -88.2007, 35.9692 ], [ -88.13302, 35.98895 ], [ -88.08965, 36.08161 ], [ -87.99204, 36.07564 ], [ -87.94843, 36.16825 ], [ -87.87768, 36.2115 ], [ -87.7799, 36.20537 ], [ -87.77423, 36.25266 ], [ -87.67641, 36.24645 ], [ -87.67066, 36.29373 ], [ -87.57279, 36.28745 ], [ -87.56697, 36.33472 ], [ -87.40377, 36.32408 ], [ -87.32053, 36.46152 ], [ -87.22245, 36.45498 ], [ -87.16013, 36.42696 ], [ -87.16624, 36.37971 ], [ -87.06829, 36.37305 ], [ -87.04183, 36.32357 ], [ -86.92388, 36.22006 ], [ -86.85875, 36.21551 ], [ -86.89014, 35.97921 ], [ -86.7991, 35.92507 ], [ -86.80541, 35.87779 ], [ -86.67581, 35.86853 ], [ -86.58187, 35.83786 ], [ -86.53976, 35.9064 ], [ -86.52677, 36.00091 ], [ -86.46187, 35.99616 ], [ -86.41625, 36.08825 ], [ -86.22135, 36.07373 ], [ -86.20789, 36.16818 ], [ -86.04531, 36.15584 ], [ -85.90488, 36.21663 ], [ -85.70972, 36.20135 ], [ -85.69553, 36.29572 ] ], [ [ -89.11878, 34.30387 ], [ -89.17999, 34.33108 ], [ -89.16853, 34.44991 ], [ -89.13209, 34.49572 ], [ -89.03659, 34.49051 ], [ -89.05528, 34.30039 ], [ -89.11878, 34.30387 ] ], [ [ -86.83881, 36.11872 ], [ -86.79362, 36.21092 ], [ -86.69595, 36.20398 ], [ -86.70556, 36.13311 ], [ -86.83881, 36.11872 ] ] ], [ [ [ -85.69732, 35.62702 ], [ -85.65801, 35.67168 ], [ -85.65448, 35.6953 ], [ -85.712, 35.74769 ], [ -85.84124, 35.75792 ], [ -85.91968, 35.66849 ], [ -85.89776, 35.59508 ], [ -85.80105, 35.58746 ], [ -85.79408, 35.63472 ], [ -85.69732, 35.62702 ] ] ], [ [ [ -86.28259, 37.03207 ], [ -86.15429, 36.99874 ], [ -86.10759, 37.09055 ], [ -86.17008, 37.11903 ], [ -86.302, 37.12878 ], [ -86.28259, 37.03207 ] ] ], [ [ [ -86.41051, 37.30337 ], [ -86.43061, 37.16196 ], [ -86.33161, 37.15476 ], [ -86.26222, 37.17349 ], [ -86.21896, 37.24175 ], [ -86.19839, 37.38311 ], [ -86.26802, 37.36442 ], [ -86.23492, 37.36199 ], [ -86.24517, 37.29131 ], [ -86.28504, 37.24661 ], [ -86.34437, 37.29857 ], [ -86.41051, 37.30337 ] ] ], [ [ [ -85.30481, 32.66729 ], [ -85.29779, 32.71485 ], [ -85.32874, 32.71754 ], [ -85.30481, 32.66729 ] ] ], [ [ [ -85.29779, 32.71485 ], [ -85.20498, 32.70672 ], [ -85.1979, 32.75427 ], [ -85.29077, 32.7624 ], [ -85.29779, 32.71485 ] ] ], [ [ [ -85.45598, 32.70445 ], [ -85.4181, 32.74935 ], [ -85.32524, 32.74132 ], [ -85.34221, 32.8391 ], [ -85.46967, 32.826 ], [ -85.50755, 32.78109 ], [ -85.63147, 32.7916 ], [ -85.66924, 32.74664 ], [ -85.67939, 32.67527 ], [ -85.46289, 32.65687 ], [ -85.45598, 32.70445 ] ] ], [ [ [ -84.65717, 32.80193 ], [ -84.61502, 32.87032 ], [ -84.80094, 32.88738 ], [ -84.87025, 32.84549 ], [ -84.91579, 32.75324 ], [ -84.76111, 32.73918 ], [ -84.66461, 32.75442 ], [ -84.65717, 32.80193 ] ] ], [ [ [ -84.70245, 34.9208 ], [ -84.73434, 34.92363 ], [ -84.76472, 34.73453 ], [ -84.73292, 34.73171 ], [ -84.76322, 34.54253 ], [ -84.83416, 34.50084 ], [ -84.84166, 34.45352 ], [ -84.9684, 34.46465 ], [ -85.07816, 34.37824 ], [ -85.09644, 34.25986 ], [ -85.13169, 34.23891 ], [ -85.20118, 34.41281 ], [ -85.13054, 34.45471 ], [ -85.03547, 34.4465 ], [ -85.00594, 34.63579 ], [ -84.96303, 34.70398 ], [ -84.98369, 34.77769 ], [ -84.90132, 34.89036 ], [ -84.89006, 34.96127 ], [ -84.84683, 35.02938 ], [ -84.81655, 35.21837 ], [ -84.84858, 35.22116 ], [ -84.82582, 35.36285 ], [ -84.89001, 35.36843 ], [ -84.87487, 35.46287 ], [ -84.96755, 35.49479 ], [ -84.96002, 35.54201 ], [ -85.02439, 35.54751 ], [ -85.06776, 35.47942 ], [ -85.07893, 35.40858 ], [ -85.15057, 35.36679 ], [ -85.16899, 35.24867 ], [ -85.20104, 35.25138 ], [ -85.31899, 35.11765 ], [ -85.36181, 35.0494 ], [ -85.42576, 35.05471 ], [ -85.46487, 35.01006 ], [ -85.47556, 34.93911 ], [ -85.38338, 34.90752 ], [ -85.42601, 34.83921 ], [ -85.40129, 34.78925 ], [ -85.41915, 34.67094 ], [ -85.26017, 34.65758 ], [ -85.28903, 34.46824 ], [ -85.35959, 34.42625 ], [ -85.40551, 34.33419 ], [ -85.47587, 34.29212 ], [ -85.59893, 34.32631 ], [ -85.58497, 34.42105 ], [ -85.68006, 34.42886 ], [ -85.71522, 34.40775 ], [ -85.70831, 34.45513 ], [ -85.67659, 34.45254 ], [ -85.66966, 34.49991 ], [ -85.70139, 34.50249 ], [ -85.69446, 34.54985 ], [ -85.72622, 34.55243 ], [ -85.82493, 34.53644 ], [ -85.80346, 34.46283 ], [ -85.89863, 34.47047 ], [ -85.96547, 34.45183 ], [ -85.92698, 34.49669 ], [ -85.90323, 34.66247 ], [ -85.96686, 34.66752 ], [ -85.97362, 34.62016 ], [ -86.04392, 34.5778 ], [ -86.13927, 34.58526 ], [ -86.16444, 34.6351 ], [ -86.1545, 34.70616 ], [ -86.11599, 34.75104 ], [ -86.17972, 34.75598 ], [ -86.15314, 34.94539 ], [ -86.21705, 34.95031 ], [ -86.29082, 34.88417 ], [ -86.31621, 34.93395 ], [ -86.27439, 35.00254 ], [ -86.21043, 34.99765 ], [ -86.19715, 35.09231 ], [ -86.12643, 35.1347 ], [ -86.03032, 35.12725 ], [ -85.98471, 35.21936 ], [ -85.91715, 35.23798 ], [ -85.9, 35.3562 ], [ -85.93213, 35.35872 ], [ -85.9287, 35.38237 ], [ -85.9998, 35.34011 ], [ -86.13169, 35.32641 ], [ -86.11824, 35.42099 ], [ -86.21142, 35.45202 ], [ -86.19806, 35.54659 ], [ -86.26253, 35.55148 ], [ -86.25255, 35.6224 ], [ -86.38163, 35.63209 ], [ -86.3882, 35.58481 ], [ -86.29145, 35.57756 ], [ -86.30138, 35.50663 ], [ -86.37238, 35.46417 ], [ -86.37894, 35.41687 ], [ -86.4498, 35.37437 ], [ -86.57845, 35.38387 ], [ -86.59126, 35.28923 ], [ -86.46279, 35.27974 ], [ -86.40182, 35.25129 ], [ -86.38279, 35.15423 ], [ -86.45015, 35.13537 ], [ -86.45662, 35.08803 ], [ -86.55271, 35.09517 ], [ -86.58155, 35.1212 ], [ -86.6777, 35.12824 ], [ -86.68402, 35.08089 ], [ -86.84421, 35.09246 ], [ -86.88861, 35.00002 ], [ -86.94648, 35.05195 ], [ -87.03954, 35.0824 ], [ -87.03346, 35.12977 ], [ -87.09457, 35.15793 ], [ -87.19082, 35.16458 ], [ -87.19978, 35.09353 ], [ -87.23778, 35.04835 ], [ -87.36886, 35.03337 ], [ -87.40672, 34.98814 ], [ -87.47074, 34.99243 ], [ -87.50851, 34.94716 ], [ -87.57251, 34.95141 ], [ -87.61303, 34.8824 ], [ -87.67697, 34.88659 ], [ -87.74651, 34.84332 ], [ -87.75208, 34.79589 ], [ -87.82148, 34.75257 ], [ -87.91724, 34.75869 ], [ -87.9546, 34.71327 ], [ -87.96544, 34.61836 ], [ -87.8726, 34.58854 ], [ -87.84899, 34.51531 ], [ -87.75357, 34.50913 ], [ -87.76465, 34.41419 ], [ -87.82818, 34.41831 ], [ -87.83914, 34.32335 ], [ -87.7757, 34.31923 ], [ -87.72059, 34.24385 ], [ -87.72336, 34.22011 ], [ -87.69169, 34.21802 ], [ -87.6656, 34.16844 ], [ -87.67118, 34.12094 ], [ -87.54467, 34.1125 ], [ -87.44695, 34.12984 ], [ -87.32046, 34.12119 ], [ -87.29757, 34.04776 ], [ -87.20282, 34.04117 ], [ -87.19105, 34.13614 ], [ -87.21386, 34.20957 ], [ -87.02396, 34.19619 ], [ -86.95765, 34.2154 ], [ -86.91992, 34.26058 ], [ -86.926, 34.21312 ], [ -86.86271, 34.20855 ], [ -86.88825, 34.25829 ], [ -86.60333, 34.23739 ], [ -86.54321, 34.20893 ], [ -86.44832, 34.20177 ], [ -86.3599, 34.14711 ], [ -86.36956, 34.07594 ], [ -86.46428, 34.08316 ], [ -86.47701, 33.98825 ], [ -86.50854, 33.99063 ], [ -86.51171, 33.9669 ], [ -86.58105, 33.92418 ], [ -86.5936, 33.82921 ], [ -86.66586, 33.76268 ], [ -86.68137, 33.64392 ], [ -86.59033, 33.6131 ], [ -86.45218, 33.69857 ], [ -86.44583, 33.74607 ], [ -86.33227, 33.88126 ], [ -86.23784, 33.87394 ], [ -86.25407, 33.75526 ], [ -86.09699, 33.74291 ], [ -86.03748, 33.71419 ], [ -86.01604, 33.64046 ], [ -85.90066, 33.55914 ], [ -85.94199, 33.49044 ], [ -85.95198, 33.41919 ], [ -86.02443, 33.35296 ], [ -86.03431, 33.28168 ], [ -85.91283, 33.24783 ], [ -85.77458, 33.33264 ], [ -85.71214, 33.32748 ], [ -85.72233, 33.25621 ], [ -85.62878, 33.24842 ], [ -85.56986, 33.21943 ], [ -85.28946, 33.1955 ], [ -85.25123, 33.24029 ], [ -85.17461, 33.32983 ], [ -85.10862, 33.3481 ], [ -84.98382, 33.33708 ], [ -84.82255, 33.1542 ], [ -84.84094, 33.0355 ], [ -84.77883, 33.02987 ], [ -84.74036, 33.07452 ], [ -84.61984, 33.03939 ], [ -84.57375, 33.13146 ], [ -84.45321, 33.09617 ], [ -84.29789, 33.08155 ], [ -84.29018, 33.129 ], [ -84.19695, 33.12013 ], [ -84.11132, 33.25646 ], [ -84.04908, 33.25046 ], [ -84.01004, 33.29486 ], [ -83.99815, 33.36596 ], [ -83.91985, 33.45469 ], [ -83.82626, 33.44555 ], [ -83.75577, 33.48679 ], [ -83.74766, 33.53415 ], [ -83.66886, 33.62268 ], [ -83.57508, 33.61335 ], [ -83.56683, 33.66069 ], [ -83.44803, 33.79325 ], [ -83.37698, 33.83423 ], [ -83.43131, 33.88785 ], [ -83.41875, 33.95879 ], [ -83.32456, 33.94929 ], [ -83.27449, 33.87198 ], [ -83.25586, 33.79785 ], [ -83.19322, 33.79144 ], [ -83.20598, 33.72049 ], [ -83.11212, 33.71082 ], [ -83.0821, 33.87632 ], [ -83.05076, 33.87308 ], [ -83.02918, 33.99124 ], [ -83.09198, 33.99773 ], [ -83.07474, 34.09224 ], [ -82.92281, 34.22091 ], [ -82.7836, 34.27856 ], [ -82.73877, 34.34604 ], [ -82.61263, 34.33269 ], [ -82.54056, 34.37315 ], [ -82.53154, 34.42033 ], [ -82.37375, 34.40336 ], [ -82.30607, 34.42009 ], [ -82.29688, 34.46725 ], [ -82.20217, 34.45692 ], [ -82.12975, 34.49713 ], [ -82.12043, 34.54427 ], [ -82.04787, 34.58442 ], [ -82.0244, 34.70221 ], [ -82.05606, 34.7057 ], [ -82.02785, 34.847 ], [ -82.05959, 34.85049 ], [ -82.04547, 34.92112 ], [ -82.07724, 34.92461 ], [ -82.1361, 34.9551 ], [ -82.11265, 35.0728 ], [ -82.17634, 35.07973 ], [ -82.15761, 35.17387 ], [ -82.21671, 35.20431 ], [ -82.24862, 35.20776 ], [ -82.25794, 35.16069 ], [ -82.2991, 35.11704 ], [ -82.49037, 35.13745 ], [ -82.49951, 35.09036 ], [ -82.53138, 35.09373 ], [ -82.53593, 35.07018 ], [ -82.66339, 35.08358 ], [ -82.67241, 35.03647 ], [ -82.73611, 35.04312 ], [ -82.74508, 34.996 ], [ -82.8406, 35.00591 ], [ -82.87244, 35.0092 ], [ -82.90429, 35.01248 ], [ -82.94497, 34.96861 ], [ -82.97138, 34.82716 ], [ -83.11587, 34.7458 ], [ -83.24284, 34.75864 ], [ -83.25143, 34.71145 ], [ -83.34663, 34.72099 ], [ -83.37215, 34.57937 ], [ -83.41229, 34.53531 ], [ -83.53894, 34.54786 ], [ -83.54731, 34.50063 ], [ -83.67392, 34.51305 ], [ -83.71796, 34.44526 ], [ -83.97109, 34.46964 ], [ -83.94753, 34.41935 ], [ -83.9159, 34.41632 ], [ -83.85673, 34.38662 ], [ -83.76191, 34.37745 ], [ -83.73442, 34.35075 ], [ -83.78239, 34.25928 ], [ -83.86174, 34.17081 ], [ -83.89008, 34.00525 ], [ -83.85864, 34.00221 ], [ -83.87885, 33.88391 ], [ -83.91024, 33.88695 ], [ -83.94636, 33.67391 ], [ -84.00896, 33.67995 ], [ -84.05613, 33.58822 ], [ -84.11867, 33.59421 ], [ -84.23591, 33.46095 ], [ -84.24369, 33.41355 ], [ -84.39972, 33.42823 ], [ -84.49717, 33.41323 ], [ -84.55202, 33.46642 ], [ -84.5719, 33.54041 ], [ -84.68198, 33.64666 ], [ -84.6707, 33.71776 ], [ -84.72216, 33.79453 ], [ -84.69207, 33.98404 ], [ -84.64925, 34.05223 ], [ -84.70847, 34.08159 ], [ -84.69337, 34.17629 ], [ -84.75271, 34.20562 ], [ -84.7136, 34.25014 ], [ -84.69846, 34.3448 ], [ -84.62378, 34.41009 ], [ -84.5768, 34.50184 ], [ -84.5374, 34.54627 ], [ -84.52969, 34.59356 ], [ -84.56142, 34.59643 ], [ -84.62107, 34.62579 ], [ -84.61341, 34.67308 ], [ -84.70492, 34.70524 ], [ -84.69349, 34.77617 ], [ -84.65402, 34.8206 ], [ -84.70245, 34.9208 ] ], [ [ -85.70023, 34.07083 ], [ -85.79487, 34.07855 ], [ -85.74962, 34.1708 ], [ -85.69334, 34.11824 ], [ -85.70023, 34.07083 ] ], [ [ -85.36717, 34.16305 ], [ -85.37427, 34.11567 ], [ -85.44444, 34.07359 ], [ -85.53905, 34.0815 ], [ -85.52505, 34.1763 ], [ -85.46189, 34.17102 ], [ -85.41615, 34.26314 ], [ -85.2897, 34.25245 ], [ -85.30403, 34.1577 ], [ -85.36717, 34.16305 ] ], [ [ -86.4669, 34.53849 ], [ -86.45405, 34.63328 ], [ -86.29498, 34.62121 ], [ -86.3398, 34.52886 ], [ -86.4669, 34.53849 ] ], [ [ -86.5559, 34.83233 ], [ -86.54312, 34.92706 ], [ -86.44726, 34.91992 ], [ -86.49208, 34.82758 ], [ -86.5559, 34.83233 ] ], [ [ -86.19594, 35.33133 ], [ -86.29234, 35.33866 ], [ -86.25026, 35.40718 ], [ -86.19594, 35.33133 ] ] ], [ [ [ -85.58894, 34.8287 ], [ -85.59948, 34.75771 ], [ -85.50395, 34.74986 ], [ -85.49332, 34.82084 ], [ -85.58894, 34.8287 ] ] ], [ [ [ -85.36592, 36.50799 ], [ -85.32588, 36.55247 ], [ -85.22416, 36.568 ], [ -85.21669, 36.61513 ], [ -85.41291, 36.63114 ], [ -85.5474, 36.61807 ], [ -85.55825, 36.54735 ], [ -85.53282, 36.49759 ], [ -85.40223, 36.48707 ], [ -85.36592, 36.50799 ] ] ], [ [ [ -77.19711, 37.41614 ], [ -77.29507, 37.4301 ], [ -77.27546, 37.49976 ], [ -77.28854, 37.57406 ], [ -77.36719, 37.6576 ], [ -77.45904, 37.69465 ], [ -77.65592, 37.72211 ], [ -77.708, 37.65696 ], [ -77.7736, 37.66603 ], [ -77.80548, 37.54984 ], [ -77.73998, 37.54079 ], [ -77.72641, 37.46653 ], [ -77.66101, 37.45744 ], [ -77.64754, 37.38317 ], [ -77.67312, 37.2902 ], [ -77.60789, 37.28108 ], [ -77.59452, 37.20678 ], [ -77.52938, 37.19763 ], [ -77.44462, 37.13735 ], [ -77.45751, 37.09087 ], [ -77.39897, 37.0584 ], [ -77.4312, 36.94218 ], [ -77.37279, 36.90969 ], [ -77.43069, 36.70042 ], [ -77.39837, 36.6958 ], [ -77.43043, 36.5795 ], [ -77.37234, 36.54699 ], [ -77.42993, 36.33757 ], [ -77.36564, 36.32832 ], [ -77.35911, 36.23059 ], [ -77.39102, 36.11419 ], [ -77.35899, 36.10956 ], [ -77.39084, 35.99313 ], [ -77.37795, 35.91863 ], [ -77.40991, 35.92326 ], [ -77.42259, 35.87667 ], [ -77.45453, 35.88129 ], [ -77.4735, 35.8114 ], [ -77.58128, 35.65744 ], [ -77.70174, 35.57789 ], [ -77.83521, 35.57273 ], [ -77.99437, 35.59526 ], [ -77.98824, 35.6186 ], [ -78.11568, 35.63649 ], [ -78.12177, 35.61315 ], [ -78.28111, 35.63532 ], [ -78.33886, 35.66749 ], [ -78.32683, 35.71418 ], [ -78.44257, 35.77844 ], [ -78.49455, 35.83387 ], [ -78.55852, 35.84257 ], [ -78.57267, 35.91697 ], [ -78.63673, 35.92563 ], [ -78.65098, 36.0 ], [ -78.74721, 36.01293 ], [ -78.79695, 35.94716 ], [ -78.86107, 35.95572 ], [ -78.93112, 35.6753 ], [ -78.91082, 35.62429 ], [ -78.94274, 35.62855 ], [ -78.96593, 35.53502 ], [ -79.00936, 35.49249 ], [ -79.1687, 35.51358 ], [ -79.18013, 35.46679 ], [ -79.24954, 35.45176 ], [ -79.26091, 35.40496 ], [ -79.45198, 35.42987 ], [ -79.55315, 35.41881 ], [ -79.64318, 35.4545 ], [ -79.60978, 35.59499 ], [ -79.56666, 35.63771 ], [ -79.4708, 35.62538 ], [ -79.41627, 35.71484 ], [ -79.50662, 35.75061 ], [ -79.45584, 35.96114 ], [ -79.51441, 35.99275 ], [ -79.49181, 36.08629 ], [ -79.40474, 36.17155 ], [ -79.30817, 36.15911 ], [ -79.2645, 36.20168 ], [ -79.23573, 36.3185 ], [ -79.27725, 36.42026 ], [ -79.33613, 36.45193 ], [ -79.32464, 36.49865 ], [ -79.42169, 36.51106 ], [ -79.44834, 36.53854 ], [ -79.57786, 36.55496 ], [ -79.6272, 36.48895 ], [ -79.75667, 36.50519 ], [ -79.76787, 36.45844 ], [ -79.80022, 36.46248 ], [ -79.78905, 36.50923 ], [ -79.82143, 36.51326 ], [ -79.82701, 36.48989 ], [ -79.8705, 36.44715 ], [ -79.90286, 36.45116 ], [ -79.91395, 36.4044 ], [ -79.94629, 36.4084 ], [ -79.95734, 36.36163 ], [ -80.02748, 36.34621 ], [ -80.15717, 36.21772 ], [ -80.18433, 36.10068 ], [ -80.15212, 36.09674 ], [ -80.24935, 35.67516 ], [ -80.30277, 35.58534 ], [ -80.4466, 35.53061 ], [ -80.46246, 35.46026 ], [ -80.32945, 35.46813 ], [ -80.20178, 35.45242 ], [ -80.11146, 35.41711 ], [ -80.13839, 35.29989 ], [ -80.25527, 35.21793 ], [ -80.35071, 35.22969 ], [ -80.36134, 35.32742 ], [ -80.45694, 35.3391 ], [ -80.46748, 35.29218 ], [ -80.56305, 35.30378 ], [ -80.64824, 35.36224 ], [ -80.71203, 35.3699 ], [ -80.69125, 35.46375 ], [ -80.78192, 35.49865 ], [ -80.80355, 35.54937 ], [ -80.86238, 35.5804 ], [ -80.99554, 35.57199 ], [ -81.18765, 35.59432 ], [ -81.19774, 35.54737 ], [ -81.26678, 35.53126 ], [ -81.36281, 35.54226 ], [ -81.41691, 35.59653 ], [ -81.47136, 35.33813 ], [ -81.40752, 35.33085 ], [ -81.45195, 35.11933 ], [ -81.42506, 35.09218 ], [ -81.36144, 35.08487 ], [ -81.38122, 34.99083 ], [ -81.3177, 34.98351 ], [ -81.34739, 34.84241 ], [ -81.36712, 34.74832 ], [ -81.24549, 34.71009 ], [ -81.26532, 34.61599 ], [ -81.2486, 34.54171 ], [ -81.15892, 34.50707 ], [ -81.00129, 34.4884 ], [ -80.90169, 34.50063 ], [ -80.91181, 34.45358 ], [ -80.81733, 34.44222 ], [ -80.86403, 34.37544 ], [ -80.95843, 34.38677 ], [ -80.99995, 34.34347 ], [ -81.01499, 34.27286 ], [ -80.79511, 34.2464 ], [ -80.74332, 34.3367 ], [ -80.6176, 34.32136 ], [ -80.5707, 34.38806 ], [ -80.50262, 34.40383 ], [ -80.49223, 34.45085 ], [ -80.36641, 34.58017 ], [ -80.2981, 34.59582 ], [ -80.20353, 34.58401 ], [ -80.16138, 34.62702 ], [ -80.12407, 34.79137 ], [ -80.02927, 34.77943 ], [ -79.9869, 34.82237 ], [ -79.96531, 34.91623 ], [ -79.91196, 35.00604 ], [ -79.78523, 34.9899 ], [ -79.77428, 35.03679 ], [ -79.70539, 35.05212 ], [ -79.61031, 35.03987 ], [ -79.58417, 35.01234 ], [ -79.48916, 35.0 ], [ -79.47423, 34.92557 ], [ -79.37936, 34.91315 ], [ -79.35335, 34.88556 ], [ -79.19538, 34.86467 ], [ -79.14357, 34.8094 ], [ -78.98583, 34.78825 ], [ -78.96002, 34.76057 ], [ -78.86547, 34.74777 ], [ -78.85124, 34.67322 ], [ -78.72536, 34.65602 ], [ -78.65662, 34.67079 ], [ -78.61349, 34.71328 ], [ -78.59595, 34.78351 ], [ -78.49555, 34.79383 ], [ -78.40888, 34.87866 ], [ -78.24524, 34.87999 ], [ -78.22567, 34.82879 ], [ -78.16266, 34.8199 ], [ -78.11312, 34.88558 ], [ -77.95553, 34.86316 ], [ -77.82342, 34.86845 ], [ -77.77437, 35.05533 ], [ -77.70504, 35.06958 ], [ -77.65426, 35.01374 ], [ -77.58495, 35.02792 ], [ -77.54095, 35.07001 ], [ -77.54762, 35.16797 ], [ -77.38958, 35.14486 ], [ -77.37071, 35.21485 ], [ -77.24424, 35.19621 ], [ -77.23155, 35.24285 ], [ -77.17447, 35.33142 ], [ -77.12976, 35.49456 ], [ -77.07233, 35.58304 ], [ -77.04056, 35.57832 ], [ -76.99537, 35.74132 ], [ -76.96353, 35.73659 ], [ -76.86583, 36.08562 ], [ -76.92982, 36.09512 ], [ -76.93573, 36.1929 ], [ -76.90301, 36.30917 ], [ -76.9089, 36.4069 ], [ -76.9732, 36.41638 ], [ -76.94043, 36.5326 ], [ -77.00485, 36.54206 ], [ -76.98521, 36.61179 ], [ -77.02353, 36.71418 ], [ -77.0816, 36.74684 ], [ -77.10086, 36.79801 ], [ -77.08124, 36.86772 ], [ -77.13947, 36.90034 ], [ -77.11331, 36.99327 ], [ -77.17819, 37.00263 ], [ -77.18453, 37.10023 ], [ -77.1518, 37.21636 ], [ -77.21036, 37.24893 ], [ -77.22332, 37.32326 ], [ -77.19711, 37.41614 ] ], [ [ -80.88074, 35.19729 ], [ -80.91768, 35.17757 ], [ -80.97364, 34.91915 ], [ -81.03202, 34.95015 ], [ -81.05366, 35.00089 ], [ -81.00165, 35.09113 ], [ -80.96606, 35.25555 ], [ -80.90234, 35.24802 ], [ -80.88074, 35.19729 ] ], [ [ -79.01762, 35.05858 ], [ -79.10121, 35.11809 ], [ -79.07834, 35.21172 ], [ -78.95143, 35.19477 ], [ -78.90535, 35.11604 ], [ -78.92265, 35.04583 ], [ -79.01762, 35.05858 ] ] ], [ [ [ -77.17062, 37.62972 ], [ -77.11805, 37.69466 ], [ -77.2164, 37.70867 ], [ -77.17062, 37.62972 ] ] ] ] } },
{ "type": "Feature", "properties": { "ID": 44 }, "geometry": { "type": "MultiPolygon", "coordinates": [ [ [ [ -93.76365, 35.58965 ], [ -93.76518, 35.54213 ], [ -93.82996, 35.54324 ], [ -93.82848, 35.59076 ], [ -94.08781, 35.59485 ], [ -94.15391, 35.54827 ], [ -94.15517, 35.50074 ], [ -94.44656, 35.50458 ], [ -94.51233, 35.45781 ], [ -94.51335, 35.41027 ], [ -94.67503, 35.41203 ], [ -94.67593, 35.36449 ], [ -94.8056, 35.34197 ], [ -94.8387, 35.29472 ], [ -94.84067, 35.17581 ], [ -94.90587, 35.12881 ], [ -94.90735, 35.03365 ], [ -95.00384, 35.03444 ], [ -95.03699, 34.9633 ], [ -95.16552, 34.9642 ], [ -95.16665, 34.86901 ], [ -95.0707, 34.84454 ], [ -95.07195, 34.74932 ], [ -95.26416, 34.75058 ], [ -95.36113, 34.65585 ], [ -95.36177, 34.58441 ], [ -95.26589, 34.58389 ], [ -95.2654, 34.63152 ], [ -95.16946, 34.63093 ], [ -95.13806, 34.58309 ], [ -95.13748, 34.63072 ], [ -94.6578, 34.62656 ], [ -94.65689, 34.67419 ], [ -94.5929, 34.6735 ], [ -94.52791, 34.72039 ], [ -94.46388, 34.71964 ], [ -94.36727, 34.74225 ], [ -94.36617, 34.78986 ], [ -94.23798, 34.78815 ], [ -94.20775, 34.71629 ], [ -94.11171, 34.71491 ], [ -94.11425, 34.61967 ], [ -94.21017, 34.62106 ], [ -94.21197, 34.54962 ], [ -94.18126, 34.50153 ], [ -93.8302, 34.49602 ], [ -93.83166, 34.44838 ], [ -93.79977, 34.44783 ], [ -93.73675, 34.42289 ], [ -93.73827, 34.37525 ], [ -93.70642, 34.37467 ], [ -93.70796, 34.32703 ], [ -93.93082, 34.33086 ], [ -93.9322, 34.28321 ], [ -94.02766, 34.28473 ], [ -94.02633, 34.33239 ], [ -94.1537, 34.33431 ], [ -94.15246, 34.38196 ], [ -94.24805, 34.38332 ], [ -94.24922, 34.33566 ], [ -94.34475, 34.33695 ], [ -94.34587, 34.28929 ], [ -94.53681, 34.29164 ], [ -94.53583, 34.3393 ], [ -94.47111, 34.3862 ], [ -94.37496, 34.40884 ], [ -94.34308, 34.40843 ], [ -94.34085, 34.50371 ], [ -94.27585, 34.5505 ], [ -94.33917, 34.57516 ], [ -94.33805, 34.62279 ], [ -94.402, 34.62361 ], [ -94.40308, 34.57598 ], [ -94.4675, 34.55295 ], [ -94.53138, 34.55371 ], [ -94.62768, 34.53096 ], [ -94.62675, 34.57859 ], [ -94.65871, 34.57893 ], [ -94.65961, 34.5313 ], [ -94.72348, 34.53196 ], [ -94.78857, 34.46112 ], [ -94.88428, 34.462 ], [ -94.88353, 34.50964 ], [ -95.01123, 34.5107 ], [ -95.01189, 34.46306 ], [ -95.0438, 34.4633 ], [ -95.04283, 34.53476 ], [ -95.17058, 34.53566 ], [ -95.23497, 34.48842 ], [ -95.23676, 34.32163 ], [ -95.33229, 34.32217 ], [ -95.42801, 34.2988 ], [ -95.42704, 34.41796 ], [ -95.49081, 34.41823 ], [ -95.55488, 34.37081 ], [ -95.55518, 34.32315 ], [ -95.619, 34.29952 ], [ -95.71449, 34.29977 ], [ -95.71487, 34.20443 ], [ -95.6513, 34.20427 ], [ -95.65153, 34.15659 ], [ -95.58799, 34.1564 ], [ -95.58813, 34.13255 ], [ -95.33408, 34.13147 ], [ -95.30279, 34.08361 ], [ -95.30395, 33.96436 ], [ -95.20891, 33.9638 ], [ -95.20944, 33.91609 ], [ -95.11446, 33.91546 ], [ -95.11505, 33.86775 ], [ -95.05209, 33.84343 ], [ -94.95721, 33.84268 ], [ -94.9579, 33.79495 ], [ -94.86309, 33.79413 ], [ -94.86385, 33.74641 ], [ -94.73751, 33.7452 ], [ -94.7042, 33.84032 ], [ -94.45121, 33.83746 ], [ -94.45018, 33.88517 ], [ -94.38636, 33.90823 ], [ -94.2914, 33.90697 ], [ -94.29026, 33.95468 ], [ -94.19524, 33.95335 ], [ -94.19403, 34.00105 ], [ -94.1294, 34.04781 ], [ -94.00255, 34.04587 ], [ -94.00121, 34.09355 ], [ -93.84255, 34.09094 ], [ -93.84399, 34.04326 ], [ -93.49522, 34.03681 ], [ -93.49354, 34.08449 ], [ -93.36665, 34.0819 ], [ -93.36841, 34.03422 ], [ -93.20991, 34.03081 ], [ -93.17443, 34.12545 ], [ -93.16969, 34.2446 ], [ -93.07431, 34.24243 ], [ -93.0455, 34.17021 ], [ -92.91847, 34.16717 ], [ -92.9164, 34.21483 ], [ -92.82107, 34.21247 ], [ -92.81894, 34.26011 ], [ -92.75426, 34.28232 ], [ -92.71804, 34.37677 ], [ -92.65435, 34.37511 ], [ -92.68285, 34.44738 ], [ -92.67502, 34.61403 ], [ -92.73453, 34.71088 ], [ -92.79853, 34.7125 ], [ -92.79636, 34.76009 ], [ -92.86041, 34.76169 ], [ -92.86147, 34.73789 ], [ -93.11759, 34.74394 ], [ -93.11954, 34.69634 ], [ -93.24753, 34.69917 ], [ -93.24381, 34.79437 ], [ -93.17781, 34.84055 ], [ -93.04957, 34.83766 ], [ -93.04757, 34.88524 ], [ -92.91821, 34.906 ], [ -92.85403, 34.90443 ], [ -92.81979, 34.95121 ], [ -92.72346, 34.94878 ], [ -92.72124, 34.99635 ], [ -92.65699, 34.99468 ], [ -92.65245, 35.0898 ], [ -92.58811, 35.0881 ], [ -92.58463, 35.15942 ], [ -92.48803, 35.15681 ], [ -92.451, 35.251 ], [ -92.44495, 35.36981 ], [ -92.57415, 35.37331 ], [ -92.56947, 35.46834 ], [ -92.63416, 35.47004 ], [ -92.63301, 35.4938 ], [ -92.66765, 35.44713 ], [ -92.92636, 35.45355 ], [ -92.92426, 35.50107 ], [ -93.11846, 35.50555 ], [ -93.14985, 35.53002 ], [ -93.40891, 35.53548 ], [ -93.40714, 35.58299 ], [ -93.76365, 35.58965 ] ], [ [ -94.879, 34.79539 ], [ -94.75078, 34.7942 ], [ -94.75163, 34.74659 ], [ -94.87975, 34.74778 ], [ -94.879, 34.79539 ] ], [ [ -94.38312, 34.05132 ], [ -94.25625, 34.04963 ], [ -94.25742, 34.00194 ], [ -94.3842, 34.00363 ], [ -94.38312, 34.05132 ] ], [ [ -93.95026, 34.76004 ], [ -93.7901, 34.75737 ], [ -93.79309, 34.66215 ], [ -93.88905, 34.66378 ], [ -93.89047, 34.61616 ], [ -94.08228, 34.61919 ], [ -94.07969, 34.71443 ], [ -93.95165, 34.71243 ], [ -93.95026, 34.76004 ] ], [ [ -93.94331, 34.998 ], [ -93.84689, 34.99642 ], [ -93.84835, 34.94884 ], [ -93.88047, 34.94937 ], [ -93.88118, 34.92558 ], [ -93.9447, 34.95042 ], [ -93.94331, 34.998 ] ], [ [ -93.78111, 35.0429 ], [ -93.71679, 35.04177 ], [ -93.71368, 35.1369 ], [ -93.61708, 35.13514 ], [ -93.62192, 34.99244 ], [ -93.78261, 34.99532 ], [ -93.78111, 35.0429 ] ], [ [ -93.74512, 35.16125 ], [ -93.80806, 35.20992 ], [ -93.80582, 35.28125 ], [ -93.70823, 35.30334 ], [ -93.54684, 35.30036 ], [ -93.54851, 35.25281 ], [ -93.45175, 35.25093 ], [ -93.48571, 35.20402 ], [ -93.48742, 35.15646 ], [ -93.74512, 35.16125 ] ] ], [ [ [ -88.41922, 35.17153 ], [ -88.36017, 35.1203 ], [ -88.33587, 35.04724 ], [ -88.23968, 35.04144 ], [ -88.19704, 35.13433 ], [ -88.16494, 35.13237 ], [ -88.15162, 35.25089 ], [ -88.21063, 35.3022 ], [ -88.19736, 35.42068 ], [ -88.3237, 35.45213 ], [ -88.36376, 35.38296 ], [ -88.37934, 35.24075 ], [ -88.41922, 35.17153 ] ] ], [ [ [ -92.46883, 35.53698 ], [ -92.40653, 35.48769 ], [ -92.33683, 35.58087 ], [ -92.11009, 35.57425 ], [ -92.10876, 35.59799 ], [ -92.14116, 35.59896 ], [ -92.13984, 35.62271 ], [ -92.46399, 35.63197 ], [ -92.5012, 35.53786 ], [ -92.46883, 35.53698 ] ] ], [ [ [ -95.90364, 35.65647 ], [ -96.001, 35.65651 ], [ -96.0335, 35.75154 ], [ -96.13099, 35.75148 ], [ -96.13077, 35.63268 ], [ -96.09826, 35.58518 ], [ -95.90374, 35.58518 ], [ -95.90364, 35.65647 ] ] ], [ [ [ -91.77615, 35.73026 ], [ -91.67731, 35.75078 ], [ -91.67138, 35.8457 ], [ -91.57234, 35.86613 ], [ -91.53369, 35.95991 ], [ -91.3709, 35.95422 ], [ -91.36772, 36.00165 ], [ -91.29933, 36.04674 ], [ -91.29448, 36.11787 ], [ -91.36293, 36.07279 ], [ -91.46077, 36.07624 ], [ -91.59578, 36.00957 ], [ -91.59881, 35.96213 ], [ -91.7942, 35.9686 ], [ -91.79709, 35.92115 ], [ -91.95983, 35.92631 ], [ -91.99788, 35.8324 ], [ -91.96538, 35.83139 ], [ -91.90318, 35.78189 ], [ -91.87494, 35.70966 ], [ -91.7776, 35.70652 ], [ -91.77615, 35.73026 ] ] ], [ [ [ -91.22263, 36.21033 ], [ -91.15729, 36.20792 ], [ -91.15395, 36.25532 ], [ -91.22263, 36.21033 ] ] ] ] } },
{ "type": "Feature", "properties": { "ID": 45 }, "geometry": { "type": "MultiPolygon", "coordinates": [ [ [ [ -94.20729, 32.20792 ], [ -94.30005, 32.20924 ], [ -94.32933, 32.28155 ], [ -94.45313, 32.28317 ], [ -94.45465, 32.2113 ], [ -94.48656, 32.16376 ], [ -94.54836, 32.16451 ], [ -94.58019, 32.11694 ], [ -94.58157, 32.04502 ], [ -94.48902, 32.04391 ], [ -94.42629, 32.09107 ], [ -94.42936, 31.94723 ], [ -94.46017, 31.94762 ], [ -94.46267, 31.8277 ], [ -94.40115, 31.82691 ], [ -94.37198, 31.75453 ], [ -94.3434, 31.65813 ], [ -94.28091, 31.70527 ], [ -94.15808, 31.70347 ], [ -94.15569, 31.79944 ], [ -94.21718, 31.80035 ], [ -94.21544, 31.87231 ], [ -94.09234, 31.87044 ], [ -94.00001, 31.86896 ], [ -94.00196, 31.79701 ], [ -94.03398, 31.74953 ], [ -94.09666, 31.70252 ], [ -93.91244, 31.69949 ], [ -93.90837, 31.84342 ], [ -93.90633, 31.91537 ], [ -93.90156, 32.08318 ], [ -93.83983, 32.0821 ], [ -93.8054, 32.20137 ], [ -93.74357, 32.20024 ], [ -93.7421, 32.24816 ], [ -93.86583, 32.25038 ], [ -93.86722, 32.20246 ], [ -93.99088, 32.20456 ], [ -93.98957, 32.25247 ], [ -94.20612, 32.25584 ], [ -94.20729, 32.20792 ] ] ], [ [ [ -94.88246, 32.55132 ], [ -94.81994, 32.57468 ], [ -94.81917, 32.62255 ], [ -94.91246, 32.62341 ], [ -94.88246, 32.55132 ] ] ], [ [ [ -95.62713, 32.74731 ], [ -95.59625, 32.69935 ], [ -95.53368, 32.74699 ], [ -95.62713, 32.74731 ] ] ], [ [ [ -95.21857, 33.08027 ], [ -95.21909, 33.03245 ], [ -95.00018, 33.03088 ], [ -94.99886, 33.1265 ], [ -95.0928, 33.12723 ], [ -95.0934, 33.07942 ], [ -95.21857, 33.08027 ] ] ], [ [ [ -93.79026, 32.70415 ], [ -93.78371, 32.91941 ], [ -93.71903, 32.99 ], [ -93.7145, 33.13342 ], [ -93.68243, 33.15673 ], [ -93.67398, 33.41949 ], [ -93.74208, 33.25346 ], [ -93.80481, 33.25458 ], [ -93.8376, 33.20734 ], [ -93.84402, 32.99224 ], [ -93.87527, 32.99278 ], [ -93.88364, 32.70579 ], [ -93.79026, 32.70415 ] ] ], [ [ [ -92.42905, 34.41665 ], [ -92.46091, 34.41754 ], [ -92.45017, 34.63178 ], [ -92.51409, 34.63355 ], [ -92.57223, 34.75427 ], [ -92.7003, 34.75765 ], [ -92.79636, 34.76009 ], [ -92.79853, 34.7125 ], [ -92.73453, 34.71088 ], [ -92.67502, 34.61403 ], [ -92.68285, 34.44738 ], [ -92.65435, 34.37511 ], [ -92.71804, 34.37677 ], [ -92.75426, 34.28232 ], [ -92.81894, 34.26011 ], [ -92.82107, 34.21247 ], [ -92.9164, 34.21483 ], [ -92.91847, 34.16717 ], [ -93.0455, 34.17021 ], [ -93.07431, 34.24243 ], [ -93.16969, 34.2446 ], [ -93.17443, 34.12545 ], [ -93.20991, 34.03081 ], [ -93.36841, 34.03422 ], [ -93.36665, 34.0819 ], [ -93.49354, 34.08449 ], [ -93.49522, 34.03681 ], [ -93.84399, 34.04326 ], [ -93.84255, 34.09094 ], [ -93.87428, 34.09148 ], [ -93.90601, 34.09201 ], [ -94.00121, 34.09355 ], [ -94.00255, 34.04587 ], [ -94.1294, 34.04781 ], [ -94.19403, 34.00105 ], [ -94.19524, 33.95335 ], [ -94.29026, 33.95468 ], [ -94.2914, 33.90697 ], [ -94.38636, 33.90823 ], [ -94.45018, 33.88517 ], [ -94.45121, 33.83746 ], [ -94.7042, 33.84032 ], [ -94.73751, 33.7452 ], [ -94.86385, 33.74641 ], [ -94.86309, 33.79413 ], [ -94.9579, 33.79495 ], [ -94.95721, 33.84268 ], [ -95.05209, 33.84343 ], [ -95.11505, 33.86775 ], [ -95.11446, 33.91546 ], [ -95.20944, 33.91609 ], [ -95.20891, 33.9638 ], [ -95.30395, 33.96436 ], [ -95.30279, 34.08361 ], [ -95.33408, 34.13147 ], [ -95.58813, 34.13255 ], [ -95.58799, 34.1564 ], [ -95.65153, 34.15659 ], [ -95.65165, 34.13275 ], [ -95.71516, 34.1329 ], [ -95.71554, 34.03752 ], [ -95.8424, 34.03774 ], [ -95.87424, 33.96622 ], [ -96.12771, 33.96622 ], [ -96.0959, 33.87083 ], [ -96.00098, 33.87086 ], [ -96.03258, 33.79927 ], [ -96.03252, 33.65607 ], [ -96.00097, 33.65607 ], [ -96.00097, 33.5367 ], [ -95.90649, 33.53666 ], [ -95.90655, 33.4889 ], [ -95.96951, 33.46505 ], [ -95.96957, 33.32172 ], [ -96.09514, 33.2978 ], [ -96.00097, 33.20224 ], [ -96.00097, 33.08273 ], [ -95.96969, 33.03491 ], [ -95.8759, 33.01094 ], [ -95.84484, 32.91524 ], [ -95.5326, 32.91446 ], [ -95.50171, 32.86649 ], [ -95.5022, 32.79473 ], [ -95.53368, 32.74699 ], [ -95.37792, 32.74631 ], [ -95.34634, 32.794 ], [ -95.34526, 32.91361 ], [ -95.40771, 32.91392 ], [ -95.40693, 33.00958 ], [ -95.50056, 33.0339 ], [ -95.53121, 33.12965 ], [ -95.4994, 33.20124 ], [ -95.27997, 33.20016 ], [ -95.2795, 33.24796 ], [ -94.9972, 33.246 ], [ -94.99654, 33.29379 ], [ -94.96583, 33.24574 ], [ -94.77765, 33.24404 ], [ -94.65264, 33.21885 ], [ -94.65442, 33.12325 ], [ -94.5918, 33.12255 ], [ -94.58994, 33.21815 ], [ -94.61992, 33.29018 ], [ -94.49239, 33.38428 ], [ -94.42903, 33.40739 ], [ -94.42537, 33.57454 ], [ -94.23634, 33.57202 ], [ -94.23399, 33.6675 ], [ -94.16907, 33.73819 ], [ -94.16785, 33.78591 ], [ -94.04147, 33.784 ], [ -94.04016, 33.83172 ], [ -93.91369, 33.82968 ], [ -93.91508, 33.78197 ], [ -93.78797, 33.80366 ], [ -93.66157, 33.80137 ], [ -93.66624, 33.65821 ], [ -93.63548, 33.63375 ], [ -93.54091, 33.63193 ], [ -93.51269, 33.53584 ], [ -93.44973, 33.53457 ], [ -93.45649, 33.34356 ], [ -93.3309, 33.34093 ], [ -93.33619, 33.19761 ], [ -93.37013, 33.1266 ], [ -93.46405, 33.12855 ], [ -93.47156, 32.91343 ], [ -93.34759, 32.8869 ], [ -93.2228, 32.88416 ], [ -93.19529, 32.78781 ], [ -93.13298, 32.78638 ], [ -93.16693, 32.71534 ], [ -93.17065, 32.61965 ], [ -93.1405, 32.595 ], [ -93.04729, 32.5928 ], [ -93.04244, 32.71242 ], [ -93.01132, 32.71167 ], [ -93.00837, 32.78342 ], [ -92.91492, 32.78112 ], [ -92.91795, 32.70937 ], [ -92.95308, 32.61446 ], [ -92.86087, 32.58819 ], [ -92.86293, 32.54033 ], [ -92.83396, 32.49168 ], [ -92.74088, 32.48924 ], [ -92.71093, 32.46448 ], [ -92.6179, 32.46195 ], [ -92.62342, 32.34227 ], [ -92.53055, 32.33968 ], [ -92.46632, 32.38578 ], [ -92.40319, 32.40792 ], [ -92.40084, 32.45578 ], [ -92.33403, 32.54966 ], [ -92.29935, 32.62049 ], [ -92.32802, 32.66926 ], [ -92.42131, 32.672 ], [ -92.41896, 32.71983 ], [ -92.3244, 32.741 ], [ -92.26337, 32.71522 ], [ -92.22978, 32.76209 ], [ -92.16752, 32.76017 ], [ -92.13257, 32.83092 ], [ -91.94562, 32.82492 ], [ -91.94295, 32.87272 ], [ -91.78707, 32.86751 ], [ -91.75311, 32.91423 ], [ -91.7461, 33.03369 ], [ -91.71486, 33.03261 ], [ -91.70636, 33.1759 ], [ -91.67506, 33.17481 ], [ -91.66503, 33.34191 ], [ -91.7207, 33.4634 ], [ -91.78216, 33.48939 ], [ -91.87101, 33.58797 ], [ -91.86689, 33.65952 ], [ -91.92993, 33.66159 ], [ -91.9245, 33.75697 ], [ -91.95472, 33.78184 ], [ -92.11259, 33.78683 ], [ -92.11, 33.83452 ], [ -92.2048, 33.83742 ], [ -92.20227, 33.8851 ], [ -92.2959, 33.91177 ], [ -92.29095, 34.00711 ], [ -92.38477, 34.0337 ], [ -92.41166, 34.12993 ], [ -92.40082, 34.34431 ], [ -92.43264, 34.34521 ], [ -92.42905, 34.41665 ] ], [ [ -95.65648, 33.13006 ], [ -95.53121, 33.12965 ], [ -95.53152, 33.08184 ], [ -95.62541, 33.08216 ], [ -95.65648, 33.13006 ] ], [ [ -95.75002, 33.24979 ], [ -95.71828, 33.3453 ], [ -95.65546, 33.34514 ], [ -95.62429, 33.29727 ], [ -95.65591, 33.24957 ], [ -95.75002, 33.24979 ] ], [ [ -95.65316, 33.82266 ], [ -95.58992, 33.82247 ], [ -95.58964, 33.87019 ], [ -95.52636, 33.86997 ], [ -95.52684, 33.79839 ], [ -95.59005, 33.79861 ], [ -95.59033, 33.75088 ], [ -95.62192, 33.75098 ], [ -95.62166, 33.79871 ], [ -95.65316, 33.82266 ] ], [ [ -94.42432, 33.62229 ], [ -94.42327, 33.67003 ], [ -94.32863, 33.6688 ], [ -94.32974, 33.62106 ], [ -94.42432, 33.62229 ] ] ], [ [ [ -95.30045, 34.322 ], [ -95.33139, 34.41749 ], [ -95.42704, 34.41796 ], [ -95.42801, 34.2988 ], [ -95.33229, 34.32217 ], [ -95.30045, 34.322 ] ] ], [ [ [ -90.15365, 32.58517 ], [ -90.15748, 32.53738 ], [ -90.0974, 32.51052 ], [ -90.0916, 32.5822 ], [ -90.15365, 32.58517 ] ] ], [ [ [ -87.49747, 33.17452 ], [ -87.61956, 33.20683 ], [ -87.62786, 33.13541 ], [ -87.53427, 33.12905 ], [ -87.49747, 33.17452 ] ] ], [ [ [ -80.91337, 33.99504 ], [ -80.88207, 33.99126 ], [ -80.85687, 34.10899 ], [ -80.87812, 34.15986 ], [ -80.94086, 34.16741 ], [ -80.99228, 34.077 ], [ -81.149, 34.0957 ], [ -81.19023, 34.0523 ], [ -81.16878, 34.00147 ], [ -81.18358, 33.93079 ], [ -80.96469, 33.9046 ], [ -80.91337, 33.99504 ] ] ], [ [ [ -92.65699, 34.99468 ], [ -92.52848, 34.99126 ], [ -92.55827, 35.03969 ], [ -92.5536, 35.13479 ], [ -92.58579, 35.13565 ], [ -92.58811, 35.0881 ], [ -92.65245, 35.0898 ], [ -92.65699, 34.99468 ] ] ] ] } },
{ "type": "Feature", "properties": { "ID": 46 }, "geometry": { "type": "MultiPolygon", "coordinates": [ [ [ [ -87.15878, 31.82803 ], [ -87.15017, 31.89968 ], [ -87.18083, 31.90192 ], [ -87.17511, 31.94968 ], [ -87.20579, 31.9519 ], [ -87.22004, 31.83248 ], [ -87.15878, 31.82803 ] ] ], [ [ [ -87.38706, 32.25374 ], [ -87.41508, 32.27977 ], [ -87.50757, 32.28624 ], [ -87.49648, 32.38168 ], [ -87.59185, 32.36422 ], [ -87.60007, 32.29263 ], [ -87.54667, 32.21678 ], [ -87.36188, 32.20383 ], [ -87.38706, 32.25374 ] ] ], [ [ [ -87.92358, 32.45868 ], [ -87.93149, 32.38709 ], [ -87.80796, 32.37888 ], [ -87.79993, 32.45047 ], [ -87.92358, 32.45868 ] ] ], [ [ [ -87.72613, 34.19636 ], [ -87.82114, 34.20256 ], [ -87.86541, 34.37288 ], [ -87.92891, 34.37695 ], [ -87.95256, 34.45019 ], [ -88.07172, 34.52943 ], [ -88.1672, 34.53536 ], [ -88.17246, 34.48788 ], [ -88.33153, 34.49761 ], [ -88.32636, 34.54509 ], [ -88.45373, 34.55273 ], [ -88.45881, 34.50524 ], [ -88.5911, 34.46525 ], [ -88.57427, 34.32085 ], [ -88.63776, 34.32457 ], [ -88.62291, 34.46711 ], [ -88.75261, 34.4507 ], [ -88.82105, 34.4068 ], [ -88.83309, 34.28799 ], [ -88.86483, 34.28978 ], [ -88.88154, 34.12338 ], [ -88.81822, 34.11979 ], [ -88.85944, 34.02647 ], [ -88.87135, 33.90754 ], [ -88.96606, 33.91288 ], [ -88.99295, 33.96223 ], [ -88.98358, 34.05737 ], [ -89.04454, 34.08466 ], [ -89.03755, 34.156 ], [ -89.1326, 34.16122 ], [ -89.1372, 34.11365 ], [ -89.54898, 34.1354 ], [ -89.53383, 34.30189 ], [ -89.69687, 34.26235 ], [ -89.73702, 34.16878 ], [ -89.83007, 34.19725 ], [ -89.81765, 34.33997 ], [ -89.913, 34.34459 ], [ -89.94885, 34.29855 ], [ -89.96101, 34.15581 ], [ -89.90169, 34.10517 ], [ -89.9281, 33.7957 ], [ -89.95965, 33.79722 ], [ -89.96769, 33.70195 ], [ -89.90469, 33.6989 ], [ -89.91885, 33.53213 ], [ -89.95028, 33.53365 ], [ -89.9563, 33.46215 ], [ -89.89957, 33.38759 ], [ -89.90361, 33.3399 ], [ -89.99765, 33.34448 ], [ -90.00162, 33.29679 ], [ -90.03295, 33.29829 ], [ -90.03689, 33.2506 ], [ -90.07604, 33.15668 ], [ -90.10925, 33.13431 ], [ -90.1209, 32.99114 ], [ -90.1521, 32.99262 ], [ -90.16747, 32.80163 ], [ -90.14021, 32.75239 ], [ -89.98672, 32.72102 ], [ -89.95961, 32.67173 ], [ -89.96753, 32.57618 ], [ -89.90749, 32.54922 ], [ -89.94246, 32.50297 ], [ -89.95038, 32.40737 ], [ -89.98526, 32.36109 ], [ -89.99507, 32.24153 ], [ -89.96419, 32.24001 ], [ -89.97402, 32.12042 ], [ -90.04537, 32.00382 ], [ -90.05696, 31.8602 ], [ -90.02624, 31.85869 ], [ -90.03592, 31.73896 ], [ -90.09725, 31.74197 ], [ -90.09916, 31.71801 ], [ -90.00719, 31.7135 ], [ -89.9231, 31.6131 ], [ -89.92507, 31.58915 ], [ -89.86386, 31.58606 ], [ -89.85989, 31.63397 ], [ -89.79665, 31.6548 ], [ -89.78861, 31.75059 ], [ -89.69662, 31.74584 ], [ -89.65774, 31.84 ], [ -89.59634, 31.83678 ], [ -89.55729, 31.93088 ], [ -89.54681, 32.05051 ], [ -89.45446, 32.04558 ], [ -89.45871, 31.99774 ], [ -89.36644, 31.99274 ], [ -89.36212, 32.04058 ], [ -89.20825, 32.0321 ], [ -89.12265, 31.95516 ], [ -89.16006, 31.88513 ], [ -89.16892, 31.78942 ], [ -89.14048, 31.76376 ], [ -89.07917, 31.76027 ], [ -88.89066, 31.79748 ], [ -88.86058, 32.10837 ], [ -88.82044, 32.20217 ], [ -88.72558, 32.22058 ], [ -88.63308, 32.21504 ], [ -88.62827, 32.26282 ], [ -88.47403, 32.25342 ], [ -88.45188, 32.46832 ], [ -88.34907, 32.55804 ], [ -88.33401, 32.70119 ], [ -88.29793, 32.74696 ], [ -88.17375, 32.73913 ], [ -88.11425, 32.71132 ], [ -88.12717, 32.59206 ], [ -88.09619, 32.59007 ], [ -88.01112, 32.51248 ], [ -87.88736, 32.50436 ], [ -87.82014, 32.54796 ], [ -87.81479, 32.59566 ], [ -87.72188, 32.58943 ], [ -87.71645, 32.63712 ], [ -87.59252, 32.6287 ], [ -87.53611, 32.57676 ], [ -87.51349, 32.50308 ], [ -87.45165, 32.49879 ], [ -87.46003, 32.42724 ], [ -87.36737, 32.42074 ], [ -87.42634, 32.44893 ], [ -87.38418, 32.54215 ], [ -87.34191, 32.63533 ], [ -87.27996, 32.63095 ], [ -87.24326, 32.67641 ], [ -87.23463, 32.7479 ], [ -87.19784, 32.79334 ], [ -87.01165, 32.77989 ], [ -86.86254, 32.72083 ], [ -86.73857, 32.71155 ], [ -86.74464, 32.66391 ], [ -86.62078, 32.65452 ], [ -86.49384, 32.66881 ], [ -86.42565, 32.71163 ], [ -86.41936, 32.75924 ], [ -86.29539, 32.74953 ], [ -86.30175, 32.70191 ], [ -86.21206, 32.67074 ], [ -86.11921, 32.66331 ], [ -86.09151, 32.63701 ], [ -85.99871, 32.62948 ], [ -86.05732, 32.65831 ], [ -86.04427, 32.75351 ], [ -85.96915, 32.84365 ], [ -85.84509, 32.83348 ], [ -85.78978, 32.78077 ], [ -85.8065, 32.66181 ], [ -85.77891, 32.63544 ], [ -85.50069, 32.61195 ], [ -85.38057, 32.57751 ], [ -85.31531, 32.59593 ], [ -85.30481, 32.66729 ], [ -85.32874, 32.71754 ], [ -85.36317, 32.69644 ], [ -85.45598, 32.70445 ], [ -85.46289, 32.65687 ], [ -85.67939, 32.67527 ], [ -85.70696, 32.70166 ], [ -85.69345, 32.79681 ], [ -85.75543, 32.80198 ], [ -85.74533, 32.87333 ], [ -85.65227, 32.86555 ], [ -85.59366, 32.83655 ], [ -85.60049, 32.78898 ], [ -85.50755, 32.78109 ], [ -85.46967, 32.826 ], [ -85.34221, 32.8391 ], [ -85.32524, 32.74132 ], [ -85.29077, 32.7624 ], [ -85.1979, 32.75427 ], [ -85.21206, 32.65917 ], [ -85.24297, 32.66188 ], [ -85.12289, 32.6272 ], [ -85.11576, 32.67476 ], [ -85.04676, 32.7168 ], [ -84.99212, 32.66373 ], [ -84.94673, 32.75603 ], [ -85.00862, 32.76158 ], [ -85.09075, 32.84115 ], [ -85.07999, 32.91243 ], [ -85.00351, 33.00194 ], [ -84.87932, 32.99081 ], [ -84.84094, 33.0355 ], [ -84.82255, 33.1542 ], [ -84.98382, 33.33708 ], [ -85.10862, 33.3481 ], [ -85.17461, 33.32983 ], [ -85.25123, 33.24029 ], [ -85.26186, 33.16905 ], [ -85.1996, 33.16364 ], [ -85.27601, 33.07405 ], [ -85.2866, 33.00277 ], [ -85.37979, 33.01083 ], [ -85.50754, 32.99769 ], [ -85.50063, 33.04522 ], [ -85.40738, 33.03726 ], [ -85.42453, 33.13496 ], [ -85.38991, 33.15605 ], [ -85.38291, 33.20355 ], [ -85.56986, 33.21943 ], [ -85.60789, 33.17454 ], [ -85.62159, 33.0795 ], [ -85.77715, 33.09246 ], [ -85.78389, 33.04492 ], [ -85.87719, 33.0526 ], [ -85.83605, 33.12136 ], [ -85.81926, 33.24018 ], [ -85.91283, 33.24783 ], [ -86.03431, 33.28168 ], [ -86.02443, 33.35296 ], [ -85.95198, 33.41919 ], [ -85.94199, 33.49044 ], [ -85.90066, 33.55914 ], [ -86.01604, 33.64046 ], [ -86.03748, 33.71419 ], [ -86.09699, 33.74291 ], [ -86.25407, 33.75526 ], [ -86.23784, 33.87394 ], [ -86.33227, 33.88126 ], [ -86.44583, 33.74607 ], [ -86.45218, 33.69857 ], [ -86.59033, 33.6131 ], [ -86.68137, 33.64392 ], [ -86.66586, 33.76268 ], [ -86.5936, 33.82921 ], [ -86.58105, 33.92418 ], [ -86.51171, 33.9669 ], [ -86.5022, 34.0381 ], [ -86.55901, 34.09031 ], [ -86.54954, 34.16149 ], [ -86.57484, 34.2113 ], [ -86.66976, 34.21836 ], [ -86.66663, 34.24209 ], [ -86.88825, 34.25829 ], [ -86.86271, 34.20855 ], [ -86.926, 34.21312 ], [ -86.93207, 34.16566 ], [ -87.07055, 34.07975 ], [ -87.19694, 34.08866 ], [ -87.20282, 34.04117 ], [ -87.32916, 34.04995 ], [ -87.39522, 34.03054 ], [ -87.61633, 34.04548 ], [ -87.67674, 34.07343 ], [ -87.6656, 34.16844 ], [ -87.69169, 34.21802 ], [ -87.72336, 34.22011 ], [ -87.72613, 34.19636 ] ], [ [ -89.8805, 32.49989 ], [ -89.84549, 32.54613 ], [ -89.78756, 32.49523 ], [ -89.69463, 32.49049 ], [ -89.70493, 32.371 ], [ -89.89049, 32.3804 ], [ -89.8805, 32.49989 ] ], [ [ -88.52838, 33.2409 ], [ -88.46833, 33.21329 ], [ -88.37458, 33.20757 ], [ -88.31716, 33.15607 ], [ -88.32476, 33.08459 ], [ -88.29864, 33.03499 ], [ -88.42335, 33.04269 ], [ -88.44706, 33.11609 ], [ -88.50949, 33.11988 ], [ -88.53578, 33.16942 ], [ -88.52838, 33.2409 ] ], [ [ -88.99525, 33.29206 ], [ -88.92797, 33.33617 ], [ -88.80271, 33.32899 ], [ -88.77618, 33.27952 ], [ -88.79286, 33.11271 ], [ -88.83118, 33.043 ], [ -88.98715, 33.05193 ], [ -88.99177, 33.00424 ], [ -89.11649, 33.01124 ], [ -89.17661, 33.03855 ], [ -89.20333, 33.08796 ], [ -89.1921, 33.20717 ], [ -89.22337, 33.20888 ], [ -89.21215, 33.32805 ], [ -89.13588, 33.46757 ], [ -89.07312, 33.4641 ], [ -89.03713, 33.50998 ], [ -88.98365, 33.41119 ], [ -88.99525, 33.29206 ] ], [ [ -87.49747, 33.17452 ], [ -87.53427, 33.12905 ], [ -87.62786, 33.13541 ], [ -87.61956, 33.20683 ], [ -87.49747, 33.17452 ] ], [ [ -87.08896, 33.16983 ], [ -87.21376, 33.17874 ], [ -87.23628, 33.25234 ], [ -87.19923, 33.29771 ], [ -87.13673, 33.29327 ], [ -87.08307, 33.21742 ], [ -87.08896, 33.16983 ] ], [ [ -87.87904, 34.25415 ], [ -87.88448, 34.20665 ], [ -88.01119, 34.21474 ], [ -88.00584, 34.26224 ], [ -87.87904, 34.25415 ] ], [ [ -86.09974, 32.8061 ], [ -86.21737, 32.86361 ], [ -86.21093, 32.91119 ], [ -86.11778, 32.90376 ], [ -86.02791, 32.87247 ], [ -86.03446, 32.82489 ], [ -86.09974, 32.8061 ] ], [ [ -86.70198, 32.99724 ], [ -86.7081, 32.94964 ], [ -86.80138, 32.95663 ], [ -86.79532, 33.00423 ], [ -86.70198, 32.99724 ] ], [ [ -86.40581, 33.33497 ], [ -86.39946, 33.38251 ], [ -86.30567, 33.37523 ], [ -86.24961, 33.32281 ], [ -86.2657, 33.20396 ], [ -86.32169, 33.25639 ], [ -86.44338, 33.28984 ], [ -86.40581, 33.33497 ] ], [ [ -86.59021, 33.37309 ], [ -86.65275, 33.37781 ], [ -86.67476, 33.45147 ], [ -86.61215, 33.44676 ], [ -86.59021, 33.37309 ] ] ], [ [ [ -89.11878, 34.30387 ], [ -89.05528, 34.30039 ], [ -89.03659, 34.49051 ], [ -89.13209, 34.49572 ], [ -89.16853, 34.44991 ], [ -89.17999, 34.33108 ], [ -89.11878, 34.30387 ] ] ], [ [ [ -85.36717, 34.16305 ], [ -85.30403, 34.1577 ], [ -85.29687, 34.20508 ], [ -85.32846, 34.20776 ], [ -85.32131, 34.25513 ], [ -85.38454, 34.26048 ], [ -85.39164, 34.2131 ], [ -85.36005, 34.21043 ], [ -85.36717, 34.16305 ] ] ], [ [ [ -85.86458, 34.70729 ], [ -85.85775, 34.75464 ], [ -85.95332, 34.76223 ], [ -85.94993, 34.7859 ], [ -86.01368, 34.79093 ], [ -86.01705, 34.76725 ], [ -85.98518, 34.76475 ], [ -85.98856, 34.74107 ], [ -86.05227, 34.74607 ], [ -86.0305, 34.67254 ], [ -85.90323, 34.66247 ], [ -85.86458, 34.70729 ] ] ], [ [ [ -85.29779, 32.71485 ], [ -85.30481, 32.66729 ], [ -85.24297, 32.66188 ], [ -85.29779, 32.71485 ] ] ], [ [ [ -80.54669, 33.32115 ], [ -80.58276, 33.30145 ], [ -80.55179, 33.29757 ], [ -80.54669, 33.32115 ] ] ], [ [ [ -80.55263, 33.58815 ], [ -80.53727, 33.65882 ], [ -80.58933, 33.71367 ], [ -80.65164, 33.72138 ], [ -80.69803, 33.65454 ], [ -80.79145, 33.66602 ], [ -80.82665, 33.50102 ], [ -80.76954, 33.46982 ], [ -80.67638, 33.45833 ], [ -80.59851, 33.37604 ], [ -80.56795, 33.51746 ], [ -80.58373, 33.59202 ], [ -80.55263, 33.58815 ] ] ], [ [ [ -78.85124, 34.67322 ], [ -78.86547, 34.74777 ], [ -78.96002, 34.76057 ], [ -78.98583, 34.78825 ], [ -79.14357, 34.8094 ], [ -79.19538, 34.86467 ], [ -79.35335, 34.88556 ], [ -79.37936, 34.91315 ], [ -79.47423, 34.92557 ], [ -79.48916, 35.0 ], [ -79.58417, 35.01234 ], [ -79.61031, 35.03987 ], [ -79.70539, 35.05212 ], [ -79.77428, 35.03679 ], [ -79.78523, 34.9899 ], [ -79.91196, 35.00604 ], [ -79.96531, 34.91623 ], [ -79.9869, 34.82237 ], [ -80.02927, 34.77943 ], [ -80.12407, 34.79137 ], [ -80.16138, 34.62702 ], [ -80.20353, 34.58401 ], [ -80.2981, 34.59582 ], [ -80.36641, 34.58017 ], [ -80.49223, 34.45085 ], [ -80.50262, 34.40383 ], [ -80.5707, 34.38806 ], [ -80.6176, 34.32136 ], [ -80.74332, 34.3367 ], [ -80.79511, 34.2464 ], [ -81.01499, 34.27286 ], [ -80.99995, 34.34347 ], [ -80.95843, 34.38677 ], [ -80.86403, 34.37544 ], [ -80.81733, 34.44222 ], [ -80.91181, 34.45358 ], [ -80.90169, 34.50063 ], [ -81.00129, 34.4884 ], [ -81.15892, 34.50707 ], [ -81.2486, 34.54171 ], [ -81.26532, 34.61599 ], [ -81.24549, 34.71009 ], [ -81.36712, 34.74832 ], [ -81.34739, 34.84241 ], [ -81.34245, 34.86593 ], [ -81.39109, 34.9438 ], [ -81.37134, 35.03786 ], [ -81.42506, 35.09218 ], [ -81.45195, 35.11933 ], [ -81.51561, 35.12658 ], [ -81.56952, 35.18083 ], [ -81.61599, 35.11389 ], [ -81.71151, 35.12464 ], [ -81.72117, 35.0776 ], [ -81.88032, 35.09536 ], [ -81.94875, 35.07887 ], [ -81.97109, 35.12944 ], [ -82.03481, 35.13644 ], [ -82.0537, 35.04231 ], [ -81.99006, 35.03531 ], [ -82.01371, 34.91763 ], [ -82.04547, 34.92112 ], [ -82.05959, 34.85049 ], [ -82.02785, 34.847 ], [ -82.05606, 34.7057 ], [ -82.0244, 34.70221 ], [ -82.04787, 34.58442 ], [ -82.12043, 34.54427 ], [ -82.12975, 34.49713 ], [ -82.20217, 34.45692 ], [ -82.29688, 34.46725 ], [ -82.30607, 34.42009 ], [ -82.37375, 34.40336 ], [ -82.53154, 34.42033 ], [ -82.54056, 34.37315 ], [ -82.61263, 34.33269 ], [ -82.73877, 34.34604 ], [ -82.7836, 34.27856 ], [ -82.92281, 34.22091 ], [ -83.07474, 34.09224 ], [ -83.09198, 33.99773 ], [ -83.02918, 33.99124 ], [ -83.05076, 33.87308 ], [ -83.0821, 33.87632 ], [ -83.11212, 33.71082 ], [ -83.20598, 33.72049 ], [ -83.19322, 33.79144 ], [ -83.25586, 33.79785 ], [ -83.27449, 33.87198 ], [ -83.32456, 33.94929 ], [ -83.41875, 33.95879 ], [ -83.43131, 33.88785 ], [ -83.37698, 33.83423 ], [ -83.44803, 33.79325 ], [ -83.56683, 33.66069 ], [ -83.57508, 33.61335 ], [ -83.66886, 33.62268 ], [ -83.74766, 33.53415 ], [ -83.75577, 33.48679 ], [ -83.82626, 33.44555 ], [ -83.91985, 33.45469 ], [ -83.99815, 33.36596 ], [ -84.01004, 33.29486 ], [ -84.04908, 33.25046 ], [ -84.11132, 33.25646 ], [ -84.19695, 33.12013 ], [ -84.29018, 33.129 ], [ -84.29789, 33.08155 ], [ -84.45321, 33.09617 ], [ -84.4684, 33.00124 ], [ -84.53801, 32.95955 ], [ -84.48356, 32.90628 ], [ -84.49489, 32.83505 ], [ -84.43298, 32.82924 ], [ -84.41778, 32.92421 ], [ -84.37914, 32.96877 ], [ -84.28612, 32.95996 ], [ -84.27841, 33.00742 ], [ -84.15433, 32.99556 ], [ -84.1155, 33.04003 ], [ -84.13091, 33.13789 ], [ -84.00663, 33.12589 ], [ -83.99872, 33.17331 ], [ -83.90548, 33.16422 ], [ -83.81627, 33.13136 ], [ -83.7743, 33.00667 ], [ -83.79036, 32.9118 ], [ -83.72037, 32.95307 ], [ -83.65842, 32.94688 ], [ -83.63963, 32.87263 ], [ -83.55091, 32.83955 ], [ -83.42723, 32.82695 ], [ -83.40244, 32.9692 ], [ -83.43341, 32.97237 ], [ -83.38366, 33.25671 ], [ -83.34421, 33.3009 ], [ -83.25089, 33.29132 ], [ -83.19714, 33.23754 ], [ -83.17875, 33.16328 ], [ -83.12091, 33.13313 ], [ -83.02783, 33.12338 ], [ -83.00109, 33.09644 ], [ -82.90808, 33.0866 ], [ -82.91669, 33.03924 ], [ -82.85906, 33.00896 ], [ -82.70427, 32.99234 ], [ -82.63359, 33.03299 ], [ -82.61599, 33.12767 ], [ -82.57614, 33.17163 ], [ -82.51411, 33.16487 ], [ -82.47418, 33.20879 ], [ -82.4608, 33.27976 ], [ -82.52732, 33.43182 ], [ -82.55845, 33.4352 ], [ -82.5362, 33.55341 ], [ -82.50501, 33.55003 ], [ -82.48263, 33.66819 ], [ -82.51387, 33.67158 ], [ -82.48248, 33.83695 ], [ -82.43313, 33.92801 ], [ -82.36137, 33.96841 ], [ -82.26732, 33.95811 ], [ -82.25816, 34.00532 ], [ -82.16407, 33.99495 ], [ -82.09209, 34.03518 ], [ -82.06887, 34.15313 ], [ -82.12246, 34.20727 ], [ -82.02345, 34.22038 ], [ -81.86623, 34.20277 ], [ -81.81584, 34.29351 ], [ -81.68997, 34.27924 ], [ -81.62225, 34.29561 ], [ -81.64146, 34.20136 ], [ -81.58344, 34.17058 ], [ -81.59786, 34.09988 ], [ -81.57611, 34.04912 ], [ -81.59531, 33.95482 ], [ -81.64097, 33.88768 ], [ -81.42204, 33.86229 ], [ -81.38592, 33.88221 ], [ -81.33801, 33.80414 ], [ -81.24432, 33.79307 ], [ -81.23271, 33.69506 ], [ -81.25716, 33.57714 ], [ -81.1949, 33.56973 ], [ -81.1785, 33.49524 ], [ -81.11632, 33.48779 ], [ -81.10001, 33.41328 ], [ -81.03791, 33.40579 ], [ -80.99696, 33.44921 ], [ -81.01317, 33.52372 ], [ -80.99331, 33.61804 ], [ -80.94223, 33.70855 ], [ -81.00458, 33.71609 ], [ -80.98466, 33.81036 ], [ -80.81853, 33.83856 ], [ -80.82861, 33.79144 ], [ -80.72995, 33.80355 ], [ -80.63636, 33.79204 ], [ -80.59494, 33.83528 ], [ -80.5428, 33.78045 ], [ -80.55817, 33.7098 ], [ -80.53727, 33.65882 ], [ -80.46988, 33.6746 ], [ -80.41795, 33.6197 ], [ -80.40245, 33.69035 ], [ -80.27258, 33.84335 ], [ -80.11665, 33.82355 ], [ -80.03841, 33.88615 ], [ -79.82009, 33.85797 ], [ -79.80505, 33.78337 ], [ -79.74817, 33.75173 ], [ -79.7858, 33.58707 ], [ -79.84792, 33.59519 ], [ -79.89498, 33.52863 ], [ -79.96236, 33.51315 ], [ -79.97295, 33.46607 ], [ -79.81792, 33.44588 ], [ -79.72908, 33.5554 ], [ -79.66161, 33.57076 ], [ -79.65079, 33.6178 ], [ -79.56692, 33.70365 ], [ -79.53583, 33.69953 ], [ -79.46462, 34.00502 ], [ -79.34531, 33.96492 ], [ -79.3252, 33.91377 ], [ -79.25731, 33.92889 ], [ -79.1638, 33.91628 ], [ -79.1526, 33.96324 ], [ -79.05907, 33.95056 ], [ -79.0478, 33.9975 ], [ -78.91739, 34.00394 ], [ -78.93722, 34.05514 ], [ -78.92017, 34.12552 ], [ -78.97131, 34.18096 ], [ -78.94287, 34.29823 ], [ -78.8887, 34.38774 ], [ -78.90291, 34.46234 ], [ -78.84014, 34.45377 ], [ -78.81713, 34.5475 ], [ -78.84856, 34.55179 ], [ -78.84281, 34.57522 ], [ -78.81137, 34.57093 ], [ -78.78829, 34.66463 ], [ -78.85124, 34.67322 ] ], [ [ -80.91337, 33.99504 ], [ -80.96469, 33.9046 ], [ -81.18358, 33.93079 ], [ -81.16878, 34.00147 ], [ -81.19023, 34.0523 ], [ -81.149, 34.0957 ], [ -80.99228, 34.077 ], [ -80.94086, 34.16741 ], [ -80.87812, 34.15986 ], [ -80.85687, 34.10899 ], [ -80.88207, 33.99126 ], [ -80.91337, 33.99504 ] ] ], [ [ [ -79.00658, 35.63704 ], [ -79.05312, 35.71564 ], [ -79.12281, 35.70069 ], [ -79.13431, 35.65392 ], [ -79.20963, 35.61554 ], [ -79.33737, 35.63222 ], [ -79.31679, 35.58127 ], [ -79.3338, 35.51107 ], [ -79.17441, 35.49018 ], [ -79.1687, 35.51358 ], [ -79.00936, 35.49249 ], [ -78.96593, 35.53502 ], [ -78.94274, 35.62855 ], [ -79.00658, 35.63704 ] ] ], [ [ [ -77.44186, 35.92789 ], [ -77.45482, 36.00238 ], [ -77.51882, 36.0116 ], [ -77.49984, 36.08147 ], [ -77.5576, 36.11395 ], [ -77.53231, 36.20711 ], [ -77.59651, 36.21628 ], [ -77.60969, 36.29072 ], [ -77.732, 36.33224 ], [ -77.76333, 36.21578 ], [ -77.75625, 36.11805 ], [ -77.8897, 35.99178 ], [ -77.96608, 35.95415 ], [ -78.05463, 35.86982 ], [ -78.14447, 35.90652 ], [ -78.3045, 35.92866 ], [ -78.37456, 35.91412 ], [ -78.39261, 35.84409 ], [ -78.32865, 35.8353 ], [ -78.2768, 35.77981 ], [ -78.263, 35.70536 ], [ -78.08382, 35.63203 ], [ -77.98824, 35.6186 ], [ -77.99437, 35.59526 ], [ -77.83521, 35.57273 ], [ -77.70174, 35.57789 ], [ -77.58128, 35.65744 ], [ -77.4735, 35.8114 ], [ -77.44186, 35.92789 ] ] ] ] } },
{ "type": "Feature", "properties": { "ID": 47 }, "geometry": { "type": "MultiPolygon", "coordinates": [ [ [ [ -94.61648, 31.82955 ], [ -94.5848, 31.87717 ], [ -94.58342, 31.94912 ], [ -94.67585, 31.95016 ], [ -94.70708, 31.92651 ], [ -94.678, 31.83024 ], [ -94.61648, 31.82955 ] ] ], [ [ [ -92.11624, 31.96741 ], [ -92.20863, 31.97032 ], [ -92.21109, 31.92239 ], [ -92.11876, 31.91948 ], [ -92.11624, 31.96741 ] ] ], [ [ [ -91.65268, 32.50348 ], [ -91.74433, 32.53066 ], [ -91.83742, 32.53385 ], [ -91.82786, 32.70125 ], [ -91.89006, 32.70334 ], [ -91.88466, 32.79896 ], [ -91.79123, 32.79581 ], [ -91.78846, 32.84361 ], [ -91.81962, 32.84467 ], [ -91.81825, 32.86857 ], [ -91.94295, 32.87272 ], [ -91.94562, 32.82492 ], [ -92.13257, 32.83092 ], [ -92.16752, 32.76017 ], [ -92.22978, 32.76209 ], [ -92.26337, 32.71522 ], [ -92.3244, 32.741 ], [ -92.41896, 32.71983 ], [ -92.42131, 32.672 ], [ -92.32802, 32.66926 ], [ -92.29935, 32.62049 ], [ -92.33403, 32.54966 ], [ -92.33883, 32.45395 ], [ -92.40084, 32.45578 ], [ -92.40319, 32.40792 ], [ -92.46632, 32.38578 ], [ -92.2495, 32.37934 ], [ -92.25195, 32.33147 ], [ -92.1591, 32.3286 ], [ -92.16161, 32.28072 ], [ -92.07011, 32.25383 ], [ -92.03272, 32.37252 ], [ -91.96816, 32.41836 ], [ -91.96552, 32.46622 ], [ -91.87251, 32.46312 ], [ -91.88731, 32.19985 ], [ -91.82553, 32.19776 ], [ -91.82281, 32.24564 ], [ -91.69918, 32.24135 ], [ -91.70618, 32.12165 ], [ -91.67533, 32.12056 ], [ -91.64589, 32.09551 ], [ -91.55337, 32.09218 ], [ -91.54321, 32.25976 ], [ -91.60503, 32.262 ], [ -91.66262, 32.336 ], [ -91.65836, 32.40779 ], [ -91.65268, 32.50348 ] ] ], [ [ [ -92.91795, 32.70937 ], [ -92.91492, 32.78112 ], [ -93.00837, 32.78342 ], [ -93.01132, 32.71167 ], [ -92.91795, 32.70937 ] ] ], [ [ [ -95.96972, 32.96317 ], [ -96.03219, 32.91533 ], [ -96.00096, 32.84358 ], [ -96.00096, 32.91534 ], [ -95.96974, 32.91533 ], [ -95.96972, 32.96317 ] ] ], [ [ [ -93.17065, 32.61965 ], [ -93.16693, 32.71534 ], [ -93.13298, 32.78638 ], [ -93.19529, 32.78781 ], [ -93.2228, 32.88416 ], [ -93.34759, 32.8869 ], [ -93.47156, 32.91343 ], [ -93.46405, 33.12855 ], [ -93.37013, 33.1266 ], [ -93.33619, 33.19761 ], [ -93.3309, 33.34093 ], [ -93.45649, 33.34356 ], [ -93.44973, 33.53457 ], [ -93.51269, 33.53584 ], [ -93.54091, 33.63193 ], [ -93.63548, 33.63375 ], [ -93.66624, 33.65821 ], [ -93.66157, 33.80137 ], [ -93.78797, 33.80366 ], [ -93.91508, 33.78197 ], [ -93.91369, 33.82968 ], [ -94.04016, 33.83172 ], [ -94.04147, 33.784 ], [ -94.16785, 33.78591 ], [ -94.16907, 33.73819 ], [ -94.23399, 33.6675 ], [ -94.23634, 33.57202 ], [ -94.42537, 33.57454 ], [ -94.42903, 33.40739 ], [ -94.49239, 33.38428 ], [ -94.61992, 33.29018 ], [ -94.58994, 33.21815 ], [ -94.5918, 33.12255 ], [ -94.59412, 33.00302 ], [ -94.5316, 33.0023 ], [ -94.47161, 32.88198 ], [ -94.59644, 32.88346 ], [ -94.62855, 32.83597 ], [ -94.63035, 32.74027 ], [ -94.56806, 32.73957 ], [ -94.50724, 32.66704 ], [ -94.51066, 32.49948 ], [ -94.32715, 32.37736 ], [ -94.29838, 32.28112 ], [ -94.20554, 32.27979 ], [ -94.20612, 32.25584 ], [ -93.98957, 32.25247 ], [ -93.99088, 32.20456 ], [ -93.86722, 32.20246 ], [ -93.86583, 32.25038 ], [ -93.68024, 32.247 ], [ -93.67872, 32.29491 ], [ -93.61527, 32.34162 ], [ -93.67721, 32.34281 ], [ -93.67645, 32.36675 ], [ -93.83136, 32.36959 ], [ -93.82852, 32.46537 ], [ -93.89057, 32.46645 ], [ -93.76428, 32.53607 ], [ -93.76281, 32.58394 ], [ -93.79389, 32.5845 ], [ -93.79171, 32.6563 ], [ -93.82282, 32.65685 ], [ -93.82139, 32.7047 ], [ -93.88364, 32.70579 ], [ -93.87527, 32.99278 ], [ -93.84402, 32.99224 ], [ -93.8376, 33.20734 ], [ -93.80481, 33.25458 ], [ -93.74208, 33.25346 ], [ -93.67398, 33.41949 ], [ -93.68243, 33.15673 ], [ -93.7145, 33.13342 ], [ -93.71903, 32.99 ], [ -93.78371, 32.91941 ], [ -93.79026, 32.70415 ], [ -93.75914, 32.70359 ], [ -93.76134, 32.6318 ], [ -93.66806, 32.63007 ], [ -93.66959, 32.58221 ], [ -93.54531, 32.5798 ], [ -93.5437, 32.62766 ], [ -93.41934, 32.62511 ], [ -93.42103, 32.57725 ], [ -93.29676, 32.57459 ], [ -93.29499, 32.62244 ], [ -93.17065, 32.61965 ] ] ], [ [ [ -95.75002, 33.24979 ], [ -95.62454, 33.24948 ], [ -95.62429, 33.29727 ], [ -95.65546, 33.34514 ], [ -95.71828, 33.3453 ], [ -95.75002, 33.24979 ] ] ], [ [ [ -95.58992, 33.82247 ], [ -95.62154, 33.82257 ], [ -95.62192, 33.75098 ], [ -95.59033, 33.75088 ], [ -95.58992, 33.82247 ] ] ], [ [ [ -91.23355, 33.68481 ], [ -91.22083, 33.87548 ], [ -91.24926, 33.92434 ], [ -91.34414, 33.92789 ], [ -91.46612, 34.00399 ], [ -91.49327, 34.07659 ], [ -91.58836, 34.07995 ], [ -91.58541, 34.12759 ], [ -91.71086, 34.15579 ], [ -91.90129, 34.16211 ], [ -91.90404, 34.11447 ], [ -91.9992, 34.11752 ], [ -92.0256, 34.21381 ], [ -92.1196, 34.24059 ], [ -92.10916, 34.43108 ], [ -92.0441, 34.45292 ], [ -92.04144, 34.50052 ], [ -91.97223, 34.59371 ], [ -91.90836, 34.59167 ], [ -91.90421, 34.66305 ], [ -91.83466, 34.75613 ], [ -91.73864, 34.75296 ], [ -91.73576, 34.80052 ], [ -91.63969, 34.79728 ], [ -91.57265, 34.84263 ], [ -91.53608, 34.91284 ], [ -91.46887, 34.95813 ], [ -91.37259, 34.95468 ], [ -91.30045, 35.07117 ], [ -91.29406, 35.16621 ], [ -91.25865, 35.21253 ], [ -91.19424, 35.21014 ], [ -91.15875, 35.25643 ], [ -91.1505, 35.37517 ], [ -91.04183, 35.53766 ], [ -91.00265, 35.63134 ], [ -90.92919, 35.74745 ], [ -90.86429, 35.74489 ], [ -90.82475, 35.83848 ], [ -90.81764, 35.93333 ], [ -90.78331, 35.95574 ], [ -90.77613, 36.05058 ], [ -90.70549, 36.11905 ], [ -90.66552, 36.21252 ], [ -90.66, 36.2836 ], [ -90.75809, 36.28758 ], [ -90.90475, 36.07945 ], [ -90.90825, 36.03203 ], [ -91.00773, 36.01211 ], [ -91.07965, 35.91974 ], [ -91.08303, 35.8723 ], [ -91.21636, 35.82972 ], [ -91.28459, 35.78465 ], [ -91.32187, 35.71465 ], [ -91.38676, 35.71698 ], [ -91.42547, 35.6232 ], [ -91.58748, 35.62883 ], [ -91.61989, 35.62993 ], [ -91.62737, 35.51123 ], [ -91.65972, 35.51232 ], [ -91.6686, 35.36984 ], [ -91.70088, 35.37092 ], [ -91.71112, 35.20463 ], [ -91.74333, 35.2057 ], [ -91.81345, 35.11277 ], [ -91.94351, 35.09313 ], [ -91.94626, 35.0456 ], [ -92.20342, 35.05347 ], [ -92.30113, 35.03252 ], [ -92.40608, 34.8688 ], [ -92.40852, 34.82123 ], [ -92.50465, 34.8239 ], [ -92.5082, 34.75253 ], [ -92.44417, 34.75076 ], [ -92.417, 34.65469 ], [ -92.43264, 34.34521 ], [ -92.40082, 34.34431 ], [ -92.41166, 34.12993 ], [ -92.38477, 34.0337 ], [ -92.29095, 34.00711 ], [ -92.2959, 33.91177 ], [ -92.20227, 33.8851 ], [ -92.2048, 33.83742 ], [ -92.11, 33.83452 ], [ -92.11259, 33.78683 ], [ -91.95472, 33.78184 ], [ -91.9245, 33.75697 ], [ -91.92993, 33.66159 ], [ -91.86689, 33.65952 ], [ -91.87101, 33.58797 ], [ -91.78216, 33.48939 ], [ -91.7207, 33.4634 ], [ -91.66503, 33.34191 ], [ -91.67506, 33.17481 ], [ -91.70636, 33.1759 ], [ -91.71486, 33.03261 ], [ -91.7461, 33.03369 ], [ -91.75031, 32.96202 ], [ -91.65667, 32.95877 ], [ -91.58698, 33.07599 ], [ -91.57823, 33.21925 ], [ -91.51114, 33.28862 ], [ -91.50519, 33.38408 ], [ -91.34515, 33.42604 ], [ -91.33742, 33.5453 ], [ -91.27608, 33.51909 ], [ -91.23355, 33.68481 ] ] ], [ [ [ -91.09565, 32.00261 ], [ -91.09246, 32.0505 ], [ -90.96429, 32.11729 ], [ -90.96101, 32.16516 ], [ -90.98861, 32.21429 ], [ -91.14304, 32.22053 ], [ -91.18021, 32.12601 ], [ -91.11852, 32.12356 ], [ -91.12645, 32.00384 ], [ -91.09565, 32.00261 ] ] ], [ [ [ -90.87927, 32.44968 ], [ -90.84492, 32.4962 ], [ -90.87256, 32.54532 ], [ -90.96563, 32.54917 ], [ -90.97221, 32.45352 ], [ -90.91524, 32.37922 ], [ -90.91856, 32.33138 ], [ -90.82577, 32.32749 ], [ -90.819, 32.42316 ], [ -90.87927, 32.44968 ] ] ], [ [ [ -90.09978, 34.40119 ], [ -90.0978, 34.42497 ], [ -90.15949, 34.4517 ], [ -90.15556, 34.49926 ], [ -90.28302, 34.50506 ], [ -90.31871, 34.45893 ], [ -90.34533, 34.12585 ], [ -90.37703, 34.12727 ], [ -90.39018, 33.96062 ], [ -90.35855, 33.9592 ], [ -90.36796, 33.84013 ], [ -90.33639, 33.83871 ], [ -90.34958, 33.67194 ], [ -90.29986, 33.50225 ], [ -90.36644, 33.45743 ], [ -90.40341, 33.38731 ], [ -90.41082, 33.29191 ], [ -90.44583, 33.2456 ], [ -90.53978, 33.24977 ], [ -90.57468, 33.20342 ], [ -90.48444, 33.15156 ], [ -90.49535, 33.00836 ], [ -90.53017, 32.96199 ], [ -90.59255, 32.96474 ], [ -90.66198, 32.87193 ], [ -90.66549, 32.82416 ], [ -90.76235, 32.78038 ], [ -90.82629, 32.75912 ], [ -90.83308, 32.66354 ], [ -90.70881, 32.65826 ], [ -90.70185, 32.75383 ], [ -90.63964, 32.75115 ], [ -90.581, 32.70064 ], [ -90.55528, 32.62759 ], [ -90.58988, 32.58116 ], [ -90.74504, 32.58789 ], [ -90.75192, 32.49226 ], [ -90.78804, 32.42185 ], [ -90.7605, 32.3727 ], [ -90.69514, 32.41787 ], [ -90.54034, 32.41107 ], [ -90.50219, 32.50532 ], [ -90.40921, 32.50112 ], [ -90.37084, 32.59531 ], [ -90.27588, 32.6149 ], [ -90.33052, 32.71334 ], [ -90.23728, 32.70902 ], [ -90.16747, 32.80163 ], [ -90.1521, 32.99262 ], [ -90.1209, 32.99114 ], [ -90.10925, 33.13431 ], [ -90.07604, 33.15668 ], [ -90.03689, 33.2506 ], [ -90.02702, 33.36983 ], [ -89.99566, 33.36832 ], [ -89.9837, 33.51134 ], [ -89.95229, 33.50982 ], [ -89.95028, 33.53365 ], [ -90.01314, 33.53668 ], [ -90.00318, 33.65582 ], [ -89.9717, 33.65431 ], [ -89.95965, 33.79722 ], [ -89.99119, 33.79874 ], [ -89.98518, 33.87018 ], [ -90.04834, 33.87319 ], [ -90.02642, 34.13503 ], [ -90.05812, 34.13653 ], [ -90.03816, 34.37442 ], [ -90.09978, 34.40119 ] ] ], [ [ [ -78.91112, 35.09264 ], [ -78.95431, 35.05008 ], [ -78.92265, 35.04583 ], [ -78.91112, 35.09264 ] ] ] ] } },
{ "type": "Feature", "properties": { "ID": 48 }, "geometry": { "type": "MultiPolygon", "coordinates": [ [ [ [ -90.4703, 30.86902 ], [ -90.38114, 30.84076 ], [ -90.37214, 30.96084 ], [ -90.49357, 30.96648 ], [ -90.4703, 30.86902 ] ] ], [ [ [ -86.61361, 31.49755 ], [ -86.63805, 31.54771 ], [ -86.70505, 31.50464 ], [ -86.79651, 31.51166 ], [ -86.80837, 31.41604 ], [ -86.88103, 31.32503 ], [ -87.09398, 31.341 ], [ -87.13012, 31.2954 ], [ -87.11115, 31.19745 ], [ -87.12541, 31.07777 ], [ -87.03445, 31.071 ], [ -86.97092, 31.09038 ], [ -86.93479, 31.13595 ], [ -86.84377, 31.12903 ], [ -86.83789, 31.17688 ], [ -86.74684, 31.16989 ], [ -86.68016, 31.21303 ], [ -86.6558, 31.16283 ], [ -86.56176, 31.17962 ], [ -86.37971, 31.16514 ], [ -86.34318, 31.21053 ], [ -86.32141, 31.37785 ], [ -86.41268, 31.38516 ], [ -86.47046, 31.4139 ], [ -86.49171, 31.488 ], [ -86.61361, 31.49755 ] ] ], [ [ [ -89.9231, 31.6131 ], [ -90.00719, 31.7135 ], [ -90.09916, 31.71801 ], [ -90.09343, 31.78986 ], [ -90.15481, 31.79284 ], [ -90.25434, 31.70143 ], [ -90.25991, 31.62955 ], [ -90.19866, 31.62663 ], [ -90.21177, 31.45887 ], [ -90.02846, 31.44994 ], [ -89.96932, 31.42293 ], [ -89.93291, 31.4933 ], [ -89.9231, 31.6131 ] ] ], [ [ [ -94.03398, 31.74953 ], [ -94.03079, 31.86946 ], [ -94.09234, 31.87044 ], [ -94.21544, 31.87231 ], [ -94.21718, 31.80035 ], [ -94.15569, 31.79944 ], [ -94.15808, 31.70347 ], [ -94.09666, 31.70252 ], [ -94.03398, 31.74953 ] ] ], [ [ [ -87.51349, 32.50308 ], [ -87.53611, 32.57676 ], [ -87.59252, 32.6287 ], [ -87.71645, 32.63712 ], [ -87.72188, 32.58943 ], [ -87.81479, 32.59566 ], [ -87.82014, 32.54796 ], [ -87.88736, 32.50436 ], [ -88.01112, 32.51248 ], [ -88.09619, 32.59007 ], [ -88.12717, 32.59206 ], [ -88.11425, 32.71132 ], [ -88.17375, 32.73913 ], [ -88.29793, 32.74696 ], [ -88.33401, 32.70119 ], [ -88.34907, 32.55804 ], [ -88.45188, 32.46832 ], [ -88.47403, 32.25342 ], [ -88.62827, 32.26282 ], [ -88.63308, 32.21504 ], [ -88.72558, 32.22058 ], [ -88.82044, 32.20217 ], [ -88.86058, 32.10837 ], [ -88.89066, 31.79748 ], [ -89.07917, 31.76027 ], [ -89.10982, 31.76202 ], [ -89.13872, 31.45075 ], [ -89.20416, 31.4063 ], [ -89.2151, 31.28648 ], [ -89.09548, 31.25558 ], [ -89.01089, 31.17839 ], [ -88.95007, 31.17483 ], [ -88.92875, 31.07715 ], [ -88.86801, 31.07355 ], [ -88.87487, 31.00161 ], [ -88.84912, 30.95183 ], [ -88.79079, 30.92421 ], [ -88.5484, 30.90934 ], [ -88.54362, 30.9573 ], [ -88.42238, 30.94968 ], [ -88.38232, 31.04365 ], [ -88.32163, 31.03977 ], [ -88.28139, 31.13368 ], [ -88.21564, 31.17767 ], [ -88.03331, 31.1657 ], [ -88.02819, 31.21361 ], [ -87.96222, 31.25745 ], [ -87.95445, 31.32927 ], [ -87.83004, 31.345 ], [ -87.61692, 31.33034 ], [ -87.61152, 31.3782 ], [ -87.54516, 31.42179 ], [ -87.53698, 31.49355 ], [ -87.46496, 31.58491 ], [ -87.37335, 31.5784 ], [ -87.33722, 31.62403 ], [ -87.32601, 31.71964 ], [ -87.17308, 31.70858 ], [ -87.15878, 31.82803 ], [ -87.22004, 31.83248 ], [ -87.20579, 31.9519 ], [ -87.17511, 31.94968 ], [ -87.17797, 31.9258 ], [ -87.11663, 31.92132 ], [ -87.14155, 31.97132 ], [ -87.12715, 32.09068 ], [ -87.1829, 32.14288 ], [ -87.17428, 32.21447 ], [ -87.26666, 32.22112 ], [ -87.38706, 32.25374 ], [ -87.36188, 32.20383 ], [ -87.54667, 32.21678 ], [ -87.60007, 32.29263 ], [ -87.59185, 32.36422 ], [ -87.65358, 32.36845 ], [ -87.67358, 32.46598 ], [ -87.58085, 32.45965 ], [ -87.51349, 32.50308 ] ], [ [ -87.92358, 32.45868 ], [ -87.79993, 32.45047 ], [ -87.80796, 32.37888 ], [ -87.93149, 32.38709 ], [ -87.92358, 32.45868 ] ] ], [ [ [ -86.40581, 33.33497 ], [ -86.44338, 33.28984 ], [ -86.32169, 33.25639 ], [ -86.2657, 33.20396 ], [ -86.24961, 33.32281 ], [ -86.30567, 33.37523 ], [ -86.39946, 33.38251 ], [ -86.40581, 33.33497 ] ] ], [ [ [ -84.91358, 30.91718 ], [ -84.85678, 30.88766 ], [ -84.58536, 30.86196 ], [ -84.57806, 30.90973 ], [ -84.45372, 30.92198 ], [ -84.44633, 30.96973 ], [ -84.38224, 30.98774 ], [ -84.3748, 31.03548 ], [ -84.3069, 31.07731 ], [ -84.29189, 31.17274 ], [ -84.35989, 31.13093 ], [ -84.40501, 31.03842 ], [ -84.49566, 31.04718 ], [ -84.50302, 30.99944 ], [ -84.57075, 30.95749 ], [ -84.69513, 30.94512 ], [ -84.87628, 30.96215 ], [ -84.91358, 30.91718 ] ] ], [ [ [ -83.59084, 32.23986 ], [ -83.55612, 32.26048 ], [ -83.43342, 32.24787 ], [ -83.41704, 32.34287 ], [ -83.50511, 32.37609 ], [ -83.51325, 32.3286 ], [ -83.58276, 32.28737 ], [ -83.59084, 32.23986 ] ] ], [ [ [ -81.10001, 33.41328 ], [ -81.11632, 33.48779 ], [ -81.1785, 33.49524 ], [ -81.1949, 33.56973 ], [ -81.25716, 33.57714 ], [ -81.23271, 33.69506 ], [ -81.24432, 33.79307 ], [ -81.33801, 33.80414 ], [ -81.38592, 33.88221 ], [ -81.42204, 33.86229 ], [ -81.64097, 33.88768 ], [ -81.59531, 33.95482 ], [ -81.57611, 34.04912 ], [ -81.59786, 34.09988 ], [ -81.58344, 34.17058 ], [ -81.64146, 34.20136 ], [ -81.62225, 34.29561 ], [ -81.68997, 34.27924 ], [ -81.81584, 34.29351 ], [ -81.86623, 34.20277 ], [ -82.02345, 34.22038 ], [ -82.12246, 34.20727 ], [ -82.06887, 34.15313 ], [ -82.09209, 34.03518 ], [ -82.16407, 33.99495 ], [ -82.25816, 34.00532 ], [ -82.26732, 33.95811 ], [ -82.36137, 33.96841 ], [ -82.43313, 33.92801 ], [ -82.48248, 33.83695 ], [ -82.51387, 33.67158 ], [ -82.48263, 33.66819 ], [ -82.50501, 33.55003 ], [ -82.5362, 33.55341 ], [ -82.55845, 33.4352 ], [ -82.52732, 33.43182 ], [ -82.4608, 33.27976 ], [ -82.47418, 33.20879 ], [ -82.51411, 33.16487 ], [ -82.57614, 33.17163 ], [ -82.61599, 33.12767 ], [ -82.63359, 33.03299 ], [ -82.70427, 32.99234 ], [ -82.85906, 33.00896 ], [ -82.91669, 33.03924 ], [ -82.90808, 33.0866 ], [ -83.00109, 33.09644 ], [ -83.02783, 33.12338 ], [ -83.12091, 33.13313 ], [ -83.17875, 33.16328 ], [ -83.19714, 33.23754 ], [ -83.25089, 33.29132 ], [ -83.34421, 33.3009 ], [ -83.38366, 33.25671 ], [ -83.43341, 32.97237 ], [ -83.40244, 32.9692 ], [ -83.43136, 32.80324 ], [ -83.36956, 32.7969 ], [ -83.31608, 32.7431 ], [ -83.27519, 32.61811 ], [ -83.36163, 32.48213 ], [ -83.32493, 32.33332 ], [ -83.26354, 32.32692 ], [ -83.23443, 32.49306 ], [ -83.17291, 32.48662 ], [ -83.15054, 32.43593 ], [ -83.16729, 32.34099 ], [ -83.1143, 32.28704 ], [ -83.04874, 32.30427 ], [ -82.92606, 32.29115 ], [ -82.87329, 32.23709 ], [ -82.88608, 32.16588 ], [ -82.94731, 32.17247 ], [ -82.98639, 32.12827 ], [ -83.00327, 32.03328 ], [ -82.94216, 32.02671 ], [ -82.95485, 31.95545 ], [ -82.9328, 31.90465 ], [ -82.81934, 31.84389 ], [ -82.80594, 31.74552 ], [ -82.94457, 31.66369 ], [ -82.98758, 31.59564 ], [ -83.00434, 31.5005 ], [ -83.04303, 31.4562 ], [ -82.98658, 31.42584 ], [ -83.05737, 31.02109 ], [ -83.02722, 31.01781 ], [ -83.05209, 30.87484 ], [ -82.99191, 30.86827 ], [ -83.00436, 30.79676 ], [ -82.88415, 30.78354 ], [ -82.79824, 30.74972 ], [ -82.80665, 30.70204 ], [ -82.66088, 30.66141 ], [ -82.55807, 30.55249 ], [ -82.54524, 30.45371 ], [ -82.48544, 30.44688 ], [ -82.41704, 30.4877 ], [ -82.4084, 30.53538 ], [ -82.31863, 30.52502 ], [ -82.26317, 30.49425 ], [ -82.24569, 30.58957 ], [ -82.16822, 30.67788 ], [ -82.13825, 30.67438 ], [ -82.11615, 30.79344 ], [ -82.08613, 30.78993 ], [ -82.03269, 31.07547 ], [ -81.96346, 31.11596 ], [ -81.97563, 31.21461 ], [ -81.95311, 31.33344 ], [ -81.8836, 31.37385 ], [ -81.86088, 31.49261 ], [ -81.89117, 31.49618 ], [ -81.86842, 31.6149 ], [ -81.9291, 31.62202 ], [ -81.94585, 31.69678 ], [ -81.99756, 31.75133 ], [ -82.05836, 31.75838 ], [ -82.07527, 31.83309 ], [ -82.13614, 31.8401 ], [ -82.15315, 31.91479 ], [ -82.2141, 31.92176 ], [ -82.2007, 31.99294 ], [ -82.10018, 32.02992 ], [ -82.08213, 32.12478 ], [ -82.13875, 32.15549 ], [ -82.16033, 32.2064 ], [ -82.12877, 32.37233 ], [ -82.00946, 32.50396 ], [ -81.88664, 32.48981 ], [ -81.67915, 32.58672 ], [ -81.66978, 32.63405 ], [ -81.54681, 32.61957 ], [ -81.53736, 32.66688 ], [ -81.4165, 32.79782 ], [ -81.3857, 32.79415 ], [ -81.30774, 32.71217 ], [ -81.1847, 32.69734 ], [ -81.08759, 32.70976 ], [ -81.03726, 32.80054 ], [ -80.97569, 32.793 ], [ -80.95106, 32.91111 ], [ -80.97203, 32.96212 ], [ -80.92634, 33.02917 ], [ -80.9065, 33.1236 ], [ -80.9634, 33.15477 ], [ -81.05622, 33.16606 ], [ -81.07242, 33.24062 ], [ -81.13438, 33.2481 ], [ -81.10985, 33.3661 ], [ -81.07882, 33.36236 ], [ -81.06896, 33.40954 ], [ -81.10001, 33.41328 ] ], [ [ -82.73349, 32.3187 ], [ -82.75506, 32.20006 ], [ -82.84693, 32.21004 ], [ -82.8298, 32.30497 ], [ -82.73349, 32.3187 ] ] ], [ [ [ -83.55091, 32.83955 ], [ -83.63963, 32.87263 ], [ -83.65842, 32.94688 ], [ -83.72037, 32.95307 ], [ -83.79036, 32.9118 ], [ -83.6827, 32.80457 ], [ -83.58997, 32.79523 ], [ -83.58183, 32.84267 ], [ -83.55091, 32.83955 ] ] ], [ [ [ -80.5416, 33.34473 ], [ -80.3557, 33.32132 ], [ -80.28858, 33.33701 ], [ -80.41265, 33.49801 ], [ -80.47476, 33.50581 ], [ -80.49044, 33.58038 ], [ -80.58373, 33.59202 ], [ -80.56795, 33.51746 ], [ -80.59851, 33.37604 ], [ -80.67638, 33.45833 ], [ -80.73849, 33.466 ], [ -80.75863, 33.37169 ], [ -80.69661, 33.36402 ], [ -80.61374, 33.30531 ], [ -80.58276, 33.30145 ], [ -80.54669, 33.32115 ], [ -80.5416, 33.34473 ] ] ], [ [ [ -79.97295, 33.46607 ], [ -79.96236, 33.51315 ], [ -79.89498, 33.52863 ], [ -79.84792, 33.59519 ], [ -79.7858, 33.58707 ], [ -79.74817, 33.75173 ], [ -79.80505, 33.78337 ], [ -79.82009, 33.85797 ], [ -80.03841, 33.88615 ], [ -80.11665, 33.82355 ], [ -80.27258, 33.84335 ], [ -80.40245, 33.69035 ], [ -80.4231, 33.59615 ], [ -80.37127, 33.54121 ], [ -80.27807, 33.52942 ], [ -80.16434, 33.46649 ], [ -80.07128, 33.45454 ], [ -80.04553, 33.427 ], [ -79.95254, 33.41496 ], [ -79.94194, 33.46205 ], [ -79.97295, 33.46607 ] ] ] ] } },
{ "type": "Feature", "properties": { "ID": 49 }, "geometry": { "type": "MultiPolygon", "coordinates": [ [ [ [ -94.0004, 30.71531 ], [ -93.84821, 30.73674 ], [ -93.84545, 30.83298 ], [ -93.87376, 30.90569 ], [ -93.96489, 30.90727 ], [ -93.96685, 30.83511 ], [ -93.99848, 30.7875 ], [ -94.08948, 30.78899 ], [ -94.0907, 30.74087 ], [ -94.0004, 30.71531 ] ] ], [ [ [ -92.8412, 30.88289 ], [ -92.77945, 30.90531 ], [ -92.80674, 30.97825 ], [ -92.79853, 31.1705 ], [ -92.829, 31.17131 ], [ -92.8615, 31.12405 ], [ -92.92242, 31.12563 ], [ -92.95092, 31.17446 ], [ -93.04236, 31.17674 ], [ -93.04426, 31.12869 ], [ -93.13565, 31.1309 ], [ -93.19837, 31.08428 ], [ -93.20107, 31.01217 ], [ -93.07848, 31.0333 ], [ -93.05089, 30.96044 ], [ -92.93228, 30.88526 ], [ -92.8412, 30.88289 ] ] ], [ [ [ -86.11921, 32.66331 ], [ -86.21206, 32.67074 ], [ -86.30175, 32.70191 ], [ -86.29539, 32.74953 ], [ -86.41936, 32.75924 ], [ -86.42565, 32.71163 ], [ -86.49384, 32.66881 ], [ -86.62078, 32.65452 ], [ -86.74464, 32.66391 ], [ -86.73857, 32.71155 ], [ -86.86254, 32.72083 ], [ -87.01165, 32.77989 ], [ -87.19784, 32.79334 ], [ -87.23463, 32.7479 ], [ -87.24326, 32.67641 ], [ -87.27996, 32.63095 ], [ -87.34191, 32.63533 ], [ -87.38418, 32.54215 ], [ -87.26045, 32.53339 ], [ -87.25472, 32.58107 ], [ -87.13384, 32.54835 ], [ -87.13964, 32.50068 ], [ -86.98511, 32.4894 ], [ -86.92627, 32.461 ], [ -86.9322, 32.41333 ], [ -86.87345, 32.38489 ], [ -86.7809, 32.37795 ], [ -86.76211, 32.28025 ], [ -86.88535, 32.28951 ], [ -86.89129, 32.24181 ], [ -86.95878, 32.19868 ], [ -87.05112, 32.2055 ], [ -87.0761, 32.25547 ], [ -87.06736, 32.32702 ], [ -87.15988, 32.33375 ], [ -87.16564, 32.28604 ], [ -87.25812, 32.2927 ], [ -87.26666, 32.22112 ], [ -87.17428, 32.21447 ], [ -87.1829, 32.14288 ], [ -87.12715, 32.09068 ], [ -87.14155, 31.97132 ], [ -87.11663, 31.92132 ], [ -87.17797, 31.9258 ], [ -87.18083, 31.90192 ], [ -87.15017, 31.89968 ], [ -87.17308, 31.70858 ], [ -87.32601, 31.71964 ], [ -87.33722, 31.62403 ], [ -87.37335, 31.5784 ], [ -87.46496, 31.58491 ], [ -87.53698, 31.49355 ], [ -87.54516, 31.42179 ], [ -87.61152, 31.3782 ], [ -87.61692, 31.33034 ], [ -87.83004, 31.345 ], [ -87.95445, 31.32927 ], [ -87.96222, 31.25745 ], [ -88.02819, 31.21361 ], [ -88.03331, 31.1657 ], [ -88.21564, 31.17767 ], [ -88.28139, 31.13368 ], [ -88.32163, 31.03977 ], [ -88.38232, 31.04365 ], [ -88.42238, 30.94968 ], [ -88.54362, 30.9573 ], [ -88.5484, 30.90934 ], [ -88.79079, 30.92421 ], [ -88.84912, 30.95183 ], [ -88.87487, 31.00161 ], [ -88.86801, 31.07355 ], [ -88.92875, 31.07715 ], [ -88.95007, 31.17483 ], [ -89.01089, 31.17839 ], [ -89.09548, 31.25558 ], [ -89.2151, 31.28648 ], [ -89.20416, 31.4063 ], [ -89.13872, 31.45075 ], [ -89.10982, 31.76202 ], [ -89.14048, 31.76376 ], [ -89.16892, 31.78942 ], [ -89.16006, 31.88513 ], [ -89.12265, 31.95516 ], [ -89.20825, 32.0321 ], [ -89.36212, 32.04058 ], [ -89.36644, 31.99274 ], [ -89.45871, 31.99774 ], [ -89.45446, 32.04558 ], [ -89.54681, 32.05051 ], [ -89.55729, 31.93088 ], [ -89.59634, 31.83678 ], [ -89.65774, 31.84 ], [ -89.69662, 31.74584 ], [ -89.78861, 31.75059 ], [ -89.79665, 31.6548 ], [ -89.85989, 31.63397 ], [ -89.86386, 31.58606 ], [ -89.92507, 31.58915 ], [ -89.93291, 31.4933 ], [ -89.96932, 31.42293 ], [ -90.02846, 31.44994 ], [ -90.21177, 31.45887 ], [ -90.19866, 31.62663 ], [ -90.25991, 31.62955 ], [ -90.25434, 31.70143 ], [ -90.15481, 31.79284 ], [ -90.09343, 31.78986 ], [ -90.09725, 31.74197 ], [ -90.03592, 31.73896 ], [ -90.02624, 31.85869 ], [ -90.05696, 31.8602 ], [ -90.04537, 32.00382 ], [ -89.97402, 32.12042 ], [ -89.96419, 32.24001 ], [ -89.99507, 32.24153 ], [ -89.98526, 32.36109 ], [ -89.95038, 32.40737 ], [ -89.94246, 32.50297 ], [ -89.90749, 32.54922 ], [ -89.96753, 32.57618 ], [ -90.0974, 32.51052 ], [ -90.15748, 32.53738 ], [ -90.15365, 32.58517 ], [ -90.24672, 32.58956 ], [ -90.27588, 32.6149 ], [ -90.37084, 32.59531 ], [ -90.40921, 32.50112 ], [ -90.50219, 32.50532 ], [ -90.54034, 32.41107 ], [ -90.57484, 32.36462 ], [ -90.54925, 32.29149 ], [ -90.49103, 32.24088 ], [ -90.61809, 32.19854 ], [ -90.74158, 32.20392 ], [ -90.74501, 32.15606 ], [ -90.83757, 32.16 ], [ -90.83421, 32.20787 ], [ -90.92684, 32.21175 ], [ -90.96101, 32.16516 ], [ -90.96429, 32.11729 ], [ -91.09246, 32.0505 ], [ -91.09565, 32.00261 ], [ -91.15725, 32.00507 ], [ -91.16354, 31.90927 ], [ -91.18231, 31.6217 ], [ -91.12419, 31.57129 ], [ -91.13363, 31.4274 ], [ -91.08203, 31.28096 ], [ -91.09782, 31.0409 ], [ -91.07217, 30.9676 ], [ -91.01143, 30.96509 ], [ -90.95393, 30.9145 ], [ -90.92846, 30.84114 ], [ -90.86783, 30.83855 ], [ -90.87439, 30.74243 ], [ -90.78524, 30.71446 ], [ -90.76167, 30.61698 ], [ -90.70123, 30.61431 ], [ -90.70629, 30.54217 ], [ -90.67949, 30.49273 ], [ -90.59071, 30.46459 ], [ -90.31932, 30.45191 ], [ -90.34587, 30.50145 ], [ -90.13471, 30.49121 ], [ -90.13097, 30.53929 ], [ -90.01026, 30.53327 ], [ -89.94605, 30.57828 ], [ -89.90809, 30.67285 ], [ -89.8437, 30.71779 ], [ -89.83385, 30.83787 ], [ -89.79959, 30.88432 ], [ -89.61774, 30.87475 ], [ -89.60956, 30.97075 ], [ -89.45786, 30.96256 ], [ -89.46205, 30.91456 ], [ -89.28017, 30.90448 ], [ -89.15676, 30.92159 ], [ -89.16114, 30.8736 ], [ -89.10276, 30.84612 ], [ -88.86056, 30.83188 ], [ -88.80232, 30.80425 ], [ -88.4091, 30.77987 ], [ -88.40425, 30.82785 ], [ -88.31348, 30.82204 ], [ -88.18749, 30.86214 ], [ -88.18499, 30.88612 ], [ -88.03364, 30.87612 ], [ -87.99825, 30.92204 ], [ -87.98542, 31.04187 ], [ -87.94992, 31.08775 ], [ -87.85888, 31.0816 ], [ -87.83639, 31.00766 ], [ -87.71515, 30.99932 ], [ -87.59663, 30.96691 ], [ -87.57174, 30.91686 ], [ -87.45341, 30.88429 ], [ -87.45887, 30.83637 ], [ -87.30772, 30.82544 ], [ -87.21986, 30.79484 ], [ -87.03863, 30.78135 ], [ -87.0329, 30.82926 ], [ -86.93935, 30.84636 ], [ -86.78826, 30.83478 ], [ -86.78236, 30.88268 ], [ -86.54056, 30.86375 ], [ -86.45297, 30.83258 ], [ -86.46212, 30.76075 ], [ -86.4079, 30.70801 ], [ -86.31745, 30.70068 ], [ -86.2966, 30.62637 ], [ -86.20626, 30.61896 ], [ -86.13976, 30.66187 ], [ -86.13347, 30.70976 ], [ -86.04623, 30.67828 ], [ -85.95586, 30.67068 ], [ -85.94945, 30.71855 ], [ -85.8289, 30.7083 ], [ -85.83863, 30.63649 ], [ -85.78494, 30.58345 ], [ -85.69471, 30.57564 ], [ -85.71763, 30.40802 ], [ -85.54426, 30.34433 ], [ -85.30451, 30.32287 ], [ -85.26433, 30.39198 ], [ -85.15818, 30.28526 ], [ -85.12134, 30.33039 ], [ -85.03148, 30.32208 ], [ -84.96808, 30.34044 ], [ -84.92759, 30.40943 ], [ -84.86763, 30.4038 ], [ -84.80057, 30.44599 ], [ -84.79344, 30.49384 ], [ -84.70702, 30.46136 ], [ -84.55708, 30.44695 ], [ -84.55344, 30.47087 ], [ -84.40352, 30.45626 ], [ -84.39983, 30.48017 ], [ -84.36615, 30.50114 ], [ -84.37354, 30.45332 ], [ -84.31359, 30.44741 ], [ -84.21994, 30.46239 ], [ -84.18246, 30.50721 ], [ -84.15609, 30.67446 ], [ -84.09598, 30.66845 ], [ -84.0507, 30.76095 ], [ -83.99819, 30.70713 ], [ -83.90801, 30.69798 ], [ -83.84016, 30.73959 ], [ -83.81684, 30.88278 ], [ -83.66624, 30.86727 ], [ -83.67805, 30.79569 ], [ -83.61789, 30.78944 ], [ -83.59968, 30.71471 ], [ -83.53958, 30.70842 ], [ -83.61547, 30.61923 ], [ -83.62335, 30.57148 ], [ -83.42146, 30.5016 ], [ -83.37545, 30.5939 ], [ -83.28549, 30.58427 ], [ -83.17923, 30.67001 ], [ -83.16697, 30.74157 ], [ -83.2571, 30.75128 ], [ -83.23675, 30.87051 ], [ -83.38727, 30.88657 ], [ -83.37517, 30.95809 ], [ -83.33693, 31.00257 ], [ -83.359, 31.05344 ], [ -83.29458, 31.07086 ], [ -83.24807, 31.16294 ], [ -83.19175, 31.13266 ], [ -83.16978, 31.08177 ], [ -83.10942, 31.07527 ], [ -83.13003, 30.95613 ], [ -83.06979, 30.94961 ], [ -83.02722, 31.01781 ], [ -83.05737, 31.02109 ], [ -82.98658, 31.42584 ], [ -83.04303, 31.4562 ], [ -83.00434, 31.5005 ], [ -82.98758, 31.59564 ], [ -82.94457, 31.66369 ], [ -82.80594, 31.74552 ], [ -82.81934, 31.84389 ], [ -82.9328, 31.90465 ], [ -82.95485, 31.95545 ], [ -82.94216, 32.02671 ], [ -83.00327, 32.03328 ], [ -82.98639, 32.12827 ], [ -83.04759, 32.13482 ], [ -83.08659, 32.09058 ], [ -83.09497, 32.04308 ], [ -83.21311, 32.07979 ], [ -83.1742, 32.12407 ], [ -83.11299, 32.11758 ], [ -83.13524, 32.16833 ], [ -83.26189, 32.15748 ], [ -83.41504, 32.17344 ], [ -83.43139, 32.0784 ], [ -83.28256, 32.0387 ], [ -83.29492, 31.96741 ], [ -83.23384, 31.96099 ], [ -83.28087, 31.86913 ], [ -83.34189, 31.87553 ], [ -83.42327, 31.763 ], [ -83.37051, 31.70907 ], [ -83.39088, 31.59011 ], [ -83.36048, 31.58692 ], [ -83.38895, 31.42032 ], [ -83.45768, 31.37905 ], [ -83.46574, 31.33142 ], [ -83.53435, 31.2901 ], [ -83.6252, 31.29952 ], [ -83.72001, 31.28504 ], [ -83.71212, 31.33269 ], [ -83.83726, 31.32123 ], [ -83.9585, 31.33346 ], [ -83.96623, 31.28579 ], [ -84.11774, 31.30091 ], [ -84.12537, 31.25323 ], [ -84.21625, 31.2622 ], [ -84.29189, 31.17274 ], [ -84.3069, 31.07731 ], [ -84.3748, 31.03548 ], [ -84.38224, 30.98774 ], [ -84.44633, 30.96973 ], [ -84.45372, 30.92198 ], [ -84.57806, 30.90973 ], [ -84.58536, 30.86196 ], [ -84.85678, 30.88766 ], [ -84.91358, 30.91718 ], [ -84.90293, 30.98885 ], [ -85.11447, 31.00833 ], [ -85.07725, 31.05334 ], [ -85.01676, 31.0478 ], [ -84.98854, 31.23882 ], [ -85.04917, 31.24438 ], [ -85.03508, 31.33985 ], [ -85.12966, 31.32427 ], [ -85.10865, 31.46745 ], [ -85.20338, 31.45181 ], [ -85.159, 31.54451 ], [ -85.03723, 31.53349 ], [ -84.9997, 31.57841 ], [ -84.98548, 31.67379 ], [ -84.94427, 31.74251 ], [ -85.03584, 31.75085 ], [ -85.06861, 31.94702 ], [ -85.25231, 31.96343 ], [ -85.19807, 31.91034 ], [ -85.20857, 31.83884 ], [ -85.15095, 31.80954 ], [ -85.192, 31.74076 ], [ -85.25306, 31.74621 ], [ -85.23565, 31.8654 ], [ -85.29682, 31.87082 ], [ -85.33432, 31.82584 ], [ -85.34467, 31.75431 ], [ -85.47026, 31.74117 ], [ -85.45661, 31.83655 ], [ -85.41232, 31.92924 ], [ -85.50077, 31.96106 ], [ -85.59267, 31.96898 ], [ -85.61994, 31.99544 ], [ -85.7119, 32.00326 ], [ -85.70522, 32.05093 ], [ -85.76325, 32.07995 ], [ -85.78398, 32.15403 ], [ -86.02982, 32.1744 ], [ -86.02657, 32.19824 ], [ -86.2111, 32.2132 ], [ -86.20472, 32.26087 ], [ -86.13995, 32.27974 ], [ -86.13352, 32.3274 ], [ -86.34921, 32.34463 ], [ -86.40773, 32.37331 ], [ -86.42606, 32.47104 ], [ -86.30257, 32.46132 ], [ -86.27488, 32.43505 ], [ -86.27806, 32.41123 ], [ -86.24721, 32.40877 ], [ -86.24084, 32.45642 ], [ -86.12063, 32.42269 ], [ -86.06708, 32.58689 ], [ -86.12891, 32.59189 ], [ -86.11921, 32.66331 ] ], [ [ -85.54149, 31.67492 ], [ -85.47026, 31.74117 ], [ -85.44996, 31.66695 ], [ -85.54149, 31.67492 ] ], [ [ -85.62969, 31.70667 ], [ -85.63639, 31.65895 ], [ -85.54149, 31.67492 ], [ -85.54824, 31.6272 ], [ -85.45677, 31.61924 ], [ -85.40264, 31.56618 ], [ -85.43333, 31.35138 ], [ -85.40295, 31.3487 ], [ -85.41658, 31.25319 ], [ -85.46722, 31.11253 ], [ -85.59504, 31.07534 ], [ -85.65559, 31.08059 ], [ -85.67925, 31.131 ], [ -85.74314, 31.11231 ], [ -85.83402, 31.12007 ], [ -85.8275, 31.16787 ], [ -85.91522, 31.19946 ], [ -85.90224, 31.29504 ], [ -85.96299, 31.30014 ], [ -85.9533, 31.37181 ], [ -86.01411, 31.37688 ], [ -85.99155, 31.54406 ], [ -85.91759, 31.63447 ], [ -85.76507, 31.62164 ], [ -85.72129, 31.71449 ], [ -85.78567, 31.69581 ], [ -85.87727, 31.70352 ], [ -85.86416, 31.79896 ], [ -85.75918, 31.88664 ], [ -85.57557, 31.87099 ], [ -85.6129, 31.82592 ], [ -85.62969, 31.70667 ] ], [ [ -90.4703, 30.86902 ], [ -90.49357, 30.96648 ], [ -90.37214, 30.96084 ], [ -90.38114, 30.84076 ], [ -90.4703, 30.86902 ] ], [ [ -86.61361, 31.49755 ], [ -86.49171, 31.488 ], [ -86.47046, 31.4139 ], [ -86.41268, 31.38516 ], [ -86.32141, 31.37785 ], [ -86.34318, 31.21053 ], [ -86.37971, 31.16514 ], [ -86.56176, 31.17962 ], [ -86.6558, 31.16283 ], [ -86.68016, 31.21303 ], [ -86.74684, 31.16989 ], [ -86.83789, 31.17688 ], [ -86.84377, 31.12903 ], [ -86.93479, 31.13595 ], [ -86.97092, 31.09038 ], [ -87.03445, 31.071 ], [ -87.12541, 31.07777 ], [ -87.11115, 31.19745 ], [ -87.13012, 31.2954 ], [ -87.09398, 31.341 ], [ -86.88103, 31.32503 ], [ -86.80837, 31.41604 ], [ -86.79651, 31.51166 ], [ -86.70505, 31.50464 ], [ -86.63805, 31.54771 ], [ -86.61361, 31.49755 ] ], [ [ -90.78775, 31.98982 ], [ -90.75696, 31.98849 ], [ -90.76547, 31.86876 ], [ -90.79621, 31.87008 ], [ -90.82022, 31.96719 ], [ -90.78775, 31.98982 ] ], [ [ -84.88521, 30.69646 ], [ -84.90115, 30.79489 ], [ -84.84089, 30.78925 ], [ -84.88521, 30.69646 ] ], [ [ -83.54978, 30.83087 ], [ -83.53386, 30.92628 ], [ -83.44348, 30.91678 ], [ -83.45951, 30.82138 ], [ -83.54978, 30.83087 ] ], [ [ -84.19736, 30.99383 ], [ -84.15201, 31.08628 ], [ -84.03498, 31.05037 ], [ -84.11062, 30.96097 ], [ -84.12582, 30.8655 ], [ -84.18231, 30.89537 ], [ -84.19736, 30.99383 ] ], [ [ -85.12728, 31.13051 ], [ -85.16451, 31.08549 ], [ -85.2553, 31.09368 ], [ -85.24496, 31.16534 ], [ -85.15408, 31.15714 ], [ -85.12728, 31.13051 ] ] ], [ [ [ -83.70022, 31.96086 ], [ -83.79192, 31.97014 ], [ -83.79983, 31.92257 ], [ -83.70819, 31.9133 ], [ -83.70022, 31.96086 ] ] ], [ [ [ -85.77891, 32.63544 ], [ -85.8065, 32.66181 ], [ -85.78978, 32.78077 ], [ -85.84509, 32.83348 ], [ -85.96915, 32.84365 ], [ -86.04427, 32.75351 ], [ -86.05732, 32.65831 ], [ -85.99871, 32.62948 ], [ -85.97435, 32.57935 ], [ -85.88164, 32.57173 ], [ -85.87501, 32.61934 ], [ -85.77891, 32.63544 ] ] ], [ [ [ -85.12289, 32.6272 ], [ -85.05752, 32.64548 ], [ -85.04676, 32.7168 ], [ -85.11576, 32.67476 ], [ -85.12289, 32.6272 ] ] ], [ [ [ -83.58276, 32.28737 ], [ -83.66681, 32.34423 ], [ -83.68287, 32.2492 ], [ -83.59084, 32.23986 ], [ -83.58276, 32.28737 ] ] ], [ [ [ -83.36163, 32.48213 ], [ -83.27519, 32.61811 ], [ -83.31608, 32.7431 ], [ -83.36956, 32.7969 ], [ -83.43136, 32.80324 ], [ -83.42723, 32.82695 ], [ -83.58183, 32.84267 ], [ -83.58997, 32.79523 ], [ -83.6371, 32.70345 ], [ -83.57536, 32.69721 ], [ -83.58756, 32.62602 ], [ -83.56892, 32.55169 ], [ -83.59325, 32.40925 ], [ -83.747, 32.42478 ], [ -83.75499, 32.37727 ], [ -83.60134, 32.36175 ], [ -83.51325, 32.3286 ], [ -83.50511, 32.37609 ], [ -83.41294, 32.36661 ], [ -83.374, 32.41092 ], [ -83.36163, 32.48213 ] ] ], [ [ [ -81.98398, 30.68056 ], [ -81.91672, 31.03751 ], [ -81.84746, 31.07794 ], [ -81.82932, 31.17303 ], [ -81.75532, 31.23715 ], [ -81.69568, 31.5459 ], [ -81.75628, 31.5531 ], [ -81.80776, 31.60775 ], [ -81.79402, 31.67896 ], [ -81.7287, 31.69551 ], [ -81.71026, 31.79041 ], [ -81.76646, 31.82132 ], [ -81.77849, 31.91978 ], [ -81.83482, 31.95065 ], [ -81.79515, 31.9945 ], [ -81.77672, 32.08933 ], [ -81.65723, 32.22072 ], [ -81.59609, 32.21348 ], [ -81.54674, 32.30458 ], [ -81.42434, 32.28997 ], [ -81.41485, 32.33732 ], [ -81.29243, 32.32257 ], [ -81.22162, 32.36248 ], [ -81.17653, 32.42974 ], [ -81.10555, 32.46957 ], [ -80.95234, 32.45074 ], [ -80.90202, 32.54152 ], [ -80.83079, 32.58119 ], [ -80.73875, 32.56971 ], [ -80.65738, 32.65652 ], [ -80.5859, 32.69603 ], [ -80.57581, 32.74326 ], [ -80.4121, 32.91651 ], [ -80.27345, 32.97155 ], [ -80.11939, 32.95171 ], [ -80.10897, 32.99887 ], [ -79.94356, 33.17138 ], [ -79.79873, 33.24941 ], [ -79.70601, 33.23719 ], [ -79.69527, 33.28427 ], [ -79.55537, 33.33846 ], [ -79.54452, 33.38552 ], [ -79.45167, 33.37311 ], [ -79.44075, 33.42016 ], [ -79.36785, 33.45888 ], [ -79.34035, 33.57644 ], [ -79.26724, 33.61509 ], [ -79.24507, 33.70909 ], [ -79.03354, 33.92284 ], [ -78.90894, 33.90579 ], [ -78.91739, 34.00394 ], [ -79.0478, 33.9975 ], [ -79.05907, 33.95056 ], [ -79.1526, 33.96324 ], [ -79.1638, 33.91628 ], [ -79.25731, 33.92889 ], [ -79.3252, 33.91377 ], [ -79.34531, 33.96492 ], [ -79.46462, 34.00502 ], [ -79.53583, 33.69953 ], [ -79.56692, 33.70365 ], [ -79.65079, 33.6178 ], [ -79.66161, 33.57076 ], [ -79.72908, 33.5554 ], [ -79.81792, 33.44588 ], [ -79.94194, 33.46205 ], [ -79.95254, 33.41496 ], [ -80.04553, 33.427 ], [ -80.07128, 33.45454 ], [ -80.16434, 33.46649 ], [ -80.27807, 33.52942 ], [ -80.37127, 33.54121 ], [ -80.4231, 33.59615 ], [ -80.41795, 33.6197 ], [ -80.46988, 33.6746 ], [ -80.53727, 33.65882 ], [ -80.55817, 33.7098 ], [ -80.5428, 33.78045 ], [ -80.59494, 33.83528 ], [ -80.63636, 33.79204 ], [ -80.72995, 33.80355 ], [ -80.82861, 33.79144 ], [ -80.81853, 33.83856 ], [ -80.98466, 33.81036 ], [ -81.00458, 33.71609 ], [ -80.94223, 33.70855 ], [ -80.99331, 33.61804 ], [ -81.01317, 33.52372 ], [ -80.99696, 33.44921 ], [ -81.03791, 33.40579 ], [ -81.06896, 33.40954 ], [ -81.07882, 33.36236 ], [ -81.10985, 33.3661 ], [ -81.13438, 33.2481 ], [ -81.07242, 33.24062 ], [ -81.05622, 33.16606 ], [ -80.9634, 33.15477 ], [ -80.9065, 33.1236 ], [ -80.92634, 33.02917 ], [ -80.97203, 32.96212 ], [ -80.95106, 32.91111 ], [ -80.97569, 32.793 ], [ -81.03726, 32.80054 ], [ -81.08759, 32.70976 ], [ -81.1847, 32.69734 ], [ -81.30774, 32.71217 ], [ -81.3857, 32.79415 ], [ -81.4165, 32.79782 ], [ -81.53736, 32.66688 ], [ -81.54681, 32.61957 ], [ -81.66978, 32.63405 ], [ -81.67915, 32.58672 ], [ -81.88664, 32.48981 ], [ -82.00946, 32.50396 ], [ -82.12877, 32.37233 ], [ -82.16033, 32.2064 ], [ -82.13875, 32.15549 ], [ -82.08213, 32.12478 ], [ -82.10018, 32.02992 ], [ -82.2007, 31.99294 ], [ -82.2141, 31.92176 ], [ -82.15315, 31.91479 ], [ -82.13614, 31.8401 ], [ -82.07527, 31.83309 ], [ -82.05836, 31.75838 ], [ -81.99756, 31.75133 ], [ -81.94585, 31.69678 ], [ -81.9291, 31.62202 ], [ -81.86842, 31.6149 ], [ -81.89117, 31.49618 ], [ -81.86088, 31.49261 ], [ -81.8836, 31.37385 ], [ -81.95311, 31.33344 ], [ -81.97563, 31.21461 ], [ -81.96346, 31.11596 ], [ -82.03269, 31.07547 ], [ -82.08613, 30.78993 ], [ -82.11615, 30.79344 ], [ -82.13825, 30.67438 ], [ -82.16822, 30.67788 ], [ -82.24569, 30.58957 ], [ -82.26317, 30.49425 ], [ -82.07938, 30.49707 ], [ -82.0107, 30.53766 ], [ -81.98398, 30.68056 ] ], [ [ -80.76954, 33.46982 ], [ -80.82665, 33.50102 ], [ -80.79145, 33.66602 ], [ -80.69803, 33.65454 ], [ -80.65164, 33.72138 ], [ -80.58933, 33.71367 ], [ -80.53727, 33.65882 ], [ -80.55263, 33.58815 ], [ -80.49044, 33.58038 ], [ -80.47476, 33.50581 ], [ -80.41265, 33.49801 ], [ -80.28858, 33.33701 ], [ -80.3557, 33.32132 ], [ -80.5416, 33.34473 ], [ -80.55179, 33.29757 ], [ -80.61374, 33.30531 ], [ -80.69661, 33.36402 ], [ -80.75863, 33.37169 ], [ -80.73849, 33.466 ], [ -80.76954, 33.46982 ] ] ] ] } },
{ "type": "Feature", "properties": { "ID": 50 }, "geometry": { "type": "MultiPolygon", "coordinates": [ [ [ [ -96.33029, 29.79146 ], [ -96.32997, 29.71902 ], [ -96.3898, 29.71884 ], [ -96.42011, 29.79117 ], [ -96.45034, 29.83934 ], [ -96.51026, 29.8391 ], [ -96.56982, 29.79054 ], [ -96.56928, 29.71811 ], [ -96.6291, 29.7178 ], [ -96.62772, 29.54872 ], [ -96.44864, 29.54954 ], [ -96.44793, 29.4287 ], [ -96.50721, 29.38011 ], [ -96.32852, 29.38075 ], [ -96.32863, 29.40493 ], [ -96.29902, 29.45335 ], [ -96.2394, 29.45349 ], [ -96.20972, 29.50188 ], [ -96.20992, 29.57437 ], [ -96.29949, 29.57418 ], [ -96.29968, 29.62249 ], [ -96.21005, 29.62269 ], [ -96.21052, 29.79173 ], [ -96.33029, 29.79146 ] ] ], [ [ [ -96.33029, 29.79146 ], [ -96.3306, 29.86388 ], [ -96.21072, 29.86415 ], [ -96.21099, 29.96069 ], [ -96.30101, 29.96049 ], [ -96.36126, 30.00858 ], [ -96.36046, 29.83965 ], [ -96.42011, 29.79117 ], [ -96.33029, 29.79146 ] ] ], [ [ [ -96.00093, 30.41899 ], [ -95.97071, 30.49126 ], [ -95.91022, 30.53941 ], [ -96.09165, 30.5394 ], [ -96.09159, 30.49123 ], [ -96.21246, 30.49108 ], [ -96.33334, 30.4908 ], [ -96.3326, 30.32214 ], [ -96.30245, 30.32222 ], [ -96.30187, 30.17758 ], [ -96.24168, 30.17772 ], [ -96.18126, 30.08136 ], [ -96.0911, 30.08146 ], [ -96.031, 30.12973 ], [ -96.03105, 30.25029 ], [ -96.00093, 30.25029 ], [ -96.00093, 30.41899 ] ] ], [ [ [ -96.00094, 30.7802 ], [ -96.03124, 30.70798 ], [ -95.97063, 30.70798 ], [ -96.00094, 30.7802 ] ] ], [ [ [ -96.00094, 30.7802 ], [ -95.90982, 30.87641 ], [ -96.00094, 30.87645 ], [ -96.00094, 30.7802 ] ] ], [ [ [ -96.27723, 31.66913 ], [ -96.33841, 31.62097 ], [ -96.27705, 31.62113 ], [ -96.27723, 31.66913 ] ] ], [ [ [ -95.53368, 32.74699 ], [ -95.5022, 32.79473 ], [ -95.50171, 32.86649 ], [ -95.5326, 32.91446 ], [ -95.71995, 32.91502 ], [ -95.72013, 32.86718 ], [ -95.65772, 32.86703 ], [ -95.65806, 32.79526 ], [ -95.62713, 32.74731 ], [ -95.53368, 32.74699 ] ] ], [ [ [ -95.8759, 33.01094 ], [ -95.96969, 33.03491 ], [ -96.00097, 33.08273 ], [ -96.03224, 33.0349 ], [ -96.03221, 32.96317 ], [ -95.96972, 32.96317 ], [ -95.96974, 32.91533 ], [ -95.87607, 32.91528 ], [ -95.8759, 33.01094 ] ] ], [ [ [ -92.75553, 31.45784 ], [ -92.69435, 31.45618 ], [ -92.7207, 31.55301 ], [ -92.75553, 31.45784 ] ] ], [ [ [ -94.20554, 32.27979 ], [ -94.29838, 32.28112 ], [ -94.32715, 32.37736 ], [ -94.51066, 32.49948 ], [ -94.50724, 32.66704 ], [ -94.56806, 32.73957 ], [ -94.63035, 32.74027 ], [ -94.62855, 32.83597 ], [ -94.65885, 32.88415 ], [ -94.72211, 32.83697 ], [ -94.69264, 32.74095 ], [ -94.69479, 32.62129 ], [ -94.81917, 32.62255 ], [ -94.82033, 32.55074 ], [ -94.88246, 32.55132 ], [ -94.91424, 32.50371 ], [ -94.91672, 32.33607 ], [ -94.79282, 32.33491 ], [ -94.79361, 32.287 ], [ -94.6698, 32.28572 ], [ -94.6711, 32.21384 ], [ -94.82572, 32.21542 ], [ -94.79558, 32.16719 ], [ -94.79754, 32.04734 ], [ -94.92096, 32.0485 ], [ -94.92166, 32.00055 ], [ -95.01416, 32.00133 ], [ -95.04406, 32.0735 ], [ -95.13666, 32.07419 ], [ -95.1361, 32.12213 ], [ -95.07433, 32.12168 ], [ -95.07282, 32.24151 ], [ -95.13412, 32.28988 ], [ -95.25795, 32.29069 ], [ -95.25868, 32.21881 ], [ -95.32053, 32.21917 ], [ -95.38279, 32.17157 ], [ -95.38178, 32.29138 ], [ -95.50561, 32.29194 ], [ -95.53687, 32.24414 ], [ -95.53733, 32.17225 ], [ -95.63005, 32.17257 ], [ -95.66063, 32.24455 ], [ -95.78438, 32.24483 ], [ -95.78424, 32.29275 ], [ -95.90799, 32.36478 ], [ -96.09392, 32.36477 ], [ -96.09411, 32.50847 ], [ -96.21831, 32.50831 ], [ -96.2492, 32.46036 ], [ -96.2483, 32.19684 ], [ -96.34106, 32.19662 ], [ -96.40211, 32.05261 ], [ -96.40132, 31.90873 ], [ -96.46292, 31.90851 ], [ -96.49324, 31.83642 ], [ -96.4926, 31.74045 ], [ -96.58478, 31.74004 ], [ -96.58383, 31.62004 ], [ -96.5528, 31.57217 ], [ -96.49148, 31.57243 ], [ -96.43017, 31.57267 ], [ -96.33819, 31.57296 ], [ -96.33841, 31.62097 ], [ -96.36957, 31.71689 ], [ -96.27741, 31.71713 ], [ -96.27723, 31.66913 ], [ -96.24637, 31.62119 ], [ -96.21556, 31.57324 ], [ -96.12358, 31.57337 ], [ -96.03159, 31.54942 ], [ -96.00095, 31.5014 ], [ -96.00094, 31.3813 ], [ -95.97036, 31.3813 ], [ -95.97048, 31.09291 ], [ -95.90955, 31.09288 ], [ -95.90967, 30.99669 ], [ -95.87936, 30.9245 ], [ -95.90982, 30.87641 ], [ -95.87952, 30.82826 ], [ -95.7581, 30.82808 ], [ -95.6972, 30.87606 ], [ -95.69632, 31.09253 ], [ -95.75725, 31.09266 ], [ -95.75701, 31.16479 ], [ -95.66554, 31.16457 ], [ -95.63528, 31.1164 ], [ -95.63563, 31.04427 ], [ -95.57502, 30.99597 ], [ -95.5753, 30.94787 ], [ -95.66661, 30.9241 ], [ -95.66683, 30.87598 ], [ -95.51496, 30.87547 ], [ -95.48492, 30.82722 ], [ -95.3635, 30.82663 ], [ -95.33229, 30.9227 ], [ -95.21073, 30.92196 ], [ -95.18139, 30.82552 ], [ -95.09033, 30.82487 ], [ -95.02994, 30.80033 ], [ -95.03365, 30.51143 ], [ -95.00406, 30.46301 ], [ -94.79262, 30.46105 ], [ -94.76123, 30.53299 ], [ -94.70077, 30.53235 ], [ -94.69911, 30.62867 ], [ -94.63639, 30.74834 ], [ -94.45448, 30.74613 ], [ -94.45596, 30.67392 ], [ -94.42668, 30.62538 ], [ -94.36614, 30.62457 ], [ -94.3651, 30.67271 ], [ -94.24395, 30.67099 ], [ -94.24114, 30.79132 ], [ -94.20966, 30.83899 ], [ -94.11861, 30.83759 ], [ -94.11981, 30.78947 ], [ -93.99848, 30.7875 ], [ -93.96685, 30.83511 ], [ -93.96489, 30.90727 ], [ -93.99399, 30.95588 ], [ -93.99077, 31.0761 ], [ -94.08211, 31.07759 ], [ -94.08334, 31.02951 ], [ -94.17463, 31.03094 ], [ -94.17346, 31.07902 ], [ -94.26481, 31.08037 ], [ -94.32464, 31.12932 ], [ -94.32356, 31.17739 ], [ -94.41504, 31.17863 ], [ -94.50604, 31.20383 ], [ -94.50508, 31.25189 ], [ -94.5356, 31.25227 ], [ -94.53134, 31.46846 ], [ -94.49928, 31.54011 ], [ -94.40735, 31.53894 ], [ -94.37566, 31.58654 ], [ -94.37198, 31.75453 ], [ -94.40115, 31.82691 ], [ -94.46267, 31.8277 ], [ -94.46017, 31.94762 ], [ -94.42936, 31.94723 ], [ -94.42629, 32.09107 ], [ -94.48902, 32.04391 ], [ -94.58157, 32.04502 ], [ -94.58019, 32.11694 ], [ -94.54836, 32.16451 ], [ -94.48656, 32.16376 ], [ -94.45465, 32.2113 ], [ -94.45313, 32.28317 ], [ -94.32933, 32.28155 ], [ -94.30005, 32.20924 ], [ -94.20729, 32.20792 ], [ -94.20554, 32.27979 ] ], [ [ -95.20022, 31.90676 ], [ -95.19917, 32.00268 ], [ -95.26085, 32.00307 ], [ -95.25964, 32.12294 ], [ -95.29007, 32.17106 ], [ -95.13553, 32.17007 ], [ -95.1361, 32.12213 ], [ -95.16753, 32.0744 ], [ -95.13694, 32.05022 ], [ -95.16888, 31.95452 ], [ -95.04562, 31.95362 ], [ -95.04624, 31.90565 ], [ -94.98465, 31.90515 ], [ -94.98564, 31.83319 ], [ -94.92411, 31.83266 ], [ -94.92271, 31.92861 ], [ -94.79949, 31.92745 ], [ -94.73871, 31.87886 ], [ -94.74075, 31.75892 ], [ -94.80222, 31.75954 ], [ -94.83371, 31.71185 ], [ -95.07943, 31.71396 ], [ -95.08002, 31.66596 ], [ -95.17211, 31.66662 ], [ -95.17345, 31.5466 ], [ -95.11215, 31.54616 ], [ -95.08091, 31.59395 ], [ -95.08269, 31.44988 ], [ -95.11359, 31.42609 ], [ -95.20538, 31.42673 ], [ -95.2064, 31.33065 ], [ -95.29808, 31.33121 ], [ -95.29535, 31.61939 ], [ -95.38738, 31.6199 ], [ -95.38699, 31.6679 ], [ -95.57117, 31.66869 ], [ -95.57075, 31.74069 ], [ -95.50898, 31.78845 ], [ -95.44749, 31.78818 ], [ -95.41636, 31.83602 ], [ -95.41579, 31.90799 ], [ -95.38459, 31.9558 ], [ -95.32296, 31.95547 ], [ -95.2926, 31.90733 ], [ -95.20022, 31.90676 ] ], [ [ -94.9676, 30.92011 ], [ -94.96462, 31.13653 ], [ -94.84271, 31.13542 ], [ -94.78254, 31.08674 ], [ -94.77901, 31.30304 ], [ -94.6564, 31.32577 ], [ -94.62805, 31.20528 ], [ -94.65942, 31.15756 ], [ -94.66157, 31.03736 ], [ -94.57027, 31.0363 ], [ -94.57347, 30.86795 ], [ -94.66457, 30.869 ], [ -94.69578, 30.82121 ], [ -94.75687, 30.7978 ], [ -94.84789, 30.79871 ], [ -94.84679, 30.87089 ], [ -94.90682, 30.91957 ], [ -94.9676, 30.92011 ] ], [ [ -95.02838, 30.92062 ], [ -95.11955, 30.92133 ], [ -95.11899, 30.96943 ], [ -95.02776, 30.96873 ], [ -95.02838, 30.92062 ] ], [ [ -94.61648, 31.82955 ], [ -94.678, 31.83024 ], [ -94.70708, 31.92651 ], [ -94.67585, 31.95016 ], [ -94.58342, 31.94912 ], [ -94.5848, 31.87717 ], [ -94.61648, 31.82955 ] ] ], [ [ [ -95.20022, 31.90676 ], [ -95.07733, 31.8819 ], [ -95.07793, 31.83393 ], [ -95.04624, 31.90565 ], [ -95.20022, 31.90676 ] ] ], [ [ [ -93.90837, 31.84342 ], [ -93.88036, 31.74694 ], [ -93.81891, 31.74585 ], [ -93.78676, 31.79328 ], [ -93.7846, 31.86523 ], [ -93.84475, 31.91429 ], [ -93.90633, 31.91537 ], [ -93.90837, 31.84342 ] ] ], [ [ [ -93.74357, 32.20024 ], [ -93.71266, 32.19967 ], [ -93.71117, 32.24758 ], [ -93.7421, 32.24816 ], [ -93.74357, 32.20024 ] ] ], [ [ [ -93.83136, 32.36959 ], [ -93.61449, 32.36557 ], [ -93.61136, 32.46134 ], [ -93.66959, 32.58221 ], [ -93.66806, 32.63007 ], [ -93.76134, 32.6318 ], [ -93.75914, 32.70359 ], [ -93.82139, 32.7047 ], [ -93.82282, 32.65685 ], [ -93.79171, 32.6563 ], [ -93.79389, 32.5845 ], [ -93.76281, 32.58394 ], [ -93.76574, 32.4882 ], [ -93.7975, 32.46482 ], [ -93.82852, 32.46537 ], [ -93.83136, 32.36959 ] ] ], [ [ [ -86.28757, 32.33974 ], [ -86.13352, 32.3274 ], [ -86.12063, 32.42269 ], [ -86.24084, 32.45642 ], [ -86.24721, 32.40877 ], [ -86.27806, 32.41123 ], [ -86.28757, 32.33974 ] ] ] ] } },
{ "type": "Feature", "properties": { "ID": 51 }, "geometry": { "type": "MultiPolygon", "coordinates": [ [ [ [ -94.94834, 30.12506 ], [ -94.94767, 30.17328 ], [ -95.00754, 30.19791 ], [ -95.12794, 30.19886 ], [ -95.21849, 30.17538 ], [ -95.21899, 30.12715 ], [ -95.15938, 30.07851 ], [ -95.03916, 30.07759 ], [ -95.03856, 30.12582 ], [ -94.94834, 30.12506 ] ] ], [ [ [ -95.66884, 30.41853 ], [ -95.63888, 30.37025 ], [ -95.54837, 30.36994 ], [ -95.54707, 30.58674 ], [ -95.63784, 30.58706 ], [ -95.69855, 30.53906 ], [ -95.69874, 30.49089 ], [ -95.66884, 30.41853 ] ] ], [ [ [ -92.08771, 31.34188 ], [ -91.96556, 31.33786 ], [ -91.99222, 31.41088 ], [ -91.98445, 31.55484 ], [ -92.07506, 31.58184 ], [ -92.07759, 31.53387 ], [ -92.16945, 31.53681 ], [ -92.20252, 31.48979 ], [ -92.20619, 31.41779 ], [ -92.11449, 31.41488 ], [ -92.08771, 31.34188 ] ] ], [ [ [ -90.00153, 29.88054 ], [ -89.99204, 30.00096 ], [ -89.95634, 30.07165 ], [ -90.19631, 30.0837 ], [ -90.25995, 30.03848 ], [ -90.26539, 29.96623 ], [ -90.20915, 29.91513 ], [ -90.11935, 29.91068 ], [ -90.09502, 29.83691 ], [ -90.03522, 29.83389 ], [ -90.00153, 29.88054 ] ] ], [ [ [ -88.05905, 30.63628 ], [ -88.0867, 30.66228 ], [ -88.23763, 30.67223 ], [ -88.23515, 30.69622 ], [ -88.41637, 30.7079 ], [ -88.42122, 30.6599 ], [ -88.54199, 30.66753 ], [ -88.53722, 30.71553 ], [ -88.63023, 30.69718 ], [ -89.02308, 30.72083 ], [ -89.11598, 30.7021 ], [ -89.12037, 30.65408 ], [ -89.30162, 30.66442 ], [ -89.36629, 30.61976 ], [ -89.4028, 30.54938 ], [ -89.46314, 30.55271 ], [ -89.5016, 30.45824 ], [ -89.71258, 30.46961 ], [ -89.75068, 30.37503 ], [ -89.84101, 30.37976 ], [ -89.84492, 30.33167 ], [ -90.1158, 30.34543 ], [ -90.11393, 30.36948 ], [ -90.47536, 30.38687 ], [ -90.53909, 30.34155 ], [ -90.63113, 30.32162 ], [ -90.84187, 30.33098 ], [ -90.84679, 30.25878 ], [ -90.88012, 30.21194 ], [ -90.97032, 30.21581 ], [ -90.96553, 30.28802 ], [ -91.05582, 30.29183 ], [ -91.05267, 30.33997 ], [ -91.17161, 30.369 ], [ -91.16084, 30.53742 ], [ -91.22124, 30.53986 ], [ -91.24537, 30.63728 ], [ -91.23777, 30.75749 ], [ -91.29835, 30.75989 ], [ -91.28931, 30.90409 ], [ -91.37739, 30.95569 ], [ -91.35954, 31.24386 ], [ -91.38409, 31.34104 ], [ -91.41461, 31.3422 ], [ -91.40721, 31.46217 ], [ -91.46837, 31.46448 ], [ -91.52953, 31.46676 ], [ -91.56869, 31.32391 ], [ -91.72132, 31.32943 ], [ -91.72407, 31.28142 ], [ -91.90714, 31.28779 ], [ -91.90977, 31.23977 ], [ -92.00254, 31.21883 ], [ -92.03813, 31.12377 ], [ -92.04194, 31.05171 ], [ -91.92027, 31.04763 ], [ -91.88722, 31.09464 ], [ -91.83171, 30.99644 ], [ -91.83438, 30.94838 ], [ -91.98626, 30.95357 ], [ -91.98883, 30.9055 ], [ -92.07991, 30.90852 ], [ -92.17223, 30.88743 ], [ -92.19893, 30.96051 ], [ -92.32047, 30.9643 ], [ -92.31929, 30.98834 ], [ -92.47128, 30.99291 ], [ -92.44316, 30.94394 ], [ -92.44658, 30.87182 ], [ -92.50728, 30.8736 ], [ -92.51063, 30.80147 ], [ -92.57347, 30.75512 ], [ -92.57566, 30.70701 ], [ -92.69681, 30.71043 ], [ -92.69892, 30.66231 ], [ -92.88055, 30.6672 ], [ -92.88254, 30.61907 ], [ -93.00356, 30.62218 ], [ -93.00547, 30.57404 ], [ -93.12643, 30.57702 ], [ -93.12918, 30.5048 ], [ -93.21892, 30.53103 ], [ -93.49094, 30.53708 ], [ -93.54983, 30.58649 ], [ -93.70108, 30.5895 ], [ -93.82485, 30.49547 ], [ -93.82624, 30.4473 ], [ -93.8873, 30.4243 ], [ -94.03823, 30.42689 ], [ -94.15839, 30.45291 ], [ -94.21992, 30.40565 ], [ -94.25177, 30.33382 ], [ -94.49299, 30.33713 ], [ -94.49395, 30.28893 ], [ -94.58436, 30.29005 ], [ -94.61581, 30.21809 ], [ -94.67687, 30.17056 ], [ -94.79722, 30.17185 ], [ -94.88714, 30.19684 ], [ -94.91758, 30.17301 ], [ -94.9193, 30.05243 ], [ -94.88996, 30.00391 ], [ -94.82991, 30.00333 ], [ -94.83139, 29.90682 ], [ -94.74144, 29.90589 ], [ -94.73984, 30.0024 ], [ -94.709, 30.05032 ], [ -94.46868, 30.04745 ], [ -94.4076, 30.09489 ], [ -94.25732, 30.09277 ], [ -94.19835, 30.04363 ], [ -94.25952, 29.99629 ], [ -94.26063, 29.94804 ], [ -94.14063, 29.94621 ], [ -94.05003, 29.96888 ], [ -94.04632, 30.11359 ], [ -93.95548, 30.13617 ], [ -93.95678, 30.08795 ], [ -93.74643, 30.08412 ], [ -93.71493, 30.13177 ], [ -93.71275, 30.20409 ], [ -93.62247, 30.20231 ], [ -93.59467, 30.12938 ], [ -93.38422, 30.12491 ], [ -93.3224, 30.17178 ], [ -93.31985, 30.24408 ], [ -93.28802, 30.29158 ], [ -93.19764, 30.28948 ], [ -93.20031, 30.21719 ], [ -93.2605, 30.2186 ], [ -93.26398, 30.12219 ], [ -93.1738, 30.12007 ], [ -93.14465, 30.09524 ], [ -93.05451, 30.09302 ], [ -92.99346, 30.11562 ], [ -92.99156, 30.16382 ], [ -92.92946, 30.21048 ], [ -92.83919, 30.2081 ], [ -92.8412, 30.1599 ], [ -92.78208, 30.13418 ], [ -92.63179, 30.12999 ], [ -92.62965, 30.17819 ], [ -92.44921, 30.17291 ], [ -92.45146, 30.12471 ], [ -92.30121, 30.12011 ], [ -92.24231, 30.09411 ], [ -92.21707, 29.99674 ], [ -92.1283, 29.96971 ], [ -92.00836, 29.9657 ], [ -91.88582, 30.00979 ], [ -91.82847, 29.95947 ], [ -91.83111, 29.91126 ], [ -91.74123, 29.90804 ], [ -91.70856, 29.95517 ], [ -91.69903, 30.12386 ], [ -91.75912, 30.12603 ], [ -91.78515, 30.19937 ], [ -91.77711, 30.34386 ], [ -91.80324, 30.41715 ], [ -91.59214, 30.4095 ], [ -91.50311, 30.38203 ], [ -91.44573, 30.33159 ], [ -91.41998, 30.2582 ], [ -91.32971, 30.25468 ], [ -91.30559, 30.15716 ], [ -91.24549, 30.15476 ], [ -91.21999, 30.08129 ], [ -91.15996, 30.07884 ], [ -91.13457, 30.00533 ], [ -91.0746, 30.00284 ], [ -91.08238, 29.88235 ], [ -91.05557, 29.83289 ], [ -90.8777, 29.80109 ], [ -90.82117, 29.75025 ], [ -90.79622, 29.67659 ], [ -90.58728, 29.66713 ], [ -90.58215, 29.73946 ], [ -90.70165, 29.74492 ], [ -90.7581, 29.79582 ], [ -90.78306, 29.86946 ], [ -90.90278, 29.87471 ], [ -90.9279, 29.9483 ], [ -90.86636, 29.96979 ], [ -90.62665, 29.9591 ], [ -90.62324, 30.00728 ], [ -90.41342, 29.99752 ], [ -90.40456, 30.11792 ], [ -90.46109, 30.1689 ], [ -90.55121, 30.17309 ], [ -90.5761, 30.24668 ], [ -90.54256, 30.29343 ], [ -90.42221, 30.28782 ], [ -90.36383, 30.26091 ], [ -90.24171, 30.27918 ], [ -90.23805, 30.32729 ], [ -90.11767, 30.32138 ], [ -90.02929, 30.2928 ], [ -90.03308, 30.24469 ], [ -89.94483, 30.21605 ], [ -89.61438, 30.19866 ], [ -89.61032, 30.24676 ], [ -89.46007, 30.23855 ], [ -89.42794, 30.26093 ], [ -89.42167, 30.33307 ], [ -89.38739, 30.37947 ], [ -89.2068, 30.36926 ], [ -89.20248, 30.41733 ], [ -89.11215, 30.41212 ], [ -89.04752, 30.45666 ], [ -89.04309, 30.50471 ], [ -88.95266, 30.49937 ], [ -88.94817, 30.54741 ], [ -88.82755, 30.54019 ], [ -88.76955, 30.51252 ], [ -88.67914, 30.50698 ], [ -88.64432, 30.55314 ], [ -88.55387, 30.54751 ], [ -88.52848, 30.49759 ], [ -88.47063, 30.46977 ], [ -88.32007, 30.46012 ], [ -88.32496, 30.41209 ], [ -88.20462, 30.40424 ], [ -88.19966, 30.45226 ], [ -88.10936, 30.44628 ], [ -88.07674, 30.46829 ], [ -88.04411, 30.49027 ], [ -88.02888, 30.63426 ], [ -88.05905, 30.63628 ] ], [ [ -91.80535, 30.92329 ], [ -91.83438, 30.94838 ], [ -91.80401, 30.94732 ], [ -91.74053, 30.99323 ], [ -91.71427, 30.92006 ], [ -91.7777, 30.87415 ], [ -91.80535, 30.92329 ] ], [ [ -92.13381, 30.45249 ], [ -92.13135, 30.50063 ], [ -92.06845, 30.54677 ], [ -91.9476, 30.54272 ], [ -91.95276, 30.44645 ], [ -92.13381, 30.45249 ] ], [ [ -92.30312, 30.69888 ], [ -92.24256, 30.69698 ], [ -92.20986, 30.74413 ], [ -92.15173, 30.69409 ], [ -92.15542, 30.62192 ], [ -92.24616, 30.62481 ], [ -92.24376, 30.67293 ], [ -92.30312, 30.69888 ] ] ], [ [ [ -85.49765, 30.24319 ], [ -85.70725, 30.26166 ], [ -85.79387, 30.29342 ], [ -85.84736, 30.34652 ], [ -85.8677, 30.42097 ], [ -85.92454, 30.45005 ], [ -86.07472, 30.46273 ], [ -86.16173, 30.49421 ], [ -86.15546, 30.54212 ], [ -86.30587, 30.55451 ], [ -86.36298, 30.58337 ], [ -86.5135, 30.59549 ], [ -86.5406, 30.62185 ], [ -86.63097, 30.62902 ], [ -86.65215, 30.70326 ], [ -86.8633, 30.71966 ], [ -86.86621, 30.6957 ], [ -87.19809, 30.72072 ], [ -87.3216, 30.70561 ], [ -87.32713, 30.65766 ], [ -87.53829, 30.67287 ], [ -87.60935, 30.58122 ], [ -87.61469, 30.53324 ], [ -87.7653, 30.54378 ], [ -87.78758, 30.61784 ], [ -87.84789, 30.62199 ], [ -87.83487, 30.74192 ], [ -87.89011, 30.794 ], [ -87.88232, 30.86593 ], [ -87.94284, 30.87003 ], [ -88.00849, 30.82614 ], [ -87.98593, 30.75217 ], [ -87.99616, 30.65623 ], [ -87.96598, 30.65419 ], [ -87.96854, 30.6302 ], [ -87.90821, 30.62611 ], [ -87.9211, 30.50614 ], [ -87.86087, 30.50202 ], [ -87.83596, 30.45195 ], [ -87.84375, 30.37994 ], [ -87.75356, 30.37369 ], [ -87.636, 30.34125 ], [ -87.60063, 30.38713 ], [ -87.51046, 30.3807 ], [ -87.44491, 30.42437 ], [ -87.40665, 30.49417 ], [ -87.31637, 30.48759 ], [ -87.22051, 30.52892 ], [ -87.21492, 30.57688 ], [ -87.0916, 30.59188 ], [ -87.09727, 30.54393 ], [ -86.91667, 30.53024 ], [ -86.85939, 30.50164 ], [ -86.8652, 30.45368 ], [ -86.77209, 30.47067 ], [ -86.5316, 30.4517 ], [ -86.53461, 30.42773 ], [ -86.38442, 30.41562 ], [ -86.3783, 30.46356 ], [ -86.16799, 30.44629 ], [ -86.20737, 30.37688 ], [ -86.15048, 30.34793 ], [ -86.15673, 30.29998 ], [ -86.0668, 30.29246 ], [ -86.0731, 30.24451 ], [ -85.98324, 30.23692 ], [ -85.86988, 30.17874 ], [ -85.63056, 30.15792 ], [ -85.5043, 30.19526 ], [ -85.49765, 30.24319 ] ] ], [ [ [ -80.16132, 32.61743 ], [ -80.15097, 32.66464 ], [ -80.07921, 32.70385 ], [ -80.0427, 32.86897 ], [ -80.135, 32.88096 ], [ -80.20691, 32.84173 ], [ -80.25829, 32.75131 ], [ -80.31975, 32.75921 ], [ -80.53963, 32.61741 ], [ -80.54972, 32.57017 ], [ -80.6724, 32.58565 ], [ -80.75368, 32.49881 ], [ -80.76361, 32.45153 ], [ -80.86044, 32.43935 ], [ -80.98659, 32.28517 ], [ -80.99635, 32.23784 ], [ -81.14913, 32.25663 ], [ -81.18285, 32.09091 ], [ -81.27913, 32.07839 ], [ -81.28867, 32.03102 ], [ -81.41061, 32.04578 ], [ -81.45054, 32.00206 ], [ -81.46937, 31.90726 ], [ -81.44365, 31.87989 ], [ -81.49284, 31.78871 ], [ -81.51624, 31.67012 ], [ -81.4859, 31.66647 ], [ -81.50927, 31.54784 ], [ -81.55817, 31.45655 ], [ -81.62794, 31.41634 ], [ -81.6694, 31.20256 ], [ -81.74344, 31.13849 ], [ -81.76168, 31.0434 ], [ -81.84001, 30.95545 ], [ -81.819, 30.9043 ], [ -81.84612, 30.76153 ], [ -81.69621, 30.74353 ], [ -81.70797, 30.84232 ], [ -81.63878, 30.88265 ], [ -81.61582, 31.00154 ], [ -81.56729, 31.09298 ], [ -81.49315, 31.15695 ], [ -81.45588, 31.34695 ], [ -81.38139, 31.41081 ], [ -81.35314, 31.55319 ], [ -81.32286, 31.54949 ], [ -81.2897, 31.71551 ], [ -81.08507, 31.95752 ], [ -80.99377, 31.94621 ], [ -80.98405, 31.99357 ], [ -80.9036, 32.08069 ], [ -80.87312, 32.07688 ], [ -80.84364, 32.21887 ], [ -80.69101, 32.19969 ], [ -80.69598, 32.17604 ], [ -80.68106, 32.247 ], [ -80.63055, 32.33772 ], [ -80.53885, 32.32609 ], [ -80.48811, 32.41673 ], [ -80.41677, 32.45616 ], [ -80.40661, 32.50341 ], [ -80.34536, 32.49555 ], [ -80.3045, 32.53885 ], [ -80.25332, 32.62934 ], [ -80.16132, 32.61743 ] ] ], [ [ [ -79.97067, 32.9081 ], [ -79.87308, 32.91956 ], [ -79.8317, 32.96265 ], [ -79.81578, 33.03335 ], [ -79.87743, 33.04146 ], [ -79.94963, 33.0024 ], [ -79.97067, 32.9081 ] ] ], [ [ [ -79.23515, 33.34388 ], [ -79.16221, 33.38248 ], [ -79.10036, 33.37403 ], [ -79.07804, 33.46806 ], [ -78.99928, 33.53006 ], [ -79.05006, 33.58555 ], [ -79.12326, 33.54703 ], [ -79.15666, 33.406 ], [ -79.23515, 33.34388 ] ] ] ] } },
{ "type": "Feature", "properties": { "ID": 52 }, "geometry": { "type": "MultiPolygon", "coordinates": [ [ [ [ -96.32811, 29.28404 ], [ -96.29874, 29.38083 ], [ -96.23918, 29.38097 ], [ -96.2394, 29.45349 ], [ -96.29902, 29.45335 ], [ -96.32863, 29.40493 ], [ -96.32811, 29.28404 ] ] ], [ [ [ -96.03084, 29.71948 ], [ -96.00092, 29.79192 ], [ -96.03089, 29.8402 ], [ -96.09081, 29.84017 ], [ -96.09061, 29.67115 ], [ -96.03084, 29.71948 ] ] ], [ [ [ -94.69911, 30.62867 ], [ -94.70077, 30.53235 ], [ -94.76123, 30.53299 ], [ -94.79262, 30.46105 ], [ -95.00406, 30.46301 ], [ -95.03365, 30.51143 ], [ -95.02994, 30.80033 ], [ -95.09033, 30.82487 ], [ -95.18139, 30.82552 ], [ -95.21073, 30.92196 ], [ -95.33229, 30.9227 ], [ -95.3635, 30.82663 ], [ -95.36411, 30.75444 ], [ -95.30391, 30.70596 ], [ -95.213, 30.70539 ], [ -95.21651, 30.36822 ], [ -95.33781, 30.29665 ], [ -95.33676, 30.41714 ], [ -95.36655, 30.46549 ], [ -95.42696, 30.4658 ], [ -95.48689, 30.53833 ], [ -95.54736, 30.53858 ], [ -95.54837, 30.36994 ], [ -95.63888, 30.37025 ], [ -95.66884, 30.41853 ], [ -95.69874, 30.49089 ], [ -95.97071, 30.49126 ], [ -96.00093, 30.41899 ], [ -96.00093, 30.3708 ], [ -95.78973, 30.37062 ], [ -95.75979, 30.29826 ], [ -95.69951, 30.29812 ], [ -95.63946, 30.24974 ], [ -95.63968, 30.20153 ], [ -95.54952, 30.17711 ], [ -95.48965, 30.12863 ], [ -95.48998, 30.0804 ], [ -95.3397, 30.07965 ], [ -95.33928, 30.12789 ], [ -95.21899, 30.12715 ], [ -95.21849, 30.17538 ], [ -95.12794, 30.19886 ], [ -95.00754, 30.19791 ], [ -94.94767, 30.17328 ], [ -94.94834, 30.12506 ], [ -94.91758, 30.17301 ], [ -94.88714, 30.19684 ], [ -94.79722, 30.17185 ], [ -94.67687, 30.17056 ], [ -94.61581, 30.21809 ], [ -94.58436, 30.29005 ], [ -94.49395, 30.28893 ], [ -94.49299, 30.33713 ], [ -94.25177, 30.33382 ], [ -94.21992, 30.40565 ], [ -94.15839, 30.45291 ], [ -94.03823, 30.42689 ], [ -93.8873, 30.4243 ], [ -93.82624, 30.4473 ], [ -93.82485, 30.49547 ], [ -93.70108, 30.5895 ], [ -93.54983, 30.58649 ], [ -93.57854, 30.63525 ], [ -93.66934, 30.63706 ], [ -93.76086, 30.61473 ], [ -93.7883, 30.71157 ], [ -94.0004, 30.71531 ], [ -94.0907, 30.74087 ], [ -94.08948, 30.78899 ], [ -94.11981, 30.78947 ], [ -94.11861, 30.83759 ], [ -94.20966, 30.83899 ], [ -94.24114, 30.79132 ], [ -94.24395, 30.67099 ], [ -94.3651, 30.67271 ], [ -94.36614, 30.62457 ], [ -94.48722, 30.62616 ], [ -94.48818, 30.57801 ], [ -94.63944, 30.57983 ], [ -94.69911, 30.62867 ] ] ], [ [ [ -96.21246, 30.49108 ], [ -96.09159, 30.49123 ], [ -96.09165, 30.5394 ], [ -95.91022, 30.53941 ], [ -95.9101, 30.63573 ], [ -95.87971, 30.70793 ], [ -96.00093, 30.70799 ], [ -96.00093, 30.65984 ], [ -96.12208, 30.65978 ], [ -96.15222, 30.58751 ], [ -96.21274, 30.58742 ], [ -96.24284, 30.53919 ], [ -96.21246, 30.49108 ] ] ], [ [ [ -95.69768, 30.75575 ], [ -95.69817, 30.63538 ], [ -95.57706, 30.63501 ], [ -95.57638, 30.75538 ], [ -95.69768, 30.75575 ] ] ], [ [ [ -95.69759, 30.77981 ], [ -95.66683, 30.87598 ], [ -95.66661, 30.9241 ], [ -95.6972, 30.87606 ], [ -95.7581, 30.82808 ], [ -95.69759, 30.77981 ] ] ], [ [ [ -93.99077, 31.0761 ], [ -93.98753, 31.19627 ], [ -94.07903, 31.19777 ], [ -94.07779, 31.24583 ], [ -94.2609, 31.24861 ], [ -94.38038, 31.37043 ], [ -94.47209, 31.37163 ], [ -94.47357, 31.29956 ], [ -94.41249, 31.29877 ], [ -94.38403, 31.20225 ], [ -94.32302, 31.20142 ], [ -94.32464, 31.12932 ], [ -94.26481, 31.08037 ], [ -94.17346, 31.07902 ], [ -94.17463, 31.03094 ], [ -94.08334, 31.02951 ], [ -94.08211, 31.07759 ], [ -93.99077, 31.0761 ] ] ], [ [ [ -93.52933, 31.21178 ], [ -93.52615, 31.30787 ], [ -93.58645, 31.33313 ], [ -93.61469, 31.40578 ], [ -93.67586, 31.40698 ], [ -93.67135, 31.55103 ], [ -93.76327, 31.55276 ], [ -93.7611, 31.62476 ], [ -93.82244, 31.62588 ], [ -93.79391, 31.55332 ], [ -93.79676, 31.45729 ], [ -93.73556, 31.45616 ], [ -93.74212, 31.24 ], [ -93.71234, 31.2154 ], [ -93.62084, 31.21362 ], [ -93.59188, 31.16496 ], [ -93.52933, 31.21178 ] ] ], [ [ [ -95.07793, 31.83393 ], [ -95.07733, 31.8819 ], [ -95.20022, 31.90676 ], [ -95.2926, 31.90733 ], [ -95.32296, 31.95547 ], [ -95.38459, 31.9558 ], [ -95.41579, 31.90799 ], [ -95.41636, 31.83602 ], [ -95.44749, 31.78818 ], [ -95.50898, 31.78845 ], [ -95.57075, 31.74069 ], [ -95.57117, 31.66869 ], [ -95.38699, 31.6679 ], [ -95.38738, 31.6199 ], [ -95.29535, 31.61939 ], [ -95.29808, 31.33121 ], [ -95.2064, 31.33065 ], [ -95.20538, 31.42673 ], [ -95.11359, 31.42609 ], [ -95.08269, 31.44988 ], [ -95.08151, 31.54593 ], [ -95.17345, 31.5466 ], [ -95.17211, 31.66662 ], [ -95.08002, 31.66596 ], [ -95.07943, 31.71396 ], [ -94.83371, 31.71185 ], [ -94.80222, 31.75954 ], [ -94.74075, 31.75892 ], [ -94.73871, 31.87886 ], [ -94.79949, 31.92745 ], [ -94.92271, 31.92861 ], [ -94.92411, 31.83266 ], [ -95.07793, 31.83393 ] ] ], [ [ [ -93.76428, 32.53607 ], [ -93.89057, 32.46645 ], [ -93.7975, 32.46482 ], [ -93.76574, 32.4882 ], [ -93.76428, 32.53607 ] ] ], [ [ [ -92.13381, 30.45249 ], [ -91.95276, 30.44645 ], [ -91.9476, 30.54272 ], [ -92.06845, 30.54677 ], [ -92.13135, 30.50063 ], [ -92.13381, 30.45249 ] ] ], [ [ [ -92.30312, 30.69888 ], [ -92.24376, 30.67293 ], [ -92.24616, 30.62481 ], [ -92.15542, 30.62192 ], [ -92.15173, 30.69409 ], [ -92.20986, 30.74413 ], [ -92.24256, 30.69698 ], [ -92.30312, 30.69888 ] ] ], [ [ [ -91.80535, 30.92329 ], [ -91.7777, 30.87415 ], [ -91.71427, 30.92006 ], [ -91.80535, 30.92329 ] ] ], [ [ [ -91.80401, 30.94732 ], [ -91.83438, 30.94838 ], [ -91.80535, 30.92329 ], [ -91.80401, 30.94732 ] ] ], [ [ [ -91.80149, 32.07697 ], [ -91.73982, 32.07483 ], [ -91.67533, 32.12056 ], [ -91.70618, 32.12165 ], [ -91.69918, 32.24135 ], [ -91.82281, 32.24564 ], [ -91.82553, 32.19776 ], [ -91.9491, 32.20192 ], [ -92.04565, 32.13311 ], [ -92.13825, 32.13608 ], [ -92.10991, 32.08719 ], [ -92.11497, 31.99137 ], [ -92.05464, 31.96543 ], [ -92.02901, 31.86857 ], [ -92.09052, 31.87057 ], [ -92.09433, 31.79866 ], [ -92.15578, 31.80062 ], [ -92.21969, 31.7546 ], [ -92.22214, 31.70664 ], [ -92.59047, 31.71755 ], [ -92.71752, 31.62499 ], [ -92.7207, 31.55301 ], [ -92.65944, 31.55134 ], [ -92.63316, 31.45449 ], [ -92.57199, 31.45277 ], [ -92.54474, 31.37989 ], [ -92.48476, 31.35411 ], [ -92.48816, 31.28208 ], [ -92.57971, 31.28472 ], [ -92.57751, 31.33274 ], [ -92.69967, 31.33615 ], [ -92.69435, 31.45618 ], [ -92.75553, 31.45784 ], [ -92.7882, 31.41065 ], [ -92.79544, 31.24256 ], [ -92.829, 31.17131 ], [ -92.79853, 31.1705 ], [ -92.80674, 30.97825 ], [ -92.77945, 30.90531 ], [ -92.8412, 30.88289 ], [ -92.9039, 30.83638 ], [ -92.99493, 30.8387 ], [ -93.08969, 30.74474 ], [ -93.09433, 30.62443 ], [ -93.12643, 30.57702 ], [ -93.00547, 30.57404 ], [ -93.00356, 30.62218 ], [ -92.88254, 30.61907 ], [ -92.88055, 30.6672 ], [ -92.69892, 30.66231 ], [ -92.69681, 30.71043 ], [ -92.57566, 30.70701 ], [ -92.57347, 30.75512 ], [ -92.51063, 30.80147 ], [ -92.50728, 30.8736 ], [ -92.44658, 30.87182 ], [ -92.44316, 30.94394 ], [ -92.47128, 30.99291 ], [ -92.38008, 30.99019 ], [ -92.34499, 31.08538 ], [ -92.19282, 31.08065 ], [ -92.13444, 31.03065 ], [ -92.13568, 31.00663 ], [ -92.04448, 31.00365 ], [ -92.03813, 31.12377 ], [ -92.00254, 31.21883 ], [ -92.0343, 31.19583 ], [ -92.12574, 31.19881 ], [ -92.11824, 31.34287 ], [ -92.08771, 31.34188 ], [ -92.11449, 31.41488 ], [ -92.20619, 31.41779 ], [ -92.20252, 31.48979 ], [ -92.16945, 31.53681 ], [ -92.07759, 31.53387 ], [ -92.07506, 31.58184 ], [ -91.92189, 31.57678 ], [ -91.91528, 31.69669 ], [ -91.94334, 31.74567 ], [ -92.00474, 31.74771 ], [ -91.99956, 31.8436 ], [ -91.90733, 31.84053 ], [ -91.88194, 31.7436 ], [ -91.81783, 31.78945 ], [ -91.75639, 31.78732 ], [ -91.72012, 31.8821 ], [ -91.7495, 31.90714 ], [ -91.8418, 31.91033 ], [ -91.86989, 31.9593 ], [ -91.86586, 32.03117 ], [ -91.80149, 32.07697 ] ] ], [ [ [ -91.66262, 32.336 ], [ -91.56979, 32.33268 ], [ -91.53593, 32.37941 ], [ -91.56399, 32.42839 ], [ -91.59353, 32.45343 ], [ -91.65836, 32.40779 ], [ -91.66262, 32.336 ] ] ], [ [ [ -85.15818, 30.28526 ], [ -85.17535, 30.1655 ], [ -85.05579, 30.15445 ], [ -85.04191, 30.25025 ], [ -84.95216, 30.24187 ], [ -84.96808, 30.34044 ], [ -85.03148, 30.32208 ], [ -85.12134, 30.33039 ], [ -85.15818, 30.28526 ] ] ], [ [ [ -84.55708, 30.44695 ], [ -84.61705, 30.45274 ], [ -84.62428, 30.4049 ], [ -84.65425, 30.40778 ], [ -84.65785, 30.38386 ], [ -84.62789, 30.38098 ], [ -84.63511, 30.33312 ], [ -84.56798, 30.37519 ], [ -84.50808, 30.36938 ], [ -84.50078, 30.41722 ], [ -84.47081, 30.4143 ], [ -84.46348, 30.46213 ], [ -84.55344, 30.47087 ], [ -84.55708, 30.44695 ] ] ], [ [ [ -85.54426, 30.34433 ], [ -85.71763, 30.40802 ], [ -85.69471, 30.57564 ], [ -85.78494, 30.58345 ], [ -85.83863, 30.63649 ], [ -85.8289, 30.7083 ], [ -85.94945, 30.71855 ], [ -85.95586, 30.67068 ], [ -86.04623, 30.67828 ], [ -86.13347, 30.70976 ], [ -86.13976, 30.66187 ], [ -86.20626, 30.61896 ], [ -86.2966, 30.62637 ], [ -86.31745, 30.70068 ], [ -86.4079, 30.70801 ], [ -86.46212, 30.76075 ], [ -86.45297, 30.83258 ], [ -86.54056, 30.86375 ], [ -86.78236, 30.88268 ], [ -86.78826, 30.83478 ], [ -86.93935, 30.84636 ], [ -87.0329, 30.82926 ], [ -87.03863, 30.78135 ], [ -87.21986, 30.79484 ], [ -87.30772, 30.82544 ], [ -87.45887, 30.83637 ], [ -87.45341, 30.88429 ], [ -87.57174, 30.91686 ], [ -87.59663, 30.96691 ], [ -87.71515, 30.99932 ], [ -87.83639, 31.00766 ], [ -87.85888, 31.0816 ], [ -87.94992, 31.08775 ], [ -87.98542, 31.04187 ], [ -87.99825, 30.92204 ], [ -88.03364, 30.87612 ], [ -88.18499, 30.88612 ], [ -88.18749, 30.86214 ], [ -88.31348, 30.82204 ], [ -88.40425, 30.82785 ], [ -88.4091, 30.77987 ], [ -88.80232, 30.80425 ], [ -88.86056, 30.83188 ], [ -89.10276, 30.84612 ], [ -89.16114, 30.8736 ], [ -89.15676, 30.92159 ], [ -89.28017, 30.90448 ], [ -89.46205, 30.91456 ], [ -89.45786, 30.96256 ], [ -89.60956, 30.97075 ], [ -89.61774, 30.87475 ], [ -89.79959, 30.88432 ], [ -89.83385, 30.83787 ], [ -89.8437, 30.71779 ], [ -89.90809, 30.67285 ], [ -89.94605, 30.57828 ], [ -90.01026, 30.53327 ], [ -90.13097, 30.53929 ], [ -90.13471, 30.49121 ], [ -90.34587, 30.50145 ], [ -90.31932, 30.45191 ], [ -90.59071, 30.46459 ], [ -90.67949, 30.49273 ], [ -90.70629, 30.54217 ], [ -90.70123, 30.61431 ], [ -90.76167, 30.61698 ], [ -90.78524, 30.71446 ], [ -90.87439, 30.74243 ], [ -90.86783, 30.83855 ], [ -90.92846, 30.84114 ], [ -90.95393, 30.9145 ], [ -91.01143, 30.96509 ], [ -91.07217, 30.9676 ], [ -91.09782, 31.0409 ], [ -91.08203, 31.28096 ], [ -91.13363, 31.4274 ], [ -91.12419, 31.57129 ], [ -91.18231, 31.6217 ], [ -91.16354, 31.90927 ], [ -91.28658, 31.9141 ], [ -91.3219, 31.84341 ], [ -91.32796, 31.74756 ], [ -91.36317, 31.67682 ], [ -91.4245, 31.67915 ], [ -91.43041, 31.58325 ], [ -91.40425, 31.51014 ], [ -91.46837, 31.46448 ], [ -91.40721, 31.46217 ], [ -91.41461, 31.3422 ], [ -91.38409, 31.34104 ], [ -91.35954, 31.24386 ], [ -91.37739, 30.95569 ], [ -91.28931, 30.90409 ], [ -91.29835, 30.75989 ], [ -91.23777, 30.75749 ], [ -91.24537, 30.63728 ], [ -91.22124, 30.53986 ], [ -91.16084, 30.53742 ], [ -91.17161, 30.369 ], [ -91.05267, 30.33997 ], [ -91.05582, 30.29183 ], [ -90.96553, 30.28802 ], [ -90.97032, 30.21581 ], [ -90.88012, 30.21194 ], [ -90.84679, 30.25878 ], [ -90.84187, 30.33098 ], [ -90.63113, 30.32162 ], [ -90.53909, 30.34155 ], [ -90.47536, 30.38687 ], [ -90.11393, 30.36948 ], [ -90.1158, 30.34543 ], [ -89.84492, 30.33167 ], [ -89.84101, 30.37976 ], [ -89.75068, 30.37503 ], [ -89.71258, 30.46961 ], [ -89.5016, 30.45824 ], [ -89.46314, 30.55271 ], [ -89.4028, 30.54938 ], [ -89.36629, 30.61976 ], [ -89.30162, 30.66442 ], [ -89.12037, 30.65408 ], [ -89.11598, 30.7021 ], [ -89.02308, 30.72083 ], [ -88.63023, 30.69718 ], [ -88.53722, 30.71553 ], [ -88.54199, 30.66753 ], [ -88.42122, 30.6599 ], [ -88.41637, 30.7079 ], [ -88.23515, 30.69622 ], [ -88.23763, 30.67223 ], [ -88.0867, 30.66228 ], [ -88.05905, 30.63628 ], [ -87.99871, 30.63224 ], [ -87.98593, 30.75217 ], [ -88.00849, 30.82614 ], [ -87.94284, 30.87003 ], [ -87.88232, 30.86593 ], [ -87.89011, 30.794 ], [ -87.83487, 30.74192 ], [ -87.84789, 30.62199 ], [ -87.78758, 30.61784 ], [ -87.7653, 30.54378 ], [ -87.61469, 30.53324 ], [ -87.60935, 30.58122 ], [ -87.53829, 30.67287 ], [ -87.32713, 30.65766 ], [ -87.3216, 30.70561 ], [ -87.19809, 30.72072 ], [ -86.86621, 30.6957 ], [ -86.8633, 30.71966 ], [ -86.65215, 30.70326 ], [ -86.63097, 30.62902 ], [ -86.5406, 30.62185 ], [ -86.5135, 30.59549 ], [ -86.36298, 30.58337 ], [ -86.30587, 30.55451 ], [ -86.15546, 30.54212 ], [ -86.16173, 30.49421 ], [ -86.07472, 30.46273 ], [ -85.92454, 30.45005 ], [ -85.8677, 30.42097 ], [ -85.84736, 30.34652 ], [ -85.79387, 30.29342 ], [ -85.70725, 30.26166 ], [ -85.49765, 30.24319 ], [ -85.38129, 30.20851 ], [ -85.34462, 30.25372 ], [ -85.33447, 30.32557 ], [ -85.54426, 30.34433 ] ] ], [ [ [ -84.88521, 30.69646 ], [ -84.84089, 30.78925 ], [ -84.90115, 30.79489 ], [ -84.88521, 30.69646 ] ] ], [ [ [ -85.40264, 31.56618 ], [ -85.45677, 31.61924 ], [ -85.54824, 31.6272 ], [ -85.54149, 31.67492 ], [ -85.63639, 31.65895 ], [ -85.62969, 31.70667 ], [ -85.72129, 31.71449 ], [ -85.76507, 31.62164 ], [ -85.91759, 31.63447 ], [ -85.99155, 31.54406 ], [ -86.01411, 31.37688 ], [ -85.9533, 31.37181 ], [ -85.96299, 31.30014 ], [ -85.90224, 31.29504 ], [ -85.91522, 31.19946 ], [ -85.8275, 31.16787 ], [ -85.83402, 31.12007 ], [ -85.74314, 31.11231 ], [ -85.67925, 31.131 ], [ -85.65559, 31.08059 ], [ -85.59504, 31.07534 ], [ -85.46722, 31.11253 ], [ -85.41658, 31.25319 ], [ -85.40636, 31.32482 ], [ -85.55822, 31.33813 ], [ -85.5515, 31.38588 ], [ -85.42993, 31.37525 ], [ -85.40264, 31.56618 ] ], [ [ -85.73655, 31.16011 ], [ -85.79718, 31.16529 ], [ -85.78406, 31.26087 ], [ -85.69301, 31.25308 ], [ -85.73655, 31.16011 ] ] ], [ [ [ -91.49022, 32.11386 ], [ -91.45789, 32.13666 ], [ -91.36532, 32.13318 ], [ -91.33295, 32.15594 ], [ -91.32686, 32.25169 ], [ -91.45048, 32.25635 ], [ -91.45641, 32.1606 ], [ -91.49022, 32.11386 ] ] ], [ [ [ -91.11596, 32.62715 ], [ -91.08973, 32.55419 ], [ -90.99501, 32.57434 ], [ -91.05384, 32.62467 ], [ -91.11596, 32.62715 ] ] ], [ [ [ -86.27488, 32.43505 ], [ -86.30257, 32.46132 ], [ -86.42606, 32.47104 ], [ -86.40773, 32.37331 ], [ -86.34921, 32.34463 ], [ -86.28757, 32.33974 ], [ -86.27488, 32.43505 ] ] ], [ [ [ -90.76235, 32.78038 ], [ -90.75545, 32.87593 ], [ -90.81778, 32.87856 ], [ -90.82629, 32.75912 ], [ -90.76235, 32.78038 ] ] ], [ [ [ -79.05006, 33.58555 ], [ -79.03884, 33.63254 ], [ -78.95987, 33.69449 ], [ -78.94293, 33.76494 ], [ -78.85804, 33.85028 ], [ -78.90894, 33.90579 ], [ -79.03354, 33.92284 ], [ -79.24507, 33.70909 ], [ -79.26724, 33.61509 ], [ -79.34035, 33.57644 ], [ -79.36785, 33.45888 ], [ -79.44075, 33.42016 ], [ -79.45167, 33.37311 ], [ -79.54452, 33.38552 ], [ -79.55537, 33.33846 ], [ -79.69527, 33.28427 ], [ -79.70601, 33.23719 ], [ -79.79873, 33.24941 ], [ -79.94356, 33.17138 ], [ -80.10897, 32.99887 ], [ -80.11939, 32.95171 ], [ -80.27345, 32.97155 ], [ -80.4121, 32.91651 ], [ -80.57581, 32.74326 ], [ -80.5859, 32.69603 ], [ -80.65738, 32.65652 ], [ -80.73875, 32.56971 ], [ -80.83079, 32.58119 ], [ -80.90202, 32.54152 ], [ -80.95234, 32.45074 ], [ -81.10555, 32.46957 ], [ -81.17653, 32.42974 ], [ -81.22162, 32.36248 ], [ -81.29243, 32.32257 ], [ -81.41485, 32.33732 ], [ -81.42434, 32.28997 ], [ -81.54674, 32.30458 ], [ -81.59609, 32.21348 ], [ -81.65723, 32.22072 ], [ -81.77672, 32.08933 ], [ -81.79515, 31.9945 ], [ -81.83482, 31.95065 ], [ -81.77849, 31.91978 ], [ -81.76646, 31.82132 ], [ -81.71026, 31.79041 ], [ -81.7287, 31.69551 ], [ -81.79402, 31.67896 ], [ -81.80776, 31.60775 ], [ -81.75628, 31.5531 ], [ -81.69568, 31.5459 ], [ -81.75532, 31.23715 ], [ -81.82932, 31.17303 ], [ -81.84746, 31.07794 ], [ -81.91672, 31.03751 ], [ -81.98398, 30.68056 ], [ -81.86414, 30.66631 ], [ -81.82517, 30.71034 ], [ -81.84612, 30.76153 ], [ -81.819, 30.9043 ], [ -81.84001, 30.95545 ], [ -81.76168, 31.0434 ], [ -81.74344, 31.13849 ], [ -81.6694, 31.20256 ], [ -81.62794, 31.41634 ], [ -81.55817, 31.45655 ], [ -81.50927, 31.54784 ], [ -81.4859, 31.66647 ], [ -81.51624, 31.67012 ], [ -81.49284, 31.78871 ], [ -81.44365, 31.87989 ], [ -81.46937, 31.90726 ], [ -81.45054, 32.00206 ], [ -81.41061, 32.04578 ], [ -81.28867, 32.03102 ], [ -81.27913, 32.07839 ], [ -81.18285, 32.09091 ], [ -81.14913, 32.25663 ], [ -80.99635, 32.23784 ], [ -80.98659, 32.28517 ], [ -80.86044, 32.43935 ], [ -80.76361, 32.45153 ], [ -80.75368, 32.49881 ], [ -80.6724, 32.58565 ], [ -80.54972, 32.57017 ], [ -80.53963, 32.61741 ], [ -80.31975, 32.75921 ], [ -80.25829, 32.75131 ], [ -80.20691, 32.84173 ], [ -80.135, 32.88096 ], [ -80.0427, 32.86897 ], [ -79.97067, 32.9081 ], [ -79.94963, 33.0024 ], [ -79.87743, 33.04146 ], [ -79.78496, 33.02928 ], [ -79.77431, 33.0764 ], [ -79.6241, 33.1778 ], [ -79.43894, 33.15301 ], [ -79.37178, 33.16822 ], [ -79.32997, 33.21111 ], [ -79.308, 33.30522 ], [ -79.23515, 33.34388 ], [ -79.15666, 33.406 ], [ -79.12326, 33.54703 ], [ -79.05006, 33.58555 ] ] ] ] } },
{ "type": "Feature", "properties": { "ID": 53 }, "geometry": { "type": "MultiPolygon", "coordinates": [ [ [ [ -89.42794, 30.26093 ], [ -89.46007, 30.23855 ], [ -89.61032, 30.24676 ], [ -89.61438, 30.19866 ], [ -89.94483, 30.21605 ], [ -90.03308, 30.24469 ], [ -90.02929, 30.2928 ], [ -90.11767, 30.32138 ], [ -90.23805, 30.32729 ], [ -90.24171, 30.27918 ], [ -90.36383, 30.26091 ], [ -90.42221, 30.28782 ], [ -90.54256, 30.29343 ], [ -90.5761, 30.24668 ], [ -90.55121, 30.17309 ], [ -90.46109, 30.1689 ], [ -90.40456, 30.11792 ], [ -90.41342, 29.99752 ], [ -90.62324, 30.00728 ], [ -90.62665, 29.9591 ], [ -90.86636, 29.96979 ], [ -90.9279, 29.9483 ], [ -90.90278, 29.87471 ], [ -90.78306, 29.86946 ], [ -90.7581, 29.79582 ], [ -90.70165, 29.74492 ], [ -90.58215, 29.73946 ], [ -90.58728, 29.66713 ], [ -90.79622, 29.67659 ], [ -90.82117, 29.75025 ], [ -90.8777, 29.80109 ], [ -91.05557, 29.83289 ], [ -91.08238, 29.88235 ], [ -91.0746, 30.00284 ], [ -91.13457, 30.00533 ], [ -91.15996, 30.07884 ], [ -91.21999, 30.08129 ], [ -91.24549, 30.15476 ], [ -91.30559, 30.15716 ], [ -91.32971, 30.25468 ], [ -91.41998, 30.2582 ], [ -91.44573, 30.33159 ], [ -91.50311, 30.38203 ], [ -91.59214, 30.4095 ], [ -91.80324, 30.41715 ], [ -91.77711, 30.34386 ], [ -91.78515, 30.19937 ], [ -91.75912, 30.12603 ], [ -91.69903, 30.12386 ], [ -91.70856, 29.95517 ], [ -91.74123, 29.90804 ], [ -91.83111, 29.91126 ], [ -91.82847, 29.95947 ], [ -91.88582, 30.00979 ], [ -92.00836, 29.9657 ], [ -92.1283, 29.96971 ], [ -92.21707, 29.99674 ], [ -92.24231, 30.09411 ], [ -92.30121, 30.12011 ], [ -92.45146, 30.12471 ], [ -92.44921, 30.17291 ], [ -92.62965, 30.17819 ], [ -92.63179, 30.12999 ], [ -92.78208, 30.13418 ], [ -92.8412, 30.1599 ], [ -92.83919, 30.2081 ], [ -92.92946, 30.21048 ], [ -92.99156, 30.16382 ], [ -92.99346, 30.11562 ], [ -93.05451, 30.09302 ], [ -93.0864, 30.04555 ], [ -93.20652, 30.04845 ], [ -93.20386, 30.12078 ], [ -93.26398, 30.12219 ], [ -93.2605, 30.2186 ], [ -93.20031, 30.21719 ], [ -93.19764, 30.28948 ], [ -93.28802, 30.29158 ], [ -93.31985, 30.24408 ], [ -93.3224, 30.17178 ], [ -93.38422, 30.12491 ], [ -93.59467, 30.12938 ], [ -93.62247, 30.20231 ], [ -93.71275, 30.20409 ], [ -93.71493, 30.13177 ], [ -93.74643, 30.08412 ], [ -93.95678, 30.08795 ], [ -93.95548, 30.13617 ], [ -94.04632, 30.11359 ], [ -94.05003, 29.96888 ], [ -94.14063, 29.94621 ], [ -94.11243, 29.87335 ], [ -94.05249, 29.87237 ], [ -94.05434, 29.79997 ], [ -93.99446, 29.79896 ], [ -93.96581, 29.75017 ], [ -93.96259, 29.87085 ], [ -93.90266, 29.8698 ], [ -93.87135, 29.91752 ], [ -93.84, 29.96522 ], [ -93.7814, 29.91586 ], [ -93.66147, 29.91354 ], [ -93.65999, 29.96178 ], [ -93.57, 29.95996 ], [ -93.54156, 29.91109 ], [ -93.51, 29.95871 ], [ -93.50763, 30.03107 ], [ -93.44678, 30.0539 ], [ -93.32664, 30.05124 ], [ -93.32834, 30.00301 ], [ -93.20829, 30.00023 ], [ -93.21005, 29.95199 ], [ -93.09009, 29.94909 ], [ -93.09285, 29.87672 ], [ -93.15727, 29.75754 ], [ -93.09744, 29.75608 ], [ -93.06937, 29.70706 ], [ -92.91991, 29.70323 ], [ -92.65091, 29.69587 ], [ -92.6766, 29.79324 ], [ -92.82623, 29.79738 ], [ -92.8192, 29.96623 ], [ -92.69923, 29.96293 ], [ -92.70132, 29.9147 ], [ -92.6114, 29.91215 ], [ -92.58468, 29.83892 ], [ -92.46492, 29.83538 ], [ -92.46715, 29.78713 ], [ -92.37739, 29.7844 ], [ -92.38082, 29.71201 ], [ -92.2015, 29.70635 ], [ -92.1991, 29.7546 ], [ -91.9898, 29.74764 ], [ -91.98726, 29.79589 ], [ -91.8676, 29.79174 ], [ -91.84163, 29.71832 ], [ -91.63246, 29.71072 ], [ -91.63521, 29.66247 ], [ -91.54563, 29.6591 ], [ -91.42765, 29.63037 ], [ -91.43053, 29.58211 ], [ -91.2516, 29.57499 ], [ -91.19649, 29.50016 ], [ -91.07734, 29.4952 ], [ -91.04132, 29.59046 ], [ -90.98483, 29.53967 ], [ -90.95979, 29.46599 ], [ -90.72164, 29.45547 ], [ -90.71832, 29.50373 ], [ -90.39076, 29.48847 ], [ -90.333, 29.46147 ], [ -90.24373, 29.45711 ], [ -90.21033, 29.50388 ], [ -90.20122, 29.62446 ], [ -90.29068, 29.62886 ], [ -90.28168, 29.74939 ], [ -90.24818, 29.79613 ], [ -90.15852, 29.79171 ], [ -90.13419, 29.71792 ], [ -90.07821, 29.66671 ], [ -89.95888, 29.66062 ], [ -89.92139, 29.75548 ], [ -89.79802, 29.79741 ], [ -89.7941, 29.84559 ], [ -89.67452, 29.83921 ], [ -89.70242, 29.8649 ], [ -89.69446, 29.96122 ], [ -89.78232, 29.99007 ], [ -89.77838, 30.03822 ], [ -89.6585, 30.03183 ], [ -89.62045, 30.12648 ], [ -89.53044, 30.12158 ], [ -89.52633, 30.1697 ], [ -89.40626, 30.16305 ], [ -89.42794, 30.26093 ] ], [ [ -90.00153, 29.88054 ], [ -90.03522, 29.83389 ], [ -90.09502, 29.83691 ], [ -90.11935, 29.91068 ], [ -90.20915, 29.91513 ], [ -90.26539, 29.96623 ], [ -90.25995, 30.03848 ], [ -90.19631, 30.0837 ], [ -89.95634, 30.07165 ], [ -89.99204, 30.00096 ], [ -90.00153, 29.88054 ] ] ], [ [ [ -89.53658, 30.04939 ], [ -89.56859, 30.02696 ], [ -89.54476, 29.95311 ], [ -89.53658, 30.04939 ] ] ], [ [ [ -85.63056, 30.15792 ], [ -85.78012, 30.17099 ], [ -85.78659, 30.12304 ], [ -85.75994, 30.09647 ], [ -85.64041, 30.086 ], [ -85.63056, 30.15792 ] ] ], [ [ [ -88.07674, 30.46829 ], [ -88.10936, 30.44628 ], [ -88.19966, 30.45226 ], [ -88.20462, 30.40424 ], [ -88.32496, 30.41209 ], [ -88.32007, 30.46012 ], [ -88.47063, 30.46977 ], [ -88.52848, 30.49759 ], [ -88.55387, 30.54751 ], [ -88.64432, 30.55314 ], [ -88.67914, 30.50698 ], [ -88.76955, 30.51252 ], [ -88.82755, 30.54019 ], [ -88.94817, 30.54741 ], [ -88.95266, 30.49937 ], [ -89.04309, 30.50471 ], [ -89.04752, 30.45666 ], [ -89.11215, 30.41212 ], [ -89.20248, 30.41733 ], [ -89.2068, 30.36926 ], [ -89.38739, 30.37947 ], [ -89.42167, 30.33307 ], [ -89.42794, 30.26093 ], [ -89.33778, 30.25589 ], [ -89.33355, 30.30398 ], [ -89.15315, 30.29368 ], [ -89.17888, 30.34349 ], [ -89.02849, 30.33474 ], [ -89.05415, 30.38457 ], [ -88.8736, 30.37385 ], [ -88.81572, 30.34619 ], [ -88.63529, 30.3351 ], [ -88.63997, 30.28704 ], [ -88.5198, 30.2795 ], [ -88.45732, 30.29971 ], [ -88.42246, 30.34584 ], [ -88.30222, 30.33809 ], [ -88.30711, 30.29004 ], [ -88.15693, 30.28018 ], [ -88.15444, 30.3042 ], [ -88.09185, 30.32422 ], [ -88.07674, 30.46829 ] ] ], [ [ [ -86.53461, 30.42773 ], [ -86.5316, 30.4517 ], [ -86.77209, 30.47067 ], [ -86.8652, 30.45368 ], [ -86.85939, 30.50164 ], [ -86.91667, 30.53024 ], [ -87.09727, 30.54393 ], [ -87.0916, 30.59188 ], [ -87.21492, 30.57688 ], [ -87.22051, 30.52892 ], [ -87.31637, 30.48759 ], [ -87.40665, 30.49417 ], [ -87.44491, 30.42437 ], [ -87.51046, 30.3807 ], [ -87.60063, 30.38713 ], [ -87.636, 30.34125 ], [ -87.75356, 30.37369 ], [ -87.84375, 30.37994 ], [ -87.83596, 30.45195 ], [ -87.86087, 30.50202 ], [ -87.9211, 30.50614 ], [ -87.93138, 30.41012 ], [ -87.81889, 30.32984 ], [ -87.82408, 30.28182 ], [ -87.73664, 30.25154 ], [ -87.74188, 30.20351 ], [ -87.67663, 30.24733 ], [ -87.55662, 30.23881 ], [ -87.55125, 30.28683 ], [ -87.46121, 30.28036 ], [ -87.4585, 30.30437 ], [ -87.24838, 30.289 ], [ -87.23726, 30.38499 ], [ -87.11708, 30.37603 ], [ -87.12272, 30.32805 ], [ -87.02982, 30.34524 ], [ -86.90973, 30.33607 ], [ -86.90395, 30.38405 ], [ -86.63369, 30.36296 ], [ -86.63071, 30.38694 ], [ -86.36052, 30.36524 ], [ -86.36358, 30.34126 ], [ -86.21359, 30.32894 ], [ -86.15673, 30.29998 ], [ -86.15048, 30.34793 ], [ -86.20737, 30.37688 ], [ -86.19803, 30.44878 ], [ -86.3182, 30.45866 ], [ -86.32436, 30.41073 ], [ -86.53461, 30.42773 ] ] ], [ [ [ -81.4007, 30.99967 ], [ -81.37733, 31.11848 ], [ -81.26343, 31.22611 ], [ -81.21603, 31.46345 ], [ -81.13643, 31.55085 ], [ -81.10766, 31.69312 ], [ -81.02285, 31.80408 ], [ -80.95726, 31.82021 ], [ -80.94753, 31.86758 ], [ -80.86718, 31.95471 ], [ -80.8171, 32.04558 ], [ -80.87312, 32.07688 ], [ -80.9036, 32.08069 ], [ -80.98405, 31.99357 ], [ -80.99377, 31.94621 ], [ -81.08507, 31.95752 ], [ -81.2897, 31.71551 ], [ -81.32286, 31.54949 ], [ -81.35314, 31.55319 ], [ -81.38139, 31.41081 ], [ -81.45588, 31.34695 ], [ -81.49315, 31.15695 ], [ -81.56729, 31.09298 ], [ -81.61582, 31.00154 ], [ -81.63878, 30.88265 ], [ -81.70797, 30.84232 ], [ -81.69621, 30.74353 ], [ -81.66166, 30.76371 ], [ -81.51179, 30.74548 ], [ -81.4933, 30.84062 ], [ -81.44473, 30.93205 ], [ -81.4007, 30.99967 ] ] ], [ [ [ -80.87312, 32.07688 ], [ -80.76195, 32.16007 ], [ -80.69598, 32.17604 ], [ -80.69101, 32.19969 ], [ -80.84364, 32.21887 ], [ -80.87312, 32.07688 ] ] ], [ [ [ -80.68106, 32.247 ], [ -80.55392, 32.25516 ], [ -80.54388, 32.30245 ], [ -80.45223, 32.29074 ], [ -80.40141, 32.38136 ], [ -80.48811, 32.41673 ], [ -80.53885, 32.32609 ], [ -80.63055, 32.33772 ], [ -80.68106, 32.247 ] ] ], [ [ [ -80.3045, 32.53885 ], [ -80.24323, 32.53094 ], [ -80.16132, 32.61743 ], [ -80.25332, 32.62934 ], [ -80.3045, 32.53885 ] ] ], [ [ [ -76.28139, 34.87963 ], [ -76.2367, 34.92128 ], [ -76.17387, 34.91141 ], [ -76.08428, 34.99461 ], [ -76.07087, 35.04116 ], [ -76.1338, 35.05107 ], [ -76.21674, 34.99112 ], [ -76.26148, 34.94948 ], [ -76.28139, 34.87963 ] ] ] ] } },
{ "type": "Feature", "properties": { "ID": 54 }, "geometry": { "type": "MultiPolygon", "coordinates": [ [ [ [ -90.74641, 29.09326 ], [ -90.74969, 29.04494 ], [ -90.63127, 29.03952 ], [ -90.62791, 29.08784 ], [ -90.74641, 29.09326 ] ] ], [ [ [ -90.24112, 29.09354 ], [ -90.33175, 29.07376 ], [ -90.32465, 29.17037 ], [ -90.38395, 29.17325 ], [ -90.44673, 29.1278 ], [ -90.4502, 29.07948 ], [ -90.36312, 29.05104 ], [ -90.24472, 29.04523 ], [ -90.24112, 29.09354 ] ] ], [ [ [ -92.1991, 29.7546 ], [ -92.2015, 29.70635 ], [ -92.38082, 29.71201 ], [ -92.37739, 29.7844 ], [ -92.46715, 29.78713 ], [ -92.46492, 29.83538 ], [ -92.58468, 29.83892 ], [ -92.6114, 29.91215 ], [ -92.70132, 29.9147 ], [ -92.69923, 29.96293 ], [ -92.8192, 29.96623 ], [ -92.82623, 29.79738 ], [ -92.6766, 29.79324 ], [ -92.65091, 29.69587 ], [ -92.91991, 29.70323 ], [ -92.86112, 29.67751 ], [ -92.86309, 29.62923 ], [ -92.74365, 29.62597 ], [ -92.7457, 29.57769 ], [ -92.62741, 29.55016 ], [ -92.3888, 29.54304 ], [ -92.36126, 29.49383 ], [ -92.24205, 29.49006 ], [ -92.23969, 29.53835 ], [ -92.17764, 29.5847 ], [ -92.02847, 29.57974 ], [ -92.00241, 29.5063 ], [ -91.8832, 29.50216 ], [ -91.88579, 29.45387 ], [ -91.73689, 29.44853 ], [ -91.70441, 29.49573 ], [ -91.699, 29.59228 ], [ -91.75733, 29.61859 ], [ -91.84687, 29.6218 ], [ -91.84425, 29.67006 ], [ -92.05333, 29.67728 ], [ -92.05582, 29.62902 ], [ -92.08567, 29.63002 ], [ -92.07949, 29.75067 ], [ -92.1991, 29.7546 ] ] ], [ [ [ -89.38608, 29.70231 ], [ -89.32642, 29.69892 ], [ -89.29236, 29.7454 ], [ -89.28388, 29.84173 ], [ -89.22197, 29.86237 ], [ -89.2134, 29.95866 ], [ -89.17915, 30.00506 ], [ -89.16401, 30.17345 ], [ -89.25406, 30.17863 ], [ -89.29259, 30.08412 ], [ -89.50249, 30.09587 ], [ -89.53658, 30.04939 ], [ -89.54476, 29.95311 ], [ -89.63457, 29.958 ], [ -89.64061, 29.88576 ], [ -89.67452, 29.83921 ], [ -89.7941, 29.84559 ], [ -89.79802, 29.79741 ], [ -89.92139, 29.75548 ], [ -89.95888, 29.66062 ], [ -90.07821, 29.66671 ], [ -90.13419, 29.71792 ], [ -90.15852, 29.79171 ], [ -90.24818, 29.79613 ], [ -90.28168, 29.74939 ], [ -90.29068, 29.62886 ], [ -90.20122, 29.62446 ], [ -90.21033, 29.50388 ], [ -90.24373, 29.45711 ], [ -90.333, 29.46147 ], [ -90.39076, 29.48847 ], [ -90.71832, 29.50373 ], [ -90.72164, 29.45547 ], [ -90.95979, 29.46599 ], [ -90.98483, 29.53967 ], [ -91.04132, 29.59046 ], [ -91.07734, 29.4952 ], [ -91.19649, 29.50016 ], [ -91.2516, 29.57499 ], [ -91.43053, 29.58211 ], [ -91.42765, 29.63037 ], [ -91.54563, 29.6591 ], [ -91.66507, 29.66357 ], [ -91.6678, 29.61531 ], [ -91.54984, 29.58671 ], [ -91.55544, 29.49016 ], [ -91.40794, 29.46026 ], [ -91.38106, 29.4108 ], [ -91.29327, 29.38309 ], [ -91.32889, 29.28769 ], [ -91.30359, 29.21402 ], [ -91.12552, 29.2067 ], [ -91.12858, 29.15838 ], [ -91.03961, 29.15462 ], [ -90.94907, 29.17495 ], [ -90.95223, 29.12663 ], [ -90.86331, 29.12273 ], [ -90.86813, 29.05023 ], [ -90.7793, 29.04627 ], [ -90.74641, 29.09326 ], [ -90.65586, 29.11337 ], [ -90.65251, 29.16168 ], [ -90.58983, 29.20725 ], [ -90.58304, 29.30383 ], [ -90.46423, 29.29825 ], [ -90.40834, 29.24712 ], [ -90.38395, 29.17325 ], [ -90.37867, 29.2457 ], [ -90.29143, 29.21722 ], [ -90.29857, 29.12062 ], [ -90.24112, 29.09354 ], [ -90.12266, 29.0876 ], [ -90.0875, 29.15855 ], [ -89.99859, 29.15399 ], [ -89.99483, 29.20228 ], [ -89.92792, 29.29575 ], [ -89.6311, 29.27989 ], [ -89.57376, 29.2525 ], [ -89.57779, 29.20424 ], [ -89.45922, 29.19763 ], [ -89.45512, 29.24589 ], [ -89.36615, 29.24085 ], [ -89.36199, 29.2891 ], [ -89.2433, 29.28227 ], [ -89.23482, 29.37875 ], [ -89.29213, 29.40629 ], [ -89.50018, 29.41807 ], [ -89.55559, 29.4696 ], [ -89.54341, 29.61424 ], [ -89.51157, 29.63669 ], [ -89.42214, 29.6317 ], [ -89.38608, 29.70231 ] ], [ [ -89.92792, 29.29575 ], [ -89.95761, 29.2973 ], [ -89.94812, 29.41794 ], [ -89.82919, 29.41171 ], [ -89.8647, 29.3409 ], [ -89.92792, 29.29575 ] ] ], [ [ [ -91.8676, 29.79174 ], [ -91.92743, 29.79383 ], [ -91.93129, 29.72146 ], [ -91.84163, 29.71832 ], [ -91.8676, 29.79174 ] ] ], [ [ [ -93.15727, 29.75754 ], [ -93.09285, 29.87672 ], [ -93.09009, 29.94909 ], [ -93.21005, 29.95199 ], [ -93.20829, 30.00023 ], [ -93.32834, 30.00301 ], [ -93.32664, 30.05124 ], [ -93.44678, 30.0539 ], [ -93.50763, 30.03107 ], [ -93.51, 29.95871 ], [ -93.54156, 29.91109 ], [ -93.57, 29.95996 ], [ -93.65999, 29.96178 ], [ -93.66147, 29.91354 ], [ -93.7814, 29.91586 ], [ -93.84, 29.96522 ], [ -93.87135, 29.91752 ], [ -93.90266, 29.8698 ], [ -93.90399, 29.82153 ], [ -93.96388, 29.82258 ], [ -93.96581, 29.75017 ], [ -93.87605, 29.74858 ], [ -93.87471, 29.79686 ], [ -93.57537, 29.79106 ], [ -93.51394, 29.83808 ], [ -93.45564, 29.78853 ], [ -93.45725, 29.74026 ], [ -93.33677, 29.76175 ], [ -93.15727, 29.75754 ] ] ], [ [ [ -88.88943, 30.2056 ], [ -88.88491, 30.25368 ], [ -89.00508, 30.26085 ], [ -89.00952, 30.21276 ], [ -88.88943, 30.2056 ] ] ], [ [ [ -88.87235, 29.74483 ], [ -88.84252, 29.74301 ], [ -88.83121, 29.86338 ], [ -88.8611, 29.8652 ], [ -88.87235, 29.74483 ] ] ], [ [ [ -87.82408, 30.28182 ], [ -87.98186, 30.22004 ], [ -87.74188, 30.20351 ], [ -87.73664, 30.25154 ], [ -87.82408, 30.28182 ] ] ], [ [ [ -88.15444, 30.3042 ], [ -88.13439, 30.20611 ], [ -88.07439, 30.2021 ], [ -88.09436, 30.3002 ], [ -88.15444, 30.3042 ] ] ], [ [ [ -87.2128, 30.33477 ], [ -87.15275, 30.3303 ], [ -87.11708, 30.37603 ], [ -87.20721, 30.38276 ], [ -87.2128, 30.33477 ] ] ], [ [ [ -75.83467, 35.17401 ], [ -75.70869, 35.15386 ], [ -75.69499, 35.20035 ], [ -75.82105, 35.22051 ], [ -75.83467, 35.17401 ] ] ] ] } }
]
}
