{
"type": "FeatureCollection",
"name": "Cirsium_altissimum",
"crs": { "type": "name", "properties": { "name": "urn:ogc:def:crs:OGC:1.3:CRS84" } },
"features": [
{ "type": "Feature", "properties": { "ID": 1 }, "geometry": { "type": "MultiPolygon", "coordinates": [ [ [ [ -90.8683028, 42.6787969 ], [ -90.8322275, 42.6775182 ], [ -90.8302583, 42.7010351 ], [ -90.8663472, 42.7023144 ], [ -90.8683028, 42.6787969 ] ] ], [ [ [ -88.387290600000014, 42.8297221 ], [ -88.351191, 42.8278284 ], [ -88.3453487, 42.8747767 ], [ -88.3814756, 42.8766718 ], [ -88.387290600000014, 42.8297221 ] ] ], [ [ [ -88.3287392, 43.2991864 ], [ -88.3198789, 43.3696007 ], [ -88.4568534, 43.4475732 ], [ -88.4452038, 43.5414675 ], [ -88.6278524, 43.5507276 ], [ -88.6392227, 43.4568191 ], [ -88.5748567, 43.3827196 ], [ -88.4655671, 43.3771513 ], [ -88.4014955, 43.3029754 ], [ -88.3287392, 43.2991864 ] ] ], [ [ [ -87.733137, 44.9924638 ], [ -87.658358800000016, 44.9883425 ], [ -87.6318891, 45.1760494 ], [ -87.7574919, 45.0883727 ], [ -87.733137, 44.9924638 ] ] ], [ [ [ -89.0092359, 46.9476566 ], [ -89.1640687, 46.9545314 ], [ -89.3739277, 46.821735 ], [ -89.7603343, 46.8377271 ], [ -89.7654255, 46.7906597 ], [ -89.8812945, 46.7952664 ], [ -89.929829, 46.7026437 ], [ -90.0118431, 46.6585736 ], [ -90.1274667, 46.6629962 ], [ -90.1322444, 46.6159254 ], [ -90.2477919, 46.6202582 ], [ -90.2524683, 46.5731858 ], [ -90.6374366, 46.5869949 ], [ -90.7101497, 46.6367286 ], [ -90.9475942, 46.5738081 ], [ -90.9007989, 46.6667315 ], [ -90.8862226, 46.8315741 ], [ -90.800383900000014, 46.923215 ], [ -90.9553347, 46.9283105 ], [ -91.0755945, 46.8849205 ], [ -91.079617, 46.8378123 ], [ -91.273052299999989, 46.8438102 ], [ -91.3580226, 46.7519179 ], [ -91.6284786, 46.759763 ], [ -91.632042, 46.7126475 ], [ -91.7864949, 46.7169155 ], [ -91.7899271, 46.6697984 ], [ -92.0600533, 46.6768919 ], [ -92.13567, 46.7023944 ], [ -92.1261977, 46.843779 ], [ -91.9697344, 46.8634123 ], [ -91.8080241, 46.9535817 ], [ -91.7623121, 47.0467978 ], [ -91.5590429, 47.1592377 ], [ -91.4423218, 47.1558796 ], [ -91.434821900000017, 47.2501502 ], [ -91.3121381, 47.3174042 ], [ -91.2672795, 47.3869424 ], [ -91.1090423, 47.4057229 ], [ -91.1009593, 47.5000061 ], [ -90.9835702, 47.4963045 ], [ -90.9011066, 47.5409284 ], [ -90.8926602, 47.6352174 ], [ -90.775006499999989, 47.6313597 ], [ -90.7706757, 47.678505 ], [ -90.652941, 47.674556 ], [ -90.6092321, 47.7203638 ], [ -90.4475512, 47.762059699999988 ], [ -90.3296668, 47.7578692 ], [ -90.2856335, 47.8035924 ], [ -90.1676752, 47.7992808 ], [ -90.1234794, 47.8449615 ], [ -89.963599800000011, 47.8625987 ], [ -89.8404237, 47.9051791 ], [ -89.7958819, 47.950775 ], [ -89.7803452, 48.0921967 ], [ -89.975406, 48.1233944 ], [ -89.9703698, 48.1705499 ], [ -90.1262101, 48.2000598 ], [ -90.1212931, 48.2472258 ], [ -90.2401848, 48.2515745 ], [ -90.312313, 48.3251895 ], [ -90.4710777, 48.3307786 ], [ -90.4664383, 48.3779648 ], [ -90.5833589, 48.405653 ], [ -90.7423765, 48.4109728 ], [ -90.7379583, 48.458173 ], [ -90.9348097, 48.4882105 ], [ -91.1339177, 48.4943987 ], [ -91.1298221, 48.5416159 ], [ -91.369008799999989, 48.5487212 ], [ -91.3670588, 48.5723345 ], [ -91.8458073, 48.5854785 ], [ -91.8423047, 48.6327201 ], [ -92.003755, 48.613164 ], [ -92.3631577, 48.6217287 ], [ -92.3662211, 48.5744774 ], [ -92.8052627, 48.5838419 ], [ -92.802568799999989, 48.6311019 ], [ -93.0010832, 48.6585973 ], [ -92.998551, 48.7058667 ], [ -93.1185829, 48.7080675 ], [ -93.1161477, 48.7553429 ], [ -93.2751881, 48.7817808 ], [ -93.4354633, 48.7844197 ], [ -93.4332929, 48.8317061 ], [ -93.6338268, 48.8347828 ], [ -93.6318224, 48.8820762 ], [ -93.8316288, 48.9085549 ], [ -94.112794799999989, 48.9120968 ], [ -94.111193899999989, 48.9594023 ], [ -94.4730477, 48.9632382 ], [ -94.4717512, 49.0105516 ], [ -94.5918841, 49.0353094 ], [ -94.752933900000016, 49.0366349 ], [ -94.7518736, 49.0839569 ], [ -94.9130674, 49.0851227 ], [ -94.9121425, 49.1324502 ], [ -95.073085400000011, 49.1571218 ], [ -95.3152041, 49.158329 ], [ -95.3146206, 49.2056652 ], [ -95.678123899999989, 49.2067969 ], [ -95.6778493, 49.2541386 ], [ -96.6884583, 49.2529952 ], [ -96.728259799999989, 49.2054778 ], [ -97.05135460000001, 49.2037004 ], [ -97.0504596, 49.1563661 ], [ -97.25221, 49.1549289 ], [ -97.2920088, 49.1309466 ], [ -97.4533305, 49.1295759 ], [ -97.4520949, 49.0822511 ], [ -97.6132711, 49.0807208 ], [ -97.6119007, 49.0334018 ], [ -97.7319386, 49.0084923 ], [ -97.8928926, 49.006683 ], [ -97.8912869, 48.9593732 ], [ -98.011893, 48.9579122 ], [ -98.0101879, 48.910608 ], [ -98.2100766, 48.8843255 ], [ -98.208206, 48.83703 ], [ -98.3646455, 48.7401718 ], [ -98.5237372, 48.7140926 ], [ -98.5216076, 48.6668156 ], [ -98.641564699999989, 48.6648841 ], [ -98.6781589, 48.5933157 ], [ -98.833108, 48.4960438 ], [ -98.991289099999989, 48.4695123 ], [ -99.0658136, 48.3735069 ], [ -99.1851249, 48.371169699999989 ], [ -99.2208381, 48.2995141 ], [ -99.300271200000012, 48.2978888 ], [ -99.3343962, 48.2026026 ], [ -99.4136897, 48.2009211 ], [ -99.4856868, 48.0811539 ], [ -99.5648054, 48.0793973 ], [ -99.6788666, 48.0058771 ], [ -99.7121801, 47.9105535 ], [ -99.8257113, 47.8369461 ], [ -99.8193607, 47.742571 ], [ -99.9356808, 47.7160833 ], [ -99.9716848, 47.6679205 ], [ -99.9651116, 47.5735733 ], [ -100.0384977, 47.5008296 ], [ -100.0318335, 47.406506 ], [ -100.0642114, 47.3111869 ], [ -100.1405424, 47.2855696 ], [ -100.128645, 47.1205618 ], [ -100.1589974, 47.0016882 ], [ -99.9649398, 47.0067406 ], [ -99.8390517, 46.8682453 ], [ -99.9117008, 46.7956211 ], [ -100.0663861, 46.7916526 ], [ -100.1789747, 46.7414542 ], [ -100.1738685, 46.6707765 ], [ -100.0966938, 46.6728331 ], [ -99.9053243, 46.7013687 ], [ -99.90851, 46.7484938 ], [ -99.7152816, 46.753234 ], [ -99.7077197, 46.6354151 ], [ -99.6276231, 46.5901146 ], [ -99.5505379, 46.5918996 ], [ -99.5404566, 46.4269715 ], [ -99.4195992, 46.3353312 ], [ -99.4509865, 46.2166908 ], [ -99.4412507, 46.0518098 ], [ -99.4003198, 46.0055546 ], [ -99.2489802, 46.0324135 ], [ -99.1713413, 46.0104549 ], [ -99.161156, 45.8220312 ], [ -99.0089726, 45.8250982 ], [ -99.0113907, 45.8722044 ], [ -98.8971513, 45.8744071 ], [ -98.8266664, 45.9936082 ], [ -98.8335119, 46.1349574 ], [ -98.795259500000014, 46.135657 ], [ -98.8111449, 46.4655385 ], [ -98.8530888, 46.535535 ], [ -98.7783134, 46.5840722 ], [ -98.6990177, 46.5382964 ], [ -98.583455, 46.540267 ], [ -98.5855568, 46.5874071 ], [ -98.4313361, 46.589902599999988 ], [ -98.4293595, 46.5427603 ], [ -98.2367221, 46.5456613 ], [ -98.2008765, 46.6169315 ], [ -98.125451, 46.6651565 ], [ -98.009618, 46.6666993 ], [ -97.9677992, 46.5728942 ], [ -97.8899294, 46.5502797 ], [ -97.7357826, 46.5520832 ], [ -97.6958654, 46.5053615 ], [ -97.6917418, 46.363928 ], [ -97.7678515, 46.3394974 ], [ -97.9214342, 46.3376626 ], [ -97.918326, 46.2433898 ], [ -97.9925722, 46.1717183 ], [ -97.9893581, 46.0774599 ], [ -97.9129108, 46.07843 ], [ -97.9090615, 45.9606144 ], [ -98.0235008, 45.9591481 ], [ -98.0251308, 46.0062718 ], [ -98.2541755, 46.003080499999989 ], [ -98.25055, 45.90884 ], [ -98.3239665, 45.8370274 ], [ -98.3174517, 45.6721326 ], [ -98.2379519, 45.5790459 ], [ -98.1621555, 45.5801393 ], [ -98.0880262, 45.6283061 ], [ -98.0105546, 45.5822133 ], [ -97.8976059, 45.6072263 ], [ -97.899886, 45.6778973 ], [ -97.7501278, 45.7503871 ], [ -97.7466256, 45.6325947 ], [ -97.821039, 45.5845939 ], [ -97.8145085, 45.3725976 ], [ -97.8900449, 45.3716771 ], [ -97.9255105, 45.3005445 ], [ -97.9201613, 45.1356847 ], [ -97.842001599999989, 45.0424186 ], [ -97.8369066, 44.8775745 ], [ -97.7585211, 44.7607271 ], [ -97.7543698, 44.6194432 ], [ -97.6778003, 44.5496554 ], [ -97.6379741, 44.455881 ], [ -97.6347669, 44.3381506 ], [ -97.5951475, 44.2443689 ], [ -97.5186456, 44.15096 ], [ -97.5168691, 44.0803236 ], [ -97.4429428, 44.0810588 ], [ -97.4401349, 43.963331 ], [ -97.4010619, 43.869502 ], [ -97.3258459, 43.7995427 ], [ -97.2522597, 43.800183 ], [ -97.1768448, 43.7066022 ], [ -97.1754781, 43.6359637 ], [ -97.1003845, 43.5423435 ], [ -96.9538279, 43.543364 ], [ -96.9571575, 43.7552854 ], [ -96.84784, 43.8265987 ], [ -96.849159, 43.9207872 ], [ -96.7754214, 43.9211907 ], [ -96.7030501, 44.0392954 ], [ -96.7044226, 44.1570344 ], [ -96.5563674, 44.1576608 ], [ -96.5568022, 44.2047574 ], [ -96.3715848, 44.2053339 ], [ -96.2972647, 44.158403 ], [ -96.2599451, 44.0878269 ], [ -96.1490292, 44.0879793 ], [ -96.111969699999989, 44.040915 ], [ -96.1117955, 43.9467222 ], [ -96.0379795, 43.8761151 ], [ -96.0379206, 43.7819231 ], [ -95.9643908, 43.7112797 ], [ -95.9644871, 43.5464435 ], [ -95.9278437, 43.5464302 ], [ -95.9282872, 43.1696535 ], [ -95.891952, 43.1225327 ], [ -95.7827816, 43.1224115 ], [ -95.7460016, 43.2165493 ], [ -95.6000647, 43.239773199999988 ], [ -95.5997569, 43.2868704 ], [ -95.3443469, 43.2859524 ], [ -95.3448512, 43.2388559 ], [ -95.1987107, 43.2616805 ], [ -95.0528261, 43.2608118 ], [ -95.017867, 43.1663812 ], [ -94.945039, 43.1658751 ], [ -94.946253399999989, 43.0952315 ], [ -94.8003085, 43.1176597 ], [ -94.7984638, 43.2118489 ], [ -94.7610711, 43.258639699999989 ], [ -94.6516687, 43.2576757 ], [ -94.6537403, 43.1634892 ], [ -94.5445095, 43.1624453 ], [ -94.4734502, 43.091065199999989 ], [ -94.4746206, 43.0439721 ], [ -94.365605699999989, 43.0427947 ], [ -94.223664, 42.923369 ], [ -94.0060771, 42.9205593 ], [ -94.0076016, 42.8734686 ], [ -93.8264337, 42.870881499999989 ], [ -93.7556867, 42.8226951 ], [ -93.7220942, 42.7514998 ], [ -93.5412975, 42.7485582 ], [ -93.5431721, 42.7014707 ], [ -93.2902799, 42.6969787 ], [ -93.2190919, 42.6720727 ], [ -93.1797592, 42.7420016 ], [ -93.1754496, 42.8361648 ], [ -93.1370575, 42.8825388 ], [ -92.7385596, 42.8741722 ], [ -92.736064399999989, 42.921245399999989 ], [ -92.5910732, 42.9179306 ], [ -92.560091, 42.8229387 ], [ -92.3415751, 42.8411841 ], [ -92.3443681, 42.794117 ], [ -92.1635339, 42.789465 ], [ -92.157667600000011, 42.8835915 ], [ -92.0051646, 42.9973496 ], [ -91.8600385, 42.9933091 ], [ -91.7083588, 43.0832273 ], [ -91.5267264, 43.0777858 ], [ -91.5232933, 43.1248323 ], [ -91.3778998, 43.1203135 ], [ -91.2343565, 43.0921307 ], [ -91.2380091, 43.0450909 ], [ -91.0928264, 43.040289 ], [ -91.1022102, 42.9226962 ], [ -90.7762564, 42.9113865 ], [ -90.7319899, 43.0041405 ], [ -90.9035701, 43.1281464 ], [ -90.8898441, 43.2927505 ], [ -90.7805355, 43.288903499999989 ], [ -90.7319425, 43.4286766 ], [ -90.5838017, 43.4468823 ], [ -90.5796205, 43.4939019 ], [ -90.4334254, 43.4884466 ], [ -90.4033606, 43.4165385 ], [ -90.1114005, 43.4051335 ], [ -89.9973177, 43.4477097 ], [ -89.9926841, 43.4947118 ], [ -89.8465431, 43.4886744 ], [ -89.8274873, 43.676661 ], [ -89.7175633, 43.6720236 ], [ -89.7272749, 43.578038 ], [ -89.620002, 43.5498314 ], [ -89.6126002, 43.6203155 ], [ -89.5343944, 43.6641131 ], [ -89.5243704, 43.7580857 ], [ -89.5977452, 43.7612821 ], [ -89.5853131, 43.8787532 ], [ -89.5042292, 43.9460293 ], [ -89.4941116, 44.0400007 ], [ -89.4152763, 44.0837361 ], [ -89.3046443, 44.0787919 ], [ -89.2941934, 44.1727508 ], [ -89.1223328, 44.377406 ], [ -88.8630179, 44.3652319 ], [ -88.8825203, 44.200854 ], [ -88.9332522, 44.0852005 ], [ -88.859521, 44.0816746 ], [ -88.8844709, 43.8703397 ], [ -88.934922899999989, 43.7546884 ], [ -88.8249312, 43.7493875 ], [ -88.8022155, 43.6302023 ], [ -88.6981073, 43.5778466 ], [ -88.6250044, 43.5742045 ], [ -88.5827255, 43.619322 ], [ -88.5654801, 43.7601766 ], [ -88.635949599999989, 43.7873252 ], [ -88.6159109, 43.9516631 ], [ -88.5588876, 44.1141581 ], [ -88.3876762, 44.2944841 ], [ -88.3817198, 44.3414307 ], [ -88.2337061, 44.3337956 ], [ -88.1535755, 44.376860699999988 ], [ -88.0671153, 44.4668182 ], [ -88.0608909, 44.5137534 ], [ -88.039028500000015, 44.6780292 ], [ -87.955129200000016, 44.7444604 ], [ -87.9392568, 44.8617969 ], [ -87.8582036, 44.9047101 ], [ -87.8517686, 44.9516429 ], [ -87.8291662, 45.1159126 ], [ -87.7476863, 45.158771 ], [ -87.7345758, 45.252638 ], [ -87.690420800000012, 45.2975151 ], [ -87.9503642, 45.3351956 ], [ -87.9943501, 45.2902423 ], [ -88.0070575, 45.1963514 ], [ -88.0852627, 45.1768265 ], [ -88.1352644, 45.0848897 ], [ -88.2476657, 45.0907037 ], [ -88.2912455, 45.0456697 ], [ -88.3034325, 44.9517647 ], [ -88.5277858, 44.963059099999988 ], [ -88.5593029, 45.0118719 ], [ -88.5445539, 45.1292819 ], [ -88.4921692, 45.2448376 ], [ -88.410993499999989, 45.2880544 ], [ -88.7118764, 45.3028269 ], [ -88.9348256, 45.337007 ], [ -88.929199, 45.383992 ], [ -89.1525791, 45.4178541 ], [ -89.1471182, 45.464849099999988 ], [ -89.3007508, 45.4480802 ], [ -89.1712396, 45.5840416 ], [ -89.1603079, 45.6780431 ], [ -89.0383414, 45.7434032 ], [ -89.0271671, 45.8374049 ], [ -88.9455664, 45.8809225 ], [ -88.9256808, 46.045433 ], [ -88.840829, 46.1124053 ], [ -88.773826200000016, 46.6530709 ], [ -88.8123269, 46.6548619 ], [ -88.780009299999989, 46.9135374 ], [ -88.9202516, 47.038256 ], [ -89.0035126, 46.9947057 ], [ -89.0092359, 46.9476566 ] ], [ [ -91.333133, 43.7083187 ], [ -91.2193458, 43.7518375 ], [ -91.1496679, 43.702411 ], [ -91.1683838, 43.4672372 ], [ -91.0298726, 43.3683021 ], [ -91.0432393, 43.2036869 ], [ -91.1579931, 43.1367834 ], [ -91.1486836, 43.2543748 ], [ -91.179544299999989, 43.3261298 ], [ -91.3511433, 43.4731221 ], [ -91.333133, 43.7083187 ] ], [ [ -89.9303787, 43.751716 ], [ -90.1138612, 43.7591356 ], [ -90.1850124, 43.7855435 ], [ -90.212754, 43.8809993 ], [ -90.2796454, 43.9543703 ], [ -90.3510985, 43.9806986 ], [ -90.342293200000015, 44.0747243 ], [ -90.2640301, 44.1189077 ], [ -90.255068799999989, 44.2129296 ], [ -90.3660188, 44.217167 ], [ -90.359409, 44.287689 ], [ -90.2808813, 44.3318827 ], [ -90.1349724, 44.3026257 ], [ -90.139557, 44.2556176 ], [ -89.9545585, 44.2482286 ], [ -90.0401981, 44.1337011 ], [ -90.0541131, 43.9926893 ], [ -89.9804342, 43.989719 ], [ -89.9091324, 43.9632126 ], [ -89.9185935, 43.869214299999989 ], [ -89.8818316, 43.8677002 ], [ -89.8889507, 43.797203 ], [ -89.9256701, 43.7987154 ], [ -89.9303787, 43.751716 ] ], [ [ -88.8511655, 44.1521196 ], [ -88.7376243, 44.1702357 ], [ -88.7120848, 44.0745134 ], [ -88.8226587, 44.079898 ], [ -88.8511655, 44.1521196 ] ], [ [ -97.085135799999989, 44.7435359 ], [ -97.0111817, 44.7911577 ], [ -96.8218798, 44.6274433 ], [ -96.8202659, 44.5096949 ], [ -96.9691867, 44.5088058 ], [ -97.008396300000015, 44.6263065 ], [ -97.1203026, 44.6255133 ], [ -97.1939654, 44.5778404 ], [ -97.3425206, 44.5530317 ], [ -97.346224299999989, 44.7178721 ], [ -97.2346348, 44.7423833 ], [ -97.085135799999989, 44.7435359 ] ], [ [ -96.9071971, 45.3336024 ], [ -96.8323614, 45.3811484 ], [ -96.7190212, 45.3817267 ], [ -96.6424358, 45.287837 ], [ -96.5292727, 45.2882738 ], [ -96.4532887, 45.217849 ], [ -96.4149524, 45.123735 ], [ -96.3394488, 45.0768129 ], [ -96.0387475, 45.0771888 ], [ -96.0011574, 44.959423 ], [ -96.0761241, 44.9122971 ], [ -96.1133837, 44.7945104 ], [ -96.3378414, 44.7941741 ], [ -96.488441600000016, 44.9115256 ], [ -96.488828200000015, 44.9586317 ], [ -96.6013649, 44.9582254 ], [ -96.6777293, 45.075675499999988 ], [ -96.7529007, 45.0753201 ], [ -96.7540967, 45.1695379 ], [ -96.8680652, 45.2395989 ], [ -96.9071971, 45.3336024 ] ] ], [ [ [ -99.8478948, 46.4196236 ], [ -99.7326146, 46.4224507 ], [ -99.7401994, 46.5402443 ], [ -99.8172099, 46.5383651 ], [ -99.8478948, 46.4196236 ] ] ] ] } },
{ "type": "Feature", "properties": { "ID": 2 }, "geometry": { "type": "MultiPolygon", "coordinates": [ [ [ [ -82.4046175, 41.367386 ], [ -82.5797399, 41.38412 ], [ -82.6799009, 41.4173918 ], [ -82.6699765, 41.4640603 ], [ -82.8152506, 41.4538639 ], [ -82.825066, 41.407185 ], [ -83.0004079, 41.423401 ], [ -83.1008521, 41.4563756 ], [ -83.0767784, 41.573112 ], [ -83.1822886, 41.5826803 ], [ -83.2383518, 41.6590685 ], [ -83.379264, 41.671649 ], [ -83.3934047, 41.6015829 ], [ -83.3277508, 41.5719626 ], [ -83.3513594, 41.4551842 ], [ -83.2156986, 41.419222 ], [ -83.2252126, 41.3725149 ], [ -83.0898014, 41.3364306 ], [ -82.9943871, 41.2800979 ], [ -83.0088663, 41.2100519 ], [ -82.8690564, 41.197103 ], [ -82.789372, 41.2372611 ], [ -82.739644, 41.3040015 ], [ -82.6597426, 41.3440837 ], [ -82.414722700000013, 41.320733 ], [ -82.4046175, 41.367386 ] ] ], [ [ [ -90.5305306, 42.4069542 ], [ -90.5982581, 42.456684599999988 ], [ -90.6701435, 42.4593496 ], [ -90.714114, 42.3665982 ], [ -90.6064465, 42.36262 ], [ -90.5305306, 42.4069542 ] ] ], [ [ [ -90.8722094, 42.6317615 ], [ -90.7640702, 42.6279011 ], [ -90.7680528, 42.5808677 ], [ -90.626041199999989, 42.5520842 ], [ -90.6199059, 42.6226289 ], [ -90.7220005, 42.6971436 ], [ -90.8302583, 42.7010351 ], [ -90.8322275, 42.6775182 ], [ -90.8683028, 42.6787969 ], [ -90.8722094, 42.6317615 ] ] ], [ [ [ -82.7644452, 42.7099801 ], [ -82.7392456, 42.826589 ], [ -82.65737, 42.8666404 ], [ -82.6165767, 43.0531732 ], [ -82.5240127, 43.1397774 ], [ -82.5549023, 43.1664222 ], [ -82.6991361, 43.1796662 ], [ -82.7864596, 43.1162732 ], [ -82.9046001, 43.0793989 ], [ -83.0847388, 43.0955019 ], [ -83.197765100000012, 43.0817223 ], [ -83.2533032, 42.991541 ], [ -83.3612746, 43.0009722 ], [ -83.3709226, 42.9542897 ], [ -83.5508139, 42.9698194 ], [ -83.6369589, 42.905919 ], [ -83.8167747, 42.9211212 ], [ -83.8979623, 42.8804227 ], [ -83.9986471, 42.3664484 ], [ -83.8871039, 42.3808495 ], [ -83.8606261, 42.3311199 ], [ -83.7227621, 42.2956593 ], [ -83.563561, 42.1869256 ], [ -83.582288, 42.0935056 ], [ -83.4852744, 42.0375294 ], [ -83.4427216, 41.8911956 ], [ -83.3318997, 41.9051714 ], [ -83.2420299, 41.9922629 ], [ -83.2035605, 42.1790156 ], [ -83.1680493, 42.1758411 ], [ -83.1341074, 42.3392197 ], [ -83.0887514, 42.382702 ], [ -82.9462861, 42.3698393 ], [ -82.911653199999989, 42.533152 ], [ -82.8302773, 42.573304 ], [ -82.8002425, 42.7132533 ], [ -82.7644452, 42.7099801 ] ] ], [ [ [ -85.8314736, 44.4258883 ], [ -85.8856143, 44.5479946 ], [ -85.9557684, 44.5764107 ], [ -85.9399762, 44.6700852 ], [ -86.121740699999989, 44.705867 ], [ -86.1372579, 44.6121726 ], [ -86.2152953, 44.5936205 ], [ -86.2573707, 44.3359436 ], [ -86.2943008, 44.338355 ], [ -86.3170142, 44.197799 ], [ -86.3651366, 44.1299147 ], [ -86.4829872, 44.0901818 ], [ -86.3988031, 43.9190699 ], [ -86.4248265, 43.7550761 ], [ -86.5565284, 43.6215728 ], [ -86.483520399999989, 43.616871 ], [ -86.4580794, 43.5442203 ], [ -86.4727846, 43.4505036 ], [ -86.3999878, 43.4457604 ], [ -86.3858154, 43.3028121 ], [ -86.2405984, 43.2932038 ], [ -86.2667792, 43.1292313 ], [ -86.2093868, 43.0306906 ], [ -86.1920085, 42.9111385 ], [ -86.2884339, 42.3020107 ], [ -86.324157, 42.3044151 ], [ -86.453008, 42.1709572 ], [ -86.4673972, 42.0772047 ], [ -86.5457279, 42.035035099999988 ], [ -86.5919367, 41.9670482 ], [ -86.6131223, 41.8263818 ], [ -86.7195228, 41.8333299 ], [ -86.7688559, 41.7418295 ], [ -86.8465653, 41.6994883 ], [ -86.9527761, 41.7062637 ], [ -87.0370288, 41.6169054 ], [ -87.0117575, 41.5443008 ], [ -86.9058135, 41.5375686 ], [ -86.8990127, 41.5844813 ], [ -86.687037, 41.5707711 ], [ -86.5351599, 41.6317973 ], [ -86.5280723, 41.6786892 ], [ -86.4465951, 41.7443004 ], [ -86.3013412, 41.7581874 ], [ -86.2476521, 41.8729608 ], [ -86.2145788, 42.0838673 ], [ -86.1789862, 42.0814356 ], [ -86.078051, 42.7139635 ], [ -86.142455, 42.7657157 ], [ -86.1198716, 42.9062562 ], [ -86.040141, 42.948179499999988 ], [ -86.0248961, 43.0418593 ], [ -86.0858023, 43.1170513 ], [ -86.0705852, 43.2107326 ], [ -86.1755566, 43.2415011 ], [ -86.160446, 43.3351898 ], [ -86.1892226, 43.3844703 ], [ -86.2945523, 43.4151531 ], [ -86.3197447, 43.4878326 ], [ -86.3925855, 43.4926154 ], [ -86.3412693, 43.5839333 ], [ -86.3150936, 43.7479121 ], [ -86.388246, 43.7526972 ], [ -86.3621245, 43.9166845 ], [ -86.3254489, 43.91429 ], [ -86.299087, 44.0782676 ], [ -86.2026675, 44.2139778 ], [ -86.0843903, 44.2534891 ], [ -86.0649991, 44.3705904 ], [ -85.8763679, 44.3815742 ], [ -85.8314736, 44.4258883 ] ] ], [ [ [ -87.4979427, 44.5300826 ], [ -87.4102781, 44.6196621 ], [ -87.386586799999989, 44.7838441 ], [ -87.4170732, 44.8328883 ], [ -87.6408041, 44.8454992 ], [ -87.6539725, 44.751655899999989 ], [ -87.7479554, 44.6150074 ], [ -87.9093203, 44.5292647 ], [ -88.0608909, 44.5137534 ], [ -88.0671153, 44.4668182 ], [ -88.1535755, 44.376860699999988 ], [ -88.2337061, 44.3337956 ], [ -88.3817198, 44.3414307 ], [ -88.3876762, 44.2944841 ], [ -88.5588876, 44.1141581 ], [ -88.6159109, 43.9516631 ], [ -88.635949599999989, 43.7873252 ], [ -88.5654801, 43.7601766 ], [ -88.5827255, 43.619322 ], [ -88.6250044, 43.5742045 ], [ -88.661554700000011, 43.57603 ], [ -88.6643888, 43.5525524 ], [ -88.4452038, 43.5414675 ], [ -88.4568534, 43.4475732 ], [ -88.3198789, 43.3696007 ], [ -88.3287392, 43.2991864 ], [ -88.3651162, 43.3010854 ], [ -88.3768429, 43.207195 ], [ -88.4131668, 43.209082099999989 ], [ -88.4610732, 43.1170617 ], [ -88.4754989, 42.9996848 ], [ -88.4176047, 42.878558 ], [ -88.3453487, 42.8747767 ], [ -88.351191, 42.8278284 ], [ -88.3150937, 42.8259258 ], [ -88.2937018, 42.7066469 ], [ -88.1915815, 42.6539251 ], [ -88.2270757, 42.3722382 ], [ -88.191247, 42.3703046 ], [ -88.1971583, 42.3233543 ], [ -88.1613587, 42.3214133 ], [ -88.1583907, 42.3448878 ], [ -88.0509652, 42.3390093 ], [ -88.0302467, 42.2196707 ], [ -87.9587796, 42.2156969 ], [ -87.9352372, 42.1198108 ], [ -87.8669585, 42.0923189 ], [ -87.8792068, 41.9984321 ], [ -87.7724037, 41.9923454 ], [ -87.7878612, 41.87499 ], [ -87.8650425, 41.8321016 ], [ -87.8863693, 41.6677726 ], [ -87.7478082, 41.6361711 ], [ -87.5000997, 41.6216161 ], [ -87.487358, 41.7154896 ], [ -87.5582251, 41.719698099999988 ], [ -87.6812776, 41.8688352 ], [ -87.6593426, 42.0331146 ], [ -87.8515961, 42.2096699 ], [ -87.8144891, 42.4912805 ], [ -87.8503757, 42.4933073 ], [ -87.8224453, 42.7044958 ], [ -87.8944691, 42.7085363 ], [ -87.882103, 42.8023975 ], [ -87.8572574, 42.9901094 ], [ -87.9296181, 42.9941322 ], [ -87.8986222, 43.2287703 ], [ -87.916315, 43.3715557 ], [ -87.830930099999989, 43.461371 ], [ -87.786600299999989, 43.7898138 ], [ -87.7371389, 43.8816067 ], [ -87.8105564, 43.8856883 ], [ -87.7882407, 44.0499092 ], [ -87.6984689, 44.1631085 ], [ -87.6692287, 44.3742349 ], [ -87.588641, 44.4169969 ], [ -87.5754438, 44.5108255 ], [ -87.4979427, 44.5300826 ] ], [ [ -88.3157951, 43.9836546 ], [ -88.32475, 43.9132418 ], [ -88.471747, 43.9207869 ], [ -88.4512171, 44.0851037 ], [ -88.33469620000001, 44.1263863 ], [ -88.3157951, 43.9836546 ] ] ], [ [ [ -91.333133, 43.7083187 ], [ -91.3511433, 43.4731221 ], [ -91.179544299999989, 43.3261298 ], [ -91.1486836, 43.2543748 ], [ -91.1579931, 43.1367834 ], [ -91.0432393, 43.2036869 ], [ -91.0298726, 43.3683021 ], [ -91.1683838, 43.4672372 ], [ -91.1496679, 43.702411 ], [ -91.2193458, 43.7518375 ], [ -91.333133, 43.7083187 ] ] ], [ [ [ -83.7215689, 43.5780422 ], [ -83.7484757, 43.6277828 ], [ -83.8940504, 43.6398503 ], [ -84.0714925, 43.6780949 ], [ -84.080702699999989, 43.6313709 ], [ -84.1990469, 43.5934581 ], [ -84.189999899999989, 43.4503384 ], [ -84.2217372, 43.2867731 ], [ -84.1538781, 43.2575536 ], [ -84.0091615, 43.2457421 ], [ -83.9506894, 43.1697064 ], [ -83.9330585, 43.0732826 ], [ -83.7574499, 43.0348703 ], [ -83.7026144, 43.125241 ], [ -83.594372299999989, 43.1160621 ], [ -83.5658188, 43.2561458 ], [ -83.6695734, 43.2886954 ], [ -83.6506135, 43.3820928 ], [ -83.7230912, 43.3881929 ], [ -83.6899625, 43.5516465 ], [ -83.7215689, 43.5780422 ] ] ], [ [ [ -88.8511655, 44.1521196 ], [ -88.8226587, 44.079898 ], [ -88.7120848, 44.0745134 ], [ -88.7376243, 44.1702357 ], [ -88.8511655, 44.1521196 ] ] ], [ [ [ -87.1410528, 45.1717223 ], [ -87.2535157, 45.1782748 ], [ -87.28118, 44.9906353 ], [ -87.3627649, 44.9480314 ], [ -87.3729903, 44.8776647 ], [ -87.2610815, 44.871201899999988 ], [ -87.2168531, 44.9159332 ], [ -87.1994782, 45.0331957 ], [ -87.0731707, 45.1204056 ], [ -87.1410528, 45.1717223 ] ] ], [ [ [ -78.6592121, 40.2596735 ], [ -78.7338971, 40.2450392 ], [ -78.7778595, 40.0826176 ], [ -78.7563028, 40.0319398 ], [ -78.743759, 40.0783506 ], [ -78.6844739, 40.166881 ], [ -78.6592121, 40.2596735 ] ] ], [ [ [ -81.5762912, 41.5474519 ], [ -81.5573759, 41.473999 ], [ -81.4523106, 41.4632309 ], [ -81.3581811, 41.4058132 ], [ -81.2367946, 41.4647437 ], [ -81.2092649, 41.5811419 ], [ -81.1280473, 41.6203515 ], [ -81.0578866, 41.6129712 ], [ -81.000429, 41.7023459 ], [ -80.761314, 41.7962096 ], [ -80.749903, 41.8427238 ], [ -80.6443627, 41.8313634 ], [ -80.632858399999989, 41.8778673 ], [ -80.4979012, 41.839342 ], [ -80.3162403, 41.8432951 ], [ -80.1053572, 41.8198587 ], [ -79.9237302, 41.8233146 ], [ -79.6351392, 41.9577461 ], [ -79.6228614, 42.0041633 ], [ -79.517261499999989, 41.9919753 ], [ -79.4344617, 42.0302072 ], [ -79.3805479, 42.0956991 ], [ -79.310072, 42.0874642 ], [ -79.2144039, 42.1719528 ], [ -79.1311795, 42.2100067 ], [ -79.1057541, 42.30274 ], [ -79.0512576, 42.3681001 ], [ -78.8580896, 42.5366445 ], [ -78.696672, 42.5891185 ], [ -78.6835653, 42.6354405 ], [ -78.5770787, 42.6225665 ], [ -78.528363900000016, 42.6645653 ], [ -78.5018462, 42.7571746 ], [ -78.3663333, 42.7166697 ], [ -78.3508817, 42.6428759 ], [ -78.208986, 42.6253684 ], [ -78.1752488, 42.7410567 ], [ -78.063397, 42.8710256 ], [ -78.0853773, 42.9217139 ], [ -78.297252200000017, 42.828023099999989 ], [ -78.3973475, 42.8642474 ], [ -78.5754838, 42.8858782 ], [ -78.7115064, 42.9261861 ], [ -78.8542362, 42.9432008 ], [ -78.8381437, 42.8694646 ], [ -78.8707077, 42.7536299 ], [ -78.9192595, 42.7115179 ], [ -79.0324068, 42.7009652 ], [ -79.0872165, 42.6356203 ], [ -79.112806300000017, 42.5429024 ], [ -79.196489, 42.5048643 ], [ -79.2319544, 42.5090131 ], [ -79.3761018, 42.382256 ], [ -79.4136559, 42.243087 ], [ -79.5903553, 42.263481 ], [ -79.6441935, 42.197916 ], [ -79.7501673, 42.2100093 ], [ -79.8451661, 42.1251682 ], [ -79.9570869, 42.1138938 ], [ -80.0629778, 42.1257578 ], [ -80.1221635, 42.0367847 ], [ -80.1808066, 42.091084 ], [ -80.3514195, 41.9904795 ], [ -80.457175, 42.0020544 ], [ -80.4688327, 41.9555678 ], [ -80.6097986, 41.9708688 ], [ -80.6623139, 41.904918 ], [ -80.7441912, 41.8659801 ], [ -80.8850218, 41.8810117 ], [ -81.0019302, 41.8456628 ], [ -81.0539278, 41.7795646 ], [ -81.1594539, 41.7906239 ], [ -81.1705518, 41.7440761 ], [ -81.2760386, 41.7550497 ], [ -81.3573378, 41.715759299999988 ], [ -81.4143, 41.6262426 ], [ -81.4845167, 41.6334478 ], [ -81.5762912, 41.5474519 ] ] ], [ [ [ -74.253323, 41.7137457 ], [ -74.2879676, 41.7190994 ], [ -74.3041101, 41.6732035 ], [ -74.269489400000012, 41.6678536 ], [ -74.253323, 41.7137457 ] ] ], [ [ [ -71.6544127, 41.3340083 ], [ -71.5337972, 41.3615887 ], [ -71.5589834, 41.3903888 ], [ -71.5318825, 41.458750099999989 ], [ -71.5661418, 41.4647613 ], [ -71.6274394, 41.4023904 ], [ -71.6959215, 41.414359 ], [ -71.7659856, 41.3291281 ], [ -71.8522363, 41.2954156 ], [ -71.7496717, 41.2775616 ], [ -71.6544127, 41.3340083 ] ] ], [ [ [ -71.4633835, 41.446703 ], [ -71.4452376, 41.492264299999988 ], [ -71.4795068, 41.4982962 ], [ -71.4976298, 41.4527307 ], [ -71.4633835, 41.446703 ] ] ], [ [ [ -74.1584049, 42.4975368 ], [ -74.1688092, 42.5717076 ], [ -74.2741794, 42.5877979 ], [ -74.3256695, 42.5472652 ], [ -74.3827198, 42.3866681 ], [ -74.3126757, 42.3760015 ], [ -74.3802115, 42.2895622 ], [ -74.4851579, 42.3055009 ], [ -74.5496119, 42.1218685 ], [ -74.6194108, 42.1324216 ], [ -74.6862581, 42.0458299 ], [ -74.6753275, 41.9716801 ], [ -74.5601147, 41.8817152 ], [ -74.308849, 41.8674735 ], [ -74.3112296, 41.9646004 ], [ -74.2706535, 42.0793177 ], [ -74.2276653, 42.0969002 ], [ -74.0883049, 42.0753806 ], [ -74.0307806, 42.2358825 ], [ -74.1006185, 42.2466861 ], [ -74.1109118, 42.320868499999989 ], [ -74.2158418, 42.3370025 ], [ -74.2694939, 42.3935942 ], [ -74.2449516, 42.4624062 ], [ -74.1584049, 42.4975368 ] ] ], [ [ [ -71.2258286, 41.6729589 ], [ -71.1663601, 41.6380071 ], [ -71.0291396, 41.6135314 ], [ -70.9170089, 41.6178323 ], [ -70.9670435, 41.6756349 ], [ -70.9391755, 41.7438697 ], [ -71.0422683, 41.7623022 ], [ -71.0515298, 41.7395517 ], [ -71.0858959, 41.7456772 ], [ -71.1043756, 41.7001692 ], [ -71.2074449, 41.7184832 ], [ -71.2258286, 41.6729589 ] ] ], [ [ [ -76.132492900000017, 43.1225594 ], [ -76.5243689, 43.175928 ], [ -77.0101298, 43.1684137 ], [ -76.9889509, 43.1175696 ], [ -77.1388207, 43.1131796 ], [ -77.3172227, 43.1363437 ], [ -77.4099006, 43.0762558 ], [ -77.2744139, 43.0347405 ], [ -77.2460068, 42.886941 ], [ -77.07554, 42.8406064 ], [ -76.9834835, 42.7803997 ], [ -76.9696696, 42.7064684 ], [ -76.8988419, 42.6970588 ], [ -76.8416758, 42.7615597 ], [ -76.7708045, 42.7520878 ], [ -76.7364483, 42.6272491 ], [ -76.4817134, 42.6168219 ], [ -76.4201471, 42.4640291 ], [ -76.3570867, 42.4313013 ], [ -76.3662687, 42.2881494 ], [ -76.2886, 42.3014931 ], [ -76.1480992, 42.2819741 ], [ -76.0001718, 42.2853521 ], [ -76.0052124, 42.3824158 ], [ -75.8646186, 42.3626221 ], [ -75.8342636, 42.4547189 ], [ -75.7639009, 42.4447564 ], [ -75.670586, 42.5038042 ], [ -75.5471837, 42.8719522 ], [ -75.4686046, 42.8848523 ], [ -75.3348766, 42.8415472 ], [ -75.2838074, 42.8824318 ], [ -75.2602058, 42.9514009 ], [ -75.3665042, 42.9666959 ], [ -75.382169, 42.9207058 ], [ -75.4650521, 43.0049134 ], [ -75.6980504, 43.0861569 ], [ -75.7768386, 43.0731339 ], [ -75.919031500000017, 43.0930078 ], [ -76.0537171, 43.1357737 ], [ -76.0969017, 43.1176558 ], [ -76.132492900000017, 43.1225594 ] ] ] ] } },
{ "type": "Feature", "properties": { "ID": 3 }, "geometry": { "type": "MultiPolygon", "coordinates": [ [ [ [ -75.9483229, 37.1585725 ], [ -76.0015985, 37.0940402 ], [ -75.8720116, 37.0741302 ], [ -75.8186282, 37.1386127 ], [ -75.7765016, 37.2775369 ], [ -75.8274282, 37.3338544 ], [ -75.906450600000014, 37.2975328 ], [ -75.9483229, 37.1585725 ] ] ], [ [ [ -75.8274282, 37.3338544 ], [ -75.7044969, 37.2906374 ], [ -75.6620402, 37.4294885 ], [ -75.6295004, 37.424443 ], [ -75.5653904, 37.6326189 ], [ -75.6235406, 37.6658572 ], [ -75.7384909, 37.5139992 ], [ -75.7667453, 37.4214341 ], [ -75.8063347, 37.4033002 ], [ -75.8274282, 37.3338544 ] ] ], [ [ [ -75.4393121, 37.9280491 ], [ -75.4681545, 37.8356108 ], [ -75.370002, 37.8203183 ], [ -75.3300484, 37.83831 ], [ -75.2937428, 37.9538171 ], [ -75.2136134, 37.9897348 ], [ -75.1182157, 38.2898362 ], [ -75.0852967, 38.284665 ], [ -75.0260741, 38.4692287 ], [ -75.0219528, 38.5897348 ], [ -75.0434975, 38.7384629 ], [ -75.1023588, 38.7718711 ], [ -75.1429396, 38.7539722 ], [ -75.109787, 38.7488105 ], [ -75.1837847, 38.518141799999988 ], [ -75.1507471, 38.5129883 ], [ -75.2243398, 38.2822189 ], [ -75.1914163, 38.2770736 ], [ -75.2353921, 38.1385643 ], [ -75.3047035, 38.0282342 ], [ -75.3520373, 37.9871559 ], [ -75.4393121, 37.9280491 ] ] ], [ [ [ -76.4016483, 39.3054088 ], [ -76.429739, 39.2129508 ], [ -76.3293036, 39.1983904 ], [ -76.3152004, 39.244612 ], [ -76.3486965, 39.2494768 ], [ -76.3345959, 39.2956975 ], [ -76.4016483, 39.3054088 ] ] ], [ [ [ -80.1808066, 42.091084 ], [ -80.1221635, 42.0367847 ], [ -80.0629778, 42.1257578 ], [ -80.1808066, 42.091084 ] ] ], [ [ [ -87.8944691, 42.7085363 ], [ -87.7864369, 42.7024623 ], [ -87.7739076, 42.7963144 ], [ -87.882103, 42.8023975 ], [ -87.8944691, 42.7085363 ] ] ], [ [ [ -79.9570869, 42.1138938 ], [ -79.8451661, 42.1251682 ], [ -79.7501673, 42.2100093 ], [ -79.6441935, 42.197916 ], [ -79.5903553, 42.263481 ], [ -79.4136559, 42.243087 ], [ -79.3761018, 42.382256 ], [ -79.2319544, 42.5090131 ], [ -79.196489, 42.5048643 ], [ -79.2610952, 42.5363404 ], [ -79.2737492, 42.4899655 ], [ -79.3218205, 42.4477156 ], [ -79.4406714, 42.4136535 ], [ -79.5010206, 42.3249495 ], [ -79.6071831, 42.3371473 ], [ -79.7732848, 42.2604473 ], [ -79.8269278, 42.194814 ], [ -79.8975923, 42.2027955 ], [ -79.9570869, 42.1138938 ] ] ], [ [ [ -82.7644452, 42.7099801 ], [ -82.621294, 42.6967994 ], [ -82.5650535, 42.6202087 ], [ -82.580331, 42.550258 ], [ -82.4019127, 42.5335331 ], [ -82.4173528, 42.4635974 ], [ -82.3564178, 42.4102327 ], [ -82.4125747, 42.3203552 ], [ -82.4938887, 42.2804339 ], [ -82.7427185, 42.3036322 ], [ -82.8899413, 42.2933654 ], [ -82.9512188, 42.3465073 ], [ -83.0015531, 42.2797332 ], [ -83.0726808, 42.2861552 ], [ -83.101898, 42.1461267 ], [ -83.0504364, 42.0463672 ], [ -82.9087463, 42.0334651 ], [ -82.6863147, 42.060503499999989 ], [ -82.5446692, 42.0472431 ], [ -82.4078186, 42.1771041 ], [ -82.3014251, 42.1669669 ], [ -82.1387431, 42.2465503 ], [ -82.1282806, 42.2931586 ], [ -81.9862275, 42.2793506 ], [ -81.8282021, 42.3352817 ], [ -81.8013958, 42.4517381 ], [ -81.4205919, 42.6757909 ], [ -81.2421405, 42.6576419 ], [ -80.981094399999989, 42.6783803 ], [ -80.7671147, 42.6559283 ], [ -80.458221600000016, 42.575186599999988 ], [ -80.4228212, 42.7146012 ], [ -80.3515042, 42.7068786 ], [ -80.2920065, 42.7959218 ], [ -80.2086098, 42.8345858 ], [ -80.0954265, 42.846052 ], [ -79.8811991, 42.8222985 ], [ -79.8270674, 42.8879369 ], [ -79.6127993, 42.8637894 ], [ -79.4994541, 42.8747927 ], [ -79.4868911, 42.9211815 ], [ -79.3019853, 42.9238507 ], [ -79.1591777, 42.9072736 ], [ -79.0585674, 42.8715737 ], [ -78.9613353, 42.9558702 ], [ -79.1820723, 42.9577929 ], [ -79.247147, 42.989271 ], [ -79.4259361, 43.0098624 ], [ -79.4554007, 43.0371466 ], [ -79.6048444, 43.0302348 ], [ -79.8196901, 43.0543926 ], [ -79.8258619, 43.0311849 ], [ -80.0407967, 43.055018 ], [ -80.2260583, 43.0514132 ], [ -80.2558973, 43.078535 ], [ -80.4053453, 43.0708057 ], [ -80.6206384, 43.0937865 ], [ -80.7099642, 43.0316455 ], [ -81.2843595, 43.0910286 ], [ -81.3506375, 43.1215617 ], [ -81.3698136, 43.1949908 ], [ -81.5138485, 43.2093997 ], [ -81.502746, 43.2559483 ], [ -81.6053794, 43.289948 ], [ -81.7496927, 43.3041251 ], [ -81.80212, 43.2377927 ], [ -81.8850476, 43.198226 ], [ -81.9931622, 43.2086663 ], [ -82.0038836, 43.1620809 ], [ -82.0972139, 43.0758068 ], [ -82.179732199999989, 43.0360725 ], [ -82.2876108, 43.0462959 ], [ -82.2980807, 42.999687699999988 ], [ -82.4778241, 43.016537199999988 ], [ -82.4828089, 43.159747 ], [ -82.5549023, 43.1664222 ], [ -82.5240127, 43.1397774 ], [ -82.6165767, 43.0531732 ], [ -82.65737, 42.8666404 ], [ -82.7392456, 42.826589 ], [ -82.7644452, 42.7099801 ] ] ], [ [ [ -88.3157951, 43.9836546 ], [ -88.33469620000001, 44.1263863 ], [ -88.4512171, 44.0851037 ], [ -88.471747, 43.9207869 ], [ -88.32475, 43.9132418 ], [ -88.3157951, 43.9836546 ] ] ], [ [ [ -87.7371389, 43.8816067 ], [ -87.7081702, 44.0927333 ], [ -87.6247214, 44.1589712 ], [ -87.5509839, 44.1547975 ], [ -87.57471, 44.2507128 ], [ -87.5449917, 44.4618181 ], [ -87.4979427, 44.5300826 ], [ -87.5754438, 44.5108255 ], [ -87.588641, 44.4169969 ], [ -87.6692287, 44.3742349 ], [ -87.6984689, 44.1631085 ], [ -87.7882407, 44.0499092 ], [ -87.8105564, 43.8856883 ], [ -87.7371389, 43.8816067 ] ] ], [ [ [ -86.2152953, 44.5936205 ], [ -86.1372579, 44.6121726 ], [ -86.121740699999989, 44.705867 ], [ -86.2037573, 44.6638968 ], [ -86.2152953, 44.5936205 ] ] ], [ [ [ -75.7239218, 35.8859751 ], [ -75.6602926, 35.8758772 ], [ -75.6116561, 36.0382809 ], [ -75.7045427, 36.1744741 ], [ -75.7684545, 36.1845441 ], [ -75.7337642, 36.3005108 ], [ -75.8524093, 36.4647419 ], [ -75.8177192, 36.5806676 ], [ -75.8889539, 36.5674889 ], [ -75.8593332, 36.4415525 ], [ -75.8800769, 36.3719761 ], [ -75.8159742, 36.3619643 ], [ -75.8505568, 36.2459899 ], [ -75.818564, 36.2409795 ], [ -75.8073312, 36.1663682 ], [ -75.7434306, 36.1563169 ], [ -75.7350189, 35.9606357 ], [ -75.7239218, 35.8859751 ] ] ], [ [ [ -74.8645937, 39.0737732 ], [ -74.9387176, 39.0611616 ], [ -75.0169796, 38.928080199999989 ], [ -74.8840894, 38.9072672 ], [ -74.7466323, 39.0067519 ], [ -74.7314572, 39.0528159 ], [ -74.6981864, 39.0475563 ], [ -74.6905797, 39.070585 ], [ -74.7238616, 39.0758463 ], [ -74.7086545, 39.1219036 ], [ -74.7752787, 39.1324086 ], [ -74.8645937, 39.0737732 ] ] ], [ [ [ -74.565472, 39.3415527 ], [ -74.5961686, 39.2494912 ], [ -74.5294541, 39.2389007 ], [ -74.4652749, 39.3256342 ], [ -74.3907606, 39.3379853 ], [ -74.2928721, 39.4192877 ], [ -74.253852, 39.5342526 ], [ -74.1712106, 39.5694711 ], [ -74.1240031, 39.7073599 ], [ -74.0667341, 39.770882 ], [ -74.08451, 39.8222383 ], [ -74.1181281, 39.8276417 ], [ -74.1733006, 39.6667923 ], [ -74.2382053, 39.5802311 ], [ -74.4033533, 39.5096639 ], [ -74.5012397, 39.4282919 ], [ -74.565472, 39.3415527 ] ] ], [ [ [ -73.998974, 40.1721493 ], [ -73.9429316, 40.3328422 ], [ -73.9447004, 40.4300874 ], [ -74.1143818, 40.4571745 ], [ -74.0266789, 40.297789099999989 ], [ -74.0586005, 40.2059481 ], [ -73.998974, 40.1721493 ] ] ], [ [ [ -74.1084199, 40.5773632 ], [ -73.8364933, 40.533917699999989 ], [ -73.7781996, 40.5972667 ], [ -73.6082906, 40.5697761 ], [ -73.456014, 40.5934749 ], [ -73.3119129, 40.5940981 ], [ -73.2613566, 40.6343187 ], [ -73.1255192, 40.6118438 ], [ -72.9645512, 40.6579067 ], [ -72.9052817, 40.7208838 ], [ -72.8033513, 40.7037833 ], [ -72.7863759, 40.7495369 ], [ -72.6419202, 40.749473099999989 ], [ -72.6248168, 40.7952054 ], [ -72.5228435, 40.7779029 ], [ -72.4970395, 40.8464764 ], [ -72.395019, 40.8290823 ], [ -72.3096886, 40.8631363 ], [ -72.2495813, 40.9258248 ], [ -72.1134878, 40.9023792 ], [ -72.0685469, 41.1137175 ], [ -72.231315, 41.0686986 ], [ -72.1963191, 41.1600349 ], [ -72.2988178, 41.1775679 ], [ -72.4615856, 41.1322868 ], [ -72.4961844, 41.0408834 ], [ -72.5644372, 41.0524368 ], [ -72.6243533, 40.9896211 ], [ -72.7608197, 41.0125723 ], [ -73.1618143, 41.006330399999989 ], [ -73.2552314, 40.9488671 ], [ -73.3918345, 40.9712098 ], [ -73.5026173, 40.9649662 ], [ -73.5191347, 40.9191359 ], [ -73.6639693, 40.9183 ], [ -73.6803584, 40.8724491 ], [ -73.7827895, 40.8889114 ], [ -74.0039667, 40.875724 ], [ -74.0703311, 40.7893472 ], [ -74.1424366, 40.5827567 ], [ -74.1084199, 40.5773632 ] ] ], [ [ [ -72.0156255, 41.2506511 ], [ -71.8953271, 41.2785393 ], [ -71.9979342, 41.2962882 ], [ -72.0156255, 41.2506511 ] ] ], [ [ [ -70.9170089, 41.6178323 ], [ -71.0291396, 41.6135314 ], [ -71.1663601, 41.6380071 ], [ -71.2258286, 41.6729589 ], [ -71.2166401, 41.6957215 ], [ -71.3197347, 41.7139546 ], [ -71.3380356, 41.6684158 ], [ -71.3723907, 41.6744728 ], [ -71.390642, 41.6289261 ], [ -71.4249805, 41.6349705 ], [ -71.4340846, 41.6121938 ], [ -71.3997577, 41.6061514 ], [ -71.4613577, 41.5438579 ], [ -71.4795068, 41.4982962 ], [ -71.4452376, 41.492264299999988 ], [ -71.4633835, 41.446703 ], [ -71.5318825, 41.458750099999989 ], [ -71.5589834, 41.3903888 ], [ -71.4221495, 41.3662865 ], [ -71.3606842, 41.4285704 ], [ -71.2739899, 41.4619811 ], [ -71.0595015, 41.4481253 ], [ -70.997598400000015, 41.5102487 ], [ -70.929146800000012, 41.4979454 ], [ -70.9170089, 41.6178323 ] ] ] ] } },
{ "type": "Feature", "properties": { "ID": 4 }, "geometry": { "type": "MultiPolygon", "coordinates": [ [ [ [ -97.9914286, 39.4071942 ], [ -97.9571217, 39.4076859 ], [ -97.9928712, 39.4544071 ], [ -97.9914286, 39.4071942 ] ] ], [ [ [ -95.9278437, 43.5464302 ], [ -95.9644871, 43.5464435 ], [ -95.9643908, 43.7112797 ], [ -96.0379206, 43.7819231 ], [ -96.0379795, 43.8761151 ], [ -96.1117955, 43.9467222 ], [ -96.111969699999989, 44.040915 ], [ -96.1490292, 44.0879793 ], [ -96.2599451, 44.0878269 ], [ -96.2972647, 44.158403 ], [ -96.3715848, 44.2053339 ], [ -96.5568022, 44.2047574 ], [ -96.5563674, 44.1576608 ], [ -96.7044226, 44.1570344 ], [ -96.7030501, 44.0392954 ], [ -96.7754214, 43.9211907 ], [ -96.849159, 43.9207872 ], [ -96.84784, 43.8265987 ], [ -96.9571575, 43.7552854 ], [ -96.9538279, 43.543364 ], [ -97.1003845, 43.5423435 ], [ -97.1754781, 43.6359637 ], [ -97.1768448, 43.7066022 ], [ -97.2522597, 43.800183 ], [ -97.3258459, 43.7995427 ], [ -97.4010619, 43.869502 ], [ -97.4401349, 43.963331 ], [ -97.4429428, 44.0810588 ], [ -97.5168691, 44.0803236 ], [ -97.5186456, 44.15096 ], [ -97.5951475, 44.2443689 ], [ -97.6347669, 44.3381506 ], [ -97.6379741, 44.455881 ], [ -97.6778003, 44.5496554 ], [ -97.7543698, 44.6194432 ], [ -97.7585211, 44.7607271 ], [ -97.8369066, 44.8775745 ], [ -97.842001599999989, 45.0424186 ], [ -97.9201613, 45.1356847 ], [ -97.9255105, 45.3005445 ], [ -97.8900449, 45.3716771 ], [ -97.8145085, 45.3725976 ], [ -97.821039, 45.5845939 ], [ -97.7466256, 45.6325947 ], [ -97.7501278, 45.7503871 ], [ -97.899886, 45.6778973 ], [ -97.8976059, 45.6072263 ], [ -98.0105546, 45.5822133 ], [ -98.0880262, 45.6283061 ], [ -98.1621555, 45.5801393 ], [ -98.2379519, 45.5790459 ], [ -98.3174517, 45.6721326 ], [ -98.3239665, 45.8370274 ], [ -98.25055, 45.90884 ], [ -98.2541755, 46.003080499999989 ], [ -98.0251308, 46.0062718 ], [ -98.0235008, 45.9591481 ], [ -97.9090615, 45.9606144 ], [ -97.9129108, 46.07843 ], [ -97.9893581, 46.0774599 ], [ -97.9925722, 46.1717183 ], [ -97.918326, 46.2433898 ], [ -97.9214342, 46.3376626 ], [ -97.7678515, 46.3394974 ], [ -97.6917418, 46.363928 ], [ -97.6958654, 46.5053615 ], [ -97.7357826, 46.5520832 ], [ -97.8899294, 46.5502797 ], [ -97.9677992, 46.5728942 ], [ -98.009618, 46.6666993 ], [ -98.125451, 46.6651565 ], [ -98.2008765, 46.6169315 ], [ -98.2367221, 46.5456613 ], [ -98.4293595, 46.5427603 ], [ -98.4313361, 46.589902599999988 ], [ -98.5855568, 46.5874071 ], [ -98.583455, 46.540267 ], [ -98.6990177, 46.5382964 ], [ -98.7783134, 46.5840722 ], [ -98.8530888, 46.535535 ], [ -98.8111449, 46.4655385 ], [ -98.795259500000014, 46.135657 ], [ -98.8335119, 46.1349574 ], [ -98.8266664, 45.9936082 ], [ -98.8971513, 45.8744071 ], [ -99.0113907, 45.8722044 ], [ -99.0089726, 45.8250982 ], [ -99.161156, 45.8220312 ], [ -99.1713413, 46.0104549 ], [ -99.2489802, 46.0324135 ], [ -99.4003198, 46.0055546 ], [ -99.4412507, 46.0518098 ], [ -99.4509865, 46.2166908 ], [ -99.4195992, 46.3353312 ], [ -99.5404566, 46.4269715 ], [ -99.5505379, 46.5918996 ], [ -99.6276231, 46.5901146 ], [ -99.7077197, 46.6354151 ], [ -99.7152816, 46.753234 ], [ -99.90851, 46.7484938 ], [ -99.9053243, 46.7013687 ], [ -100.0966938, 46.6728331 ], [ -100.13528190000001, 46.6718096 ], [ -100.1235251, 46.5069102 ], [ -100.0400029, 46.4147209 ], [ -100.0318282, 46.2969559 ], [ -99.9519452, 46.2518369 ], [ -99.9455632, 46.1576334 ], [ -99.7407001, 45.9504668 ], [ -99.7361907, 45.8798235 ], [ -99.5738362, 45.7186301 ], [ -99.4950904, 45.6732943 ], [ -99.3731518, 45.534579799999989 ], [ -99.2974387, 45.5362373 ], [ -99.2556785, 45.4664144 ], [ -99.1800497, 45.4680135 ], [ -99.101941, 45.4224822 ], [ -99.059273499999989, 45.3290649 ], [ -98.9460846, 45.331303 ], [ -98.9437405, 45.2842112 ], [ -98.7895993, 45.2164226 ], [ -98.6766159, 45.2184597 ], [ -98.5971609, 45.1255835 ], [ -98.446737, 45.1280898 ], [ -98.5179542, 45.0326697 ], [ -98.6305899, 45.030751 ], [ -98.664966400000012, 44.9594591 ], [ -98.7377957, 44.9110293 ], [ -98.8501939, 44.9089471 ], [ -98.8842376, 44.8376087 ], [ -98.9590748, 44.836157199999988 ], [ -98.9917671, 44.7412561 ], [ -99.0689005, 44.7868304 ], [ -99.2558153, 44.782902799999988 ], [ -99.258386, 44.8299795 ], [ -99.4080175, 44.8266676 ], [ -99.4107103, 44.8737424 ], [ -99.6727307, 44.8675842 ], [ -99.6756345, 44.9146548 ], [ -100.0127005, 44.9060612 ], [ -100.015875, 44.9531256 ], [ -100.2407071, 44.9469733 ], [ -100.242385, 44.9705033 ], [ -100.916850700000012, 44.9500299 ], [ -100.9149069, 44.9265082 ], [ -101.2518246, 44.9151467 ], [ -101.2476766, 44.868113 ], [ -101.397258, 44.8628263 ], [ -101.469878900000012, 44.8366139 ], [ -101.656727, 44.829707 ], [ -101.650038099999989, 44.7591761 ], [ -101.4218043, 44.7204003 ], [ -101.4132747, 44.6263491 ], [ -101.4419567, 44.5309534 ], [ -101.3675854, 44.533637299999988 ], [ -101.3241247, 44.4644265 ], [ -101.1755302, 44.4696405 ], [ -101.1363626, 44.447405599999989 ], [ -100.9877944, 44.4524333 ], [ -100.9838851, 44.4053989 ], [ -100.872529899999989, 44.40907 ], [ -100.7926503, 44.3409133 ], [ -100.718487, 44.343275 ], [ -100.6370559, 44.2515162 ], [ -100.6244018, 44.0868721 ], [ -100.580331, 43.9939326 ], [ -100.469710299999988, 43.9973034 ], [ -100.4731929, 44.0443476 ], [ -100.2517432, 44.0508472 ], [ -100.142615, 44.0774992 ], [ -100.1088875, 44.1255761 ], [ -99.9610361, 44.1295841 ], [ -99.9179555, 44.0364501 ], [ -99.733395699999988, 44.0412003 ], [ -99.6198254, 43.9968784 ], [ -99.617009, 43.9498163 ], [ -99.5064217, 43.9524699 ], [ -99.4300224, 43.9071278 ], [ -99.4140954, 43.6247358 ], [ -99.3722084, 43.5314466 ], [ -99.2951644, 43.4625015 ], [ -99.2900854, 43.3683649 ], [ -99.2133394, 43.2993759 ], [ -99.2448177, 43.2044332 ], [ -99.2385947, 43.0867557 ], [ -99.3839781, 43.0834661 ], [ -99.377501, 42.9657918 ], [ -99.3049502, 42.9674515 ], [ -99.299897, 42.8733071 ], [ -99.5534201, 42.8673494 ], [ -99.5561383, 42.9144174 ], [ -99.6648587, 42.9117273 ], [ -99.6676641, 42.9587927 ], [ -99.8852416, 42.9531652 ], [ -99.9924873, 42.9267006 ], [ -100.0603101, 42.8541126 ], [ -100.0179701, 42.7609968 ], [ -100.047937, 42.6658733 ], [ -100.040242, 42.5482175 ], [ -99.8902361, 42.4580256 ], [ -99.8872845, 42.4109571 ], [ -99.7794512, 42.4138137 ], [ -99.7765856, 42.3667421 ], [ -99.5969779, 42.3713212 ], [ -99.5942525, 42.3242453 ], [ -99.4865568, 42.326883699999989 ], [ -99.4839169, 42.2798049 ], [ -99.3404173, 42.2831955 ], [ -99.231559, 42.262103 ], [ -99.0892566, 42.2887862 ], [ -98.9770934, 42.1968712 ], [ -98.7252207, 42.1782839 ], [ -98.723162, 42.1311894 ], [ -98.615768100000011, 42.1331792 ], [ -98.6137935, 42.0860822 ], [ -98.4349237, 42.0892184 ], [ -98.4330869, 42.042118 ], [ -98.2900864, 42.0444652 ], [ -98.286636300000012, 41.9502575 ], [ -98.2144058, 41.9278231 ], [ -98.2094146, 41.7864981 ], [ -98.2450194, 41.7859446 ], [ -98.2391315, 41.6210519 ], [ -98.3784977, 41.5480841 ], [ -98.3749427, 41.4538509 ], [ -98.5166003, 41.4514192 ], [ -98.6198996, 41.3788287 ], [ -98.6159943, 41.2845909 ], [ -98.684629199999989, 41.2361524 ], [ -98.6637988, 40.7412827 ], [ -98.6938392, 40.622760299999989 ], [ -98.5125829, 40.4609747 ], [ -98.5061293, 40.2959215 ], [ -98.4695405, 40.2493774 ], [ -98.3652832, 40.2511818 ], [ -98.2915738, 40.1344181 ], [ -98.222190400000017, 40.1355414 ], [ -98.2189417, 40.0411907 ], [ -98.2511147, 39.9698654 ], [ -98.2461944, 39.8283117 ], [ -98.2782319, 39.7569636 ], [ -98.2421105, 39.7103332 ], [ -98.1387136, 39.7119692 ], [ -98.1278807, 39.3815351 ], [ -98.1263421, 39.3343194 ], [ -98.0943461, 39.4056678 ], [ -97.9928712, 39.4544071 ], [ -97.9964869, 39.5724276 ], [ -97.9290984, 39.620609 ], [ -97.9319046, 39.7150096 ], [ -97.862964, 39.7159544 ], [ -97.867718599999989, 39.881133299999988 ], [ -97.9022771, 39.880664 ], [ -97.9071444, 40.0458117 ], [ -98.0110817, 40.0443489 ], [ -98.012553, 40.0915276 ], [ -98.1188865, 40.1607483 ], [ -98.129021099999989, 40.4673254 ], [ -98.199574399999989, 40.4898275 ], [ -98.2377528, 40.5835847 ], [ -98.3076216, 40.5824541 ], [ -98.3460139, 40.676174 ], [ -98.4168741, 40.6985624 ], [ -98.4222405, 40.8399894 ], [ -98.3915915, 40.9584313 ], [ -98.3230336, 41.0067383 ], [ -98.2526984, 41.0078761 ], [ -98.2552088, 41.0785767 ], [ -98.152782699999989, 41.1744831 ], [ -98.0477573, 41.1996148 ], [ -97.8713683, 41.2020507 ], [ -97.8034941, 41.2972259 ], [ -97.6974937, 41.2985315 ], [ -97.5932709, 41.3704532 ], [ -97.5956529, 41.4647079 ], [ -97.524796099999989, 41.4654836 ], [ -97.4921556, 41.5836704 ], [ -97.4211636, 41.5843945 ], [ -97.4222288, 41.6315174 ], [ -97.3867056, 41.6318665 ], [ -97.3872254, 41.655427499999988 ], [ -97.3161513, 41.6560994 ], [ -97.3181279, 41.7503411 ], [ -97.284466, 41.8449011 ], [ -97.1779733, 41.8693777 ], [ -97.1788602, 41.916494299999989 ], [ -97.0718008, 41.9173333 ], [ -97.0372852, 41.988269 ], [ -96.7871854, 41.9898559 ], [ -96.7525905, 42.0842774 ], [ -96.6815375, 42.1317474 ], [ -96.6099151, 42.1320683 ], [ -96.6122279, 42.3676227 ], [ -96.5407434, 42.4150173 ], [ -96.5057281, 42.5329142 ], [ -96.5068845, 42.6742279 ], [ -96.2178748, 42.6749482 ], [ -96.1819562, 42.7456531 ], [ -96.1096202, 42.7457255 ], [ -96.0735644, 42.8399531 ], [ -95.964880799999989, 42.8635182 ], [ -95.964678299999989, 43.2167649 ], [ -95.9282321, 43.2167516 ], [ -95.9278437, 43.5464302 ] ], [ [ -97.8496896, 42.875348 ], [ -97.8511049, 42.9224401 ], [ -97.4884295, 42.926588 ], [ -97.4861549, 42.832397 ], [ -97.631009300000017, 42.8308483 ], [ -97.629764, 42.783753 ], [ -97.9192282, 42.7802265 ], [ -97.8496896, 42.875348 ] ], [ [ -99.2674201, 43.6280545 ], [ -99.3066496, 43.6743059 ], [ -99.1231465, 43.678298 ], [ -99.1183155, 43.584157 ], [ -99.1525232, 43.5363079 ], [ -99.2623702, 43.5339181 ], [ -99.2674201, 43.6280545 ] ], [ [ -100.6754368, 44.7454741 ], [ -100.7202112, 44.8384003 ], [ -100.5706358, 44.843015 ], [ -100.5296617, 44.7970946 ], [ -100.5225253, 44.7029947 ], [ -100.5971426, 44.7007299 ], [ -100.5917172, 44.6301593 ], [ -100.4693709, 44.4923928 ], [ -100.5809048, 44.4890217 ], [ -100.6217075, 44.534924 ], [ -100.6326245, 44.6760604 ], [ -100.669915, 44.6749054 ], [ -100.6754368, 44.7454741 ] ], [ [ -99.8478948, 46.4196236 ], [ -99.8172099, 46.5383651 ], [ -99.7401994, 46.5402443 ], [ -99.7326146, 46.4224507 ], [ -99.8478948, 46.4196236 ] ] ], [ [ [ -90.0401981, 44.1337011 ], [ -89.9545585, 44.2482286 ], [ -90.139557, 44.2556176 ], [ -90.1349724, 44.3026257 ], [ -90.2808813, 44.3318827 ], [ -90.359409, 44.287689 ], [ -90.3660188, 44.217167 ], [ -90.255068799999989, 44.2129296 ], [ -90.2640301, 44.1189077 ], [ -90.342293200000015, 44.0747243 ], [ -90.3510985, 43.9806986 ], [ -90.2796454, 43.9543703 ], [ -90.212754, 43.8809993 ], [ -90.1850124, 43.7855435 ], [ -90.1138612, 43.7591356 ], [ -89.9303787, 43.751716 ], [ -89.9233131, 43.8222151 ], [ -90.0610463, 43.9221836 ], [ -90.0401981, 44.1337011 ] ] ], [ [ [ -97.085135799999989, 44.7435359 ], [ -97.2346348, 44.7423833 ], [ -97.346224299999989, 44.7178721 ], [ -97.3425206, 44.5530317 ], [ -97.1939654, 44.5778404 ], [ -97.1203026, 44.6255133 ], [ -97.008396300000015, 44.6263065 ], [ -96.9691867, 44.5088058 ], [ -96.8202659, 44.5096949 ], [ -96.8218798, 44.6274433 ], [ -97.0111817, 44.7911577 ], [ -97.085135799999989, 44.7435359 ] ] ], [ [ [ -96.9071971, 45.3336024 ], [ -96.8680652, 45.2395989 ], [ -96.7540967, 45.1695379 ], [ -96.7529007, 45.0753201 ], [ -96.6777293, 45.075675499999988 ], [ -96.6013649, 44.9582254 ], [ -96.488828200000015, 44.9586317 ], [ -96.488441600000016, 44.9115256 ], [ -96.3378414, 44.7941741 ], [ -96.1133837, 44.7945104 ], [ -96.0761241, 44.9122971 ], [ -96.0011574, 44.959423 ], [ -96.0387475, 45.0771888 ], [ -96.3394488, 45.0768129 ], [ -96.4149524, 45.123735 ], [ -96.4532887, 45.217849 ], [ -96.5292727, 45.2882738 ], [ -96.6424358, 45.287837 ], [ -96.7190212, 45.3817267 ], [ -96.8323614, 45.3811484 ], [ -96.9071971, 45.3336024 ] ] ], [ [ [ -88.4921692, 45.2448376 ], [ -88.5445539, 45.1292819 ], [ -88.5593029, 45.0118719 ], [ -88.5277858, 44.963059099999988 ], [ -88.3034325, 44.9517647 ], [ -88.2912455, 45.0456697 ], [ -88.2476657, 45.0907037 ], [ -88.1352644, 45.0848897 ], [ -88.0852627, 45.1768265 ], [ -88.0070575, 45.1963514 ], [ -87.9943501, 45.2902423 ], [ -88.257532, 45.3039233 ], [ -88.2636836, 45.256966299999988 ], [ -88.4921692, 45.2448376 ] ] ], [ [ [ -100.1789747, 46.7414542 ], [ -100.0663861, 46.7916526 ], [ -99.9117008, 46.7956211 ], [ -99.8390517, 46.8682453 ], [ -99.9649398, 47.0067406 ], [ -100.1589974, 47.0016882 ], [ -100.147105700000012, 46.8367351 ], [ -100.1789747, 46.7414542 ] ] ] ] } },
{ "type": "Feature", "properties": { "ID": 5 }, "geometry": { "type": "MultiPolygon", "coordinates": [ [ [ [ -95.7883866, 41.4970482 ], [ -95.9656425, 41.4972011 ], [ -95.9656168, 41.5443319 ], [ -96.1075279, 41.5442955 ], [ -96.1783499, 41.4970937 ], [ -96.1426853, 41.4028677 ], [ -96.1422603, 41.2143173 ], [ -96.0716746, 41.2143705 ], [ -96.0715681, 41.1200854 ], [ -96.0362872, 41.0493806 ], [ -95.7194777, 41.0491073 ], [ -95.7185371, 41.2612498 ], [ -95.6828638, 41.3318821 ], [ -95.7883866, 41.4970482 ] ] ], [ [ [ -84.0235893, 41.4898084 ], [ -84.0409152, 41.5862858 ], [ -84.1202358, 41.5454386 ], [ -84.3006461, 41.5366711 ], [ -84.353241200000014, 41.4460158 ], [ -84.5067433, 41.3873173 ], [ -84.5152971, 41.3405273 ], [ -84.6950653, 41.3312595 ], [ -84.7903154, 41.1964225 ], [ -84.8727913, 41.1317398 ], [ -84.7327984, 41.1206288 ], [ -84.7103681, 41.0476125 ], [ -84.5007189, 41.0306527 ], [ -84.4836607, 41.1242503 ], [ -84.3614647, 41.2092186 ], [ -84.2476797, 41.2472992 ], [ -84.2389405, 41.2940761 ], [ -84.0632074, 41.469394 ], [ -84.0235893, 41.4898084 ] ] ], [ [ [ -88.6981073, 43.5778466 ], [ -88.8022155, 43.6302023 ], [ -88.8249312, 43.7493875 ], [ -88.934922899999989, 43.7546884 ], [ -88.8844709, 43.8703397 ], [ -88.859521, 44.0816746 ], [ -88.9332522, 44.0852005 ], [ -88.8825203, 44.200854 ], [ -88.8630179, 44.3652319 ], [ -89.1223328, 44.377406 ], [ -89.2941934, 44.1727508 ], [ -89.3046443, 44.0787919 ], [ -89.4152763, 44.0837361 ], [ -89.4941116, 44.0400007 ], [ -89.5042292, 43.9460293 ], [ -89.5853131, 43.8787532 ], [ -89.5977452, 43.7612821 ], [ -89.5243704, 43.7580857 ], [ -89.5343944, 43.6641131 ], [ -89.6126002, 43.6203155 ], [ -89.620002, 43.5498314 ], [ -89.7272749, 43.578038 ], [ -89.7175633, 43.6720236 ], [ -89.8274873, 43.676661 ], [ -89.8465431, 43.4886744 ], [ -89.9926841, 43.4947118 ], [ -89.9973177, 43.4477097 ], [ -90.1114005, 43.4051335 ], [ -90.4033606, 43.4165385 ], [ -90.4334254, 43.4884466 ], [ -90.5796205, 43.4939019 ], [ -90.5838017, 43.4468823 ], [ -90.7319425, 43.4286766 ], [ -90.7805355, 43.288903499999989 ], [ -90.8898441, 43.2927505 ], [ -90.9035701, 43.1281464 ], [ -90.7319899, 43.0041405 ], [ -90.7762564, 42.9113865 ], [ -91.1022102, 42.9226962 ], [ -91.0928264, 43.040289 ], [ -91.2380091, 43.0450909 ], [ -91.2343565, 43.0921307 ], [ -91.3778998, 43.1203135 ], [ -91.5232933, 43.1248323 ], [ -91.5267264, 43.0777858 ], [ -91.7083588, 43.0832273 ], [ -91.8600385, 42.9933091 ], [ -92.0051646, 42.9973496 ], [ -92.157667600000011, 42.8835915 ], [ -92.1635339, 42.789465 ], [ -92.3443681, 42.794117 ], [ -92.3415751, 42.8411841 ], [ -92.560091, 42.8229387 ], [ -92.5910732, 42.9179306 ], [ -92.736064399999989, 42.921245399999989 ], [ -92.7385596, 42.8741722 ], [ -93.1370575, 42.8825388 ], [ -93.1754496, 42.8361648 ], [ -93.1797592, 42.7420016 ], [ -93.2190919, 42.6720727 ], [ -93.2902799, 42.6969787 ], [ -93.5431721, 42.7014707 ], [ -93.5412975, 42.7485582 ], [ -93.7220942, 42.7514998 ], [ -93.7556867, 42.8226951 ], [ -93.8264337, 42.870881499999989 ], [ -94.0076016, 42.8734686 ], [ -94.0060771, 42.9205593 ], [ -94.223664, 42.923369 ], [ -94.365605699999989, 43.0427947 ], [ -94.4746206, 43.0439721 ], [ -94.4734502, 43.091065199999989 ], [ -94.5445095, 43.1624453 ], [ -94.6537403, 43.1634892 ], [ -94.6516687, 43.2576757 ], [ -94.7610711, 43.258639699999989 ], [ -94.7984638, 43.2118489 ], [ -94.8003085, 43.1176597 ], [ -94.946253399999989, 43.0952315 ], [ -94.945039, 43.1658751 ], [ -95.017867, 43.1663812 ], [ -95.0528261, 43.2608118 ], [ -95.1987107, 43.2616805 ], [ -95.3448512, 43.2388559 ], [ -95.3443469, 43.2859524 ], [ -95.5997569, 43.2868704 ], [ -95.6000647, 43.239773199999988 ], [ -95.7460016, 43.2165493 ], [ -95.7827816, 43.1224115 ], [ -95.891952, 43.1225327 ], [ -95.9282872, 43.1696535 ], [ -95.9282321, 43.2167516 ], [ -95.964678299999989, 43.2167649 ], [ -95.9648001, 43.0048202 ], [ -95.9284795, 43.0048069 ], [ -95.9287797, 42.7457494 ], [ -95.8202756, 42.7456558 ], [ -95.7843544, 42.6749515 ], [ -95.7121014, 42.6748264 ], [ -95.7125396, 42.5806171 ], [ -95.7849282, 42.5100829 ], [ -95.9290504, 42.510225 ], [ -95.8212304, 42.4159167 ], [ -95.8215014, 42.321698 ], [ -95.6779388, 42.2978941 ], [ -95.7140628, 42.2508585 ], [ -95.7144951, 42.1566333 ], [ -95.8220409, 42.1332491 ], [ -95.8576923, 42.2039592 ], [ -95.9652264, 42.2511374 ], [ -95.9655006, 41.756403 ], [ -95.751915, 41.7561923 ], [ -95.7517286, 41.8033154 ], [ -95.6092324, 41.8029977 ], [ -95.5742486, 41.7086493 ], [ -95.503853, 41.6141681 ], [ -95.3617874, 41.6136042 ], [ -95.3613089, 41.6607304 ], [ -94.9703524, 41.6584497 ], [ -94.968031, 41.7998153 ], [ -94.825111, 41.822277899999989 ], [ -94.8211228, 42.0342986 ], [ -94.7835345, 42.1282246 ], [ -94.5686993, 42.1262508 ], [ -94.565991, 42.2440204 ], [ -94.3866343, 42.2421275 ], [ -94.3854123, 42.2892321 ], [ -94.2777222, 42.2879885 ], [ -94.2790257, 42.2408847 ], [ -94.1362597, 42.2155514 ], [ -94.0316806, 42.1199151 ], [ -94.033908200000013, 42.0492571 ], [ -93.9639316, 42.0011562 ], [ -93.9692899, 41.8362756 ], [ -93.8639939, 41.7876113 ], [ -93.8679985, 41.6698295 ], [ -94.045704, 41.6723686 ], [ -94.0841205, 41.5786139 ], [ -94.26157640000001, 41.5808847 ], [ -94.2628773, 41.5337629 ], [ -94.1564819, 41.5324279 ], [ -94.1599242, 41.4146194 ], [ -94.1966695, 41.3679461 ], [ -94.5150393, 41.3716246 ], [ -94.5178051, 41.2537953 ], [ -94.4483409, 41.2059067 ], [ -94.4864414, 41.088445 ], [ -94.489808, 40.947019 ], [ -94.5957505, 40.9245334 ], [ -94.5978289, 40.830237 ], [ -94.7395361, 40.7608335 ], [ -94.741397, 40.6665219 ], [ -94.746946799999989, 40.3835385 ], [ -94.7121142, 40.3832224 ], [ -94.71306, 40.3360514 ], [ -94.6782532, 40.335726799999989 ], [ -94.6772818, 40.3828976 ], [ -94.6419509, 40.4061487 ], [ -94.5025756, 40.4047278 ], [ -94.502025, 40.4283113 ], [ -94.327751, 40.4263395 ], [ -94.2606028, 40.3311569 ], [ -94.2618791, 40.283987 ], [ -93.9489144, 40.2797442 ], [ -93.8778155, 40.3258725 ], [ -93.8746946, 40.4201984 ], [ -93.8382584, 40.4668247 ], [ -93.733644900000016, 40.4651723 ], [ -93.7353112, 40.4180141 ], [ -93.5959376, 40.4156911 ], [ -93.5289798, 40.3437399 ], [ -93.3897754, 40.3412115 ], [ -93.3916908, 40.294052099999988 ], [ -93.1135204, 40.2885836 ], [ -93.0819641, 40.2171241 ], [ -93.012507, 40.215654799999989 ], [ -92.9452918, 40.166992 ], [ -92.9497595, 40.0726674 ], [ -92.8816012, 40.04755 ], [ -92.8861536, 39.9532156 ], [ -92.7824015, 39.950852 ], [ -92.7753407, 40.0923451 ], [ -92.671369, 40.0898991 ], [ -92.6428524, 39.9711626 ], [ -92.5416058, 39.9214534 ], [ -92.5504139, 39.7563596 ], [ -92.4495733, 39.7065714 ], [ -92.412517, 39.7528563 ], [ -92.3994178, 39.9886834 ], [ -92.2929212, 40.0331127 ], [ -92.2902102, 40.0802665 ], [ -91.9784416, 40.0716097 ], [ -91.8730291, 40.0921411 ], [ -91.8006689, 40.137211 ], [ -91.696668, 40.1340379 ], [ -91.6337304, 40.0376027 ], [ -91.4623408, 40.0084944 ], [ -91.4344167, 39.9130813 ], [ -91.3653344, 39.9107919 ], [ -91.3013967, 39.8377565 ], [ -91.3048169, 39.7906121 ], [ -91.168686, 39.7622982 ], [ -90.8930696, 39.7524051 ], [ -90.8837653, 39.8702397 ], [ -90.7802437, 39.8663819 ], [ -90.7419077, 39.9122047 ], [ -90.7323046, 40.0300084 ], [ -90.7976899, 40.079731 ], [ -90.7843436, 40.2446282 ], [ -90.6821745, 40.2171441 ], [ -90.58604, 40.1189223 ], [ -90.447506500000017, 40.1134667 ], [ -90.3353358, 40.2034864 ], [ -90.265986, 40.2006515 ], [ -90.2512495, 40.3654751 ], [ -90.179591699999989, 40.3861417 ], [ -89.8319551, 40.3712372 ], [ -89.7926427, 40.4167721 ], [ -89.7835069, 40.510911 ], [ -89.7138501, 40.5078028 ], [ -89.5839977, 40.4073567 ], [ -89.5563302, 40.3351585 ], [ -89.4521502, 40.3303134 ], [ -89.3899804, 40.2564445 ], [ -89.1125775, 40.2430207 ], [ -89.0855094, 40.1707185 ], [ -89.0111416, 40.214318 ], [ -88.9418456, 40.2108255 ], [ -88.9521678, 40.1167174 ], [ -88.8085417, 40.1566894 ], [ -88.8032762, 40.2037374 ], [ -88.5234941, 40.2126665 ], [ -88.4680143, 40.0913416 ], [ -88.260638899999989, 40.0799514 ], [ -88.1253062, 40.048673 ], [ -88.076305800000014, 40.1642685 ], [ -87.903352, 40.154313 ], [ -87.7966058, 40.1717408 ], [ -87.7905997, 40.2187473 ], [ -87.6776216, 40.2830861 ], [ -87.6083311, 40.2789324 ], [ -87.5328455, 40.3217347 ], [ -87.466651, 40.294016 ], [ -87.3280834, 40.2854651 ], [ -87.2806688, 40.3772612 ], [ -87.0725999, 40.3641078 ], [ -87.0942043, 40.4602521 ], [ -86.9900438, 40.453576 ], [ -86.907257199999989, 40.5429878 ], [ -86.698729, 40.5292813 ], [ -86.6502314, 40.6208407 ], [ -86.7546284, 40.6277681 ], [ -86.7375722, 40.7451096 ], [ -86.6329851, 40.7381702 ], [ -86.591186, 40.782766 ], [ -86.5702995, 40.9235312 ], [ -86.4933551, 40.9657456 ], [ -86.4827849, 41.0361128 ], [ -86.5878463, 41.0431618 ], [ -86.6124322, 41.1158666 ], [ -86.7424057, 41.1954965 ], [ -86.9180086, 41.2068786 ], [ -86.9044862, 41.3007247 ], [ -86.9714873, 41.3286849 ], [ -87.1475007, 41.3397822 ], [ -87.1540907, 41.29285 ], [ -87.3300358, 41.3037216 ], [ -87.4740098, 41.2887883 ], [ -87.4676579, 41.3357351 ], [ -87.5701805, 41.3655261 ], [ -87.7463972, 41.3758818 ], [ -87.8460749, 41.4289508 ], [ -87.8369381, 41.499388 ], [ -87.8985061, 41.5738616 ], [ -87.9692404, 41.5778668 ], [ -87.9390932, 41.8126468 ], [ -87.9830118, 42.0279138 ], [ -88.113643599999989, 42.1297086 ], [ -88.1850219, 42.1336059 ], [ -88.2060085, 42.2529268 ], [ -88.191247, 42.3703046 ], [ -88.2270757, 42.3722382 ], [ -88.1915815, 42.6539251 ], [ -88.2937018, 42.7066469 ], [ -88.3150937, 42.8259258 ], [ -88.387290600000014, 42.8297221 ], [ -88.3814756, 42.8766718 ], [ -88.4176047, 42.878558 ], [ -88.4754989, 42.9996848 ], [ -88.4610732, 43.1170617 ], [ -88.4131668, 43.209082099999989 ], [ -88.3768429, 43.207195 ], [ -88.3651162, 43.3010854 ], [ -88.4014955, 43.3029754 ], [ -88.4655671, 43.3771513 ], [ -88.5748567, 43.3827196 ], [ -88.6392227, 43.4568191 ], [ -88.6278524, 43.5507276 ], [ -88.6643888, 43.5525524 ], [ -88.661554700000011, 43.57603 ], [ -88.6981073, 43.5778466 ] ], [ [ -92.1013155, 40.3348295 ], [ -92.0984511, 40.381965 ], [ -91.9592375, 40.3780139 ], [ -91.9666454, 40.2601776 ], [ -92.037575600000011, 40.2385974 ], [ -92.1764922, 40.2424714 ], [ -92.1013155, 40.3348295 ] ], [ [ -90.6009287, 40.3557891 ], [ -90.5949759, 40.4264352 ], [ -90.490575, 40.4223641 ], [ -90.4986617, 40.3281738 ], [ -90.6009287, 40.3557891 ] ], [ [ -90.5305306, 42.4069542 ], [ -90.6064465, 42.36262 ], [ -90.714114, 42.3665982 ], [ -90.6701435, 42.4593496 ], [ -90.5982581, 42.456684599999988 ], [ -90.5305306, 42.4069542 ] ], [ [ -90.8722094, 42.6317615 ], [ -90.8663472, 42.7023144 ], [ -90.7220005, 42.6971436 ], [ -90.6199059, 42.6226289 ], [ -90.626041199999989, 42.5520842 ], [ -90.7680528, 42.5808677 ], [ -90.7640702, 42.6279011 ], [ -90.8722094, 42.6317615 ] ] ], [ [ [ -89.9256701, 43.7987154 ], [ -89.8889507, 43.797203 ], [ -89.8818316, 43.8677002 ], [ -89.9185935, 43.869214299999989 ], [ -89.9091324, 43.9632126 ], [ -89.9804342, 43.989719 ], [ -90.0541131, 43.9926893 ], [ -90.0610463, 43.9221836 ], [ -89.9233131, 43.8222151 ], [ -89.9256701, 43.7987154 ] ] ], [ [ [ -100.5971426, 44.7007299 ], [ -100.5225253, 44.7029947 ], [ -100.5296617, 44.7970946 ], [ -100.5706358, 44.843015 ], [ -100.7202112, 44.8384003 ], [ -100.6754368, 44.7454741 ], [ -100.6717541, 44.6984281 ], [ -100.6326245, 44.6760604 ], [ -100.5953327, 44.6772063 ], [ -100.5971426, 44.7007299 ] ] ], [ [ [ -87.6318891, 45.1760494 ], [ -87.550184, 45.2188026 ], [ -87.5709844, 45.3382153 ], [ -87.68381, 45.344449 ], [ -87.690420800000012, 45.2975151 ], [ -87.7345758, 45.252638 ], [ -87.7476863, 45.158771 ], [ -87.8291662, 45.1159126 ], [ -87.8517686, 44.9516429 ], [ -87.733137, 44.9924638 ], [ -87.7574919, 45.0883727 ], [ -87.6318891, 45.1760494 ] ] ] ] } },
{ "type": "Feature", "properties": { "ID": 6 }, "geometry": { "type": "MultiPolygon", "coordinates": [ [ [ [ -101.650038099999989, 44.7591761 ], [ -101.7291933, 44.80337 ], [ -101.7993091, 44.7534906 ], [ -101.9112436, 44.7491293 ], [ -101.9065883, 44.7021176 ], [ -102.0556917, 44.6961778 ], [ -102.1650725, 44.6681244 ], [ -102.1602242, 44.6211218 ], [ -102.3438198, 44.5898619 ], [ -102.4081405, 44.4927079 ], [ -102.2893186, 44.4269444 ], [ -102.2721113, 44.2624606 ], [ -102.3091085, 44.2608991 ], [ -102.2894432, 44.0729255 ], [ -102.1419018, 44.0790971 ], [ -102.1073917, 44.1041167 ], [ -102.1538919, 44.1965924 ], [ -102.1635177, 44.2905894 ], [ -102.0894775, 44.2936311 ], [ -102.0430014, 44.201134 ], [ -101.5622883, 44.2198609 ], [ -101.5601163, 44.1963526 ], [ -101.1162989, 44.2122569 ], [ -100.9974996, 44.121963 ], [ -101.0246414, 44.0031414 ], [ -101.131245, 43.9523302 ], [ -101.0884715, 43.8830572 ], [ -101.0805763, 43.7890006 ], [ -101.1113647, 43.7171935 ], [ -101.184747699999988, 43.7146372 ], [ -101.176725499999989, 43.6205858 ], [ -101.3232466, 43.6153721 ], [ -101.4310204, 43.587857 ], [ -101.3088732, 43.4507942 ], [ -101.375707, 43.3776086 ], [ -101.3653715, 43.2600544 ], [ -101.3248619, 43.2143585 ], [ -101.1793002, 43.2195745 ], [ -101.1389562, 43.1738271 ], [ -101.1271432, 43.0327375 ], [ -101.2017008, 43.0536877 ], [ -101.3831551, 43.0471174 ], [ -101.4111475, 42.9517302 ], [ -101.3024502, 42.9557203 ], [ -101.2983955, 42.9086933 ], [ -101.0811249, 42.916425 ], [ -101.0372027, 42.8236125 ], [ -100.964874400000014, 42.8260962 ], [ -100.8869419, 42.7579844 ], [ -100.982016, 42.589667 ], [ -101.0540673, 42.5871747 ], [ -101.0463893, 42.4930957 ], [ -101.006615900000014, 42.4473027 ], [ -100.8591403, 42.4051585 ], [ -100.751366800000014, 42.4087388 ], [ -100.7118651, 42.3628636 ], [ -100.3168771, 42.3751975 ], [ -100.090508, 42.2167365 ], [ -99.9740029, 42.0785272 ], [ -99.9710061, 42.0314523 ], [ -99.8638318, 42.0343721 ], [ -99.8237792, 41.9647088 ], [ -99.7524027, 41.9665911 ], [ -99.7397248, 41.7547118 ], [ -99.8094307, 41.7292924 ], [ -99.8392213, 41.6341668 ], [ -99.8334761, 41.5399864 ], [ -100.0461344, 41.534112 ], [ -100.0385809, 41.4163885 ], [ -99.9295202, 41.3722658 ], [ -99.9251266, 41.3016215 ], [ -100.0310555, 41.2986552 ], [ -100.0280532, 41.251559 ], [ -100.1338933, 41.248516 ], [ -100.092518399999989, 41.1553445 ], [ -100.017580099999989, 41.0867089 ], [ -100.0071614, 40.9218369 ], [ -100.0362789, 40.8266149 ], [ -100.141412699999989, 40.823565 ], [ -100.0987885, 40.7068061 ], [ -100.0288272, 40.7088271 ], [ -99.9879549, 40.615584 ], [ -99.8439688, 40.5487916 ], [ -99.8034675, 40.4554813 ], [ -99.6989222, 40.4582804 ], [ -99.6586889, 40.3649205 ], [ -99.5877695, 40.3431525 ], [ -99.4757409, 40.2043484 ], [ -99.473196, 40.1571963 ], [ -99.369121299999989, 40.15975 ], [ -99.3605088, 39.994693 ], [ -99.2888961, 39.9491827 ], [ -99.1159806, 39.953167799999989 ], [ -99.0434761, 39.8839429 ], [ -98.9052734, 39.886904199999989 ], [ -98.8351337, 39.8647443 ], [ -98.6881447, 39.6551611 ], [ -98.5159795, 39.6584003 ], [ -98.4100454, 39.5894452 ], [ -98.4004618, 39.3298093 ], [ -98.4689856, 39.328596399999988 ], [ -98.466311, 39.2577734 ], [ -98.3302506, 39.2837718 ], [ -98.1248057, 39.287101 ], [ -98.1278807, 39.3815351 ], [ -98.1387136, 39.7119692 ], [ -98.2421105, 39.7103332 ], [ -98.2782319, 39.7569636 ], [ -98.2461944, 39.8283117 ], [ -98.2511147, 39.9698654 ], [ -98.2189417, 40.0411907 ], [ -98.222190400000017, 40.1355414 ], [ -98.2915738, 40.1344181 ], [ -98.3652832, 40.2511818 ], [ -98.4695405, 40.2493774 ], [ -98.5061293, 40.2959215 ], [ -98.5125829, 40.4609747 ], [ -98.6938392, 40.622760299999989 ], [ -98.6637988, 40.7412827 ], [ -98.684629199999989, 41.2361524 ], [ -98.6159943, 41.2845909 ], [ -98.6198996, 41.3788287 ], [ -98.5166003, 41.4514192 ], [ -98.3749427, 41.4538509 ], [ -98.3784977, 41.5480841 ], [ -98.2391315, 41.6210519 ], [ -98.2450194, 41.7859446 ], [ -98.2094146, 41.7864981 ], [ -98.2144058, 41.9278231 ], [ -98.286636300000012, 41.9502575 ], [ -98.2900864, 42.0444652 ], [ -98.4330869, 42.042118 ], [ -98.4349237, 42.0892184 ], [ -98.6137935, 42.0860822 ], [ -98.615768100000011, 42.1331792 ], [ -98.723162, 42.1311894 ], [ -98.7252207, 42.1782839 ], [ -98.9770934, 42.1968712 ], [ -99.0892566, 42.2887862 ], [ -99.231559, 42.262103 ], [ -99.3404173, 42.2831955 ], [ -99.4839169, 42.2798049 ], [ -99.4865568, 42.326883699999989 ], [ -99.5942525, 42.3242453 ], [ -99.5969779, 42.3713212 ], [ -99.7765856, 42.3667421 ], [ -99.7794512, 42.4138137 ], [ -99.8872845, 42.4109571 ], [ -99.8902361, 42.4580256 ], [ -100.040242, 42.5482175 ], [ -100.047937, 42.6658733 ], [ -100.0179701, 42.7609968 ], [ -100.0603101, 42.8541126 ], [ -99.9924873, 42.9267006 ], [ -99.8852416, 42.9531652 ], [ -99.6676641, 42.9587927 ], [ -99.6648587, 42.9117273 ], [ -99.5561383, 42.9144174 ], [ -99.5534201, 42.8673494 ], [ -99.299897, 42.8733071 ], [ -99.3049502, 42.9674515 ], [ -99.377501, 42.9657918 ], [ -99.3839781, 43.0834661 ], [ -99.2385947, 43.0867557 ], [ -99.2448177, 43.2044332 ], [ -99.2133394, 43.2993759 ], [ -99.2900854, 43.3683649 ], [ -99.2951644, 43.4625015 ], [ -99.3722084, 43.5314466 ], [ -99.4140954, 43.6247358 ], [ -99.4300224, 43.9071278 ], [ -99.5064217, 43.9524699 ], [ -99.617009, 43.9498163 ], [ -99.6198254, 43.9968784 ], [ -99.733395699999988, 44.0412003 ], [ -99.9179555, 44.0364501 ], [ -99.9610361, 44.1295841 ], [ -100.1088875, 44.1255761 ], [ -100.142615, 44.0774992 ], [ -100.2517432, 44.0508472 ], [ -100.4731929, 44.0443476 ], [ -100.469710299999988, 43.9973034 ], [ -100.580331, 43.9939326 ], [ -100.6244018, 44.0868721 ], [ -100.6370559, 44.2515162 ], [ -100.718487, 44.343275 ], [ -100.7926503, 44.3409133 ], [ -100.872529899999989, 44.40907 ], [ -100.9838851, 44.4053989 ], [ -100.9877944, 44.4524333 ], [ -101.1363626, 44.447405599999989 ], [ -101.1755302, 44.4696405 ], [ -101.3241247, 44.4644265 ], [ -101.3675854, 44.533637299999988 ], [ -101.4419567, 44.5309534 ], [ -101.4132747, 44.6263491 ], [ -101.4218043, 44.7204003 ], [ -101.650038099999989, 44.7591761 ] ], [ [ -100.7913479, 42.9262309 ], [ -100.4306963, 42.9612037 ], [ -100.422233800000015, 42.8435795 ], [ -100.4550158, 42.7954268 ], [ -100.6719357, 42.7886271 ], [ -100.7913479, 42.9262309 ] ], [ [ -101.1183122, 43.3632152 ], [ -101.1222583, 43.4102434 ], [ -101.012726500000014, 43.4140179 ], [ -101.0088644, 43.3669869 ], [ -101.1183122, 43.3632152 ] ], [ [ -101.0262906, 43.5786243 ], [ -101.0301796, 43.6256542 ], [ -100.9202543, 43.62936 ], [ -100.8760634, 43.5365096 ], [ -100.9858238, 43.5328367 ], [ -101.0262906, 43.5786243 ] ] ], [ [ [ -99.2674201, 43.6280545 ], [ -99.2623702, 43.5339181 ], [ -99.1525232, 43.5363079 ], [ -99.1183155, 43.584157 ], [ -99.1231465, 43.678298 ], [ -99.3066496, 43.6743059 ], [ -99.2674201, 43.6280545 ] ] ] ] } },
{ "type": "Feature", "properties": { "ID": 7 }, "geometry": { "type": "MultiPolygon", "coordinates": [ [ [ [ -93.671615, 40.2518018 ], [ -93.7038434, 40.3231242 ], [ -93.7758799, 40.253501 ], [ -93.7411243, 40.2529432 ], [ -93.7063694, 40.2523768 ], [ -93.671615, 40.2518018 ] ] ], [ [ [ -94.741397, 40.6665219 ], [ -94.7395361, 40.7608335 ], [ -94.5978289, 40.830237 ], [ -94.5957505, 40.9245334 ], [ -94.489808, 40.947019 ], [ -94.4864414, 41.088445 ], [ -94.4483409, 41.2059067 ], [ -94.5178051, 41.2537953 ], [ -94.5150393, 41.3716246 ], [ -94.1966695, 41.3679461 ], [ -94.1599242, 41.4146194 ], [ -94.1564819, 41.5324279 ], [ -94.2628773, 41.5337629 ], [ -94.26157640000001, 41.5808847 ], [ -94.0841205, 41.5786139 ], [ -94.045704, 41.6723686 ], [ -93.8679985, 41.6698295 ], [ -93.8639939, 41.7876113 ], [ -93.9692899, 41.8362756 ], [ -93.9639316, 42.0011562 ], [ -94.033908200000013, 42.0492571 ], [ -94.0316806, 42.1199151 ], [ -94.1362597, 42.2155514 ], [ -94.2790257, 42.2408847 ], [ -94.2777222, 42.2879885 ], [ -94.3854123, 42.2892321 ], [ -94.3866343, 42.2421275 ], [ -94.565991, 42.2440204 ], [ -94.5686993, 42.1262508 ], [ -94.7835345, 42.1282246 ], [ -94.8211228, 42.0342986 ], [ -94.825111, 41.822277899999989 ], [ -94.968031, 41.7998153 ], [ -94.9703524, 41.6584497 ], [ -95.3613089, 41.6607304 ], [ -95.3617874, 41.6136042 ], [ -95.503853, 41.6141681 ], [ -95.5742486, 41.7086493 ], [ -95.6092324, 41.8029977 ], [ -95.7517286, 41.8033154 ], [ -95.751915, 41.7561923 ], [ -95.9655006, 41.756403 ], [ -95.9652264, 42.2511374 ], [ -95.8576923, 42.2039592 ], [ -95.8220409, 42.1332491 ], [ -95.7144951, 42.1566333 ], [ -95.7140628, 42.2508585 ], [ -95.6779388, 42.2978941 ], [ -95.8215014, 42.321698 ], [ -95.8212304, 42.4159167 ], [ -95.9290504, 42.510225 ], [ -95.7849282, 42.5100829 ], [ -95.7125396, 42.5806171 ], [ -95.7121014, 42.6748264 ], [ -95.7843544, 42.6749515 ], [ -95.8202756, 42.7456558 ], [ -95.9287797, 42.7457494 ], [ -95.9284795, 43.0048069 ], [ -95.9648001, 43.0048202 ], [ -95.964880799999989, 42.8635182 ], [ -96.0735644, 42.8399531 ], [ -96.1096202, 42.7457255 ], [ -96.1819562, 42.7456531 ], [ -96.2178748, 42.6749482 ], [ -96.5068845, 42.6742279 ], [ -96.5057281, 42.5329142 ], [ -96.5407434, 42.4150173 ], [ -96.6122279, 42.3676227 ], [ -96.6099151, 42.1320683 ], [ -96.6815375, 42.1317474 ], [ -96.7525905, 42.0842774 ], [ -96.7871854, 41.9898559 ], [ -97.0372852, 41.988269 ], [ -97.0718008, 41.9173333 ], [ -97.1788602, 41.916494299999989 ], [ -97.1779733, 41.8693777 ], [ -97.284466, 41.8449011 ], [ -97.3181279, 41.7503411 ], [ -97.3161513, 41.6560994 ], [ -97.3872254, 41.655427499999988 ], [ -97.385667, 41.5847434 ], [ -97.4211636, 41.5843945 ], [ -97.454481199999989, 41.4897874 ], [ -97.4163901, 41.3723237 ], [ -97.4053756, 40.8773646 ], [ -97.3341823, 40.8308966 ], [ -96.948316, 40.8340188 ], [ -96.8791307, 40.9052005 ], [ -96.8452633, 40.9997119 ], [ -96.7749184, 41.0001148 ], [ -96.7780941, 41.2593976 ], [ -96.7436083, 41.3302916 ], [ -96.5314658, 41.3312426 ], [ -96.460235400000016, 41.2607831 ], [ -96.3887295, 41.1195704 ], [ -96.3870031, 40.8366756 ], [ -96.2817528, 40.836925099999988 ], [ -96.2112727, 40.7427343 ], [ -96.0711449, 40.7428748 ], [ -96.0010805, 40.7193132 ], [ -95.931144, 40.6249729 ], [ -95.7915822, 40.5305036 ], [ -95.790889, 40.7427376 ], [ -95.7213403, 40.6247136 ], [ -95.6514062, 40.6245575 ], [ -95.5820891, 40.5300362 ], [ -95.5825503, 40.4592829 ], [ -95.4434541, 40.4116268 ], [ -95.3389032, 40.4111724 ], [ -95.30482, 40.3402435 ], [ -95.2351974, 40.339880199999989 ], [ -95.2363192, 40.2455263 ], [ -95.0972809, 40.2446969 ], [ -94.8891382, 40.2196044 ], [ -94.8887309, 40.2431934 ], [ -94.7844598, 40.2423249 ], [ -94.7487859, 40.2891938 ], [ -94.741397, 40.6665219 ] ], [ [ -95.7883866, 41.4970482 ], [ -95.6828638, 41.3318821 ], [ -95.7185371, 41.2612498 ], [ -95.7194777, 41.0491073 ], [ -96.0362872, 41.0493806 ], [ -96.0715681, 41.1200854 ], [ -96.0716746, 41.2143705 ], [ -96.1422603, 41.2143173 ], [ -96.1426853, 41.4028677 ], [ -96.1783499, 41.4970937 ], [ -96.1075279, 41.5442955 ], [ -95.9656168, 41.5443319 ], [ -95.9656425, 41.4972011 ], [ -95.7883866, 41.4970482 ] ] ], [ [ [ -97.8496896, 42.875348 ], [ -97.9192282, 42.7802265 ], [ -97.629764, 42.783753 ], [ -97.631009300000017, 42.8308483 ], [ -97.4861549, 42.832397 ], [ -97.4884295, 42.926588 ], [ -97.8511049, 42.9224401 ], [ -97.8496896, 42.875348 ] ] ], [ [ [ -72.5608073, 42.121191599999989 ], [ -72.5260935, 42.115422 ], [ -72.508530600000014, 42.1610981 ], [ -72.5608073, 42.121191599999989 ] ] ], [ [ [ -72.3836352, 42.674965 ], [ -72.4269929, 42.7550461 ], [ -72.57614, 42.7553275 ], [ -72.628876, 42.7154057 ], [ -72.6816925, 42.5783552 ], [ -72.6469142, 42.4755032 ], [ -72.7605295, 42.178486 ], [ -72.6215115, 42.1555503 ], [ -72.6040072, 42.2012372 ], [ -72.508530600000014, 42.1610981 ], [ -72.4385485, 42.2466507 ], [ -72.4463414, 42.4180582 ], [ -72.5160991, 42.4296258 ], [ -72.4541775, 42.5894535 ], [ -72.3143513, 42.566226 ], [ -72.3410728, 42.497758 ], [ -72.2274437, 42.503085 ], [ -72.1566868, 42.5884887 ], [ -72.1647025, 42.6627842 ], [ -72.3836352, 42.674965 ] ] ], [ [ [ -100.6326245, 44.6760604 ], [ -100.6217075, 44.534924 ], [ -100.5809048, 44.4890217 ], [ -100.4693709, 44.4923928 ], [ -100.5917172, 44.6301593 ], [ -100.5953327, 44.6772063 ], [ -100.6326245, 44.6760604 ] ] ], [ [ [ -100.6717541, 44.6984281 ], [ -100.669915, 44.6749054 ], [ -100.6326245, 44.6760604 ], [ -100.6717541, 44.6984281 ] ] ] ] } },
{ "type": "Feature", "properties": { "ID": 8 }, "geometry": { "type": "MultiPolygon", "coordinates": [ [ [ [ -81.9076918, 36.0836024 ], [ -81.8431095, 36.0765541 ], [ -81.7913221, 36.1669087 ], [ -81.925496099999989, 36.1575469 ], [ -81.9076918, 36.0836024 ] ] ], [ [ [ -81.0427991, 37.6188325 ], [ -80.9834748, 37.7319855 ], [ -81.0721079, 37.7898994 ], [ -81.1921765, 37.7074788 ], [ -81.2129587, 37.613943299999988 ], [ -81.294431, 37.5511123 ], [ -81.3252975, 37.4107419 ], [ -81.2491887, 37.4502133 ], [ -81.1625982, 37.5364151 ], [ -81.0967035, 37.5290175 ], [ -81.0427991, 37.6188325 ] ] ], [ [ [ -80.885542, 37.8647038 ], [ -80.8086584, 37.9038941 ], [ -80.7872201, 37.9973222 ], [ -80.9198796, 38.0123781 ], [ -81.0073989, 37.9264006 ], [ -81.0179604, 37.8796661 ], [ -80.885542, 37.8647038 ] ] ], [ [ [ -85.7878384, 38.5420963 ], [ -85.7769035, 38.6125997 ], [ -85.8707969, 38.6671971 ], [ -86.0697104, 38.705675 ], [ -85.9827535, 38.6042085 ], [ -85.997034, 38.5101792 ], [ -85.9633745, 38.5076851 ], [ -85.9404722, 38.4346562 ], [ -85.954776099999989, 38.3406082 ], [ -85.8504605, 38.3565787 ], [ -85.8215087, 38.5446337 ], [ -85.7878384, 38.5420963 ] ] ], [ [ [ -80.1735412, 38.2857022 ], [ -80.2068088, 38.2896278 ], [ -80.217989800000012, 38.242984 ], [ -80.1847449, 38.2390609 ], [ -80.1735412, 38.2857022 ] ] ], [ [ [ -84.5509275, 38.9905022 ], [ -84.5683696, 39.0871524 ], [ -84.7419463, 39.0778002 ], [ -84.7621356, 38.9605107 ], [ -84.694457899999989, 38.9549057 ], [ -84.6512091, 38.8085135 ], [ -84.6836036, 38.6207929 ], [ -84.6203406, 38.5916792 ], [ -84.640597, 38.4743292 ], [ -84.5479985, 38.4188723 ], [ -84.4989077, 38.7004632 ], [ -84.5581324, 38.75309 ], [ -84.5294271, 38.9172923 ], [ -84.5509275, 38.9905022 ] ] ], [ [ [ -80.1342039, 38.4489139 ], [ -80.0782495, 38.5382075 ], [ -80.0385263, 38.7013317 ], [ -80.0941286, 38.7558393 ], [ -80.1724263, 38.717108 ], [ -80.2230509, 38.5073224 ], [ -80.2787841, 38.4179652 ], [ -80.3788163, 38.4296375 ], [ -80.4620753, 38.3673966 ], [ -80.5005598, 38.2040709 ], [ -80.6112017, 38.1689021 ], [ -80.715521400000014, 38.013097 ], [ -80.5497631, 37.994005 ], [ -80.4173828, 38.1224833 ], [ -80.3841864, 38.1186085 ], [ -80.3343673, 38.3285735 ], [ -80.2233133, 38.3635068 ], [ -80.2009022, 38.4567744 ], [ -80.1342039, 38.4489139 ] ] ], [ [ [ -80.1735412, 38.2857022 ], [ -80.0178739, 38.3631676 ], [ -79.9951739, 38.4564011 ], [ -80.1342039, 38.4489139 ], [ -80.1735412, 38.2857022 ] ] ], [ [ [ -83.279894, 40.0449569 ], [ -83.3439709, 40.0746378 ], [ -83.3598964, 40.1713108 ], [ -83.5365555, 40.1634981 ], [ -83.5501942, 40.0933287 ], [ -83.4905648, 40.0403534 ], [ -83.279894, 40.0449569 ] ] ], [ [ [ -82.8600793, 40.3868323 ], [ -83.0373907, 40.3796537 ], [ -83.0610889, 40.2628097 ], [ -82.8200439, 40.2401331 ], [ -82.8793048, 40.2933833 ], [ -82.8600793, 40.3868323 ] ] ], [ [ [ -76.9376502, 42.1012478 ], [ -77.0495455, 42.2123536 ], [ -77.1830913, 42.2540893 ], [ -77.197058500000011, 42.3280125 ], [ -77.2675104, 42.3372783 ], [ -77.2815968, 42.4111907 ], [ -77.3804211, 42.4481156 ], [ -77.5569988, 42.4709908 ], [ -77.6068354, 42.5494163 ], [ -77.7060737, 42.586117 ], [ -77.853501799999989, 42.4608967 ], [ -77.9310224, 42.4467147 ], [ -78.1077953, 42.4689185 ], [ -78.2340493, 42.4127138 ], [ -78.2474441, 42.366429 ], [ -78.3447199, 42.2825936 ], [ -78.5122182, 42.2073489 ], [ -78.6571275, 42.0812948 ], [ -78.6479951, 41.9843477 ], [ -78.6998663, 41.7990058 ], [ -78.8814774, 41.7971005 ], [ -79.0246979, 41.6706491 ], [ -79.0849205, 41.5820853 ], [ -79.1163656, 41.4661258 ], [ -79.2397061, 41.4090158 ], [ -79.3791421, 41.4255273 ], [ -79.4611821, 41.3873136 ], [ -79.5144078, 41.3217637 ], [ -79.6188869, 41.3339591 ], [ -79.6779559, 41.2451268 ], [ -79.8171431, 41.2612111 ], [ -79.8698939, 41.1955226 ], [ -79.9623489, 41.2539258 ], [ -80.1305712, 41.2969011 ], [ -80.1999427, 41.4480947 ], [ -80.322209, 41.5333984 ], [ -80.4038133, 41.4946461 ], [ -80.543732, 41.5100157 ], [ -80.6544316, 41.4981952 ], [ -80.6772529, 41.4051598 ], [ -80.7235535, 41.3624243 ], [ -80.9331321, 41.3849586 ], [ -81.036405, 41.2527517 ], [ -81.0862, 41.0432358 ], [ -81.1209651, 41.0469248 ], [ -81.170321, 40.8373453 ], [ -81.2396401, 40.8446748 ], [ -81.4052355, 40.7427374 ], [ -81.4159718, 40.6961351 ], [ -81.5889853, 40.7140954 ], [ -81.6341724, 40.671042 ], [ -81.6552717, 40.577794 ], [ -81.7934717, 40.5919456 ], [ -81.9023409, 40.5791477 ], [ -81.9265621, 40.6292836 ], [ -82.1585706, 40.7001509 ], [ -82.3317974, 40.7171977 ], [ -82.3865007, 40.6272305 ], [ -82.4557254, 40.6339631 ], [ -82.6582924, 40.5105505 ], [ -82.608834800000011, 40.4105161 ], [ -82.6333232, 40.2937493 ], [ -82.7022143, 40.3003624 ], [ -82.7904502, 40.2134975 ], [ -82.8097249, 40.1200419 ], [ -82.9424209, 40.1564322 ], [ -83.0799856, 40.1693217 ], [ -83.1675326, 40.0822075 ], [ -83.176884300000012, 40.0354491 ], [ -83.279894, 40.0449569 ], [ -83.254843400000013, 39.9950305 ], [ -83.3076486, 39.9046448 ], [ -83.4104691, 39.9140571 ], [ -83.4196209, 39.8672741 ], [ -83.5747336, 39.7861053 ], [ -83.7801039, 39.804461 ], [ -83.8066745, 39.6640138 ], [ -83.9818971, 39.6556317 ], [ -84.2211564, 39.6763165 ], [ -84.2340197, 39.7963473 ], [ -84.4696877, 39.8400188 ], [ -84.414346, 39.9542676 ], [ -84.4402752, 40.0039837 ], [ -84.5434108, 40.012556 ], [ -84.6589764, 39.9507682 ], [ -84.6713522, 39.8804781 ], [ -84.8208521, 39.8213563 ], [ -84.9580502, 39.8323951 ], [ -84.9500164, 39.8792752 ], [ -85.1599924, 39.8721446 ], [ -85.2061091, 39.8044906 ], [ -85.2217764, 39.7106905 ], [ -85.3058107, 39.6222102 ], [ -85.4237835, 39.5363026 ], [ -85.3669962, 39.4606449 ], [ -85.4164292, 39.3694239 ], [ -85.6209634, 39.3850566 ], [ -85.7195539, 39.4162327 ], [ -85.7425537, 39.4892033 ], [ -86.0500691, 39.5118074 ], [ -86.0914225, 39.4673146 ], [ -86.0680404, 39.3944007 ], [ -86.1200071, 39.2794359 ], [ -86.1810525, 39.3313102 ], [ -86.2316101, 39.4536148 ], [ -86.5015069, 39.4962648 ], [ -86.4877386, 39.5902244 ], [ -86.6555709, 39.6254343 ], [ -86.7408886, 39.5125886 ], [ -86.7542757, 39.4185954 ], [ -86.8633637, 39.3784493 ], [ -86.9853362, 39.2441793 ], [ -86.991831499999989, 39.1971569 ], [ -87.0258825, 39.1993937 ], [ -87.0291145, 39.1758806 ], [ -86.9950757, 39.1736446 ], [ -87.008029, 39.0795872 ], [ -86.9400551, 39.0750958 ], [ -86.9725172, 38.8399109 ], [ -86.9047932, 38.8354005 ], [ -86.9178089, 38.7413093 ], [ -86.8839982, 38.7390444 ], [ -86.880735800000011, 38.7625677 ], [ -86.8469155, 38.7602937 ], [ -86.8436388, 38.7838155 ], [ -86.7759813, 38.7792407 ], [ -86.5731435, 39.002776 ], [ -86.4069467, 38.9674396 ], [ -86.2852711, 38.8638125 ], [ -86.1124986, 38.8751221 ], [ -86.0233493, 39.0111614 ], [ -85.8198849, 38.9961201 ], [ -85.7027746, 38.8684876 ], [ -85.7138312, 38.7980154 ], [ -85.6499467, 38.7693897 ], [ -85.679484699999989, 38.581432 ], [ -85.507351, 38.5919794 ], [ -85.3726384, 38.5814686 ], [ -85.3129215, 38.5291852 ], [ -85.3052982, 38.5761631 ], [ -85.2678046, 38.5969846 ], [ -85.2563057, 38.6674396 ], [ -85.290019, 38.6701083 ], [ -85.2409355, 38.7613672 ], [ -85.1396699, 38.7533005 ], [ -85.0903161, 38.8444946 ], [ -84.9551553, 38.8335742 ], [ -84.9432803, 38.9039793 ], [ -85.0368945, 38.9591279 ], [ -85.0092983, 39.1233837 ], [ -84.9753635, 39.1206471 ], [ -84.9515272, 39.2614001 ], [ -84.9015271, 39.3524652 ], [ -84.7531752, 39.411707 ], [ -84.7027826, 39.502683 ], [ -84.5280681, 39.5119799 ], [ -84.3234138, 39.4947274 ], [ -84.2935475, 39.4683921 ], [ -84.3188763, 39.3277929 ], [ -84.2508571, 39.3219712 ], [ -84.2338214, 39.2253102 ], [ -84.2846514, 39.1344754 ], [ -84.3098705, 38.993818499999989 ], [ -84.2125946, 38.9616201 ], [ -84.2252615, 38.8912861 ], [ -84.166179, 38.838525 ], [ -83.9637152, 38.8207222 ], [ -83.9256622, 38.8411644 ], [ -83.7232566, 38.8230049 ], [ -83.6176669, 38.8372413 ], [ -83.5661463, 38.9278622 ], [ -83.4468588, 39.0122309 ], [ -83.1764892, 38.9870101 ], [ -83.1488423, 39.1274494 ], [ -83.0379813, 39.1646347 ], [ -83.0591961, 39.4050262 ], [ -83.0264274, 39.5687554 ], [ -82.9194786, 39.5824388 ], [ -82.7879662, 39.546004 ], [ -82.7390417, 39.4459121 ], [ -82.8410547, 39.4557506 ], [ -82.8647691, 39.338821 ], [ -82.6950629, 39.322408599999989 ], [ -82.6127356, 39.3859224 ], [ -82.5108666, 39.3759141 ], [ -82.4671587, 39.4193066 ], [ -82.4427011, 39.5361553 ], [ -82.3208504, 39.6194737 ], [ -82.3450368, 39.6695868 ], [ -82.203686, 39.6793216 ], [ -81.9651186, 39.6551535 ], [ -81.9157568, 39.7217017 ], [ -81.7112195, 39.700587 ], [ -81.5513376, 39.6360974 ], [ -81.3812054, 39.6180727 ], [ -81.3706224, 39.664723599999988 ], [ -81.2685171, 39.6538009 ], [ -81.2184435, 39.7200988 ], [ -81.0822291, 39.7053696 ], [ -80.924246, 39.7837293 ], [ -80.9023524, 39.8769392 ], [ -80.8462239, 39.9663842 ], [ -80.7557281, 40.0520243 ], [ -80.6531168, 40.0406527 ], [ -80.669854, 39.9707886 ], [ -80.6356943, 39.9669851 ], [ -80.6301073, 39.9902726 ], [ -80.5959396, 39.9864594 ], [ -80.5903365, 40.0097449 ], [ -80.3853436, 39.9866813 ], [ -80.3739815, 40.0332343 ], [ -80.1401557, 40.1261816 ], [ -80.048499, 40.2113455 ], [ -80.0310245, 40.2811159 ], [ -80.0996091, 40.2890089 ], [ -80.0763473, 40.3820359 ], [ -80.08158250000001, 40.5022484 ], [ -80.0354765, 40.5448039 ], [ -79.8977923, 40.5289249 ], [ -79.8741497, 40.621897 ], [ -79.7588658, 40.656356 ], [ -79.7004547, 40.7452639 ], [ -79.6314299, 40.7371785 ], [ -79.5727669, 40.8260272 ], [ -79.4528634, 40.7400382 ], [ -79.495340200000015, 40.5774721 ], [ -79.3332827, 40.653941 ], [ -79.3516192, 40.5842844 ], [ -79.3011818, 40.5063721 ], [ -79.198114100000012, 40.4939353 ], [ -79.2165516, 40.4242861 ], [ -79.2974081, 40.386135 ], [ -79.3560501, 40.2973655 ], [ -79.4487433, 40.2126658 ], [ -79.5711086, 40.0116948 ], [ -79.7090204, 39.8843685 ], [ -79.7444108, 39.744843 ], [ -79.8697578, 39.6638378 ], [ -79.9269655, 39.5747613 ], [ -79.9559387, 39.4584048 ], [ -79.780893, 39.4616825 ], [ -79.7762955, 39.3413234 ], [ -79.7263113, 39.2634595 ], [ -79.6090699, 39.1774594 ], [ -79.6559987, 38.991293299999988 ], [ -79.7406503, 38.9295467 ], [ -79.7638734, 38.8364184 ], [ -79.8147343, 38.7705811 ], [ -79.8493039, 38.6308333 ], [ -79.815886, 38.6268217 ], [ -79.8273996, 38.5802337 ], [ -79.7606218, 38.5721909 ], [ -79.7330239, 38.5448655 ], [ -79.7676481, 38.4050936 ], [ -79.6619683, 38.4162642 ], [ -79.6212919, 38.5792936 ], [ -79.542836, 38.617715 ], [ -79.5311152, 38.6642763 ], [ -79.6313856, 38.6764956 ], [ -79.6138763, 38.7463417 ], [ -79.507624, 38.7573868 ], [ -79.4899619, 38.827209 ], [ -79.4111341, 38.8655413 ], [ -79.399276, 38.9120752 ], [ -79.3597963, 38.9312189 ], [ -79.3933406, 38.9353407 ], [ -79.387401, 38.9586052 ], [ -79.4880938, 38.9709253 ], [ -79.5946947, 38.9598984 ], [ -79.5711879, 39.0529825 ], [ -79.5375722, 39.0489049 ], [ -79.5257707, 39.0954385 ], [ -79.391257700000011, 39.0790348 ], [ -79.3554743, 39.2185806 ], [ -79.2760962, 39.2568153 ], [ -79.2327888, 39.1555117 ], [ -79.220751400000012, 39.2020124 ], [ -79.1413148, 39.24017 ], [ -79.0744517, 39.4958057 ], [ -78.9330768, 39.502195799999988 ], [ -78.8869314, 39.5444155 ], [ -78.8622009, 39.6373076 ], [ -78.7757961, 39.6984534 ], [ -78.6678484, 39.708831499999988 ], [ -78.6866317, 39.6391959 ], [ -78.5850599, 39.6262966 ], [ -78.5386005, 39.6683936 ], [ -78.5259713, 39.7148032 ], [ -78.3840684, 39.7206295 ], [ -78.2485597, 39.7031193 ], [ -78.1889421, 39.7914737 ], [ -77.930881, 39.7095901 ], [ -77.8981666, 39.8254609 ], [ -77.8171947, 39.8628218 ], [ -77.7550993, 39.7102958 ], [ -77.6602333, 39.6735501 ], [ -77.6595432, 39.5531808 ], [ -77.745105, 39.2519184 ], [ -77.8048298, 39.1636987 ], [ -77.7377214, 39.154671 ], [ -77.6983724, 39.2937504 ], [ -77.5710751, 39.3728026 ], [ -77.4971338, 39.386828 ], [ -77.463484, 39.3822443 ], [ -77.4434694, 39.4517292 ], [ -77.4771537, 39.4563174 ], [ -77.4638099, 39.5026388 ], [ -77.5986864, 39.520921 ], [ -77.4852817, 39.9146025 ], [ -77.5192099, 39.919178 ], [ -77.4923724, 40.0117764 ], [ -77.4109329, 40.0488925 ], [ -77.363265, 39.9702578 ], [ -77.39027, 39.8776803 ], [ -77.430633, 39.7387865 ], [ -77.4035274, 39.7110377 ], [ -77.3359098, 39.7018198 ], [ -77.2953667, 39.8406917 ], [ -77.1801451, 39.8730491 ], [ -77.166726900000015, 39.7989828 ], [ -77.1058854, 39.7665155 ], [ -77.0656323, 39.664617 ], [ -77.154079700000011, 39.3637691 ], [ -77.0196543, 39.3450492 ], [ -76.8853062, 39.3261976 ], [ -76.7914915, 39.2888405 ], [ -76.7776959, 39.3351038 ], [ -76.8379716, 39.3677316 ], [ -76.8172953, 39.4371253 ], [ -76.8501202, 39.5622513 ], [ -76.7947546, 39.7472436 ], [ -76.6514714, 39.871635 ], [ -76.5415367, 40.0006745 ], [ -76.3846308, 40.0506499 ], [ -76.3221497, 40.1381516 ], [ -76.3812535, 40.2912327 ], [ -76.2575744, 40.3458931 ], [ -76.0873233, 40.3214046 ], [ -76.0945773, 40.298334 ], [ -75.9585167, 40.2786003 ], [ -75.7545831, 40.2487509 ], [ -75.6940356, 40.2156833 ], [ -75.6822551, 40.1415095 ], [ -75.629242, 40.0853559 ], [ -75.5202028, 40.0932715 ], [ -75.3847535, 40.0729751 ], [ -75.3284066, 40.1369875 ], [ -75.24558420000001, 40.1728229 ], [ -75.1100551, 40.1522613 ], [ -75.065129, 40.0728707 ], [ -75.0727201, 40.0498486 ], [ -75.0389081, 40.044678 ], [ -75.023697500000011, 40.0907176 ], [ -74.9560439, 40.0803447 ], [ -74.9069241, 40.1211713 ], [ -74.8762562, 40.2132104 ], [ -74.6991634, 40.2100392 ], [ -74.7686077, 40.0030164 ], [ -74.7010872, 39.9925187 ], [ -74.7242048, 39.9235038 ], [ -74.814657, 39.8649567 ], [ -74.9494902, 39.8858119 ], [ -75.0135755, 39.798911 ], [ -74.9798991, 39.7937246 ], [ -74.9429758, 39.6912373 ], [ -74.87261, 39.5835145 ], [ -74.8055082, 39.5730624 ], [ -74.6972323, 39.5803375 ], [ -74.6147732, 39.6158191 ], [ -74.5684753, 39.7538506 ], [ -74.5348584, 39.7485558 ], [ -74.441533, 40.0244871 ], [ -74.4778497, 40.1270694 ], [ -74.2090574, 40.9081038 ], [ -74.0924105, 41.0350415 ], [ -73.9473163, 41.0363164 ], [ -73.9148158, 41.1280641 ], [ -73.880526, 41.122618 ], [ -73.8135537, 41.2088822 ], [ -73.7284835, 41.2437799 ], [ -73.712033, 41.289623 ], [ -73.8495318, 41.3115179 ], [ -73.9101532, 41.345347 ], [ -74.0033878, 41.287406 ], [ -74.0601206, 41.1268225 ], [ -74.136799, 41.1146719 ], [ -74.3347428, 41.1698107 ], [ -74.3666572, 41.0779706 ], [ -74.5118363, 41.0762657 ], [ -74.4801333, 41.1681386 ], [ -74.3611155, 41.1981064 ], [ -74.2098139, 41.3197754 ], [ -74.1775491, 41.4115638 ], [ -74.1005178, 41.4237337 ], [ -74.0335267, 41.510083099999989 ], [ -73.895531, 41.488369 ], [ -73.8364133, 41.5516946 ], [ -73.6983948, 41.5297904 ], [ -73.6473344, 41.5701203 ], [ -73.6141203, 41.6617642 ], [ -73.6832477, 41.6727728 ], [ -73.6500318, 41.7644193 ], [ -73.6597122, 41.8386511 ], [ -73.5294912, 41.7936774 ], [ -73.6045209, 41.5875214 ], [ -73.501, 41.570938 ], [ -73.4487411, 41.5140385 ], [ -73.3798291, 41.5029155 ], [ -73.3210207, 41.663181 ], [ -73.5199717, 41.7194349 ], [ -73.461318600000013, 41.8797369 ], [ -73.392002, 41.8686223 ], [ -73.288868, 41.9490265 ], [ -73.2294056, 42.1092133 ], [ -73.2989605, 42.120405 ], [ -73.2912671, 42.2404144 ], [ -73.2400843, 42.3777015 ], [ -73.3703909, 42.3258082 ], [ -73.4391777, 42.2398111 ], [ -73.5437946, 42.2564328 ], [ -73.5618492, 42.3077551 ], [ -73.5281144, 42.3993437 ], [ -73.5643108, 42.5019828 ], [ -73.7478794, 42.5065818 ], [ -73.8163428, 42.4204122 ], [ -73.8662879, 42.2829262 ], [ -73.9527008, 42.2479671 ], [ -74.133163, 41.7435118 ], [ -74.1840517, 41.703013 ], [ -74.253323, 41.7137457 ], [ -74.269489400000012, 41.6678536 ], [ -74.3387366, 41.6785451 ], [ -74.3709031, 41.5867365 ], [ -74.4560785, 41.551463 ], [ -74.4880094, 41.4596206 ], [ -74.7110321, 41.4453334 ], [ -74.7801089, 41.4558126 ], [ -74.8648778, 41.4202924 ], [ -74.8602562, 41.5404168 ], [ -74.929462, 41.5508229 ], [ -74.8981301, 41.6427578 ], [ -74.9092665, 41.7169042 ], [ -74.858836, 41.7576593 ], [ -74.9820882, 41.8244064 ], [ -75.1211902, 41.845063 ], [ -75.1985363, 41.832345 ], [ -75.252703, 41.6713554 ], [ -75.2874074, 41.676467 ], [ -75.3335432, 41.538436399999988 ], [ -75.2373697, 41.500106 ], [ -75.2258859, 41.4259753 ], [ -75.0876734, 41.4054153 ], [ -75.0263679, 41.372092 ], [ -75.0573793, 41.2801124 ], [ -75.1073011, 41.239274699999989 ], [ -75.2106846, 41.2546949 ], [ -75.2413708, 41.1626675 ], [ -75.3254881, 41.1268659 ], [ -75.371142, 40.9887693 ], [ -75.5085388, 41.0090608 ], [ -75.6148088, 40.9040009 ], [ -75.7864356, 40.9290501 ], [ -75.8847262, 40.8468239 ], [ -75.9068715, 40.7776747 ], [ -76.0243618, 40.7464041 ], [ -76.0390066, 40.7002869 ], [ -76.1759906, 40.7199341 ], [ -76.2517578, 40.7066376 ], [ -76.28068, 40.6143495 ], [ -76.3976863, 40.5827631 ], [ -76.5629948, 40.5097087 ], [ -76.6184321, 40.4452266 ], [ -76.7480106, 40.4874147 ], [ -76.6714508, 40.6212296 ], [ -76.5616327, 40.6299555 ], [ -76.4973397, 40.8377113 ], [ -76.4142695, 40.8742141 ], [ -76.3998567, 40.9203632 ], [ -76.1988876, 40.9883145 ], [ -76.1425508, 41.0525997 ], [ -76.004859700000011, 41.0329251 ], [ -75.960556, 41.1712184 ], [ -75.8915993, 41.1613102 ], [ -75.827342, 41.2485027 ], [ -75.758322, 41.2385304 ], [ -75.6592582, 41.3206432 ], [ -75.6291047, 41.4127497 ], [ -75.7974681, 41.3406494 ], [ -75.8740584, 41.3275629 ], [ -75.9383316, 41.2403544 ], [ -76.0221555, 41.204142499999989 ], [ -76.0369077, 41.1580426 ], [ -76.1477116, 41.1497301 ], [ -76.231295800000012, 41.1133922 ], [ -76.3619818, 41.155913 ], [ -76.5000497, 41.1752381 ], [ -76.5144475, 41.1290881 ], [ -76.679894, 41.176122 ], [ -76.6930347, 41.2501398 ], [ -76.8384996, 41.2460514 ], [ -76.8526668, 41.1998698 ], [ -77.0321, 41.3204882 ], [ -77.1707283, 41.339157899999989 ], [ -77.1846736, 41.2929466 ], [ -77.3302027, 41.2883548 ], [ -77.3924228, 41.2004959 ], [ -77.5933473, 41.2510524 ], [ -77.655165700000012, 41.1630762 ], [ -77.7724866, 41.1303634 ], [ -77.8262121, 40.9452395 ], [ -77.943043, 40.9123798 ], [ -77.9696051, 40.8197753 ], [ -78.0384983, 40.8286733 ], [ -78.2844135, 40.7161623 ], [ -78.3791278, 40.6322115 ], [ -78.4392657, 40.5438513 ], [ -78.5097403, 40.2888216 ], [ -78.6035314, 40.2046857 ], [ -78.6718521, 40.2132789 ], [ -78.6844739, 40.166881 ], [ -78.743759, 40.0783506 ], [ -78.7688285, 39.9855255 ], [ -78.8311881, 39.7534023 ], [ -79.0161483, 39.5845337 ], [ -79.1915588, 39.5822271 ], [ -79.2157985, 39.4892707 ], [ -79.384954, 39.5099586 ], [ -79.3330814, 39.5755727 ], [ -79.27875, 39.7847296 ], [ -79.1986333, 39.8228941 ], [ -79.162023, 39.9622658 ], [ -79.2301603, 39.9705877 ], [ -79.2824539, 39.9050416 ], [ -79.418656200000015, 39.9215349 ], [ -79.3202793, 40.029472 ], [ -79.2959871, 40.1223906 ], [ -79.2032231, 40.2069966 ], [ -79.134839, 40.1986635 ], [ -79.110215, 40.2915334 ], [ -79.0293666, 40.32958 ], [ -79.0045396, 40.4224193 ], [ -78.8171276, 40.5911232 ], [ -78.7013374, 40.6247141 ], [ -78.7103563, 40.721750199999988 ], [ -78.5726349, 40.7045757 ], [ -78.5918142, 40.6350237 ], [ -78.4886804, 40.6220676 ], [ -78.4629541, 40.7147843 ], [ -78.3142627, 40.8639279 ], [ -78.3832513, 40.8726571 ], [ -78.3572699, 40.9653346 ], [ -78.2405566, 40.9985352 ], [ -78.2667216, 40.9058818 ], [ -78.1566454, 40.9158501 ], [ -78.1303159, 41.0084823 ], [ -78.0134051, 41.0414943 ], [ -77.9668199, 41.20353 ], [ -77.8360172, 41.282679 ], [ -77.6769654, 41.3340492 ], [ -77.6913075, 41.4079623 ], [ -77.7955587, 41.4214941 ], [ -77.7965289, 41.5416559 ], [ -77.914481, 41.5088346 ], [ -77.859439, 41.5737682 ], [ -77.8605336, 41.6939177 ], [ -77.6792023, 41.6945295 ], [ -77.6237542, 41.7593645 ], [ -77.553899, 41.7502698 ], [ -77.526329, 41.8427342 ], [ -77.3515327, 41.8198158 ], [ -77.2956347, 41.8845187 ], [ -77.2116433, 41.9214631 ], [ -77.0717134, 41.9028394 ], [ -77.0504585, 41.9721122 ], [ -76.875478, 41.9486156 ], [ -76.881852, 42.0456601 ], [ -76.7767625, 42.0314651 ], [ -76.7479172, 42.1237628 ], [ -76.7964554, 42.2024752 ], [ -76.9018379, 42.2166546 ], [ -76.9376502, 42.1012478 ] ], [ [ -79.5601486, 39.5071836 ], [ -79.5423394, 39.5769456 ], [ -79.4406988, 39.5646746 ], [ -79.4705353, 39.4484201 ], [ -79.5601486, 39.5071836 ] ], [ [ -78.2280958, 40.1568246 ], [ -78.2021799, 40.2495342 ], [ -78.1550201, 40.2914739 ], [ -78.0656076, 40.2318555 ], [ -78.1307301, 40.000115 ], [ -78.2603859, 40.0409183 ], [ -78.2280958, 40.1568246 ] ], [ [ -78.3699121, 41.3027268 ], [ -78.2873277, 41.3403113 ], [ -78.1483754, 41.3227312 ], [ -78.0508645, 41.2863092 ], [ -78.1599435, 41.1562451 ], [ -78.2985338, 41.1738163 ], [ -78.3808947, 41.1362206 ], [ -78.4350226, 41.0710669 ], [ -78.5042529, 41.0797356 ], [ -78.5300667, 40.9870398 ], [ -78.6338013, 40.9999613 ], [ -78.7975773, 40.924322499999988 ], [ -78.7785359, 40.9938853 ], [ -78.6965956, 41.0317158 ], [ -78.623507, 41.1665036 ], [ -78.4588968, 41.241926 ], [ -78.3699121, 41.3027268 ] ], [ [ -78.8977856, 41.3439539 ], [ -78.7934327, 41.3312291 ], [ -78.7806582, 41.3775903 ], [ -78.6762734, 41.3647799 ], [ -78.825287, 41.2153143 ], [ -78.8633585, 41.076194 ], [ -78.9106319, 41.0340459 ], [ -79.0082442, 41.0698834 ], [ -78.9830964, 41.1626593 ], [ -79.0052192, 41.2132503 ], [ -79.1441626, 41.2299939 ], [ -79.1539473, 41.3269533 ], [ -79.0432818, 41.337609 ], [ -79.0306896, 41.383992299999989 ], [ -78.8977856, 41.3439539 ] ], [ [ -77.6570355, 40.2983048 ], [ -77.6436465, 40.3446009 ], [ -77.4728865, 40.3218015 ], [ -77.3636925, 40.331156 ], [ -77.3908484, 40.2386131 ], [ -77.4931399, 40.2523791 ], [ -77.6356392, 40.1271742 ], [ -77.7245075, 40.1870737 ], [ -77.6570355, 40.2983048 ] ], [ [ -77.6718438, 40.4925488 ], [ -77.6235268, 40.4140388 ], [ -77.718657600000014, 40.3305114 ], [ -77.786991, 40.3395362 ], [ -77.7536954, 40.4552966 ], [ -77.6718438, 40.4925488 ] ], [ [ -76.3023169, 40.5451245 ], [ -76.287897500000014, 40.5912754 ], [ -76.1511546, 40.571735 ], [ -76.1387797, 40.4976263 ], [ -76.3023169, 40.5451245 ] ], [ [ -77.1502933, 41.1681104 ], [ -77.0050279, 41.1725185 ], [ -76.9845201, 41.1216255 ], [ -77.0125659, 41.0292216 ], [ -77.1299683, 40.9970378 ], [ -77.1577479, 40.9045961 ], [ -77.2748468, 40.8722888 ], [ -77.302362, 40.7798091 ], [ -77.3504409, 40.7381776 ], [ -77.5222717, 40.761117 ], [ -77.6321779, 40.7516422 ], [ -77.6113057, 40.7008235 ], [ -77.7068791, 40.6173266 ], [ -77.8098438, 40.6308559 ], [ -77.8241818, 40.7047967 ], [ -77.7840646, 40.8436711 ], [ -77.6395856, 40.84873 ], [ -77.6057552, 40.9644025 ], [ -77.4059506, 41.0340613 ], [ -77.3784762, 41.126542 ], [ -77.1642159, 41.1218952 ], [ -77.1502933, 41.1681104 ] ], [ [ -74.7712541, 40.6324407 ], [ -74.6874789, 40.6679275 ], [ -74.5667651, 40.600871 ], [ -74.6058734, 40.4859486 ], [ -74.7759772, 40.5122329 ], [ -74.7914656, 40.466239699999988 ], [ -74.8935252, 40.4819004 ], [ -74.8703885, 40.5509047 ], [ -74.7712541, 40.6324407 ] ], [ [ -74.0700358, 41.612641599999989 ], [ -74.0720372, 41.7097865 ], [ -73.941789, 41.6651843 ], [ -74.009071, 41.5788867 ], [ -74.0700358, 41.612641599999989 ] ], [ [ -73.4802897, 42.0282126 ], [ -73.4813861, 42.1253414 ], [ -73.411793, 42.1142379 ], [ -73.4802897, 42.0282126 ] ] ], [ [ [ -85.5071322, 43.929533299999989 ], [ -85.5844815, 43.9113114 ], [ -85.5234, 43.8359166 ], [ -85.5396177, 43.7422984 ], [ -85.4665478, 43.7370942 ], [ -85.3770501, 43.825456 ], [ -85.3688108, 43.8722564 ], [ -85.3971974, 43.9216893 ], [ -85.5071322, 43.929533299999989 ] ] ], [ [ [ -85.6577717, 43.9164574 ], [ -85.7191019, 43.991797 ], [ -85.8292051, 43.9994026 ], [ -85.8737846, 43.955092 ], [ -85.8934123, 43.8380214 ], [ -85.8320211, 43.7627543 ], [ -85.7589018, 43.7576945 ], [ -85.6937736, 43.7057809 ], [ -85.6577717, 43.9164574 ] ] ], [ [ [ -79.1071767, 37.7706064 ], [ -79.0715003, 37.9103418 ], [ -79.1942218, 37.8297462 ], [ -79.2119292, 37.7598583 ], [ -79.1071767, 37.7706064 ] ] ], [ [ [ -78.3578322, 38.5394874 ], [ -78.3660603, 38.63678 ], [ -78.4576898, 38.5525726 ], [ -78.4950031, 38.41314 ], [ -78.4285621, 38.4044413 ], [ -78.403614, 38.4973896 ], [ -78.3578322, 38.5394874 ] ] ], [ [ [ -79.503960800000016, 39.044819 ], [ -79.515768799999989, 38.9982842 ], [ -79.4486046, 38.990093 ], [ -79.4426797, 39.0133583 ], [ -79.4031517, 39.0325119 ], [ -79.503960800000016, 39.044819 ] ] ], [ [ [ -78.0833704, 38.9121778 ], [ -78.0499232, 38.9077347 ], [ -77.9701688, 38.9452265 ], [ -77.9443669, 39.0380195 ], [ -78.0113843, 39.0469475 ], [ -77.9907606, 38.9960903 ], [ -78.0912387, 39.0094366 ], [ -78.0833704, 38.9121778 ] ] ], [ [ [ -78.9235727, 40.1966731 ], [ -78.8581709, 40.3084739 ], [ -78.8736439, 40.3823254 ], [ -78.9951185, 40.3253755 ], [ -79.019921599999989, 40.2325291 ], [ -78.9235727, 40.1966731 ] ] ], [ [ [ -76.5128343, 41.826981 ], [ -76.9668207, 41.8887821 ], [ -76.8834053, 41.8053995 ], [ -76.8136086, 41.7959442 ], [ -76.8002115, 41.7219644 ], [ -76.6260226, 41.6981603 ], [ -76.5694866, 41.762583 ], [ -76.3952734, 41.7384987 ], [ -76.3806481, 41.7846176 ], [ -76.5128343, 41.826981 ] ] ], [ [ [ -75.1038689, 42.542581299999988 ], [ -75.2056174, 42.4609109 ], [ -75.2603132, 42.2999692 ], [ -75.1551806, 42.2845939 ], [ -75.0693995, 42.3202692 ], [ -75.0729872, 42.4173593 ], [ -75.0027915, 42.4070272 ], [ -74.9790584, 42.4759611 ], [ -75.0335262, 42.5322646 ], [ -75.1038689, 42.542581299999988 ] ] ], [ [ [ -72.57614, 42.7553275 ], [ -72.7340106, 42.8297151 ], [ -72.7691572, 42.7383287 ], [ -72.8392379, 42.6526327 ], [ -72.8304141, 42.578376 ], [ -72.9002292, 42.4926458 ], [ -72.9609065, 42.3326238 ], [ -72.9692478, 42.212637699999988 ], [ -72.8996497, 42.2012874 ], [ -72.8560704, 42.1213307 ], [ -72.8559465, 42.0241991 ], [ -72.8904623, 41.9327533 ], [ -72.950893100000016, 41.8698369 ], [ -72.9420472, 41.7955606 ], [ -72.976312, 41.7040826 ], [ -72.8468629, 41.658486 ], [ -72.6658476, 41.6527457 ], [ -72.6398403, 41.7213015 ], [ -72.5708468, 41.7097896 ], [ -72.4669255, 41.7896079 ], [ -72.3702773, 42.0407894 ], [ -72.2744162, 42.0976242 ], [ -72.1357592, 42.0742193 ], [ -72.0921842, 42.0911601 ], [ -71.9805137, 41.9991638 ], [ -72.0608715, 41.7938705 ], [ -72.2245547, 41.8460247 ], [ -72.2687104, 41.7318961 ], [ -72.1662592, 41.6171959 ], [ -72.0808108, 41.5539365 ], [ -71.9777607, 41.5362505 ], [ -71.9256011, 41.5759579 ], [ -71.8181222, 41.8495999 ], [ -71.8407325, 42.0726044 ], [ -71.9792749, 42.0962932 ], [ -72.0217098, 42.1765127 ], [ -72.0205317, 42.2736342 ], [ -71.9394187, 42.4788574 ], [ -71.9742807, 42.4847673 ], [ -72.0079456, 42.5877778 ], [ -72.1387169, 42.6341106 ], [ -72.1566868, 42.5884887 ], [ -72.2274437, 42.503085 ], [ -72.3410728, 42.497758 ], [ -72.3143513, 42.566226 ], [ -72.4541775, 42.5894535 ], [ -72.5160991, 42.4296258 ], [ -72.4463414, 42.4180582 ], [ -72.4385485, 42.2466507 ], [ -72.508530600000014, 42.1610981 ], [ -72.5260935, 42.115422 ], [ -72.5955275, 42.1269528 ], [ -72.5780121, 42.1726372 ], [ -72.6127626, 42.1783941 ], [ -72.6215115, 42.1555503 ], [ -72.7605295, 42.178486 ], [ -72.6469142, 42.4755032 ], [ -72.6816925, 42.5783552 ], [ -72.628876, 42.7154057 ], [ -72.57614, 42.7553275 ] ] ], [ [ [ -71.1588618, 41.9294056 ], [ -71.1908812, 42.0326272 ], [ -71.3268308, 42.1540601 ], [ -71.3960806, 42.1661677 ], [ -71.4031337, 42.2405154 ], [ -71.4980131, 42.2813822 ], [ -71.549121, 42.3389601 ], [ -71.7303865, 42.4432216 ], [ -71.8000372, 42.4551338 ], [ -71.7758729, 42.3292802 ], [ -71.8121421, 42.2381129 ], [ -71.6932256, 42.0715702 ], [ -71.7204157, 42.0032032 ], [ -71.6603575, 41.968464 ], [ -71.5222202, 41.9444671 ], [ -71.4805829, 41.8640922 ], [ -71.5079149, 41.7957579 ], [ -71.4046312, 41.7776612 ], [ -71.3771945, 41.8459765 ], [ -71.2899313, 41.8793885 ], [ -71.2210191, 41.8672281 ], [ -71.1588618, 41.9294056 ] ] ] ] } },
{ "type": "Feature", "properties": { "ID": 9 }, "geometry": { "type": "MultiPolygon", "coordinates": [ [ [ [ -88.9221958, 38.1728575 ], [ -88.9893667, 38.1763693 ], [ -88.9993062, 38.0820115 ], [ -88.9322299, 38.0785041 ], [ -88.9221958, 38.1728575 ] ] ], [ [ [ -93.4900122, 38.6661288 ], [ -93.4524488, 38.7599999 ], [ -93.485513, 38.7842542 ], [ -93.6214292, 38.7866934 ], [ -93.6570898, 38.7400323 ], [ -93.6273836, 38.6213068 ], [ -93.4918074, 38.6188731 ], [ -93.4900122, 38.6661288 ] ] ], [ [ [ -80.1735412, 38.2857022 ], [ -80.1342039, 38.4489139 ], [ -80.2009022, 38.4567744 ], [ -80.2233133, 38.3635068 ], [ -80.3343673, 38.3285735 ], [ -80.3841864, 38.1186085 ], [ -80.350993699999989, 38.1147255 ], [ -80.2291552, 38.196336 ], [ -80.2068088, 38.2896278 ], [ -80.1735412, 38.2857022 ] ] ], [ [ [ -80.0065319, 38.4097864 ], [ -79.9732159, 38.4058122 ], [ -79.9675276, 38.4291188 ], [ -79.9342043, 38.4251351 ], [ -79.838897, 38.5336415 ], [ -79.815886, 38.6268217 ], [ -79.8493039, 38.6308333 ], [ -79.820506, 38.7472923 ], [ -79.8769858, 38.6581318 ], [ -79.9552948, 38.61952 ], [ -79.9837999, 38.5030116 ], [ -80.0065319, 38.4097864 ] ] ], [ [ [ -79.5252486, 38.6875554 ], [ -79.5193779, 38.7108336 ], [ -79.507624, 38.7573868 ], [ -79.6138763, 38.7463417 ], [ -79.6313856, 38.6764956 ], [ -79.5311152, 38.6642763 ], [ -79.5252486, 38.6875554 ] ] ], [ [ [ -93.6497879, 39.8974096 ], [ -93.7139139, 40.0401041 ], [ -93.7831959, 40.0412247 ], [ -93.7864321, 39.9468645 ], [ -93.6497879, 39.8974096 ] ] ], [ [ [ -79.2327888, 39.1555117 ], [ -79.2760962, 39.2568153 ], [ -79.3554743, 39.2185806 ], [ -79.391257700000011, 39.0790348 ], [ -79.5257707, 39.0954385 ], [ -79.5375722, 39.0489049 ], [ -79.4031517, 39.0325119 ], [ -79.4426797, 39.0133583 ], [ -79.4545254, 38.9668268 ], [ -79.3202936, 38.9503506 ], [ -79.2724407, 39.1364104 ], [ -79.2388011, 39.1322599 ], [ -79.2327888, 39.1555117 ] ] ], [ [ [ -92.1013155, 40.3348295 ], [ -92.1764922, 40.2424714 ], [ -92.037575600000011, 40.2385974 ], [ -91.9666454, 40.2601776 ], [ -91.9592375, 40.3780139 ], [ -92.0984511, 40.381965 ], [ -92.1013155, 40.3348295 ] ] ], [ [ [ -90.6009287, 40.3557891 ], [ -90.4986617, 40.3281738 ], [ -90.490575, 40.4223641 ], [ -90.5949759, 40.4264352 ], [ -90.6009287, 40.3557891 ] ] ], [ [ [ -79.5601486, 39.5071836 ], [ -79.4705353, 39.4484201 ], [ -79.4406988, 39.5646746 ], [ -79.5423394, 39.5769456 ], [ -79.5601486, 39.5071836 ] ] ], [ [ [ -85.5071322, 43.929533299999989 ], [ -85.4582082, 43.9971363 ], [ -85.5234479, 44.0491541 ], [ -85.6295965, 44.0803124 ], [ -85.7766071, 44.0905234 ], [ -85.846178, 44.1189881 ], [ -85.8671725, 44.2151589 ], [ -85.8314736, 44.4258883 ], [ -85.8763679, 44.3815742 ], [ -86.0649991, 44.3705904 ], [ -86.0843903, 44.2534891 ], [ -86.2026675, 44.2139778 ], [ -86.299087, 44.0782676 ], [ -86.3254489, 43.91429 ], [ -86.3621245, 43.9166845 ], [ -86.388246, 43.7526972 ], [ -86.3150936, 43.7479121 ], [ -86.3412693, 43.5839333 ], [ -86.3925855, 43.4926154 ], [ -86.3197447, 43.4878326 ], [ -86.2945523, 43.4151531 ], [ -86.1892226, 43.3844703 ], [ -86.160446, 43.3351898 ], [ -86.1755566, 43.2415011 ], [ -86.0705852, 43.2107326 ], [ -86.0858023, 43.1170513 ], [ -86.0248961, 43.0418593 ], [ -86.040141, 42.948179499999988 ], [ -86.1198716, 42.9062562 ], [ -86.142455, 42.7657157 ], [ -86.078051, 42.7139635 ], [ -86.1789862, 42.0814356 ], [ -86.2145788, 42.0838673 ], [ -86.2476521, 41.8729608 ], [ -86.3013412, 41.7581874 ], [ -86.4465951, 41.7443004 ], [ -86.5280723, 41.6786892 ], [ -86.5351599, 41.6317973 ], [ -86.687037, 41.5707711 ], [ -86.8990127, 41.5844813 ], [ -86.9058135, 41.5375686 ], [ -87.0117575, 41.5443008 ], [ -87.0370288, 41.6169054 ], [ -87.3553698, 41.6365721 ], [ -87.5000997, 41.6216161 ], [ -87.7478082, 41.6361711 ], [ -87.8863693, 41.6677726 ], [ -87.8650425, 41.8321016 ], [ -87.7878612, 41.87499 ], [ -87.7724037, 41.9923454 ], [ -87.8792068, 41.9984321 ], [ -87.8669585, 42.0923189 ], [ -87.9352372, 42.1198108 ], [ -87.9587796, 42.2156969 ], [ -88.0302467, 42.2196707 ], [ -88.0509652, 42.3390093 ], [ -88.1583907, 42.3448878 ], [ -88.1613587, 42.3214133 ], [ -88.1971583, 42.3233543 ], [ -88.2060085, 42.2529268 ], [ -88.1850219, 42.1336059 ], [ -88.113643599999989, 42.1297086 ], [ -87.9830118, 42.0279138 ], [ -87.9390932, 41.8126468 ], [ -87.9692404, 41.5778668 ], [ -87.8985061, 41.5738616 ], [ -87.8369381, 41.499388 ], [ -87.8460749, 41.4289508 ], [ -87.7463972, 41.3758818 ], [ -87.5701805, 41.3655261 ], [ -87.4676579, 41.3357351 ], [ -87.4740098, 41.2887883 ], [ -87.3300358, 41.3037216 ], [ -87.1540907, 41.29285 ], [ -87.1475007, 41.3397822 ], [ -86.9714873, 41.3286849 ], [ -86.9044862, 41.3007247 ], [ -86.9180086, 41.2068786 ], [ -86.7424057, 41.1954965 ], [ -86.6124322, 41.1158666 ], [ -86.5878463, 41.0431618 ], [ -86.4827849, 41.0361128 ], [ -86.4933551, 40.9657456 ], [ -86.5702995, 40.9235312 ], [ -86.591186, 40.782766 ], [ -86.6329851, 40.7381702 ], [ -86.7375722, 40.7451096 ], [ -86.7546284, 40.6277681 ], [ -86.6502314, 40.6208407 ], [ -86.698729, 40.5292813 ], [ -86.907257199999989, 40.5429878 ], [ -86.9900438, 40.453576 ], [ -87.0942043, 40.4602521 ], [ -87.0725999, 40.3641078 ], [ -87.2806688, 40.3772612 ], [ -87.3280834, 40.2854651 ], [ -87.466651, 40.294016 ], [ -87.5328455, 40.3217347 ], [ -87.6083311, 40.2789324 ], [ -87.6776216, 40.2830861 ], [ -87.7905997, 40.2187473 ], [ -87.7966058, 40.1717408 ], [ -87.903352, 40.154313 ], [ -88.076305800000014, 40.1642685 ], [ -88.1253062, 40.048673 ], [ -88.260638899999989, 40.0799514 ], [ -88.4680143, 40.0913416 ], [ -88.5234941, 40.2126665 ], [ -88.8032762, 40.2037374 ], [ -88.8085417, 40.1566894 ], [ -88.9521678, 40.1167174 ], [ -88.9418456, 40.2108255 ], [ -89.0111416, 40.214318 ], [ -89.0855094, 40.1707185 ], [ -89.1125775, 40.2430207 ], [ -89.3899804, 40.2564445 ], [ -89.4521502, 40.3303134 ], [ -89.5563302, 40.3351585 ], [ -89.5839977, 40.4073567 ], [ -89.7138501, 40.5078028 ], [ -89.7835069, 40.510911 ], [ -89.7926427, 40.4167721 ], [ -89.8319551, 40.3712372 ], [ -90.179591699999989, 40.3861417 ], [ -90.2512495, 40.3654751 ], [ -90.265986, 40.2006515 ], [ -90.3353358, 40.2034864 ], [ -90.447506500000017, 40.1134667 ], [ -90.58604, 40.1189223 ], [ -90.6821745, 40.2171441 ], [ -90.7843436, 40.2446282 ], [ -90.7976899, 40.079731 ], [ -90.7323046, 40.0300084 ], [ -90.7419077, 39.9122047 ], [ -90.7802437, 39.8663819 ], [ -90.8837653, 39.8702397 ], [ -90.8930696, 39.7524051 ], [ -91.168686, 39.7622982 ], [ -91.3048169, 39.7906121 ], [ -91.3013967, 39.8377565 ], [ -91.3653344, 39.9107919 ], [ -91.4344167, 39.9130813 ], [ -91.4623408, 40.0084944 ], [ -91.6337304, 40.0376027 ], [ -91.696668, 40.1340379 ], [ -91.8006689, 40.137211 ], [ -91.8730291, 40.0921411 ], [ -91.9784416, 40.0716097 ], [ -92.2902102, 40.0802665 ], [ -92.2929212, 40.0331127 ], [ -92.3994178, 39.9886834 ], [ -92.412517, 39.7528563 ], [ -92.4495733, 39.7065714 ], [ -92.5504139, 39.7563596 ], [ -92.5416058, 39.9214534 ], [ -92.6428524, 39.9711626 ], [ -92.671369, 40.0898991 ], [ -92.7753407, 40.0923451 ], [ -92.7824015, 39.950852 ], [ -92.8861536, 39.9532156 ], [ -92.8816012, 40.04755 ], [ -92.9497595, 40.0726674 ], [ -92.9452918, 40.166992 ], [ -93.012507, 40.215654799999989 ], [ -93.0819641, 40.2171241 ], [ -93.1135204, 40.2885836 ], [ -93.3916908, 40.294052099999988 ], [ -93.3897754, 40.3412115 ], [ -93.5289798, 40.3437399 ], [ -93.5959376, 40.4156911 ], [ -93.7353112, 40.4180141 ], [ -93.733644900000016, 40.4651723 ], [ -93.8382584, 40.4668247 ], [ -93.8746946, 40.4201984 ], [ -93.8778155, 40.3258725 ], [ -93.9489144, 40.2797442 ], [ -94.2618791, 40.283987 ], [ -94.2606028, 40.3311569 ], [ -94.327751, 40.4263395 ], [ -94.502025, 40.4283113 ], [ -94.5025756, 40.4047278 ], [ -94.6419509, 40.4061487 ], [ -94.6772818, 40.3828976 ], [ -94.6782532, 40.335726799999989 ], [ -94.71306, 40.3360514 ], [ -94.7121142, 40.3832224 ], [ -94.746946799999989, 40.3835385 ], [ -94.7487859, 40.2891938 ], [ -94.7844598, 40.2423249 ], [ -94.8887309, 40.2431934 ], [ -94.8899519, 40.1724245 ], [ -94.8915758, 40.078058 ], [ -94.9609134, 40.0785925 ], [ -94.996683499999989, 40.008065 ], [ -95.1005788, 40.0087753 ], [ -95.1371026, 39.8674133 ], [ -95.1716593, 39.8676238 ], [ -95.174668, 39.6316042 ], [ -95.2440802, 39.5847862 ], [ -95.2454496, 39.4667451 ], [ -95.3484838, 39.4672703 ], [ -95.3832758, 39.4202067 ], [ -95.3841676, 39.3257554 ], [ -95.4529071, 39.3024305 ], [ -95.487906, 39.2080967 ], [ -95.4891963, 39.0427542 ], [ -95.6256897, 39.0431953 ], [ -95.6941572, 38.9961172 ], [ -95.6604245, 38.925159699999988 ], [ -95.661155, 38.7833855 ], [ -95.5936142, 38.7123023 ], [ -95.4917576, 38.7119603 ], [ -95.4913933, 38.7592257 ], [ -95.28753780000001, 38.7583125 ], [ -95.2880482, 38.7110477 ], [ -95.0843453, 38.7098304 ], [ -95.0850007, 38.6625632 ], [ -94.6779138, 38.6592168 ], [ -94.6090748, 38.7058051 ], [ -94.5730853, 38.7999734 ], [ -94.5050981, 38.7992451 ], [ -94.4694584, 38.8697485 ], [ -94.3661989, 38.9158148 ], [ -94.360899300000014, 39.1283982 ], [ -94.4292263, 39.129198 ], [ -94.4263905, 39.247275699999989 ], [ -94.38983970000001, 39.341328399999988 ], [ -94.4224032, 39.4125551 ], [ -94.3182508, 39.4585535 ], [ -94.2508472, 39.4104836 ], [ -94.2184719, 39.3392164 ], [ -94.1156568, 39.3378467 ], [ -94.1108755, 39.5030978 ], [ -94.1795923, 39.5040216 ], [ -94.176287, 39.6220395 ], [ -94.2438549, 39.6701337 ], [ -94.2406581, 39.7881304 ], [ -94.3429831, 39.8366008 ], [ -94.3387462, 40.0017644 ], [ -94.1956378, 40.1651718 ], [ -93.9873779, 40.1623222 ], [ -93.9888508, 40.115147 ], [ -93.8848042, 40.1136067 ], [ -93.8485486, 40.1602498 ], [ -93.8453929, 40.2545905 ], [ -93.7758799, 40.253501 ], [ -93.7038434, 40.3231242 ], [ -93.671615, 40.2518018 ], [ -93.5673557, 40.2500249 ], [ -93.5024316, 40.1308796 ], [ -93.5079041, 39.9893595 ], [ -93.4760582, 39.9179675 ], [ -93.4069139, 39.9166938 ], [ -93.410691899999989, 39.8223303 ], [ -93.3790351, 39.750903 ], [ -93.4517109, 39.6578088 ], [ -93.5894526, 39.660278 ], [ -93.6256151, 39.6136769 ], [ -93.6299177, 39.4956731 ], [ -93.4925225, 39.493243799999988 ], [ -93.3875896, 39.5385327 ], [ -93.392318, 39.420526 ], [ -93.3618301, 39.3254555 ], [ -93.2933156, 39.3241243 ], [ -93.2620283, 39.252628 ], [ -93.1593751, 39.2505436 ], [ -93.1644939, 39.132503 ], [ -93.0982767, 39.0838529 ], [ -92.9958932, 39.0816458 ], [ -92.9980553, 39.034424 ], [ -92.8275543, 39.030578 ], [ -92.762854, 38.9581473 ], [ -92.6266215, 38.9548529 ], [ -92.5986777, 38.8359449 ], [ -92.530690400000012, 38.8342327 ], [ -92.525705, 38.928682599999988 ], [ -92.4235845, 38.9260473 ], [ -92.3267502, 38.8288928 ], [ -92.3306988, 38.7580525 ], [ -92.1949032, 38.7543268 ], [ -92.156826, 38.82421 ], [ -92.0548832, 38.8212988 ], [ -91.9840459, 38.8665324 ], [ -91.9101737, 38.9589357 ], [ -91.899859, 39.1241444 ], [ -91.821054, 39.2872528 ], [ -91.684191, 39.2830219 ], [ -91.6810714, 39.3302034 ], [ -91.5098947, 39.3247195 ], [ -91.506647199999989, 39.3718946 ], [ -91.3713019, 39.3437654 ], [ -91.131652, 39.3354889 ], [ -91.1263678, 39.4062356 ], [ -91.0506713, 39.4981077 ], [ -90.913420699999989, 39.4931111 ], [ -90.781862, 39.4172522 ], [ -90.7894037, 39.322941299999989 ], [ -90.760865, 39.2509004 ], [ -90.69250790000001, 39.2482743 ], [ -90.7058825, 39.0831963 ], [ -90.6775398, 39.011116 ], [ -90.5753858, 39.0071008 ], [ -90.5831766, 38.9127519 ], [ -90.483161900000013, 38.885078 ], [ -90.49698690000001, 38.7199413 ], [ -90.4630882, 38.7185659 ], [ -90.4710054, 38.6241863 ], [ -90.2361523, 38.5907415 ], [ -90.206465, 38.5421119 ], [ -90.2167884, 38.4241246 ], [ -89.879441300000011, 38.409289699999988 ], [ -89.746773, 38.3795273 ], [ -89.751223400000015, 38.3323382 ], [ -89.6501754, 38.3276278 ], [ -89.6569463, 38.2568422 ], [ -89.533871, 38.1324669 ], [ -89.1646044, 38.1142273 ], [ -89.0925882, 38.1579846 ], [ -89.0778499, 38.2995099 ], [ -89.0392486, 38.3449474 ], [ -88.8709018, 38.3361691 ], [ -88.858197, 38.4540571 ], [ -88.9206025, 38.5047507 ], [ -88.9079539, 38.6226146 ], [ -88.8300865, 38.7133359 ], [ -88.6946767, 38.7061254 ], [ -88.7233194, 38.7550679 ], [ -88.5539696, 38.7459015 ], [ -88.5486349, 38.7930195 ], [ -88.311457, 38.7798243 ], [ -88.2265402, 38.6327157 ], [ -88.1307788, 38.5797579 ], [ -88.1420009, 38.485523799999989 ], [ -88.116713, 38.4128794 ], [ -87.9905546, 38.3342737 ], [ -87.9175316, 38.3773862 ], [ -87.7156173, 38.3651544 ], [ -87.7244514, 38.2944843 ], [ -87.4892285, 38.2798472 ], [ -87.4831756, 38.3269522 ], [ -87.4037148, 38.4168859 ], [ -87.3027371, 38.4104251 ], [ -87.2628613, 38.4553408 ], [ -87.241018, 38.6201143 ], [ -87.3085438, 38.6244592 ], [ -87.2622967, 38.7164311 ], [ -87.2403654, 38.8811441 ], [ -87.125966, 38.9686606 ], [ -87.1163976, 39.0392233 ], [ -87.0663732, 39.1545935 ], [ -87.1280492, 39.2060531 ], [ -86.991831499999989, 39.1971569 ], [ -86.9853362, 39.2441793 ], [ -86.8633637, 39.3784493 ], [ -86.7542757, 39.4185954 ], [ -86.7408886, 39.5125886 ], [ -86.6555709, 39.6254343 ], [ -86.4877386, 39.5902244 ], [ -86.5015069, 39.4962648 ], [ -86.2316101, 39.4536148 ], [ -86.1810525, 39.3313102 ], [ -86.1200071, 39.2794359 ], [ -86.0680404, 39.3944007 ], [ -86.0914225, 39.4673146 ], [ -86.0500691, 39.5118074 ], [ -85.7425537, 39.4892033 ], [ -85.7195539, 39.4162327 ], [ -85.6209634, 39.3850566 ], [ -85.4164292, 39.3694239 ], [ -85.3669962, 39.4606449 ], [ -85.4237835, 39.5363026 ], [ -85.3058107, 39.6222102 ], [ -85.2217764, 39.7106905 ], [ -85.2061091, 39.8044906 ], [ -85.1599924, 39.8721446 ], [ -84.9500164, 39.8792752 ], [ -84.9580502, 39.8323951 ], [ -84.8208521, 39.8213563 ], [ -84.6713522, 39.8804781 ], [ -84.6589764, 39.9507682 ], [ -84.5434108, 40.012556 ], [ -84.4402752, 40.0039837 ], [ -84.414346, 39.9542676 ], [ -84.4696877, 39.8400188 ], [ -84.2340197, 39.7963473 ], [ -84.2211564, 39.6763165 ], [ -83.9818971, 39.6556317 ], [ -83.8066745, 39.6640138 ], [ -83.7801039, 39.804461 ], [ -83.5747336, 39.7861053 ], [ -83.4196209, 39.8672741 ], [ -83.4104691, 39.9140571 ], [ -83.3076486, 39.9046448 ], [ -83.254843400000013, 39.9950305 ], [ -83.279894, 40.0449569 ], [ -83.176884300000012, 40.0354491 ], [ -83.1675326, 40.0822075 ], [ -83.0799856, 40.1693217 ], [ -82.9424209, 40.1564322 ], [ -82.8097249, 40.1200419 ], [ -82.7904502, 40.2134975 ], [ -82.7022143, 40.3003624 ], [ -82.6333232, 40.2937493 ], [ -82.608834800000011, 40.4105161 ], [ -82.6582924, 40.5105505 ], [ -82.4557254, 40.6339631 ], [ -82.3865007, 40.6272305 ], [ -82.3317974, 40.7171977 ], [ -82.1585706, 40.7001509 ], [ -81.9265621, 40.6292836 ], [ -81.9023409, 40.5791477 ], [ -81.7934717, 40.5919456 ], [ -81.6552717, 40.577794 ], [ -81.6341724, 40.671042 ], [ -81.5889853, 40.7140954 ], [ -81.4159718, 40.6961351 ], [ -81.4052355, 40.7427374 ], [ -81.2396401, 40.8446748 ], [ -81.170321, 40.8373453 ], [ -81.1209651, 41.0469248 ], [ -81.0862, 41.0432358 ], [ -81.036405, 41.2527517 ], [ -80.9331321, 41.3849586 ], [ -80.7235535, 41.3624243 ], [ -80.6772529, 41.4051598 ], [ -80.6544316, 41.4981952 ], [ -80.543732, 41.5100157 ], [ -80.4038133, 41.4946461 ], [ -80.322209, 41.5333984 ], [ -80.1999427, 41.4480947 ], [ -80.1305712, 41.2969011 ], [ -79.9623489, 41.2539258 ], [ -79.8698939, 41.1955226 ], [ -79.8171431, 41.2612111 ], [ -79.6779559, 41.2451268 ], [ -79.6188869, 41.3339591 ], [ -79.5144078, 41.3217637 ], [ -79.4611821, 41.3873136 ], [ -79.3791421, 41.4255273 ], [ -79.2397061, 41.4090158 ], [ -79.1163656, 41.4661258 ], [ -79.0849205, 41.5820853 ], [ -79.0246979, 41.6706491 ], [ -78.8814774, 41.7971005 ], [ -78.6998663, 41.7990058 ], [ -78.6479951, 41.9843477 ], [ -78.6571275, 42.0812948 ], [ -78.5122182, 42.2073489 ], [ -78.3447199, 42.2825936 ], [ -78.2474441, 42.366429 ], [ -78.2340493, 42.4127138 ], [ -78.1077953, 42.4689185 ], [ -77.9310224, 42.4467147 ], [ -77.853501799999989, 42.4608967 ], [ -77.7060737, 42.586117 ], [ -77.6068354, 42.5494163 ], [ -77.5569988, 42.4709908 ], [ -77.3804211, 42.4481156 ], [ -77.2815968, 42.4111907 ], [ -77.2675104, 42.3372783 ], [ -77.197058500000011, 42.3280125 ], [ -77.1830913, 42.2540893 ], [ -77.0495455, 42.2123536 ], [ -76.9376502, 42.1012478 ], [ -76.9018379, 42.2166546 ], [ -76.7964554, 42.2024752 ], [ -76.7479172, 42.1237628 ], [ -76.7767625, 42.0314651 ], [ -76.881852, 42.0456601 ], [ -76.875478, 41.9486156 ], [ -77.0504585, 41.9721122 ], [ -77.0717134, 41.9028394 ], [ -77.2116433, 41.9214631 ], [ -77.2956347, 41.8845187 ], [ -77.3515327, 41.8198158 ], [ -77.526329, 41.8427342 ], [ -77.553899, 41.7502698 ], [ -77.6237542, 41.7593645 ], [ -77.6792023, 41.6945295 ], [ -77.8605336, 41.6939177 ], [ -77.859439, 41.5737682 ], [ -77.914481, 41.5088346 ], [ -77.7965289, 41.5416559 ], [ -77.7955587, 41.4214941 ], [ -77.6913075, 41.4079623 ], [ -77.6769654, 41.3340492 ], [ -77.8360172, 41.282679 ], [ -77.9668199, 41.20353 ], [ -78.0134051, 41.0414943 ], [ -78.1303159, 41.0084823 ], [ -78.1566454, 40.9158501 ], [ -78.2667216, 40.9058818 ], [ -78.2405566, 40.9985352 ], [ -78.3572699, 40.9653346 ], [ -78.3832513, 40.8726571 ], [ -78.3142627, 40.8639279 ], [ -78.4629541, 40.7147843 ], [ -78.4886804, 40.6220676 ], [ -78.5918142, 40.6350237 ], [ -78.5726349, 40.7045757 ], [ -78.7103563, 40.721750199999988 ], [ -78.7013374, 40.6247141 ], [ -78.8171276, 40.5911232 ], [ -79.0045396, 40.4224193 ], [ -79.0293666, 40.32958 ], [ -79.110215, 40.2915334 ], [ -79.134839, 40.1986635 ], [ -79.2032231, 40.2069966 ], [ -79.2959871, 40.1223906 ], [ -79.3202793, 40.029472 ], [ -79.418656200000015, 39.9215349 ], [ -79.2824539, 39.9050416 ], [ -79.2301603, 39.9705877 ], [ -79.162023, 39.9622658 ], [ -79.1986333, 39.8228941 ], [ -79.27875, 39.7847296 ], [ -79.3330814, 39.5755727 ], [ -79.384954, 39.5099586 ], [ -79.2157985, 39.4892707 ], [ -79.1915588, 39.5822271 ], [ -79.0161483, 39.5845337 ], [ -78.8311881, 39.7534023 ], [ -78.7688285, 39.9855255 ], [ -78.7563028, 40.0319398 ], [ -78.7778595, 40.0826176 ], [ -78.7338971, 40.2450392 ], [ -78.6592121, 40.2596735 ], [ -78.6718521, 40.2132789 ], [ -78.6035314, 40.2046857 ], [ -78.5097403, 40.2888216 ], [ -78.4392657, 40.5438513 ], [ -78.3791278, 40.6322115 ], [ -78.2844135, 40.7161623 ], [ -78.0384983, 40.8286733 ], [ -77.9696051, 40.8197753 ], [ -77.943043, 40.9123798 ], [ -77.8262121, 40.9452395 ], [ -77.7724866, 41.1303634 ], [ -77.655165700000012, 41.1630762 ], [ -77.5933473, 41.2510524 ], [ -77.3924228, 41.2004959 ], [ -77.3302027, 41.2883548 ], [ -77.1846736, 41.2929466 ], [ -77.1707283, 41.339157899999989 ], [ -77.0321, 41.3204882 ], [ -76.8526668, 41.1998698 ], [ -76.8384996, 41.2460514 ], [ -76.6930347, 41.2501398 ], [ -76.679894, 41.176122 ], [ -76.5144475, 41.1290881 ], [ -76.5000497, 41.1752381 ], [ -76.3619818, 41.155913 ], [ -76.231295800000012, 41.1133922 ], [ -76.1477116, 41.1497301 ], [ -76.0369077, 41.1580426 ], [ -76.0221555, 41.204142499999989 ], [ -75.9383316, 41.2403544 ], [ -75.8740584, 41.3275629 ], [ -75.7974681, 41.3406494 ], [ -75.6291047, 41.4127497 ], [ -75.6592582, 41.3206432 ], [ -75.758322, 41.2385304 ], [ -75.827342, 41.2485027 ], [ -75.8915993, 41.1613102 ], [ -75.960556, 41.1712184 ], [ -76.004859700000011, 41.0329251 ], [ -76.1425508, 41.0525997 ], [ -76.1988876, 40.9883145 ], [ -76.3998567, 40.9203632 ], [ -76.4142695, 40.8742141 ], [ -76.4973397, 40.8377113 ], [ -76.5616327, 40.6299555 ], [ -76.6714508, 40.6212296 ], [ -76.7480106, 40.4874147 ], [ -76.6184321, 40.4452266 ], [ -76.5629948, 40.5097087 ], [ -76.3976863, 40.5827631 ], [ -76.28068, 40.6143495 ], [ -76.2517578, 40.7066376 ], [ -76.1759906, 40.7199341 ], [ -76.0390066, 40.7002869 ], [ -76.0243618, 40.7464041 ], [ -75.9068715, 40.7776747 ], [ -75.8847262, 40.8468239 ], [ -75.7864356, 40.9290501 ], [ -75.6148088, 40.9040009 ], [ -75.5085388, 41.0090608 ], [ -75.371142, 40.9887693 ], [ -75.3254881, 41.1268659 ], [ -75.2413708, 41.1626675 ], [ -75.2106846, 41.2546949 ], [ -75.1073011, 41.239274699999989 ], [ -75.0573793, 41.2801124 ], [ -75.0263679, 41.372092 ], [ -75.0876734, 41.4054153 ], [ -75.2258859, 41.4259753 ], [ -75.2373697, 41.500106 ], [ -75.3335432, 41.538436399999988 ], [ -75.2874074, 41.676467 ], [ -75.252703, 41.6713554 ], [ -75.1985363, 41.832345 ], [ -75.1211902, 41.845063 ], [ -74.9820882, 41.8244064 ], [ -74.858836, 41.7576593 ], [ -74.9092665, 41.7169042 ], [ -74.8981301, 41.6427578 ], [ -74.929462, 41.5508229 ], [ -74.8602562, 41.5404168 ], [ -74.8648778, 41.4202924 ], [ -74.7801089, 41.4558126 ], [ -74.7110321, 41.4453334 ], [ -74.4880094, 41.4596206 ], [ -74.4560785, 41.551463 ], [ -74.3709031, 41.5867365 ], [ -74.3387366, 41.6785451 ], [ -74.3041101, 41.6732035 ], [ -74.2879676, 41.7190994 ], [ -74.1840517, 41.703013 ], [ -74.133163, 41.7435118 ], [ -73.9527008, 42.2479671 ], [ -73.8662879, 42.2829262 ], [ -73.8163428, 42.4204122 ], [ -73.7478794, 42.5065818 ], [ -73.5643108, 42.5019828 ], [ -73.5281144, 42.3993437 ], [ -73.5618492, 42.3077551 ], [ -73.5437946, 42.2564328 ], [ -73.4391777, 42.2398111 ], [ -73.3703909, 42.3258082 ], [ -73.2400843, 42.3777015 ], [ -73.2912671, 42.2404144 ], [ -73.2989605, 42.120405 ], [ -73.2294056, 42.1092133 ], [ -73.288868, 41.9490265 ], [ -73.392002, 41.8686223 ], [ -73.461318600000013, 41.8797369 ], [ -73.5199717, 41.7194349 ], [ -73.3210207, 41.663181 ], [ -73.3798291, 41.5029155 ], [ -73.4487411, 41.5140385 ], [ -73.501, 41.570938 ], [ -73.6045209, 41.5875214 ], [ -73.5294912, 41.7936774 ], [ -73.6597122, 41.8386511 ], [ -73.6500318, 41.7644193 ], [ -73.6832477, 41.6727728 ], [ -73.6141203, 41.6617642 ], [ -73.6473344, 41.5701203 ], [ -73.6983948, 41.5297904 ], [ -73.8364133, 41.5516946 ], [ -73.895531, 41.488369 ], [ -74.0335267, 41.510083099999989 ], [ -74.1005178, 41.4237337 ], [ -74.1775491, 41.4115638 ], [ -74.2098139, 41.3197754 ], [ -74.3611155, 41.1981064 ], [ -74.4801333, 41.1681386 ], [ -74.5118363, 41.0762657 ], [ -74.3666572, 41.0779706 ], [ -74.3347428, 41.1698107 ], [ -74.136799, 41.1146719 ], [ -74.0601206, 41.1268225 ], [ -74.0033878, 41.287406 ], [ -73.9101532, 41.345347 ], [ -73.8495318, 41.3115179 ], [ -73.712033, 41.289623 ], [ -73.7284835, 41.2437799 ], [ -73.8135537, 41.2088822 ], [ -73.880526, 41.122618 ], [ -73.8462422, 41.1171635 ], [ -73.572184400000012, 41.0732285 ], [ -73.4622701, 41.1767132 ], [ -73.2917368, 41.2460365 ], [ -73.1979139, 41.3035107 ], [ -73.0949659, 41.2866297 ], [ -73.009397, 41.3210936 ], [ -72.9495498, 41.3840563 ], [ -72.8122122, 41.3612931 ], [ -72.7006694, 41.3669936 ], [ -72.6318296, 41.4526785 ], [ -72.1172083, 41.3654872 ], [ -72.0564315, 41.4280697 ], [ -71.9193273, 41.4044465 ], [ -71.8583167, 41.4669426 ], [ -71.7718345, 41.5006549 ], [ -71.6256679, 41.4995504 ], [ -71.6076242, 41.5451307 ], [ -71.4956565, 41.5498857 ], [ -71.4684182, 41.6182278 ], [ -71.4340846, 41.6121938 ], [ -71.4067523, 41.6805214 ], [ -71.3380356, 41.6684158 ], [ -71.3197347, 41.7139546 ], [ -71.2166401, 41.6957215 ], [ -71.2074449, 41.7184832 ], [ -71.1387254, 41.7062822 ], [ -71.1202688, 41.7517944 ], [ -71.0515298, 41.7395517 ], [ -71.0302957, 41.8821793 ], [ -71.1588618, 41.9294056 ], [ -71.2210191, 41.8672281 ], [ -71.2899313, 41.8793885 ], [ -71.3771945, 41.8459765 ], [ -71.4046312, 41.7776612 ], [ -71.5079149, 41.7957579 ], [ -71.4805829, 41.8640922 ], [ -71.5222202, 41.9444671 ], [ -71.6603575, 41.968464 ], [ -71.7204157, 42.0032032 ], [ -71.6932256, 42.0715702 ], [ -71.8121421, 42.2381129 ], [ -71.7758729, 42.3292802 ], [ -71.8000372, 42.4551338 ], [ -71.8167028, 42.5066612 ], [ -71.947159500000012, 42.5531675 ], [ -71.9742807, 42.4847673 ], [ -71.9394187, 42.4788574 ], [ -72.0205317, 42.2736342 ], [ -72.0217098, 42.1765127 ], [ -71.9792749, 42.0962932 ], [ -71.8407325, 42.0726044 ], [ -71.8181222, 41.8495999 ], [ -71.9256011, 41.5759579 ], [ -71.9777607, 41.5362505 ], [ -72.0808108, 41.5539365 ], [ -72.1662592, 41.6171959 ], [ -72.2687104, 41.7318961 ], [ -72.2245547, 41.8460247 ], [ -72.0608715, 41.7938705 ], [ -71.9805137, 41.9991638 ], [ -72.0921842, 42.0911601 ], [ -72.1357592, 42.0742193 ], [ -72.2744162, 42.0976242 ], [ -72.3702773, 42.0407894 ], [ -72.4669255, 41.7896079 ], [ -72.5708468, 41.7097896 ], [ -72.6398403, 41.7213015 ], [ -72.6658476, 41.6527457 ], [ -72.8468629, 41.658486 ], [ -72.976312, 41.7040826 ], [ -72.9420472, 41.7955606 ], [ -72.950893100000016, 41.8698369 ], [ -72.8904623, 41.9327533 ], [ -72.8559465, 42.0241991 ], [ -72.8560704, 42.1213307 ], [ -72.8996497, 42.2012874 ], [ -72.9692478, 42.212637699999988 ], [ -72.9609065, 42.3326238 ], [ -72.9002292, 42.4926458 ], [ -72.8304141, 42.578376 ], [ -72.8392379, 42.6526327 ], [ -72.7691572, 42.7383287 ], [ -72.7340106, 42.8297151 ], [ -73.332192, 42.9257651 ], [ -73.34078, 42.9028845 ], [ -73.7639911, 42.9691794 ], [ -73.913647, 42.9680912 ], [ -73.9740449, 42.9047739 ], [ -74.12354, 42.9034705 ], [ -74.3001146, 42.9302966 ], [ -74.4143242, 42.9233474 ], [ -74.5094708, 42.8651208 ], [ -74.6507632, 42.8862254 ], [ -74.7103219, 42.822604 ], [ -74.8162603, 42.8382995 ], [ -74.8323025, 42.7923676 ], [ -75.1264803, 42.9079055 ], [ -75.2680789, 42.9284117 ], [ -75.2838074, 42.8824318 ], [ -75.3348766, 42.8415472 ], [ -75.4686046, 42.8848523 ], [ -75.5471837, 42.8719522 ], [ -75.670586, 42.5038042 ], [ -75.7639009, 42.4447564 ], [ -75.8342636, 42.4547189 ], [ -75.8646186, 42.3626221 ], [ -76.0052124, 42.3824158 ], [ -76.0001718, 42.2853521 ], [ -76.1480992, 42.2819741 ], [ -76.2886, 42.3014931 ], [ -76.3662687, 42.2881494 ], [ -76.3570867, 42.4313013 ], [ -76.4201471, 42.4640291 ], [ -76.4817134, 42.6168219 ], [ -76.7364483, 42.6272491 ], [ -76.7708045, 42.7520878 ], [ -76.8416758, 42.7615597 ], [ -76.8988419, 42.6970588 ], [ -76.9696696, 42.7064684 ], [ -76.9834835, 42.7803997 ], [ -77.07554, 42.8406064 ], [ -77.2460068, 42.886941 ], [ -77.2744139, 43.0347405 ], [ -77.4099006, 43.0762558 ], [ -77.5526066, 43.0945404 ], [ -77.6093345, 43.0297677 ], [ -77.7876687, 43.0523589 ], [ -77.8441098, 42.9874947 ], [ -77.9291745, 42.9501965 ], [ -78.0360906, 42.9635436 ], [ -78.0853773, 42.9217139 ], [ -78.063397, 42.8710256 ], [ -78.1752488, 42.7410567 ], [ -78.208986, 42.6253684 ], [ -78.3508817, 42.6428759 ], [ -78.3663333, 42.7166697 ], [ -78.5018462, 42.7571746 ], [ -78.528363900000016, 42.6645653 ], [ -78.5770787, 42.6225665 ], [ -78.6835653, 42.6354405 ], [ -78.696672, 42.5891185 ], [ -78.8580896, 42.5366445 ], [ -79.0512576, 42.3681001 ], [ -79.1057541, 42.30274 ], [ -79.1311795, 42.2100067 ], [ -79.2144039, 42.1719528 ], [ -79.310072, 42.0874642 ], [ -79.3805479, 42.0956991 ], [ -79.4344617, 42.0302072 ], [ -79.517261499999989, 41.9919753 ], [ -79.6228614, 42.0041633 ], [ -79.6351392, 41.9577461 ], [ -79.9237302, 41.8233146 ], [ -80.1053572, 41.8198587 ], [ -80.3162403, 41.8432951 ], [ -80.4979012, 41.839342 ], [ -80.632858399999989, 41.8778673 ], [ -80.6443627, 41.8313634 ], [ -80.749903, 41.8427238 ], [ -80.761314, 41.7962096 ], [ -81.000429, 41.7023459 ], [ -81.0578866, 41.6129712 ], [ -81.1280473, 41.6203515 ], [ -81.2092649, 41.5811419 ], [ -81.2367946, 41.4647437 ], [ -81.3581811, 41.4058132 ], [ -81.4523106, 41.4632309 ], [ -81.5573759, 41.473999 ], [ -81.5762912, 41.5474519 ], [ -81.692189, 41.5115337 ], [ -81.743186, 41.4451734 ], [ -81.9884369, 41.4696781 ], [ -82.0533484, 41.499913299999989 ], [ -82.098781, 41.4567376 ], [ -82.203943, 41.4670289 ], [ -82.2142126, 41.4203936 ], [ -82.3244238, 41.4072779 ], [ -82.3645333, 41.3873377 ], [ -82.4046175, 41.367386 ], [ -82.414722700000013, 41.320733 ], [ -82.6597426, 41.3440837 ], [ -82.739644, 41.3040015 ], [ -82.789372, 41.2372611 ], [ -82.8690564, 41.197103 ], [ -83.0088663, 41.2100519 ], [ -82.9943871, 41.2800979 ], [ -83.0898014, 41.3364306 ], [ -83.2252126, 41.3725149 ], [ -83.2156986, 41.419222 ], [ -83.3513594, 41.4551842 ], [ -83.3277508, 41.5719626 ], [ -83.3934047, 41.6015829 ], [ -83.379264, 41.671649 ], [ -83.5155632, 41.7074493 ], [ -83.4968521, 41.8008799 ], [ -83.4427216, 41.8911956 ], [ -83.4852744, 42.0375294 ], [ -83.582288, 42.0935056 ], [ -83.563561, 42.1869256 ], [ -83.7227621, 42.2956593 ], [ -83.8606261, 42.3311199 ], [ -83.8871039, 42.3808495 ], [ -83.9986471, 42.3664484 ], [ -83.8979623, 42.8804227 ], [ -83.8167747, 42.9211212 ], [ -83.6369589, 42.905919 ], [ -83.5508139, 42.9698194 ], [ -83.3709226, 42.9542897 ], [ -83.3612746, 43.0009722 ], [ -83.2533032, 42.991541 ], [ -83.197765100000012, 43.0817223 ], [ -83.3419345, 43.0943338 ], [ -83.3634828, 43.1674865 ], [ -83.5030998, 43.2032793 ], [ -83.493513299999989, 43.2499682 ], [ -83.4212225, 43.2437549 ], [ -83.4018971, 43.3371205 ], [ -83.5419243, 43.3728757 ], [ -83.5227428, 43.4662556 ], [ -83.6268319, 43.498834699999989 ], [ -83.6488655, 43.5719414 ], [ -83.7215689, 43.5780422 ], [ -83.6899625, 43.5516465 ], [ -83.7230912, 43.3881929 ], [ -83.6506135, 43.3820928 ], [ -83.6695734, 43.2886954 ], [ -83.5658188, 43.2561458 ], [ -83.594372299999989, 43.1160621 ], [ -83.7026144, 43.125241 ], [ -83.7574499, 43.0348703 ], [ -83.9330585, 43.0732826 ], [ -83.9506894, 43.1697064 ], [ -84.0091615, 43.2457421 ], [ -84.1538781, 43.2575536 ], [ -84.2217372, 43.2867731 ], [ -84.189999899999989, 43.4503384 ], [ -84.1990469, 43.5934581 ], [ -84.080702699999989, 43.6313709 ], [ -84.0760994, 43.654733 ], [ -84.3675613, 43.6780784 ], [ -84.4538478, 43.6137048 ], [ -84.526679, 43.6194088 ], [ -84.5409792, 43.7391299 ], [ -84.6869724, 43.7504158 ], [ -84.7921653, 43.7821695 ], [ -85.0845034, 43.8041014 ], [ -85.1168449, 43.8301953 ], [ -85.2631611, 43.8409129 ], [ -85.3688108, 43.8722564 ], [ -85.3770501, 43.825456 ], [ -85.4665478, 43.7370942 ], [ -85.5396177, 43.7422984 ], [ -85.5234, 43.8359166 ], [ -85.5844815, 43.9113114 ], [ -85.5071322, 43.929533299999989 ] ], [ [ -83.279894, 40.0449569 ], [ -83.4905648, 40.0403534 ], [ -83.5501942, 40.0933287 ], [ -83.5365555, 40.1634981 ], [ -83.3598964, 40.1713108 ], [ -83.3439709, 40.0746378 ], [ -83.279894, 40.0449569 ] ], [ [ -94.9043978, 39.3227711 ], [ -94.9729335, 39.3232999 ], [ -94.9714462, 39.417748 ], [ -94.9028113, 39.4172185 ], [ -94.8015965, 39.321914 ], [ -94.8028947, 39.251072 ], [ -94.9055847, 39.2519283 ], [ -94.9043978, 39.3227711 ] ], [ [ -90.6085911, 39.4342241 ], [ -90.5380714, 39.455095 ], [ -90.5577742, 39.2193415 ], [ -90.5236156, 39.2179821 ], [ -90.5354428, 39.0764978 ], [ -90.6377024, 39.0805423 ], [ -90.6085911, 39.4342241 ] ], [ [ -95.1408608, 39.584182899999988 ], [ -95.1402367, 39.6313944 ], [ -95.0369444, 39.6307135 ], [ -95.0376434, 39.5835025 ], [ -95.1408608, 39.584182899999988 ] ], [ [ -82.8600793, 40.3868323 ], [ -82.8793048, 40.2933833 ], [ -82.8200439, 40.2401331 ], [ -83.0610889, 40.2628097 ], [ -83.0373907, 40.3796537 ], [ -82.8600793, 40.3868323 ] ], [ [ -84.0235893, 41.4898084 ], [ -84.0632074, 41.469394 ], [ -84.2389405, 41.2940761 ], [ -84.2476797, 41.2472992 ], [ -84.3614647, 41.2092186 ], [ -84.4836607, 41.1242503 ], [ -84.5007189, 41.0306527 ], [ -84.7103681, 41.0476125 ], [ -84.7327984, 41.1206288 ], [ -84.8727913, 41.1317398 ], [ -84.7903154, 41.1964225 ], [ -84.6950653, 41.3312595 ], [ -84.5152971, 41.3405273 ], [ -84.5067433, 41.3873173 ], [ -84.353241200000014, 41.4460158 ], [ -84.3006461, 41.5366711 ], [ -84.1202358, 41.5454386 ], [ -84.0409152, 41.5862858 ], [ -84.0235893, 41.4898084 ] ], [ [ -85.6577717, 43.9164574 ], [ -85.6937736, 43.7057809 ], [ -85.7589018, 43.7576945 ], [ -85.8320211, 43.7627543 ], [ -85.8934123, 43.8380214 ], [ -85.8737846, 43.955092 ], [ -85.8292051, 43.9994026 ], [ -85.7191019, 43.991797 ], [ -85.6577717, 43.9164574 ] ], [ [ -78.9235727, 40.1966731 ], [ -79.019921599999989, 40.2325291 ], [ -78.9951185, 40.3253755 ], [ -78.8736439, 40.3823254 ], [ -78.8581709, 40.3084739 ], [ -78.9235727, 40.1966731 ] ], [ [ -76.5128343, 41.826981 ], [ -76.3806481, 41.7846176 ], [ -76.3952734, 41.7384987 ], [ -76.5694866, 41.762583 ], [ -76.6260226, 41.6981603 ], [ -76.8002115, 41.7219644 ], [ -76.8136086, 41.7959442 ], [ -76.8834053, 41.8053995 ], [ -76.9668207, 41.8887821 ], [ -76.5128343, 41.826981 ] ], [ [ -74.1584049, 42.4975368 ], [ -74.2449516, 42.4624062 ], [ -74.2694939, 42.3935942 ], [ -74.2158418, 42.3370025 ], [ -74.1109118, 42.320868499999989 ], [ -74.1006185, 42.2466861 ], [ -74.0307806, 42.2358825 ], [ -74.0883049, 42.0753806 ], [ -74.2276653, 42.0969002 ], [ -74.2706535, 42.0793177 ], [ -74.3112296, 41.9646004 ], [ -74.308849, 41.8674735 ], [ -74.5601147, 41.8817152 ], [ -74.6753275, 41.9716801 ], [ -74.6862581, 42.0458299 ], [ -74.6194108, 42.1324216 ], [ -74.5496119, 42.1218685 ], [ -74.4851579, 42.3055009 ], [ -74.3802115, 42.2895622 ], [ -74.3126757, 42.3760015 ], [ -74.3827198, 42.3866681 ], [ -74.3256695, 42.5472652 ], [ -74.2741794, 42.5877979 ], [ -74.1688092, 42.5717076 ], [ -74.1584049, 42.4975368 ] ], [ [ -75.1038689, 42.542581299999988 ], [ -75.0335262, 42.5322646 ], [ -74.9790584, 42.4759611 ], [ -75.0027915, 42.4070272 ], [ -75.0729872, 42.4173593 ], [ -75.0693995, 42.3202692 ], [ -75.1551806, 42.2845939 ], [ -75.2603132, 42.2999692 ], [ -75.2056174, 42.4609109 ], [ -75.1038689, 42.542581299999988 ] ] ], [ [ [ -78.3699121, 41.3027268 ], [ -78.4588968, 41.241926 ], [ -78.623507, 41.1665036 ], [ -78.6965956, 41.0317158 ], [ -78.7785359, 40.9938853 ], [ -78.7975773, 40.924322499999988 ], [ -78.6338013, 40.9999613 ], [ -78.5300667, 40.9870398 ], [ -78.5042529, 41.0797356 ], [ -78.4350226, 41.0710669 ], [ -78.3808947, 41.1362206 ], [ -78.2985338, 41.1738163 ], [ -78.1599435, 41.1562451 ], [ -78.0508645, 41.2863092 ], [ -78.1483754, 41.3227312 ], [ -78.2873277, 41.3403113 ], [ -78.3699121, 41.3027268 ] ] ], [ [ [ -78.8977856, 41.3439539 ], [ -79.0306896, 41.383992299999989 ], [ -79.0432818, 41.337609 ], [ -79.1539473, 41.3269533 ], [ -79.1441626, 41.2299939 ], [ -79.0052192, 41.2132503 ], [ -78.9830964, 41.1626593 ], [ -79.0082442, 41.0698834 ], [ -78.9106319, 41.0340459 ], [ -78.8633585, 41.076194 ], [ -78.825287, 41.2153143 ], [ -78.6762734, 41.3647799 ], [ -78.7806582, 41.3775903 ], [ -78.7934327, 41.3312291 ], [ -78.8977856, 41.3439539 ] ] ], [ [ [ -77.363265, 39.9702578 ], [ -77.4109329, 40.0488925 ], [ -77.4923724, 40.0117764 ], [ -77.5058008, 39.965479 ], [ -77.3700235, 39.9471148 ], [ -77.363265, 39.9702578 ] ] ], [ [ [ -78.2280958, 40.1568246 ], [ -78.2603859, 40.0409183 ], [ -78.1307301, 40.000115 ], [ -78.0656076, 40.2318555 ], [ -78.1550201, 40.2914739 ], [ -78.2021799, 40.2495342 ], [ -78.2280958, 40.1568246 ] ] ], [ [ [ -77.6570355, 40.2983048 ], [ -77.7245075, 40.1870737 ], [ -77.6356392, 40.1271742 ], [ -77.4931399, 40.2523791 ], [ -77.3908484, 40.2386131 ], [ -77.3636925, 40.331156 ], [ -77.4728865, 40.3218015 ], [ -77.6436465, 40.3446009 ], [ -77.6570355, 40.2983048 ] ] ], [ [ [ -77.6718438, 40.4925488 ], [ -77.7536954, 40.4552966 ], [ -77.786991, 40.3395362 ], [ -77.718657600000014, 40.3305114 ], [ -77.6235268, 40.4140388 ], [ -77.6718438, 40.4925488 ] ] ], [ [ [ -76.1894584, 40.3361226 ], [ -76.2038913, 40.2899707 ], [ -76.1286055, 40.3032467 ], [ -76.0945773, 40.298334 ], [ -76.0873233, 40.3214046 ], [ -76.1894584, 40.3361226 ] ] ], [ [ [ -76.3023169, 40.5451245 ], [ -76.1387797, 40.4976263 ], [ -76.1511546, 40.571735 ], [ -76.287897500000014, 40.5912754 ], [ -76.3023169, 40.5451245 ] ] ], [ [ [ -77.1502933, 41.1681104 ], [ -77.1642159, 41.1218952 ], [ -77.3784762, 41.126542 ], [ -77.4059506, 41.0340613 ], [ -77.6057552, 40.9644025 ], [ -77.6395856, 40.84873 ], [ -77.7840646, 40.8436711 ], [ -77.8241818, 40.7047967 ], [ -77.8098438, 40.6308559 ], [ -77.7068791, 40.6173266 ], [ -77.6113057, 40.7008235 ], [ -77.6321779, 40.7516422 ], [ -77.5222717, 40.761117 ], [ -77.3504409, 40.7381776 ], [ -77.302362, 40.7798091 ], [ -77.2748468, 40.8722888 ], [ -77.1577479, 40.9045961 ], [ -77.1299683, 40.9970378 ], [ -77.0125659, 41.0292216 ], [ -76.9845201, 41.1216255 ], [ -77.0050279, 41.1725185 ], [ -77.1502933, 41.1681104 ] ] ], [ [ [ -74.0700358, 41.612641599999989 ], [ -74.009071, 41.5788867 ], [ -73.941789, 41.6651843 ], [ -74.0720372, 41.7097865 ], [ -74.0700358, 41.612641599999989 ] ] ], [ [ [ -73.4802897, 42.0282126 ], [ -73.411793, 42.1142379 ], [ -73.4813861, 42.1253414 ], [ -73.4802897, 42.0282126 ] ] ], [ [ [ -75.4650521, 43.0049134 ], [ -75.382169, 42.9207058 ], [ -75.3586631, 42.9896902 ], [ -75.4650521, 43.0049134 ] ] ] ] } },
{ "type": "Feature", "properties": { "ID": 10 }, "geometry": { "type": "MultiPolygon", "coordinates": [ [ [ [ -76.0431506, 36.9549998 ], [ -76.0892878, 36.913588 ], [ -76.2441385, 36.9613855 ], [ -76.2628267, 37.0126604 ], [ -76.2354212, 37.1053954 ], [ -76.2865995, 37.1615536 ], [ -76.3839985, 37.1761915 ], [ -76.3635263, 37.2457433 ], [ -76.2454214, 37.300619 ], [ -76.2435554, 37.421375 ], [ -76.3618732, 37.3665124 ], [ -76.4149173, 37.3018382 ], [ -76.402852, 37.227427 ], [ -76.4300776, 37.1346776 ], [ -76.5477435, 37.0796222 ], [ -76.5288216, 37.028394 ], [ -76.4707765, 36.9955145 ], [ -76.4775435, 36.972316 ], [ -76.4127877, 36.9626076 ], [ -76.3616549, 36.9064781 ], [ -76.193146, 36.9051908 ], [ -76.0776477, 36.8390961 ], [ -76.066033, 36.7645929 ], [ -76.0935319, 36.6718352 ], [ -76.0291164, 36.6619335 ], [ -75.98542, 36.5824351 ], [ -76.012955, 36.4896624 ], [ -75.9556155, 36.4565241 ], [ -76.003735, 36.2941286 ], [ -75.9396869, 36.2841759 ], [ -75.9740218, 36.1681511 ], [ -75.878139, 36.1531847 ], [ -75.8280445, 36.0967623 ], [ -75.7961227, 36.0917449 ], [ -75.7753785, 36.1613465 ], [ -75.818564, 36.2409795 ], [ -75.8505568, 36.2459899 ], [ -75.822900100000012, 36.3387723 ], [ -75.8800769, 36.3719761 ], [ -75.8593332, 36.4415525 ], [ -75.8889539, 36.5674889 ], [ -75.8612191, 36.6602219 ], [ -75.8978818, 36.7629285 ], [ -75.9738762, 36.8474036 ], [ -75.9530835, 36.9169325 ], [ -76.0431506, 36.9549998 ] ] ], [ [ [ -75.8213438, 37.9141939 ], [ -75.8328857, 37.9885715 ], [ -75.8985504, 37.998546 ], [ -75.9338352, 37.8828862 ], [ -75.8213438, 37.9141939 ] ] ], [ [ [ -77.4035274, 39.7110377 ], [ -77.430633, 39.7387865 ], [ -77.39027, 39.8776803 ], [ -77.3700235, 39.9471148 ], [ -77.5058008, 39.965479 ], [ -77.5192099, 39.919178 ], [ -77.4852817, 39.9146025 ], [ -77.5986864, 39.520921 ], [ -77.4638099, 39.5026388 ], [ -77.4370654, 39.59527 ], [ -77.403312, 39.5906728 ], [ -77.3697162, 39.7064329 ], [ -77.4035274, 39.7110377 ] ] ], [ [ [ -75.7239218, 35.8859751 ], [ -75.7350189, 35.9606357 ], [ -75.8874829, 36.0089377 ], [ -75.8581043, 35.8828616 ], [ -75.8855317, 35.7899864 ], [ -75.8219671, 35.7799657 ], [ -75.8176673, 35.6820619 ], [ -75.8519085, 35.5659261 ], [ -75.7637479, 35.5276242 ], [ -75.6948932, 35.7598303 ], [ -75.7239218, 35.8859751 ] ] ], [ [ [ -71.5661418, 41.4647613 ], [ -71.4976298, 41.4527307 ], [ -71.4613577, 41.5438579 ], [ -71.3997577, 41.6061514 ], [ -71.4684182, 41.6182278 ], [ -71.4956565, 41.5498857 ], [ -71.6076242, 41.5451307 ], [ -71.6256679, 41.4995504 ], [ -71.7718345, 41.5006549 ], [ -71.8583167, 41.4669426 ], [ -71.9193273, 41.4044465 ], [ -72.0564315, 41.4280697 ], [ -72.1172083, 41.3654872 ], [ -72.6318296, 41.4526785 ], [ -72.7006694, 41.3669936 ], [ -72.8122122, 41.3612931 ], [ -72.9495498, 41.3840563 ], [ -73.009397, 41.3210936 ], [ -73.0949659, 41.2866297 ], [ -73.1979139, 41.3035107 ], [ -73.2917368, 41.2460365 ], [ -73.4622701, 41.1767132 ], [ -73.572184400000012, 41.0732285 ], [ -73.8462422, 41.1171635 ], [ -73.9148158, 41.1280641 ], [ -73.9473163, 41.0363164 ], [ -74.0924105, 41.0350415 ], [ -74.2090574, 40.9081038 ], [ -74.4778497, 40.1270694 ], [ -74.441533, 40.0244871 ], [ -74.5348584, 39.7485558 ], [ -74.5684753, 39.7538506 ], [ -74.6147732, 39.6158191 ], [ -74.6972323, 39.5803375 ], [ -74.8055082, 39.5730624 ], [ -74.7719655, 39.5678242 ], [ -74.7796014, 39.5448053 ], [ -74.8466699, 39.5552702 ], [ -74.8390564, 39.5782925 ], [ -74.87261, 39.5835145 ], [ -74.9429758, 39.6912373 ], [ -74.9798991, 39.7937246 ], [ -75.0472572, 39.8040892 ], [ -75.0919748, 39.8835085 ], [ -75.0878862, 40.0038017 ], [ -75.065129, 40.0728707 ], [ -75.1100551, 40.1522613 ], [ -75.24558420000001, 40.1728229 ], [ -75.3284066, 40.1369875 ], [ -75.3847535, 40.0729751 ], [ -75.5202028, 40.0932715 ], [ -75.629242, 40.0853559 ], [ -75.6822551, 40.1415095 ], [ -75.6940356, 40.2156833 ], [ -75.7545831, 40.2487509 ], [ -75.9585167, 40.2786003 ], [ -76.1286055, 40.3032467 ], [ -76.2038913, 40.2899707 ], [ -76.1894584, 40.3361226 ], [ -76.2575744, 40.3458931 ], [ -76.3812535, 40.2912327 ], [ -76.3221497, 40.1381516 ], [ -76.3846308, 40.0506499 ], [ -76.5415367, 40.0006745 ], [ -76.6514714, 39.871635 ], [ -76.7947546, 39.7472436 ], [ -76.8501202, 39.5622513 ], [ -76.8172953, 39.4371253 ], [ -76.8379716, 39.3677316 ], [ -76.7776959, 39.3351038 ], [ -76.8052676, 39.2425731 ], [ -76.7589157, 39.1636585 ], [ -76.6919558, 39.1541198 ], [ -76.7264643, 39.0384488 ], [ -76.6596368, 39.0288927 ], [ -76.6665465, 39.0057584 ], [ -76.6331513, 39.0009696 ], [ -76.5802478, 38.9451051 ], [ -76.6010195, 38.8757034 ], [ -76.5413122, 38.8429511 ], [ -76.4747102, 38.8333022 ], [ -76.4258946, 38.9951888 ], [ -76.3591553, 38.9854855 ], [ -76.3941602, 38.8698732 ], [ -76.3345612, 38.8370303 ], [ -76.3834838, 38.6751415 ], [ -76.1772732, 38.6689805 ], [ -76.1250217, 38.6129149 ], [ -76.032879, 38.9133747 ], [ -75.9995776, 38.9084309 ], [ -75.9064437, 39.208686 ], [ -75.9733429, 39.218607 ], [ -75.9183107, 39.2829196 ], [ -75.9038985, 39.3290936 ], [ -75.8631701, 39.3472048 ], [ -75.796156, 39.337231599999988 ], [ -75.8106461, 39.2910694 ], [ -75.7436976, 39.2810699 ], [ -75.7320291, 39.2068213 ], [ -75.7682568, 39.0914055 ], [ -75.4827528, 38.9999025 ], [ -75.4381643, 38.9205243 ], [ -75.4415453, 38.8000624 ], [ -75.4780577, 38.6846612 ], [ -75.400587, 38.600155199999989 ], [ -75.4773748, 38.4667267 ], [ -75.44377, 38.2436389 ], [ -75.4944197, 38.0819371 ], [ -75.5888713, 37.9996349 ], [ -75.6545102, 38.0097282 ], [ -75.7087471, 37.9454058 ], [ -75.8708328, 37.7522681 ], [ -75.913062, 37.6134262 ], [ -75.9457145, 37.618401 ], [ -76.0573064, 37.2479087 ], [ -76.0317692, 37.219793 ], [ -76.0131989, 37.1685046 ], [ -75.9483229, 37.1585725 ], [ -75.906450600000014, 37.2975328 ], [ -75.8274282, 37.3338544 ], [ -75.8063347, 37.4033002 ], [ -75.7384909, 37.5139992 ], [ -75.6235406, 37.6658572 ], [ -75.5582425, 37.6557432 ], [ -75.4969173, 37.7431526 ], [ -75.4825458, 37.7893842 ], [ -75.4498448, 37.7842979 ], [ -75.4426409, 37.8074102 ], [ -75.4753526, 37.8124981 ], [ -75.4393121, 37.9280491 ], [ -75.3520373, 37.9871559 ], [ -75.3047035, 38.0282342 ], [ -75.2755512, 38.1206093 ], [ -75.2353921, 38.1385643 ], [ -75.1914163, 38.2770736 ], [ -75.2243398, 38.2822189 ], [ -75.1507471, 38.5129883 ], [ -75.1837847, 38.518141799999988 ], [ -75.109787, 38.7488105 ], [ -75.1429396, 38.7539722 ], [ -75.153863200000018, 38.8283139 ], [ -75.2202605, 38.8386065 ], [ -75.2312855, 38.9129334 ], [ -75.327445, 39.0487402 ], [ -75.3940924, 39.0589453 ], [ -75.3572235, 39.1742661 ], [ -75.3610669, 39.2716085 ], [ -75.4131883, 39.3279164 ], [ -75.1939588, 39.2460011 ], [ -75.18292, 39.1717037 ], [ -75.041988, 39.1741033 ], [ -74.9085909, 39.1533211 ], [ -74.8645937, 39.0737732 ], [ -74.7752787, 39.1324086 ], [ -74.6753505, 39.1166389 ], [ -74.6267789, 39.1574122 ], [ -74.6114845, 39.2034539 ], [ -74.5781468, 39.1981662 ], [ -74.5704804, 39.2211836 ], [ -74.6038292, 39.2264731 ], [ -74.565472, 39.3415527 ], [ -74.5012397, 39.4282919 ], [ -74.4033533, 39.5096639 ], [ -74.2382053, 39.5802311 ], [ -74.1733006, 39.6667923 ], [ -74.1181281, 39.8276417 ], [ -74.08451, 39.8222383 ], [ -74.1023142, 39.8735894 ], [ -74.0369331, 39.960058 ], [ -74.0308729, 40.0803029 ], [ -73.998974, 40.1721493 ], [ -74.0586005, 40.2059481 ], [ -74.0266789, 40.297789099999989 ], [ -74.1143818, 40.4571745 ], [ -74.1084199, 40.5773632 ], [ -74.1424366, 40.5827567 ], [ -74.0703311, 40.7893472 ], [ -74.0039667, 40.875724 ], [ -73.7827895, 40.8889114 ], [ -73.6639693, 40.9183 ], [ -73.4943497, 40.9878799 ], [ -73.4352984, 41.0510617 ], [ -73.3326967, 41.0343496 ], [ -73.239224, 41.0918602 ], [ -73.2224594, 41.1376512 ], [ -73.0855578, 41.1151477 ], [ -73.068676, 41.1609197 ], [ -72.9062712, 41.2068959 ], [ -72.83779, 41.1955086 ], [ -72.8121571, 41.2641167 ], [ -72.7093772, 41.2469559 ], [ -72.5208964, 41.2638915 ], [ -72.2296405, 41.2630693 ], [ -72.1778648, 41.3028761 ], [ -72.0409867, 41.2793678 ], [ -72.0156255, 41.2506511 ], [ -71.9979342, 41.2962882 ], [ -71.8953271, 41.2785393 ], [ -71.8522363, 41.2954156 ], [ -71.7659856, 41.3291281 ], [ -71.6959215, 41.414359 ], [ -71.6274394, 41.4023904 ], [ -71.5661418, 41.4647613 ] ], [ [ -76.4016483, 39.3054088 ], [ -76.3010772, 39.2908295 ], [ -76.309941, 39.1472979 ], [ -76.2308559, 39.0633211 ], [ -76.4119031, 39.0414324 ], [ -76.4367492, 39.1898337 ], [ -76.4016483, 39.3054088 ] ] ], [ [ [ -71.4249805, 41.6349705 ], [ -71.390642, 41.6289261 ], [ -71.3723907, 41.6744728 ], [ -71.4067523, 41.6805214 ], [ -71.4249805, 41.6349705 ] ] ], [ [ [ -71.1202688, 41.7517944 ], [ -71.1387254, 41.7062822 ], [ -71.1043756, 41.7001692 ], [ -71.0858959, 41.7456772 ], [ -71.1202688, 41.7517944 ] ] ] ] } },
{ "type": "Feature", "properties": { "ID": 11 }, "geometry": { "type": "MultiPolygon", "coordinates": [ [ [ [ -99.8860874, 36.0498299 ], [ -99.9200473, 36.0725738 ], [ -99.918698100000015, 36.0488528 ], [ -99.8860874, 36.0498299 ] ] ], [ [ [ -99.473196, 40.1571963 ], [ -99.4757409, 40.2043484 ], [ -99.5877695, 40.3431525 ], [ -99.6586889, 40.3649205 ], [ -99.6989222, 40.4582804 ], [ -99.8034675, 40.4554813 ], [ -99.8439688, 40.5487916 ], [ -99.9879549, 40.615584 ], [ -100.0288272, 40.7088271 ], [ -100.0987885, 40.7068061 ], [ -100.141412699999989, 40.823565 ], [ -100.0362789, 40.8266149 ], [ -100.0071614, 40.9218369 ], [ -100.017580099999989, 41.0867089 ], [ -100.092518399999989, 41.1553445 ], [ -100.1338933, 41.248516 ], [ -100.0280532, 41.251559 ], [ -100.0310555, 41.2986552 ], [ -99.9251266, 41.3016215 ], [ -99.9295202, 41.3722658 ], [ -100.0385809, 41.4163885 ], [ -100.0461344, 41.534112 ], [ -99.8334761, 41.5399864 ], [ -99.8392213, 41.6341668 ], [ -99.8094307, 41.7292924 ], [ -99.7397248, 41.7547118 ], [ -99.7524027, 41.9665911 ], [ -99.8237792, 41.9647088 ], [ -99.8638318, 42.0343721 ], [ -99.9710061, 42.0314523 ], [ -99.9740029, 42.0785272 ], [ -100.090508, 42.2167365 ], [ -100.3168771, 42.3751975 ], [ -100.7118651, 42.3628636 ], [ -100.751366800000014, 42.4087388 ], [ -100.8591403, 42.4051585 ], [ -101.006615900000014, 42.4473027 ], [ -101.0463893, 42.4930957 ], [ -101.0540673, 42.5871747 ], [ -100.982016, 42.589667 ], [ -100.8869419, 42.7579844 ], [ -100.964874400000014, 42.8260962 ], [ -101.0372027, 42.8236125 ], [ -101.0811249, 42.916425 ], [ -101.2983955, 42.9086933 ], [ -101.3024502, 42.9557203 ], [ -101.4111475, 42.9517302 ], [ -101.3831551, 43.0471174 ], [ -101.2017008, 43.0536877 ], [ -101.1271432, 43.0327375 ], [ -101.1389562, 43.1738271 ], [ -101.1793002, 43.2195745 ], [ -101.3248619, 43.2143585 ], [ -101.3653715, 43.2600544 ], [ -101.375707, 43.3776086 ], [ -101.3088732, 43.4507942 ], [ -101.4310204, 43.587857 ], [ -101.3232466, 43.6153721 ], [ -101.176725499999989, 43.6205858 ], [ -101.184747699999988, 43.7146372 ], [ -101.1113647, 43.7171935 ], [ -101.0805763, 43.7890006 ], [ -101.0884715, 43.8830572 ], [ -101.131245, 43.9523302 ], [ -101.0246414, 44.0031414 ], [ -100.9974996, 44.121963 ], [ -101.1162989, 44.2122569 ], [ -101.5601163, 44.1963526 ], [ -101.5622883, 44.2198609 ], [ -102.0430014, 44.201134 ], [ -102.0894775, 44.2936311 ], [ -102.1635177, 44.2905894 ], [ -102.1538919, 44.1965924 ], [ -102.1073917, 44.1041167 ], [ -102.1419018, 44.0790971 ], [ -102.2894432, 44.0729255 ], [ -102.3091085, 44.2608991 ], [ -102.2721113, 44.2624606 ], [ -102.2893186, 44.4269444 ], [ -102.4081405, 44.4927079 ], [ -102.5912131, 44.4611462 ], [ -102.5860481, 44.4141603 ], [ -102.7687872, 44.3823821 ], [ -102.7952015, 44.286742499999988 ], [ -102.8691952, 44.283351 ], [ -102.8980992, 44.2111819 ], [ -102.9719943, 44.2077396 ], [ -103.0403838, 44.1572931 ], [ -103.0690228, 44.0850922 ], [ -103.2080519, 44.0075612 ], [ -103.2336087, 43.9118497 ], [ -103.2986131, 43.8378067 ], [ -103.4339014, 43.7365872 ], [ -103.4897815, 43.5920334 ], [ -103.4811088, 43.5216092 ], [ -103.551219, 43.4944049 ], [ -103.578942399999988, 43.4221077 ], [ -103.564368, 43.3047406 ], [ -103.637128499999989, 43.3009685 ], [ -103.6107863, 43.089712 ], [ -103.6832891, 43.0859168 ], [ -103.6161586, 42.5460032 ], [ -103.580222299999988, 42.547889 ], [ -103.5543928, 42.3365778 ], [ -103.4714406, 42.2463812 ], [ -103.4404969, 41.988051 ], [ -103.4761154, 41.9861994 ], [ -103.4397016, 41.6808548 ], [ -103.5403789, 41.6282956 ], [ -103.5291048, 41.5343353 ], [ -103.6323238, 41.5051979 ], [ -103.6209348, 41.4112373 ], [ -103.647663799999989, 41.3388674 ], [ -103.712407200000015, 41.2880699 ], [ -103.6980765, 41.170608 ], [ -103.7683768, 41.1667666 ], [ -103.7482222, 41.0023096 ], [ -103.8096503, 40.9279579 ], [ -103.7408733, 40.3639049 ], [ -103.6574001, 40.2501764 ], [ -103.6378153, 40.085568 ], [ -103.5921553, 39.9933842 ], [ -103.5176361, 39.950097 ], [ -103.5094217, 39.8795237 ], [ -103.4350889, 39.8361868 ], [ -103.3845246, 39.6968477 ], [ -103.278783499999989, 39.678785 ], [ -103.1601046, 39.5429439 ], [ -103.0863891, 39.4994036 ], [ -103.0419202, 39.4069794 ], [ -102.93173250000001, 39.3415481 ], [ -102.8633527, 39.3449814 ], [ -102.8193043, 39.252468 ], [ -102.6730803, 39.1649517 ], [ -102.5707648, 39.1698973 ], [ -102.5660324, 39.1227705 ], [ -102.3477839, 38.991008699999988 ], [ -102.2457157, 38.9957129 ], [ -102.241229, 38.9485644 ], [ -102.139219200000014, 38.9531894 ], [ -102.1348117, 38.9060348 ], [ -101.9988736, 38.912079 ], [ -101.9945695, 38.864917399999989 ], [ -101.8926724, 38.8693588 ], [ -101.8884471, 38.8221911 ], [ -101.7187098, 38.8294198 ], [ -101.7146115, 38.7822442 ], [ -101.5110237, 38.7906342 ], [ -101.507076399999988, 38.74345 ], [ -101.1678932, 38.7567489 ], [ -101.1641933, 38.7095528 ], [ -100.9607645, 38.7171218 ], [ -100.950131, 38.5754996 ], [ -100.882456, 38.5779502 ], [ -100.9075278, 38.4586861 ], [ -100.9750801, 38.4562225 ], [ -101.0035016, 38.3841459 ], [ -100.9839723, 38.1243619 ], [ -100.8831473, 38.1280533 ], [ -100.8676016, 37.915413099999988 ], [ -100.7938089, 37.823292 ], [ -100.7469344, 37.63537 ], [ -100.8470271, 37.6317779 ], [ -100.8769534, 37.583279 ], [ -100.8700966, 37.4886978 ], [ -100.803512, 37.4911129 ], [ -100.8232421, 37.3006974 ], [ -100.9560298, 37.2958127 ], [ -100.9473601, 37.1775305 ], [ -100.9752742, 37.1053103 ], [ -100.9527718, 36.7976221 ], [ -101.0169273, 36.7714546 ], [ -101.0064805, 36.6293828 ], [ -100.9701606, 36.5832639 ], [ -100.8387592, 36.5881697 ], [ -100.802574299999989, 36.5420009 ], [ -100.7959248, 36.4472384 ], [ -100.722177699999989, 36.3311397 ], [ -100.681356799999989, 36.2138057 ], [ -100.6749059, 36.1189762 ], [ -100.577006, 36.12245 ], [ -100.5738544, 36.0750263 ], [ -100.7026768, 36.0466689 ], [ -100.7645893, 35.9968715 ], [ -100.759679, 35.9257231 ], [ -100.694598899999988, 35.9280905 ], [ -100.6263356, 35.8829844 ], [ -100.530323, 35.9101456 ], [ -100.493157200000013, 35.8401053 ], [ -100.3306286, 35.8456303 ], [ -100.1991463, 35.826175 ], [ -100.169505500000014, 35.8746798 ], [ -100.1824283, 36.0881786 ], [ -100.1512325, 36.1129382 ], [ -99.9880345, 36.1180321 ], [ -99.9907844, 36.1654649 ], [ -99.9581195, 36.1664598 ], [ -99.9608507, 36.2138886 ], [ -99.8627828, 36.2168259 ], [ -99.8013345, 36.2898824 ], [ -99.8393648, 36.3837625 ], [ -99.8367108, 36.336347 ], [ -99.9049041, 36.3818248 ], [ -99.90896, 36.452938 ], [ -99.8761568, 36.4539119 ], [ -99.8788428, 36.5013158 ], [ -99.8486829, 36.5496821 ], [ -99.7172759, 36.5534671 ], [ -99.5846116, 36.5334188 ], [ -99.5566971, 36.6291131 ], [ -99.4921235, 36.6545739 ], [ -99.1301173, 36.663683 ], [ -99.1279444, 36.6162799 ], [ -98.9963739, 36.6193436 ], [ -98.9942952, 36.5719344 ], [ -98.9614235, 36.5726793 ], [ -98.9984554, 36.6667486 ], [ -99.003672, 36.7852423 ], [ -99.0738969, 36.878498 ], [ -99.205965, 36.875358 ], [ -99.2082004, 36.922737 ], [ -99.277704, 36.9921758 ], [ -99.3438452, 36.9905208 ], [ -99.3496902, 37.1089299 ], [ -99.3875544, 37.2027968 ], [ -99.456318599999989, 37.2484345 ], [ -99.4611686, 37.3431167 ], [ -99.5966491, 37.3869251 ], [ -99.929212, 37.377527 ], [ -99.931972, 37.4248503 ], [ -100.036044499999988, 37.492842 ], [ -100.0545748, 37.8003011 ], [ -99.8886383, 37.8289021 ], [ -99.824386499999989, 37.8781163 ], [ -99.7949098, 37.9499955 ], [ -99.6942908, 37.9527986 ], [ -99.69690820000001, 38.0000819 ], [ -99.633638499999989, 38.07283 ], [ -99.5328277, 38.0755119 ], [ -99.5353353, 38.1227892 ], [ -99.4008132, 38.1262499 ], [ -99.3695724, 38.1743707 ], [ -99.3755672, 38.2925471 ], [ -99.4479061, 38.3853703 ], [ -99.2464696, 38.414008 ], [ -99.2149812, 38.4620723 ], [ -99.2522663, 38.5321479 ], [ -99.2592498, 38.6738889 ], [ -99.1914224, 38.6754969 ], [ -99.1994377, 38.8408291 ], [ -99.3014327, 38.8383989 ], [ -99.3718444, 38.8839646 ], [ -99.4460678, 39.0003214 ], [ -99.4144444, 39.0483927 ], [ -99.2780198, 39.0517274 ], [ -99.1745497, 39.0305292 ], [ -99.0381508, 39.0336251 ], [ -99.0403389, 39.0808464 ], [ -99.113073, 39.1737463 ], [ -99.4547653, 39.1655659 ], [ -99.3901008, 39.2380799 ], [ -99.2532794, 39.2413893 ], [ -99.2556299, 39.2885945 ], [ -99.0844608, 39.2925423 ], [ -99.086691, 39.3397473 ], [ -98.8811133, 39.3442063 ], [ -98.7450389, 39.3706121 ], [ -98.7560047, 39.6302096 ], [ -98.8623718, 39.6988958 ], [ -98.9010426, 39.7925466 ], [ -99.0434761, 39.8839429 ], [ -99.2507558, 39.879243 ], [ -99.2531275, 39.9264129 ], [ -99.3580562, 39.9475285 ], [ -99.3654248, 40.0890148 ], [ -99.4000793, 40.0881731 ], [ -99.4038137, 40.1589074 ], [ -99.473196, 40.1571963 ] ] ], [ [ [ -100.7913479, 42.9262309 ], [ -100.6719357, 42.7886271 ], [ -100.4550158, 42.7954268 ], [ -100.422233800000015, 42.8435795 ], [ -100.4306963, 42.9612037 ], [ -100.7913479, 42.9262309 ] ] ], [ [ [ -101.1183122, 43.3632152 ], [ -101.0088644, 43.3669869 ], [ -101.012726500000014, 43.4140179 ], [ -101.1222583, 43.4102434 ], [ -101.1183122, 43.3632152 ] ] ], [ [ [ -101.0262906, 43.5786243 ], [ -100.9858238, 43.5328367 ], [ -100.8760634, 43.5365096 ], [ -100.9202543, 43.62936 ], [ -101.0301796, 43.6256542 ], [ -101.0262906, 43.5786243 ] ] ] ] } },
{ "type": "Feature", "properties": { "ID": 12 }, "geometry": { "type": "MultiPolygon", "coordinates": [ [ [ [ -98.0389976, 37.6330119 ], [ -98.0723963, 37.6324986 ], [ -98.0709369, 37.5851624 ], [ -98.037561599999989, 37.5856754 ], [ -98.0389976, 37.6330119 ] ] ], [ [ [ -88.5539696, 38.7459015 ], [ -88.7233194, 38.7550679 ], [ -88.6946767, 38.7061254 ], [ -88.5592967, 38.6987802 ], [ -88.5539696, 38.7459015 ] ] ], [ [ [ -88.5486349, 38.7930195 ], [ -88.5539696, 38.7459015 ], [ -88.4523825, 38.7403006 ], [ -88.4469756, 38.787415 ], [ -88.5486349, 38.7930195 ] ] ], [ [ [ -94.8891382, 40.2196044 ], [ -95.0972809, 40.2446969 ], [ -95.2363192, 40.2455263 ], [ -95.2351974, 40.339880199999989 ], [ -95.30482, 40.3402435 ], [ -95.3389032, 40.4111724 ], [ -95.4434541, 40.4116268 ], [ -95.5825503, 40.4592829 ], [ -95.5820891, 40.5300362 ], [ -95.6514062, 40.6245575 ], [ -95.7213403, 40.6247136 ], [ -95.790889, 40.7427376 ], [ -95.7915822, 40.5305036 ], [ -95.931144, 40.6249729 ], [ -96.0010805, 40.7193132 ], [ -96.0711449, 40.7428748 ], [ -96.2112727, 40.7427343 ], [ -96.2817528, 40.836925099999988 ], [ -96.3870031, 40.8366756 ], [ -96.3887295, 41.1195704 ], [ -96.460235400000016, 41.2607831 ], [ -96.5314658, 41.3312426 ], [ -96.7436083, 41.3302916 ], [ -96.7780941, 41.2593976 ], [ -96.7749184, 41.0001148 ], [ -96.8452633, 40.9997119 ], [ -96.8791307, 40.9052005 ], [ -96.948316, 40.8340188 ], [ -97.3341823, 40.8308966 ], [ -97.4053756, 40.8773646 ], [ -97.4163901, 41.3723237 ], [ -97.454481199999989, 41.4897874 ], [ -97.4211636, 41.5843945 ], [ -97.4921556, 41.5836704 ], [ -97.524796099999989, 41.4654836 ], [ -97.5956529, 41.4647079 ], [ -97.5932709, 41.3704532 ], [ -97.6974937, 41.2985315 ], [ -97.8034941, 41.2972259 ], [ -97.8713683, 41.2020507 ], [ -98.0477573, 41.1996148 ], [ -98.152782699999989, 41.1744831 ], [ -98.2552088, 41.0785767 ], [ -98.2526984, 41.0078761 ], [ -98.3230336, 41.0067383 ], [ -98.3915915, 40.9584313 ], [ -98.4222405, 40.8399894 ], [ -98.4168741, 40.6985624 ], [ -98.3460139, 40.676174 ], [ -98.3076216, 40.5824541 ], [ -98.2377528, 40.5835847 ], [ -98.199574399999989, 40.4898275 ], [ -98.129021099999989, 40.4673254 ], [ -98.1188865, 40.1607483 ], [ -98.012553, 40.0915276 ], [ -98.0110817, 40.0443489 ], [ -97.9071444, 40.0458117 ], [ -97.9022771, 39.880664 ], [ -97.867718599999989, 39.881133299999988 ], [ -97.862964, 39.7159544 ], [ -97.9319046, 39.7150096 ], [ -97.9290984, 39.620609 ], [ -97.9964869, 39.5724276 ], [ -97.9928712, 39.4544071 ], [ -97.9571217, 39.4076859 ], [ -97.888506400000011, 39.4086437 ], [ -97.819230600000012, 39.385959 ], [ -97.7481061, 39.292407 ], [ -97.7113844, 39.1983853 ], [ -97.7070731, 39.0330652 ], [ -97.7393081, 38.9617735 ], [ -97.8074588, 38.9608896 ], [ -97.8029219, 38.7955206 ], [ -97.8675514, 38.6764626 ], [ -97.8635492, 38.5346659 ], [ -98.032818, 38.532237 ], [ -98.201287799999989, 38.5059631 ], [ -98.1981487, 38.4114192 ], [ -98.2657266, 38.4103059 ], [ -98.2633061, 38.3393904 ], [ -98.1958003, 38.3405025 ], [ -98.1911186, 38.1986467 ], [ -98.2897197, 38.1260312 ], [ -98.2520783, 38.0083503 ], [ -98.1513208, 38.0099986 ], [ -98.1497972, 37.9626922 ], [ -98.0491062, 37.9642641 ], [ -98.014115, 37.91746 ], [ -98.0112681, 37.8228269 ], [ -97.910784299999989, 37.8242954 ], [ -97.9148443, 37.9662426 ], [ -97.7812055, 37.9917424 ], [ -97.778056, 37.8734569 ], [ -97.8450968, 37.8725525 ], [ -97.8418401, 37.754246 ], [ -97.8071032, 37.7073723 ], [ -97.7067882, 37.7086883 ], [ -97.7043831, 37.614017 ], [ -97.6358697, 37.5438375 ], [ -97.5357955, 37.5450256 ], [ -97.5330979, 37.4266482 ], [ -97.4654673, 37.3800393 ], [ -97.3328227, 37.4051171 ], [ -97.1330741, 37.4069651 ], [ -97.0672385, 37.4548732 ], [ -97.068741, 37.5495789 ], [ -97.0030733, 37.621116 ], [ -97.0044889, 37.7157962 ], [ -96.904468799999989, 37.740179 ], [ -96.8381428, 37.7879474 ], [ -96.8038083, 37.7171507 ], [ -96.8007007, 37.4567395 ], [ -96.5008307, 37.4582025 ], [ -96.4683341, 37.5767086 ], [ -96.4693256, 37.71874 ], [ -96.5027746, 37.7186187 ], [ -96.5041978, 37.9079424 ], [ -96.4709875, 37.9553861 ], [ -96.1688768, 37.9561047 ], [ -96.1687573, 37.9087822 ], [ -96.0345672, 37.8852211 ], [ -96.0345184, 37.7905617 ], [ -96.0010324, 37.743231 ], [ -95.6999847, 37.7192262 ], [ -95.7004075, 37.6245417 ], [ -95.633989899999989, 37.5533524 ], [ -95.5672563, 37.5531529 ], [ -95.5681683, 37.4110819 ], [ -95.5019256, 37.363485 ], [ -95.4695837, 37.2449285 ], [ -95.4031552, 37.2446468 ], [ -95.3371918, 37.1969543 ], [ -95.3388123, 37.0311012 ], [ -95.1732675, 37.0301714 ], [ -95.1726896, 37.0775624 ], [ -94.6094878, 37.0728504 ], [ -94.5788442, 36.9540214 ], [ -94.281239, 36.950489 ], [ -94.1509156, 36.8776103 ], [ -94.0875237, 36.7818641 ], [ -94.0895181, 36.7107494 ], [ -93.9906763, 36.7092788 ], [ -93.9920722, 36.6618646 ], [ -93.8603816, 36.6597898 ], [ -93.7891641, 36.8246276 ], [ -93.6571653, 36.8223503 ], [ -93.655532799999989, 36.8697465 ], [ -93.5861269, 36.9633363 ], [ -93.486930199999989, 36.9614888 ], [ -93.4851756, 37.0088708 ], [ -93.3509802, 37.0536667 ], [ -93.2185523, 37.0509522 ], [ -93.2204942, 37.0035775 ], [ -93.1212497, 37.001456 ], [ -93.123258, 36.9540786 ], [ -92.8257705, 36.947272 ], [ -92.8235547, 36.9946453 ], [ -92.5920573, 36.9888853 ], [ -92.589677, 37.036251 ], [ -92.358058899999989, 37.0300823 ], [ -92.15688, 37.0718269 ], [ -92.0286383, 36.9968898 ], [ -92.0314083, 36.9495316 ], [ -91.9322883, 36.9465188 ], [ -91.8633282, 36.991824 ], [ -91.8877782, 37.1348961 ], [ -91.7537826, 37.1543891 ], [ -91.6513337, 37.1985021 ], [ -91.6151076, 37.2447397 ], [ -91.6089558, 37.3393841 ], [ -91.7071319, 37.3662964 ], [ -91.7010983, 37.4609251 ], [ -91.3017317, 37.4474457 ], [ -91.1737315, 37.3717337 ], [ -91.1370854, 37.4178266 ], [ -91.1285331, 37.5360654 ], [ -91.028595, 37.5323795 ], [ -91.0549494, 37.6281871 ], [ -90.9548784, 37.6244467 ], [ -90.9584295, 37.5771656 ], [ -90.7936185, 37.5471293 ], [ -90.7344023, 37.4499471 ], [ -90.6327293, 37.4696077 ], [ -90.3998564, 37.4600247 ], [ -90.3412844, 37.3626544 ], [ -90.3804125, 37.2931332 ], [ -90.392203, 37.1512463 ], [ -90.4331014, 37.0580295 ], [ -90.5069099, 36.9661612 ], [ -90.5475398, 36.8728781 ], [ -90.5570178, 36.7545399 ], [ -90.495005, 36.7044612 ], [ -90.3305414, 36.6974777 ], [ -90.2897191, 36.790724 ], [ -90.1579962, 36.784949399999988 ], [ -90.009631, 36.9682991 ], [ -89.9436068, 36.9652894 ], [ -89.8668964, 37.0804883 ], [ -89.7258838, 37.1688616 ], [ -89.7104867, 37.3343146 ], [ -89.6773018, 37.3327402 ], [ -89.6505912, 37.6162545 ], [ -89.746165, 37.6682121 ], [ -89.7061621, 37.7375014 ], [ -89.6972705, 37.8319601 ], [ -89.7641375, 37.8350879 ], [ -89.790994, 37.9074779 ], [ -89.891416600000014, 37.9120864 ], [ -89.920594100000017, 37.9608309 ], [ -89.9098181, 38.0788774 ], [ -90.0398464, 38.1321014 ], [ -90.2057607, 38.1630368 ], [ -90.2924125, 38.332582 ], [ -90.4272131, 38.3382062 ], [ -90.4985385, 38.293753099999989 ], [ -90.5263801, 38.3659429 ], [ -90.5938211, 38.3686551 ], [ -90.5686775, 38.6754758 ], [ -90.498956299999989, 38.6963472 ], [ -90.483161900000013, 38.885078 ], [ -90.5831766, 38.9127519 ], [ -90.5753858, 39.0071008 ], [ -90.6775398, 39.011116 ], [ -90.7058825, 39.0831963 ], [ -90.69250790000001, 39.2482743 ], [ -90.760865, 39.2509004 ], [ -90.7894037, 39.322941299999989 ], [ -90.781862, 39.4172522 ], [ -90.913420699999989, 39.4931111 ], [ -91.0506713, 39.4981077 ], [ -91.1263678, 39.4062356 ], [ -91.131652, 39.3354889 ], [ -91.3713019, 39.3437654 ], [ -91.506647199999989, 39.3718946 ], [ -91.5098947, 39.3247195 ], [ -91.6810714, 39.3302034 ], [ -91.684191, 39.2830219 ], [ -91.821054, 39.2872528 ], [ -91.899859, 39.1241444 ], [ -91.9101737, 38.9589357 ], [ -91.9840459, 38.8665324 ], [ -92.0548832, 38.8212988 ], [ -92.156826, 38.82421 ], [ -92.1949032, 38.7543268 ], [ -92.3306988, 38.7580525 ], [ -92.3267502, 38.8288928 ], [ -92.4235845, 38.9260473 ], [ -92.525705, 38.928682599999988 ], [ -92.530690400000012, 38.8342327 ], [ -92.5986777, 38.8359449 ], [ -92.6266215, 38.9548529 ], [ -92.762854, 38.9581473 ], [ -92.8275543, 39.030578 ], [ -92.9980553, 39.034424 ], [ -92.9958932, 39.0816458 ], [ -93.0982767, 39.0838529 ], [ -93.1644939, 39.132503 ], [ -93.1593751, 39.2505436 ], [ -93.2620283, 39.252628 ], [ -93.2933156, 39.3241243 ], [ -93.3618301, 39.3254555 ], [ -93.392318, 39.420526 ], [ -93.3875896, 39.5385327 ], [ -93.4925225, 39.493243799999988 ], [ -93.6299177, 39.4956731 ], [ -93.6256151, 39.6136769 ], [ -93.5894526, 39.660278 ], [ -93.4517109, 39.6578088 ], [ -93.3790351, 39.750903 ], [ -93.410691899999989, 39.8223303 ], [ -93.4069139, 39.9166938 ], [ -93.4760582, 39.9179675 ], [ -93.5079041, 39.9893595 ], [ -93.5024316, 40.1308796 ], [ -93.5673557, 40.2500249 ], [ -93.7063694, 40.2523768 ], [ -93.7411243, 40.2529432 ], [ -93.8453929, 40.2545905 ], [ -93.8485486, 40.1602498 ], [ -93.8848042, 40.1136067 ], [ -93.9888508, 40.115147 ], [ -93.9873779, 40.1623222 ], [ -94.1956378, 40.1651718 ], [ -94.3387462, 40.0017644 ], [ -94.3429831, 39.8366008 ], [ -94.2406581, 39.7881304 ], [ -94.2438549, 39.6701337 ], [ -94.176287, 39.6220395 ], [ -94.1795923, 39.5040216 ], [ -94.1108755, 39.5030978 ], [ -94.1156568, 39.3378467 ], [ -94.2184719, 39.3392164 ], [ -94.2508472, 39.4104836 ], [ -94.3182508, 39.4585535 ], [ -94.4224032, 39.4125551 ], [ -94.38983970000001, 39.341328399999988 ], [ -94.4263905, 39.247275699999989 ], [ -94.4292263, 39.129198 ], [ -94.360899300000014, 39.1283982 ], [ -94.3661989, 38.9158148 ], [ -94.4694584, 38.8697485 ], [ -94.5050981, 38.7992451 ], [ -94.5730853, 38.7999734 ], [ -94.6090748, 38.7058051 ], [ -94.6779138, 38.6592168 ], [ -95.0850007, 38.6625632 ], [ -95.0843453, 38.7098304 ], [ -95.2880482, 38.7110477 ], [ -95.28753780000001, 38.7583125 ], [ -95.4913933, 38.7592257 ], [ -95.4917576, 38.7119603 ], [ -95.5936142, 38.7123023 ], [ -95.661155, 38.7833855 ], [ -95.6604245, 38.925159699999988 ], [ -95.6941572, 38.9961172 ], [ -95.6256897, 39.0431953 ], [ -95.4891963, 39.0427542 ], [ -95.487906, 39.2080967 ], [ -95.4529071, 39.3024305 ], [ -95.3841676, 39.3257554 ], [ -95.3832758, 39.4202067 ], [ -95.3484838, 39.4672703 ], [ -95.2454496, 39.4667451 ], [ -95.2440802, 39.5847862 ], [ -95.174668, 39.6316042 ], [ -95.1716593, 39.8676238 ], [ -95.1371026, 39.8674133 ], [ -95.1005788, 40.0087753 ], [ -94.996683499999989, 40.008065 ], [ -94.9609134, 40.0785925 ], [ -94.8915758, 40.078058 ], [ -94.8899519, 40.1724245 ], [ -94.8891382, 40.2196044 ] ], [ [ -92.8500325, 37.1375321 ], [ -93.0147174, 37.1650447 ], [ -93.0052867, 37.3781244 ], [ -92.8389768, 37.3742805 ], [ -92.8411941, 37.3269387 ], [ -92.7094074, 37.3000446 ], [ -92.717463099999989, 37.1343174 ], [ -92.8500325, 37.1375321 ] ], [ [ -93.1111658, 37.2382827 ], [ -93.177559699999989, 37.2397097 ], [ -93.1735994, 37.3344143 ], [ -93.0759215, 37.2849098 ], [ -93.1111658, 37.2382827 ] ], [ [ -93.7960747, 37.630395899999989 ], [ -93.694263299999989, 37.6760375 ], [ -93.6975106, 37.5813738 ], [ -93.797626799999989, 37.5830611 ], [ -93.7960747, 37.630395899999989 ] ], [ [ -93.4900122, 38.6661288 ], [ -93.4918074, 38.6188731 ], [ -93.6273836, 38.6213068 ], [ -93.6570898, 38.7400323 ], [ -93.6214292, 38.7866934 ], [ -93.485513, 38.7842542 ], [ -93.4524488, 38.7599999 ], [ -93.4900122, 38.6661288 ] ], [ [ -93.6497879, 39.8974096 ], [ -93.7864321, 39.9468645 ], [ -93.7831959, 40.0412247 ], [ -93.7139139, 40.0401041 ], [ -93.6497879, 39.8974096 ] ], [ [ -92.0423665, 37.3292759 ], [ -91.9094648, 37.3252555 ], [ -91.9497905, 37.2079439 ], [ -92.0824641, 37.211925 ], [ -92.0423665, 37.3292759 ] ], [ [ -90.2748601, 37.3598121 ], [ -90.2064093, 37.3805757 ], [ -90.2206036, 37.2150809 ], [ -90.2868836, 37.2179511 ], [ -90.2748601, 37.3598121 ] ], [ [ -90.4605466, 37.5337174 ], [ -90.4233245, 37.5796002 ], [ -90.3253603, 37.551754 ], [ -90.3293497, 37.504485 ], [ -90.4605466, 37.5337174 ] ], [ [ -90.7102475, 37.7572315 ], [ -90.843924, 37.7624448 ], [ -90.8384595, 37.8333388 ], [ -90.7046419, 37.8281206 ], [ -90.7102475, 37.7572315 ] ], [ [ -91.3193422, 38.6323889 ], [ -91.2177368, 38.6288512 ], [ -91.2143146, 38.6760626 ], [ -91.1126477, 38.6724467 ], [ -91.1161424, 38.6252376 ], [ -91.0145592, 38.6215481 ], [ -90.918437, 38.5469703 ], [ -90.9256849, 38.4525421 ], [ -90.8581452, 38.4499955 ], [ -90.8299076, 38.3778833 ], [ -90.8372629, 38.2834365 ], [ -90.9100638, 38.2151477 ], [ -90.9208916, 38.0734309 ], [ -90.9898287, 38.0523245 ], [ -91.0128087, 37.7451386 ], [ -91.0796437, 37.7476111 ], [ -91.1550316, 37.6318526 ], [ -91.2551245, 37.6354431 ], [ -91.2801779, 37.7548285 ], [ -91.3837193, 37.7110432 ], [ -91.3902222, 37.6164691 ], [ -91.4569425, 37.6187538 ], [ -91.4505334, 37.7133309 ], [ -91.5173521, 37.7155852 ], [ -91.512604, 37.7865103 ], [ -91.5763738, 37.8360135 ], [ -91.6005187, 37.9789339 ], [ -91.5848851, 38.2152303 ], [ -91.4726422, 38.3772375 ], [ -91.4051592, 38.374963099999988 ], [ -91.3293629, 38.4907283 ], [ -91.3193422, 38.6323889 ] ] ], [ [ [ -94.9043978, 39.3227711 ], [ -94.9055847, 39.2519283 ], [ -94.8028947, 39.251072 ], [ -94.8015965, 39.321914 ], [ -94.9028113, 39.4172185 ], [ -94.9714462, 39.417748 ], [ -94.9729335, 39.3232999 ], [ -94.9043978, 39.3227711 ] ] ], [ [ [ -90.6085911, 39.4342241 ], [ -90.6377024, 39.0805423 ], [ -90.5354428, 39.0764978 ], [ -90.5236156, 39.2179821 ], [ -90.5577742, 39.2193415 ], [ -90.5380714, 39.455095 ], [ -90.6085911, 39.4342241 ] ] ], [ [ [ -95.1408608, 39.584182899999988 ], [ -95.0376434, 39.5835025 ], [ -95.0369444, 39.6307135 ], [ -95.1402367, 39.6313944 ], [ -95.1408608, 39.584182899999988 ] ] ], [ [ [ -97.3867056, 41.6318665 ], [ -97.4222288, 41.6315174 ], [ -97.4211636, 41.5843945 ], [ -97.385667, 41.5847434 ], [ -97.3867056, 41.6318665 ] ] ], [ [ [ -85.6499467, 38.7693897 ], [ -85.7138312, 38.7980154 ], [ -85.7027746, 38.8684876 ], [ -85.8198849, 38.9961201 ], [ -86.0233493, 39.0111614 ], [ -86.1124986, 38.8751221 ], [ -86.2852711, 38.8638125 ], [ -86.4069467, 38.9674396 ], [ -86.5731435, 39.002776 ], [ -86.7759813, 38.7792407 ], [ -86.8436388, 38.7838155 ], [ -86.8469155, 38.7602937 ], [ -86.880735800000011, 38.7625677 ], [ -86.8839982, 38.7390444 ], [ -86.9178089, 38.7413093 ], [ -86.921057, 38.7177844 ], [ -86.9548581, 38.7200401 ], [ -86.9742268, 38.5788684 ], [ -86.90677, 38.5743573 ], [ -86.9229663, 38.4566977 ], [ -86.8252442, 38.426346699999989 ], [ -86.8046929, 38.3299223 ], [ -86.7375007, 38.3253254 ], [ -86.720402, 38.2053356 ], [ -86.6231417, 38.1748275 ], [ -86.489105099999989, 38.165418 ], [ -86.442045, 38.2571694 ], [ -86.2072618, 38.2403025 ], [ -86.0766758, 38.2069598 ], [ -86.036097, 38.2515244 ], [ -86.0183788, 38.3691084 ], [ -85.9827535, 38.6042085 ], [ -86.0697104, 38.705675 ], [ -85.8707969, 38.6671971 ], [ -85.7769035, 38.6125997 ], [ -85.780551, 38.5890994 ], [ -85.7468597, 38.586552 ], [ -85.7395383, 38.63355 ], [ -85.672116, 38.6284267 ], [ -85.6499467, 38.7693897 ] ] ], [ [ [ -86.9400551, 39.0750958 ], [ -87.008029, 39.0795872 ], [ -86.9950757, 39.1736446 ], [ -87.0291145, 39.1758806 ], [ -87.0258825, 39.1993937 ], [ -87.1280492, 39.2060531 ], [ -87.0663732, 39.1545935 ], [ -87.1163976, 39.0392233 ], [ -87.1227788, 38.992182299999989 ], [ -87.088832, 38.989969 ], [ -87.0984228, 38.9194036 ], [ -86.962803, 38.9104749 ], [ -86.9400551, 39.0750958 ] ] ], [ [ [ -84.0496979, 38.1610718 ], [ -84.0412252, 38.2080002 ], [ -83.9573019, 38.2958699 ], [ -83.9066663, 38.3866882 ], [ -83.788788, 38.471418 ], [ -83.7173258, 38.4887711 ], [ -83.6662134, 38.5794737 ], [ -83.5654331, 38.5702359 ], [ -83.5584468, 38.4265162 ], [ -83.4244097, 38.4140733 ], [ -83.397529, 38.5546733 ], [ -83.168733, 38.6762535 ], [ -83.101492, 38.6698583 ], [ -83.0493935, 38.7603037 ], [ -82.8811305, 38.7441076 ], [ -82.829384, 39.0015277 ], [ -82.7618435, 38.9949677 ], [ -82.709019, 39.0852428 ], [ -82.6318072, 39.1253983 ], [ -82.5303402, 39.1154011 ], [ -82.5012525, 39.2556832 ], [ -82.3029138, 39.2120518 ], [ -82.2443271, 39.3254905 ], [ -82.1565666, 39.412095 ], [ -82.0070366, 39.3013834 ], [ -81.8376513, 39.2839131 ], [ -81.7986739, 39.3037452 ], [ -81.6631985, 39.2895804 ], [ -81.6345092, 39.2626729 ], [ -81.4653256, 39.244743 ], [ -81.3353185, 39.206913199999988 ], [ -81.2465171, 39.2929466 ], [ -81.1681706, 39.3322629 ], [ -81.1128759, 39.4218716 ], [ -81.06441, 39.6317291 ], [ -80.962408700000012, 39.6205801 ], [ -80.8275292, 39.749178 ], [ -80.839612, 39.8461384 ], [ -80.6809921, 39.9242086 ], [ -80.6531168, 40.0406527 ], [ -80.7557281, 40.0520243 ], [ -80.8462239, 39.9663842 ], [ -80.9023524, 39.8769392 ], [ -80.924246, 39.7837293 ], [ -81.0822291, 39.7053696 ], [ -81.2184435, 39.7200988 ], [ -81.2685171, 39.6538009 ], [ -81.3706224, 39.664723599999988 ], [ -81.3812054, 39.6180727 ], [ -81.5513376, 39.6360974 ], [ -81.7112195, 39.700587 ], [ -81.9157568, 39.7217017 ], [ -81.9651186, 39.6551535 ], [ -82.203686, 39.6793216 ], [ -82.3450368, 39.6695868 ], [ -82.3208504, 39.6194737 ], [ -82.4427011, 39.5361553 ], [ -82.4671587, 39.4193066 ], [ -82.5108666, 39.3759141 ], [ -82.6127356, 39.3859224 ], [ -82.6950629, 39.322408599999989 ], [ -82.8647691, 39.338821 ], [ -82.8410547, 39.4557506 ], [ -82.7390417, 39.4459121 ], [ -82.7879662, 39.546004 ], [ -82.9194786, 39.5824388 ], [ -83.0264274, 39.5687554 ], [ -83.0591961, 39.4050262 ], [ -83.0379813, 39.1646347 ], [ -83.1488423, 39.1274494 ], [ -83.1764892, 38.9870101 ], [ -83.4468588, 39.0122309 ], [ -83.5661463, 38.9278622 ], [ -83.6176669, 38.8372413 ], [ -83.7232566, 38.8230049 ], [ -83.9256622, 38.8411644 ], [ -83.9637152, 38.8207222 ], [ -84.166179, 38.838525 ], [ -84.2252615, 38.8912861 ], [ -84.2125946, 38.9616201 ], [ -84.3098705, 38.993818499999989 ], [ -84.2846514, 39.1344754 ], [ -84.2338214, 39.2253102 ], [ -84.2508571, 39.3219712 ], [ -84.3188763, 39.3277929 ], [ -84.2935475, 39.4683921 ], [ -84.3234138, 39.4947274 ], [ -84.5280681, 39.5119799 ], [ -84.7027826, 39.502683 ], [ -84.7531752, 39.411707 ], [ -84.9015271, 39.3524652 ], [ -84.9515272, 39.2614001 ], [ -84.9753635, 39.1206471 ], [ -85.0092983, 39.1233837 ], [ -85.0368945, 38.9591279 ], [ -84.9432803, 38.9039793 ], [ -84.9551553, 38.8335742 ], [ -85.0903161, 38.8444946 ], [ -85.1396699, 38.7533005 ], [ -85.1734223, 38.7559978 ], [ -85.1850252, 38.6855586 ], [ -85.1513082, 38.6828639 ], [ -85.2225951, 38.6647625 ], [ -85.2563057, 38.6674396 ], [ -85.2678046, 38.5969846 ], [ -85.3052982, 38.5761631 ], [ -85.3091112, 38.5526746 ], [ -85.275457, 38.550010199999988 ], [ -85.2830985, 38.5030321 ], [ -85.3167292, 38.5056948 ], [ -85.339518200000015, 38.3647338 ], [ -85.3919396, 38.249885899999988 ], [ -85.2579385, 38.2392558 ], [ -85.1536178, 38.2546912 ], [ -85.1393927, 38.1345052 ], [ -85.0056647, 38.1236229 ], [ -84.9644226, 38.1678686 ], [ -84.9487553, 38.2618311 ], [ -84.7813219, 38.2479738 ], [ -84.7598078, 38.1747228 ], [ -84.6594947, 38.1662919 ], [ -84.6514515, 38.2132572 ], [ -84.488284600000014, 38.1755531 ], [ -84.4964382, 38.1285948 ], [ -84.3669496, 38.0935983 ], [ -84.391602, 37.952716 ], [ -84.2875334, 37.9674888 ], [ -84.1542847, 37.9557595 ], [ -84.1125837, 37.9997546 ], [ -84.1708805, 38.0526037 ], [ -84.1583157, 38.1230179 ], [ -84.083103799999989, 38.1640414 ], [ -84.0496979, 38.1610718 ] ], [ [ -84.5509275, 38.9905022 ], [ -84.5294271, 38.9172923 ], [ -84.5581324, 38.75309 ], [ -84.4989077, 38.7004632 ], [ -84.5479985, 38.4188723 ], [ -84.640597, 38.4743292 ], [ -84.6203406, 38.5916792 ], [ -84.6836036, 38.6207929 ], [ -84.6512091, 38.8085135 ], [ -84.694457899999989, 38.9549057 ], [ -84.7621356, 38.9605107 ], [ -84.7419463, 39.0778002 ], [ -84.5683696, 39.0871524 ], [ -84.5509275, 38.9905022 ] ] ], [ [ [ -77.8752096, 38.7881094 ], [ -77.8084741, 38.7791117 ], [ -77.7491031, 38.8673778 ], [ -77.8558108, 38.8577069 ], [ -77.8752096, 38.7881094 ] ] ], [ [ [ -77.9907606, 38.9960903 ], [ -78.0113843, 39.0469475 ], [ -78.0577415, 39.0049961 ], [ -77.9907606, 38.9960903 ] ] ], [ [ [ -77.0196543, 39.3450492 ], [ -77.154079700000011, 39.3637691 ], [ -77.0656323, 39.664617 ], [ -77.1058854, 39.7665155 ], [ -77.166726900000015, 39.7989828 ], [ -77.1801451, 39.8730491 ], [ -77.2953667, 39.8406917 ], [ -77.3359098, 39.7018198 ], [ -77.3697162, 39.7064329 ], [ -77.403312, 39.5906728 ], [ -77.4370654, 39.59527 ], [ -77.4771537, 39.4563174 ], [ -77.4434694, 39.4517292 ], [ -77.4501457, 39.4285686 ], [ -77.4164776, 39.4239736 ], [ -77.4298389, 39.3776524 ], [ -77.4971338, 39.386828 ], [ -77.5710751, 39.3728026 ], [ -77.6983724, 39.2937504 ], [ -77.7377214, 39.154671 ], [ -77.8048298, 39.1636987 ], [ -77.745105, 39.2519184 ], [ -77.6595432, 39.5531808 ], [ -77.6602333, 39.6735501 ], [ -77.7550993, 39.7102958 ], [ -77.8171947, 39.8628218 ], [ -77.8981666, 39.8254609 ], [ -77.930881, 39.7095901 ], [ -78.1889421, 39.7914737 ], [ -78.2485597, 39.7031193 ], [ -78.3840684, 39.7206295 ], [ -78.5259713, 39.7148032 ], [ -78.5512116, 39.6219803 ], [ -78.4560276, 39.5857776 ], [ -78.4412181, 39.511817 ], [ -78.4728099, 39.3957776 ], [ -78.4180234, 39.3406626 ], [ -78.283294, 39.3231781 ], [ -78.0941997, 39.2503115 ], [ -77.9856007, 39.1397358 ], [ -78.0113843, 39.0469475 ], [ -77.9443669, 39.0380195 ], [ -77.9701688, 38.9452265 ], [ -78.0499232, 38.9077347 ], [ -78.1168221, 38.9166126 ], [ -78.175744, 38.8281932 ], [ -78.1359622, 38.8469839 ], [ -77.9689193, 38.824749 ], [ -77.9226326, 38.8666804 ], [ -77.8967944, 38.9594741 ], [ -77.7908509, 39.0896314 ], [ -77.656808, 39.0715277 ], [ -77.6167306, 39.0901608 ], [ -77.5837695, 39.2060433 ], [ -77.5237078, 39.2941618 ], [ -77.3422417, 39.1970888 ], [ -77.2885794, 39.2619448 ], [ -77.154324699999989, 39.243354 ], [ -77.0604755, 39.2061766 ], [ -76.966142499999989, 39.2893591 ], [ -76.952470600000012, 39.3356399 ], [ -77.0196543, 39.3450492 ] ] ], [ [ [ -80.0368535, 40.2578599 ], [ -79.9683099, 40.2499359 ], [ -79.9565995, 40.2964418 ], [ -79.8880246, 40.2884787 ], [ -79.8349, 40.4976925 ], [ -79.8574656, 40.5481768 ], [ -79.8918881, 40.552169 ], [ -79.8977923, 40.5289249 ], [ -80.0354765, 40.5448039 ], [ -80.08158250000001, 40.5022484 ], [ -80.0763473, 40.3820359 ], [ -80.0996091, 40.2890089 ], [ -80.0310245, 40.2811159 ], [ -80.0368535, 40.2578599 ] ] ], [ [ [ -74.7010872, 39.9925187 ], [ -74.7348447, 39.9977716 ], [ -74.7502391, 39.9517592 ], [ -74.7165044, 39.9465097 ], [ -74.7010872, 39.9925187 ] ] ], [ [ [ -74.7712541, 40.6324407 ], [ -74.8703885, 40.5509047 ], [ -74.8935252, 40.4819004 ], [ -74.7914656, 40.466239699999988 ], [ -74.7759772, 40.5122329 ], [ -74.6058734, 40.4859486 ], [ -74.5667651, 40.600871 ], [ -74.6874789, 40.6679275 ], [ -74.7712541, 40.6324407 ] ] ], [ [ [ -72.5955275, 42.1269528 ], [ -72.5608073, 42.121191599999989 ], [ -72.508530600000014, 42.1610981 ], [ -72.6040072, 42.2012372 ], [ -72.6127626, 42.1783941 ], [ -72.5780121, 42.1726372 ], [ -72.5955275, 42.1269528 ] ] ] ] } },
{ "type": "Feature", "properties": { "ID": 13 }, "geometry": { "type": "MultiPolygon", "coordinates": [ [ [ [ -88.4255703, 36.006331599999989 ], [ -88.360546, 36.0025251 ], [ -88.3579195, 36.0261916 ], [ -88.3904419, 36.0280995 ], [ -88.3878247, 36.0517653 ], [ -88.4203599, 36.0536656 ], [ -88.4255703, 36.006331599999989 ] ] ], [ [ [ -88.2171468, 36.1131237 ], [ -88.2523733, 36.091406299999989 ], [ -88.2198249, 36.0894642 ], [ -88.2171468, 36.1131237 ] ] ], [ [ [ -88.179205200000013, 36.158487 ], [ -88.2117851, 36.160439 ], [ -88.2144669, 36.1367819 ], [ -88.1818981, 36.1348305 ], [ -88.179205200000013, 36.158487 ] ] ], [ [ [ -88.179205200000013, 36.158487 ], [ -88.0434241, 36.1979026 ], [ -88.1738138, 36.2057965 ], [ -88.179205200000013, 36.158487 ] ] ], [ [ [ -88.005321099999989, 36.2432077 ], [ -88.0379361, 36.2452027 ], [ -88.0434241, 36.1979026 ], [ -88.0108313, 36.1959088 ], [ -88.005321099999989, 36.2432077 ] ] ], [ [ [ -87.8366454, 36.2803988 ], [ -87.8692732, 36.2824358 ], [ -87.8720776, 36.2587916 ], [ -87.839461, 36.2567553 ], [ -87.8366454, 36.2803988 ] ] ], [ [ [ -86.5754892, 36.1237537 ], [ -86.5104691, 36.1190253 ], [ -86.5039346, 36.1662623 ], [ -86.406355, 36.1591047 ], [ -86.4582656, 36.2583413 ], [ -86.5689989, 36.1709935 ], [ -86.5754892, 36.1237537 ] ] ], [ [ [ -87.6975618, 36.343086 ], [ -87.735923, 36.2978797 ], [ -87.7032919, 36.2958096 ], [ -87.6975618, 36.343086 ] ] ], [ [ [ -86.8881751, 36.241411 ], [ -86.9082176, 36.3381706 ], [ -87.002996200000013, 36.3685712 ], [ -87.0123086, 36.2977059 ], [ -86.9533364, 36.24595 ], [ -86.8881751, 36.241411 ] ] ], [ [ [ -86.4223931, 36.2795632 ], [ -86.4582656, 36.2583413 ], [ -86.425694800000016, 36.2559526 ], [ -86.4223931, 36.2795632 ] ] ], [ [ [ -87.7216387, 36.4160652 ], [ -87.6918238, 36.3903578 ], [ -87.6946938, 36.3667225 ], [ -87.6620312, 36.3646424 ], [ -87.6562669, 36.4119106 ], [ -87.7216387, 36.4160652 ] ] ], [ [ [ -87.4958113, 36.377751 ], [ -87.4304899, 36.3734835 ], [ -87.424565199999989, 36.420740599999988 ], [ -87.457247200000012, 36.4228797 ], [ -87.4869882, 36.4486388 ], [ -87.4958113, 36.377751 ] ] ], [ [ [ -87.002996200000013, 36.3685712 ], [ -86.9967773, 36.415809 ], [ -87.0947817, 36.4225217 ], [ -87.002996200000013, 36.3685712 ] ] ], [ [ [ -85.8804746, 36.381796 ], [ -85.913085600000016, 36.3843198 ], [ -85.9200472, 36.3371337 ], [ -85.8874584, 36.3346114 ], [ -85.8804746, 36.381796 ] ] ], [ [ [ -84.4591468, 34.8270324 ], [ -84.4435472, 34.9215345 ], [ -84.5275532, 35.0010502 ], [ -84.543057499999989, 34.906555 ], [ -84.4909814, 34.8299192 ], [ -84.4591468, 34.8270324 ] ] ], [ [ [ -83.906963, 34.6556257 ], [ -83.6240453, 34.7963952 ], [ -83.6115134, 34.8671996 ], [ -83.5310557, 34.9553595 ], [ -83.467358, 34.949101399999989 ], [ -83.441897700000013, 35.0906176 ], [ -83.4930165, 35.1676311 ], [ -83.5569154, 35.1738733 ], [ -83.567795300000014, 35.2948763 ], [ -83.6680212, 35.2805905 ], [ -83.796068, 35.2928657 ], [ -83.7765054, 35.2190567 ], [ -83.801336600000013, 35.0775156 ], [ -83.6695085, 35.0888301 ], [ -83.6501361, 35.0149685 ], [ -83.6751497, 34.8733871 ], [ -83.8024557, 34.8856668 ], [ -83.942023, 34.826989 ], [ -84.1329411, 34.844964 ], [ -84.2085425, 34.780029 ], [ -84.3357702, 34.7917798 ], [ -84.2840045, 34.7150396 ], [ -84.1569239, 34.7032352 ], [ -84.1609117, 34.6796088 ], [ -83.906963, 34.6556257 ] ] ], [ [ [ -83.8880184, 35.3255731 ], [ -83.9718767, 35.4053806 ], [ -84.0681191, 35.4143697 ], [ -84.1204169, 35.2994024 ], [ -84.200526, 35.2109416 ], [ -84.0365162, 35.2196732 ], [ -83.8765796, 35.204606 ], [ -83.8880184, 35.3255731 ] ] ], [ [ [ -85.1705741, 35.6555758 ], [ -85.206504099999989, 35.6346726 ], [ -85.1742721, 35.6319689 ], [ -85.1705741, 35.6555758 ] ] ], [ [ [ -82.7887314, 35.7927762 ], [ -82.8164273, 35.8195963 ], [ -82.9453155, 35.8327028 ], [ -82.9953435, 35.7418352 ], [ -82.925592, 35.590844 ], [ -82.8292606, 35.5810066 ], [ -82.7746171, 35.6953697 ], [ -82.7887314, 35.7927762 ] ] ], [ [ [ -85.3278638, 37.1728812 ], [ -85.4487048, 37.2540906 ], [ -85.4671215, 37.13637 ], [ -85.4086063, 37.0840068 ], [ -85.2477409, 37.0471514 ], [ -85.2364844, 37.1177798 ], [ -85.3278638, 37.1728812 ] ] ], [ [ [ -79.8147343, 38.7705811 ], [ -79.7638734, 38.8364184 ], [ -79.7406503, 38.9295467 ], [ -79.6559987, 38.991293299999988 ], [ -79.6090699, 39.1774594 ], [ -79.7263113, 39.2634595 ], [ -79.7762955, 39.3413234 ], [ -79.780893, 39.4616825 ], [ -79.9559387, 39.4584048 ], [ -79.9269655, 39.5747613 ], [ -79.8697578, 39.6638378 ], [ -79.7444108, 39.744843 ], [ -79.7090204, 39.8843685 ], [ -79.5711086, 40.0116948 ], [ -79.4487433, 40.2126658 ], [ -79.3560501, 40.2973655 ], [ -79.2974081, 40.386135 ], [ -79.2165516, 40.4242861 ], [ -79.198114100000012, 40.4939353 ], [ -79.3011818, 40.5063721 ], [ -79.3516192, 40.5842844 ], [ -79.3332827, 40.653941 ], [ -79.495340200000015, 40.5774721 ], [ -79.4528634, 40.7400382 ], [ -79.5727669, 40.8260272 ], [ -79.6314299, 40.7371785 ], [ -79.7004547, 40.7452639 ], [ -79.7588658, 40.656356 ], [ -79.8741497, 40.621897 ], [ -79.8918881, 40.552169 ], [ -79.8574656, 40.5481768 ], [ -79.8349, 40.4976925 ], [ -79.8880246, 40.2884787 ], [ -79.9565995, 40.2964418 ], [ -79.9683099, 40.2499359 ], [ -80.0368535, 40.2578599 ], [ -80.048499, 40.2113455 ], [ -80.1401557, 40.1261816 ], [ -80.3739815, 40.0332343 ], [ -80.3853436, 39.9866813 ], [ -80.5903365, 40.0097449 ], [ -80.5959396, 39.9864594 ], [ -80.6301073, 39.9902726 ], [ -80.6356943, 39.9669851 ], [ -80.669854, 39.9707886 ], [ -80.6809921, 39.9242086 ], [ -80.839612, 39.8461384 ], [ -80.8275292, 39.749178 ], [ -80.962408700000012, 39.6205801 ], [ -81.06441, 39.6317291 ], [ -81.1128759, 39.4218716 ], [ -81.1681706, 39.3322629 ], [ -81.2465171, 39.2929466 ], [ -81.3353185, 39.206913199999988 ], [ -81.4653256, 39.244743 ], [ -81.6345092, 39.2626729 ], [ -81.6631985, 39.2895804 ], [ -81.7986739, 39.3037452 ], [ -81.8376513, 39.2839131 ], [ -82.0070366, 39.3013834 ], [ -82.1565666, 39.412095 ], [ -82.2443271, 39.3254905 ], [ -82.3029138, 39.2120518 ], [ -82.5012525, 39.2556832 ], [ -82.5303402, 39.1154011 ], [ -82.6318072, 39.1253983 ], [ -82.709019, 39.0852428 ], [ -82.7618435, 38.9949677 ], [ -82.829384, 39.0015277 ], [ -82.8811305, 38.7441076 ], [ -83.0493935, 38.7603037 ], [ -83.101492, 38.6698583 ], [ -83.168733, 38.6762535 ], [ -83.397529, 38.5546733 ], [ -83.4244097, 38.4140733 ], [ -83.5584468, 38.4265162 ], [ -83.5654331, 38.5702359 ], [ -83.6662134, 38.5794737 ], [ -83.7173258, 38.4887711 ], [ -83.788788, 38.471418 ], [ -83.9066663, 38.3866882 ], [ -83.9573019, 38.2958699 ], [ -84.0412252, 38.2080002 ], [ -84.0496979, 38.1610718 ], [ -83.9828953, 38.1551076 ], [ -84.0168519, 37.9673698 ], [ -84.0089588, 37.8235432 ], [ -83.9424966, 37.8175558 ], [ -83.9637056, 37.7001706 ], [ -84.11732, 37.5946642 ], [ -84.1670747, 37.5036536 ], [ -84.373325900000012, 37.2832549 ], [ -84.3855105, 37.2127234 ], [ -84.2537323, 37.2010773 ], [ -84.2413274, 37.080593 ], [ -84.5084643, 37.0802633 ], [ -84.5164721, 37.0332183 ], [ -84.7466198, 37.0530631 ], [ -84.8201955, 37.0115945 ], [ -84.9824118, 36.8343507 ], [ -85.0015204, 36.7166068 ], [ -85.1287132, 36.751075 ], [ -85.109815, 36.8688298 ], [ -85.1350747, 36.9186385 ], [ -85.3687085, 36.9138593 ], [ -85.4162859, 36.8222816 ], [ -85.4818972, 36.8275476 ], [ -85.5547791, 36.7856548 ], [ -85.590930899999989, 36.5499555 ], [ -85.7358805, 36.4659624 ], [ -85.7826559, 36.3741757 ], [ -85.652265, 36.3639016 ], [ -85.6232551, 36.3377271 ], [ -85.6558356, 36.3403152 ], [ -85.6807615, 36.175177 ], [ -85.4532901, 36.156928 ], [ -85.3741196, 36.0310321 ], [ -85.3599683, 35.9103922 ], [ -85.3781784, 35.7923809 ], [ -85.4177379, 35.747818 ], [ -85.4500331, 35.7504604 ], [ -85.4572465, 35.7032389 ], [ -85.1631705, 35.7027858 ], [ -85.1668736, 35.6791815 ], [ -85.1346224, 35.6764682 ], [ -85.1420426, 35.6292572 ], [ -85.0775911, 35.6238096 ], [ -85.0701277, 35.6710175 ], [ -85.0565777, 35.5502548 ], [ -84.9922062, 35.5447637 ], [ -84.9127224, 35.6336506 ], [ -84.9013536, 35.7044446 ], [ -84.8368515, 35.6988781 ], [ -84.8215702, 35.7932457 ], [ -84.7492921, 35.8348134 ], [ -84.5849096, 36.0356857 ], [ -84.5161808, 36.053533699999988 ], [ -84.3865979, 36.0419931 ], [ -84.3786165, 36.0891192 ], [ -84.2813925, 36.0803739 ], [ -84.2409103, 36.1245568 ], [ -84.2044147, 36.3365098 ], [ -84.1637319, 36.3806465 ], [ -84.0335917, 36.3687629 ], [ -83.9844845, 36.4599107 ], [ -83.8542252, 36.4478509 ], [ -83.7112836, 36.5062314 ], [ -83.7027833, 36.5532719 ], [ -83.507221199999989, 36.5347174 ], [ -83.4138307, 36.5018194 ], [ -83.422523, 36.4547932 ], [ -83.2317268, 36.4123089 ], [ -83.1622756, 36.4294286 ], [ -83.0322246, 36.4165523 ], [ -83.0232693, 36.4635558 ], [ -82.9256976, 36.4538079 ], [ -82.9166642, 36.5008007 ], [ -82.7865245, 36.4876826 ], [ -82.651826, 36.4979219 ], [ -82.6610406, 36.4509473 ], [ -82.7910865, 36.4641907 ], [ -82.841779, 36.3734977 ], [ -82.7164743, 36.3368071 ], [ -82.7671713, 36.2461204 ], [ -82.7023507, 36.2395002 ], [ -82.6237357, 36.3033354 ], [ -82.4940271, 36.289922 ], [ -82.5172399, 36.1724562 ], [ -82.6235519, 36.135512299999988 ], [ -82.77118, 36.0547685 ], [ -82.7983653, 35.9136806 ], [ -82.7016024, 35.903755 ], [ -82.6140334, 35.8467291 ], [ -82.4851829, 35.8332942 ], [ -82.5358142, 35.7426051 ], [ -82.5587731, 35.6250005 ], [ -82.4945527, 35.6182686 ], [ -82.485488, 35.4972673 ], [ -82.5404504, 35.3829785 ], [ -82.663667, 35.2517788 ], [ -82.686582, 35.3022024 ], [ -82.577015, 35.3628013 ], [ -82.5678876, 35.4098748 ], [ -82.6182724, 35.4871792 ], [ -82.8427155, 35.5103929 ], [ -83.0396286, 35.5064325 ], [ -83.0584895, 35.5803055 ], [ -83.0363929, 35.6980081 ], [ -83.0919218, 35.7515455 ], [ -83.1929047, 35.7376437 ], [ -83.3217103, 35.7503787 ], [ -83.3711856, 35.6593511 ], [ -83.564242, 35.6781429 ], [ -83.572729, 35.6310285 ], [ -83.7056014, 35.6198262 ], [ -83.7139855, 35.5726968 ], [ -83.8425785, 35.5849183 ], [ -83.8228844, 35.511163 ], [ -83.6623251, 35.4958393 ], [ -83.5938963, 35.5132195 ], [ -83.36919850000001, 35.4913121 ], [ -83.3605906, 35.538427 ], [ -83.2321704, 35.525725199999989 ], [ -83.2452059, 35.4550618 ], [ -83.1533887, 35.4219053 ], [ -83.1068394, 35.3212422 ], [ -83.1199634, 35.2505602 ], [ -83.2755193, 35.290133399999988 ], [ -83.3442721, 34.9129026 ], [ -83.1721953, 34.9677083 ], [ -83.0448542, 34.9548036 ], [ -83.0360941, 35.0019522 ], [ -82.954759700000011, 35.0897216 ], [ -82.7590138, 35.0935569 ], [ -82.6952617, 35.0869168 ], [ -82.7136455, 35.1609071 ], [ -82.6453122, 35.1777962 ], [ -82.5495898, 35.1677413 ], [ -82.5404694, 35.214833 ], [ -82.4127982, 35.2013074 ], [ -82.4035813, 35.2483858 ], [ -82.2891997, 35.3322808 ], [ -82.2565327, 35.4969529 ], [ -82.2244949, 35.4935151 ], [ -82.191598700000014, 35.6581138 ], [ -82.0810392, 35.7182447 ], [ -82.0250533, 35.8322552 ], [ -81.9285188, 35.8217527 ], [ -81.8545074, 35.8616877 ], [ -81.802896, 35.9520863 ], [ -81.7384475, 35.9449843 ], [ -81.5427381, 36.0913711 ], [ -81.4158937, 36.2212592 ], [ -81.346196400000011, 36.23742 ], [ -81.2936347, 36.3275472 ], [ -81.1385778, 36.4299987 ], [ -81.0413422, 36.4188506 ], [ -80.966173, 36.458231 ], [ -80.8804826, 36.5444032 ], [ -80.8050828, 36.5836817 ], [ -80.7076838, 36.5722898 ], [ -80.697112, 36.6191064 ], [ -80.5725418, 36.5803923 ], [ -80.5022821, 36.5960917 ], [ -80.3075842, 36.5727875 ], [ -80.1723954, 36.5804786 ], [ -80.096551, 36.6193471 ], [ -80.0855531, 36.6661095 ], [ -79.9984927, 36.7516691 ], [ -79.8740809, 36.7123042 ], [ -79.7441926, 36.6961838 ], [ -79.6905511, 36.6413494 ], [ -79.6510047, 36.8048685 ], [ -79.6990921, 36.8830571 ], [ -79.6877783, 36.929763 ], [ -79.5346709, 37.0068426 ], [ -79.5289491, 37.0301839 ], [ -79.5558473, 37.0576178 ], [ -79.4579869, 37.0453119 ], [ -79.4694781, 36.9986356 ], [ -79.268185699999989, 36.9971526 ], [ -79.2565564, 37.0438114 ], [ -79.1587708, 37.0312843 ], [ -79.1085793, 37.0970563 ], [ -79.043352, 37.088641 ], [ -78.9870849, 37.1776738 ], [ -78.8238912, 37.1564285 ], [ -78.7852745, 37.1754576 ], [ -78.7225737, 37.2876619 ], [ -78.6560587, 37.5438267 ], [ -78.8141221, 37.5885506 ], [ -78.9186374, 37.5780284 ], [ -78.9275614, 37.6754296 ], [ -78.7960459, 37.6584049 ], [ -78.7181974, 37.6964024 ], [ -78.5315672, 37.8885803 ], [ -78.4326867, 37.8755366 ], [ -78.3749461, 37.9641911 ], [ -78.368738, 37.9874428 ], [ -78.4223715, 38.0426821 ], [ -78.3975503, 38.1356798 ], [ -78.3457775, 38.2010413 ], [ -78.478249, 38.2184927 ], [ -78.414047, 38.3303613 ], [ -78.3476994, 38.3216218 ], [ -78.2562494, 38.405783299999989 ], [ -78.1978108, 38.4942901 ], [ -78.1471273, 38.68006 ], [ -78.0471392, 38.6667489 ], [ -78.0010129, 38.708716 ], [ -77.9817703, 38.7783389 ], [ -78.0151472, 38.7827994 ], [ -78.0023189, 38.8292124 ], [ -78.1359622, 38.8469839 ], [ -78.175744, 38.8281932 ], [ -78.1168221, 38.9166126 ], [ -78.0833704, 38.9121778 ], [ -78.0912387, 39.0094366 ], [ -78.0577415, 39.0049961 ], [ -78.0113843, 39.0469475 ], [ -77.9856007, 39.1397358 ], [ -78.0941997, 39.2503115 ], [ -78.283294, 39.3231781 ], [ -78.4180234, 39.3406626 ], [ -78.4728099, 39.3957776 ], [ -78.4412181, 39.511817 ], [ -78.4560276, 39.5857776 ], [ -78.5512116, 39.6219803 ], [ -78.5386005, 39.6683936 ], [ -78.5850599, 39.6262966 ], [ -78.6866317, 39.6391959 ], [ -78.6678484, 39.708831499999988 ], [ -78.7757961, 39.6984534 ], [ -78.8622009, 39.6373076 ], [ -78.8869314, 39.5444155 ], [ -78.9330768, 39.502195799999988 ], [ -79.0744517, 39.4958057 ], [ -79.1413148, 39.24017 ], [ -79.220751400000012, 39.2020124 ], [ -79.2388011, 39.1322599 ], [ -79.2724407, 39.1364104 ], [ -79.3202936, 38.9503506 ], [ -79.387401, 38.9586052 ], [ -79.3933406, 38.9353407 ], [ -79.3597963, 38.9312189 ], [ -79.399276, 38.9120752 ], [ -79.4111341, 38.8655413 ], [ -79.4899619, 38.827209 ], [ -79.5193779, 38.7108336 ], [ -79.5252486, 38.6875554 ], [ -79.542836, 38.617715 ], [ -79.6212919, 38.5792936 ], [ -79.6619683, 38.4162642 ], [ -79.7676481, 38.4050936 ], [ -79.7330239, 38.5448655 ], [ -79.7606218, 38.5721909 ], [ -79.8273996, 38.5802337 ], [ -79.838897, 38.5336415 ], [ -79.9342043, 38.4251351 ], [ -79.9675276, 38.4291188 ], [ -79.9732159, 38.4058122 ], [ -80.0065319, 38.4097864 ], [ -80.0178739, 38.3631676 ], [ -80.1735412, 38.2857022 ], [ -80.1847449, 38.2390609 ], [ -80.217989800000012, 38.242984 ], [ -80.2291552, 38.196336 ], [ -80.350993699999989, 38.1147255 ], [ -80.4173828, 38.1224833 ], [ -80.5497631, 37.994005 ], [ -80.715521400000014, 38.013097 ], [ -80.6112017, 38.1689021 ], [ -80.5005598, 38.2040709 ], [ -80.4620753, 38.3673966 ], [ -80.3788163, 38.4296375 ], [ -80.2787841, 38.4179652 ], [ -80.2230509, 38.5073224 ], [ -80.1724263, 38.717108 ], [ -80.0941286, 38.7558393 ], [ -80.0385263, 38.7013317 ], [ -80.0782495, 38.5382075 ], [ -80.1342039, 38.4489139 ], [ -79.9951739, 38.4564011 ], [ -79.9837999, 38.5030116 ], [ -79.9552948, 38.61952 ], [ -79.8769858, 38.6581318 ], [ -79.820506, 38.7472923 ], [ -79.8147343, 38.7705811 ] ], [ [ -85.0015204, 36.7166068 ], [ -84.8705979, 36.7055625 ], [ -84.9186976, 36.61413 ], [ -85.0167599, 36.622391 ], [ -85.0015204, 36.7166068 ] ], [ [ -85.2092576, 35.8262005 ], [ -85.1695191, 35.8706924 ], [ -85.0725051, 35.8625336 ], [ -85.1234732, 35.7472751 ], [ -85.2203318, 35.7553979 ], [ -85.2092576, 35.8262005 ] ], [ [ -85.2657969, 36.0937972 ], [ -85.254715, 36.1645548 ], [ -85.1572769, 36.1564642 ], [ -85.1758986, 36.0385407 ], [ -85.2657969, 36.0937972 ] ], [ [ -83.9915534, 36.7952533 ], [ -83.9344725, 36.7422129 ], [ -84.0491785, 36.6571123 ], [ -84.179871, 36.6689735 ], [ -84.163465, 36.7630805 ], [ -84.0897598, 36.804201899999988 ], [ -83.9915534, 36.7952533 ] ], [ [ -83.6207669, 37.5493439 ], [ -83.6077194, 37.6197626 ], [ -83.5414952, 37.6135746 ], [ -83.4620719, 37.6777512 ], [ -83.2633055, 37.6588739 ], [ -83.245374, 37.752699199999988 ], [ -83.3448798, 37.7621866 ], [ -83.4311375, 37.8419757 ], [ -83.3756759, 37.9561104 ], [ -83.271384, 37.9700961 ], [ -83.0718028, 37.9509441 ], [ -82.900951, 37.9581928 ], [ -82.8815943, 37.8846238 ], [ -82.7487732, 37.8715016 ], [ -82.7674313, 37.7777622 ], [ -82.7244943, 37.6539723 ], [ -82.6630062, 37.6239089 ], [ -82.6817152, 37.5301433 ], [ -82.6627212, 37.4564913 ], [ -82.7380006, 37.4162182 ], [ -82.8699222, 37.4293614 ], [ -82.9313249, 37.4593394 ], [ -82.9175737, 37.5296995 ], [ -83.0497524, 37.5426624 ], [ -83.0394365, 37.4221466 ], [ -82.9916798, 37.3218337 ], [ -83.0666125, 37.2813658 ], [ -83.1324668, 37.2877926 ], [ -83.1833186, 37.1971059 ], [ -83.3807054, 37.2161179 ], [ -83.4531482, 37.3663912 ], [ -83.5147515, 37.3961033 ], [ -83.5016229, 37.466529699999988 ], [ -83.5963931, 37.499307699999989 ], [ -83.6207669, 37.5493439 ] ], [ [ -81.9076918, 36.0836024 ], [ -81.925496099999989, 36.1575469 ], [ -81.7913221, 36.1669087 ], [ -81.8431095, 36.0765541 ], [ -81.9076918, 36.0836024 ] ], [ [ -82.5775072, 36.5382136 ], [ -82.5682234, 36.5851745 ], [ -82.4426784, 36.5482374 ], [ -82.4520434, 36.501282 ], [ -82.4011009, 36.4240728 ], [ -82.5589009, 36.4644148 ], [ -82.5775072, 36.5382136 ] ], [ [ -80.0450407, 37.262162 ], [ -80.0283277, 37.3322156 ], [ -79.9299843, 37.3202645 ], [ -79.9140559, 37.2462255 ], [ -80.0450407, 37.262162 ] ], [ [ -79.2671362, 37.4061088 ], [ -79.1301685, 37.4127187 ], [ -79.0705474, 37.3810129 ], [ -79.1000566, 37.264467 ], [ -79.2367268, 37.2578865 ], [ -79.263597, 37.2853686 ], [ -79.2671362, 37.4061088 ] ], [ [ -81.0427991, 37.6188325 ], [ -81.0967035, 37.5290175 ], [ -81.1625982, 37.5364151 ], [ -81.2491887, 37.4502133 ], [ -81.3252975, 37.4107419 ], [ -81.294431, 37.5511123 ], [ -81.2129587, 37.613943299999988 ], [ -81.1921765, 37.7074788 ], [ -81.0721079, 37.7898994 ], [ -80.9834748, 37.7319855 ], [ -81.0427991, 37.6188325 ] ], [ [ -80.885542, 37.8647038 ], [ -81.0179604, 37.8796661 ], [ -81.0073989, 37.9264006 ], [ -80.9198796, 38.0123781 ], [ -80.7872201, 37.9973222 ], [ -80.8086584, 37.9038941 ], [ -80.885542, 37.8647038 ] ], [ [ -79.1071767, 37.7706064 ], [ -79.2119292, 37.7598583 ], [ -79.1942218, 37.8297462 ], [ -79.0715003, 37.9103418 ], [ -79.1071767, 37.7706064 ] ], [ [ -81.6075002, 38.4470775 ], [ -81.5380615, 38.296091 ], [ -81.6997751, 38.3373347 ], [ -81.707799799999989, 38.4577675 ], [ -81.6075002, 38.4470775 ] ], [ [ -78.3578322, 38.5394874 ], [ -78.403614, 38.4973896 ], [ -78.4285621, 38.4044413 ], [ -78.4950031, 38.41314 ], [ -78.4576898, 38.5525726 ], [ -78.3660603, 38.63678 ], [ -78.3578322, 38.5394874 ] ] ], [ [ [ -83.0087337, 37.753720799999989 ], [ -82.9092889, 37.7439838 ], [ -82.9240294, 37.841006 ], [ -82.9950034, 37.8240546 ], [ -83.0087337, 37.753720799999989 ] ] ], [ [ [ -77.5242264, 37.5831322 ], [ -77.5440617, 37.6341665 ], [ -77.4987116, 37.7967157 ], [ -77.4132193, 37.7364825 ], [ -77.3740295, 37.8757526 ], [ -77.4990934, 37.9173792 ], [ -77.4860725, 37.9638022 ], [ -77.5784103, 38.0007541 ], [ -77.5984111, 38.051746 ], [ -77.5659324, 38.1677945 ], [ -77.7578125, 38.2182857 ], [ -77.8634775, 38.2085993 ], [ -77.8762831, 38.1621578 ], [ -78.008553, 38.1800707 ], [ -78.1141203, 38.1701877 ], [ -78.1723859, 38.081674 ], [ -78.271521, 38.0949049 ], [ -78.317052, 38.0528082 ], [ -78.3419545, 37.9598134 ], [ -78.2822214, 37.9277849 ], [ -78.1503775, 37.9101336 ], [ -78.097075, 37.8547746 ], [ -77.9983304, 37.8414106 ], [ -77.985671, 37.8878869 ], [ -77.8603608, 37.8467117 ], [ -77.8858202, 37.7537719 ], [ -77.8201135, 37.7447657 ], [ -77.8064135, 37.6705457 ], [ -77.6488383, 37.6246389 ], [ -77.6680956, 37.5549407 ], [ -77.615472, 37.4993589 ], [ -77.5500501, 37.4902164 ], [ -77.5242264, 37.5831322 ] ] ], [ [ [ -79.4880938, 38.9709253 ], [ -79.4545254, 38.9668268 ], [ -79.4486046, 38.990093 ], [ -79.515768799999989, 38.9982842 ], [ -79.503960800000016, 39.044819 ], [ -79.5711879, 39.0529825 ], [ -79.5946947, 38.9598984 ], [ -79.4880938, 38.9709253 ] ] ] ] } },
{ "type": "Feature", "properties": { "ID": 14 }, "geometry": { "type": "MultiPolygon", "coordinates": [ [ [ [ -91.3581408, 36.1439235 ], [ -91.2847303, 36.2601102 ], [ -91.2765776, 36.3786086 ], [ -91.1749831, 36.4224161 ], [ -91.138846199999989, 36.4685893 ], [ -91.1304159, 36.5870307 ], [ -91.1582299, 36.6592972 ], [ -91.717468700000012, 36.67869 ], [ -91.7562711, 36.5849927 ], [ -91.8877233, 36.5891724 ], [ -91.8905745, 36.5417814 ], [ -92.087646, 36.5478007 ], [ -92.1164552, 36.6198665 ], [ -92.1822235, 36.6217925 ], [ -92.2085291, 36.7412115 ], [ -92.3403084, 36.7449378 ], [ -92.344122, 36.6738566 ], [ -92.4124408, 36.6282748 ], [ -92.4186567, 36.5097713 ], [ -92.3580375, 36.4131429 ], [ -92.3643278, 36.2945928 ], [ -92.4916219, 36.3693033 ], [ -92.4891937, 36.4167222 ], [ -92.554776800000013, 36.4184626 ], [ -92.5571597, 36.3710427 ], [ -92.6227009, 36.3727493 ], [ -92.6262013, 36.3016097 ], [ -92.6928205, 36.279566 ], [ -92.7910073, 36.2820123 ], [ -92.7921153, 36.2582945 ], [ -92.8248345, 36.2590933 ], [ -92.827025600000013, 36.2116539 ], [ -92.7616331, 36.2100491 ], [ -92.7638662, 36.1626061 ], [ -92.5678422, 36.1575981 ], [ -92.5981652, 36.2058937 ], [ -92.2386086, 36.1960321 ], [ -92.209848799999989, 36.1239337 ], [ -92.1119101, 36.1210504 ], [ -92.1145876, 36.0736112 ], [ -91.9854875, 36.045934699999989 ], [ -91.9882489, 35.998491 ], [ -91.6624466, 35.9880379 ], [ -91.5306171, 36.0073465 ], [ -91.4607711, 36.0762374 ], [ -91.362935, 36.0727917 ], [ -91.3581408, 36.1439235 ] ] ], [ [ [ -92.5792829, 36.5852575 ], [ -92.5733391, 36.7037514 ], [ -92.705064600000014, 36.7071132 ], [ -92.7425265, 36.613135 ], [ -92.8422903, 36.5918393 ], [ -92.9738125, 36.5949329 ], [ -92.9706591, 36.6660413 ], [ -92.904828099999989, 36.6645095 ], [ -92.9324159, 36.783771099999989 ], [ -93.1962205, 36.7896435 ], [ -93.3327803, 36.6738773 ], [ -93.3036036, 36.578384199999988 ], [ -93.1720988, 36.5756204 ], [ -93.1083566, 36.5267742 ], [ -93.111360499999989, 36.4556438 ], [ -93.0160135, 36.3823002 ], [ -92.7865678, 36.3768724 ], [ -92.7164761, 36.4700882 ], [ -92.5840231, 36.4904429 ], [ -92.5792829, 36.5852575 ] ] ], [ [ [ -98.1248057, 39.287101 ], [ -98.3302506, 39.2837718 ], [ -98.466311, 39.2577734 ], [ -98.4689856, 39.328596399999988 ], [ -98.4004618, 39.3298093 ], [ -98.4100454, 39.5894452 ], [ -98.5159795, 39.6584003 ], [ -98.6881447, 39.6551611 ], [ -98.8351337, 39.8647443 ], [ -98.9052734, 39.886904199999989 ], [ -99.0434761, 39.8839429 ], [ -98.9010426, 39.7925466 ], [ -98.8623718, 39.6988958 ], [ -98.7560047, 39.6302096 ], [ -98.7450389, 39.3706121 ], [ -98.8811133, 39.3442063 ], [ -99.086691, 39.3397473 ], [ -99.0844608, 39.2925423 ], [ -99.2556299, 39.2885945 ], [ -99.2532794, 39.2413893 ], [ -99.3901008, 39.2380799 ], [ -99.4547653, 39.1655659 ], [ -99.113073, 39.1737463 ], [ -99.0403389, 39.0808464 ], [ -99.0381508, 39.0336251 ], [ -99.1745497, 39.0305292 ], [ -99.2780198, 39.0517274 ], [ -99.4144444, 39.0483927 ], [ -99.4460678, 39.0003214 ], [ -99.3718444, 38.8839646 ], [ -99.3014327, 38.8383989 ], [ -99.1994377, 38.8408291 ], [ -99.1914224, 38.6754969 ], [ -99.2592498, 38.6738889 ], [ -99.2522663, 38.5321479 ], [ -99.2149812, 38.4620723 ], [ -99.2464696, 38.414008 ], [ -99.4479061, 38.3853703 ], [ -99.3755672, 38.2925471 ], [ -99.3695724, 38.1743707 ], [ -99.4008132, 38.1262499 ], [ -99.5353353, 38.1227892 ], [ -99.5328277, 38.0755119 ], [ -99.633638499999989, 38.07283 ], [ -99.69690820000001, 38.0000819 ], [ -99.6942908, 37.9527986 ], [ -99.7949098, 37.9499955 ], [ -99.824386499999989, 37.8781163 ], [ -99.8886383, 37.8289021 ], [ -100.0545748, 37.8003011 ], [ -100.036044499999988, 37.492842 ], [ -99.931972, 37.4248503 ], [ -99.929212, 37.377527 ], [ -99.5966491, 37.3869251 ], [ -99.4611686, 37.3431167 ], [ -99.456318599999989, 37.2484345 ], [ -99.3875544, 37.2027968 ], [ -99.3496902, 37.1089299 ], [ -99.3438452, 36.9905208 ], [ -99.277704, 36.9921758 ], [ -99.2082004, 36.922737 ], [ -99.205965, 36.875358 ], [ -99.0738969, 36.878498 ], [ -99.003672, 36.7852423 ], [ -98.9984554, 36.6667486 ], [ -98.9614235, 36.5726793 ], [ -98.9285511, 36.573416 ], [ -98.993257, 36.5482282 ], [ -98.9963739, 36.6193436 ], [ -99.1279444, 36.6162799 ], [ -99.1301173, 36.663683 ], [ -99.4921235, 36.6545739 ], [ -99.5566971, 36.6291131 ], [ -99.5846116, 36.5334188 ], [ -99.7172759, 36.5534671 ], [ -99.8486829, 36.5496821 ], [ -99.8788428, 36.5013158 ], [ -99.8734746, 36.4065036 ], [ -99.8406932, 36.4074686 ], [ -99.8393648, 36.3837625 ], [ -99.8013345, 36.2898824 ], [ -99.8627828, 36.2168259 ], [ -99.9608507, 36.2138886 ], [ -99.955392, 36.1190263 ], [ -99.9227486, 36.1200124 ], [ -99.9200473, 36.0725738 ], [ -99.8860874, 36.0498299 ], [ -99.8208632, 36.0517595 ], [ -99.7791438, 35.8866246 ], [ -99.9092793, 35.8827733 ], [ -99.9039174, 35.787845 ], [ -99.8389406, 35.7897847 ], [ -99.7687905, 35.69674 ], [ -99.5740946, 35.7022596 ], [ -99.5704261, 35.6310284 ], [ -99.8297478, 35.6236104 ], [ -99.8323698, 35.6710948 ], [ -99.9945277, 35.6661918 ], [ -100.0566074, 35.6166934 ], [ -100.0524491, 35.5454639 ], [ -99.987703, 35.547479 ], [ -99.9175983, 35.4544673 ], [ -99.7882641, 35.4583308 ], [ -99.7185153, 35.3651933 ], [ -99.5881131, 35.3450987 ], [ -99.5127678, 35.1329873 ], [ -99.5056226, 34.990334 ], [ -99.469969800000015, 34.919865 ], [ -99.3714081, 34.8748705 ], [ -99.3668499, 34.7797128 ], [ -99.263039, 34.615631 ], [ -99.071292, 34.6204042 ], [ -99.0362597, 34.549754899999989 ], [ -98.9734033, 34.5750717 ], [ -98.7178582, 34.5807906 ], [ -98.7160272, 34.5331714 ], [ -98.6202519, 34.5351824 ], [ -98.4900267, 34.4663088 ], [ -98.422971499999989, 34.372267 ], [ -98.420530899999989, 34.3007948 ], [ -98.3250615, 34.3025843 ], [ -98.2583794, 34.2084186 ], [ -98.2568658, 34.160751 ], [ -98.1615805, 34.1624177 ], [ -98.1644818, 34.2577492 ], [ -98.1984999, 34.3286848 ], [ -98.2621722, 34.3275635 ], [ -98.2652156, 34.4228549 ], [ -98.3305392, 34.4693372 ], [ -98.4262333, 34.4675442 ], [ -98.5278775, 34.6323589 ], [ -98.6584462, 34.7011668 ], [ -98.7544458, 34.6991276 ], [ -98.822254, 34.7929217 ], [ -98.8251194, 34.8643032 ], [ -98.7647141, 34.9608644 ], [ -98.668357, 34.9629099 ], [ -98.6701669, 35.0104828 ], [ -98.5424575, 35.036884 ], [ -98.4476507, 35.0863296 ], [ -98.4534817, 35.2527769 ], [ -98.48573660000001, 35.2521575 ], [ -98.488277, 35.3234728 ], [ -98.6209937, 35.4159785 ], [ -98.7179784, 35.4139704 ], [ -98.754063, 35.5083289 ], [ -98.6254717, 35.5347844 ], [ -98.6308654, 35.6773115 ], [ -98.566841599999989, 35.7023645 ], [ -98.570363199999989, 35.7973555 ], [ -98.6353772, 35.7960512 ], [ -98.6380917, 35.8672809 ], [ -98.5079275, 35.8698592 ], [ -98.4462016, 35.9660605 ], [ -98.2506626, 35.9695896 ], [ -98.2203614, 36.0413615 ], [ -98.1551091, 36.0424573 ], [ -98.1603146, 36.2085817 ], [ -98.1930197, 36.2080368 ], [ -98.202138, 36.4926923 ], [ -98.1394206, 36.5886294 ], [ -98.0743646, 36.6133938 ], [ -97.942761499999989, 36.6154036 ], [ -97.8795669, 36.7111941 ], [ -97.7807197, 36.7125673 ], [ -97.7869314, 36.9495855 ], [ -97.8212663, 36.9965256 ], [ -97.920526, 36.9951226 ], [ -97.9880847, 37.0415314 ], [ -97.9929576, 37.2073489 ], [ -98.0289882, 37.3015771 ], [ -98.0954575, 37.3005467 ], [ -98.1309329, 37.3710551 ], [ -98.0680241, 37.4904789 ], [ -98.0694795, 37.5378226 ], [ -98.0709369, 37.5851624 ], [ -98.0723963, 37.6324986 ], [ -98.0389976, 37.6330119 ], [ -98.0411553, 37.7040095 ], [ -98.0440394, 37.7986602 ], [ -98.0112681, 37.8228269 ], [ -98.014115, 37.91746 ], [ -98.0491062, 37.9642641 ], [ -98.1497972, 37.9626922 ], [ -98.1513208, 38.0099986 ], [ -98.2520783, 38.0083503 ], [ -98.2897197, 38.1260312 ], [ -98.1911186, 38.1986467 ], [ -98.1958003, 38.3405025 ], [ -98.2633061, 38.3393904 ], [ -98.2657266, 38.4103059 ], [ -98.1981487, 38.4114192 ], [ -98.201287799999989, 38.5059631 ], [ -98.032818, 38.532237 ], [ -97.8635492, 38.5346659 ], [ -97.8675514, 38.6764626 ], [ -97.8029219, 38.7955206 ], [ -97.8074588, 38.9608896 ], [ -97.7393081, 38.9617735 ], [ -97.7070731, 39.0330652 ], [ -97.7113844, 39.1983853 ], [ -97.7481061, 39.292407 ], [ -97.819230600000012, 39.385959 ], [ -97.888506400000011, 39.4086437 ], [ -97.9914286, 39.4071942 ], [ -97.9928712, 39.4544071 ], [ -98.0943461, 39.4056678 ], [ -98.1263421, 39.3343194 ], [ -98.1248057, 39.287101 ] ] ], [ [ [ -91.260106, 38.0384269 ], [ -91.3608142, 38.0419363 ], [ -91.3322065, 37.9698853 ], [ -91.26514, 37.9675396 ], [ -91.260106, 38.0384269 ] ] ], [ [ [ -99.0434761, 39.8839429 ], [ -99.1159806, 39.953167799999989 ], [ -99.2888961, 39.9491827 ], [ -99.3605088, 39.994693 ], [ -99.3580562, 39.9475285 ], [ -99.2531275, 39.9264129 ], [ -99.2507558, 39.879243 ], [ -99.0434761, 39.8839429 ] ] ], [ [ [ -99.4038137, 40.1589074 ], [ -99.4000793, 40.0881731 ], [ -99.3654248, 40.0890148 ], [ -99.369121299999989, 40.15975 ], [ -99.4038137, 40.1589074 ] ] ] ] } },
{ "type": "Feature", "properties": { "ID": 15 }, "geometry": { "type": "MultiPolygon", "coordinates": [ [ [ [ -94.3380542, 34.6227902 ], [ -94.2421372, 34.6215015 ], [ -94.2397623, 34.7167378 ], [ -94.3678251, 34.7184418 ], [ -94.4329174, 34.6716287 ], [ -94.6568949, 34.6741872 ], [ -94.6578011, 34.6265636 ], [ -94.3380542, 34.6227902 ] ] ], [ [ [ -93.6162652, 35.1589219 ], [ -93.4874197, 35.156465 ], [ -93.4839994, 35.2515689 ], [ -93.7097915, 35.2557884 ], [ -93.7129051, 35.1606797 ], [ -93.6162652, 35.1589219 ] ] ], [ [ [ -86.921057, 38.7177844 ], [ -86.9047932, 38.8354005 ], [ -86.9725172, 38.8399109 ], [ -86.962803, 38.9104749 ], [ -87.0984228, 38.9194036 ], [ -87.088832, 38.989969 ], [ -87.1227788, 38.992182299999989 ], [ -87.125966, 38.9686606 ], [ -87.2403654, 38.8811441 ], [ -87.2622967, 38.7164311 ], [ -87.3085438, 38.6244592 ], [ -87.241018, 38.6201143 ], [ -87.2628613, 38.4553408 ], [ -87.3027371, 38.4104251 ], [ -87.4037148, 38.4168859 ], [ -87.4831756, 38.3269522 ], [ -87.4892285, 38.2798472 ], [ -87.7244514, 38.2944843 ], [ -87.7156173, 38.3651544 ], [ -87.9175316, 38.3773862 ], [ -87.9905546, 38.3342737 ], [ -88.116713, 38.4128794 ], [ -88.1420009, 38.485523799999989 ], [ -88.1307788, 38.5797579 ], [ -88.2265402, 38.6327157 ], [ -88.311457, 38.7798243 ], [ -88.4469756, 38.787415 ], [ -88.4523825, 38.7403006 ], [ -88.5539696, 38.7459015 ], [ -88.5592967, 38.6987802 ], [ -88.8300865, 38.7133359 ], [ -88.9079539, 38.6226146 ], [ -88.9206025, 38.5047507 ], [ -88.858197, 38.4540571 ], [ -88.8709018, 38.3361691 ], [ -89.0392486, 38.3449474 ], [ -89.0778499, 38.2995099 ], [ -89.0925882, 38.1579846 ], [ -89.1646044, 38.1142273 ], [ -89.533871, 38.1324669 ], [ -89.6569463, 38.2568422 ], [ -89.6501754, 38.3276278 ], [ -89.751223400000015, 38.3323382 ], [ -89.746773, 38.3795273 ], [ -89.879441300000011, 38.409289699999988 ], [ -90.2167884, 38.4241246 ], [ -90.206465, 38.5421119 ], [ -90.2361523, 38.5907415 ], [ -90.4710054, 38.6241863 ], [ -90.4630882, 38.7185659 ], [ -90.49698690000001, 38.7199413 ], [ -90.498956299999989, 38.6963472 ], [ -90.5686775, 38.6754758 ], [ -90.5938211, 38.3686551 ], [ -90.5263801, 38.3659429 ], [ -90.4985385, 38.293753099999989 ], [ -90.4272131, 38.3382062 ], [ -90.2924125, 38.332582 ], [ -90.2057607, 38.1630368 ], [ -90.0398464, 38.1321014 ], [ -89.9098181, 38.0788774 ], [ -89.920594100000017, 37.9608309 ], [ -89.891416600000014, 37.9120864 ], [ -89.790994, 37.9074779 ], [ -89.7641375, 37.8350879 ], [ -89.6972705, 37.8319601 ], [ -89.7061621, 37.7375014 ], [ -89.746165, 37.6682121 ], [ -89.6505912, 37.6162545 ], [ -89.6773018, 37.3327402 ], [ -89.7104867, 37.3343146 ], [ -89.7258838, 37.1688616 ], [ -89.8668964, 37.0804883 ], [ -89.9436068, 36.9652894 ], [ -90.009631, 36.9682991 ], [ -90.1579962, 36.784949399999988 ], [ -90.2897191, 36.790724 ], [ -90.3305414, 36.6974777 ], [ -90.495005, 36.7044612 ], [ -90.5570178, 36.7545399 ], [ -90.5475398, 36.8728781 ], [ -90.5069099, 36.9661612 ], [ -90.4331014, 37.0580295 ], [ -90.392203, 37.1512463 ], [ -90.3804125, 37.2931332 ], [ -90.3412844, 37.3626544 ], [ -90.3998564, 37.4600247 ], [ -90.6327293, 37.4696077 ], [ -90.7344023, 37.4499471 ], [ -90.7936185, 37.5471293 ], [ -90.9584295, 37.5771656 ], [ -90.9548784, 37.6244467 ], [ -91.0549494, 37.6281871 ], [ -91.028595, 37.5323795 ], [ -91.1285331, 37.5360654 ], [ -91.1370854, 37.4178266 ], [ -91.1737315, 37.3717337 ], [ -91.3017317, 37.4474457 ], [ -91.7010983, 37.4609251 ], [ -91.7071319, 37.3662964 ], [ -91.6089558, 37.3393841 ], [ -91.6151076, 37.2447397 ], [ -91.6513337, 37.1985021 ], [ -91.7537826, 37.1543891 ], [ -91.8877782, 37.1348961 ], [ -91.8633282, 36.991824 ], [ -91.9322883, 36.9465188 ], [ -92.0314083, 36.9495316 ], [ -92.0286383, 36.9968898 ], [ -92.15688, 37.0718269 ], [ -92.358058899999989, 37.0300823 ], [ -92.589677, 37.036251 ], [ -92.5920573, 36.9888853 ], [ -92.8235547, 36.9946453 ], [ -92.8257705, 36.947272 ], [ -93.123258, 36.9540786 ], [ -93.1212497, 37.001456 ], [ -93.2204942, 37.0035775 ], [ -93.2185523, 37.0509522 ], [ -93.3509802, 37.0536667 ], [ -93.4851756, 37.0088708 ], [ -93.486930199999989, 36.9614888 ], [ -93.5861269, 36.9633363 ], [ -93.655532799999989, 36.8697465 ], [ -93.6571653, 36.8223503 ], [ -93.7891641, 36.8246276 ], [ -93.8603816, 36.6597898 ], [ -93.9920722, 36.6618646 ], [ -93.9906763, 36.7092788 ], [ -94.0895181, 36.7107494 ], [ -94.0875237, 36.7818641 ], [ -94.1509156, 36.8776103 ], [ -94.281239, 36.950489 ], [ -94.5788442, 36.9540214 ], [ -94.6094878, 37.0728504 ], [ -95.1726896, 37.0775624 ], [ -95.1732675, 37.0301714 ], [ -95.3388123, 37.0311012 ], [ -95.3371918, 37.1969543 ], [ -95.4031552, 37.2446468 ], [ -95.4695837, 37.2449285 ], [ -95.5019256, 37.363485 ], [ -95.5681683, 37.4110819 ], [ -95.5672563, 37.5531529 ], [ -95.633989899999989, 37.5533524 ], [ -95.7004075, 37.6245417 ], [ -95.6999847, 37.7192262 ], [ -96.0010324, 37.743231 ], [ -96.0345184, 37.7905617 ], [ -96.0345672, 37.8852211 ], [ -96.1687573, 37.9087822 ], [ -96.1688768, 37.9561047 ], [ -96.4709875, 37.9553861 ], [ -96.5041978, 37.9079424 ], [ -96.5027746, 37.7186187 ], [ -96.4693256, 37.71874 ], [ -96.4683341, 37.5767086 ], [ -96.5008307, 37.4582025 ], [ -96.8007007, 37.4567395 ], [ -96.8038083, 37.7171507 ], [ -96.8381428, 37.7879474 ], [ -96.904468799999989, 37.740179 ], [ -97.0044889, 37.7157962 ], [ -97.0030733, 37.621116 ], [ -97.068741, 37.5495789 ], [ -97.0672385, 37.4548732 ], [ -97.1330741, 37.4069651 ], [ -97.3328227, 37.4051171 ], [ -97.4654673, 37.3800393 ], [ -97.5330979, 37.4266482 ], [ -97.5357955, 37.5450256 ], [ -97.6358697, 37.5438375 ], [ -97.7043831, 37.614017 ], [ -97.7067882, 37.7086883 ], [ -97.8071032, 37.7073723 ], [ -97.8418401, 37.754246 ], [ -97.8450968, 37.8725525 ], [ -97.778056, 37.8734569 ], [ -97.7812055, 37.9917424 ], [ -97.9148443, 37.9662426 ], [ -97.910784299999989, 37.8242954 ], [ -98.0112681, 37.8228269 ], [ -98.0440394, 37.7986602 ], [ -98.037561599999989, 37.5856754 ], [ -98.0709369, 37.5851624 ], [ -98.0680241, 37.4904789 ], [ -98.1309329, 37.3710551 ], [ -98.0954575, 37.3005467 ], [ -98.0289882, 37.3015771 ], [ -97.9929576, 37.2073489 ], [ -97.9880847, 37.0415314 ], [ -97.920526, 36.9951226 ], [ -97.8212663, 36.9965256 ], [ -97.7869314, 36.9495855 ], [ -97.7807197, 36.7125673 ], [ -97.8795669, 36.7111941 ], [ -97.942761499999989, 36.6154036 ], [ -98.0743646, 36.6133938 ], [ -98.1394206, 36.5886294 ], [ -98.202138, 36.4926923 ], [ -98.1930197, 36.2080368 ], [ -98.1603146, 36.2085817 ], [ -98.1551091, 36.0424573 ], [ -98.2203614, 36.0413615 ], [ -98.2506626, 35.9695896 ], [ -98.4462016, 35.9660605 ], [ -98.5079275, 35.8698592 ], [ -98.6380917, 35.8672809 ], [ -98.6353772, 35.7960512 ], [ -98.570363199999989, 35.7973555 ], [ -98.566841599999989, 35.7023645 ], [ -98.6308654, 35.6773115 ], [ -98.6254717, 35.5347844 ], [ -98.754063, 35.5083289 ], [ -98.7179784, 35.4139704 ], [ -98.6209937, 35.4159785 ], [ -98.488277, 35.3234728 ], [ -98.48573660000001, 35.2521575 ], [ -98.4212263, 35.2533883 ], [ -98.3914119, 35.3253085 ], [ -98.2945418, 35.3270713 ], [ -98.2929794, 35.279527 ], [ -98.195423, 35.2574415 ], [ -98.0018574, 35.2606 ], [ -98.0004955, 35.2130454 ], [ -97.9037722, 35.2145146 ], [ -97.8689872, 35.1198617 ], [ -97.8045895, 35.1207835 ], [ -97.7390086, 35.0741011 ], [ -97.7050936, 35.0031658 ], [ -97.2228647, 35.0086776 ], [ -97.2220358, 34.9610897 ], [ -96.997125, 34.9630394 ], [ -96.9934211, 34.7012073 ], [ -97.05744390000001, 34.7006922 ], [ -97.0545949, 34.5101705 ], [ -97.0857884, 34.462257799999989 ], [ -97.1814968, 34.4614031 ], [ -97.1822926, 34.5090463 ], [ -97.2780632, 34.5081189 ], [ -97.3410055, 34.4598183 ], [ -97.3073445, 34.3648503 ], [ -97.179512, 34.3422717 ], [ -97.1767445, 34.1754306 ], [ -97.0817835, 34.2001212 ], [ -96.6685534, 34.2029823 ], [ -96.669002, 34.2506574 ], [ -96.573573, 34.251126 ], [ -96.5090989, 34.1321994 ], [ -96.4135508, 34.0848582 ], [ -96.3813043, 33.9895624 ], [ -96.159447899999989, 33.9900386 ], [ -96.1277113, 33.9662222 ], [ -95.8742438, 33.9662241 ], [ -95.8742018, 33.9900767 ], [ -95.8425078, 33.9900411 ], [ -95.8424024, 34.037742 ], [ -95.9057066, 34.1331906 ], [ -96.0009798, 34.1332258 ], [ -96.0327705, 34.204746 ], [ -95.9691497, 34.3000931 ], [ -95.7781558, 34.2999025 ], [ -95.7460678, 34.3713381 ], [ -95.618611199999989, 34.3710187 ], [ -95.6183547, 34.4186754 ], [ -95.554134100000013, 34.4899422 ], [ -95.458017399999989, 34.5372128 ], [ -95.4567362, 34.7039211 ], [ -95.3606944, 34.7034755 ], [ -95.3598297, 34.7987079 ], [ -95.1674906, 34.7975985 ], [ -95.167209, 34.821403 ], [ -95.4237491, 34.8228183 ], [ -95.423359, 34.8704242 ], [ -95.2629116, 34.8695996 ], [ -95.2624123, 34.9171999 ], [ -95.1327955, 35.0115791 ], [ -95.0038447, 35.0344365 ], [ -94.9709829, 35.081763699999989 ], [ -94.968531399999989, 35.2482585 ], [ -94.8717467, 35.2474459 ], [ -94.8709782, 35.2950041 ], [ -94.7397017, 35.4126788 ], [ -94.5456845, 35.410636499999988 ], [ -94.5113182, 35.5053408 ], [ -94.2846738, 35.5025292 ], [ -94.283501199999989, 35.5500568 ], [ -94.0891174, 35.5473287 ], [ -94.0878103, 35.5948499 ], [ -93.82848, 35.5907554 ], [ -93.8299643, 35.5432366 ], [ -93.6680098, 35.5404151 ], [ -93.6664149, 35.5879322 ], [ -93.115501, 35.5768147 ], [ -92.954544, 35.5493445 ], [ -92.9566242, 35.5018336 ], [ -92.6977298, 35.4954706 ], [ -92.6608104, 35.5896473 ], [ -92.5312079, 35.5862347 ], [ -92.4291309, 35.6785723 ], [ -92.3630057, 35.7005085 ], [ -92.2332117, 35.6967983 ], [ -92.1722522, 35.6236696 ], [ -92.0750209, 35.6207554 ], [ -92.0777043, 35.5732679 ], [ -91.9171767, 35.5445074 ], [ -91.8904226, 35.4484926 ], [ -92.2784037, 35.4602715 ], [ -92.3803607, 35.36801 ], [ -92.3865188, 35.2492022 ], [ -92.322038800000016, 35.2473734 ], [ -92.3257892, 35.1760753 ], [ -92.4224121, 35.178804 ], [ -92.491602, 35.0854957 ], [ -92.4963596, 34.9903883 ], [ -92.4642367, 34.989505 ], [ -92.4618377, 35.0370607 ], [ -92.3332673, 35.0334449 ], [ -92.2961012, 35.1276118 ], [ -92.1673734, 35.1238304 ], [ -92.1647682, 35.1713661 ], [ -92.0963858, 35.2407182 ], [ -91.9996908, 35.2377448 ], [ -91.9969672, 35.285265 ], [ -91.9002149, 35.2822171 ], [ -91.9043973, 35.2109374 ], [ -91.8399661, 35.2088668 ], [ -91.8020422, 35.3028528 ], [ -91.5117655, 35.2930514 ], [ -91.5041128, 35.4118009 ], [ -91.496434, 35.5305195 ], [ -91.3654266, 35.5496786 ], [ -91.2926572, 35.6660114 ], [ -91.1954082, 35.6624367 ], [ -91.1272462, 35.7074698 ], [ -91.0880842, 35.8011428 ], [ -90.9906564, 35.7974155 ], [ -90.9872188, 35.844855 ], [ -90.8448624, 36.0057591 ], [ -90.747159400000015, 36.0018508 ], [ -90.7073142, 36.0953516 ], [ -90.6420982, 36.0926859 ], [ -90.6365579, 36.1637863 ], [ -90.5060069, 36.1583521 ], [ -90.5022174, 36.2057434 ], [ -90.3082584, 36.1736497 ], [ -90.2716716, 36.2196046 ], [ -90.0757398, 36.210858 ], [ -90.0348607, 36.3041121 ], [ -89.9673912, 36.3247927 ], [ -89.9590441, 36.419507 ], [ -89.8829718, 36.534832 ], [ -89.7539417, 36.5049801 ], [ -89.764739, 36.3866208 ], [ -89.670938, 36.334557 ], [ -89.6840297, 36.1924833 ], [ -89.5883456, 36.1640245 ], [ -89.5468336, 36.2571336 ], [ -89.5312086, 36.422845 ], [ -89.3888294, 36.5346307 ], [ -89.2927904, 36.5059748 ], [ -89.3043838, 36.387655 ], [ -89.238951899999989, 36.38429 ], [ -89.2482876, 36.2896178 ], [ -89.15265, 36.2608456 ], [ -89.1247418, 36.2117877 ], [ -89.1342112, 36.1170915 ], [ -89.0690448, 36.1136397 ], [ -89.0508195, 35.9698314 ], [ -88.9857964, 35.9663369 ], [ -88.9629576, 35.8698465 ], [ -88.9750084, 35.7514057 ], [ -88.8826643, 35.698711 ], [ -88.9965963, 35.5381355 ], [ -89.0037629, 35.4670231 ], [ -89.0683204, 35.4705124 ], [ -89.1100032, 35.3774048 ], [ -89.1193793, 35.2825446 ], [ -89.2205839, 35.240241 ], [ -89.1953477, 35.1673685 ], [ -89.167846, 35.1182069 ], [ -89.1357264, 35.1164899 ], [ -89.0942334, 35.209659 ], [ -89.0299155, 35.2061808 ], [ -88.9882281, 35.2992971 ], [ -88.8916379, 35.2939891 ], [ -88.8867975, 35.3414122 ], [ -88.7901568, 35.3360286 ], [ -88.7950625, 35.2886086 ], [ -88.6985021, 35.2831556 ], [ -88.7158194, 35.4272197 ], [ -88.5741732, 35.538342299999989 ], [ -88.5665596, 35.6094192 ], [ -88.4916359, 35.7004277 ], [ -88.4489289, 35.7932696 ], [ -88.473607199999989, 35.8661888 ], [ -88.4307736, 35.9589929 ], [ -88.4203599, 36.0536656 ], [ -88.2902298, 36.0460156 ], [ -88.2849235, 36.0933403 ], [ -88.2523733, 36.091406299999989 ], [ -88.2171468, 36.1131237 ], [ -88.2117851, 36.160439 ], [ -88.179205200000013, 36.158487 ], [ -88.1738138, 36.2057965 ], [ -88.0434241, 36.1979026 ], [ -88.0379361, 36.2452027 ], [ -87.972708, 36.2412046 ], [ -87.9671679, 36.2884977 ], [ -87.8366454, 36.2803988 ], [ -87.8338279, 36.3040412 ], [ -87.735923, 36.2978797 ], [ -87.6975618, 36.343086 ], [ -87.6918238, 36.3903578 ], [ -87.7216387, 36.4160652 ], [ -87.5582241, 36.4056176 ], [ -87.4899313, 36.4250107 ], [ -87.4869882, 36.4486388 ], [ -87.457247200000012, 36.4228797 ], [ -87.3918852, 36.4185934 ], [ -87.38593, 36.4658446 ], [ -87.1570717, 36.4505765 ], [ -87.1601286, 36.426956 ], [ -87.1274541, 36.4247429 ], [ -87.0947817, 36.4225217 ], [ -86.9967773, 36.415809 ], [ -87.002996200000013, 36.3685712 ], [ -86.9082176, 36.3381706 ], [ -86.8881751, 36.241411 ], [ -86.8555977, 36.2391293 ], [ -86.8524445, 36.2627513 ], [ -86.6569594, 36.2488864 ], [ -86.6794512, 36.0835367 ], [ -86.5819706, 36.0765092 ], [ -86.5689989, 36.1709935 ], [ -86.4582656, 36.2583413 ], [ -86.4223931, 36.2795632 ], [ -86.4157827, 36.3267807 ], [ -86.249432700000014, 36.3383079 ], [ -86.2426977, 36.3855112 ], [ -86.0469913, 36.3707384 ], [ -86.0178282, 36.344652 ], [ -85.9200472, 36.3371337 ], [ -85.913085600000016, 36.3843198 ], [ -85.7826559, 36.3741757 ], [ -85.7358805, 36.4659624 ], [ -85.590930899999989, 36.5499555 ], [ -85.5547791, 36.7856548 ], [ -85.4818972, 36.8275476 ], [ -85.4162859, 36.8222816 ], [ -85.3687085, 36.9138593 ], [ -85.1350747, 36.9186385 ], [ -85.109815, 36.8688298 ], [ -85.1287132, 36.751075 ], [ -85.0015204, 36.7166068 ], [ -84.9824118, 36.8343507 ], [ -84.8201955, 37.0115945 ], [ -84.7466198, 37.0530631 ], [ -84.5164721, 37.0332183 ], [ -84.5084643, 37.0802633 ], [ -84.2413274, 37.080593 ], [ -84.2537323, 37.2010773 ], [ -84.3855105, 37.2127234 ], [ -84.373325900000012, 37.2832549 ], [ -84.1670747, 37.5036536 ], [ -84.11732, 37.5946642 ], [ -83.9637056, 37.7001706 ], [ -83.9424966, 37.8175558 ], [ -84.0089588, 37.8235432 ], [ -84.0168519, 37.9673698 ], [ -83.9828953, 38.1551076 ], [ -84.083103799999989, 38.1640414 ], [ -84.1583157, 38.1230179 ], [ -84.1708805, 38.0526037 ], [ -84.1125837, 37.9997546 ], [ -84.1542847, 37.9557595 ], [ -84.2875334, 37.9674888 ], [ -84.391602, 37.952716 ], [ -84.3669496, 38.0935983 ], [ -84.4964382, 38.1285948 ], [ -84.488284600000014, 38.1755531 ], [ -84.6514515, 38.2132572 ], [ -84.6594947, 38.1662919 ], [ -84.7598078, 38.1747228 ], [ -84.7813219, 38.2479738 ], [ -84.9487553, 38.2618311 ], [ -84.9644226, 38.1678686 ], [ -85.0056647, 38.1236229 ], [ -85.1393927, 38.1345052 ], [ -85.1536178, 38.2546912 ], [ -85.2579385, 38.2392558 ], [ -85.3919396, 38.249885899999988 ], [ -85.339518200000015, 38.3647338 ], [ -85.3167292, 38.5056948 ], [ -85.2830985, 38.5030321 ], [ -85.275457, 38.550010199999988 ], [ -85.3091112, 38.5526746 ], [ -85.3129215, 38.5291852 ], [ -85.3726384, 38.5814686 ], [ -85.507351, 38.5919794 ], [ -85.679484699999989, 38.581432 ], [ -85.672116, 38.6284267 ], [ -85.7395383, 38.63355 ], [ -85.7468597, 38.586552 ], [ -85.780551, 38.5890994 ], [ -85.7878384, 38.5420963 ], [ -85.8215087, 38.5446337 ], [ -85.8504605, 38.3565787 ], [ -85.954776099999989, 38.3406082 ], [ -85.9404722, 38.4346562 ], [ -85.9633745, 38.5076851 ], [ -85.997034, 38.5101792 ], [ -86.0183788, 38.3691084 ], [ -86.036097, 38.2515244 ], [ -86.0766758, 38.2069598 ], [ -86.2072618, 38.2403025 ], [ -86.442045, 38.2571694 ], [ -86.489105099999989, 38.165418 ], [ -86.6231417, 38.1748275 ], [ -86.720402, 38.2053356 ], [ -86.7375007, 38.3253254 ], [ -86.8046929, 38.3299223 ], [ -86.8252442, 38.426346699999989 ], [ -86.9229663, 38.4566977 ], [ -86.90677, 38.5743573 ], [ -86.9742268, 38.5788684 ], [ -86.9548581, 38.7200401 ], [ -86.921057, 38.7177844 ] ], [ [ -96.4135508, 34.0848582 ], [ -96.4138279, 34.132547599999988 ], [ -96.3185561, 34.132824 ], [ -96.3183428, 34.0851343 ], [ -96.4135508, 34.0848582 ] ], [ [ -96.6410645, 34.6796542 ], [ -96.5132252, 34.7040456 ], [ -96.4488933, 34.6566628 ], [ -96.4484393, 34.5852161 ], [ -96.5762803, 34.5847012 ], [ -96.6410645, 34.6796542 ] ], [ [ -96.325982, 35.7511334 ], [ -96.4234746, 35.7508517 ], [ -96.4242017, 35.8696179 ], [ -96.2939882, 35.8699777 ], [ -96.2611655, 35.7987907 ], [ -96.1961252, 35.7989053 ], [ -96.0984293, 35.7039906 ], [ -96.1307707, 35.6326804 ], [ -96.2605399, 35.6324842 ], [ -96.325982, 35.7511334 ] ], [ [ -95.9690771, 34.4668972 ], [ -95.9690249, 34.5860028 ], [ -95.9051026, 34.5859711 ], [ -95.9052623, 34.4668657 ], [ -95.9690771, 34.4668972 ] ], [ [ -95.1319121, 35.082954 ], [ -95.1629618, 35.1783168 ], [ -95.034042, 35.177412 ], [ -95.0346984, 35.1298406 ], [ -95.1313223, 35.1305309 ], [ -95.1319121, 35.082954 ] ], [ [ -93.0160135, 36.3823002 ], [ -93.111360499999989, 36.4556438 ], [ -93.1083566, 36.5267742 ], [ -93.1720988, 36.5756204 ], [ -93.3036036, 36.578384199999988 ], [ -93.3327803, 36.6738773 ], [ -93.1962205, 36.7896435 ], [ -92.9324159, 36.783771099999989 ], [ -92.904828099999989, 36.6645095 ], [ -92.9706591, 36.6660413 ], [ -92.9738125, 36.5949329 ], [ -92.8422903, 36.5918393 ], [ -92.7425265, 36.613135 ], [ -92.705064600000014, 36.7071132 ], [ -92.5733391, 36.7037514 ], [ -92.5792829, 36.5852575 ], [ -92.5852061, 36.4667365 ], [ -92.5523906, 36.4658781 ], [ -92.554776800000013, 36.4184626 ], [ -92.4891937, 36.4167222 ], [ -92.4916219, 36.3693033 ], [ -92.3643278, 36.2945928 ], [ -92.3580375, 36.4131429 ], [ -92.4186567, 36.5097713 ], [ -92.4124408, 36.6282748 ], [ -92.344122, 36.6738566 ], [ -92.3403084, 36.7449378 ], [ -92.2085291, 36.7412115 ], [ -92.1822235, 36.6217925 ], [ -92.1164552, 36.6198665 ], [ -92.087646, 36.5478007 ], [ -91.8905745, 36.5417814 ], [ -91.8877233, 36.5891724 ], [ -91.7562711, 36.5849927 ], [ -91.717468700000012, 36.67869 ], [ -91.1582299, 36.6592972 ], [ -91.1304159, 36.5870307 ], [ -91.138846199999989, 36.4685893 ], [ -91.1749831, 36.4224161 ], [ -91.2765776, 36.3786086 ], [ -91.2847303, 36.2601102 ], [ -91.3581408, 36.1439235 ], [ -91.35974, 36.120214 ], [ -91.3271077, 36.1190484 ], [ -91.3383493, 35.9530524 ], [ -91.4685718, 35.9576562 ], [ -91.5398217, 35.8650206 ], [ -91.6773108, 35.7507799 ], [ -91.680271499999989, 35.703314 ], [ -91.8749399, 35.7096613 ], [ -91.9031786, 35.7818941 ], [ -92.098087299999989, 35.7879053 ], [ -92.0954095, 35.8353719 ], [ -92.3230004, 35.8420187 ], [ -92.3217381, 35.8657521 ], [ -92.874819699999989, 35.8802373 ], [ -92.9062985, 35.9047529 ], [ -93.0365152, 35.9077872 ], [ -93.0344777, 35.9552591 ], [ -93.1322147, 35.9574505 ], [ -93.1302415, 36.004919 ], [ -93.0324374, 36.0027263 ], [ -93.0303943, 36.0501889 ], [ -92.8346708, 36.0455803 ], [ -92.8324902, 36.0930356 ], [ -92.7638662, 36.1626061 ], [ -92.8618886, 36.1649997 ], [ -92.8902752, 36.2606664 ], [ -92.7921153, 36.2582945 ], [ -92.7910073, 36.2820123 ], [ -92.7582776, 36.2812051 ], [ -92.7537928, 36.3760642 ], [ -93.0160135, 36.3823002 ] ], [ [ -85.3278638, 37.1728812 ], [ -85.2364844, 37.1177798 ], [ -85.2477409, 37.0471514 ], [ -85.4086063, 37.0840068 ], [ -85.4671215, 37.13637 ], [ -85.4487048, 37.2540906 ], [ -85.3278638, 37.1728812 ] ], [ [ -88.9221958, 38.1728575 ], [ -88.9322299, 38.0785041 ], [ -88.9993062, 38.0820115 ], [ -88.9893667, 38.1763693 ], [ -88.9221958, 38.1728575 ] ] ], [ [ [ -92.8500325, 37.1375321 ], [ -92.717463099999989, 37.1343174 ], [ -92.7094074, 37.3000446 ], [ -92.8411941, 37.3269387 ], [ -92.8389768, 37.3742805 ], [ -93.0052867, 37.3781244 ], [ -93.0147174, 37.1650447 ], [ -92.8500325, 37.1375321 ] ] ], [ [ [ -93.1111658, 37.2382827 ], [ -93.0759215, 37.2849098 ], [ -93.1735994, 37.3344143 ], [ -93.177559699999989, 37.2397097 ], [ -93.1111658, 37.2382827 ] ] ], [ [ [ -92.0423665, 37.3292759 ], [ -92.0824641, 37.211925 ], [ -91.9497905, 37.2079439 ], [ -91.9094648, 37.3252555 ], [ -92.0423665, 37.3292759 ] ] ], [ [ [ -93.7960747, 37.630395899999989 ], [ -93.797626799999989, 37.5830611 ], [ -93.6975106, 37.5813738 ], [ -93.694263299999989, 37.6760375 ], [ -93.7960747, 37.630395899999989 ] ] ], [ [ [ -90.4605466, 37.5337174 ], [ -90.3293497, 37.504485 ], [ -90.3253603, 37.551754 ], [ -90.4233245, 37.5796002 ], [ -90.4605466, 37.5337174 ] ] ], [ [ [ -90.7102475, 37.7572315 ], [ -90.7046419, 37.8281206 ], [ -90.8384595, 37.8333388 ], [ -90.843924, 37.7624448 ], [ -90.7102475, 37.7572315 ] ] ], [ [ [ -91.3193422, 38.6323889 ], [ -91.3293629, 38.4907283 ], [ -91.4051592, 38.374963099999988 ], [ -91.4726422, 38.3772375 ], [ -91.5848851, 38.2152303 ], [ -91.6005187, 37.9789339 ], [ -91.5763738, 37.8360135 ], [ -91.512604, 37.7865103 ], [ -91.5173521, 37.7155852 ], [ -91.4505334, 37.7133309 ], [ -91.4569425, 37.6187538 ], [ -91.3902222, 37.6164691 ], [ -91.3837193, 37.7110432 ], [ -91.2801779, 37.7548285 ], [ -91.2551245, 37.6354431 ], [ -91.1550316, 37.6318526 ], [ -91.0796437, 37.7476111 ], [ -91.0128087, 37.7451386 ], [ -90.9898287, 38.0523245 ], [ -90.9208916, 38.0734309 ], [ -90.9100638, 38.2151477 ], [ -90.8372629, 38.2834365 ], [ -90.8299076, 38.3778833 ], [ -90.8581452, 38.4499955 ], [ -90.9256849, 38.4525421 ], [ -90.918437, 38.5469703 ], [ -91.0145592, 38.6215481 ], [ -91.1161424, 38.6252376 ], [ -91.1126477, 38.6724467 ], [ -91.2143146, 38.6760626 ], [ -91.2177368, 38.6288512 ], [ -91.3193422, 38.6323889 ] ], [ [ -91.260106, 38.0384269 ], [ -91.26514, 37.9675396 ], [ -91.3322065, 37.9698853 ], [ -91.3608142, 38.0419363 ], [ -91.260106, 38.0384269 ] ] ], [ [ [ -89.3284671, 35.1266713 ], [ -89.4248583, 35.1316533 ], [ -89.429319800000016, 35.0841888 ], [ -89.3329936, 35.0792096 ], [ -89.3284671, 35.1266713 ] ] ], [ [ [ -89.1953477, 35.1673685 ], [ -89.3239345, 35.1741277 ], [ -89.3284671, 35.1266713 ], [ -89.1999671, 35.1199159 ], [ -89.1953477, 35.1673685 ] ] ], [ [ [ -85.0015204, 36.7166068 ], [ -85.0167599, 36.622391 ], [ -84.9186976, 36.61413 ], [ -84.8705979, 36.7055625 ], [ -85.0015204, 36.7166068 ] ] ], [ [ [ -90.2748601, 37.3598121 ], [ -90.2868836, 37.2179511 ], [ -90.2206036, 37.2150809 ], [ -90.2064093, 37.3805757 ], [ -90.2748601, 37.3598121 ] ] ], [ [ [ -79.5558473, 37.0576178 ], [ -79.5289491, 37.0301839 ], [ -79.5232233, 37.0535239 ], [ -79.5558473, 37.0576178 ] ] ], [ [ [ -79.2671362, 37.4061088 ], [ -79.263597, 37.2853686 ], [ -79.2367268, 37.2578865 ], [ -79.1000566, 37.264467 ], [ -79.0705474, 37.3810129 ], [ -79.1301685, 37.4127187 ], [ -79.2671362, 37.4061088 ] ] ], [ [ [ -85.2225951, 38.6647625 ], [ -85.1513082, 38.6828639 ], [ -85.1850252, 38.6855586 ], [ -85.1734223, 38.7559978 ], [ -85.2409355, 38.7613672 ], [ -85.290019, 38.6701083 ], [ -85.2225951, 38.6647625 ] ] ], [ [ [ -81.6075002, 38.4470775 ], [ -81.707799799999989, 38.4577675 ], [ -81.6997751, 38.3373347 ], [ -81.5380615, 38.296091 ], [ -81.6075002, 38.4470775 ] ] ], [ [ [ -76.6596368, 39.0288927 ], [ -76.7264643, 39.0384488 ], [ -76.6919558, 39.1541198 ], [ -76.7589157, 39.1636585 ], [ -76.8052676, 39.2425731 ], [ -76.7914915, 39.2888405 ], [ -76.8853062, 39.3261976 ], [ -76.952470600000012, 39.3356399 ], [ -76.966142499999989, 39.2893591 ], [ -77.0604755, 39.2061766 ], [ -77.154324699999989, 39.243354 ], [ -77.2885794, 39.2619448 ], [ -77.3422417, 39.1970888 ], [ -77.5237078, 39.2941618 ], [ -77.5837695, 39.2060433 ], [ -77.6167306, 39.0901608 ], [ -77.656808, 39.0715277 ], [ -77.7908509, 39.0896314 ], [ -77.8967944, 38.9594741 ], [ -77.9226326, 38.8666804 ], [ -77.9689193, 38.824749 ], [ -78.0023189, 38.8292124 ], [ -78.0151472, 38.7827994 ], [ -77.9817703, 38.7783389 ], [ -78.0010129, 38.708716 ], [ -78.0471392, 38.6667489 ], [ -78.1471273, 38.68006 ], [ -78.1978108, 38.4942901 ], [ -78.2562494, 38.405783299999989 ], [ -78.3476994, 38.3216218 ], [ -78.414047, 38.3303613 ], [ -78.478249, 38.2184927 ], [ -78.3457775, 38.2010413 ], [ -78.3975503, 38.1356798 ], [ -78.4223715, 38.0426821 ], [ -78.368738, 37.9874428 ], [ -78.3625257, 38.0106935 ], [ -78.3295119, 38.0063131 ], [ -78.317052, 38.0528082 ], [ -78.271521, 38.0949049 ], [ -78.1723859, 38.081674 ], [ -78.1141203, 38.1701877 ], [ -78.008553, 38.1800707 ], [ -77.8762831, 38.1621578 ], [ -77.8634775, 38.2085993 ], [ -77.7578125, 38.2182857 ], [ -77.5659324, 38.1677945 ], [ -77.5984111, 38.051746 ], [ -77.5784103, 38.0007541 ], [ -77.4860725, 37.9638022 ], [ -77.4990934, 37.9173792 ], [ -77.3740295, 37.8757526 ], [ -77.4132193, 37.7364825 ], [ -77.4987116, 37.7967157 ], [ -77.5440617, 37.6341665 ], [ -77.5242264, 37.5831322 ], [ -77.5371472, 37.5366767 ], [ -77.5044212, 37.532090599999989 ], [ -77.4979522, 37.5553175 ], [ -77.4652198, 37.5507219 ], [ -77.419497, 37.5925628 ], [ -77.3407622, 37.3882939 ], [ -77.2754856, 37.3790151 ], [ -77.3015735, 37.2861154 ], [ -77.236401, 37.2768157 ], [ -77.223437, 37.2024786 ], [ -77.1649068, 37.1699145 ], [ -77.1520416, 37.0955564 ], [ -77.1847153, 36.979401 ], [ -77.1263959, 36.9468069 ], [ -77.0812378, 36.8677199 ], [ -77.0681325, 36.9141852 ], [ -77.0423039, 36.8862485 ], [ -76.9775504, 36.8768152 ], [ -76.9319813, 36.9185379 ], [ -76.8989044, 37.0346433 ], [ -76.9048482, 37.1322484 ], [ -76.9764463, 37.1184954 ], [ -76.9433479, 37.2345704 ], [ -76.9041651, 37.2530462 ], [ -76.8775433, 37.3458724 ], [ -76.798991, 37.3827658 ], [ -76.7788845, 37.452356 ], [ -76.6607564, 37.5075804 ], [ -76.6799134, 37.5587472 ], [ -76.6393065, 37.6978391 ], [ -76.6053385, 37.8137154 ], [ -76.5520728, 37.8784101 ], [ -76.5247135, 37.971069 ], [ -76.5370489, 38.0453775 ], [ -76.6028728, 38.0550072 ], [ -76.6153109, 38.1292989 ], [ -76.6744145, 38.1620527 ], [ -76.832583, 38.209064 ], [ -76.799576, 38.2043105 ], [ -76.7393812, 38.292205 ], [ -76.6733027, 38.2826454 ], [ -76.6527923, 38.3521165 ], [ -76.7373859, 38.5333229 ], [ -76.9296883, 38.5849614 ], [ -77.0360567, 38.5759278 ], [ -77.1689222, 38.5946516 ], [ -77.1219892, 38.7568353 ], [ -77.0617199, 38.8448028 ], [ -76.9018627, 38.7981021 ], [ -76.7686637, 38.7791225 ], [ -76.6745746, 38.862151 ], [ -76.6803512, 38.9594867 ], [ -76.6596368, 39.0288927 ] ], [ [ -76.8453067, 38.2833168 ], [ -76.832583, 38.209064 ], [ -76.8918643, 38.2417186 ], [ -76.8453067, 38.2833168 ] ], [ [ -77.8752096, 38.7881094 ], [ -77.8558108, 38.8577069 ], [ -77.7491031, 38.8673778 ], [ -77.8084741, 38.7791117 ], [ -77.8752096, 38.7881094 ] ] ], [ [ [ -75.6899333, 39.0071116 ], [ -75.849426, 39.0552152 ], [ -75.8971584, 39.0140069 ], [ -75.9258338, 38.9216185 ], [ -75.7521801, 38.9197782 ], [ -75.6899333, 39.0071116 ] ] ], [ [ [ -77.4298389, 39.3776524 ], [ -77.4164776, 39.4239736 ], [ -77.4501457, 39.4285686 ], [ -77.463484, 39.3822443 ], [ -77.4298389, 39.3776524 ] ] ], [ [ [ -75.9064437, 39.208686 ], [ -75.8946037, 39.1344444 ], [ -75.7944094, 39.1194914 ], [ -75.806133100000011, 39.193743 ], [ -75.7771693, 39.2860737 ], [ -75.844128, 39.296056799999988 ], [ -75.8296605, 39.3422223 ], [ -75.8631701, 39.3472048 ], [ -75.9038985, 39.3290936 ], [ -75.9327025, 39.2367413 ], [ -75.9064437, 39.208686 ] ] ], [ [ [ -74.7686077, 40.0030164 ], [ -74.6991634, 40.2100392 ], [ -74.8762562, 40.2132104 ], [ -74.9069241, 40.1211713 ], [ -74.9560439, 40.0803447 ], [ -75.023697500000011, 40.0907176 ], [ -75.0389081, 40.044678 ], [ -75.0727201, 40.0498486 ], [ -75.0878862, 40.0038017 ], [ -75.0919748, 39.8835085 ], [ -75.0472572, 39.8040892 ], [ -75.0135755, 39.798911 ], [ -74.9494902, 39.8858119 ], [ -74.814657, 39.8649567 ], [ -74.7242048, 39.9235038 ], [ -74.7165044, 39.9465097 ], [ -74.7502391, 39.9517592 ], [ -74.7348447, 39.9977716 ], [ -74.7686077, 40.0030164 ] ] ] ] } },
{ "type": "Feature", "properties": { "ID": 16 }, "geometry": { "type": "MultiPolygon", "coordinates": [ [ [ [ -97.4643989, 31.1561146 ], [ -97.496808, 31.2518687 ], [ -97.5568504, 31.2030336 ], [ -97.5553489, 31.1309293 ], [ -97.4643989, 31.1561146 ] ] ], [ [ [ -96.6566627, 32.9135958 ], [ -96.719108, 32.9132487 ], [ -96.7513202, 33.0087209 ], [ -96.8763728, 33.0078997 ], [ -96.9064398, 32.9120183 ], [ -97.0303059, 32.8392828 ], [ -97.026590399999989, 32.5760515 ], [ -96.9022794, 32.5770257 ], [ -96.9028714, 32.6249005 ], [ -96.7473765, 32.6259423 ], [ -96.747867200000016, 32.6738114 ], [ -96.623386599999989, 32.674503799999989 ], [ -96.655152199999989, 32.7461348 ], [ -96.6566627, 32.9135958 ] ] ], [ [ [ -96.0321559, 32.8435727 ], [ -95.9073516, 32.8674641 ], [ -95.9072906, 32.9153033 ], [ -96.0321876, 32.9153338 ], [ -96.0321559, 32.8435727 ] ] ], [ [ [ -96.5708911, 33.917282299999989 ], [ -96.6658739, 33.9168154 ], [ -96.6649855, 33.8213815 ], [ -96.5701295, 33.8218479 ], [ -96.5708911, 33.917282299999989 ] ] ], [ [ [ -89.1953477, 35.1673685 ], [ -89.2205839, 35.240241 ], [ -89.1193793, 35.2825446 ], [ -89.1100032, 35.3774048 ], [ -89.0683204, 35.4705124 ], [ -89.0037629, 35.4670231 ], [ -88.9965963, 35.5381355 ], [ -88.8826643, 35.698711 ], [ -88.9750084, 35.7514057 ], [ -88.9629576, 35.8698465 ], [ -88.9857964, 35.9663369 ], [ -89.0508195, 35.9698314 ], [ -89.0690448, 36.1136397 ], [ -89.1342112, 36.1170915 ], [ -89.1247418, 36.2117877 ], [ -89.15265, 36.2608456 ], [ -89.2482876, 36.2896178 ], [ -89.238951899999989, 36.38429 ], [ -89.3043838, 36.387655 ], [ -89.2927904, 36.5059748 ], [ -89.3888294, 36.5346307 ], [ -89.5312086, 36.422845 ], [ -89.5468336, 36.2571336 ], [ -89.5883456, 36.1640245 ], [ -89.6840297, 36.1924833 ], [ -89.670938, 36.334557 ], [ -89.764739, 36.3866208 ], [ -89.7539417, 36.5049801 ], [ -89.8829718, 36.534832 ], [ -89.9590441, 36.419507 ], [ -89.9673912, 36.3247927 ], [ -90.0348607, 36.3041121 ], [ -90.0757398, 36.210858 ], [ -90.2716716, 36.2196046 ], [ -90.3082584, 36.1736497 ], [ -90.5022174, 36.2057434 ], [ -90.5060069, 36.1583521 ], [ -90.6365579, 36.1637863 ], [ -90.6420982, 36.0926859 ], [ -90.7073142, 36.0953516 ], [ -90.747159400000015, 36.0018508 ], [ -90.8448624, 36.0057591 ], [ -90.9872188, 35.844855 ], [ -90.9906564, 35.7974155 ], [ -91.0880842, 35.8011428 ], [ -91.1272462, 35.7074698 ], [ -91.1954082, 35.6624367 ], [ -91.2926572, 35.6660114 ], [ -91.3654266, 35.5496786 ], [ -91.496434, 35.5305195 ], [ -91.5041128, 35.4118009 ], [ -91.5163447, 35.2217867 ], [ -91.550074099999989, 35.1991494 ], [ -91.5576257, 35.0803416 ], [ -91.657032, 35.0361148 ], [ -91.6935473, 34.9658889 ], [ -91.7898544, 34.9690947 ], [ -91.7927059, 34.9215454 ], [ -91.9531285, 34.9267243 ], [ -91.9879335, 34.880178 ], [ -92.0280662, 34.738474 ], [ -92.125385799999989, 34.7176398 ], [ -92.1345229, 34.5510731 ], [ -92.2034785, 34.4577864 ], [ -92.2098544, 34.3387401 ], [ -92.1831585, 34.242523 ], [ -92.1208997, 34.2167699 ], [ -92.0943699, 34.1205057 ], [ -92.0322499, 34.0947014 ], [ -91.873697299999989, 34.089613 ], [ -91.8709334, 34.1372571 ], [ -91.6805738, 34.1308844 ], [ -91.591312, 34.0323071 ], [ -91.466122, 34.0039853 ], [ -91.469151, 33.9563349 ], [ -91.3441429, 33.9278865 ], [ -91.2840377, 33.8778732 ], [ -91.2981574, 33.6633535 ], [ -91.2351379, 33.6609707 ], [ -91.2587958, 33.3031838 ], [ -91.1679408, 33.2518364 ], [ -91.207197, 33.133701 ], [ -91.2245439, 32.8709984 ], [ -91.1701603, 32.7491045 ], [ -91.1812404, 32.5817814 ], [ -91.057083, 32.5768533 ], [ -91.0343016, 32.9114041 ], [ -91.0031223, 32.9101479 ], [ -90.993233, 33.053431 ], [ -90.8353426, 33.0708952 ], [ -90.8319326, 33.1186374 ], [ -90.7068799, 33.1133641 ], [ -90.6148799, 33.0854586 ], [ -90.5487907, 33.1304609 ], [ -90.5120903, 33.2006697 ], [ -90.4458317, 33.2456036 ], [ -90.2665322, 33.5246504 ], [ -90.2416823, 33.8343962 ], [ -90.304818200000014, 33.8372774 ], [ -90.2761924, 34.194385 ], [ -90.242536700000016, 34.2167379 ], [ -90.2665865, 34.3133503 ], [ -90.2550168, 34.456063 ], [ -90.0321414, 34.4457665 ], [ -90.0261151, 34.5170956 ], [ -89.9522067, 34.6329298 ], [ -89.8182967, 34.6980815 ], [ -89.7139873, 34.7884184 ], [ -89.618046, 34.78365 ], [ -89.5817319, 34.8295468 ], [ -89.5730413, 34.9245354 ], [ -89.5045642, 34.9687795 ], [ -89.4614316, 35.0858324 ], [ -89.429319800000016, 35.0841888 ], [ -89.4248583, 35.1316533 ], [ -89.3284671, 35.1266713 ], [ -89.3239345, 35.1741277 ], [ -89.1953477, 35.1673685 ] ] ], [ [ [ -89.167846, 35.1182069 ], [ -89.1953477, 35.1673685 ], [ -89.1999671, 35.1199159 ], [ -89.167846, 35.1182069 ] ] ], [ [ [ -85.206504099999989, 35.6346726 ], [ -85.1705741, 35.6555758 ], [ -85.1631705, 35.7027858 ], [ -85.4572465, 35.7032389 ], [ -85.4500331, 35.7504604 ], [ -85.4823309, 35.7530947 ], [ -85.4895225, 35.7058717 ], [ -85.5863652, 35.7137217 ], [ -85.6650762, 35.6244384 ], [ -85.6791748, 35.5299416 ], [ -85.840218, 35.5427534 ], [ -85.9184097, 35.4532838 ], [ -85.8644209, 35.3773084 ], [ -85.8781996, 35.2827398 ], [ -85.984711, 35.2193596 ], [ -85.998296, 35.1247453 ], [ -86.1264257, 35.1347019 ], [ -86.1717984, 35.0425212 ], [ -86.1078101, 35.0375806 ], [ -86.0858926, 34.9641032 ], [ -85.9900298, 34.9566147 ], [ -85.9832525, 35.0039419 ], [ -85.791461, 34.9887406 ], [ -85.7456231, 35.0807969 ], [ -85.8027134, 35.1332216 ], [ -85.5785983, 35.1151483 ], [ -85.5003504, 35.2044774 ], [ -85.4860754, 35.2990211 ], [ -85.4147074, 35.3410021 ], [ -85.4038967, 35.4118835 ], [ -85.2856129, 35.5456058 ], [ -85.2387387, 35.6373682 ], [ -85.206504099999989, 35.6346726 ] ] ], [ [ [ -85.1098156, 35.6265374 ], [ -85.1172472, 35.5793229 ], [ -85.149452599999989, 35.582041 ], [ -85.2359115, 35.4457645 ], [ -85.3002105, 35.4511352 ], [ -85.4611514, 35.2491175 ], [ -85.4754499, 35.1545662 ], [ -85.514586799999989, 35.1099125 ], [ -85.3901884, 35.0757033 ], [ -85.3437663, 35.1675974 ], [ -85.2797247, 35.1622451 ], [ -85.2330999, 35.2540815 ], [ -85.1616261, 35.2959262 ], [ -85.1505652, 35.366793099999988 ], [ -85.0677633, 35.4794241 ], [ -85.0318718, 35.5002957 ], [ -85.0243906, 35.5475133 ], [ -85.0565777, 35.5502548 ], [ -85.0701277, 35.6710175 ], [ -85.0775911, 35.6238096 ], [ -85.1098156, 35.6265374 ] ] ], [ [ [ -85.2657969, 36.0937972 ], [ -85.1758986, 36.0385407 ], [ -85.1572769, 36.1564642 ], [ -85.254715, 36.1645548 ], [ -85.2657969, 36.0937972 ] ] ], [ [ [ -80.043898, 32.5778472 ], [ -79.9826234, 32.5698109 ], [ -79.89509480000001, 32.6797098 ], [ -79.8792935, 32.7504684 ], [ -79.8898311, 32.7032977 ], [ -79.9616932, 32.6641955 ], [ -80.0282632, 32.6486445 ], [ -80.043898, 32.5778472 ] ] ], [ [ [ -84.2204589, 34.7091533 ], [ -84.2244257, 34.6855252 ], [ -84.1926674, 34.6825709 ], [ -84.196642, 34.6589423 ], [ -84.3076401, 34.57324 ], [ -84.4027898, 34.5819952 ], [ -84.489464, 34.4459169 ], [ -84.627591099999989, 34.3864302 ], [ -84.7060337, 34.297469 ], [ -84.724918699999989, 34.1791251 ], [ -84.7084703, 34.0815937 ], [ -84.649246, 34.0522339 ], [ -84.6920669, 33.984037 ], [ -84.7221574, 33.7945267 ], [ -84.6782224, 33.6703609 ], [ -84.6155715, 33.6646569 ], [ -84.6344392, 33.5461407 ], [ -84.5794705, 33.492998799999988 ], [ -84.4895534, 33.4606461 ], [ -84.3646572, 33.449012 ], [ -84.243692, 33.4135503 ], [ -84.2359088, 33.4609536 ], [ -84.1186702, 33.5942076 ], [ -84.0561314, 33.5882228 ], [ -83.9263191, 33.7922826 ], [ -83.8576858, 34.1944594 ], [ -83.8139391, 34.2623352 ], [ -83.8332767, 34.336301 ], [ -84.0268583, 34.3308187 ], [ -84.034876, 34.2835311 ], [ -84.1611845, 34.2954694 ], [ -84.2520087, 34.3279905 ], [ -84.2322943, 34.44622 ], [ -84.2956048, 34.4521041 ], [ -84.2798692, 34.5466683 ], [ -84.1768361, 34.5850889 ], [ -84.1688792, 34.6323517 ], [ -84.1371472, 34.6293832 ], [ -84.1291587, 34.6766386 ], [ -84.1609117, 34.6796088 ], [ -84.1569239, 34.7032352 ], [ -84.2204589, 34.7091533 ] ] ], [ [ [ -78.942928, 33.7649384 ], [ -78.9655148, 33.6710052 ], [ -78.8413648, 33.6538779 ], [ -78.787553, 33.743487 ], [ -78.7197042, 33.7583233 ], [ -78.6714113, 33.8243931 ], [ -78.659908, 33.8713182 ], [ -78.7843921, 33.8886156 ], [ -78.7901062, 33.8651492 ], [ -78.8834791, 33.8780374 ], [ -78.8891599, 33.8545659 ], [ -78.8580417, 33.8502788 ], [ -78.8637286, 33.8268068 ], [ -78.9061797, 33.7841416 ], [ -78.968368, 33.7926858 ], [ -78.9740141, 33.7692055 ], [ -78.942928, 33.7649384 ] ] ], [ [ [ -84.4909814, 34.8299192 ], [ -84.543057499999989, 34.906555 ], [ -84.5353106, 34.9538054 ], [ -84.6106566, 34.888649 ], [ -84.6183457, 34.8413871 ], [ -84.4909814, 34.8299192 ] ] ], [ [ [ -82.6952617, 35.0869168 ], [ -82.6633901, 35.0835848 ], [ -82.6543573, 35.1306933 ], [ -82.6224678, 35.1273515 ], [ -82.6134017, 35.1744525 ], [ -82.6453122, 35.1777962 ], [ -82.7136455, 35.1609071 ], [ -82.6952617, 35.0869168 ] ] ], [ [ [ -85.2092576, 35.8262005 ], [ -85.2203318, 35.7553979 ], [ -85.1234732, 35.7472751 ], [ -85.0725051, 35.8625336 ], [ -85.1695191, 35.8706924 ], [ -85.2092576, 35.8262005 ] ] ], [ [ [ -78.9485511, 35.0734926 ], [ -78.8736665, 35.111771399999988 ], [ -78.8620871, 35.1585725 ], [ -78.9514319, 35.1947695 ], [ -79.0263627, 35.1564524 ], [ -79.0435609, 35.0862261 ], [ -78.9485511, 35.0734926 ] ] ], [ [ [ -76.5413122, 38.8429511 ], [ -76.6010195, 38.8757034 ], [ -76.5802478, 38.9451051 ], [ -76.6331513, 39.0009696 ], [ -76.6665465, 39.0057584 ], [ -76.6803512, 38.9594867 ], [ -76.6745746, 38.862151 ], [ -76.7686637, 38.7791225 ], [ -76.9018627, 38.7981021 ], [ -77.0617199, 38.8448028 ], [ -77.1219892, 38.7568353 ], [ -77.1689222, 38.5946516 ], [ -77.0360567, 38.5759278 ], [ -76.9296883, 38.5849614 ], [ -76.7373859, 38.5333229 ], [ -76.6527923, 38.3521165 ], [ -76.6733027, 38.2826454 ], [ -76.7393812, 38.292205 ], [ -76.799576, 38.2043105 ], [ -76.7267741, 38.2179433 ], [ -76.6744145, 38.1620527 ], [ -76.6153109, 38.1292989 ], [ -76.6028728, 38.0550072 ], [ -76.5370489, 38.0453775 ], [ -76.5247135, 37.971069 ], [ -76.5520728, 37.8784101 ], [ -76.6053385, 37.8137154 ], [ -76.6393065, 37.6978391 ], [ -76.6799134, 37.5587472 ], [ -76.6607564, 37.5075804 ], [ -76.7788845, 37.452356 ], [ -76.798991, 37.3827658 ], [ -76.8775433, 37.3458724 ], [ -76.9041651, 37.2530462 ], [ -76.9433479, 37.2345704 ], [ -76.9764463, 37.1184954 ], [ -76.9048482, 37.1322484 ], [ -76.8989044, 37.0346433 ], [ -76.9319813, 36.9185379 ], [ -76.9775504, 36.8768152 ], [ -76.9451805, 36.8720866 ], [ -76.8620967, 36.6905107 ], [ -76.8562525, 36.5928244 ], [ -76.9023312, 36.4301486 ], [ -76.9351109, 36.3139104 ], [ -76.8585278, 36.2299075 ], [ -76.8912861, 36.1136345 ], [ -76.8789139, 36.0391011 ], [ -76.8149789, 36.0295724 ], [ -76.880342, 35.7969182 ], [ -76.9570501, 35.7598658 ], [ -76.9958824, 35.6201699 ], [ -77.0851848, 35.5364472 ], [ -77.1300291, 35.3733414 ], [ -77.1617147, 35.3780388 ], [ -77.2062787, 35.2148504 ], [ -77.263229, 35.1262418 ], [ -77.3389986, 35.0889097 ], [ -77.3641483, 34.9955736 ], [ -77.4397231, 34.958171 ], [ -77.452216, 34.9114824 ], [ -77.5400731, 34.827314699999988 ], [ -77.6344855, 34.841098 ], [ -77.671465, 34.7009196 ], [ -77.608639599999989, 34.6917538 ], [ -77.5643852, 34.6124619 ], [ -77.5577389, 34.5143785 ], [ -77.6075364, 34.4488516 ], [ -77.7136896, 34.4158297 ], [ -77.7442008, 34.2988827 ], [ -77.8440096, 34.2891343 ], [ -77.8248948, 34.2377952 ], [ -77.8994194, 34.2000546 ], [ -77.9114767, 34.1532385 ], [ -77.9918619, 34.0920229 ], [ -78.0158027, 33.998342 ], [ -77.9966422, 33.9469925 ], [ -78.1581463, 33.9459786 ], [ -78.3137703, 33.9681975 ], [ -78.3372474, 33.8744274 ], [ -78.2069951, 33.8801271 ], [ -78.0826682, 33.862258 ], [ -77.964385, 33.8208347 ], [ -77.9213523, 33.863175399999989 ], [ -77.8672198, 34.0739505 ], [ -77.874252, 34.1721204 ], [ -77.7806817, 34.1584932 ], [ -77.7563771, 34.2520926 ], [ -77.6259688, 34.3787091 ], [ -77.5321741, 34.3649048 ], [ -77.4135934, 34.4445204 ], [ -77.3636194, 34.5099718 ], [ -77.3010039, 34.5006502 ], [ -77.2446057, 34.5894023 ], [ -77.1693226, 34.6267213 ], [ -77.0062585, 34.6264659 ], [ -76.9935209, 34.673141 ], [ -76.8617013, 34.6774391 ], [ -76.7049912, 34.653468 ], [ -76.5418697, 34.6526178 ], [ -76.4843961, 34.7409987 ], [ -76.4151249, 34.7545524 ], [ -76.4019726, 34.8011535 ], [ -76.357409, 34.8428553 ], [ -76.3260194, 34.8379544 ], [ -76.2813875, 34.879626099999989 ], [ -76.234885, 35.0426077 ], [ -76.3989093, 35.0438493 ], [ -76.4868062, 35.0817573 ], [ -76.5445558, 34.9934438 ], [ -76.5944375, 35.0497215 ], [ -76.4985905, 35.1564787 ], [ -76.4524106, 35.3194382 ], [ -76.4075462, 35.3611092 ], [ -76.2628147, 35.290087 ], [ -76.2494599, 35.3366165 ], [ -76.1546616, 35.3218271 ], [ -76.0080496, 35.371752199999989 ], [ -75.9809507, 35.4647354 ], [ -75.9220959, 35.5527022 ], [ -75.8450694, 35.5891563 ], [ -75.8176673, 35.6820619 ], [ -75.8219671, 35.7799657 ], [ -75.8855317, 35.7899864 ], [ -75.8581043, 35.8828616 ], [ -75.8874829, 36.0089377 ], [ -76.0606057, 35.9873982 ], [ -76.2201148, 36.0120879 ], [ -76.361227, 35.9852265 ], [ -76.3663172, 36.0830496 ], [ -76.2956757, 36.0964997 ], [ -76.1678813, 36.076841 ], [ -76.0903992, 36.1134016 ], [ -76.0379669, 36.1780893 ], [ -75.9740218, 36.1681511 ], [ -75.9396869, 36.2841759 ], [ -76.003735, 36.2941286 ], [ -75.9556155, 36.4565241 ], [ -76.012955, 36.4896624 ], [ -75.98542, 36.5824351 ], [ -76.0291164, 36.6619335 ], [ -76.0935319, 36.6718352 ], [ -76.066033, 36.7645929 ], [ -76.0776477, 36.8390961 ], [ -76.193146, 36.9051908 ], [ -76.3616549, 36.9064781 ], [ -76.4587044, 36.9210678 ], [ -76.4775435, 36.972316 ], [ -76.4707765, 36.9955145 ], [ -76.5288216, 37.028394 ], [ -76.5477435, 37.0796222 ], [ -76.4300776, 37.1346776 ], [ -76.402852, 37.227427 ], [ -76.4149173, 37.3018382 ], [ -76.3618732, 37.3665124 ], [ -76.2435554, 37.421375 ], [ -76.251766300000014, 37.7371839 ], [ -76.1962552, 37.922400599999989 ], [ -76.3794775, 37.9980086 ], [ -76.4781162, 38.0125576 ], [ -76.4904074, 38.0868656 ], [ -76.3587485, 38.0674649 ], [ -76.3171609, 38.2063457 ], [ -76.3831121, 38.2160804 ], [ -76.3553782, 38.3086563 ], [ -76.3606378, 38.4060812 ], [ -76.4267939, 38.4157917 ], [ -76.4391024, 38.4900592 ], [ -76.5053539, 38.4997303 ], [ -76.5177661, 38.5739816 ], [ -76.4831347, 38.6896726 ], [ -76.4816642, 38.8101713 ], [ -76.5413122, 38.8429511 ] ] ], [ [ [ -75.7087471, 37.9454058 ], [ -75.6545102, 38.0097282 ], [ -75.5888713, 37.9996349 ], [ -75.4944197, 38.0819371 ], [ -75.44377, 38.2436389 ], [ -75.4773748, 38.4667267 ], [ -75.400587, 38.600155199999989 ], [ -75.4780577, 38.6846612 ], [ -75.4415453, 38.8000624 ], [ -75.4381643, 38.9205243 ], [ -75.4827528, 38.9999025 ], [ -75.7682568, 39.0914055 ], [ -75.7320291, 39.2068213 ], [ -75.7436976, 39.2810699 ], [ -75.7771693, 39.2860737 ], [ -75.806133100000011, 39.193743 ], [ -75.7944094, 39.1194914 ], [ -75.8946037, 39.1344444 ], [ -75.9064437, 39.208686 ], [ -75.9995776, 38.9084309 ], [ -76.032879, 38.9133747 ], [ -76.1250217, 38.6129149 ], [ -76.2576982, 38.6325275 ], [ -76.2385567, 38.5813859 ], [ -76.3380344, 38.5960252 ], [ -76.332793, 38.4986264 ], [ -76.2875251, 38.4194732 ], [ -76.2893392, 38.2989094 ], [ -76.1903172, 38.2842283 ], [ -76.1783246, 38.2099158 ], [ -76.1124097, 38.200081 ], [ -76.1404359, 38.10754 ], [ -76.0886553, 38.0514137 ], [ -76.0580026, 37.9258483 ], [ -75.9595844, 37.9109896 ], [ -75.9313901, 38.0035211 ], [ -75.8328857, 37.9885715 ], [ -75.8213438, 37.9141939 ], [ -75.7087471, 37.9454058 ] ], [ [ -75.6899333, 39.0071116 ], [ -75.7521801, 38.9197782 ], [ -75.9258338, 38.9216185 ], [ -75.8971584, 39.0140069 ], [ -75.849426, 39.0552152 ], [ -75.6899333, 39.0071116 ] ] ], [ [ [ -75.9183107, 39.2829196 ], [ -75.9733429, 39.218607 ], [ -75.9064437, 39.208686 ], [ -75.9327025, 39.2367413 ], [ -75.9183107, 39.2829196 ] ] ], [ [ [ -75.796156, 39.337231599999988 ], [ -75.8296605, 39.3422223 ], [ -75.844128, 39.296056799999988 ], [ -75.8106461, 39.2910694 ], [ -75.796156, 39.337231599999988 ] ] ], [ [ [ -74.7719655, 39.5678242 ], [ -74.8390564, 39.5782925 ], [ -74.8466699, 39.5552702 ], [ -74.7796014, 39.5448053 ], [ -74.7719655, 39.5678242 ] ] ] ] } },
{ "type": "Feature", "properties": { "ID": 17 }, "geometry": { "type": "MultiPolygon", "coordinates": [ [ [ [ -97.1179887, 32.455526 ], [ -97.2420898, 32.4543336 ], [ -97.2412773, 32.4064381 ], [ -97.1172574, 32.4076298 ], [ -97.1179887, 32.455526 ] ] ], [ [ [ -95.6266429, 32.843013 ], [ -95.7514153, 32.8433269 ], [ -95.7517421, 32.7476241 ], [ -95.6585101, 32.69954 ], [ -95.6582857, 32.7474007 ], [ -95.6271337, 32.7473105 ], [ -95.6266429, 32.843013 ] ] ], [ [ [ -92.1363867, 32.7592017 ], [ -92.170035399999989, 32.7123525 ], [ -92.138924, 32.711382 ], [ -92.1363867, 32.7592017 ] ] ], [ [ [ -91.946950199999989, 32.801021 ], [ -92.1363867, 32.7592017 ], [ -91.9496134, 32.7532107 ], [ -91.946950199999989, 32.801021 ] ] ], [ [ [ -91.946950199999989, 32.801021 ], [ -91.697805, 32.7925888 ], [ -91.6949749, 32.8403883 ], [ -91.819622, 32.8446696 ], [ -91.9117719, 32.8716973 ], [ -91.946950199999989, 32.801021 ] ] ], [ [ [ -94.7832833, 32.9093564 ], [ -94.845722099999989, 32.9099547 ], [ -94.846861499999989, 32.8381978 ], [ -94.7844843, 32.8376001 ], [ -94.7832833, 32.9093564 ] ] ], [ [ [ -97.1767445, 34.1754306 ], [ -97.179512, 34.3422717 ], [ -97.3073445, 34.3648503 ], [ -97.3410055, 34.4598183 ], [ -97.2780632, 34.5081189 ], [ -97.1822926, 34.5090463 ], [ -97.1814968, 34.4614031 ], [ -97.0857884, 34.462257799999989 ], [ -97.0545949, 34.5101705 ], [ -97.05744390000001, 34.7006922 ], [ -96.9934211, 34.7012073 ], [ -96.997125, 34.9630394 ], [ -97.2220358, 34.9610897 ], [ -97.2228647, 35.0086776 ], [ -97.7050936, 35.0031658 ], [ -97.7390086, 35.0741011 ], [ -97.8045895, 35.1207835 ], [ -97.8689872, 35.1198617 ], [ -97.9037722, 35.2145146 ], [ -98.0004955, 35.2130454 ], [ -98.0018574, 35.2606 ], [ -98.195423, 35.2574415 ], [ -98.2929794, 35.279527 ], [ -98.2945418, 35.3270713 ], [ -98.3914119, 35.3253085 ], [ -98.4212263, 35.2533883 ], [ -98.4534817, 35.2527769 ], [ -98.4476507, 35.0863296 ], [ -98.5424575, 35.036884 ], [ -98.6701669, 35.0104828 ], [ -98.668357, 34.9629099 ], [ -98.7647141, 34.9608644 ], [ -98.8251194, 34.8643032 ], [ -98.822254, 34.7929217 ], [ -98.7544458, 34.6991276 ], [ -98.6584462, 34.7011668 ], [ -98.5278775, 34.6323589 ], [ -98.4262333, 34.4675442 ], [ -98.3305392, 34.4693372 ], [ -98.2652156, 34.4228549 ], [ -98.2621722, 34.3275635 ], [ -98.1984999, 34.3286848 ], [ -98.1644818, 34.2577492 ], [ -98.1630302, 34.2100862 ], [ -98.0358911, 34.2121979 ], [ -97.9061877, 34.1188345 ], [ -97.9042744, 34.0473095 ], [ -97.7139886, 34.0500401 ], [ -97.681148, 34.0027753 ], [ -97.7422064, 33.9065135 ], [ -97.7404629, 33.8349487 ], [ -97.803702, 33.8340566 ], [ -97.8012984, 33.7386179 ], [ -97.925678800000014, 33.6651478 ], [ -97.9237582, 33.5935422 ], [ -98.0470822, 33.4960484 ], [ -98.0122727, 33.3771609 ], [ -97.8237619, 33.3800607 ], [ -97.76209, 33.428730099999989 ], [ -97.6666586, 33.3822595 ], [ -97.6644516, 33.286708 ], [ -97.5990439, 33.1680571 ], [ -97.5969327, 33.0724507 ], [ -97.6578655, 32.9999093 ], [ -97.9704054, 32.9953335 ], [ -97.9066434, 32.9484926 ], [ -97.9047605, 32.8767524 ], [ -97.7799517, 32.8786118 ], [ -97.7147225, 32.7598927 ], [ -97.6524168, 32.7607426 ], [ -97.5890651, 32.7137086 ], [ -97.555887399999989, 32.6183818 ], [ -97.4937007, 32.6191518 ], [ -97.4922323, 32.5473417 ], [ -97.4291688, 32.500198 ], [ -97.3670815, 32.5009042 ], [ -97.3661867, 32.4530158 ], [ -97.3351629, 32.453357 ], [ -97.3360374, 32.5012456 ], [ -97.304993, 32.5015792 ], [ -97.3062764, 32.5734004 ], [ -97.3382287, 32.6209394 ], [ -97.4315129, 32.6198904 ], [ -97.5283034, 32.786272 ], [ -97.5318288, 32.9536971 ], [ -97.3756413, 32.9555307 ], [ -97.3461774, 33.0515138 ], [ -97.2836172, 33.052177 ], [ -97.2222659, 33.1245238 ], [ -97.223883, 33.2201226 ], [ -97.1301957, 33.2449089 ], [ -97.0681731, 33.2932511 ], [ -97.0692351, 33.3649222 ], [ -97.1320685, 33.3643675 ], [ -97.1335712, 33.4599077 ], [ -97.070654499999989, 33.460463 ], [ -97.0731474, 33.6276029 ], [ -97.1362107, 33.6270465 ], [ -97.1689083, 33.6983653 ], [ -97.1712482, 33.8415443 ], [ -97.1098476, 33.9613955 ], [ -97.1739899, 34.0085218 ], [ -97.175168899999989, 34.0800625 ], [ -97.1767445, 34.1754306 ] ] ], [ [ [ -96.4135508, 34.0848582 ], [ -96.3183428, 34.0851343 ], [ -96.3185561, 34.132824 ], [ -96.4138279, 34.132547599999988 ], [ -96.4135508, 34.0848582 ] ] ], [ [ [ -92.491602, 35.0854957 ], [ -92.4224121, 35.178804 ], [ -92.3257892, 35.1760753 ], [ -92.322038800000016, 35.2473734 ], [ -92.3865188, 35.2492022 ], [ -92.3803607, 35.36801 ], [ -92.2784037, 35.4602715 ], [ -91.8904226, 35.4484926 ], [ -91.9171767, 35.5445074 ], [ -92.0777043, 35.5732679 ], [ -92.0750209, 35.6207554 ], [ -92.1722522, 35.6236696 ], [ -92.2332117, 35.6967983 ], [ -92.3630057, 35.7005085 ], [ -92.4291309, 35.6785723 ], [ -92.5312079, 35.5862347 ], [ -92.6608104, 35.5896473 ], [ -92.6977298, 35.4954706 ], [ -92.9566242, 35.5018336 ], [ -92.954544, 35.5493445 ], [ -93.115501, 35.5768147 ], [ -93.6664149, 35.5879322 ], [ -93.6680098, 35.5404151 ], [ -93.8299643, 35.5432366 ], [ -93.82848, 35.5907554 ], [ -94.0878103, 35.5948499 ], [ -94.0891174, 35.5473287 ], [ -94.283501199999989, 35.5500568 ], [ -94.2846738, 35.5025292 ], [ -94.5113182, 35.5053408 ], [ -94.5456845, 35.410636499999988 ], [ -94.7397017, 35.4126788 ], [ -94.8709782, 35.2950041 ], [ -94.8717467, 35.2474459 ], [ -94.968531399999989, 35.2482585 ], [ -94.9709829, 35.081763699999989 ], [ -95.0038447, 35.0344365 ], [ -95.1327955, 35.0115791 ], [ -95.2624123, 34.9171999 ], [ -95.2629116, 34.8695996 ], [ -95.423359, 34.8704242 ], [ -95.4237491, 34.8228183 ], [ -95.167209, 34.821403 ], [ -95.1674906, 34.7975985 ], [ -95.3598297, 34.7987079 ], [ -95.3606944, 34.7034755 ], [ -95.4567362, 34.7039211 ], [ -95.458017399999989, 34.5372128 ], [ -95.554134100000013, 34.4899422 ], [ -95.6183547, 34.4186754 ], [ -95.618611199999989, 34.3710187 ], [ -95.7460678, 34.3713381 ], [ -95.7781558, 34.2999025 ], [ -95.9691497, 34.3000931 ], [ -96.0327705, 34.204746 ], [ -96.0009798, 34.1332258 ], [ -95.9057066, 34.1331906 ], [ -95.8424024, 34.037742 ], [ -95.8425078, 33.9900411 ], [ -95.77912, 33.9899459 ], [ -95.7796357, 33.8229484 ], [ -95.6531567, 33.8226628 ], [ -95.6529251, 33.8703833 ], [ -95.5263629, 33.8699702 ], [ -95.5274669, 33.7029243 ], [ -95.5908728, 33.6554059 ], [ -95.7486028, 33.6558218 ], [ -95.7803683, 33.5842592 ], [ -95.8433979, 33.584354 ], [ -95.8437614, 33.4171851 ], [ -95.8753685, 33.321663 ], [ -95.7811685, 33.3215331 ], [ -95.7810234, 33.3693148 ], [ -95.5925001, 33.3688412 ], [ -95.5931743, 33.2493765 ], [ -95.6562524, 33.177869 ], [ -95.7504299, 33.1302879 ], [ -95.7508415, 33.0107475 ], [ -95.657046, 33.0105235 ], [ -95.595050199999989, 32.9146755 ], [ -95.5013795, 32.9143335 ], [ -95.5025265, 32.7468711 ], [ -95.377921, 32.7463059 ], [ -95.3775119, 32.7941598 ], [ -95.2839978, 32.793653 ], [ -95.2208872, 32.8650443 ], [ -95.1584843, 32.8646354 ], [ -95.126132700000014, 32.9600881 ], [ -95.0324069, 32.9593913 ], [ -95.031768700000015, 33.0072162 ], [ -94.968224, 33.0784375 ], [ -94.7491808, 33.0764227 ], [ -94.749593499999989, 33.0525163 ], [ -94.624473099999989, 33.0511918 ], [ -94.625380299999989, 33.003375 ], [ -94.531605, 33.0022993 ], [ -94.5257714, 33.2891056 ], [ -94.4630078, 33.2883467 ], [ -94.4295469, 33.3835082 ], [ -94.3667022, 33.3827009 ], [ -94.3629034, 33.54986 ], [ -94.2048363, 33.5715726 ], [ -94.2012493, 33.7147826 ], [ -94.136255, 33.7854457 ], [ -94.0414651, 33.7840025 ], [ -94.0401585, 33.8317178 ], [ -93.945309200000011, 33.8302022 ], [ -93.8841959, 33.7575791 ], [ -93.7578668, 33.755385 ], [ -93.6354849, 33.6337531 ], [ -93.6409777, 33.466657 ], [ -93.735340799999989, 33.4684041 ], [ -93.7405896, 33.3012326 ], [ -93.8033551, 33.3023556 ], [ -93.8703535, 33.1600954 ], [ -93.8752685, 32.9927831 ], [ -93.844019, 32.9922432 ], [ -93.8425964, 33.040054 ], [ -93.7800576, 33.0389501 ], [ -93.777124199999989, 33.1345523 ], [ -93.7145047, 33.1334156 ], [ -93.7197774, 32.9660978 ], [ -93.7510147, 32.9666691 ], [ -93.756191199999989, 32.799275 ], [ -93.5692059, 32.795736 ], [ -93.5708033, 32.7478971 ], [ -93.5396613, 32.74728 ], [ -93.5380434, 32.7951186 ], [ -93.4445593, 32.7932194 ], [ -93.4150988, 32.7447333 ], [ -93.4193383, 32.6251127 ], [ -93.3260753, 32.6231227 ], [ -93.2932131, 32.6702953 ], [ -93.2621068, 32.6696081 ], [ -93.1998959, 32.6682101 ], [ -93.195293299999989, 32.7878087 ], [ -93.2558019, 32.8370378 ], [ -93.4116971, 32.8404016 ], [ -93.5027762, 32.914062 ], [ -93.4986574, 33.033592 ], [ -93.4657214, 33.0807582 ], [ -93.2780251, 33.0767819 ], [ -93.307529, 33.125257399999988 ], [ -93.3012896, 33.2924857 ], [ -93.236711899999989, 33.338875 ], [ -93.1739247, 33.3374665 ], [ -93.1396896, 33.4083855 ], [ -93.0100351, 33.5009291 ], [ -92.9156501, 33.4986342 ], [ -92.8474974, 33.6163881 ], [ -92.8432986, 33.7118206 ], [ -92.6224422, 33.7060635 ], [ -92.6246897, 33.6583533 ], [ -92.5301109, 33.6557683 ], [ -92.5020774, 33.5833173 ], [ -92.407602, 33.5806392 ], [ -92.3482631, 33.5072312 ], [ -92.1595315, 33.5015706 ], [ -92.1620796, 33.4538443 ], [ -92.0049305, 33.4489119 ], [ -91.9434226, 33.4230201 ], [ -91.8233073, 33.3234053 ], [ -91.7988929, 33.2029863 ], [ -91.7362592, 33.2008529 ], [ -91.7503072, 32.9620192 ], [ -91.6566725, 32.9587687 ], [ -91.660961, 32.8870912 ], [ -91.6297821, 32.8859928 ], [ -91.6254628, 32.9576694 ], [ -91.594254, 32.9565623 ], [ -91.5869848, 33.075991 ], [ -91.5454363, 33.2420084 ], [ -91.570908, 33.3385999 ], [ -91.6336562, 33.3408157 ], [ -91.6607202, 33.4135035 ], [ -91.6535152, 33.5327932 ], [ -91.7164354, 33.5349663 ], [ -91.7422409, 33.6314497 ], [ -91.8668888, 33.6595235 ], [ -91.8613815, 33.7549076 ], [ -91.9245029, 33.7569749 ], [ -91.952019299999989, 33.8295221 ], [ -92.1100006, 33.8345157 ], [ -92.1390241, 33.8831703 ], [ -92.2642655, 33.9108312 ], [ -92.3189323, 34.0795303 ], [ -92.3823537, 34.0813659 ], [ -92.3738587, 34.2481361 ], [ -92.4008153, 34.3443115 ], [ -92.4609088, 34.4175427 ], [ -92.4501656, 34.6317838 ], [ -92.5140861, 34.6335509 ], [ -92.542549, 34.7058142 ], [ -92.534357899999989, 34.8723491 ], [ -92.630571, 34.8749227 ], [ -92.6282886, 34.9224939 ], [ -92.5320104, 34.9199187 ], [ -92.497547, 34.9666082 ], [ -92.491602, 35.0854957 ] ], [ [ -94.968224, 33.0784375 ], [ -95.0301696, 33.1267518 ], [ -95.0292075, 33.198455 ], [ -94.904192, 33.1735135 ], [ -94.968224, 33.0784375 ] ], [ [ -94.3380542, 34.6227902 ], [ -94.6578011, 34.6265636 ], [ -94.6568949, 34.6741872 ], [ -94.4329174, 34.6716287 ], [ -94.3678251, 34.7184418 ], [ -94.2397623, 34.7167378 ], [ -94.2421372, 34.6215015 ], [ -94.3380542, 34.6227902 ] ], [ [ -93.6162652, 35.1589219 ], [ -93.7129051, 35.1606797 ], [ -93.7097915, 35.2557884 ], [ -93.4839994, 35.2515689 ], [ -93.4874197, 35.156465 ], [ -93.6162652, 35.1589219 ] ] ], [ [ [ -96.6410645, 34.6796542 ], [ -96.5762803, 34.5847012 ], [ -96.4484393, 34.5852161 ], [ -96.4488933, 34.6566628 ], [ -96.5132252, 34.7040456 ], [ -96.6410645, 34.6796542 ] ] ], [ [ [ -95.1319121, 35.082954 ], [ -95.1313223, 35.1305309 ], [ -95.0346984, 35.1298406 ], [ -95.034042, 35.177412 ], [ -95.1629618, 35.1783168 ], [ -95.1319121, 35.082954 ] ] ], [ [ [ -96.325982, 35.7511334 ], [ -96.2605399, 35.6324842 ], [ -96.1307707, 35.6326804 ], [ -96.0984293, 35.7039906 ], [ -96.1961252, 35.7989053 ], [ -96.2611655, 35.7987907 ], [ -96.2939882, 35.8699777 ], [ -96.4242017, 35.8696179 ], [ -96.4234746, 35.7508517 ], [ -96.325982, 35.7511334 ] ] ], [ [ [ -91.362935, 36.0727917 ], [ -91.4607711, 36.0762374 ], [ -91.5306171, 36.0073465 ], [ -91.6624466, 35.9880379 ], [ -91.9882489, 35.998491 ], [ -91.9854875, 36.045934699999989 ], [ -92.1145876, 36.0736112 ], [ -92.1119101, 36.1210504 ], [ -92.209848799999989, 36.1239337 ], [ -92.2386086, 36.1960321 ], [ -92.5981652, 36.2058937 ], [ -92.5678422, 36.1575981 ], [ -92.7638662, 36.1626061 ], [ -92.8324902, 36.0930356 ], [ -92.8346708, 36.0455803 ], [ -93.0303943, 36.0501889 ], [ -93.0324374, 36.0027263 ], [ -93.1302415, 36.004919 ], [ -93.1322147, 35.9574505 ], [ -93.0344777, 35.9552591 ], [ -93.0365152, 35.9077872 ], [ -92.9062985, 35.9047529 ], [ -92.874819699999989, 35.8802373 ], [ -92.3217381, 35.8657521 ], [ -92.3230004, 35.8420187 ], [ -92.0954095, 35.8353719 ], [ -92.098087299999989, 35.7879053 ], [ -91.9031786, 35.7818941 ], [ -91.8749399, 35.7096613 ], [ -91.680271499999989, 35.703314 ], [ -91.6773108, 35.7507799 ], [ -91.5398217, 35.8650206 ], [ -91.4685718, 35.9576562 ], [ -91.3383493, 35.9530524 ], [ -91.3271077, 36.1190484 ], [ -91.35974, 36.120214 ], [ -91.362935, 36.0727917 ] ] ], [ [ [ -92.8902752, 36.2606664 ], [ -92.8618886, 36.1649997 ], [ -92.7638662, 36.1626061 ], [ -92.7616331, 36.2100491 ], [ -92.827025600000013, 36.2116539 ], [ -92.8248345, 36.2590933 ], [ -92.8902752, 36.2606664 ] ] ], [ [ [ -92.6928205, 36.279566 ], [ -92.6262013, 36.3016097 ], [ -92.6227009, 36.3727493 ], [ -92.5571597, 36.3710427 ], [ -92.5523906, 36.4658781 ], [ -92.5852061, 36.4667365 ], [ -92.5840231, 36.4904429 ], [ -92.7164761, 36.4700882 ], [ -92.7865678, 36.3768724 ], [ -92.7537928, 36.3760642 ], [ -92.7582776, 36.2812051 ], [ -92.6928205, 36.279566 ] ] ], [ [ [ -90.2004937, 32.7792122 ], [ -90.2627113, 32.7821222 ], [ -90.2645958, 32.7582386 ], [ -90.2023985, 32.7553293 ], [ -90.2004937, 32.7792122 ] ] ], [ [ [ -91.6623887, 32.8631956 ], [ -91.6949749, 32.8403883 ], [ -91.6638154, 32.8392984 ], [ -91.6623887, 32.8631956 ] ] ], [ [ [ -90.1540215, 32.9687488 ], [ -90.2183044, 32.94781 ], [ -90.1928619, 32.8747279 ], [ -90.1966803, 32.8269732 ], [ -90.165553, 32.8255056 ], [ -90.1540215, 32.9687488 ] ] ], [ [ [ -77.5500501, 37.4902164 ], [ -77.615472, 37.4993589 ], [ -77.6680956, 37.5549407 ], [ -77.6488383, 37.6246389 ], [ -77.8064135, 37.6705457 ], [ -77.8201135, 37.7447657 ], [ -77.8858202, 37.7537719 ], [ -77.8603608, 37.8467117 ], [ -77.985671, 37.8878869 ], [ -77.9983304, 37.8414106 ], [ -78.097075, 37.8547746 ], [ -78.1503775, 37.9101336 ], [ -78.2822214, 37.9277849 ], [ -78.3419545, 37.9598134 ], [ -78.3295119, 38.0063131 ], [ -78.3625257, 38.0106935 ], [ -78.3749461, 37.9641911 ], [ -78.4326867, 37.8755366 ], [ -78.5315672, 37.8885803 ], [ -78.7181974, 37.6964024 ], [ -78.7960459, 37.6584049 ], [ -78.9275614, 37.6754296 ], [ -78.9186374, 37.5780284 ], [ -78.8141221, 37.5885506 ], [ -78.6560587, 37.5438267 ], [ -78.7225737, 37.2876619 ], [ -78.7852745, 37.1754576 ], [ -78.8238912, 37.1564285 ], [ -78.9870849, 37.1776738 ], [ -79.043352, 37.088641 ], [ -79.1085793, 37.0970563 ], [ -79.1587708, 37.0312843 ], [ -79.2565564, 37.0438114 ], [ -79.268185699999989, 36.9971526 ], [ -79.4694781, 36.9986356 ], [ -79.4579869, 37.0453119 ], [ -79.5232233, 37.0535239 ], [ -79.5346709, 37.0068426 ], [ -79.6877783, 36.929763 ], [ -79.6990921, 36.8830571 ], [ -79.6510047, 36.8048685 ], [ -79.6905511, 36.6413494 ], [ -79.7441926, 36.6961838 ], [ -79.8740809, 36.7123042 ], [ -79.9984927, 36.7516691 ], [ -80.0855531, 36.6661095 ], [ -80.096551, 36.6193471 ], [ -80.1723954, 36.5804786 ], [ -80.3075842, 36.5727875 ], [ -80.5022821, 36.5960917 ], [ -80.5725418, 36.5803923 ], [ -80.697112, 36.6191064 ], [ -80.7076838, 36.5722898 ], [ -80.8050828, 36.5836817 ], [ -80.8804826, 36.5444032 ], [ -80.966173, 36.458231 ], [ -81.0413422, 36.4188506 ], [ -81.1385778, 36.4299987 ], [ -81.2936347, 36.3275472 ], [ -81.346196400000011, 36.23742 ], [ -81.4158937, 36.2212592 ], [ -81.5427381, 36.0913711 ], [ -81.7384475, 35.9449843 ], [ -81.802896, 35.9520863 ], [ -81.8545074, 35.8616877 ], [ -81.9285188, 35.8217527 ], [ -82.0250533, 35.8322552 ], [ -82.0810392, 35.7182447 ], [ -82.191598700000014, 35.6581138 ], [ -82.2244949, 35.4935151 ], [ -82.2565327, 35.4969529 ], [ -82.2891997, 35.3322808 ], [ -82.4035813, 35.2483858 ], [ -82.4127982, 35.2013074 ], [ -82.5404694, 35.214833 ], [ -82.5495898, 35.1677413 ], [ -82.6134017, 35.1744525 ], [ -82.6224678, 35.1273515 ], [ -82.6543573, 35.1306933 ], [ -82.6633901, 35.0835848 ], [ -82.7590138, 35.0935569 ], [ -82.954759700000011, 35.0897216 ], [ -83.0360941, 35.0019522 ], [ -83.0448542, 34.9548036 ], [ -83.1721953, 34.9677083 ], [ -83.3442721, 34.9129026 ], [ -83.2755193, 35.290133399999988 ], [ -83.1199634, 35.2505602 ], [ -83.1068394, 35.3212422 ], [ -83.1533887, 35.4219053 ], [ -83.2452059, 35.4550618 ], [ -83.2321704, 35.525725199999989 ], [ -83.3605906, 35.538427 ], [ -83.36919850000001, 35.4913121 ], [ -83.5938963, 35.5132195 ], [ -83.6623251, 35.4958393 ], [ -83.8228844, 35.511163 ], [ -83.8425785, 35.5849183 ], [ -83.7139855, 35.5726968 ], [ -83.7056014, 35.6198262 ], [ -83.572729, 35.6310285 ], [ -83.564242, 35.6781429 ], [ -83.3711856, 35.6593511 ], [ -83.3217103, 35.7503787 ], [ -83.1929047, 35.7376437 ], [ -83.0919218, 35.7515455 ], [ -83.0363929, 35.6980081 ], [ -83.0584895, 35.5803055 ], [ -83.0396286, 35.5064325 ], [ -82.8427155, 35.5103929 ], [ -82.6182724, 35.4871792 ], [ -82.5678876, 35.4098748 ], [ -82.577015, 35.3628013 ], [ -82.686582, 35.3022024 ], [ -82.663667, 35.2517788 ], [ -82.5404504, 35.3829785 ], [ -82.485488, 35.4972673 ], [ -82.4945527, 35.6182686 ], [ -82.5587731, 35.6250005 ], [ -82.5358142, 35.7426051 ], [ -82.4851829, 35.8332942 ], [ -82.6140334, 35.8467291 ], [ -82.7016024, 35.903755 ], [ -82.7983653, 35.9136806 ], [ -82.77118, 36.0547685 ], [ -82.6235519, 36.135512299999988 ], [ -82.5172399, 36.1724562 ], [ -82.4940271, 36.289922 ], [ -82.6237357, 36.3033354 ], [ -82.7023507, 36.2395002 ], [ -82.7671713, 36.2461204 ], [ -82.7164743, 36.3368071 ], [ -82.841779, 36.3734977 ], [ -82.7910865, 36.4641907 ], [ -82.6610406, 36.4509473 ], [ -82.651826, 36.4979219 ], [ -82.7865245, 36.4876826 ], [ -82.9166642, 36.5008007 ], [ -82.9256976, 36.4538079 ], [ -83.0232693, 36.4635558 ], [ -83.0322246, 36.4165523 ], [ -83.1622756, 36.4294286 ], [ -83.2317268, 36.4123089 ], [ -83.422523, 36.4547932 ], [ -83.4138307, 36.5018194 ], [ -83.507221199999989, 36.5347174 ], [ -83.7027833, 36.5532719 ], [ -83.7112836, 36.5062314 ], [ -83.8542252, 36.4478509 ], [ -83.9844845, 36.4599107 ], [ -84.0335917, 36.3687629 ], [ -84.1637319, 36.3806465 ], [ -84.2044147, 36.3365098 ], [ -84.2409103, 36.1245568 ], [ -84.2813925, 36.0803739 ], [ -84.3786165, 36.0891192 ], [ -84.3865979, 36.0419931 ], [ -84.5161808, 36.053533699999988 ], [ -84.5849096, 36.0356857 ], [ -84.7492921, 35.8348134 ], [ -84.8215702, 35.7932457 ], [ -84.8368515, 35.6988781 ], [ -84.9013536, 35.7044446 ], [ -84.9127224, 35.6336506 ], [ -84.9922062, 35.5447637 ], [ -85.0243906, 35.5475133 ], [ -85.0318718, 35.5002957 ], [ -85.0677633, 35.4794241 ], [ -85.1505652, 35.366793099999988 ], [ -85.1616261, 35.2959262 ], [ -85.2330999, 35.2540815 ], [ -85.2797247, 35.1622451 ], [ -85.3437663, 35.1675974 ], [ -85.3901884, 35.0757033 ], [ -85.514586799999989, 35.1099125 ], [ -85.4754499, 35.1545662 ], [ -85.4611514, 35.2491175 ], [ -85.3002105, 35.4511352 ], [ -85.2359115, 35.4457645 ], [ -85.149452599999989, 35.582041 ], [ -85.1172472, 35.5793229 ], [ -85.1098156, 35.6265374 ], [ -85.1420426, 35.6292572 ], [ -85.1346224, 35.6764682 ], [ -85.1668736, 35.6791815 ], [ -85.1742721, 35.6319689 ], [ -85.2387387, 35.6373682 ], [ -85.2856129, 35.5456058 ], [ -85.4038967, 35.4118835 ], [ -85.4147074, 35.3410021 ], [ -85.4860754, 35.2990211 ], [ -85.5003504, 35.2044774 ], [ -85.5785983, 35.1151483 ], [ -85.8027134, 35.1332216 ], [ -85.7456231, 35.0807969 ], [ -85.791461, 34.9887406 ], [ -85.9832525, 35.0039419 ], [ -85.9900298, 34.9566147 ], [ -86.0858926, 34.9641032 ], [ -86.1078101, 35.0375806 ], [ -86.1717984, 35.0425212 ], [ -86.1264257, 35.1347019 ], [ -85.998296, 35.1247453 ], [ -85.984711, 35.2193596 ], [ -85.8781996, 35.2827398 ], [ -85.8644209, 35.3773084 ], [ -85.9184097, 35.4532838 ], [ -85.840218, 35.5427534 ], [ -85.6791748, 35.5299416 ], [ -85.6650762, 35.6244384 ], [ -85.5863652, 35.7137217 ], [ -85.4895225, 35.7058717 ], [ -85.4823309, 35.7530947 ], [ -85.4177379, 35.747818 ], [ -85.3781784, 35.7923809 ], [ -85.3599683, 35.9103922 ], [ -85.3741196, 36.0310321 ], [ -85.4532901, 36.156928 ], [ -85.6807615, 36.175177 ], [ -85.6558356, 36.3403152 ], [ -85.6232551, 36.3377271 ], [ -85.652265, 36.3639016 ], [ -85.8804746, 36.381796 ], [ -85.8874584, 36.3346114 ], [ -86.0178282, 36.344652 ], [ -86.0469913, 36.3707384 ], [ -86.2426977, 36.3855112 ], [ -86.249432700000014, 36.3383079 ], [ -86.4157827, 36.3267807 ], [ -86.425694800000016, 36.2559526 ], [ -86.4582656, 36.2583413 ], [ -86.406355, 36.1591047 ], [ -86.5039346, 36.1662623 ], [ -86.5104691, 36.1190253 ], [ -86.5754892, 36.1237537 ], [ -86.5819706, 36.0765092 ], [ -86.6794512, 36.0835367 ], [ -86.6569594, 36.2488864 ], [ -86.8524445, 36.2627513 ], [ -86.8555977, 36.2391293 ], [ -86.9533364, 36.24595 ], [ -87.0123086, 36.2977059 ], [ -87.002996200000013, 36.3685712 ], [ -87.0947817, 36.4225217 ], [ -87.1601286, 36.426956 ], [ -87.1570717, 36.4505765 ], [ -87.38593, 36.4658446 ], [ -87.3918852, 36.4185934 ], [ -87.424565199999989, 36.420740599999988 ], [ -87.4304899, 36.3734835 ], [ -87.4958113, 36.377751 ], [ -87.4899313, 36.4250107 ], [ -87.5582241, 36.4056176 ], [ -87.6562669, 36.4119106 ], [ -87.6620312, 36.3646424 ], [ -87.6946938, 36.3667225 ], [ -87.7032919, 36.2958096 ], [ -87.8338279, 36.3040412 ], [ -87.839461, 36.2567553 ], [ -87.8720776, 36.2587916 ], [ -87.8692732, 36.2824358 ], [ -87.9671679, 36.2884977 ], [ -87.972708, 36.2412046 ], [ -88.005321099999989, 36.2432077 ], [ -88.0108313, 36.1959088 ], [ -88.0434241, 36.1979026 ], [ -88.179205200000013, 36.158487 ], [ -88.1818981, 36.1348305 ], [ -88.2144669, 36.1367819 ], [ -88.2198249, 36.0894642 ], [ -88.2849235, 36.0933403 ], [ -88.2902298, 36.0460156 ], [ -88.3878247, 36.0517653 ], [ -88.3904419, 36.0280995 ], [ -88.3579195, 36.0261916 ], [ -88.360546, 36.0025251 ], [ -88.4255703, 36.006331599999989 ], [ -88.4307736, 35.9589929 ], [ -88.473607199999989, 35.8661888 ], [ -88.4489289, 35.7932696 ], [ -88.4916359, 35.7004277 ], [ -88.5665596, 35.6094192 ], [ -88.5741732, 35.538342299999989 ], [ -88.7158194, 35.4272197 ], [ -88.6985021, 35.2831556 ], [ -88.762874, 35.286799 ], [ -88.7653353, 35.2630876 ], [ -88.7331593, 35.2612705 ], [ -88.7356297, 35.2375584 ], [ -88.7999616, 35.2411836 ], [ -88.8072977, 35.1700363 ], [ -88.876410299999989, 35.1261863 ], [ -88.8884796, 35.0075635 ], [ -88.9301261, 34.914419 ], [ -89.003643, 34.8230006 ], [ -89.2915402, 34.8384731 ], [ -89.4284226, 34.7501459 ], [ -89.5011212, 34.6584076 ], [ -89.6352481, 34.5935837 ], [ -89.6162612, 34.4493778 ], [ -89.6799185, 34.4525682 ], [ -89.7180866, 34.3828269 ], [ -89.8750442, 34.4143951 ], [ -90.0103774, 34.3253562 ], [ -89.9846555, 34.2524877 ], [ -89.9987427, 34.0859326 ], [ -89.9435037, 33.9876973 ], [ -89.9737039, 33.630484 ], [ -89.9502774, 33.5336526 ], [ -90.0309725, 33.3221385 ], [ -90.0936513, 33.3251295 ], [ -90.1698456, 33.1611257 ], [ -90.1813765, 33.0179547 ], [ -90.1540215, 32.9687488 ], [ -90.076038, 33.1566831 ], [ -90.0095495, 33.2013893 ], [ -90.0016206, 33.2967858 ], [ -89.9036131, 33.3399044 ], [ -89.868210499999989, 33.386045 ], [ -89.8600741, 33.4813866 ], [ -89.8874229, 33.5305911 ], [ -89.7890282, 33.5735937 ], [ -89.7766256, 33.7165208 ], [ -89.740955200000016, 33.7625809 ], [ -89.6127417, 33.7800302 ], [ -89.5769342, 33.8260362 ], [ -89.5683594, 33.9212521 ], [ -89.6315435, 33.9244708 ], [ -89.6251603, 33.9958702 ], [ -89.4670534, 33.9877573 ], [ -89.4626858, 34.0353453 ], [ -89.2435087, 33.9998572 ], [ -89.2502738, 33.9284784 ], [ -89.1239401, 33.9216265 ], [ -89.0992689, 33.848509 ], [ -88.9415507, 33.8397332 ], [ -88.9509491, 33.7445427 ], [ -88.9265154, 33.6713589 ], [ -88.8635879, 33.6677841 ], [ -88.8895953, 33.4058551 ], [ -88.8700583, 33.2849447 ], [ -88.9686031, 33.2426355 ], [ -89.0068186, 33.1728994 ], [ -88.9489781, 33.1216859 ], [ -88.8240836, 33.1145175 ], [ -88.8193449, 33.1621882 ], [ -88.6750477, 33.3454959 ], [ -88.6315371, 33.4627244 ], [ -88.4747243, 33.453353 ], [ -88.3705413, 33.5428534 ], [ -88.3603993, 33.6380472 ], [ -88.420755899999989, 33.6656707 ], [ -88.3791727, 33.7589263 ], [ -88.3664671, 33.8778508 ], [ -88.4295539, 33.8816731 ], [ -88.475081, 34.0519115 ], [ -88.4549045, 34.2420512 ], [ -88.3812832, 34.3332765 ], [ -88.2860575, 34.3275009 ], [ -88.2439093, 34.4205604 ], [ -87.9897269, 34.4047273 ], [ -87.9660574, 34.3314788 ], [ -87.8735953, 34.3016455 ], [ -87.8211381, 34.2025564 ], [ -87.6972512, 34.1705266 ], [ -87.708353699999989, 34.0755152 ], [ -87.6535061, 34.0000628 ], [ -87.4640858, 33.9873366 ], [ -87.461235, 34.0110913 ], [ -87.2086977, 33.9936747 ], [ -87.2028235, 34.0411702 ], [ -87.0765182, 34.0322669 ], [ -87.0073702, 34.0752501 ], [ -86.9637019, 34.1679321 ], [ -86.868824, 34.161089 ], [ -86.862709, 34.2085489 ], [ -86.7045155, 34.1969787 ], [ -86.6127664, 34.1662173 ], [ -86.5968819, 34.0452173 ], [ -86.5337608, 34.0404781 ], [ -86.5495437, 33.921809 ], [ -86.6250666, 33.8315748 ], [ -86.6406521, 33.7128326 ], [ -86.4521837, 33.6985746 ], [ -86.445832, 33.7460683 ], [ -86.3701734, 33.8362139 ], [ -86.2443393, 33.8264721 ], [ -86.1218284, 33.7928706 ], [ -86.1086609, 33.8877953 ], [ -85.9198414, 33.8727442 ], [ -85.8075862, 33.7676551 ], [ -85.7201952, 33.7124834 ], [ -85.675084, 33.8047943 ], [ -85.6122394, 33.7995908 ], [ -85.598127, 33.6783615 ], [ -85.3159227, 33.6545173 ], [ -85.162822, 33.6172778 ], [ -85.1170537, 33.7094088 ], [ -84.9602734, 33.6956399 ], [ -84.862535, 33.710989 ], [ -84.8423046, 33.6370708 ], [ -84.7796698, 33.6314484 ], [ -84.7669955, 33.5100784 ], [ -84.7044773, 33.5044166 ], [ -84.6494886, 33.4512998 ], [ -84.6295499, 33.3772982 ], [ -84.5397547, 33.3449719 ], [ -84.4150507, 33.3333847 ], [ -84.4227024, 33.2859547 ], [ -84.2008137, 33.2890974 ], [ -84.1540255, 33.3809495 ], [ -84.091669, 33.3749791 ], [ -84.0446857, 33.4667697 ], [ -83.9510569, 33.4577224 ], [ -83.9038401, 33.5494404 ], [ -83.8413584, 33.5433476 ], [ -83.7939452, 33.6350039 ], [ -83.700129, 33.6257725 ], [ -83.6509762, 33.9097373 ], [ -83.6823677, 33.9128323 ], [ -83.6535861, 34.0783827 ], [ -83.5508953, 34.1163378 ], [ -83.5110787, 34.1604853 ], [ -83.4859888, 34.3022706 ], [ -83.2651626, 34.2801178 ], [ -83.260899, 34.3037374 ], [ -83.0401398, 34.2811922 ], [ -82.9640055, 34.3455056 ], [ -82.8378205, 34.3323754 ], [ -82.8289996, 34.3795779 ], [ -82.7570095, 34.4201548 ], [ -82.5676087, 34.4001065 ], [ -82.4459428, 34.3629969 ], [ -82.3467776, 34.3763583 ], [ -82.3376242, 34.423521 ], [ -82.2429661, 34.4132194 ], [ -82.0981668, 34.4936546 ], [ -82.0572365, 34.5372992 ], [ -82.0243956, 34.7022064 ], [ -81.9927306, 34.6987048 ], [ -81.9501869, 34.9106146 ], [ -81.972477, 34.9612023 ], [ -81.9439961, 35.1023997 ], [ -82.0525116, 35.2105133 ], [ -82.0655189, 35.3080969 ], [ -82.1247019, 35.3385701 ], [ -82.0738293, 35.4291757 ], [ -82.0003188, 35.4692268 ], [ -81.8722888, 35.4551725 ], [ -81.7636722, 35.3469648 ], [ -81.5867318, 35.2549625 ], [ -81.601378, 35.1844342 ], [ -81.5474475, 35.130199 ], [ -81.4837824, 35.122958 ], [ -81.4765275, 35.001761699999989 ], [ -81.4129862, 34.9944834 ], [ -81.4326682, 34.9004147 ], [ -81.4157021, 34.8262042 ], [ -81.3572591, 34.7953708 ], [ -81.3403977, 34.7211324 ], [ -81.2771236, 34.713782 ], [ -81.2653175, 34.6159908 ], [ -81.1805193, 34.5578399 ], [ -80.9912259, 34.5354478 ], [ -80.8915566, 34.5476645 ], [ -80.7339038, 34.5286651 ], [ -80.5711629, 34.5329762 ], [ -80.3822122, 34.6545552 ], [ -80.3717116, 34.7015353 ], [ -80.2189041, 34.8032436 ], [ -80.1240703, 34.7913742 ], [ -80.0501313, 34.8303613 ], [ -80.0393827, 34.8772947 ], [ -79.911962699999989, 35.0060384 ], [ -79.7852296, 34.9899002 ], [ -79.7053925, 35.0521158 ], [ -79.5841664, 35.012337 ], [ -79.4574984, 34.995874799999989 ], [ -79.4314305, 34.968306 ], [ -79.2676084, 34.9709456 ], [ -78.8250612, 34.9116778 ], [ -78.8450884, 34.9627824 ], [ -78.7128618, 34.968991 ], [ -78.5548974, 34.9473155 ], [ -78.5056325, 35.013135 ], [ -78.3160453, 34.9867967 ], [ -78.0829684, 35.0024578 ], [ -78.0258785, 34.9701315 ], [ -77.8681286, 34.947609 ], [ -77.8173037, 34.8918192 ], [ -77.829534, 34.8450871 ], [ -77.703601, 34.8268862 ], [ -77.7158955, 34.780158 ], [ -77.671465, 34.7009196 ], [ -77.6344855, 34.841098 ], [ -77.5400731, 34.827314699999988 ], [ -77.452216, 34.9114824 ], [ -77.4397231, 34.958171 ], [ -77.3641483, 34.9955736 ], [ -77.3389986, 35.0889097 ], [ -77.263229, 35.1262418 ], [ -77.2062787, 35.2148504 ], [ -77.1617147, 35.3780388 ], [ -77.1300291, 35.3733414 ], [ -77.0851848, 35.5364472 ], [ -76.9958824, 35.6201699 ], [ -76.9570501, 35.7598658 ], [ -76.880342, 35.7969182 ], [ -76.8149789, 36.0295724 ], [ -76.8789139, 36.0391011 ], [ -76.8912861, 36.1136345 ], [ -76.8585278, 36.2299075 ], [ -76.9351109, 36.3139104 ], [ -76.9285639, 36.3371608 ], [ -76.9731959, 36.4163792 ], [ -76.9404319, 36.5326038 ], [ -77.0235318, 36.714184 ], [ -77.1008622, 36.7980122 ], [ -77.0812378, 36.8677199 ], [ -77.1263959, 36.9468069 ], [ -77.1847153, 36.979401 ], [ -77.1520416, 37.0955564 ], [ -77.1649068, 37.1699145 ], [ -77.223437, 37.2024786 ], [ -77.236401, 37.2768157 ], [ -77.3015735, 37.2861154 ], [ -77.2754856, 37.3790151 ], [ -77.3407622, 37.3882939 ], [ -77.419497, 37.5925628 ], [ -77.4652198, 37.5507219 ], [ -77.4979522, 37.5553175 ], [ -77.5044212, 37.532090599999989 ], [ -77.5371472, 37.5366767 ], [ -77.5500501, 37.4902164 ] ], [ [ -84.2840045, 34.7150396 ], [ -84.3357702, 34.7917798 ], [ -84.2085425, 34.780029 ], [ -84.1329411, 34.844964 ], [ -83.942023, 34.826989 ], [ -83.8024557, 34.8856668 ], [ -83.6751497, 34.8733871 ], [ -83.6501361, 35.0149685 ], [ -83.6695085, 35.0888301 ], [ -83.801336600000013, 35.0775156 ], [ -83.7765054, 35.2190567 ], [ -83.796068, 35.2928657 ], [ -83.6680212, 35.2805905 ], [ -83.567795300000014, 35.2948763 ], [ -83.5569154, 35.1738733 ], [ -83.4930165, 35.1676311 ], [ -83.441897700000013, 35.0906176 ], [ -83.467358, 34.949101399999989 ], [ -83.5310557, 34.9553595 ], [ -83.6115134, 34.8671996 ], [ -83.6240453, 34.7963952 ], [ -83.906963, 34.6556257 ], [ -84.1291587, 34.6766386 ], [ -84.1371472, 34.6293832 ], [ -84.1688792, 34.6323517 ], [ -84.1768361, 34.5850889 ], [ -84.2798692, 34.5466683 ], [ -84.2956048, 34.4521041 ], [ -84.2322943, 34.44622 ], [ -84.2520087, 34.3279905 ], [ -84.1611845, 34.2954694 ], [ -84.034876, 34.2835311 ], [ -84.0268583, 34.3308187 ], [ -83.8332767, 34.336301 ], [ -83.8139391, 34.2623352 ], [ -83.8576858, 34.1944594 ], [ -83.9263191, 33.7922826 ], [ -84.0561314, 33.5882228 ], [ -84.1186702, 33.5942076 ], [ -84.2359088, 33.4609536 ], [ -84.243692, 33.4135503 ], [ -84.3646572, 33.449012 ], [ -84.4895534, 33.4606461 ], [ -84.5794705, 33.492998799999988 ], [ -84.6344392, 33.5461407 ], [ -84.6155715, 33.6646569 ], [ -84.6782224, 33.6703609 ], [ -84.7221574, 33.7945267 ], [ -84.6920669, 33.984037 ], [ -84.649246, 34.0522339 ], [ -84.7084703, 34.0815937 ], [ -84.724918699999989, 34.1791251 ], [ -84.7060337, 34.297469 ], [ -84.627591099999989, 34.3864302 ], [ -84.489464, 34.4459169 ], [ -84.4027898, 34.5819952 ], [ -84.3076401, 34.57324 ], [ -84.196642, 34.6589423 ], [ -84.1926674, 34.6825709 ], [ -84.2244257, 34.6855252 ], [ -84.2204589, 34.7091533 ], [ -84.2840045, 34.7150396 ] ], [ [ -84.6183457, 34.8413871 ], [ -84.6106566, 34.888649 ], [ -84.5353106, 34.9538054 ], [ -84.5275532, 35.0010502 ], [ -84.4435472, 34.9215345 ], [ -84.4591468, 34.8270324 ], [ -84.6183457, 34.8413871 ] ], [ [ -88.0362138, 35.4108092 ], [ -87.9985371, 35.4561861 ], [ -87.9045704, 35.4264522 ], [ -87.883406900000011, 35.3296681 ], [ -88.044346, 35.3397342 ], [ -88.0362138, 35.4108092 ] ], [ [ -83.8880184, 35.3255731 ], [ -83.8765796, 35.204606 ], [ -84.0365162, 35.2196732 ], [ -84.200526, 35.2109416 ], [ -84.1204169, 35.2994024 ], [ -84.0681191, 35.4143697 ], [ -83.9718767, 35.4053806 ], [ -83.8880184, 35.3255731 ] ], [ [ -82.7887314, 35.7927762 ], [ -82.7746171, 35.6953697 ], [ -82.8292606, 35.5810066 ], [ -82.925592, 35.590844 ], [ -82.9953435, 35.7418352 ], [ -82.9453155, 35.8327028 ], [ -82.8164273, 35.8195963 ], [ -82.7887314, 35.7927762 ] ], [ [ -80.9444061, 35.2048247 ], [ -80.8386394, 35.2404653 ], [ -80.8170814, 35.1897155 ], [ -80.8427433, 35.0722943 ], [ -80.9533384, 35.0131425 ], [ -80.9736409, 34.9191495 ], [ -81.0370679, 34.926647 ], [ -80.9864169, 35.1616073 ], [ -80.9444061, 35.2048247 ] ], [ [ -79.0435609, 35.0862261 ], [ -79.0263627, 35.1564524 ], [ -78.9514319, 35.1947695 ], [ -78.8620871, 35.1585725 ], [ -78.8794504, 35.0883686 ], [ -78.922654799999989, 35.0458255 ], [ -79.0176224, 35.058579 ], [ -79.0118871, 35.0819895 ], [ -79.0435609, 35.0862261 ] ], [ [ -77.4854269, 35.5224693 ], [ -77.3838015, 35.5319077 ], [ -77.3266036, 35.4993085 ], [ -77.402344, 35.2194886 ], [ -77.4968949, 35.1120765 ], [ -77.5725244, 35.0746054 ], [ -77.6988685, 35.0929251 ], [ -77.8068529, 35.1811729 ], [ -77.8517419, 35.2602782 ], [ -77.8209906, 35.3769943 ], [ -77.7451667, 35.414586799999988 ], [ -77.7203764, 35.5079109 ], [ -77.593273600000018, 35.4896286 ], [ -77.4854269, 35.5224693 ] ], [ [ -80.6777013, 35.9676439 ], [ -80.5811929, 35.9561439 ], [ -80.5859635, 35.7882391 ], [ -80.6606213, 35.7490244 ], [ -80.7620563, 35.7370202 ], [ -80.890374, 35.7521657 ], [ -80.8697145, 35.8459758 ], [ -80.7950707, 35.8853028 ], [ -80.6986576, 35.873888 ], [ -80.6777013, 35.9676439 ] ], [ [ -78.0799245, 36.4050523 ], [ -77.944856, 36.4104525 ], [ -77.8607014, 36.3503563 ], [ -77.8213312, 36.2481367 ], [ -77.6991123, 36.206688 ], [ -77.653782, 36.1276865 ], [ -77.6788849, 36.0344955 ], [ -77.5891288, 35.9974825 ], [ -77.6330843, 35.8343621 ], [ -77.6650146, 35.8389314 ], [ -77.7980943, 35.7126872 ], [ -77.8228533, 35.6193888 ], [ -78.0139784, 35.6464183 ], [ -78.0974111, 35.7065019 ], [ -78.1110347, 35.7809641 ], [ -78.20685730000001, 35.7942969 ], [ -78.278538, 35.9009108 ], [ -78.374559, 35.9141165 ], [ -78.3564759, 35.9841275 ], [ -78.408539, 36.0395716 ], [ -78.472694100000012, 36.0483168 ], [ -78.4867906, 36.1226868 ], [ -78.551033, 36.131392 ], [ -78.509068, 36.294717399999989 ], [ -78.4124895, 36.2816209 ], [ -78.2533086, 36.3806229 ], [ -78.2410929, 36.4272436 ], [ -78.0799245, 36.4050523 ] ] ], [ [ [ -78.1291096, 36.2185891 ], [ -78.1750459, 36.2974103 ], [ -78.2776904, 36.287365199999989 ], [ -78.2898565, 36.2407283 ], [ -78.3984407, 36.2072664 ], [ -78.4165397, 36.137281 ], [ -78.3643964, 36.081851199999988 ], [ -78.2178046, 36.134194 ], [ -78.1215072, 36.1208784 ], [ -78.0648398, 36.2096778 ], [ -78.1291096, 36.2185891 ] ] ], [ [ [ -82.5775072, 36.5382136 ], [ -82.5589009, 36.4644148 ], [ -82.4011009, 36.4240728 ], [ -82.4520434, 36.501282 ], [ -82.4426784, 36.5482374 ], [ -82.5682234, 36.5851745 ], [ -82.5775072, 36.5382136 ] ] ], [ [ [ -83.9915534, 36.7952533 ], [ -84.0897598, 36.804201899999988 ], [ -84.163465, 36.7630805 ], [ -84.179871, 36.6689735 ], [ -84.0491785, 36.6571123 ], [ -83.9344725, 36.7422129 ], [ -83.9915534, 36.7952533 ] ] ], [ [ [ -83.6207669, 37.5493439 ], [ -83.5963931, 37.499307699999989 ], [ -83.5016229, 37.466529699999988 ], [ -83.5147515, 37.3961033 ], [ -83.4531482, 37.3663912 ], [ -83.3807054, 37.2161179 ], [ -83.1833186, 37.1971059 ], [ -83.1324668, 37.2877926 ], [ -83.0666125, 37.2813658 ], [ -82.9916798, 37.3218337 ], [ -83.0394365, 37.4221466 ], [ -83.0497524, 37.5426624 ], [ -82.9175737, 37.5296995 ], [ -82.9313249, 37.4593394 ], [ -82.8699222, 37.4293614 ], [ -82.7380006, 37.4162182 ], [ -82.6627212, 37.4564913 ], [ -82.6817152, 37.5301433 ], [ -82.6630062, 37.6239089 ], [ -82.7244943, 37.6539723 ], [ -82.7674313, 37.7777622 ], [ -82.7487732, 37.8715016 ], [ -82.8815943, 37.8846238 ], [ -82.900951, 37.9581928 ], [ -83.0718028, 37.9509441 ], [ -83.271384, 37.9700961 ], [ -83.3756759, 37.9561104 ], [ -83.4311375, 37.8419757 ], [ -83.3448798, 37.7621866 ], [ -83.245374, 37.752699199999988 ], [ -83.2633055, 37.6588739 ], [ -83.4620719, 37.6777512 ], [ -83.5414952, 37.6135746 ], [ -83.6077194, 37.6197626 ], [ -83.6207669, 37.5493439 ] ], [ [ -83.0087337, 37.753720799999989 ], [ -82.9950034, 37.8240546 ], [ -82.9240294, 37.841006 ], [ -82.9092889, 37.7439838 ], [ -83.0087337, 37.753720799999989 ] ] ], [ [ [ -80.0450407, 37.262162 ], [ -79.9140559, 37.2462255 ], [ -79.9299843, 37.3202645 ], [ -80.0283277, 37.3322156 ], [ -80.0450407, 37.262162 ] ] ] ] } },
{ "type": "Feature", "properties": { "ID": 18 }, "geometry": { "type": "MultiPolygon", "coordinates": [ [ [ [ -99.5470174, 30.0523502 ], [ -99.4880741, 30.0782445 ], [ -99.4624292, 30.1755292 ], [ -99.373277, 30.2022325 ], [ -99.3786404, 30.3226855 ], [ -99.498053, 30.295103 ], [ -99.4958305, 30.2469254 ], [ -99.5861308, 30.2442246 ], [ -99.5827166, 30.171946 ], [ -99.6729245, 30.1691784 ], [ -99.6682682, 30.0727832 ], [ -99.5470174, 30.0523502 ] ] ], [ [ [ -99.9581195, 36.1664598 ], [ -99.9907844, 36.1654649 ], [ -99.9880345, 36.1180321 ], [ -100.1512325, 36.1129382 ], [ -100.1824283, 36.0881786 ], [ -100.169505500000014, 35.8746798 ], [ -100.1991463, 35.826175 ], [ -100.3306286, 35.8456303 ], [ -100.493157200000013, 35.8401053 ], [ -100.530323, 35.9101456 ], [ -100.6263356, 35.8829844 ], [ -100.590661700000013, 35.8366926 ], [ -100.5843701, 35.7417858 ], [ -100.5148161, 35.6728717 ], [ -100.4948149, 35.3642353 ], [ -100.3641946, 35.3449271 ], [ -100.3582553, 35.2499099 ], [ -100.4182049, 35.1764337 ], [ -100.4122066, 35.0813838 ], [ -100.3755985, 35.0111848 ], [ -100.3084336, 34.9658222 ], [ -100.3026017, 34.8707222 ], [ -100.3913402, 34.7485465 ], [ -100.3780299, 34.5344435 ], [ -100.3432001, 34.4879454 ], [ -100.2475455, 34.4911826 ], [ -100.2375615, 34.3245551 ], [ -100.3344472, 34.3451313 ], [ -100.461716599999988, 34.3407103 ], [ -100.4587216, 34.2930972 ], [ -100.5858897, 34.2885509 ], [ -100.7114603, 34.2600707 ], [ -100.7083014, 34.2124544 ], [ -100.8035584, 34.2088679 ], [ -100.8003401, 34.161248 ], [ -100.9573137, 34.1313042 ], [ -100.9223032, 34.0849208 ], [ -100.915723500000013, 33.9896527 ], [ -101.0089984, 33.9620885 ], [ -101.0756618, 34.0071893 ], [ -101.1406901, 34.0284359 ], [ -101.198802300000011, 33.9543866 ], [ -101.2936887, 33.9504283 ], [ -101.3199851, 33.8776364 ], [ -101.379582, 33.8273007 ], [ -101.4742896, 33.823205 ], [ -101.591230599999989, 33.6985122 ], [ -101.6171325, 33.6256125 ], [ -101.7373119, 33.5483967 ], [ -101.8238953, 33.4486825 ], [ -101.8181074, 33.3771574 ], [ -101.880835, 33.3742112 ], [ -101.902421, 33.2534936 ], [ -101.9650377, 33.250504 ], [ -101.986446199999989, 33.1297328 ], [ -102.0489523, 33.1267 ], [ -102.0409755, 33.0312639 ], [ -102.0993729, 32.9804772 ], [ -102.124507, 32.9073367 ], [ -102.11043, 32.7402175 ], [ -102.1746237, 32.7609972 ], [ -102.1503829, 32.4743548 ], [ -102.2082596, 32.4234394 ], [ -102.1692433, 32.3293925 ], [ -102.1511675, 32.1141731 ], [ -102.1759541, 32.0408465 ], [ -102.141171, 31.9945488 ], [ -102.1312069, 31.8748825 ], [ -102.052089099999989, 31.6624546 ], [ -101.9908205, 31.6655018 ], [ -101.9544036, 31.5951418 ], [ -101.9467135, 31.4992884 ], [ -101.8817768, 31.4543452 ], [ -101.8417999, 31.3359516 ], [ -101.7465822, 31.2923897 ], [ -101.7391903, 31.1964366 ], [ -101.6764663, 31.1753363 ], [ -101.6387735, 31.0807781 ], [ -101.5779653, 31.0836214 ], [ -101.50830830000001, 30.9663957 ], [ -101.4172262, 30.9705514 ], [ -101.3462137, 30.8291682 ], [ -101.2552892, 30.8332026 ], [ -101.2182981, 30.7384137 ], [ -101.1274765, 30.7423519 ], [ -101.0923168, 30.6715376 ], [ -101.0015694, 30.6753809 ], [ -100.9983764, 30.6272954 ], [ -100.9076776, 30.6310678 ], [ -100.8441139, 30.5854485 ], [ -100.8410251, 30.5373453 ], [ -100.7504266, 30.5409989 ], [ -100.7473993, 30.4928866 ], [ -100.6266646, 30.4976485 ], [ -100.6237177, 30.4495264 ], [ -100.5030447, 30.4541635 ], [ -100.5001782, 30.4060318 ], [ -100.379567200000011, 30.410544 ], [ -100.3466449, 30.363511 ], [ -100.2562321, 30.3667902 ], [ -100.258942, 30.4149336 ], [ -100.047815, 30.4223206 ], [ -100.0125404, 30.3270428 ], [ -99.9196645, 30.281904 ], [ -99.9246535, 30.3782242 ], [ -99.8016357, 30.3339939 ], [ -99.796805800000016, 30.237655 ], [ -99.6764245, 30.241455 ], [ -99.6185283, 30.291485 ], [ -99.6289094, 30.5081845 ], [ -99.5394236, 30.5349846 ], [ -99.5069711, 30.4877393 ], [ -99.5337893, 30.4146205 ], [ -99.413114, 30.4181509 ], [ -99.3861779, 30.4912416 ], [ -99.3257771, 30.4929467 ], [ -99.2997825, 30.5900675 ], [ -99.0880848, 30.5957456 ], [ -99.0890707, 30.6198124 ], [ -98.9075331, 30.6243809 ], [ -98.9093909, 30.6725111 ], [ -98.8185561, 30.6746928 ], [ -98.7606427, 30.748293 ], [ -98.76417880000001, 30.8445135 ], [ -98.8855666, 30.8416459 ], [ -99.0088717, 30.8867516 ], [ -99.1303178, 30.8836361 ], [ -99.1373537, 31.0519123 ], [ -99.1677818, 31.0511128 ], [ -99.174917799999989, 31.2193008 ], [ -99.3000831, 31.2880717 ], [ -99.3064733, 31.4321282 ], [ -99.246355799999989, 31.4577917 ], [ -99.2188799, 31.5306117 ], [ -99.1259964, 31.5090229 ], [ -99.133081800000014, 31.676983 ], [ -99.2875621, 31.6969069 ], [ -99.320404, 31.7440384 ], [ -99.324714, 31.839953 ], [ -99.3884124, 31.8862014 ], [ -99.4499487, 31.8844715 ], [ -99.506927499999989, 31.7868145 ], [ -99.7527126, 31.7794665 ], [ -99.7551476, 31.8274141 ], [ -99.878101, 31.8235516 ], [ -99.911375, 31.8705049 ], [ -99.9164604, 31.9663615 ], [ -100.0127565, 32.0352278 ], [ -100.166861700000013, 32.0300573 ], [ -100.2887349, 32.0018273 ], [ -100.2859475, 31.9539154 ], [ -100.470643, 31.9472719 ], [ -100.4735501, 31.9951805 ], [ -100.5967414, 31.9905935 ], [ -100.6643968, 32.0840434 ], [ -100.6781021, 32.2994745 ], [ -100.6162516, 32.3018225 ], [ -100.5898206, 32.3747685 ], [ -100.5988384, 32.5182922 ], [ -100.6344085, 32.5888665 ], [ -100.6995821, 32.6343281 ], [ -100.738417399999989, 32.7526512 ], [ -100.8006466, 32.7502445 ], [ -100.8053821, 32.8219316 ], [ -100.6184989, 32.8290634 ], [ -100.613947, 32.7573706 ], [ -100.5146505, 32.6652118 ], [ -100.3592293, 32.6708108 ], [ -100.3012888, 32.744716 ], [ -100.3069479, 32.8403213 ], [ -100.3423921, 32.9109176 ], [ -100.2488191, 32.9141679 ], [ -100.2134641, 32.8435455 ], [ -100.0901519, 32.8716337 ], [ -100.0968928, 32.9911074 ], [ -100.1308432, 33.0378484 ], [ -99.88083610000001, 33.0459288 ], [ -99.8898182, 33.2131192 ], [ -99.7970904, 33.2399038 ], [ -99.6717264, 33.2436684 ], [ -99.6741571, 33.291424 ], [ -99.5486974, 33.2950642 ], [ -99.5510484, 33.3428158 ], [ -99.4568831, 33.3454643 ], [ -99.4637677, 33.4886876 ], [ -99.4952193, 33.4878112 ], [ -99.5021939, 33.63098 ], [ -99.539593200000013, 33.7493602 ], [ -99.3817563, 33.7537155 ], [ -99.3851397, 33.8252613 ], [ -99.3219365, 33.8269492 ], [ -99.2958297, 33.9469991 ], [ -99.3057686, 34.1615024 ], [ -99.242265, 34.1631489 ], [ -99.24988780000001, 34.3299101 ], [ -99.2180603, 34.3307229 ], [ -99.224558500000015, 34.473609 ], [ -99.1926662, 34.4744152 ], [ -99.1991262, 34.6172541 ], [ -99.263039, 34.615631 ], [ -99.3668499, 34.7797128 ], [ -99.3714081, 34.8748705 ], [ -99.469969800000015, 34.919865 ], [ -99.5056226, 34.990334 ], [ -99.5127678, 35.1329873 ], [ -99.5881131, 35.3450987 ], [ -99.7185153, 35.3651933 ], [ -99.7882641, 35.4583308 ], [ -99.9175983, 35.4544673 ], [ -99.987703, 35.547479 ], [ -100.0524491, 35.5454639 ], [ -100.0566074, 35.6166934 ], [ -99.9945277, 35.6661918 ], [ -99.8323698, 35.6710948 ], [ -99.8297478, 35.6236104 ], [ -99.5704261, 35.6310284 ], [ -99.5740946, 35.7022596 ], [ -99.7687905, 35.69674 ], [ -99.8389406, 35.7897847 ], [ -99.9039174, 35.787845 ], [ -99.9092793, 35.8827733 ], [ -99.7791438, 35.8866246 ], [ -99.8208632, 36.0517595 ], [ -99.918698100000015, 36.0488528 ], [ -99.9227486, 36.1200124 ], [ -99.955392, 36.1190263 ], [ -99.9581195, 36.1664598 ] ], [ [ -100.87729, 32.9628197 ], [ -100.9708953, 32.9590947 ], [ -100.9741725, 33.0068564 ], [ -100.8805057, 33.0105833 ], [ -100.87729, 32.9628197 ] ] ], [ [ [ -99.8734746, 36.4065036 ], [ -99.8761568, 36.4539119 ], [ -99.90896, 36.452938 ], [ -99.9049041, 36.3818248 ], [ -99.8367108, 36.336347 ], [ -99.8406932, 36.4074686 ], [ -99.8734746, 36.4065036 ] ] ], [ [ [ -98.993257, 36.5482282 ], [ -98.9285511, 36.573416 ], [ -98.9942952, 36.5719344 ], [ -98.993257, 36.5482282 ] ] ] ] } },
{ "type": "Feature", "properties": { "ID": 19 }, "geometry": { "type": "MultiPolygon", "coordinates": [ [ [ [ -98.2905569, 30.2522543 ], [ -98.2891022, 30.2040513 ], [ -98.2604417, 30.2528329 ], [ -98.2905569, 30.2522543 ] ] ], [ [ [ -97.548380099999989, 30.7942323 ], [ -97.4877062, 30.795003 ], [ -97.4587694, 30.8675564 ], [ -97.5498682, 30.8664111 ], [ -97.548380099999989, 30.7942323 ] ] ], [ [ [ -99.1373537, 31.0519123 ], [ -98.9861627, 31.0798275 ], [ -98.9576212, 31.1286427 ], [ -98.9662021, 31.3448334 ], [ -99.0568631, 31.3185301 ], [ -99.0539108, 31.2464788 ], [ -99.1129223, 31.196873 ], [ -99.1373537, 31.0519123 ] ] ], [ [ [ -95.694458, 31.5490346 ], [ -95.755518099999989, 31.6211974 ], [ -95.8782321, 31.6213829 ], [ -95.8783502, 31.5493592 ], [ -95.8477998, 31.5013002 ], [ -95.7559131, 31.5011496 ], [ -95.7557552, 31.5491738 ], [ -95.694458, 31.5490346 ] ] ], [ [ [ -94.4601739, 31.9476215 ], [ -94.4909842, 31.9480071 ], [ -94.4914745, 31.9240268 ], [ -94.4606742, 31.9236412 ], [ -94.4601739, 31.9476215 ] ] ], [ [ [ -94.1114631, 32.3263059 ], [ -94.1733981, 32.3272447 ], [ -94.1722038, 32.375146 ], [ -94.265169899999989, 32.3764962 ], [ -94.2640348, 32.4243918 ], [ -94.419087, 32.4264867 ], [ -94.420120700000012, 32.37859 ], [ -94.544087499999989, 32.3801241 ], [ -94.547412, 32.2124322 ], [ -94.5783338, 32.2127955 ], [ -94.5792607, 32.1648687 ], [ -94.6719672, 32.1659111 ], [ -94.6741284, 32.0460643 ], [ -94.6133269, 31.9974282 ], [ -94.5824954, 31.9970736 ], [ -94.4591722, 31.995577 ], [ -94.4601739, 31.9476215 ], [ -94.4293639, 31.9472281 ], [ -94.4262949, 32.0910742 ], [ -94.4556562, 32.1633695 ], [ -94.0539801, 32.1576337 ], [ -94.052710600000012, 32.2055567 ], [ -93.8053981, 32.2013688 ], [ -93.8039656, 32.2492831 ], [ -93.4946657, 32.2433419 ], [ -93.4930296, 32.2912467 ], [ -93.4311354, 32.289964 ], [ -93.429456699999989, 32.337861599999989 ], [ -93.4604237, 32.3385072 ], [ -93.5835075, 32.3649585 ], [ -93.6772076, 32.3428073 ], [ -93.6787246, 32.2949071 ], [ -93.8018135, 32.3211425 ], [ -93.9256681, 32.3233017 ], [ -93.927699, 32.2514407 ], [ -94.0514395, 32.2534732 ], [ -94.0501668, 32.3013832 ], [ -94.1120799, 32.3023531 ], [ -94.1114631, 32.3263059 ] ] ], [ [ [ -98.1615805, 34.1624177 ], [ -98.2568658, 34.160751 ], [ -98.2583794, 34.2084186 ], [ -98.3250615, 34.3025843 ], [ -98.420530899999989, 34.3007948 ], [ -98.422971499999989, 34.372267 ], [ -98.4900267, 34.4663088 ], [ -98.6202519, 34.5351824 ], [ -98.7160272, 34.5331714 ], [ -98.7178582, 34.5807906 ], [ -98.9734033, 34.5750717 ], [ -99.0362597, 34.549754899999989 ], [ -99.071292, 34.6204042 ], [ -99.1991262, 34.6172541 ], [ -99.1926662, 34.4744152 ], [ -99.224558500000015, 34.473609 ], [ -99.2180603, 34.3307229 ], [ -99.24988780000001, 34.3299101 ], [ -99.242265, 34.1631489 ], [ -99.3057686, 34.1615024 ], [ -99.2958297, 33.9469991 ], [ -99.3219365, 33.8269492 ], [ -99.3851397, 33.8252613 ], [ -99.3817563, 33.7537155 ], [ -99.539593200000013, 33.7493602 ], [ -99.5021939, 33.63098 ], [ -99.4952193, 33.4878112 ], [ -99.4637677, 33.4886876 ], [ -99.4568831, 33.3454643 ], [ -99.5510484, 33.3428158 ], [ -99.5486974, 33.2950642 ], [ -99.6741571, 33.291424 ], [ -99.6717264, 33.2436684 ], [ -99.7970904, 33.2399038 ], [ -99.8898182, 33.2131192 ], [ -99.88083610000001, 33.0459288 ], [ -100.1308432, 33.0378484 ], [ -100.0968928, 32.9911074 ], [ -100.0901519, 32.8716337 ], [ -100.2134641, 32.8435455 ], [ -100.2488191, 32.9141679 ], [ -100.3423921, 32.9109176 ], [ -100.3069479, 32.8403213 ], [ -100.3012888, 32.744716 ], [ -100.3592293, 32.6708108 ], [ -100.5146505, 32.6652118 ], [ -100.613947, 32.7573706 ], [ -100.6184989, 32.8290634 ], [ -100.8053821, 32.8219316 ], [ -100.8006466, 32.7502445 ], [ -100.738417399999989, 32.7526512 ], [ -100.6995821, 32.6343281 ], [ -100.6344085, 32.5888665 ], [ -100.5988384, 32.5182922 ], [ -100.5898206, 32.3747685 ], [ -100.6162516, 32.3018225 ], [ -100.6781021, 32.2994745 ], [ -100.6643968, 32.0840434 ], [ -100.5967414, 31.9905935 ], [ -100.4735501, 31.9951805 ], [ -100.470643, 31.9472719 ], [ -100.2859475, 31.9539154 ], [ -100.2887349, 32.0018273 ], [ -100.166861700000013, 32.0300573 ], [ -100.0127565, 32.0352278 ], [ -99.9164604, 31.9663615 ], [ -99.911375, 31.8705049 ], [ -99.878101, 31.8235516 ], [ -99.7551476, 31.8274141 ], [ -99.7527126, 31.7794665 ], [ -99.506927499999989, 31.7868145 ], [ -99.4499487, 31.8844715 ], [ -99.3884124, 31.8862014 ], [ -99.324714, 31.839953 ], [ -99.320404, 31.7440384 ], [ -99.2875621, 31.6969069 ], [ -99.133081800000014, 31.676983 ], [ -99.1259964, 31.5090229 ], [ -99.2188799, 31.5306117 ], [ -99.246355799999989, 31.4577917 ], [ -99.3064733, 31.4321282 ], [ -99.3043405, 31.3841163 ], [ -99.1810601, 31.3633936 ], [ -98.9977179, 31.3680902 ], [ -98.9996524, 31.4161096 ], [ -98.8773329, 31.4190873 ], [ -98.8801211, 31.4911057 ], [ -98.7882863, 31.4932593 ], [ -98.785587, 31.4212393 ], [ -98.6598175, 31.3279465 ], [ -98.6538301, 31.1597857 ], [ -98.7147831, 31.1584246 ], [ -98.679997899999989, 31.0389423 ], [ -98.5887125, 31.0409468 ], [ -98.5870513, 30.9928668 ], [ -98.4958196, 30.9948008 ], [ -98.4614589, 30.8751957 ], [ -98.4575225, 30.7549165 ], [ -98.4241061, 30.65928 ], [ -98.3029965, 30.6616808 ], [ -98.3007914, 30.5894676 ], [ -98.4217852, 30.5870686 ], [ -98.3884884, 30.4913718 ], [ -98.2978579, 30.4931578 ], [ -98.205817, 30.446708 ], [ -98.203711, 30.3744441 ], [ -98.2640385, 30.3733085 ], [ -98.2604417, 30.2528329 ], [ -98.20021, 30.2539671 ], [ -98.1735466, 30.3750004 ], [ -98.1132165, 30.3760899 ], [ -98.119963399999989, 30.6169094 ], [ -97.9686494, 30.6195055 ], [ -97.909340200000017, 30.6686338 ], [ -97.8808588, 30.7413171 ], [ -97.820231299999989, 30.7422567 ], [ -97.8237308, 30.886614 ], [ -97.8844748, 30.8856729 ], [ -97.9166887, 30.9573443 ], [ -97.921001499999988, 31.12564 ], [ -97.7381817, 31.1284237 ], [ -97.7359495, 31.0322626 ], [ -97.6750849, 31.0331278 ], [ -97.6772388, 31.1292898 ], [ -97.74098, 31.2485856 ], [ -97.8020195, 31.2476875 ], [ -97.8349019, 31.3433236 ], [ -97.6821055, 31.3455518 ], [ -97.6215073, 31.3704095 ], [ -97.4992218, 31.3719911 ], [ -97.5001895, 31.4200279 ], [ -97.4084129, 31.4211333 ], [ -97.3791554, 31.4935297 ], [ -97.3179097, 31.4942129 ], [ -97.3196149, 31.5902476 ], [ -97.1973491, 31.6155269 ], [ -97.1674308, 31.6638307 ], [ -97.1689448, 31.7598194 ], [ -97.0767428, 31.7606721 ], [ -97.013958699999989, 31.6652115 ], [ -96.9218728, 31.6659467 ], [ -96.8903122, 31.5941651 ], [ -96.8885875, 31.4500969 ], [ -96.8271069, 31.4265142 ], [ -96.4599315, 31.4284708 ], [ -96.337645099999989, 31.4528929 ], [ -96.306739, 31.3809152 ], [ -96.2455802, 31.3810552 ], [ -96.2454219, 31.3330069 ], [ -96.1537425, 31.3331586 ], [ -96.1538416, 31.381207 ], [ -96.0009435, 31.381305 ], [ -95.9703351, 31.4533611 ], [ -96.0009456, 31.5494203 ], [ -96.0009465, 31.6214441 ], [ -95.9702679, 31.6214404 ], [ -95.9702487, 31.6694478 ], [ -96.0009471, 31.6694514 ], [ -96.0009478, 31.717452 ], [ -96.0931029, 31.7174163 ], [ -96.0933145, 31.8853654 ], [ -96.2780431, 31.8850835 ], [ -96.401324699999989, 31.9087256 ], [ -96.4632209, 31.9564737 ], [ -96.4946816, 32.052266 ], [ -96.495488, 32.1721208 ], [ -96.5887869, 32.2436028 ], [ -96.6815996, 32.243121099999989 ], [ -96.7134682, 32.3387789 ], [ -96.8683543, 32.3377795 ], [ -96.929699899999989, 32.289412 ], [ -96.95909, 32.1693627 ], [ -97.0518056, 32.1686001 ], [ -97.0834168, 32.2162588 ], [ -97.0862518, 32.4079082 ], [ -97.2412773, 32.4064381 ], [ -97.2420898, 32.4543336 ], [ -97.3041388, 32.4536904 ], [ -97.304993, 32.5015792 ], [ -97.3360374, 32.5012456 ], [ -97.3351629, 32.453357 ], [ -97.3661867, 32.4530158 ], [ -97.3670815, 32.5009042 ], [ -97.4291688, 32.500198 ], [ -97.4922323, 32.5473417 ], [ -97.4937007, 32.6191518 ], [ -97.555887399999989, 32.6183818 ], [ -97.5890651, 32.7137086 ], [ -97.6524168, 32.7607426 ], [ -97.7147225, 32.7598927 ], [ -97.7799517, 32.8786118 ], [ -97.9047605, 32.8767524 ], [ -97.9066434, 32.9484926 ], [ -97.9704054, 32.9953335 ], [ -97.6578655, 32.9999093 ], [ -97.5969327, 33.0724507 ], [ -97.5990439, 33.1680571 ], [ -97.6644516, 33.286708 ], [ -97.6666586, 33.3822595 ], [ -97.76209, 33.428730099999989 ], [ -97.8237619, 33.3800607 ], [ -98.0122727, 33.3771609 ], [ -98.0470822, 33.4960484 ], [ -97.9237582, 33.5935422 ], [ -97.925678800000014, 33.6651478 ], [ -97.8012984, 33.7386179 ], [ -97.803702, 33.8340566 ], [ -97.7404629, 33.8349487 ], [ -97.7422064, 33.9065135 ], [ -97.681148, 34.0027753 ], [ -97.7139886, 34.0500401 ], [ -97.9042744, 34.0473095 ], [ -97.9061877, 34.1188345 ], [ -98.0358911, 34.2121979 ], [ -98.1630302, 34.2100862 ], [ -98.1615805, 34.1624177 ] ], [ [ -98.2525132, 30.999619 ], [ -98.286597, 31.1192382 ], [ -98.1966162, 31.1690092 ], [ -98.164738899999989, 31.1214957 ], [ -98.1598792, 30.9532071 ], [ -98.2510684, 30.9515285 ], [ -98.2525132, 30.999619 ] ] ], [ [ [ -94.7824814, 32.9571863 ], [ -94.7816784, 33.0050101 ], [ -94.749593499999989, 33.0525163 ], [ -94.7491808, 33.0764227 ], [ -94.968224, 33.0784375 ], [ -95.031768700000015, 33.0072162 ], [ -95.0324069, 32.9593913 ], [ -95.126132700000014, 32.9600881 ], [ -95.1584843, 32.8646354 ], [ -95.2208872, 32.8650443 ], [ -95.2839978, 32.793653 ], [ -95.3775119, 32.7941598 ], [ -95.377921, 32.7463059 ], [ -95.5025265, 32.7468711 ], [ -95.5021993, 32.7947253 ], [ -95.6268884, 32.7951649 ], [ -95.6271337, 32.7473105 ], [ -95.6582857, 32.7474007 ], [ -95.6586222, 32.6756073 ], [ -95.7208651, 32.675764 ], [ -95.7214138, 32.5321347 ], [ -95.6592933, 32.5319783 ], [ -95.6596279, 32.4601424 ], [ -95.504480500000014, 32.4596145 ], [ -95.442787, 32.4114504 ], [ -95.349974, 32.3870414 ], [ -95.1639876, 32.385915 ], [ -95.164534, 32.338008099999989 ], [ -94.947699899999989, 32.3363385 ], [ -94.9470117, 32.3842445 ], [ -94.8230303, 32.3831176 ], [ -94.790057499999989, 32.5025516 ], [ -94.6348341, 32.5009255 ], [ -94.632595, 32.6206189 ], [ -94.6939285, 32.6691604 ], [ -94.6926411, 32.7409486 ], [ -94.7852836, 32.7897548 ], [ -94.7844843, 32.8376001 ], [ -94.846861499999989, 32.8381978 ], [ -94.845722099999989, 32.9099547 ], [ -94.7832833, 32.9093564 ], [ -94.7824814, 32.9571863 ] ] ], [ [ [ -93.8836417, 32.7057869 ], [ -93.8213892, 32.7047027 ], [ -93.7576659, 32.7514342 ], [ -93.7510147, 32.9666691 ], [ -93.7197774, 32.9660978 ], [ -93.7145047, 33.1334156 ], [ -93.777124199999989, 33.1345523 ], [ -93.7800576, 33.0389501 ], [ -93.8425964, 33.040054 ], [ -93.844019, 32.9922432 ], [ -93.8752685, 32.9927831 ], [ -93.8836417, 32.7057869 ] ] ], [ [ [ -100.87729, 32.9628197 ], [ -100.8805057, 33.0105833 ], [ -100.9741725, 33.0068564 ], [ -100.9708953, 32.9590947 ], [ -100.87729, 32.9628197 ] ] ], [ [ [ -94.968224, 33.0784375 ], [ -94.904192, 33.1735135 ], [ -95.0292075, 33.198455 ], [ -95.0301696, 33.1267518 ], [ -94.968224, 33.0784375 ] ] ], [ [ [ -101.0756618, 34.0071893 ], [ -101.0089984, 33.9620885 ], [ -100.915723500000013, 33.9896527 ], [ -100.9223032, 34.0849208 ], [ -100.9573137, 34.1313042 ], [ -100.9856879, 34.0824296 ], [ -101.0807565, 34.0786331 ], [ -101.0756618, 34.0071893 ] ] ], [ [ [ -91.6566725, 32.9587687 ], [ -91.7503072, 32.9620192 ], [ -91.7362592, 33.2008529 ], [ -91.7988929, 33.2029863 ], [ -91.8233073, 33.3234053 ], [ -91.9434226, 33.4230201 ], [ -92.0049305, 33.4489119 ], [ -92.1620796, 33.4538443 ], [ -92.1595315, 33.5015706 ], [ -92.3482631, 33.5072312 ], [ -92.407602, 33.5806392 ], [ -92.5020774, 33.5833173 ], [ -92.5301109, 33.6557683 ], [ -92.6246897, 33.6583533 ], [ -92.6224422, 33.7060635 ], [ -92.8432986, 33.7118206 ], [ -92.8474974, 33.6163881 ], [ -92.9156501, 33.4986342 ], [ -93.0100351, 33.5009291 ], [ -93.1396896, 33.4083855 ], [ -93.1739247, 33.3374665 ], [ -93.236711899999989, 33.338875 ], [ -93.3012896, 33.2924857 ], [ -93.307529, 33.125257399999988 ], [ -93.2780251, 33.0767819 ], [ -93.4657214, 33.0807582 ], [ -93.4986574, 33.033592 ], [ -93.5027762, 32.914062 ], [ -93.4116971, 32.8404016 ], [ -93.2558019, 32.8370378 ], [ -93.195293299999989, 32.7878087 ], [ -93.1998959, 32.6682101 ], [ -93.2932131, 32.6702953 ], [ -93.3260753, 32.6231227 ], [ -93.296762199999989, 32.5745859 ], [ -93.365803, 32.3844374 ], [ -93.3709603, 32.2407466 ], [ -93.3426366, 32.1682114 ], [ -93.2499558, 32.166161 ], [ -93.2517475, 32.1182427 ], [ -93.1282616, 32.1154009 ], [ -93.1216986, 32.2830813 ], [ -92.967002799999989, 32.2793468 ], [ -92.9031069, 32.3256896 ], [ -92.7483331, 32.3216794 ], [ -92.6256286, 32.2943876 ], [ -92.5969111, 32.2456407 ], [ -92.5946888, 32.293531 ], [ -92.5305458, 32.3396774 ], [ -92.4067192, 32.3361087 ], [ -92.4043699, 32.3839833 ], [ -92.2768237, 32.4520844 ], [ -92.2756051, 32.4760135 ], [ -92.3066181, 32.4769502 ], [ -92.2969215, 32.6683275 ], [ -92.203641, 32.6654882 ], [ -92.2011477, 32.7133152 ], [ -92.170035399999989, 32.7123525 ], [ -92.1363867, 32.7592017 ], [ -91.946950199999989, 32.801021 ], [ -91.9117719, 32.8716973 ], [ -91.819622, 32.8446696 ], [ -91.6949749, 32.8403883 ], [ -91.6623887, 32.8631956 ], [ -91.6566725, 32.9587687 ] ] ], [ [ [ -77.8173037, 34.8918192 ], [ -77.8681286, 34.947609 ], [ -78.0258785, 34.9701315 ], [ -78.0829684, 35.0024578 ], [ -78.3160453, 34.9867967 ], [ -78.5056325, 35.013135 ], [ -78.5548974, 34.9473155 ], [ -78.7128618, 34.968991 ], [ -78.8450884, 34.9627824 ], [ -78.8250612, 34.9116778 ], [ -79.2676084, 34.9709456 ], [ -79.4314305, 34.968306 ], [ -79.4574984, 34.995874799999989 ], [ -79.5841664, 35.012337 ], [ -79.7053925, 35.0521158 ], [ -79.7852296, 34.9899002 ], [ -79.911962699999989, 35.0060384 ], [ -80.0393827, 34.8772947 ], [ -80.0501313, 34.8303613 ], [ -80.1240703, 34.7913742 ], [ -80.2189041, 34.8032436 ], [ -80.3717116, 34.7015353 ], [ -80.3822122, 34.6545552 ], [ -80.5711629, 34.5329762 ], [ -80.7339038, 34.5286651 ], [ -80.8915566, 34.5476645 ], [ -80.9912259, 34.5354478 ], [ -81.1805193, 34.5578399 ], [ -81.2653175, 34.6159908 ], [ -81.2771236, 34.713782 ], [ -81.3403977, 34.7211324 ], [ -81.3572591, 34.7953708 ], [ -81.4157021, 34.8262042 ], [ -81.4326682, 34.9004147 ], [ -81.4129862, 34.9944834 ], [ -81.4765275, 35.001761699999989 ], [ -81.4837824, 35.122958 ], [ -81.5474475, 35.130199 ], [ -81.601378, 35.1844342 ], [ -81.5867318, 35.2549625 ], [ -81.7636722, 35.3469648 ], [ -81.8722888, 35.4551725 ], [ -82.0003188, 35.4692268 ], [ -82.0738293, 35.4291757 ], [ -82.1247019, 35.3385701 ], [ -82.0655189, 35.3080969 ], [ -82.0525116, 35.2105133 ], [ -81.9439961, 35.1023997 ], [ -81.972477, 34.9612023 ], [ -81.9501869, 34.9106146 ], [ -81.9927306, 34.6987048 ], [ -82.0243956, 34.7022064 ], [ -82.0572365, 34.5372992 ], [ -82.0981668, 34.4936546 ], [ -82.2429661, 34.4132194 ], [ -82.3376242, 34.423521 ], [ -82.3467776, 34.3763583 ], [ -82.4459428, 34.3629969 ], [ -82.5676087, 34.4001065 ], [ -82.7570095, 34.4201548 ], [ -82.8289996, 34.3795779 ], [ -82.8378205, 34.3323754 ], [ -82.9640055, 34.3455056 ], [ -83.0401398, 34.2811922 ], [ -83.260899, 34.3037374 ], [ -83.2651626, 34.2801178 ], [ -83.4859888, 34.3022706 ], [ -83.5110787, 34.1604853 ], [ -83.5508953, 34.1163378 ], [ -83.6535861, 34.0783827 ], [ -83.6823677, 33.9128323 ], [ -83.6509762, 33.9097373 ], [ -83.700129, 33.6257725 ], [ -83.7939452, 33.6350039 ], [ -83.8413584, 33.5433476 ], [ -83.9038401, 33.5494404 ], [ -83.9510569, 33.4577224 ], [ -84.0446857, 33.4667697 ], [ -84.091669, 33.3749791 ], [ -84.1540255, 33.3809495 ], [ -84.2008137, 33.2890974 ], [ -84.4227024, 33.2859547 ], [ -84.4150507, 33.3333847 ], [ -84.5397547, 33.3449719 ], [ -84.6295499, 33.3772982 ], [ -84.6494886, 33.4512998 ], [ -84.7044773, 33.5044166 ], [ -84.7669955, 33.5100784 ], [ -84.7796698, 33.6314484 ], [ -84.8423046, 33.6370708 ], [ -84.862535, 33.710989 ], [ -84.9602734, 33.6956399 ], [ -85.1170537, 33.7094088 ], [ -85.162822, 33.6172778 ], [ -85.3159227, 33.6545173 ], [ -85.598127, 33.6783615 ], [ -85.6122394, 33.7995908 ], [ -85.675084, 33.8047943 ], [ -85.7201952, 33.7124834 ], [ -85.8075862, 33.7676551 ], [ -85.9198414, 33.8727442 ], [ -86.1086609, 33.8877953 ], [ -86.1218284, 33.7928706 ], [ -86.2443393, 33.8264721 ], [ -86.3701734, 33.8362139 ], [ -86.445832, 33.7460683 ], [ -86.4521837, 33.6985746 ], [ -86.6406521, 33.7128326 ], [ -86.6250666, 33.8315748 ], [ -86.5495437, 33.921809 ], [ -86.5337608, 34.0404781 ], [ -86.5968819, 34.0452173 ], [ -86.6127664, 34.1662173 ], [ -86.7045155, 34.1969787 ], [ -86.862709, 34.2085489 ], [ -86.868824, 34.161089 ], [ -86.9637019, 34.1679321 ], [ -87.0073702, 34.0752501 ], [ -87.0765182, 34.0322669 ], [ -87.2028235, 34.0411702 ], [ -87.2086977, 33.9936747 ], [ -87.461235, 34.0110913 ], [ -87.4640858, 33.9873366 ], [ -87.6535061, 34.0000628 ], [ -87.708353699999989, 34.0755152 ], [ -87.6972512, 34.1705266 ], [ -87.8211381, 34.2025564 ], [ -87.8735953, 34.3016455 ], [ -87.9660574, 34.3314788 ], [ -87.9897269, 34.4047273 ], [ -88.2439093, 34.4205604 ], [ -88.2860575, 34.3275009 ], [ -88.3812832, 34.3332765 ], [ -88.4549045, 34.2420512 ], [ -88.475081, 34.0519115 ], [ -88.4295539, 33.8816731 ], [ -88.3664671, 33.8778508 ], [ -88.3791727, 33.7589263 ], [ -88.420755899999989, 33.6656707 ], [ -88.3603993, 33.6380472 ], [ -88.3705413, 33.5428534 ], [ -88.4747243, 33.453353 ], [ -88.6315371, 33.4627244 ], [ -88.6750477, 33.3454959 ], [ -88.8193449, 33.1621882 ], [ -88.8240836, 33.1145175 ], [ -88.9489781, 33.1216859 ], [ -89.0068186, 33.1728994 ], [ -88.9686031, 33.2426355 ], [ -88.8700583, 33.2849447 ], [ -88.8895953, 33.4058551 ], [ -88.8635879, 33.6677841 ], [ -88.9265154, 33.6713589 ], [ -88.9509491, 33.7445427 ], [ -88.9415507, 33.8397332 ], [ -89.0992689, 33.848509 ], [ -89.1239401, 33.9216265 ], [ -89.2502738, 33.9284784 ], [ -89.2435087, 33.9998572 ], [ -89.4626858, 34.0353453 ], [ -89.4670534, 33.9877573 ], [ -89.6251603, 33.9958702 ], [ -89.6315435, 33.9244708 ], [ -89.5683594, 33.9212521 ], [ -89.5769342, 33.8260362 ], [ -89.6127417, 33.7800302 ], [ -89.740955200000016, 33.7625809 ], [ -89.7766256, 33.7165208 ], [ -89.7890282, 33.5735937 ], [ -89.8874229, 33.5305911 ], [ -89.8600741, 33.4813866 ], [ -89.868210499999989, 33.386045 ], [ -89.9036131, 33.3399044 ], [ -90.0016206, 33.2967858 ], [ -90.0095495, 33.2013893 ], [ -90.076038, 33.1566831 ], [ -90.1540215, 32.9687488 ], [ -90.165553, 32.8255056 ], [ -90.1966803, 32.8269732 ], [ -90.2023985, 32.7553293 ], [ -90.2645958, 32.7582386 ], [ -90.266479, 32.7343533 ], [ -90.2353899, 32.732903 ], [ -90.2448384, 32.613455 ], [ -90.2194858, 32.5403119 ], [ -90.0974038, 32.5105159 ], [ -90.0083585, 32.4582139 ], [ -90.0161876, 32.3626003 ], [ -89.985261400000013, 32.3610854 ], [ -90.0048454, 32.1219409 ], [ -89.8199159, 32.1127113 ], [ -89.7810008, 32.2068122 ], [ -89.657586099999989, 32.2004658 ], [ -89.6329611, 32.1271186 ], [ -89.5713244, 32.1238856 ], [ -89.5468109, 32.050505 ], [ -89.2082515, 32.0320957 ], [ -89.140022700000017, 32.1003831 ], [ -89.1310811, 32.1960072 ], [ -89.2235991, 32.2011771 ], [ -89.27652, 32.3001912 ], [ -89.3382916, 32.3035712 ], [ -89.4086739, 32.2113067 ], [ -89.5012302, 32.2162663 ], [ -89.5257535, 32.2896216 ], [ -89.4906205, 32.3357853 ], [ -89.5151732, 32.4091181 ], [ -89.4714358, 32.5508165 ], [ -89.3784578, 32.5458388 ], [ -89.3208534, 32.4947123 ], [ -89.2964667, 32.4213583 ], [ -89.2390175, 32.3701757 ], [ -89.115377099999989, 32.3632856 ], [ -89.1108771, 32.4110646 ], [ -88.9871799, 32.4040461 ], [ -88.9276512, 32.3766041 ], [ -88.8040302, 32.3694003 ], [ -88.7946169, 32.4649269 ], [ -88.67086, 32.4575907 ], [ -88.592036, 32.6209645 ], [ -88.4680354, 32.6134274 ], [ -88.4630962, 32.6611485 ], [ -88.3700522, 32.6554107 ], [ -88.3289815, 32.7488974 ], [ -88.1427057, 32.7371515 ], [ -88.026405, 32.6576212 ], [ -88.003266200000013, 32.5840503 ], [ -87.8174652, 32.5718076 ], [ -87.8147852, 32.5956581 ], [ -87.5361119, 32.5767627 ], [ -87.5134926, 32.5030842 ], [ -87.3279827, 32.4900997 ], [ -87.3223075, 32.5377878 ], [ -87.1985911, 32.528971 ], [ -87.1705553, 32.502907 ], [ -87.0778234, 32.496191 ], [ -87.100000799999989, 32.5699502 ], [ -87.0824869, 32.7129316 ], [ -86.9835824, 32.7537969 ], [ -86.9644288, 32.6562286 ], [ -86.7846697, 32.5947726 ], [ -86.5372106, 32.5759359 ], [ -86.5310122, 32.6235746 ], [ -86.407251, 32.6139644 ], [ -86.3700093, 32.6591682 ], [ -86.243013, 32.673205 ], [ -86.2494035, 32.6255876 ], [ -86.1598274, 32.5943701 ], [ -86.1289089, 32.5918858 ], [ -86.0882599, 32.6608127 ], [ -86.0231051, 32.679603 ], [ -85.9612072, 32.6745591 ], [ -85.9447331, 32.7935367 ], [ -85.8827438, 32.788455 ], [ -85.8683766, 32.6669348 ], [ -85.9302615, 32.6720255 ], [ -85.9335599, 32.6482257 ], [ -85.9026263, 32.6456849 ], [ -85.9059325, 32.6218842 ], [ -85.8098385, 32.638016 ], [ -85.6552359, 32.625078699999989 ], [ -85.5968161, 32.5960553 ], [ -85.4423407, 32.5828493 ], [ -85.322294, 32.5483552 ], [ -85.1062566, 32.5293278 ], [ -85.0101117, 32.5448391 ], [ -85.0029203, 32.5923988 ], [ -84.7868379, 32.5728128 ], [ -84.717742199999989, 32.6146869 ], [ -84.7103533, 32.6622201 ], [ -84.6411289, 32.7040409 ], [ -84.6262233, 32.7990684 ], [ -84.5840396, 32.8674519 ], [ -84.522089, 32.8616889 ], [ -84.348133, 32.9658378 ], [ -84.3404663, 33.0133033 ], [ -84.1543301, 32.9955617 ], [ -84.1076726, 33.0874673 ], [ -84.0376954, 33.1289013 ], [ -83.9134464, 33.1168052 ], [ -83.9054787, 33.1642244 ], [ -83.7541615, 33.1252162 ], [ -83.762224, 33.0778019 ], [ -83.5801554, 33.0354908 ], [ -83.540951800000016, 33.0797693 ], [ -83.5245256, 33.1745618 ], [ -83.4458511, 33.2630336 ], [ -83.3047201, 33.3450708 ], [ -83.028953800000011, 33.292376 ], [ -82.9443014, 33.2352237 ], [ -82.9261714, 33.1609198 ], [ -82.8064083, 33.1240409 ], [ -82.7846522, 33.2423886 ], [ -82.656030199999989, 33.2527051 ], [ -82.5673377, 33.3879063 ], [ -82.4294566, 33.4452781 ], [ -82.4114838, 33.539827 ], [ -82.1695751, 33.8026475 ], [ -82.116256, 33.7484753 ], [ -82.0225229, 33.7379916 ], [ -81.9069422, 33.6766925 ], [ -81.8039198, 33.713256199999989 ], [ -81.6478676, 33.695354 ], [ -81.5494818, 33.7081118 ], [ -81.4295263, 33.6699633 ], [ -81.4198589, 33.7171393 ], [ -81.3380109, 33.8041358 ], [ -81.2443224, 33.7930725 ], [ -81.1917129, 33.7385087 ], [ -81.1752721, 33.6640588 ], [ -81.1129488, 33.6566075 ], [ -81.0654847, 33.5783898 ], [ -81.0590931, 33.4567203 ], [ -80.9659004, 33.4454392 ], [ -80.9460047, 33.5397661 ], [ -80.8527223, 33.528403 ], [ -80.8426952, 33.5755506 ], [ -80.7653586, 33.6386354 ], [ -80.7031006, 33.6309798 ], [ -80.6516439, 33.7213763 ], [ -80.547926100000012, 33.7569009 ], [ -80.3921081, 33.7374393 ], [ -80.3713756, 33.8316031 ], [ -80.256899, 33.9139456 ], [ -80.0955336, 33.9176522 ], [ -80.0849525, 33.9646915 ], [ -79.9600313, 33.9486861 ], [ -79.881514, 34.011164 ], [ -79.7619602, 33.9714555 ], [ -79.6683101, 33.959223 ], [ -79.6791646, 33.9122185 ], [ -79.5910582, 33.8764214 ], [ -79.5489622, 33.9193071 ], [ -79.5270651, 34.0132854 ], [ -79.5418629, 34.0878754 ], [ -79.2974561, 34.0311932 ], [ -79.2940331, 33.9095933 ], [ -79.2372726, 33.8777272 ], [ -79.0902456, 33.9547927 ], [ -79.0279015, 33.9463123 ], [ -78.979767, 34.0124694 ], [ -79.0989504, 34.052915 ], [ -79.0820569, 34.1233185 ], [ -79.1276953, 34.2021643 ], [ -78.9969099, 34.2086772 ], [ -78.9115582, 34.2939608 ], [ -78.7179744, 34.291622 ], [ -78.694862500000013, 34.3853672 ], [ -78.7088615, 34.4599849 ], [ -78.6542693, 34.5493607 ], [ -78.5914543, 34.5406768 ], [ -78.568093, 34.6343436 ], [ -78.4109223, 34.6124732 ], [ -78.2750708, 34.7630464 ], [ -78.2121126, 34.7541795 ], [ -78.156662400000016, 34.8432795 ], [ -77.999155, 34.8209118 ], [ -77.9543804, 34.7417798 ], [ -77.8986138, 34.8307699 ], [ -77.8356431, 34.8217188 ], [ -77.8173037, 34.8918192 ] ], [ [ -89.6636552, 32.4888908 ], [ -89.6740049, 32.3694083 ], [ -89.7647413, 32.398066 ], [ -89.7565796, 32.4936537 ], [ -89.6636552, 32.4888908 ] ] ], [ [ [ -88.0362138, 35.4108092 ], [ -88.044346, 35.3397342 ], [ -87.883406900000011, 35.3296681 ], [ -87.9045704, 35.4264522 ], [ -87.9985371, 35.4561861 ], [ -88.0362138, 35.4108092 ] ] ], [ [ [ -77.4854269, 35.5224693 ], [ -77.593273600000018, 35.4896286 ], [ -77.7203764, 35.5079109 ], [ -77.7451667, 35.414586799999988 ], [ -77.8209906, 35.3769943 ], [ -77.8517419, 35.2602782 ], [ -77.8068529, 35.1811729 ], [ -77.6988685, 35.0929251 ], [ -77.5725244, 35.0746054 ], [ -77.4968949, 35.1120765 ], [ -77.402344, 35.2194886 ], [ -77.3266036, 35.4993085 ], [ -77.3838015, 35.5319077 ], [ -77.4854269, 35.5224693 ] ] ], [ [ [ -80.6777013, 35.9676439 ], [ -80.6986576, 35.873888 ], [ -80.7950707, 35.8853028 ], [ -80.8697145, 35.8459758 ], [ -80.890374, 35.7521657 ], [ -80.7620563, 35.7370202 ], [ -80.6606213, 35.7490244 ], [ -80.5859635, 35.7882391 ], [ -80.5811929, 35.9561439 ], [ -80.6777013, 35.9676439 ] ] ], [ [ [ -78.0799245, 36.4050523 ], [ -78.2410929, 36.4272436 ], [ -78.2533086, 36.3806229 ], [ -78.4124895, 36.2816209 ], [ -78.509068, 36.294717399999989 ], [ -78.551033, 36.131392 ], [ -78.4867906, 36.1226868 ], [ -78.472694100000012, 36.0483168 ], [ -78.408539, 36.0395716 ], [ -78.3564759, 35.9841275 ], [ -78.374559, 35.9141165 ], [ -78.278538, 35.9009108 ], [ -78.20685730000001, 35.7942969 ], [ -78.1110347, 35.7809641 ], [ -78.0974111, 35.7065019 ], [ -78.0139784, 35.6464183 ], [ -77.8228533, 35.6193888 ], [ -77.7980943, 35.7126872 ], [ -77.6650146, 35.8389314 ], [ -77.6330843, 35.8343621 ], [ -77.5891288, 35.9974825 ], [ -77.6788849, 36.0344955 ], [ -77.653782, 36.1276865 ], [ -77.6991123, 36.206688 ], [ -77.8213312, 36.2481367 ], [ -77.8607014, 36.3503563 ], [ -77.944856, 36.4104525 ], [ -78.0799245, 36.4050523 ] ], [ [ -78.1291096, 36.2185891 ], [ -78.0648398, 36.2096778 ], [ -78.1215072, 36.1208784 ], [ -78.2178046, 36.134194 ], [ -78.3643964, 36.081851199999988 ], [ -78.4165397, 36.137281 ], [ -78.3984407, 36.2072664 ], [ -78.2898565, 36.2407283 ], [ -78.2776904, 36.287365199999989 ], [ -78.1750459, 36.2974103 ], [ -78.1291096, 36.2185891 ] ] ] ] } },
{ "type": "Feature", "properties": { "ID": 20 }, "geometry": { "type": "MultiPolygon", "coordinates": [ [ [ [ -97.946278, 29.7516595 ], [ -97.7966727, 29.7540427 ], [ -97.8294821, 29.8742639 ], [ -97.9475075, 29.7999374 ], [ -97.946278, 29.7516595 ] ] ], [ [ [ -99.8016357, 30.3339939 ], [ -99.9246535, 30.3782242 ], [ -99.9196645, 30.281904 ], [ -99.7992192, 30.2858282 ], [ -99.8016357, 30.3339939 ] ] ], [ [ [ -100.0125404, 30.3270428 ], [ -100.047815, 30.4223206 ], [ -100.258942, 30.4149336 ], [ -100.2562321, 30.3667902 ], [ -100.1658116, 30.3700005 ], [ -100.1631625, 30.3218481 ], [ -100.0125404, 30.3270428 ] ] ], [ [ [ -98.2604417, 30.2528329 ], [ -98.2640385, 30.3733085 ], [ -98.203711, 30.3744441 ], [ -98.205817, 30.446708 ], [ -98.2978579, 30.4931578 ], [ -98.3884884, 30.4913718 ], [ -98.4217852, 30.5870686 ], [ -98.3007914, 30.5894676 ], [ -98.3029965, 30.6616808 ], [ -98.4241061, 30.65928 ], [ -98.4575225, 30.7549165 ], [ -98.4614589, 30.8751957 ], [ -98.4958196, 30.9948008 ], [ -98.5870513, 30.9928668 ], [ -98.5887125, 31.0409468 ], [ -98.679997899999989, 31.0389423 ], [ -98.7147831, 31.1584246 ], [ -98.6538301, 31.1597857 ], [ -98.6598175, 31.3279465 ], [ -98.785587, 31.4212393 ], [ -98.7882863, 31.4932593 ], [ -98.8801211, 31.4911057 ], [ -98.8773329, 31.4190873 ], [ -98.9996524, 31.4161096 ], [ -98.9977179, 31.3680902 ], [ -99.1810601, 31.3633936 ], [ -99.3043405, 31.3841163 ], [ -99.3000831, 31.2880717 ], [ -99.174917799999989, 31.2193008 ], [ -99.1677818, 31.0511128 ], [ -99.1373537, 31.0519123 ], [ -99.1303178, 30.8836361 ], [ -99.0088717, 30.8867516 ], [ -98.8855666, 30.8416459 ], [ -98.76417880000001, 30.8445135 ], [ -98.7606427, 30.748293 ], [ -98.8185561, 30.6746928 ], [ -98.9093909, 30.6725111 ], [ -98.9075331, 30.6243809 ], [ -99.0890707, 30.6198124 ], [ -99.0880848, 30.5957456 ], [ -99.2997825, 30.5900675 ], [ -99.3257771, 30.4929467 ], [ -99.3861779, 30.4912416 ], [ -99.413114, 30.4181509 ], [ -99.5337893, 30.4146205 ], [ -99.5069711, 30.4877393 ], [ -99.5394236, 30.5349846 ], [ -99.6289094, 30.5081845 ], [ -99.6185283, 30.291485 ], [ -99.6764245, 30.241455 ], [ -99.6729245, 30.1691784 ], [ -99.5827166, 30.171946 ], [ -99.5861308, 30.2442246 ], [ -99.4958305, 30.2469254 ], [ -99.498053, 30.295103 ], [ -99.3786404, 30.3226855 ], [ -99.373277, 30.2022325 ], [ -99.4624292, 30.1755292 ], [ -99.4880741, 30.0782445 ], [ -99.5470174, 30.0523502 ], [ -99.5402868, 29.907684 ], [ -99.4492926, 29.8862345 ], [ -99.415014, 29.7906153 ], [ -99.3252442, 29.7931896 ], [ -99.2602464, 29.6742026 ], [ -99.1984711, 29.6275679 ], [ -99.0790222, 29.6307664 ], [ -98.9894291, 29.6330855 ], [ -98.9016597, 29.6836201 ], [ -98.9053245, 29.7801649 ], [ -98.7847465, 29.7589293 ], [ -98.6351578, 29.7623799 ], [ -98.5761319, 29.787842 ], [ -98.5793902, 29.8843633 ], [ -98.4602946, 29.9110549 ], [ -98.461852, 29.9593015 ], [ -98.3718564, 29.9611468 ], [ -98.3440828, 30.034104 ], [ -98.2840254, 30.0352816 ], [ -98.2905569, 30.2522543 ], [ -98.2604417, 30.2528329 ] ], [ [ -99.1373537, 31.0519123 ], [ -99.1129223, 31.196873 ], [ -99.0539108, 31.2464788 ], [ -99.0568631, 31.3185301 ], [ -98.9662021, 31.3448334 ], [ -98.9576212, 31.1286427 ], [ -98.9861627, 31.0798275 ], [ -99.1373537, 31.0519123 ] ] ], [ [ [ -98.2525132, 30.999619 ], [ -98.2510684, 30.9515285 ], [ -98.1598792, 30.9532071 ], [ -98.164738899999989, 31.1214957 ], [ -98.1966162, 31.1690092 ], [ -98.286597, 31.1192382 ], [ -98.2525132, 30.999619 ] ] ], [ [ [ -95.0566569, 31.0892053 ], [ -95.1167233, 31.1617883 ], [ -95.2081896, 31.1624254 ], [ -95.2076799, 31.2104969 ], [ -95.2992065, 31.2110647 ], [ -95.3001075, 31.1149142 ], [ -95.1782292, 31.1141424 ], [ -95.179811, 30.969865 ], [ -95.119555, 30.9213269 ], [ -94.9979935, 30.9203715 ], [ -94.9973506, 30.9684775 ], [ -94.9061231, 30.9676796 ], [ -94.9043658, 31.0879125 ], [ -95.0566569, 31.0892053 ] ] ], [ [ [ -81.8210675, 30.2469865 ], [ -81.9268632, 30.3328102 ], [ -81.9731786, 30.4114268 ], [ -81.9508918, 30.530558 ], [ -82.0705275, 30.5447231 ], [ -82.0793768, 30.4970697 ], [ -82.1690775, 30.5076091 ], [ -82.1822477, 30.4361067 ], [ -82.1269027, 30.4052567 ], [ -82.1102619, 30.330221 ], [ -82.1410111, 30.1632753 ], [ -82.0858816, 30.1323792 ], [ -81.959338500000015, 29.9953629 ], [ -81.9132902, 29.9166355 ], [ -81.8287869, 29.8820177 ], [ -81.6806058, 29.8639511 ], [ -81.6625438, 29.9593837 ], [ -81.7587686, 30.0931276 ], [ -81.77501, 30.1682693 ], [ -81.830038800000011, 30.1993066 ], [ -81.8210675, 30.2469865 ] ] ], [ [ [ -92.5969111, 32.2456407 ], [ -92.6256286, 32.2943876 ], [ -92.7483331, 32.3216794 ], [ -92.9031069, 32.3256896 ], [ -92.967002799999989, 32.2793468 ], [ -93.1216986, 32.2830813 ], [ -93.1282616, 32.1154009 ], [ -93.2517475, 32.1182427 ], [ -93.2499558, 32.166161 ], [ -93.3426366, 32.1682114 ], [ -93.3709603, 32.2407466 ], [ -93.3692435, 32.28865 ], [ -93.4930296, 32.2912467 ], [ -93.4946657, 32.2433419 ], [ -93.8039656, 32.2492831 ], [ -93.8053981, 32.2013688 ], [ -94.052710600000012, 32.2055567 ], [ -94.0539801, 32.1576337 ], [ -94.4556562, 32.1633695 ], [ -94.4262949, 32.0910742 ], [ -94.4293639, 31.9472281 ], [ -94.4601739, 31.9476215 ], [ -94.4606742, 31.9236412 ], [ -94.4914745, 31.9240268 ], [ -94.4934326, 31.8280888 ], [ -94.4626723, 31.8277036 ], [ -94.4666529, 31.6357479 ], [ -94.5280146, 31.6365088 ], [ -94.5308677, 31.4924697 ], [ -94.4083834, 31.4909191 ], [ -94.3487435, 31.4180564 ], [ -94.1957973, 31.4158676 ], [ -94.1681649, 31.2953074 ], [ -94.0765505, 31.2938797 ], [ -94.048528, 31.1972795 ], [ -93.9272069, 31.1712076 ], [ -93.991410800000011, 31.0520603 ], [ -93.9952735, 30.9077823 ], [ -93.904136, 30.9062215 ], [ -93.8710283, 31.0018762 ], [ -93.7797791, 31.0002213 ], [ -93.776211, 31.1204172 ], [ -93.837141, 31.1215296 ], [ -93.8322637, 31.289732 ], [ -93.7392068, 31.3360902 ], [ -93.7370184, 31.4081391 ], [ -93.8273643, 31.4578491 ], [ -93.8238511, 31.5778811 ], [ -93.8851571, 31.5789677 ], [ -93.8824177, 31.6749637 ], [ -93.8210324, 31.673876 ], [ -93.8182064, 31.7698438 ], [ -93.7560158, 31.7927113 ], [ -93.7610989, 31.6247637 ], [ -93.6997569, 31.6236144 ], [ -93.6713473, 31.5510264 ], [ -93.6100677, 31.5498315 ], [ -93.6146943, 31.4057837 ], [ -93.5864507, 31.3331288 ], [ -93.5261491, 31.3078713 ], [ -93.4683348, 31.2105109 ], [ -93.4056686, 31.2572602 ], [ -93.2225742, 31.2531755 ], [ -93.250432600000011, 31.3259326 ], [ -93.2451053, 31.4699996 ], [ -93.179346099999989, 31.5885952 ], [ -93.116179, 31.6351412 ], [ -93.05484, 31.6336654 ], [ -92.9973902, 31.5361748 ], [ -92.8748832, 31.5330712 ], [ -92.9321695, 31.63062080000001 ], [ -92.9252044, 31.7985243 ], [ -92.9529758, 31.8712325 ], [ -92.8863902, 31.9895297 ], [ -92.8247614, 31.9879392 ], [ -92.7970724, 31.9152264 ], [ -92.804339, 31.7473874 ], [ -92.712202, 31.7449262 ], [ -92.6771835, 31.8400049 ], [ -92.5508299, 31.9084956 ], [ -92.5373336, 32.1960092 ], [ -92.5991305, 32.1977439 ], [ -92.5969111, 32.2456407 ] ] ], [ [ [ -87.1705553, 32.502907 ], [ -87.1985911, 32.528971 ], [ -87.3223075, 32.5377878 ], [ -87.3279827, 32.4900997 ], [ -87.5134926, 32.5030842 ], [ -87.5361119, 32.5767627 ], [ -87.8147852, 32.5956581 ], [ -87.8174652, 32.5718076 ], [ -88.003266200000013, 32.5840503 ], [ -88.026405, 32.6576212 ], [ -88.1427057, 32.7371515 ], [ -88.3289815, 32.7488974 ], [ -88.3700522, 32.6554107 ], [ -88.4630962, 32.6611485 ], [ -88.4680354, 32.6134274 ], [ -88.592036, 32.6209645 ], [ -88.67086, 32.4575907 ], [ -88.7946169, 32.4649269 ], [ -88.8040302, 32.3694003 ], [ -88.9276512, 32.3766041 ], [ -88.9871799, 32.4040461 ], [ -89.1108771, 32.4110646 ], [ -89.115377099999989, 32.3632856 ], [ -89.2390175, 32.3701757 ], [ -89.2964667, 32.4213583 ], [ -89.3208534, 32.4947123 ], [ -89.3784578, 32.5458388 ], [ -89.4714358, 32.5508165 ], [ -89.5151732, 32.4091181 ], [ -89.4906205, 32.3357853 ], [ -89.5257535, 32.2896216 ], [ -89.5012302, 32.2162663 ], [ -89.4086739, 32.2113067 ], [ -89.3382916, 32.3035712 ], [ -89.27652, 32.3001912 ], [ -89.2235991, 32.2011771 ], [ -89.1310811, 32.1960072 ], [ -89.140022700000017, 32.1003831 ], [ -89.2082515, 32.0320957 ], [ -89.5468109, 32.050505 ], [ -89.5713244, 32.1238856 ], [ -89.6329611, 32.1271186 ], [ -89.657586099999989, 32.2004658 ], [ -89.7810008, 32.2068122 ], [ -89.8199159, 32.1127113 ], [ -90.0048454, 32.1219409 ], [ -89.985261400000013, 32.3610854 ], [ -90.2017716, 32.3715259 ], [ -90.2364729, 32.3251643 ], [ -90.2458671, 32.2055809 ], [ -90.3421578, 32.1620599 ], [ -90.3187131, 32.0649138 ], [ -90.3297827, 31.9212949 ], [ -90.3641918, 31.8748376 ], [ -90.4563854, 31.8790783 ], [ -90.4527846, 31.9269676 ], [ -90.5740429, 31.9564595 ], [ -90.5687489, 32.0282801 ], [ -90.5035816, 32.0733892 ], [ -90.4964177, 32.169110599999989 ], [ -90.4619543, 32.2155661 ], [ -90.5528048, 32.2436521 ], [ -90.6180928, 32.1985385 ], [ -90.6233509, 32.1267507 ], [ -90.7227495, 32.0350476 ], [ -90.9692083, 32.0454707 ], [ -91.003271700000013, 31.9988504 ], [ -91.0146178, 31.831189199999987 ], [ -90.9871474, 31.7820065 ], [ -90.8660112, 31.7529116 ], [ -90.8891963, 31.4172906 ], [ -90.7975512, 31.4133728 ], [ -90.9007107, 31.2493529 ], [ -90.9649169, 31.2039223 ], [ -90.9730017, 31.0838931 ], [ -90.9121733, 31.0813289 ], [ -90.8866866, 31.0079993 ], [ -90.8259227, 31.0053907 ], [ -90.802212, 30.9080058 ], [ -90.7415321, 30.9053536 ], [ -90.7213401, 30.7598641 ], [ -90.6607826, 30.7571698 ], [ -90.6373637, 30.6596774 ], [ -90.4577247, 30.6273362 ], [ -90.4612602, 30.5792587 ], [ -90.2800651, 30.5706835 ], [ -90.2764144, 30.6187568 ], [ -90.1555642, 30.6128839 ], [ -90.0932615, 30.6339332 ], [ -90.1178472, 30.7075138 ], [ -90.1103207, 30.8036019 ], [ -90.0478473, 30.8246149 ], [ -90.009888300000014, 30.9191485 ], [ -89.949229699999989, 30.916095 ], [ -89.9414662, 31.0121103 ], [ -89.8483984, 31.03146610000001 ], [ -89.7836669, 31.0763214 ], [ -89.7716701, 31.2202469 ], [ -89.710777, 31.2170757 ], [ -89.6742289, 31.2874137 ], [ -89.5828152, 31.2825723 ], [ -89.5703971, 31.426388 ], [ -89.4177747, 31.4181523 ], [ -89.3631556, 31.3429127 ], [ -89.3716967, 31.247033 ], [ -89.2499075, 31.2402556 ], [ -89.256415600000011, 31.1683323 ], [ -89.1955877, 31.1648998 ], [ -89.1761402, 31.0432706 ], [ -88.996236, 31.0087723 ], [ -88.9165654, 30.8834763 ], [ -88.7045573, 30.8707161 ], [ -88.6766203, 30.8448735 ], [ -88.4950239, 30.8335936 ], [ -88.429661, 30.8777412 ], [ -88.4248118, 30.9257027 ], [ -88.3036369, 30.9179605 ], [ -88.2987045, 30.965911 ], [ -88.2077821, 30.9600209 ], [ -88.2027856, 31.0079612 ], [ -88.1118198, 31.001999 ], [ -88.0460848, 31.045914 ], [ -88.0409791, 31.0938349 ], [ -87.9421642, 31.159615 ], [ -87.8180342, 31.1753391 ], [ -87.7981934, 31.0774592 ], [ -87.5831442, 31.0866772 ], [ -87.5885424, 31.0387753 ], [ -87.47001130000001, 31.0062387 ], [ -87.4451927, 30.9561663 ], [ -87.3240769, 30.9474342 ], [ -87.2001717, 30.9625299 ], [ -87.211432, 30.8667175 ], [ -87.1178804, 30.8839551 ], [ -86.9969202, 30.8748903 ], [ -86.9306487, 30.9182082 ], [ -86.9248389, 30.9660971 ], [ -86.682731, 30.9474594 ], [ -86.6797467, 30.9713965 ], [ -86.4074351, 30.949838 ], [ -86.2593372, 30.9136644 ], [ -86.2530993, 30.9615201 ], [ -86.1623649, 30.9540796 ], [ -86.1194714, 31.0472638 ], [ -85.9983757, 31.0371955 ], [ -85.9855374, 31.1328359 ], [ -86.0429622, 31.1617972 ], [ -86.0269537, 31.281304 ], [ -86.1389353, 31.3630258 ], [ -86.1630096, 31.413302 ], [ -86.150318, 31.5088516 ], [ -86.201774, 31.5854646 ], [ -86.1344075, 31.6282488 ], [ -86.1184457, 31.7476019 ], [ -86.179578, 31.7525801 ], [ -86.1942804, 31.8743765 ], [ -86.2766903, 31.9533483 ], [ -86.3686633, 31.96068 ], [ -86.4050747, 32.1563484 ], [ -86.4603565, 32.2088668 ], [ -86.5834417, 32.2184348 ], [ -86.6788129, 32.2016808 ], [ -86.7343244, 32.2540684 ], [ -86.7771433, 32.1609978 ], [ -86.9309548, 32.1725416 ], [ -86.9528868, 32.246394 ], [ -86.9161689, 32.2918085 ], [ -87.0248156, 32.4201524 ], [ -87.0469165, 32.4939367 ], [ -87.1705553, 32.502907 ] ], [ [ -90.7125845, 31.74632 ], [ -90.6750016, 31.8408005 ], [ -90.6135616, 31.8380913 ], [ -90.6205418, 31.7422719 ], [ -90.7125845, 31.74632 ] ] ], [ [ [ -82.2082961, 31.2902589 ], [ -82.3852922, 31.3348023 ], [ -82.4544942, 31.2941003 ], [ -82.47187, 31.1989499 ], [ -82.3253142, 31.157975 ], [ -82.3165432, 31.2055492 ], [ -82.2082961, 31.2902589 ] ] ], [ [ [ -80.8527223, 33.528403 ], [ -80.9460047, 33.5397661 ], [ -80.9659004, 33.4454392 ], [ -81.0590931, 33.4567203 ], [ -81.0654847, 33.5783898 ], [ -81.1129488, 33.6566075 ], [ -81.1752721, 33.6640588 ], [ -81.1917129, 33.7385087 ], [ -81.2443224, 33.7930725 ], [ -81.3380109, 33.8041358 ], [ -81.4198589, 33.7171393 ], [ -81.4295263, 33.6699633 ], [ -81.5494818, 33.7081118 ], [ -81.6478676, 33.695354 ], [ -81.8039198, 33.713256199999989 ], [ -81.9069422, 33.6766925 ], [ -82.0225229, 33.7379916 ], [ -82.116256, 33.7484753 ], [ -82.1695751, 33.8026475 ], [ -82.4114838, 33.539827 ], [ -82.4294566, 33.4452781 ], [ -82.5673377, 33.3879063 ], [ -82.656030199999989, 33.2527051 ], [ -82.7846522, 33.2423886 ], [ -82.8064083, 33.1240409 ], [ -82.9261714, 33.1609198 ], [ -82.9443014, 33.2352237 ], [ -83.028953800000011, 33.292376 ], [ -83.3047201, 33.3450708 ], [ -83.4458511, 33.2630336 ], [ -83.5245256, 33.1745618 ], [ -83.540951800000016, 33.0797693 ], [ -83.5801554, 33.0354908 ], [ -83.762224, 33.0778019 ], [ -83.7541615, 33.1252162 ], [ -83.9054787, 33.1642244 ], [ -83.9134464, 33.1168052 ], [ -84.0376954, 33.1289013 ], [ -84.1076726, 33.0874673 ], [ -84.1543301, 32.9955617 ], [ -84.3404663, 33.0133033 ], [ -84.348133, 32.9658378 ], [ -84.522089, 32.8616889 ], [ -84.5840396, 32.8674519 ], [ -84.6262233, 32.7990684 ], [ -84.6411289, 32.7040409 ], [ -84.7103533, 32.6622201 ], [ -84.717742199999989, 32.6146869 ], [ -84.7868379, 32.5728128 ], [ -85.0029203, 32.5923988 ], [ -85.0101117, 32.5448391 ], [ -85.1062566, 32.5293278 ], [ -85.322294, 32.5483552 ], [ -85.4423407, 32.5828493 ], [ -85.5968161, 32.5960553 ], [ -85.6552359, 32.625078699999989 ], [ -85.8098385, 32.638016 ], [ -85.9059325, 32.6218842 ], [ -85.9026263, 32.6456849 ], [ -85.9335599, 32.6482257 ], [ -85.9302615, 32.6720255 ], [ -86.0231051, 32.679603 ], [ -86.0882599, 32.6608127 ], [ -86.1289089, 32.5918858 ], [ -86.067078099999989, 32.5868938 ], [ -86.0459391, 32.5129563 ], [ -85.9841808, 32.5079216 ], [ -85.9972616, 32.4126637 ], [ -85.9080539, 32.3812446 ], [ -85.9146367, 32.3336062 ], [ -86.0686693, 32.3462284 ], [ -86.0816116, 32.2509186 ], [ -85.9958221, 32.1957152 ], [ -85.9748673, 32.1216844 ], [ -85.8794424, 32.1378928 ], [ -85.6951731, 32.1224289 ], [ -85.6270218, 32.1648645 ], [ -85.6202676, 32.2125098 ], [ -85.5280573, 32.2046189 ], [ -85.5143907, 32.0828606 ], [ -85.5757594, 32.0881377 ], [ -85.6199423, 31.9954356 ], [ -85.5246037, 32.0113725 ], [ -85.4020104, 32.0007338 ], [ -85.4088863, 31.9530719 ], [ -85.3170233, 31.9450158 ], [ -85.3072151, 31.799304 ], [ -85.2530628, 31.7462059 ], [ -85.1614737, 31.7380275 ], [ -85.1709863, 31.8837769 ], [ -85.0792358, 31.8755398 ], [ -85.0968997, 31.756375 ], [ -84.9854793, 31.6737868 ], [ -84.999697, 31.5784132 ], [ -85.0372287, 31.5334901 ], [ -85.1589973, 31.544511 ], [ -85.1964154, 31.4995341 ], [ -85.2103294, 31.4040867 ], [ -85.2780212, 31.3617903 ], [ -85.2883623, 31.290171 ], [ -85.2345931, 31.2369844 ], [ -85.2656301, 31.0220075 ], [ -85.2491684, 30.9236958 ], [ -85.3431814, 30.907924 ], [ -85.4639781, 30.9186576 ], [ -85.5377792, 30.8283273 ], [ -85.5544686, 30.7087211 ], [ -85.5410309, 30.5864204 ], [ -85.651041100000015, 30.4506866 ], [ -85.6674682, 30.3309226 ], [ -85.5475805, 30.3203753 ], [ -85.4344323, 30.2617975 ], [ -85.3745554, 30.2564201 ], [ -85.321459, 30.2031009 ], [ -85.3017166, 30.1285071 ], [ -85.1822002, 30.1175833 ], [ -85.1753479, 30.1654999 ], [ -85.0259081, 30.1516681 ], [ -85.0363226, 30.0798 ], [ -84.9696397, 30.1221296 ], [ -84.8238596, 30.0840846 ], [ -84.7044835, 30.0726762 ], [ -84.6973342, 30.1205715 ], [ -84.6041644, 30.1358743 ], [ -84.4847404, 30.1242457 ], [ -84.3392012, 30.0856035 ], [ -84.3318207, 30.1334743 ], [ -84.1229341, 30.1125635 ], [ -83.9516013, 30.0464929 ], [ -83.9592124, 29.9986327 ], [ -83.873708, 29.9654994 ], [ -83.7546666, 29.9531267 ], [ -83.6990427, 29.9229666 ], [ -83.680962, 29.8480449 ], [ -83.6215438, 29.8417739 ], [ -83.637129, 29.7460246 ], [ -83.4927448, 29.7062916 ], [ -83.455205, 29.7509847 ], [ -83.5145389, 29.7573416 ], [ -83.5324348, 29.832311 ], [ -83.5918384, 29.8386272 ], [ -83.6098293, 29.9135648 ], [ -83.7249123, 29.9500146 ], [ -83.7093957, 30.0457117 ], [ -83.7871961, 30.1267925 ], [ -83.7523241, 30.3419619 ], [ -83.7146225, 30.3866456 ], [ -83.4753085, 30.3614912 ], [ -83.429452, 30.4538472 ], [ -83.3695793, 30.4474617 ], [ -83.3834834, 30.5461585 ], [ -83.2935742, 30.5365368 ], [ -83.2854877, 30.5842707 ], [ -83.1655702, 30.5713295 ], [ -82.9608913, 30.6947986 ], [ -82.9442519, 30.7901656 ], [ -82.859003, 30.9265263 ], [ -82.9150312, 30.9569845 ], [ -82.8982753, 31.0522679 ], [ -82.8253194, 31.1170651 ], [ -82.8168716, 31.164681 ], [ -82.7479875, 31.2056068 ], [ -82.7957051, 31.2836882 ], [ -82.7787232, 31.3788606 ], [ -82.6273486, 31.3620677 ], [ -82.510633, 31.3247132 ], [ -82.5019607, 31.3722769 ], [ -82.384919599999989, 31.5046472 ], [ -82.293987199999989, 31.4943018 ], [ -82.2763145, 31.5893425 ], [ -82.1246271, 31.5719301 ], [ -82.0381473, 31.5376406 ], [ -82.0963653, 31.2287166 ], [ -82.0661772, 31.2252006 ], [ -82.1328959, 30.8683692 ], [ -82.1805911, 30.7766415 ], [ -82.1338349, 30.6981963 ], [ -82.060566, 30.7625971 ], [ -81.9271315, 30.8198369 ], [ -81.9001458, 30.9625959 ], [ -81.7820107, 31.5804323 ], [ -81.8289508, 31.658805 ], [ -81.8896602, 31.6659392 ], [ -81.906378, 31.7406998 ], [ -82.014404399999989, 31.8260559 ], [ -81.9749074, 31.8699809 ], [ -81.9521837, 31.9885881 ], [ -82.0131763, 31.9956537 ], [ -81.9859265, 32.1379341 ], [ -81.9416777, 32.2055134 ], [ -81.8713355, 32.2458129 ], [ -81.8575399, 32.3168947 ], [ -81.6411412, 32.4611491 ], [ -81.5916762, 32.5522086 ], [ -81.4074663, 32.5303207 ], [ -81.357663, 32.6212684 ], [ -81.2914076, 32.6375373 ], [ -81.1377883, 32.6189463 ], [ -81.0714862, 32.6350969 ], [ -80.8872269, 32.6124354 ], [ -80.7901735, 32.6246312 ], [ -80.735326, 32.8844516 ], [ -80.7527761, 33.2499364 ], [ -80.8046964, 33.3047524 ], [ -80.779603200000011, 33.4226675 ], [ -80.7855187, 33.5443613 ], [ -80.8527223, 33.528403 ] ], [ [ -83.722826, 32.0115184 ], [ -83.6230604, 32.0497402 ], [ -83.470121600000013, 32.0340371 ], [ -83.3824832, 32.000757 ], [ -83.3336837, 31.9230737 ], [ -83.1505552, 31.903765 ], [ -83.1325443, 31.8292176 ], [ -83.0453014, 31.7956753 ], [ -83.0745598, 31.6292452 ], [ -83.1215803, 31.5373583 ], [ -83.1946901, 31.4724635 ], [ -83.2111617, 31.3772601 ], [ -83.1505666, 31.3707829 ], [ -83.1973303, 31.2787958 ], [ -83.2660348, 31.2376223 ], [ -83.4172965, 31.2536197 ], [ -83.4253714, 31.2059753 ], [ -83.493882900000017, 31.1646628 ], [ -83.6108334, 31.2010812 ], [ -83.7923531, 31.2197373 ], [ -83.848979, 31.2497307 ], [ -83.8372618, 31.3212269 ], [ -83.9126411, 31.4257269 ], [ -83.9733452, 31.4318202 ], [ -83.8853441, 31.5924527 ], [ -83.8579242, 31.7590904 ], [ -83.876649, 31.8335433 ], [ -83.785114299999989, 31.8243297 ], [ -83.7772035, 31.8719106 ], [ -83.7081948, 31.9132975 ], [ -83.722826, 32.0115184 ] ] ], [ [ [ -89.6636552, 32.4888908 ], [ -89.7565796, 32.4936537 ], [ -89.7647413, 32.398066 ], [ -89.6740049, 32.3694083 ], [ -89.6636552, 32.4888908 ] ] ], [ [ [ -80.3713756, 33.8316031 ], [ -80.3453805, 33.8041457 ], [ -80.1583526, 33.7804693 ], [ -80.1113791, 33.8470814 ], [ -80.0595974, 33.7920541 ], [ -79.9661315, 33.7800377 ], [ -79.9189793, 33.8465778 ], [ -79.7319843, 33.822269 ], [ -79.6995232, 33.9633083 ], [ -79.7619602, 33.9714555 ], [ -79.881514, 34.011164 ], [ -79.9600313, 33.9486861 ], [ -80.0849525, 33.9646915 ], [ -80.0955336, 33.9176522 ], [ -80.256899, 33.9139456 ], [ -80.3713756, 33.8316031 ] ] ] ] } },
{ "type": "Feature", "properties": { "ID": 21 }, "geometry": { "type": "MultiPolygon", "coordinates": [ [ [ [ -96.8271069, 31.4265142 ], [ -96.8885875, 31.4500969 ], [ -96.8903122, 31.5941651 ], [ -96.9218728, 31.6659467 ], [ -97.013958699999989, 31.6652115 ], [ -97.0767428, 31.7606721 ], [ -97.1689448, 31.7598194 ], [ -97.1674308, 31.6638307 ], [ -97.1973491, 31.6155269 ], [ -97.3196149, 31.5902476 ], [ -97.3179097, 31.4942129 ], [ -97.3791554, 31.4935297 ], [ -97.4084129, 31.4211333 ], [ -97.5001895, 31.4200279 ], [ -97.4992218, 31.3719911 ], [ -97.6215073, 31.3704095 ], [ -97.6821055, 31.3455518 ], [ -97.8349019, 31.3433236 ], [ -97.8020195, 31.2476875 ], [ -97.74098, 31.2485856 ], [ -97.6772388, 31.1292898 ], [ -97.6750849, 31.0331278 ], [ -97.7359495, 31.0322626 ], [ -97.7381817, 31.1284237 ], [ -97.921001499999988, 31.12564 ], [ -97.9166887, 30.9573443 ], [ -97.8844748, 30.8856729 ], [ -97.8237308, 30.886614 ], [ -97.8225628, 30.8385021 ], [ -97.820231299999989, 30.7422567 ], [ -97.8184866, 30.6700537 ], [ -97.8778561, 30.6209709 ], [ -98.119963399999989, 30.6169094 ], [ -98.1145624, 30.4242685 ], [ -97.9944554, 30.4504437 ], [ -97.8434705, 30.4528819 ], [ -97.8446459, 30.5010517 ], [ -97.6935554, 30.5032991 ], [ -97.6643975, 30.5518892 ], [ -97.6697241, 30.7925985 ], [ -97.6095679, 30.817492 ], [ -97.5812469, 30.9141239 ], [ -97.4293183, 30.9160338 ], [ -97.4284025, 30.8679228 ], [ -97.3373002, 30.8689757 ], [ -97.334308, 30.700529 ], [ -97.1525037, 30.7024233 ], [ -97.0932983, 30.7992617 ], [ -97.094349100000017, 30.8714442 ], [ -97.0342717, 30.9200972 ], [ -96.943101399999989, 30.9208499 ], [ -96.9437065, 30.9689561 ], [ -96.79190890000001, 30.9941075 ], [ -96.794202700000014, 31.2104845 ], [ -96.6111482, 31.2115534 ], [ -96.5798921, 31.1155533 ], [ -96.4884804, 31.1159597 ], [ -96.4898976, 31.3322614 ], [ -96.6121332, 31.3317028 ], [ -96.6125281, 31.3797505 ], [ -96.7042627, 31.3792499 ], [ -96.7047173, 31.4272904 ], [ -96.8271069, 31.4265142 ] ], [ [ -97.4643989, 31.1561146 ], [ -97.5553489, 31.1309293 ], [ -97.5568504, 31.2030336 ], [ -97.496808, 31.2518687 ], [ -97.4643989, 31.1561146 ] ] ], [ [ [ -96.306739, 31.3809152 ], [ -96.337645099999989, 31.4528929 ], [ -96.4599315, 31.4284708 ], [ -96.4293328, 31.4285834 ], [ -96.4290558, 31.3805423 ], [ -96.3373183, 31.3808336 ], [ -96.306739, 31.3809152 ] ] ], [ [ [ -95.8785857, 31.4052656 ], [ -95.8787032, 31.3331956 ], [ -95.787023600000012, 31.3330685 ], [ -95.7866798, 31.4531764 ], [ -95.8785857, 31.4052656 ] ] ], [ [ [ -96.4135508, 34.0848582 ], [ -96.5090989, 34.1321994 ], [ -96.573573, 34.251126 ], [ -96.669002, 34.2506574 ], [ -96.6685534, 34.2029823 ], [ -97.0817835, 34.2001212 ], [ -97.1767445, 34.1754306 ], [ -97.1739899, 34.0085218 ], [ -97.1098476, 33.9613955 ], [ -97.1712482, 33.8415443 ], [ -97.1689083, 33.6983653 ], [ -97.1362107, 33.6270465 ], [ -97.0731474, 33.6276029 ], [ -97.070654499999989, 33.460463 ], [ -97.1335712, 33.4599077 ], [ -97.1320685, 33.3643675 ], [ -97.0692351, 33.3649222 ], [ -97.0681731, 33.2932511 ], [ -97.1301957, 33.2449089 ], [ -97.223883, 33.2201226 ], [ -97.2222659, 33.1245238 ], [ -97.2836172, 33.052177 ], [ -97.3461774, 33.0515138 ], [ -97.3756413, 32.9555307 ], [ -97.5318288, 32.9536971 ], [ -97.5283034, 32.786272 ], [ -97.4315129, 32.6198904 ], [ -97.3382287, 32.6209394 ], [ -97.3062764, 32.5734004 ], [ -97.3041388, 32.4536904 ], [ -97.1179887, 32.455526 ], [ -97.1172574, 32.4076298 ], [ -97.0862518, 32.4079082 ], [ -97.0834168, 32.2162588 ], [ -97.0518056, 32.1686001 ], [ -96.95909, 32.1693627 ], [ -96.929699899999989, 32.289412 ], [ -96.8683543, 32.3377795 ], [ -96.7134682, 32.3387789 ], [ -96.6815996, 32.243121099999989 ], [ -96.5887869, 32.2436028 ], [ -96.495488, 32.1721208 ], [ -96.4946816, 32.052266 ], [ -96.4632209, 31.9564737 ], [ -96.401324699999989, 31.9087256 ], [ -96.2780431, 31.8850835 ], [ -96.0933145, 31.8853654 ], [ -96.0931029, 31.7174163 ], [ -96.0009478, 31.717452 ], [ -96.0009471, 31.6694514 ], [ -95.8781533, 31.6693902 ], [ -95.8782321, 31.6213829 ], [ -95.755518099999989, 31.6211974 ], [ -95.694458, 31.5490346 ], [ -95.6638095, 31.5489533 ], [ -95.6644604, 31.4048604 ], [ -95.6339894, 31.38075 ], [ -95.5116732, 31.380317 ], [ -95.5108844, 31.5004067 ], [ -95.4492722, 31.5481671 ], [ -95.3266819, 31.547547 ], [ -95.2971707, 31.4273014 ], [ -95.1135873, 31.4260934 ], [ -95.0508625, 31.5456978 ], [ -94.805703100000017, 31.5435263 ], [ -94.804930399999989, 31.5915409 ], [ -94.7125236, 31.6146025 ], [ -94.7096008, 31.7825865 ], [ -94.6771423, 31.8782096 ], [ -94.6155784, 31.8775246 ], [ -94.6142284, 31.9494717 ], [ -94.6749909, 31.9981141 ], [ -94.6133269, 31.9974282 ], [ -94.6741284, 32.0460643 ], [ -94.6719672, 32.1659111 ], [ -94.6101626, 32.165224 ], [ -94.6401781, 32.2134986 ], [ -94.547412, 32.2124322 ], [ -94.544087499999989, 32.3801241 ], [ -94.420120700000012, 32.37859 ], [ -94.419087, 32.4264867 ], [ -94.2640348, 32.4243918 ], [ -94.265169899999989, 32.3764962 ], [ -94.1722038, 32.375146 ], [ -94.1733981, 32.3272447 ], [ -94.0804962, 32.3258248 ], [ -94.0811231, 32.3018721 ], [ -93.9882553, 32.3003821 ], [ -93.9875981, 32.3243344 ], [ -93.8018135, 32.3211425 ], [ -93.6787246, 32.2949071 ], [ -93.6772076, 32.3428073 ], [ -93.5835075, 32.3649585 ], [ -93.4604237, 32.3385072 ], [ -93.3675244, 32.3365469 ], [ -93.365803, 32.3844374 ], [ -93.296762199999989, 32.5745859 ], [ -93.3260753, 32.6231227 ], [ -93.4193383, 32.6251127 ], [ -93.4150988, 32.7447333 ], [ -93.4445593, 32.7932194 ], [ -93.5380434, 32.7951186 ], [ -93.5396613, 32.74728 ], [ -93.5708033, 32.7478971 ], [ -93.5692059, 32.795736 ], [ -93.756191199999989, 32.799275 ], [ -93.7576659, 32.7514342 ], [ -93.8213892, 32.7047027 ], [ -93.8836417, 32.7057869 ], [ -93.8703535, 33.1600954 ], [ -93.8033551, 33.3023556 ], [ -93.7405896, 33.3012326 ], [ -93.735340799999989, 33.4684041 ], [ -93.6409777, 33.466657 ], [ -93.6354849, 33.6337531 ], [ -93.7578668, 33.755385 ], [ -93.8841959, 33.7575791 ], [ -93.945309200000011, 33.8302022 ], [ -94.0401585, 33.8317178 ], [ -94.0414651, 33.7840025 ], [ -94.136255, 33.7854457 ], [ -94.2012493, 33.7147826 ], [ -94.2048363, 33.5715726 ], [ -94.3629034, 33.54986 ], [ -94.3667022, 33.3827009 ], [ -94.4295469, 33.3835082 ], [ -94.4630078, 33.2883467 ], [ -94.5257714, 33.2891056 ], [ -94.531605, 33.0022993 ], [ -94.625380299999989, 33.003375 ], [ -94.624473099999989, 33.0511918 ], [ -94.749593499999989, 33.0525163 ], [ -94.7816784, 33.0050101 ], [ -94.7852836, 32.7897548 ], [ -94.6926411, 32.7409486 ], [ -94.6939285, 32.6691604 ], [ -94.632595, 32.6206189 ], [ -94.6348341, 32.5009255 ], [ -94.790057499999989, 32.5025516 ], [ -94.8230303, 32.3831176 ], [ -94.9470117, 32.3842445 ], [ -94.947699899999989, 32.3363385 ], [ -95.164534, 32.338008099999989 ], [ -95.1639876, 32.385915 ], [ -95.349974, 32.3870414 ], [ -95.442787, 32.4114504 ], [ -95.504480500000014, 32.4596145 ], [ -95.6596279, 32.4601424 ], [ -95.6592933, 32.5319783 ], [ -95.7214138, 32.5321347 ], [ -95.7208651, 32.675764 ], [ -95.6586222, 32.6756073 ], [ -95.6585101, 32.69954 ], [ -95.7517421, 32.7476241 ], [ -95.7514153, 32.8433269 ], [ -95.6266429, 32.843013 ], [ -95.6268884, 32.7951649 ], [ -95.5021993, 32.7947253 ], [ -95.5013795, 32.9143335 ], [ -95.595050199999989, 32.9146755 ], [ -95.657046, 33.0105235 ], [ -95.7508415, 33.0107475 ], [ -95.7504299, 33.1302879 ], [ -95.6562524, 33.177869 ], [ -95.5931743, 33.2493765 ], [ -95.5925001, 33.3688412 ], [ -95.7810234, 33.3693148 ], [ -95.7811685, 33.3215331 ], [ -95.8753685, 33.321663 ], [ -95.8437614, 33.4171851 ], [ -95.8433979, 33.584354 ], [ -95.7803683, 33.5842592 ], [ -95.7486028, 33.6558218 ], [ -95.5908728, 33.6554059 ], [ -95.5274669, 33.7029243 ], [ -95.5263629, 33.8699702 ], [ -95.6529251, 33.8703833 ], [ -95.6531567, 33.8226628 ], [ -95.7796357, 33.8229484 ], [ -95.77912, 33.9899459 ], [ -95.8742018, 33.9900767 ], [ -95.8742438, 33.9662241 ], [ -96.1277113, 33.9662222 ], [ -96.159447899999989, 33.9900386 ], [ -96.3813043, 33.9895624 ], [ -96.4135508, 34.0848582 ] ], [ [ -96.6566627, 32.9135958 ], [ -96.655152199999989, 32.7461348 ], [ -96.623386599999989, 32.674503799999989 ], [ -96.747867200000016, 32.6738114 ], [ -96.7473765, 32.6259423 ], [ -96.9028714, 32.6249005 ], [ -96.9022794, 32.5770257 ], [ -97.026590399999989, 32.5760515 ], [ -97.0303059, 32.8392828 ], [ -96.9064398, 32.9120183 ], [ -96.8763728, 33.0078997 ], [ -96.7513202, 33.0087209 ], [ -96.719108, 32.9132487 ], [ -96.6566627, 32.9135958 ] ], [ [ -96.0321559, 32.8435727 ], [ -96.0321876, 32.9153338 ], [ -95.9072906, 32.9153033 ], [ -95.9073516, 32.8674641 ], [ -96.0321559, 32.8435727 ] ], [ [ -96.5708911, 33.917282299999989 ], [ -96.5701295, 33.8218479 ], [ -96.6649855, 33.8213815 ], [ -96.6658739, 33.9168154 ], [ -96.5708911, 33.917282299999989 ] ] ], [ [ [ -95.9690771, 34.4668972 ], [ -95.9052623, 34.4668657 ], [ -95.9051026, 34.5859711 ], [ -95.9690249, 34.5860028 ], [ -95.9690771, 34.4668972 ] ] ], [ [ [ -91.2063765, 32.1990337 ], [ -91.1802109, 32.1260078 ], [ -91.1216926, 32.0756751 ], [ -91.0568233, 32.1210727 ], [ -91.0503756, 32.216811899999989 ], [ -91.2063765, 32.1990337 ] ] ], [ [ [ -90.1540215, 32.9687488 ], [ -90.1813765, 33.0179547 ], [ -90.1698456, 33.1611257 ], [ -90.0936513, 33.3251295 ], [ -90.0309725, 33.3221385 ], [ -89.9502774, 33.5336526 ], [ -89.9737039, 33.630484 ], [ -89.9435037, 33.9876973 ], [ -89.9987427, 34.0859326 ], [ -89.9846555, 34.2524877 ], [ -90.0103774, 34.3253562 ], [ -89.8750442, 34.4143951 ], [ -89.7180866, 34.3828269 ], [ -89.6799185, 34.4525682 ], [ -89.6162612, 34.4493778 ], [ -89.6352481, 34.5935837 ], [ -89.5011212, 34.6584076 ], [ -89.4284226, 34.7501459 ], [ -89.2915402, 34.8384731 ], [ -89.003643, 34.8230006 ], [ -88.9301261, 34.914419 ], [ -88.8884796, 35.0075635 ], [ -88.876410299999989, 35.1261863 ], [ -88.8072977, 35.1700363 ], [ -88.7999616, 35.2411836 ], [ -88.7356297, 35.2375584 ], [ -88.7331593, 35.2612705 ], [ -88.7653353, 35.2630876 ], [ -88.762874, 35.286799 ], [ -88.7950625, 35.2886086 ], [ -88.7901568, 35.3360286 ], [ -88.8867975, 35.3414122 ], [ -88.8916379, 35.2939891 ], [ -88.9882281, 35.2992971 ], [ -89.0299155, 35.2061808 ], [ -89.0942334, 35.209659 ], [ -89.1357264, 35.1164899 ], [ -89.3284671, 35.1266713 ], [ -89.3329936, 35.0792096 ], [ -89.4614316, 35.0858324 ], [ -89.5045642, 34.9687795 ], [ -89.5730413, 34.9245354 ], [ -89.5817319, 34.8295468 ], [ -89.618046, 34.78365 ], [ -89.7139873, 34.7884184 ], [ -89.8182967, 34.6980815 ], [ -89.9522067, 34.6329298 ], [ -90.0261151, 34.5170956 ], [ -90.0321414, 34.4457665 ], [ -90.2550168, 34.456063 ], [ -90.2665865, 34.3133503 ], [ -90.242536700000016, 34.2167379 ], [ -90.2761924, 34.194385 ], [ -90.304818200000014, 33.8372774 ], [ -90.2416823, 33.8343962 ], [ -90.2665322, 33.5246504 ], [ -90.4458317, 33.2456036 ], [ -90.5120903, 33.2006697 ], [ -90.5487907, 33.1304609 ], [ -90.6148799, 33.0854586 ], [ -90.7068799, 33.1133641 ], [ -90.8319326, 33.1186374 ], [ -90.8353426, 33.0708952 ], [ -90.993233, 33.053431 ], [ -91.0031223, 32.9101479 ], [ -91.0343016, 32.9114041 ], [ -91.057083, 32.5768533 ], [ -91.1812404, 32.5817814 ], [ -91.1701603, 32.7491045 ], [ -91.2245439, 32.8709984 ], [ -91.207197, 33.133701 ], [ -91.1679408, 33.2518364 ], [ -91.2587958, 33.3031838 ], [ -91.2351379, 33.6609707 ], [ -91.2981574, 33.6633535 ], [ -91.2840377, 33.8778732 ], [ -91.3441429, 33.9278865 ], [ -91.469151, 33.9563349 ], [ -91.466122, 34.0039853 ], [ -91.591312, 34.0323071 ], [ -91.6805738, 34.1308844 ], [ -91.8709334, 34.1372571 ], [ -91.873697299999989, 34.089613 ], [ -92.0322499, 34.0947014 ], [ -92.0943699, 34.1205057 ], [ -92.1208997, 34.2167699 ], [ -92.1831585, 34.242523 ], [ -92.2098544, 34.3387401 ], [ -92.2034785, 34.4577864 ], [ -92.1345229, 34.5510731 ], [ -92.125385799999989, 34.7176398 ], [ -92.0280662, 34.738474 ], [ -91.9879335, 34.880178 ], [ -91.9531285, 34.9267243 ], [ -91.7927059, 34.9215454 ], [ -91.7898544, 34.9690947 ], [ -91.6935473, 34.9658889 ], [ -91.657032, 35.0361148 ], [ -91.5576257, 35.0803416 ], [ -91.550074099999989, 35.1991494 ], [ -91.5163447, 35.2217867 ], [ -91.5117655, 35.2930514 ], [ -91.8020422, 35.3028528 ], [ -91.8399661, 35.2088668 ], [ -91.9043973, 35.2109374 ], [ -91.9002149, 35.2822171 ], [ -91.9969672, 35.285265 ], [ -91.9996908, 35.2377448 ], [ -92.0963858, 35.2407182 ], [ -92.1647682, 35.1713661 ], [ -92.1673734, 35.1238304 ], [ -92.2961012, 35.1276118 ], [ -92.3332673, 35.0334449 ], [ -92.4618377, 35.0370607 ], [ -92.4642367, 34.989505 ], [ -92.4963596, 34.9903883 ], [ -92.497547, 34.9666082 ], [ -92.5320104, 34.9199187 ], [ -92.6282886, 34.9224939 ], [ -92.630571, 34.8749227 ], [ -92.534357899999989, 34.8723491 ], [ -92.542549, 34.7058142 ], [ -92.5140861, 34.6335509 ], [ -92.4501656, 34.6317838 ], [ -92.4609088, 34.4175427 ], [ -92.4008153, 34.3443115 ], [ -92.3738587, 34.2481361 ], [ -92.3823537, 34.0813659 ], [ -92.3189323, 34.0795303 ], [ -92.2642655, 33.9108312 ], [ -92.1390241, 33.8831703 ], [ -92.1100006, 33.8345157 ], [ -91.952019299999989, 33.8295221 ], [ -91.9245029, 33.7569749 ], [ -91.8613815, 33.7549076 ], [ -91.8668888, 33.6595235 ], [ -91.7422409, 33.6314497 ], [ -91.7164354, 33.5349663 ], [ -91.6535152, 33.5327932 ], [ -91.6607202, 33.4135035 ], [ -91.6336562, 33.3408157 ], [ -91.570908, 33.3385999 ], [ -91.5454363, 33.2420084 ], [ -91.5869848, 33.075991 ], [ -91.594254, 32.9565623 ], [ -91.6254628, 32.9576694 ], [ -91.6297821, 32.8859928 ], [ -91.660961, 32.8870912 ], [ -91.6638154, 32.8392984 ], [ -91.6949749, 32.8403883 ], [ -91.697805, 32.7925888 ], [ -91.946950199999989, 32.801021 ], [ -91.9496134, 32.7532107 ], [ -92.1363867, 32.7592017 ], [ -92.138924, 32.711382 ], [ -92.2011477, 32.7133152 ], [ -92.203641, 32.6654882 ], [ -92.2969215, 32.6683275 ], [ -92.3066181, 32.4769502 ], [ -92.2756051, 32.4760135 ], [ -92.2865442, 32.2605937 ], [ -92.2556228, 32.2596514 ], [ -92.265373, 32.0680584 ], [ -92.2345328, 32.0671103 ], [ -92.2443123, 31.8754136 ], [ -92.217236899999989, 31.8025465 ], [ -92.1250528, 31.7996401 ], [ -92.1212791, 31.871551 ], [ -92.0290127, 31.8685724 ], [ -92.0264331, 31.9165031 ], [ -91.959637199999989, 32.0103167 ], [ -91.836394500000011, 32.0061678 ], [ -91.8391008, 31.9582536 ], [ -91.7467379, 31.9550617 ], [ -91.7201246, 31.8821017 ], [ -91.5283504, 31.9952503 ], [ -91.491688, 32.0899117 ], [ -91.4270348, 32.1355038 ], [ -91.3020847, 32.1547579 ], [ -91.2990213, 32.2026326 ], [ -91.2063765, 32.1990337 ], [ -91.1969812, 32.3426127 ], [ -91.100964300000015, 32.3867827 ], [ -91.0080968, 32.3830356 ], [ -91.0113577, 32.3351928 ], [ -90.8876298, 32.33009 ], [ -90.8190045, 32.4231629 ], [ -90.5712973, 32.4124464 ], [ -90.5057896, 32.457508 ], [ -90.4675745, 32.5517338 ], [ -90.4055451, 32.5489252 ], [ -90.3689993, 32.6192017 ], [ -90.3031813, 32.6641295 ], [ -90.2410627, 32.6612389 ], [ -90.2353899, 32.732903 ], [ -90.266479, 32.7343533 ], [ -90.2627113, 32.7821222 ], [ -90.2004937, 32.7792122 ], [ -90.1928619, 32.8747279 ], [ -90.2183044, 32.94781 ], [ -90.1540215, 32.9687488 ] ] ], [ [ [ -78.968368, 33.7926858 ], [ -78.9061797, 33.7841416 ], [ -78.8637286, 33.8268068 ], [ -78.8580417, 33.8502788 ], [ -78.8891599, 33.8545659 ], [ -78.8834791, 33.8780374 ], [ -78.9457464, 33.8865908 ], [ -78.968368, 33.7926858 ] ] ], [ [ [ -78.7475377, 33.9077665 ], [ -78.7786743, 33.9120804 ], [ -78.7843921, 33.8886156 ], [ -78.753265399999989, 33.8843029 ], [ -78.7475377, 33.9077665 ] ] ], [ [ [ -78.736071, 33.9546888 ], [ -78.7475377, 33.9077665 ], [ -78.7164049, 33.9034448 ], [ -78.736071, 33.9546888 ] ] ], [ [ [ -78.4985812, 33.8729763 ], [ -78.3372474, 33.8744274 ], [ -78.3196454, 33.9447574 ], [ -78.5064623, 33.9711574 ], [ -78.4869565, 33.9198798 ], [ -78.4985812, 33.8729763 ] ] ], [ [ [ -77.9065087, 34.2981927 ], [ -78.006294, 34.2883164 ], [ -77.993067, 34.2135925 ], [ -77.9306313, 34.204575 ], [ -77.9065087, 34.2981927 ] ] ], [ [ [ -80.9444061, 35.2048247 ], [ -80.9864169, 35.1616073 ], [ -81.0370679, 34.926647 ], [ -80.9736409, 34.9191495 ], [ -80.9533384, 35.0131425 ], [ -80.8427433, 35.0722943 ], [ -80.8170814, 35.1897155 ], [ -80.8386394, 35.2404653 ], [ -80.9444061, 35.2048247 ] ] ], [ [ [ -79.0118871, 35.0819895 ], [ -79.0176224, 35.058579 ], [ -78.922654799999989, 35.0458255 ], [ -78.8794504, 35.0883686 ], [ -78.8736665, 35.111771399999988 ], [ -78.9485511, 35.0734926 ], [ -79.0118871, 35.0819895 ] ] ], [ [ [ -76.9023312, 36.4301486 ], [ -76.8562525, 36.5928244 ], [ -76.8620967, 36.6905107 ], [ -76.9451805, 36.8720866 ], [ -77.0423039, 36.8862485 ], [ -77.0681325, 36.9141852 ], [ -77.1008622, 36.7980122 ], [ -77.0235318, 36.714184 ], [ -76.9404319, 36.5326038 ], [ -76.9731959, 36.4163792 ], [ -76.9285639, 36.3371608 ], [ -76.9023312, 36.4301486 ] ] ] ] } },
{ "type": "Feature", "properties": { "ID": 22 }, "geometry": { "type": "MultiPolygon", "coordinates": [ [ [ [ -97.8778561, 30.6209709 ], [ -97.8184866, 30.6700537 ], [ -97.820231299999989, 30.7422567 ], [ -97.8808588, 30.7413171 ], [ -97.909340200000017, 30.6686338 ], [ -97.9686494, 30.6195055 ], [ -97.8778561, 30.6209709 ] ] ], [ [ [ -86.1598274, 32.5943701 ], [ -86.2494035, 32.6255876 ], [ -86.243013, 32.673205 ], [ -86.3700093, 32.6591682 ], [ -86.407251, 32.6139644 ], [ -86.5310122, 32.6235746 ], [ -86.5372106, 32.5759359 ], [ -86.7846697, 32.5947726 ], [ -86.9644288, 32.6562286 ], [ -86.9835824, 32.7537969 ], [ -87.0824869, 32.7129316 ], [ -87.100000799999989, 32.5699502 ], [ -87.0778234, 32.496191 ], [ -87.0469165, 32.4939367 ], [ -87.0248156, 32.4201524 ], [ -86.9161689, 32.2918085 ], [ -86.9528868, 32.246394 ], [ -86.9309548, 32.1725416 ], [ -86.7771433, 32.1609978 ], [ -86.7343244, 32.2540684 ], [ -86.6788129, 32.2016808 ], [ -86.5834417, 32.2184348 ], [ -86.4603565, 32.2088668 ], [ -86.4050747, 32.1563484 ], [ -86.3686633, 31.96068 ], [ -86.2766903, 31.9533483 ], [ -86.1942804, 31.8743765 ], [ -86.179578, 31.7525801 ], [ -86.1184457, 31.7476019 ], [ -86.1344075, 31.6282488 ], [ -86.201774, 31.5854646 ], [ -86.150318, 31.5088516 ], [ -86.1630096, 31.413302 ], [ -86.1389353, 31.3630258 ], [ -86.0269537, 31.281304 ], [ -86.0429622, 31.1617972 ], [ -85.9855374, 31.1328359 ], [ -85.9983757, 31.0371955 ], [ -86.1194714, 31.0472638 ], [ -86.1623649, 30.9540796 ], [ -86.2530993, 30.9615201 ], [ -86.2593372, 30.9136644 ], [ -86.4074351, 30.949838 ], [ -86.6797467, 30.9713965 ], [ -86.682731, 30.9474594 ], [ -86.9248389, 30.9660971 ], [ -86.9306487, 30.9182082 ], [ -86.9969202, 30.8748903 ], [ -87.1178804, 30.8839551 ], [ -87.211432, 30.8667175 ], [ -87.2001717, 30.9625299 ], [ -87.3240769, 30.9474342 ], [ -87.4451927, 30.9561663 ], [ -87.47001130000001, 31.0062387 ], [ -87.5885424, 31.0387753 ], [ -87.5831442, 31.0866772 ], [ -87.7981934, 31.0774592 ], [ -87.8180342, 31.1753391 ], [ -87.9421642, 31.159615 ], [ -88.0409791, 31.0938349 ], [ -88.0460848, 31.045914 ], [ -88.1118198, 31.001999 ], [ -88.2027856, 31.0079612 ], [ -88.2077821, 30.9600209 ], [ -88.2987045, 30.965911 ], [ -88.3036369, 30.9179605 ], [ -88.4248118, 30.9257027 ], [ -88.429661, 30.8777412 ], [ -88.4950239, 30.8335936 ], [ -88.6766203, 30.8448735 ], [ -88.7045573, 30.8707161 ], [ -88.9165654, 30.8834763 ], [ -88.996236, 31.0087723 ], [ -89.1761402, 31.0432706 ], [ -89.1955877, 31.1648998 ], [ -89.256415600000011, 31.1683323 ], [ -89.2499075, 31.2402556 ], [ -89.3716967, 31.247033 ], [ -89.3631556, 31.3429127 ], [ -89.4177747, 31.4181523 ], [ -89.5703971, 31.426388 ], [ -89.5828152, 31.2825723 ], [ -89.6742289, 31.2874137 ], [ -89.710777, 31.2170757 ], [ -89.7716701, 31.2202469 ], [ -89.7836669, 31.0763214 ], [ -89.8483984, 31.03146610000001 ], [ -89.9414662, 31.0121103 ], [ -89.949229699999989, 30.916095 ], [ -90.009888300000014, 30.9191485 ], [ -90.0478473, 30.8246149 ], [ -90.1103207, 30.8036019 ], [ -90.1178472, 30.7075138 ], [ -90.0932615, 30.6339332 ], [ -90.1555642, 30.6128839 ], [ -90.2764144, 30.6187568 ], [ -90.2800651, 30.5706835 ], [ -90.4612602, 30.5792587 ], [ -90.4577247, 30.6273362 ], [ -90.6373637, 30.6596774 ], [ -90.6607826, 30.7571698 ], [ -90.7213401, 30.7598641 ], [ -90.7415321, 30.9053536 ], [ -90.802212, 30.9080058 ], [ -90.8259227, 31.0053907 ], [ -90.8866866, 31.0079993 ], [ -90.9121733, 31.0813289 ], [ -90.9730017, 31.0838931 ], [ -90.9649169, 31.2039223 ], [ -90.9007107, 31.2493529 ], [ -90.7975512, 31.4133728 ], [ -90.8891963, 31.4172906 ], [ -90.8660112, 31.7529116 ], [ -90.9871474, 31.7820065 ], [ -91.0146178, 31.831189199999987 ], [ -91.003271700000013, 31.9988504 ], [ -90.9692083, 32.0454707 ], [ -90.7227495, 32.0350476 ], [ -90.6233509, 32.1267507 ], [ -90.6180928, 32.1985385 ], [ -90.5528048, 32.2436521 ], [ -90.4619543, 32.2155661 ], [ -90.4964177, 32.169110599999989 ], [ -90.5035816, 32.0733892 ], [ -90.5687489, 32.0282801 ], [ -90.5740429, 31.9564595 ], [ -90.4527846, 31.9269676 ], [ -90.4563854, 31.8790783 ], [ -90.3641918, 31.8748376 ], [ -90.3297827, 31.9212949 ], [ -90.3187131, 32.0649138 ], [ -90.3421578, 32.1620599 ], [ -90.2458671, 32.2055809 ], [ -90.2364729, 32.3251643 ], [ -90.2017716, 32.3715259 ], [ -90.0161876, 32.3626003 ], [ -90.0083585, 32.4582139 ], [ -90.0974038, 32.5105159 ], [ -90.2194858, 32.5403119 ], [ -90.2448384, 32.613455 ], [ -90.2410627, 32.6612389 ], [ -90.3031813, 32.6641295 ], [ -90.3689993, 32.6192017 ], [ -90.4055451, 32.5489252 ], [ -90.4675745, 32.5517338 ], [ -90.5057896, 32.457508 ], [ -90.5712973, 32.4124464 ], [ -90.8190045, 32.4231629 ], [ -90.8876298, 32.33009 ], [ -91.0113577, 32.3351928 ], [ -91.0080968, 32.3830356 ], [ -91.100964300000015, 32.3867827 ], [ -91.1969812, 32.3426127 ], [ -91.2063765, 32.1990337 ], [ -91.2990213, 32.2026326 ], [ -91.3020847, 32.1547579 ], [ -91.4270348, 32.1355038 ], [ -91.491688, 32.0899117 ], [ -91.5283504, 31.9952503 ], [ -91.7201246, 31.8821017 ], [ -91.7467379, 31.9550617 ], [ -91.8391008, 31.9582536 ], [ -91.836394500000011, 32.0061678 ], [ -91.959637199999989, 32.0103167 ], [ -92.0264331, 31.9165031 ], [ -92.0290127, 31.8685724 ], [ -92.1212791, 31.871551 ], [ -92.1250528, 31.7996401 ], [ -92.217236899999989, 31.8025465 ], [ -92.2443123, 31.8754136 ], [ -92.2345328, 32.0671103 ], [ -92.265373, 32.0680584 ], [ -92.2556228, 32.2596514 ], [ -92.2865442, 32.2605937 ], [ -92.2768237, 32.4520844 ], [ -92.4043699, 32.3839833 ], [ -92.4067192, 32.3361087 ], [ -92.5305458, 32.3396774 ], [ -92.5946888, 32.293531 ], [ -92.5991305, 32.1977439 ], [ -92.5373336, 32.1960092 ], [ -92.5508299, 31.9084956 ], [ -92.6771835, 31.8400049 ], [ -92.712202, 31.7449262 ], [ -92.804339, 31.7473874 ], [ -92.7970724, 31.9152264 ], [ -92.8247614, 31.9879392 ], [ -92.8863902, 31.9895297 ], [ -92.9529758, 31.8712325 ], [ -92.9252044, 31.7985243 ], [ -92.9321695, 31.63062080000001 ], [ -92.8748832, 31.5330712 ], [ -92.9973902, 31.5361748 ], [ -93.05484, 31.6336654 ], [ -93.116179, 31.6351412 ], [ -93.179346099999989, 31.5885952 ], [ -93.2451053, 31.4699996 ], [ -93.250432600000011, 31.3259326 ], [ -93.2225742, 31.2531755 ], [ -93.4056686, 31.2572602 ], [ -93.4683348, 31.2105109 ], [ -93.5261491, 31.3078713 ], [ -93.5864507, 31.3331288 ], [ -93.6146943, 31.4057837 ], [ -93.6100677, 31.5498315 ], [ -93.6713473, 31.5510264 ], [ -93.6997569, 31.6236144 ], [ -93.7610989, 31.6247637 ], [ -93.7560158, 31.7927113 ], [ -93.8182064, 31.7698438 ], [ -93.8210324, 31.673876 ], [ -93.8824177, 31.6749637 ], [ -93.8851571, 31.5789677 ], [ -93.8238511, 31.5778811 ], [ -93.8273643, 31.4578491 ], [ -93.7370184, 31.4081391 ], [ -93.7392068, 31.3360902 ], [ -93.8322637, 31.289732 ], [ -93.837141, 31.1215296 ], [ -93.776211, 31.1204172 ], [ -93.7797791, 31.0002213 ], [ -93.8710283, 31.0018762 ], [ -93.904136, 30.9062215 ], [ -93.9952735, 30.9077823 ], [ -93.991410800000011, 31.0520603 ], [ -93.9272069, 31.1712076 ], [ -94.048528, 31.1972795 ], [ -94.0765505, 31.2938797 ], [ -94.1681649, 31.2953074 ], [ -94.1957973, 31.4158676 ], [ -94.3487435, 31.4180564 ], [ -94.4083834, 31.4909191 ], [ -94.5308677, 31.4924697 ], [ -94.5280146, 31.6365088 ], [ -94.4666529, 31.6357479 ], [ -94.4626723, 31.8277036 ], [ -94.4934326, 31.8280888 ], [ -94.4909842, 31.9480071 ], [ -94.4601739, 31.9476215 ], [ -94.4591722, 31.995577 ], [ -94.5824954, 31.9970736 ], [ -94.6749909, 31.9981141 ], [ -94.6142284, 31.9494717 ], [ -94.6155784, 31.8775246 ], [ -94.6771423, 31.8782096 ], [ -94.7096008, 31.7825865 ], [ -94.7125236, 31.6146025 ], [ -94.804930399999989, 31.5915409 ], [ -94.805703100000017, 31.5435263 ], [ -95.0508625, 31.5456978 ], [ -95.1135873, 31.4260934 ], [ -95.2971707, 31.4273014 ], [ -95.3266819, 31.547547 ], [ -95.4492722, 31.5481671 ], [ -95.5108844, 31.5004067 ], [ -95.5116732, 31.380317 ], [ -95.6339894, 31.38075 ], [ -95.6644604, 31.4048604 ], [ -95.6638095, 31.5489533 ], [ -95.7557552, 31.5491738 ], [ -95.7559131, 31.5011496 ], [ -95.8477998, 31.5013002 ], [ -95.8783502, 31.5493592 ], [ -95.8781533, 31.6693902 ], [ -95.9702487, 31.6694478 ], [ -95.9702679, 31.6214404 ], [ -96.0009465, 31.6214441 ], [ -96.0009456, 31.5494203 ], [ -95.9703351, 31.4533611 ], [ -96.0009435, 31.381305 ], [ -96.1538416, 31.381207 ], [ -96.1537425, 31.3331586 ], [ -96.2454219, 31.3330069 ], [ -96.2455802, 31.3810552 ], [ -96.3373183, 31.3808336 ], [ -96.4290558, 31.3805423 ], [ -96.4293328, 31.4285834 ], [ -96.7047173, 31.4272904 ], [ -96.7042627, 31.3792499 ], [ -96.6125281, 31.3797505 ], [ -96.6121332, 31.3317028 ], [ -96.4898976, 31.3322614 ], [ -96.4884804, 31.1159597 ], [ -96.5798921, 31.1155533 ], [ -96.6111482, 31.2115534 ], [ -96.794202700000014, 31.2104845 ], [ -96.79190890000001, 30.9941075 ], [ -96.9437065, 30.9689561 ], [ -96.943101399999989, 30.9208499 ], [ -97.0342717, 30.9200972 ], [ -97.094349100000017, 30.8714442 ], [ -97.0932983, 30.7992617 ], [ -97.1525037, 30.7024233 ], [ -97.334308, 30.700529 ], [ -97.3373002, 30.8689757 ], [ -97.4284025, 30.8679228 ], [ -97.4293183, 30.9160338 ], [ -97.5812469, 30.9141239 ], [ -97.6095679, 30.817492 ], [ -97.6697241, 30.7925985 ], [ -97.6643975, 30.5518892 ], [ -97.6935554, 30.5032991 ], [ -97.8446459, 30.5010517 ], [ -97.8434705, 30.4528819 ], [ -97.9944554, 30.4504437 ], [ -98.1145624, 30.4242685 ], [ -98.1132165, 30.3760899 ], [ -98.1735466, 30.3750004 ], [ -98.20021, 30.2539671 ], [ -98.2604417, 30.2528329 ], [ -98.2891022, 30.2040513 ], [ -98.2840254, 30.0352816 ], [ -98.3440828, 30.034104 ], [ -98.3718564, 29.9611468 ], [ -98.461852, 29.9593015 ], [ -98.4602946, 29.9110549 ], [ -98.5793902, 29.8843633 ], [ -98.5761319, 29.787842 ], [ -98.6351578, 29.7623799 ], [ -98.7847465, 29.7589293 ], [ -98.9053245, 29.7801649 ], [ -98.9016597, 29.6836201 ], [ -98.9894291, 29.6330855 ], [ -99.0790222, 29.6307664 ], [ -99.0751459, 29.5341793 ], [ -98.9856655, 29.5364962 ], [ -98.953049100000015, 29.4647902 ], [ -98.8636459, 29.4670143 ], [ -98.8022784, 29.4201389 ], [ -98.8005181, 29.3718108 ], [ -98.7112187, 29.373919 ], [ -98.7095167, 29.325582 ], [ -98.590518, 29.3282854 ], [ -98.5888927, 29.2799392 ], [ -98.4989103, 29.2577097 ], [ -98.3800095, 29.2601989 ], [ -98.3785175, 29.2118388 ], [ -98.2002641, 29.2153436 ], [ -98.198885600000011, 29.1669739 ], [ -98.0801156, 29.1691577 ], [ -98.0478559, 29.0729189 ], [ -97.9588844, 29.0744531 ], [ -97.9274172, 29.0023524 ], [ -97.8385245, 29.0037948 ], [ -97.8373758, 28.9553861 ], [ -97.7485354, 28.9567597 ], [ -97.7173116, 28.8845731 ], [ -97.6285503, 28.8858551 ], [ -97.597965, 28.8378368 ], [ -97.5959736, 28.7409512 ], [ -97.5069049, 28.7179142 ], [ -97.5050298, 28.6209866 ], [ -97.446054, 28.6217411 ], [ -97.3840632, 28.4527604 ], [ -97.2369367, 28.4544367 ], [ -97.179915799999989, 28.5762854 ], [ -97.181385, 28.6732329 ], [ -97.1529528, 28.7462203 ], [ -96.8280378, 28.7490049 ], [ -96.7405748, 28.8707175 ], [ -96.6518183, 28.8712511 ], [ -96.6522254, 28.9196817 ], [ -96.5933875, 28.9684225 ], [ -96.5943161, 29.0894441 ], [ -96.5053078, 29.0898651 ], [ -96.4456895, 29.0417051 ], [ -96.4454108, 28.9932941 ], [ -96.3268795, 28.9936886 ], [ -96.327084, 29.0420997 ], [ -96.2084775, 29.0423731 ], [ -96.208608, 29.0907763 ], [ -96.1195971, 29.090902 ], [ -96.1197095, 29.1634919 ], [ -95.971218, 29.1635499 ], [ -95.9117661, 29.2119033 ], [ -95.8819382, 29.284437 ], [ -95.7034697, 29.2841197 ], [ -95.6733151, 29.3807588 ], [ -95.672492, 29.5741016 ], [ -95.6125341, 29.6222356 ], [ -95.552783, 29.6220229 ], [ -95.5517943, 29.7910679 ], [ -95.4619701, 29.7906912 ], [ -95.46163, 29.8389723 ], [ -95.3717501, 29.8385267 ], [ -95.3411657, 29.9107698 ], [ -95.2811898, 29.9104191 ], [ -95.280051, 30.0310587 ], [ -95.2194861, 30.0789194 ], [ -95.0692178, 30.0778309 ], [ -95.0406853, 29.9569716 ], [ -94.8606562, 29.9553691 ], [ -94.8291698, 30.0515722 ], [ -94.7390448, 30.050644 ], [ -94.7398436, 30.0023998 ], [ -94.6197567, 30.0010559 ], [ -94.6175675, 30.1216507 ], [ -94.5273625, 30.1205612 ], [ -94.46528, 30.2162369 ], [ -94.2846527, 30.2137573 ], [ -94.2835625, 30.2619649 ], [ -94.1630747, 30.2601579 ], [ -94.131172, 30.3319829 ], [ -93.7995509, 30.3262934 ], [ -93.736382, 30.4215213 ], [ -93.0724885, 30.4070097 ], [ -93.038546599999989, 30.5025796 ], [ -92.887510400000011, 30.4987219 ], [ -92.8894933, 30.4505686 ], [ -92.738569, 30.4465211 ], [ -92.6760865, 30.4929989 ], [ -92.556385, 30.4654863 ], [ -92.3752652, 30.4600989 ], [ -92.3415849, 30.5313845 ], [ -92.249755, 30.5526279 ], [ -92.256918, 30.4082058 ], [ -92.196595, 30.4062882 ], [ -92.202639, 30.2858878 ], [ -92.173742499999989, 30.2608332 ], [ -91.993140900000014, 30.2548593 ], [ -91.9905935, 30.3030255 ], [ -91.8661902, 30.3711201 ], [ -91.8897943, 30.4925179 ], [ -91.8819203, 30.6368784 ], [ -91.6990699, 30.6545187 ], [ -91.6729625, 30.5812619 ], [ -91.6125173, 30.579049 ], [ -91.58652, 30.5057559 ], [ -91.47009, 30.4290221 ], [ -91.4083106, 30.4507692 ], [ -91.2876486, 30.4460421 ], [ -91.2650246, 30.3245093 ], [ -91.116015, 30.2943267 ], [ -91.1522785, 30.1992621 ], [ -91.1299444, 30.0776074 ], [ -90.9514723, 30.0459511 ], [ -90.9466703, 30.1182081 ], [ -90.883372200000011, 30.1637835 ], [ -90.8232845, 30.1611665 ], [ -90.8183533, 30.233391299999987 ], [ -90.7532151, 30.3029479 ], [ -90.5726479, 30.2948103 ], [ -90.5691964, 30.3429344 ], [ -90.4186587, 30.3359395 ], [ -90.4222054, 30.2878188 ], [ -90.2417115, 30.2791768 ], [ -90.2042686, 30.3739338 ], [ -90.1157981, 30.3454303 ], [ -89.9652995, 30.3378602 ], [ -89.9691341, 30.2897539 ], [ -89.7886901, 30.280422 ], [ -89.6964828, 30.2997037 ], [ -89.692474600000011, 30.3477994 ], [ -89.5399621, 30.3637356 ], [ -89.5358511, 30.4118161 ], [ -89.4153932, 30.4051883 ], [ -89.4112007, 30.4532581 ], [ -89.3208141, 30.4482045 ], [ -89.2821344, 30.5426155 ], [ -89.1614908, 30.5357331 ], [ -89.1571294, 30.583774 ], [ -89.0923725, 30.628317 ], [ -88.8206879, 30.6122307 ], [ -88.6976479, 30.6288896 ], [ -88.6929855, 30.6768989 ], [ -88.5721836, 30.6694225 ], [ -88.5769224, 30.6214168 ], [ -88.456221, 30.6138215 ], [ -88.4284644, 30.5879003 ], [ -88.2173737, 30.5742639 ], [ -88.212409, 30.622262 ], [ -88.0590495, 30.6362813 ], [ -87.9987108, 30.632237 ], [ -87.9859289, 30.7521735 ], [ -87.9255013, 30.7480936 ], [ -87.8702744, 30.6960181 ], [ -87.8832306, 30.5760729 ], [ -87.8229497, 30.5719388 ], [ -87.805869199999989, 30.449876 ], [ -87.743066, 30.4697008 ], [ -87.622696, 30.4612574 ], [ -87.392946099999989, 30.6140926 ], [ -87.2997496, 30.6314859 ], [ -87.2941968, 30.6794349 ], [ -87.1735439, 30.6705429 ], [ -87.1791727, 30.6225982 ], [ -87.0887588, 30.6158522 ], [ -87.0830729, 30.6637936 ], [ -86.9653523, 30.63072 ], [ -86.7845605, 30.6168353 ], [ -86.7933657, 30.5449314 ], [ -86.7390722, 30.4923024 ], [ -86.6098217, 30.5547485 ], [ -86.3691138, 30.5354512 ], [ -86.3721794, 30.5114895 ], [ -86.1917866, 30.4966999 ], [ -86.1648577, 30.4702489 ], [ -86.0747223, 30.4627302 ], [ -86.081032100000016, 30.4148092 ], [ -85.990971, 30.4072257 ], [ -85.970517199999989, 30.3327942 ], [ -85.823837, 30.2960105 ], [ -85.8302915, 30.2480775 ], [ -85.5973616, 30.1792545 ], [ -85.4478188, 30.1659565 ], [ -85.454499400000017, 30.1180244 ], [ -85.282013, 30.0538921 ], [ -85.1327729, 30.0401902 ], [ -85.1258964, 30.0881159 ], [ -85.0363226, 30.0798 ], [ -85.0259081, 30.1516681 ], [ -85.1753479, 30.1654999 ], [ -85.1822002, 30.1175833 ], [ -85.3017166, 30.1285071 ], [ -85.321459, 30.2031009 ], [ -85.3745554, 30.2564201 ], [ -85.4344323, 30.2617975 ], [ -85.5475805, 30.3203753 ], [ -85.6674682, 30.3309226 ], [ -85.651041100000015, 30.4506866 ], [ -85.5410309, 30.5864204 ], [ -85.5544686, 30.7087211 ], [ -85.5377792, 30.8283273 ], [ -85.4639781, 30.9186576 ], [ -85.3431814, 30.907924 ], [ -85.2491684, 30.9236958 ], [ -85.2656301, 31.0220075 ], [ -85.2345931, 31.2369844 ], [ -85.2883623, 31.290171 ], [ -85.2780212, 31.3617903 ], [ -85.2103294, 31.4040867 ], [ -85.1964154, 31.4995341 ], [ -85.1589973, 31.544511 ], [ -85.0372287, 31.5334901 ], [ -84.999697, 31.5784132 ], [ -84.9854793, 31.6737868 ], [ -85.0968997, 31.756375 ], [ -85.0792358, 31.8755398 ], [ -85.1709863, 31.8837769 ], [ -85.1614737, 31.7380275 ], [ -85.2530628, 31.7462059 ], [ -85.3072151, 31.799304 ], [ -85.3170233, 31.9450158 ], [ -85.4088863, 31.9530719 ], [ -85.4020104, 32.0007338 ], [ -85.5246037, 32.0113725 ], [ -85.6199423, 31.9954356 ], [ -85.5757594, 32.0881377 ], [ -85.5143907, 32.0828606 ], [ -85.5280573, 32.2046189 ], [ -85.6202676, 32.2125098 ], [ -85.6270218, 32.1648645 ], [ -85.6951731, 32.1224289 ], [ -85.8794424, 32.1378928 ], [ -85.9748673, 32.1216844 ], [ -85.9958221, 32.1957152 ], [ -86.0816116, 32.2509186 ], [ -86.0686693, 32.3462284 ], [ -85.9146367, 32.3336062 ], [ -85.9080539, 32.3812446 ], [ -85.9972616, 32.4126637 ], [ -85.9841808, 32.5079216 ], [ -86.0459391, 32.5129563 ], [ -86.067078099999989, 32.5868938 ], [ -86.1598274, 32.5943701 ] ], [ [ -91.2063765, 32.1990337 ], [ -91.0503756, 32.216811899999989 ], [ -91.0568233, 32.1210727 ], [ -91.1216926, 32.0756751 ], [ -91.1802109, 32.1260078 ], [ -91.2063765, 32.1990337 ] ], [ [ -97.946278, 29.7516595 ], [ -97.9475075, 29.7999374 ], [ -97.8294821, 29.8742639 ], [ -97.7966727, 29.7540427 ], [ -97.946278, 29.7516595 ] ], [ [ -97.548380099999989, 30.7942323 ], [ -97.5498682, 30.8664111 ], [ -97.4587694, 30.8675564 ], [ -97.4877062, 30.795003 ], [ -97.548380099999989, 30.7942323 ] ], [ [ -95.0566569, 31.0892053 ], [ -94.9043658, 31.0879125 ], [ -94.9061231, 30.9676796 ], [ -94.9973506, 30.9684775 ], [ -94.9979935, 30.9203715 ], [ -95.119555, 30.9213269 ], [ -95.179811, 30.969865 ], [ -95.1782292, 31.1141424 ], [ -95.3001075, 31.1149142 ], [ -95.2992065, 31.2110647 ], [ -95.2076799, 31.2104969 ], [ -95.2081896, 31.1624254 ], [ -95.1167233, 31.1617883 ], [ -95.0566569, 31.0892053 ] ], [ [ -95.8785857, 31.4052656 ], [ -95.7866798, 31.4531764 ], [ -95.787023600000012, 31.3330685 ], [ -95.8787032, 31.3331956 ], [ -95.8785857, 31.4052656 ] ], [ [ -91.6259941, 30.8687018 ], [ -91.6231907, 30.9167669 ], [ -91.5017666, 30.91226420000001 ], [ -91.4151154, 30.8367119 ], [ -91.4512627, 30.741719 ], [ -91.5724086, 30.7462755 ], [ -91.6301925, 30.7965907 ], [ -91.6259941, 30.8687018 ] ], [ [ -91.7641304, 31.1144216 ], [ -91.758679199999989, 31.2104788 ], [ -91.6367697, 31.2061171 ], [ -91.6714234, 31.1351813 ], [ -91.7641304, 31.1144216 ] ] ], [ [ [ -90.7125845, 31.74632 ], [ -90.6205418, 31.7422719 ], [ -90.6135616, 31.8380913 ], [ -90.6750016, 31.8408005 ], [ -90.7125845, 31.74632 ] ] ], [ [ [ -94.6401781, 32.2134986 ], [ -94.6101626, 32.165224 ], [ -94.5792607, 32.1648687 ], [ -94.5783338, 32.2127955 ], [ -94.6401781, 32.2134986 ] ] ], [ [ [ -94.0501668, 32.3013832 ], [ -94.0514395, 32.2534732 ], [ -93.927699, 32.2514407 ], [ -93.9256681, 32.3233017 ], [ -93.9875981, 32.3243344 ], [ -93.9882553, 32.3003821 ], [ -94.0501668, 32.3013832 ] ] ], [ [ [ -94.0804962, 32.3258248 ], [ -94.1114631, 32.3263059 ], [ -94.1120799, 32.3023531 ], [ -94.0811231, 32.3018721 ], [ -94.0804962, 32.3258248 ] ] ], [ [ [ -93.3675244, 32.3365469 ], [ -93.429456699999989, 32.337861599999989 ], [ -93.4311354, 32.289964 ], [ -93.3692435, 32.28865 ], [ -93.3675244, 32.3365469 ] ] ], [ [ [ -84.4062015, 30.0436256 ], [ -84.2571465, 30.0288169 ], [ -84.1341955, 30.0407692 ], [ -84.1229341, 30.1125635 ], [ -84.3318207, 30.1334743 ], [ -84.3392012, 30.0856035 ], [ -84.4847404, 30.1242457 ], [ -84.6041644, 30.1358743 ], [ -84.6973342, 30.1205715 ], [ -84.7044835, 30.0726762 ], [ -84.8238596, 30.0840846 ], [ -84.9696397, 30.1221296 ], [ -85.0363226, 30.0798 ], [ -84.9870682, 30.0023365 ], [ -84.8379832, 29.9882596 ], [ -84.7521118, 29.9557636 ], [ -84.5995628, 29.9653434 ], [ -84.5923576, 30.013249 ], [ -84.4135266, 29.9957362 ], [ -84.4062015, 30.0436256 ] ] ], [ [ [ -81.8165776, 30.2708234 ], [ -81.8716978, 30.3018312 ], [ -81.917937, 30.380477 ], [ -81.9299315, 30.479353 ], [ -81.9731786, 30.4114268 ], [ -81.9268632, 30.3328102 ], [ -81.8210675, 30.2469865 ], [ -81.8165776, 30.2708234 ] ] ], [ [ [ -83.722826, 32.0115184 ], [ -83.7081948, 31.9132975 ], [ -83.7772035, 31.8719106 ], [ -83.785114299999989, 31.8243297 ], [ -83.876649, 31.8335433 ], [ -83.8579242, 31.7590904 ], [ -83.8853441, 31.5924527 ], [ -83.9733452, 31.4318202 ], [ -83.9126411, 31.4257269 ], [ -83.8372618, 31.3212269 ], [ -83.848979, 31.2497307 ], [ -83.7923531, 31.2197373 ], [ -83.6108334, 31.2010812 ], [ -83.493882900000017, 31.1646628 ], [ -83.4253714, 31.2059753 ], [ -83.4172965, 31.2536197 ], [ -83.2660348, 31.2376223 ], [ -83.1973303, 31.2787958 ], [ -83.1505666, 31.3707829 ], [ -83.2111617, 31.3772601 ], [ -83.1946901, 31.4724635 ], [ -83.1215803, 31.5373583 ], [ -83.0745598, 31.6292452 ], [ -83.0453014, 31.7956753 ], [ -83.1325443, 31.8292176 ], [ -83.1505552, 31.903765 ], [ -83.3336837, 31.9230737 ], [ -83.3824832, 32.000757 ], [ -83.470121600000013, 32.0340371 ], [ -83.6230604, 32.0497402 ], [ -83.722826, 32.0115184 ] ] ], [ [ [ -80.879086, 32.1990164 ], [ -80.7901735, 32.6246312 ], [ -80.8872269, 32.6124354 ], [ -81.0714862, 32.6350969 ], [ -81.1377883, 32.6189463 ], [ -81.2914076, 32.6375373 ], [ -81.357663, 32.6212684 ], [ -81.4074663, 32.5303207 ], [ -81.5916762, 32.5522086 ], [ -81.6411412, 32.4611491 ], [ -81.8575399, 32.3168947 ], [ -81.8713355, 32.2458129 ], [ -81.9416777, 32.2055134 ], [ -81.9859265, 32.1379341 ], [ -82.0131763, 31.9956537 ], [ -81.9521837, 31.9885881 ], [ -81.9749074, 31.8699809 ], [ -82.014404399999989, 31.8260559 ], [ -81.906378, 31.7406998 ], [ -81.8896602, 31.6659392 ], [ -81.8289508, 31.658805 ], [ -81.7820107, 31.5804323 ], [ -81.9001458, 30.9625959 ], [ -81.8836078, 30.8876595 ], [ -81.7934939, 30.8769175 ], [ -81.740705, 30.9922417 ], [ -81.7106291, 30.9886339 ], [ -81.692334300000013, 31.0837321 ], [ -81.6530405, 31.1276491 ], [ -81.62080610000001, 31.2939654 ], [ -81.5325687, 31.42916150000001 ], [ -81.4674152, 31.4455807 ], [ -81.4064062, 31.7539953 ], [ -81.3571252, 31.8451428 ], [ -81.2020486, 31.9961765 ], [ -81.0754016, 32.0048865 ], [ -81.0657255, 32.052247099999988 ], [ -80.9499238, 32.1592841 ], [ -80.879086, 32.1990164 ] ] ], [ [ [ -85.9612072, 32.6745591 ], [ -85.8683766, 32.6669348 ], [ -85.8827438, 32.788455 ], [ -85.9447331, 32.7935367 ], [ -85.9612072, 32.6745591 ] ] ], [ [ [ -78.7475377, 33.9077665 ], [ -78.736071, 33.9546888 ], [ -78.7926682, 33.986774499999989 ], [ -78.979767, 34.0124694 ], [ -79.0279015, 33.9463123 ], [ -79.0902456, 33.9547927 ], [ -79.2372726, 33.8777272 ], [ -79.222836, 33.803063 ], [ -79.1606085, 33.7946451 ], [ -79.1095979, 33.7392215 ], [ -79.157429, 33.6729698 ], [ -79.207471, 33.4614472 ], [ -79.2804571, 33.4228213 ], [ -79.3079975, 33.3052226 ], [ -79.1843961, 33.2884192 ], [ -79.1733127, 33.3354549 ], [ -79.058263700000012, 33.4168023 ], [ -79.007813200000015, 33.6282889 ], [ -78.9711523, 33.6475178 ], [ -78.942928, 33.7649384 ], [ -78.9740141, 33.7692055 ], [ -78.9457464, 33.8865908 ], [ -78.7901062, 33.8651492 ], [ -78.7786743, 33.9120804 ], [ -78.7475377, 33.9077665 ] ] ], [ [ [ -78.6714113, 33.8243931 ], [ -78.6345598, 33.8435139 ], [ -78.4791078, 33.8216849 ], [ -78.4985812, 33.8729763 ], [ -78.4869565, 33.9198798 ], [ -78.7164049, 33.9034448 ], [ -78.7475377, 33.9077665 ], [ -78.753265399999989, 33.8843029 ], [ -78.659908, 33.8713182 ], [ -78.6714113, 33.8243931 ] ] ], [ [ [ -77.9114767, 34.1532385 ], [ -77.8994194, 34.2000546 ], [ -77.8248948, 34.2377952 ], [ -77.8440096, 34.2891343 ], [ -77.9065087, 34.2981927 ], [ -77.9306313, 34.204575 ], [ -77.9114767, 34.1532385 ] ] ] ] } },
{ "type": "Feature", "properties": { "ID": 23 }, "geometry": { "type": "MultiPolygon", "coordinates": [ [ [ [ -89.5013322, 29.7571601 ], [ -89.3819094, 29.7504836 ], [ -89.3609685, 29.9912589 ], [ -89.3310223, 29.9895668 ], [ -89.3225711, 30.0858213 ], [ -89.5024947, 30.0958693 ], [ -89.5685937, 30.0269602 ], [ -89.5746961, 29.9547454 ], [ -89.7842878, 29.9659985 ], [ -89.7921431, 29.8696745 ], [ -89.8259536, 29.8230758 ], [ -90.0053209, 29.8323655 ], [ -90.0091049, 29.784179 ], [ -90.1286319, 29.7902172 ], [ -90.1529798, 29.8639899 ], [ -90.2744521, 29.8457867 ], [ -90.2816773, 29.7493933 ], [ -90.3414218, 29.7522893 ], [ -90.348554, 29.6558621 ], [ -90.297867700000012, 29.5323941 ], [ -90.7447955, 29.5533289 ], [ -90.8293277, 29.6296792 ], [ -90.9470814, 29.659006 ], [ -90.9438945, 29.7072402 ], [ -91.0334986, 29.7110682 ], [ -91.0901426, 29.7618116 ], [ -91.082383, 29.8823513 ], [ -91.1706728, 29.9101745 ], [ -91.1676168, 29.9583748 ], [ -91.2874988, 29.9632317 ], [ -91.3759569, 29.9908937 ], [ -91.3730276, 30.0390865 ], [ -91.4930493, 30.0437333 ], [ -91.6717376, 30.0745708 ], [ -91.678585200000015, 29.9540703 ], [ -91.6200234, 29.9277505 ], [ -91.470217, 29.9220824 ], [ -91.4132019, 29.8715492 ], [ -91.4233273, 29.7027446 ], [ -91.5129488, 29.7062067 ], [ -91.5685079, 29.7808373 ], [ -91.7180446, 29.7863832 ], [ -91.7153391, 29.8346165 ], [ -91.8337429, 29.863033 ], [ -92.3728123, 29.8808864 ], [ -92.371665299999989, 29.9050035 ], [ -92.6114048, 29.9121472 ], [ -92.6392494, 29.9612381 ], [ -92.7281864, 29.9878833 ], [ -93.208287, 30.0002269 ], [ -93.2356722, 30.073273 ], [ -93.5060547, 30.0792927 ], [ -93.5076349, 30.0310654 ], [ -93.747856900000016, 30.0358943 ], [ -93.7492831, 29.9876571 ], [ -93.8700037, 29.9657652 ], [ -93.8726972, 29.8692583 ], [ -94.0824621, 29.8728625 ], [ -94.1142187, 29.8009437 ], [ -94.1740991, 29.801888800000011 ], [ -94.2063062, 29.7057842 ], [ -94.3857312, 29.7083886 ], [ -94.386749099999989, 29.6600929 ], [ -94.6258495, 29.6631373 ], [ -94.653615699999989, 29.7842123 ], [ -94.7126754, 29.8331612 ], [ -94.802543300000011, 29.8341103 ], [ -94.8642511, 29.7139927 ], [ -95.013490300000015, 29.7394906 ], [ -95.133172, 29.7404348 ], [ -95.1345378, 29.6196814 ], [ -95.195046499999989, 29.5476317 ], [ -95.2547383, 29.5480268 ], [ -95.255909699999989, 29.4271947 ], [ -95.286605900000012, 29.3306794 ], [ -95.34613, 29.3310282 ], [ -95.347563799999989, 29.1617244 ], [ -95.3776507, 29.1134966 ], [ -95.5557233, 29.1143134 ], [ -95.674949, 28.9936937 ], [ -95.7048588, 28.9211411 ], [ -95.7936748, 28.9213332 ], [ -95.8235008, 28.8245111 ], [ -96.0304809, 28.8246417 ], [ -96.1191495, 28.8003615 ], [ -96.1190753, 28.7519096 ], [ -96.2372388, 28.7517275 ], [ -96.237091, 28.7032676 ], [ -96.5913548, 28.701997 ], [ -96.5908029, 28.6292926 ], [ -96.5023207, 28.6297118 ], [ -96.5020084, 28.5812317 ], [ -96.5904355, 28.5808127 ], [ -96.5898852, 28.5080773 ], [ -96.6189487, 28.4594221 ], [ -96.7366664, 28.4587285 ], [ -96.737124, 28.5072287 ], [ -96.8254657, 28.5066292 ], [ -96.8236746, 28.3368429 ], [ -96.8818938, 28.2878772 ], [ -96.9993506, 28.286914 ], [ -97.0871045, 28.2618455 ], [ -97.0857597, 28.1647554 ], [ -96.9978052, 28.1655558 ], [ -96.9971884, 28.1169977 ], [ -96.9092866, 28.1177302 ], [ -96.9098491, 28.1662886 ], [ -96.8218913, 28.1669539 ], [ -96.8224001, 28.2155041 ], [ -96.7937994, 28.2885206 ], [ -96.7947842, 28.3855708 ], [ -96.7065791, 28.3861471 ], [ -96.706141, 28.337626 ], [ -96.5298367, 28.338575 ], [ -96.4712138, 28.363093 ], [ -96.4126821, 28.4118368 ], [ -96.4131949, 28.508847 ], [ -96.4720921, 28.5086206 ], [ -96.4725324, 28.5813563 ], [ -96.3841042, 28.5816849 ], [ -96.384343199999989, 28.6301652 ], [ -96.2368697, 28.6305623 ], [ -96.1777693, 28.5821878 ], [ -96.0893395, 28.5822903 ], [ -96.0893951, 28.6307708 ], [ -96.0009103, 28.6550427 ], [ -95.8828935, 28.6549833 ], [ -95.8828206, 28.7034515 ], [ -95.7942531, 28.7033277 ], [ -95.7941249, 28.7517876 ], [ -95.7055026, 28.7515958 ], [ -95.705686, 28.7031359 ], [ -95.6171194, 28.7028763 ], [ -95.6168808, 28.751336 ], [ -95.5282596, 28.7510083 ], [ -95.4686826, 28.823426 ], [ -95.468351, 28.8718651 ], [ -95.3204217, 28.8710915 ], [ -95.2903932, 28.9193446 ], [ -95.2892835, 29.0403856 ], [ -95.1993319, 29.1366031 ], [ -95.139689, 29.1603732 ], [ -95.0494111, 29.2564354 ], [ -95.0485158, 29.3289808 ], [ -94.958581, 29.376572 ], [ -94.9569427, 29.497421 ], [ -94.985491599999989, 29.5943274 ], [ -94.8656827, 29.6173883 ], [ -94.864967299999989, 29.6656944 ], [ -94.8036775, 29.7616892 ], [ -94.7138947, 29.7607408 ], [ -94.7163263, 29.615848 ], [ -94.7473813, 29.5436985 ], [ -94.5981709, 29.5420071 ], [ -94.597287799999989, 29.5903234 ], [ -94.5077085, 29.5892168 ], [ -94.508648, 29.540901 ], [ -94.29977190000001, 29.5380539 ], [ -94.2987008, 29.5863684 ], [ -94.1792751, 29.5845733 ], [ -94.1781274, 29.6328792 ], [ -94.0885055, 29.6314524 ], [ -94.0275162, 29.6787601 ], [ -93.7883975, 29.6744965 ], [ -93.6681132, 29.696326 ], [ -93.6666413, 29.7446083 ], [ -93.33761, 29.7376103 ], [ -93.3367695, 29.7617469 ], [ -93.0974385, 29.7560773 ], [ -93.0693747, 29.7070622 ], [ -92.9498007, 29.7040155 ], [ -92.8611165, 29.6775129 ], [ -92.8630948, 29.6292317 ], [ -92.7436508, 29.6259742 ], [ -92.7457017, 29.5776867 ], [ -92.6263431, 29.5743091 ], [ -92.5943604, 29.6217311 ], [ -92.5047942, 29.619094 ], [ -92.4462065, 29.5931572 ], [ -92.361263, 29.4938269 ], [ -92.2420529, 29.4900566 ], [ -92.2396875, 29.53834860000001 ], [ -92.1776436, 29.5847003 ], [ -92.0272172, 29.6038736 ], [ -92.0570601, 29.6048819 ], [ -92.0856708, 29.6300186 ], [ -92.0794942, 29.7506698 ], [ -91.9312858, 29.721458 ], [ -91.632456499999989, 29.7107164 ], [ -91.6678013, 29.6153138 ], [ -91.549842, 29.5867072 ], [ -91.4944415, 29.5120197 ], [ -91.3752515, 29.5073666 ], [ -91.3781591, 29.4590891 ], [ -91.2888322, 29.4555212 ], [ -91.2322827, 29.4048221 ], [ -91.204036, 29.379459 ], [ -91.0553304, 29.3732514 ], [ -91.0522233, 29.4215346 ], [ -90.6654628, 29.4045003 ], [ -90.5447815, 29.4231346 ], [ -90.5115844, 29.4700008 ], [ -90.362764399999989, 29.4629136 ], [ -90.3663059, 29.4146568 ], [ -90.217606800000013, 29.4073835 ], [ -90.1768973, 29.5506407 ], [ -89.9088192, 29.5369843 ], [ -89.8809636, 29.5113151 ], [ -89.6725993, 29.5002182 ], [ -89.6586426, 29.6689563 ], [ -89.594954199999989, 29.7139039 ], [ -89.5054297, 29.7089786 ], [ -89.5013322, 29.7571601 ] ], [ [ -92.5047942, 29.619094 ], [ -92.5324639, 29.6682574 ], [ -92.4992794, 29.7397704 ], [ -92.4394781, 29.7379722 ], [ -92.4129741, 29.6646635 ], [ -92.5047942, 29.619094 ] ] ], [ [ [ -91.8806095, 29.5504434 ], [ -91.7911539, 29.5472604 ], [ -91.7871761, 29.6196672 ], [ -91.84425, 29.6700607 ], [ -91.9637199, 29.6742337 ], [ -91.9986355, 29.5787203 ], [ -91.9104297, 29.5514892 ], [ -91.9130025, 29.5032063 ], [ -91.8806095, 29.5504434 ] ] ], [ [ [ -85.0252183, 29.738618 ], [ -85.1143912, 29.7469517 ], [ -85.1372766, 29.7976865 ], [ -85.2596719, 29.7846799 ], [ -85.3887126, 29.7235552 ], [ -85.3656829, 29.6728572 ], [ -85.2171706, 29.6592445 ], [ -85.1315076, 29.6269901 ], [ -85.0790169, 29.5734521 ], [ -85.0687114, 29.6454433 ], [ -85.0252183, 29.738618 ] ] ], [ [ [ -89.7104714, 30.1313092 ], [ -89.7184371, 30.0350419 ], [ -89.6584959, 30.0318321 ], [ -89.654477899999989, 30.079968 ], [ -89.6244903, 30.0783509 ], [ -89.6204482, 30.1264784 ], [ -89.7104714, 30.1313092 ] ] ], [ [ [ -89.9844237, 30.0972533 ], [ -89.952506, 30.1197888 ], [ -89.944828199999989, 30.216045200000011 ], [ -90.0368704, 30.1965653 ], [ -90.3373505, 30.2113401 ], [ -90.3127127, 30.137689 ], [ -90.2563089, 30.0866352 ], [ -89.9863294, 30.0731821 ], [ -89.9844237, 30.0972533 ] ] ], [ [ [ -88.069357599999989, 30.2501442 ], [ -88.0993759, 30.2521548 ], [ -88.0943575, 30.300197 ], [ -88.1243963, 30.3022009 ], [ -88.1218942, 30.3262197 ], [ -88.302217, 30.3380858 ], [ -88.3071063, 30.2900407 ], [ -88.1569279, 30.2801761 ], [ -88.1343891, 30.206107 ], [ -88.069357599999989, 30.2501442 ] ] ], [ [ [ -87.8240803, 30.2818189 ], [ -87.9818567, 30.2200448 ], [ -87.681905, 30.1992967 ], [ -87.7066323, 30.249439 ], [ -87.7013652, 30.2974646 ], [ -87.8240803, 30.2818189 ] ] ], [ [ [ -85.700167, 30.09125 ], [ -85.676819, 30.0406743 ], [ -85.5872421, 30.032775 ], [ -85.5806527, 30.0807278 ], [ -85.700167, 30.09125 ] ] ], [ [ [ -88.5150433, 30.3275577 ], [ -88.5356162, 30.4255447 ], [ -88.6306104, 30.3831518 ], [ -88.7486548, 30.4146007 ], [ -88.8690668, 30.4219044 ], [ -88.9270309, 30.4495359 ], [ -88.9638689, 30.3792447 ], [ -88.8157151, 30.3461855 ], [ -88.6352943, 30.3351004 ], [ -88.6399722, 30.2870414 ], [ -88.519797, 30.2795023 ], [ -88.5150433, 30.3275577 ] ] ], [ [ [ -87.586616, 30.2409529 ], [ -87.4639186, 30.2563547 ], [ -87.4584972, 30.3043683 ], [ -87.2183753, 30.2867746 ], [ -87.2127962, 30.3347721 ], [ -87.3629537, 30.3458306 ], [ -87.5458865, 30.3348458 ], [ -87.586616, 30.2409529 ] ] ], [ [ [ -86.9339882, 30.3863544 ], [ -86.9611553, 30.4126373 ], [ -87.0513149, 30.4194846 ], [ -87.0756957, 30.4697222 ], [ -87.0785346, 30.445738 ], [ -87.1114303, 30.4240114 ], [ -87.1715529, 30.4285077 ], [ -87.177165, 30.3805264 ], [ -87.2127962, 30.3347721 ], [ -87.0326657, 30.3212506 ], [ -86.9097283, 30.3360745 ], [ -86.9339882, 30.3863544 ] ] ], [ [ [ -82.6278396, 27.7499853 ], [ -82.7392968, 27.7876753 ], [ -82.7889838, 27.8425865 ], [ -82.8057484, 27.9181643 ], [ -82.7773034, 28.0865642 ], [ -82.8312646, 28.1173518 ], [ -82.87242040000001, 28.0485525 ], [ -82.8184903, 28.0177767 ], [ -82.8596053, 27.9489572 ], [ -82.8797745, 27.8286081 ], [ -82.8219482, 27.8218863 ], [ -82.8051885, 27.7462844 ], [ -82.7514909, 27.7154429 ], [ -82.7717651, 27.5950101 ], [ -82.6442215, 27.6536736 ], [ -82.6278396, 27.7499853 ] ] ], [ [ [ -80.7870691, 28.7217279 ], [ -80.7192971, 28.7618001 ], [ -80.7050588, 28.8335295 ], [ -80.7634405, 28.8412966 ], [ -80.7784499, 28.9168867 ], [ -80.8369017, 28.9246144 ], [ -80.8463268, 28.8768013 ], [ -80.8312591, 28.8012095 ], [ -80.7776264, 28.7695619 ], [ -80.7870691, 28.7217279 ] ] ], [ [ [ -84.8207439, 29.6949267 ], [ -84.7578174, 29.7132093 ], [ -84.7210167, 29.7583019 ], [ -84.7542774, 29.7371877 ], [ -84.8172245, 29.7189085 ], [ -84.8207439, 29.6949267 ] ] ], [ [ [ -84.6877375, 29.7794051 ], [ -84.7210167, 29.7583019 ], [ -84.6318744, 29.7496699 ], [ -84.6247098, 29.7976113 ], [ -84.684172500000017, 29.8033762 ], [ -84.6877375, 29.7794051 ] ] ], [ [ [ -84.6247098, 29.7976113 ], [ -84.5355326, 29.7889074 ], [ -84.5283039, 29.8368367 ], [ -84.617536199999989, 29.8455447 ], [ -84.6247098, 29.7976113 ] ] ], [ [ [ -81.2928619, 29.9867396 ], [ -81.2789334, 30.0582432 ], [ -81.3336795, 30.089522 ], [ -81.3494995, 30.1647221 ], [ -81.33095, 30.2600104 ], [ -81.3904896, 30.2674259 ], [ -81.3580435, 30.4341158 ], [ -81.3739599, 30.5092299 ], [ -81.4337, 30.5166179 ], [ -81.4151702, 30.6118127 ], [ -81.62461, 30.6374576 ], [ -81.668222200000017, 30.5696767 ], [ -81.7579511, 30.5805235 ], [ -81.750690100000014, 30.4578438 ], [ -81.6656571, 30.4231697 ], [ -81.619654, 30.3444365 ], [ -81.5004208, 30.3298092 ], [ -81.4454326, 30.2986319 ], [ -81.4684444, 30.179509 ], [ -81.4089662, 30.1721306 ], [ -81.3633812, 30.0932348 ], [ -81.3818495, 29.9978902 ], [ -81.2928619, 29.9867396 ] ] ], [ [ [ -76.5418697, 34.6526178 ], [ -76.592704, 34.5875139 ], [ -76.49884, 34.5729531 ], [ -76.454477700000012, 34.6147107 ], [ -76.4151249, 34.7545524 ], [ -76.4843961, 34.7409987 ], [ -76.5418697, 34.6526178 ] ] ], [ [ [ -76.3705986, 34.7962632 ], [ -76.4019726, 34.8011535 ], [ -76.4151249, 34.7545524 ], [ -76.3705986, 34.7962632 ] ] ], [ [ [ -76.3260194, 34.8379544 ], [ -76.357409, 34.8428553 ], [ -76.3705986, 34.7962632 ], [ -76.3260194, 34.8379544 ] ] ], [ [ [ -76.2813875, 34.879626099999989 ], [ -76.1738748, 34.9114113 ], [ -76.1157266, 34.9995732 ], [ -76.0528458, 34.9896485 ], [ -75.994480600000017, 35.0777398 ], [ -76.0889146, 35.0926552 ], [ -76.1023295, 35.0461173 ], [ -76.1719488, 35.0327424 ], [ -76.1852971, 34.9861896 ], [ -76.2481935, 34.9960494 ], [ -76.2813875, 34.879626099999989 ] ] ] ] } },
{ "type": "Feature", "properties": { "ID": 24 }, "geometry": { "type": "MultiPolygon", "coordinates": [ [ [ [ -82.1338349, 30.6981963 ], [ -82.1805911, 30.7766415 ], [ -82.1328959, 30.8683692 ], [ -82.0661772, 31.2252006 ], [ -82.0963653, 31.2287166 ], [ -82.0381473, 31.5376406 ], [ -82.1246271, 31.5719301 ], [ -82.2763145, 31.5893425 ], [ -82.293987199999989, 31.4943018 ], [ -82.384919599999989, 31.5046472 ], [ -82.5019607, 31.3722769 ], [ -82.510633, 31.3247132 ], [ -82.6273486, 31.3620677 ], [ -82.7787232, 31.3788606 ], [ -82.7957051, 31.2836882 ], [ -82.7479875, 31.2056068 ], [ -82.8168716, 31.164681 ], [ -82.8253194, 31.1170651 ], [ -82.8982753, 31.0522679 ], [ -82.9150312, 30.9569845 ], [ -82.859003, 30.9265263 ], [ -82.9442519, 30.7901656 ], [ -82.9608913, 30.6947986 ], [ -83.1655702, 30.5713295 ], [ -83.2854877, 30.5842707 ], [ -83.2935742, 30.5365368 ], [ -83.3834834, 30.5461585 ], [ -83.3695793, 30.4474617 ], [ -83.429452, 30.4538472 ], [ -83.4753085, 30.3614912 ], [ -83.7146225, 30.3866456 ], [ -83.7523241, 30.3419619 ], [ -83.7871961, 30.1267925 ], [ -83.7093957, 30.0457117 ], [ -83.7249123, 29.9500146 ], [ -83.6098293, 29.9135648 ], [ -83.5918384, 29.8386272 ], [ -83.5324348, 29.832311 ], [ -83.5145389, 29.7573416 ], [ -83.455205, 29.7509847 ], [ -83.4670397, 29.6791709 ], [ -83.4156841, 29.6249054 ], [ -83.4275363, 29.5530655 ], [ -83.3290943, 29.420466 ], [ -83.2405104, 29.4107683 ], [ -83.2229972, 29.3356494 ], [ -83.1640128, 29.3291362 ], [ -83.1760542, 29.2572507 ], [ -83.08767730000001, 29.2474316 ], [ -83.0784219, 29.1243077 ], [ -82.860328600000017, 29.1730008 ], [ -82.8473429, 29.0737974 ], [ -82.7927095, 29.0431205 ], [ -82.8050513, 28.9712037 ], [ -82.7335754, 28.865184 ], [ -82.7541765, 28.7452487 ], [ -82.6956805, 28.7384852 ], [ -82.7163064, 28.6185037 ], [ -82.6579089, 28.611718 ], [ -82.7077129, 28.4950827 ], [ -82.7364558, 28.3269464 ], [ -82.7859618, 28.2101594 ], [ -82.8481286, 28.1928484 ], [ -82.8190813, 28.1894875 ], [ -82.8312646, 28.1173518 ], [ -82.7773034, 28.0865642 ], [ -82.8057484, 27.9181643 ], [ -82.7889838, 27.8425865 ], [ -82.7392968, 27.7876753 ], [ -82.6278396, 27.7499853 ], [ -82.5825085, 27.8428356 ], [ -82.5082192, 27.7603218 ], [ -82.6194789, 27.6261715 ], [ -82.6399307, 27.5057227 ], [ -82.7056401, 27.4643464 ], [ -82.6562475, 27.4093223 ], [ -82.6684591, 27.3369977 ], [ -82.5822867, 27.3267246 ], [ -82.5945528, 27.2543857 ], [ -82.537168, 27.2475046 ], [ -82.5494629, 27.1751492 ], [ -82.492139, 27.1682431 ], [ -82.4430771, 27.1130648 ], [ -82.4636636, 26.9924166 ], [ -82.4188509, 26.9130492 ], [ -82.361726, 26.9060697 ], [ -82.3455934, 26.8301414 ], [ -82.2885339, 26.8231224 ], [ -82.3051345, 26.7265247 ], [ -82.2564709, 26.671172 ], [ -82.2647798, 26.6228521 ], [ -82.1509789, 26.6086915 ], [ -82.1024926, 26.5532466 ], [ -81.9646441, 26.5111558 ], [ -81.142057799999989, 26.4035893 ], [ -81.052586600000012, 26.4162483 ], [ -81.043573400000014, 26.4645127 ], [ -80.8973372, 26.4693521 ], [ -80.7273564, 26.4459652 ], [ -80.656848, 26.5104513 ], [ -80.5151771, 26.4906776 ], [ -80.5058341, 26.5388838 ], [ -80.387773, 26.5470237 ], [ -80.3783473, 26.5952086 ], [ -80.264941, 26.5791262 ], [ -80.2554381, 26.6272947 ], [ -80.1420113, 26.6110894 ], [ -80.0992623, 26.6792418 ], [ -80.0044932, 26.7151129 ], [ -79.9851313, 26.811345 ], [ -80.0559081, 26.8957762 ], [ -80.0365643, 26.9919508 ], [ -80.093531, 27.0001096 ], [ -80.0790425, 27.0722204 ], [ -80.1360708, 27.0803552 ], [ -80.1119486, 27.2005007 ], [ -80.1690719, 27.2086148 ], [ -80.1546139, 27.2806786 ], [ -80.2117991, 27.2887687 ], [ -80.1925481, 27.3848276 ], [ -80.2783257, 27.544972 ], [ -80.2926236, 27.6209756 ], [ -80.3500684, 27.6289855 ], [ -80.3356982, 27.70096 ], [ -80.37886, 27.7809045 ], [ -80.4316591, 27.8128494 ], [ -80.4173299, 27.8847857 ], [ -80.4749793, 27.8927247 ], [ -80.4606752, 27.9646456 ], [ -80.5041084, 28.0444658 ], [ -80.5571352, 28.076322 ], [ -80.5381128, 28.1721621 ], [ -80.595985399999989, 28.1800318 ], [ -80.5722281, 28.2997897 ], [ -80.6254554, 28.3315851 ], [ -80.5774249, 28.423424 ], [ -80.5145907, 28.4394846 ], [ -80.5583429, 28.5191489 ], [ -80.5392141, 28.6148383 ], [ -80.5974153, 28.622695 ], [ -80.6122211, 28.6983641 ], [ -80.7870691, 28.7217279 ], [ -80.7776264, 28.7695619 ], [ -80.8312591, 28.8012095 ], [ -80.8463268, 28.8768013 ], [ -80.8321848, 28.9485178 ], [ -80.8906658, 28.9562176 ], [ -80.8671256, 29.0757105 ], [ -80.916305, 29.1311749 ], [ -80.9749326, 29.1388275 ], [ -80.960862, 29.2104951 ], [ -81.0055107, 29.2897768 ], [ -81.0595985, 29.3212624 ], [ -81.0796608, 29.3728133 ], [ -81.1384885, 29.3803773 ], [ -81.1834189, 29.4595454 ], [ -81.160179700000015, 29.5788934 ], [ -81.3030736, 29.6215004 ], [ -81.3483153, 29.7005414 ], [ -81.3594644, 29.799691 ], [ -81.414058, 29.8309588 ], [ -81.5324953, 29.845697 ], [ -81.6258796, 29.8328105 ], [ -81.6168238, 29.8805315 ], [ -81.6760946, 29.8878123 ], [ -81.6806058, 29.8639511 ], [ -81.8287869, 29.8820177 ], [ -81.9132902, 29.9166355 ], [ -81.959338500000015, 29.9953629 ], [ -82.0858816, 30.1323792 ], [ -82.1410111, 30.1632753 ], [ -82.1102619, 30.330221 ], [ -82.1269027, 30.4052567 ], [ -82.1822477, 30.4361067 ], [ -82.1690775, 30.5076091 ], [ -82.2077478, 30.4634392 ], [ -82.3316658, 30.4535087 ], [ -82.34034, 30.4058223 ], [ -82.45985, 30.4196013 ], [ -82.468439500000017, 30.3719005 ], [ -82.5367157, 30.3310294 ], [ -82.6262822, 30.3412292 ], [ -82.6092984, 30.4366551 ], [ -82.6222065, 30.535441 ], [ -82.4981925, 30.5456716 ], [ -82.489602, 30.5933484 ], [ -82.369811400000017, 30.5796067 ], [ -82.3611359, 30.6272691 ], [ -82.2413151, 30.6133997 ], [ -82.1338349, 30.6981963 ] ], [ [ -82.628013, 27.9218635 ], [ -82.6197893, 27.9699756 ], [ -82.532931499999989, 27.9596891 ], [ -82.5494727, 27.8634648 ], [ -82.5825085, 27.8428356 ], [ -82.6403297, 27.8496785 ], [ -82.628013, 27.9218635 ] ], [ [ -82.2082961, 31.2902589 ], [ -82.3165432, 31.2055492 ], [ -82.3253142, 31.157975 ], [ -82.47187, 31.1989499 ], [ -82.4544942, 31.2941003 ], [ -82.3852922, 31.3348023 ], [ -82.2082961, 31.2902589 ] ] ] ] } },
{ "type": "Feature", "properties": { "ID": 25 }, "geometry": { "type": "MultiPolygon", "coordinates": [ [ [ [ -82.628013, 27.9218635 ], [ -82.6403297, 27.8496785 ], [ -82.5825085, 27.8428356 ], [ -82.5701399, 27.9150162 ], [ -82.628013, 27.9218635 ] ] ], [ [ [ -88.0590495, 30.6362813 ], [ -88.212409, 30.622262 ], [ -88.2173737, 30.5742639 ], [ -88.4284644, 30.5879003 ], [ -88.456221, 30.6138215 ], [ -88.5769224, 30.6214168 ], [ -88.5721836, 30.6694225 ], [ -88.6929855, 30.6768989 ], [ -88.6976479, 30.6288896 ], [ -88.8206879, 30.6122307 ], [ -89.0923725, 30.628317 ], [ -89.1571294, 30.583774 ], [ -89.1614908, 30.5357331 ], [ -89.2821344, 30.5426155 ], [ -89.3208141, 30.4482045 ], [ -89.4112007, 30.4532581 ], [ -89.4153932, 30.4051883 ], [ -89.5358511, 30.4118161 ], [ -89.5399621, 30.3637356 ], [ -89.692474600000011, 30.3477994 ], [ -89.6964828, 30.2997037 ], [ -89.7886901, 30.280422 ], [ -89.9691341, 30.2897539 ], [ -89.9652995, 30.3378602 ], [ -90.1157981, 30.3454303 ], [ -90.2042686, 30.3739338 ], [ -90.2417115, 30.2791768 ], [ -90.4222054, 30.2878188 ], [ -90.4186587, 30.3359395 ], [ -90.5691964, 30.3429344 ], [ -90.5726479, 30.2948103 ], [ -90.7532151, 30.3029479 ], [ -90.8183533, 30.233391299999987 ], [ -90.8232845, 30.1611665 ], [ -90.883372200000011, 30.1637835 ], [ -90.9466703, 30.1182081 ], [ -90.9514723, 30.0459511 ], [ -91.1299444, 30.0776074 ], [ -91.1522785, 30.1992621 ], [ -91.116015, 30.2943267 ], [ -91.2650246, 30.3245093 ], [ -91.2876486, 30.4460421 ], [ -91.4083106, 30.4507692 ], [ -91.47009, 30.4290221 ], [ -91.58652, 30.5057559 ], [ -91.6125173, 30.579049 ], [ -91.6729625, 30.5812619 ], [ -91.6990699, 30.6545187 ], [ -91.8819203, 30.6368784 ], [ -91.8897943, 30.4925179 ], [ -91.8661902, 30.3711201 ], [ -91.9905935, 30.3030255 ], [ -91.993140900000014, 30.2548593 ], [ -92.173742499999989, 30.2608332 ], [ -92.202639, 30.2858878 ], [ -92.196595, 30.4062882 ], [ -92.256918, 30.4082058 ], [ -92.249755, 30.5526279 ], [ -92.3415849, 30.5313845 ], [ -92.3752652, 30.4600989 ], [ -92.556385, 30.4654863 ], [ -92.6760865, 30.4929989 ], [ -92.738569, 30.4465211 ], [ -92.8894933, 30.4505686 ], [ -92.887510400000011, 30.4987219 ], [ -93.038546599999989, 30.5025796 ], [ -93.0724885, 30.4070097 ], [ -93.736382, 30.4215213 ], [ -93.7995509, 30.3262934 ], [ -94.131172, 30.3319829 ], [ -94.1630747, 30.2601579 ], [ -94.2835625, 30.2619649 ], [ -94.2846527, 30.2137573 ], [ -94.46528, 30.2162369 ], [ -94.5273625, 30.1205612 ], [ -94.6175675, 30.1216507 ], [ -94.6197567, 30.0010559 ], [ -94.7398436, 30.0023998 ], [ -94.7390448, 30.050644 ], [ -94.8291698, 30.0515722 ], [ -94.8606562, 29.9553691 ], [ -95.0406853, 29.9569716 ], [ -95.0692178, 30.0778309 ], [ -95.2194861, 30.0789194 ], [ -95.280051, 30.0310587 ], [ -95.2811898, 29.9104191 ], [ -95.3411657, 29.9107698 ], [ -95.3717501, 29.8385267 ], [ -95.46163, 29.8389723 ], [ -95.4619701, 29.7906912 ], [ -95.5517943, 29.7910679 ], [ -95.552783, 29.6220229 ], [ -95.6125341, 29.6222356 ], [ -95.672492, 29.5741016 ], [ -95.6733151, 29.3807588 ], [ -95.7034697, 29.2841197 ], [ -95.8819382, 29.284437 ], [ -95.9117661, 29.2119033 ], [ -95.971218, 29.1635499 ], [ -96.1197095, 29.1634919 ], [ -96.1195971, 29.090902 ], [ -96.208608, 29.0907763 ], [ -96.2084775, 29.0423731 ], [ -96.327084, 29.0420997 ], [ -96.3268795, 28.9936886 ], [ -96.4454108, 28.9932941 ], [ -96.4456895, 29.0417051 ], [ -96.5053078, 29.0898651 ], [ -96.5943161, 29.0894441 ], [ -96.5933875, 28.9684225 ], [ -96.6522254, 28.9196817 ], [ -96.6518183, 28.8712511 ], [ -96.7405748, 28.8707175 ], [ -96.8280378, 28.7490049 ], [ -97.1529528, 28.7462203 ], [ -97.181385, 28.6732329 ], [ -97.179915799999989, 28.5762854 ], [ -97.2369367, 28.4544367 ], [ -97.3252134, 28.4534535 ], [ -97.3243911, 28.4049473 ], [ -97.2056394, 28.3334668 ], [ -97.175166, 28.2609768 ], [ -97.0871045, 28.2618455 ], [ -96.9993506, 28.286914 ], [ -96.8818938, 28.2878772 ], [ -96.8236746, 28.3368429 ], [ -96.8254657, 28.5066292 ], [ -96.737124, 28.5072287 ], [ -96.7366664, 28.4587285 ], [ -96.6189487, 28.4594221 ], [ -96.5898852, 28.5080773 ], [ -96.5911707, 28.6777642 ], [ -96.6206829, 28.6776093 ], [ -96.6208762, 28.701842 ], [ -96.237091, 28.7032676 ], [ -96.2372388, 28.7517275 ], [ -96.1190753, 28.7519096 ], [ -96.1191495, 28.8003615 ], [ -96.0304809, 28.8246417 ], [ -95.8235008, 28.8245111 ], [ -95.7936748, 28.9213332 ], [ -95.7048588, 28.9211411 ], [ -95.674949, 28.9936937 ], [ -95.5557233, 29.1143134 ], [ -95.3776507, 29.1134966 ], [ -95.347563799999989, 29.1617244 ], [ -95.34613, 29.3310282 ], [ -95.286605900000012, 29.3306794 ], [ -95.255909699999989, 29.4271947 ], [ -95.2547383, 29.5480268 ], [ -95.195046499999989, 29.5476317 ], [ -95.1345378, 29.6196814 ], [ -95.133172, 29.7404348 ], [ -95.013490300000015, 29.7394906 ], [ -94.8642511, 29.7139927 ], [ -94.802543300000011, 29.8341103 ], [ -94.7126754, 29.8331612 ], [ -94.653615699999989, 29.7842123 ], [ -94.6258495, 29.6631373 ], [ -94.386749099999989, 29.6600929 ], [ -94.3857312, 29.7083886 ], [ -94.2063062, 29.7057842 ], [ -94.1740991, 29.801888800000011 ], [ -94.1142187, 29.8009437 ], [ -94.0824621, 29.8728625 ], [ -93.8726972, 29.8692583 ], [ -93.8700037, 29.9657652 ], [ -93.7492831, 29.9876571 ], [ -93.747856900000016, 30.0358943 ], [ -93.5076349, 30.0310654 ], [ -93.5060547, 30.0792927 ], [ -93.2356722, 30.073273 ], [ -93.208287, 30.0002269 ], [ -92.7281864, 29.9878833 ], [ -92.6392494, 29.9612381 ], [ -92.6114048, 29.9121472 ], [ -92.371665299999989, 29.9050035 ], [ -92.3728123, 29.8808864 ], [ -91.8337429, 29.863033 ], [ -91.7153391, 29.8346165 ], [ -91.7180446, 29.7863832 ], [ -91.5685079, 29.7808373 ], [ -91.5129488, 29.7062067 ], [ -91.4233273, 29.7027446 ], [ -91.4132019, 29.8715492 ], [ -91.470217, 29.9220824 ], [ -91.6200234, 29.9277505 ], [ -91.678585200000015, 29.9540703 ], [ -91.6717376, 30.0745708 ], [ -91.4930493, 30.0437333 ], [ -91.3730276, 30.0390865 ], [ -91.3759569, 29.9908937 ], [ -91.2874988, 29.9632317 ], [ -91.1676168, 29.9583748 ], [ -91.1706728, 29.9101745 ], [ -91.082383, 29.8823513 ], [ -91.0901426, 29.7618116 ], [ -91.0334986, 29.7110682 ], [ -90.9438945, 29.7072402 ], [ -90.9470814, 29.659006 ], [ -90.8293277, 29.6296792 ], [ -90.7447955, 29.5533289 ], [ -90.297867700000012, 29.5323941 ], [ -90.348554, 29.6558621 ], [ -90.3414218, 29.7522893 ], [ -90.2816773, 29.7493933 ], [ -90.2744521, 29.8457867 ], [ -90.1529798, 29.8639899 ], [ -90.1286319, 29.7902172 ], [ -90.0091049, 29.784179 ], [ -90.0053209, 29.8323655 ], [ -89.8259536, 29.8230758 ], [ -89.7921431, 29.8696745 ], [ -89.7842878, 29.9659985 ], [ -89.7204254, 30.010970300000011 ], [ -89.7104714, 30.1313092 ], [ -89.5304365, 30.1215789 ], [ -89.526332599999989, 30.1696965 ], [ -89.4062596, 30.163054 ], [ -89.4279387, 30.2609336 ], [ -89.3377802, 30.2558897 ], [ -89.3335467, 30.3039797 ], [ -89.1531524, 30.2936809 ], [ -89.1788809, 30.3434948 ], [ -89.0284883, 30.3347366 ], [ -88.9638689, 30.3792447 ], [ -88.9270309, 30.4495359 ], [ -88.8690668, 30.4219044 ], [ -88.7486548, 30.4146007 ], [ -88.6306104, 30.3831518 ], [ -88.5356162, 30.4255447 ], [ -88.5150433, 30.3275577 ], [ -88.4224634, 30.345844 ], [ -88.3623371, 30.3419802 ], [ -88.3599091, 30.3660008 ], [ -88.3298388, 30.364057 ], [ -88.3322763, 30.3400368 ], [ -88.0918459, 30.3242153 ], [ -88.0742199, 30.4922902 ], [ -88.0441069, 30.4902748 ], [ -88.0288793, 30.634263 ], [ -88.0590495, 30.6362813 ] ], [ [ -89.9844237, 30.0972533 ], [ -89.9863294, 30.0731821 ], [ -90.2563089, 30.0866352 ], [ -90.3127127, 30.137689 ], [ -90.3373505, 30.2113401 ], [ -90.0368704, 30.1965653 ], [ -89.944828199999989, 30.216045200000011 ], [ -89.952506, 30.1197888 ], [ -89.9844237, 30.0972533 ] ] ], [ [ [ -86.1917866, 30.4966999 ], [ -86.3721794, 30.5114895 ], [ -86.3691138, 30.5354512 ], [ -86.6098217, 30.5547485 ], [ -86.7390722, 30.4923024 ], [ -86.7933657, 30.5449314 ], [ -86.7845605, 30.6168353 ], [ -86.9653523, 30.63072 ], [ -87.0830729, 30.6637936 ], [ -87.0887588, 30.6158522 ], [ -87.1791727, 30.6225982 ], [ -87.1735439, 30.6705429 ], [ -87.2941968, 30.6794349 ], [ -87.2997496, 30.6314859 ], [ -87.392946099999989, 30.6140926 ], [ -87.622696, 30.4612574 ], [ -87.743066, 30.4697008 ], [ -87.805869199999989, 30.449876 ], [ -87.8229497, 30.5719388 ], [ -87.8832306, 30.5760729 ], [ -87.8702744, 30.6960181 ], [ -87.9255013, 30.7480936 ], [ -87.9859289, 30.7521735 ], [ -87.9961577, 30.656228 ], [ -87.9659813, 30.6541939 ], [ -87.9685439, 30.6302033 ], [ -87.908215, 30.6261131 ], [ -87.9185255, 30.5301364 ], [ -87.9563382, 30.4601797 ], [ -87.9313767, 30.4101234 ], [ -87.8188854, 30.3298447 ], [ -87.8240803, 30.2818189 ], [ -87.7013652, 30.2974646 ], [ -87.7066323, 30.249439 ], [ -87.586616, 30.2409529 ], [ -87.5458865, 30.3348458 ], [ -87.3629537, 30.3458306 ], [ -87.2428242, 30.3369991 ], [ -87.177165, 30.3805264 ], [ -87.1687441, 30.4524954 ], [ -87.0785346, 30.445738 ], [ -87.0756957, 30.4697222 ], [ -86.985474, 30.4628945 ], [ -86.9611553, 30.4126373 ], [ -86.9339882, 30.3863544 ], [ -86.6336885, 30.3629643 ], [ -86.6307117, 30.386944 ], [ -86.36051830000001, 30.3652369 ], [ -86.2135867, 30.3289395 ], [ -86.1867098, 30.3024793 ], [ -86.0667963, 30.2924561 ], [ -86.073097, 30.2445095 ], [ -85.983238899999989, 30.236916 ], [ -85.7801203, 30.1709897 ], [ -85.7599365, 30.0964656 ], [ -85.700167, 30.09125 ], [ -85.5806527, 30.0807278 ], [ -85.5872421, 30.032775 ], [ -85.5308447, 30.0034929 ], [ -85.507636, 29.9528693 ], [ -85.3619127, 29.9154682 ], [ -85.3489236, 29.7928344 ], [ -85.2596719, 29.7846799 ], [ -85.1372766, 29.7976865 ], [ -85.1143912, 29.7469517 ], [ -85.0252183, 29.738618 ], [ -84.9692541, 29.7090393 ], [ -84.9098435, 29.7034169 ], [ -84.8207439, 29.6949267 ], [ -84.8172245, 29.7189085 ], [ -84.7542774, 29.7371877 ], [ -84.7471908, 29.7851385 ], [ -84.6877375, 29.7794051 ], [ -84.684172500000017, 29.8033762 ], [ -84.617536199999989, 29.8455447 ], [ -84.5508264, 29.8876697 ], [ -84.3425526, 29.8671301 ], [ -84.3167615, 30.034763 ], [ -84.4062015, 30.0436256 ], [ -84.4135266, 29.9957362 ], [ -84.5923576, 30.013249 ], [ -84.5995628, 29.9653434 ], [ -84.7521118, 29.9557636 ], [ -84.8379832, 29.9882596 ], [ -84.9870682, 30.0023365 ], [ -85.0363226, 30.0798 ], [ -85.1258964, 30.0881159 ], [ -85.1327729, 30.0401902 ], [ -85.282013, 30.0538921 ], [ -85.454499400000017, 30.1180244 ], [ -85.4478188, 30.1659565 ], [ -85.5973616, 30.1792545 ], [ -85.8302915, 30.2480775 ], [ -85.823837, 30.2960105 ], [ -85.970517199999989, 30.3327942 ], [ -85.990971, 30.4072257 ], [ -86.081032100000016, 30.4148092 ], [ -86.0747223, 30.4627302 ], [ -86.1648577, 30.4702489 ], [ -86.1917866, 30.4966999 ] ] ], [ [ [ -91.6259941, 30.8687018 ], [ -91.6301925, 30.7965907 ], [ -91.5724086, 30.7462755 ], [ -91.4512627, 30.741719 ], [ -91.4151154, 30.8367119 ], [ -91.5017666, 30.91226420000001 ], [ -91.6231907, 30.9167669 ], [ -91.6259941, 30.8687018 ] ] ], [ [ [ -91.7641304, 31.1144216 ], [ -91.6714234, 31.1351813 ], [ -91.6367697, 31.2061171 ], [ -91.758679199999989, 31.2104788 ], [ -91.7641304, 31.1144216 ] ] ], [ [ [ -81.131646, 31.5745684 ], [ -81.1076629, 31.6931153 ], [ -81.0228542, 31.8040819 ], [ -80.9572585, 31.820208 ], [ -80.9036013, 32.0806883 ], [ -80.8583953, 32.1478822 ], [ -80.879086, 32.1990164 ], [ -80.9499238, 32.1592841 ], [ -81.0657255, 32.052247099999988 ], [ -81.0754016, 32.0048865 ], [ -81.2020486, 31.9961765 ], [ -81.3571252, 31.8451428 ], [ -81.4064062, 31.7539953 ], [ -81.4674152, 31.4455807 ], [ -81.5325687, 31.42916150000001 ], [ -81.62080610000001, 31.2939654 ], [ -81.6530405, 31.1276491 ], [ -81.692334300000013, 31.0837321 ], [ -81.7060598, 31.0124113 ], [ -81.6158215, 31.0015398 ], [ -81.5279202, 31.1368519 ], [ -81.4537014, 31.2007931 ], [ -81.2557586, 31.4197215 ], [ -81.1619304, 31.5783147 ], [ -81.131646, 31.5745684 ] ] ], [ [ [ -81.0796608, 29.3728133 ], [ -81.0857436, 29.4959654 ], [ -81.160179700000015, 29.5788934 ], [ -81.1834189, 29.4595454 ], [ -81.1384885, 29.3803773 ], [ -81.0796608, 29.3728133 ] ] ], [ [ [ -81.2928619, 29.9867396 ], [ -81.3818495, 29.9978902 ], [ -81.3633812, 30.0932348 ], [ -81.4089662, 30.1721306 ], [ -81.4684444, 30.179509 ], [ -81.4454326, 30.2986319 ], [ -81.5004208, 30.3298092 ], [ -81.619654, 30.3444365 ], [ -81.6656571, 30.4231697 ], [ -81.750690100000014, 30.4578438 ], [ -81.7579511, 30.5805235 ], [ -81.877629700000014, 30.5948803 ], [ -81.9120371, 30.5746349 ], [ -81.9299315, 30.479353 ], [ -81.917937, 30.380477 ], [ -81.8716978, 30.3018312 ], [ -81.8165776, 30.2708234 ], [ -81.830038800000011, 30.1993066 ], [ -81.77501, 30.1682693 ], [ -81.7587686, 30.0931276 ], [ -81.6625438, 29.9593837 ], [ -81.6760946, 29.8878123 ], [ -81.6168238, 29.8805315 ], [ -81.6258796, 29.8328105 ], [ -81.5324953, 29.845697 ], [ -81.414058, 29.8309588 ], [ -81.3594644, 29.799691 ], [ -81.3483153, 29.7005414 ], [ -81.3030736, 29.6215004 ], [ -81.160179700000015, 29.5788934 ], [ -81.2052487, 29.6580006 ], [ -81.1912982, 29.7295709 ], [ -81.266076, 29.8123675 ], [ -81.2475079, 29.9077516 ], [ -81.2928619, 29.9867396 ] ] ], [ [ [ -79.7352333, 32.8285122 ], [ -79.673782, 32.8203278 ], [ -79.6269852, 32.8869239 ], [ -79.5347578, 32.874557 ], [ -79.5493311, 32.9493648 ], [ -79.672438, 32.9658208 ], [ -79.7500038, 32.9033055 ], [ -79.9346352, 32.9276471 ], [ -80.006695, 32.8885425 ], [ -80.0380793, 32.7470303 ], [ -79.9616932, 32.6641955 ], [ -79.8898311, 32.7032977 ], [ -79.8792935, 32.7504684 ], [ -79.7871962, 32.7382852 ], [ -79.7352333, 32.8285122 ] ] ], [ [ [ -79.2539014, 33.1279458 ], [ -79.1811988, 33.166586 ], [ -79.1535048, 33.284199099999988 ], [ -79.2461896, 33.2968363 ], [ -79.2572196, 33.2497895 ], [ -79.2881022, 33.2539842 ], [ -79.4552564, 33.0823868 ], [ -79.4715434, 33.0117465 ], [ -79.3484045, 32.9950928 ], [ -79.3265263, 33.0892591 ], [ -79.2539014, 33.1279458 ] ] ] ] } },
{ "type": "Feature", "properties": { "ID": 26 }, "geometry": { "type": "MultiPolygon", "coordinates": [ [ [ [ -96.9092866, 28.1177302 ], [ -96.9084442, 28.0448767 ], [ -96.8206223, 28.0455412 ], [ -96.8211294, 28.0941126 ], [ -96.7041766, 28.1191767 ], [ -96.675710099999989, 28.2164631 ], [ -96.4998325, 28.2416384 ], [ -96.5001422, 28.2901768 ], [ -96.412042899999989, 28.2905271 ], [ -96.3830323, 28.363421 ], [ -96.3244455, 28.4121197 ], [ -96.2362083, 28.4123349 ], [ -96.2070528, 28.5094023 ], [ -96.1187423, 28.5337748 ], [ -96.0009089, 28.533836 ], [ -96.0009094, 28.5823249 ], [ -95.9124794, 28.5822917 ], [ -95.912425, 28.6307722 ], [ -95.7944452, 28.6306223 ], [ -95.7058692, 28.6546678 ], [ -95.7055026, 28.7515958 ], [ -95.7941249, 28.7517876 ], [ -95.7942531, 28.7033277 ], [ -95.8238853, 28.6549083 ], [ -96.0009103, 28.6550427 ], [ -96.0893951, 28.6307708 ], [ -96.0893395, 28.5822903 ], [ -96.1777693, 28.5821878 ], [ -96.177658900000011, 28.533699 ], [ -96.2953998, 28.5092095 ], [ -96.2952163, 28.4607084 ], [ -96.4129384, 28.4603461 ], [ -96.4126821, 28.4118368 ], [ -96.4712138, 28.363093 ], [ -96.5004523, 28.3387068 ], [ -96.706141, 28.337626 ], [ -96.676338, 28.2892733 ], [ -96.7050483, 28.2162863 ], [ -96.8224001, 28.2155041 ], [ -96.8218913, 28.1669539 ], [ -96.9098491, 28.1662886 ], [ -96.9092866, 28.1177302 ] ] ], [ [ [ -95.4686826, 28.823426 ], [ -95.3799801, 28.8229847 ], [ -95.379593, 28.8714236 ], [ -95.468351, 28.8718651 ], [ -95.4686826, 28.823426 ] ] ], [ [ [ -90.2411203, 29.0935413 ], [ -90.331748499999989, 29.073758 ], [ -90.3246492, 29.1703731 ], [ -90.3839468, 29.173253 ], [ -90.446726900000016, 29.1277965 ], [ -90.4502006, 29.0794823 ], [ -90.3631227, 29.0510413 ], [ -90.2447208, 29.0452277 ], [ -90.2411203, 29.0935413 ] ] ], [ [ [ -95.2903932, 28.9193446 ], [ -95.2010832, 28.967189 ], [ -95.1706839, 29.0395992 ], [ -95.0508995, 29.1354866 ], [ -94.902128, 29.1583742 ], [ -94.8420143, 29.2061793 ], [ -94.841288, 29.2545519 ], [ -94.7810616, 29.30231 ], [ -94.6620663, 29.3010055 ], [ -94.6599636, 29.4218806 ], [ -94.629307, 29.4698712 ], [ -94.5100552, 29.4684126 ], [ -94.4201225, 29.4914033 ], [ -94.4191278, 29.5397264 ], [ -94.508648, 29.540901 ], [ -94.5077085, 29.5892168 ], [ -94.597287799999989, 29.5903234 ], [ -94.5981709, 29.5420071 ], [ -94.628875799999989, 29.4940362 ], [ -94.7183456, 29.4950506 ], [ -94.719151599999989, 29.446718 ], [ -94.839468, 29.3754489 ], [ -94.8674671, 29.4965892 ], [ -94.9569427, 29.497421 ], [ -94.958581, 29.376572 ], [ -95.0485158, 29.3289808 ], [ -95.0494111, 29.2564354 ], [ -95.139689, 29.1603732 ], [ -95.1993319, 29.1366031 ], [ -95.2892835, 29.0403856 ], [ -95.2903932, 28.9193446 ] ] ], [ [ [ -91.3810631, 29.4108036 ], [ -91.2932707, 29.3830926 ], [ -91.2888322, 29.4555212 ], [ -91.3781591, 29.4590891 ], [ -91.3810631, 29.4108036 ] ] ], [ [ [ -89.3469139, 29.1184909 ], [ -89.378594, 29.0960447 ], [ -89.386867, 28.9994676 ], [ -89.293994, 29.042662 ], [ -89.2390669, 28.9909368 ], [ -89.1229979, 28.9598305 ], [ -89.1165513, 29.0322619 ], [ -89.0530733, 29.0770106 ], [ -89.0443747, 29.1735377 ], [ -89.0081872, 29.2441333 ], [ -89.1267922, 29.251202 ], [ -89.1203248, 29.3235616 ], [ -89.1754094, 29.3752843 ], [ -89.2921258, 29.4062939 ], [ -89.5001799, 29.418072 ], [ -89.5555874, 29.4695987 ], [ -89.5434122, 29.6142398 ], [ -89.4221375, 29.6317015 ], [ -89.3860818, 29.7023052 ], [ -89.4159168, 29.7039849 ], [ -89.4117632, 29.7521641 ], [ -89.5013322, 29.7571601 ], [ -89.5054297, 29.7089786 ], [ -89.594954199999989, 29.7139039 ], [ -89.6586426, 29.6689563 ], [ -89.6725993, 29.5002182 ], [ -89.8809636, 29.5113151 ], [ -89.9088192, 29.5369843 ], [ -90.1768973, 29.5506407 ], [ -90.217606800000013, 29.4073835 ], [ -90.3663059, 29.4146568 ], [ -90.362764399999989, 29.4629136 ], [ -90.5115844, 29.4700008 ], [ -90.5447815, 29.4231346 ], [ -90.6654628, 29.4045003 ], [ -91.0522233, 29.4215346 ], [ -91.0553304, 29.3732514 ], [ -91.204036, 29.379459 ], [ -91.2322827, 29.4048221 ], [ -91.2932707, 29.3830926 ], [ -91.3288853, 29.2876882 ], [ -91.3035948, 29.2140228 ], [ -91.1255239, 29.2066993 ], [ -91.1285765, 29.1583791 ], [ -90.8633099, 29.1227279 ], [ -90.8681281, 29.0502343 ], [ -90.6312698, 29.039516 ], [ -90.652514900000014, 29.161684 ], [ -90.5898286, 29.2072461 ], [ -90.5830404, 29.3038327 ], [ -90.4642338, 29.298248 ], [ -90.4083444, 29.2471247 ], [ -90.3839468, 29.173253 ], [ -90.3786662, 29.2456951 ], [ -90.2914272, 29.2172166 ], [ -90.2985724, 29.120619 ], [ -90.2411203, 29.0935413 ], [ -90.1226626, 29.0876042 ], [ -90.0875035, 29.1585511 ], [ -89.9985928, 29.1539932 ], [ -89.994833200000016, 29.2022811 ], [ -89.927921, 29.295752 ], [ -89.6310993, 29.2798948 ], [ -89.5777897, 29.2042372 ], [ -89.4020039, 29.1701425 ], [ -89.3469139, 29.1184909 ] ], [ [ -89.927921, 29.295752 ], [ -89.9481203, 29.4179389 ], [ -89.8291867, 29.4117098 ], [ -89.8646991, 29.340902 ], [ -89.927921, 29.295752 ] ] ], [ [ [ -94.7473813, 29.5436985 ], [ -94.8369105, 29.544622 ], [ -94.8376423, 29.4962967 ], [ -94.7183456, 29.4950506 ], [ -94.7473813, 29.5436985 ] ] ], [ [ [ -91.8806095, 29.5504434 ], [ -91.8857894, 29.4538706 ], [ -91.7368879, 29.448532600000011 ], [ -91.7044097, 29.4957295 ], [ -91.6989986, 29.5922806 ], [ -91.7871761, 29.6196672 ], [ -91.7911539, 29.5472604 ], [ -91.8806095, 29.5504434 ] ] ], [ [ [ -91.9130025, 29.5032063 ], [ -91.9104297, 29.5514892 ], [ -91.9986355, 29.5787203 ], [ -91.9935893, 29.6752579 ], [ -92.053330699999989, 29.6772835 ], [ -92.0570601, 29.6048819 ], [ -92.0272172, 29.6038736 ], [ -92.0024117, 29.5062967 ], [ -91.9130025, 29.5032063 ] ] ], [ [ [ -92.5047942, 29.619094 ], [ -92.4129741, 29.6646635 ], [ -92.4394781, 29.7379722 ], [ -92.4992794, 29.7397704 ], [ -92.5324639, 29.6682574 ], [ -92.5047942, 29.619094 ] ] ], [ [ [ -89.3860818, 29.7023052 ], [ -89.2923562, 29.7453965 ], [ -89.2838833, 29.841725 ], [ -89.2219725, 29.8623689 ], [ -89.2133977, 29.9586554 ], [ -89.1791533, 30.0050565 ], [ -89.1640101, 30.1734541 ], [ -89.2540591, 30.1786316 ], [ -89.3225711, 30.0858213 ], [ -89.3310223, 29.9895668 ], [ -89.3609685, 29.9912589 ], [ -89.3860818, 29.7023052 ] ] ], [ [ [ -85.0790169, 29.5734521 ], [ -85.0459168, 29.5946696 ], [ -84.9272702, 29.583468 ], [ -84.920306, 29.6314536 ], [ -84.831289, 29.6229694 ], [ -84.8242611, 29.6709429 ], [ -84.9133332, 29.6794312 ], [ -84.9831265, 29.613079 ], [ -85.0721487, 29.6214483 ], [ -85.0790169, 29.5734521 ] ] ], [ [ [ -88.8849139, 30.2536798 ], [ -89.0050833, 30.2608492 ], [ -89.0095224, 30.2127646 ], [ -88.8894287, 30.2055986 ], [ -88.8849139, 30.2536798 ] ] ] ] } }
]
}
