{
"type": "FeatureCollection",
"name": "Lithospermum_canescens",
"crs": { "type": "name", "properties": { "name": "urn:ogc:def:crs:OGC:1.3:CRS84" } },
"features": [
{ "type": "Feature", "properties": { "ID": 1 }, "geometry": { "type": "MultiPolygon", "coordinates": [ [ [ [ -104.28951, 37.0342 ], [ -104.36131, 37.07726 ], [ -104.49627, 37.09244 ], [ -104.48442, 36.99804 ], [ -104.44557, 36.95294 ], [ -104.34674, 36.95923 ], [ -104.30222, 36.86686 ], [ -104.2035, 36.87304 ], [ -104.2178, 36.99111 ], [ -104.28951, 37.0342 ] ] ], [ [ [ -104.95055, 36.75295 ], [ -104.96612, 36.87095 ], [ -104.73587, 36.88642 ], [ -104.64017, 36.91653 ], [ -104.78406, 37.00224 ], [ -104.79019, 37.04943 ], [ -104.88911, 37.04281 ], [ -104.9283, 37.08777 ], [ -104.88714, 37.2809 ], [ -104.82096, 37.28532 ], [ -104.83952, 37.42681 ], [ -104.91209, 37.46953 ], [ -105.04479, 37.46058 ], [ -105.08433, 37.50546 ], [ -105.11314, 37.71754 ], [ -105.2463, 37.70839 ], [ -105.29595, 37.82385 ], [ -105.12922, 37.83533 ], [ -104.98944, 37.79725 ], [ -104.95927, 37.82304 ], [ -104.98781, 38.03504 ], [ -105.06756, 38.12474 ], [ -105.08043, 38.21891 ], [ -105.15077, 38.23791 ], [ -105.26457, 38.32518 ], [ -105.33175, 38.32055 ], [ -105.38892, 38.24529 ], [ -105.48955, 38.23824 ], [ -105.50305, 38.33236 ], [ -105.66753, 38.29689 ], [ -105.7485, 38.38615 ], [ -105.55702, 38.47113 ], [ -105.46616, 38.5488 ], [ -105.30094, 38.584 ], [ -105.30759, 38.63105 ], [ -105.1693, 38.61673 ], [ -105.09531, 38.57422 ], [ -105.0343, 38.62579 ], [ -104.89927, 38.63472 ], [ -104.86867, 38.66046 ], [ -104.89091, 38.82517 ], [ -104.93437, 38.89352 ], [ -104.86976, 38.92148 ], [ -104.8857, 39.03909 ], [ -104.93251, 39.13094 ], [ -104.90811, 39.2037 ], [ -105.01027, 39.19702 ], [ -105.03631, 39.38509 ], [ -105.13874, 39.37831 ], [ -105.15634, 39.25851 ], [ -105.26524, 39.29865 ], [ -105.20702, 39.37375 ], [ -105.22034, 39.46775 ], [ -105.16191, 39.54282 ], [ -105.20948, 39.63452 ], [ -105.28475, 39.67691 ], [ -105.37318, 40.28746 ], [ -105.35227, 40.38368 ], [ -105.28634, 40.41178 ], [ -105.31026, 40.57608 ], [ -105.28916, 40.67226 ], [ -105.35881, 40.66763 ], [ -105.38301, 40.83188 ], [ -105.3654, 40.95151 ], [ -105.26733, 41.00537 ], [ -105.16229, 41.01224 ], [ -105.14761, 41.15529 ], [ -105.16804, 41.29605 ], [ -105.30818, 41.52373 ], [ -105.27982, 41.57294 ], [ -105.29372, 41.66674 ], [ -105.33608, 41.71133 ], [ -105.36446, 41.66211 ], [ -105.57306, 41.62457 ], [ -105.67184, 41.57052 ], [ -105.69627, 41.49779 ], [ -105.86889, 41.46221 ], [ -105.86153, 41.41533 ], [ -105.99864, 41.38203 ], [ -106.02262, 41.30924 ], [ -106.12806, 41.30174 ], [ -106.14809, 41.20548 ], [ -106.28459, 41.17191 ], [ -106.33935, 41.07306 ], [ -106.46771, 40.99244 ], [ -106.49101, 40.91954 ], [ -106.68071, 40.78662 ], [ -106.7693, 40.68492 ], [ -106.75741, 40.61464 ], [ -106.8229, 40.58585 ], [ -106.88032, 40.51017 ], [ -106.89898, 40.41375 ], [ -106.9642, 40.38489 ], [ -106.94814, 40.29117 ], [ -107.01724, 40.28572 ], [ -107.03967, 40.21269 ], [ -107.02354, 40.11895 ], [ -107.09245, 40.11346 ], [ -107.07224, 39.99629 ], [ -107.14102, 39.99078 ], [ -107.12076, 39.8736 ], [ -107.18533, 39.84462 ], [ -107.15289, 39.65711 ], [ -107.22537, 39.67499 ], [ -107.1929, 39.48745 ], [ -107.22296, 39.46122 ], [ -107.20676, 39.36743 ], [ -107.2246, 39.27084 ], [ -107.12835, 38.70778 ], [ -107.04119, 38.59592 ], [ -107.00585, 38.38459 ], [ -106.93096, 38.34307 ], [ -106.88195, 38.25182 ], [ -106.86652, 38.15784 ], [ -106.79197, 38.11623 ], [ -106.66521, 37.9597 ], [ -106.65016, 37.86565 ], [ -106.53906, 37.80302 ], [ -106.29573, 37.53625 ], [ -106.2885, 37.48917 ], [ -106.14524, 37.42874 ], [ -106.09796, 37.33707 ], [ -106.03181, 37.34209 ], [ -105.91867, 37.25533 ], [ -105.84915, 37.2367 ], [ -105.78308, 37.2416 ], [ -105.7637, 37.33828 ], [ -105.69753, 37.34313 ], [ -105.71454, 37.46092 ], [ -105.76138, 37.55271 ], [ -105.83121, 37.57137 ], [ -105.86937, 37.83034 ], [ -105.80271, 37.83524 ], [ -105.74637, 37.91073 ], [ -105.67963, 37.91557 ], [ -105.55923, 37.7815 ], [ -105.57566, 37.66137 ], [ -105.54543, 37.44937 ], [ -105.46916, 37.38343 ], [ -105.4559, 37.28916 ], [ -105.51205, 37.21372 ], [ -105.48222, 37.00154 ], [ -105.40979, 36.95909 ], [ -105.33096, 36.86942 ], [ -105.19946, 36.87868 ], [ -105.19306, 36.83149 ], [ -105.04902, 36.74621 ], [ -104.95055, 36.75295 ] ], [ [ -106.95156, 39.69703 ], [ -106.90545, 39.6294 ], [ -107.04225, 39.61849 ], [ -107.05827, 39.71227 ], [ -106.95156, 39.69703 ] ] ], [ [ [ -107.83487, 43.37713 ], [ -107.8531, 43.47059 ], [ -108.0122, 43.52885 ], [ -108.11653, 43.49653 ], [ -108.14349, 43.44681 ], [ -108.06163, 43.40609 ], [ -107.91654, 43.41798 ], [ -107.83487, 43.37713 ] ] ], [ [ [ -104.0708, 44.36489 ], [ -104.14163, 44.3374 ], [ -104.10675, 44.07932 ], [ -104.06991, 44.08133 ], [ -104.04797, 43.91708 ], [ -103.93159, 43.8761 ], [ -103.88264, 43.7842 ], [ -103.66263, 43.79577 ], [ -103.63188, 43.84461 ], [ -103.68349, 43.96007 ], [ -103.70445, 44.12436 ], [ -103.60569, 44.22395 ], [ -103.62056, 44.34131 ], [ -103.73158, 44.3356 ], [ -103.73763, 44.38254 ], [ -104.0708, 44.36489 ] ] ], [ [ [ -107.15592, 43.28815 ], [ -107.13679, 43.38446 ], [ -107.0642, 43.38996 ], [ -107.04064, 43.46286 ], [ -106.94001, 43.51782 ], [ -106.9781, 43.72833 ], [ -106.87698, 43.78324 ], [ -106.89385, 43.87681 ], [ -106.82065, 43.8822 ], [ -106.8501, 44.04596 ], [ -106.8134, 44.04864 ], [ -106.84292, 44.21241 ], [ -106.7735, 44.24116 ], [ -106.79034, 44.33475 ], [ -106.87259, 44.37617 ], [ -106.91099, 44.58673 ], [ -106.95662, 44.6308 ], [ -107.06778, 44.62262 ], [ -107.15063, 44.66389 ], [ -107.33449, 44.83983 ], [ -107.34343, 44.8866 ], [ -107.51035, 44.9688 ], [ -107.62206, 44.9602 ], [ -107.70576, 45.00117 ], [ -107.93913, 45.22024 ], [ -108.05125, 45.21133 ], [ -108.07904, 45.1616 ], [ -108.00299, 44.78778 ], [ -107.91002, 44.70025 ], [ -107.8359, 44.70613 ], [ -107.78031, 44.61558 ], [ -107.66011, 44.57755 ], [ -107.62819, 44.41394 ], [ -107.59129, 44.41682 ], [ -107.40797, 44.24121 ], [ -107.34903, 44.12713 ], [ -107.25803, 44.03921 ], [ -107.23619, 43.9223 ], [ -107.25533, 43.82598 ], [ -107.23357, 43.70907 ], [ -107.28472, 43.58658 ], [ -107.42591, 43.55194 ], [ -107.60778, 43.53767 ], [ -107.61673, 43.58442 ], [ -107.75774, 43.54946 ], [ -107.73963, 43.45599 ], [ -107.59437, 43.46756 ], [ -107.51285, 43.42653 ], [ -107.49515, 43.33303 ], [ -107.35013, 43.34436 ], [ -107.26462, 43.27982 ], [ -107.15592, 43.28815 ] ] ], [ [ [ -108.31762, 45.21355 ], [ -108.3795, 45.32728 ], [ -108.59898, 45.28536 ], [ -108.55416, 45.07522 ], [ -108.33054, 45.09371 ], [ -108.31762, 45.21355 ] ] ], [ [ [ -110.81312, 45.29831 ], [ -110.69898, 45.45255 ], [ -110.64751, 45.55293 ], [ -110.74732, 45.94871 ], [ -110.80874, 46.03817 ], [ -110.78286, 46.0884 ], [ -110.62585, 46.07968 ], [ -110.57636, 46.03672 ], [ -110.54716, 45.92027 ], [ -110.47179, 45.92745 ], [ -110.41099, 45.83786 ], [ -110.34145, 45.86827 ], [ -110.19078, 45.88241 ], [ -110.07385, 46.03624 ], [ -109.93948, 46.12005 ], [ -109.99984, 46.20985 ], [ -110.02809, 46.32643 ], [ -110.28466, 46.42195 ], [ -110.31359, 46.5385 ], [ -110.16116, 46.55261 ], [ -110.12877, 46.57943 ], [ -109.93804, 46.59682 ], [ -109.84038, 46.67713 ], [ -109.86853, 46.79379 ], [ -110.0176, 46.9234 ], [ -110.13269, 46.91294 ], [ -110.1826, 46.95608 ], [ -110.20578, 47.04938 ], [ -110.30603, 47.13561 ], [ -110.38301, 47.1285 ], [ -110.40068, 47.19847 ], [ -110.57266, 47.25406 ], [ -110.58462, 47.3007 ], [ -110.45396, 47.40839 ], [ -110.45094, 47.55195 ], [ -110.68344, 47.53028 ], [ -110.75483, 47.49966 ], [ -110.73057, 47.40639 ], [ -110.73289, 47.26285 ], [ -111.00263, 47.23705 ], [ -111.00878, 47.26035 ], [ -111.08584, 47.25289 ], [ -111.06115, 47.1597 ], [ -111.1703, 47.12517 ], [ -111.22848, 47.04777 ], [ -111.19126, 46.90805 ], [ -111.30696, 46.75326 ], [ -111.23679, 46.7841 ], [ -111.08395, 46.79912 ], [ -111.04724, 46.65941 ], [ -110.97872, 46.54671 ], [ -111.13093, 46.53179 ], [ -111.21932, 46.57083 ], [ -111.24401, 46.66394 ], [ -111.35212, 46.62929 ], [ -111.31488, 46.48967 ], [ -111.37222, 46.41227 ], [ -111.28397, 46.37332 ], [ -111.30337, 46.29973 ], [ -111.24805, 46.09034 ], [ -111.15305, 46.17143 ], [ -111.1031, 46.12863 ], [ -111.06676, 45.98901 ], [ -111.0863, 45.91547 ], [ -110.99899, 45.87638 ], [ -110.94515, 45.66694 ], [ -111.00219, 45.58973 ], [ -111.10847, 45.55528 ], [ -111.22069, 45.54402 ], [ -111.16637, 45.33471 ], [ -111.1291, 45.33846 ], [ -111.09319, 45.19891 ], [ -111.03814, 45.13286 ], [ -110.95201, 45.09376 ], [ -110.91666, 44.95419 ], [ -110.7822, 44.87215 ], [ -110.71623, 44.75946 ], [ -110.61937, 44.67364 ], [ -110.59647, 44.58055 ], [ -110.50007, 44.49466 ], [ -110.4152, 44.45526 ], [ -110.2714, 44.32622 ], [ -110.10256, 44.24712 ], [ -110.04401, 44.15745 ], [ -109.97078, 44.16438 ], [ -109.91251, 44.07466 ], [ -109.83936, 44.08152 ], [ -109.17165, 43.76207 ], [ -109.12001, 43.69535 ], [ -109.01084, 43.70506 ], [ -108.91808, 43.61817 ], [ -108.80903, 43.62772 ], [ -108.79915, 43.58106 ], [ -108.6538, 43.59366 ], [ -108.56655, 43.52989 ], [ -108.50356, 43.58279 ], [ -108.59567, 43.66994 ], [ -108.70484, 43.66054 ], [ -108.76586, 43.77406 ], [ -108.70279, 43.82704 ], [ -108.78197, 44.20042 ], [ -108.89709, 44.21421 ], [ -108.95903, 44.32766 ], [ -109.03257, 44.32122 ], [ -109.08466, 44.38797 ], [ -109.16854, 44.42812 ], [ -109.14714, 44.50135 ], [ -109.18326, 44.66461 ], [ -109.25719, 44.65807 ], [ -109.30942, 44.89128 ], [ -109.28802, 44.96454 ], [ -109.19217, 45.04435 ], [ -109.23924, 45.25429 ], [ -109.42585, 45.23778 ], [ -109.59122, 45.29435 ], [ -109.60201, 45.34098 ], [ -109.7733, 45.42068 ], [ -109.82274, 45.63048 ], [ -110.01597, 45.63655 ], [ -110.20357, 45.61908 ], [ -110.2149, 45.66567 ], [ -110.35929, 45.62823 ], [ -110.50927, 45.61393 ], [ -110.5236, 45.5172 ], [ -110.59264, 45.48671 ], [ -110.57525, 45.41687 ], [ -110.68147, 45.38273 ], [ -110.66983, 45.33617 ], [ -110.81312, 45.29831 ] ] ], [ [ [ -109.13298, 47.16765 ], [ -109.15453, 47.26113 ], [ -109.30908, 47.248 ], [ -109.33677, 47.19796 ], [ -109.31494, 47.10452 ], [ -109.37012, 47.00447 ], [ -109.44154, 46.97447 ], [ -109.59526, 46.96106 ], [ -109.7265, 46.85414 ], [ -109.68192, 46.66744 ], [ -109.59443, 46.62753 ], [ -109.47435, 46.61425 ], [ -109.20686, 46.6374 ], [ -109.02625, 46.70038 ], [ -109.03685, 46.7471 ], [ -108.89932, 46.83005 ], [ -108.99723, 46.9171 ], [ -109.00784, 46.96383 ], [ -109.12318, 46.95411 ], [ -109.17237, 46.99757 ], [ -109.13298, 47.16765 ] ] ], [ [ [ -105.11147, 47.28813 ], [ -105.04863, 47.38661 ], [ -105.05983, 47.45709 ], [ -105.21191, 47.42451 ], [ -105.23183, 47.30478 ], [ -105.11147, 47.28813 ] ] ], [ [ [ -108.54316, 47.88308 ], [ -108.48048, 47.95954 ], [ -108.49086, 48.00637 ], [ -108.68676, 47.99073 ], [ -108.62136, 47.87683 ], [ -108.54316, 47.88308 ] ] ], [ [ [ -109.7002, 48.38332 ], [ -109.68875, 48.33655 ], [ -109.82879, 48.25273 ], [ -109.7885, 48.08909 ], [ -109.70444, 48.07255 ], [ -109.43014, 48.09613 ], [ -109.31807, 48.12949 ], [ -109.25616, 48.20627 ], [ -109.23897, 48.30316 ], [ -109.32881, 48.34336 ], [ -109.52564, 48.32668 ], [ -109.53696, 48.37346 ], [ -109.7002, 48.38332 ] ] ], [ [ [ -97.29498, 45.80205 ], [ -97.37273, 45.87207 ], [ -97.37384, 45.9192 ], [ -97.52633, 45.91776 ], [ -97.60129, 45.86986 ], [ -97.59936, 45.79917 ], [ -97.6741, 45.75124 ], [ -97.70869, 45.63302 ], [ -97.7046, 45.49168 ], [ -97.74036, 45.42059 ], [ -97.7012, 45.37391 ], [ -97.51234, 45.3759 ], [ -97.51114, 45.32879 ], [ -97.36016, 45.33022 ], [ -97.35746, 45.21245 ], [ -97.13143, 45.2143 ], [ -97.05441, 45.12063 ], [ -97.05316, 45.04997 ], [ -96.90288, 45.05094 ], [ -96.90539, 45.21582 ], [ -96.98191, 45.28602 ], [ -96.98426, 45.42736 ], [ -97.02411, 45.5449 ], [ -97.09988, 45.54437 ], [ -97.13913, 45.61477 ], [ -97.14096, 45.70901 ], [ -97.21889, 45.80267 ], [ -97.29498, 45.80205 ] ] ], [ [ [ -95.32082, 45.40547 ], [ -95.31865, 45.59394 ], [ -95.43217, 45.61797 ], [ -95.43172, 45.66509 ], [ -95.6595, 45.66577 ], [ -95.69794, 45.5716 ], [ -95.77384, 45.54817 ], [ -95.7742, 45.45394 ], [ -95.50941, 45.45331 ], [ -95.5098, 45.4062 ], [ -95.35887, 45.38208 ], [ -95.32082, 45.40547 ] ] ], [ [ [ -89.00227, 47.96503 ], [ -89.12048, 47.97021 ], [ -89.13192, 47.87599 ], [ -89.05324, 47.87255 ], [ -89.00227, 47.96503 ] ] ], [ [ [ -89.00227, 47.96503 ], [ -88.88409, 47.95976 ], [ -88.87816, 48.00687 ], [ -88.99644, 48.01214 ], [ -89.00227, 47.96503 ] ] ], [ [ [ -88.87816, 48.00687 ], [ -88.7599, 48.00151 ], [ -88.75386, 48.04861 ], [ -88.87222, 48.05398 ], [ -88.87816, 48.00687 ] ] ], [ [ [ -87.08664, 45.78379 ], [ -87.07233, 45.87763 ], [ -86.94401, 45.96477 ], [ -86.97665, 45.75365 ], [ -86.86311, 45.74689 ], [ -86.81792, 45.79152 ], [ -86.80318, 45.88534 ], [ -86.61358, 45.87381 ], [ -86.53017, 45.91603 ], [ -86.46579, 45.84097 ], [ -86.39002, 45.83622 ], [ -86.33277, 45.95105 ], [ -86.40096, 46.00272 ], [ -86.54913, 46.03563 ], [ -86.52626, 46.17634 ], [ -86.06324, 46.40779 ], [ -85.97053, 46.49661 ], [ -85.89395, 46.49161 ], [ -85.70746, 46.66903 ], [ -85.86519, 46.65573 ], [ -86.17244, 46.67555 ], [ -86.26513, 46.58659 ], [ -86.38023, 46.5938 ], [ -86.38804, 46.54689 ], [ -86.50308, 46.554 ], [ -86.51079, 46.50708 ], [ -86.60269, 46.41793 ], [ -86.67545, 46.44604 ], [ -86.94354, 46.46202 ], [ -87.01652, 46.48997 ], [ -87.39997, 46.5118 ], [ -87.46631, 46.5865 ], [ -87.45937, 46.63347 ], [ -87.60291, 46.71235 ], [ -87.63119, 46.78491 ], [ -87.88455, 46.91673 ], [ -88.11648, 46.92865 ], [ -88.20655, 46.83853 ], [ -88.32238, 46.84429 ], [ -88.412, 46.75406 ], [ -88.48911, 46.75781 ], [ -88.51852, 46.8302 ], [ -88.50629, 46.92425 ], [ -88.45837, 46.99293 ], [ -88.55931, 47.1161 ], [ -88.79217, 47.12703 ], [ -88.92605, 46.99121 ], [ -89.11973, 46.99988 ], [ -89.16966, 46.90748 ], [ -89.24702, 46.91086 ], [ -89.37393, 46.82173 ], [ -89.76033, 46.83773 ], [ -89.76543, 46.79066 ], [ -89.88129, 46.79527 ], [ -89.92983, 46.70264 ], [ -90.01184, 46.65857 ], [ -90.12747, 46.663 ], [ -90.13224, 46.61593 ], [ -90.24779, 46.62026 ], [ -90.25247, 46.57319 ], [ -90.63744, 46.58699 ], [ -90.71015, 46.63673 ], [ -90.94759, 46.57381 ], [ -90.9008, 46.66673 ], [ -90.88622, 46.83157 ], [ -90.80038, 46.92321 ], [ -90.95533, 46.92831 ], [ -91.07559, 46.88492 ], [ -91.07962, 46.83781 ], [ -91.27305, 46.84381 ], [ -91.35802, 46.75192 ], [ -91.62848, 46.75976 ], [ -91.63204, 46.71265 ], [ -91.78649, 46.71692 ], [ -91.78993, 46.6698 ], [ -92.06005, 46.67689 ], [ -92.13567, 46.70239 ], [ -92.1262, 46.84378 ], [ -91.96973, 46.86341 ], [ -91.80802, 46.95358 ], [ -91.76231, 47.0468 ], [ -91.55904, 47.15924 ], [ -91.44232, 47.15588 ], [ -91.43482, 47.25015 ], [ -91.31214, 47.3174 ], [ -91.26728, 47.38694 ], [ -91.10904, 47.40572 ], [ -91.10096, 47.50001 ], [ -90.98357, 47.4963 ], [ -90.90111, 47.54093 ], [ -90.89266, 47.63522 ], [ -90.77501, 47.63136 ], [ -90.77068, 47.6785 ], [ -90.65294, 47.67456 ], [ -90.60923, 47.72036 ], [ -90.44755, 47.76206 ], [ -90.32967, 47.75787 ], [ -90.28563, 47.80359 ], [ -90.16768, 47.79928 ], [ -90.12348, 47.84496 ], [ -89.9636, 47.8626 ], [ -89.84042, 47.90518 ], [ -89.71183, 47.9948 ], [ -89.59352, 47.99006 ], [ -89.54333, 48.08273 ], [ -89.45888, 48.12663 ], [ -89.37983, 48.12335 ], [ -89.32638, 48.23954 ], [ -89.24153, 48.28333 ], [ -89.23019, 48.37762 ], [ -89.26141, 48.45003 ], [ -89.21596, 48.4955 ], [ -89.09664, 48.49039 ], [ -89.09084, 48.53754 ], [ -88.93164, 48.53058 ], [ -88.92569, 48.57773 ], [ -88.80622, 48.5724 ], [ -88.7816, 48.45274 ], [ -88.70213, 48.44913 ], [ -88.67754, 48.63769 ], [ -88.5947, 48.6576 ], [ -88.57593, 48.79905 ], [ -88.48646, 48.86607 ], [ -88.32316, 48.88208 ], [ -88.33614, 48.78777 ], [ -88.30593, 48.71514 ], [ -88.39216, 48.67182 ], [ -88.40497, 48.57754 ], [ -88.32536, 48.57374 ], [ -88.31242, 48.66801 ], [ -88.15296, 48.66026 ], [ -88.13306, 48.80167 ], [ -88.24968, 48.83108 ], [ -88.28314, 48.88016 ], [ -88.27006, 48.97447 ], [ -88.14648, 48.99222 ], [ -88.13981, 49.03938 ], [ -87.97932, 49.03147 ], [ -87.94944, 48.95874 ], [ -87.74915, 48.94858 ], [ -87.3961, 48.88255 ], [ -87.40337, 48.83544 ], [ -87.24727, 48.80324 ], [ -87.04766, 48.79221 ], [ -87.0401, 48.8393 ], [ -86.76446, 48.7999 ], [ -86.40544, 48.77879 ], [ -86.31036, 48.63044 ], [ -86.23083, 48.62559 ], [ -86.20756, 48.52909 ], [ -86.22809, 48.41153 ], [ -86.14888, 48.40665 ], [ -86.1217, 48.33367 ], [ -86.13822, 48.23966 ], [ -86.02395, 48.20876 ], [ -85.95763, 48.13329 ], [ -85.93503, 48.03683 ], [ -85.62911, 47.96954 ], [ -85.27579, 47.94593 ], [ -85.18383, 48.01098 ], [ -84.8697, 47.98916 ], [ -84.87672, 47.75186 ], [ -85.02129, 47.6194 ], [ -84.86991, 47.58497 ], [ -84.82838, 47.79599 ], [ -84.78927, 47.79321 ], [ -84.64811, 48.49696 ], [ -84.68771, 48.49978 ], [ -84.65438, 48.6641 ], [ -84.72907, 48.6932 ], [ -84.68618, 48.90456 ], [ -84.76596, 48.91017 ], [ -84.73739, 49.05113 ], [ -84.81264, 49.08022 ], [ -84.79363, 49.17423 ], [ -84.81947, 49.24753 ], [ -84.92577, 49.32638 ], [ -84.90686, 49.42044 ], [ -84.978, 49.473 ], [ -85.07094, 49.62237 ], [ -85.14714, 49.65134 ], [ -85.20955, 49.7509 ], [ -85.20028, 49.79799 ], [ -85.41641, 49.95531 ], [ -85.40728, 50.00244 ], [ -85.54765, 50.13079 ], [ -85.6293, 50.13599 ], [ -85.6976, 50.21189 ], [ -85.81147, 50.26674 ], [ -85.83919, 50.34005 ], [ -85.92119, 50.34511 ], [ -85.9491, 50.41842 ], [ -86.03122, 50.42342 ], [ -86.1827, 50.50414 ], [ -86.17415, 50.55137 ], [ -86.33464, 50.58473 ], [ -86.3262, 50.63198 ], [ -86.48702, 50.6652 ], [ -86.4787, 50.71247 ], [ -86.64395, 50.72191 ], [ -86.71441, 50.7975 ], [ -86.91737, 50.83264 ], [ -86.9094, 50.87994 ], [ -87.15429, 50.91707 ], [ -87.14652, 50.9644 ], [ -87.47133, 51.02915 ], [ -87.63771, 51.03761 ], [ -87.63034, 51.08498 ], [ -87.79331, 51.11697 ], [ -88.00169, 51.12712 ], [ -88.08157, 51.15481 ], [ -88.24843, 51.16266 ], [ -88.24159, 51.21007 ], [ -88.45041, 51.21966 ], [ -88.53066, 51.24714 ], [ -88.86513, 51.26178 ], [ -88.94565, 51.28907 ], [ -89.28048, 51.30288 ], [ -89.28345, 51.27915 ], [ -89.91143, 51.30323 ], [ -89.91412, 51.27949 ], [ -90.24912, 51.29137 ], [ -90.2542, 51.24387 ], [ -90.67278, 51.25776 ], [ -90.67749, 51.21026 ], [ -90.97036, 51.21935 ], [ -90.9748, 51.17184 ], [ -91.18387, 51.17801 ], [ -91.2299, 51.13171 ], [ -91.35526, 51.13525 ], [ -91.35936, 51.08775 ], [ -91.56814, 51.09344 ], [ -91.57204, 51.04594 ], [ -91.69723, 51.04922 ], [ -91.70101, 51.00172 ], [ -91.8678, 51.00595 ], [ -91.87143, 50.95845 ], [ -91.99643, 50.96151 ], [ -91.99995, 50.91402 ], [ -92.12485, 50.91698 ], [ -92.12825, 50.86949 ], [ -92.25305, 50.87235 ], [ -92.25634, 50.82487 ], [ -92.38105, 50.82764 ], [ -92.38422, 50.78015 ], [ -92.55189, 50.75995 ], [ -92.55491, 50.71248 ], [ -92.67937, 50.71502 ], [ -92.68227, 50.66754 ], [ -93.02306, 50.50773 ], [ -93.19331, 50.41572 ], [ -93.23939, 50.32153 ], [ -93.32179, 50.32289 ], [ -93.36643, 50.2524 ], [ -93.44873, 50.2537 ], [ -93.49423, 50.15947 ], [ -93.6616, 50.09077 ], [ -93.7066, 49.99652 ], [ -93.82948, 49.9982 ], [ -93.90779, 50.09409 ], [ -94.15001, 50.21562 ], [ -94.18878, 50.28724 ], [ -94.35352, 50.28897 ], [ -94.39191, 50.38429 ], [ -94.55632, 50.40954 ], [ -94.7192, 50.50585 ], [ -94.71809, 50.55333 ], [ -94.84175, 50.57798 ], [ -94.92362, 50.62603 ], [ -94.96371, 50.69754 ], [ -95.04587, 50.74554 ], [ -95.12895, 50.746 ], [ -95.16903, 50.84124 ], [ -95.33518, 50.86575 ], [ -95.50083, 50.9614 ], [ -95.54152, 51.08038 ], [ -95.49884, 51.17538 ], [ -95.4151, 51.17511 ], [ -95.28792, 51.29356 ], [ -95.2033, 51.34076 ], [ -94.98973, 51.53003 ], [ -94.81694, 51.71944 ], [ -94.77301, 51.79061 ], [ -94.77081, 51.88593 ], [ -94.72667, 51.95712 ], [ -94.64049, 52.00414 ], [ -94.50825, 52.17 ], [ -94.33239, 52.33544 ], [ -94.33013, 52.40705 ], [ -94.24286, 52.45394 ], [ -94.23968, 52.54946 ], [ -94.15293, 52.57244 ], [ -94.10652, 52.66753 ], [ -94.10048, 52.83485 ], [ -94.01138, 52.9056 ], [ -93.96442, 53.00077 ], [ -93.95789, 53.16829 ], [ -93.91442, 53.16777 ], [ -93.90481, 53.40728 ], [ -93.86115, 53.40674 ], [ -93.85324, 53.59851 ], [ -93.93612, 53.71951 ], [ -93.92651, 53.95956 ], [ -94.01014, 54.08072 ], [ -94.00549, 54.20091 ], [ -94.04617, 54.2976 ], [ -94.1324, 54.37075 ], [ -94.12888, 54.46703 ], [ -94.21719, 54.49203 ], [ -94.21383, 54.58836 ], [ -94.30239, 54.61334 ], [ -94.29918, 54.70973 ], [ -94.38723, 54.75878 ], [ -94.38493, 54.83112 ], [ -94.47183, 54.92842 ], [ -94.60478, 55.00194 ], [ -94.60279, 55.07437 ], [ -94.78033, 55.19648 ], [ -94.86861, 55.29376 ], [ -95.13758, 55.46459 ], [ -95.18186, 55.53742 ], [ -95.27292, 55.53781 ], [ -95.27152, 55.63467 ], [ -95.45372, 55.65954 ], [ -95.54456, 55.70826 ], [ -95.58966, 55.78107 ], [ -95.86376, 55.927 ], [ -96.04732, 55.95131 ], [ -96.04737, 55.99984 ], [ -96.18522, 55.99975 ], [ -96.23151, 56.07253 ], [ -96.36956, 56.0723 ], [ -96.36992, 56.12086 ], [ -96.5081, 56.12053 ], [ -96.50859, 56.16911 ], [ -96.64691, 56.16866 ], [ -96.64754, 56.21726 ], [ -96.92488, 56.24035 ], [ -96.92578, 56.28896 ], [ -97.06443, 56.2882 ], [ -97.06547, 56.33683 ], [ -97.2505, 56.33564 ], [ -97.25172, 56.38428 ], [ -97.43762, 56.40722 ], [ -97.71554, 56.40479 ], [ -97.71722, 56.45345 ], [ -97.94902, 56.4511 ], [ -97.95093, 56.49976 ], [ -98.27573, 56.49596 ], [ -98.27796, 56.54464 ], [ -98.41728, 56.54283 ], [ -98.41965, 56.59152 ], [ -98.60558, 56.58894 ], [ -98.70251, 56.66063 ], [ -98.93522, 56.65701 ], [ -98.9381, 56.70572 ], [ -99.07785, 56.7034 ], [ -99.08088, 56.75213 ], [ -99.31398, 56.74802 ], [ -99.27058, 56.7976 ], [ -99.55054, 56.79234 ], [ -99.55404, 56.84108 ], [ -99.88091, 56.83439 ], [ -99.88473, 56.88314 ], [ -100.30526, 56.87366 ], [ -100.30951, 56.92241 ], [ -101.0107, 56.90442 ], [ -101.01317, 56.92879 ], [ -101.80757, 56.90513 ], [ -101.85139, 56.87927 ], [ -102.2714, 56.86524 ], [ -102.26831, 56.8409 ], [ -102.59466, 56.82932 ], [ -102.638, 56.80329 ], [ -102.82431, 56.79637 ], [ -102.8176, 56.74773 ], [ -103.05018, 56.73883 ], [ -103.41485, 56.67536 ], [ -103.40758, 56.62678 ], [ -103.59311, 56.61908 ], [ -103.72843, 56.5889 ], [ -103.72087, 56.54036 ], [ -103.99467, 56.504 ], [ -103.98686, 56.4555 ], [ -104.12547, 56.4493 ], [ -104.13341, 56.4978 ], [ -104.31834, 56.48936 ], [ -104.32649, 56.53786 ], [ -104.51153, 56.52922 ], [ -104.66299, 56.59537 ], [ -104.94076, 56.58182 ], [ -104.94953, 56.63032 ], [ -105.27372, 56.61396 ], [ -105.41721, 56.63101 ], [ -105.42645, 56.6795 ], [ -105.88973, 56.65471 ], [ -105.89458, 56.67895 ], [ -106.31134, 56.65562 ], [ -106.31639, 56.67984 ], [ -106.73295, 56.65555 ], [ -106.73821, 56.67976 ], [ -107.15455, 56.65449 ], [ -107.14909, 56.6303 ], [ -107.42627, 56.61293 ], [ -107.43187, 56.63712 ], [ -107.75516, 56.61631 ], [ -107.74941, 56.59214 ], [ -108.07227, 56.57078 ], [ -108.29671, 56.53103 ], [ -108.56065, 56.46367 ], [ -108.79044, 56.44745 ], [ -109.27604, 56.33848 ], [ -109.3939, 56.25604 ], [ -109.66152, 56.21124 ], [ -109.64828, 56.16315 ], [ -109.9995, 56.08686 ], [ -110.29041, 55.96558 ], [ -110.27664, 55.9176 ], [ -110.45104, 55.87898 ], [ -110.43713, 55.83104 ], [ -110.61112, 55.79228 ], [ -110.73258, 55.73317 ], [ -110.83952, 55.62614 ], [ -110.96748, 55.59085 ], [ -110.95316, 55.54303 ], [ -111.08082, 55.50767 ], [ -111.06642, 55.45987 ], [ -111.17931, 55.37669 ], [ -111.26891, 55.36895 ], [ -111.29183, 55.29346 ], [ -111.51576, 55.12691 ], [ -111.50106, 55.07925 ], [ -111.56795, 54.9999 ], [ -111.64942, 54.96818 ], [ -111.66421, 54.869 ], [ -111.8409, 54.70635 ], [ -111.81858, 54.63505 ], [ -111.89932, 54.60326 ], [ -111.89862, 54.45675 ], [ -112.00796, 54.37346 ], [ -111.9781, 54.27857 ], [ -112.06334, 53.97801 ], [ -112.06104, 53.68591 ], [ -112.10432, 53.68186 ], [ -111.87742, 52.94966 ], [ -111.83473, 52.95365 ], [ -111.7845, 52.78855 ], [ -111.80558, 52.71385 ], [ -111.76989, 52.59602 ], [ -111.8547, 52.58808 ], [ -111.81899, 52.47031 ], [ -111.89643, 52.43881 ], [ -111.85361, 52.29757 ], [ -111.86017, 52.17594 ], [ -111.93715, 52.14446 ], [ -111.85199, 51.86234 ], [ -111.89381, 51.85836 ], [ -111.73962, 51.34173 ], [ -111.69819, 51.34566 ], [ -111.62239, 51.08758 ], [ -111.58116, 51.09147 ], [ -111.54022, 50.95075 ], [ -111.46522, 50.83738 ], [ -111.36966, 50.79818 ], [ -111.34286, 50.70441 ], [ -111.23434, 50.61827 ], [ -111.16702, 50.5283 ], [ -111.02487, 50.46928 ], [ -110.99883, 50.37552 ], [ -110.86369, 50.33982 ], [ -110.83798, 50.24607 ], [ -110.78453, 50.20289 ], [ -110.59674, 50.12379 ], [ -110.53108, 50.03368 ], [ -110.45003, 50.0409 ], [ -110.42516, 49.94716 ], [ -110.34423, 49.95433 ], [ -110.15792, 49.87477 ], [ -110.09327, 49.78454 ], [ -110.01253, 49.79154 ], [ -109.82726, 49.71164 ], [ -109.81542, 49.66475 ], [ -109.69451, 49.67503 ], [ -109.63085, 49.58465 ], [ -109.51009, 49.59479 ], [ -109.41808, 49.5546 ], [ -109.36071, 49.48758 ], [ -109.24011, 49.49752 ], [ -109.22881, 49.45061 ], [ -109.10827, 49.46045 ], [ -108.90342, 49.28576 ], [ -108.8415, 49.19515 ], [ -108.66527, 49.13749 ], [ -108.65453, 49.09058 ], [ -108.45247, 48.91545 ], [ -108.37279, 48.92162 ], [ -108.35712, 48.85126 ], [ -108.55603, 48.83577 ], [ -108.54544, 48.78888 ], [ -108.699, 48.75288 ], [ -108.89747, 48.73696 ], [ -108.88119, 48.66667 ], [ -108.79115, 48.6262 ], [ -108.66698, 48.61226 ], [ -108.50852, 48.62479 ], [ -108.49801, 48.57791 ], [ -108.3, 48.59333 ], [ -108.28967, 48.54644 ], [ -108.11097, 48.4648 ], [ -107.95782, 48.50022 ], [ -107.97289, 48.57058 ], [ -107.8144, 48.58241 ], [ -107.82434, 48.62933 ], [ -107.58141, 48.62334 ], [ -107.42269, 48.63478 ], [ -107.41308, 48.58784 ], [ -107.2497, 48.57564 ], [ -107.09104, 48.58676 ], [ -107.08173, 48.5398 ], [ -106.98398, 48.45137 ], [ -106.70683, 48.47026 ], [ -106.61424, 48.4051 ], [ -106.45595, 48.41559 ], [ -106.46472, 48.46258 ], [ -106.35891, 48.54084 ], [ -106.23987, 48.54853 ], [ -106.2528, 48.61904 ], [ -106.10659, 48.69971 ], [ -106.12366, 48.79377 ], [ -105.96838, 48.82729 ], [ -105.89695, 48.87929 ], [ -105.86953, 48.95233 ], [ -105.88627, 49.04646 ], [ -105.77024, 49.07735 ], [ -105.77853, 49.12442 ], [ -105.66227, 49.15523 ], [ -105.50167, 49.16479 ], [ -105.4374, 49.26372 ], [ -105.44947, 49.33439 ], [ -105.34056, 49.4121 ], [ -105.1388, 49.42362 ], [ -105.00232, 49.33613 ], [ -105.01955, 49.19249 ], [ -104.98896, 49.00402 ], [ -104.86125, 48.96359 ], [ -104.83878, 48.82227 ], [ -104.7589, 48.82665 ], [ -104.67167, 48.78389 ], [ -104.6607, 48.71324 ], [ -104.86, 48.70233 ], [ -104.84881, 48.6317 ], [ -104.7692, 48.63609 ], [ -104.59546, 48.55056 ], [ -104.54851, 48.50561 ], [ -104.50918, 48.24669 ], [ -104.46256, 48.20173 ], [ -104.14635, 48.21827 ], [ -104.0538, 48.12814 ], [ -103.93536, 48.13411 ], [ -103.88928, 48.089 ], [ -103.87614, 47.99484 ], [ -103.79736, 47.99874 ], [ -103.66638, 47.91035 ], [ -103.65047, 47.79266 ], [ -103.72898, 47.78883 ], [ -103.71298, 47.67117 ], [ -103.55627, 47.67877 ], [ -103.4264, 47.59022 ], [ -103.4532, 47.49424 ], [ -103.40429, 47.11783 ], [ -103.36548, 47.11967 ], [ -103.28775, 46.50829 ], [ -103.31428, 46.41245 ], [ -103.48773, 46.26225 ], [ -103.64065, 46.25473 ], [ -103.62832, 46.16075 ], [ -103.28476, 46.17742 ], [ -103.23489, 46.08522 ], [ -103.0061, 46.09583 ], [ -102.92424, 46.05228 ], [ -102.87505, 45.95997 ], [ -102.9892, 45.95481 ], [ -102.98358, 45.9078 ], [ -102.8315, 45.91467 ], [ -102.83699, 45.96168 ], [ -102.68475, 45.96839 ], [ -102.64401, 45.94654 ], [ -102.45372, 45.95467 ], [ -102.38272, 46.00489 ], [ -102.3523, 46.07702 ], [ -102.00891, 46.09084 ], [ -101.89203, 46.07175 ], [ -101.70124, 46.07895 ], [ -101.66764, 46.12742 ], [ -101.68369, 46.29212 ], [ -101.41552, 46.30178 ], [ -101.41115, 46.25471 ], [ -101.25799, 46.26001 ], [ -101.26864, 46.3777 ], [ -101.19822, 46.45092 ], [ -100.7755, 46.46455 ], [ -100.58516, 46.49392 ], [ -100.57216, 46.32908 ], [ -100.52831, 46.25958 ], [ -100.33851, 46.28863 ], [ -100.32626, 46.12381 ], [ -100.3592, 46.05209 ], [ -100.31755, 46.00608 ], [ -100.12681, 46.01133 ], [ -100.00911, 45.96727 ], [ -99.88535, 45.82894 ], [ -99.88068, 45.75831 ], [ -99.80164, 45.71313 ], [ -99.71975, 45.62083 ], [ -99.86981, 45.59351 ], [ -99.90146, 45.49838 ], [ -99.97711, 45.49643 ], [ -99.93144, 45.37972 ], [ -99.66717, 45.38632 ], [ -99.62652, 45.34015 ], [ -99.62076, 45.24599 ], [ -99.58024, 45.19981 ], [ -99.46732, 45.20243 ], [ -99.47561, 45.34368 ], [ -99.39879, 45.32184 ], [ -99.21018, 45.32595 ], [ -99.13723, 45.37462 ], [ -99.14223, 45.4688 ], [ -98.99215, 45.49539 ], [ -98.99455, 45.54249 ], [ -98.65372, 45.54881 ], [ -98.579, 45.57366 ], [ -98.50723, 45.66913 ], [ -98.50924, 45.71624 ], [ -98.3573, 45.71866 ], [ -98.32397, 45.83703 ], [ -98.24784, 45.83816 ], [ -98.25236, 45.95596 ], [ -97.71832, 45.96287 ], [ -97.7197, 46.01 ], [ -97.56697, 46.01163 ], [ -97.45184, 45.98919 ], [ -97.22281, 45.99119 ], [ -97.2238, 46.03832 ], [ -96.99458, 46.03997 ], [ -97.03361, 46.08685 ], [ -96.99658, 46.15781 ], [ -96.92002, 46.15829 ], [ -96.88316, 46.25279 ], [ -96.76813, 46.25341 ], [ -96.76906, 46.32413 ], [ -96.69284, 46.37164 ], [ -96.53914, 46.37225 ], [ -96.46267, 46.41965 ], [ -96.38544, 46.37271 ], [ -96.19331, 46.37307 ], [ -96.19316, 46.32592 ], [ -96.00118, 46.32604 ], [ -95.9628, 46.30246 ], [ -95.9629, 46.16103 ], [ -95.84816, 46.11382 ], [ -95.81013, 46.04307 ], [ -95.73393, 45.99582 ], [ -95.58122, 45.99548 ], [ -95.58156, 45.94835 ], [ -95.16195, 45.94663 ], [ -95.16162, 45.9702 ], [ -94.51295, 45.96528 ], [ -94.35836, 46.03442 ], [ -94.20629, 46.00915 ], [ -94.09483, 45.91352 ], [ -94.1017, 45.70148 ], [ -94.02653, 45.67696 ], [ -93.79876, 45.67385 ], [ -93.72011, 45.74341 ], [ -93.71828, 45.79052 ], [ -93.56615, 45.78818 ], [ -93.53109, 45.7169 ], [ -93.37916, 45.71437 ], [ -93.38126, 45.66726 ], [ -93.26741, 45.66527 ], [ -93.22502, 45.7588 ], [ -93.14901, 45.7574 ], [ -92.99338, 45.82514 ], [ -92.95043, 45.9186 ], [ -92.8717, 45.96418 ], [ -92.6429, 45.95934 ], [ -92.6402, 46.00645 ], [ -92.33494, 45.99946 ], [ -92.33199, 46.04656 ], [ -92.14109, 46.04189 ], [ -92.1442, 45.99479 ], [ -91.99163, 45.99088 ], [ -91.87887, 45.9643 ], [ -91.84409, 45.91619 ], [ -91.85908, 45.70431 ], [ -92.0109, 45.70835 ], [ -91.97777, 45.63673 ], [ -91.71243, 45.62951 ], [ -91.60576, 45.53213 ], [ -91.61452, 45.41446 ], [ -91.58028, 45.3663 ], [ -91.35207, 45.38307 ], [ -91.23507, 45.42662 ], [ -91.20496, 45.33132 ], [ -91.01647, 45.32525 ], [ -90.9431, 45.29923 ], [ -90.91352, 45.20388 ], [ -90.92762, 45.03923 ], [ -90.89416, 44.99093 ], [ -90.74633, 44.96226 ], [ -90.71306, 44.91392 ], [ -90.72348, 44.79634 ], [ -90.64878, 44.7937 ], [ -90.61992, 44.69831 ], [ -90.54749, 44.67211 ], [ -90.51885, 44.5767 ], [ -90.40722, 44.57258 ], [ -90.37665, 44.50066 ], [ -90.26517, 44.49643 ], [ -90.13761, 44.65666 ], [ -90.12837, 44.75068 ], [ -90.007, 44.84029 ], [ -89.85028, 44.90477 ], [ -89.80309, 44.99725 ], [ -89.72321, 45.04116 ], [ -89.57329, 45.03485 ], [ -89.51119, 44.91415 ], [ -89.44417, 44.84042 ], [ -89.03346, 44.82196 ], [ -88.98507, 44.91418 ], [ -88.78107, 45.04627 ], [ -88.70616, 45.04267 ], [ -88.65708, 45.13479 ], [ -88.53568, 45.19973 ], [ -88.46058, 45.19601 ], [ -88.51299, 45.08046 ], [ -88.58794, 45.08416 ], [ -88.56225, 44.98839 ], [ -88.32565, 45.07106 ], [ -88.24459, 45.11418 ], [ -88.23228, 45.20809 ], [ -88.38248, 45.21572 ], [ -88.37339, 45.28617 ], [ -88.26061, 45.28044 ], [ -88.25445, 45.3274 ], [ -88.1416, 45.32159 ], [ -88.00971, 45.45655 ], [ -87.99695, 45.55045 ], [ -87.87397, 45.61487 ], [ -87.82311, 45.70675 ], [ -87.63389, 45.69648 ], [ -87.517, 45.71368 ], [ -87.51021, 45.76062 ], [ -87.24516, 45.74563 ], [ -87.23815, 45.79256 ], [ -87.08664, 45.78379 ] ], [ [ -96.81405, 46.79549 ], [ -96.89219, 46.84223 ], [ -96.89328, 46.91299 ], [ -96.81638, 46.96059 ], [ -96.73875, 46.96097 ], [ -96.69879, 46.86681 ], [ -96.81405, 46.79549 ] ], [ [ -100.82395, 53.11276 ], [ -100.60707, 53.11871 ], [ -100.57206, 53.21553 ], [ -100.39013, 53.12439 ], [ -100.25995, 53.12766 ], [ -100.25605, 53.07983 ], [ -99.99588, 53.08608 ], [ -99.94529, 52.99144 ], [ -99.72882, 52.99628 ], [ -99.67712, 52.87769 ], [ -99.66209, 52.66267 ], [ -99.61906, 52.66359 ], [ -99.60433, 52.44873 ], [ -99.68836, 52.42304 ], [ -99.72446, 52.32668 ], [ -99.80824, 52.30093 ], [ -99.79625, 52.13403 ], [ -99.70773, 52.08825 ], [ -99.69611, 51.92147 ], [ -99.77757, 51.87195 ], [ -99.77251, 51.80052 ], [ -99.68785, 51.80239 ], [ -99.6928, 51.87383 ], [ -99.60802, 51.87567 ], [ -99.52009, 51.82983 ], [ -99.39301, 51.83243 ], [ -99.30534, 51.78649 ], [ -99.22356, 51.83576 ], [ -99.13883, 51.83736 ], [ -99.13323, 51.7421 ], [ -99.04864, 51.74365 ], [ -99.04456, 51.67222 ], [ -98.87688, 51.69901 ], [ -98.70421, 51.63039 ], [ -98.74153, 51.53449 ], [ -98.73182, 51.34416 ], [ -98.56273, 51.32303 ], [ -98.55481, 51.15657 ], [ -98.63849, 51.15527 ], [ -98.635, 51.08396 ], [ -98.71617, 51.03509 ], [ -98.7102, 50.91629 ], [ -98.46027, 50.92017 ], [ -98.20352, 50.7574 ], [ -98.20159, 50.70991 ], [ -97.94321, 50.45189 ], [ -97.9019, 50.45238 ], [ -97.89612, 50.28629 ], [ -98.06084, 50.28431 ], [ -98.09928, 50.21263 ], [ -98.22265, 50.21101 ], [ -98.22072, 50.16358 ], [ -98.5083, 50.15944 ], [ -98.59271, 50.20558 ], [ -98.60061, 50.37161 ], [ -98.56495, 50.49089 ], [ -98.61083, 50.58518 ], [ -98.69716, 50.65506 ], [ -98.70189, 50.75003 ], [ -98.87302, 50.84223 ], [ -98.87934, 50.961 ], [ -98.96271, 50.95953 ], [ -99.05144, 51.05307 ], [ -99.06494, 51.29077 ], [ -99.10688, 51.29 ], [ -99.1193, 51.50407 ], [ -99.28771, 51.50086 ], [ -99.33723, 51.61901 ], [ -99.4638, 51.61644 ], [ -99.4561, 51.49747 ], [ -99.54029, 51.49571 ], [ -99.58876, 51.58999 ], [ -99.71524, 51.58724 ], [ -99.71194, 51.53965 ], [ -99.8383, 51.53681 ], [ -99.97703, 51.70043 ], [ -100.06152, 51.69841 ], [ -100.06877, 51.79362 ], [ -100.15898, 51.86298 ], [ -100.19651, 52.33956 ], [ -100.15939, 52.41217 ], [ -100.07376, 52.41424 ], [ -100.04008, 52.53457 ], [ -100.08669, 52.58128 ], [ -100.10344, 52.79619 ], [ -100.18968, 52.7941 ], [ -100.21936, 52.62588 ], [ -100.39129, 52.62154 ], [ -100.44232, 52.71592 ], [ -100.45853, 52.90701 ], [ -100.54495, 52.90474 ], [ -100.61872, 52.75911 ], [ -100.74797, 52.75557 ], [ -100.74365, 52.70782 ], [ -100.87276, 52.70419 ], [ -100.88163, 52.79969 ], [ -101.06328, 52.8902 ], [ -100.97919, 52.91662 ], [ -101.03157, 53.01093 ], [ -101.12047, 53.03226 ], [ -101.12985, 53.12787 ], [ -100.91519, 53.15812 ], [ -100.82395, 53.11276 ] ], [ [ -98.77464, 52.99042 ], [ -98.86388, 53.03683 ], [ -99.08059, 53.03308 ], [ -99.26438, 53.19736 ], [ -99.27189, 53.31706 ], [ -99.18621, 53.34264 ], [ -99.19061, 53.41449 ], [ -99.1033, 53.41608 ], [ -99.06387, 53.48874 ], [ -99.07238, 53.63256 ], [ -99.03274, 53.70528 ], [ -99.03837, 53.80124 ], [ -98.95727, 53.92276 ], [ -98.69271, 53.92706 ], [ -98.6902, 53.87904 ], [ -98.29366, 53.88472 ], [ -98.34099, 53.95617 ], [ -98.34535, 54.05226 ], [ -98.25799, 54.07745 ], [ -98.21894, 54.1982 ], [ -98.04829, 54.36873 ], [ -98.05022, 54.41686 ], [ -97.91664, 54.41837 ], [ -97.8686, 54.3226 ], [ -97.7797, 54.32353 ], [ -97.7772, 54.25136 ], [ -97.86423, 54.20234 ], [ -98.08593, 54.19984 ], [ -98.12927, 54.17526 ], [ -98.07815, 54.00757 ], [ -97.99073, 54.03263 ], [ -97.81394, 54.03456 ], [ -97.76727, 53.96294 ], [ -97.89968, 53.96155 ], [ -97.89351, 53.79347 ], [ -97.80385, 53.74641 ], [ -97.79801, 53.57849 ], [ -97.66504, 53.53185 ], [ -97.6612, 53.412 ], [ -97.57386, 53.41281 ], [ -97.52667, 53.29341 ], [ -97.4382, 53.24626 ], [ -97.43359, 53.07866 ], [ -97.34495, 53.00757 ], [ -97.38702, 52.95938 ], [ -97.38449, 52.8637 ], [ -97.2951, 52.74483 ], [ -97.20886, 52.74547 ], [ -97.12007, 52.62656 ], [ -97.11804, 52.531 ], [ -97.07363, 52.45962 ], [ -96.98696, 52.41238 ], [ -96.98252, 52.17372 ], [ -96.8964, 52.12648 ], [ -96.89519, 52.05493 ], [ -96.80934, 52.00767 ], [ -96.80789, 51.91231 ], [ -96.67962, 51.84137 ], [ -96.67841, 51.74606 ], [ -96.63468, 51.62713 ], [ -96.54974, 51.5798 ], [ -96.54901, 51.50837 ], [ -96.42149, 51.36592 ], [ -96.33745, 51.36612 ], [ -96.337, 51.29473 ], [ -96.25285, 51.2473 ], [ -96.29439, 51.17588 ], [ -96.29387, 51.08075 ], [ -96.37746, 51.08059 ], [ -96.3763, 50.91419 ], [ -96.33463, 50.91428 ], [ -96.33317, 50.6767 ], [ -96.29143, 50.62928 ], [ -96.49868, 50.62878 ], [ -96.58208, 50.67601 ], [ -96.5803, 50.50979 ], [ -96.53801, 50.41499 ], [ -96.62004, 50.36723 ], [ -96.90878, 50.36589 ], [ -96.9943, 50.53156 ], [ -97.00218, 50.95913 ], [ -96.96048, 50.95938 ], [ -96.96344, 51.12579 ], [ -96.88056, 51.17381 ], [ -97.00616, 51.1731 ], [ -96.96643, 51.29228 ], [ -96.84316, 51.45954 ], [ -96.75999, 51.53135 ], [ -96.76067, 51.57897 ], [ -96.84692, 51.69765 ], [ -97.05784, 51.67263 ], [ -97.09912, 51.62473 ], [ -97.09667, 51.50568 ], [ -97.17883, 51.4099 ], [ -97.30498, 51.40897 ], [ -97.31138, 51.67085 ], [ -97.22906, 51.76677 ], [ -97.23181, 51.88591 ], [ -97.31725, 51.9091 ], [ -97.31961, 52.00446 ], [ -97.48969, 52.00304 ], [ -97.48702, 51.90769 ], [ -97.61435, 51.90652 ], [ -97.61869, 52.04956 ], [ -97.70457, 52.07257 ], [ -97.74479, 52.0006 ], [ -97.73933, 51.83377 ], [ -97.82572, 51.88053 ], [ -97.95297, 51.8791 ], [ -98.03962, 51.92576 ], [ -98.08488, 51.99675 ], [ -98.08862, 52.09212 ], [ -98.17477, 52.11489 ], [ -98.18065, 52.25801 ], [ -98.35257, 52.27958 ], [ -98.44023, 52.3261 ], [ -98.44465, 52.42157 ], [ -98.53607, 52.53969 ], [ -98.62195, 52.53839 ], [ -98.66973, 52.63325 ], [ -98.75576, 52.63189 ], [ -98.84565, 52.70214 ], [ -98.8953, 52.8209 ], [ -98.90324, 52.96435 ], [ -98.77464, 52.99042 ] ] ], [ [ [ -96.79788, 51.24559 ], [ -96.71403, 51.24597 ], [ -96.6733, 51.3413 ], [ -96.7573, 51.34095 ], [ -96.79788, 51.24559 ] ] ], [ [ [ -98.77464, 52.99042 ], [ -98.55809, 52.99378 ], [ -98.56043, 53.04163 ], [ -98.73383, 53.03895 ], [ -98.77464, 52.99042 ] ] ], [ [ [ -84.81211, 44.87456 ], [ -84.70497, 44.84281 ], [ -84.69161, 44.91297 ], [ -84.80328, 44.92133 ], [ -84.81211, 44.87456 ] ] ], [ [ [ -84.3522, 44.91074 ], [ -84.32457, 45.051 ], [ -84.44558, 45.01288 ], [ -84.46382, 44.91936 ], [ -84.3522, 44.91074 ] ] ], [ [ [ -81.45901, 45.13413 ], [ -81.32428, 45.21639 ], [ -81.54199, 45.2613 ], [ -81.52193, 45.18787 ], [ -81.45901, 45.13413 ] ] ], [ [ [ -81.88315, 45.74631 ], [ -81.86055, 45.83952 ], [ -81.93024, 45.86982 ], [ -81.90767, 45.96304 ], [ -81.98315, 45.97 ], [ -82.0377, 45.90354 ], [ -82.19962, 45.87067 ], [ -82.38814, 45.88764 ], [ -82.53368, 45.75776 ], [ -82.38859, 45.72102 ], [ -82.2382, 45.70746 ], [ -82.21712, 45.6341 ], [ -82.06698, 45.62038 ], [ -81.99752, 45.59015 ], [ -81.88315, 45.74631 ] ] ], [ [ [ -81.74988, 45.66237 ], [ -81.66339, 45.70188 ], [ -81.64046, 45.79505 ], [ -81.79662, 45.7859 ], [ -81.80797, 45.7393 ], [ -81.74988, 45.66237 ] ] ], [ [ [ -77.34807, 45.44568 ], [ -77.3556, 45.54271 ], [ -77.42992, 45.5519 ], [ -77.52677, 45.61184 ], [ -77.67566, 45.63002 ], [ -77.72833, 45.70843 ], [ -77.93777, 45.78162 ], [ -78.04984, 45.79497 ], [ -78.22256, 45.86334 ], [ -78.28326, 45.91842 ], [ -78.40271, 45.90835 ], [ -78.38638, 45.83452 ], [ -78.31155, 45.82579 ], [ -78.27213, 45.70127 ], [ -78.21874, 45.62305 ], [ -78.10695, 45.60983 ], [ -78.18672, 45.47538 ], [ -78.05942, 45.38829 ], [ -77.91102, 45.37049 ], [ -77.90975, 45.25037 ], [ -77.83574, 45.24142 ], [ -77.82029, 45.16756 ], [ -77.62833, 45.16811 ], [ -77.52531, 45.25146 ], [ -77.29612, 45.24703 ], [ -77.28133, 45.29323 ], [ -77.42199, 45.33475 ], [ -77.34807, 45.44568 ] ] ], [ [ [ -79.42733, 46.11939 ], [ -79.37202, 46.04155 ], [ -79.21485, 46.04822 ], [ -79.23229, 46.12197 ], [ -79.38299, 46.13849 ], [ -79.42733, 46.11939 ] ] ], [ [ [ -88.36219, 47.13025 ], [ -88.28458, 47.12643 ], [ -88.22985, 47.24208 ], [ -88.14564, 47.28523 ], [ -88.05477, 47.37537 ], [ -88.04822, 47.42241 ], [ -87.73635, 47.40628 ], [ -87.72954, 47.4533 ], [ -88.04165, 47.46944 ], [ -88.16198, 47.45182 ], [ -88.16844, 47.40477 ], [ -88.28541, 47.41057 ], [ -88.29176, 47.36353 ], [ -88.40866, 47.36924 ], [ -88.41491, 47.32219 ], [ -88.57985, 47.25908 ], [ -88.59203, 47.16499 ], [ -88.47553, 47.15942 ], [ -88.39163, 47.2027 ], [ -88.36219, 47.13025 ] ] ], [ [ [ -85.85927, 47.79446 ], [ -85.86767, 47.74751 ], [ -85.71118, 47.73735 ], [ -85.6635, 47.78174 ], [ -85.85927, 47.79446 ] ] ], [ [ [ -88.09311, 48.7997 ], [ -87.85342, 48.7877 ], [ -87.84653, 48.83483 ], [ -88.04643, 48.84487 ], [ -88.09311, 48.7997 ] ] ] ] } },
{ "type": "Feature", "properties": { "ID": 2 }, "geometry": { "type": "MultiPolygon", "coordinates": [ [ [ [ -81.81878, 36.19392 ], [ -81.91582, 36.2045 ], [ -81.93033, 36.13407 ], [ -81.83339, 36.1235 ], [ -81.81878, 36.19392 ] ] ], [ [ [ -81.49279, 36.63796 ], [ -81.41259, 36.70101 ], [ -81.57544, 36.71908 ], [ -81.66047, 36.63249 ], [ -81.68523, 36.51525 ], [ -81.49279, 36.63796 ] ] ], [ [ [ -81.33645, 37.05235 ], [ -81.27811, 37.16574 ], [ -81.33856, 37.19646 ], [ -81.46977, 37.211 ], [ -81.51524, 37.00024 ], [ -81.34665, 37.00552 ], [ -81.33645, 37.05235 ] ] ], [ [ [ -79.21485, 46.04822 ], [ -79.37202, 46.04155 ], [ -79.42733, 46.11939 ], [ -79.53377, 46.15486 ], [ -79.7601, 46.17913 ], [ -79.76663, 46.15591 ], [ -79.99306, 46.17984 ], [ -79.99949, 46.1566 ], [ -80.22602, 46.1802 ], [ -80.23236, 46.15695 ], [ -80.45898, 46.1802 ], [ -80.46523, 46.15694 ], [ -80.69194, 46.17985 ], [ -80.6981, 46.15658 ], [ -80.9249, 46.17915 ], [ -81.01862, 46.11676 ], [ -81.20758, 46.13519 ], [ -81.32692, 46.12285 ], [ -81.33871, 46.07628 ], [ -81.48984, 46.09073 ], [ -81.47539, 45.99396 ], [ -81.39408, 46.01004 ], [ -81.24318, 45.9955 ], [ -81.23133, 46.04206 ], [ -81.11812, 46.03105 ], [ -81.13602, 45.96121 ], [ -80.97928, 45.96969 ], [ -80.75327, 45.94721 ], [ -80.62732, 45.83902 ], [ -80.55783, 45.66481 ], [ -80.40181, 45.6727 ], [ -80.35809, 45.54876 ], [ -80.38294, 45.4558 ], [ -80.20269, 45.41313 ], [ -80.04729, 45.42065 ], [ -79.98547, 45.3663 ], [ -80.06063, 45.23091 ], [ -79.99267, 45.19979 ], [ -80.01163, 45.13012 ], [ -79.95015, 45.07576 ], [ -79.93212, 45.00214 ], [ -79.82113, 44.99018 ], [ -79.77274, 44.88933 ], [ -79.64914, 44.92366 ], [ -79.70045, 44.73802 ], [ -79.92148, 44.76204 ], [ -79.93942, 44.83566 ], [ -80.05641, 44.82431 ], [ -79.94039, 44.6924 ], [ -79.99603, 44.62672 ], [ -80.03979, 44.4642 ], [ -80.08269, 44.44492 ], [ -80.2294, 44.46059 ], [ -80.37008, 44.49935 ], [ -80.35786, 44.54581 ], [ -80.49882, 44.58445 ], [ -80.64598, 44.59971 ], [ -80.65875, 44.69648 ], [ -80.80623, 44.71159 ], [ -80.83004, 44.61859 ], [ -80.87872, 44.57583 ], [ -80.97737, 44.63353 ], [ -80.92281, 44.69957 ], [ -80.89911, 44.79259 ], [ -81.00994, 44.80375 ], [ -81.0645, 44.73768 ], [ -81.17525, 44.74872 ], [ -81.11495, 44.8381 ], [ -81.19095, 44.98871 ], [ -81.30219, 44.99966 ], [ -81.27315, 45.11602 ], [ -81.34748, 45.12329 ], [ -81.32428, 45.21639 ], [ -81.45901, 45.13413 ], [ -81.47623, 45.06429 ], [ -81.37061, 45.03019 ], [ -81.30567, 44.83313 ], [ -81.23171, 44.82584 ], [ -81.26647, 44.68624 ], [ -81.25273, 44.58952 ], [ -81.33789, 44.55026 ], [ -81.37224, 44.41065 ], [ -81.48245, 44.42146 ], [ -81.5051, 44.32837 ], [ -81.57848, 44.33552 ], [ -81.62894, 44.12602 ], [ -81.70209, 44.13312 ], [ -81.68777, 44.03645 ], [ -81.72656, 43.87349 ], [ -81.69013, 43.86995 ], [ -81.72881, 43.70698 ], [ -81.72005, 43.58704 ], [ -81.64756, 43.57996 ], [ -81.70813, 43.32388 ], [ -81.82731, 43.28787 ], [ -81.88505, 43.19823 ], [ -81.99316, 43.20867 ], [ -82.00388, 43.16208 ], [ -82.09721, 43.07581 ], [ -82.17973, 43.03607 ], [ -82.28761, 43.0463 ], [ -82.29808, 42.99969 ], [ -82.47782, 43.01654 ], [ -82.48281, 43.15975 ], [ -82.5549, 43.16642 ], [ -82.52395, 43.30629 ], [ -82.53424, 43.42618 ], [ -82.6015, 43.45615 ], [ -82.58086, 43.5494 ], [ -82.64313, 43.60266 ], [ -82.61215, 43.74254 ], [ -82.68495, 43.74915 ], [ -82.66433, 43.84241 ], [ -82.77948, 43.99547 ], [ -82.88408, 44.02857 ], [ -83.03044, 44.04149 ], [ -83.12366, 43.95457 ], [ -83.23333, 43.9641 ], [ -83.3163, 43.92373 ], [ -83.33595, 43.83038 ], [ -83.52059, 43.6561 ], [ -83.59338, 43.66227 ], [ -83.64887, 43.57194 ], [ -83.74848, 43.62778 ], [ -83.89405, 43.63985 ], [ -83.96221, 43.66919 ], [ -83.97541, 43.78896 ], [ -83.94742, 43.92911 ], [ -83.89676, 43.99619 ], [ -83.81407, 44.03689 ], [ -83.74081, 44.03083 ], [ -83.57502, 44.112 ], [ -83.60204, 44.16177 ], [ -83.5827, 44.25516 ], [ -83.45288, 44.33926 ], [ -83.3326, 44.37658 ], [ -83.34965, 44.47307 ], [ -83.3149, 44.63646 ], [ -83.35188, 44.63959 ], [ -83.31704, 44.80299 ], [ -83.33917, 44.87615 ], [ -83.41344, 44.88241 ], [ -83.47784, 44.93532 ], [ -83.44814, 45.07541 ], [ -83.33138, 45.08939 ], [ -83.31633, 45.15942 ], [ -83.42826, 45.16881 ], [ -83.40332, 45.28555 ], [ -83.46816, 45.33848 ], [ -83.54302, 45.34467 ], [ -83.72047, 45.40671 ], [ -83.83293, 45.4158 ], [ -84.5065, 45.08873 ], [ -84.56193, 44.99805 ], [ -84.63646, 45.0037 ], [ -84.69161, 44.91297 ], [ -84.70497, 44.84281 ], [ -84.81211, 44.87456 ], [ -84.79443, 44.96811 ], [ -84.97641, 45.00528 ], [ -85.038, 45.08092 ], [ -85.02932, 45.12772 ], [ -85.13714, 45.15923 ], [ -85.11989, 45.25284 ], [ -85.34043, 45.29227 ], [ -85.39518, 44.98797 ], [ -85.37048, 44.91512 ], [ -85.45331, 44.87356 ], [ -85.46992, 44.77993 ], [ -85.5525, 44.73832 ], [ -85.6268, 44.74348 ], [ -85.68488, 44.84226 ], [ -85.63585, 45.12322 ], [ -85.71879, 45.08151 ], [ -85.73504, 44.98785 ], [ -85.78446, 44.92014 ], [ -85.9669, 44.95611 ], [ -86.04937, 44.91422 ], [ -86.08459, 44.70341 ], [ -86.20376, 44.6639 ], [ -86.25737, 44.33594 ], [ -86.2943, 44.33836 ], [ -86.31701, 44.1978 ], [ -86.36514, 44.12991 ], [ -86.48299, 44.09018 ], [ -86.3988, 43.91907 ], [ -86.42483, 43.75508 ], [ -86.55653, 43.62157 ], [ -86.48352, 43.61687 ], [ -86.45808, 43.54422 ], [ -86.47278, 43.4505 ], [ -86.39999, 43.44576 ], [ -86.38582, 43.30281 ], [ -86.2406, 43.2932 ], [ -86.26678, 43.12923 ], [ -86.20939, 43.03069 ], [ -86.19201, 42.91114 ], [ -86.28476, 42.32544 ], [ -86.33147, 42.25755 ], [ -86.15301, 42.24545 ], [ -86.07415, 42.2874 ], [ -86.10238, 42.33671 ], [ -86.08362, 42.45384 ], [ -85.98926, 42.58944 ], [ -85.83033, 42.67311 ], [ -85.7585, 42.66804 ], [ -85.69452, 42.61612 ], [ -85.72186, 42.45222 ], [ -85.77702, 42.33768 ], [ -85.81659, 42.31679 ], [ -85.83965, 42.17627 ], [ -85.87528, 42.17878 ], [ -85.91713, 41.92111 ], [ -85.88924, 41.87175 ], [ -85.78287, 41.86419 ], [ -85.79437, 41.79392 ], [ -85.65274, 41.78372 ], [ -85.57804, 41.80199 ], [ -85.60143, 41.66147 ], [ -85.53078, 41.65629 ], [ -85.51898, 41.51317 ], [ -85.4485, 41.50795 ], [ -85.42905, 41.41165 ], [ -85.35869, 41.40639 ], [ -85.37848, 41.28929 ], [ -85.23805, 41.27868 ], [ -85.17188, 41.2499 ], [ -85.03157, 41.23909 ], [ -84.9346, 41.18407 ], [ -84.65441, 41.16183 ], [ -84.56742, 41.24978 ], [ -84.42292, 41.26176 ], [ -84.17761, 41.24145 ], [ -84.05921, 41.30277 ], [ -83.77882, 41.2788 ], [ -83.76063, 41.37229 ], [ -83.7164, 41.416 ], [ -83.57599, 41.40375 ], [ -83.51046, 41.37421 ], [ -83.48717, 41.49102 ], [ -83.66291, 41.50642 ], [ -83.76384, 41.53892 ], [ -83.7226, 41.74922 ], [ -83.58145, 41.73698 ], [ -83.50621, 41.75417 ], [ -83.41208, 41.86473 ], [ -83.42857, 41.96125 ], [ -83.287, 41.94872 ], [ -83.24203, 41.99226 ], [ -83.20838, 42.15567 ], [ -83.28135, 42.32855 ], [ -83.19079, 42.4156 ], [ -83.07409, 42.45271 ], [ -83.0643, 42.49938 ], [ -82.91661, 42.50982 ], [ -82.83028, 42.5733 ], [ -82.80024, 42.71325 ], [ -82.62129, 42.6968 ], [ -82.56505, 42.62021 ], [ -82.58033, 42.55026 ], [ -82.40191, 42.53353 ], [ -82.41735, 42.4636 ], [ -82.35642, 42.41023 ], [ -82.41257, 42.32036 ], [ -82.49389, 42.28043 ], [ -82.74272, 42.30363 ], [ -82.88994, 42.29337 ], [ -82.91562, 42.34327 ], [ -82.96107, 42.29984 ], [ -83.00646, 42.2564 ], [ -83.07268, 42.28616 ], [ -83.1019, 42.14613 ], [ -83.03581, 42.11638 ], [ -82.95014, 42.17994 ], [ -82.84366, 42.17021 ], [ -82.78264, 42.11702 ], [ -82.79755, 42.04703 ], [ -82.68631, 42.0605 ], [ -82.54467, 42.04724 ], [ -82.40782, 42.1771 ], [ -82.30143, 42.16697 ], [ -82.13874, 42.24655 ], [ -82.12828, 42.29316 ], [ -81.98623, 42.27935 ], [ -81.8282, 42.33528 ], [ -81.8014, 42.45174 ], [ -81.42059, 42.67579 ], [ -81.24214, 42.65764 ], [ -80.98109, 42.67838 ], [ -80.76711, 42.65593 ], [ -80.45822, 42.57519 ], [ -80.42282, 42.7146 ], [ -80.3515, 42.70688 ], [ -80.29201, 42.79592 ], [ -80.20861, 42.83459 ], [ -80.09543, 42.84605 ], [ -79.8812, 42.8223 ], [ -79.82707, 42.88794 ], [ -79.6128, 42.86379 ], [ -79.49945, 42.87479 ], [ -79.48689, 42.92118 ], [ -79.30199, 42.92385 ], [ -79.15918, 42.90727 ], [ -79.05857, 42.87157 ], [ -79.03276, 42.96427 ], [ -79.08487, 43.04217 ], [ -79.00039, 43.08014 ], [ -78.8573, 43.06327 ], [ -78.84117, 42.98953 ], [ -78.69175, 42.99566 ], [ -78.66924, 42.94507 ], [ -78.70216, 42.82927 ], [ -78.84467, 42.8463 ], [ -78.87071, 42.75363 ], [ -78.91926, 42.71152 ], [ -79.03241, 42.70097 ], [ -79.08722, 42.63562 ], [ -79.11281, 42.5429 ], [ -79.2611, 42.53634 ], [ -79.32182, 42.44772 ], [ -79.44067, 42.41365 ], [ -79.50102, 42.32495 ], [ -79.60718, 42.33715 ], [ -79.77328, 42.26045 ], [ -79.82693, 42.19481 ], [ -79.99238, 42.11786 ], [ -80.13359, 42.13362 ], [ -80.2161, 42.09499 ], [ -80.26914, 42.02919 ], [ -80.35142, 41.99048 ], [ -80.45717, 42.00205 ], [ -80.46883, 41.95557 ], [ -80.6098, 41.97087 ], [ -80.69753, 41.90871 ], [ -80.74419, 41.86598 ], [ -80.83732, 41.78047 ], [ -80.91892, 41.74143 ], [ -81.09468, 41.75999 ], [ -81.26292, 41.65829 ], [ -81.31449, 41.59209 ], [ -81.34728, 41.45239 ], [ -81.2937, 41.37526 ], [ -81.22928, 41.34468 ], [ -81.08957, 41.32998 ], [ -80.95129, 41.4585 ], [ -80.92886, 41.55157 ], [ -80.81812, 41.56361 ], [ -80.73579, 41.45925 ], [ -80.67155, 41.42842 ], [ -80.53178, 41.41317 ], [ -80.50261, 41.38609 ], [ -80.36298, 41.37068 ], [ -80.31649, 41.26994 ], [ -80.33393, 41.20019 ], [ -80.23537, 41.16527 ], [ -80.21813, 41.09163 ], [ -80.07921, 41.07594 ], [ -80.09685, 41.00621 ], [ -79.99873, 40.97112 ], [ -79.82549, 40.95122 ], [ -79.73959, 40.86948 ], [ -79.66441, 40.88464 ], [ -79.49152, 40.86432 ], [ -79.47521, 40.79057 ], [ -79.40617, 40.78238 ], [ -79.35551, 40.7045 ], [ -79.37383, 40.63484 ], [ -79.31721, 40.58016 ], [ -79.30118, 40.50637 ], [ -79.19811, 40.49394 ], [ -79.21655, 40.42429 ], [ -79.29741, 40.38613 ], [ -79.33397, 40.24679 ], [ -79.40243, 40.25502 ], [ -79.50702, 40.12382 ], [ -79.57111, 40.01169 ], [ -79.70902, 39.88437 ], [ -79.76205, 39.67507 ], [ -79.59234, 39.65485 ], [ -79.56436, 39.62753 ], [ -79.64121, 39.32517 ], [ -79.56779, 39.34031 ], [ -79.63257, 39.08438 ], [ -79.74515, 39.04997 ], [ -79.78002, 38.91029 ], [ -79.85868, 38.87175 ], [ -79.99289, 38.8877 ], [ -80.01574, 38.79452 ], [ -79.91522, 38.78259 ], [ -79.96589, 38.71669 ], [ -79.98872, 38.6235 ], [ -80.05557, 38.63143 ], [ -80.072, 38.70529 ], [ -80.17243, 38.71711 ], [ -80.20621, 38.57726 ], [ -80.23963, 38.58118 ], [ -80.27878, 38.41797 ], [ -80.37882, 38.42964 ], [ -80.42323, 38.38686 ], [ -80.4453, 38.29355 ], [ -80.53381, 38.20792 ], [ -80.73252, 38.08694 ], [ -80.78722, 37.99732 ], [ -80.88671, 38.00863 ], [ -80.96367, 37.9694 ], [ -80.99542, 37.8292 ], [ -80.92395, 37.84509 ], [ -80.79162, 37.83004 ], [ -80.80766, 37.75995 ], [ -80.70855, 37.74858 ], [ -80.66475, 37.79149 ], [ -80.64314, 37.88491 ], [ -80.5108, 37.86958 ], [ -80.35649, 37.94749 ], [ -80.2352, 37.8852 ], [ -80.13601, 37.87341 ], [ -80.05868, 37.91217 ], [ -80.04744, 37.95883 ], [ -79.91417, 38.08682 ], [ -79.78732, 38.04746 ], [ -79.65337, 38.17518 ], [ -79.54631, 38.33011 ], [ -79.40746, 38.337 ], [ -79.31956, 38.27804 ], [ -79.26266, 38.36702 ], [ -79.17231, 38.45179 ], [ -79.11506, 38.54068 ], [ -79.04841, 38.53229 ], [ -79.02429, 38.62533 ], [ -79.03955, 38.69931 ], [ -79.15179, 38.66537 ], [ -79.17575, 38.57231 ], [ -79.31142, 38.44514 ], [ -79.37802, 38.45341 ], [ -79.39157, 38.67114 ], [ -79.32029, 38.95035 ], [ -79.28675, 38.94621 ], [ -79.2388, 39.13226 ], [ -79.15946, 39.17043 ], [ -79.11706, 39.33314 ], [ -79.06506, 39.39867 ], [ -79.12652, 39.43028 ], [ -79.09608, 39.54646 ], [ -78.96074, 39.52965 ], [ -78.91143, 39.71545 ], [ -78.7848, 39.79558 ], [ -78.69708, 40.12048 ], [ -78.6162, 40.15829 ], [ -78.59084, 40.25107 ], [ -78.50974, 40.28882 ], [ -78.43927, 40.54385 ], [ -78.37913, 40.63221 ], [ -78.28441, 40.71616 ], [ -78.12057, 40.79122 ], [ -78.0517, 40.78236 ], [ -77.95633, 40.86608 ], [ -77.94304, 40.91238 ], [ -77.82621, 40.94524 ], [ -77.77829, 40.98703 ], [ -77.75138, 41.07958 ], [ -77.59277, 41.13086 ], [ -77.53089, 41.21882 ], [ -77.39242, 41.2005 ], [ -77.3094, 41.23751 ], [ -77.25397, 41.30222 ], [ -77.17073, 41.33916 ], [ -77.02507, 41.34359 ], [ -76.67874, 41.2963 ], [ -76.60366, 41.18964 ], [ -76.43101, 41.16559 ], [ -76.41654, 41.21173 ], [ -76.31294, 41.19719 ], [ -76.30025, 41.12314 ], [ -76.224, 41.13645 ], [ -76.16968, 41.08056 ], [ -76.19889, 40.98831 ], [ -76.39986, 40.92036 ], [ -76.41427, 40.87421 ], [ -76.56027, 40.75019 ], [ -76.49167, 40.74057 ], [ -76.52026, 40.64824 ], [ -76.34911, 40.62407 ], [ -76.28602, 40.71151 ], [ -76.20299, 40.74789 ], [ -76.13445, 40.7381 ], [ -76.07827, 40.80237 ], [ -75.99501, 40.83863 ], [ -75.88473, 40.84682 ], [ -75.71328, 40.82189 ], [ -75.6223, 40.88097 ], [ -75.51942, 40.86584 ], [ -75.45496, 40.95289 ], [ -75.21089, 41.03737 ], [ -75.11913, 41.09611 ], [ -74.94732, 41.07026 ], [ -74.80217, 41.07241 ], [ -74.70213, 41.15386 ], [ -74.56777, 41.54439 ], [ -74.45067, 41.67156 ], [ -74.34679, 41.65559 ], [ -74.25332, 41.71375 ], [ -74.19655, 41.87434 ], [ -74.09445, 41.95532 ], [ -74.06989, 42.02412 ], [ -74.10675, 42.12664 ], [ -74.17648, 42.13741 ], [ -74.18685, 42.21159 ], [ -74.30213, 42.30184 ], [ -74.31268, 42.376 ], [ -74.37459, 42.40961 ], [ -74.53646, 42.57914 ], [ -74.64194, 42.59496 ], [ -74.65294, 42.6691 ], [ -74.72337, 42.6796 ], [ -74.77779, 42.73599 ], [ -74.84832, 42.74643 ], [ -74.8596, 42.82055 ], [ -75.07522, 42.94872 ], [ -75.24444, 42.99738 ], [ -75.22865, 43.04335 ], [ -75.43378, 43.09691 ], [ -75.58035, 43.21417 ], [ -75.68719, 43.22923 ], [ -75.77864, 43.29024 ], [ -75.84997, 43.3002 ], [ -75.85486, 43.39724 ], [ -75.81624, 43.51233 ], [ -75.81334, 43.63238 ], [ -75.89281, 43.6193 ], [ -75.85412, 43.7344 ], [ -75.85904, 43.83143 ], [ -75.93103, 43.84135 ], [ -75.90004, 43.93343 ], [ -75.96178, 44.08641 ], [ -76.07556, 44.19823 ], [ -76.22051, 44.21781 ], [ -76.3388, 44.08929 ], [ -76.19412, 44.06983 ], [ -76.11413, 44.08307 ], [ -76.02114, 44.02227 ], [ -76.04429, 43.95319 ], [ -76.11645, 43.96301 ], [ -76.16244, 43.82481 ], [ -76.22894, 43.73755 ], [ -76.16466, 43.70475 ], [ -76.15163, 43.63075 ], [ -76.19729, 43.49254 ], [ -76.3406, 43.51201 ], [ -76.45564, 43.50346 ], [ -76.62878, 43.43045 ], [ -76.65842, 43.33821 ], [ -76.75205, 43.27854 ], [ -76.93079, 43.30217 ], [ -76.98837, 43.23765 ], [ -77.16707, 43.26099 ], [ -77.30299, 43.30261 ], [ -77.41749, 43.29331 ], [ -77.4317, 43.24712 ], [ -77.75382, 43.28801 ], [ -77.8185, 43.32012 ], [ -77.9619, 43.338 ], [ -77.99086, 43.36558 ], [ -78.17031, 43.3877 ], [ -78.543, 43.38499 ], [ -78.59895, 43.31984 ], [ -78.77848, 43.34123 ], [ -78.79167, 43.2949 ], [ -78.94181, 43.28867 ], [ -78.95487, 43.24233 ], [ -79.13429, 43.26328 ], [ -79.1895, 43.1979 ], [ -79.41111, 43.19948 ], [ -79.59057, 43.21987 ], [ -79.69206, 43.2552 ], [ -79.80608, 43.24405 ], [ -79.75634, 43.42969 ], [ -79.6294, 43.4872 ], [ -79.59157, 43.62638 ], [ -79.50659, 43.66464 ], [ -79.43428, 43.65647 ], [ -79.37892, 43.72193 ], [ -79.29368, 43.76006 ], [ -79.22128, 43.75179 ], [ -79.1591, 43.84035 ], [ -79.0504, 43.82783 ], [ -79.0373, 43.87417 ], [ -78.84946, 43.87627 ], [ -78.8362, 43.9226 ], [ -78.68447, 43.92872 ], [ -78.50322, 43.90722 ], [ -78.41037, 43.968 ], [ -78.30159, 43.95492 ], [ -78.28789, 44.0012 ], [ -78.17218, 44.01117 ], [ -77.99088, 43.98905 ], [ -77.87515, 43.99879 ], [ -77.8611, 44.04503 ], [ -77.75231, 44.03155 ], [ -77.52104, 44.17064 ], [ -77.4121, 44.15692 ], [ -77.3541, 44.22161 ], [ -77.17247, 44.19849 ], [ -76.97622, 44.2213 ], [ -76.83102, 44.20246 ], [ -76.73604, 44.26217 ], [ -76.55453, 44.2383 ], [ -76.49553, 44.30266 ], [ -76.35029, 44.28334 ], [ -76.33501, 44.32943 ], [ -76.18206, 44.333 ], [ -76.11483, 44.42024 ], [ -76.16439, 44.49914 ], [ -76.26597, 44.53682 ], [ -76.27163, 44.63386 ], [ -76.32158, 44.71271 ], [ -76.42361, 44.75028 ], [ -76.43722, 44.82427 ], [ -76.5105, 44.8339 ], [ -76.52424, 44.90788 ], [ -76.59764, 44.91747 ], [ -76.6115, 44.99144 ], [ -76.75749, 45.13061 ], [ -76.9117, 45.24656 ], [ -77.05199, 45.28843 ], [ -77.037, 45.3346 ], [ -77.17759, 45.37635 ], [ -77.22938, 45.45492 ], [ -77.34807, 45.44568 ], [ -77.42199, 45.33475 ], [ -77.28133, 45.29323 ], [ -77.29612, 45.24703 ], [ -77.52531, 45.25146 ], [ -77.62833, 45.16811 ], [ -77.82029, 45.16756 ], [ -77.83574, 45.24142 ], [ -77.90975, 45.25037 ], [ -77.91102, 45.37049 ], [ -78.05942, 45.38829 ], [ -78.18672, 45.47538 ], [ -78.10695, 45.60983 ], [ -78.21874, 45.62305 ], [ -78.27213, 45.70127 ], [ -78.31155, 45.82579 ], [ -78.38638, 45.83452 ], [ -78.40271, 45.90835 ], [ -78.46363, 45.96336 ], [ -78.68183, 46.01238 ], [ -78.83209, 46.02943 ], [ -79.01322, 46.07373 ], [ -79.20138, 46.09462 ], [ -79.21485, 46.04822 ] ], [ [ -75.82456, 41.36867 ], [ -75.7329, 41.42779 ], [ -75.6291, 41.41275 ], [ -75.65926, 41.32064 ], [ -75.77788, 41.28959 ], [ -75.84225, 41.20242 ], [ -75.94575, 41.21731 ], [ -75.82456, 41.36867 ] ], [ [ -76.24683, 43.11418 ], [ -76.18859, 43.17842 ], [ -75.99778, 43.07987 ], [ -76.0282, 42.98775 ], [ -76.20581, 43.01227 ], [ -76.26939, 43.04506 ], [ -76.24683, 43.11418 ] ], [ [ -84.3522, 44.91074 ], [ -84.46382, 44.91936 ], [ -84.44558, 45.01288 ], [ -84.32457, 45.051 ], [ -84.3522, 44.91074 ] ] ], [ [ [ -87.08664, 45.78379 ], [ -87.23815, 45.79256 ], [ -87.24516, 45.74563 ], [ -87.51021, 45.76062 ], [ -87.517, 45.71368 ], [ -87.63389, 45.69648 ], [ -87.82311, 45.70675 ], [ -87.87397, 45.61487 ], [ -87.99695, 45.55045 ], [ -88.00971, 45.45655 ], [ -88.1416, 45.32159 ], [ -88.25445, 45.3274 ], [ -88.26061, 45.28044 ], [ -88.37339, 45.28617 ], [ -88.38248, 45.21572 ], [ -88.23228, 45.20809 ], [ -88.24459, 45.11418 ], [ -88.32565, 45.07106 ], [ -88.56225, 44.98839 ], [ -88.58794, 45.08416 ], [ -88.51299, 45.08046 ], [ -88.46058, 45.19601 ], [ -88.53568, 45.19973 ], [ -88.65708, 45.13479 ], [ -88.70616, 45.04267 ], [ -88.78107, 45.04627 ], [ -88.98507, 44.91418 ], [ -89.03346, 44.82196 ], [ -89.44417, 44.84042 ], [ -89.51119, 44.91415 ], [ -89.57329, 45.03485 ], [ -89.72321, 45.04116 ], [ -89.80309, 44.99725 ], [ -89.85028, 44.90477 ], [ -90.007, 44.84029 ], [ -90.12837, 44.75068 ], [ -90.13761, 44.65666 ], [ -90.26517, 44.49643 ], [ -90.37665, 44.50066 ], [ -90.40722, 44.57258 ], [ -90.51885, 44.5767 ], [ -90.54749, 44.67211 ], [ -90.61992, 44.69831 ], [ -90.64878, 44.7937 ], [ -90.72348, 44.79634 ], [ -90.71306, 44.91392 ], [ -90.74633, 44.96226 ], [ -90.89416, 44.99093 ], [ -90.92762, 45.03923 ], [ -90.91352, 45.20388 ], [ -90.9431, 45.29923 ], [ -91.01647, 45.32525 ], [ -91.20496, 45.33132 ], [ -91.23507, 45.42662 ], [ -91.35207, 45.38307 ], [ -91.58028, 45.3663 ], [ -91.61452, 45.41446 ], [ -91.60576, 45.53213 ], [ -91.71243, 45.62951 ], [ -91.97777, 45.63673 ], [ -92.0109, 45.70835 ], [ -91.85908, 45.70431 ], [ -91.84409, 45.91619 ], [ -91.87887, 45.9643 ], [ -91.99163, 45.99088 ], [ -92.1442, 45.99479 ], [ -92.14109, 46.04189 ], [ -92.33199, 46.04656 ], [ -92.33494, 45.99946 ], [ -92.6402, 46.00645 ], [ -92.6429, 45.95934 ], [ -92.8717, 45.96418 ], [ -92.95043, 45.9186 ], [ -92.99338, 45.82514 ], [ -93.14901, 45.7574 ], [ -93.22502, 45.7588 ], [ -93.26741, 45.66527 ], [ -93.38126, 45.66726 ], [ -93.37916, 45.71437 ], [ -93.53109, 45.7169 ], [ -93.56615, 45.78818 ], [ -93.71828, 45.79052 ], [ -93.72011, 45.74341 ], [ -93.79876, 45.67385 ], [ -93.87468, 45.67493 ], [ -93.87808, 45.5807 ], [ -93.80492, 45.50897 ], [ -93.69136, 45.50729 ], [ -93.69504, 45.41308 ], [ -93.7724, 45.3671 ], [ -93.78036, 45.15515 ], [ -93.81799, 45.1557 ], [ -93.83005, 44.82603 ], [ -94.01716, 44.82861 ], [ -94.01872, 44.78152 ], [ -94.43008, 44.78637 ], [ -94.42884, 44.83347 ], [ -94.57856, 44.83495 ], [ -94.65183, 44.90629 ], [ -94.65925, 44.5766 ], [ -94.69652, 44.57693 ], [ -94.7001, 44.41209 ], [ -94.73727, 44.41241 ], [ -94.74416, 44.08276 ], [ -94.8564, 44.01301 ], [ -94.85818, 43.91882 ], [ -94.93191, 43.91937 ], [ -94.93357, 43.82519 ], [ -95.00757, 43.80215 ], [ -95.04585, 43.70821 ], [ -95.04733, 43.61402 ], [ -95.19437, 43.59135 ], [ -95.19499, 43.54425 ], [ -95.30492, 43.54481 ], [ -95.34258, 43.45079 ], [ -95.45254, 43.42769 ], [ -95.70855, 43.42842 ], [ -95.81819, 43.45214 ], [ -95.81805, 43.49924 ], [ -95.96445, 43.61709 ], [ -96.0745, 43.61707 ], [ -96.07456, 43.66417 ], [ -96.1847, 43.66407 ], [ -96.22125, 43.61693 ], [ -96.22039, 43.38144 ], [ -96.18385, 43.3815 ], [ -96.18307, 43.12246 ], [ -96.0739, 43.12255 ], [ -96.03747, 43.05192 ], [ -95.96477, 43.05192 ], [ -95.96488, 42.86352 ], [ -95.89261, 42.74573 ], [ -95.82028, 42.74566 ], [ -95.78452, 42.62785 ], [ -95.67622, 42.62765 ], [ -95.71287, 42.50996 ], [ -95.71352, 42.36863 ], [ -95.64176, 42.34492 ], [ -95.64284, 42.15647 ], [ -95.67928, 42.03877 ], [ -95.75107, 41.96824 ], [ -95.85834, 41.92126 ], [ -95.85903, 41.61496 ], [ -95.82384, 41.4971 ], [ -95.75321, 41.42629 ], [ -95.75358, 41.33202 ], [ -95.68286, 41.33188 ], [ -95.6831, 41.28474 ], [ -95.36512, 41.28368 ], [ -95.33004, 41.25995 ], [ -95.08282, 41.25857 ], [ -95.0835, 41.21143 ], [ -94.94235, 41.21045 ], [ -94.94156, 41.25759 ], [ -94.76499, 41.25616 ], [ -94.76407, 41.30329 ], [ -94.6222, 41.32556 ], [ -94.62014, 41.41982 ], [ -94.58368, 41.4666 ], [ -94.36989, 41.51146 ], [ -94.19262, 41.50932 ], [ -94.19397, 41.4622 ], [ -94.01685, 41.45984 ], [ -94.01537, 41.50696 ], [ -93.90903, 41.50544 ], [ -93.87119, 41.5756 ], [ -93.868, 41.66983 ], [ -93.7597, 41.71531 ], [ -93.72243, 41.76186 ], [ -93.40019, 41.80352 ], [ -93.22214, 41.80017 ], [ -93.22423, 41.75307 ], [ -93.11749, 41.75096 ], [ -93.11965, 41.70386 ], [ -92.94305, 41.67662 ], [ -92.55223, 41.66773 ], [ -92.54965, 41.71482 ], [ -92.47458, 41.78373 ], [ -92.36782, 41.78106 ], [ -92.32672, 41.87433 ], [ -92.07728, 41.86772 ], [ -92.07432, 41.9148 ], [ -91.9317, 41.91083 ], [ -91.92864, 41.9579 ], [ -91.82161, 41.95483 ], [ -91.77957, 42.04793 ], [ -91.70488, 42.09288 ], [ -91.52613, 42.08744 ], [ -91.4632, 41.96754 ], [ -91.3205, 41.96296 ], [ -91.32402, 41.9159 ], [ -91.07454, 41.90755 ], [ -91.08009, 41.83696 ], [ -90.65305, 41.82166 ], [ -90.50456, 41.88684 ], [ -90.21971, 41.87564 ], [ -90.21536, 41.92267 ], [ -90.10849, 41.91832 ], [ -90.04398, 41.84484 ], [ -89.83054, 41.8358 ], [ -89.83518, 41.78878 ], [ -89.62196, 41.77943 ], [ -89.4823, 41.74952 ], [ -89.45171, 41.70088 ], [ -89.49451, 41.63198 ], [ -89.50909, 41.49093 ], [ -89.47616, 41.4658 ], [ -89.15809, 41.45086 ], [ -89.07709, 41.54146 ], [ -88.97095, 41.53626 ], [ -88.96569, 41.58326 ], [ -88.8241, 41.5762 ], [ -88.74246, 41.6666 ], [ -88.63614, 41.66115 ], [ -88.55412, 41.75144 ], [ -88.44767, 41.74585 ], [ -88.43064, 41.88677 ], [ -88.34514, 42.00041 ], [ -88.13146, 41.98885 ], [ -88.12553, 42.0358 ], [ -88.00056, 42.17074 ], [ -87.82205, 42.16071 ], [ -87.8516, 42.20967 ], [ -87.81449, 42.49128 ], [ -87.85038, 42.49331 ], [ -87.82245, 42.7045 ], [ -87.77391, 42.79631 ], [ -87.87901, 42.82586 ], [ -87.85726, 42.99011 ], [ -87.92962, 42.99413 ], [ -87.89862, 43.22877 ], [ -87.91631, 43.37156 ], [ -87.83093, 43.46137 ], [ -87.77863, 43.57664 ], [ -87.70817, 44.09273 ], [ -87.62472, 44.15897 ], [ -87.55098, 44.1548 ], [ -87.57471, 44.25071 ], [ -87.54499, 44.46182 ], [ -87.49127, 44.57699 ], [ -87.41028, 44.61966 ], [ -87.38659, 44.78384 ], [ -87.41707, 44.83289 ], [ -87.6408, 44.8455 ], [ -87.65397, 44.75166 ], [ -87.74796, 44.61501 ], [ -87.90932, 44.52926 ], [ -88.05777, 44.53722 ], [ -88.03903, 44.67803 ], [ -87.95513, 44.74446 ], [ -87.94244, 44.83833 ], [ -87.80793, 44.99655 ], [ -87.65836, 44.98834 ], [ -87.62857, 45.19951 ], [ -87.55018, 45.2188 ], [ -87.54011, 45.28919 ], [ -87.36239, 45.46841 ], [ -87.2766, 45.53448 ], [ -87.22488, 45.62615 ], [ -87.21083, 45.72 ], [ -87.13517, 45.71561 ], [ -87.08664, 45.78379 ] ] ], [ [ [ -103.73763, 44.38254 ], [ -103.73158, 44.3356 ], [ -103.62056, 44.34131 ], [ -103.62952, 44.41173 ], [ -103.74673, 44.45296 ], [ -103.77466, 44.38062 ], [ -103.73763, 44.38254 ] ] ], [ [ [ -103.31045, 44.85288 ], [ -103.39387, 44.91967 ], [ -103.50599, 44.91413 ], [ -103.60606, 44.81459 ], [ -103.67763, 44.78732 ], [ -103.65651, 44.623 ], [ -103.57024, 44.53288 ], [ -103.4901, 44.48966 ], [ -103.34167, 44.49702 ], [ -103.34743, 44.54398 ], [ -103.236, 44.54941 ], [ -103.20734, 44.62165 ], [ -103.22437, 44.76255 ], [ -103.31045, 44.85288 ] ] ], [ [ [ -87.14105, 45.17172 ], [ -87.25352, 45.17827 ], [ -87.28118, 44.99064 ], [ -87.36276, 44.94803 ], [ -87.37299, 44.87766 ], [ -87.26108, 44.8712 ], [ -87.21685, 44.91593 ], [ -87.19948, 45.0332 ], [ -87.07317, 45.12041 ], [ -87.14105, 45.17172 ] ] ], [ [ [ -81.33733, 36.74058 ], [ -81.14708, 36.6951 ], [ -81.13679, 36.74194 ], [ -81.29966, 36.76035 ], [ -81.33733, 36.74058 ] ] ], [ [ [ -80.44401, 37.42989 ], [ -80.57007, 37.46866 ], [ -80.60241, 37.32845 ], [ -80.53678, 37.32077 ], [ -80.44401, 37.42989 ] ] ], [ [ [ -80.98875, 37.70861 ], [ -81.0826, 37.74315 ], [ -81.20257, 37.66071 ], [ -81.22333, 37.56717 ], [ -81.11922, 37.57949 ], [ -80.98875, 37.70861 ] ] ], [ [ [ -76.56299, 40.50971 ], [ -76.54165, 40.57898 ], [ -76.6443, 40.59336 ], [ -76.70679, 40.50575 ], [ -76.56299, 40.50971 ] ] ], [ [ [ -77.04705, 41.03391 ], [ -76.98452, 41.12163 ], [ -77.15029, 41.16811 ], [ -77.16422, 41.1219 ], [ -77.37848, 41.12654 ], [ -77.40595, 41.03406 ], [ -77.52316, 41.00155 ], [ -77.53678, 40.95529 ], [ -77.63283, 40.87187 ], [ -77.61868, 40.79792 ], [ -77.77644, 40.74659 ], [ -77.76215, 40.67265 ], [ -77.65912, 40.65908 ], [ -77.63218, 40.75164 ], [ -77.52227, 40.76112 ], [ -77.35044, 40.73818 ], [ -77.26111, 40.7983 ], [ -77.24043, 40.86766 ], [ -77.10942, 40.94616 ], [ -77.04705, 41.03391 ] ] ], [ [ [ -77.12184, 44.11993 ], [ -77.23064, 44.13387 ], [ -77.24519, 44.08769 ], [ -77.39024, 44.10613 ], [ -77.4556, 44.1384 ], [ -77.51297, 43.9536 ], [ -77.41905, 44.01375 ], [ -77.23802, 43.99071 ], [ -77.07176, 43.92129 ], [ -77.03513, 44.03668 ], [ -77.13646, 44.07377 ], [ -77.12184, 44.11993 ] ] ] ] } },
{ "type": "Feature", "properties": { "ID": 3 }, "geometry": { "type": "MultiPolygon", "coordinates": [ [ [ [ -105.48222, 37.00154 ], [ -105.51205, 37.21372 ], [ -105.4559, 37.28916 ], [ -105.46916, 37.38343 ], [ -105.54543, 37.44937 ], [ -105.57566, 37.66137 ], [ -105.55923, 37.7815 ], [ -105.67963, 37.91557 ], [ -105.74637, 37.91073 ], [ -105.80271, 37.83524 ], [ -105.86937, 37.83034 ], [ -105.83121, 37.57137 ], [ -105.76138, 37.55271 ], [ -105.71454, 37.46092 ], [ -105.69753, 37.34313 ], [ -105.7637, 37.33828 ], [ -105.78308, 37.2416 ], [ -105.84915, 37.2367 ], [ -105.79898, 37.12133 ], [ -105.70004, 37.12863 ], [ -105.62734, 37.08631 ], [ -105.581, 36.9944 ], [ -105.48222, 37.00154 ] ] ], [ [ [ -106.95156, 39.69703 ], [ -107.05827, 39.71227 ], [ -107.04225, 39.61849 ], [ -106.90545, 39.6294 ], [ -106.95156, 39.69703 ] ] ], [ [ [ -94.02653, 45.67696 ], [ -94.1017, 45.70148 ], [ -94.09483, 45.91352 ], [ -94.20629, 46.00915 ], [ -94.35836, 46.03442 ], [ -94.51295, 45.96528 ], [ -95.16162, 45.9702 ], [ -95.16195, 45.94663 ], [ -95.58156, 45.94835 ], [ -95.58122, 45.99548 ], [ -95.73393, 45.99582 ], [ -95.81013, 46.04307 ], [ -95.84816, 46.11382 ], [ -95.9629, 46.16103 ], [ -95.9628, 46.30246 ], [ -96.00118, 46.32604 ], [ -96.19316, 46.32592 ], [ -96.19331, 46.37307 ], [ -96.38544, 46.37271 ], [ -96.46267, 46.41965 ], [ -96.53914, 46.37225 ], [ -96.69284, 46.37164 ], [ -96.76906, 46.32413 ], [ -96.76813, 46.25341 ], [ -96.88316, 46.25279 ], [ -96.92002, 46.15829 ], [ -96.99658, 46.15781 ], [ -97.03361, 46.08685 ], [ -96.99458, 46.03997 ], [ -97.2238, 46.03832 ], [ -97.22281, 45.99119 ], [ -97.45184, 45.98919 ], [ -97.56697, 46.01163 ], [ -97.7197, 46.01 ], [ -97.71832, 45.96287 ], [ -98.25236, 45.95596 ], [ -98.24784, 45.83816 ], [ -98.32397, 45.83703 ], [ -98.3573, 45.71866 ], [ -98.50924, 45.71624 ], [ -98.50723, 45.66913 ], [ -98.579, 45.57366 ], [ -98.65372, 45.54881 ], [ -98.99455, 45.54249 ], [ -98.99215, 45.49539 ], [ -99.14223, 45.4688 ], [ -99.13723, 45.37462 ], [ -99.21018, 45.32595 ], [ -99.39879, 45.32184 ], [ -99.47561, 45.34368 ], [ -99.46732, 45.20243 ], [ -99.58024, 45.19981 ], [ -99.62076, 45.24599 ], [ -99.62652, 45.34015 ], [ -99.66717, 45.38632 ], [ -99.93144, 45.37972 ], [ -99.97711, 45.49643 ], [ -99.90146, 45.49838 ], [ -99.86981, 45.59351 ], [ -99.71975, 45.62083 ], [ -99.80164, 45.71313 ], [ -99.88068, 45.75831 ], [ -99.88535, 45.82894 ], [ -100.00911, 45.96727 ], [ -100.12681, 46.01133 ], [ -100.31755, 46.00608 ], [ -100.3592, 46.05209 ], [ -100.32626, 46.12381 ], [ -100.33851, 46.28863 ], [ -100.52831, 46.25958 ], [ -100.57216, 46.32908 ], [ -100.58516, 46.49392 ], [ -100.7755, 46.46455 ], [ -101.19822, 46.45092 ], [ -101.26864, 46.3777 ], [ -101.25799, 46.26001 ], [ -101.41115, 46.25471 ], [ -101.41552, 46.30178 ], [ -101.68369, 46.29212 ], [ -101.66764, 46.12742 ], [ -101.70124, 46.07895 ], [ -101.89203, 46.07175 ], [ -102.00891, 46.09084 ], [ -102.3523, 46.07702 ], [ -102.38272, 46.00489 ], [ -102.45372, 45.95467 ], [ -102.64401, 45.94654 ], [ -102.68475, 45.96839 ], [ -102.83699, 45.96168 ], [ -102.8315, 45.91467 ], [ -102.98358, 45.9078 ], [ -102.9892, 45.95481 ], [ -102.87505, 45.95997 ], [ -102.92424, 46.05228 ], [ -103.0061, 46.09583 ], [ -103.23489, 46.08522 ], [ -103.28476, 46.17742 ], [ -103.62832, 46.16075 ], [ -103.64065, 46.25473 ], [ -103.48773, 46.26225 ], [ -103.31428, 46.41245 ], [ -103.28775, 46.50829 ], [ -103.36548, 47.11967 ], [ -103.40429, 47.11783 ], [ -103.4532, 47.49424 ], [ -103.4264, 47.59022 ], [ -103.55627, 47.67877 ], [ -103.71298, 47.67117 ], [ -103.72898, 47.78883 ], [ -103.65047, 47.79266 ], [ -103.66638, 47.91035 ], [ -103.79736, 47.99874 ], [ -103.87614, 47.99484 ], [ -103.88928, 48.089 ], [ -103.93536, 48.13411 ], [ -104.0538, 48.12814 ], [ -104.14635, 48.21827 ], [ -104.46256, 48.20173 ], [ -104.50918, 48.24669 ], [ -104.54851, 48.50561 ], [ -104.59546, 48.55056 ], [ -104.7692, 48.63609 ], [ -104.84881, 48.6317 ], [ -104.86, 48.70233 ], [ -104.6607, 48.71324 ], [ -104.67167, 48.78389 ], [ -104.7589, 48.82665 ], [ -104.83878, 48.82227 ], [ -104.86125, 48.96359 ], [ -104.98896, 49.00402 ], [ -105.01955, 49.19249 ], [ -105.00232, 49.33613 ], [ -105.1388, 49.42362 ], [ -105.34056, 49.4121 ], [ -105.44947, 49.33439 ], [ -105.4374, 49.26372 ], [ -105.50167, 49.16479 ], [ -105.66227, 49.15523 ], [ -105.77853, 49.12442 ], [ -105.77024, 49.07735 ], [ -105.88627, 49.04646 ], [ -105.86953, 48.95233 ], [ -105.89695, 48.87929 ], [ -105.96838, 48.82729 ], [ -106.12366, 48.79377 ], [ -106.10659, 48.69971 ], [ -106.2528, 48.61904 ], [ -106.23987, 48.54853 ], [ -106.35891, 48.54084 ], [ -106.46472, 48.46258 ], [ -106.45595, 48.41559 ], [ -106.61424, 48.4051 ], [ -106.70683, 48.47026 ], [ -106.98398, 48.45137 ], [ -107.08173, 48.5398 ], [ -107.09104, 48.58676 ], [ -107.2497, 48.57564 ], [ -107.41308, 48.58784 ], [ -107.42269, 48.63478 ], [ -107.58141, 48.62334 ], [ -107.82434, 48.62933 ], [ -107.8144, 48.58241 ], [ -107.97289, 48.57058 ], [ -107.95782, 48.50022 ], [ -108.11097, 48.4648 ], [ -108.28967, 48.54644 ], [ -108.3, 48.59333 ], [ -108.49801, 48.57791 ], [ -108.50852, 48.62479 ], [ -108.66698, 48.61226 ], [ -108.79115, 48.6262 ], [ -108.88119, 48.66667 ], [ -108.89204, 48.71353 ], [ -109.01101, 48.70387 ], [ -109.12442, 48.6707 ], [ -109.18702, 48.59391 ], [ -109.34523, 48.58071 ], [ -109.40742, 48.50385 ], [ -109.63855, 48.46029 ], [ -109.7002, 48.38332 ], [ -109.89126, 48.3428 ], [ -109.90735, 48.24584 ], [ -110.09779, 48.20508 ], [ -110.11936, 48.13148 ], [ -110.18591, 48.07773 ], [ -110.33648, 48.04022 ], [ -110.35768, 47.9666 ], [ -110.43578, 47.95946 ], [ -110.50182, 47.90559 ], [ -110.52276, 47.83197 ], [ -110.60065, 47.82474 ], [ -110.6482, 47.70083 ], [ -110.7259, 47.69354 ], [ -110.78526, 47.61625 ], [ -110.91577, 47.50826 ], [ -110.93603, 47.43462 ], [ -111.00099, 47.38059 ], [ -111.00878, 47.26035 ], [ -111.00263, 47.23705 ], [ -110.73289, 47.26285 ], [ -110.73057, 47.40639 ], [ -110.75483, 47.49966 ], [ -110.68344, 47.53028 ], [ -110.45094, 47.55195 ], [ -110.45396, 47.40839 ], [ -110.58462, 47.3007 ], [ -110.57266, 47.25406 ], [ -110.40068, 47.19847 ], [ -110.38301, 47.1285 ], [ -110.30603, 47.13561 ], [ -110.20578, 47.04938 ], [ -110.1826, 46.95608 ], [ -110.13269, 46.91294 ], [ -110.0176, 46.9234 ], [ -109.86853, 46.79379 ], [ -109.84038, 46.67713 ], [ -109.93804, 46.59682 ], [ -110.12877, 46.57943 ], [ -110.16116, 46.55261 ], [ -110.31359, 46.5385 ], [ -110.28466, 46.42195 ], [ -110.02809, 46.32643 ], [ -109.99984, 46.20985 ], [ -109.93948, 46.12005 ], [ -110.07385, 46.03624 ], [ -110.19078, 45.88241 ], [ -110.34145, 45.86827 ], [ -110.41099, 45.83786 ], [ -110.47179, 45.92745 ], [ -110.54716, 45.92027 ], [ -110.57636, 46.03672 ], [ -110.62585, 46.07968 ], [ -110.78286, 46.0884 ], [ -110.80874, 46.03817 ], [ -110.74732, 45.94871 ], [ -110.64751, 45.55293 ], [ -110.69898, 45.45255 ], [ -110.81312, 45.29831 ], [ -110.66983, 45.33617 ], [ -110.68147, 45.38273 ], [ -110.57525, 45.41687 ], [ -110.59264, 45.48671 ], [ -110.5236, 45.5172 ], [ -110.50927, 45.61393 ], [ -110.35929, 45.62823 ], [ -110.2149, 45.66567 ], [ -110.20357, 45.61908 ], [ -110.01597, 45.63655 ], [ -109.82274, 45.63048 ], [ -109.7733, 45.42068 ], [ -109.60201, 45.34098 ], [ -109.59122, 45.29435 ], [ -109.42585, 45.23778 ], [ -109.23924, 45.25429 ], [ -109.19217, 45.04435 ], [ -109.28802, 44.96454 ], [ -109.30942, 44.89128 ], [ -109.25719, 44.65807 ], [ -109.18326, 44.66461 ], [ -109.14714, 44.50135 ], [ -109.16854, 44.42812 ], [ -109.08466, 44.38797 ], [ -109.03257, 44.32122 ], [ -108.95903, 44.32766 ], [ -108.89709, 44.21421 ], [ -108.78197, 44.20042 ], [ -108.70279, 43.82704 ], [ -108.76586, 43.77406 ], [ -108.70484, 43.66054 ], [ -108.59567, 43.66994 ], [ -108.50356, 43.58279 ], [ -108.4843, 43.48941 ], [ -108.3391, 43.50171 ], [ -108.32961, 43.45501 ], [ -108.14349, 43.44681 ], [ -108.11653, 43.49653 ], [ -108.0122, 43.52885 ], [ -107.8531, 43.47059 ], [ -107.83487, 43.37713 ], [ -107.72609, 43.38589 ], [ -107.64011, 43.32157 ], [ -107.49515, 43.33303 ], [ -107.51285, 43.42653 ], [ -107.59437, 43.46756 ], [ -107.73963, 43.45599 ], [ -107.75774, 43.54946 ], [ -107.61673, 43.58442 ], [ -107.60778, 43.53767 ], [ -107.42591, 43.55194 ], [ -107.28472, 43.58658 ], [ -107.23357, 43.70907 ], [ -107.25533, 43.82598 ], [ -107.23619, 43.9223 ], [ -107.25803, 44.03921 ], [ -107.34903, 44.12713 ], [ -107.40797, 44.24121 ], [ -107.59129, 44.41682 ], [ -107.62819, 44.41394 ], [ -107.66011, 44.57755 ], [ -107.78031, 44.61558 ], [ -107.8359, 44.70613 ], [ -107.91002, 44.70025 ], [ -108.00299, 44.78778 ], [ -108.07904, 45.1616 ], [ -108.05125, 45.21133 ], [ -107.93913, 45.22024 ], [ -107.70576, 45.00117 ], [ -107.62206, 44.9602 ], [ -107.51035, 44.9688 ], [ -107.34343, 44.8866 ], [ -107.33449, 44.83983 ], [ -107.15063, 44.66389 ], [ -107.06778, 44.62262 ], [ -106.95662, 44.6308 ], [ -106.91099, 44.58673 ], [ -106.87259, 44.37617 ], [ -106.79034, 44.33475 ], [ -106.7735, 44.24116 ], [ -106.84292, 44.21241 ], [ -106.8134, 44.04864 ], [ -106.8501, 44.04596 ], [ -106.82065, 43.8822 ], [ -106.89385, 43.87681 ], [ -106.87698, 43.78324 ], [ -106.9781, 43.72833 ], [ -106.94001, 43.51782 ], [ -107.04064, 43.46286 ], [ -107.0642, 43.38996 ], [ -107.13679, 43.38446 ], [ -107.15592, 43.28815 ], [ -106.93845, 43.30458 ], [ -106.93424, 43.28119 ], [ -106.64421, 43.30258 ], [ -106.64012, 43.27918 ], [ -106.31371, 43.30256 ], [ -106.12837, 43.29181 ], [ -106.02336, 43.32273 ], [ -105.73282, 43.34232 ], [ -105.73657, 43.36574 ], [ -105.44573, 43.38477 ], [ -105.47481, 43.33556 ], [ -105.43851, 43.10124 ], [ -105.4747, 43.0989 ], [ -105.38126, 42.48959 ], [ -105.32773, 42.37471 ], [ -105.24217, 42.28555 ], [ -105.21777, 42.12144 ], [ -105.1396, 42.0791 ], [ -105.12927, 42.00875 ], [ -105.0513, 41.96636 ], [ -105.0377, 41.87255 ], [ -105.10186, 41.82114 ], [ -105.20481, 41.79088 ], [ -105.19791, 41.74397 ], [ -105.33608, 41.71133 ], [ -105.29372, 41.66674 ], [ -105.27982, 41.57294 ], [ -105.30818, 41.52373 ], [ -105.16804, 41.29605 ], [ -105.14761, 41.15529 ], [ -105.16229, 41.01224 ], [ -105.26733, 41.00537 ], [ -105.3654, 40.95151 ], [ -105.38301, 40.83188 ], [ -105.35881, 40.66763 ], [ -105.28916, 40.67226 ], [ -105.31026, 40.57608 ], [ -105.28634, 40.41178 ], [ -105.35227, 40.38368 ], [ -105.37318, 40.28746 ], [ -105.28475, 39.67691 ], [ -105.20948, 39.63452 ], [ -105.16191, 39.54282 ], [ -105.22034, 39.46775 ], [ -105.20702, 39.37375 ], [ -105.26524, 39.29865 ], [ -105.15634, 39.25851 ], [ -105.13874, 39.37831 ], [ -105.03631, 39.38509 ], [ -105.01027, 39.19702 ], [ -104.90811, 39.2037 ], [ -104.93251, 39.13094 ], [ -104.8857, 39.03909 ], [ -104.86976, 38.92148 ], [ -104.93437, 38.89352 ], [ -104.89091, 38.82517 ], [ -104.86867, 38.66046 ], [ -104.89927, 38.63472 ], [ -105.0343, 38.62579 ], [ -105.09531, 38.57422 ], [ -105.1693, 38.61673 ], [ -105.30759, 38.63105 ], [ -105.30094, 38.584 ], [ -105.46616, 38.5488 ], [ -105.55702, 38.47113 ], [ -105.7485, 38.38615 ], [ -105.66753, 38.29689 ], [ -105.50305, 38.33236 ], [ -105.48955, 38.23824 ], [ -105.38892, 38.24529 ], [ -105.33175, 38.32055 ], [ -105.26457, 38.32518 ], [ -105.15077, 38.23791 ], [ -105.08043, 38.21891 ], [ -105.06756, 38.12474 ], [ -104.98781, 38.03504 ], [ -104.95927, 37.82304 ], [ -104.98944, 37.79725 ], [ -105.12922, 37.83533 ], [ -105.29595, 37.82385 ], [ -105.2463, 37.70839 ], [ -105.11314, 37.71754 ], [ -105.08433, 37.50546 ], [ -105.04479, 37.46058 ], [ -104.91209, 37.46953 ], [ -104.83952, 37.42681 ], [ -104.82096, 37.28532 ], [ -104.88714, 37.2809 ], [ -104.9283, 37.08777 ], [ -104.88911, 37.04281 ], [ -104.79019, 37.04943 ], [ -104.78406, 37.00224 ], [ -104.64017, 36.91653 ], [ -104.73587, 36.88642 ], [ -104.96612, 36.87095 ], [ -104.95055, 36.75295 ], [ -104.91153, 36.70797 ], [ -104.78028, 36.71681 ], [ -104.77419, 36.66958 ], [ -104.6758, 36.67612 ], [ -104.66978, 36.62889 ], [ -104.53865, 36.63749 ], [ -104.46427, 36.57088 ], [ -104.36599, 36.57718 ], [ -104.3602, 36.52993 ], [ -104.16372, 36.54232 ], [ -104.15807, 36.49506 ], [ -103.96166, 36.50714 ], [ -103.95615, 36.45987 ], [ -103.79254, 36.46971 ], [ -103.62624, 36.4557 ], [ -103.62097, 36.4084 ], [ -103.26112, 36.42887 ], [ -103.25861, 36.40521 ], [ -102.93141, 36.42295 ], [ -102.91063, 36.54297 ], [ -102.94823, 36.58855 ], [ -103.04665, 36.5833 ], [ -103.08436, 36.62884 ], [ -103.09913, 36.77071 ], [ -103.07362, 36.8434 ], [ -103.14444, 36.88713 ], [ -103.21033, 36.88354 ], [ -103.28128, 36.92719 ], [ -103.2889, 36.99808 ], [ -103.09089, 37.00885 ], [ -103.09832, 37.07975 ], [ -103.03715, 37.13053 ], [ -102.90487, 37.13749 ], [ -102.88382, 37.25735 ], [ -102.81755, 37.26078 ], [ -102.82472, 37.33165 ], [ -103.07672, 37.50845 ], [ -103.24295, 37.49952 ], [ -103.24805, 37.54673 ], [ -103.3811, 37.53943 ], [ -103.54472, 37.50652 ], [ -103.53942, 37.45931 ], [ -103.73868, 37.44787 ], [ -103.79687, 37.37319 ], [ -103.92674, 37.34174 ], [ -103.92119, 37.29453 ], [ -104.05367, 37.28656 ], [ -104.00706, 37.45576 ], [ -103.91301, 37.50891 ], [ -103.95462, 37.57771 ], [ -104.0544, 37.57172 ], [ -104.09904, 37.66405 ], [ -104.24384, 37.75023 ], [ -104.25548, 37.84454 ], [ -104.32519, 37.86398 ], [ -104.3704, 37.95618 ], [ -104.50413, 37.94776 ], [ -104.51015, 37.99489 ], [ -104.62882, 38.12985 ], [ -104.73555, 38.17047 ], [ -104.75107, 38.28821 ], [ -104.65952, 38.36536 ], [ -104.49132, 38.37604 ], [ -104.49737, 38.42314 ], [ -104.29236, 38.41214 ], [ -104.21332, 38.32202 ], [ -103.94424, 38.33813 ], [ -103.9499, 38.38525 ], [ -103.89099, 38.45988 ], [ -103.75891, 38.49124 ], [ -103.48904, 38.50643 ], [ -103.46328, 38.57899 ], [ -103.32815, 38.58636 ], [ -103.28396, 38.4939 ], [ -103.18273, 38.49931 ], [ -103.17761, 38.45216 ], [ -103.0427, 38.45925 ], [ -103.04773, 38.5064 ], [ -102.94646, 38.51163 ], [ -102.90777, 38.4662 ], [ -102.77522, 38.4966 ], [ -102.7849, 38.59092 ], [ -102.7245, 38.66501 ], [ -102.58911, 38.67165 ], [ -102.58441, 38.62449 ], [ -102.44909, 38.63098 ], [ -102.4061, 38.53825 ], [ -102.334, 38.49425 ], [ -102.2327, 38.49895 ], [ -102.23715, 38.54612 ], [ -102.17617, 38.61998 ], [ -102.07466, 38.62456 ], [ -102.07901, 38.67173 ], [ -102.01774, 38.7455 ], [ -101.88212, 38.75143 ], [ -101.84403, 38.70572 ], [ -101.74237, 38.71005 ], [ -101.71871, 38.82942 ], [ -101.88845, 38.82219 ], [ -101.89267, 38.86936 ], [ -101.99457, 38.86492 ], [ -102.00966, 39.02997 ], [ -101.94584, 39.0801 ], [ -101.74136, 39.08883 ], [ -101.71344, 39.16099 ], [ -101.40627, 39.17345 ], [ -101.40238, 39.12629 ], [ -101.12944, 39.13678 ], [ -100.9606, 39.16665 ], [ -100.93179, 39.23864 ], [ -100.86694, 39.28825 ], [ -100.66168, 39.29536 ], [ -100.66505, 39.34254 ], [ -100.52972, 39.3707 ], [ -100.53957, 39.51221 ], [ -100.71292, 39.53003 ], [ -100.75415, 39.62316 ], [ -100.76626, 39.78818 ], [ -100.66284, 39.7917 ], [ -100.63342, 39.86358 ], [ -100.52987, 39.867 ], [ -100.53317, 39.91414 ], [ -100.46734, 39.96353 ], [ -100.36362, 39.96682 ], [ -100.33379, 40.03862 ], [ -100.12609, 40.04493 ], [ -100.12911, 40.09208 ], [ -100.02517, 40.09512 ], [ -99.9949, 40.16683 ], [ -99.9284, 40.21595 ], [ -99.78953, 40.21979 ], [ -99.65198, 40.24706 ], [ -99.64931, 40.19992 ], [ -99.54517, 40.2026 ], [ -99.47192, 40.13362 ], [ -99.33321, 40.13701 ], [ -99.25907, 40.04433 ], [ -99.05238, 40.07262 ], [ -99.01222, 39.95546 ], [ -98.90845, 39.95767 ], [ -98.90633, 39.91049 ], [ -98.7335, 39.914 ], [ -98.59049, 39.7987 ], [ -98.58861, 39.75151 ], [ -98.45067, 39.75402 ], [ -98.44889, 39.70683 ], [ -98.13871, 39.71197 ], [ -98.14027, 39.75916 ], [ -97.93401, 39.7858 ], [ -97.93261, 39.73861 ], [ -97.76019, 39.74091 ], [ -97.76275, 39.8353 ], [ -97.69368, 39.83616 ], [ -97.69554, 39.90695 ], [ -97.62877, 40.00215 ], [ -97.59706, 40.12051 ], [ -97.46044, 40.21639 ], [ -97.07826, 40.21986 ], [ -96.97438, 40.24422 ], [ -96.9751, 40.29139 ], [ -96.87074, 40.29208 ], [ -96.87138, 40.33926 ], [ -96.66276, 40.36399 ], [ -96.62886, 40.45849 ], [ -96.52423, 40.45892 ], [ -96.525, 40.55326 ], [ -96.59486, 40.55298 ], [ -96.66545, 40.62341 ], [ -96.70145, 40.71757 ], [ -96.70327, 40.88261 ], [ -96.49262, 40.8835 ], [ -96.42209, 40.83657 ], [ -96.31684, 40.83685 ], [ -96.31707, 40.884 ], [ -96.24713, 40.95487 ], [ -95.86049, 40.95502 ], [ -95.86028, 41.04932 ], [ -95.75459, 41.07275 ], [ -95.71916, 41.11983 ], [ -95.71896, 41.16697 ], [ -95.75422, 41.16703 ], [ -95.75404, 41.21418 ], [ -95.71875, 41.21411 ], [ -95.71822, 41.33196 ], [ -95.75358, 41.33202 ], [ -95.75321, 41.42629 ], [ -95.82384, 41.4971 ], [ -95.85903, 41.61496 ], [ -95.85834, 41.92126 ], [ -95.75107, 41.96824 ], [ -95.67928, 42.03877 ], [ -95.64284, 42.15647 ], [ -95.64176, 42.34492 ], [ -95.71352, 42.36863 ], [ -95.71287, 42.50996 ], [ -95.67622, 42.62765 ], [ -95.78452, 42.62785 ], [ -95.82028, 42.74566 ], [ -95.89261, 42.74573 ], [ -95.96488, 42.86352 ], [ -95.96477, 43.05192 ], [ -96.03747, 43.05192 ], [ -96.0739, 43.12255 ], [ -96.18307, 43.12246 ], [ -96.18385, 43.3815 ], [ -96.22039, 43.38144 ], [ -96.22125, 43.61693 ], [ -96.1847, 43.66407 ], [ -96.07456, 43.66417 ], [ -96.0745, 43.61707 ], [ -95.96445, 43.61709 ], [ -95.81805, 43.49924 ], [ -95.81819, 43.45214 ], [ -95.70855, 43.42842 ], [ -95.45254, 43.42769 ], [ -95.34258, 43.45079 ], [ -95.30492, 43.54481 ], [ -95.19499, 43.54425 ], [ -95.19437, 43.59135 ], [ -95.04733, 43.61402 ], [ -95.04585, 43.70821 ], [ -95.00757, 43.80215 ], [ -94.93357, 43.82519 ], [ -94.93191, 43.91937 ], [ -94.85818, 43.91882 ], [ -94.8564, 44.01301 ], [ -94.74416, 44.08276 ], [ -94.73727, 44.41241 ], [ -94.7001, 44.41209 ], [ -94.69652, 44.57693 ], [ -94.65925, 44.5766 ], [ -94.65183, 44.90629 ], [ -94.57856, 44.83495 ], [ -94.42884, 44.83347 ], [ -94.43008, 44.78637 ], [ -94.01872, 44.78152 ], [ -94.01716, 44.82861 ], [ -93.83005, 44.82603 ], [ -93.81799, 45.1557 ], [ -93.78036, 45.15515 ], [ -93.7724, 45.3671 ], [ -93.69504, 45.41308 ], [ -93.69136, 45.50729 ], [ -93.80492, 45.50897 ], [ -93.87808, 45.5807 ], [ -93.87468, 45.67493 ], [ -94.02653, 45.67696 ] ], [ [ -100.53317, 39.91414 ], [ -100.6368, 39.91072 ], [ -100.64187, 39.98143 ], [ -100.53979, 40.00842 ], [ -100.53317, 39.91414 ] ], [ [ -109.7002, 48.38332 ], [ -109.53696, 48.37346 ], [ -109.52564, 48.32668 ], [ -109.32881, 48.34336 ], [ -109.23897, 48.30316 ], [ -109.25616, 48.20627 ], [ -109.31807, 48.12949 ], [ -109.43014, 48.09613 ], [ -109.70444, 48.07255 ], [ -109.7885, 48.08909 ], [ -109.82879, 48.25273 ], [ -109.68875, 48.33655 ], [ -109.7002, 48.38332 ] ], [ [ -104.28951, 37.0342 ], [ -104.2178, 36.99111 ], [ -104.2035, 36.87304 ], [ -104.30222, 36.86686 ], [ -104.34674, 36.95923 ], [ -104.44557, 36.95294 ], [ -104.48442, 36.99804 ], [ -104.49627, 37.09244 ], [ -104.36131, 37.07726 ], [ -104.28951, 37.0342 ] ], [ [ -103.77466, 44.38062 ], [ -103.74673, 44.45296 ], [ -103.62952, 44.41173 ], [ -103.60569, 44.22395 ], [ -103.70445, 44.12436 ], [ -103.68349, 43.96007 ], [ -103.63188, 43.84461 ], [ -103.66263, 43.79577 ], [ -103.88264, 43.7842 ], [ -103.93159, 43.8761 ], [ -104.04797, 43.91708 ], [ -104.06991, 44.08133 ], [ -104.10675, 44.07932 ], [ -104.14163, 44.3374 ], [ -104.0708, 44.36489 ], [ -103.77466, 44.38062 ] ], [ [ -108.31762, 45.21355 ], [ -108.33054, 45.09371 ], [ -108.55416, 45.07522 ], [ -108.59898, 45.28536 ], [ -108.3795, 45.32728 ], [ -108.31762, 45.21355 ] ], [ [ -109.13298, 47.16765 ], [ -109.17237, 46.99757 ], [ -109.12318, 46.95411 ], [ -109.00784, 46.96383 ], [ -108.99723, 46.9171 ], [ -108.89932, 46.83005 ], [ -109.03685, 46.7471 ], [ -109.02625, 46.70038 ], [ -109.20686, 46.6374 ], [ -109.47435, 46.61425 ], [ -109.59443, 46.62753 ], [ -109.68192, 46.66744 ], [ -109.7265, 46.85414 ], [ -109.59526, 46.96106 ], [ -109.44154, 46.97447 ], [ -109.37012, 47.00447 ], [ -109.31494, 47.10452 ], [ -109.33677, 47.19796 ], [ -109.30908, 47.248 ], [ -109.15453, 47.26113 ], [ -109.13298, 47.16765 ] ], [ [ -105.11147, 47.28813 ], [ -105.23183, 47.30478 ], [ -105.21191, 47.42451 ], [ -105.05983, 47.45709 ], [ -105.04863, 47.38661 ], [ -105.11147, 47.28813 ] ], [ [ -108.54316, 47.88308 ], [ -108.62136, 47.87683 ], [ -108.68676, 47.99073 ], [ -108.49086, 48.00637 ], [ -108.48048, 47.95954 ], [ -108.54316, 47.88308 ] ], [ [ -96.67239, 41.28351 ], [ -96.67289, 41.33064 ], [ -96.49611, 41.33137 ], [ -96.49482, 41.16638 ], [ -96.52929, 41.07197 ], [ -96.63493, 41.07153 ], [ -96.70641, 41.16549 ], [ -96.67239, 41.28351 ] ], [ [ -96.07167, 41.21437 ], [ -96.07173, 41.26151 ], [ -95.93045, 41.26151 ], [ -95.9305, 41.21437 ], [ -96.07167, 41.21437 ] ], [ [ -103.31045, 44.85288 ], [ -103.22437, 44.76255 ], [ -103.20734, 44.62165 ], [ -103.236, 44.54941 ], [ -103.34743, 44.54398 ], [ -103.34167, 44.49702 ], [ -103.4901, 44.48966 ], [ -103.57024, 44.53288 ], [ -103.65651, 44.623 ], [ -103.67763, 44.78732 ], [ -103.60606, 44.81459 ], [ -103.50599, 44.91413 ], [ -103.39387, 44.91967 ], [ -103.31045, 44.85288 ] ], [ [ -97.29498, 45.80205 ], [ -97.21889, 45.80267 ], [ -97.14096, 45.70901 ], [ -97.13913, 45.61477 ], [ -97.09988, 45.54437 ], [ -97.02411, 45.5449 ], [ -96.98426, 45.42736 ], [ -96.98191, 45.28602 ], [ -96.90539, 45.21582 ], [ -96.90288, 45.05094 ], [ -97.05316, 45.04997 ], [ -97.05441, 45.12063 ], [ -97.13143, 45.2143 ], [ -97.35746, 45.21245 ], [ -97.36016, 45.33022 ], [ -97.51114, 45.32879 ], [ -97.51234, 45.3759 ], [ -97.7012, 45.37391 ], [ -97.74036, 45.42059 ], [ -97.7046, 45.49168 ], [ -97.70869, 45.63302 ], [ -97.6741, 45.75124 ], [ -97.59936, 45.79917 ], [ -97.60129, 45.86986 ], [ -97.52633, 45.91776 ], [ -97.37384, 45.9192 ], [ -97.37273, 45.87207 ], [ -97.29498, 45.80205 ] ], [ [ -95.32082, 45.40547 ], [ -95.35887, 45.38208 ], [ -95.5098, 45.4062 ], [ -95.50941, 45.45331 ], [ -95.7742, 45.45394 ], [ -95.77384, 45.54817 ], [ -95.69794, 45.5716 ], [ -95.6595, 45.66577 ], [ -95.43172, 45.66509 ], [ -95.43217, 45.61797 ], [ -95.31865, 45.59394 ], [ -95.32082, 45.40547 ] ] ], [ [ [ -111.10847, 45.55528 ], [ -111.00219, 45.58973 ], [ -110.94515, 45.66694 ], [ -110.99899, 45.87638 ], [ -111.0863, 45.91547 ], [ -111.06676, 45.98901 ], [ -111.1031, 46.12863 ], [ -111.15305, 46.17143 ], [ -111.24805, 46.09034 ], [ -111.30337, 46.29973 ], [ -111.28397, 46.37332 ], [ -111.37222, 46.41227 ], [ -111.39217, 46.19528 ], [ -111.31208, 45.8929 ], [ -111.34969, 45.8891 ], [ -111.28241, 45.63328 ], [ -111.23281, 45.59054 ], [ -111.10847, 45.55528 ] ] ], [ [ [ -96.81405, 46.79549 ], [ -96.69879, 46.86681 ], [ -96.73875, 46.96097 ], [ -96.81638, 46.96059 ], [ -96.89328, 46.91299 ], [ -96.89219, 46.84223 ], [ -96.81405, 46.79549 ] ] ], [ [ [ -111.24401, 46.66394 ], [ -111.21932, 46.57083 ], [ -111.13093, 46.53179 ], [ -110.97872, 46.54671 ], [ -111.04724, 46.65941 ], [ -111.08395, 46.79912 ], [ -111.23679, 46.7841 ], [ -111.30696, 46.75326 ], [ -111.24401, 46.66394 ] ] ] ] } },
{ "type": "Feature", "properties": { "ID": 4 }, "geometry": { "type": "MultiPolygon", "coordinates": [ [ [ [ -75.41319, 39.32792 ], [ -75.19396, 39.246 ], [ -75.18292, 39.1717 ], [ -75.04199, 39.1741 ], [ -74.90859, 39.15332 ], [ -74.96126, 38.99203 ], [ -75.01698, 38.92808 ], [ -74.88409, 38.90727 ], [ -74.74663, 39.00675 ], [ -74.70865, 39.1219 ], [ -74.61148, 39.20345 ], [ -74.52945, 39.2389 ], [ -74.46527, 39.32563 ], [ -74.39076, 39.33799 ], [ -74.29287, 39.41929 ], [ -74.25385, 39.53425 ], [ -74.17121, 39.56947 ], [ -74.02103, 40.00599 ], [ -74.05474, 40.01141 ], [ -73.94293, 40.33284 ], [ -73.9447, 40.43009 ], [ -74.18229, 40.46795 ], [ -74.11641, 40.55441 ], [ -73.97241, 40.55571 ], [ -73.83649, 40.53392 ], [ -73.7782, 40.59727 ], [ -73.71022, 40.5863 ], [ -73.65309, 40.74681 ], [ -73.64756, 40.96415 ], [ -73.72557, 41.04941 ], [ -73.69274, 41.14111 ], [ -73.69415, 41.23829 ], [ -73.73966, 41.4152 ], [ -73.80854, 41.42615 ], [ -73.77563, 41.51784 ], [ -73.8545, 41.603 ], [ -73.82982, 41.67177 ], [ -73.87432, 41.75145 ], [ -73.93538, 41.78525 ], [ -73.93718, 41.88239 ], [ -73.98197, 41.96203 ], [ -74.09445, 41.95532 ], [ -74.19655, 41.87434 ], [ -74.25332, 41.71375 ], [ -74.34679, 41.65559 ], [ -74.45067, 41.67156 ], [ -74.56777, 41.54439 ], [ -74.70213, 41.15386 ], [ -74.80217, 41.07241 ], [ -74.94732, 41.07026 ], [ -75.11913, 41.09611 ], [ -75.21089, 41.03737 ], [ -75.45496, 40.95289 ], [ -75.51942, 40.86584 ], [ -75.6223, 40.88097 ], [ -75.71328, 40.82189 ], [ -75.88473, 40.84682 ], [ -75.99501, 40.83863 ], [ -76.07827, 40.80237 ], [ -76.13445, 40.7381 ], [ -76.20299, 40.74789 ], [ -76.28602, 40.71151 ], [ -76.34911, 40.62407 ], [ -76.52026, 40.64824 ], [ -76.49167, 40.74057 ], [ -76.56027, 40.75019 ], [ -76.41427, 40.87421 ], [ -76.39986, 40.92036 ], [ -76.19889, 40.98831 ], [ -76.16968, 41.08056 ], [ -76.224, 41.13645 ], [ -76.30025, 41.12314 ], [ -76.31294, 41.19719 ], [ -76.41654, 41.21173 ], [ -76.43101, 41.16559 ], [ -76.60366, 41.18964 ], [ -76.67874, 41.2963 ], [ -77.02507, 41.34359 ], [ -77.17073, 41.33916 ], [ -77.25397, 41.30222 ], [ -77.3094, 41.23751 ], [ -77.39242, 41.2005 ], [ -77.53089, 41.21882 ], [ -77.59277, 41.13086 ], [ -77.75138, 41.07958 ], [ -77.77829, 40.98703 ], [ -77.82621, 40.94524 ], [ -77.94304, 40.91238 ], [ -77.95633, 40.86608 ], [ -78.0517, 40.78236 ], [ -78.12057, 40.79122 ], [ -78.28441, 40.71616 ], [ -78.37913, 40.63221 ], [ -78.43927, 40.54385 ], [ -78.50974, 40.28882 ], [ -78.59084, 40.25107 ], [ -78.6162, 40.15829 ], [ -78.69708, 40.12048 ], [ -78.7848, 39.79558 ], [ -78.91143, 39.71545 ], [ -78.96074, 39.52965 ], [ -79.09608, 39.54646 ], [ -79.12652, 39.43028 ], [ -79.06506, 39.39867 ], [ -79.11706, 39.33314 ], [ -79.15946, 39.17043 ], [ -79.2388, 39.13226 ], [ -79.28675, 38.94621 ], [ -79.32029, 38.95035 ], [ -79.39157, 38.67114 ], [ -79.37802, 38.45341 ], [ -79.31142, 38.44514 ], [ -79.17575, 38.57231 ], [ -79.15179, 38.66537 ], [ -79.03955, 38.69931 ], [ -79.02429, 38.62533 ], [ -79.04841, 38.53229 ], [ -79.11506, 38.54068 ], [ -79.17231, 38.45179 ], [ -79.26266, 38.36702 ], [ -79.31956, 38.27804 ], [ -79.40746, 38.337 ], [ -79.54631, 38.33011 ], [ -79.65337, 38.17518 ], [ -79.78732, 38.04746 ], [ -79.91417, 38.08682 ], [ -80.04744, 37.95883 ], [ -80.05868, 37.91217 ], [ -80.13601, 37.87341 ], [ -80.2352, 37.8852 ], [ -80.35649, 37.94749 ], [ -80.5108, 37.86958 ], [ -80.64314, 37.88491 ], [ -80.66475, 37.79149 ], [ -80.70855, 37.74858 ], [ -80.80766, 37.75995 ], [ -80.79162, 37.83004 ], [ -80.92395, 37.84509 ], [ -80.99542, 37.8292 ], [ -80.96367, 37.9694 ], [ -80.88671, 38.00863 ], [ -80.78722, 37.99732 ], [ -80.73252, 38.08694 ], [ -80.53381, 38.20792 ], [ -80.4453, 38.29355 ], [ -80.42323, 38.38686 ], [ -80.37882, 38.42964 ], [ -80.27878, 38.41797 ], [ -80.23963, 38.58118 ], [ -80.20621, 38.57726 ], [ -80.17243, 38.71711 ], [ -80.072, 38.70529 ], [ -80.05557, 38.63143 ], [ -79.98872, 38.6235 ], [ -79.96589, 38.71669 ], [ -79.91522, 38.78259 ], [ -80.01574, 38.79452 ], [ -79.99289, 38.8877 ], [ -79.85868, 38.87175 ], [ -79.78002, 38.91029 ], [ -79.74515, 39.04997 ], [ -79.63257, 39.08438 ], [ -79.56779, 39.34031 ], [ -79.64121, 39.32517 ], [ -79.56436, 39.62753 ], [ -79.59234, 39.65485 ], [ -79.76205, 39.67507 ], [ -79.70902, 39.88437 ], [ -79.57111, 40.01169 ], [ -79.50702, 40.12382 ], [ -79.40243, 40.25502 ], [ -79.33397, 40.24679 ], [ -79.29741, 40.38613 ], [ -79.21655, 40.42429 ], [ -79.19811, 40.49394 ], [ -79.30118, 40.50637 ], [ -79.31721, 40.58016 ], [ -79.37383, 40.63484 ], [ -79.35551, 40.7045 ], [ -79.40617, 40.78238 ], [ -79.47521, 40.79057 ], [ -79.49152, 40.86432 ], [ -79.66441, 40.88464 ], [ -79.73959, 40.86948 ], [ -79.82549, 40.95122 ], [ -79.99873, 40.97112 ], [ -80.09685, 41.00621 ], [ -80.07921, 41.07594 ], [ -80.21813, 41.09163 ], [ -80.23537, 41.16527 ], [ -80.33393, 41.20019 ], [ -80.31649, 41.26994 ], [ -80.36298, 41.37068 ], [ -80.50261, 41.38609 ], [ -80.53178, 41.41317 ], [ -80.67155, 41.42842 ], [ -80.73579, 41.45925 ], [ -80.81812, 41.56361 ], [ -80.92886, 41.55157 ], [ -80.95129, 41.4585 ], [ -81.08957, 41.32998 ], [ -81.22928, 41.34468 ], [ -81.2937, 41.37526 ], [ -81.34728, 41.45239 ], [ -81.31449, 41.59209 ], [ -81.26292, 41.65829 ], [ -81.09468, 41.75999 ], [ -80.91892, 41.74143 ], [ -80.83732, 41.78047 ], [ -80.74419, 41.86598 ], [ -80.88502, 41.88101 ], [ -81.00193, 41.84566 ], [ -81.05393, 41.77956 ], [ -81.15945, 41.79062 ], [ -81.17055, 41.74408 ], [ -81.27604, 41.75505 ], [ -81.35734, 41.71576 ], [ -81.4143, 41.62624 ], [ -81.48452, 41.63345 ], [ -81.54122, 41.54388 ], [ -81.61136, 41.55102 ], [ -81.69219, 41.51153 ], [ -81.74319, 41.44517 ], [ -81.95339, 41.4662 ], [ -82.08842, 41.50336 ], [ -82.09878, 41.45674 ], [ -82.20394, 41.46703 ], [ -82.21421, 41.42039 ], [ -82.35946, 41.41066 ], [ -82.3696, 41.36401 ], [ -82.57974, 41.38412 ], [ -82.6799, 41.41739 ], [ -82.66998, 41.46406 ], [ -82.81525, 41.45386 ], [ -82.82507, 41.40718 ], [ -83.00041, 41.4234 ], [ -83.10085, 41.45638 ], [ -83.07678, 41.57311 ], [ -83.18229, 41.58268 ], [ -83.23835, 41.65907 ], [ -83.4145, 41.67477 ], [ -83.51556, 41.70745 ], [ -83.50621, 41.75417 ], [ -83.58145, 41.73698 ], [ -83.7226, 41.74922 ], [ -83.76384, 41.53892 ], [ -83.66291, 41.50642 ], [ -83.48717, 41.49102 ], [ -83.51046, 41.37421 ], [ -83.57599, 41.40375 ], [ -83.7164, 41.416 ], [ -83.76063, 41.37229 ], [ -83.77882, 41.2788 ], [ -84.05921, 41.30277 ], [ -84.17761, 41.24145 ], [ -84.42292, 41.26176 ], [ -84.56742, 41.24978 ], [ -84.65441, 41.16183 ], [ -84.9346, 41.18407 ], [ -85.03157, 41.23909 ], [ -85.17188, 41.2499 ], [ -85.23805, 41.27868 ], [ -85.37848, 41.28929 ], [ -85.35869, 41.40639 ], [ -85.42905, 41.41165 ], [ -85.4485, 41.50795 ], [ -85.51898, 41.51317 ], [ -85.53078, 41.65629 ], [ -85.60143, 41.66147 ], [ -85.57804, 41.80199 ], [ -85.65274, 41.78372 ], [ -85.79437, 41.79392 ], [ -85.78287, 41.86419 ], [ -85.88924, 41.87175 ], [ -85.91713, 41.92111 ], [ -85.87528, 42.17878 ], [ -85.83965, 42.17627 ], [ -85.81659, 42.31679 ], [ -85.77702, 42.33768 ], [ -85.72186, 42.45222 ], [ -85.69452, 42.61612 ], [ -85.7585, 42.66804 ], [ -85.83033, 42.67311 ], [ -85.98926, 42.58944 ], [ -86.08362, 42.45384 ], [ -86.10238, 42.33671 ], [ -86.07415, 42.2874 ], [ -86.15301, 42.24545 ], [ -86.33147, 42.25755 ], [ -86.33877, 42.21068 ], [ -86.45301, 42.17096 ], [ -86.4674, 42.0772 ], [ -86.54573, 42.03504 ], [ -86.59194, 41.96705 ], [ -86.61312, 41.82638 ], [ -86.71952, 41.83333 ], [ -86.76886, 41.74183 ], [ -86.84657, 41.69949 ], [ -86.95278, 41.70626 ], [ -86.95955, 41.65935 ], [ -87.0657, 41.66604 ], [ -87.07239, 41.61913 ], [ -87.35537, 41.63657 ], [ -87.46472, 41.6195 ], [ -87.48736, 41.71549 ], [ -87.55823, 41.7197 ], [ -87.68128, 41.86884 ], [ -87.65934, 42.03311 ], [ -87.75378, 42.13316 ], [ -87.82514, 42.13724 ], [ -87.82205, 42.16071 ], [ -88.00056, 42.17074 ], [ -88.12553, 42.0358 ], [ -88.13146, 41.98885 ], [ -88.34514, 42.00041 ], [ -88.43064, 41.88677 ], [ -88.44767, 41.74585 ], [ -88.55412, 41.75144 ], [ -88.63614, 41.66115 ], [ -88.74246, 41.6666 ], [ -88.8241, 41.5762 ], [ -88.96569, 41.58326 ], [ -88.97095, 41.53626 ], [ -89.07709, 41.54146 ], [ -89.15809, 41.45086 ], [ -89.47616, 41.4658 ], [ -89.50909, 41.49093 ], [ -89.49451, 41.63198 ], [ -89.45171, 41.70088 ], [ -89.4823, 41.74952 ], [ -89.62196, 41.77943 ], [ -89.83518, 41.78878 ], [ -89.83054, 41.8358 ], [ -90.04398, 41.84484 ], [ -90.10849, 41.91832 ], [ -90.21536, 41.92267 ], [ -90.21971, 41.87564 ], [ -90.50456, 41.88684 ], [ -90.65305, 41.82166 ], [ -91.08009, 41.83696 ], [ -91.07454, 41.90755 ], [ -91.32402, 41.9159 ], [ -91.3205, 41.96296 ], [ -91.4632, 41.96754 ], [ -91.52613, 42.08744 ], [ -91.70488, 42.09288 ], [ -91.77957, 42.04793 ], [ -91.82161, 41.95483 ], [ -91.92864, 41.9579 ], [ -91.9317, 41.91083 ], [ -92.07432, 41.9148 ], [ -92.07728, 41.86772 ], [ -92.32672, 41.87433 ], [ -92.36782, 41.78106 ], [ -92.47458, 41.78373 ], [ -92.54965, 41.71482 ], [ -92.55223, 41.66773 ], [ -92.94305, 41.67662 ], [ -93.11965, 41.70386 ], [ -93.11749, 41.75096 ], [ -93.22423, 41.75307 ], [ -93.22214, 41.80017 ], [ -93.40019, 41.80352 ], [ -93.72243, 41.76186 ], [ -93.7597, 41.71531 ], [ -93.868, 41.66983 ], [ -93.87119, 41.5756 ], [ -93.90903, 41.50544 ], [ -94.01537, 41.50696 ], [ -94.01685, 41.45984 ], [ -94.19397, 41.4622 ], [ -94.19262, 41.50932 ], [ -94.36989, 41.51146 ], [ -94.58368, 41.4666 ], [ -94.62014, 41.41982 ], [ -94.6222, 41.32556 ], [ -94.76407, 41.30329 ], [ -94.76499, 41.25616 ], [ -94.94156, 41.25759 ], [ -94.94235, 41.21045 ], [ -95.0835, 41.21143 ], [ -95.08282, 41.25857 ], [ -95.33004, 41.25995 ], [ -95.36512, 41.28368 ], [ -95.6831, 41.28474 ], [ -95.68286, 41.33188 ], [ -95.71822, 41.33196 ], [ -95.71875, 41.21411 ], [ -95.75404, 41.21418 ], [ -95.75422, 41.16703 ], [ -95.71896, 41.16697 ], [ -95.71916, 41.11983 ], [ -95.75459, 41.07275 ], [ -95.86028, 41.04932 ], [ -95.86049, 40.95502 ], [ -96.24713, 40.95487 ], [ -96.31707, 40.884 ], [ -96.31684, 40.83685 ], [ -96.42209, 40.83657 ], [ -96.49262, 40.8835 ], [ -96.70327, 40.88261 ], [ -96.70145, 40.71757 ], [ -96.66545, 40.62341 ], [ -96.59486, 40.55298 ], [ -96.525, 40.55326 ], [ -96.52423, 40.45892 ], [ -96.62886, 40.45849 ], [ -96.66276, 40.36399 ], [ -96.87138, 40.33926 ], [ -96.87074, 40.29208 ], [ -96.9751, 40.29139 ], [ -96.97438, 40.24422 ], [ -97.07826, 40.21986 ], [ -97.46044, 40.21639 ], [ -97.59706, 40.12051 ], [ -97.62877, 40.00215 ], [ -97.69554, 39.90695 ], [ -97.69368, 39.83616 ], [ -97.76275, 39.8353 ], [ -97.76019, 39.74091 ], [ -97.82916, 39.74001 ], [ -97.82849, 39.71641 ], [ -97.79402, 39.71686 ], [ -97.79272, 39.66966 ], [ -97.44823, 39.6737 ], [ -97.44718, 39.62649 ], [ -97.24061, 39.6285 ], [ -97.20531, 39.5816 ], [ -97.20313, 39.46356 ], [ -97.16709, 39.36941 ], [ -97.23478, 39.32159 ], [ -97.26676, 39.20321 ], [ -97.26357, 39.03788 ], [ -97.19533, 39.03849 ], [ -97.19233, 38.87312 ], [ -97.26039, 38.87251 ], [ -97.35907, 38.70613 ], [ -97.55884, 38.53851 ], [ -97.62481, 38.4668 ], [ -97.65627, 38.37183 ], [ -97.65098, 38.15902 ], [ -97.34654, 38.09143 ], [ -97.3432, 37.92584 ], [ -97.2761, 37.92649 ], [ -97.23992, 37.78483 ], [ -97.17254, 37.76177 ], [ -97.17006, 37.61976 ], [ -97.13547, 37.54903 ], [ -97.03538, 37.54984 ], [ -96.96661, 37.40828 ], [ -96.96424, 37.24249 ], [ -96.93103, 37.24273 ], [ -96.8643, 37.21949 ], [ -96.82993, 37.12494 ], [ -96.82849, 37.00646 ], [ -96.76176, 36.95946 ], [ -96.66254, 36.96 ], [ -96.5295, 36.86578 ], [ -96.53061, 37.00799 ], [ -96.5968, 37.00771 ], [ -96.59743, 37.0788 ], [ -96.53116, 37.07908 ], [ -96.53191, 37.17385 ], [ -96.33283, 37.1745 ], [ -96.33294, 37.19819 ], [ -96.06741, 37.19859 ], [ -96.06738, 37.1749 ], [ -95.80194, 37.17477 ], [ -95.80208, 37.12738 ], [ -95.47051, 37.12648 ], [ -95.47217, 36.9132 ], [ -95.40607, 36.91292 ], [ -95.34042, 36.8652 ], [ -95.34363, 36.53324 ], [ -95.24502, 36.53271 ], [ -95.2445, 36.58015 ], [ -95.11294, 36.57932 ], [ -95.081, 36.50795 ], [ -95.08291, 36.36561 ], [ -95.1157, 36.36584 ], [ -95.11814, 36.17599 ], [ -95.21677, 36.12915 ], [ -95.21812, 36.01045 ], [ -95.15288, 36.01004 ], [ -95.15259, 36.03378 ], [ -95.08733, 36.03334 ], [ -95.08544, 36.17577 ], [ -94.987, 36.19878 ], [ -94.9856, 36.2937 ], [ -94.88619, 36.36408 ], [ -94.88465, 36.45898 ], [ -94.81817, 36.50584 ], [ -94.75246, 36.50523 ], [ -94.71828, 36.57607 ], [ -94.6525, 36.57541 ], [ -94.65063, 36.67026 ], [ -94.58477, 36.66957 ], [ -94.5882, 36.50357 ], [ -94.65391, 36.50426 ], [ -94.65577, 36.40938 ], [ -94.59016, 36.40869 ], [ -94.59259, 36.29007 ], [ -94.52709, 36.28934 ], [ -94.46425, 36.16994 ], [ -94.47268, 35.79007 ], [ -94.34434, 35.71721 ], [ -94.3466, 35.62218 ], [ -93.92502, 35.61611 ], [ -93.92359, 35.66362 ], [ -93.7938, 35.66148 ], [ -93.76365, 35.58965 ], [ -93.37473, 35.58234 ], [ -93.37294, 35.62985 ], [ -93.04868, 35.62286 ], [ -93.0507, 35.57535 ], [ -92.88977, 35.5478 ], [ -92.5012, 35.53786 ], [ -92.43157, 35.63108 ], [ -91.94539, 35.61676 ], [ -91.87776, 35.66219 ], [ -91.87211, 35.75713 ], [ -91.96814, 35.78393 ], [ -92.02767, 35.88086 ], [ -92.22286, 35.88668 ], [ -92.32174, 35.86575 ], [ -92.28411, 35.95975 ], [ -92.14986, 36.02714 ], [ -92.30525, 36.17418 ], [ -92.46862, 36.1787 ], [ -92.49768, 36.25074 ], [ -92.59582, 36.25333 ], [ -92.59346, 36.30076 ], [ -92.3316, 36.29368 ], [ -92.32906, 36.3411 ], [ -92.16531, 36.33641 ], [ -92.17193, 36.21785 ], [ -92.00848, 36.21295 ], [ -92.01123, 36.16553 ], [ -91.88058, 36.16147 ], [ -91.84219, 36.25528 ], [ -91.71138, 36.25105 ], [ -91.73672, 36.37065 ], [ -91.63845, 36.36741 ], [ -91.63543, 36.41481 ], [ -91.50433, 36.41038 ], [ -91.44351, 36.33702 ], [ -91.27984, 36.33121 ], [ -91.21107, 36.37623 ], [ -91.2061, 36.44731 ], [ -91.13885, 36.46859 ], [ -90.90931, 36.45988 ], [ -90.90578, 36.50725 ], [ -90.74175, 36.50078 ], [ -90.67246, 36.5455 ], [ -90.63406, 36.6152 ], [ -90.49883, 36.65712 ], [ -90.49118, 36.7518 ], [ -90.42146, 36.79637 ], [ -90.28972, 36.79072 ], [ -90.28574, 36.83805 ], [ -90.12098, 36.83081 ], [ -90.05715, 36.80419 ], [ -89.82664, 36.7936 ], [ -89.75645, 36.8378 ], [ -89.73684, 37.05065 ], [ -89.57162, 37.04272 ], [ -89.52954, 37.13567 ], [ -89.33107, 37.12583 ], [ -89.30501, 37.05325 ], [ -89.17287, 37.0465 ], [ -89.18239, 36.95195 ], [ -89.15656, 36.87932 ], [ -89.23425, 36.76449 ], [ -89.24364, 36.66989 ], [ -89.3422, 36.67492 ], [ -89.48269, 36.58688 ], [ -89.49172, 36.49222 ], [ -89.32556, 36.50765 ], [ -89.34171, 36.34199 ], [ -89.24829, 36.28962 ], [ -89.14082, 36.37918 ], [ -89.1337, 36.45017 ], [ -88.92748, 36.53434 ], [ -88.91767, 36.62895 ], [ -88.80173, 36.7891 ], [ -88.66505, 36.82912 ], [ -88.65994, 36.87638 ], [ -88.42944, 36.86335 ], [ -88.36625, 36.83592 ], [ -88.16884, 36.82433 ], [ -88.07842, 36.74755 ], [ -88.05935, 36.62742 ], [ -87.99931, 36.57617 ], [ -87.80838, 36.51677 ], [ -87.57926, 36.50224 ], [ -87.58509, 36.45498 ], [ -87.48993, 36.42501 ], [ -87.35921, 36.41644 ], [ -87.36518, 36.36918 ], [ -87.24365, 36.2896 ], [ -87.22012, 36.21652 ], [ -87.16106, 36.16485 ], [ -87.0665, 36.13455 ], [ -86.94884, 36.03102 ], [ -86.92571, 35.95785 ], [ -86.79595, 35.9487 ], [ -86.78329, 36.04323 ], [ -86.84196, 36.09509 ], [ -86.86504, 36.16826 ], [ -86.75469, 36.25586 ], [ -86.65696, 36.24889 ], [ -86.61446, 36.07886 ], [ -86.51699, 36.07178 ], [ -86.50393, 36.16626 ], [ -86.43229, 36.20873 ], [ -86.3865, 36.30077 ], [ -86.36323, 36.466 ], [ -86.42857, 36.4708 ], [ -86.41199, 36.58879 ], [ -86.17825, 36.83371 ], [ -86.04692, 36.82384 ], [ -86.02612, 36.96527 ], [ -86.04167, 37.0856 ], [ -86.00174, 37.13023 ], [ -85.90283, 37.12271 ], [ -85.8298, 37.16477 ], [ -85.66852, 37.12843 ], [ -85.71876, 36.79859 ], [ -85.66035, 36.7463 ], [ -85.46008, 36.75423 ], [ -85.44563, 36.63377 ], [ -85.15131, 36.60973 ], [ -85.1738, 36.46835 ], [ -85.23534, 36.49731 ], [ -85.39857, 36.51064 ], [ -85.42053, 36.36919 ], [ -85.31909, 36.3848 ], [ -85.38506, 35.96025 ], [ -85.35997, 35.91039 ], [ -85.37818, 35.79238 ], [ -85.48233, 35.75309 ], [ -85.52896, 35.66127 ], [ -85.62575, 35.66909 ], [ -85.63991, 35.5746 ], [ -85.61831, 35.50113 ], [ -85.74708, 35.51146 ], [ -85.85752, 35.42458 ], [ -85.83228, 35.37477 ], [ -85.84955, 35.25656 ], [ -85.92057, 35.21433 ], [ -85.86333, 35.16196 ], [ -85.76375, 35.17796 ], [ -85.57153, 35.16244 ], [ -85.52529, 35.25438 ], [ -85.45399, 35.29639 ], [ -85.44322, 35.36728 ], [ -85.32509, 35.50105 ], [ -85.23874, 35.63737 ], [ -85.09492, 35.72095 ], [ -85.03039, 35.71548 ], [ -85.14945, 35.58204 ], [ -85.23591, 35.44576 ], [ -85.30021, 35.45114 ], [ -85.34325, 35.38294 ], [ -85.36497, 35.24117 ], [ -85.40422, 35.19655 ], [ -85.27972, 35.16225 ], [ -85.20104, 35.25138 ], [ -85.17531, 35.41674 ], [ -85.11105, 35.41131 ], [ -85.02439, 35.54751 ], [ -84.90135, 35.70444 ], [ -84.70151, 35.92632 ], [ -84.4428, 35.90348 ], [ -84.4303, 35.78271 ], [ -84.21253, 35.71512 ], [ -84.22059, 35.66797 ], [ -84.02738, 35.65016 ], [ -84.05186, 35.5087 ], [ -84.15633, 35.47046 ], [ -84.23659, 35.38201 ], [ -84.24458, 35.33482 ], [ -84.34076, 35.34361 ], [ -84.39256, 35.22851 ], [ -84.50811, 35.11914 ], [ -84.5159, 35.07191 ], [ -84.62331, 35.00963 ], [ -84.67314, 34.70241 ], [ -84.60957, 34.69672 ], [ -84.47082, 34.75614 ], [ -84.41503, 34.70308 ], [ -84.39889, 34.60563 ], [ -84.41448, 34.51107 ], [ -84.25606, 34.49645 ], [ -84.24817, 34.54373 ], [ -84.1214, 34.53188 ], [ -83.97448, 34.63805 ], [ -83.78416, 34.61983 ], [ -83.71248, 34.66092 ], [ -83.70421, 34.70814 ], [ -83.57305, 34.71937 ], [ -83.41435, 34.70371 ], [ -83.36561, 34.79494 ], [ -83.20678, 34.77903 ], [ -83.19815, 34.82621 ], [ -83.12592, 34.86695 ], [ -82.96359, 35.04259 ], [ -82.87244, 35.0092 ], [ -82.71325, 34.99268 ], [ -82.66339, 35.08358 ], [ -82.59058, 35.124 ], [ -82.49494, 35.1139 ], [ -82.3855, 35.17437 ], [ -82.2991, 35.11704 ], [ -82.25794, 35.16069 ], [ -82.23929, 35.25482 ], [ -82.18863, 35.34549 ], [ -82.11527, 35.38561 ], [ -81.95541, 35.36817 ], [ -81.82276, 35.37757 ], [ -81.83238, 35.33055 ], [ -81.70949, 35.29282 ], [ -81.69979, 35.33983 ], [ -81.62616, 35.37968 ], [ -81.61149, 35.45018 ], [ -81.53277, 35.51346 ], [ -81.40476, 35.49894 ], [ -81.33992, 35.80417 ], [ -81.11506, 35.77836 ], [ -81.06615, 35.70053 ], [ -81.10173, 35.53624 ], [ -81.08496, 35.46209 ], [ -81.15898, 35.42257 ], [ -81.14218, 35.34841 ], [ -80.95076, 35.32599 ], [ -80.89837, 35.41613 ], [ -80.80259, 35.40478 ], [ -80.75514, 35.47138 ], [ -80.65931, 35.45993 ], [ -80.64887, 35.50685 ], [ -80.55301, 35.49531 ], [ -80.53683, 35.42109 ], [ -80.4092, 35.40558 ], [ -80.32945, 35.46813 ], [ -80.20178, 35.45242 ], [ -80.19104, 35.4993 ], [ -79.97305, 35.44805 ], [ -79.95125, 35.54177 ], [ -79.86094, 35.5063 ], [ -79.88286, 35.41259 ], [ -79.71801, 35.4158 ], [ -79.69033, 35.5329 ], [ -79.54591, 35.58679 ], [ -79.49151, 35.6763 ], [ -79.36931, 35.63637 ], [ -79.17771, 35.61135 ], [ -79.16625, 35.65812 ], [ -79.09085, 35.69648 ], [ -79.09978, 35.79421 ], [ -79.04772, 36.00456 ], [ -78.95145, 35.99185 ], [ -78.93977, 36.03857 ], [ -78.7734, 36.04058 ], [ -78.75901, 35.96623 ], [ -78.59875, 35.94465 ], [ -78.52273, 35.98266 ], [ -78.47062, 35.92725 ], [ -78.34255, 35.90972 ], [ -78.28634, 35.99866 ], [ -78.19022, 35.98539 ], [ -78.13837, 35.92985 ], [ -78.07437, 35.92094 ], [ -78.01165, 36.03307 ], [ -77.90935, 36.04291 ], [ -77.8649, 36.08502 ], [ -77.84003, 36.17824 ], [ -77.70612, 36.30441 ], [ -77.64877, 36.39299 ], [ -77.65573, 36.49068 ], [ -77.44295, 36.41201 ], [ -77.37859, 36.40276 ], [ -77.29496, 36.46328 ], [ -77.27563, 36.53306 ], [ -77.19823, 36.57024 ], [ -77.17227, 36.66324 ], [ -77.06237, 36.69566 ], [ -76.97152, 36.77917 ], [ -76.94518, 36.87209 ], [ -77.0423, 36.88625 ], [ -76.99018, 36.95122 ], [ -76.94396, 37.11377 ], [ -76.94998, 37.21136 ], [ -76.85241, 37.19714 ], [ -76.80654, 37.23879 ], [ -76.77979, 37.3316 ], [ -76.7338, 37.37322 ], [ -76.61022, 37.33085 ], [ -76.59793, 37.25646 ], [ -76.50715, 37.21879 ], [ -76.37718, 37.19938 ], [ -76.2642, 37.35186 ], [ -76.23666, 37.44454 ], [ -76.26743, 37.57017 ], [ -76.2398, 37.66281 ], [ -76.25177, 37.73718 ], [ -76.19626, 37.9224 ], [ -76.37948, 37.99801 ], [ -76.47812, 38.01256 ], [ -76.49041, 38.08687 ], [ -76.35875, 38.06746 ], [ -76.31716, 38.20635 ], [ -76.38311, 38.21608 ], [ -76.35538, 38.30866 ], [ -76.36064, 38.40608 ], [ -76.42679, 38.41579 ], [ -76.4391, 38.49006 ], [ -76.50535, 38.49973 ], [ -76.51636, 38.6945 ], [ -76.42589, 38.99519 ], [ -76.35916, 38.98549 ], [ -76.39416, 38.86987 ], [ -76.33456, 38.83703 ], [ -76.38348, 38.67514 ], [ -76.29088, 38.63741 ], [ -76.35198, 38.54976 ], [ -76.33279, 38.49863 ], [ -76.28753, 38.41947 ], [ -76.28934, 38.29891 ], [ -76.19032, 38.28423 ], [ -76.17832, 38.20992 ], [ -76.11241, 38.20008 ], [ -76.14044, 38.10754 ], [ -76.08866, 38.05141 ], [ -76.058, 37.92585 ], [ -75.78856, 37.90919 ], [ -75.74433, 37.82979 ], [ -75.81691, 37.81668 ], [ -75.87083, 37.75227 ], [ -75.91306, 37.61343 ], [ -75.94571, 37.6184 ], [ -76.05731, 37.24791 ], [ -76.0016, 37.09404 ], [ -75.87201, 37.07413 ], [ -75.81863, 37.13861 ], [ -75.7765, 37.27754 ], [ -75.7045, 37.29064 ], [ -75.66204, 37.42949 ], [ -75.6295, 37.42444 ], [ -75.5296, 37.74823 ], [ -75.48255, 37.78938 ], [ -75.33005, 37.83831 ], [ -75.29374, 37.95382 ], [ -75.21361, 37.98973 ], [ -75.11822, 38.28984 ], [ -75.0853, 38.28466 ], [ -75.02607, 38.46923 ], [ -75.02195, 38.58973 ], [ -75.0435, 38.73846 ], [ -75.10236, 38.77187 ], [ -75.08004, 38.84105 ], [ -75.22026, 38.83861 ], [ -75.23129, 38.91293 ], [ -75.32744, 39.04874 ], [ -75.39409, 39.05895 ], [ -75.35722, 39.17427 ], [ -75.36107, 39.27161 ], [ -75.41319, 39.32792 ] ], [ [ -92.80425, 35.99732 ], [ -92.67388, 35.99406 ], [ -92.67731, 35.92286 ], [ -92.80755, 35.92613 ], [ -92.80425, 35.99732 ] ], [ [ -84.03047, 36.00959 ], [ -83.90935, 35.95046 ], [ -83.93417, 35.80912 ], [ -84.09959, 35.80053 ], [ -84.16008, 35.83003 ], [ -84.17617, 35.92724 ], [ -84.03868, 35.96248 ], [ -84.03047, 36.00959 ] ], [ [ -81.81878, 36.19392 ], [ -81.83339, 36.1235 ], [ -81.93033, 36.13407 ], [ -81.91582, 36.2045 ], [ -81.81878, 36.19392 ] ], [ [ -81.49279, 36.63796 ], [ -81.68523, 36.51525 ], [ -81.66047, 36.63249 ], [ -81.57544, 36.71908 ], [ -81.41259, 36.70101 ], [ -81.49279, 36.63796 ] ], [ [ -81.33733, 36.74058 ], [ -81.29966, 36.76035 ], [ -81.13679, 36.74194 ], [ -81.14708, 36.6951 ], [ -81.33733, 36.74058 ] ], [ [ -81.33645, 37.05235 ], [ -81.34665, 37.00552 ], [ -81.51524, 37.00024 ], [ -81.46977, 37.211 ], [ -81.33856, 37.19646 ], [ -81.27811, 37.16574 ], [ -81.33645, 37.05235 ] ], [ [ -80.44401, 37.42989 ], [ -80.53678, 37.32077 ], [ -80.60241, 37.32845 ], [ -80.57007, 37.46866 ], [ -80.44401, 37.42989 ] ], [ [ -80.98875, 37.70861 ], [ -81.11922, 37.57949 ], [ -81.22333, 37.56717 ], [ -81.20257, 37.66071 ], [ -81.0826, 37.74315 ], [ -80.98875, 37.70861 ] ], [ [ -76.30108, 39.29083 ], [ -76.30994, 39.1473 ], [ -76.23086, 39.06332 ], [ -76.4119, 39.04143 ], [ -76.43131, 39.09252 ], [ -76.40328, 39.18499 ], [ -76.3293, 39.19839 ], [ -76.30108, 39.29083 ] ], [ [ -76.56299, 40.50971 ], [ -76.70679, 40.50575 ], [ -76.6443, 40.59336 ], [ -76.54165, 40.57898 ], [ -76.56299, 40.50971 ] ], [ [ -77.04705, 41.03391 ], [ -77.10942, 40.94616 ], [ -77.24043, 40.86766 ], [ -77.26111, 40.7983 ], [ -77.35044, 40.73818 ], [ -77.52227, 40.76112 ], [ -77.63218, 40.75164 ], [ -77.65912, 40.65908 ], [ -77.76215, 40.67265 ], [ -77.77644, 40.74659 ], [ -77.61868, 40.79792 ], [ -77.63283, 40.87187 ], [ -77.53678, 40.95529 ], [ -77.52316, 41.00155 ], [ -77.40595, 41.03406 ], [ -77.37848, 41.12654 ], [ -77.16422, 41.1219 ], [ -77.15029, 41.16811 ], [ -76.98452, 41.12163 ], [ -77.04705, 41.03391 ] ] ], [ [ [ -96.67239, 41.28351 ], [ -96.70641, 41.16549 ], [ -96.63493, 41.07153 ], [ -96.52929, 41.07197 ], [ -96.49482, 41.16638 ], [ -96.49611, 41.33137 ], [ -96.67289, 41.33064 ], [ -96.67239, 41.28351 ] ] ], [ [ [ -96.07167, 41.21437 ], [ -95.9305, 41.21437 ], [ -95.93045, 41.26151 ], [ -96.07173, 41.26151 ], [ -96.07167, 41.21437 ] ] ], [ [ [ -83.41208, 41.86473 ], [ -83.3319, 41.90517 ], [ -83.42857, 41.96125 ], [ -83.41208, 41.86473 ] ] ], [ [ [ -83.20838, 42.15567 ], [ -83.16805, 42.17584 ], [ -83.13411, 42.33922 ], [ -83.08875, 42.3827 ], [ -82.94629, 42.36984 ], [ -82.91661, 42.50982 ], [ -83.0643, 42.49938 ], [ -83.07409, 42.45271 ], [ -83.19079, 42.4156 ], [ -83.28135, 42.32855 ], [ -83.20838, 42.15567 ] ] ], [ [ [ -76.04315, 36.955 ], [ -75.96695, 36.87058 ], [ -75.97847, 36.94508 ], [ -76.04315, 36.955 ] ] ], [ [ [ -82.79755, 42.04703 ], [ -82.78264, 42.11702 ], [ -82.84366, 42.17021 ], [ -82.95014, 42.17994 ], [ -83.03581, 42.11638 ], [ -83.05044, 42.04637 ], [ -82.90875, 42.03347 ], [ -82.79755, 42.04703 ] ] ], [ [ [ -75.82456, 41.36867 ], [ -75.94575, 41.21731 ], [ -75.84225, 41.20242 ], [ -75.77788, 41.28959 ], [ -75.65926, 41.32064 ], [ -75.6291, 41.41275 ], [ -75.7329, 41.42779 ], [ -75.82456, 41.36867 ] ] ], [ [ [ -78.84467, 42.8463 ], [ -78.70216, 42.82927 ], [ -78.66924, 42.94507 ], [ -78.69175, 42.99566 ], [ -78.84117, 42.98953 ], [ -78.87379, 42.8737 ], [ -78.84467, 42.8463 ] ] ], [ [ [ -76.24683, 43.11418 ], [ -76.26939, 43.04506 ], [ -76.20581, 43.01227 ], [ -76.0282, 42.98775 ], [ -75.99778, 43.07987 ], [ -76.18859, 43.17842 ], [ -76.24683, 43.11418 ] ] ] ] } },
{ "type": "Feature", "properties": { "ID": 5 }, "geometry": { "type": "MultiPolygon", "coordinates": [ [ [ [ -97.93261, 39.73861 ], [ -97.93401, 39.7858 ], [ -98.14027, 39.75916 ], [ -98.13871, 39.71197 ], [ -98.44889, 39.70683 ], [ -98.45067, 39.75402 ], [ -98.58861, 39.75151 ], [ -98.59049, 39.7987 ], [ -98.7335, 39.914 ], [ -98.90633, 39.91049 ], [ -98.90845, 39.95767 ], [ -99.01222, 39.95546 ], [ -99.05238, 40.07262 ], [ -99.25907, 40.04433 ], [ -99.33321, 40.13701 ], [ -99.47192, 40.13362 ], [ -99.54517, 40.2026 ], [ -99.64931, 40.19992 ], [ -99.65198, 40.24706 ], [ -99.78953, 40.21979 ], [ -99.9284, 40.21595 ], [ -99.9949, 40.16683 ], [ -100.02517, 40.09512 ], [ -100.12911, 40.09208 ], [ -100.12609, 40.04493 ], [ -100.33379, 40.03862 ], [ -100.36362, 39.96682 ], [ -100.46734, 39.96353 ], [ -100.53317, 39.91414 ], [ -100.52987, 39.867 ], [ -100.63342, 39.86358 ], [ -100.66284, 39.7917 ], [ -100.76626, 39.78818 ], [ -100.75415, 39.62316 ], [ -100.71292, 39.53003 ], [ -100.53957, 39.51221 ], [ -100.52972, 39.3707 ], [ -100.66505, 39.34254 ], [ -100.66168, 39.29536 ], [ -100.86694, 39.28825 ], [ -100.93179, 39.23864 ], [ -100.9606, 39.16665 ], [ -101.12944, 39.13678 ], [ -101.40238, 39.12629 ], [ -101.40627, 39.17345 ], [ -101.71344, 39.16099 ], [ -101.74136, 39.08883 ], [ -101.94584, 39.0801 ], [ -102.00966, 39.02997 ], [ -101.99457, 38.86492 ], [ -101.89267, 38.86936 ], [ -101.88845, 38.82219 ], [ -101.71871, 38.82942 ], [ -101.74237, 38.71005 ], [ -101.84403, 38.70572 ], [ -101.88212, 38.75143 ], [ -102.01774, 38.7455 ], [ -102.07901, 38.67173 ], [ -102.07466, 38.62456 ], [ -102.17617, 38.61998 ], [ -102.23715, 38.54612 ], [ -102.2327, 38.49895 ], [ -102.334, 38.49425 ], [ -102.4061, 38.53825 ], [ -102.44909, 38.63098 ], [ -102.58441, 38.62449 ], [ -102.58911, 38.67165 ], [ -102.7245, 38.66501 ], [ -102.7849, 38.59092 ], [ -102.77522, 38.4966 ], [ -102.90777, 38.4662 ], [ -102.94646, 38.51163 ], [ -103.04773, 38.5064 ], [ -103.0427, 38.45925 ], [ -103.17761, 38.45216 ], [ -103.18273, 38.49931 ], [ -103.28396, 38.4939 ], [ -103.32815, 38.58636 ], [ -103.46328, 38.57899 ], [ -103.48904, 38.50643 ], [ -103.75891, 38.49124 ], [ -103.89099, 38.45988 ], [ -103.9499, 38.38525 ], [ -103.94424, 38.33813 ], [ -104.21332, 38.32202 ], [ -104.29236, 38.41214 ], [ -104.49737, 38.42314 ], [ -104.49132, 38.37604 ], [ -104.65952, 38.36536 ], [ -104.75107, 38.28821 ], [ -104.73555, 38.17047 ], [ -104.62882, 38.12985 ], [ -104.51015, 37.99489 ], [ -104.50413, 37.94776 ], [ -104.3704, 37.95618 ], [ -104.32519, 37.86398 ], [ -104.25548, 37.84454 ], [ -104.24384, 37.75023 ], [ -104.09904, 37.66405 ], [ -104.0544, 37.57172 ], [ -103.95462, 37.57771 ], [ -103.91301, 37.50891 ], [ -104.00706, 37.45576 ], [ -104.05367, 37.28656 ], [ -103.92119, 37.29453 ], [ -103.92674, 37.34174 ], [ -103.79687, 37.37319 ], [ -103.73868, 37.44787 ], [ -103.53942, 37.45931 ], [ -103.54472, 37.50652 ], [ -103.3811, 37.53943 ], [ -103.24805, 37.54673 ], [ -103.24295, 37.49952 ], [ -103.07672, 37.50845 ], [ -102.82472, 37.33165 ], [ -102.81755, 37.26078 ], [ -102.88382, 37.25735 ], [ -102.90487, 37.13749 ], [ -103.03715, 37.13053 ], [ -103.09832, 37.07975 ], [ -103.09089, 37.00885 ], [ -103.2889, 36.99808 ], [ -103.28128, 36.92719 ], [ -103.21033, 36.88354 ], [ -103.14444, 36.88713 ], [ -103.07362, 36.8434 ], [ -103.09913, 36.77071 ], [ -103.08436, 36.62884 ], [ -103.04665, 36.5833 ], [ -102.94823, 36.58855 ], [ -102.91063, 36.54297 ], [ -102.93141, 36.42295 ], [ -102.83085, 36.40445 ], [ -102.47081, 36.42275 ], [ -102.47305, 36.44641 ], [ -102.1127, 36.46372 ], [ -102.08204, 36.48892 ], [ -101.91812, 36.49642 ], [ -101.92222, 36.54377 ], [ -101.69251, 36.55393 ], [ -101.62882, 36.58044 ], [ -101.59017, 36.51081 ], [ -101.58244, 36.41609 ], [ -101.51311, 36.37149 ], [ -101.47091, 36.25442 ], [ -101.40555, 36.25714 ], [ -101.39996, 36.18605 ], [ -101.18259, 35.90954 ], [ -101.07978, 35.84225 ], [ -100.97205, 35.70369 ], [ -100.96865, 35.65624 ], [ -100.86975, 35.63621 ], [ -100.79838, 35.5437 ], [ -100.7951, 35.49622 ], [ -100.69809, 35.49979 ], [ -100.62551, 35.38341 ], [ -100.52864, 35.38685 ], [ -100.49022, 35.29298 ], [ -100.42573, 35.29522 ], [ -100.3875, 35.2013 ], [ -100.29087, 35.20456 ], [ -100.18854, 35.1127 ], [ -99.95929, 35.04855 ], [ -99.88972, 34.95542 ], [ -99.79341, 34.95831 ], [ -99.79084, 34.91075 ], [ -99.6625, 34.91449 ], [ -99.59346, 34.82118 ], [ -99.46528, 34.82472 ], [ -99.36799, 34.8035 ], [ -99.33369, 34.75676 ], [ -99.17359, 34.76085 ], [ -99.17145, 34.71325 ], [ -99.01143, 34.71714 ], [ -99.0094, 34.66954 ], [ -98.88146, 34.67249 ], [ -98.75352, 34.67533 ], [ -98.75166, 34.62772 ], [ -98.62379, 34.63042 ], [ -98.65845, 34.70117 ], [ -98.37042, 34.70685 ], [ -98.34157, 34.80265 ], [ -98.24618, 34.82817 ], [ -98.24922, 34.92335 ], [ -98.15363, 34.9488 ], [ -98.15509, 34.99638 ], [ -98.02653, 34.99848 ], [ -98.02997, 35.11742 ], [ -98.09437, 35.11638 ], [ -98.09936, 35.28283 ], [ -98.06708, 35.28335 ], [ -98.07132, 35.42598 ], [ -97.94395, 35.49929 ], [ -97.95665, 35.95059 ], [ -97.92538, 35.99856 ], [ -97.82756, 35.99997 ], [ -97.83197, 36.16612 ], [ -97.86466, 36.16566 ], [ -97.87241, 36.45036 ], [ -97.83958, 36.45082 ], [ -97.84662, 36.71166 ], [ -97.68187, 36.71387 ], [ -97.6807, 36.66645 ], [ -97.54898, 36.66806 ], [ -97.55006, 36.71548 ], [ -97.4512, 36.71661 ], [ -97.41973, 36.78809 ], [ -97.32076, 36.78912 ], [ -97.28957, 36.88426 ], [ -97.15863, 36.95658 ], [ -97.16025, 37.05137 ], [ -97.0944, 37.07563 ], [ -97.09593, 37.17039 ], [ -97.02958, 37.17093 ], [ -96.99745, 37.24224 ], [ -96.96424, 37.24249 ], [ -96.96661, 37.40828 ], [ -97.03538, 37.54984 ], [ -97.13547, 37.54903 ], [ -97.17006, 37.61976 ], [ -97.17254, 37.76177 ], [ -97.23992, 37.78483 ], [ -97.2761, 37.92649 ], [ -97.3432, 37.92584 ], [ -97.34654, 38.09143 ], [ -97.65098, 38.15902 ], [ -97.65627, 38.37183 ], [ -97.62481, 38.4668 ], [ -97.55884, 38.53851 ], [ -97.35907, 38.70613 ], [ -97.26039, 38.87251 ], [ -97.19233, 38.87312 ], [ -97.19533, 39.03849 ], [ -97.26357, 39.03788 ], [ -97.26676, 39.20321 ], [ -97.23478, 39.32159 ], [ -97.16709, 39.36941 ], [ -97.20313, 39.46356 ], [ -97.20531, 39.5816 ], [ -97.24061, 39.6285 ], [ -97.44718, 39.62649 ], [ -97.44823, 39.6737 ], [ -97.79272, 39.66966 ], [ -97.79402, 39.71686 ], [ -97.82849, 39.71641 ], [ -97.82916, 39.74001 ], [ -97.93261, 39.73861 ] ] ], [ [ [ -100.53317, 39.91414 ], [ -100.53979, 40.00842 ], [ -100.64187, 39.98143 ], [ -100.6368, 39.91072 ], [ -100.53317, 39.91414 ] ] ] ] } },
{ "type": "Feature", "properties": { "ID": 6 }, "geometry": { "type": "MultiPolygon", "coordinates": [ [ [ [ -76.37718, 37.19938 ], [ -76.50715, 37.21879 ], [ -76.59793, 37.25646 ], [ -76.61022, 37.33085 ], [ -76.7338, 37.37322 ], [ -76.77979, 37.3316 ], [ -76.80654, 37.23879 ], [ -76.85241, 37.19714 ], [ -76.94998, 37.21136 ], [ -76.94396, 37.11377 ], [ -76.99018, 36.95122 ], [ -77.0423, 36.88625 ], [ -76.94518, 36.87209 ], [ -76.97152, 36.77917 ], [ -77.06237, 36.69566 ], [ -77.17227, 36.66324 ], [ -77.19823, 36.57024 ], [ -77.27563, 36.53306 ], [ -77.29496, 36.46328 ], [ -77.37859, 36.40276 ], [ -77.44295, 36.41201 ], [ -77.65573, 36.49068 ], [ -77.64877, 36.39299 ], [ -77.70612, 36.30441 ], [ -77.84003, 36.17824 ], [ -77.8649, 36.08502 ], [ -77.90935, 36.04291 ], [ -78.01165, 36.03307 ], [ -78.07437, 35.92094 ], [ -78.13837, 35.92985 ], [ -78.19022, 35.98539 ], [ -78.28634, 35.99866 ], [ -78.34255, 35.90972 ], [ -78.47062, 35.92725 ], [ -78.52273, 35.98266 ], [ -78.59875, 35.94465 ], [ -78.75901, 35.96623 ], [ -78.7734, 36.04058 ], [ -78.93977, 36.03857 ], [ -78.95145, 35.99185 ], [ -79.04772, 36.00456 ], [ -79.09978, 35.79421 ], [ -79.09085, 35.69648 ], [ -79.16625, 35.65812 ], [ -79.17771, 35.61135 ], [ -79.36931, 35.63637 ], [ -79.49151, 35.6763 ], [ -79.54591, 35.58679 ], [ -79.69033, 35.5329 ], [ -79.71801, 35.4158 ], [ -79.88286, 35.41259 ], [ -79.86094, 35.5063 ], [ -79.95125, 35.54177 ], [ -79.97305, 35.44805 ], [ -80.19104, 35.4993 ], [ -80.20178, 35.45242 ], [ -80.32945, 35.46813 ], [ -80.4092, 35.40558 ], [ -80.53683, 35.42109 ], [ -80.55301, 35.49531 ], [ -80.64887, 35.50685 ], [ -80.65931, 35.45993 ], [ -80.75514, 35.47138 ], [ -80.80259, 35.40478 ], [ -80.89837, 35.41613 ], [ -80.95076, 35.32599 ], [ -81.14218, 35.34841 ], [ -81.15898, 35.42257 ], [ -81.08496, 35.46209 ], [ -81.10173, 35.53624 ], [ -81.06615, 35.70053 ], [ -81.11506, 35.77836 ], [ -81.33992, 35.80417 ], [ -81.40476, 35.49894 ], [ -81.53277, 35.51346 ], [ -81.61149, 35.45018 ], [ -81.62616, 35.37968 ], [ -81.69979, 35.33983 ], [ -81.70949, 35.29282 ], [ -81.83238, 35.33055 ], [ -81.82276, 35.37757 ], [ -81.95541, 35.36817 ], [ -82.11527, 35.38561 ], [ -82.18863, 35.34549 ], [ -82.23929, 35.25482 ], [ -82.25794, 35.16069 ], [ -82.2991, 35.11704 ], [ -82.3855, 35.17437 ], [ -82.49494, 35.1139 ], [ -82.59058, 35.124 ], [ -82.66339, 35.08358 ], [ -82.71325, 34.99268 ], [ -82.87244, 35.0092 ], [ -82.96359, 35.04259 ], [ -83.12592, 34.86695 ], [ -83.19815, 34.82621 ], [ -83.20678, 34.77903 ], [ -83.36561, 34.79494 ], [ -83.41435, 34.70371 ], [ -83.57305, 34.71937 ], [ -83.70421, 34.70814 ], [ -83.71248, 34.66092 ], [ -83.78416, 34.61983 ], [ -83.97448, 34.63805 ], [ -84.1214, 34.53188 ], [ -84.24817, 34.54373 ], [ -84.25606, 34.49645 ], [ -84.41448, 34.51107 ], [ -84.39889, 34.60563 ], [ -84.41503, 34.70308 ], [ -84.47082, 34.75614 ], [ -84.60957, 34.69672 ], [ -84.67314, 34.70241 ], [ -84.62331, 35.00963 ], [ -84.5159, 35.07191 ], [ -84.50811, 35.11914 ], [ -84.39256, 35.22851 ], [ -84.34076, 35.34361 ], [ -84.24458, 35.33482 ], [ -84.23659, 35.38201 ], [ -84.15633, 35.47046 ], [ -84.05186, 35.5087 ], [ -84.02738, 35.65016 ], [ -84.22059, 35.66797 ], [ -84.21253, 35.71512 ], [ -84.4303, 35.78271 ], [ -84.4428, 35.90348 ], [ -84.70151, 35.92632 ], [ -84.90135, 35.70444 ], [ -85.02439, 35.54751 ], [ -85.11105, 35.41131 ], [ -85.17531, 35.41674 ], [ -85.20104, 35.25138 ], [ -85.27972, 35.16225 ], [ -85.40422, 35.19655 ], [ -85.36497, 35.24117 ], [ -85.34325, 35.38294 ], [ -85.30021, 35.45114 ], [ -85.23591, 35.44576 ], [ -85.14945, 35.58204 ], [ -85.03039, 35.71548 ], [ -85.09492, 35.72095 ], [ -85.23874, 35.63737 ], [ -85.32509, 35.50105 ], [ -85.44322, 35.36728 ], [ -85.45399, 35.29639 ], [ -85.52529, 35.25438 ], [ -85.57153, 35.16244 ], [ -85.76375, 35.17796 ], [ -85.86333, 35.16196 ], [ -85.92057, 35.21433 ], [ -85.84955, 35.25656 ], [ -85.83228, 35.37477 ], [ -85.85752, 35.42458 ], [ -85.74708, 35.51146 ], [ -85.61831, 35.50113 ], [ -85.63991, 35.5746 ], [ -85.62575, 35.66909 ], [ -85.52896, 35.66127 ], [ -85.48233, 35.75309 ], [ -85.37818, 35.79238 ], [ -85.35997, 35.91039 ], [ -85.38506, 35.96025 ], [ -85.31909, 36.3848 ], [ -85.42053, 36.36919 ], [ -85.39857, 36.51064 ], [ -85.23534, 36.49731 ], [ -85.1738, 36.46835 ], [ -85.15131, 36.60973 ], [ -85.44563, 36.63377 ], [ -85.46008, 36.75423 ], [ -85.66035, 36.7463 ], [ -85.71876, 36.79859 ], [ -85.66852, 37.12843 ], [ -85.8298, 37.16477 ], [ -85.90283, 37.12271 ], [ -86.00174, 37.13023 ], [ -86.04167, 37.0856 ], [ -86.02612, 36.96527 ], [ -86.04692, 36.82384 ], [ -86.17825, 36.83371 ], [ -86.41199, 36.58879 ], [ -86.42857, 36.4708 ], [ -86.36323, 36.466 ], [ -86.3865, 36.30077 ], [ -86.43229, 36.20873 ], [ -86.50393, 36.16626 ], [ -86.51699, 36.07178 ], [ -86.61446, 36.07886 ], [ -86.65696, 36.24889 ], [ -86.75469, 36.25586 ], [ -86.86504, 36.16826 ], [ -86.84196, 36.09509 ], [ -86.78329, 36.04323 ], [ -86.79595, 35.9487 ], [ -86.92571, 35.95785 ], [ -86.94884, 36.03102 ], [ -87.0665, 36.13455 ], [ -87.16106, 36.16485 ], [ -87.22012, 36.21652 ], [ -87.24365, 36.2896 ], [ -87.36518, 36.36918 ], [ -87.35921, 36.41644 ], [ -87.48993, 36.42501 ], [ -87.58509, 36.45498 ], [ -87.57926, 36.50224 ], [ -87.80838, 36.51677 ], [ -87.99931, 36.57617 ], [ -88.05935, 36.62742 ], [ -88.07842, 36.74755 ], [ -88.16884, 36.82433 ], [ -88.36625, 36.83592 ], [ -88.42944, 36.86335 ], [ -88.65994, 36.87638 ], [ -88.66505, 36.82912 ], [ -88.80173, 36.7891 ], [ -88.91767, 36.62895 ], [ -88.92748, 36.53434 ], [ -89.1337, 36.45017 ], [ -89.14082, 36.37918 ], [ -89.24829, 36.28962 ], [ -89.34171, 36.34199 ], [ -89.32556, 36.50765 ], [ -89.49172, 36.49222 ], [ -89.48269, 36.58688 ], [ -89.3422, 36.67492 ], [ -89.24364, 36.66989 ], [ -89.23425, 36.76449 ], [ -89.15656, 36.87932 ], [ -89.18239, 36.95195 ], [ -89.17287, 37.0465 ], [ -89.30501, 37.05325 ], [ -89.33107, 37.12583 ], [ -89.52954, 37.13567 ], [ -89.57162, 37.04272 ], [ -89.73684, 37.05065 ], [ -89.75645, 36.8378 ], [ -89.82664, 36.7936 ], [ -90.05715, 36.80419 ], [ -90.12098, 36.83081 ], [ -90.28574, 36.83805 ], [ -90.28972, 36.79072 ], [ -90.42146, 36.79637 ], [ -90.49118, 36.7518 ], [ -90.49883, 36.65712 ], [ -90.63406, 36.6152 ], [ -90.67246, 36.5455 ], [ -90.74175, 36.50078 ], [ -90.90578, 36.50725 ], [ -90.90931, 36.45988 ], [ -91.13885, 36.46859 ], [ -91.2061, 36.44731 ], [ -91.21107, 36.37623 ], [ -91.27984, 36.33121 ], [ -91.44351, 36.33702 ], [ -91.50433, 36.41038 ], [ -91.63543, 36.41481 ], [ -91.63845, 36.36741 ], [ -91.73672, 36.37065 ], [ -91.71138, 36.25105 ], [ -91.84219, 36.25528 ], [ -91.88058, 36.16147 ], [ -92.01123, 36.16553 ], [ -92.00848, 36.21295 ], [ -92.17193, 36.21785 ], [ -92.16531, 36.33641 ], [ -92.32906, 36.3411 ], [ -92.3316, 36.29368 ], [ -92.59346, 36.30076 ], [ -92.59582, 36.25333 ], [ -92.49768, 36.25074 ], [ -92.46862, 36.1787 ], [ -92.30525, 36.17418 ], [ -92.14986, 36.02714 ], [ -92.28411, 35.95975 ], [ -92.32174, 35.86575 ], [ -92.22286, 35.88668 ], [ -92.02767, 35.88086 ], [ -91.96814, 35.78393 ], [ -91.87211, 35.75713 ], [ -91.87776, 35.66219 ], [ -91.94539, 35.61676 ], [ -92.43157, 35.63108 ], [ -92.5012, 35.53786 ], [ -92.88977, 35.5478 ], [ -93.0507, 35.57535 ], [ -93.04868, 35.62286 ], [ -93.37294, 35.62985 ], [ -93.37473, 35.58234 ], [ -93.76365, 35.58965 ], [ -93.7938, 35.66148 ], [ -93.92359, 35.66362 ], [ -93.92502, 35.61611 ], [ -94.3466, 35.62218 ], [ -94.34434, 35.71721 ], [ -94.47268, 35.79007 ], [ -94.46425, 36.16994 ], [ -94.52709, 36.28934 ], [ -94.59259, 36.29007 ], [ -94.59016, 36.40869 ], [ -94.65577, 36.40938 ], [ -94.65391, 36.50426 ], [ -94.5882, 36.50357 ], [ -94.58477, 36.66957 ], [ -94.65063, 36.67026 ], [ -94.6525, 36.57541 ], [ -94.71828, 36.57607 ], [ -94.75246, 36.50523 ], [ -94.81817, 36.50584 ], [ -94.88465, 36.45898 ], [ -94.88619, 36.36408 ], [ -94.9856, 36.2937 ], [ -94.987, 36.19878 ], [ -95.08544, 36.17577 ], [ -95.08733, 36.03334 ], [ -95.15259, 36.03378 ], [ -95.15405, 35.91506 ], [ -95.21919, 35.91546 ], [ -95.22346, 35.53535 ], [ -95.25586, 35.53554 ], [ -95.25839, 35.29782 ], [ -95.29116, 35.25044 ], [ -95.38795, 35.25094 ], [ -95.45341, 35.13231 ], [ -95.55004, 35.13268 ], [ -95.58254, 35.08521 ], [ -95.5831, 34.99004 ], [ -95.71178, 34.9666 ], [ -95.74426, 34.87147 ], [ -95.84054, 34.87163 ], [ -95.90488, 34.75266 ], [ -95.90501, 34.65742 ], [ -95.96899, 34.65745 ], [ -95.96908, 34.4669 ], [ -95.87344, 34.41919 ], [ -95.87361, 34.32387 ], [ -95.77816, 34.2999 ], [ -95.74649, 34.25217 ], [ -95.74844, 33.70356 ], [ -95.84329, 33.6321 ], [ -96.09558, 33.63217 ], [ -96.12703, 33.58439 ], [ -96.12686, 33.48887 ], [ -96.15818, 33.41718 ], [ -96.03237, 33.32172 ], [ -96.00097, 33.25004 ], [ -96.00097, 33.13054 ], [ -95.90714, 33.03487 ], [ -95.78211, 33.01081 ], [ -95.78225, 32.96298 ], [ -95.62603, 32.96261 ], [ -95.62578, 33.01043 ], [ -95.50056, 33.0339 ], [ -95.21909, 33.03245 ], [ -95.15682, 33.00813 ], [ -95.12671, 32.91226 ], [ -95.12958, 32.67301 ], [ -95.03685, 32.62444 ], [ -95.03969, 32.40896 ], [ -95.07069, 32.4092 ], [ -95.07433, 32.12168 ], [ -95.04344, 32.12144 ], [ -95.04562, 31.95362 ], [ -94.95419, 31.88091 ], [ -94.95589, 31.76096 ], [ -94.92655, 31.6647 ], [ -94.86516, 31.66414 ], [ -94.86626, 31.59213 ], [ -94.8057, 31.54353 ], [ -94.77625, 31.47119 ], [ -94.78058, 31.20693 ], [ -95.05514, 31.2094 ], [ -95.11729, 31.11371 ], [ -95.20895, 31.09031 ], [ -95.21022, 30.97007 ], [ -95.3019, 30.92253 ], [ -95.3635, 30.82663 ], [ -95.36452, 30.7063 ], [ -95.30436, 30.65781 ], [ -95.30502, 30.58558 ], [ -95.24451, 30.58521 ], [ -95.21526, 30.48868 ], [ -95.15482, 30.48826 ], [ -95.15563, 30.41599 ], [ -95.09612, 30.34326 ], [ -95.0358, 30.34279 ], [ -95.00691, 30.24613 ], [ -94.82806, 30.12392 ], [ -94.79913, 30.05127 ], [ -94.73904, 30.05064 ], [ -94.62063, 29.9528 ], [ -94.59197, 29.88006 ], [ -94.50205, 29.87895 ], [ -94.44407, 29.78163 ], [ -94.32486, 29.75584 ], [ -94.32592, 29.70755 ], [ -94.23621, 29.70624 ], [ -94.23732, 29.65794 ], [ -94.08851, 29.63145 ], [ -94.02752, 29.67876 ], [ -93.7884, 29.6745 ], [ -93.66811, 29.69633 ], [ -93.66664, 29.74461 ], [ -93.33761, 29.73761 ], [ -93.33677, 29.76175 ], [ -93.09744, 29.75608 ], [ -93.06937, 29.70706 ], [ -92.9498, 29.70402 ], [ -92.86112, 29.67751 ], [ -92.86309, 29.62923 ], [ -92.74365, 29.62597 ], [ -92.7457, 29.57769 ], [ -92.62741, 29.55016 ], [ -92.3888, 29.54304 ], [ -92.36126, 29.49383 ], [ -92.24205, 29.49006 ], [ -92.23969, 29.53835 ], [ -92.17764, 29.5847 ], [ -92.02847, 29.57974 ], [ -92.00241, 29.5063 ], [ -91.8832, 29.50216 ], [ -91.88579, 29.45387 ], [ -91.73689, 29.44853 ], [ -91.70441, 29.49573 ], [ -91.699, 29.59228 ], [ -91.84687, 29.6218 ], [ -91.84425, 29.67006 ], [ -92.05333, 29.67728 ], [ -92.07949, 29.75067 ], [ -91.93129, 29.72146 ], [ -91.63246, 29.71072 ], [ -91.6678, 29.61531 ], [ -91.54984, 29.58671 ], [ -91.55544, 29.49016 ], [ -91.40794, 29.46026 ], [ -91.38106, 29.4108 ], [ -91.29327, 29.38309 ], [ -91.32889, 29.28769 ], [ -91.30359, 29.21402 ], [ -90.88815, 29.19651 ], [ -90.88495, 29.24482 ], [ -90.73653, 29.2382 ], [ -90.76293, 29.28784 ], [ -90.61443, 29.28107 ], [ -90.61105, 29.32935 ], [ -90.49221, 29.3238 ], [ -90.48875, 29.37207 ], [ -90.36984, 29.36639 ], [ -90.36631, 29.41466 ], [ -90.30324, 29.46003 ], [ -90.15446, 29.45267 ], [ -90.09125, 29.49792 ], [ -90.08753, 29.54616 ], [ -89.99817, 29.5416 ], [ -89.99439, 29.58983 ], [ -89.90498, 29.58521 ], [ -89.90114, 29.63342 ], [ -89.83763, 29.67851 ], [ -89.71632, 29.69627 ], [ -89.67851, 29.79104 ], [ -89.58889, 29.78618 ], [ -89.55088, 29.88088 ], [ -89.46116, 29.87592 ], [ -89.42295, 29.97055 ], [ -89.36307, 29.96719 ], [ -89.3268, 30.0377 ], [ -89.23691, 30.03257 ], [ -89.16401, 30.17345 ], [ -89.25406, 30.17863 ], [ -89.29259, 30.08412 ], [ -89.50249, 30.09587 ], [ -89.56859, 30.02696 ], [ -89.5747, 29.95475 ], [ -89.69446, 29.96122 ], [ -89.78232, 29.99007 ], [ -89.77838, 30.03822 ], [ -89.6585, 30.03183 ], [ -89.62045, 30.12648 ], [ -89.53044, 30.12158 ], [ -89.33778, 30.25589 ], [ -89.33355, 30.30398 ], [ -89.15315, 30.29368 ], [ -89.17888, 30.34349 ], [ -89.02849, 30.33474 ], [ -89.05415, 30.38457 ], [ -88.69311, 30.36285 ], [ -88.63997, 30.28704 ], [ -88.5198, 30.2795 ], [ -88.42246, 30.34584 ], [ -88.30222, 30.33809 ], [ -88.30711, 30.29004 ], [ -88.15693, 30.28018 ], [ -88.09938, 30.25215 ], [ -88.07422, 30.49229 ], [ -88.03904, 30.53828 ], [ -88.02888, 30.63426 ], [ -87.90821, 30.62611 ], [ -87.91853, 30.53014 ], [ -87.95634, 30.46018 ], [ -87.93138, 30.41012 ], [ -87.81889, 30.32984 ], [ -87.82668, 30.2578 ], [ -87.88671, 30.26194 ], [ -87.98186, 30.22004 ], [ -87.68191, 30.1993 ], [ -87.67663, 30.24733 ], [ -87.55662, 30.23881 ], [ -87.46392, 30.25635 ], [ -87.4585, 30.30437 ], [ -87.21838, 30.28677 ], [ -87.2128, 30.33477 ], [ -87.03267, 30.32125 ], [ -86.90973, 30.33607 ], [ -86.90395, 30.38405 ], [ -86.63369, 30.36296 ], [ -86.63071, 30.38694 ], [ -86.36052, 30.36524 ], [ -86.21359, 30.32894 ], [ -86.18671, 30.30248 ], [ -86.0668, 30.29246 ], [ -86.0731, 30.24451 ], [ -85.92015, 30.25579 ], [ -85.80034, 30.24549 ], [ -85.79387, 30.29342 ], [ -85.67402, 30.283 ], [ -85.66747, 30.33092 ], [ -85.54758, 30.32038 ], [ -85.54094, 30.36828 ], [ -85.41765, 30.38156 ], [ -85.41092, 30.42944 ], [ -85.32092, 30.42135 ], [ -85.25409, 30.4638 ], [ -85.24725, 30.51167 ], [ -85.12714, 30.5007 ], [ -85.12022, 30.54855 ], [ -85.05317, 30.59087 ], [ -84.963, 30.58251 ], [ -84.91884, 30.67536 ], [ -84.82859, 30.66691 ], [ -84.76127, 30.70904 ], [ -84.7541, 30.75684 ], [ -84.66377, 30.74826 ], [ -84.61914, 30.84096 ], [ -84.52873, 30.83228 ], [ -84.48388, 30.9249 ], [ -84.42355, 30.91905 ], [ -84.37852, 31.01161 ], [ -84.20868, 31.11611 ], [ -84.133, 31.20554 ], [ -84.07246, 31.19952 ], [ -84.02683, 31.29186 ], [ -83.87449, 31.47031 ], [ -83.83237, 31.53869 ], [ -83.63661, 31.78503 ], [ -83.57564, 31.77877 ], [ -83.59007, 31.87705 ], [ -83.54342, 31.96903 ], [ -83.47012, 32.03404 ], [ -83.45384, 32.12909 ], [ -83.41504, 32.17344 ], [ -83.23127, 32.15427 ], [ -83.1742, 32.12407 ], [ -83.0782, 32.13808 ], [ -82.4666, 32.0714 ], [ -82.46221, 32.09513 ], [ -82.24835, 32.07106 ], [ -82.24388, 32.09478 ], [ -82.03009, 32.07033 ], [ -81.93395, 32.08344 ], [ -81.92482, 32.13086 ], [ -81.7721, 32.11303 ], [ -81.61479, 32.11871 ], [ -81.51381, 32.15519 ], [ -81.38692, 32.16422 ], [ -81.37743, 32.21158 ], [ -81.25522, 32.19679 ], [ -81.1797, 32.26037 ], [ -81.05745, 32.24538 ], [ -81.04773, 32.29271 ], [ -80.95602, 32.28139 ], [ -80.88015, 32.34476 ], [ -80.7884, 32.33331 ], [ -80.7785, 32.3806 ], [ -80.65613, 32.36523 ], [ -80.58494, 32.40476 ], [ -80.53924, 32.47178 ], [ -80.46787, 32.51124 ], [ -80.37598, 32.49949 ], [ -80.3045, 32.53885 ], [ -80.29426, 32.58607 ], [ -80.2023, 32.5742 ], [ -80.13066, 32.61345 ], [ -80.12029, 32.66065 ], [ -80.0126, 32.71943 ], [ -79.95121, 32.71138 ], [ -79.89947, 32.80168 ], [ -79.83802, 32.79358 ], [ -79.78608, 32.88381 ], [ -79.72458, 32.87565 ], [ -79.67244, 32.96582 ], [ -79.5801, 32.95349 ], [ -79.56933, 33.0006 ], [ -79.48608, 33.08653 ], [ -79.36281, 33.0699 ], [ -79.31557, 33.13633 ], [ -79.22307, 33.12374 ], [ -79.17013, 33.21364 ], [ -79.13128, 33.37826 ], [ -79.05826, 33.4168 ], [ -79.03588, 33.51081 ], [ -78.96267, 33.54929 ], [ -78.94576, 33.61976 ], [ -78.8724, 33.65817 ], [ -78.78755, 33.74349 ], [ -78.63456, 33.84351 ], [ -78.47911, 33.82168 ], [ -78.43055, 33.88765 ], [ -78.24398, 33.86113 ], [ -78.207, 33.88013 ], [ -78.08267, 33.86226 ], [ -77.96438, 33.82083 ], [ -77.92135, 33.86318 ], [ -77.86722, 34.07395 ], [ -77.78068, 34.15849 ], [ -77.75638, 34.25209 ], [ -77.62597, 34.37871 ], [ -77.53217, 34.3649 ], [ -77.41359, 34.44452 ], [ -77.36362, 34.50997 ], [ -77.301, 34.50065 ], [ -77.24461, 34.5894 ], [ -77.16932, 34.62672 ], [ -77.00626, 34.62647 ], [ -76.99352, 34.67314 ], [ -76.8617, 34.67744 ], [ -76.70499, 34.65347 ], [ -76.57319, 34.65747 ], [ -76.5927, 34.58751 ], [ -76.49884, 34.57295 ], [ -76.45448, 34.61471 ], [ -76.41512, 34.75455 ], [ -76.3706, 34.79626 ], [ -76.2367, 34.92128 ], [ -76.17387, 34.91141 ], [ -76.11573, 34.99957 ], [ -75.96976, 35.04949 ], [ -75.91124, 35.13753 ], [ -75.83467, 35.17401 ], [ -75.98099, 35.12426 ], [ -75.99448, 35.07774 ], [ -76.08891, 35.09266 ], [ -76.17195, 35.03274 ], [ -76.1853, 34.98619 ], [ -76.48681, 35.08176 ], [ -76.54456, 34.99344 ], [ -76.59444, 35.04972 ], [ -76.49859, 35.15648 ], [ -76.45241, 35.31944 ], [ -76.40755, 35.36111 ], [ -76.26281, 35.29009 ], [ -76.24946, 35.33662 ], [ -76.15466, 35.32183 ], [ -76.00805, 35.37175 ], [ -75.98095, 35.46474 ], [ -75.87676, 35.59417 ], [ -75.82707, 35.53768 ], [ -75.76375, 35.52762 ], [ -75.68107, 35.80625 ], [ -75.61752, 35.79613 ], [ -75.56789, 35.73957 ], [ -75.55701, 35.66486 ], [ -75.49361, 35.65468 ], [ -75.44097, 35.71918 ], [ -75.55399, 35.78598 ], [ -75.52612, 35.87879 ], [ -75.70454, 36.17447 ], [ -75.76845, 36.18454 ], [ -75.73376, 36.30051 ], [ -75.85241, 36.46474 ], [ -75.81772, 36.58067 ], [ -75.86122, 36.66022 ], [ -75.92561, 36.67021 ], [ -75.89788, 36.76293 ], [ -75.95545, 36.79607 ], [ -75.96695, 36.87058 ], [ -76.04315, 36.955 ], [ -76.08929, 36.91359 ], [ -76.24414, 36.96139 ], [ -76.26283, 37.01266 ], [ -76.23542, 37.1054 ], [ -76.2866, 37.16155 ], [ -76.37718, 37.19938 ] ], [ [ -76.48891, 36.0047 ], [ -76.50223, 35.95821 ], [ -76.66843, 35.95911 ], [ -76.65522, 36.00561 ], [ -76.52749, 35.9863 ], [ -76.48891, 36.0047 ] ], [ [ -75.77538, 36.16135 ], [ -75.73229, 36.08169 ], [ -75.79184, 35.9939 ], [ -75.91937, 36.01393 ], [ -76.06061, 35.9874 ], [ -76.22011, 36.01209 ], [ -76.36123, 35.98523 ], [ -76.36632, 36.08305 ], [ -76.29568, 36.0965 ], [ -76.16788, 36.07684 ], [ -76.0904, 36.1134 ], [ -76.03797, 36.17809 ], [ -75.87814, 36.15318 ], [ -75.80993, 36.04534 ], [ -75.77538, 36.16135 ] ] ], [ [ [ -92.80425, 35.99732 ], [ -92.80755, 35.92613 ], [ -92.67731, 35.92286 ], [ -92.67388, 35.99406 ], [ -92.80425, 35.99732 ] ] ], [ [ [ -84.03047, 36.00959 ], [ -84.03868, 35.96248 ], [ -84.17617, 35.92724 ], [ -84.16008, 35.83003 ], [ -84.09959, 35.80053 ], [ -83.93417, 35.80912 ], [ -83.90935, 35.95046 ], [ -84.03047, 36.00959 ] ] ], [ [ [ -75.83467, 35.17401 ], [ -75.70869, 35.15386 ], [ -75.65662, 35.21853 ], [ -75.53062, 35.19821 ], [ -75.48215, 35.36079 ], [ -75.54529, 35.37099 ], [ -75.57293, 35.27808 ], [ -75.61824, 35.2367 ], [ -75.7128, 35.25188 ], [ -75.7265, 35.2054 ], [ -75.82105, 35.22051 ], [ -75.83467, 35.17401 ] ] ] ] } },
{ "type": "Feature", "properties": { "ID": 7 }, "geometry": { "type": "MultiPolygon", "coordinates": [ [ [ [ -96.93103, 37.24273 ], [ -96.99745, 37.24224 ], [ -97.02958, 37.17093 ], [ -97.09593, 37.17039 ], [ -97.0944, 37.07563 ], [ -97.16025, 37.05137 ], [ -97.15863, 36.95658 ], [ -97.28957, 36.88426 ], [ -97.32076, 36.78912 ], [ -97.41973, 36.78809 ], [ -97.4512, 36.71661 ], [ -97.55006, 36.71548 ], [ -97.54898, 36.66806 ], [ -97.6807, 36.66645 ], [ -97.68187, 36.71387 ], [ -97.84662, 36.71166 ], [ -97.83958, 36.45082 ], [ -97.87241, 36.45036 ], [ -97.86466, 36.16566 ], [ -97.83197, 36.16612 ], [ -97.82756, 35.99997 ], [ -97.92538, 35.99856 ], [ -97.95665, 35.95059 ], [ -97.94395, 35.49929 ], [ -98.07132, 35.42598 ], [ -98.06708, 35.28335 ], [ -98.09936, 35.28283 ], [ -98.09437, 35.11638 ], [ -98.02997, 35.11742 ], [ -98.02653, 34.99848 ], [ -98.15509, 34.99638 ], [ -98.15363, 34.9488 ], [ -98.24922, 34.92335 ], [ -98.24618, 34.82817 ], [ -98.34157, 34.80265 ], [ -98.37042, 34.70685 ], [ -98.65845, 34.70117 ], [ -98.62379, 34.63042 ], [ -98.59007, 34.58346 ], [ -98.20665, 34.59069 ], [ -98.20517, 34.54306 ], [ -97.88581, 34.5482 ], [ -97.91517, 34.45245 ], [ -97.91003, 34.26185 ], [ -97.97364, 34.26087 ], [ -97.95527, 33.59305 ], [ -97.92376, 33.59354 ], [ -97.91802, 33.37865 ], [ -97.8866, 33.37913 ], [ -97.88223, 33.2119 ], [ -97.81954, 33.21283 ], [ -97.78524, 33.0938 ], [ -97.78289, 32.99817 ], [ -97.71868, 32.92732 ], [ -97.71641, 32.83166 ], [ -97.65405, 32.83251 ], [ -97.62126, 32.76116 ], [ -97.61913, 32.66545 ], [ -97.55436, 32.54657 ], [ -97.49223, 32.54734 ], [ -97.49028, 32.45157 ], [ -97.42777, 32.42836 ], [ -97.4259, 32.33256 ], [ -97.23804, 32.21479 ], [ -97.23642, 32.11893 ], [ -97.17351, 32.04763 ], [ -97.1118, 32.0482 ], [ -97.04873, 31.95284 ], [ -97.04805, 31.90488 ], [ -96.92457, 31.88189 ], [ -96.86244, 31.83437 ], [ -96.79961, 31.71482 ], [ -96.73817, 31.71521 ], [ -96.61451, 31.61989 ], [ -96.61411, 31.57187 ], [ -96.49132, 31.54842 ], [ -96.42947, 31.4526 ], [ -96.33765, 31.45289 ], [ -96.30674, 31.38092 ], [ -96.215, 31.38111 ], [ -96.21486, 31.33307 ], [ -96.12318, 31.33319 ], [ -96.1231, 31.28514 ], [ -95.97041, 31.26117 ], [ -95.97043, 31.2131 ], [ -95.84839, 31.21301 ], [ -95.84849, 31.16494 ], [ -95.75701, 31.16479 ], [ -95.75717, 31.11671 ], [ -95.63528, 31.1164 ], [ -95.54402, 31.09204 ], [ -95.5446, 30.99586 ], [ -95.51465, 30.92358 ], [ -95.45386, 30.92332 ], [ -95.45456, 30.82708 ], [ -95.3635, 30.82663 ], [ -95.3019, 30.92253 ], [ -95.21022, 30.97007 ], [ -95.20895, 31.09031 ], [ -95.11729, 31.11371 ], [ -95.05514, 31.2094 ], [ -94.78058, 31.20693 ], [ -94.77625, 31.47119 ], [ -94.8057, 31.54353 ], [ -94.86626, 31.59213 ], [ -94.86516, 31.66414 ], [ -94.92655, 31.6647 ], [ -94.95589, 31.76096 ], [ -94.95419, 31.88091 ], [ -95.04562, 31.95362 ], [ -95.04344, 32.12144 ], [ -95.07433, 32.12168 ], [ -95.07069, 32.4092 ], [ -95.03969, 32.40896 ], [ -95.03685, 32.62444 ], [ -95.12958, 32.67301 ], [ -95.12671, 32.91226 ], [ -95.15682, 33.00813 ], [ -95.21909, 33.03245 ], [ -95.50056, 33.0339 ], [ -95.62578, 33.01043 ], [ -95.62603, 32.96261 ], [ -95.78225, 32.96298 ], [ -95.78211, 33.01081 ], [ -95.90714, 33.03487 ], [ -96.00097, 33.13054 ], [ -96.00097, 33.25004 ], [ -96.03237, 33.32172 ], [ -96.15818, 33.41718 ], [ -96.12686, 33.48887 ], [ -96.12703, 33.58439 ], [ -96.09558, 33.63217 ], [ -95.84329, 33.6321 ], [ -95.74844, 33.70356 ], [ -95.74649, 34.25217 ], [ -95.77816, 34.2999 ], [ -95.87361, 34.32387 ], [ -95.87344, 34.41919 ], [ -95.96908, 34.4669 ], [ -95.96899, 34.65745 ], [ -95.90501, 34.65742 ], [ -95.90488, 34.75266 ], [ -95.84054, 34.87163 ], [ -95.74426, 34.87147 ], [ -95.71178, 34.9666 ], [ -95.5831, 34.99004 ], [ -95.58254, 35.08521 ], [ -95.55004, 35.13268 ], [ -95.45341, 35.13231 ], [ -95.38795, 35.25094 ], [ -95.29116, 35.25044 ], [ -95.25839, 35.29782 ], [ -95.25586, 35.53554 ], [ -95.22346, 35.53535 ], [ -95.21919, 35.91546 ], [ -95.15405, 35.91506 ], [ -95.15288, 36.01004 ], [ -95.21812, 36.01045 ], [ -95.21677, 36.12915 ], [ -95.11814, 36.17599 ], [ -95.1157, 36.36584 ], [ -95.08291, 36.36561 ], [ -95.081, 36.50795 ], [ -95.11294, 36.57932 ], [ -95.2445, 36.58015 ], [ -95.24502, 36.53271 ], [ -95.34363, 36.53324 ], [ -95.34042, 36.8652 ], [ -95.40607, 36.91292 ], [ -95.47217, 36.9132 ], [ -95.47051, 37.12648 ], [ -95.80208, 37.12738 ], [ -95.80194, 37.17477 ], [ -96.06738, 37.1749 ], [ -96.06741, 37.19859 ], [ -96.33294, 37.19819 ], [ -96.33283, 37.1745 ], [ -96.53191, 37.17385 ], [ -96.53116, 37.07908 ], [ -96.59743, 37.0788 ], [ -96.5968, 37.00771 ], [ -96.53061, 37.00799 ], [ -96.5295, 36.86578 ], [ -96.66254, 36.96 ], [ -96.76176, 36.95946 ], [ -96.82849, 37.00646 ], [ -96.82993, 37.12494 ], [ -96.8643, 37.21949 ], [ -96.93103, 37.24273 ] ] ], [ [ [ -98.75166, 34.62772 ], [ -98.75352, 34.67533 ], [ -98.88146, 34.67249 ], [ -98.84756, 34.62561 ], [ -98.75166, 34.62772 ] ] ] ] } }
]
}
