{
"type": "FeatureCollection",
"name": "Ruellia_humilis",
"crs": { "type": "name", "properties": { "name": "urn:ogc:def:crs:OGC:1.3:CRS84" } },
"features": [
{ "type": "Feature", "properties": { "ID": 1 }, "geometry": { "type": "MultiPolygon", "coordinates": [ [ [ [ -88.91973, 48.62488 ], [ -88.95366, 48.6738 ], [ -89.1902, 48.70775 ], [ -89.22442, 48.75662 ], [ -89.38149, 48.78688 ], [ -89.54147, 48.7934 ], [ -89.536, 48.8406 ], [ -89.73354, 48.87213 ], [ -89.97395, 48.88133 ], [ -89.9714, 48.90494 ], [ -90.29219, 48.91665 ], [ -90.28735, 48.96387 ], [ -90.45028, 48.94588 ], [ -91.21314, 48.97037 ], [ -91.21517, 48.94674 ], [ -91.65693, 48.95927 ], [ -91.66061, 48.912 ], [ -91.94159, 48.91933 ], [ -91.94503, 48.87207 ], [ -92.10549, 48.87603 ], [ -92.10878, 48.82876 ], [ -91.95017, 48.80117 ], [ -91.9536, 48.75391 ], [ -91.87703, 48.70462 ], [ -91.75706, 48.70149 ], [ -91.7225, 48.62957 ], [ -91.52285, 48.62411 ], [ -91.52662, 48.57687 ], [ -91.36706, 48.57233 ], [ -91.33307, 48.50034 ], [ -91.25739, 48.45078 ], [ -91.13801, 48.44719 ], [ -91.13392, 48.4944 ], [ -90.97463, 48.48947 ], [ -90.82841, 48.34278 ], [ -90.70928, 48.33887 ], [ -90.62537, 48.3834 ], [ -90.55047, 48.33351 ], [ -90.51767, 48.26138 ], [ -90.44303, 48.21145 ], [ -90.08662, 48.19859 ], [ -90.00242, 48.24279 ], [ -89.9974, 48.28995 ], [ -89.79915, 48.28235 ], [ -89.70933, 48.37357 ], [ -89.70405, 48.42073 ], [ -89.58484, 48.41598 ], [ -89.57945, 48.46315 ], [ -89.42041, 48.45667 ], [ -89.41488, 48.50383 ], [ -89.17619, 48.49381 ], [ -89.09084, 48.53754 ], [ -88.97144, 48.53233 ], [ -88.92569, 48.57773 ], [ -88.91973, 48.62488 ] ] ] ] } },
{ "type": "Feature", "properties": { "ID": 2 }, "geometry": { "type": "MultiPolygon", "coordinates": [ [ [ [ -89.17619, 48.49381 ], [ -89.41488, 48.50383 ], [ -89.42041, 48.45667 ], [ -89.57945, 48.46315 ], [ -89.58484, 48.41598 ], [ -89.70405, 48.42073 ], [ -89.70933, 48.37357 ], [ -89.79915, 48.28235 ], [ -89.9974, 48.28995 ], [ -90.00242, 48.24279 ], [ -90.08662, 48.19859 ], [ -90.44303, 48.21145 ], [ -90.51767, 48.26138 ], [ -90.55047, 48.33351 ], [ -90.62537, 48.3834 ], [ -90.70928, 48.33887 ], [ -90.82841, 48.34278 ], [ -90.97463, 48.48947 ], [ -91.13392, 48.4944 ], [ -91.13801, 48.44719 ], [ -91.25739, 48.45078 ], [ -91.33307, 48.50034 ], [ -91.36706, 48.57233 ], [ -91.52662, 48.57687 ], [ -91.52285, 48.62411 ], [ -91.7225, 48.62957 ], [ -91.75706, 48.70149 ], [ -91.87703, 48.70462 ], [ -91.9536, 48.75391 ], [ -91.95017, 48.80117 ], [ -92.10878, 48.82876 ], [ -92.10549, 48.87603 ], [ -92.22585, 48.8789 ], [ -92.22904, 48.83163 ], [ -92.42949, 48.83621 ], [ -92.43251, 48.78894 ], [ -92.59276, 48.79242 ], [ -92.59564, 48.74515 ], [ -92.71574, 48.74765 ], [ -92.71851, 48.70038 ], [ -92.83852, 48.70279 ], [ -92.84119, 48.65553 ], [ -93.08227, 48.63644 ], [ -93.08473, 48.58917 ], [ -93.20451, 48.59131 ], [ -93.20686, 48.54405 ], [ -93.4527, 48.40627 ], [ -93.61291, 48.3851 ], [ -93.77581, 48.2929 ], [ -93.81919, 48.19896 ], [ -93.89851, 48.20002 ], [ -93.98205, 48.08295 ], [ -94.1008, 48.08442 ], [ -94.14348, 47.99042 ], [ -94.34727, 47.78009 ], [ -94.42667, 47.75729 ], [ -94.54836, 47.61678 ], [ -94.55016, 47.54597 ], [ -94.62971, 47.49947 ], [ -94.63198, 47.40507 ], [ -94.67274, 47.33461 ], [ -94.7519, 47.28806 ], [ -94.75446, 47.17009 ], [ -94.7959, 47.05244 ], [ -94.87549, 46.95867 ], [ -94.99194, 46.95947 ], [ -94.99276, 46.91229 ], [ -95.14894, 46.84246 ], [ -95.26515, 46.84305 ], [ -95.30503, 46.7489 ], [ -95.38238, 46.74922 ], [ -95.49922, 46.65532 ], [ -95.49983, 46.58458 ], [ -95.46236, 46.46656 ], [ -95.34849, 46.32467 ], [ -95.19492, 46.32394 ], [ -95.19361, 46.41824 ], [ -95.07825, 46.41759 ], [ -95.0775, 46.46474 ], [ -94.69267, 46.46197 ], [ -94.69373, 46.41482 ], [ -94.50149, 46.41308 ], [ -94.42332, 46.45946 ], [ -94.42139, 46.53018 ], [ -94.343, 46.57653 ], [ -94.3403, 46.67083 ], [ -94.26165, 46.71715 ], [ -94.06842, 46.71486 ], [ -93.99276, 46.66673 ], [ -93.9944, 46.61958 ], [ -93.91978, 46.54784 ], [ -93.84272, 46.54679 ], [ -93.80775, 46.45196 ], [ -93.73082, 46.45085 ], [ -93.69516, 46.37958 ], [ -93.61832, 46.37841 ], [ -93.58382, 46.28355 ], [ -93.50812, 46.25877 ], [ -93.51215, 46.16451 ], [ -93.40048, 46.09193 ], [ -93.2858, 46.08995 ], [ -93.28361, 46.13707 ], [ -93.1306, 46.13429 ], [ -92.88855, 46.36544 ], [ -92.76549, 46.50445 ], [ -92.76286, 46.55158 ], [ -92.53175, 46.54657 ], [ -92.45184, 46.59195 ], [ -92.40599, 46.70889 ], [ -92.29013, 46.70616 ], [ -92.20981, 46.75142 ], [ -92.16491, 46.84474 ], [ -92.00845, 46.86441 ], [ -92.00519, 46.91154 ], [ -91.92769, 46.90953 ], [ -91.88558, 46.95565 ], [ -91.83999, 47.04889 ], [ -91.76231, 47.0468 ], [ -91.6811, 47.0918 ], [ -91.64045, 47.11429 ], [ -91.55539, 47.20637 ], [ -91.47379, 47.25128 ], [ -91.4273, 47.34443 ], [ -91.34924, 47.34214 ], [ -91.10096, 47.50001 ], [ -90.93398, 47.61291 ], [ -90.88631, 47.70594 ], [ -90.76851, 47.70208 ], [ -90.68558, 47.7466 ], [ -90.68116, 47.79375 ], [ -90.55868, 47.83689 ], [ -90.24392, 47.82574 ], [ -90.23913, 47.87288 ], [ -90.00296, 47.8641 ], [ -89.99797, 47.91123 ], [ -89.84042, 47.90518 ], [ -89.75647, 47.94923 ], [ -89.71183, 47.9948 ], [ -89.70658, 48.04194 ], [ -89.58817, 48.03719 ], [ -89.58282, 48.08433 ], [ -89.46434, 48.07949 ], [ -89.41935, 48.12499 ], [ -89.41385, 48.17213 ], [ -89.33475, 48.16883 ], [ -89.32638, 48.23954 ], [ -89.24153, 48.28333 ], [ -89.23019, 48.37762 ], [ -89.26141, 48.45003 ], [ -89.17619, 48.49381 ] ] ] ] } },
{ "type": "Feature", "properties": { "ID": 3 }, "geometry": { "type": "MultiPolygon", "coordinates": [ [ [ [ -107.24868, 38.41217 ], [ -107.24069, 38.36521 ], [ -106.97229, 38.38732 ], [ -106.9762, 38.41081 ], [ -106.74112, 38.42972 ], [ -106.56937, 38.41949 ], [ -106.61808, 38.51083 ], [ -106.78623, 38.49752 ], [ -106.83529, 38.58877 ], [ -106.96994, 38.57792 ], [ -106.99184, 38.50474 ], [ -107.12233, 38.47026 ], [ -107.15592, 38.46749 ], [ -107.14799, 38.42053 ], [ -107.24868, 38.41217 ] ] ], [ [ [ -90.14337, 45.74255 ], [ -90.03194, 45.71462 ], [ -90.02476, 45.78517 ], [ -90.13867, 45.78959 ], [ -90.14337, 45.74255 ] ] ], [ [ [ -87.86298, 45.96905 ], [ -87.89448, 46.01803 ], [ -87.79858, 46.15487 ], [ -87.78533, 46.24881 ], [ -87.70223, 46.29167 ], [ -87.68879, 46.38561 ], [ -87.75536, 46.46018 ], [ -87.73189, 46.6246 ], [ -87.80879, 46.62869 ], [ -87.79878, 46.69917 ], [ -87.86916, 46.75022 ], [ -87.98151, 46.77973 ], [ -88.21291, 46.79152 ], [ -88.21925, 46.74451 ], [ -88.33489, 46.75026 ], [ -88.34113, 46.70325 ], [ -88.53376, 46.71265 ], [ -88.53984, 46.66563 ], [ -88.62285, 46.6223 ], [ -88.77677, 46.62956 ], [ -88.85083, 46.65664 ], [ -88.82455, 46.86829 ], [ -88.9405, 46.8736 ], [ -88.98488, 46.8283 ], [ -89.00487, 46.66367 ], [ -89.04904, 46.61837 ], [ -89.203, 46.62521 ], [ -89.27178, 46.69913 ], [ -89.46453, 46.70737 ], [ -89.4592, 46.75443 ], [ -89.65216, 46.76244 ], [ -89.68304, 46.83461 ], [ -89.76033, 46.83773 ], [ -89.84267, 46.79374 ], [ -89.8527, 46.69961 ], [ -90.05764, 46.58946 ], [ -90.21398, 46.57175 ], [ -90.36794, 46.57743 ], [ -90.41098, 46.53175 ], [ -90.49015, 46.51097 ], [ -90.57587, 46.41954 ], [ -90.58465, 46.32539 ], [ -90.62733, 46.27966 ], [ -90.93381, 46.29004 ], [ -90.89962, 46.2417 ], [ -90.78688, 46.21432 ], [ -90.80158, 46.04958 ], [ -90.45825, 46.03757 ], [ -90.38424, 46.01127 ], [ -90.19365, 46.00417 ], [ -90.18194, 46.1218 ], [ -90.06739, 46.11742 ], [ -90.04122, 45.99833 ], [ -89.96502, 45.99535 ], [ -89.87897, 46.08641 ], [ -89.79766, 46.13039 ], [ -89.73141, 46.03322 ], [ -89.73897, 45.96267 ], [ -89.39639, 45.94829 ], [ -89.36634, 45.87612 ], [ -89.29033, 45.8728 ], [ -89.24148, 45.96516 ], [ -89.13283, 45.91307 ], [ -89.14384, 45.81905 ], [ -89.24147, 45.63442 ], [ -89.25765, 45.49341 ], [ -89.10663, 45.48664 ], [ -89.11487, 45.41615 ], [ -89.05883, 45.24825 ], [ -88.71767, 45.25585 ], [ -88.71188, 45.30283 ], [ -88.55253, 45.36597 ], [ -88.5466, 45.41294 ], [ -88.43356, 45.40735 ], [ -88.30214, 45.54256 ], [ -88.28983, 45.6365 ], [ -88.21108, 45.65613 ], [ -88.19235, 45.79703 ], [ -88.26819, 45.80089 ], [ -88.25266, 45.91832 ], [ -87.98672, 45.90463 ], [ -87.901, 45.97107 ], [ -87.86298, 45.96905 ] ] ], [ [ [ -91.15699, 46.84024 ], [ -91.27305, 46.84381 ], [ -91.27691, 46.7967 ], [ -91.16094, 46.79313 ], [ -91.15699, 46.84024 ] ] ], [ [ [ -91.01244, 46.71759 ], [ -90.89456, 46.73738 ], [ -90.88622, 46.83157 ], [ -90.80038, 46.92321 ], [ -90.95533, 46.92831 ], [ -91.03485, 46.90725 ], [ -91.1183, 46.83903 ], [ -91.04498, 46.78948 ], [ -91.01244, 46.71759 ] ] ], [ [ [ -91.88558, 46.95565 ], [ -91.80802, 46.95358 ], [ -91.76231, 47.0468 ], [ -91.83999, 47.04889 ], [ -91.88558, 46.95565 ] ] ], [ [ [ -91.64045, 47.11429 ], [ -91.55904, 47.15924 ], [ -91.44232, 47.15588 ], [ -91.43482, 47.25015 ], [ -91.31214, 47.3174 ], [ -91.26728, 47.38694 ], [ -91.10904, 47.40572 ], [ -91.10096, 47.50001 ], [ -91.34924, 47.34214 ], [ -91.4273, 47.34443 ], [ -91.47379, 47.25128 ], [ -91.55539, 47.20637 ], [ -91.64045, 47.11429 ] ] ], [ [ [ -91.10096, 47.50001 ], [ -90.98357, 47.4963 ], [ -90.90111, 47.54093 ], [ -90.89266, 47.63522 ], [ -90.77501, 47.63136 ], [ -90.77068, 47.6785 ], [ -90.65294, 47.67456 ], [ -90.60923, 47.72036 ], [ -90.44755, 47.76206 ], [ -90.32967, 47.75787 ], [ -90.28563, 47.80359 ], [ -90.16768, 47.79928 ], [ -90.12348, 47.84496 ], [ -90.23913, 47.87288 ], [ -90.24392, 47.82574 ], [ -90.55868, 47.83689 ], [ -90.68116, 47.79375 ], [ -90.68558, 47.7466 ], [ -90.76851, 47.70208 ], [ -90.88631, 47.70594 ], [ -90.93398, 47.61291 ], [ -91.10096, 47.50001 ] ] ], [ [ [ -89.00227, 47.96503 ], [ -89.12048, 47.97021 ], [ -89.13192, 47.87599 ], [ -89.05324, 47.87255 ], [ -89.00227, 47.96503 ] ] ], [ [ [ -89.58817, 48.03719 ], [ -89.70658, 48.04194 ], [ -89.71183, 47.9948 ], [ -89.59352, 47.99006 ], [ -89.58817, 48.03719 ] ] ], [ [ [ -88.87816, 48.00687 ], [ -88.99644, 48.01214 ], [ -89.00227, 47.96503 ], [ -88.88409, 47.95976 ], [ -88.87816, 48.00687 ] ] ], [ [ [ -88.696, 48.49626 ], [ -88.77553, 48.49988 ], [ -88.83036, 48.38383 ], [ -88.751, 48.38024 ], [ -88.696, 48.49626 ] ] ], [ [ [ -74.35538, 43.71228 ], [ -74.40207, 43.79175 ], [ -74.56199, 43.76705 ], [ -74.6225, 43.70348 ], [ -74.65531, 43.61167 ], [ -74.71558, 43.54805 ], [ -74.58093, 43.50406 ], [ -74.4931, 43.53938 ], [ -74.46009, 43.63116 ], [ -74.35538, 43.71228 ] ] ], [ [ [ -73.77447, 44.15714 ], [ -73.90998, 44.20186 ], [ -74.02664, 44.19522 ], [ -74.20696, 44.22216 ], [ -74.18778, 44.17093 ], [ -74.22151, 44.07921 ], [ -74.08604, 44.03477 ], [ -73.88927, 44.05351 ], [ -73.78145, 44.03714 ], [ -73.74708, 44.12876 ], [ -73.77447, 44.15714 ] ] ], [ [ [ -71.68303, 44.13933 ], [ -71.53991, 44.11537 ], [ -71.53792, 44.21245 ], [ -71.61901, 44.20168 ], [ -71.68303, 44.13933 ] ] ], [ [ [ -74.0409, 44.87486 ], [ -74.05809, 44.82902 ], [ -74.14807, 44.79395 ], [ -74.20774, 44.63343 ], [ -74.29982, 44.69537 ], [ -74.37842, 44.58601 ], [ -74.47624, 44.52781 ], [ -74.58513, 44.54367 ], [ -74.60181, 44.49776 ], [ -74.47349, 44.43072 ], [ -74.36484, 44.41478 ], [ -74.33114, 44.50653 ], [ -74.15841, 44.45681 ], [ -74.10517, 44.49728 ], [ -73.99384, 44.79527 ], [ -73.94019, 44.83569 ], [ -74.0409, 44.87486 ] ] ], [ [ [ -77.35477, 44.82203 ], [ -77.16393, 44.822 ], [ -77.00174, 44.96959 ], [ -76.92822, 44.96019 ], [ -76.86138, 45.04779 ], [ -76.78778, 45.03832 ], [ -76.73471, 45.19982 ], [ -76.8085, 45.20932 ], [ -76.8227, 45.28328 ], [ -76.88149, 45.33889 ], [ -77.02199, 45.38078 ], [ -77.39254, 45.42717 ], [ -77.45168, 45.36244 ], [ -77.637, 45.38523 ], [ -77.82966, 45.38466 ], [ -77.88828, 45.31976 ], [ -78.07362, 45.34201 ], [ -78.16898, 45.28143 ], [ -78.55359, 45.2787 ], [ -78.77616, 45.30441 ], [ -78.93816, 45.27501 ], [ -78.99546, 45.20969 ], [ -78.83731, 45.09588 ], [ -78.61549, 45.07027 ], [ -78.51844, 45.01103 ], [ -78.37778, 44.97054 ], [ -78.19348, 44.94866 ], [ -78.03907, 44.95413 ], [ -78.02493, 45.00039 ], [ -77.90724, 45.01016 ], [ -77.72299, 44.98771 ], [ -77.59017, 44.92336 ], [ -77.47984, 44.90968 ], [ -77.46491, 44.8358 ], [ -77.35477, 44.82203 ] ] ], [ [ [ -71.31359, 44.199 ], [ -71.22996, 44.30668 ], [ -71.32798, 44.34765 ], [ -71.38518, 44.2111 ], [ -71.31359, 44.199 ] ] ], [ [ [ -72.14588, 44.50756 ], [ -72.14486, 44.60466 ], [ -72.20785, 44.63918 ], [ -72.27254, 44.47948 ], [ -72.16441, 44.46194 ], [ -72.14588, 44.50756 ] ] ], [ [ [ -71.32564, 44.44474 ], [ -71.35929, 44.54788 ], [ -71.44086, 44.53721 ], [ -71.46946, 44.46891 ], [ -71.32564, 44.44474 ] ] ], [ [ [ -72.54181, 44.86285 ], [ -72.4687, 44.9484 ], [ -72.55944, 45.0114 ], [ -72.6053, 44.89721 ], [ -72.54181, 44.86285 ] ] ], [ [ [ -69.60892, 45.17269 ], [ -69.74882, 45.29559 ], [ -69.90985, 45.37303 ], [ -70.16452, 45.41763 ], [ -70.28996, 45.48832 ], [ -70.43589, 45.5135 ], [ -70.5253, 45.57772 ], [ -70.85454, 45.63367 ], [ -70.91786, 45.66875 ], [ -71.00106, 45.6583 ], [ -71.36791, 45.71928 ], [ -71.37767, 45.69651 ], [ -71.78193, 45.76254 ], [ -72.17862, 45.75318 ], [ -72.09662, 45.66711 ], [ -71.99587, 45.62662 ], [ -71.94148, 45.56919 ], [ -71.93335, 45.49486 ], [ -71.86008, 45.48301 ], [ -71.73279, 45.41362 ], [ -71.77102, 45.32245 ], [ -71.77267, 45.22533 ], [ -71.8202, 45.11137 ], [ -71.9483, 45.08356 ], [ -72.00352, 45.04386 ], [ -72.05047, 44.92983 ], [ -71.97788, 44.91804 ], [ -72.01541, 44.82683 ], [ -72.06101, 44.80992 ], [ -72.11697, 44.67308 ], [ -71.99919, 44.67823 ], [ -71.85466, 44.65456 ], [ -71.75578, 44.61394 ], [ -71.69904, 44.75064 ], [ -71.71626, 44.80218 ], [ -71.57154, 44.77824 ], [ -71.5013, 44.66912 ], [ -71.26563, 44.67836 ], [ -71.1214, 44.65399 ], [ -71.05212, 44.54467 ], [ -70.95397, 44.50352 ], [ -70.91502, 44.59444 ], [ -70.82349, 44.62756 ], [ -70.78427, 44.71846 ], [ -70.55821, 44.70386 ], [ -70.50235, 44.74303 ], [ -70.44262, 44.87925 ], [ -70.31428, 44.90578 ], [ -70.22785, 45.01292 ], [ -70.15553, 45.00025 ], [ -70.07884, 45.08463 ], [ -70.00646, 45.07189 ], [ -69.93968, 45.13352 ], [ -69.73284, 45.07235 ], [ -69.6296, 45.12739 ], [ -69.60892, 45.17269 ] ] ], [ [ [ -82.79408, 46.30418 ], [ -82.64208, 46.29101 ], [ -82.70197, 46.36764 ], [ -82.69122, 46.41433 ], [ -82.80546, 46.42419 ], [ -82.82757, 46.4975 ], [ -82.97488, 46.53384 ], [ -83.04072, 46.587 ], [ -83.06319, 46.66029 ], [ -83.17798, 46.66988 ], [ -83.16756, 46.71661 ], [ -83.42554, 46.78541 ], [ -83.48698, 46.86177 ], [ -83.64067, 46.87411 ], [ -83.70752, 46.927 ], [ -83.89003, 46.98892 ], [ -84.00561, 46.9979 ], [ -83.9958, 47.0447 ], [ -84.10664, 47.077 ], [ -84.29964, 47.09164 ], [ -84.52197, 47.15574 ], [ -84.67666, 47.16706 ], [ -84.69982, 47.04994 ], [ -84.59803, 46.97122 ], [ -84.36683, 46.95407 ], [ -84.35209, 46.83413 ], [ -84.46743, 46.84276 ], [ -84.47683, 46.79594 ], [ -84.40943, 46.74339 ], [ -84.42356, 46.67317 ], [ -84.50959, 46.63208 ], [ -84.52822, 46.53845 ], [ -84.40878, 46.55327 ], [ -84.25578, 46.5417 ], [ -84.24625, 46.58849 ], [ -84.09319, 46.57675 ], [ -84.03125, 46.50065 ], [ -83.96947, 46.42454 ], [ -83.81197, 46.43591 ], [ -83.7456, 46.38309 ], [ -83.55509, 46.36777 ], [ -83.40784, 46.33199 ], [ -83.39766, 46.37872 ], [ -83.25049, 46.34279 ], [ -83.06024, 46.32686 ], [ -83.04979, 46.37357 ], [ -82.9356, 46.3639 ], [ -82.79408, 46.30418 ] ] ], [ [ [ -72.19194, 45.34179 ], [ -72.06339, 45.36981 ], [ -72.06222, 45.46695 ], [ -72.02435, 45.55819 ], [ -72.17117, 45.5817 ], [ -72.2258, 45.63906 ], [ -72.29074, 45.57642 ], [ -72.36421, 45.58806 ], [ -72.47595, 45.31405 ], [ -72.43937, 45.30826 ], [ -72.47644, 45.21693 ], [ -72.36691, 45.19953 ], [ -72.21069, 45.29616 ], [ -72.19194, 45.34179 ] ] ], [ [ [ -88.87816, 48.00687 ], [ -88.7599, 48.00151 ], [ -88.75386, 48.04861 ], [ -88.87222, 48.05398 ], [ -88.87816, 48.00687 ] ] ] ] } },
{ "type": "Feature", "properties": { "ID": 4 }, "geometry": { "type": "MultiPolygon", "coordinates": [ [ [ [ -107.23518, 40.52957 ], [ -107.33501, 40.49775 ], [ -107.37801, 40.54177 ], [ -107.39476, 40.63542 ], [ -107.51586, 40.72052 ], [ -107.58965, 40.7382 ], [ -107.59392, 40.7616 ], [ -107.6287, 40.75872 ], [ -107.6073, 40.6417 ], [ -107.6249, 40.5452 ], [ -107.69422, 40.53941 ], [ -107.72457, 40.5131 ], [ -107.70737, 40.41948 ], [ -107.63818, 40.42527 ], [ -107.53861, 40.45731 ], [ -107.54709, 40.50413 ], [ -107.44315, 40.51269 ], [ -107.35715, 40.42469 ], [ -107.32254, 40.4275 ], [ -107.31838, 40.40408 ], [ -107.21457, 40.41247 ], [ -107.15353, 40.46487 ], [ -107.16583, 40.53513 ], [ -107.23518, 40.52957 ] ] ], [ [ [ -107.69422, 40.53941 ], [ -107.70282, 40.58622 ], [ -107.80685, 40.57747 ], [ -107.79817, 40.53067 ], [ -107.69422, 40.53941 ] ] ], [ [ [ -107.68471, 41.06289 ], [ -107.67174, 40.99271 ], [ -107.60622, 41.02188 ], [ -107.61912, 41.09207 ], [ -107.65408, 41.08918 ], [ -107.68471, 41.06289 ] ] ], [ [ [ -88.53958, 44.86914 ], [ -88.57693, 44.87099 ], [ -88.58278, 44.82402 ], [ -88.54547, 44.82218 ], [ -88.53958, 44.86914 ] ] ], [ [ [ -88.42458, 44.88702 ], [ -88.42757, 44.86354 ], [ -88.50224, 44.86728 ], [ -88.5052, 44.8438 ], [ -88.39324, 44.83818 ], [ -88.38723, 44.88513 ], [ -88.42458, 44.88702 ] ] ], [ [ [ -84.35402, 45.67044 ], [ -84.46708, 45.67906 ], [ -84.60877, 45.73721 ], [ -84.91077, 45.75951 ], [ -84.91964, 45.71271 ], [ -85.01269, 45.62457 ], [ -85.08807, 45.63 ], [ -85.10112, 45.55978 ], [ -85.04332, 45.46075 ], [ -84.85546, 45.44705 ], [ -84.84658, 45.49384 ], [ -84.75349, 45.58187 ], [ -84.68272, 45.55288 ], [ -84.53227, 45.54158 ], [ -84.52312, 45.58836 ], [ -84.41022, 45.57978 ], [ -84.35402, 45.67044 ] ] ], [ [ [ -84.77053, 45.89162 ], [ -84.74797, 46.00862 ], [ -84.69643, 46.07603 ], [ -84.54001, 46.08814 ], [ -84.54923, 46.04135 ], [ -84.39754, 46.02991 ], [ -84.2791, 46.04462 ], [ -84.17012, 46.01248 ], [ -84.04686, 46.0504 ], [ -84.07038, 46.12351 ], [ -84.29349, 46.16448 ], [ -84.25089, 46.37501 ], [ -84.2748, 46.44811 ], [ -84.34173, 46.5007 ], [ -84.41818, 46.50647 ], [ -84.47509, 46.41573 ], [ -84.6232, 46.4505 ], [ -84.89069, 46.47002 ], [ -85.04806, 46.45756 ], [ -85.07744, 46.50711 ], [ -85.03298, 46.74134 ], [ -85.30195, 46.76017 ], [ -85.31066, 46.7133 ], [ -85.42589, 46.72122 ], [ -85.51553, 46.65614 ], [ -85.82266, 46.67665 ], [ -85.86519, 46.65573 ], [ -86.17244, 46.67555 ], [ -86.18043, 46.62865 ], [ -86.26513, 46.58659 ], [ -86.38023, 46.5938 ], [ -86.38804, 46.54689 ], [ -86.50308, 46.554 ], [ -86.51079, 46.50708 ], [ -86.60269, 46.41793 ], [ -86.67545, 46.44604 ], [ -86.94354, 46.46202 ], [ -87.01652, 46.48997 ], [ -87.39997, 46.5118 ], [ -87.46631, 46.5865 ], [ -87.45937, 46.63347 ], [ -87.60291, 46.71235 ], [ -87.63119, 46.78491 ], [ -87.77535, 46.86364 ], [ -87.89118, 46.86972 ], [ -87.88455, 46.91673 ], [ -88.11648, 46.92865 ], [ -88.20018, 46.88554 ], [ -88.20655, 46.83853 ], [ -88.32238, 46.84429 ], [ -88.412, 46.75406 ], [ -88.48911, 46.75781 ], [ -88.51852, 46.8302 ], [ -88.50629, 46.92425 ], [ -88.45837, 46.99293 ], [ -88.55931, 47.1161 ], [ -88.79217, 47.12703 ], [ -88.92605, 46.99121 ], [ -89.11973, 46.99988 ], [ -89.16966, 46.90748 ], [ -89.24702, 46.91086 ], [ -89.37393, 46.82173 ], [ -89.68304, 46.83461 ], [ -89.65216, 46.76244 ], [ -89.4592, 46.75443 ], [ -89.46453, 46.70737 ], [ -89.27178, 46.69913 ], [ -89.203, 46.62521 ], [ -89.04904, 46.61837 ], [ -89.00487, 46.66367 ], [ -88.98488, 46.8283 ], [ -88.9405, 46.8736 ], [ -88.82455, 46.86829 ], [ -88.85083, 46.65664 ], [ -88.77677, 46.62956 ], [ -88.62285, 46.6223 ], [ -88.53984, 46.66563 ], [ -88.53376, 46.71265 ], [ -88.34113, 46.70325 ], [ -88.33489, 46.75026 ], [ -88.21925, 46.74451 ], [ -88.21291, 46.79152 ], [ -87.98151, 46.77973 ], [ -87.86916, 46.75022 ], [ -87.79878, 46.69917 ], [ -87.80879, 46.62869 ], [ -87.73189, 46.6246 ], [ -87.75536, 46.46018 ], [ -87.68879, 46.38561 ], [ -87.70223, 46.29167 ], [ -87.78533, 46.24881 ], [ -87.79858, 46.15487 ], [ -87.89448, 46.01803 ], [ -87.86298, 45.96905 ], [ -87.82496, 45.96703 ], [ -87.83809, 45.87311 ], [ -87.68961, 45.84146 ], [ -87.65838, 45.79244 ], [ -87.67173, 45.69855 ], [ -87.75401, 45.65572 ], [ -87.82965, 45.6598 ], [ -87.92145, 45.54646 ], [ -87.93432, 45.45256 ], [ -87.85895, 45.44854 ], [ -87.87514, 45.33118 ], [ -87.99435, 45.29024 ], [ -88.04774, 45.17486 ], [ -88.12903, 45.13184 ], [ -88.14149, 45.03794 ], [ -88.19129, 44.94599 ], [ -88.27216, 44.9029 ], [ -88.2813, 44.83248 ], [ -88.25316, 44.76014 ], [ -88.06687, 44.75041 ], [ -88.05435, 44.84429 ], [ -87.96389, 44.95767 ], [ -87.88914, 44.95366 ], [ -87.84532, 44.99858 ], [ -87.82917, 45.11591 ], [ -87.75096, 45.1353 ], [ -87.74769, 45.15877 ], [ -87.66609, 45.20159 ], [ -87.55018, 45.2188 ], [ -87.54011, 45.28919 ], [ -87.36239, 45.46841 ], [ -87.2766, 45.53448 ], [ -87.22488, 45.62615 ], [ -87.21083, 45.72 ], [ -87.09021, 45.76033 ], [ -87.07233, 45.87763 ], [ -86.94401, 45.96477 ], [ -86.97665, 45.75365 ], [ -86.86311, 45.74689 ], [ -86.81792, 45.79152 ], [ -86.80318, 45.88534 ], [ -86.61358, 45.87381 ], [ -86.53017, 45.91603 ], [ -86.46579, 45.84097 ], [ -86.39002, 45.83622 ], [ -86.33277, 45.95105 ], [ -86.25687, 45.94623 ], [ -86.16914, 46.0117 ], [ -85.82742, 45.98936 ], [ -85.67148, 46.00262 ], [ -85.61683, 46.09376 ], [ -85.53239, 46.13544 ], [ -85.26622, 46.11703 ], [ -84.97111, 46.04861 ], [ -84.77053, 45.89162 ] ] ], [ [ [ -90.21398, 46.57175 ], [ -90.05764, 46.58946 ], [ -89.8527, 46.69961 ], [ -89.84267, 46.79374 ], [ -89.92983, 46.70264 ], [ -90.01184, 46.65857 ], [ -90.12747, 46.663 ], [ -90.13224, 46.61593 ], [ -90.21398, 46.57175 ] ] ], [ [ [ -88.36219, 47.13025 ], [ -88.28458, 47.12643 ], [ -88.22985, 47.24208 ], [ -88.14564, 47.28523 ], [ -88.05477, 47.37537 ], [ -88.04822, 47.42241 ], [ -87.73635, 47.40628 ], [ -87.72954, 47.4533 ], [ -88.04165, 47.46944 ], [ -88.16198, 47.45182 ], [ -88.16844, 47.40477 ], [ -88.28541, 47.41057 ], [ -88.29176, 47.36353 ], [ -88.40866, 47.36924 ], [ -88.41491, 47.32219 ], [ -88.57985, 47.25908 ], [ -88.59203, 47.16499 ], [ -88.47553, 47.15942 ], [ -88.39163, 47.2027 ], [ -88.36219, 47.13025 ] ] ], [ [ [ -83.926, 44.59212 ], [ -84.06927, 44.62738 ], [ -84.07863, 44.58065 ], [ -84.26359, 44.59531 ], [ -84.41616, 44.58349 ], [ -84.43431, 44.48999 ], [ -84.32807, 44.45798 ], [ -84.34175, 44.38786 ], [ -84.15742, 44.37331 ], [ -84.17579, 44.46971 ], [ -83.95435, 44.45196 ], [ -83.90799, 44.49569 ], [ -83.926, 44.59212 ] ] ], [ [ [ -77.46491, 44.8358 ], [ -77.47984, 44.90968 ], [ -77.59017, 44.92336 ], [ -77.72299, 44.98771 ], [ -77.90724, 45.01016 ], [ -78.02493, 45.00039 ], [ -78.03907, 44.95413 ], [ -78.19348, 44.94866 ], [ -78.37778, 44.97054 ], [ -78.51844, 45.01103 ], [ -78.61549, 45.07027 ], [ -78.83731, 45.09588 ], [ -78.99546, 45.20969 ], [ -78.93816, 45.27501 ], [ -79.12375, 45.29598 ], [ -79.1371, 45.24961 ], [ -79.25506, 45.23888 ], [ -79.47777, 45.26356 ], [ -79.53446, 45.19803 ], [ -79.72001, 45.21827 ], [ -79.81348, 45.15667 ], [ -79.96188, 45.1726 ], [ -79.97455, 45.12617 ], [ -79.93212, 45.00214 ], [ -79.82113, 44.99018 ], [ -79.77274, 44.88933 ], [ -79.64914, 44.92366 ], [ -79.70045, 44.73802 ], [ -79.92148, 44.76204 ], [ -79.93942, 44.83566 ], [ -80.05641, 44.82431 ], [ -80.07519, 44.75465 ], [ -80.00148, 44.74675 ], [ -79.94039, 44.6924 ], [ -80.00856, 44.58028 ], [ -79.94136, 44.54914 ], [ -79.96644, 44.45629 ], [ -79.86276, 44.42115 ], [ -79.81475, 44.32032 ], [ -79.8525, 44.18108 ], [ -79.74304, 44.16906 ], [ -79.78086, 44.02984 ], [ -79.92649, 44.04581 ], [ -79.90152, 44.13865 ], [ -79.91925, 44.21226 ], [ -80.01016, 44.29379 ], [ -80.02807, 44.36739 ], [ -80.0889, 44.4217 ], [ -80.19272, 44.45669 ], [ -80.26609, 44.46449 ], [ -80.37008, 44.49935 ], [ -80.35786, 44.54581 ], [ -80.60919, 44.59591 ], [ -80.64598, 44.59971 ], [ -80.66477, 44.67324 ], [ -80.7813, 44.66133 ], [ -80.83004, 44.61859 ], [ -80.87872, 44.57583 ], [ -80.98173, 44.46702 ], [ -81.01687, 44.32749 ], [ -81.00944, 44.20751 ], [ -80.94214, 44.17682 ], [ -80.96553, 44.08381 ], [ -81.08665, 44.04841 ], [ -81.12706, 43.8856 ], [ -81.04105, 43.78151 ], [ -80.91908, 43.67363 ], [ -80.9307, 43.62713 ], [ -80.82204, 43.61591 ], [ -80.80339, 43.54241 ], [ -80.69489, 43.5311 ], [ -80.60482, 43.59322 ], [ -80.38777, 43.57022 ], [ -80.33352, 43.63604 ], [ -80.11642, 43.61264 ], [ -79.98943, 43.67045 ], [ -79.95852, 43.78652 ], [ -79.87355, 43.82498 ], [ -79.83607, 43.96423 ], [ -79.727, 43.9522 ], [ -79.66536, 44.04097 ], [ -79.63999, 44.13377 ], [ -79.56071, 44.14886 ], [ -79.52231, 44.28803 ], [ -79.5332, 44.38488 ], [ -79.43418, 44.46949 ], [ -79.36091, 44.46128 ], [ -79.3007, 44.40667 ], [ -79.32022, 44.33711 ], [ -79.4428, 44.30306 ], [ -79.47498, 44.1871 ], [ -79.46421, 44.09025 ], [ -79.33799, 44.00428 ], [ -79.18611, 44.01091 ], [ -79.00445, 43.99003 ], [ -78.94832, 44.05533 ], [ -78.88888, 44.00056 ], [ -78.77995, 43.98783 ], [ -78.72358, 44.05305 ], [ -78.54195, 44.0316 ], [ -78.37626, 44.08371 ], [ -78.31455, 44.29199 ], [ -78.26235, 44.21382 ], [ -78.17571, 44.25131 ], [ -78.06648, 44.23806 ], [ -78.14453, 44.1037 ], [ -78.03557, 44.09043 ], [ -78.01465, 44.15981 ], [ -77.81284, 44.32692 ], [ -77.65999, 44.332 ], [ -77.64571, 44.37822 ], [ -77.15025, 44.38783 ], [ -76.9682, 44.36446 ], [ -76.87309, 44.42426 ], [ -76.69104, 44.40056 ], [ -76.58943, 44.36317 ], [ -76.53034, 44.42754 ], [ -76.38479, 44.40826 ], [ -76.29671, 44.44465 ], [ -76.27366, 44.51378 ], [ -76.20081, 44.50403 ], [ -76.16989, 44.59618 ], [ -76.11789, 44.63736 ], [ -75.89904, 44.60778 ], [ -75.88614, 44.53375 ], [ -75.83401, 44.57483 ], [ -75.7739, 44.63891 ], [ -75.73744, 44.63391 ], [ -75.72952, 44.65693 ], [ -75.766, 44.66192 ], [ -75.75017, 44.70796 ], [ -75.71367, 44.70296 ], [ -75.7216, 44.67994 ], [ -75.5757, 44.65987 ], [ -75.58025, 44.75694 ], [ -75.52771, 44.79791 ], [ -75.60081, 44.80799 ], [ -75.59282, 44.831 ], [ -75.70255, 44.84605 ], [ -76.12877, 44.83145 ], [ -76.23864, 44.84611 ], [ -76.29845, 44.78185 ], [ -76.45255, 44.77816 ], [ -76.63566, 44.80216 ], [ -76.75314, 44.79338 ], [ -76.76822, 44.74725 ], [ -76.95882, 44.74778 ], [ -76.97372, 44.70163 ], [ -77.06176, 44.66483 ], [ -77.16418, 44.7019 ], [ -77.31069, 44.72043 ], [ -77.39127, 44.70654 ], [ -77.36208, 44.79893 ], [ -77.31807, 44.81742 ], [ -77.46491, 44.8358 ] ] ], [ [ [ -84.36234, 45.2438 ], [ -84.41879, 45.34308 ], [ -84.55851, 45.21134 ], [ -84.67073, 45.2198 ], [ -84.65723, 45.28997 ], [ -84.77407, 45.27497 ], [ -84.82483, 45.20757 ], [ -84.84252, 45.114 ], [ -84.92161, 45.09612 ], [ -84.95658, 44.90897 ], [ -85.01547, 44.79473 ], [ -84.79699, 44.75484 ], [ -84.8058, 44.70806 ], [ -84.65744, 44.69689 ], [ -84.62483, 44.6707 ], [ -84.40251, 44.65362 ], [ -84.39796, 44.67699 ], [ -84.17568, 44.65958 ], [ -84.09227, 44.70043 ], [ -84.06412, 44.84063 ], [ -84.17091, 44.87283 ], [ -84.18946, 44.96924 ], [ -84.25929, 44.99845 ], [ -84.2314, 45.13869 ], [ -84.29217, 45.21463 ], [ -84.36234, 45.2438 ] ] ], [ [ [ -82.26951, 45.9008 ], [ -82.334, 45.95423 ], [ -82.50671, 45.87439 ], [ -82.53368, 45.75776 ], [ -82.38859, 45.72102 ], [ -82.2382, 45.70746 ], [ -82.21712, 45.6341 ], [ -82.10451, 45.62382 ], [ -82.08231, 45.71706 ], [ -82.14643, 45.77056 ], [ -82.19962, 45.87067 ], [ -82.26951, 45.9008 ] ] ], [ [ [ -82.9323, 45.86392 ], [ -82.7867, 45.82755 ], [ -82.77611, 45.87423 ], [ -82.95958, 45.91384 ], [ -83.14846, 45.92988 ], [ -83.15876, 45.88318 ], [ -82.9323, 45.86392 ] ] ], [ [ [ -83.64497, 45.94713 ], [ -83.5972, 45.99079 ], [ -83.57724, 46.08426 ], [ -83.65307, 46.0904 ], [ -83.71076, 45.99998 ], [ -83.64497, 45.94713 ] ] ], [ [ [ -82.60377, 45.95437 ], [ -82.7171, 45.96429 ], [ -82.72775, 45.91762 ], [ -82.61451, 45.90771 ], [ -82.60377, 45.95437 ] ] ], [ [ [ -83.87087, 46.15535 ], [ -83.81327, 46.24585 ], [ -84.07474, 46.29016 ], [ -83.9848, 46.16433 ], [ -83.87087, 46.15535 ] ] ], [ [ [ -83.81197, 46.43591 ], [ -83.96947, 46.42454 ], [ -84.03125, 46.50065 ], [ -84.09358, 46.38667 ], [ -84.027, 46.33397 ], [ -83.7555, 46.33633 ], [ -83.64626, 46.30381 ], [ -83.45604, 46.28837 ], [ -83.42308, 46.26189 ], [ -83.23305, 46.24618 ], [ -83.20022, 46.21966 ], [ -82.93449, 46.19722 ], [ -82.92923, 46.22056 ], [ -82.70154, 46.20096 ], [ -82.56611, 46.28437 ], [ -82.79408, 46.30418 ], [ -82.9356, 46.3639 ], [ -83.04979, 46.37357 ], [ -83.06024, 46.32686 ], [ -83.25049, 46.34279 ], [ -83.39766, 46.37872 ], [ -83.40784, 46.33199 ], [ -83.55509, 46.36777 ], [ -83.7456, 46.38309 ], [ -83.81197, 46.43591 ] ] ], [ [ [ -74.5013, 41.9453 ], [ -74.42367, 41.95764 ], [ -74.39947, 42.02649 ], [ -74.5308, 42.07067 ], [ -74.6703, 42.09176 ], [ -74.70219, 41.9999 ], [ -74.5013, 41.9453 ] ] ], [ [ [ -74.52822, 42.28784 ], [ -74.53903, 42.36199 ], [ -74.60105, 42.39551 ], [ -74.52026, 42.62504 ], [ -74.59062, 42.63561 ], [ -74.58253, 42.65856 ], [ -74.68815, 42.67435 ], [ -74.66397, 42.74323 ], [ -74.76976, 42.75896 ], [ -74.83384, 42.57523 ], [ -74.79867, 42.57001 ], [ -74.70925, 42.50838 ], [ -74.81307, 42.20982 ], [ -74.66525, 42.21183 ], [ -74.64924, 42.25775 ], [ -74.52822, 42.28784 ] ] ], [ [ [ -75.06439, 42.65749 ], [ -75.02475, 42.77238 ], [ -75.11487, 42.83382 ], [ -75.14648, 42.74188 ], [ -75.13488, 42.66779 ], [ -75.06439, 42.65749 ] ] ], [ [ [ -73.93588, 43.21353 ], [ -74.03393, 43.25271 ], [ -74.10282, 43.16642 ], [ -74.04029, 43.1327 ], [ -73.93405, 43.11644 ], [ -73.90043, 43.2081 ], [ -73.93588, 43.21353 ] ] ], [ [ [ -72.10538, 43.28512 ], [ -72.18607, 43.17695 ], [ -72.08027, 43.15935 ], [ -72.0256, 43.29616 ], [ -72.10538, 43.28512 ] ] ], [ [ [ -73.48595, 44.81566 ], [ -73.52233, 44.8212 ], [ -73.44293, 45.02722 ], [ -73.44402, 45.12434 ], [ -73.52599, 45.11253 ], [ -73.67228, 45.13459 ], [ -73.73513, 45.07136 ], [ -73.89009, 45.0703 ], [ -73.85352, 45.06485 ], [ -73.89694, 44.95027 ], [ -74.0409, 44.87486 ], [ -74.11383, 44.88566 ], [ -74.17596, 44.82225 ], [ -74.26587, 44.78711 ], [ -74.37518, 44.80313 ], [ -74.3693, 44.92317 ], [ -74.25978, 44.90715 ], [ -74.18909, 44.99353 ], [ -74.30728, 44.98666 ], [ -74.34383, 44.992 ], [ -74.36082, 44.94611 ], [ -74.69511, 44.87367 ], [ -74.71179, 44.82775 ], [ -74.82958, 44.82048 ], [ -74.97562, 44.84127 ], [ -74.98745, 44.91538 ], [ -75.06881, 44.90274 ], [ -75.21514, 44.9233 ], [ -75.19487, 44.8722 ], [ -75.23143, 44.87732 ], [ -75.2477, 44.83134 ], [ -75.28424, 44.83645 ], [ -75.33699, 44.79556 ], [ -75.37736, 44.68058 ], [ -75.31253, 44.64741 ], [ -75.36894, 44.48645 ], [ -75.44163, 44.4966 ], [ -75.47362, 44.40461 ], [ -75.43732, 44.39954 ], [ -75.44532, 44.37655 ], [ -75.4816, 44.38161 ], [ -75.49755, 44.33561 ], [ -75.64591, 44.23569 ], [ -75.68532, 44.12065 ], [ -75.67279, 44.04661 ], [ -75.80456, 43.99256 ], [ -75.91555, 43.88739 ], [ -75.96193, 43.74926 ], [ -76.02096, 43.68511 ], [ -75.96455, 43.6292 ], [ -75.97993, 43.58315 ], [ -75.91595, 43.55024 ], [ -75.77269, 43.53036 ], [ -75.76018, 43.45633 ], [ -75.66071, 43.41831 ], [ -75.30373, 43.36774 ], [ -75.16906, 43.32429 ], [ -75.08982, 43.33699 ], [ -74.95192, 43.19627 ], [ -74.85339, 43.15771 ], [ -74.6678, 43.15451 ], [ -74.57766, 43.09281 ], [ -74.42772, 43.09457 ], [ -74.32144, 43.0786 ], [ -74.31319, 43.10153 ], [ -74.30494, 43.12447 ], [ -74.25295, 43.16499 ], [ -74.27187, 43.21621 ], [ -74.20315, 43.30257 ], [ -74.06106, 43.28103 ], [ -73.96484, 43.33896 ], [ -73.9058, 43.49936 ], [ -73.85322, 43.53973 ], [ -73.93482, 43.62479 ], [ -73.79532, 43.79716 ], [ -73.75254, 43.91168 ], [ -73.64501, 43.89522 ], [ -73.68798, 43.78073 ], [ -73.58931, 43.74132 ], [ -73.50921, 43.75316 ], [ -73.48325, 43.82183 ], [ -73.55482, 43.83289 ], [ -73.55607, 43.92998 ], [ -73.47796, 44.13598 ], [ -73.64055, 44.20938 ], [ -73.58718, 44.24966 ], [ -73.50876, 44.45569 ], [ -73.61726, 44.47225 ], [ -73.67949, 44.40906 ], [ -73.6099, 44.59225 ], [ -73.57366, 44.58673 ], [ -73.60118, 44.61514 ], [ -73.5662, 44.70673 ], [ -73.52989, 44.7012 ], [ -73.52112, 44.72409 ], [ -73.49475, 44.79277 ], [ -73.48595, 44.81566 ] ], [ [ -74.0409, 44.87486 ], [ -73.94019, 44.83569 ], [ -73.99384, 44.79527 ], [ -74.10517, 44.49728 ], [ -74.15841, 44.45681 ], [ -74.33114, 44.50653 ], [ -74.36484, 44.41478 ], [ -74.47349, 44.43072 ], [ -74.60181, 44.49776 ], [ -74.58513, 44.54367 ], [ -74.47624, 44.52781 ], [ -74.37842, 44.58601 ], [ -74.29982, 44.69537 ], [ -74.20774, 44.63343 ], [ -74.14807, 44.79395 ], [ -74.05809, 44.82902 ], [ -74.0409, 44.87486 ] ], [ [ -74.35538, 43.71228 ], [ -74.46009, 43.63116 ], [ -74.4931, 43.53938 ], [ -74.58093, 43.50406 ], [ -74.71558, 43.54805 ], [ -74.65531, 43.61167 ], [ -74.6225, 43.70348 ], [ -74.56199, 43.76705 ], [ -74.40207, 43.79175 ], [ -74.35538, 43.71228 ] ], [ [ -73.77447, 44.15714 ], [ -73.74708, 44.12876 ], [ -73.78145, 44.03714 ], [ -73.88927, 44.05351 ], [ -74.08604, 44.03477 ], [ -74.22151, 44.07921 ], [ -74.18778, 44.17093 ], [ -74.20696, 44.22216 ], [ -74.02664, 44.19522 ], [ -73.90998, 44.20186 ], [ -73.77447, 44.15714 ] ], [ [ -74.71696, 44.7077 ], [ -74.54621, 44.75551 ], [ -74.57971, 44.66371 ], [ -74.65248, 44.67424 ], [ -74.74188, 44.63882 ], [ -74.81961, 44.52923 ], [ -74.89226, 44.53965 ], [ -74.84279, 44.67746 ], [ -74.71696, 44.7077 ] ] ], [ [ [ -69.18685, 44.9003 ], [ -69.16591, 44.94553 ], [ -69.29959, 44.9944 ], [ -69.35089, 45.05274 ], [ -69.50036, 45.15323 ], [ -69.60892, 45.17269 ], [ -69.6296, 45.12739 ], [ -69.73284, 45.07235 ], [ -69.93968, 45.13352 ], [ -70.00646, 45.07189 ], [ -70.07884, 45.08463 ], [ -70.15553, 45.00025 ], [ -70.22785, 45.01292 ], [ -70.31428, 44.90578 ], [ -70.44262, 44.87925 ], [ -70.50235, 44.74303 ], [ -70.55821, 44.70386 ], [ -70.78427, 44.71846 ], [ -70.82349, 44.62756 ], [ -70.91502, 44.59444 ], [ -70.95397, 44.50352 ], [ -71.05212, 44.54467 ], [ -71.1214, 44.65399 ], [ -71.26563, 44.67836 ], [ -71.5013, 44.66912 ], [ -71.57154, 44.77824 ], [ -71.71626, 44.80218 ], [ -71.69904, 44.75064 ], [ -71.75578, 44.61394 ], [ -71.85466, 44.65456 ], [ -71.99919, 44.67823 ], [ -72.11697, 44.67308 ], [ -72.06101, 44.80992 ], [ -72.01541, 44.82683 ], [ -71.97788, 44.91804 ], [ -72.05047, 44.92983 ], [ -72.00352, 45.04386 ], [ -71.9483, 45.08356 ], [ -71.8202, 45.11137 ], [ -71.78219, 45.20254 ], [ -71.99155, 45.2609 ], [ -72.05632, 45.19837 ], [ -72.22941, 45.25052 ], [ -72.21069, 45.29616 ], [ -72.36691, 45.19953 ], [ -72.47644, 45.21693 ], [ -72.46719, 45.23976 ], [ -72.54066, 45.15419 ], [ -72.63202, 45.12003 ], [ -72.75063, 45.11438 ], [ -72.89663, 45.13719 ], [ -72.96061, 45.17141 ], [ -73.01484, 45.03422 ], [ -73.02346, 44.91424 ], [ -73.08626, 44.75418 ], [ -73.07634, 44.58284 ], [ -73.09418, 44.53711 ], [ -73.02185, 44.52582 ], [ -73.10203, 44.32004 ], [ -73.03887, 44.2859 ], [ -73.10098, 44.12586 ], [ -73.06506, 44.12022 ], [ -73.10046, 44.02876 ], [ -73.06414, 43.92604 ], [ -73.08179, 43.88031 ], [ -73.06368, 43.82895 ], [ -72.94735, 43.73775 ], [ -72.9024, 43.56074 ], [ -72.97293, 43.3779 ], [ -73.08861, 43.46908 ], [ -73.19325, 43.19468 ], [ -73.10455, 43.13208 ], [ -73.15666, 42.99487 ], [ -73.18263, 42.92626 ], [ -73.14741, 42.92064 ], [ -73.18199, 42.82916 ], [ -73.14682, 42.82354 ], [ -73.17273, 42.75493 ], [ -73.11113, 42.72081 ], [ -73.14566, 42.62933 ], [ -73.07556, 42.61806 ], [ -73.13591, 42.45798 ], [ -73.07462, 42.42384 ], [ -72.96985, 42.40688 ], [ -72.94386, 42.47546 ], [ -72.94413, 42.57258 ], [ -72.99682, 42.62963 ], [ -72.96207, 42.72107 ], [ -72.82175, 42.69834 ], [ -72.73394, 42.92682 ], [ -72.7427, 43.00107 ], [ -72.81318, 43.01249 ], [ -72.78676, 43.08104 ], [ -72.84854, 43.11529 ], [ -72.81329, 43.20669 ], [ -72.69851, 43.11529 ], [ -72.64527, 43.25233 ], [ -72.68064, 43.25806 ], [ -72.61831, 43.41793 ], [ -72.52949, 43.45208 ], [ -72.41236, 43.74882 ], [ -72.29639, 43.7542 ], [ -72.25082, 43.86827 ], [ -72.10597, 44.03903 ], [ -72.0252, 44.05007 ], [ -72.16309, 43.70802 ], [ -72.02999, 43.66171 ], [ -72.09411, 43.5021 ], [ -71.94315, 43.50133 ], [ -71.83535, 43.58064 ], [ -71.75186, 43.7857 ], [ -71.69762, 43.8253 ], [ -71.56462, 43.77858 ], [ -71.37518, 43.86829 ], [ -71.31113, 43.93051 ], [ -71.23988, 43.91836 ], [ -71.16608, 44.00326 ], [ -71.12777, 44.09424 ], [ -71.05637, 44.082 ], [ -70.97921, 44.26389 ], [ -70.83608, 44.23925 ], [ -70.71905, 44.24339 ], [ -70.50098, 44.30307 ], [ -70.37993, 44.40402 ], [ -70.29435, 44.51118 ], [ -70.18676, 44.49222 ], [ -70.12081, 44.55392 ], [ -69.97736, 44.52845 ], [ -69.91115, 44.59006 ], [ -69.8604, 44.70338 ], [ -69.75791, 44.7585 ], [ -69.65006, 44.73915 ], [ -69.58328, 44.80062 ], [ -69.47541, 44.78115 ], [ -69.4084, 44.84254 ], [ -69.18685, 44.9003 ] ], [ [ -71.68303, 44.13933 ], [ -71.61901, 44.20168 ], [ -71.53792, 44.21245 ], [ -71.53991, 44.11537 ], [ -71.68303, 44.13933 ] ], [ [ -71.31359, 44.199 ], [ -71.38518, 44.2111 ], [ -71.32798, 44.34765 ], [ -71.22996, 44.30668 ], [ -71.31359, 44.199 ] ], [ [ -72.14588, 44.50756 ], [ -72.16441, 44.46194 ], [ -72.27254, 44.47948 ], [ -72.20785, 44.63918 ], [ -72.14486, 44.60466 ], [ -72.14588, 44.50756 ] ], [ [ -71.32564, 44.44474 ], [ -71.46946, 44.46891 ], [ -71.44086, 44.53721 ], [ -71.35929, 44.54788 ], [ -71.32564, 44.44474 ] ], [ [ -72.54181, 44.86285 ], [ -72.6053, 44.89721 ], [ -72.55944, 45.0114 ], [ -72.4687, 44.9484 ], [ -72.54181, 44.86285 ] ], [ [ -72.75071, 44.92015 ], [ -72.81438, 44.95443 ], [ -72.77799, 45.04583 ], [ -72.66868, 45.02866 ], [ -72.75071, 44.92015 ] ] ], [ [ [ -74.53802, 45.09271 ], [ -74.55488, 45.0468 ], [ -74.43661, 45.05386 ], [ -74.47322, 45.05916 ], [ -74.44781, 45.12801 ], [ -74.48446, 45.13332 ], [ -74.53802, 45.09271 ] ] ], [ [ [ -73.98054, 45.03532 ], [ -73.96323, 45.08117 ], [ -74.0364, 45.092 ], [ -74.05366, 45.04615 ], [ -73.98054, 45.03532 ] ] ] ] } },
{ "type": "Feature", "properties": { "ID": 5 }, "geometry": { "type": "MultiPolygon", "coordinates": [ [ [ [ -97.24247, 45.1192 ], [ -97.20343, 45.04885 ], [ -97.12829, 45.04943 ], [ -97.089, 44.9555 ], [ -97.01398, 44.95602 ], [ -96.97454, 44.83851 ], [ -96.78736, 44.8396 ], [ -96.82545, 44.8865 ], [ -96.82873, 45.12204 ], [ -96.90539, 45.21582 ], [ -97.01882, 45.23866 ], [ -97.13143, 45.2143 ], [ -97.24247, 45.1192 ] ] ], [ [ [ -91.01244, 46.71759 ], [ -91.04498, 46.78948 ], [ -91.1183, 46.83903 ], [ -91.15699, 46.84024 ], [ -91.16094, 46.79313 ], [ -91.3929, 46.80018 ], [ -91.35802, 46.75192 ], [ -91.62848, 46.75976 ], [ -91.63204, 46.71265 ], [ -91.78649, 46.71692 ], [ -91.78993, 46.6698 ], [ -92.06005, 46.67689 ], [ -92.13567, 46.70239 ], [ -92.1262, 46.84378 ], [ -92.16491, 46.84474 ], [ -92.20981, 46.75142 ], [ -92.29013, 46.70616 ], [ -92.40599, 46.70889 ], [ -92.45184, 46.59195 ], [ -92.53175, 46.54657 ], [ -92.76286, 46.55158 ], [ -92.76549, 46.50445 ], [ -92.88855, 46.36544 ], [ -93.1306, 46.13429 ], [ -93.28361, 46.13707 ], [ -93.2858, 46.08995 ], [ -93.40048, 46.09193 ], [ -93.51215, 46.16451 ], [ -93.50812, 46.25877 ], [ -93.58382, 46.28355 ], [ -93.61832, 46.37841 ], [ -93.69516, 46.37958 ], [ -93.73082, 46.45085 ], [ -93.80775, 46.45196 ], [ -93.84272, 46.54679 ], [ -93.91978, 46.54784 ], [ -93.9944, 46.61958 ], [ -93.99276, 46.66673 ], [ -94.06842, 46.71486 ], [ -94.26165, 46.71715 ], [ -94.3403, 46.67083 ], [ -94.343, 46.57653 ], [ -94.42139, 46.53018 ], [ -94.42332, 46.45946 ], [ -94.50149, 46.41308 ], [ -94.69373, 46.41482 ], [ -94.69267, 46.46197 ], [ -95.0775, 46.46474 ], [ -95.07825, 46.41759 ], [ -95.19361, 46.41824 ], [ -95.19492, 46.32394 ], [ -95.34849, 46.32467 ], [ -95.46236, 46.46656 ], [ -95.49983, 46.58458 ], [ -95.57696, 46.58481 ], [ -95.65465, 46.49068 ], [ -95.80875, 46.46737 ], [ -95.8089, 46.42022 ], [ -96.07769, 46.11388 ], [ -96.15414, 46.09025 ], [ -96.15389, 45.99598 ], [ -96.26821, 45.94869 ], [ -96.30599, 45.87792 ], [ -96.30513, 45.71297 ], [ -96.26671, 45.61879 ], [ -96.26617, 45.50099 ], [ -96.11474, 45.50118 ], [ -96.03899, 45.4541 ], [ -96.03896, 45.40698 ], [ -95.85004, 45.38335 ], [ -95.6983, 45.50092 ], [ -95.58473, 45.50066 ], [ -95.58506, 45.45354 ], [ -95.24463, 45.45223 ], [ -95.20775, 45.38136 ], [ -95.05663, 45.3805 ], [ -95.01689, 45.49805 ], [ -94.90333, 45.49727 ], [ -94.82575, 45.59094 ], [ -94.82434, 45.66162 ], [ -94.67251, 45.66038 ], [ -94.67411, 45.5897 ], [ -94.48455, 45.58794 ], [ -94.4454, 45.63467 ], [ -94.17984, 45.63174 ], [ -94.06913, 45.53611 ], [ -93.99419, 45.51158 ], [ -93.50212, 45.5043 ], [ -93.50411, 45.4572 ], [ -93.05037, 45.44908 ], [ -93.00779, 45.54254 ], [ -92.78061, 45.53791 ], [ -92.78319, 45.49081 ], [ -92.6697, 45.48837 ], [ -92.60083, 45.36898 ], [ -92.52534, 45.36727 ], [ -92.49178, 45.29578 ], [ -92.41639, 45.29402 ], [ -92.42208, 45.19986 ], [ -92.27597, 45.12562 ], [ -92.3194, 45.03239 ], [ -92.20832, 45.00607 ], [ -92.16321, 45.1228 ], [ -91.82498, 45.11385 ], [ -91.82664, 45.09031 ], [ -91.41356, 45.07835 ], [ -91.3028, 45.05136 ], [ -91.19784, 44.95372 ], [ -91.21487, 44.74202 ], [ -91.15549, 44.55147 ], [ -91.08494, 44.502 ], [ -91.08879, 44.45497 ], [ -90.86593, 44.44748 ], [ -90.75658, 44.4201 ], [ -90.69066, 44.32343 ], [ -90.66405, 44.20455 ], [ -90.44217, 44.19644 ], [ -90.43999, 44.21995 ], [ -90.21809, 44.2115 ], [ -90.05859, 44.3232 ], [ -90.05393, 44.3702 ], [ -89.90566, 44.36423 ], [ -89.66843, 44.49597 ], [ -89.65848, 44.58996 ], [ -89.54181, 44.63219 ], [ -89.54689, 44.58519 ], [ -89.47251, 44.58197 ], [ -89.47763, 44.53498 ], [ -89.36616, 44.53008 ], [ -89.2149, 44.54691 ], [ -89.13519, 44.59051 ], [ -89.1298, 44.63748 ], [ -89.01816, 44.63233 ], [ -88.97543, 44.67756 ], [ -88.82651, 44.67051 ], [ -88.82087, 44.71748 ], [ -88.70911, 44.71209 ], [ -88.62882, 44.75542 ], [ -88.6201, 44.82586 ], [ -88.58278, 44.82402 ], [ -88.57693, 44.87099 ], [ -88.42757, 44.86354 ], [ -88.42458, 44.88702 ], [ -88.27521, 44.87943 ], [ -88.27216, 44.9029 ], [ -88.19129, 44.94599 ], [ -88.14149, 45.03794 ], [ -88.12903, 45.13184 ], [ -88.04774, 45.17486 ], [ -87.99435, 45.29024 ], [ -87.87514, 45.33118 ], [ -87.85895, 45.44854 ], [ -87.93432, 45.45256 ], [ -87.92145, 45.54646 ], [ -87.82965, 45.6598 ], [ -87.75401, 45.65572 ], [ -87.67173, 45.69855 ], [ -87.65838, 45.79244 ], [ -87.68961, 45.84146 ], [ -87.83809, 45.87311 ], [ -87.82496, 45.96703 ], [ -87.901, 45.97107 ], [ -87.98672, 45.90463 ], [ -88.25266, 45.91832 ], [ -88.26819, 45.80089 ], [ -88.19235, 45.79703 ], [ -88.21108, 45.65613 ], [ -88.28983, 45.6365 ], [ -88.30214, 45.54256 ], [ -88.43356, 45.40735 ], [ -88.5466, 45.41294 ], [ -88.55253, 45.36597 ], [ -88.71188, 45.30283 ], [ -88.71767, 45.25585 ], [ -89.05883, 45.24825 ], [ -89.11487, 45.41615 ], [ -89.10663, 45.48664 ], [ -89.25765, 45.49341 ], [ -89.24147, 45.63442 ], [ -89.14384, 45.81905 ], [ -89.13283, 45.91307 ], [ -89.24148, 45.96516 ], [ -89.29033, 45.8728 ], [ -89.36634, 45.87612 ], [ -89.39639, 45.94829 ], [ -89.73897, 45.96267 ], [ -89.73141, 46.03322 ], [ -89.79766, 46.13039 ], [ -89.87897, 46.08641 ], [ -89.96502, 45.99535 ], [ -90.04122, 45.99833 ], [ -90.06739, 46.11742 ], [ -90.18194, 46.1218 ], [ -90.19365, 46.00417 ], [ -90.38424, 46.01127 ], [ -90.45825, 46.03757 ], [ -90.80158, 46.04958 ], [ -90.78688, 46.21432 ], [ -90.89962, 46.2417 ], [ -90.93381, 46.29004 ], [ -90.62733, 46.27966 ], [ -90.58465, 46.32539 ], [ -90.57587, 46.41954 ], [ -90.49015, 46.51097 ], [ -90.41098, 46.53175 ], [ -90.48343, 46.58159 ], [ -90.63744, 46.58699 ], [ -90.71015, 46.63673 ], [ -90.94759, 46.57381 ], [ -90.93936, 46.66799 ], [ -91.01244, 46.71759 ] ], [ [ -90.14337, 45.74255 ], [ -90.13867, 45.78959 ], [ -90.02476, 45.78517 ], [ -90.03194, 45.71462 ], [ -90.14337, 45.74255 ] ] ], [ [ [ -74.71696, 44.7077 ], [ -74.84279, 44.67746 ], [ -74.89226, 44.53965 ], [ -74.81961, 44.52923 ], [ -74.74188, 44.63882 ], [ -74.65248, 44.67424 ], [ -74.57971, 44.66371 ], [ -74.54621, 44.75551 ], [ -74.71696, 44.7077 ] ] ], [ [ [ -73.9043, 45.33873 ], [ -73.86061, 45.45333 ], [ -73.89742, 45.45878 ], [ -73.85363, 45.57338 ], [ -74.00118, 45.59513 ], [ -73.99917, 45.498 ], [ -73.9255, 45.48714 ], [ -73.95167, 45.41837 ], [ -74.07073, 45.41169 ], [ -74.10534, 45.31996 ], [ -74.15932, 45.27948 ], [ -74.29769, 45.32387 ], [ -74.70245, 45.38214 ], [ -74.84147, 45.42604 ], [ -75.03421, 45.42901 ], [ -75.19829, 45.40363 ], [ -75.3459, 45.42407 ], [ -75.44039, 45.48532 ], [ -75.74432, 45.50256 ], [ -75.83431, 45.46648 ], [ -75.82929, 45.3694 ], [ -75.94802, 45.36125 ], [ -76.13273, 45.38587 ], [ -76.1932, 45.32163 ], [ -76.33316, 45.36415 ], [ -76.51804, 45.3883 ], [ -76.6737, 45.38439 ], [ -77.00695, 45.42695 ], [ -77.02199, 45.38078 ], [ -76.88149, 45.33889 ], [ -76.8227, 45.28328 ], [ -76.8085, 45.20932 ], [ -76.73471, 45.19982 ], [ -76.78778, 45.03832 ], [ -76.86138, 45.04779 ], [ -76.92822, 44.96019 ], [ -77.00174, 44.96959 ], [ -77.16393, 44.822 ], [ -77.35477, 44.82203 ], [ -77.31807, 44.81742 ], [ -77.36208, 44.79893 ], [ -77.39127, 44.70654 ], [ -77.31069, 44.72043 ], [ -77.16418, 44.7019 ], [ -77.06176, 44.66483 ], [ -76.97372, 44.70163 ], [ -76.95882, 44.74778 ], [ -76.76822, 44.74725 ], [ -76.75314, 44.79338 ], [ -76.63566, 44.80216 ], [ -76.45255, 44.77816 ], [ -76.29845, 44.78185 ], [ -76.23864, 44.84611 ], [ -76.12877, 44.83145 ], [ -75.70255, 44.84605 ], [ -75.51969, 44.82092 ], [ -75.28424, 44.83645 ], [ -75.30458, 44.88754 ], [ -75.19487, 44.8722 ], [ -75.21514, 44.9233 ], [ -75.10538, 44.90789 ], [ -75.00756, 44.96651 ], [ -74.99106, 45.01247 ], [ -74.88121, 44.99689 ], [ -74.79135, 45.0324 ], [ -74.72966, 45.09607 ], [ -74.54645, 45.06975 ], [ -74.53802, 45.09271 ], [ -74.48446, 45.13332 ], [ -74.41116, 45.1227 ], [ -74.43661, 45.05386 ], [ -74.41696, 45.00265 ], [ -74.30728, 44.98666 ], [ -74.18909, 44.99353 ], [ -74.25978, 44.90715 ], [ -74.3693, 44.92317 ], [ -74.37518, 44.80313 ], [ -74.26587, 44.78711 ], [ -74.17596, 44.82225 ], [ -74.11383, 44.88566 ], [ -74.0409, 44.87486 ], [ -73.89694, 44.95027 ], [ -73.85352, 45.06485 ], [ -73.96323, 45.08117 ], [ -73.98054, 45.03532 ], [ -74.09023, 45.05155 ], [ -74.0364, 45.092 ], [ -73.94104, 45.34417 ], [ -73.9043, 45.33873 ] ] ], [ [ [ -72.75071, 44.92015 ], [ -72.66868, 45.02866 ], [ -72.77799, 45.04583 ], [ -72.81438, 44.95443 ], [ -72.75071, 44.92015 ] ] ], [ [ [ -71.77267, 45.22533 ], [ -71.77102, 45.32245 ], [ -71.73279, 45.41362 ], [ -71.86008, 45.48301 ], [ -71.93335, 45.49486 ], [ -71.94148, 45.56919 ], [ -71.99587, 45.62662 ], [ -72.09662, 45.66711 ], [ -72.17862, 45.75318 ], [ -72.22489, 45.7362 ], [ -72.37223, 45.75952 ], [ -72.43715, 45.69682 ], [ -72.58447, 45.71993 ], [ -72.82408, 45.70862 ], [ -72.84246, 45.66289 ], [ -72.96213, 45.65708 ], [ -73.14644, 45.68532 ], [ -73.21116, 45.71944 ], [ -73.27514, 45.65638 ], [ -73.38579, 45.67312 ], [ -73.47631, 45.5413 ], [ -73.40269, 45.53019 ], [ -73.46512, 45.36993 ], [ -73.51958, 45.32967 ], [ -73.69433, 45.38014 ], [ -73.7295, 45.2885 ], [ -73.71039, 45.2372 ], [ -73.4906, 45.20411 ], [ -73.33529, 45.20477 ], [ -73.28165, 45.34208 ], [ -73.20831, 45.33088 ], [ -73.21657, 45.21087 ], [ -73.06124, 45.21124 ], [ -73.07928, 45.1655 ], [ -72.97872, 45.12568 ], [ -72.96061, 45.17141 ], [ -72.89663, 45.13719 ], [ -72.75063, 45.11438 ], [ -72.63202, 45.12003 ], [ -72.54066, 45.15419 ], [ -72.46719, 45.23976 ], [ -72.43937, 45.30826 ], [ -72.47595, 45.31405 ], [ -72.36421, 45.58806 ], [ -72.29074, 45.57642 ], [ -72.2258, 45.63906 ], [ -72.17117, 45.5817 ], [ -72.02435, 45.55819 ], [ -72.06222, 45.46695 ], [ -72.06339, 45.36981 ], [ -72.19194, 45.34179 ], [ -72.22941, 45.25052 ], [ -72.05632, 45.19837 ], [ -71.99155, 45.2609 ], [ -71.78219, 45.20254 ], [ -71.77267, 45.22533 ] ] ] ] } },
{ "type": "Feature", "properties": { "ID": 6 }, "geometry": { "type": "MultiPolygon", "coordinates": [ [ [ [ -107.68471, 41.06289 ], [ -107.65408, 41.08918 ], [ -107.61912, 41.09207 ], [ -107.63206, 41.16225 ], [ -107.6844, 41.25293 ], [ -107.8376, 41.1214 ], [ -107.85938, 41.04829 ], [ -107.92922, 41.04239 ], [ -108.10283, 40.83742 ], [ -108.11974, 40.74087 ], [ -108.18473, 40.71146 ], [ -108.20148, 40.61489 ], [ -108.29192, 40.53561 ], [ -108.27839, 40.46545 ], [ -108.34756, 40.45934 ], [ -108.32496, 40.34241 ], [ -108.39399, 40.33627 ], [ -108.37586, 40.24272 ], [ -108.29793, 40.20206 ], [ -108.19458, 40.21118 ], [ -108.21691, 40.32815 ], [ -108.16123, 40.40438 ], [ -107.9538, 40.42233 ], [ -107.94504, 40.37553 ], [ -107.80679, 40.38732 ], [ -107.74196, 40.41657 ], [ -107.70737, 40.41948 ], [ -107.72457, 40.5131 ], [ -107.69422, 40.53941 ], [ -107.79817, 40.53067 ], [ -107.80685, 40.57747 ], [ -107.77218, 40.58039 ], [ -107.78084, 40.62719 ], [ -107.95429, 40.61247 ], [ -108.00664, 40.70307 ], [ -107.94157, 40.7324 ], [ -107.96803, 40.87275 ], [ -107.79823, 40.91088 ], [ -107.80696, 40.95767 ], [ -107.66742, 40.96931 ], [ -107.68471, 41.06289 ] ] ], [ [ [ -87.71463, 44.04582 ], [ -87.62472, 44.15897 ], [ -87.55098, 44.1548 ], [ -87.57471, 44.25071 ], [ -87.54499, 44.46182 ], [ -87.49127, 44.57699 ], [ -87.41028, 44.61966 ], [ -87.38659, 44.78384 ], [ -87.41707, 44.83289 ], [ -87.6408, 44.8455 ], [ -87.65397, 44.75166 ], [ -87.74796, 44.61501 ], [ -87.86583, 44.57418 ], [ -87.88813, 44.40993 ], [ -88.0055, 44.369 ], [ -88.018, 44.27514 ], [ -87.99043, 44.20276 ], [ -87.91662, 44.19876 ], [ -87.88921, 44.12637 ], [ -87.81549, 44.12232 ], [ -87.78824, 44.04991 ], [ -87.71463, 44.04582 ] ] ], [ [ [ -76.90361, 44.2119 ], [ -76.79474, 44.19772 ], [ -76.73604, 44.26217 ], [ -76.55453, 44.2383 ], [ -76.49553, 44.30266 ], [ -76.35029, 44.28334 ], [ -76.33501, 44.32943 ], [ -76.18206, 44.333 ], [ -76.16664, 44.37907 ], [ -76.05764, 44.36436 ], [ -75.87328, 44.45973 ], [ -75.81333, 44.52382 ], [ -75.88614, 44.53375 ], [ -75.89904, 44.60778 ], [ -76.11789, 44.63736 ], [ -76.16989, 44.59618 ], [ -76.20081, 44.50403 ], [ -76.27366, 44.51378 ], [ -76.29671, 44.44465 ], [ -76.38479, 44.40826 ], [ -76.53034, 44.42754 ], [ -76.58943, 44.36317 ], [ -76.69104, 44.40056 ], [ -76.87309, 44.42426 ], [ -76.9682, 44.36446 ], [ -77.15025, 44.38783 ], [ -77.64571, 44.37822 ], [ -77.65999, 44.332 ], [ -77.81284, 44.32692 ], [ -78.01465, 44.15981 ], [ -78.03557, 44.09043 ], [ -78.14453, 44.1037 ], [ -78.06648, 44.23806 ], [ -78.17571, 44.25131 ], [ -78.26235, 44.21382 ], [ -78.31455, 44.29199 ], [ -78.37626, 44.08371 ], [ -78.54195, 44.0316 ], [ -78.72358, 44.05305 ], [ -78.77995, 43.98783 ], [ -78.88888, 44.00056 ], [ -78.94832, 44.05533 ], [ -79.00445, 43.99003 ], [ -79.18611, 44.01091 ], [ -79.33799, 44.00428 ], [ -79.46421, 44.09025 ], [ -79.47498, 44.1871 ], [ -79.4428, 44.30306 ], [ -79.32022, 44.33711 ], [ -79.3007, 44.40667 ], [ -79.36091, 44.46128 ], [ -79.43418, 44.46949 ], [ -79.5332, 44.38488 ], [ -79.52231, 44.28803 ], [ -79.56071, 44.14886 ], [ -79.63999, 44.13377 ], [ -79.66536, 44.04097 ], [ -79.727, 43.9522 ], [ -79.83607, 43.96423 ], [ -79.87355, 43.82498 ], [ -79.95852, 43.78652 ], [ -79.98943, 43.67045 ], [ -80.11642, 43.61264 ], [ -80.33352, 43.63604 ], [ -80.38777, 43.57022 ], [ -80.60482, 43.59322 ], [ -80.69489, 43.5311 ], [ -80.80339, 43.54241 ], [ -80.82204, 43.61591 ], [ -80.9307, 43.62713 ], [ -80.91908, 43.67363 ], [ -81.04105, 43.78151 ], [ -81.12706, 43.8856 ], [ -81.08665, 44.04841 ], [ -80.96553, 44.08381 ], [ -80.94214, 44.17682 ], [ -81.00944, 44.20751 ], [ -81.01687, 44.32749 ], [ -80.98173, 44.46702 ], [ -80.87872, 44.57583 ], [ -80.97737, 44.63353 ], [ -80.94788, 44.74981 ], [ -81.05863, 44.76094 ], [ -81.07036, 44.71442 ], [ -81.15582, 44.67526 ], [ -81.24116, 44.63605 ], [ -81.28956, 44.59317 ], [ -81.31257, 44.5001 ], [ -81.37224, 44.41065 ], [ -81.42036, 44.36772 ], [ -81.56125, 43.78589 ], [ -81.54166, 43.71249 ], [ -81.48024, 43.65877 ], [ -81.47198, 43.53882 ], [ -81.39957, 43.53161 ], [ -81.39149, 43.41165 ], [ -81.31924, 43.4044 ], [ -81.24489, 43.25389 ], [ -81.13683, 43.24289 ], [ -80.96832, 43.17789 ], [ -80.82449, 43.16295 ], [ -80.74093, 43.20191 ], [ -80.72924, 43.2484 ], [ -80.62129, 43.23703 ], [ -80.56758, 43.30294 ], [ -80.38756, 43.28374 ], [ -80.39965, 43.38052 ], [ -80.47176, 43.38822 ], [ -80.48996, 43.46176 ], [ -80.34558, 43.44635 ], [ -80.24944, 43.38824 ], [ -80.06927, 43.36866 ], [ -79.97265, 43.45362 ], [ -79.91187, 43.54249 ], [ -79.86843, 43.70496 ], [ -79.79603, 43.69696 ], [ -79.73475, 43.78576 ], [ -79.57077, 43.8392 ], [ -79.55806, 43.88559 ], [ -79.44919, 43.87336 ], [ -79.47269, 43.92383 ], [ -79.28473, 43.92647 ], [ -79.10328, 43.90571 ], [ -79.04734, 43.97105 ], [ -78.82955, 43.94576 ], [ -78.69116, 43.90556 ], [ -78.67777, 43.95188 ], [ -78.57571, 43.91585 ], [ -78.50322, 43.90722 ], [ -78.3741, 43.96365 ], [ -78.36045, 44.00993 ], [ -78.17218, 44.01117 ], [ -77.99088, 43.98905 ], [ -77.87515, 43.99879 ], [ -77.8611, 44.04503 ], [ -77.75231, 44.03155 ], [ -77.52104, 44.17064 ], [ -77.4121, 44.15692 ], [ -77.3541, 44.22161 ], [ -77.17247, 44.19849 ], [ -77.07783, 44.25843 ], [ -76.8962, 44.23497 ], [ -76.90361, 44.2119 ] ] ], [ [ [ -83.3447, 44.49641 ], [ -83.3149, 44.63646 ], [ -83.35188, 44.63959 ], [ -83.31704, 44.80299 ], [ -83.33917, 44.87615 ], [ -83.41344, 44.88241 ], [ -83.47784, 44.93532 ], [ -83.44814, 45.07541 ], [ -83.33138, 45.08939 ], [ -83.31633, 45.15942 ], [ -83.42826, 45.16881 ], [ -83.40332, 45.28555 ], [ -83.46816, 45.33848 ], [ -83.54302, 45.34467 ], [ -83.72047, 45.40671 ], [ -83.87043, 45.41881 ], [ -83.97815, 45.45116 ], [ -83.96857, 45.4979 ], [ -84.15638, 45.51269 ], [ -84.14693, 45.55944 ], [ -84.27866, 45.66465 ], [ -84.35402, 45.67044 ], [ -84.41022, 45.57978 ], [ -84.52312, 45.58836 ], [ -84.53227, 45.54158 ], [ -84.68272, 45.55288 ], [ -84.75349, 45.58187 ], [ -84.84658, 45.49384 ], [ -84.8599, 45.42365 ], [ -84.90628, 45.37962 ], [ -85.02322, 45.36443 ], [ -85.10693, 45.32305 ], [ -85.07377, 45.29694 ], [ -85.0911, 45.20334 ], [ -85.31567, 45.2194 ], [ -85.28673, 45.16993 ], [ -85.30369, 45.07631 ], [ -85.19593, 45.04491 ], [ -85.24273, 44.7875 ], [ -85.28833, 44.74336 ], [ -85.39976, 44.75129 ], [ -85.48234, 44.70971 ], [ -85.53593, 44.61868 ], [ -85.75843, 44.63408 ], [ -85.85653, 44.49865 ], [ -85.83943, 44.37906 ], [ -85.77356, 44.32718 ], [ -85.83034, 44.21264 ], [ -85.86591, 44.00192 ], [ -85.7925, 43.99688 ], [ -85.76773, 43.92411 ], [ -85.69442, 43.91902 ], [ -85.71438, 43.80197 ], [ -85.64925, 43.75004 ], [ -85.65725, 43.70322 ], [ -85.54771, 43.69549 ], [ -85.53152, 43.78911 ], [ -85.42183, 43.78128 ], [ -85.35697, 43.72922 ], [ -85.17021, 43.73931 ], [ -85.16182, 43.7861 ], [ -84.97485, 43.79594 ], [ -84.92115, 43.88676 ], [ -84.8393, 43.92802 ], [ -84.69285, 43.91688 ], [ -84.61081, 43.95802 ], [ -84.5931, 44.05153 ], [ -84.44639, 44.04015 ], [ -84.2952, 44.052 ], [ -84.00196, 44.02851 ], [ -83.99263, 44.07523 ], [ -83.78559, 44.17701 ], [ -83.65622, 44.26129 ], [ -83.54595, 44.25208 ], [ -83.49945, 44.29568 ], [ -83.45288, 44.33926 ], [ -83.3447, 44.49641 ] ], [ [ -83.926, 44.59212 ], [ -83.90799, 44.49569 ], [ -83.95435, 44.45196 ], [ -84.17579, 44.46971 ], [ -84.15742, 44.37331 ], [ -84.34175, 44.38786 ], [ -84.32807, 44.45798 ], [ -84.43431, 44.48999 ], [ -84.41616, 44.58349 ], [ -84.26359, 44.59531 ], [ -84.07863, 44.58065 ], [ -84.06927, 44.62738 ], [ -83.926, 44.59212 ] ], [ [ -84.36234, 45.2438 ], [ -84.29217, 45.21463 ], [ -84.2314, 45.13869 ], [ -84.25929, 44.99845 ], [ -84.18946, 44.96924 ], [ -84.17091, 44.87283 ], [ -84.06412, 44.84063 ], [ -84.09227, 44.70043 ], [ -84.17568, 44.65958 ], [ -84.39796, 44.67699 ], [ -84.40251, 44.65362 ], [ -84.62483, 44.6707 ], [ -84.65744, 44.69689 ], [ -84.8058, 44.70806 ], [ -84.79699, 44.75484 ], [ -85.01547, 44.79473 ], [ -84.95658, 44.90897 ], [ -84.92161, 45.09612 ], [ -84.84252, 45.114 ], [ -84.82483, 45.20757 ], [ -84.77407, 45.27497 ], [ -84.65723, 45.28997 ], [ -84.67073, 45.2198 ], [ -84.55851, 45.21134 ], [ -84.41879, 45.34308 ], [ -84.36234, 45.2438 ] ] ], [ [ [ -80.19272, 44.45669 ], [ -80.0889, 44.4217 ], [ -80.02807, 44.36739 ], [ -80.01016, 44.29379 ], [ -79.91925, 44.21226 ], [ -79.90152, 44.13865 ], [ -79.92649, 44.04581 ], [ -79.78086, 44.02984 ], [ -79.74304, 44.16906 ], [ -79.8525, 44.18108 ], [ -79.81475, 44.32032 ], [ -79.86276, 44.42115 ], [ -79.96644, 44.45629 ], [ -79.94136, 44.54914 ], [ -80.00856, 44.58028 ], [ -80.03979, 44.4642 ], [ -80.19272, 44.45669 ] ] ], [ [ [ -87.14105, 45.17172 ], [ -87.25352, 45.17827 ], [ -87.28118, 44.99064 ], [ -87.36276, 44.94803 ], [ -87.37299, 44.87766 ], [ -87.26108, 44.8712 ], [ -87.21685, 44.91593 ], [ -87.19948, 45.0332 ], [ -87.07317, 45.12041 ], [ -87.14105, 45.17172 ] ] ], [ [ [ -87.88914, 44.95366 ], [ -87.80793, 44.99655 ], [ -87.65836, 44.98834 ], [ -87.62857, 45.19951 ], [ -87.66609, 45.20159 ], [ -87.74769, 45.15877 ], [ -87.75749, 45.08837 ], [ -87.79495, 45.09041 ], [ -87.80144, 45.04348 ], [ -87.83887, 45.04551 ], [ -87.84532, 44.99858 ], [ -87.88914, 44.95366 ] ] ], [ [ [ -74.87421, 42.99173 ], [ -74.98048, 43.00731 ], [ -74.99644, 42.96136 ], [ -75.03185, 42.96653 ], [ -75.02389, 42.98951 ], [ -75.12226, 43.02796 ], [ -75.22865, 43.04335 ], [ -75.24444, 42.99738 ], [ -75.31535, 43.00759 ], [ -75.33107, 42.96161 ], [ -75.40195, 42.97178 ], [ -75.4254, 42.90279 ], [ -75.60252, 42.92803 ], [ -75.63023, 42.95607 ], [ -75.7721, 42.97608 ], [ -75.90419, 42.80187 ], [ -75.94979, 42.66371 ], [ -75.87156, 42.67683 ], [ -75.63218, 42.61887 ], [ -75.57043, 42.80294 ], [ -75.45237, 42.71372 ], [ -75.47567, 42.64472 ], [ -75.29941, 42.61931 ], [ -75.16637, 42.57585 ], [ -75.15064, 42.62182 ], [ -75.0177, 42.57822 ], [ -74.89623, 42.60862 ], [ -74.86902, 42.58044 ], [ -74.83384, 42.57523 ], [ -74.76976, 42.75896 ], [ -74.66397, 42.74323 ], [ -74.68815, 42.67435 ], [ -74.54733, 42.65328 ], [ -74.47963, 42.73979 ], [ -74.6831, 42.7944 ], [ -74.69418, 42.86852 ], [ -74.76485, 42.879 ], [ -74.77605, 42.95312 ], [ -74.87421, 42.99173 ] ], [ [ -75.06439, 42.65749 ], [ -75.13488, 42.66779 ], [ -75.14648, 42.74188 ], [ -75.11487, 42.83382 ], [ -75.02475, 42.77238 ], [ -75.06439, 42.65749 ] ] ], [ [ [ -74.18366, 42.84007 ], [ -74.11313, 42.8293 ], [ -74.13183, 42.88054 ], [ -74.16712, 42.88592 ], [ -74.18366, 42.84007 ] ] ], [ [ [ -74.28602, 43.07325 ], [ -74.31319, 43.10153 ], [ -74.32144, 43.0786 ], [ -74.28602, 43.07325 ] ] ], [ [ [ -74.85339, 43.15771 ], [ -74.95192, 43.19627 ], [ -75.08982, 43.33699 ], [ -75.16906, 43.32429 ], [ -75.30373, 43.36774 ], [ -75.66071, 43.41831 ], [ -75.76018, 43.45633 ], [ -75.77269, 43.53036 ], [ -75.91595, 43.55024 ], [ -75.97993, 43.58315 ], [ -75.96715, 43.50914 ], [ -75.89555, 43.49924 ], [ -75.88289, 43.42522 ], [ -75.73994, 43.40531 ], [ -75.68404, 43.34929 ], [ -75.50567, 43.32414 ], [ -75.40658, 43.28595 ], [ -75.34322, 43.25279 ], [ -75.23643, 43.23748 ], [ -75.22462, 43.1634 ], [ -75.15355, 43.15315 ], [ -75.16149, 43.13016 ], [ -75.09046, 43.11988 ], [ -75.09842, 43.0969 ], [ -74.67292, 43.03447 ], [ -74.68102, 43.01152 ], [ -74.53943, 42.99044 ], [ -74.47953, 43.05399 ], [ -74.37331, 43.03805 ], [ -74.35686, 43.08393 ], [ -74.42772, 43.09457 ], [ -74.57766, 43.09281 ], [ -74.6678, 43.15451 ], [ -74.85339, 43.15771 ] ] ], [ [ [ -76.02096, 43.68511 ], [ -76.05164, 43.593 ], [ -75.97993, 43.58315 ], [ -75.96455, 43.6292 ], [ -76.02096, 43.68511 ] ] ], [ [ [ -73.50921, 43.75316 ], [ -73.58931, 43.74132 ], [ -73.68798, 43.78073 ], [ -73.64501, 43.89522 ], [ -73.75254, 43.91168 ], [ -73.79532, 43.79716 ], [ -73.93482, 43.62479 ], [ -73.85322, 43.53973 ], [ -73.9058, 43.49936 ], [ -73.96484, 43.33896 ], [ -74.06106, 43.28103 ], [ -74.20315, 43.30257 ], [ -74.27187, 43.21621 ], [ -74.25295, 43.16499 ], [ -74.11115, 43.1435 ], [ -74.14443, 43.0518 ], [ -74.00293, 43.0302 ], [ -73.98621, 43.07604 ], [ -73.94244, 43.09353 ], [ -73.97783, 43.09896 ], [ -73.96946, 43.12187 ], [ -74.04029, 43.1327 ], [ -74.10282, 43.16642 ], [ -74.03393, 43.25271 ], [ -73.93588, 43.21353 ], [ -73.86497, 43.20265 ], [ -73.8667, 43.29974 ], [ -73.76021, 43.28336 ], [ -73.70773, 43.32368 ], [ -73.6907, 43.36948 ], [ -73.72624, 43.37497 ], [ -73.66653, 43.53526 ], [ -73.58543, 43.45006 ], [ -73.59399, 43.42717 ], [ -73.55844, 43.42165 ], [ -73.54128, 43.46743 ], [ -73.50571, 43.4619 ], [ -73.4529, 43.50213 ], [ -73.44427, 43.52502 ], [ -73.43563, 43.5479 ], [ -73.40968, 43.61655 ], [ -73.51666, 43.63319 ], [ -73.51784, 43.73028 ], [ -73.50921, 43.75316 ] ] ], [ [ [ -75.55071, 44.51177 ], [ -75.58368, 44.63687 ], [ -75.53924, 44.65484 ], [ -75.7216, 44.67994 ], [ -75.72952, 44.65693 ], [ -75.70098, 44.62891 ], [ -75.7739, 44.63891 ], [ -75.83401, 44.57483 ], [ -75.81333, 44.52382 ], [ -75.74844, 44.49083 ], [ -75.78782, 44.37575 ], [ -75.86044, 44.3857 ], [ -75.928, 44.29857 ], [ -76.00833, 44.28543 ], [ -76.07556, 44.19823 ], [ -76.22051, 44.21781 ], [ -76.3388, 44.08929 ], [ -76.19412, 44.06983 ], [ -76.11413, 44.08307 ], [ -76.02114, 44.02227 ], [ -76.08037, 43.9581 ], [ -76.10343, 43.88901 ], [ -76.08514, 43.71798 ], [ -76.02096, 43.68511 ], [ -75.96193, 43.74926 ], [ -75.91555, 43.88739 ], [ -75.80456, 43.99256 ], [ -75.67279, 44.04661 ], [ -75.68532, 44.12065 ], [ -75.64591, 44.23569 ], [ -75.49755, 44.33561 ], [ -75.4816, 44.38161 ], [ -75.44532, 44.37655 ], [ -75.43732, 44.39954 ], [ -75.47362, 44.40461 ], [ -75.44163, 44.4966 ], [ -75.55071, 44.51177 ] ] ], [ [ [ -73.43646, 44.4446 ], [ -73.41891, 44.49037 ], [ -73.55491, 44.53542 ], [ -73.53742, 44.58121 ], [ -73.6099, 44.59225 ], [ -73.67949, 44.40906 ], [ -73.61726, 44.47225 ], [ -73.50876, 44.45569 ], [ -73.58718, 44.24966 ], [ -73.64055, 44.20938 ], [ -73.47796, 44.13598 ], [ -73.43327, 44.15332 ], [ -73.39831, 44.24485 ], [ -73.43433, 44.25041 ], [ -73.41684, 44.29618 ], [ -73.38079, 44.29062 ], [ -73.35446, 44.35926 ], [ -73.43646, 44.4446 ] ] ], [ [ [ -73.52989, 44.7012 ], [ -73.5662, 44.70673 ], [ -73.5837, 44.66093 ], [ -73.54742, 44.65541 ], [ -73.52989, 44.7012 ] ] ], [ [ [ -74.18747, 42.62294 ], [ -74.27418, 42.5878 ], [ -74.26365, 42.51364 ], [ -74.08827, 42.48676 ], [ -74.02012, 42.57306 ], [ -73.98692, 42.66474 ], [ -74.05723, 42.67557 ], [ -74.06552, 42.65264 ], [ -74.171, 42.66881 ], [ -74.18747, 42.62294 ] ] ], [ [ [ -73.12841, 42.67507 ], [ -73.24227, 42.66904 ], [ -73.2516, 42.74327 ], [ -73.4188, 42.79403 ], [ -73.4017, 42.8398 ], [ -73.4369, 42.84536 ], [ -73.45397, 42.79959 ], [ -73.48916, 42.80513 ], [ -73.51468, 42.73646 ], [ -73.47953, 42.73092 ], [ -73.51352, 42.63935 ], [ -73.44334, 42.62827 ], [ -73.4338, 42.55405 ], [ -73.30224, 42.50888 ], [ -73.16228, 42.48647 ], [ -73.17882, 42.34361 ], [ -73.07416, 42.32672 ], [ -73.06555, 42.34959 ], [ -73.10044, 42.35523 ], [ -73.09184, 42.3781 ], [ -73.05694, 42.37246 ], [ -73.03969, 42.41819 ], [ -73.07462, 42.42384 ], [ -73.13591, 42.45798 ], [ -73.07556, 42.61806 ], [ -73.14566, 42.62933 ], [ -73.12841, 42.67507 ] ] ], [ [ [ -73.16471, 42.8749 ], [ -73.26956, 42.79461 ], [ -73.1641, 42.7778 ], [ -73.14682, 42.82354 ], [ -73.18199, 42.82916 ], [ -73.16471, 42.8749 ] ] ], [ [ [ -73.15666, 42.99487 ], [ -73.10455, 43.13208 ], [ -73.19325, 43.19468 ], [ -73.08861, 43.46908 ], [ -72.97293, 43.3779 ], [ -72.9024, 43.56074 ], [ -72.94735, 43.73775 ], [ -73.06368, 43.82895 ], [ -73.15275, 43.79448 ], [ -73.18783, 43.703 ], [ -73.19658, 43.68013 ], [ -73.21406, 43.63439 ], [ -73.22279, 43.61152 ], [ -73.18651, 43.50882 ], [ -73.23007, 43.39447 ], [ -73.31842, 43.3599 ], [ -73.35391, 43.36548 ], [ -73.37119, 43.31972 ], [ -73.40667, 43.32528 ], [ -73.41528, 43.3024 ], [ -73.27347, 43.2801 ], [ -73.30807, 43.18859 ], [ -73.24596, 43.15454 ], [ -73.30639, 42.9944 ], [ -73.17398, 42.94913 ], [ -73.15666, 42.99487 ] ] ], [ [ [ -73.07297, 43.90317 ], [ -73.13517, 43.84021 ], [ -73.06368, 43.82895 ], [ -73.08179, 43.88031 ], [ -73.07297, 43.90317 ] ] ], [ [ [ -73.41273, 43.90782 ], [ -73.47571, 43.9418 ], [ -73.41375, 44.00491 ], [ -73.40504, 44.02779 ], [ -73.47683, 44.03889 ], [ -73.47796, 44.13598 ], [ -73.55607, 43.92998 ], [ -73.55482, 43.83289 ], [ -73.48325, 43.82183 ], [ -73.46592, 43.8676 ], [ -73.43012, 43.86205 ], [ -73.41273, 43.90782 ] ] ], [ [ [ -68.8823, 44.54973 ], [ -68.81083, 44.53642 ], [ -68.76862, 44.62677 ], [ -68.9055, 44.75041 ], [ -69.01314, 44.77029 ], [ -69.0999, 44.83532 ], [ -69.1044, 44.90975 ], [ -69.18685, 44.9003 ], [ -69.4084, 44.84254 ], [ -69.47541, 44.78115 ], [ -69.58328, 44.80062 ], [ -69.65006, 44.73915 ], [ -69.75791, 44.7585 ], [ -69.8604, 44.70338 ], [ -69.91115, 44.59006 ], [ -69.97736, 44.52845 ], [ -70.12081, 44.55392 ], [ -70.18676, 44.49222 ], [ -70.29435, 44.51118 ], [ -70.37993, 44.40402 ], [ -70.50098, 44.30307 ], [ -70.71905, 44.24339 ], [ -70.83608, 44.23925 ], [ -70.97921, 44.26389 ], [ -71.05637, 44.082 ], [ -71.12777, 44.09424 ], [ -71.16608, 44.00326 ], [ -71.23988, 43.91836 ], [ -71.31113, 43.93051 ], [ -71.37518, 43.86829 ], [ -71.56462, 43.77858 ], [ -71.69762, 43.8253 ], [ -71.75186, 43.7857 ], [ -71.83535, 43.58064 ], [ -71.94315, 43.50133 ], [ -72.09411, 43.5021 ], [ -72.02999, 43.66171 ], [ -72.16309, 43.70802 ], [ -72.0252, 44.05007 ], [ -72.10597, 44.03903 ], [ -72.25082, 43.86827 ], [ -72.29639, 43.7542 ], [ -72.41236, 43.74882 ], [ -72.52949, 43.45208 ], [ -72.61831, 43.41793 ], [ -72.68064, 43.25806 ], [ -72.64527, 43.25233 ], [ -72.69851, 43.11529 ], [ -72.81329, 43.20669 ], [ -72.84854, 43.11529 ], [ -72.78676, 43.08104 ], [ -72.81318, 43.01249 ], [ -72.7427, 43.00107 ], [ -72.73394, 42.92682 ], [ -72.82175, 42.69834 ], [ -72.96207, 42.72107 ], [ -72.99682, 42.62963 ], [ -72.94413, 42.57258 ], [ -72.94386, 42.47546 ], [ -72.9612, 42.42974 ], [ -72.89136, 42.41839 ], [ -72.83904, 42.45841 ], [ -72.84786, 42.53267 ], [ -72.79545, 42.66978 ], [ -72.7078, 42.70404 ], [ -72.6107, 42.95529 ], [ -72.50472, 43.03509 ], [ -72.51322, 43.10936 ], [ -72.44163, 43.29198 ], [ -72.35356, 43.22893 ], [ -72.35423, 43.13184 ], [ -72.39011, 43.04055 ], [ -72.23212, 42.96579 ], [ -72.23298, 42.86869 ], [ -72.26889, 42.77743 ], [ -72.21675, 42.72012 ], [ -72.07671, 42.69666 ], [ -71.9627, 42.70178 ], [ -71.94455, 42.74738 ], [ -71.98739, 42.82759 ], [ -72.05752, 42.83937 ], [ -71.9849, 43.02178 ], [ -72.02007, 43.02768 ], [ -71.8921, 43.34682 ], [ -71.83834, 43.38647 ], [ -71.69693, 43.36265 ], [ -71.63373, 43.425 ], [ -71.53699, 43.38424 ], [ -71.42164, 43.38893 ], [ -71.28039, 43.36472 ], [ -71.20036, 43.3753 ], [ -71.1625, 43.46629 ], [ -71.03745, 43.49343 ], [ -70.99927, 43.58437 ], [ -70.73876, 43.66098 ], [ -70.68397, 43.7002 ], [ -70.58667, 43.9273 ], [ -70.4445, 43.90228 ], [ -70.36361, 43.91242 ], [ -70.26476, 44.13931 ], [ -70.11225, 44.13666 ], [ -69.96979, 44.11118 ], [ -69.94516, 44.25357 ], [ -69.87381, 44.24077 ], [ -69.78756, 44.34764 ], [ -69.64473, 44.32185 ], [ -69.56315, 44.33155 ], [ -69.47662, 44.2668 ], [ -69.33412, 44.24072 ], [ -69.19053, 44.38594 ], [ -69.11919, 44.37278 ], [ -69.07755, 44.46321 ], [ -68.92429, 44.45935 ], [ -68.8823, 44.54973 ] ], [ [ -72.10538, 43.28512 ], [ -72.0256, 43.29616 ], [ -72.08027, 43.15935 ], [ -72.18607, 43.17695 ], [ -72.10538, 43.28512 ] ], [ [ -71.3913, 43.55429 ], [ -71.35361, 43.64533 ], [ -71.21179, 43.62104 ], [ -71.15043, 43.58611 ], [ -71.22375, 43.50122 ], [ -71.3913, 43.55429 ] ] ], [ [ [ -73.10098, 44.12586 ], [ -73.03887, 44.2859 ], [ -73.10203, 44.32004 ], [ -73.02185, 44.52582 ], [ -73.09418, 44.53711 ], [ -73.10308, 44.51424 ], [ -73.06693, 44.5086 ], [ -73.18231, 44.21133 ], [ -73.13691, 44.13149 ], [ -73.10098, 44.12586 ] ] ], [ [ [ -68.63729, 44.82332 ], [ -68.60529, 44.89105 ], [ -68.65582, 44.94962 ], [ -68.70906, 44.83671 ], [ -68.82737, 44.83414 ], [ -68.84852, 44.78895 ], [ -68.75151, 44.74637 ], [ -68.66921, 44.75558 ], [ -68.63729, 44.82332 ] ] ] ] } },
{ "type": "Feature", "properties": { "ID": 7 }, "geometry": { "type": "MultiPolygon", "coordinates": [ [ [ [ -90.66405, 44.20455 ], [ -90.69066, 44.32343 ], [ -90.75658, 44.4201 ], [ -90.86593, 44.44748 ], [ -91.08879, 44.45497 ], [ -91.08494, 44.502 ], [ -91.15549, 44.55147 ], [ -91.21487, 44.74202 ], [ -91.19784, 44.95372 ], [ -91.3028, 45.05136 ], [ -91.41356, 45.07835 ], [ -91.82664, 45.09031 ], [ -91.82498, 45.11385 ], [ -92.16321, 45.1228 ], [ -92.20832, 45.00607 ], [ -92.3194, 45.03239 ], [ -92.27597, 45.12562 ], [ -92.42208, 45.19986 ], [ -92.41639, 45.29402 ], [ -92.49178, 45.29578 ], [ -92.52534, 45.36727 ], [ -92.60083, 45.36898 ], [ -92.6697, 45.48837 ], [ -92.78319, 45.49081 ], [ -92.78061, 45.53791 ], [ -93.00779, 45.54254 ], [ -93.05037, 45.44908 ], [ -93.50411, 45.4572 ], [ -93.50212, 45.5043 ], [ -93.99419, 45.51158 ], [ -94.06913, 45.53611 ], [ -94.17984, 45.63174 ], [ -94.4454, 45.63467 ], [ -94.48455, 45.58794 ], [ -94.67411, 45.5897 ], [ -94.67251, 45.66038 ], [ -94.82434, 45.66162 ], [ -94.82575, 45.59094 ], [ -94.90333, 45.49727 ], [ -95.01689, 45.49805 ], [ -95.05663, 45.3805 ], [ -95.20775, 45.38136 ], [ -95.24463, 45.45223 ], [ -95.58506, 45.45354 ], [ -95.58473, 45.50066 ], [ -95.6983, 45.50092 ], [ -95.85004, 45.38335 ], [ -96.03896, 45.40698 ], [ -96.03899, 45.4541 ], [ -96.11474, 45.50118 ], [ -96.26617, 45.50099 ], [ -96.26671, 45.61879 ], [ -96.30513, 45.71297 ], [ -96.38112, 45.7128 ], [ -96.41844, 45.61845 ], [ -96.4176, 45.50065 ], [ -96.45473, 45.40631 ], [ -96.53012, 45.3825 ], [ -96.68124, 45.3819 ], [ -96.6807, 45.33479 ], [ -96.79395, 45.33424 ], [ -96.79332, 45.28712 ], [ -96.90648, 45.28649 ], [ -96.90539, 45.21582 ], [ -96.82873, 45.12204 ], [ -96.82545, 44.8865 ], [ -96.78736, 44.8396 ], [ -96.97454, 44.83851 ], [ -97.01398, 44.95602 ], [ -97.089, 44.9555 ], [ -97.12829, 45.04943 ], [ -97.20343, 45.04885 ], [ -97.24247, 45.1192 ], [ -97.39236, 45.09434 ], [ -97.54029, 44.99868 ], [ -97.57595, 44.92764 ], [ -97.65093, 44.92684 ], [ -97.79803, 44.83093 ], [ -97.87067, 44.75937 ], [ -97.90504, 44.66472 ], [ -97.7523, 44.5488 ], [ -97.75093, 44.50171 ], [ -97.63605, 44.38524 ], [ -97.48745, 44.38679 ], [ -97.41093, 44.29333 ], [ -97.40873, 44.19914 ], [ -97.33309, 44.12918 ], [ -97.33101, 44.035 ], [ -97.03551, 44.03735 ], [ -96.88534, 43.87348 ], [ -96.88465, 43.82638 ], [ -96.66378, 43.82754 ], [ -96.66301, 43.7569 ], [ -96.44239, 43.75772 ], [ -96.40499, 43.66363 ], [ -96.29485, 43.66389 ], [ -96.29508, 43.71099 ], [ -96.07462, 43.71127 ], [ -96.03782, 43.61709 ], [ -95.96445, 43.61709 ], [ -95.8912, 43.54641 ], [ -95.89128, 43.49931 ], [ -95.78144, 43.49919 ], [ -95.78161, 43.45209 ], [ -95.37916, 43.45095 ], [ -95.30545, 43.49772 ], [ -95.26771, 43.59173 ], [ -95.0477, 43.59047 ], [ -95.01065, 43.61378 ], [ -95.00757, 43.80215 ], [ -94.93398, 43.80164 ], [ -94.92816, 44.13129 ], [ -94.78018, 44.13016 ], [ -94.77922, 44.17725 ], [ -94.48305, 44.17453 ], [ -94.48423, 44.12744 ], [ -94.2253, 44.12458 ], [ -94.22253, 44.21876 ], [ -94.07435, 44.21692 ], [ -93.96242, 44.23898 ], [ -93.96878, 44.05064 ], [ -94.0796, 44.05211 ], [ -94.04571, 43.95746 ], [ -93.97351, 43.90938 ], [ -93.86295, 43.90783 ], [ -93.75676, 43.78849 ], [ -93.72263, 43.7173 ], [ -93.64916, 43.71615 ], [ -93.65462, 43.57491 ], [ -93.61889, 43.55078 ], [ -93.47235, 43.54834 ], [ -93.4011, 43.49999 ], [ -93.3594, 43.61704 ], [ -93.28606, 43.61571 ], [ -93.25258, 43.54441 ], [ -92.95959, 43.53866 ], [ -92.88996, 43.46653 ], [ -92.74366, 43.46337 ], [ -92.67309, 43.41466 ], [ -92.67565, 43.36759 ], [ -92.49445, 43.33982 ], [ -92.4634, 43.24482 ], [ -92.39192, 43.21951 ], [ -91.95494, 43.20811 ], [ -91.87102, 43.37076 ], [ -91.76151, 43.36765 ], [ -91.75825, 43.4147 ], [ -91.67853, 43.50667 ], [ -91.53221, 43.5023 ], [ -91.48867, 43.59527 ], [ -91.41364, 43.61654 ], [ -91.40653, 43.71062 ], [ -91.55334, 43.71511 ], [ -91.55678, 43.66806 ], [ -91.66682, 43.67133 ], [ -91.69516, 43.79002 ], [ -91.65504, 43.836 ], [ -91.43438, 43.82936 ], [ -91.42551, 43.94696 ], [ -91.49569, 43.99626 ], [ -91.68008, 44.00174 ], [ -91.67671, 44.04878 ], [ -91.78745, 44.05196 ], [ -91.81947, 44.12358 ], [ -91.89019, 44.17269 ], [ -91.9996, 44.19924 ], [ -91.99334, 44.29335 ], [ -92.02729, 44.3414 ], [ -92.13707, 44.36785 ], [ -92.13101, 44.46197 ], [ -91.98234, 44.45805 ], [ -91.84509, 44.2893 ], [ -91.70526, 44.16747 ], [ -91.70861, 44.12043 ], [ -91.59775, 44.11719 ], [ -91.48338, 44.16091 ], [ -91.45173, 44.08922 ], [ -91.2671, 44.08346 ], [ -91.16199, 44.00934 ], [ -91.16576, 43.9623 ], [ -91.05522, 43.95866 ], [ -90.98544, 43.90916 ], [ -90.99128, 43.83861 ], [ -91.06482, 43.84108 ], [ -91.10729, 43.77175 ], [ -91.07629, 43.69998 ], [ -91.0782, 43.67647 ], [ -91.04153, 43.67524 ], [ -91.04919, 43.58118 ], [ -91.01643, 43.53291 ], [ -90.83552, 43.5031 ], [ -90.82954, 43.57364 ], [ -90.66664, 43.75652 ], [ -90.6195, 43.87274 ], [ -90.47238, 43.86732 ], [ -90.42695, 43.95998 ], [ -90.41174, 44.12453 ], [ -90.52254, 44.12865 ], [ -90.60062, 44.08433 ], [ -90.63335, 44.13269 ], [ -90.62706, 44.20322 ], [ -90.66405, 44.20455 ] ], [ [ -95.77775, 44.51177 ], [ -95.70328, 44.51165 ], [ -95.70398, 44.37035 ], [ -95.81542, 44.37053 ], [ -95.88962, 44.4177 ], [ -95.88949, 44.48835 ], [ -95.77775, 44.51177 ] ], [ [ -92.38699, 44.53907 ], [ -92.20238, 44.51093 ], [ -92.20833, 44.41681 ], [ -92.28262, 44.41867 ], [ -92.31544, 44.49019 ], [ -92.38699, 44.53907 ] ], [ [ -92.53044, 44.63672 ], [ -92.49866, 44.54172 ], [ -92.57312, 44.54344 ], [ -92.53044, 44.63672 ] ], [ [ -96.33784, 44.79417 ], [ -96.22561, 44.79438 ], [ -96.15067, 44.74737 ], [ -96.15056, 44.70027 ], [ -96.29996, 44.70005 ], [ -96.33784, 44.79417 ] ], [ [ -93.36546, 45.17207 ], [ -93.21494, 45.16937 ], [ -93.14195, 45.12088 ], [ -93.14422, 45.07379 ], [ -93.03151, 45.07162 ], [ -92.96, 44.9995 ], [ -92.92735, 44.90458 ], [ -92.93341, 44.78688 ], [ -92.74777, 44.75941 ], [ -92.7529, 44.66526 ], [ -92.86482, 44.66764 ], [ -92.86235, 44.71472 ], [ -92.97318, 44.74055 ], [ -93.12262, 44.74349 ], [ -93.12488, 44.69641 ], [ -93.27421, 44.69919 ], [ -93.30943, 44.74695 ], [ -93.42153, 44.74891 ], [ -93.45689, 44.79663 ], [ -93.41439, 44.91371 ], [ -93.40722, 45.07853 ], [ -93.36546, 45.17207 ] ] ], [ [ [ -89.47763, 44.53498 ], [ -89.47251, 44.58197 ], [ -89.54689, 44.58519 ], [ -89.55196, 44.5382 ], [ -89.58912, 44.5398 ], [ -89.61919, 44.25785 ], [ -89.59221, 44.16228 ], [ -89.44449, 44.15584 ], [ -89.36547, 44.19955 ], [ -89.35769, 44.27003 ], [ -89.42911, 44.2968 ], [ -89.40591, 44.50823 ], [ -89.44305, 44.50987 ], [ -89.44047, 44.53336 ], [ -89.47763, 44.53498 ] ] ], [ [ [ -73.47631, 45.5413 ], [ -73.48639, 45.61554 ], [ -73.63392, 45.63764 ], [ -73.83607, 45.61923 ], [ -73.89742, 45.45878 ], [ -73.86061, 45.45333 ], [ -73.86936, 45.43041 ], [ -73.68551, 45.40305 ], [ -73.54869, 45.45523 ], [ -73.51313, 45.54684 ], [ -73.47631, 45.5413 ] ] ] ] } },
{ "type": "Feature", "properties": { "ID": 8 }, "geometry": { "type": "MultiPolygon", "coordinates": [ [ [ [ -83.47805, 35.07017 ], [ -83.54425, 35.24461 ], [ -83.67221, 35.25701 ], [ -83.72088, 35.16575 ], [ -83.58217, 35.03236 ], [ -83.45888, 34.99628 ], [ -83.4419, 35.09062 ], [ -83.47381, 35.09376 ], [ -83.47805, 35.07017 ] ] ], [ [ [ -83.97253, 35.21367 ], [ -83.92826, 35.28143 ], [ -83.91184, 35.37577 ], [ -83.97597, 35.3818 ], [ -83.97188, 35.40538 ], [ -84.03604, 35.41138 ], [ -84.04417, 35.36421 ], [ -84.07623, 35.3672 ], [ -84.08838, 35.29643 ], [ -84.02433, 35.29045 ], [ -84.03652, 35.21967 ], [ -83.97253, 35.21367 ] ] ], [ [ [ -83.40986, 35.44734 ], [ -83.33711, 35.48815 ], [ -83.32848, 35.53526 ], [ -83.23217, 35.52573 ], [ -83.24521, 35.45506 ], [ -83.15339, 35.42191 ], [ -83.16212, 35.37479 ], [ -83.06606, 35.36513 ], [ -83.09675, 35.20021 ], [ -83.15193, 35.25378 ], [ -83.21588, 35.26019 ], [ -83.25481, 35.04804 ], [ -83.15918, 35.03844 ], [ -83.15048, 35.08559 ], [ -83.05482, 35.07591 ], [ -83.04605, 35.12304 ], [ -82.88292, 35.29848 ], [ -82.78699, 35.2886 ], [ -82.77802, 35.3357 ], [ -82.69597, 35.42324 ], [ -82.75553, 35.45342 ], [ -82.91578, 35.46987 ], [ -83.01639, 35.45609 ], [ -83.05849, 35.58031 ], [ -83.04082, 35.67447 ], [ -83.09192, 35.75155 ], [ -83.18853, 35.76118 ], [ -83.32171, 35.75038 ], [ -83.33037, 35.70329 ], [ -83.40335, 35.6625 ], [ -83.56424, 35.67814 ], [ -83.57273, 35.63103 ], [ -83.64128, 35.61366 ], [ -83.7056, 35.61983 ], [ -83.71399, 35.5727 ], [ -83.84258, 35.58492 ], [ -83.85087, 35.53778 ], [ -83.78661, 35.53169 ], [ -83.69443, 35.49892 ], [ -83.70281, 35.45178 ], [ -83.63864, 35.44561 ], [ -83.63443, 35.46918 ], [ -83.40986, 35.44734 ] ] ], [ [ [ -83.00978, 35.83921 ], [ -83.01422, 35.81568 ], [ -82.982, 35.81243 ], [ -82.99979, 35.7183 ], [ -82.97651, 35.66798 ], [ -82.84792, 35.6549 ], [ -82.82994, 35.74902 ], [ -82.92204, 35.78238 ], [ -82.91309, 35.82944 ], [ -83.00978, 35.83921 ] ] ], [ [ [ -82.73613, 36.74601 ], [ -82.70349, 36.7427 ], [ -82.71772, 36.83992 ], [ -82.73613, 36.74601 ] ] ], [ [ [ -82.6616, 36.78633 ], [ -82.62893, 36.78301 ], [ -82.61965, 36.82995 ], [ -82.54962, 36.84673 ], [ -82.51693, 36.84337 ], [ -82.49349, 36.96069 ], [ -82.59173, 36.97075 ], [ -82.71772, 36.83992 ], [ -82.65234, 36.83328 ], [ -82.6616, 36.78633 ] ] ], [ [ [ -82.80269, 37.08781 ], [ -82.82106, 36.99394 ], [ -82.91939, 37.00375 ], [ -82.92849, 36.9568 ], [ -83.02678, 36.96654 ], [ -83.04481, 36.87262 ], [ -82.87667, 36.87985 ], [ -82.82564, 36.97047 ], [ -82.76013, 36.96388 ], [ -82.73706, 37.08122 ], [ -82.80269, 37.08781 ] ] ], [ [ [ -104.75539, 37.55128 ], [ -104.79171, 37.57266 ], [ -104.78862, 37.54909 ], [ -104.75539, 37.55128 ] ] ], [ [ [ -104.94034, 37.68167 ], [ -104.90392, 37.66032 ], [ -104.94979, 37.75236 ], [ -104.94034, 37.68167 ] ] ], [ [ [ -79.32029, 38.95035 ], [ -79.39157, 38.67114 ], [ -79.35816, 38.66702 ], [ -79.29957, 38.4917 ], [ -79.2091, 38.57648 ], [ -79.15179, 38.66537 ], [ -79.02746, 38.74582 ], [ -79.08173, 38.53649 ], [ -79.26266, 38.36702 ], [ -79.31956, 38.27804 ], [ -79.45244, 38.29453 ], [ -79.54631, 38.33011 ], [ -79.63601, 38.24508 ], [ -79.69807, 38.13262 ], [ -79.85822, 38.17607 ], [ -79.99178, 38.04815 ], [ -80.00307, 38.00151 ], [ -80.10804, 37.99007 ], [ -80.3068, 38.0136 ], [ -80.41173, 38.00192 ], [ -80.53299, 37.92012 ], [ -80.70395, 37.91589 ], [ -80.75855, 37.82625 ], [ -80.92395, 37.84509 ], [ -80.95174, 37.8722 ], [ -80.91988, 38.01238 ], [ -80.8482, 38.02822 ], [ -80.82677, 38.12164 ], [ -80.73876, 38.20747 ], [ -80.62813, 38.24274 ], [ -80.58446, 38.42943 ], [ -80.50675, 38.46841 ], [ -80.37327, 38.45296 ], [ -80.31758, 38.68613 ], [ -80.2785, 38.70554 ], [ -80.25605, 38.79878 ], [ -80.15548, 38.78702 ], [ -80.12148, 38.92681 ], [ -80.07651, 38.96946 ], [ -79.90853, 38.94961 ], [ -79.79258, 39.41515 ], [ -79.8264, 39.41916 ], [ -79.86709, 39.25625 ], [ -79.97984, 39.22166 ], [ -80.16033, 39.05116 ], [ -80.183, 38.95797 ], [ -80.2279, 38.91529 ], [ -80.32868, 38.92699 ], [ -80.33988, 38.88038 ], [ -80.37346, 38.88426 ], [ -80.3902, 38.81434 ], [ -80.42357, 38.67445 ], [ -80.5795, 38.59656 ], [ -80.62936, 38.5304 ], [ -80.6962, 38.53801 ], [ -80.75132, 38.44846 ], [ -80.86223, 38.4131 ], [ -80.85575, 38.29262 ], [ -80.87719, 38.19922 ], [ -80.98762, 38.16374 ], [ -81.04732, 38.05067 ], [ -80.98093, 38.04322 ], [ -81.00211, 37.94977 ], [ -81.04581, 37.90676 ], [ -81.21149, 37.92524 ], [ -81.24983, 37.90553 ], [ -81.38241, 37.92014 ], [ -81.37504, 37.79959 ], [ -81.56858, 37.84465 ], [ -81.58887, 37.75108 ], [ -81.52272, 37.74389 ], [ -81.50494, 37.67011 ], [ -81.37283, 37.65562 ], [ -81.3171, 37.60155 ], [ -81.45183, 37.44868 ], [ -81.49752, 37.23802 ], [ -81.56821, 37.22181 ], [ -81.61609, 37.15514 ], [ -81.68168, 37.16229 ], [ -81.69452, 37.25953 ], [ -81.78811, 37.2936 ], [ -81.86373, 37.25381 ], [ -81.88344, 37.1601 ], [ -81.93097, 37.09332 ], [ -81.73437, 37.07215 ], [ -81.81471, 37.00894 ], [ -81.82457, 36.96207 ], [ -81.96031, 36.95269 ], [ -81.97006, 36.90581 ], [ -81.84425, 36.86832 ], [ -81.83442, 36.9152 ], [ -81.73637, 36.90458 ], [ -81.68879, 36.97132 ], [ -81.59069, 36.96059 ], [ -81.54039, 36.88311 ], [ -81.57044, 36.74252 ], [ -81.613, 36.69924 ], [ -81.71073, 36.70995 ], [ -81.76303, 36.61973 ], [ -81.92578, 36.63737 ], [ -81.90298, 36.58695 ], [ -81.94523, 36.54354 ], [ -82.04278, 36.55402 ], [ -82.08493, 36.51056 ], [ -82.09933, 36.44016 ], [ -82.01158, 36.38279 ], [ -81.91427, 36.37229 ], [ -81.93366, 36.27842 ], [ -82.12805, 36.29933 ], [ -82.17949, 36.20886 ], [ -82.27661, 36.21917 ], [ -82.3278, 36.12863 ], [ -82.42948, 36.11534 ], [ -82.53575, 36.07846 ], [ -82.69741, 36.09516 ], [ -82.71566, 36.00113 ], [ -82.65107, 35.99448 ], [ -82.63253, 35.92061 ], [ -82.47593, 35.88031 ], [ -82.40217, 35.92056 ], [ -82.45321, 35.66193 ], [ -82.38432, 35.67866 ], [ -82.25583, 35.665 ], [ -82.24644, 35.71202 ], [ -82.1311, 35.79569 ], [ -82.08943, 35.83922 ], [ -82.03814, 35.92971 ], [ -81.87703, 35.91219 ], [ -81.83513, 35.95563 ], [ -81.81569, 36.04954 ], [ -81.78342, 36.046 ], [ -81.77366, 36.09295 ], [ -81.61224, 36.0751 ], [ -81.57007, 36.11844 ], [ -81.55022, 36.21228 ], [ -81.45323, 36.20144 ], [ -81.40084, 36.29161 ], [ -81.33611, 36.28432 ], [ -81.32601, 36.33121 ], [ -81.26126, 36.32388 ], [ -81.2511, 36.37076 ], [ -81.13858, 36.43 ], [ -81.00894, 36.41512 ], [ -80.96617, 36.45823 ], [ -80.9558, 36.50508 ], [ -80.91294, 36.54817 ], [ -80.76208, 36.62671 ], [ -80.62684, 36.63487 ], [ -80.43199, 36.61175 ], [ -80.35085, 36.67416 ], [ -80.2912, 36.78719 ], [ -80.27486, 36.85733 ], [ -80.23682, 36.87679 ], [ -80.21492, 36.97029 ], [ -80.11707, 36.95847 ], [ -80.10603, 37.00521 ], [ -80.1005, 37.02857 ], [ -80.06727, 37.16874 ], [ -80.1327, 37.17665 ], [ -80.12717, 37.20001 ], [ -80.19263, 37.20789 ], [ -80.22014, 37.09107 ], [ -80.32365, 37.07944 ], [ -80.37808, 36.98983 ], [ -80.574, 37.01301 ], [ -80.67733, 37.00111 ], [ -80.65534, 36.95051 ], [ -80.78499, 36.82154 ], [ -80.88276, 36.83287 ], [ -80.89323, 36.78606 ], [ -80.99097, 36.79731 ], [ -81.00796, 36.87127 ], [ -81.13331, 36.90955 ], [ -81.07995, 36.99948 ], [ -80.87864, 37.00045 ], [ -80.83543, 37.04347 ], [ -80.77718, 37.30073 ], [ -80.93077, 37.36634 ], [ -80.89911, 37.50663 ], [ -80.95969, 37.5375 ], [ -80.928, 37.67776 ], [ -80.796, 37.6627 ], [ -80.7193, 37.70186 ], [ -80.66475, 37.79149 ], [ -80.56562, 37.78002 ], [ -80.59271, 37.66324 ], [ -80.57056, 37.61268 ], [ -80.59757, 37.49586 ], [ -80.67411, 37.45677 ], [ -80.62449, 37.37902 ], [ -80.63523, 37.33227 ], [ -80.60241, 37.32845 ], [ -80.57007, 37.46866 ], [ -80.47144, 37.45712 ], [ -80.53138, 37.34414 ], [ -80.54218, 37.2974 ], [ -80.37822, 37.27807 ], [ -80.36731, 37.3248 ], [ -80.21961, 37.37926 ], [ -80.15911, 37.49208 ], [ -80.12577, 37.63215 ], [ -80.02697, 37.62028 ], [ -79.96113, 37.61233 ], [ -79.91693, 37.655 ], [ -79.89999, 37.72499 ], [ -79.9933, 37.76029 ], [ -80.01576, 37.66696 ], [ -80.14203, 37.70612 ], [ -80.10855, 37.84614 ], [ -80.03685, 37.86155 ], [ -79.98126, 37.95089 ], [ -79.93208, 37.87294 ], [ -79.82727, 37.88425 ], [ -79.79875, 38.00084 ], [ -79.66491, 38.12857 ], [ -79.53813, 38.08898 ], [ -79.39979, 38.09586 ], [ -79.24367, 38.17246 ], [ -79.21401, 38.28886 ], [ -79.12371, 38.37361 ], [ -79.07847, 38.41596 ], [ -79.06646, 38.46249 ], [ -79.05443, 38.50902 ], [ -78.98782, 38.5006 ], [ -78.94543, 38.6634 ], [ -78.82086, 38.74367 ], [ -78.79633, 38.83664 ], [ -78.75057, 38.87885 ], [ -78.68362, 38.87029 ], [ -78.67125, 38.91676 ], [ -78.5708, 38.90383 ], [ -78.51234, 38.99241 ], [ -78.48729, 39.0853 ], [ -78.60047, 39.05183 ], [ -78.72235, 39.11547 ], [ -78.69755, 39.20838 ], [ -78.79849, 39.22121 ], [ -78.83546, 39.08181 ], [ -78.86905, 39.08606 ], [ -78.88131, 39.03958 ], [ -78.97284, 38.95508 ], [ -79.05203, 38.917 ], [ -79.1526, 38.92957 ], [ -79.15862, 38.90631 ], [ -79.22566, 38.91465 ], [ -79.19563, 39.03093 ], [ -79.32029, 38.95035 ] ], [ [ -82.36059, 35.96416 ], [ -82.37885, 36.03806 ], [ -82.30957, 36.05474 ], [ -82.18039, 36.04101 ], [ -82.12534, 35.98712 ], [ -82.13959, 35.91664 ], [ -82.241, 35.90348 ], [ -82.36993, 35.91716 ], [ -82.36059, 35.96416 ] ], [ [ -81.66047, 36.63249 ], [ -81.54286, 36.71549 ], [ -81.44516, 36.70464 ], [ -81.46026, 36.63434 ], [ -81.6153, 36.53155 ], [ -81.71278, 36.54227 ], [ -81.66047, 36.63249 ] ] ], [ [ [ -104.82543, 38.59207 ], [ -104.89291, 38.58765 ], [ -104.88657, 38.54058 ], [ -104.81913, 38.54499 ], [ -104.82543, 38.59207 ] ] ], [ [ [ -104.74918, 38.78689 ], [ -104.71533, 38.78907 ], [ -104.72158, 38.83613 ], [ -104.75545, 38.83395 ], [ -104.77674, 38.73765 ], [ -104.74292, 38.73983 ], [ -104.74918, 38.78689 ] ] ], [ [ [ -79.58937, 37.47061 ], [ -79.4909, 37.45834 ], [ -79.51796, 37.48576 ], [ -79.50642, 37.5324 ], [ -79.53927, 37.5365 ], [ -79.55079, 37.48985 ], [ -79.58363, 37.49394 ], [ -79.58937, 37.47061 ] ] ], [ [ [ -79.15787, 37.70491 ], [ -79.08018, 37.74312 ], [ -79.02341, 37.83206 ], [ -78.91251, 37.86595 ], [ -78.90048, 37.9125 ], [ -78.9995, 37.9252 ], [ -79.12565, 37.96531 ], [ -79.17055, 37.92291 ], [ -79.20603, 37.78316 ], [ -79.25664, 37.71742 ], [ -79.15787, 37.70491 ] ] ], [ [ [ -78.4161, 38.45092 ], [ -78.38286, 38.44655 ], [ -78.37036, 38.49302 ], [ -78.47015, 38.5061 ], [ -78.46392, 38.52934 ], [ -78.53049, 38.53802 ], [ -78.54289, 38.49154 ], [ -78.48258, 38.45962 ], [ -78.495, 38.41314 ], [ -78.52823, 38.41748 ], [ -78.54061, 38.37099 ], [ -78.60703, 38.37963 ], [ -78.61935, 38.33313 ], [ -78.73118, 38.29952 ], [ -78.77656, 38.25728 ], [ -78.8009, 38.16423 ], [ -78.73467, 38.15568 ], [ -78.70766, 38.12813 ], [ -78.67709, 38.24443 ], [ -78.57149, 38.25475 ], [ -78.55915, 38.30125 ], [ -78.49281, 38.29258 ], [ -78.47421, 38.36231 ], [ -78.46178, 38.40879 ], [ -78.42856, 38.40444 ], [ -78.4161, 38.45092 ] ] ], [ [ [ -78.1948, 38.75855 ], [ -78.22818, 38.76296 ], [ -78.24258, 38.83701 ], [ -78.36803, 38.75728 ], [ -78.35979, 38.66001 ], [ -78.39111, 38.54386 ], [ -78.32456, 38.53511 ], [ -78.2787, 38.57718 ], [ -78.2724, 38.6004 ], [ -78.3057, 38.60479 ], [ -78.29941, 38.62802 ], [ -78.33273, 38.6324 ], [ -78.25347, 38.67008 ], [ -78.20748, 38.71211 ], [ -78.1948, 38.75855 ] ] ], [ [ [ -79.09549, 39.28247 ], [ -79.1292, 39.28666 ], [ -79.13526, 39.26341 ], [ -79.10156, 39.25923 ], [ -79.09549, 39.28247 ] ] ], [ [ [ -72.24087, 40.94866 ], [ -72.11349, 40.90238 ], [ -72.06855, 41.11372 ], [ -72.23131, 41.0687 ], [ -72.19632, 41.16003 ], [ -72.29882, 41.17757 ], [ -72.35912, 41.11487 ], [ -72.35107, 41.04052 ], [ -72.32566, 41.01186 ], [ -72.24087, 40.94866 ] ] ], [ [ [ -72.2551, 41.29175 ], [ -72.30682, 41.25191 ], [ -72.22964, 41.26307 ], [ -72.16907, 41.3257 ], [ -72.2551, 41.29175 ] ] ], [ [ [ -71.03838, 41.59078 ], [ -71.31973, 41.71395 ], [ -71.44318, 41.58942 ], [ -71.46136, 41.54386 ], [ -71.49566, 41.54989 ], [ -71.51378, 41.50432 ], [ -71.54806, 41.51034 ], [ -71.55711, 41.48755 ], [ -71.64369, 41.45397 ], [ -71.75547, 41.4491 ], [ -71.78975, 41.45505 ], [ -71.80763, 41.40945 ], [ -71.91043, 41.42726 ], [ -71.92822, 41.38163 ], [ -72.02331, 41.32501 ], [ -72.04982, 41.25655 ], [ -71.94726, 41.23883 ], [ -71.88644, 41.30135 ], [ -71.74967, 41.27756 ], [ -71.68862, 41.33999 ], [ -71.58603, 41.32202 ], [ -71.52477, 41.38438 ], [ -71.42215, 41.36629 ], [ -71.36068, 41.42857 ], [ -71.27399, 41.46198 ], [ -71.0595, 41.44813 ], [ -70.9976, 41.51025 ], [ -70.92915, 41.49795 ], [ -70.90132, 41.56618 ], [ -71.03838, 41.59078 ] ] ], [ [ [ -70.29915, 41.33401 ], [ -70.08946, 41.22155 ], [ -69.97796, 41.22511 ], [ -69.93963, 41.31585 ], [ -70.10983, 41.34774 ], [ -70.29915, 41.33401 ] ] ], [ [ [ -70.74261, 41.41537 ], [ -70.81396, 41.33061 ], [ -70.62476, 41.34503 ], [ -70.48839, 41.32003 ], [ -70.41662, 41.40462 ], [ -70.55314, 41.42969 ], [ -70.45301, 41.58246 ], [ -70.38459, 41.56989 ], [ -70.3219, 41.63172 ], [ -70.10705, 41.61643 ], [ -70.04405, 41.67813 ], [ -69.98524, 41.64269 ], [ -69.90275, 41.74968 ], [ -69.89829, 41.84679 ], [ -69.95725, 41.88226 ], [ -69.97757, 42.00842 ], [ -70.02704, 42.06653 ], [ -70.16486, 42.09196 ], [ -70.24342, 42.08194 ], [ -70.23776, 42.00753 ], [ -70.06571, 41.97581 ], [ -70.10425, 41.88507 ], [ -70.03557, 41.87234 ], [ -70.0741, 41.78161 ], [ -70.177, 41.80066 ], [ -70.24, 41.73891 ], [ -70.37718, 41.76414 ], [ -70.47067, 41.80569 ], [ -70.52044, 41.86364 ], [ -70.48251, 41.95449 ], [ -70.61081, 42.0022 ], [ -70.60743, 42.09931 ], [ -70.65757, 42.15721 ], [ -70.72669, 42.16963 ], [ -70.69834, 42.2378 ], [ -70.82739, 42.28532 ], [ -70.78642, 42.20476 ], [ -70.77692, 41.95889 ], [ -70.85182, 41.77702 ], [ -70.81746, 41.77084 ], [ -70.89203, 41.58892 ], [ -70.78926, 41.57038 ], [ -70.7519, 41.66132 ], [ -70.64905, 41.64268 ], [ -70.69592, 41.52903 ], [ -70.81722, 41.50217 ], [ -70.82023, 41.40502 ], [ -70.74261, 41.41537 ] ], [ [ -70.74261, 41.41537 ], [ -70.70527, 41.5063 ], [ -70.64625, 41.47113 ], [ -70.74261, 41.41537 ] ] ] ] } },
{ "type": "Feature", "properties": { "ID": 9 }, "geometry": { "type": "MultiPolygon", "coordinates": [ [ [ [ -108.57799, 40.20076 ], [ -108.44024, 40.21317 ], [ -108.45389, 40.28334 ], [ -108.55732, 40.27403 ], [ -108.57799, 40.20076 ] ] ], [ [ [ -87.88813, 44.40993 ], [ -87.90932, 44.52926 ], [ -88.05777, 44.53722 ], [ -88.03903, 44.67803 ], [ -87.95513, 44.74446 ], [ -87.94244, 44.83833 ], [ -87.85499, 44.92818 ], [ -87.88914, 44.95366 ], [ -87.96389, 44.95767 ], [ -88.05435, 44.84429 ], [ -88.06687, 44.75041 ], [ -88.25316, 44.76014 ], [ -88.2813, 44.83248 ], [ -88.27521, 44.87943 ], [ -88.38723, 44.88513 ], [ -88.39324, 44.83818 ], [ -88.5052, 44.8438 ], [ -88.50224, 44.86728 ], [ -88.53958, 44.86914 ], [ -88.54547, 44.82218 ], [ -88.6201, 44.82586 ], [ -88.62882, 44.75542 ], [ -88.70911, 44.71209 ], [ -88.82087, 44.71748 ], [ -88.82651, 44.67051 ], [ -88.97543, 44.67756 ], [ -89.01816, 44.63233 ], [ -89.1298, 44.63748 ], [ -89.13519, 44.59051 ], [ -89.2149, 44.54691 ], [ -89.36616, 44.53008 ], [ -89.44047, 44.53336 ], [ -89.44305, 44.50987 ], [ -89.40591, 44.50823 ], [ -89.42911, 44.2968 ], [ -89.35769, 44.27003 ], [ -89.36547, 44.19955 ], [ -89.44449, 44.15584 ], [ -89.59221, 44.16228 ], [ -89.61919, 44.25785 ], [ -89.58912, 44.5398 ], [ -89.55196, 44.5382 ], [ -89.54181, 44.63219 ], [ -89.65848, 44.58996 ], [ -89.66843, 44.49597 ], [ -89.90566, 44.36423 ], [ -90.05393, 44.3702 ], [ -90.05859, 44.3232 ], [ -90.21809, 44.2115 ], [ -90.43999, 44.21995 ], [ -90.44217, 44.19644 ], [ -90.62706, 44.20322 ], [ -90.63335, 44.13269 ], [ -90.60062, 44.08433 ], [ -90.52254, 44.12865 ], [ -90.41174, 44.12453 ], [ -90.42695, 43.95998 ], [ -90.47238, 43.86732 ], [ -90.6195, 43.87274 ], [ -90.66664, 43.75652 ], [ -90.82954, 43.57364 ], [ -90.83552, 43.5031 ], [ -91.01643, 43.53291 ], [ -91.04919, 43.58118 ], [ -91.04153, 43.67524 ], [ -91.0782, 43.67647 ], [ -91.08961, 43.53537 ], [ -91.13559, 43.419 ], [ -91.06636, 43.36953 ], [ -91.02987, 43.3683 ], [ -90.99917, 43.29652 ], [ -91.00685, 43.20245 ], [ -90.86131, 43.19742 ], [ -90.86329, 43.17391 ], [ -90.60875, 43.16476 ], [ -90.61289, 43.11773 ], [ -90.72188, 43.12171 ], [ -90.80054, 43.05377 ], [ -90.80452, 43.00674 ], [ -90.88098, 42.96227 ], [ -90.84474, 42.96099 ], [ -90.84868, 42.91396 ], [ -90.70384, 42.90877 ], [ -90.70586, 42.88526 ], [ -90.59729, 42.88128 ], [ -90.46101, 42.7818 ], [ -90.43126, 42.70988 ], [ -90.21698, 42.67792 ], [ -90.00065, 42.66914 ], [ -90.00521, 42.62213 ], [ -89.82512, 42.61458 ], [ -89.75547, 42.58799 ], [ -89.69307, 42.49087 ], [ -89.51585, 42.45943 ], [ -89.50353, 42.57692 ], [ -89.42156, 42.66766 ], [ -89.24398, 42.63589 ], [ -89.2002, 42.70469 ], [ -89.12287, 42.74827 ], [ -89.11236, 42.84223 ], [ -89.0683, 42.91098 ], [ -88.99061, 42.95449 ], [ -89.01879, 43.02668 ], [ -89.00808, 43.12063 ], [ -88.91921, 43.25804 ], [ -88.70103, 43.24733 ], [ -88.67031, 43.19856 ], [ -88.68436, 43.08117 ], [ -88.62033, 43.00708 ], [ -88.54791, 43.0034 ], [ -88.48125, 42.95273 ], [ -88.48987, 42.8823 ], [ -88.23698, 42.86904 ], [ -88.23994, 42.84557 ], [ -88.16774, 42.8417 ], [ -88.12863, 42.86322 ], [ -88.11056, 43.00403 ], [ -88.14375, 43.02945 ], [ -88.09544, 43.12137 ], [ -88.05917, 43.11941 ], [ -88.04698, 43.21327 ], [ -88.00145, 43.28169 ], [ -87.92253, 43.32463 ], [ -87.8976, 43.51233 ], [ -87.82147, 43.53175 ], [ -87.81515, 43.57867 ], [ -87.77863, 43.57664 ], [ -87.77227, 43.62356 ], [ -87.80883, 43.62559 ], [ -87.77385, 43.88365 ], [ -87.79463, 44.00299 ], [ -87.75785, 44.00095 ], [ -87.75143, 44.04787 ], [ -87.78824, 44.04991 ], [ -87.81549, 44.12232 ], [ -87.88921, 44.12637 ], [ -87.91662, 44.19876 ], [ -87.99043, 44.20276 ], [ -88.018, 44.27514 ], [ -88.0055, 44.369 ], [ -87.88813, 44.40993 ] ], [ [ -89.30873, 43.04026 ], [ -89.41749, 43.0452 ], [ -89.37108, 43.13753 ], [ -89.3036, 43.08724 ], [ -89.30873, 43.04026 ] ] ], [ [ [ -87.83887, 45.04551 ], [ -87.80144, 45.04348 ], [ -87.79495, 45.09041 ], [ -87.75749, 45.08837 ], [ -87.75096, 45.1353 ], [ -87.82917, 45.11591 ], [ -87.83887, 45.04551 ] ] ], [ [ [ -75.70098, 44.62891 ], [ -75.72952, 44.65693 ], [ -75.73744, 44.63391 ], [ -75.70098, 44.62891 ] ] ], [ [ [ -75.71367, 44.70296 ], [ -75.75017, 44.70796 ], [ -75.766, 44.66192 ], [ -75.72952, 44.65693 ], [ -75.71367, 44.70296 ] ] ], [ [ [ -73.46592, 43.8676 ], [ -73.47459, 43.84471 ], [ -73.4388, 43.83917 ], [ -73.43012, 43.86205 ], [ -73.46592, 43.8676 ] ] ], [ [ [ -75.36894, 44.48645 ], [ -75.31253, 44.64741 ], [ -75.37736, 44.68058 ], [ -75.33699, 44.79556 ], [ -75.28424, 44.83645 ], [ -75.51969, 44.82092 ], [ -75.59282, 44.831 ], [ -75.60081, 44.80799 ], [ -75.52771, 44.79791 ], [ -75.58025, 44.75694 ], [ -75.5757, 44.65987 ], [ -75.53924, 44.65484 ], [ -75.58368, 44.63687 ], [ -75.55071, 44.51177 ], [ -75.36894, 44.48645 ] ] ], [ [ [ -72.97872, 45.12568 ], [ -73.07928, 45.1655 ], [ -73.06124, 45.21124 ], [ -73.21657, 45.21087 ], [ -73.20831, 45.33088 ], [ -73.28165, 45.34208 ], [ -73.33529, 45.20477 ], [ -73.4906, 45.20411 ], [ -73.71039, 45.2372 ], [ -73.7295, 45.2885 ], [ -73.69433, 45.38014 ], [ -73.51958, 45.32967 ], [ -73.46512, 45.36993 ], [ -73.40269, 45.53019 ], [ -73.51313, 45.54684 ], [ -73.54869, 45.45523 ], [ -73.68551, 45.40305 ], [ -73.9043, 45.33873 ], [ -73.94104, 45.34417 ], [ -74.0364, 45.092 ], [ -73.89009, 45.0703 ], [ -73.73513, 45.07136 ], [ -73.67228, 45.13459 ], [ -73.52599, 45.11253 ], [ -73.44402, 45.12434 ], [ -73.44293, 45.02722 ], [ -73.52233, 44.8212 ], [ -73.48595, 44.81566 ], [ -73.52112, 44.72409 ], [ -73.52989, 44.7012 ], [ -73.54742, 44.65541 ], [ -73.5837, 44.66093 ], [ -73.60118, 44.61514 ], [ -73.57366, 44.58673 ], [ -73.53742, 44.58121 ], [ -73.55491, 44.53542 ], [ -73.41891, 44.49037 ], [ -73.40133, 44.53614 ], [ -73.41219, 44.70746 ], [ -73.3396, 44.69632 ], [ -73.29362, 44.61652 ], [ -73.3113, 44.57076 ], [ -73.2751, 44.56517 ], [ -73.19315, 44.47974 ], [ -73.33416, 44.11374 ], [ -73.3701, 44.11932 ], [ -73.41375, 44.00491 ], [ -73.47571, 43.9418 ], [ -73.41273, 43.90782 ], [ -73.42143, 43.88493 ], [ -73.38562, 43.87937 ], [ -73.35854, 43.85093 ], [ -73.39334, 43.7594 ], [ -73.39235, 43.66231 ], [ -73.35668, 43.65675 ], [ -73.31146, 43.57696 ], [ -73.36442, 43.53678 ], [ -73.35483, 43.46257 ], [ -73.37214, 43.41681 ], [ -73.33661, 43.41124 ], [ -73.31928, 43.45699 ], [ -73.20396, 43.46308 ], [ -73.18651, 43.50882 ], [ -73.22279, 43.61152 ], [ -73.18783, 43.703 ], [ -73.15275, 43.79448 ], [ -73.06368, 43.82895 ], [ -73.13517, 43.84021 ], [ -73.07297, 43.90317 ], [ -73.06414, 43.92604 ], [ -73.10046, 44.02876 ], [ -73.06506, 44.12022 ], [ -73.13691, 44.13149 ], [ -73.18231, 44.21133 ], [ -73.06693, 44.5086 ], [ -73.10308, 44.51424 ], [ -73.07634, 44.58284 ], [ -73.08626, 44.75418 ], [ -73.02346, 44.91424 ], [ -73.01484, 45.03422 ], [ -72.97872, 45.12568 ] ] ], [ [ [ -75.30458, 44.88754 ], [ -75.28424, 44.83645 ], [ -75.2477, 44.83134 ], [ -75.23143, 44.87732 ], [ -75.30458, 44.88754 ] ] ], [ [ [ -74.54645, 45.06975 ], [ -74.72966, 45.09607 ], [ -74.79135, 45.0324 ], [ -74.88121, 44.99689 ], [ -74.99106, 45.01247 ], [ -75.00756, 44.96651 ], [ -75.10538, 44.90789 ], [ -75.06881, 44.90274 ], [ -74.98745, 44.91538 ], [ -74.97562, 44.84127 ], [ -74.82958, 44.82048 ], [ -74.71179, 44.82775 ], [ -74.69511, 44.87367 ], [ -74.36082, 44.94611 ], [ -74.34383, 44.992 ], [ -74.41696, 45.00265 ], [ -74.43661, 45.05386 ], [ -74.55488, 45.0468 ], [ -74.54645, 45.06975 ] ] ], [ [ [ -74.43661, 45.05386 ], [ -74.41116, 45.1227 ], [ -74.44781, 45.12801 ], [ -74.47322, 45.05916 ], [ -74.43661, 45.05386 ] ] ], [ [ [ -74.0364, 45.092 ], [ -74.09023, 45.05155 ], [ -74.05366, 45.04615 ], [ -74.0364, 45.092 ] ] ] ] } },
{ "type": "Feature", "properties": { "ID": 10 }, "geometry": { "type": "MultiPolygon", "coordinates": [ [ [ [ -80.15109, 38.37897 ], [ -80.1065, 38.42166 ], [ -80.2009, 38.45677 ], [ -80.22331, 38.36351 ], [ -80.33437, 38.32857 ], [ -80.42857, 38.21969 ], [ -80.40636, 38.16915 ], [ -80.17354, 38.2857 ], [ -80.15109, 38.37897 ] ] ], [ [ [ -108.01453, 39.25131 ], [ -108.00589, 39.20445 ], [ -107.97195, 39.20743 ], [ -107.94661, 39.25726 ], [ -108.01453, 39.25131 ] ] ], [ [ [ -108.45451, 39.9263 ], [ -108.37241, 39.86227 ], [ -108.27407, 39.89485 ], [ -108.30092, 40.03524 ], [ -108.16346, 40.04739 ], [ -108.19013, 40.18778 ], [ -108.19458, 40.21118 ], [ -108.29793, 40.20206 ], [ -108.37586, 40.24272 ], [ -108.43569, 40.18979 ], [ -108.39945, 40.00265 ], [ -108.46812, 39.99648 ], [ -108.45451, 39.9263 ] ] ], [ [ [ -107.60248, 40.8084 ], [ -107.56767, 40.81128 ], [ -107.60192, 40.99848 ], [ -107.5321, 41.00422 ], [ -107.48351, 41.12693 ], [ -107.5134, 41.29071 ], [ -107.55707, 41.33464 ], [ -107.6844, 41.25293 ], [ -107.63206, 41.16225 ], [ -107.60622, 41.02188 ], [ -107.67174, 40.99271 ], [ -107.66742, 40.96931 ], [ -107.80696, 40.95767 ], [ -107.79823, 40.91088 ], [ -107.96803, 40.87275 ], [ -107.94157, 40.7324 ], [ -108.00664, 40.70307 ], [ -107.95429, 40.61247 ], [ -107.88492, 40.61839 ], [ -107.81554, 40.62427 ], [ -107.78084, 40.62719 ], [ -107.77218, 40.58039 ], [ -107.70282, 40.58622 ], [ -107.69422, 40.53941 ], [ -107.6249, 40.5452 ], [ -107.6073, 40.6417 ], [ -107.6287, 40.75872 ], [ -107.59392, 40.7616 ], [ -107.60248, 40.8084 ] ] ], [ [ [ -106.80941, 41.74945 ], [ -107.01741, 41.7098 ], [ -107.00093, 41.61619 ], [ -106.97386, 41.66572 ], [ -106.79728, 41.67922 ], [ -106.80941, 41.74945 ] ] ], [ [ [ -106.19918, 41.96026 ], [ -106.34118, 41.95007 ], [ -106.32953, 41.87981 ], [ -106.22315, 41.88746 ], [ -106.19918, 41.96026 ] ] ], [ [ [ -87.7866, 43.78981 ], [ -87.74995, 43.78777 ], [ -87.71463, 44.04582 ], [ -87.75143, 44.04787 ], [ -87.75785, 44.00095 ], [ -87.79463, 44.00299 ], [ -87.77385, 43.88365 ], [ -87.7866, 43.78981 ] ] ], [ [ [ -82.63773, 43.45946 ], [ -82.58086, 43.5494 ], [ -82.64313, 43.60266 ], [ -82.61215, 43.74254 ], [ -82.68495, 43.74915 ], [ -82.66433, 43.84241 ], [ -82.77948, 43.99547 ], [ -82.88408, 44.02857 ], [ -83.03044, 44.04149 ], [ -83.16021, 43.95776 ], [ -83.17514, 43.88776 ], [ -83.10711, 43.85806 ], [ -83.16676, 43.57808 ], [ -83.02649, 43.54197 ], [ -83.03648, 43.49531 ], [ -82.93271, 43.46232 ], [ -82.75153, 43.44603 ], [ -82.62723, 43.33958 ], [ -82.60666, 43.43283 ], [ -82.63773, 43.45946 ] ] ], [ [ [ -79.44919, 43.87336 ], [ -79.55806, 43.88559 ], [ -79.57077, 43.8392 ], [ -79.73475, 43.78576 ], [ -79.79603, 43.69696 ], [ -79.86843, 43.70496 ], [ -79.91187, 43.54249 ], [ -79.97265, 43.45362 ], [ -80.06927, 43.36866 ], [ -80.24944, 43.38824 ], [ -80.34558, 43.44635 ], [ -80.48996, 43.46176 ], [ -80.47176, 43.38822 ], [ -80.39965, 43.38052 ], [ -80.38756, 43.28374 ], [ -80.56758, 43.30294 ], [ -80.62129, 43.23703 ], [ -80.72924, 43.2484 ], [ -80.74093, 43.20191 ], [ -80.82449, 43.16295 ], [ -80.96832, 43.17789 ], [ -81.13683, 43.24289 ], [ -81.24489, 43.25389 ], [ -81.31924, 43.4044 ], [ -81.39149, 43.41165 ], [ -81.39957, 43.53161 ], [ -81.47198, 43.53882 ], [ -81.48024, 43.65877 ], [ -81.54166, 43.71249 ], [ -81.56125, 43.78589 ], [ -81.42036, 44.36772 ], [ -81.37224, 44.41065 ], [ -81.48245, 44.42146 ], [ -81.5051, 44.32837 ], [ -81.57848, 44.33552 ], [ -81.62894, 44.12602 ], [ -81.70209, 44.13312 ], [ -81.68777, 44.03645 ], [ -81.72656, 43.87349 ], [ -81.69013, 43.86995 ], [ -81.72881, 43.70698 ], [ -81.72005, 43.58704 ], [ -81.64756, 43.57996 ], [ -81.70813, 43.32388 ], [ -81.67203, 43.32033 ], [ -81.60538, 43.28995 ], [ -81.63292, 43.17356 ], [ -81.536, 43.1163 ], [ -81.55257, 43.04647 ], [ -81.48074, 43.0393 ], [ -81.46148, 42.96589 ], [ -81.38974, 42.95867 ], [ -81.33151, 43.04813 ], [ -81.152, 43.02987 ], [ -81.12179, 43.00293 ], [ -81.14446, 42.90989 ], [ -81.11432, 42.88295 ], [ -80.93536, 42.86442 ], [ -80.82226, 42.87645 ], [ -80.8465, 42.92671 ], [ -80.6675, 42.90785 ], [ -80.65581, 42.95434 ], [ -80.50668, 42.96232 ], [ -80.49486, 43.0088 ], [ -80.38736, 42.99725 ], [ -80.3396, 43.03985 ], [ -80.29765, 43.20244 ], [ -80.25569, 43.22178 ], [ -80.04009, 43.19826 ], [ -79.94369, 43.2832 ], [ -79.88304, 43.37207 ], [ -79.83965, 43.53452 ], [ -79.74244, 43.61933 ], [ -79.70479, 43.75854 ], [ -79.59612, 43.74641 ], [ -79.5345, 43.83513 ], [ -79.44919, 43.87336 ] ] ], [ [ [ -83.65622, 44.26129 ], [ -83.78559, 44.17701 ], [ -83.99263, 44.07523 ], [ -84.00196, 44.02851 ], [ -84.2952, 44.052 ], [ -84.44639, 44.04015 ], [ -84.5931, 44.05153 ], [ -84.61081, 43.95802 ], [ -84.69285, 43.91688 ], [ -84.8393, 43.92802 ], [ -84.92115, 43.88676 ], [ -84.97485, 43.79594 ], [ -85.16182, 43.7861 ], [ -85.17021, 43.73931 ], [ -85.35697, 43.72922 ], [ -85.42183, 43.78128 ], [ -85.53152, 43.78911 ], [ -85.54771, 43.69549 ], [ -85.65725, 43.70322 ], [ -85.64925, 43.75004 ], [ -85.71438, 43.80197 ], [ -85.69442, 43.91902 ], [ -85.76773, 43.92411 ], [ -85.7925, 43.99688 ], [ -85.86591, 44.00192 ], [ -85.83034, 44.21264 ], [ -85.77356, 44.32718 ], [ -85.83943, 44.37906 ], [ -85.85653, 44.49865 ], [ -85.75843, 44.63408 ], [ -85.53593, 44.61868 ], [ -85.48234, 44.70971 ], [ -85.39976, 44.75129 ], [ -85.28833, 44.74336 ], [ -85.24273, 44.7875 ], [ -85.19593, 45.04491 ], [ -85.30369, 45.07631 ], [ -85.28673, 45.16993 ], [ -85.31567, 45.2194 ], [ -85.0911, 45.20334 ], [ -85.07377, 45.29694 ], [ -85.10693, 45.32305 ], [ -85.29444, 45.33643 ], [ -85.34043, 45.29227 ], [ -85.39518, 44.98797 ], [ -85.37048, 44.91512 ], [ -85.45331, 44.87356 ], [ -85.46992, 44.77993 ], [ -85.5525, 44.73832 ], [ -85.6268, 44.74348 ], [ -85.68488, 44.84226 ], [ -85.63585, 45.12322 ], [ -85.71879, 45.08151 ], [ -85.73504, 44.98785 ], [ -85.78446, 44.92014 ], [ -85.9669, 44.95611 ], [ -86.04937, 44.91422 ], [ -86.08459, 44.70341 ], [ -86.20376, 44.6639 ], [ -86.25737, 44.33594 ], [ -86.2943, 44.33836 ], [ -86.31701, 44.1978 ], [ -86.36514, 44.12991 ], [ -86.48299, 44.09018 ], [ -86.3988, 43.91907 ], [ -86.42483, 43.75508 ], [ -86.51269, 43.66609 ], [ -86.40311, 43.65899 ], [ -86.37775, 43.58632 ], [ -86.30854, 43.55811 ], [ -85.98052, 43.53612 ], [ -85.6971, 43.46914 ], [ -85.58797, 43.46143 ], [ -85.59599, 43.41462 ], [ -85.45064, 43.40423 ], [ -85.34575, 43.37295 ], [ -85.19639, 43.38571 ], [ -85.05117, 43.37492 ], [ -84.96161, 43.46303 ], [ -84.88036, 43.50432 ], [ -84.85889, 43.62125 ], [ -84.80517, 43.71202 ], [ -84.65924, 43.70085 ], [ -84.63595, 43.6279 ], [ -84.45385, 43.6137 ], [ -84.39953, 43.70433 ], [ -84.17624, 43.71029 ], [ -84.09413, 43.75113 ], [ -84.03914, 43.84162 ], [ -83.96609, 43.83568 ], [ -83.94742, 43.92911 ], [ -83.89676, 43.99619 ], [ -83.81407, 44.03689 ], [ -83.74081, 44.03083 ], [ -83.57502, 44.112 ], [ -83.60204, 44.16177 ], [ -83.5827, 44.25516 ], [ -83.65622, 44.26129 ] ], [ [ -86.42483, 43.75508 ], [ -86.34045, 43.82059 ], [ -86.31793, 43.96114 ], [ -86.25211, 43.90947 ], [ -86.23061, 43.81336 ], [ -86.25327, 43.67282 ], [ -86.43224, 43.70822 ], [ -86.42483, 43.75508 ] ] ], [ [ [ -79.19535, 43.84451 ], [ -79.0504, 43.82783 ], [ -79.0373, 43.87417 ], [ -78.84946, 43.87627 ], [ -78.82955, 43.94576 ], [ -79.04734, 43.97105 ], [ -79.10328, 43.90571 ], [ -79.28473, 43.92647 ], [ -79.47269, 43.92383 ], [ -79.44919, 43.87336 ], [ -79.37021, 43.88835 ], [ -79.19535, 43.84451 ] ] ], [ [ [ -83.45288, 44.33926 ], [ -83.3326, 44.37658 ], [ -83.31277, 44.46994 ], [ -83.3447, 44.49641 ], [ -83.45288, 44.33926 ] ] ], [ [ [ -81.24116, 44.63605 ], [ -81.15582, 44.67526 ], [ -81.17525, 44.74872 ], [ -81.24911, 44.75604 ], [ -81.24116, 44.63605 ] ] ], [ [ [ -85.51124, 45.61237 ], [ -85.49446, 45.70604 ], [ -85.56999, 45.71123 ], [ -85.58665, 45.61755 ], [ -85.51124, 45.61237 ] ] ], [ [ [ -79.59796, 38.67243 ], [ -79.58041, 38.74227 ], [ -79.63567, 38.79696 ], [ -79.77546, 38.78985 ], [ -79.86549, 38.70472 ], [ -79.89419, 38.58824 ], [ -79.8274, 38.58023 ], [ -79.74906, 38.61877 ], [ -79.63293, 38.53272 ], [ -79.59796, 38.67243 ] ] ], [ [ [ -79.54696, 38.7382 ], [ -79.53522, 38.78475 ], [ -79.58041, 38.74227 ], [ -79.54696, 38.7382 ] ] ], [ [ [ -79.26772, 39.42369 ], [ -79.24962, 39.49342 ], [ -79.15769, 39.57806 ], [ -79.08998, 39.5697 ], [ -78.91143, 39.71545 ], [ -78.92683, 39.78934 ], [ -79.00706, 39.75133 ], [ -79.14287, 39.7681 ], [ -79.14632, 39.88841 ], [ -79.2848, 39.76149 ], [ -79.33308, 39.57557 ], [ -79.5025, 39.59611 ], [ -79.5263, 39.50311 ], [ -79.55595, 39.38682 ], [ -79.52217, 39.38274 ], [ -79.55769, 39.24318 ], [ -79.52397, 39.2391 ], [ -79.55941, 39.09952 ], [ -79.4486, 38.99009 ], [ -79.46635, 38.92029 ], [ -79.36574, 38.90795 ], [ -79.32029, 38.95035 ], [ -79.24239, 39.25267 ], [ -79.3098, 39.26096 ], [ -79.27374, 39.40045 ], [ -79.30151, 39.42784 ], [ -79.26772, 39.42369 ] ] ], [ [ [ -79.16552, 40.08256 ], [ -79.10681, 40.17127 ], [ -79.16903, 40.20283 ], [ -79.26183, 40.11825 ], [ -79.16552, 40.08256 ] ] ], [ [ [ -78.57814, 40.29746 ], [ -78.54629, 40.41341 ], [ -78.61483, 40.42203 ], [ -78.70868, 40.33783 ], [ -78.74648, 40.19864 ], [ -78.87396, 40.11858 ], [ -78.89264, 40.04895 ], [ -78.83694, 39.99404 ], [ -78.70966, 40.07408 ], [ -78.67185, 40.21328 ], [ -78.57814, 40.29746 ] ] ], [ [ [ -77.9908, 40.87054 ], [ -77.96425, 40.96314 ], [ -78.0333, 40.97204 ], [ -78.09424, 40.88385 ], [ -77.9908, 40.87054 ] ] ], [ [ [ -77.71086, 41.21839 ], [ -77.69054, 41.28779 ], [ -77.79459, 41.30132 ], [ -77.88413, 41.24088 ], [ -77.83498, 41.1625 ], [ -77.76575, 41.1535 ], [ -77.71086, 41.21839 ] ] ], [ [ [ -74.02403, 42.76726 ], [ -74.05925, 42.77266 ], [ -74.00934, 42.91019 ], [ -73.87167, 43.08265 ], [ -73.78403, 43.11755 ], [ -73.72473, 43.27788 ], [ -73.70773, 43.32368 ], [ -73.76021, 43.28336 ], [ -73.8667, 43.29974 ], [ -73.86497, 43.20265 ], [ -73.90043, 43.2081 ], [ -73.93405, 43.11644 ], [ -73.96946, 43.12187 ], [ -73.97783, 43.09896 ], [ -73.94244, 43.09353 ], [ -73.98621, 43.07604 ], [ -74.00293, 43.0302 ], [ -74.14443, 43.0518 ], [ -74.11115, 43.1435 ], [ -74.25295, 43.16499 ], [ -74.30494, 43.12447 ], [ -74.31319, 43.10153 ], [ -74.28602, 43.07325 ], [ -74.35686, 43.08393 ], [ -74.37331, 43.03805 ], [ -74.47953, 43.05399 ], [ -74.53943, 42.99044 ], [ -74.61021, 43.001 ], [ -74.62645, 42.95509 ], [ -74.59108, 42.94982 ], [ -74.60732, 42.90392 ], [ -74.67802, 42.91444 ], [ -74.64561, 43.00626 ], [ -74.68102, 43.01152 ], [ -74.67292, 43.03447 ], [ -75.09842, 43.0969 ], [ -75.09046, 43.11988 ], [ -75.16149, 43.13016 ], [ -75.18527, 43.06121 ], [ -75.15772, 43.0331 ], [ -75.12226, 43.02796 ], [ -75.02389, 42.98951 ], [ -75.01591, 43.01248 ], [ -74.87421, 42.99173 ], [ -74.77605, 42.95312 ], [ -74.76485, 42.879 ], [ -74.69418, 42.86852 ], [ -74.6831, 42.7944 ], [ -74.47963, 42.73979 ], [ -74.54733, 42.65328 ], [ -74.58253, 42.65856 ], [ -74.59062, 42.63561 ], [ -74.52026, 42.62504 ], [ -74.60105, 42.39551 ], [ -74.53903, 42.36199 ], [ -74.52822, 42.28784 ], [ -74.64924, 42.25775 ], [ -74.66525, 42.21183 ], [ -74.81307, 42.20982 ], [ -74.70925, 42.50838 ], [ -74.79867, 42.57001 ], [ -74.86902, 42.58044 ], [ -74.89623, 42.60862 ], [ -75.0177, 42.57822 ], [ -75.15064, 42.62182 ], [ -75.16637, 42.57585 ], [ -75.29941, 42.61931 ], [ -75.47567, 42.64472 ], [ -75.45237, 42.71372 ], [ -75.57043, 42.80294 ], [ -75.63218, 42.61887 ], [ -75.87156, 42.67683 ], [ -75.94979, 42.66371 ], [ -75.90419, 42.80187 ], [ -75.7721, 42.97608 ], [ -75.63023, 42.95607 ], [ -75.60252, 42.92803 ], [ -75.4254, 42.90279 ], [ -75.40195, 42.97178 ], [ -75.33107, 42.96161 ], [ -75.31535, 43.00759 ], [ -75.35082, 43.01268 ], [ -75.37845, 43.04076 ], [ -75.64248, 43.03011 ], [ -75.82006, 43.0551 ], [ -75.91407, 42.99596 ], [ -76.16492, 42.91034 ], [ -76.30686, 42.92984 ], [ -76.40021, 42.87039 ], [ -76.42993, 42.77819 ], [ -76.53621, 42.79264 ], [ -76.48171, 42.61682 ], [ -76.50383, 42.54765 ], [ -76.44064, 42.51496 ], [ -76.47012, 42.42274 ], [ -76.59641, 42.48807 ], [ -76.65235, 42.54376 ], [ -76.82168, 42.59059 ], [ -76.81534, 42.49357 ], [ -76.85148, 42.3782 ], [ -76.92193, 42.38763 ], [ -76.90035, 42.45687 ], [ -76.9709, 42.46628 ], [ -76.94934, 42.53552 ], [ -77.18269, 42.4943 ], [ -77.18249, 42.6144 ], [ -77.16824, 42.66058 ], [ -77.23196, 42.69295 ], [ -77.30284, 42.7022 ], [ -77.31699, 42.656 ], [ -77.31705, 42.77609 ], [ -77.38803, 42.7853 ], [ -77.3739, 42.8315 ], [ -77.48049, 42.84525 ], [ -77.49454, 42.79904 ], [ -77.60808, 42.7896 ], [ -77.69301, 42.75244 ], [ -77.72766, 42.63686 ], [ -77.80543, 42.62275 ], [ -77.91175, 42.63619 ], [ -77.97584, 42.66823 ], [ -77.95533, 42.73761 ], [ -78.01272, 42.79277 ], [ -78.0278, 42.86659 ], [ -78.21258, 42.86554 ], [ -78.45525, 42.91922 ], [ -78.53985, 42.88157 ], [ -78.60195, 42.79326 ], [ -78.81259, 42.69882 ], [ -78.78357, 42.6714 ], [ -78.85464, 42.67989 ], [ -78.90315, 42.63778 ], [ -78.93547, 42.52193 ], [ -78.9548, 42.45241 ], [ -78.9838, 42.47979 ], [ -79.01923, 42.48399 ], [ -79.01281, 42.50717 ], [ -79.04827, 42.51136 ], [ -79.13832, 42.45018 ], [ -79.3053, 42.37402 ], [ -79.41151, 42.38636 ], [ -79.45941, 42.34406 ], [ -79.46564, 42.32087 ], [ -79.50102, 42.32495 ], [ -79.61954, 42.29074 ], [ -79.63188, 42.24433 ], [ -79.70257, 42.25241 ], [ -79.7855, 42.21402 ], [ -79.83301, 42.1716 ], [ -79.85124, 42.10195 ], [ -79.88756, 41.96264 ], [ -79.86446, 41.91222 ], [ -79.87655, 41.86578 ], [ -79.91169, 41.86976 ], [ -79.92974, 41.80009 ], [ -79.87159, 41.74568 ], [ -79.76031, 41.75689 ], [ -79.70842, 41.6792 ], [ -79.56834, 41.66301 ], [ -79.59893, 41.54695 ], [ -79.49411, 41.53474 ], [ -79.44685, 41.57707 ], [ -79.42215, 41.66989 ], [ -79.35835, 41.63847 ], [ -79.38313, 41.54566 ], [ -79.31327, 41.53743 ], [ -79.35046, 41.39821 ], [ -79.10662, 41.36917 ], [ -79.17268, 41.25736 ], [ -79.03367, 41.24064 ], [ -78.9768, 41.18585 ], [ -78.838, 41.16894 ], [ -78.82529, 41.21531 ], [ -78.57594, 41.20855 ], [ -78.62351, 41.1665 ], [ -78.65559, 41.05061 ], [ -78.51717, 41.03339 ], [ -78.43502, 41.07107 ], [ -78.38089, 41.13622 ], [ -78.29853, 41.17382 ], [ -78.15994, 41.15625 ], [ -78.05751, 41.26316 ], [ -77.98948, 41.37445 ], [ -77.87854, 41.3842 ], [ -77.70489, 41.3617 ], [ -77.57971, 41.2973 ], [ -77.44105, 41.27903 ], [ -77.39973, 41.41774 ], [ -77.23312, 41.37155 ], [ -77.08739, 41.37604 ], [ -77.02457, 41.46376 ], [ -76.87862, 41.46803 ], [ -76.73979, 41.44908 ], [ -76.76121, 41.37983 ], [ -76.6919, 41.37032 ], [ -76.53315, 41.30023 ], [ -76.38754, 41.304 ], [ -76.21466, 41.27969 ], [ -76.0889, 41.33416 ], [ -76.03717, 41.49549 ], [ -76.06444, 41.52346 ], [ -76.23793, 41.54795 ], [ -76.33478, 41.5856 ], [ -76.4795, 41.70203 ], [ -76.6188, 41.72123 ], [ -76.76536, 41.71722 ], [ -76.74383, 41.78645 ], [ -76.65243, 41.84615 ], [ -76.61752, 41.84137 ], [ -76.58127, 41.95671 ], [ -76.64397, 41.98935 ], [ -76.58718, 42.05377 ], [ -76.41215, 42.02971 ], [ -76.39747, 42.07582 ], [ -76.36246, 42.07098 ], [ -76.35509, 42.09404 ], [ -76.39012, 42.09888 ], [ -76.31269, 42.11224 ], [ -76.29792, 42.15834 ], [ -76.27027, 42.13042 ], [ -76.16518, 42.11578 ], [ -76.15774, 42.13883 ], [ -76.12271, 42.13393 ], [ -76.10779, 42.18001 ], [ -75.93259, 42.15537 ], [ -75.8323, 42.23756 ], [ -75.77737, 42.18155 ], [ -75.8502, 42.0714 ], [ -76.02513, 42.09614 ], [ -76.0401, 42.05007 ], [ -76.08253, 42.03195 ], [ -76.22245, 42.05153 ], [ -76.27961, 41.98726 ], [ -76.41948, 42.00665 ], [ -76.42115, 41.88653 ], [ -76.28154, 41.86713 ], [ -76.26875, 41.79311 ], [ -76.15683, 41.80151 ], [ -76.08715, 41.7917 ], [ -76.10199, 41.74561 ], [ -76.06718, 41.7407 ], [ -76.05975, 41.76374 ], [ -76.03982, 41.71274 ], [ -75.90071, 41.69297 ], [ -75.70732, 41.61702 ], [ -75.67569, 41.49187 ], [ -75.57938, 41.45377 ], [ -75.6291, 41.41275 ], [ -75.65926, 41.32064 ], [ -75.75832, 41.23853 ], [ -75.82734, 41.2485 ], [ -75.84225, 41.20242 ], [ -75.87674, 41.20739 ], [ -75.8916, 41.16131 ], [ -75.85713, 41.15634 ], [ -75.91644, 40.97199 ], [ -75.84771, 40.96206 ], [ -75.78359, 41.04924 ], [ -75.7148, 41.03925 ], [ -75.70284, 40.96513 ], [ -75.56548, 40.94503 ], [ -75.50854, 41.00906 ], [ -75.40548, 40.99385 ], [ -75.37512, 41.08593 ], [ -75.2758, 41.16778 ], [ -75.15716, 41.19842 ], [ -75.01172, 41.20078 ], [ -74.91175, 41.28238 ], [ -74.88052, 41.37432 ], [ -75.01083, 41.41808 ], [ -75.02206, 41.49223 ], [ -75.07571, 41.54854 ], [ -74.66069, 41.48603 ], [ -74.61822, 41.50373 ], [ -74.50664, 41.82522 ], [ -74.46389, 41.84287 ], [ -74.32501, 41.82158 ], [ -74.27645, 41.95925 ], [ -74.20912, 42.04566 ], [ -74.10469, 42.02952 ], [ -74.05348, 42.06998 ], [ -73.98762, 42.25339 ], [ -74.05747, 42.26422 ], [ -74.14588, 42.32625 ], [ -74.113, 42.41798 ], [ -73.99969, 42.42469 ], [ -73.94161, 42.58513 ], [ -74.01183, 42.59598 ], [ -74.02012, 42.57306 ], [ -74.08827, 42.48676 ], [ -74.26365, 42.51364 ], [ -74.27418, 42.5878 ], [ -74.18747, 42.62294 ], [ -74.171, 42.66881 ], [ -74.06552, 42.65264 ], [ -74.02403, 42.76726 ] ], [ [ -78.27418, 41.38663 ], [ -78.22622, 41.42855 ], [ -78.14838, 41.32273 ], [ -78.32208, 41.34469 ], [ -78.37644, 41.27956 ], [ -78.46763, 41.33893 ], [ -78.38506, 41.37657 ], [ -78.27418, 41.38663 ] ], [ [ -76.77578, 42.15158 ], [ -76.76235, 42.07762 ], [ -76.6995, 42.04503 ], [ -76.84682, 42.04094 ], [ -76.83245, 42.08709 ], [ -76.93765, 42.10125 ], [ -76.91618, 42.17049 ], [ -76.83158, 42.20721 ], [ -76.81717, 42.25336 ], [ -76.81087, 42.15632 ], [ -76.77578, 42.15158 ] ], [ [ -74.5013, 41.9453 ], [ -74.70219, 41.9999 ], [ -74.6703, 42.09176 ], [ -74.5308, 42.07067 ], [ -74.39947, 42.02649 ], [ -74.42367, 41.95764 ], [ -74.5013, 41.9453 ] ], [ [ -74.17539, 42.863 ], [ -74.31657, 42.88442 ], [ -74.43069, 42.87746 ], [ -74.39794, 42.96923 ], [ -74.15056, 42.93178 ], [ -74.16712, 42.88592 ], [ -74.13183, 42.88054 ], [ -74.11313, 42.8293 ], [ -74.18366, 42.84007 ], [ -74.17539, 42.863 ] ] ], [ [ [ -75.34322, 43.25279 ], [ -75.29572, 43.17362 ], [ -75.22462, 43.1634 ], [ -75.23643, 43.23748 ], [ -75.34322, 43.25279 ] ] ], [ [ [ -76.02096, 43.68511 ], [ -76.08514, 43.71798 ], [ -76.10343, 43.88901 ], [ -76.19845, 43.8297 ], [ -76.22894, 43.73755 ], [ -76.16466, 43.70475 ], [ -76.15163, 43.63075 ], [ -76.19729, 43.49254 ], [ -76.23311, 43.49742 ], [ -76.25582, 43.42831 ], [ -76.19943, 43.37248 ], [ -76.00036, 43.29697 ], [ -75.85767, 43.27718 ], [ -75.75844, 43.23923 ], [ -75.69957, 43.30327 ], [ -75.52132, 43.27814 ], [ -75.40658, 43.28595 ], [ -75.50567, 43.32414 ], [ -75.68404, 43.34929 ], [ -75.73994, 43.40531 ], [ -75.88289, 43.42522 ], [ -75.89555, 43.49924 ], [ -75.96715, 43.50914 ], [ -75.97993, 43.58315 ], [ -76.05164, 43.593 ], [ -76.02096, 43.68511 ] ] ], [ [ [ -77.1581, 44.12459 ], [ -77.24519, 44.08769 ], [ -77.39024, 44.10613 ], [ -77.4556, 44.1384 ], [ -77.51297, 43.9536 ], [ -77.41905, 44.01375 ], [ -77.23802, 43.99071 ], [ -77.07176, 43.92129 ], [ -77.03513, 44.03668 ], [ -77.17999, 44.05533 ], [ -77.1581, 44.12459 ] ] ], [ [ [ -73.45397, 42.79959 ], [ -73.44544, 42.82247 ], [ -73.48064, 42.82802 ], [ -73.48916, 42.80513 ], [ -73.45397, 42.79959 ] ] ], [ [ [ -73.17398, 42.94913 ], [ -73.30639, 42.9944 ], [ -73.24596, 43.15454 ], [ -73.30807, 43.18859 ], [ -73.27347, 43.2801 ], [ -73.41528, 43.3024 ], [ -73.42389, 43.27951 ], [ -73.45935, 43.28506 ], [ -73.51935, 43.12485 ], [ -73.48286, 43.02222 ], [ -73.50848, 42.95355 ], [ -73.43795, 42.94246 ], [ -73.47211, 42.85091 ], [ -73.4017, 42.8398 ], [ -73.4188, 42.79403 ], [ -73.2516, 42.74327 ], [ -73.24227, 42.66904 ], [ -73.12841, 42.67507 ], [ -73.11113, 42.72081 ], [ -73.17273, 42.75493 ], [ -73.1641, 42.7778 ], [ -73.26956, 42.79461 ], [ -73.16471, 42.8749 ], [ -73.14741, 42.92064 ], [ -73.18263, 42.92626 ], [ -73.17398, 42.94913 ] ] ], [ [ [ -73.58543, 43.45006 ], [ -73.66653, 43.53526 ], [ -73.72624, 43.37497 ], [ -73.65518, 43.36399 ], [ -73.60255, 43.40427 ], [ -73.58543, 43.45006 ] ] ], [ [ [ -73.31842, 43.3599 ], [ -73.23007, 43.39447 ], [ -73.20396, 43.46308 ], [ -73.31928, 43.45699 ], [ -73.33661, 43.41124 ], [ -73.37214, 43.41681 ], [ -73.38941, 43.37105 ], [ -73.31842, 43.3599 ] ] ], [ [ [ -73.47014, 43.45636 ], [ -73.4529, 43.50213 ], [ -73.50571, 43.4619 ], [ -73.47014, 43.45636 ] ] ], [ [ [ -68.72989, 44.12836 ], [ -68.65895, 44.11499 ], [ -68.63016, 44.01128 ], [ -68.53829, 44.04299 ], [ -68.5775, 44.12414 ], [ -68.52463, 44.23699 ], [ -68.56395, 44.31814 ], [ -68.6351, 44.33157 ], [ -68.60336, 44.39929 ], [ -68.65348, 44.45785 ], [ -68.72482, 44.47123 ], [ -68.77511, 44.52975 ], [ -68.8823, 44.54973 ], [ -68.92429, 44.45935 ], [ -69.07755, 44.46321 ], [ -69.11919, 44.37278 ], [ -69.19053, 44.38594 ], [ -69.33412, 44.24072 ], [ -69.47662, 44.2668 ], [ -69.56315, 44.33155 ], [ -69.64473, 44.32185 ], [ -69.78756, 44.34764 ], [ -69.87381, 44.24077 ], [ -69.94516, 44.25357 ], [ -69.96979, 44.11118 ], [ -70.11225, 44.13666 ], [ -70.26476, 44.13931 ], [ -70.36361, 43.91242 ], [ -70.4445, 43.90228 ], [ -70.58667, 43.9273 ], [ -70.68397, 43.7002 ], [ -70.73876, 43.66098 ], [ -70.99927, 43.58437 ], [ -71.03745, 43.49343 ], [ -71.1625, 43.46629 ], [ -71.20036, 43.3753 ], [ -71.28039, 43.36472 ], [ -71.42164, 43.38893 ], [ -71.53699, 43.38424 ], [ -71.63373, 43.425 ], [ -71.69693, 43.36265 ], [ -71.83834, 43.38647 ], [ -71.8921, 43.34682 ], [ -72.02007, 43.02768 ], [ -71.9849, 43.02178 ], [ -72.05752, 42.83937 ], [ -71.98739, 42.82759 ], [ -71.94455, 42.74738 ], [ -71.9627, 42.70178 ], [ -72.07671, 42.69666 ], [ -72.21675, 42.72012 ], [ -72.26889, 42.77743 ], [ -72.23298, 42.86869 ], [ -72.23212, 42.96579 ], [ -72.39011, 43.04055 ], [ -72.35423, 43.13184 ], [ -72.35356, 43.22893 ], [ -72.44163, 43.29198 ], [ -72.51322, 43.10936 ], [ -72.50472, 43.03509 ], [ -72.6107, 42.95529 ], [ -72.7078, 42.70404 ], [ -72.79545, 42.66978 ], [ -72.84786, 42.53267 ], [ -72.83904, 42.45841 ], [ -72.89136, 42.41839 ], [ -72.9612, 42.42974 ], [ -72.96985, 42.40688 ], [ -73.03969, 42.41819 ], [ -73.05694, 42.37246 ], [ -73.09184, 42.3781 ], [ -73.10044, 42.35523 ], [ -73.06555, 42.34959 ], [ -73.07416, 42.32672 ], [ -73.17882, 42.34361 ], [ -73.16228, 42.48647 ], [ -73.30224, 42.50888 ], [ -73.4338, 42.55405 ], [ -73.44334, 42.62827 ], [ -73.51352, 42.63935 ], [ -73.47953, 42.73092 ], [ -73.54983, 42.74199 ], [ -73.52317, 42.71356 ], [ -73.52811, 42.39934 ], [ -73.59548, 42.21616 ], [ -73.48139, 42.12534 ], [ -73.40334, 42.13713 ], [ -73.27268, 42.09193 ], [ -73.34891, 41.88594 ], [ -73.34803, 41.7888 ], [ -73.27883, 41.77763 ], [ -73.16659, 41.7837 ], [ -73.11498, 41.82383 ], [ -73.06375, 41.96108 ], [ -72.94256, 41.98984 ], [ -72.93395, 42.01271 ], [ -72.86458, 42.00134 ], [ -72.83865, 42.06992 ], [ -72.81266, 42.13849 ], [ -72.84741, 42.14419 ], [ -72.78663, 42.30418 ], [ -72.75179, 42.29846 ], [ -72.64671, 42.57262 ], [ -72.54144, 42.65246 ], [ -72.506, 42.74379 ], [ -72.44478, 42.70939 ], [ -72.51569, 42.52674 ], [ -72.5161, 42.42963 ], [ -72.44634, 42.41806 ], [ -72.43802, 42.34377 ], [ -72.33356, 42.32635 ], [ -72.3158, 42.372 ], [ -72.20239, 42.37731 ], [ -72.22916, 42.30885 ], [ -72.099, 42.2626 ], [ -71.95104, 42.26183 ], [ -71.88158, 42.24999 ], [ -71.85446, 42.31838 ], [ -71.8454, 42.34117 ], [ -71.7834, 42.4036 ], [ -71.77431, 42.42639 ], [ -71.80912, 42.43234 ], [ -71.80761, 42.52945 ], [ -71.65196, 42.91678 ], [ -71.58182, 42.9048 ], [ -71.52627, 43.04143 ], [ -71.48184, 43.05818 ], [ -71.30622, 43.02796 ], [ -71.22417, 43.13565 ], [ -71.15386, 43.12346 ], [ -71.0809, 43.20832 ], [ -71.02396, 43.34475 ], [ -70.88297, 43.32015 ], [ -70.81899, 43.38215 ], [ -70.74847, 43.36977 ], [ -70.68431, 43.43171 ], [ -70.54325, 43.40679 ], [ -70.53355, 43.42949 ], [ -70.44727, 43.36531 ], [ -70.3671, 43.37544 ], [ -70.29859, 43.53427 ], [ -70.19847, 43.58969 ], [ -70.15898, 43.68041 ], [ -70.06842, 43.71306 ], [ -69.82096, 43.66832 ], [ -69.74549, 43.75251 ], [ -69.59398, 43.74933 ], [ -69.57374, 43.7946 ], [ -69.44732, 43.82039 ], [ -69.41676, 43.88828 ], [ -69.31056, 43.86869 ], [ -69.2444, 43.92999 ], [ -69.17358, 43.91686 ], [ -69.08214, 43.94891 ], [ -69.04075, 44.03932 ], [ -69.05549, 44.09113 ], [ -69.00355, 44.20414 ], [ -68.94289, 44.1683 ], [ -68.97413, 44.10051 ], [ -68.86355, 44.00618 ], [ -68.77181, 44.03803 ], [ -68.72989, 44.12836 ] ] ], [ [ [ -73.39235, 43.66231 ], [ -73.39334, 43.7594 ], [ -73.38465, 43.78228 ], [ -73.40302, 43.83361 ], [ -73.47459, 43.84471 ], [ -73.51784, 43.73028 ], [ -73.51666, 43.63319 ], [ -73.40968, 43.61655 ], [ -73.40102, 43.63943 ], [ -73.42803, 43.66787 ], [ -73.39235, 43.66231 ] ] ], [ [ [ -71.3913, 43.55429 ], [ -71.22375, 43.50122 ], [ -71.15043, 43.58611 ], [ -71.21179, 43.62104 ], [ -71.35361, 43.64533 ], [ -71.3913, 43.55429 ] ] ], [ [ [ -73.39831, 44.24485 ], [ -73.40706, 44.22197 ], [ -73.37106, 44.21641 ], [ -73.35352, 44.26217 ], [ -73.38955, 44.26774 ], [ -73.38079, 44.29062 ], [ -73.41684, 44.29618 ], [ -73.43433, 44.25041 ], [ -73.39831, 44.24485 ] ] ], [ [ [ -73.32013, 44.54788 ], [ -73.29362, 44.61652 ], [ -73.3396, 44.69632 ], [ -73.41219, 44.70746 ], [ -73.40133, 44.53614 ], [ -73.42769, 44.46748 ], [ -73.39154, 44.46193 ], [ -73.35633, 44.55346 ], [ -73.32013, 44.54788 ] ] ] ] } },
{ "type": "Feature", "properties": { "ID": 11 }, "geometry": { "type": "MultiPolygon", "coordinates": [ [ [ [ -91.07629, 43.69998 ], [ -91.10729, 43.77175 ], [ -91.06482, 43.84108 ], [ -90.99128, 43.83861 ], [ -90.98544, 43.90916 ], [ -91.05522, 43.95866 ], [ -91.16576, 43.9623 ], [ -91.16199, 44.00934 ], [ -91.2671, 44.08346 ], [ -91.45173, 44.08922 ], [ -91.48338, 44.16091 ], [ -91.59775, 44.11719 ], [ -91.70861, 44.12043 ], [ -91.70526, 44.16747 ], [ -91.84509, 44.2893 ], [ -91.98234, 44.45805 ], [ -92.13101, 44.46197 ], [ -92.13707, 44.36785 ], [ -92.02729, 44.3414 ], [ -91.99334, 44.29335 ], [ -91.9996, 44.19924 ], [ -91.89019, 44.17269 ], [ -91.81947, 44.12358 ], [ -91.78745, 44.05196 ], [ -91.67671, 44.04878 ], [ -91.68008, 44.00174 ], [ -91.49569, 43.99626 ], [ -91.42551, 43.94696 ], [ -91.43438, 43.82936 ], [ -91.65504, 43.836 ], [ -91.69516, 43.79002 ], [ -91.66682, 43.67133 ], [ -91.55678, 43.66806 ], [ -91.55334, 43.71511 ], [ -91.40653, 43.71062 ], [ -91.41364, 43.61654 ], [ -91.48867, 43.59527 ], [ -91.53221, 43.5023 ], [ -91.67853, 43.50667 ], [ -91.75825, 43.4147 ], [ -91.76151, 43.36765 ], [ -91.87102, 43.37076 ], [ -91.95494, 43.20811 ], [ -92.39192, 43.21951 ], [ -92.4634, 43.24482 ], [ -92.49445, 43.33982 ], [ -92.67565, 43.36759 ], [ -92.67309, 43.41466 ], [ -92.74366, 43.46337 ], [ -92.88996, 43.46653 ], [ -92.95959, 43.53866 ], [ -93.25258, 43.54441 ], [ -93.28606, 43.61571 ], [ -93.3594, 43.61704 ], [ -93.4011, 43.49999 ], [ -93.47235, 43.54834 ], [ -93.61889, 43.55078 ], [ -93.65462, 43.57491 ], [ -93.64916, 43.71615 ], [ -93.72263, 43.7173 ], [ -93.75676, 43.78849 ], [ -93.86295, 43.90783 ], [ -93.97351, 43.90938 ], [ -94.04571, 43.95746 ], [ -94.0796, 44.05211 ], [ -93.96878, 44.05064 ], [ -93.96242, 44.23898 ], [ -94.07435, 44.21692 ], [ -94.22253, 44.21876 ], [ -94.2253, 44.12458 ], [ -94.48423, 44.12744 ], [ -94.48305, 44.17453 ], [ -94.77922, 44.17725 ], [ -94.78018, 44.13016 ], [ -94.92816, 44.13129 ], [ -94.93398, 43.80164 ], [ -95.00757, 43.80215 ], [ -95.01065, 43.61378 ], [ -95.0477, 43.59047 ], [ -95.26771, 43.59173 ], [ -95.30545, 43.49772 ], [ -95.37916, 43.45095 ], [ -95.78161, 43.45209 ], [ -95.78144, 43.49919 ], [ -95.89128, 43.49931 ], [ -95.8912, 43.54641 ], [ -95.96445, 43.61709 ], [ -96.03782, 43.61709 ], [ -96.07462, 43.71127 ], [ -96.29508, 43.71099 ], [ -96.29485, 43.66389 ], [ -96.40499, 43.66363 ], [ -96.44239, 43.75772 ], [ -96.66301, 43.7569 ], [ -96.66378, 43.82754 ], [ -96.88465, 43.82638 ], [ -96.88534, 43.87348 ], [ -97.03551, 44.03735 ], [ -97.33101, 44.035 ], [ -97.33309, 44.12918 ], [ -97.40873, 44.19914 ], [ -97.41093, 44.29333 ], [ -97.48745, 44.38679 ], [ -97.63605, 44.38524 ], [ -97.75093, 44.50171 ], [ -97.7523, 44.5488 ], [ -97.90504, 44.66472 ], [ -98.017, 44.66326 ], [ -98.19581, 44.44874 ], [ -98.30465, 44.37643 ], [ -98.30104, 44.28226 ], [ -98.40945, 44.20988 ], [ -98.40569, 44.11572 ], [ -98.43981, 44.0445 ], [ -98.51368, 44.04326 ], [ -98.50976, 43.9491 ], [ -98.5805, 43.87722 ], [ -98.57649, 43.78306 ], [ -98.39262, 43.78615 ], [ -98.39077, 43.73907 ], [ -98.20616, 43.71838 ], [ -98.16607, 43.62476 ], [ -98.09108, 43.57873 ], [ -97.94446, 43.58074 ], [ -97.9056, 43.51058 ], [ -97.83237, 43.51151 ], [ -97.75778, 43.46532 ], [ -97.71853, 43.37157 ], [ -97.60893, 43.37281 ], [ -97.45774, 43.16242 ], [ -97.30958, 43.04606 ], [ -97.30858, 42.99897 ], [ -97.16332, 43.0002 ], [ -97.16243, 42.9531 ], [ -96.9447, 42.95467 ], [ -96.94398, 42.90757 ], [ -96.83487, 42.88468 ], [ -96.39988, 42.88653 ], [ -96.39957, 42.83942 ], [ -96.00112, 42.83997 ], [ -95.96495, 42.74576 ], [ -95.82028, 42.74566 ], [ -95.82041, 42.69855 ], [ -95.7121, 42.67483 ], [ -95.5676, 42.67447 ], [ -95.53218, 42.58015 ], [ -95.42397, 42.57976 ], [ -95.42441, 42.53265 ], [ -95.31654, 42.50863 ], [ -95.10037, 42.50745 ], [ -94.91983, 42.52977 ], [ -94.84819, 42.50567 ], [ -94.59602, 42.50345 ], [ -94.59709, 42.45634 ], [ -93.8053, 42.44651 ], [ -93.69823, 42.42129 ], [ -93.55899, 42.30119 ], [ -93.34362, 42.2974 ], [ -93.3416, 42.34449 ], [ -93.16201, 42.34107 ], [ -93.08908, 42.36319 ], [ -92.98244, 42.33744 ], [ -92.98473, 42.29035 ], [ -92.73355, 42.28489 ], [ -92.65927, 42.33033 ], [ -92.65673, 42.37741 ], [ -92.54894, 42.37488 ], [ -92.47442, 42.42022 ], [ -92.46771, 42.53791 ], [ -92.28762, 42.53341 ], [ -92.2199, 42.46094 ], [ -92.00408, 42.45515 ], [ -92.00104, 42.50221 ], [ -91.67714, 42.49291 ], [ -91.67386, 42.53997 ], [ -91.59849, 42.58486 ], [ -91.52643, 42.58265 ], [ -91.48352, 42.67564 ], [ -91.55061, 42.74844 ], [ -91.54211, 42.86607 ], [ -91.43178, 42.88623 ], [ -91.25075, 42.88045 ], [ -91.23253, 43.11565 ], [ -91.15241, 43.20734 ], [ -91.14868, 43.25437 ], [ -91.21785, 43.3038 ], [ -91.21232, 43.37436 ], [ -91.13559, 43.419 ], [ -91.08961, 43.53537 ], [ -91.07629, 43.69998 ] ] ], [ [ [ -95.77775, 44.51177 ], [ -95.88949, 44.48835 ], [ -95.88962, 44.4177 ], [ -95.81542, 44.37053 ], [ -95.70398, 44.37035 ], [ -95.70328, 44.51165 ], [ -95.77775, 44.51177 ] ] ], [ [ [ -96.33784, 44.79417 ], [ -96.29996, 44.70005 ], [ -96.15056, 44.70027 ], [ -96.15067, 44.74737 ], [ -96.22561, 44.79438 ], [ -96.33784, 44.79417 ] ] ], [ [ [ -93.36546, 45.17207 ], [ -93.40722, 45.07853 ], [ -93.41439, 44.91371 ], [ -93.45689, 44.79663 ], [ -93.42153, 44.74891 ], [ -93.30943, 44.74695 ], [ -93.27421, 44.69919 ], [ -93.12488, 44.69641 ], [ -93.12262, 44.74349 ], [ -92.97318, 44.74055 ], [ -92.86235, 44.71472 ], [ -92.86482, 44.66764 ], [ -92.7529, 44.66526 ], [ -92.74777, 44.75941 ], [ -92.93341, 44.78688 ], [ -92.92735, 44.90458 ], [ -92.96, 44.9995 ], [ -93.03151, 45.07162 ], [ -93.14422, 45.07379 ], [ -93.14195, 45.12088 ], [ -93.21494, 45.16937 ], [ -93.36546, 45.17207 ] ] ], [ [ [ -90.74206, 42.88657 ], [ -90.70586, 42.88526 ], [ -90.70384, 42.90877 ], [ -90.74005, 42.91008 ], [ -90.74206, 42.88657 ] ] ], [ [ [ -90.95347, 42.96479 ], [ -90.88489, 42.91524 ], [ -90.84868, 42.91396 ], [ -90.84474, 42.96099 ], [ -90.95347, 42.96479 ] ] ], [ [ [ -91.00301, 43.24948 ], [ -91.03943, 43.25072 ], [ -91.05274, 43.0861 ], [ -90.9724, 43.17769 ], [ -90.89966, 43.17518 ], [ -90.8977, 43.19869 ], [ -91.00685, 43.20245 ], [ -91.00301, 43.24948 ] ] ], [ [ [ -91.06636, 43.36953 ], [ -91.13559, 43.419 ], [ -91.13934, 43.37196 ], [ -91.06636, 43.36953 ] ] ], [ [ [ -92.38699, 44.53907 ], [ -92.31544, 44.49019 ], [ -92.28262, 44.41867 ], [ -92.20833, 44.41681 ], [ -92.20238, 44.51093 ], [ -92.38699, 44.53907 ] ] ], [ [ [ -92.53044, 44.63672 ], [ -92.57312, 44.54344 ], [ -92.49866, 44.54172 ], [ -92.53044, 44.63672 ] ] ] ] } },
{ "type": "Feature", "properties": { "ID": 12 }, "geometry": { "type": "MultiPolygon", "coordinates": [ [ [ [ -107.67869, 39.49455 ], [ -107.71279, 39.49164 ], [ -107.70856, 39.46821 ], [ -107.67447, 39.47112 ], [ -107.67869, 39.49455 ] ] ], [ [ [ -79.86446, 41.91222 ], [ -79.89964, 41.9162 ], [ -79.91169, 41.86976 ], [ -79.87655, 41.86578 ], [ -79.86446, 41.91222 ] ] ], [ [ [ -87.88732, 42.21169 ], [ -87.8516, 42.20967 ], [ -87.81449, 42.49128 ], [ -87.85038, 42.49331 ], [ -87.82245, 42.7045 ], [ -87.77391, 42.79631 ], [ -87.87901, 42.82586 ], [ -87.86037, 42.96665 ], [ -87.93579, 42.9472 ], [ -88.11659, 42.9571 ], [ -88.12863, 42.86322 ], [ -88.16774, 42.8417 ], [ -88.20384, 42.84364 ], [ -88.21573, 42.74975 ], [ -88.17968, 42.74781 ], [ -88.18563, 42.70087 ], [ -88.22165, 42.7028 ], [ -88.22757, 42.65586 ], [ -88.19158, 42.65393 ], [ -88.21528, 42.46614 ], [ -88.11362, 42.41336 ], [ -88.08677, 42.34098 ], [ -88.10172, 42.22361 ], [ -88.03627, 42.17272 ], [ -88.00056, 42.17074 ], [ -87.99451, 42.21769 ], [ -87.95878, 42.2157 ], [ -87.9527, 42.26264 ], [ -87.88119, 42.25863 ], [ -87.88732, 42.21169 ] ] ], [ [ [ -79.88756, 41.96264 ], [ -79.85124, 42.10195 ], [ -79.84517, 42.12517 ], [ -79.91575, 42.13314 ], [ -79.97516, 42.04423 ], [ -80.04567, 42.05214 ], [ -80.09345, 41.86632 ], [ -79.99919, 41.95133 ], [ -79.88756, 41.96264 ] ] ], [ [ [ -76.58262, 41.83658 ], [ -76.56811, 41.88272 ], [ -76.60304, 41.88751 ], [ -76.61752, 41.84137 ], [ -76.58262, 41.83658 ] ] ], [ [ [ -79.61954, 42.29074 ], [ -79.65491, 42.29478 ], [ -79.66722, 42.24837 ], [ -79.63188, 42.24433 ], [ -79.61954, 42.29074 ] ] ], [ [ [ -79.50102, 42.32495 ], [ -79.60718, 42.33715 ], [ -79.61954, 42.29074 ], [ -79.50102, 42.32495 ] ] ], [ [ [ -79.79367, 43.29046 ], [ -79.75634, 43.42969 ], [ -79.6294, 43.4872 ], [ -79.59157, 43.62638 ], [ -79.50659, 43.66464 ], [ -79.43428, 43.65647 ], [ -79.37892, 43.72193 ], [ -79.29368, 43.76006 ], [ -79.22128, 43.75179 ], [ -79.19535, 43.84451 ], [ -79.37021, 43.88835 ], [ -79.44919, 43.87336 ], [ -79.5345, 43.83513 ], [ -79.59612, 43.74641 ], [ -79.70479, 43.75854 ], [ -79.74244, 43.61933 ], [ -79.83965, 43.53452 ], [ -79.88304, 43.37207 ], [ -79.94369, 43.2832 ], [ -80.04009, 43.19826 ], [ -80.25569, 43.22178 ], [ -80.29765, 43.20244 ], [ -80.3396, 43.03985 ], [ -80.38736, 42.99725 ], [ -80.49486, 43.0088 ], [ -80.50668, 42.96232 ], [ -80.65581, 42.95434 ], [ -80.6675, 42.90785 ], [ -80.8465, 42.92671 ], [ -80.82226, 42.87645 ], [ -80.93536, 42.86442 ], [ -81.11432, 42.88295 ], [ -81.14446, 42.90989 ], [ -81.12179, 43.00293 ], [ -81.152, 43.02987 ], [ -81.33151, 43.04813 ], [ -81.38974, 42.95867 ], [ -81.46148, 42.96589 ], [ -81.48074, 43.0393 ], [ -81.55257, 43.04647 ], [ -81.536, 43.1163 ], [ -81.63292, 43.17356 ], [ -81.60538, 43.28995 ], [ -81.67203, 43.32033 ], [ -81.74422, 43.32741 ], [ -81.82731, 43.28787 ], [ -81.88505, 43.19823 ], [ -81.99316, 43.20867 ], [ -82.00388, 43.16208 ], [ -82.09721, 43.07581 ], [ -82.17973, 43.03607 ], [ -82.28761, 43.0463 ], [ -82.29808, 42.99969 ], [ -82.47782, 43.01654 ], [ -82.48281, 43.15975 ], [ -82.5549, 43.16642 ], [ -82.52395, 43.30629 ], [ -82.53424, 43.42618 ], [ -82.63773, 43.45946 ], [ -82.60666, 43.43283 ], [ -82.62723, 43.33958 ], [ -82.75153, 43.44603 ], [ -82.93271, 43.46232 ], [ -83.03648, 43.49531 ], [ -83.02649, 43.54197 ], [ -83.16676, 43.57808 ], [ -83.10711, 43.85806 ], [ -83.17514, 43.88776 ], [ -83.16021, 43.95776 ], [ -83.27976, 43.92058 ], [ -83.32613, 43.87705 ], [ -83.33595, 43.83038 ], [ -83.52059, 43.6561 ], [ -83.59338, 43.66227 ], [ -83.64887, 43.57194 ], [ -83.75793, 43.58108 ], [ -83.74848, 43.62778 ], [ -83.89405, 43.63985 ], [ -83.96221, 43.66919 ], [ -83.93892, 43.78598 ], [ -83.96609, 43.83568 ], [ -84.03914, 43.84162 ], [ -84.09413, 43.75113 ], [ -84.17624, 43.71029 ], [ -84.39953, 43.70433 ], [ -84.45385, 43.6137 ], [ -84.63595, 43.6279 ], [ -84.65924, 43.70085 ], [ -84.80517, 43.71202 ], [ -84.85889, 43.62125 ], [ -84.88036, 43.50432 ], [ -84.96161, 43.46303 ], [ -85.05117, 43.37492 ], [ -85.19639, 43.38571 ], [ -85.34575, 43.37295 ], [ -85.45064, 43.40423 ], [ -85.59599, 43.41462 ], [ -85.58797, 43.46143 ], [ -85.6971, 43.46914 ], [ -85.98052, 43.53612 ], [ -86.30854, 43.55811 ], [ -86.37775, 43.58632 ], [ -86.40311, 43.65899 ], [ -86.48352, 43.61687 ], [ -86.45808, 43.54422 ], [ -86.47278, 43.4505 ], [ -86.39999, 43.44576 ], [ -86.38582, 43.30281 ], [ -86.2406, 43.2932 ], [ -86.26678, 43.12923 ], [ -86.20939, 43.03069 ], [ -86.19201, 42.91114 ], [ -86.2107, 42.79401 ], [ -86.21816, 42.74716 ], [ -86.18965, 42.69788 ], [ -86.24417, 42.58317 ], [ -86.26266, 42.46603 ], [ -86.11942, 42.45629 ], [ -86.12691, 42.40944 ], [ -86.09113, 42.40699 ], [ -86.06664, 42.33425 ], [ -86.08165, 42.24054 ], [ -85.97084, 42.25655 ], [ -85.87146, 42.2022 ], [ -85.89054, 42.08509 ], [ -85.96927, 42.04323 ], [ -85.94507, 41.97046 ], [ -85.87403, 41.96546 ], [ -85.88924, 41.87175 ], [ -85.78287, 41.86419 ], [ -85.66101, 41.95023 ], [ -85.61023, 42.25465 ], [ -85.64199, 42.28064 ], [ -85.62631, 42.37429 ], [ -85.48338, 42.36393 ], [ -85.41594, 42.33529 ], [ -85.4598, 42.07778 ], [ -85.42822, 42.05175 ], [ -85.25054, 42.03853 ], [ -85.33484, 41.54689 ], [ -85.24114, 41.46867 ], [ -84.95958, 41.44704 ], [ -84.87678, 41.51176 ], [ -84.66554, 41.49505 ], [ -84.65708, 41.54185 ], [ -84.55143, 41.53337 ], [ -84.39327, 41.6155 ], [ -84.38459, 41.66227 ], [ -84.27439, 41.67698 ], [ -84.03592, 41.79963 ], [ -84.02245, 41.86975 ], [ -83.9517, 41.8638 ], [ -83.89817, 41.95428 ], [ -83.81819, 41.99499 ], [ -83.76436, 42.08542 ], [ -83.72276, 42.29566 ], [ -83.58037, 42.28342 ], [ -83.4903, 42.37065 ], [ -83.4571, 42.53409 ], [ -83.34513, 42.54807 ], [ -83.33553, 42.59476 ], [ -83.12748, 42.71898 ], [ -82.87684, 42.69645 ], [ -82.83604, 42.71652 ], [ -82.62129, 42.6968 ], [ -82.63653, 42.62684 ], [ -82.56505, 42.62021 ], [ -82.58033, 42.55026 ], [ -82.40191, 42.53353 ], [ -82.41735, 42.4636 ], [ -82.36158, 42.38692 ], [ -82.11256, 42.36307 ], [ -82.12828, 42.29316 ], [ -81.98623, 42.27935 ], [ -81.8282, 42.33528 ], [ -81.8014, 42.45174 ], [ -81.42059, 42.67579 ], [ -81.24214, 42.65764 ], [ -80.98109, 42.67838 ], [ -80.76711, 42.65593 ], [ -80.45822, 42.57519 ], [ -80.42282, 42.7146 ], [ -80.3515, 42.70688 ], [ -80.29201, 42.79592 ], [ -80.20861, 42.83459 ], [ -80.09543, 42.84605 ], [ -79.8812, 42.8223 ], [ -79.82707, 42.88794 ], [ -79.6128, 42.86379 ], [ -79.49945, 42.87479 ], [ -79.48689, 42.92118 ], [ -79.30199, 42.92385 ], [ -79.15918, 42.90727 ], [ -79.05857, 42.87157 ], [ -79.03276, 42.96427 ], [ -79.08487, 43.04217 ], [ -79.00039, 43.08014 ], [ -78.8573, 43.06327 ], [ -78.84117, 42.98953 ], [ -78.74061, 42.95361 ], [ -78.8025, 42.86522 ], [ -78.83513, 42.74939 ], [ -78.87071, 42.75363 ], [ -78.81259, 42.69882 ], [ -78.60195, 42.79326 ], [ -78.53985, 42.88157 ], [ -78.45525, 42.91922 ], [ -78.21258, 42.86554 ], [ -78.0278, 42.86659 ], [ -78.01272, 42.79277 ], [ -77.95533, 42.73761 ], [ -77.97584, 42.66823 ], [ -77.91175, 42.63619 ], [ -77.87631, 42.63172 ], [ -77.93353, 42.6869 ], [ -77.89924, 42.80252 ], [ -77.82816, 42.79357 ], [ -77.72074, 42.65998 ], [ -77.69301, 42.75244 ], [ -77.60808, 42.7896 ], [ -77.49454, 42.79904 ], [ -77.48049, 42.84525 ], [ -77.3739, 42.8315 ], [ -77.38803, 42.7853 ], [ -77.35254, 42.7807 ], [ -77.29577, 42.84538 ], [ -77.23185, 42.81304 ], [ -77.28866, 42.74838 ], [ -77.30284, 42.7022 ], [ -77.23196, 42.69295 ], [ -77.16824, 42.66058 ], [ -77.17537, 42.63749 ], [ -77.13997, 42.63284 ], [ -77.12569, 42.67901 ], [ -77.05487, 42.66968 ], [ -77.00509, 42.71116 ], [ -76.9546, 42.87271 ], [ -76.89084, 42.84022 ], [ -76.74892, 42.82129 ], [ -76.62179, 42.7561 ], [ -76.60841, 42.68214 ], [ -76.49646, 42.57071 ], [ -76.48171, 42.61682 ], [ -76.53621, 42.79264 ], [ -76.42993, 42.77819 ], [ -76.40021, 42.87039 ], [ -76.30686, 42.92984 ], [ -76.16492, 42.91034 ], [ -75.91407, 42.99596 ], [ -75.82006, 43.0551 ], [ -75.64248, 43.03011 ], [ -75.37845, 43.04076 ], [ -75.35082, 43.01268 ], [ -75.24444, 42.99738 ], [ -75.22865, 43.04335 ], [ -75.15772, 43.0331 ], [ -75.18527, 43.06121 ], [ -75.15355, 43.15315 ], [ -75.29572, 43.17362 ], [ -75.34322, 43.25279 ], [ -75.40658, 43.28595 ], [ -75.52132, 43.27814 ], [ -75.69957, 43.30327 ], [ -75.75844, 43.23923 ], [ -75.85767, 43.27718 ], [ -76.00036, 43.29697 ], [ -76.19943, 43.37248 ], [ -76.25582, 43.42831 ], [ -76.23311, 43.49742 ], [ -76.45564, 43.50346 ], [ -76.62878, 43.43045 ], [ -76.65842, 43.33821 ], [ -76.75205, 43.27854 ], [ -76.93079, 43.30217 ], [ -76.98837, 43.23765 ], [ -77.16707, 43.26099 ], [ -77.30299, 43.30261 ], [ -77.41749, 43.29331 ], [ -77.50324, 43.25626 ], [ -77.46004, 43.15472 ], [ -77.47418, 43.10852 ], [ -77.55964, 43.07144 ], [ -77.66668, 43.08505 ], [ -77.72414, 43.14031 ], [ -77.6892, 43.25587 ], [ -77.718, 43.2835 ], [ -77.8185, 43.32012 ], [ -77.9619, 43.338 ], [ -77.99086, 43.36558 ], [ -78.17031, 43.3877 ], [ -78.543, 43.38499 ], [ -78.59895, 43.31984 ], [ -78.77848, 43.34123 ], [ -78.79167, 43.2949 ], [ -78.94181, 43.28867 ], [ -78.95487, 43.24233 ], [ -79.13429, 43.26328 ], [ -79.19592, 43.17472 ], [ -79.23818, 43.15569 ], [ -79.41111, 43.19948 ], [ -79.59057, 43.21987 ], [ -79.69206, 43.2552 ], [ -79.84201, 43.24805 ], [ -79.79367, 43.29046 ] ], [ [ -85.12629, 42.33742 ], [ -85.1345, 42.29061 ], [ -85.24152, 42.29866 ], [ -85.23338, 42.34546 ], [ -85.12629, 42.33742 ] ], [ [ -86.07427, 42.73739 ], [ -86.14245, 42.76572 ], [ -86.13118, 42.83599 ], [ -86.02311, 42.82861 ], [ -86.07427, 42.73739 ] ] ], [ [ [ -76.31269, 42.11224 ], [ -76.39012, 42.09888 ], [ -76.32007, 42.08918 ], [ -76.31269, 42.11224 ] ] ], [ [ [ -87.9504, 43.11346 ], [ -87.91105, 43.13492 ], [ -87.89862, 43.22877 ], [ -87.92253, 43.32463 ], [ -88.00145, 43.28169 ], [ -88.04698, 43.21327 ], [ -88.05917, 43.11941 ], [ -87.9504, 43.11346 ] ] ], [ [ [ -76.81087, 42.15632 ], [ -76.81717, 42.25336 ], [ -76.84597, 42.16106 ], [ -76.81087, 42.15632 ] ] ], [ [ [ -79.01281, 42.50717 ], [ -79.01923, 42.48399 ], [ -78.9838, 42.47979 ], [ -78.9548, 42.45241 ], [ -78.93547, 42.52193 ], [ -78.92902, 42.5451 ], [ -78.97736, 42.50296 ], [ -79.01281, 42.50717 ] ] ], [ [ [ -78.78357, 42.6714 ], [ -78.81259, 42.69882 ], [ -78.81911, 42.67565 ], [ -78.78357, 42.6714 ] ] ], [ [ [ -86.42483, 43.75508 ], [ -86.43224, 43.70822 ], [ -86.25327, 43.67282 ], [ -86.23061, 43.81336 ], [ -86.25211, 43.90947 ], [ -86.31793, 43.96114 ], [ -86.34045, 43.82059 ], [ -86.42483, 43.75508 ] ] ], [ [ [ -76.03982, 41.71274 ], [ -76.05975, 41.76374 ], [ -76.07461, 41.71766 ], [ -76.03982, 41.71274 ] ] ], [ [ [ -76.08715, 41.7917 ], [ -76.12199, 41.79661 ], [ -76.1368, 41.75052 ], [ -76.10199, 41.74561 ], [ -76.08715, 41.7917 ] ] ], [ [ [ -76.27027, 42.13042 ], [ -76.29792, 42.15834 ], [ -76.30531, 42.13529 ], [ -76.27027, 42.13042 ] ] ], [ [ [ -76.02513, 42.09614 ], [ -75.8502, 42.0714 ], [ -75.77737, 42.18155 ], [ -75.8323, 42.23756 ], [ -75.93259, 42.15537 ], [ -76.10779, 42.18001 ], [ -76.12271, 42.13393 ], [ -76.08768, 42.12902 ], [ -76.03262, 42.07311 ], [ -76.02513, 42.09614 ] ] ], [ [ [ -72.89927, 42.00703 ], [ -72.93395, 42.01271 ], [ -72.95116, 41.96698 ], [ -72.9165, 41.9613 ], [ -72.89927, 42.00703 ] ] ], [ [ [ -71.95104, 42.26183 ], [ -72.099, 42.2626 ], [ -72.22916, 42.30885 ], [ -72.20239, 42.37731 ], [ -72.3158, 42.372 ], [ -72.3513, 42.2807 ], [ -72.34311, 42.2064 ], [ -72.27363, 42.19475 ], [ -72.3091, 42.10345 ], [ -72.23974, 42.09179 ], [ -72.26634, 42.02332 ], [ -72.20596, 41.98881 ], [ -72.17041, 42.08008 ], [ -72.07431, 42.13678 ], [ -71.9703, 42.1191 ], [ -71.91765, 42.15879 ], [ -71.89963, 42.20439 ], [ -71.93433, 42.21031 ], [ -71.91631, 42.25591 ], [ -71.95104, 42.26183 ] ] ], [ [ [ -72.43802, 42.34377 ], [ -72.44634, 42.41806 ], [ -72.5161, 42.42963 ], [ -72.51569, 42.52674 ], [ -72.44478, 42.70939 ], [ -72.506, 42.74379 ], [ -72.54144, 42.65246 ], [ -72.64671, 42.57262 ], [ -72.75179, 42.29846 ], [ -72.78663, 42.30418 ], [ -72.84741, 42.14419 ], [ -72.81266, 42.13849 ], [ -72.78661, 42.20705 ], [ -72.71705, 42.19561 ], [ -72.69087, 42.26416 ], [ -72.60374, 42.29836 ], [ -72.38609, 42.28651 ], [ -72.36837, 42.33217 ], [ -72.43802, 42.34377 ] ] ], [ [ [ -71.7834, 42.4036 ], [ -71.8454, 42.34117 ], [ -71.81064, 42.33523 ], [ -71.7834, 42.4036 ] ] ], [ [ [ -73.35483, 43.46257 ], [ -73.36442, 43.53678 ], [ -73.31146, 43.57696 ], [ -73.35668, 43.65675 ], [ -73.42803, 43.66787 ], [ -73.40102, 43.63943 ], [ -73.43563, 43.5479 ], [ -73.44427, 43.52502 ], [ -73.47014, 43.45636 ], [ -73.54128, 43.46743 ], [ -73.55844, 43.42165 ], [ -73.59399, 43.42717 ], [ -73.60255, 43.40427 ], [ -73.65518, 43.36399 ], [ -73.6907, 43.36948 ], [ -73.72473, 43.27788 ], [ -73.78403, 43.11755 ], [ -73.87167, 43.08265 ], [ -74.00934, 42.91019 ], [ -74.05925, 42.77266 ], [ -74.02403, 42.76726 ], [ -74.05723, 42.67557 ], [ -73.98692, 42.66474 ], [ -74.01183, 42.59598 ], [ -73.94161, 42.58513 ], [ -73.99969, 42.42469 ], [ -74.113, 42.41798 ], [ -74.14588, 42.32625 ], [ -74.05747, 42.26422 ], [ -73.91779, 42.24253 ], [ -73.86629, 42.28293 ], [ -73.85798, 42.30584 ], [ -73.73649, 42.33527 ], [ -73.73499, 42.23815 ], [ -73.77665, 42.12359 ], [ -73.80158, 42.05485 ], [ -73.73201, 42.0439 ], [ -73.68747, 41.96419 ], [ -73.72074, 41.87255 ], [ -73.5474, 41.84501 ], [ -73.45187, 41.80549 ], [ -73.34803, 41.7888 ], [ -73.34891, 41.88594 ], [ -73.27268, 42.09193 ], [ -73.40334, 42.13713 ], [ -73.48139, 42.12534 ], [ -73.59548, 42.21616 ], [ -73.52811, 42.39934 ], [ -73.52317, 42.71356 ], [ -73.54983, 42.74199 ], [ -73.51468, 42.73646 ], [ -73.48064, 42.82802 ], [ -73.44544, 42.82247 ], [ -73.4369, 42.84536 ], [ -73.47211, 42.85091 ], [ -73.43795, 42.94246 ], [ -73.50848, 42.95355 ], [ -73.48286, 43.02222 ], [ -73.51935, 43.12485 ], [ -73.45935, 43.28506 ], [ -73.42389, 43.27951 ], [ -73.40667, 43.32528 ], [ -73.37119, 43.31972 ], [ -73.35391, 43.36548 ], [ -73.38941, 43.37105 ], [ -73.35483, 43.46257 ] ] ], [ [ [ -74.98048, 43.00731 ], [ -75.01591, 43.01248 ], [ -75.03185, 42.96653 ], [ -74.99644, 42.96136 ], [ -74.98048, 43.00731 ] ] ], [ [ [ -74.64561, 43.00626 ], [ -74.67802, 42.91444 ], [ -74.60732, 42.90392 ], [ -74.59108, 42.94982 ], [ -74.62645, 42.95509 ], [ -74.61021, 43.001 ], [ -74.64561, 43.00626 ] ] ], [ [ [ -74.15056, 42.93178 ], [ -74.39794, 42.96923 ], [ -74.43069, 42.87746 ], [ -74.31657, 42.88442 ], [ -74.17539, 42.863 ], [ -74.15056, 42.93178 ] ] ], [ [ [ -71.7395, 42.42043 ], [ -71.65726, 42.62549 ], [ -71.53413, 42.65305 ], [ -71.50644, 42.72136 ], [ -71.43655, 42.70931 ], [ -71.39945, 42.80037 ], [ -71.31085, 42.83378 ], [ -71.20341, 42.91264 ], [ -71.16584, 43.00363 ], [ -71.07682, 43.0369 ], [ -71.03898, 43.12785 ], [ -70.86989, 43.17145 ], [ -70.83167, 43.26235 ], [ -70.56264, 43.36138 ], [ -70.54325, 43.40679 ], [ -70.68431, 43.43171 ], [ -70.74847, 43.36977 ], [ -70.81899, 43.38215 ], [ -70.88297, 43.32015 ], [ -71.02396, 43.34475 ], [ -71.0809, 43.20832 ], [ -71.15386, 43.12346 ], [ -71.22417, 43.13565 ], [ -71.30622, 43.02796 ], [ -71.48184, 43.05818 ], [ -71.52627, 43.04143 ], [ -71.58182, 42.9048 ], [ -71.65196, 42.91678 ], [ -71.80761, 42.52945 ], [ -71.80912, 42.43234 ], [ -71.7395, 42.42043 ] ] ], [ [ [ -73.40302, 43.83361 ], [ -73.38465, 43.78228 ], [ -73.35854, 43.85093 ], [ -73.38562, 43.87937 ], [ -73.42143, 43.88493 ], [ -73.4388, 43.83917 ], [ -73.40302, 43.83361 ] ] ], [ [ [ -73.3701, 44.11932 ], [ -73.33416, 44.11374 ], [ -73.19315, 44.47974 ], [ -73.2751, 44.56517 ], [ -73.3113, 44.57076 ], [ -73.32013, 44.54788 ], [ -73.35633, 44.55346 ], [ -73.39154, 44.46193 ], [ -73.42769, 44.46748 ], [ -73.43646, 44.4446 ], [ -73.35446, 44.35926 ], [ -73.38955, 44.26774 ], [ -73.35352, 44.26217 ], [ -73.37106, 44.21641 ], [ -73.40706, 44.22197 ], [ -73.43327, 44.15332 ], [ -73.47796, 44.13598 ], [ -73.47683, 44.03889 ], [ -73.40504, 44.02779 ], [ -73.3701, 44.11932 ] ] ] ] } },
{ "type": "Feature", "properties": { "ID": 13 }, "geometry": { "type": "MultiPolygon", "coordinates": [ [ [ [ -109.01581, 40.11273 ], [ -109.07023, 40.03614 ], [ -108.89389, 40.02887 ], [ -108.75656, 40.0416 ], [ -108.77519, 40.13512 ], [ -108.81893, 40.1787 ], [ -108.95653, 40.16591 ], [ -109.01581, 40.11273 ] ] ], [ [ [ -108.57799, 40.20076 ], [ -108.65609, 40.24126 ], [ -108.72498, 40.23496 ], [ -108.66739, 40.12121 ], [ -108.56422, 40.1306 ], [ -108.57799, 40.20076 ] ] ], [ [ [ -91.13559, 43.419 ], [ -91.21232, 43.37436 ], [ -91.21785, 43.3038 ], [ -91.14868, 43.25437 ], [ -91.15241, 43.20734 ], [ -91.23253, 43.11565 ], [ -91.25075, 42.88045 ], [ -91.43178, 42.88623 ], [ -91.54211, 42.86607 ], [ -91.55061, 42.74844 ], [ -91.48352, 42.67564 ], [ -91.52643, 42.58265 ], [ -91.59849, 42.58486 ], [ -91.67386, 42.53997 ], [ -91.67714, 42.49291 ], [ -92.00104, 42.50221 ], [ -92.00408, 42.45515 ], [ -92.2199, 42.46094 ], [ -92.28762, 42.53341 ], [ -92.46771, 42.53791 ], [ -92.47442, 42.42022 ], [ -92.54894, 42.37488 ], [ -92.65673, 42.37741 ], [ -92.65927, 42.33033 ], [ -92.73355, 42.28489 ], [ -92.98473, 42.29035 ], [ -92.98244, 42.33744 ], [ -93.08908, 42.36319 ], [ -93.16201, 42.34107 ], [ -93.3416, 42.34449 ], [ -93.34362, 42.2974 ], [ -93.55899, 42.30119 ], [ -93.69823, 42.42129 ], [ -93.8053, 42.44651 ], [ -94.59709, 42.45634 ], [ -94.59602, 42.50345 ], [ -94.84819, 42.50567 ], [ -94.91983, 42.52977 ], [ -95.10037, 42.50745 ], [ -95.31654, 42.50863 ], [ -95.42441, 42.53265 ], [ -95.42397, 42.57976 ], [ -95.53218, 42.58015 ], [ -95.5676, 42.67447 ], [ -95.7121, 42.67483 ], [ -95.82041, 42.69855 ], [ -95.82028, 42.74566 ], [ -95.96495, 42.74576 ], [ -96.00112, 42.83997 ], [ -96.39957, 42.83942 ], [ -96.39988, 42.88653 ], [ -96.83487, 42.88468 ], [ -96.94398, 42.90757 ], [ -96.9447, 42.95467 ], [ -97.16243, 42.9531 ], [ -97.16332, 43.0002 ], [ -97.30858, 42.99897 ], [ -97.30958, 43.04606 ], [ -97.45774, 43.16242 ], [ -97.60893, 43.37281 ], [ -97.71853, 43.37157 ], [ -97.75778, 43.46532 ], [ -97.83237, 43.51151 ], [ -97.9056, 43.51058 ], [ -97.94446, 43.58074 ], [ -98.09108, 43.57873 ], [ -98.16607, 43.62476 ], [ -98.20616, 43.71838 ], [ -98.39077, 43.73907 ], [ -98.39262, 43.78615 ], [ -98.61327, 43.78242 ], [ -98.60619, 43.61765 ], [ -98.67953, 43.61633 ], [ -98.66715, 43.33387 ], [ -98.70365, 43.3332 ], [ -98.69638, 43.16843 ], [ -98.65793, 43.12201 ], [ -98.58717, 43.17039 ], [ -98.25949, 43.17581 ], [ -98.22137, 43.12928 ], [ -98.21797, 43.03511 ], [ -98.17997, 42.98857 ], [ -98.03398, 42.96712 ], [ -98.03242, 42.92003 ], [ -97.92363, 42.9215 ], [ -97.88593, 42.87488 ], [ -97.87803, 42.61587 ], [ -97.91193, 42.54475 ], [ -98.05298, 42.44859 ], [ -98.19608, 42.42293 ], [ -98.2346, 42.49302 ], [ -98.2397, 42.6343 ], [ -98.42108, 42.65495 ], [ -98.49044, 42.5831 ], [ -98.63468, 42.58055 ], [ -98.63668, 42.62764 ], [ -98.74493, 42.62563 ], [ -98.73245, 42.34311 ], [ -98.76837, 42.34242 ], [ -98.76104, 42.1776 ], [ -98.72522, 42.17828 ], [ -98.71905, 42.037 ], [ -98.63861, 41.82638 ], [ -98.56736, 41.82767 ], [ -98.52888, 41.75764 ], [ -98.52509, 41.66343 ], [ -98.48676, 41.59338 ], [ -98.41397, 41.54749 ], [ -98.41036, 41.45326 ], [ -98.33691, 41.38376 ], [ -98.26615, 41.3849 ], [ -98.19786, 41.45669 ], [ -97.94991, 41.4603 ], [ -97.95137, 41.50742 ], [ -97.77411, 41.50974 ], [ -97.63291, 41.53499 ], [ -97.63413, 41.58212 ], [ -97.52765, 41.5833 ], [ -97.5288, 41.63042 ], [ -97.31615, 41.6561 ], [ -97.31714, 41.70322 ], [ -97.21044, 41.70416 ], [ -97.21135, 41.75128 ], [ -96.92661, 41.75341 ], [ -96.92731, 41.80053 ], [ -96.46421, 41.80278 ], [ -96.46386, 41.75566 ], [ -96.32148, 41.75605 ], [ -96.25094, 41.92111 ], [ -96.25179, 42.13314 ], [ -96.21606, 42.15675 ], [ -96.00111, 42.15692 ], [ -95.96529, 42.13335 ], [ -95.96541, 41.92133 ], [ -95.92972, 41.92132 ], [ -95.92996, 41.70927 ], [ -95.85892, 41.66209 ], [ -95.75229, 41.66194 ], [ -95.75275, 41.54412 ], [ -95.6818, 41.54398 ], [ -95.576, 41.44944 ], [ -95.57647, 41.37874 ], [ -95.36417, 41.37795 ], [ -95.29472, 41.25978 ], [ -95.11814, 41.25879 ], [ -95.04821, 41.2112 ], [ -95.04892, 41.16406 ], [ -94.62579, 41.16059 ], [ -94.48532, 41.13558 ], [ -94.48644, 41.08845 ], [ -94.38079, 41.08728 ], [ -94.37958, 41.13441 ], [ -94.20271, 41.15586 ], [ -94.20137, 41.20299 ], [ -94.02497, 41.20065 ], [ -93.95137, 41.2939 ], [ -93.94754, 41.41172 ], [ -93.87517, 41.4578 ], [ -93.80433, 41.45673 ], [ -93.80104, 41.55096 ], [ -93.83408, 41.62218 ], [ -93.7597, 41.71531 ], [ -93.61745, 41.71301 ], [ -93.54817, 41.6647 ], [ -93.51543, 41.59342 ], [ -93.44636, 41.54506 ], [ -93.3045, 41.54245 ], [ -93.30652, 41.49534 ], [ -92.9522, 41.4882 ], [ -92.74086, 41.45995 ], [ -92.7433, 41.41284 ], [ -92.56639, 41.40868 ], [ -92.59923, 41.45663 ], [ -92.42222, 41.4523 ], [ -92.28201, 41.42512 ], [ -92.20983, 41.44681 ], [ -92.09782, 41.53812 ], [ -91.84974, 41.53112 ], [ -91.84663, 41.5782 ], [ -91.70479, 41.57401 ], [ -91.6306, 41.61893 ], [ -91.62405, 41.71308 ], [ -91.51408, 41.75685 ], [ -91.44639, 41.70754 ], [ -91.41945, 41.58872 ], [ -91.31658, 41.5382 ], [ -91.06859, 41.52983 ], [ -91.03503, 41.50507 ], [ -90.71642, 41.49361 ], [ -90.67307, 41.58641 ], [ -90.42498, 41.57693 ], [ -90.24568, 41.59341 ], [ -90.11494, 41.47003 ], [ -89.97348, 41.46411 ], [ -89.94265, 41.41557 ], [ -89.83666, 41.41102 ], [ -89.77298, 41.33739 ], [ -89.78225, 41.24331 ], [ -89.74934, 41.21824 ], [ -89.57327, 41.21037 ], [ -89.56849, 41.2574 ], [ -89.4153, 41.3685 ], [ -89.30943, 41.36355 ], [ -89.30444, 41.41057 ], [ -89.1985, 41.40554 ], [ -88.93029, 41.58151 ], [ -88.75332, 41.57262 ], [ -88.6007, 41.65932 ], [ -88.59516, 41.7063 ], [ -88.48878, 41.70075 ], [ -88.48315, 41.74772 ], [ -88.36526, 41.83603 ], [ -88.33937, 42.04737 ], [ -88.16116, 42.03775 ], [ -88.15525, 42.08471 ], [ -88.07198, 42.1747 ], [ -88.03627, 42.17272 ], [ -88.10172, 42.22361 ], [ -88.08677, 42.34098 ], [ -88.11362, 42.41336 ], [ -88.21528, 42.46614 ], [ -88.19158, 42.65393 ], [ -88.22757, 42.65586 ], [ -88.22165, 42.7028 ], [ -88.18563, 42.70087 ], [ -88.17968, 42.74781 ], [ -88.21573, 42.74975 ], [ -88.20384, 42.84364 ], [ -88.23994, 42.84557 ], [ -88.23698, 42.86904 ], [ -88.48987, 42.8823 ], [ -88.48125, 42.95273 ], [ -88.54791, 43.0034 ], [ -88.62033, 43.00708 ], [ -88.68436, 43.08117 ], [ -88.67031, 43.19856 ], [ -88.70103, 43.24733 ], [ -88.91921, 43.25804 ], [ -89.00808, 43.12063 ], [ -89.01879, 43.02668 ], [ -88.99061, 42.95449 ], [ -89.0683, 42.91098 ], [ -89.11236, 42.84223 ], [ -89.12287, 42.74827 ], [ -89.2002, 42.70469 ], [ -89.24398, 42.63589 ], [ -89.42156, 42.66766 ], [ -89.50353, 42.57692 ], [ -89.51585, 42.45943 ], [ -89.69307, 42.49087 ], [ -89.75547, 42.58799 ], [ -89.82512, 42.61458 ], [ -90.00521, 42.62213 ], [ -90.00065, 42.66914 ], [ -90.21698, 42.67792 ], [ -90.43126, 42.70988 ], [ -90.46101, 42.7818 ], [ -90.59729, 42.88128 ], [ -90.74206, 42.88657 ], [ -90.74005, 42.91008 ], [ -90.88489, 42.91524 ], [ -90.95347, 42.96479 ], [ -90.88098, 42.96227 ], [ -90.80452, 43.00674 ], [ -90.80054, 43.05377 ], [ -90.72188, 43.12171 ], [ -90.61289, 43.11773 ], [ -90.60875, 43.16476 ], [ -90.86329, 43.17391 ], [ -90.86131, 43.19742 ], [ -90.8977, 43.19869 ], [ -90.89966, 43.17518 ], [ -90.9724, 43.17769 ], [ -91.05274, 43.0861 ], [ -91.03943, 43.25072 ], [ -91.00301, 43.24948 ], [ -90.99917, 43.29652 ], [ -91.02987, 43.3683 ], [ -91.13934, 43.37196 ], [ -91.13559, 43.419 ] ], [ [ -97.3216, 41.91525 ], [ -97.42865, 41.91423 ], [ -97.4671, 42.03165 ], [ -97.35985, 42.0327 ], [ -97.28689, 41.96269 ], [ -97.28592, 41.91558 ], [ -97.17886, 41.91649 ], [ -97.17797, 41.86938 ], [ -97.32061, 41.86814 ], [ -97.3216, 41.91525 ] ] ], [ [ [ -89.30873, 43.04026 ], [ -89.3036, 43.08724 ], [ -89.37108, 43.13753 ], [ -89.41749, 43.0452 ], [ -89.30873, 43.04026 ] ] ], [ [ [ -87.86037, 42.96665 ], [ -87.92962, 42.99413 ], [ -87.91105, 43.13492 ], [ -87.9504, 43.11346 ], [ -88.09544, 43.12137 ], [ -88.14375, 43.02945 ], [ -88.11056, 43.00403 ], [ -88.11659, 42.9571 ], [ -87.93579, 42.9472 ], [ -87.86037, 42.96665 ] ] ] ] } },
{ "type": "Feature", "properties": { "ID": 14 }, "geometry": { "type": "MultiPolygon", "coordinates": [ [ [ [ -108.42365, 39.40527 ], [ -108.41917, 39.38186 ], [ -108.38516, 39.38494 ], [ -108.38963, 39.40835 ], [ -108.42365, 39.40527 ] ] ], [ [ [ -73.97561, 42.08208 ], [ -73.92428, 42.12249 ], [ -73.91779, 42.24253 ], [ -73.98762, 42.25339 ], [ -74.05348, 42.06998 ], [ -74.10469, 42.02952 ], [ -74.20912, 42.04566 ], [ -74.27645, 41.95925 ], [ -74.32501, 41.82158 ], [ -74.46389, 41.84287 ], [ -74.50664, 41.82522 ], [ -74.61822, 41.50373 ], [ -74.66069, 41.48603 ], [ -75.07571, 41.54854 ], [ -75.02206, 41.49223 ], [ -75.01083, 41.41808 ], [ -74.88052, 41.37432 ], [ -74.91175, 41.28238 ], [ -75.01172, 41.20078 ], [ -75.15716, 41.19842 ], [ -75.2758, 41.16778 ], [ -75.37512, 41.08593 ], [ -75.40548, 40.99385 ], [ -75.50854, 41.00906 ], [ -75.56548, 40.94503 ], [ -75.70284, 40.96513 ], [ -75.7148, 41.03925 ], [ -75.78359, 41.04924 ], [ -75.84771, 40.96206 ], [ -75.91644, 40.97199 ], [ -75.85713, 41.15634 ], [ -75.8916, 41.16131 ], [ -75.87674, 41.20739 ], [ -75.91124, 41.21236 ], [ -75.88151, 41.30452 ], [ -75.77788, 41.28959 ], [ -75.79283, 41.24352 ], [ -75.75832, 41.23853 ], [ -75.65926, 41.32064 ], [ -75.6291, 41.41275 ], [ -75.57938, 41.45377 ], [ -75.67569, 41.49187 ], [ -75.70732, 41.61702 ], [ -75.90071, 41.69297 ], [ -76.07461, 41.71766 ], [ -76.06718, 41.7407 ], [ -76.1368, 41.75052 ], [ -76.12199, 41.79661 ], [ -76.15683, 41.80151 ], [ -76.26875, 41.79311 ], [ -76.28154, 41.86713 ], [ -76.42115, 41.88653 ], [ -76.41948, 42.00665 ], [ -76.27961, 41.98726 ], [ -76.22245, 42.05153 ], [ -76.08253, 42.03195 ], [ -76.0401, 42.05007 ], [ -76.03262, 42.07311 ], [ -76.08768, 42.12902 ], [ -76.15774, 42.13883 ], [ -76.16518, 42.11578 ], [ -76.30531, 42.13529 ], [ -76.32007, 42.08918 ], [ -76.35509, 42.09404 ], [ -76.36246, 42.07098 ], [ -76.39747, 42.07582 ], [ -76.41215, 42.02971 ], [ -76.58718, 42.05377 ], [ -76.64397, 41.98935 ], [ -76.58127, 41.95671 ], [ -76.60304, 41.88751 ], [ -76.56811, 41.88272 ], [ -76.58262, 41.83658 ], [ -76.65243, 41.84615 ], [ -76.74383, 41.78645 ], [ -76.76536, 41.71722 ], [ -76.6188, 41.72123 ], [ -76.4795, 41.70203 ], [ -76.33478, 41.5856 ], [ -76.23793, 41.54795 ], [ -76.06444, 41.52346 ], [ -76.03717, 41.49549 ], [ -76.0889, 41.33416 ], [ -76.21466, 41.27969 ], [ -76.38754, 41.304 ], [ -76.53315, 41.30023 ], [ -76.6919, 41.37032 ], [ -76.76121, 41.37983 ], [ -76.73979, 41.44908 ], [ -76.87862, 41.46803 ], [ -77.02457, 41.46376 ], [ -77.08739, 41.37604 ], [ -77.23312, 41.37155 ], [ -77.39973, 41.41774 ], [ -77.44105, 41.27903 ], [ -77.57971, 41.2973 ], [ -77.70489, 41.3617 ], [ -77.87854, 41.3842 ], [ -77.98948, 41.37445 ], [ -78.05751, 41.26316 ], [ -78.15994, 41.15625 ], [ -78.29853, 41.17382 ], [ -78.38089, 41.13622 ], [ -78.43502, 41.07107 ], [ -78.51717, 41.03339 ], [ -78.65559, 41.05061 ], [ -78.62351, 41.1665 ], [ -78.57594, 41.20855 ], [ -78.82529, 41.21531 ], [ -78.838, 41.16894 ], [ -78.9768, 41.18585 ], [ -79.03367, 41.24064 ], [ -79.17268, 41.25736 ], [ -79.10662, 41.36917 ], [ -79.35046, 41.39821 ], [ -79.31327, 41.53743 ], [ -79.38313, 41.54566 ], [ -79.35835, 41.63847 ], [ -79.42215, 41.66989 ], [ -79.44685, 41.57707 ], [ -79.49411, 41.53474 ], [ -79.59893, 41.54695 ], [ -79.56834, 41.66301 ], [ -79.70842, 41.6792 ], [ -79.76031, 41.75689 ], [ -79.87159, 41.74568 ], [ -79.92974, 41.80009 ], [ -79.89964, 41.9162 ], [ -79.86446, 41.91222 ], [ -79.88756, 41.96264 ], [ -79.99919, 41.95133 ], [ -80.09345, 41.86632 ], [ -80.04567, 42.05214 ], [ -79.97516, 42.04423 ], [ -79.91575, 42.13314 ], [ -79.84517, 42.12517 ], [ -79.83301, 42.1716 ], [ -79.7855, 42.21402 ], [ -79.89759, 42.2028 ], [ -79.9097, 42.15636 ], [ -79.99238, 42.11786 ], [ -80.13359, 42.13362 ], [ -80.2161, 42.09499 ], [ -80.26914, 42.02919 ], [ -80.35142, 41.99048 ], [ -80.45717, 42.00205 ], [ -80.46883, 41.95557 ], [ -80.6098, 41.97087 ], [ -80.66231, 41.90492 ], [ -80.74419, 41.86598 ], [ -80.88502, 41.88101 ], [ -81.00193, 41.84566 ], [ -81.05393, 41.77956 ], [ -81.15945, 41.79062 ], [ -81.24087, 41.7514 ], [ -81.28704, 41.70849 ], [ -81.36828, 41.66919 ], [ -81.4143, 41.62624 ], [ -81.46026, 41.58328 ], [ -81.53043, 41.28049 ], [ -81.6352, 41.2912 ], [ -81.69445, 41.3449 ], [ -81.74531, 41.27853 ], [ -81.8257, 41.23896 ], [ -82.03525, 41.25987 ], [ -82.04561, 41.21324 ], [ -82.08052, 41.21669 ], [ -82.10114, 41.12342 ], [ -82.20064, 41.15704 ], [ -82.34022, 41.17065 ], [ -82.36045, 41.07733 ], [ -82.46503, 41.08743 ], [ -82.62433, 41.00743 ], [ -82.67887, 40.91737 ], [ -82.74844, 40.92396 ], [ -82.76799, 40.83057 ], [ -82.75767, 40.71054 ], [ -82.83672, 40.67038 ], [ -82.81662, 40.59705 ], [ -82.83597, 40.50363 ], [ -82.77655, 40.45037 ], [ -82.79108, 40.3803 ], [ -82.70221, 40.30036 ], [ -82.59888, 40.29043 ], [ -82.55461, 40.33381 ], [ -82.52997, 40.45055 ], [ -82.45597, 40.4672 ], [ -82.28338, 40.45031 ], [ -82.27332, 40.49698 ], [ -82.1007, 40.47986 ], [ -82.05085, 40.5464 ], [ -82.0252, 40.66303 ], [ -82.03927, 40.75979 ], [ -81.99429, 40.80297 ], [ -81.85559, 40.78902 ], [ -81.87641, 40.69575 ], [ -81.81761, 40.6421 ], [ -81.74845, 40.63505 ], [ -81.66877, 40.6746 ], [ -81.61831, 40.74097 ], [ -81.56517, 40.97402 ], [ -81.62938, 41.00446 ], [ -81.6081, 41.09767 ], [ -81.62696, 41.17114 ], [ -81.41244, 41.17292 ], [ -81.43403, 41.07974 ], [ -81.43157, 40.93635 ], [ -81.32742, 40.92549 ], [ -81.24508, 40.82138 ], [ -81.26137, 40.7515 ], [ -81.12295, 40.73683 ], [ -80.99011, 40.69873 ], [ -80.88086, 40.71082 ], [ -80.80055, 40.74987 ], [ -80.78935, 40.79642 ], [ -80.65094, 40.78129 ], [ -80.5704, 40.8202 ], [ -80.47832, 40.90559 ], [ -80.4439, 41.04515 ], [ -80.27613, 41.00253 ], [ -80.30512, 40.88627 ], [ -80.16663, 40.87066 ], [ -80.13786, 40.84349 ], [ -79.9995, 40.82772 ], [ -79.90171, 40.79256 ], [ -79.88495, 40.71885 ], [ -79.74693, 40.70283 ], [ -79.73497, 40.74929 ], [ -79.63143, 40.73718 ], [ -79.61938, 40.78363 ], [ -79.44069, 40.78648 ], [ -79.43663, 40.66628 ], [ -79.23612, 40.61832 ], [ -79.16112, 40.63321 ], [ -79.15143, 40.5362 ], [ -79.19453, 40.37369 ], [ -79.25331, 40.28497 ], [ -79.20322, 40.207 ], [ -79.36819, 40.25091 ], [ -79.50702, 40.12382 ], [ -79.57111, 40.01169 ], [ -79.66311, 39.92683 ], [ -79.72083, 39.83786 ], [ -79.75617, 39.69833 ], [ -79.87662, 39.49697 ], [ -79.78089, 39.46168 ], [ -79.79258, 39.41515 ], [ -79.69114, 39.40306 ], [ -79.67498, 39.32922 ], [ -79.56187, 39.36357 ], [ -79.5263, 39.50311 ], [ -79.5025, 39.59611 ], [ -79.33308, 39.57557 ], [ -79.2848, 39.76149 ], [ -79.14632, 39.88841 ], [ -79.14287, 39.7681 ], [ -79.00706, 39.75133 ], [ -78.92683, 39.78934 ], [ -78.91143, 39.71545 ], [ -79.08998, 39.5697 ], [ -79.15769, 39.57806 ], [ -79.24962, 39.49342 ], [ -79.26772, 39.42369 ], [ -79.20015, 39.41539 ], [ -79.07115, 39.37543 ], [ -79.06506, 39.39867 ], [ -79.06835, 39.51904 ], [ -78.96074, 39.52965 ], [ -78.87457, 39.59086 ], [ -78.8899, 39.66477 ], [ -78.86512, 39.75765 ], [ -78.73835, 39.83773 ], [ -78.6025, 39.82057 ], [ -78.57725, 39.91338 ], [ -78.70702, 39.95377 ], [ -78.66296, 40.11619 ], [ -78.56938, 40.20038 ], [ -78.40509, 40.15552 ], [ -78.26403, 40.2815 ], [ -78.23811, 40.37421 ], [ -78.3408, 40.38735 ], [ -78.39433, 40.32217 ], [ -78.44352, 40.40042 ], [ -78.45212, 40.49749 ], [ -78.37708, 40.51197 ], [ -78.20561, 40.49007 ], [ -78.16646, 40.62908 ], [ -78.02909, 40.61137 ], [ -77.97494, 40.67639 ], [ -77.80317, 40.654 ], [ -77.70688, 40.61733 ], [ -77.57696, 40.69627 ], [ -77.43279, 40.70112 ], [ -77.41916, 40.74738 ], [ -77.30923, 40.75669 ], [ -77.28861, 40.82605 ], [ -77.19218, 40.90925 ], [ -77.10942, 40.94616 ], [ -77.09549, 40.99237 ], [ -76.97107, 41.04763 ], [ -76.94295, 41.14002 ], [ -76.97047, 41.16782 ], [ -76.86681, 41.15369 ], [ -76.80391, 41.24132 ], [ -76.73475, 41.23182 ], [ -76.72868, 41.13472 ], [ -76.62514, 41.1204 ], [ -76.50154, 41.05505 ], [ -76.37097, 41.01265 ], [ -76.46144, 40.9531 ], [ -76.49734, 40.83771 ], [ -76.56027, 40.75019 ], [ -76.49167, 40.74057 ], [ -76.52026, 40.64824 ], [ -76.34911, 40.62407 ], [ -76.17599, 40.71993 ], [ -76.00477, 40.69535 ], [ -75.90947, 40.65745 ], [ -75.70583, 40.84493 ], [ -75.53446, 40.81978 ], [ -75.38233, 40.84556 ], [ -75.29862, 40.8814 ], [ -75.19582, 40.86604 ], [ -75.16521, 40.95808 ], [ -75.02032, 40.96046 ], [ -74.97056, 41.00127 ], [ -74.8987, 40.8937 ], [ -74.92967, 40.80172 ], [ -74.68258, 40.78812 ], [ -74.60919, 40.89776 ], [ -74.40642, 40.96315 ], [ -74.37462, 41.05501 ], [ -74.28207, 41.1132 ], [ -74.25001, 41.20502 ], [ -74.10453, 41.20646 ], [ -74.02154, 41.3387 ], [ -74.1329, 41.33196 ], [ -74.29472, 41.28459 ], [ -74.31075, 41.23868 ], [ -74.44834, 41.26 ], [ -74.55951, 41.25293 ], [ -74.50394, 41.41369 ], [ -74.41898, 41.449 ], [ -74.3709, 41.58674 ], [ -74.32023, 41.6273 ], [ -74.20027, 41.65713 ], [ -74.16781, 41.74889 ], [ -74.10873, 41.81232 ], [ -74.11896, 41.88652 ], [ -74.06788, 41.92699 ], [ -74.03314, 41.92159 ], [ -73.99208, 42.03623 ], [ -73.95728, 42.0308 ], [ -73.94079, 42.07665 ], [ -73.97561, 42.08208 ] ], [ [ -79.16552, 40.08256 ], [ -79.26183, 40.11825 ], [ -79.16903, 40.20283 ], [ -79.10681, 40.17127 ], [ -79.16552, 40.08256 ] ], [ [ -78.57814, 40.29746 ], [ -78.67185, 40.21328 ], [ -78.70966, 40.07408 ], [ -78.83694, 39.99404 ], [ -78.89264, 40.04895 ], [ -78.87396, 40.11858 ], [ -78.74648, 40.19864 ], [ -78.70868, 40.33783 ], [ -78.61483, 40.42203 ], [ -78.54629, 40.41341 ], [ -78.57814, 40.29746 ] ], [ [ -80.85531, 41.11402 ], [ -80.8901, 41.11776 ], [ -80.85646, 41.25739 ], [ -80.65303, 41.21148 ], [ -80.66439, 41.16495 ], [ -80.53094, 41.12644 ], [ -80.57091, 40.96361 ], [ -80.68631, 40.9285 ], [ -80.70405, 41.00209 ], [ -80.80261, 41.03669 ], [ -80.85531, 41.11402 ] ], [ [ -77.9908, 40.87054 ], [ -78.09424, 40.88385 ], [ -78.0333, 40.97204 ], [ -77.96425, 40.96314 ], [ -77.9908, 40.87054 ] ], [ [ -77.71086, 41.21839 ], [ -77.76575, 41.1535 ], [ -77.83498, 41.1625 ], [ -77.88413, 41.24088 ], [ -77.79459, 41.30132 ], [ -77.69054, 41.28779 ], [ -77.71086, 41.21839 ] ] ], [ [ [ -78.27418, 41.38663 ], [ -78.38506, 41.37657 ], [ -78.46763, 41.33893 ], [ -78.37644, 41.27956 ], [ -78.32208, 41.34469 ], [ -78.14838, 41.32273 ], [ -78.22622, 41.42855 ], [ -78.27418, 41.38663 ] ] ], [ [ [ -86.32416, 42.30442 ], [ -86.217, 42.29718 ], [ -86.13811, 42.33916 ], [ -86.11942, 42.45629 ], [ -86.26266, 42.46603 ], [ -86.28476, 42.32544 ], [ -86.32416, 42.30442 ] ] ], [ [ [ -79.65491, 42.29478 ], [ -79.70257, 42.25241 ], [ -79.66722, 42.24837 ], [ -79.65491, 42.29478 ] ] ], [ [ [ -78.85464, 42.67989 ], [ -78.81911, 42.67565 ], [ -78.81259, 42.69882 ], [ -78.87071, 42.75363 ], [ -78.91926, 42.71152 ], [ -79.03241, 42.70097 ], [ -79.08722, 42.63562 ], [ -79.11281, 42.5429 ], [ -79.2611, 42.53634 ], [ -79.32182, 42.44772 ], [ -79.44067, 42.41365 ], [ -79.45941, 42.34406 ], [ -79.41151, 42.38636 ], [ -79.3053, 42.37402 ], [ -79.13832, 42.45018 ], [ -79.04827, 42.51136 ], [ -78.97736, 42.50296 ], [ -78.92902, 42.5451 ], [ -78.90315, 42.63778 ], [ -78.85464, 42.67989 ] ] ], [ [ [ -77.72074, 42.65998 ], [ -77.82816, 42.79357 ], [ -77.89924, 42.80252 ], [ -77.93353, 42.6869 ], [ -77.87631, 42.63172 ], [ -77.80543, 42.62275 ], [ -77.72766, 42.63686 ], [ -77.72074, 42.65998 ] ] ], [ [ [ -78.1388, 40.09724 ], [ -78.09823, 40.116 ], [ -78.06561, 40.23186 ], [ -78.20218, 40.24953 ], [ -78.2281, 40.15682 ], [ -78.1388, 40.09724 ] ] ], [ [ [ -77.60888, 40.21977 ], [ -77.62227, 40.17348 ], [ -77.55414, 40.16437 ], [ -77.5407, 40.21066 ], [ -77.60888, 40.21977 ] ] ], [ [ [ -76.54165, 40.57898 ], [ -76.6443, 40.59336 ], [ -76.65846, 40.54717 ], [ -76.55589, 40.5328 ], [ -76.54165, 40.57898 ] ] ], [ [ [ -73.99274, 41.62475 ], [ -74.0028, 41.69897 ], [ -74.07204, 41.70979 ], [ -74.10461, 41.61804 ], [ -73.99274, 41.62475 ] ] ], [ [ [ -76.6995, 42.04503 ], [ -76.76235, 42.07762 ], [ -76.77578, 42.15158 ], [ -76.84597, 42.16106 ], [ -76.83158, 42.20721 ], [ -76.91618, 42.17049 ], [ -76.93765, 42.10125 ], [ -76.83245, 42.08709 ], [ -76.84682, 42.04094 ], [ -76.6995, 42.04503 ] ] ], [ [ [ -76.49646, 42.57071 ], [ -76.60841, 42.68214 ], [ -76.62179, 42.7561 ], [ -76.74892, 42.82129 ], [ -76.89084, 42.84022 ], [ -76.9546, 42.87271 ], [ -77.00509, 42.71116 ], [ -77.05487, 42.66968 ], [ -77.12569, 42.67901 ], [ -77.13997, 42.63284 ], [ -77.17537, 42.63749 ], [ -77.18249, 42.6144 ], [ -77.18269, 42.4943 ], [ -76.94934, 42.53552 ], [ -76.9709, 42.46628 ], [ -76.90035, 42.45687 ], [ -76.92193, 42.38763 ], [ -76.85148, 42.3782 ], [ -76.81534, 42.49357 ], [ -76.82168, 42.59059 ], [ -76.65235, 42.54376 ], [ -76.59641, 42.48807 ], [ -76.47012, 42.42274 ], [ -76.44064, 42.51496 ], [ -76.50383, 42.54765 ], [ -76.49646, 42.57071 ] ] ], [ [ [ -77.28866, 42.74838 ], [ -77.23185, 42.81304 ], [ -77.29577, 42.84538 ], [ -77.35254, 42.7807 ], [ -77.31705, 42.77609 ], [ -77.31699, 42.656 ], [ -77.28866, 42.74838 ] ] ], [ [ [ -73.86629, 42.28293 ], [ -73.91779, 42.24253 ], [ -73.88289, 42.23709 ], [ -73.86629, 42.28293 ] ] ], [ [ [ -70.79289, 42.54769 ], [ -70.74231, 42.48986 ], [ -70.62521, 42.59102 ], [ -70.57741, 42.70458 ], [ -70.76127, 42.71295 ], [ -70.81205, 42.77078 ], [ -70.69753, 43.04342 ], [ -70.58894, 43.12182 ], [ -70.5213, 43.28076 ], [ -70.44727, 43.36531 ], [ -70.53355, 43.42949 ], [ -70.56264, 43.36138 ], [ -70.83167, 43.26235 ], [ -70.86989, 43.17145 ], [ -71.03898, 43.12785 ], [ -71.07682, 43.0369 ], [ -71.16584, 43.00363 ], [ -71.20341, 42.91264 ], [ -71.31085, 42.83378 ], [ -71.39945, 42.80037 ], [ -71.43655, 42.70931 ], [ -71.50644, 42.72136 ], [ -71.53413, 42.65305 ], [ -71.65726, 42.62549 ], [ -71.7395, 42.42043 ], [ -71.77431, 42.42639 ], [ -71.81064, 42.33523 ], [ -71.8454, 42.34117 ], [ -71.85446, 42.31838 ], [ -71.86351, 42.29558 ], [ -71.88158, 42.24999 ], [ -71.91631, 42.25591 ], [ -71.93433, 42.21031 ], [ -71.89963, 42.20439 ], [ -71.91765, 42.15879 ], [ -71.9703, 42.1191 ], [ -72.07431, 42.13678 ], [ -72.17041, 42.08008 ], [ -72.20596, 41.98881 ], [ -72.26634, 42.02332 ], [ -72.23974, 42.09179 ], [ -72.3091, 42.10345 ], [ -72.27363, 42.19475 ], [ -72.34311, 42.2064 ], [ -72.3513, 42.2807 ], [ -72.33356, 42.32635 ], [ -72.36837, 42.33217 ], [ -72.38609, 42.28651 ], [ -72.60374, 42.29836 ], [ -72.69087, 42.26416 ], [ -72.71705, 42.19561 ], [ -72.78661, 42.20705 ], [ -72.83865, 42.06992 ], [ -72.86458, 42.00134 ], [ -72.89927, 42.00703 ], [ -72.9165, 41.9613 ], [ -72.95116, 41.96698 ], [ -72.94256, 41.98984 ], [ -73.06375, 41.96108 ], [ -73.11498, 41.82383 ], [ -73.16659, 41.7837 ], [ -73.27883, 41.77763 ], [ -73.45187, 41.80549 ], [ -73.5474, 41.84501 ], [ -73.72074, 41.87255 ], [ -73.68747, 41.96419 ], [ -73.73201, 42.0439 ], [ -73.80158, 42.05485 ], [ -73.79328, 42.07777 ], [ -73.89597, 41.99701 ], [ -73.85952, 41.89443 ], [ -73.8925, 41.80274 ], [ -73.82319, 41.79183 ], [ -73.8397, 41.74599 ], [ -73.77046, 41.73506 ], [ -73.79524, 41.6663 ], [ -73.73437, 41.63243 ], [ -73.78387, 41.49492 ], [ -73.88734, 41.5113 ], [ -73.92008, 41.41958 ], [ -73.6708, 41.40422 ], [ -73.61154, 41.46745 ], [ -73.47378, 41.44533 ], [ -73.44038, 41.53694 ], [ -73.32859, 41.54313 ], [ -73.26809, 41.50906 ], [ -73.13036, 41.48661 ], [ -73.08747, 41.50385 ], [ -73.05347, 41.59537 ], [ -72.95008, 41.57839 ], [ -72.87292, 41.78419 ], [ -72.83836, 41.7785 ], [ -72.78656, 41.91566 ], [ -72.69996, 41.94992 ], [ -72.69985, 42.04706 ], [ -72.69114, 42.06991 ], [ -72.67371, 42.1156 ], [ -72.64752, 42.18414 ], [ -72.56047, 42.21832 ], [ -72.49094, 42.20677 ], [ -72.4826, 42.13248 ], [ -72.51772, 42.04113 ], [ -72.48305, 42.03535 ], [ -72.48396, 41.84107 ], [ -72.56247, 41.63548 ], [ -72.54543, 41.58402 ], [ -72.4422, 41.56667 ], [ -72.37403, 41.4579 ], [ -72.18483, 41.47439 ], [ -72.10632, 41.58264 ], [ -71.95996, 41.58187 ], [ -71.94342, 41.53034 ], [ -71.97899, 41.43909 ], [ -71.91933, 41.40445 ], [ -71.91043, 41.42726 ], [ -71.84189, 41.41539 ], [ -71.82403, 41.461 ], [ -71.75547, 41.4491 ], [ -71.64369, 41.45397 ], [ -71.55711, 41.48755 ], [ -71.5209, 41.57869 ], [ -71.59677, 41.66507 ], [ -71.49683, 41.91567 ], [ -71.36585, 41.96588 ], [ -71.30374, 42.02811 ], [ -71.22985, 42.21019 ], [ -71.23671, 42.28455 ], [ -71.30609, 42.2967 ], [ -71.25976, 42.41049 ], [ -71.18778, 42.49542 ], [ -71.0995, 42.52871 ], [ -71.0714, 42.59694 ], [ -70.98291, 42.63015 ], [ -70.87839, 42.61169 ], [ -70.79289, 42.54769 ] ] ] ] } },
{ "type": "Feature", "properties": { "ID": 15 }, "geometry": { "type": "MultiPolygon", "coordinates": [ [ [ [ -82.78624, 40.40366 ], [ -82.77655, 40.45037 ], [ -82.83597, 40.50363 ], [ -82.85045, 40.43355 ], [ -82.78624, 40.40366 ] ] ], [ [ [ -83.58609, 41.71362 ], [ -83.51556, 41.70745 ], [ -83.49685, 41.80088 ], [ -83.40736, 41.88808 ], [ -83.3319, 41.90517 ], [ -83.24203, 41.99226 ], [ -83.20356, 42.17902 ], [ -83.16805, 42.17584 ], [ -83.13411, 42.33922 ], [ -83.08875, 42.3827 ], [ -82.94629, 42.36984 ], [ -82.91165, 42.53315 ], [ -82.83028, 42.5733 ], [ -82.83604, 42.71652 ], [ -82.87684, 42.69645 ], [ -83.12748, 42.71898 ], [ -83.33553, 42.59476 ], [ -83.34513, 42.54807 ], [ -83.4571, 42.53409 ], [ -83.4903, 42.37065 ], [ -83.58037, 42.28342 ], [ -83.72276, 42.29566 ], [ -83.76436, 42.08542 ], [ -83.81819, 41.99499 ], [ -83.89817, 41.95428 ], [ -83.9517, 41.8638 ], [ -84.02245, 41.86975 ], [ -84.03592, 41.79963 ], [ -84.27439, 41.67698 ], [ -84.38459, 41.66227 ], [ -84.39327, 41.6155 ], [ -84.55143, 41.53337 ], [ -84.65708, 41.54185 ], [ -84.66554, 41.49505 ], [ -84.87678, 41.51176 ], [ -84.95958, 41.44704 ], [ -85.24114, 41.46867 ], [ -85.33484, 41.54689 ], [ -85.25054, 42.03853 ], [ -85.42822, 42.05175 ], [ -85.4598, 42.07778 ], [ -85.41594, 42.33529 ], [ -85.48338, 42.36393 ], [ -85.62631, 42.37429 ], [ -85.64199, 42.28064 ], [ -85.61023, 42.25465 ], [ -85.66101, 41.95023 ], [ -85.78287, 41.86419 ], [ -85.88924, 41.87175 ], [ -85.87403, 41.96546 ], [ -85.94507, 41.97046 ], [ -85.96927, 42.04323 ], [ -85.89054, 42.08509 ], [ -85.87146, 42.2022 ], [ -85.97084, 42.25655 ], [ -86.08165, 42.24054 ], [ -86.06664, 42.33425 ], [ -86.09113, 42.40699 ], [ -86.12691, 42.40944 ], [ -86.13811, 42.33916 ], [ -86.217, 42.29718 ], [ -86.32416, 42.30442 ], [ -86.45301, 42.17096 ], [ -86.4674, 42.0772 ], [ -86.54573, 42.03504 ], [ -86.59194, 41.96705 ], [ -86.61312, 41.82638 ], [ -86.71952, 41.83333 ], [ -86.76886, 41.74183 ], [ -86.84657, 41.69949 ], [ -86.95278, 41.70626 ], [ -86.95955, 41.65935 ], [ -87.0657, 41.66604 ], [ -87.07239, 41.61913 ], [ -87.35537, 41.63657 ], [ -87.36184, 41.58964 ], [ -87.41004, 41.49791 ], [ -87.30738, 41.468 ], [ -87.24335, 41.41674 ], [ -87.26615, 41.25246 ], [ -87.20564, 41.1777 ], [ -87.06518, 41.1689 ], [ -87.07844, 41.07503 ], [ -87.39407, 41.09461 ], [ -87.50563, 41.05403 ], [ -87.53389, 40.8427 ], [ -87.35918, 40.83207 ], [ -87.40999, 40.71681 ], [ -87.42896, 40.5759 ], [ -87.36255, 40.54814 ], [ -87.11914, 40.5329 ], [ -87.01155, 40.54972 ], [ -86.8725, 40.54072 ], [ -86.86578, 40.58767 ], [ -86.69188, 40.57622 ], [ -86.73348, 40.53159 ], [ -86.70898, 40.45887 ], [ -86.72261, 40.36497 ], [ -86.83668, 40.30141 ], [ -86.85009, 40.20749 ], [ -86.79105, 40.13249 ], [ -86.80785, 40.01507 ], [ -86.70443, 40.00818 ], [ -86.68356, 39.91193 ], [ -86.40483, 39.91661 ], [ -86.39783, 39.96357 ], [ -86.29455, 39.95637 ], [ -86.28747, 40.00332 ], [ -86.11526, 39.99114 ], [ -86.10804, 40.03808 ], [ -86.07358, 40.03562 ], [ -85.96656, 40.05164 ], [ -85.86318, 40.04413 ], [ -85.87057, 39.9972 ], [ -85.73288, 39.98707 ], [ -85.6947, 40.00797 ], [ -85.69094, 40.03143 ], [ -85.72539, 40.03399 ], [ -85.65273, 40.05232 ], [ -85.67533, 39.91158 ], [ -85.61037, 39.88297 ], [ -85.47295, 39.87258 ], [ -85.37379, 39.84124 ], [ -85.26301, 39.88018 ], [ -85.12566, 39.86945 ], [ -85.11774, 39.91634 ], [ -84.98034, 39.90546 ], [ -84.89954, 39.97027 ], [ -84.79642, 39.96197 ], [ -84.80458, 39.9151 ], [ -84.70156, 39.90672 ], [ -84.69333, 39.95358 ], [ -84.61633, 39.9948 ], [ -84.59139, 40.13535 ], [ -84.47121, 40.22049 ], [ -84.36776, 40.21186 ], [ -84.35924, 40.25869 ], [ -84.25574, 40.24998 ], [ -84.1781, 40.29095 ], [ -84.08765, 40.21189 ], [ -84.09635, 40.16508 ], [ -83.9542, 40.1766 ], [ -83.83311, 40.26118 ], [ -83.5918, 40.23984 ], [ -83.57363, 40.33339 ], [ -83.47011, 40.3241 ], [ -83.30892, 40.42848 ], [ -83.13622, 40.41263 ], [ -83.12678, 40.45937 ], [ -83.03866, 40.54643 ], [ -82.86572, 40.53025 ], [ -82.83597, 40.50363 ], [ -82.81662, 40.59705 ], [ -82.83672, 40.67038 ], [ -82.75767, 40.71054 ], [ -82.76799, 40.83057 ], [ -82.74844, 40.92396 ], [ -82.67887, 40.91737 ], [ -82.62433, 41.00743 ], [ -82.46503, 41.08743 ], [ -82.36045, 41.07733 ], [ -82.34022, 41.17065 ], [ -82.20064, 41.15704 ], [ -82.10114, 41.12342 ], [ -82.07535, 41.24001 ], [ -82.14007, 41.27021 ], [ -82.12462, 41.34016 ], [ -82.22447, 41.37376 ], [ -82.21421, 41.42039 ], [ -82.35946, 41.41066 ], [ -82.3696, 41.36401 ], [ -82.57974, 41.38412 ], [ -82.6799, 41.41739 ], [ -82.66998, 41.46406 ], [ -82.81525, 41.45386 ], [ -82.82507, 41.40718 ], [ -83.00041, 41.4234 ], [ -83.10085, 41.45638 ], [ -83.07678, 41.57311 ], [ -83.18229, 41.58268 ], [ -83.23835, 41.65907 ], [ -83.4145, 41.67477 ], [ -83.4803, 41.70435 ], [ -83.49434, 41.63428 ], [ -83.60001, 41.64354 ], [ -83.58609, 41.71362 ] ] ], [ [ [ -87.66876, 41.96271 ], [ -87.65934, 42.03311 ], [ -87.75378, 42.13316 ], [ -87.88732, 42.21169 ], [ -87.88119, 42.25863 ], [ -87.9527, 42.26264 ], [ -87.95878, 42.2157 ], [ -87.92305, 42.2137 ], [ -87.82822, 42.11377 ], [ -87.808, 41.99438 ], [ -87.66876, 41.96271 ] ] ], [ [ [ -85.12629, 42.33742 ], [ -85.23338, 42.34546 ], [ -85.24152, 42.29866 ], [ -85.1345, 42.29061 ], [ -85.12629, 42.33742 ] ] ], [ [ [ -82.36158, 42.38692 ], [ -82.41257, 42.32036 ], [ -82.49389, 42.28043 ], [ -82.74272, 42.30363 ], [ -82.88994, 42.29337 ], [ -82.95122, 42.34651 ], [ -83.00155, 42.27973 ], [ -83.07268, 42.28616 ], [ -83.1019, 42.14613 ], [ -83.04069, 42.09304 ], [ -83.05044, 42.04637 ], [ -82.90875, 42.03347 ], [ -82.68631, 42.0605 ], [ -82.54467, 42.04724 ], [ -82.40782, 42.1771 ], [ -82.30143, 42.16697 ], [ -82.13874, 42.24655 ], [ -82.11256, 42.36307 ], [ -82.36158, 42.38692 ] ] ], [ [ [ -86.07427, 42.73739 ], [ -86.02311, 42.82861 ], [ -86.13118, 42.83599 ], [ -86.14245, 42.76572 ], [ -86.07427, 42.73739 ] ] ], [ [ [ -73.85784, 41.79729 ], [ -73.87432, 41.75145 ], [ -73.8397, 41.74599 ], [ -73.82319, 41.79183 ], [ -73.85784, 41.79729 ] ] ], [ [ [ -74.01673, 41.96744 ], [ -74.03314, 41.92159 ], [ -73.9984, 41.91617 ], [ -73.98197, 41.96203 ], [ -74.01673, 41.96744 ] ] ], [ [ [ -73.86778, 41.87151 ], [ -73.85952, 41.89443 ], [ -73.89597, 41.99701 ], [ -73.93718, 41.88239 ], [ -73.86778, 41.87151 ] ] ], [ [ [ -73.77665, 42.12359 ], [ -73.73499, 42.23815 ], [ -73.73649, 42.33527 ], [ -73.85798, 42.30584 ], [ -73.88289, 42.23709 ], [ -73.91779, 42.24253 ], [ -73.92428, 42.12249 ], [ -73.97561, 42.08208 ], [ -73.90598, 42.07121 ], [ -73.89597, 41.99701 ], [ -73.79328, 42.07777 ], [ -73.77665, 42.12359 ] ] ], [ [ [ -78.8025, 42.86522 ], [ -78.74061, 42.95361 ], [ -78.84117, 42.98953 ], [ -78.87379, 42.8737 ], [ -78.8025, 42.86522 ] ] ], [ [ [ -72.4826, 42.13248 ], [ -72.49094, 42.20677 ], [ -72.56047, 42.21832 ], [ -72.64752, 42.18414 ], [ -72.66499, 42.13845 ], [ -72.63025, 42.13271 ], [ -72.61302, 42.08127 ], [ -72.50017, 42.08681 ], [ -72.4826, 42.13248 ] ] ], [ [ [ -77.50324, 43.25626 ], [ -77.65341, 43.25135 ], [ -77.718, 43.2835 ], [ -77.6892, 43.25587 ], [ -77.72414, 43.14031 ], [ -77.66668, 43.08505 ], [ -77.55964, 43.07144 ], [ -77.47418, 43.10852 ], [ -77.46004, 43.15472 ], [ -77.50324, 43.25626 ] ] ] ] } },
{ "type": "Feature", "properties": { "ID": 16 }, "geometry": { "type": "MultiPolygon", "coordinates": [ [ [ [ -98.53904, 40.24813 ], [ -98.67804, 40.24553 ], [ -98.68, 40.2927 ], [ -99.09722, 40.28407 ], [ -99.09949, 40.33122 ], [ -99.30821, 40.32644 ], [ -99.23508, 40.25734 ], [ -99.02658, 40.26202 ], [ -98.95491, 40.21635 ], [ -98.78024, 40.19634 ], [ -98.53718, 40.20097 ], [ -98.53904, 40.24813 ] ] ], [ [ [ -99.41256, 40.32393 ], [ -99.55298, 40.34404 ], [ -99.51303, 40.25063 ], [ -99.40881, 40.25321 ], [ -99.41256, 40.32393 ] ] ], [ [ [ -87.66876, 41.96271 ], [ -87.808, 41.99438 ], [ -87.82822, 42.11377 ], [ -87.92305, 42.2137 ], [ -87.99451, 42.21769 ], [ -88.00056, 42.17074 ], [ -88.07198, 42.1747 ], [ -88.15525, 42.08471 ], [ -88.16116, 42.03775 ], [ -88.33937, 42.04737 ], [ -88.36526, 41.83603 ], [ -88.48315, 41.74772 ], [ -88.48878, 41.70075 ], [ -88.59516, 41.7063 ], [ -88.6007, 41.65932 ], [ -88.75332, 41.57262 ], [ -88.93029, 41.58151 ], [ -89.1985, 41.40554 ], [ -89.30444, 41.41057 ], [ -89.30943, 41.36355 ], [ -89.4153, 41.3685 ], [ -89.56849, 41.2574 ], [ -89.57327, 41.21037 ], [ -89.74934, 41.21824 ], [ -89.78225, 41.24331 ], [ -89.77298, 41.33739 ], [ -89.83666, 41.41102 ], [ -89.94265, 41.41557 ], [ -89.97348, 41.46411 ], [ -90.11494, 41.47003 ], [ -90.24568, 41.59341 ], [ -90.42498, 41.57693 ], [ -90.67307, 41.58641 ], [ -90.71642, 41.49361 ], [ -91.03503, 41.50507 ], [ -91.06859, 41.52983 ], [ -91.31658, 41.5382 ], [ -91.41945, 41.58872 ], [ -91.44639, 41.70754 ], [ -91.51408, 41.75685 ], [ -91.62405, 41.71308 ], [ -91.6306, 41.61893 ], [ -91.70479, 41.57401 ], [ -91.84663, 41.5782 ], [ -91.84974, 41.53112 ], [ -92.09782, 41.53812 ], [ -92.20983, 41.44681 ], [ -92.28201, 41.42512 ], [ -92.42222, 41.4523 ], [ -92.59923, 41.45663 ], [ -92.56639, 41.40868 ], [ -92.7433, 41.41284 ], [ -92.74086, 41.45995 ], [ -92.9522, 41.4882 ], [ -93.30652, 41.49534 ], [ -93.3045, 41.54245 ], [ -93.44636, 41.54506 ], [ -93.51543, 41.59342 ], [ -93.54817, 41.6647 ], [ -93.61745, 41.71301 ], [ -93.7597, 41.71531 ], [ -93.83408, 41.62218 ], [ -93.80104, 41.55096 ], [ -93.80433, 41.45673 ], [ -93.87517, 41.4578 ], [ -93.94754, 41.41172 ], [ -93.95137, 41.2939 ], [ -94.02497, 41.20065 ], [ -94.20137, 41.20299 ], [ -94.20271, 41.15586 ], [ -94.37958, 41.13441 ], [ -94.38079, 41.08728 ], [ -94.48644, 41.08845 ], [ -94.48532, 41.13558 ], [ -94.62579, 41.16059 ], [ -95.04892, 41.16406 ], [ -95.04821, 41.2112 ], [ -95.11814, 41.25879 ], [ -95.29472, 41.25978 ], [ -95.36417, 41.37795 ], [ -95.57647, 41.37874 ], [ -95.576, 41.44944 ], [ -95.6818, 41.54398 ], [ -95.75275, 41.54412 ], [ -95.75229, 41.66194 ], [ -95.85892, 41.66209 ], [ -95.92996, 41.70927 ], [ -95.92972, 41.92132 ], [ -95.96541, 41.92133 ], [ -95.96529, 42.13335 ], [ -96.00111, 42.15692 ], [ -96.21606, 42.15675 ], [ -96.25179, 42.13314 ], [ -96.25094, 41.92111 ], [ -96.32148, 41.75605 ], [ -96.46386, 41.75566 ], [ -96.46421, 41.80278 ], [ -96.92731, 41.80053 ], [ -96.92661, 41.75341 ], [ -97.21135, 41.75128 ], [ -97.21044, 41.70416 ], [ -97.31714, 41.70322 ], [ -97.31615, 41.6561 ], [ -97.5288, 41.63042 ], [ -97.52765, 41.5833 ], [ -97.63413, 41.58212 ], [ -97.63291, 41.53499 ], [ -97.77411, 41.50974 ], [ -97.95137, 41.50742 ], [ -97.94991, 41.4603 ], [ -98.19786, 41.45669 ], [ -98.26615, 41.3849 ], [ -98.2981, 41.29009 ], [ -98.22579, 41.24409 ], [ -98.22413, 41.19696 ], [ -98.11752, 41.17501 ], [ -98.00725, 41.03515 ], [ -98.00576, 40.98801 ], [ -97.90028, 40.98947 ], [ -97.71937, 40.80314 ], [ -97.68182, 40.70927 ], [ -97.6118, 40.71009 ], [ -97.57447, 40.61617 ], [ -97.504, 40.59336 ], [ -97.43199, 40.49977 ], [ -97.43305, 40.54693 ], [ -97.2589, 40.57218 ], [ -97.25983, 40.61934 ], [ -97.11998, 40.62053 ], [ -97.11916, 40.57337 ], [ -96.9092, 40.5513 ], [ -96.83811, 40.4574 ], [ -96.83749, 40.41023 ], [ -96.59355, 40.41147 ], [ -96.59398, 40.45865 ], [ -96.48935, 40.45905 ], [ -96.42007, 40.53003 ], [ -96.24549, 40.53044 ], [ -96.24567, 40.57761 ], [ -96.03602, 40.57782 ], [ -96.03599, 40.53065 ], [ -95.86146, 40.50701 ], [ -95.72134, 40.62471 ], [ -95.61644, 40.62447 ], [ -95.58209, 40.53004 ], [ -95.5128, 40.45906 ], [ -95.33842, 40.45834 ], [ -95.30456, 40.36383 ], [ -95.09595, 40.33905 ], [ -94.67825, 40.33573 ], [ -94.67728, 40.3829 ], [ -94.57279, 40.38187 ], [ -94.53634, 40.45226 ], [ -94.43231, 40.42755 ], [ -94.29227, 40.4495 ], [ -94.04822, 40.44631 ], [ -93.90723, 40.49146 ], [ -93.69793, 40.48818 ], [ -93.5575, 40.5094 ], [ -93.48957, 40.46101 ], [ -93.49141, 40.41386 ], [ -93.21272, 40.40859 ], [ -93.21067, 40.45574 ], [ -92.93181, 40.44991 ], [ -92.92955, 40.49706 ], [ -92.82492, 40.49473 ], [ -92.82258, 40.54187 ], [ -92.33403, 40.52995 ], [ -92.19588, 40.50267 ], [ -92.19868, 40.45554 ], [ -92.0593, 40.45169 ], [ -92.05059, 40.59307 ], [ -91.97333, 40.70889 ], [ -91.76346, 40.70272 ], [ -91.62518, 40.67489 ], [ -91.62841, 40.62777 ], [ -91.48869, 40.62336 ], [ -91.48536, 40.67047 ], [ -91.27567, 40.66357 ], [ -91.20224, 40.70831 ], [ -91.16013, 40.8013 ], [ -91.08828, 40.82243 ], [ -91.02375, 40.74933 ], [ -91.03109, 40.65514 ], [ -91.07148, 40.58572 ], [ -91.04023, 40.53739 ], [ -90.90264, 40.50883 ], [ -90.41482, 40.49024 ], [ -90.37171, 40.58302 ], [ -90.23219, 40.57735 ], [ -90.06001, 40.54654 ], [ -90.05564, 40.59361 ], [ -89.74177, 40.57996 ], [ -89.73716, 40.62702 ], [ -89.65803, 40.718 ], [ -89.54845, 40.76028 ], [ -89.52306, 40.66458 ], [ -89.53974, 40.49988 ], [ -89.40048, 40.49339 ], [ -89.29852, 40.4649 ], [ -89.30344, 40.41785 ], [ -89.16439, 40.41112 ], [ -89.13719, 40.33884 ], [ -89.07283, 40.28836 ], [ -88.96877, 40.28315 ], [ -88.97649, 40.21258 ], [ -88.76864, 40.20194 ], [ -88.76334, 40.24899 ], [ -88.59006, 40.23989 ], [ -88.31853, 40.17785 ], [ -88.1109, 40.16623 ], [ -88.01004, 40.1368 ], [ -87.69891, 40.11858 ], [ -87.65215, 40.21052 ], [ -87.51684, 40.17865 ], [ -87.34394, 40.168 ], [ -87.35027, 40.12101 ], [ -87.24983, 40.09103 ], [ -87.26259, 39.99705 ], [ -87.19685, 39.9692 ], [ -86.99011, 39.95592 ], [ -86.98354, 40.0029 ], [ -86.77674, 39.9893 ], [ -86.77337, 40.01278 ], [ -86.80785, 40.01507 ], [ -86.79105, 40.13249 ], [ -86.85009, 40.20749 ], [ -86.83668, 40.30141 ], [ -86.72261, 40.36497 ], [ -86.70898, 40.45887 ], [ -86.73348, 40.53159 ], [ -86.69188, 40.57622 ], [ -86.86578, 40.58767 ], [ -86.8725, 40.54072 ], [ -87.01155, 40.54972 ], [ -87.11914, 40.5329 ], [ -87.36255, 40.54814 ], [ -87.42896, 40.5759 ], [ -87.40999, 40.71681 ], [ -87.35918, 40.83207 ], [ -87.53389, 40.8427 ], [ -87.50563, 41.05403 ], [ -87.39407, 41.09461 ], [ -87.07844, 41.07503 ], [ -87.06518, 41.1689 ], [ -87.20564, 41.1777 ], [ -87.26615, 41.25246 ], [ -87.24335, 41.41674 ], [ -87.30738, 41.468 ], [ -87.41004, 41.49791 ], [ -87.36184, 41.58964 ], [ -87.46472, 41.6195 ], [ -87.48736, 41.71549 ], [ -87.55823, 41.7197 ], [ -87.61968, 41.79428 ], [ -87.61023, 41.86469 ], [ -87.68128, 41.86884 ], [ -87.66876, 41.96271 ] ], [ [ -88.98546, 40.44956 ], [ -89.00996, 40.54538 ], [ -88.9403, 40.54189 ], [ -88.98546, 40.44956 ] ], [ [ -86.93061, 40.37865 ], [ -86.88256, 40.4703 ], [ -86.7784, 40.46347 ], [ -86.8266, 40.37185 ], [ -86.93061, 40.37865 ] ], [ [ -96.8068, 40.74058 ], [ -96.80799, 40.83489 ], [ -96.73838, 40.88243 ], [ -96.63305, 40.88294 ], [ -96.5975, 40.83594 ], [ -96.59662, 40.74163 ], [ -96.73647, 40.71739 ], [ -96.8068, 40.74058 ] ] ], [ [ [ -97.3216, 41.91525 ], [ -97.32061, 41.86814 ], [ -97.17797, 41.86938 ], [ -97.17886, 41.91649 ], [ -97.28592, 41.91558 ], [ -97.28689, 41.96269 ], [ -97.35985, 42.0327 ], [ -97.4671, 42.03165 ], [ -97.42865, 41.91423 ], [ -97.3216, 41.91525 ] ] ], [ [ [ -98.74493, 42.62563 ], [ -98.63668, 42.62764 ], [ -98.63468, 42.58055 ], [ -98.49044, 42.5831 ], [ -98.42108, 42.65495 ], [ -98.2397, 42.6343 ], [ -98.2346, 42.49302 ], [ -98.19608, 42.42293 ], [ -98.05298, 42.44859 ], [ -97.91193, 42.54475 ], [ -97.87803, 42.61587 ], [ -97.88593, 42.87488 ], [ -97.92363, 42.9215 ], [ -98.03242, 42.92003 ], [ -98.03398, 42.96712 ], [ -98.17997, 42.98857 ], [ -98.21797, 43.03511 ], [ -98.22137, 43.12928 ], [ -98.25949, 43.17581 ], [ -98.58717, 43.17039 ], [ -98.65793, 43.12201 ], [ -98.65284, 43.00431 ], [ -98.72337, 42.95589 ], [ -98.75753, 42.90813 ], [ -98.74493, 42.62563 ] ] ], [ [ [ -85.96656, 40.05164 ], [ -85.90501, 39.99972 ], [ -85.89764, 40.04664 ], [ -85.96656, 40.05164 ] ] ], [ [ [ -86.00467, 40.03067 ], [ -85.96656, 40.05164 ], [ -86.07358, 40.03562 ], [ -86.00467, 40.03067 ] ] ], [ [ [ -85.65273, 40.05232 ], [ -85.72539, 40.03399 ], [ -85.6565, 40.02886 ], [ -85.65273, 40.05232 ] ] ], [ [ [ -83.58609, 41.71362 ], [ -83.60001, 41.64354 ], [ -83.49434, 41.63428 ], [ -83.4803, 41.70435 ], [ -83.58609, 41.71362 ] ] ] ] } },
{ "type": "Feature", "properties": { "ID": 17 }, "geometry": { "type": "MultiPolygon", "coordinates": [ [ [ [ -83.5579, 39.33214 ], [ -83.51492, 39.37587 ], [ -83.49236, 39.4929 ], [ -83.66271, 39.50832 ], [ -83.83753, 39.50012 ], [ -83.81666, 39.42685 ], [ -83.83423, 39.33318 ], [ -83.73669, 39.30065 ], [ -83.74552, 39.25382 ], [ -83.57582, 39.23849 ], [ -83.5579, 39.33214 ] ] ], [ [ [ -86.29455, 39.95637 ], [ -86.39783, 39.96357 ], [ -86.40483, 39.91661 ], [ -86.68356, 39.91193 ], [ -86.70443, 40.00818 ], [ -86.77337, 40.01278 ], [ -86.77674, 39.9893 ], [ -86.98354, 40.0029 ], [ -86.99995, 39.88544 ], [ -86.97211, 39.83621 ], [ -86.86897, 39.82944 ], [ -86.87892, 39.75896 ], [ -86.67292, 39.74521 ], [ -86.53908, 39.71238 ], [ -86.49096, 39.80396 ], [ -86.38093, 39.84379 ], [ -86.34305, 39.86487 ], [ -86.30162, 39.90942 ], [ -86.29455, 39.95637 ] ] ], [ [ [ -86.28747, 40.00332 ], [ -86.29455, 39.95637 ], [ -86.26012, 39.95395 ], [ -86.25302, 40.0009 ], [ -86.28747, 40.00332 ] ] ], [ [ [ -79.79258, 39.41515 ], [ -79.78089, 39.46168 ], [ -79.87662, 39.49697 ], [ -79.75617, 39.69833 ], [ -79.72083, 39.83786 ], [ -79.66311, 39.92683 ], [ -79.57111, 40.01169 ], [ -79.50702, 40.12382 ], [ -79.36819, 40.25091 ], [ -79.20322, 40.207 ], [ -79.25331, 40.28497 ], [ -79.19453, 40.37369 ], [ -79.15143, 40.5362 ], [ -79.16112, 40.63321 ], [ -79.23612, 40.61832 ], [ -79.43663, 40.66628 ], [ -79.44069, 40.78648 ], [ -79.61938, 40.78363 ], [ -79.63143, 40.73718 ], [ -79.73497, 40.74929 ], [ -79.74693, 40.70283 ], [ -79.88495, 40.71885 ], [ -79.90171, 40.79256 ], [ -79.9995, 40.82772 ], [ -80.13786, 40.84349 ], [ -80.16663, 40.87066 ], [ -80.30512, 40.88627 ], [ -80.27613, 41.00253 ], [ -80.4439, 41.04515 ], [ -80.47832, 40.90559 ], [ -80.5704, 40.8202 ], [ -80.65094, 40.78129 ], [ -80.78935, 40.79642 ], [ -80.80055, 40.74987 ], [ -80.88086, 40.71082 ], [ -80.99011, 40.69873 ], [ -81.12295, 40.73683 ], [ -81.26137, 40.7515 ], [ -81.24508, 40.82138 ], [ -81.32742, 40.92549 ], [ -81.43157, 40.93635 ], [ -81.43403, 41.07974 ], [ -81.41244, 41.17292 ], [ -81.62696, 41.17114 ], [ -81.6081, 41.09767 ], [ -81.62938, 41.00446 ], [ -81.56517, 40.97402 ], [ -81.61831, 40.74097 ], [ -81.66877, 40.6746 ], [ -81.74845, 40.63505 ], [ -81.81761, 40.6421 ], [ -81.87641, 40.69575 ], [ -81.85559, 40.78902 ], [ -81.99429, 40.80297 ], [ -82.03927, 40.75979 ], [ -82.0252, 40.66303 ], [ -82.05085, 40.5464 ], [ -82.1007, 40.47986 ], [ -82.27332, 40.49698 ], [ -82.28338, 40.45031 ], [ -82.45597, 40.4672 ], [ -82.52997, 40.45055 ], [ -82.55461, 40.33381 ], [ -82.59888, 40.29043 ], [ -82.70221, 40.30036 ], [ -82.79108, 40.3803 ], [ -82.78624, 40.40366 ], [ -82.85045, 40.43355 ], [ -82.83597, 40.50363 ], [ -82.86572, 40.53025 ], [ -83.03866, 40.54643 ], [ -83.12678, 40.45937 ], [ -83.13622, 40.41263 ], [ -83.30892, 40.42848 ], [ -83.47011, 40.3241 ], [ -83.57363, 40.33339 ], [ -83.5918, 40.23984 ], [ -83.83311, 40.26118 ], [ -83.9542, 40.1766 ], [ -84.09635, 40.16508 ], [ -84.08765, 40.21189 ], [ -84.1781, 40.29095 ], [ -84.25574, 40.24998 ], [ -84.35924, 40.25869 ], [ -84.36776, 40.21186 ], [ -84.47121, 40.22049 ], [ -84.59139, 40.13535 ], [ -84.61633, 39.9948 ], [ -84.69333, 39.95358 ], [ -84.70156, 39.90672 ], [ -84.80458, 39.9151 ], [ -84.79642, 39.96197 ], [ -84.89954, 39.97027 ], [ -84.98034, 39.90546 ], [ -85.11774, 39.91634 ], [ -85.12566, 39.86945 ], [ -85.26301, 39.88018 ], [ -85.37379, 39.84124 ], [ -85.47295, 39.87258 ], [ -85.61037, 39.88297 ], [ -85.67533, 39.91158 ], [ -85.6565, 40.02886 ], [ -85.69094, 40.03143 ], [ -85.6947, 40.00797 ], [ -85.73288, 39.98707 ], [ -85.87057, 39.9972 ], [ -85.86318, 40.04413 ], [ -85.89764, 40.04664 ], [ -85.93071, 39.83546 ], [ -85.86202, 39.83044 ], [ -85.77759, 39.70552 ], [ -85.61004, 39.66925 ], [ -85.61757, 39.62232 ], [ -85.45032, 39.58585 ], [ -85.42761, 39.51284 ], [ -85.29101, 39.50226 ], [ -85.28325, 39.54918 ], [ -85.19928, 39.63765 ], [ -85.08875, 39.67646 ], [ -84.95186, 39.66555 ], [ -84.92968, 39.59247 ], [ -84.75883, 39.57861 ], [ -84.75069, 39.62549 ], [ -84.61396, 39.61424 ], [ -84.52483, 39.72573 ], [ -84.35837, 39.87824 ], [ -84.25989, 40.03636 ], [ -84.11805, 40.04804 ], [ -84.12671, 40.00122 ], [ -84.02801, 39.96893 ], [ -83.82205, 39.95094 ], [ -83.7445, 39.99168 ], [ -83.79783, 39.71083 ], [ -83.62692, 39.69558 ], [ -83.48572, 39.70662 ], [ -83.43332, 39.79709 ], [ -83.41047, 39.91406 ], [ -83.29841, 39.95142 ], [ -83.25484, 39.99503 ], [ -83.23625, 40.08856 ], [ -83.14879, 40.17572 ], [ -82.94242, 40.15643 ], [ -82.86887, 40.1733 ], [ -82.70142, 39.96671 ], [ -82.72557, 39.84987 ], [ -82.7988, 39.83307 ], [ -82.85133, 39.57593 ], [ -82.79751, 39.49924 ], [ -82.69544, 39.48937 ], [ -82.67586, 39.41593 ], [ -82.47692, 39.37256 ], [ -82.43319, 39.41594 ], [ -82.41358, 39.50942 ], [ -82.36972, 39.55277 ], [ -82.13155, 39.52889 ], [ -82.08246, 39.59551 ], [ -81.99048, 39.53841 ], [ -81.88337, 39.55129 ], [ -81.86805, 39.62133 ], [ -81.71639, 39.67725 ], [ -81.54611, 39.65943 ], [ -81.53564, 39.70609 ], [ -81.39938, 39.69167 ], [ -81.30255, 39.65745 ], [ -81.28449, 39.58383 ], [ -81.17717, 39.59617 ], [ -80.93931, 39.57023 ], [ -80.93256, 39.44993 ], [ -81.00038, 39.45739 ], [ -81.05586, 39.36783 ], [ -81.19136, 39.38259 ], [ -81.23589, 39.33961 ], [ -81.26772, 39.19962 ], [ -81.23393, 39.19596 ], [ -81.23924, 39.17263 ], [ -81.20546, 39.16896 ], [ -81.17169, 39.16528 ], [ -81.13792, 39.1616 ], [ -81.14326, 39.13827 ], [ -80.90707, 39.11226 ], [ -80.87877, 39.08519 ], [ -80.74395, 39.07011 ], [ -80.61471, 39.03159 ], [ -80.62022, 39.00828 ], [ -80.58656, 39.00446 ], [ -80.5976, 38.95783 ], [ -80.49672, 38.94633 ], [ -80.36787, 38.90757 ], [ -80.37346, 38.88426 ], [ -80.33988, 38.88038 ], [ -80.32868, 38.92699 ], [ -80.2279, 38.91529 ], [ -80.183, 38.95797 ], [ -80.16033, 39.05116 ], [ -79.97984, 39.22166 ], [ -79.86709, 39.25625 ], [ -79.8264, 39.41916 ], [ -79.79258, 39.41515 ] ], [ [ -80.06469, 40.42854 ], [ -80.08158, 40.50225 ], [ -79.94398, 40.48641 ], [ -79.8349, 40.49769 ], [ -79.77207, 40.46643 ], [ -79.81947, 40.28048 ], [ -80.08799, 40.33552 ], [ -80.06469, 40.42854 ] ] ], [ [ [ -80.85531, 41.11402 ], [ -80.80261, 41.03669 ], [ -80.70405, 41.00209 ], [ -80.68631, 40.9285 ], [ -80.57091, 40.96361 ], [ -80.53094, 41.12644 ], [ -80.66439, 41.16495 ], [ -80.65303, 41.21148 ], [ -80.85646, 41.25739 ], [ -80.8901, 41.11776 ], [ -80.85531, 41.11402 ] ] ], [ [ [ -82.08052, 41.21669 ], [ -82.04561, 41.21324 ], [ -82.03525, 41.25987 ], [ -81.8257, 41.23896 ], [ -81.74531, 41.27853 ], [ -81.69445, 41.3449 ], [ -81.6352, 41.2912 ], [ -81.53043, 41.28049 ], [ -81.46026, 41.58328 ], [ -81.4143, 41.62624 ], [ -81.48452, 41.63345 ], [ -81.54122, 41.54388 ], [ -81.61136, 41.55102 ], [ -81.64348, 41.41125 ], [ -81.71348, 41.41834 ], [ -81.74319, 41.44517 ], [ -81.95339, 41.4662 ], [ -82.08842, 41.50336 ], [ -82.09878, 41.45674 ], [ -82.20394, 41.46703 ], [ -82.22447, 41.37376 ], [ -82.12462, 41.34016 ], [ -82.14007, 41.27021 ], [ -82.07535, 41.24001 ], [ -82.08052, 41.21669 ] ] ], [ [ [ -78.10514, 39.5883 ], [ -78.11805, 39.54192 ], [ -78.07135, 39.58387 ], [ -78.10514, 39.5883 ] ] ], [ [ [ -77.39681, 39.73419 ], [ -77.32932, 39.96564 ], [ -77.26145, 39.95639 ], [ -77.20025, 40.04429 ], [ -77.21376, 40.11834 ], [ -77.31582, 40.13223 ], [ -77.3294, 40.08596 ], [ -77.43818, 40.07663 ], [ -77.53306, 39.9932 ], [ -77.52591, 39.89603 ], [ -77.55265, 39.80341 ], [ -77.48491, 39.79427 ], [ -77.55832, 39.53953 ], [ -77.49085, 39.53038 ], [ -77.48418, 39.55354 ], [ -77.43037, 39.61843 ], [ -77.39681, 39.73419 ] ] ], [ [ [ -76.09458, 40.29833 ], [ -76.04108, 40.24235 ], [ -75.94642, 40.20445 ], [ -75.96828, 40.13525 ], [ -75.79136, 40.13347 ], [ -75.77666, 40.17958 ], [ -75.99252, 40.28355 ], [ -76.09458, 40.29833 ] ] ], [ [ [ -72.50017, 42.08681 ], [ -72.61302, 42.08127 ], [ -72.63025, 42.13271 ], [ -72.66499, 42.13845 ], [ -72.69985, 42.04706 ], [ -72.69996, 41.94992 ], [ -72.78656, 41.91566 ], [ -72.83836, 41.7785 ], [ -72.87292, 41.78419 ], [ -72.95008, 41.57839 ], [ -73.05347, 41.59537 ], [ -73.08747, 41.50385 ], [ -73.13036, 41.48661 ], [ -73.26809, 41.50906 ], [ -73.32859, 41.54313 ], [ -73.44038, 41.53694 ], [ -73.47378, 41.44533 ], [ -73.61154, 41.46745 ], [ -73.6708, 41.40422 ], [ -73.92008, 41.41958 ], [ -73.88734, 41.5113 ], [ -73.78387, 41.49492 ], [ -73.73437, 41.63243 ], [ -73.79524, 41.6663 ], [ -73.77046, 41.73506 ], [ -73.87432, 41.75145 ], [ -73.85784, 41.79729 ], [ -73.8925, 41.80274 ], [ -73.86778, 41.87151 ], [ -73.93718, 41.88239 ], [ -73.89597, 41.99701 ], [ -73.90598, 42.07121 ], [ -73.94079, 42.07665 ], [ -73.95728, 42.0308 ], [ -73.99208, 42.03623 ], [ -74.01673, 41.96744 ], [ -73.98197, 41.96203 ], [ -73.9984, 41.91617 ], [ -74.06788, 41.92699 ], [ -74.11896, 41.88652 ], [ -74.10873, 41.81232 ], [ -74.16781, 41.74889 ], [ -74.20027, 41.65713 ], [ -74.32023, 41.6273 ], [ -74.3709, 41.58674 ], [ -74.41898, 41.449 ], [ -74.50394, 41.41369 ], [ -74.55951, 41.25293 ], [ -74.44834, 41.26 ], [ -74.31075, 41.23868 ], [ -74.29472, 41.28459 ], [ -74.1329, 41.33196 ], [ -74.02154, 41.3387 ], [ -74.10453, 41.20646 ], [ -74.25001, 41.20502 ], [ -74.28207, 41.1132 ], [ -74.37462, 41.05501 ], [ -74.40642, 40.96315 ], [ -74.60919, 40.89776 ], [ -74.68258, 40.78812 ], [ -74.92967, 40.80172 ], [ -74.8987, 40.8937 ], [ -74.97056, 41.00127 ], [ -75.02032, 40.96046 ], [ -75.16521, 40.95808 ], [ -75.19582, 40.86604 ], [ -75.29862, 40.8814 ], [ -75.38233, 40.84556 ], [ -75.53446, 40.81978 ], [ -75.70583, 40.84493 ], [ -75.90947, 40.65745 ], [ -76.00477, 40.69535 ], [ -76.17599, 40.71993 ], [ -76.34911, 40.62407 ], [ -76.52026, 40.64824 ], [ -76.49167, 40.74057 ], [ -76.56027, 40.75019 ], [ -76.49734, 40.83771 ], [ -76.46144, 40.9531 ], [ -76.37097, 41.01265 ], [ -76.50154, 41.05505 ], [ -76.62514, 41.1204 ], [ -76.72868, 41.13472 ], [ -76.73475, 41.23182 ], [ -76.80391, 41.24132 ], [ -76.86681, 41.15369 ], [ -76.97047, 41.16782 ], [ -76.94295, 41.14002 ], [ -76.97107, 41.04763 ], [ -77.09549, 40.99237 ], [ -77.10942, 40.94616 ], [ -77.19218, 40.90925 ], [ -77.28861, 40.82605 ], [ -77.30923, 40.75669 ], [ -77.41916, 40.74738 ], [ -77.43279, 40.70112 ], [ -77.57696, 40.69627 ], [ -77.70688, 40.61733 ], [ -77.80317, 40.654 ], [ -77.97494, 40.67639 ], [ -78.02909, 40.61137 ], [ -78.16646, 40.62908 ], [ -78.20561, 40.49007 ], [ -78.37708, 40.51197 ], [ -78.45212, 40.49749 ], [ -78.44352, 40.40042 ], [ -78.39433, 40.32217 ], [ -78.3408, 40.38735 ], [ -78.23811, 40.37421 ], [ -78.26403, 40.2815 ], [ -78.40509, 40.15552 ], [ -78.56938, 40.20038 ], [ -78.66296, 40.11619 ], [ -78.70702, 39.95377 ], [ -78.57725, 39.91338 ], [ -78.6025, 39.82057 ], [ -78.73835, 39.83773 ], [ -78.86512, 39.75765 ], [ -78.8899, 39.66477 ], [ -78.87457, 39.59086 ], [ -78.96074, 39.52965 ], [ -79.06835, 39.51904 ], [ -79.06506, 39.39867 ], [ -79.10156, 39.25923 ], [ -79.13526, 39.26341 ], [ -79.14131, 39.24017 ], [ -79.17153, 39.12393 ], [ -79.22321, 39.05834 ], [ -79.05527, 39.03745 ], [ -79.03097, 39.13043 ], [ -78.98515, 39.1727 ], [ -78.85677, 39.13253 ], [ -78.86905, 39.08606 ], [ -78.83546, 39.08181 ], [ -78.79849, 39.22121 ], [ -78.69755, 39.20838 ], [ -78.72235, 39.11547 ], [ -78.60047, 39.05183 ], [ -78.48729, 39.0853 ], [ -78.49982, 39.03886 ], [ -78.46628, 39.03452 ], [ -78.44115, 39.12739 ], [ -78.37399, 39.11868 ], [ -78.31697, 39.32756 ], [ -78.19676, 39.38398 ], [ -78.1438, 39.44916 ], [ -78.11805, 39.54192 ], [ -78.21939, 39.55517 ], [ -78.37568, 39.62347 ], [ -78.28243, 39.70751 ], [ -78.25677, 39.80027 ], [ -78.16312, 39.88421 ], [ -78.09521, 39.87537 ], [ -78.01294, 39.79251 ], [ -77.91898, 39.87628 ], [ -77.83796, 39.91365 ], [ -77.69632, 40.03909 ], [ -77.63564, 40.12717 ], [ -77.60888, 40.21977 ], [ -77.47254, 40.20152 ], [ -77.38407, 40.26175 ], [ -77.2477, 40.24327 ], [ -77.23403, 40.28953 ], [ -77.04284, 40.33559 ], [ -77.04238, 40.45586 ], [ -76.89872, 40.46016 ], [ -76.88551, 40.38611 ], [ -76.71491, 40.36239 ], [ -76.62551, 40.42213 ], [ -76.48902, 40.40292 ], [ -76.37956, 40.4115 ], [ -76.31853, 40.37871 ], [ -76.34721, 40.28638 ], [ -76.32035, 40.25844 ], [ -76.1843, 40.23892 ], [ -76.09458, 40.29833 ], [ -76.06553, 40.39061 ], [ -75.91463, 40.41697 ], [ -75.75909, 40.34596 ], [ -75.58903, 40.32087 ], [ -75.53267, 40.38495 ], [ -75.3966, 40.36467 ], [ -75.35508, 40.38261 ], [ -75.21907, 40.36216 ], [ -75.1623, 40.42608 ], [ -75.07902, 40.46181 ], [ -74.97694, 40.44628 ], [ -74.83633, 40.54569 ], [ -74.7527, 40.58122 ], [ -74.73716, 40.6272 ], [ -74.63491, 40.61143 ], [ -74.47504, 40.65921 ], [ -74.38807, 40.91189 ], [ -74.33794, 40.95249 ], [ -74.177, 40.99992 ], [ -74.07628, 41.08093 ], [ -74.00962, 41.16729 ], [ -73.97714, 41.25905 ], [ -73.90841, 41.24818 ], [ -73.85605, 41.19141 ], [ -73.84624, 41.11716 ], [ -73.57218, 41.07323 ], [ -73.46227, 41.17671 ], [ -73.3252, 41.15444 ], [ -73.26582, 41.21754 ], [ -73.19727, 41.20633 ], [ -73.12928, 41.29227 ], [ -72.94928, 41.28688 ], [ -72.91521, 41.37838 ], [ -72.78647, 41.33272 ], [ -72.81216, 41.26412 ], [ -72.70938, 41.24696 ], [ -72.5209, 41.26389 ], [ -72.38398, 41.24071 ], [ -72.30682, 41.25191 ], [ -72.2551, 41.29175 ], [ -72.16907, 41.3257 ], [ -72.04099, 41.27937 ], [ -72.02331, 41.32501 ], [ -71.92822, 41.38163 ], [ -71.91933, 41.40445 ], [ -71.97899, 41.43909 ], [ -71.94342, 41.53034 ], [ -71.95996, 41.58187 ], [ -72.10632, 41.58264 ], [ -72.18483, 41.47439 ], [ -72.37403, 41.4579 ], [ -72.4422, 41.56667 ], [ -72.54543, 41.58402 ], [ -72.56247, 41.63548 ], [ -72.48396, 41.84107 ], [ -72.48305, 42.03535 ], [ -72.51772, 42.04113 ], [ -72.50017, 42.08681 ] ], [ [ -78.81646, 39.41555 ], [ -78.82882, 39.3691 ], [ -78.86256, 39.37334 ], [ -78.89014, 39.40082 ], [ -78.87164, 39.4705 ], [ -78.82833, 39.63306 ], [ -78.71425, 39.66669 ], [ -78.65903, 39.61169 ], [ -78.6778, 39.54205 ], [ -78.57638, 39.52914 ], [ -78.59521, 39.4595 ], [ -78.74895, 39.40702 ], [ -78.81646, 39.41555 ] ], [ [ -78.1388, 40.09724 ], [ -78.2281, 40.15682 ], [ -78.20218, 40.24953 ], [ -78.06561, 40.23186 ], [ -78.09823, 40.116 ], [ -78.1388, 40.09724 ] ], [ [ -76.54165, 40.57898 ], [ -76.55589, 40.5328 ], [ -76.65846, 40.54717 ], [ -76.6443, 40.59336 ], [ -76.54165, 40.57898 ] ], [ [ -75.56023, 40.63047 ], [ -75.54526, 40.67654 ], [ -75.40856, 40.65628 ], [ -75.33268, 40.66912 ], [ -75.36291, 40.57702 ], [ -75.49942, 40.59733 ], [ -75.56023, 40.63047 ] ], [ [ -73.99274, 41.62475 ], [ -74.10461, 41.61804 ], [ -74.07204, 41.70979 ], [ -74.0028, 41.69897 ], [ -73.99274, 41.62475 ] ], [ [ -72.76928, 41.66993 ], [ -72.73473, 41.76136 ], [ -72.63116, 41.74415 ], [ -72.66585, 41.65275 ], [ -72.76928, 41.66993 ] ] ], [ [ [ -75.84225, 41.20242 ], [ -75.82734, 41.2485 ], [ -75.79283, 41.24352 ], [ -75.77788, 41.28959 ], [ -75.88151, 41.30452 ], [ -75.91124, 41.21236 ], [ -75.84225, 41.20242 ] ] ], [ [ [ -71.78975, 41.45505 ], [ -71.82403, 41.461 ], [ -71.84189, 41.41539 ], [ -71.80763, 41.40945 ], [ -71.78975, 41.45505 ] ] ], [ [ [ -70.79289, 42.54769 ], [ -70.87839, 42.61169 ], [ -70.98291, 42.63015 ], [ -71.0714, 42.59694 ], [ -71.0995, 42.52871 ], [ -71.18778, 42.49542 ], [ -71.25976, 42.41049 ], [ -71.30609, 42.2967 ], [ -71.23671, 42.28455 ], [ -71.22985, 42.21019 ], [ -71.30374, 42.02811 ], [ -71.36585, 41.96588 ], [ -71.49683, 41.91567 ], [ -71.59677, 41.66507 ], [ -71.5209, 41.57869 ], [ -71.54806, 41.51034 ], [ -71.51378, 41.50432 ], [ -71.49566, 41.54989 ], [ -71.46136, 41.54386 ], [ -71.44318, 41.58942 ], [ -71.31973, 41.71395 ], [ -71.03838, 41.59078 ], [ -70.89203, 41.58892 ], [ -70.81746, 41.77084 ], [ -70.85182, 41.77702 ], [ -70.77692, 41.95889 ], [ -70.78642, 42.20476 ], [ -70.82739, 42.28532 ], [ -70.93134, 42.30383 ], [ -70.88433, 42.4175 ], [ -70.83073, 42.45679 ], [ -70.79289, 42.54769 ] ] ] ] } },
{ "type": "Feature", "properties": { "ID": 18 }, "geometry": { "type": "MultiPolygon", "coordinates": [ [ [ [ -104.84144, 37.94971 ], [ -104.8477, 37.99682 ], [ -104.88114, 37.99461 ], [ -104.87486, 37.9475 ], [ -104.84144, 37.94971 ] ] ], [ [ [ -104.58313, 38.03776 ], [ -104.6166, 38.03561 ], [ -104.6227, 38.08273 ], [ -104.72317, 38.07625 ], [ -104.71391, 38.00558 ], [ -104.61355, 38.01205 ], [ -104.60745, 37.96493 ], [ -104.57402, 37.96707 ], [ -104.58313, 38.03776 ] ] ], [ [ [ -107.71345, 38.92039 ], [ -107.70506, 38.8735 ], [ -107.95426, 38.92324 ], [ -107.96283, 38.97012 ], [ -108.03046, 38.96416 ], [ -108.05562, 38.91429 ], [ -108.0894, 38.91129 ], [ -108.08074, 38.86442 ], [ -108.02546, 38.75021 ], [ -108.12654, 38.74121 ], [ -107.96183, 38.58907 ], [ -107.91122, 38.49823 ], [ -107.82721, 38.41031 ], [ -107.81881, 38.36338 ], [ -107.75178, 38.36925 ], [ -107.76851, 38.4631 ], [ -107.80632, 38.6742 ], [ -107.57883, 38.74146 ], [ -107.59956, 38.85874 ], [ -107.64167, 38.90275 ], [ -107.60787, 38.90564 ], [ -107.61203, 38.92909 ], [ -107.71345, 38.92039 ] ] ], [ [ [ -107.94276, 39.42422 ], [ -107.95139, 39.47107 ], [ -108.12173, 39.45612 ], [ -108.33048, 39.46131 ], [ -108.32158, 39.41449 ], [ -108.38963, 39.40835 ], [ -108.38516, 39.38494 ], [ -108.41917, 39.38186 ], [ -108.37623, 39.33812 ], [ -108.32733, 39.08052 ], [ -108.25962, 39.08663 ], [ -108.23015, 39.11309 ], [ -108.09462, 39.12518 ], [ -108.03982, 39.20147 ], [ -108.00589, 39.20445 ], [ -108.01453, 39.25131 ], [ -108.04849, 39.24832 ], [ -108.05717, 39.29517 ], [ -108.00219, 39.37142 ], [ -108.01086, 39.41827 ], [ -107.94276, 39.42422 ] ] ], [ [ [ -107.75538, 39.53559 ], [ -107.7895, 39.53266 ], [ -107.79803, 39.57951 ], [ -107.83217, 39.57658 ], [ -107.81934, 39.5063 ], [ -107.75113, 39.51216 ], [ -107.75538, 39.53559 ] ] ], [ [ [ -100.13971, 40.25707 ], [ -100.2439, 40.25394 ], [ -100.24079, 40.2068 ], [ -100.44901, 40.20032 ], [ -100.62079, 40.17111 ], [ -100.61741, 40.12398 ], [ -100.75602, 40.11932 ], [ -100.89282, 40.09095 ], [ -100.88924, 40.04383 ], [ -100.99305, 40.04014 ], [ -100.98941, 39.99301 ], [ -101.12771, 39.98798 ], [ -101.19116, 39.91472 ], [ -101.36185, 39.8846 ], [ -101.35794, 39.83747 ], [ -101.4614, 39.83344 ], [ -101.5059, 39.94987 ], [ -101.53823, 40.32672 ], [ -101.61596, 40.41813 ], [ -101.6263, 40.53585 ], [ -101.7002, 40.58011 ], [ -101.70862, 40.67427 ], [ -101.74991, 40.74346 ], [ -101.82414, 40.78765 ], [ -101.83277, 40.88178 ], [ -101.94449, 40.94798 ], [ -101.94889, 40.99504 ], [ -102.02803, 41.08617 ], [ -102.09833, 41.08316 ], [ -102.1426, 41.17573 ], [ -102.2153, 41.19618 ], [ -102.25982, 41.2887 ], [ -102.33505, 41.33261 ], [ -102.41517, 41.4235 ], [ -102.56627, 41.51109 ], [ -102.63702, 41.50781 ], [ -102.90262, 41.66057 ], [ -102.90779, 41.70758 ], [ -102.98397, 41.75112 ], [ -103.12595, 41.74412 ], [ -103.20233, 41.78755 ], [ -103.20774, 41.83453 ], [ -103.31435, 41.82913 ], [ -103.31985, 41.87611 ], [ -103.46207, 41.86877 ], [ -103.46768, 41.91574 ], [ -103.5744, 41.91014 ], [ -103.5801, 41.95711 ], [ -103.75807, 41.94759 ], [ -103.76391, 41.99455 ], [ -103.87074, 41.98873 ], [ -103.98657, 42.05325 ], [ -104.20037, 42.0412 ], [ -104.20655, 42.08814 ], [ -104.4917, 42.07156 ], [ -104.57266, 42.13771 ], [ -104.96487, 42.11378 ], [ -104.96825, 42.13723 ], [ -105.21777, 42.12144 ], [ -105.1935, 41.95731 ], [ -105.08002, 41.91721 ], [ -105.05471, 41.98981 ], [ -104.94799, 41.99651 ], [ -104.90236, 41.92836 ], [ -104.68582, 41.918 ], [ -104.52122, 41.76229 ], [ -104.49255, 41.55108 ], [ -104.3387, 41.46554 ], [ -104.26502, 41.44619 ], [ -104.12385, 41.45433 ], [ -104.12992, 41.50129 ], [ -103.9503, 41.48779 ], [ -103.809, 41.49561 ], [ -103.79444, 41.37818 ], [ -103.85911, 41.32731 ], [ -103.96184, 41.29793 ], [ -104.20829, 41.28388 ], [ -104.23429, 41.2114 ], [ -104.3046, 41.20729 ], [ -104.33046, 41.13478 ], [ -104.31811, 41.04085 ], [ -104.49339, 41.03042 ], [ -104.59534, 41.00057 ], [ -104.62078, 40.928 ], [ -104.7957, 40.91719 ], [ -104.78919, 40.87024 ], [ -105.03046, 40.83128 ], [ -105.05534, 40.75862 ], [ -105.18467, 40.67914 ], [ -105.15431, 40.46789 ], [ -105.22374, 40.46332 ], [ -105.20008, 40.29899 ], [ -105.26594, 40.27093 ], [ -105.24562, 40.13005 ], [ -105.12866, 40.04297 ], [ -105.122, 39.99599 ], [ -105.04646, 39.95353 ], [ -104.90866, 39.96246 ], [ -104.88598, 39.79799 ], [ -104.76692, 39.68707 ], [ -104.75738, 39.61655 ], [ -104.81635, 39.54167 ], [ -104.9875, 39.5306 ], [ -105.09346, 39.54735 ], [ -105.0803, 39.45335 ], [ -105.03958, 39.40859 ], [ -104.96478, 39.36606 ], [ -104.86235, 39.37271 ], [ -104.86875, 39.41973 ], [ -104.73205, 39.42848 ], [ -104.70102, 39.45416 ], [ -104.4616, 39.4691 ], [ -104.38711, 39.42626 ], [ -104.30671, 39.33633 ], [ -104.13889, 39.37008 ], [ -104.13302, 39.32303 ], [ -104.0589, 39.28 ], [ -103.95652, 39.28597 ], [ -103.95078, 39.23891 ], [ -103.74611, 39.25062 ], [ -103.69811, 39.13484 ], [ -103.76623, 39.131 ], [ -103.82025, 39.0094 ], [ -103.88823, 39.00549 ], [ -103.91085, 38.90935 ], [ -104.0776, 38.87586 ], [ -104.07181, 38.82877 ], [ -104.17347, 38.8227 ], [ -104.31793, 38.88511 ], [ -104.45355, 38.87676 ], [ -104.4475, 38.82969 ], [ -104.58607, 38.84474 ], [ -104.72158, 38.83613 ], [ -104.71533, 38.78907 ], [ -104.74918, 38.78689 ], [ -104.73979, 38.7163 ], [ -104.70598, 38.71847 ], [ -104.69975, 38.6714 ], [ -104.59838, 38.67786 ], [ -104.57386, 38.48953 ], [ -104.64125, 38.48524 ], [ -104.63202, 38.41461 ], [ -104.39635, 38.42945 ], [ -104.3201, 38.36296 ], [ -104.21916, 38.36914 ], [ -104.21332, 38.32202 ], [ -103.94424, 38.33813 ], [ -103.92469, 38.45791 ], [ -103.82636, 38.48736 ], [ -103.55652, 38.50268 ], [ -103.49171, 38.53 ], [ -103.28916, 38.54105 ], [ -103.24505, 38.44857 ], [ -103.07643, 38.45749 ], [ -103.07139, 38.41034 ], [ -102.83542, 38.42246 ], [ -102.83785, 38.44605 ], [ -102.56797, 38.45941 ], [ -102.54123, 38.5318 ], [ -102.4061, 38.53825 ], [ -102.40153, 38.49107 ], [ -102.262, 38.45021 ], [ -102.1945, 38.45331 ], [ -102.20335, 38.54767 ], [ -102.17617, 38.61998 ], [ -102.07466, 38.62456 ], [ -102.08336, 38.7189 ], [ -101.98384, 38.747 ], [ -101.92027, 38.79714 ], [ -101.92664, 38.86789 ], [ -102.03286, 38.91058 ], [ -102.04588, 39.05204 ], [ -101.94584, 39.0801 ], [ -101.88192, 39.13019 ], [ -101.71344, 39.16099 ], [ -101.71756, 39.20814 ], [ -101.5468, 39.21515 ], [ -101.4463, 39.24284 ], [ -101.37407, 39.19837 ], [ -101.38573, 39.33984 ], [ -101.25072, 39.36872 ], [ -101.17662, 39.30057 ], [ -101.13499, 39.20753 ], [ -100.99834, 39.21258 ], [ -100.96956, 39.28457 ], [ -100.90469, 39.3342 ], [ -100.63081, 39.34369 ], [ -100.56563, 39.39316 ], [ -100.57059, 39.46391 ], [ -100.82291, 39.62078 ], [ -100.82993, 39.71508 ], [ -100.80073, 39.78699 ], [ -100.87322, 39.83173 ], [ -100.88032, 39.926 ], [ -100.67475, 39.9567 ], [ -100.67816, 40.00384 ], [ -100.57606, 40.03086 ], [ -100.29918, 40.03969 ], [ -100.30232, 40.08683 ], [ -100.16375, 40.09105 ], [ -100.16528, 40.11462 ], [ -100.13062, 40.11565 ], [ -100.13971, 40.25707 ] ], [ [ -103.75731, 39.34477 ], [ -103.79992, 39.41344 ], [ -103.63165, 39.44657 ], [ -103.51809, 39.35807 ], [ -103.50995, 39.28745 ], [ -103.61237, 39.28181 ], [ -103.61787, 39.32889 ], [ -103.75731, 39.34477 ] ] ] ] } },
{ "type": "Feature", "properties": { "ID": 19 }, "geometry": { "type": "MultiPolygon", "coordinates": [ [ [ [ -107.41322, 38.96972 ], [ -107.44705, 38.96687 ], [ -107.45116, 38.99033 ], [ -107.59069, 39.00232 ], [ -107.57407, 38.90852 ], [ -107.64167, 38.90275 ], [ -107.59956, 38.85874 ], [ -107.57883, 38.74146 ], [ -107.80632, 38.6742 ], [ -107.76851, 38.4631 ], [ -107.73926, 38.29885 ], [ -107.68474, 38.37508 ], [ -107.61768, 38.38088 ], [ -107.64252, 38.52167 ], [ -107.58356, 38.57437 ], [ -107.48266, 38.58297 ], [ -107.51551, 38.77066 ], [ -107.43065, 38.87305 ], [ -107.36307, 38.87872 ], [ -107.40912, 38.94626 ], [ -107.41322, 38.96972 ] ] ], [ [ [ -107.74725, 38.91748 ], [ -107.75567, 38.96437 ], [ -107.85712, 38.95556 ], [ -107.86563, 39.00244 ], [ -107.96712, 38.99356 ], [ -107.95426, 38.92324 ], [ -107.70506, 38.8735 ], [ -107.71345, 38.92039 ], [ -107.74725, 38.91748 ] ] ], [ [ [ -108.12318, 38.90828 ], [ -108.13187, 38.95515 ], [ -108.21698, 39.04282 ], [ -108.08593, 39.07832 ], [ -108.09462, 39.12518 ], [ -108.23015, 39.11309 ], [ -108.25962, 39.08663 ], [ -108.27584, 38.98988 ], [ -108.19509, 38.92567 ], [ -108.17764, 38.83194 ], [ -108.11016, 38.83797 ], [ -108.11884, 38.88485 ], [ -108.08507, 38.88785 ], [ -108.0894, 38.91129 ], [ -108.12318, 38.90828 ] ] ], [ [ [ -107.81073, 39.26907 ], [ -107.77675, 39.272 ], [ -107.7895, 39.3423 ], [ -107.95954, 39.32755 ], [ -107.97681, 39.42125 ], [ -108.01086, 39.41827 ], [ -108.00219, 39.37142 ], [ -108.05717, 39.29517 ], [ -108.04849, 39.24832 ], [ -107.94661, 39.25726 ], [ -107.97195, 39.20743 ], [ -108.03982, 39.20147 ], [ -108.09462, 39.12518 ], [ -107.96334, 39.16057 ], [ -107.82766, 39.17239 ], [ -107.79798, 39.19877 ], [ -107.81073, 39.26907 ] ] ], [ [ [ -106.88308, 39.70245 ], [ -106.93319, 39.79353 ], [ -106.90682, 39.84313 ], [ -107.04407, 39.83223 ], [ -107.0663, 39.75916 ], [ -107.10057, 39.7564 ], [ -107.09251, 39.70952 ], [ -107.12675, 39.70676 ], [ -107.1066, 39.58954 ], [ -107.03825, 39.59504 ], [ -107.03425, 39.5716 ], [ -106.82919, 39.58789 ], [ -106.83704, 39.6348 ], [ -106.80283, 39.63749 ], [ -106.81066, 39.68439 ], [ -106.77643, 39.68707 ], [ -106.78034, 39.71053 ], [ -106.88308, 39.70245 ] ] ], [ [ [ -107.35715, 40.42469 ], [ -107.44315, 40.51269 ], [ -107.54709, 40.50413 ], [ -107.53861, 40.45731 ], [ -107.63818, 40.42527 ], [ -107.74196, 40.41657 ], [ -107.80679, 40.38732 ], [ -107.94504, 40.37553 ], [ -107.9538, 40.42233 ], [ -108.16123, 40.40438 ], [ -108.21691, 40.32815 ], [ -108.19013, 40.18778 ], [ -108.16346, 40.04739 ], [ -108.30092, 40.03524 ], [ -108.27407, 39.89485 ], [ -108.37241, 39.86227 ], [ -108.45451, 39.9263 ], [ -108.47518, 39.85302 ], [ -108.43902, 39.66582 ], [ -108.45061, 39.54572 ], [ -108.40754, 39.50199 ], [ -108.3394, 39.50814 ], [ -108.33048, 39.46131 ], [ -108.12173, 39.45612 ], [ -107.95139, 39.47107 ], [ -107.94276, 39.42422 ], [ -107.90871, 39.42718 ], [ -107.84487, 39.45651 ], [ -107.79375, 39.36573 ], [ -107.72569, 39.37157 ], [ -107.68322, 39.32761 ], [ -107.6748, 39.28074 ], [ -107.57282, 39.28941 ], [ -107.55966, 39.40947 ], [ -107.49984, 39.46208 ], [ -107.36756, 39.49688 ], [ -107.283, 39.40874 ], [ -107.30483, 39.33559 ], [ -107.20271, 39.34398 ], [ -107.19464, 39.29708 ], [ -107.16062, 39.29986 ], [ -107.16464, 39.32331 ], [ -107.13061, 39.32608 ], [ -107.12064, 39.46955 ], [ -107.15475, 39.46678 ], [ -107.15878, 39.49023 ], [ -107.1929, 39.48745 ], [ -107.24328, 39.57844 ], [ -107.38402, 39.59063 ], [ -107.39227, 39.63751 ], [ -107.49482, 39.62898 ], [ -107.54573, 39.71984 ], [ -107.81943, 39.69663 ], [ -107.89645, 39.73758 ], [ -107.9224, 39.87807 ], [ -107.88811, 39.88102 ], [ -107.86676, 39.95421 ], [ -107.69932, 39.99226 ], [ -107.71639, 40.08592 ], [ -107.7508, 40.08301 ], [ -107.75938, 40.12983 ], [ -107.82824, 40.12398 ], [ -107.83688, 40.17079 ], [ -107.72923, 40.15616 ], [ -107.62587, 40.16485 ], [ -107.5654, 40.21744 ], [ -107.5781, 40.28769 ], [ -107.40544, 40.30195 ], [ -107.39175, 40.42186 ], [ -107.35715, 40.42469 ] ], [ [ -107.75113, 39.51216 ], [ -107.92162, 39.49746 ], [ -107.93025, 39.5443 ], [ -107.82789, 39.55315 ], [ -107.83217, 39.57658 ], [ -107.6273, 39.59406 ], [ -107.61048, 39.50033 ], [ -107.67025, 39.44768 ], [ -107.67447, 39.47112 ], [ -107.70856, 39.46821 ], [ -107.71279, 39.49164 ], [ -107.74688, 39.48873 ], [ -107.75113, 39.51216 ] ] ], [ [ [ -107.17996, 40.41525 ], [ -107.15353, 40.46487 ], [ -107.21457, 40.41247 ], [ -107.17996, 40.41525 ] ] ], [ [ [ -107.34068, 40.92479 ], [ -107.31416, 40.97442 ], [ -107.33514, 41.09144 ], [ -107.41354, 41.13261 ], [ -107.43474, 41.24961 ], [ -107.42091, 41.36943 ], [ -107.46456, 41.41338 ], [ -107.55707, 41.33464 ], [ -107.5134, 41.29071 ], [ -107.48351, 41.12693 ], [ -107.5321, 41.00422 ], [ -107.60192, 40.99848 ], [ -107.56767, 40.81128 ], [ -107.60248, 40.8084 ], [ -107.58965, 40.7382 ], [ -107.51586, 40.72052 ], [ -107.39476, 40.63542 ], [ -107.37801, 40.54177 ], [ -107.33501, 40.49775 ], [ -107.23518, 40.52957 ], [ -107.20051, 40.53236 ], [ -107.20874, 40.5792 ], [ -107.29475, 40.66728 ], [ -107.32949, 40.66447 ], [ -107.33784, 40.71129 ], [ -107.40736, 40.70565 ], [ -107.45055, 40.74963 ], [ -107.4717, 40.86666 ], [ -107.40201, 40.87233 ], [ -107.41044, 40.91915 ], [ -107.34068, 40.92479 ] ] ], [ [ [ -105.74398, 38.12495 ], [ -105.77745, 38.12252 ], [ -105.78439, 38.16958 ], [ -105.83183, 38.26123 ], [ -105.93244, 38.25385 ], [ -105.92539, 38.20681 ], [ -106.05585, 38.17333 ], [ -106.04872, 38.12629 ], [ -106.18256, 38.11622 ], [ -106.16455, 37.99861 ], [ -106.2611, 37.96746 ], [ -106.25386, 37.92041 ], [ -106.2205, 37.92297 ], [ -106.11684, 37.90704 ], [ -106.00617, 37.84397 ], [ -105.92551, 37.75479 ], [ -105.90108, 37.59 ], [ -105.96048, 37.53796 ], [ -105.98314, 37.46483 ], [ -105.8402, 37.40406 ], [ -105.70773, 37.41381 ], [ -105.70092, 37.36669 ], [ -105.43604, 37.38578 ], [ -105.33995, 37.41637 ], [ -105.27367, 37.42102 ], [ -105.28018, 37.46815 ], [ -105.3465, 37.46351 ], [ -105.35307, 37.51063 ], [ -105.45261, 37.5036 ], [ -105.45925, 37.55072 ], [ -105.52565, 37.54598 ], [ -105.54241, 37.66375 ], [ -105.50916, 37.66613 ], [ -105.48258, 37.7156 ], [ -105.52592, 37.78388 ], [ -105.53938, 37.87806 ], [ -105.73708, 38.07789 ], [ -105.74398, 38.12495 ] ] ], [ [ [ -106.34295, 37.84215 ], [ -106.3211, 37.70099 ], [ -106.25461, 37.70611 ], [ -106.26545, 37.7767 ], [ -106.34295, 37.84215 ] ] ], [ [ [ -105.45606, 38.71579 ], [ -105.44931, 38.66875 ], [ -105.55058, 38.66166 ], [ -105.53355, 38.54407 ], [ -105.59409, 38.49227 ], [ -105.75892, 38.45671 ], [ -105.80653, 38.54833 ], [ -105.90758, 38.54097 ], [ -105.91465, 38.58799 ], [ -105.98918, 38.63005 ], [ -106.00705, 38.74757 ], [ -106.09627, 38.88355 ], [ -106.1978, 38.87598 ], [ -106.1905, 38.82899 ], [ -106.22432, 38.82645 ], [ -106.217, 38.77947 ], [ -106.17229, 38.71151 ], [ -106.13853, 38.71404 ], [ -106.11683, 38.57303 ], [ -106.13967, 38.5 ], [ -106.00504, 38.51003 ], [ -105.95719, 38.41847 ], [ -105.88995, 38.42341 ], [ -105.80873, 38.33424 ], [ -105.80177, 38.2872 ], [ -105.70109, 38.29448 ], [ -105.6942, 38.24743 ], [ -105.62712, 38.25224 ], [ -105.61346, 38.15813 ], [ -105.57997, 38.16052 ], [ -105.57318, 38.11345 ], [ -105.5397, 38.11583 ], [ -105.52957, 38.04522 ], [ -105.48941, 38.00051 ], [ -105.4493, 37.95579 ], [ -105.39928, 37.84041 ], [ -105.41933, 37.74386 ], [ -105.30631, 37.65665 ], [ -105.17326, 37.66586 ], [ -105.13356, 37.62102 ], [ -105.11112, 37.45605 ], [ -105.07159, 37.41117 ], [ -104.90584, 37.42238 ], [ -104.92647, 37.32585 ], [ -104.79402, 37.33469 ], [ -104.80636, 37.42901 ], [ -104.88203, 37.49533 ], [ -104.9816, 37.48865 ], [ -105.08752, 37.52903 ], [ -105.10031, 37.62329 ], [ -105.21951, 37.7578 ], [ -105.19592, 37.83076 ], [ -105.09586, 37.8376 ], [ -105.08945, 37.79049 ], [ -104.95927, 37.82304 ], [ -104.96559, 37.87016 ], [ -105.06571, 37.86342 ], [ -105.07211, 37.91053 ], [ -105.13889, 37.90599 ], [ -105.14212, 37.92954 ], [ -105.20892, 37.92497 ], [ -105.24558, 37.94622 ], [ -105.24885, 37.96977 ], [ -105.28226, 37.96746 ], [ -105.2987, 38.08518 ], [ -105.34541, 38.17702 ], [ -105.18106, 38.21209 ], [ -105.05792, 38.0541 ], [ -105.03872, 37.91279 ], [ -104.97193, 37.91727 ], [ -104.9751, 37.94083 ], [ -105.00055, 38.12924 ], [ -105.11721, 38.24019 ], [ -105.15727, 38.28499 ], [ -105.19085, 38.28271 ], [ -105.20392, 38.37685 ], [ -105.37201, 38.36529 ], [ -105.37868, 38.41234 ], [ -105.45267, 38.45471 ], [ -105.46616, 38.5488 ], [ -105.29431, 38.53695 ], [ -105.30094, 38.584 ], [ -105.16603, 38.5932 ], [ -105.15949, 38.54614 ], [ -105.02463, 38.5552 ], [ -104.99412, 38.58097 ], [ -105.00055, 38.62804 ], [ -105.13556, 38.61901 ], [ -105.20962, 38.66149 ], [ -105.25662, 38.75328 ], [ -105.26325, 38.80032 ], [ -105.33091, 38.79569 ], [ -105.32424, 38.74865 ], [ -105.38849, 38.72048 ], [ -105.45606, 38.71579 ] ], [ [ -105.67784, 38.36747 ], [ -105.68473, 38.41451 ], [ -105.58385, 38.42171 ], [ -105.57703, 38.37466 ], [ -105.67784, 38.36747 ] ] ], [ [ [ -104.90245, 38.65825 ], [ -104.96679, 38.63027 ], [ -104.89927, 38.63472 ], [ -104.90245, 38.65825 ] ] ], [ [ [ -79.88846, 38.61154 ], [ -79.961, 38.59622 ], [ -79.91708, 38.49504 ], [ -79.88373, 38.49105 ], [ -79.86079, 38.58424 ], [ -79.89419, 38.58824 ], [ -79.88846, 38.61154 ] ] ], [ [ [ -79.58041, 38.74227 ], [ -79.58627, 38.71899 ], [ -79.55282, 38.71492 ], [ -79.54696, 38.7382 ], [ -79.58041, 38.74227 ] ] ], [ [ [ -106.90682, 39.84313 ], [ -106.79993, 39.82777 ], [ -106.73911, 39.88002 ], [ -106.7313, 39.83312 ], [ -106.69698, 39.83578 ], [ -106.71646, 39.95303 ], [ -106.78522, 39.94769 ], [ -106.81566, 39.92156 ], [ -106.85002, 39.91887 ], [ -106.84213, 39.87198 ], [ -106.90682, 39.84313 ] ] ], [ [ [ -105.0803, 39.45335 ], [ -105.1752, 39.6368 ], [ -105.2471, 39.65572 ], [ -105.29092, 39.96107 ], [ -105.32536, 39.95876 ], [ -105.34921, 40.12312 ], [ -105.31468, 40.12544 ], [ -105.34541, 40.33673 ], [ -105.27613, 40.34136 ], [ -105.3, 40.50567 ], [ -105.23392, 40.53374 ], [ -105.25434, 40.67456 ], [ -105.33086, 40.71688 ], [ -105.35156, 40.85767 ], [ -105.28857, 40.90922 ], [ -105.14873, 40.91838 ], [ -105.12389, 40.99104 ], [ -105.06059, 41.04249 ], [ -104.99051, 41.04697 ], [ -105.0072, 41.1643 ], [ -104.88326, 41.29051 ], [ -104.9384, 41.42909 ], [ -105.00891, 41.42463 ], [ -105.019, 41.49501 ], [ -105.17384, 41.57981 ], [ -105.18414, 41.65017 ], [ -105.09163, 41.75078 ], [ -105.26875, 41.73939 ], [ -105.31464, 41.80743 ], [ -105.33566, 41.94811 ], [ -105.27505, 42.02307 ], [ -105.28904, 42.11685 ], [ -105.32115, 42.09109 ], [ -105.60599, 42.07231 ], [ -105.70911, 42.04169 ], [ -105.88694, 42.02953 ], [ -105.9543, 42.00118 ], [ -106.13197, 41.98873 ], [ -106.19918, 41.96026 ], [ -106.22315, 41.88746 ], [ -106.32953, 41.87981 ], [ -106.3373, 41.92665 ], [ -106.44373, 41.91892 ], [ -106.47134, 41.86949 ], [ -106.57369, 41.83825 ], [ -106.71536, 41.82769 ], [ -106.80941, 41.74945 ], [ -106.79728, 41.67922 ], [ -106.97386, 41.66572 ], [ -107.00093, 41.61619 ], [ -107.18147, 41.62584 ], [ -107.17311, 41.57903 ], [ -107.30987, 41.54448 ], [ -107.293, 41.45089 ], [ -107.17913, 41.41245 ], [ -107.17081, 41.36564 ], [ -107.12739, 41.32159 ], [ -106.98692, 41.33257 ], [ -106.90855, 41.29117 ], [ -106.82224, 41.2029 ], [ -106.81421, 41.15607 ], [ -106.63902, 41.16938 ], [ -106.57284, 41.19806 ], [ -106.58858, 41.29175 ], [ -106.64348, 41.40622 ], [ -106.60831, 41.40886 ], [ -106.63208, 41.54937 ], [ -106.5655, 41.57805 ], [ -106.58132, 41.67172 ], [ -106.51066, 41.67695 ], [ -106.50279, 41.63011 ], [ -106.39686, 41.63789 ], [ -106.38908, 41.59104 ], [ -106.3185, 41.59618 ], [ -106.17348, 41.58292 ], [ -106.0878, 41.49422 ], [ -106.06526, 41.35362 ], [ -106.08541, 41.25738 ], [ -106.00772, 41.21549 ], [ -105.98176, 41.0514 ], [ -105.94675, 41.05387 ], [ -105.93938, 41.00698 ], [ -105.86941, 41.0119 ], [ -105.8621, 40.96501 ], [ -105.55085, 41.01015 ], [ -105.59951, 40.86466 ], [ -105.57121, 40.67699 ], [ -105.52937, 40.63244 ], [ -105.41803, 40.59257 ], [ -105.40419, 40.4987 ], [ -105.50486, 40.46819 ], [ -105.56023, 40.36958 ], [ -105.55322, 40.32265 ], [ -105.45969, 40.16307 ], [ -105.44243, 40.04568 ], [ -105.51139, 40.04097 ], [ -105.49752, 39.94706 ], [ -105.42523, 39.92828 ], [ -105.41152, 39.83435 ], [ -105.54551, 39.80144 ], [ -105.53164, 39.70751 ], [ -105.45618, 39.66526 ], [ -105.44247, 39.5713 ], [ -105.37401, 39.57598 ], [ -105.36383, 39.5055 ], [ -105.43222, 39.50083 ], [ -105.44932, 39.38101 ], [ -105.34017, 39.34102 ], [ -105.3267, 39.24702 ], [ -105.39144, 39.21886 ], [ -105.37792, 39.12484 ], [ -105.40515, 39.07549 ], [ -105.3372, 39.08016 ], [ -105.33049, 39.03314 ], [ -105.29653, 39.03546 ], [ -105.30322, 39.08248 ], [ -105.0653, 39.09847 ], [ -105.07509, 39.16901 ], [ -104.97299, 39.17574 ], [ -104.95364, 39.03465 ], [ -104.90367, 38.91927 ], [ -104.97148, 38.91482 ], [ -104.95542, 38.7972 ], [ -104.92158, 38.79943 ], [ -104.90245, 38.65825 ], [ -104.84121, 38.70973 ], [ -104.87932, 38.99205 ], [ -104.74351, 39.00082 ], [ -104.73723, 38.95377 ], [ -104.53359, 38.96666 ], [ -104.50881, 39.03937 ], [ -104.44084, 39.04359 ], [ -104.45604, 39.16123 ], [ -104.53643, 39.25109 ], [ -104.74095, 39.2382 ], [ -104.7441, 39.26171 ], [ -104.98269, 39.24628 ], [ -104.99566, 39.34032 ], [ -105.03958, 39.40859 ], [ -105.0803, 39.45335 ] ], [ [ -105.47392, 41.20486 ], [ -105.48097, 41.25176 ], [ -105.51636, 41.48626 ], [ -105.41054, 41.49331 ], [ -105.39301, 41.37605 ], [ -105.35814, 41.14151 ], [ -105.46337, 41.1345 ], [ -105.47392, 41.20486 ] ] ] ] } },
{ "type": "Feature", "properties": { "ID": 20 }, "geometry": { "type": "MultiPolygon", "coordinates": [ [ [ [ -105.78439, 38.16958 ], [ -105.77745, 38.12252 ], [ -105.74398, 38.12495 ], [ -105.75089, 38.17201 ], [ -105.78439, 38.16958 ] ] ], [ [ [ -105.80873, 38.33424 ], [ -105.88995, 38.42341 ], [ -105.95719, 38.41847 ], [ -106.00504, 38.51003 ], [ -106.13967, 38.5 ], [ -106.11683, 38.57303 ], [ -106.13853, 38.71404 ], [ -106.17229, 38.71151 ], [ -106.15776, 38.61752 ], [ -106.22518, 38.61244 ], [ -106.20696, 38.49493 ], [ -106.12884, 38.42948 ], [ -106.11444, 38.33543 ], [ -106.13719, 38.26237 ], [ -106.23777, 38.25476 ], [ -106.24505, 38.30179 ], [ -106.34567, 38.2941 ], [ -106.33833, 38.24708 ], [ -106.56912, 38.20535 ], [ -106.62478, 38.12956 ], [ -106.60974, 38.03553 ], [ -106.40931, 38.05123 ], [ -106.42059, 37.90754 ], [ -106.51689, 37.8762 ], [ -106.53906, 37.80302 ], [ -106.6389, 37.7951 ], [ -106.6314, 37.74807 ], [ -106.7644, 37.73741 ], [ -106.83851, 37.77905 ], [ -106.94214, 37.79442 ], [ -106.90119, 37.75012 ], [ -106.75304, 37.66685 ], [ -106.62018, 37.6775 ], [ -106.61271, 37.63046 ], [ -106.47622, 37.61744 ], [ -106.55745, 37.7063 ], [ -106.53163, 37.75598 ], [ -106.39856, 37.76641 ], [ -106.34295, 37.84215 ], [ -106.28721, 37.91786 ], [ -106.25386, 37.92041 ], [ -106.26836, 38.0145 ], [ -106.24583, 38.08761 ], [ -106.2902, 38.1556 ], [ -106.1563, 38.16578 ], [ -106.1491, 38.11875 ], [ -106.04872, 38.12629 ], [ -106.05941, 38.19685 ], [ -105.99241, 38.20185 ], [ -106.04016, 38.29342 ], [ -105.9766, 38.32192 ], [ -105.94303, 38.3244 ], [ -105.91651, 38.37391 ], [ -105.90242, 38.27984 ], [ -105.86537, 38.25878 ], [ -105.83183, 38.26123 ], [ -105.78439, 38.16958 ], [ -105.80873, 38.33424 ] ] ], [ [ [ -106.217, 38.77947 ], [ -106.20604, 38.70898 ], [ -106.17229, 38.71151 ], [ -106.217, 38.77947 ] ] ], [ [ [ -106.14102, 38.95151 ], [ -106.25737, 39.03785 ], [ -106.28323, 39.20223 ], [ -106.35124, 39.1971 ], [ -106.32521, 39.03273 ], [ -106.25001, 38.99088 ], [ -106.23164, 38.87344 ], [ -106.16396, 38.87851 ], [ -106.17125, 38.92549 ], [ -106.13738, 38.92802 ], [ -106.14102, 38.95151 ] ] ], [ [ [ -107.45116, 38.99033 ], [ -107.44705, 38.96687 ], [ -107.41322, 38.96972 ], [ -107.41731, 38.99317 ], [ -107.45116, 38.99033 ] ] ], [ [ [ -107.79375, 39.36573 ], [ -107.84487, 39.45651 ], [ -107.90871, 39.42718 ], [ -107.97681, 39.42125 ], [ -107.95954, 39.32755 ], [ -107.75548, 39.34522 ], [ -107.75972, 39.36866 ], [ -107.79375, 39.36573 ] ] ], [ [ [ -106.3185, 41.59618 ], [ -106.45966, 41.58587 ], [ -106.48711, 41.53643 ], [ -106.51066, 41.67695 ], [ -106.58132, 41.67172 ], [ -106.5655, 41.57805 ], [ -106.63208, 41.54937 ], [ -106.60831, 41.40886 ], [ -106.57312, 41.41149 ], [ -106.58858, 41.29175 ], [ -106.51052, 41.25014 ], [ -106.56892, 41.17464 ], [ -106.81421, 41.15607 ], [ -106.82224, 41.2029 ], [ -106.90855, 41.29117 ], [ -106.98692, 41.33257 ], [ -107.12739, 41.32159 ], [ -107.17081, 41.36564 ], [ -107.16665, 41.34223 ], [ -107.18927, 41.26925 ], [ -107.25524, 41.24027 ], [ -107.25684, 41.05024 ], [ -107.1437, 41.01175 ], [ -107.16211, 40.91534 ], [ -107.3058, 40.9276 ], [ -107.37556, 40.92197 ], [ -107.36716, 40.87516 ], [ -107.4717, 40.86666 ], [ -107.45055, 40.74963 ], [ -107.40736, 40.70565 ], [ -107.2683, 40.7169 ], [ -107.26, 40.67007 ], [ -107.15575, 40.67842 ], [ -107.13934, 40.58474 ], [ -106.93508, 40.6246 ], [ -106.84963, 40.5363 ], [ -106.81782, 40.34884 ], [ -106.84447, 40.29929 ], [ -107.08633, 40.28023 ], [ -107.23682, 40.33942 ], [ -107.26313, 40.28978 ], [ -107.36258, 40.25794 ], [ -107.56963, 40.24086 ], [ -107.5654, 40.21744 ], [ -107.62587, 40.16485 ], [ -107.69478, 40.15907 ], [ -107.69051, 40.13565 ], [ -107.72495, 40.13275 ], [ -107.70785, 40.03909 ], [ -107.63907, 40.04488 ], [ -107.62212, 39.95121 ], [ -107.81952, 39.88691 ], [ -107.9224, 39.87807 ], [ -107.89645, 39.73758 ], [ -107.81943, 39.69663 ], [ -107.54573, 39.71984 ], [ -107.49482, 39.62898 ], [ -107.35809, 39.64033 ], [ -107.47311, 39.70213 ], [ -107.49814, 39.8427 ], [ -107.45036, 39.96553 ], [ -107.32528, 40.04712 ], [ -107.30324, 40.12021 ], [ -107.16543, 40.13137 ], [ -107.01952, 40.09552 ], [ -107.00345, 40.00178 ], [ -107.02579, 39.92873 ], [ -107.0945, 39.92323 ], [ -107.11267, 39.82672 ], [ -107.21148, 39.79497 ], [ -107.19115, 39.67777 ], [ -107.29379, 39.6694 ], [ -107.28561, 39.62252 ], [ -107.38815, 39.61407 ], [ -107.38402, 39.59063 ], [ -107.24328, 39.57844 ], [ -107.1929, 39.48745 ], [ -107.09053, 39.49575 ], [ -107.00635, 39.40744 ], [ -106.93029, 39.36598 ], [ -106.91846, 39.29561 ], [ -107.02849, 39.33434 ], [ -107.16464, 39.32331 ], [ -107.16062, 39.29986 ], [ -107.26266, 39.2915 ], [ -107.26673, 39.31495 ], [ -107.2327, 39.31774 ], [ -107.23675, 39.34119 ], [ -107.30483, 39.33559 ], [ -107.283, 39.40874 ], [ -107.36756, 39.49688 ], [ -107.49984, 39.46208 ], [ -107.55966, 39.40947 ], [ -107.57282, 39.28941 ], [ -107.6748, 39.28074 ], [ -107.6706, 39.2573 ], [ -107.80648, 39.24564 ], [ -107.79798, 39.19877 ], [ -107.82766, 39.17239 ], [ -107.96334, 39.16057 ], [ -108.09462, 39.12518 ], [ -108.08593, 39.07832 ], [ -108.21698, 39.04282 ], [ -108.13187, 38.95515 ], [ -108.12318, 38.90828 ], [ -108.05562, 38.91429 ], [ -108.03046, 38.96416 ], [ -107.96283, 38.97012 ], [ -107.96712, 38.99356 ], [ -107.86563, 39.00244 ], [ -107.85712, 38.95556 ], [ -107.75567, 38.96437 ], [ -107.74725, 38.91748 ], [ -107.61203, 38.92909 ], [ -107.60787, 38.90564 ], [ -107.57407, 38.90852 ], [ -107.59069, 39.00232 ], [ -107.45116, 38.99033 ], [ -107.47587, 39.13103 ], [ -107.40802, 39.13672 ], [ -107.28999, 39.05137 ], [ -107.27379, 38.95754 ], [ -107.29548, 38.88435 ], [ -107.43065, 38.87305 ], [ -107.51551, 38.77066 ], [ -107.48266, 38.58297 ], [ -107.5163, 38.58011 ], [ -107.50809, 38.53318 ], [ -107.5417, 38.53032 ], [ -107.52938, 38.45992 ], [ -107.45407, 38.4187 ], [ -107.44593, 38.37175 ], [ -107.58415, 38.38376 ], [ -107.68474, 38.37508 ], [ -107.65574, 38.21079 ], [ -107.5513, 38.19598 ], [ -107.48442, 38.20172 ], [ -107.46723, 38.29848 ], [ -107.32921, 38.28635 ], [ -107.35061, 38.21308 ], [ -107.32651, 38.07218 ], [ -107.21279, 38.20083 ], [ -107.13797, 38.15942 ], [ -107.03764, 38.1677 ], [ -107.01591, 38.24092 ], [ -106.94893, 38.24639 ], [ -106.96449, 38.34035 ], [ -106.82648, 38.3277 ], [ -106.79962, 38.16323 ], [ -106.63231, 38.17657 ], [ -106.5879, 38.32286 ], [ -106.42015, 38.33594 ], [ -106.35671, 38.36461 ], [ -106.37146, 38.45863 ], [ -106.41249, 38.50304 ], [ -106.51341, 38.49523 ], [ -106.58821, 38.53696 ], [ -106.59577, 38.58395 ], [ -106.69678, 38.576 ], [ -106.7381, 38.62031 ], [ -106.76115, 38.7612 ], [ -107.03113, 38.73952 ], [ -107.07485, 38.59317 ], [ -107.24312, 38.57929 ], [ -107.25114, 38.62623 ], [ -107.41945, 38.61214 ], [ -107.43169, 38.68253 ], [ -107.3387, 38.73795 ], [ -107.23752, 38.74637 ], [ -107.25361, 38.84023 ], [ -107.15626, 38.87206 ], [ -107.22056, 39.24739 ], [ -107.05057, 39.26123 ], [ -107.04261, 39.21432 ], [ -106.90274, 39.20177 ], [ -106.89489, 39.15484 ], [ -106.79301, 39.16293 ], [ -106.80857, 39.25679 ], [ -106.78622, 39.32986 ], [ -106.64999, 39.34052 ], [ -106.72972, 39.40559 ], [ -106.7111, 39.5021 ], [ -106.57832, 39.53614 ], [ -106.58599, 39.58306 ], [ -106.44919, 39.59352 ], [ -106.38454, 39.62216 ], [ -106.40718, 39.76294 ], [ -106.3842, 39.8359 ], [ -106.28118, 39.8436 ], [ -106.23195, 39.75229 ], [ -106.16335, 39.75736 ], [ -106.11436, 39.66601 ], [ -106.09604, 39.54864 ], [ -106.05457, 39.50419 ], [ -105.95564, 39.53513 ], [ -105.99707, 39.57961 ], [ -106.01158, 39.67351 ], [ -106.08742, 39.71546 ], [ -106.09841, 39.78586 ], [ -106.02977, 39.79087 ], [ -106.04437, 39.88474 ], [ -106.01364, 39.9107 ], [ -105.87607, 39.92058 ], [ -105.86888, 39.87364 ], [ -105.73136, 39.88338 ], [ -105.79195, 40.28236 ], [ -105.93395, 40.29602 ], [ -105.92668, 40.2491 ], [ -106.03038, 40.24167 ], [ -106.03773, 40.28858 ], [ -106.1452, 40.30452 ], [ -106.38729, 40.28667 ], [ -106.43333, 40.35443 ], [ -106.37171, 40.40648 ], [ -106.26778, 40.41417 ], [ -106.26025, 40.36727 ], [ -106.05246, 40.38241 ], [ -106.02517, 40.43181 ], [ -106.0436, 40.54907 ], [ -105.98148, 40.60095 ], [ -106.00357, 40.74165 ], [ -106.08812, 40.83044 ], [ -106.06067, 40.87983 ], [ -105.93389, 40.7466 ], [ -105.92657, 40.6997 ], [ -105.82211, 40.70705 ], [ -105.81487, 40.66014 ], [ -105.67565, 40.66982 ], [ -105.55009, 40.53622 ], [ -105.56724, 40.41652 ], [ -105.63659, 40.41175 ], [ -105.58433, 40.2968 ], [ -105.54586, 40.03861 ], [ -105.56986, 39.9658 ], [ -105.63872, 39.96103 ], [ -105.62119, 39.84364 ], [ -105.71721, 39.78948 ], [ -105.70311, 39.69556 ], [ -105.59675, 39.67927 ], [ -105.55554, 39.63468 ], [ -105.5417, 39.54073 ], [ -105.64083, 39.51009 ], [ -105.61994, 39.36915 ], [ -105.51757, 39.37629 ], [ -105.4766, 39.33166 ], [ -105.53448, 39.25644 ], [ -105.65057, 39.34326 ], [ -105.70218, 39.45831 ], [ -105.83881, 39.44859 ], [ -105.86226, 39.37569 ], [ -105.93048, 39.37076 ], [ -106.01832, 39.26939 ], [ -106.0538, 39.05301 ], [ -106.03937, 38.95904 ], [ -106.13375, 38.90453 ], [ -106.13012, 38.88104 ], [ -106.09627, 38.88355 ], [ -106.00705, 38.74757 ], [ -105.98918, 38.63005 ], [ -105.91465, 38.58799 ], [ -105.90758, 38.54097 ], [ -105.80653, 38.54833 ], [ -105.75892, 38.45671 ], [ -105.59409, 38.49227 ], [ -105.53355, 38.54407 ], [ -105.55058, 38.66166 ], [ -105.44931, 38.66875 ], [ -105.45606, 38.71579 ], [ -105.42228, 38.71814 ], [ -105.4324, 38.78869 ], [ -105.30708, 38.86856 ], [ -105.26656, 38.82384 ], [ -105.25662, 38.75328 ], [ -105.20962, 38.66149 ], [ -105.13556, 38.61901 ], [ -104.96679, 38.63027 ], [ -104.90245, 38.65825 ], [ -104.92158, 38.79943 ], [ -104.98926, 38.79497 ], [ -104.98283, 38.74792 ], [ -105.08428, 38.74117 ], [ -105.12462, 38.78595 ], [ -105.1377, 38.88003 ], [ -105.03605, 38.88682 ], [ -105.03281, 38.86329 ], [ -104.99893, 38.86554 ], [ -104.99571, 38.84202 ], [ -104.96184, 38.84425 ], [ -104.97148, 38.91482 ], [ -104.90367, 38.91927 ], [ -104.95364, 39.03465 ], [ -104.97299, 39.17574 ], [ -105.07509, 39.16901 ], [ -105.0653, 39.09847 ], [ -105.30322, 39.08248 ], [ -105.28652, 38.96492 ], [ -105.38827, 38.95795 ], [ -105.46288, 39.00028 ], [ -105.47309, 39.0708 ], [ -105.40515, 39.07549 ], [ -105.37792, 39.12484 ], [ -105.39144, 39.21886 ], [ -105.3267, 39.24702 ], [ -105.34017, 39.34102 ], [ -105.44932, 39.38101 ], [ -105.43222, 39.50083 ], [ -105.36383, 39.5055 ], [ -105.37401, 39.57598 ], [ -105.44247, 39.5713 ], [ -105.45618, 39.66526 ], [ -105.53164, 39.70751 ], [ -105.54551, 39.80144 ], [ -105.41152, 39.83435 ], [ -105.42523, 39.92828 ], [ -105.49752, 39.94706 ], [ -105.51139, 40.04097 ], [ -105.44243, 40.04568 ], [ -105.45969, 40.16307 ], [ -105.55322, 40.32265 ], [ -105.56023, 40.36958 ], [ -105.50486, 40.46819 ], [ -105.40419, 40.4987 ], [ -105.41803, 40.59257 ], [ -105.52937, 40.63244 ], [ -105.57121, 40.67699 ], [ -105.59951, 40.86466 ], [ -105.55085, 41.01015 ], [ -105.8621, 40.96501 ], [ -105.86941, 41.0119 ], [ -105.97437, 41.00451 ], [ -106.01677, 41.04892 ], [ -105.98176, 41.0514 ], [ -106.00772, 41.21549 ], [ -106.08541, 41.25738 ], [ -106.06526, 41.35362 ], [ -106.0878, 41.49422 ], [ -106.17348, 41.58292 ], [ -106.3185, 41.59618 ] ], [ [ -107.12233, 38.47026 ], [ -106.99184, 38.50474 ], [ -106.96994, 38.57792 ], [ -106.83529, 38.58877 ], [ -106.78623, 38.49752 ], [ -106.61808, 38.51083 ], [ -106.56937, 38.41949 ], [ -106.74112, 38.42972 ], [ -106.9762, 38.41081 ], [ -106.97229, 38.38732 ], [ -107.24069, 38.36521 ], [ -107.24868, 38.41217 ], [ -107.3158, 38.40655 ], [ -107.33192, 38.50045 ], [ -107.2231, 38.46192 ], [ -107.12233, 38.47026 ] ], [ [ -105.62905, 38.9649 ], [ -105.67338, 39.03301 ], [ -105.57154, 39.04019 ], [ -105.56123, 38.96968 ], [ -105.62905, 38.9649 ] ], [ [ -107.84454, 39.07571 ], [ -107.78526, 39.12845 ], [ -107.68353, 39.1372 ], [ -107.63288, 39.04633 ], [ -107.83604, 39.02883 ], [ -107.84454, 39.07571 ] ], [ [ -106.81566, 39.92156 ], [ -106.78522, 39.94769 ], [ -106.54451, 39.96623 ], [ -106.52917, 39.87242 ], [ -106.62833, 39.84108 ], [ -106.60904, 39.72381 ], [ -106.66982, 39.67161 ], [ -106.66209, 39.6247 ], [ -106.76081, 39.59326 ], [ -106.96591, 39.57706 ], [ -106.96194, 39.55361 ], [ -107.03026, 39.54815 ], [ -107.03825, 39.59504 ], [ -107.1066, 39.58954 ], [ -107.13483, 39.75364 ], [ -107.0663, 39.75916 ], [ -107.04407, 39.83223 ], [ -107.00976, 39.83496 ], [ -106.95309, 39.91074 ], [ -106.81566, 39.92156 ] ], [ [ -106.44115, 40.18771 ], [ -106.29928, 40.17456 ], [ -106.24977, 40.08329 ], [ -106.18082, 40.08837 ], [ -106.16598, 39.99453 ], [ -106.4107, 40.00009 ], [ -106.44115, 40.18771 ] ], [ [ -106.72505, 40.21357 ], [ -106.58307, 40.20071 ], [ -106.57147, 40.13037 ], [ -106.67491, 40.12246 ], [ -106.72505, 40.21357 ] ], [ [ -106.78619, 40.99213 ], [ -106.75921, 41.04164 ], [ -106.64245, 40.97934 ], [ -106.58792, 40.86483 ], [ -106.56449, 40.72424 ], [ -106.62626, 40.67211 ], [ -106.64144, 40.55231 ], [ -106.60634, 40.34137 ], [ -106.71011, 40.33343 ], [ -106.75345, 40.5912 ], [ -106.8001, 40.65882 ], [ -106.73453, 40.68759 ], [ -106.75831, 40.82816 ], [ -106.82801, 40.8228 ], [ -106.85205, 40.96334 ], [ -106.78619, 40.99213 ] ], [ [ -105.80898, 40.8502 ], [ -105.70785, 40.88092 ], [ -105.68993, 40.76365 ], [ -105.82935, 40.75396 ], [ -105.80898, 40.8502 ] ], [ [ -107.02434, 41.13981 ], [ -106.92334, 41.17139 ], [ -106.90715, 41.07773 ], [ -106.97711, 41.0723 ], [ -107.02434, 41.13981 ] ], [ [ -106.33062, 41.45306 ], [ -106.33833, 41.49991 ], [ -106.19734, 41.5101 ], [ -106.16319, 41.29922 ], [ -106.22585, 41.2473 ], [ -106.3624, 41.21365 ], [ -106.37397, 41.28393 ], [ -106.45198, 41.32562 ], [ -106.46756, 41.41932 ], [ -106.33062, 41.45306 ] ] ], [ [ [ -106.69309, 39.81233 ], [ -106.69698, 39.83578 ], [ -106.7313, 39.83312 ], [ -106.73911, 39.88002 ], [ -106.79993, 39.82777 ], [ -106.90682, 39.84313 ], [ -106.93319, 39.79353 ], [ -106.88308, 39.70245 ], [ -106.74608, 39.7132 ], [ -106.75389, 39.7601 ], [ -106.69309, 39.81233 ] ] ], [ [ [ -104.92647, 37.32585 ], [ -104.90584, 37.42238 ], [ -105.07159, 37.41117 ], [ -105.11112, 37.45605 ], [ -105.13356, 37.62102 ], [ -105.17326, 37.66586 ], [ -105.30631, 37.65665 ], [ -105.41933, 37.74386 ], [ -105.39928, 37.84041 ], [ -105.4493, 37.95579 ], [ -105.44262, 37.9087 ], [ -105.53264, 37.83097 ], [ -105.52592, 37.78388 ], [ -105.48258, 37.7156 ], [ -105.50916, 37.66613 ], [ -105.37612, 37.67555 ], [ -105.36293, 37.58132 ], [ -105.42605, 37.55307 ], [ -105.45925, 37.55072 ], [ -105.45261, 37.5036 ], [ -105.38625, 37.5083 ], [ -105.25676, 37.54116 ], [ -105.24701, 37.47046 ], [ -105.28018, 37.46815 ], [ -105.27367, 37.42102 ], [ -105.30681, 37.4187 ], [ -105.29377, 37.32442 ], [ -105.19448, 37.33134 ], [ -105.16138, 37.33363 ], [ -104.99583, 37.34495 ], [ -104.92647, 37.32585 ] ] ], [ [ [ -105.03872, 37.91279 ], [ -105.03234, 37.86567 ], [ -104.96559, 37.87016 ], [ -104.97193, 37.91727 ], [ -105.03872, 37.91279 ] ] ], [ [ [ -105.5262, 38.02168 ], [ -105.48941, 38.00051 ], [ -105.52957, 38.04522 ], [ -105.5262, 38.02168 ] ] ], [ [ [ -105.05792, 38.0541 ], [ -105.18106, 38.21209 ], [ -105.34541, 38.17702 ], [ -105.2987, 38.08518 ], [ -105.28554, 37.991 ], [ -105.25212, 37.99331 ], [ -105.24558, 37.94622 ], [ -105.20892, 37.92497 ], [ -105.14212, 37.92954 ], [ -105.13889, 37.90599 ], [ -105.07211, 37.91053 ], [ -105.07853, 37.95763 ], [ -105.04511, 37.95989 ], [ -105.05792, 38.0541 ] ] ], [ [ [ -105.57318, 38.11345 ], [ -105.56979, 38.08992 ], [ -105.53632, 38.09229 ], [ -105.5397, 38.11583 ], [ -105.57318, 38.11345 ] ] ], [ [ [ -105.62712, 38.25224 ], [ -105.66066, 38.24984 ], [ -105.65381, 38.20279 ], [ -105.62029, 38.20519 ], [ -105.62712, 38.25224 ] ] ], [ [ [ -105.46688, 41.15795 ], [ -105.40369, 41.20955 ], [ -105.36857, 41.21188 ], [ -105.37903, 41.28224 ], [ -105.41419, 41.27991 ], [ -105.41769, 41.30336 ], [ -105.48802, 41.29867 ], [ -105.48097, 41.25176 ], [ -105.47392, 41.20486 ], [ -105.46688, 41.15795 ] ] ] ] } },
{ "type": "Feature", "properties": { "ID": 21 }, "geometry": { "type": "MultiPolygon", "coordinates": [ [ [ [ -85.90501, 39.99972 ], [ -85.96656, 40.05164 ], [ -86.00467, 40.03067 ], [ -86.10804, 40.03808 ], [ -86.11526, 39.99114 ], [ -86.25302, 40.0009 ], [ -86.26012, 39.95395 ], [ -86.29455, 39.95637 ], [ -86.30867, 39.86247 ], [ -86.34305, 39.86487 ], [ -86.38093, 39.84379 ], [ -86.42923, 39.75225 ], [ -86.37108, 39.67703 ], [ -86.23399, 39.66739 ], [ -86.24107, 39.62043 ], [ -86.07347, 39.58471 ], [ -86.06628, 39.63167 ], [ -85.9869, 39.69713 ], [ -85.96505, 39.83796 ], [ -85.93071, 39.83546 ], [ -85.90501, 39.99972 ] ] ], [ [ [ -87.19685, 39.9692 ], [ -87.26259, 39.99705 ], [ -87.24983, 40.09103 ], [ -87.35027, 40.12101 ], [ -87.34394, 40.168 ], [ -87.51684, 40.17865 ], [ -87.65215, 40.21052 ], [ -87.69891, 40.11858 ], [ -88.01004, 40.1368 ], [ -88.1109, 40.16623 ], [ -88.31853, 40.17785 ], [ -88.59006, 40.23989 ], [ -88.76334, 40.24899 ], [ -88.76864, 40.20194 ], [ -88.97649, 40.21258 ], [ -88.96877, 40.28315 ], [ -89.07283, 40.28836 ], [ -89.13719, 40.33884 ], [ -89.16439, 40.41112 ], [ -89.30344, 40.41785 ], [ -89.29852, 40.4649 ], [ -89.40048, 40.49339 ], [ -89.53974, 40.49988 ], [ -89.52306, 40.66458 ], [ -89.54845, 40.76028 ], [ -89.65803, 40.718 ], [ -89.73716, 40.62702 ], [ -89.74177, 40.57996 ], [ -90.05564, 40.59361 ], [ -90.06001, 40.54654 ], [ -90.23219, 40.57735 ], [ -90.37171, 40.58302 ], [ -90.41482, 40.49024 ], [ -90.90264, 40.50883 ], [ -91.04023, 40.53739 ], [ -91.07148, 40.58572 ], [ -91.03109, 40.65514 ], [ -91.02375, 40.74933 ], [ -91.08828, 40.82243 ], [ -91.16013, 40.8013 ], [ -91.20224, 40.70831 ], [ -91.27567, 40.66357 ], [ -91.48536, 40.67047 ], [ -91.48869, 40.62336 ], [ -91.62841, 40.62777 ], [ -91.62518, 40.67489 ], [ -91.76346, 40.70272 ], [ -91.97333, 40.70889 ], [ -92.05059, 40.59307 ], [ -92.0593, 40.45169 ], [ -92.19868, 40.45554 ], [ -92.19588, 40.50267 ], [ -92.33403, 40.52995 ], [ -92.82258, 40.54187 ], [ -92.82492, 40.49473 ], [ -92.92955, 40.49706 ], [ -92.93181, 40.44991 ], [ -93.21067, 40.45574 ], [ -93.21272, 40.40859 ], [ -93.49141, 40.41386 ], [ -93.48957, 40.46101 ], [ -93.5575, 40.5094 ], [ -93.69793, 40.48818 ], [ -93.90723, 40.49146 ], [ -94.04822, 40.44631 ], [ -94.29227, 40.4495 ], [ -94.43231, 40.42755 ], [ -94.53634, 40.45226 ], [ -94.57279, 40.38187 ], [ -94.67728, 40.3829 ], [ -94.67825, 40.33573 ], [ -95.09595, 40.33905 ], [ -95.30456, 40.36383 ], [ -95.33842, 40.45834 ], [ -95.5128, 40.45906 ], [ -95.58209, 40.53004 ], [ -95.61644, 40.62447 ], [ -95.72134, 40.62471 ], [ -95.86146, 40.50701 ], [ -96.03599, 40.53065 ], [ -96.03602, 40.57782 ], [ -96.24567, 40.57761 ], [ -96.24549, 40.53044 ], [ -96.42007, 40.53003 ], [ -96.48935, 40.45905 ], [ -96.59398, 40.45865 ], [ -96.59355, 40.41147 ], [ -96.83749, 40.41023 ], [ -96.83811, 40.4574 ], [ -96.9092, 40.5513 ], [ -97.11916, 40.57337 ], [ -97.11998, 40.62053 ], [ -97.25983, 40.61934 ], [ -97.2589, 40.57218 ], [ -97.43305, 40.54693 ], [ -97.43199, 40.49977 ], [ -97.49682, 40.28678 ], [ -97.56638, 40.28602 ], [ -97.5994, 40.21486 ], [ -97.66888, 40.21405 ], [ -97.66643, 40.11969 ], [ -97.80452, 40.09438 ], [ -97.90924, 40.11658 ], [ -98.04797, 40.11461 ], [ -98.04947, 40.16179 ], [ -98.223, 40.15913 ], [ -98.22463, 40.2063 ], [ -98.433, 40.20282 ], [ -98.53904, 40.24813 ], [ -98.53718, 40.20097 ], [ -98.78024, 40.19634 ], [ -98.95491, 40.21635 ], [ -99.02658, 40.26202 ], [ -99.23508, 40.25734 ], [ -99.30821, 40.32644 ], [ -99.41256, 40.32393 ], [ -99.40881, 40.25321 ], [ -99.51303, 40.25063 ], [ -99.55298, 40.34404 ], [ -99.58514, 40.29601 ], [ -100.03698, 40.28368 ], [ -100.13971, 40.25707 ], [ -100.13062, 40.11565 ], [ -100.16528, 40.11462 ], [ -100.16071, 40.0439 ], [ -100.12007, 39.95064 ], [ -100.05093, 39.95267 ], [ -100.04355, 39.83478 ], [ -99.66388, 39.84533 ], [ -99.66122, 39.79817 ], [ -99.55773, 39.80086 ], [ -99.55902, 39.82445 ], [ -99.31742, 39.83044 ], [ -99.3495, 39.78243 ], [ -98.97004, 39.79109 ], [ -98.97221, 39.83826 ], [ -98.8341, 39.84115 ], [ -98.83204, 39.79397 ], [ -98.38343, 39.80241 ], [ -98.28072, 39.82775 ], [ -98.28405, 39.92212 ], [ -98.18111, 39.94738 ], [ -97.86976, 39.95191 ], [ -97.8684, 39.90473 ], [ -97.66096, 39.90736 ], [ -97.66218, 39.95455 ], [ -97.526, 40.05051 ], [ -97.42257, 40.0752 ], [ -97.2839, 40.07655 ], [ -97.28484, 40.12373 ], [ -97.07668, 40.1255 ], [ -97.07589, 40.07831 ], [ -96.97189, 40.07908 ], [ -96.97118, 40.03189 ], [ -96.55543, 40.03417 ], [ -96.48596, 40.01083 ], [ -96.48525, 39.91645 ], [ -96.45034, 39.86936 ], [ -96.34666, 39.86966 ], [ -96.27774, 39.91702 ], [ -96.27815, 40.0114 ], [ -96.13966, 40.03521 ], [ -96.13976, 40.0824 ], [ -96.03574, 40.08246 ], [ -96.03577, 40.12965 ], [ -95.65409, 40.12923 ], [ -95.58499, 40.08185 ], [ -95.5853, 40.03466 ], [ -95.41206, 40.03404 ], [ -95.41163, 40.08123 ], [ -94.7529, 40.07689 ], [ -94.61474, 40.05198 ], [ -94.61576, 40.0048 ], [ -94.51187, 40.00372 ], [ -94.51079, 40.05091 ], [ -94.16429, 40.04677 ], [ -94.16563, 39.99959 ], [ -93.9579, 39.99669 ], [ -93.95939, 39.94951 ], [ -93.78643, 39.94686 ], [ -93.78482, 39.99405 ], [ -93.71391, 40.0401 ], [ -93.57536, 40.03776 ], [ -93.57713, 39.99058 ], [ -93.43775, 40.01169 ], [ -93.12617, 40.0056 ], [ -93.12827, 39.95843 ], [ -92.88615, 39.95322 ], [ -92.78358, 39.92727 ], [ -92.74544, 39.99721 ], [ -92.57367, 39.96947 ], [ -92.57617, 39.92231 ], [ -92.40336, 39.91794 ], [ -92.40073, 39.9651 ], [ -92.0895, 39.95669 ], [ -92.08665, 40.00385 ], [ -91.87906, 39.99785 ], [ -91.87605, 40.045 ], [ -91.63373, 40.0376 ], [ -91.5959, 40.08365 ], [ -91.58783, 40.20149 ], [ -91.50857, 40.34066 ], [ -91.4407, 40.31484 ], [ -91.41099, 40.24302 ], [ -91.41938, 40.1252 ], [ -91.31885, 40.07461 ], [ -91.2548, 40.00157 ], [ -91.25826, 39.95443 ], [ -91.12536, 39.87894 ], [ -91.12891, 39.8318 ], [ -91.02544, 39.82813 ], [ -90.99642, 39.75618 ], [ -91.00731, 39.61475 ], [ -90.83732, 39.58486 ], [ -90.76481, 39.62941 ], [ -90.75148, 39.79439 ], [ -90.70931, 39.88733 ], [ -90.56928, 39.90556 ], [ -90.59592, 40.00114 ], [ -90.55738, 40.04691 ], [ -90.31523, 40.03722 ], [ -90.32973, 39.87233 ], [ -90.39873, 39.87514 ], [ -90.4474, 39.7116 ], [ -90.38265, 39.66169 ], [ -90.39283, 39.54386 ], [ -90.11827, 39.53242 ], [ -90.0861, 39.50739 ], [ -90.09466, 39.41313 ], [ -89.95767, 39.40719 ], [ -89.9533, 39.45431 ], [ -89.78197, 39.44668 ], [ -89.80277, 39.58958 ], [ -89.76618, 39.61159 ], [ -89.74575, 39.82356 ], [ -89.70671, 39.8691 ], [ -89.56879, 39.86277 ], [ -89.50221, 39.836 ], [ -89.47488, 39.76375 ], [ -89.40604, 39.76048 ], [ -89.38125, 39.66465 ], [ -89.2806, 39.63613 ], [ -89.0402, 39.62422 ], [ -89.04525, 39.57713 ], [ -88.94233, 39.5719 ], [ -88.91573, 39.49951 ], [ -88.74441, 39.49059 ], [ -88.7128, 39.46524 ], [ -88.72333, 39.37107 ], [ -88.6576, 39.34389 ], [ -88.45257, 39.33278 ], [ -88.45801, 39.28569 ], [ -88.3556, 39.28003 ], [ -88.2448, 39.34489 ], [ -88.07399, 39.33514 ], [ -88.07971, 39.28807 ], [ -87.94029, 39.30365 ], [ -87.80377, 39.29556 ], [ -87.79785, 39.34261 ], [ -87.72357, 39.38556 ], [ -87.5869, 39.37726 ], [ -87.51244, 39.42009 ], [ -87.5063, 39.46713 ], [ -87.42858, 39.53342 ], [ -87.29479, 39.50132 ], [ -87.30738, 39.40727 ], [ -87.24853, 39.33239 ], [ -87.18028, 39.32802 ], [ -87.17391, 39.37505 ], [ -87.07147, 39.36842 ], [ -87.03085, 39.41321 ], [ -87.02436, 39.46022 ], [ -87.14191, 39.61012 ], [ -87.05391, 39.7467 ], [ -87.03763, 39.86418 ], [ -87.14085, 39.87082 ], [ -87.13439, 39.91781 ], [ -87.16883, 39.92001 ], [ -87.16239, 39.96701 ], [ -87.19685, 39.9692 ] ], [ [ -88.97528, 39.90494 ], [ -88.90373, 39.92496 ], [ -88.87963, 39.82906 ], [ -89.0174, 39.83607 ], [ -88.97528, 39.90494 ] ], [ [ -90.24606, 40.03437 ], [ -90.23764, 40.12858 ], [ -90.13375, 40.12424 ], [ -90.1769, 40.03149 ], [ -90.24606, 40.03437 ] ] ], [ [ [ -88.98546, 40.44956 ], [ -88.9403, 40.54189 ], [ -89.00996, 40.54538 ], [ -88.98546, 40.44956 ] ] ], [ [ [ -86.93061, 40.37865 ], [ -86.8266, 40.37185 ], [ -86.7784, 40.46347 ], [ -86.88256, 40.4703 ], [ -86.93061, 40.37865 ] ] ], [ [ [ -96.8068, 40.74058 ], [ -96.73647, 40.71739 ], [ -96.59662, 40.74163 ], [ -96.5975, 40.83594 ], [ -96.63305, 40.88294 ], [ -96.73838, 40.88243 ], [ -96.80799, 40.83489 ], [ -96.8068, 40.74058 ] ] ] ] } },
{ "type": "Feature", "properties": { "ID": 22 }, "geometry": { "type": "MultiPolygon", "coordinates": [ [ [ [ -81.23589, 39.33961 ], [ -81.19136, 39.38259 ], [ -81.05586, 39.36783 ], [ -81.00038, 39.45739 ], [ -80.93256, 39.44993 ], [ -80.93931, 39.57023 ], [ -81.17717, 39.59617 ], [ -81.28449, 39.58383 ], [ -81.30255, 39.65745 ], [ -81.39938, 39.69167 ], [ -81.53564, 39.70609 ], [ -81.54611, 39.65943 ], [ -81.71639, 39.67725 ], [ -81.86805, 39.62133 ], [ -81.88337, 39.55129 ], [ -81.99048, 39.53841 ], [ -82.08246, 39.59551 ], [ -82.13155, 39.52889 ], [ -82.36972, 39.55277 ], [ -82.41358, 39.50942 ], [ -82.43319, 39.41594 ], [ -82.47692, 39.37256 ], [ -82.67586, 39.41593 ], [ -82.69544, 39.48937 ], [ -82.79751, 39.49924 ], [ -82.85133, 39.57593 ], [ -82.7988, 39.83307 ], [ -82.72557, 39.84987 ], [ -82.70142, 39.96671 ], [ -82.86887, 40.1733 ], [ -82.94242, 40.15643 ], [ -83.14879, 40.17572 ], [ -83.23625, 40.08856 ], [ -83.25484, 39.99503 ], [ -83.29841, 39.95142 ], [ -83.41047, 39.91406 ], [ -83.43332, 39.79709 ], [ -83.48572, 39.70662 ], [ -83.62692, 39.69558 ], [ -83.79783, 39.71083 ], [ -83.7445, 39.99168 ], [ -83.82205, 39.95094 ], [ -84.02801, 39.96893 ], [ -84.12671, 40.00122 ], [ -84.11805, 40.04804 ], [ -84.25989, 40.03636 ], [ -84.35837, 39.87824 ], [ -84.52483, 39.72573 ], [ -84.61396, 39.61424 ], [ -84.75069, 39.62549 ], [ -84.75883, 39.57861 ], [ -84.92968, 39.59247 ], [ -84.95186, 39.66555 ], [ -85.08875, 39.67646 ], [ -85.19928, 39.63765 ], [ -85.28325, 39.54918 ], [ -85.29101, 39.50226 ], [ -85.42761, 39.51284 ], [ -85.45032, 39.58585 ], [ -85.61757, 39.62232 ], [ -85.61004, 39.66925 ], [ -85.77759, 39.70552 ], [ -85.86202, 39.83044 ], [ -85.96505, 39.83796 ], [ -85.9869, 39.69713 ], [ -86.06628, 39.63167 ], [ -86.07347, 39.58471 ], [ -86.24107, 39.62043 ], [ -86.23399, 39.66739 ], [ -86.37108, 39.67703 ], [ -86.42923, 39.75225 ], [ -86.38093, 39.84379 ], [ -86.49096, 39.80396 ], [ -86.53908, 39.71238 ], [ -86.67292, 39.74521 ], [ -86.87892, 39.75896 ], [ -86.86897, 39.82944 ], [ -86.97211, 39.83621 ], [ -86.99995, 39.88544 ], [ -86.99011, 39.95592 ], [ -87.16239, 39.96701 ], [ -87.16883, 39.92001 ], [ -87.13439, 39.91781 ], [ -87.14085, 39.87082 ], [ -87.03763, 39.86418 ], [ -87.05391, 39.7467 ], [ -87.14191, 39.61012 ], [ -87.02436, 39.46022 ], [ -87.03733, 39.3662 ], [ -87.01293, 39.29344 ], [ -86.87984, 39.26092 ], [ -86.74354, 39.25178 ], [ -86.7602, 39.13425 ], [ -86.69218, 39.12963 ], [ -86.61743, 39.172 ], [ -86.57322, 39.24016 ], [ -86.44046, 39.20722 ], [ -86.44734, 39.16022 ], [ -86.3148, 39.12715 ], [ -86.2878, 39.07774 ], [ -86.30523, 38.96024 ], [ -86.12866, 38.99507 ], [ -86.12157, 39.04206 ], [ -86.04655, 39.08412 ], [ -86.03221, 39.17808 ], [ -85.94248, 39.31401 ], [ -85.77584, 39.27792 ], [ -85.72257, 39.17891 ], [ -85.6206, 39.1712 ], [ -85.62807, 39.12425 ], [ -85.52996, 39.09299 ], [ -85.50357, 39.04343 ], [ -85.51863, 38.94951 ], [ -85.45468, 38.9208 ], [ -85.25163, 38.90491 ], [ -85.1007, 38.98803 ], [ -85.05111, 39.07918 ], [ -84.94938, 39.07098 ], [ -84.94143, 39.1179 ], [ -84.86557, 39.1593 ], [ -84.84148, 39.30003 ], [ -84.79939, 39.34415 ], [ -84.69727, 39.33576 ], [ -84.62101, 39.37702 ], [ -84.57046, 39.46795 ], [ -84.46818, 39.45939 ], [ -84.45984, 39.50626 ], [ -84.32341, 39.49473 ], [ -84.33606, 39.42443 ], [ -84.23389, 39.4157 ], [ -84.26355, 39.25167 ], [ -84.19562, 39.24582 ], [ -84.2253, 39.08176 ], [ -84.1999, 39.03195 ], [ -84.22104, 38.91473 ], [ -84.15346, 38.90886 ], [ -84.13243, 38.83558 ], [ -83.96372, 38.82072 ], [ -83.82445, 38.83212 ], [ -83.83315, 38.78525 ], [ -83.73642, 38.7527 ], [ -83.60169, 38.74044 ], [ -83.44907, 38.82175 ], [ -83.31878, 38.78578 ], [ -83.22687, 38.72946 ], [ -83.19944, 38.86995 ], [ -83.12278, 38.9104 ], [ -83.03674, 38.9976 ], [ -82.96918, 38.99115 ], [ -82.94944, 38.9177 ], [ -82.8098, 38.92806 ], [ -82.57374, 38.90492 ], [ -82.49666, 38.94501 ], [ -82.44837, 39.0118 ], [ -82.37108, 39.05182 ], [ -82.30354, 39.04503 ], [ -82.25004, 39.13512 ], [ -82.08102, 39.11795 ], [ -81.80889, 39.25704 ], [ -81.79867, 39.30375 ], [ -81.72065, 39.34337 ], [ -81.61899, 39.33271 ], [ -81.54082, 39.37223 ], [ -81.53039, 39.41891 ], [ -81.39473, 39.40448 ], [ -81.23589, 39.33961 ] ], [ [ -83.5579, 39.33214 ], [ -83.57582, 39.23849 ], [ -83.74552, 39.25382 ], [ -83.73669, 39.30065 ], [ -83.83423, 39.33318 ], [ -83.81666, 39.42685 ], [ -83.83753, 39.50012 ], [ -83.66271, 39.50832 ], [ -83.49236, 39.4929 ], [ -83.51492, 39.37587 ], [ -83.5579, 39.33214 ] ], [ [ -84.25535, 39.67924 ], [ -84.19977, 39.79342 ], [ -84.13127, 39.78754 ], [ -84.15278, 39.67045 ], [ -84.25535, 39.67924 ] ], [ [ -83.09741, 39.90897 ], [ -83.07861, 40.00249 ], [ -83.03486, 40.04603 ], [ -82.89757, 40.03309 ], [ -82.86804, 40.00647 ], [ -82.88714, 39.91298 ], [ -83.05844, 39.92915 ], [ -83.09741, 39.90897 ] ] ], [ [ [ -81.23589, 39.33961 ], [ -81.31421, 39.30025 ], [ -81.33532, 39.20691 ], [ -81.26772, 39.19962 ], [ -81.23589, 39.33961 ] ] ], [ [ [ -86.30162, 39.90942 ], [ -86.34305, 39.86487 ], [ -86.30867, 39.86247 ], [ -86.30162, 39.90942 ] ] ], [ [ [ -80.06469, 40.42854 ], [ -80.08799, 40.33552 ], [ -79.81947, 40.28048 ], [ -79.77207, 40.46643 ], [ -79.8349, 40.49769 ], [ -79.94398, 40.48641 ], [ -80.08158, 40.50225 ], [ -80.06469, 40.42854 ] ] ], [ [ [ -81.64348, 41.41125 ], [ -81.62208, 41.50443 ], [ -81.69219, 41.51153 ], [ -81.71348, 41.41834 ], [ -81.64348, 41.41125 ] ] ], [ [ [ -78.74895, 39.40702 ], [ -78.59521, 39.4595 ], [ -78.57638, 39.52914 ], [ -78.6778, 39.54205 ], [ -78.65903, 39.61169 ], [ -78.71425, 39.66669 ], [ -78.82833, 39.63306 ], [ -78.87164, 39.4705 ], [ -78.88398, 39.42404 ], [ -78.74895, 39.40702 ] ] ], [ [ [ -74.3529, 40.18004 ], [ -74.35528, 40.2773 ], [ -74.45693, 40.29328 ], [ -74.46222, 40.17304 ], [ -74.3529, 40.18004 ] ] ], [ [ [ -73.66397, 40.9183 ], [ -73.49435, 40.98788 ], [ -73.4353, 41.05106 ], [ -73.3327, 41.03435 ], [ -73.23922, 41.09186 ], [ -73.22246, 41.13765 ], [ -73.08556, 41.11515 ], [ -73.06868, 41.16092 ], [ -72.90627, 41.2069 ], [ -72.83779, 41.19551 ], [ -72.78647, 41.33272 ], [ -72.91521, 41.37838 ], [ -72.94928, 41.28688 ], [ -73.12928, 41.29227 ], [ -73.19727, 41.20633 ], [ -73.26582, 41.21754 ], [ -73.3252, 41.15444 ], [ -73.46227, 41.17671 ], [ -73.57218, 41.07323 ], [ -73.84624, 41.11716 ], [ -73.85605, 41.19141 ], [ -73.90841, 41.24818 ], [ -73.97714, 41.25905 ], [ -74.00962, 41.16729 ], [ -74.07628, 41.08093 ], [ -74.177, 40.99992 ], [ -74.33794, 40.95249 ], [ -74.38807, 40.91189 ], [ -74.47504, 40.65921 ], [ -74.63491, 40.61143 ], [ -74.73716, 40.6272 ], [ -74.7527, 40.58122 ], [ -74.83633, 40.54569 ], [ -74.97694, 40.44628 ], [ -75.07902, 40.46181 ], [ -75.1623, 40.42608 ], [ -75.21907, 40.36216 ], [ -75.35508, 40.38261 ], [ -75.3966, 40.36467 ], [ -75.53267, 40.38495 ], [ -75.58903, 40.32087 ], [ -75.75909, 40.34596 ], [ -75.91463, 40.41697 ], [ -76.06553, 40.39061 ], [ -76.09458, 40.29833 ], [ -76.1843, 40.23892 ], [ -76.32035, 40.25844 ], [ -76.34721, 40.28638 ], [ -76.31853, 40.37871 ], [ -76.37956, 40.4115 ], [ -76.48902, 40.40292 ], [ -76.62551, 40.42213 ], [ -76.71491, 40.36239 ], [ -76.88551, 40.38611 ], [ -76.89872, 40.46016 ], [ -77.04238, 40.45586 ], [ -77.04284, 40.33559 ], [ -77.23403, 40.28953 ], [ -77.2477, 40.24327 ], [ -77.38407, 40.26175 ], [ -77.47254, 40.20152 ], [ -77.5407, 40.21066 ], [ -77.55414, 40.16437 ], [ -77.62227, 40.17348 ], [ -77.63564, 40.12717 ], [ -77.69632, 40.03909 ], [ -77.83796, 39.91365 ], [ -77.91898, 39.87628 ], [ -78.01294, 39.79251 ], [ -78.09521, 39.87537 ], [ -78.16312, 39.88421 ], [ -78.25677, 39.80027 ], [ -78.28243, 39.70751 ], [ -78.37568, 39.62347 ], [ -78.21939, 39.55517 ], [ -78.11805, 39.54192 ], [ -78.10514, 39.5883 ], [ -78.13894, 39.59273 ], [ -78.11959, 39.66229 ], [ -78.04543, 39.6766 ], [ -77.91011, 39.65876 ], [ -77.86319, 39.70063 ], [ -77.83694, 39.79332 ], [ -77.7353, 39.7798 ], [ -77.72126, 39.70578 ], [ -77.65361, 39.69671 ], [ -77.6258, 39.54864 ], [ -77.49752, 39.50722 ], [ -77.49085, 39.53038 ], [ -77.55832, 39.53953 ], [ -77.48491, 39.79427 ], [ -77.55265, 39.80341 ], [ -77.52591, 39.89603 ], [ -77.53306, 39.9932 ], [ -77.43818, 40.07663 ], [ -77.3294, 40.08596 ], [ -77.31582, 40.13223 ], [ -77.21376, 40.11834 ], [ -77.20025, 40.04429 ], [ -77.26145, 39.95639 ], [ -77.32932, 39.96564 ], [ -77.39681, 39.73419 ], [ -77.41696, 39.66473 ], [ -77.38317, 39.66013 ], [ -77.36972, 39.70643 ], [ -77.33591, 39.70182 ], [ -77.32241, 39.74811 ], [ -77.28859, 39.74349 ], [ -77.27505, 39.78978 ], [ -77.11271, 39.74338 ], [ -77.05239, 39.59052 ], [ -76.9581, 39.55329 ], [ -76.78966, 39.52964 ], [ -76.77581, 39.57589 ], [ -76.68755, 39.63572 ], [ -76.51899, 39.61174 ], [ -76.42338, 39.6945 ], [ -76.40216, 39.76381 ], [ -76.30617, 39.84648 ], [ -76.23857, 39.83673 ], [ -76.18533, 39.78077 ], [ -76.13003, 39.84512 ], [ -75.99491, 39.82542 ], [ -75.86715, 39.78251 ], [ -75.81153, 39.84673 ], [ -75.69557, 39.87785 ], [ -75.66615, 39.97009 ], [ -75.61756, 40.01117 ], [ -75.45588, 39.96285 ], [ -75.44099, 40.00894 ], [ -75.5615, 40.07528 ], [ -75.53179, 40.16746 ], [ -75.45651, 40.18038 ], [ -75.3209, 40.16002 ], [ -75.2908, 40.25215 ], [ -75.18144, 40.2598 ], [ -75.04575, 40.23917 ], [ -74.93638, 40.24663 ], [ -74.8455, 40.30523 ], [ -74.70982, 40.28429 ], [ -74.69432, 40.33028 ], [ -74.58475, 40.33746 ], [ -74.5222, 40.52134 ], [ -74.5327, 40.59558 ], [ -74.44884, 40.63093 ], [ -74.38071, 40.62028 ], [ -74.28085, 40.70146 ], [ -74.21486, 40.78795 ], [ -74.15079, 40.97159 ], [ -74.10047, 41.01209 ], [ -73.97163, 40.9675 ], [ -73.76647, 40.93477 ], [ -73.66397, 40.9183 ] ], [ [ -76.09458, 40.29833 ], [ -75.99252, 40.28355 ], [ -75.77666, 40.17958 ], [ -75.79136, 40.13347 ], [ -75.96828, 40.13525 ], [ -75.94642, 40.20445 ], [ -76.04108, 40.24235 ], [ -76.09458, 40.29833 ] ], [ [ -76.74504, 40.02938 ], [ -76.65029, 39.99196 ], [ -76.71218, 39.9043 ], [ -76.84768, 39.9233 ], [ -76.82684, 39.99266 ], [ -76.74504, 40.02938 ] ], [ [ -76.37751, 40.07374 ], [ -76.32215, 40.13815 ], [ -76.25424, 40.12841 ], [ -76.20074, 40.07247 ], [ -76.20277, 39.95217 ], [ -76.35957, 39.90239 ], [ -76.41307, 39.95828 ], [ -76.54154, 40.00067 ], [ -76.51326, 40.09307 ], [ -76.37751, 40.07374 ] ], [ [ -76.96134, 40.25215 ], [ -76.89945, 40.33989 ], [ -76.736, 40.29308 ], [ -76.79806, 40.20541 ], [ -76.96134, 40.25215 ] ] ], [ [ [ -75.56023, 40.63047 ], [ -75.49942, 40.59733 ], [ -75.36291, 40.57702 ], [ -75.33268, 40.66912 ], [ -75.40856, 40.65628 ], [ -75.54526, 40.67654 ], [ -75.56023, 40.63047 ] ] ], [ [ [ -72.32566, 41.01186 ], [ -72.35107, 41.04052 ], [ -72.35912, 41.11487 ], [ -72.46159, 41.13229 ], [ -72.49618, 41.04088 ], [ -72.56444, 41.05244 ], [ -72.62435, 40.98962 ], [ -72.76082, 41.01257 ], [ -73.16181, 41.00633 ], [ -73.25523, 40.94887 ], [ -73.39183, 40.97121 ], [ -73.50262, 40.96497 ], [ -73.51913, 40.91914 ], [ -73.66397, 40.9183 ], [ -73.68036, 40.87245 ], [ -73.76496, 40.83757 ], [ -73.69672, 40.82659 ], [ -73.6449, 40.76974 ], [ -73.44055, 40.73653 ], [ -73.33015, 40.74273 ], [ -73.37157, 40.62818 ], [ -73.26136, 40.63432 ], [ -73.12552, 40.61184 ], [ -73.10043, 40.68054 ], [ -72.96455, 40.65791 ], [ -72.90528, 40.72088 ], [ -72.80335, 40.70378 ], [ -72.78638, 40.74954 ], [ -72.64192, 40.74947 ], [ -72.62482, 40.79521 ], [ -72.52284, 40.7779 ], [ -72.49704, 40.84648 ], [ -72.39502, 40.82908 ], [ -72.37772, 40.87478 ], [ -72.26699, 40.88014 ], [ -72.24087, 40.94866 ], [ -72.32566, 41.01186 ] ] ], [ [ [ -72.76928, 41.66993 ], [ -72.66585, 41.65275 ], [ -72.63116, 41.74415 ], [ -72.73473, 41.76136 ], [ -72.76928, 41.66993 ] ] ] ] } },
{ "type": "Feature", "properties": { "ID": 23 }, "geometry": { "type": "MultiPolygon", "coordinates": [ [ [ [ -105.94303, 38.3244 ], [ -105.90946, 38.32688 ], [ -105.91651, 38.37391 ], [ -105.94303, 38.3244 ] ] ], [ [ [ -107.84454, 39.07571 ], [ -107.83604, 39.02883 ], [ -107.63288, 39.04633 ], [ -107.68353, 39.1372 ], [ -107.78526, 39.12845 ], [ -107.84454, 39.07571 ] ] ], [ [ [ -106.13375, 38.90453 ], [ -106.03937, 38.95904 ], [ -106.0538, 39.05301 ], [ -106.01832, 39.26939 ], [ -105.93048, 39.37076 ], [ -105.86226, 39.37569 ], [ -105.83881, 39.44859 ], [ -105.70218, 39.45831 ], [ -105.65057, 39.34326 ], [ -105.53448, 39.25644 ], [ -105.4766, 39.33166 ], [ -105.51757, 39.37629 ], [ -105.61994, 39.36915 ], [ -105.64083, 39.51009 ], [ -105.5417, 39.54073 ], [ -105.55554, 39.63468 ], [ -105.59675, 39.67927 ], [ -105.70311, 39.69556 ], [ -105.71721, 39.78948 ], [ -105.62119, 39.84364 ], [ -105.63872, 39.96103 ], [ -105.56986, 39.9658 ], [ -105.54586, 40.03861 ], [ -105.58433, 40.2968 ], [ -105.63659, 40.41175 ], [ -105.56724, 40.41652 ], [ -105.55009, 40.53622 ], [ -105.67565, 40.66982 ], [ -105.81487, 40.66014 ], [ -105.82211, 40.70705 ], [ -105.92657, 40.6997 ], [ -105.93389, 40.7466 ], [ -106.06067, 40.87983 ], [ -106.08812, 40.83044 ], [ -106.00357, 40.74165 ], [ -105.98148, 40.60095 ], [ -106.0436, 40.54907 ], [ -106.02517, 40.43181 ], [ -106.05246, 40.38241 ], [ -106.26025, 40.36727 ], [ -106.26778, 40.41417 ], [ -106.37171, 40.40648 ], [ -106.43333, 40.35443 ], [ -106.38729, 40.28667 ], [ -106.1452, 40.30452 ], [ -106.03773, 40.28858 ], [ -106.03038, 40.24167 ], [ -105.92668, 40.2491 ], [ -105.93395, 40.29602 ], [ -105.79195, 40.28236 ], [ -105.73136, 39.88338 ], [ -105.86888, 39.87364 ], [ -105.87607, 39.92058 ], [ -106.01364, 39.9107 ], [ -106.04437, 39.88474 ], [ -106.02977, 39.79087 ], [ -106.09841, 39.78586 ], [ -106.08742, 39.71546 ], [ -106.01158, 39.67351 ], [ -105.99707, 39.57961 ], [ -105.95564, 39.53513 ], [ -106.05457, 39.50419 ], [ -106.09604, 39.54864 ], [ -106.11436, 39.66601 ], [ -106.16335, 39.75736 ], [ -106.23195, 39.75229 ], [ -106.28118, 39.8436 ], [ -106.3842, 39.8359 ], [ -106.40718, 39.76294 ], [ -106.38454, 39.62216 ], [ -106.44919, 39.59352 ], [ -106.58599, 39.58306 ], [ -106.57832, 39.53614 ], [ -106.7111, 39.5021 ], [ -106.72972, 39.40559 ], [ -106.64999, 39.34052 ], [ -106.78622, 39.32986 ], [ -106.80857, 39.25679 ], [ -106.79301, 39.16293 ], [ -106.89489, 39.15484 ], [ -106.90274, 39.20177 ], [ -107.04261, 39.21432 ], [ -107.05057, 39.26123 ], [ -107.22056, 39.24739 ], [ -107.15626, 38.87206 ], [ -107.25361, 38.84023 ], [ -107.23752, 38.74637 ], [ -107.3387, 38.73795 ], [ -107.43169, 38.68253 ], [ -107.41945, 38.61214 ], [ -107.25114, 38.62623 ], [ -107.24312, 38.57929 ], [ -107.07485, 38.59317 ], [ -107.03113, 38.73952 ], [ -106.76115, 38.7612 ], [ -106.7381, 38.62031 ], [ -106.69678, 38.576 ], [ -106.59577, 38.58395 ], [ -106.58821, 38.53696 ], [ -106.51341, 38.49523 ], [ -106.41249, 38.50304 ], [ -106.37146, 38.45863 ], [ -106.35671, 38.36461 ], [ -106.42015, 38.33594 ], [ -106.5879, 38.32286 ], [ -106.63231, 38.17657 ], [ -106.79962, 38.16323 ], [ -106.82648, 38.3277 ], [ -106.96449, 38.34035 ], [ -106.94893, 38.24639 ], [ -107.01591, 38.24092 ], [ -107.03764, 38.1677 ], [ -107.13797, 38.15942 ], [ -107.21279, 38.20083 ], [ -107.32651, 38.07218 ], [ -107.35061, 38.21308 ], [ -107.32921, 38.28635 ], [ -107.46723, 38.29848 ], [ -107.48442, 38.20172 ], [ -107.5513, 38.19598 ], [ -107.49748, 38.08146 ], [ -107.43071, 38.08716 ], [ -107.3812, 37.99606 ], [ -107.28115, 38.00452 ], [ -107.23191, 37.91335 ], [ -107.16528, 37.91893 ], [ -106.94214, 37.79442 ], [ -106.83851, 37.77905 ], [ -106.7644, 37.73741 ], [ -106.6314, 37.74807 ], [ -106.6389, 37.7951 ], [ -106.53906, 37.80302 ], [ -106.51689, 37.8762 ], [ -106.42059, 37.90754 ], [ -106.40931, 38.05123 ], [ -106.60974, 38.03553 ], [ -106.62478, 38.12956 ], [ -106.56912, 38.20535 ], [ -106.33833, 38.24708 ], [ -106.34567, 38.2941 ], [ -106.24505, 38.30179 ], [ -106.23777, 38.25476 ], [ -106.13719, 38.26237 ], [ -106.11444, 38.33543 ], [ -106.12884, 38.42948 ], [ -106.20696, 38.49493 ], [ -106.22518, 38.61244 ], [ -106.15776, 38.61752 ], [ -106.17229, 38.71151 ], [ -106.20604, 38.70898 ], [ -106.22432, 38.82645 ], [ -106.1905, 38.82899 ], [ -106.1978, 38.87598 ], [ -106.23164, 38.87344 ], [ -106.25001, 38.99088 ], [ -106.32521, 39.03273 ], [ -106.35124, 39.1971 ], [ -106.28323, 39.20223 ], [ -106.25737, 39.03785 ], [ -106.14102, 38.95151 ], [ -106.13375, 38.90453 ] ] ], [ [ [ -107.38815, 39.61407 ], [ -107.28561, 39.62252 ], [ -107.29379, 39.6694 ], [ -107.19115, 39.67777 ], [ -107.21148, 39.79497 ], [ -107.11267, 39.82672 ], [ -107.0945, 39.92323 ], [ -107.02579, 39.92873 ], [ -107.00345, 40.00178 ], [ -107.01952, 40.09552 ], [ -107.16543, 40.13137 ], [ -107.30324, 40.12021 ], [ -107.32528, 40.04712 ], [ -107.45036, 39.96553 ], [ -107.49814, 39.8427 ], [ -107.47311, 39.70213 ], [ -107.35809, 39.64033 ], [ -107.39227, 39.63751 ], [ -107.38815, 39.61407 ] ] ], [ [ [ -106.72505, 40.21357 ], [ -106.67491, 40.12246 ], [ -106.57147, 40.13037 ], [ -106.58307, 40.20071 ], [ -106.72505, 40.21357 ] ] ], [ [ [ -106.78619, 40.99213 ], [ -106.85205, 40.96334 ], [ -106.82801, 40.8228 ], [ -106.75831, 40.82816 ], [ -106.73453, 40.68759 ], [ -106.8001, 40.65882 ], [ -106.75345, 40.5912 ], [ -106.71011, 40.33343 ], [ -106.60634, 40.34137 ], [ -106.64144, 40.55231 ], [ -106.62626, 40.67211 ], [ -106.56449, 40.72424 ], [ -106.58792, 40.86483 ], [ -106.64245, 40.97934 ], [ -106.75921, 41.04164 ], [ -106.78619, 40.99213 ] ] ], [ [ [ -107.02434, 41.13981 ], [ -106.97711, 41.0723 ], [ -106.90715, 41.07773 ], [ -106.92334, 41.17139 ], [ -107.02434, 41.13981 ] ] ], [ [ [ -106.33062, 41.45306 ], [ -106.46756, 41.41932 ], [ -106.45198, 41.32562 ], [ -106.37397, 41.28393 ], [ -106.3624, 41.21365 ], [ -106.22585, 41.2473 ], [ -106.16319, 41.29922 ], [ -106.19734, 41.5101 ], [ -106.33833, 41.49991 ], [ -106.33062, 41.45306 ] ] ], [ [ [ -105.42605, 37.55307 ], [ -105.36293, 37.58132 ], [ -105.37612, 37.67555 ], [ -105.54241, 37.66375 ], [ -105.52565, 37.54598 ], [ -105.42605, 37.55307 ] ] ], [ [ [ -105.07853, 37.95763 ], [ -105.06571, 37.86342 ], [ -105.03234, 37.86567 ], [ -105.04511, 37.95989 ], [ -105.07853, 37.95763 ] ] ], [ [ [ -105.62029, 38.20519 ], [ -105.65381, 38.20279 ], [ -105.66066, 38.24984 ], [ -105.6942, 38.24743 ], [ -105.70109, 38.29448 ], [ -105.80177, 38.2872 ], [ -105.78439, 38.16958 ], [ -105.75089, 38.17201 ], [ -105.73708, 38.07789 ], [ -105.53938, 37.87806 ], [ -105.53264, 37.83097 ], [ -105.44262, 37.9087 ], [ -105.4493, 37.95579 ], [ -105.48941, 38.00051 ], [ -105.5262, 38.02168 ], [ -105.53632, 38.09229 ], [ -105.56979, 38.08992 ], [ -105.57997, 38.16052 ], [ -105.61346, 38.15813 ], [ -105.62029, 38.20519 ] ] ], [ [ [ -104.96184, 38.84425 ], [ -104.99571, 38.84202 ], [ -104.99893, 38.86554 ], [ -105.03281, 38.86329 ], [ -105.03605, 38.88682 ], [ -105.1377, 38.88003 ], [ -105.12462, 38.78595 ], [ -105.08428, 38.74117 ], [ -104.98283, 38.74792 ], [ -104.98926, 38.79497 ], [ -104.95542, 38.7972 ], [ -104.96184, 38.84425 ] ] ], [ [ [ -105.80898, 40.8502 ], [ -105.82935, 40.75396 ], [ -105.68993, 40.76365 ], [ -105.70785, 40.88092 ], [ -105.80898, 40.8502 ] ] ] ] } },
{ "type": "Feature", "properties": { "ID": 24 }, "geometry": { "type": "MultiPolygon", "coordinates": [ [ [ [ -98.21235, 38.83677 ], [ -98.21076, 38.78952 ], [ -98.04084, 38.79217 ], [ -98.0423, 38.83942 ], [ -98.21235, 38.83677 ] ] ], [ [ [ -87.24853, 39.33239 ], [ -87.30738, 39.40727 ], [ -87.29479, 39.50132 ], [ -87.42858, 39.53342 ], [ -87.5063, 39.46713 ], [ -87.51244, 39.42009 ], [ -87.5869, 39.37726 ], [ -87.72357, 39.38556 ], [ -87.79785, 39.34261 ], [ -87.80377, 39.29556 ], [ -87.94029, 39.30365 ], [ -88.07971, 39.28807 ], [ -88.07399, 39.33514 ], [ -88.2448, 39.34489 ], [ -88.3556, 39.28003 ], [ -88.45801, 39.28569 ], [ -88.45257, 39.33278 ], [ -88.6576, 39.34389 ], [ -88.72333, 39.37107 ], [ -88.7128, 39.46524 ], [ -88.74441, 39.49059 ], [ -88.91573, 39.49951 ], [ -88.94233, 39.5719 ], [ -89.04525, 39.57713 ], [ -89.0402, 39.62422 ], [ -89.2806, 39.63613 ], [ -89.38125, 39.66465 ], [ -89.40604, 39.76048 ], [ -89.47488, 39.76375 ], [ -89.50221, 39.836 ], [ -89.56879, 39.86277 ], [ -89.70671, 39.8691 ], [ -89.74575, 39.82356 ], [ -89.76618, 39.61159 ], [ -89.80277, 39.58958 ], [ -89.78197, 39.44668 ], [ -89.9533, 39.45431 ], [ -89.95767, 39.40719 ], [ -90.09466, 39.41313 ], [ -90.0861, 39.50739 ], [ -90.11827, 39.53242 ], [ -90.39283, 39.54386 ], [ -90.38265, 39.66169 ], [ -90.4474, 39.7116 ], [ -90.39873, 39.87514 ], [ -90.32973, 39.87233 ], [ -90.31523, 40.03722 ], [ -90.55738, 40.04691 ], [ -90.59592, 40.00114 ], [ -90.56928, 39.90556 ], [ -90.70931, 39.88733 ], [ -90.75148, 39.79439 ], [ -90.76481, 39.62941 ], [ -90.83732, 39.58486 ], [ -91.00731, 39.61475 ], [ -90.99642, 39.75618 ], [ -91.02544, 39.82813 ], [ -91.12891, 39.8318 ], [ -91.12536, 39.87894 ], [ -91.25826, 39.95443 ], [ -91.2548, 40.00157 ], [ -91.31885, 40.07461 ], [ -91.41938, 40.1252 ], [ -91.41099, 40.24302 ], [ -91.4407, 40.31484 ], [ -91.50857, 40.34066 ], [ -91.58783, 40.20149 ], [ -91.5959, 40.08365 ], [ -91.63373, 40.0376 ], [ -91.87605, 40.045 ], [ -91.87906, 39.99785 ], [ -92.08665, 40.00385 ], [ -92.0895, 39.95669 ], [ -92.40073, 39.9651 ], [ -92.40336, 39.91794 ], [ -92.57617, 39.92231 ], [ -92.57367, 39.96947 ], [ -92.74544, 39.99721 ], [ -92.78358, 39.92727 ], [ -92.88615, 39.95322 ], [ -93.12827, 39.95843 ], [ -93.12617, 40.0056 ], [ -93.43775, 40.01169 ], [ -93.57713, 39.99058 ], [ -93.57536, 40.03776 ], [ -93.71391, 40.0401 ], [ -93.78482, 39.99405 ], [ -93.78643, 39.94686 ], [ -93.95939, 39.94951 ], [ -93.9579, 39.99669 ], [ -94.16563, 39.99959 ], [ -94.16429, 40.04677 ], [ -94.51079, 40.05091 ], [ -94.51187, 40.00372 ], [ -94.61576, 40.0048 ], [ -94.61474, 40.05198 ], [ -94.7529, 40.07689 ], [ -95.41163, 40.08123 ], [ -95.41206, 40.03404 ], [ -95.5853, 40.03466 ], [ -95.58499, 40.08185 ], [ -95.65409, 40.12923 ], [ -96.03577, 40.12965 ], [ -96.03574, 40.08246 ], [ -96.13976, 40.0824 ], [ -96.13966, 40.03521 ], [ -96.27815, 40.0114 ], [ -96.27774, 39.91702 ], [ -96.34666, 39.86966 ], [ -96.45034, 39.86936 ], [ -96.48525, 39.91645 ], [ -96.48596, 40.01083 ], [ -96.55543, 40.03417 ], [ -96.97118, 40.03189 ], [ -96.97189, 40.07908 ], [ -97.07589, 40.07831 ], [ -97.07668, 40.1255 ], [ -97.28484, 40.12373 ], [ -97.2839, 40.07655 ], [ -97.42257, 40.0752 ], [ -97.526, 40.05051 ], [ -97.66218, 39.95455 ], [ -97.66096, 39.90736 ], [ -97.8684, 39.90473 ], [ -97.86976, 39.95191 ], [ -98.18111, 39.94738 ], [ -98.28405, 39.92212 ], [ -98.28072, 39.82775 ], [ -98.38343, 39.80241 ], [ -98.83204, 39.79397 ], [ -98.8341, 39.84115 ], [ -98.97221, 39.83826 ], [ -98.97004, 39.79109 ], [ -99.3495, 39.78243 ], [ -99.31742, 39.83044 ], [ -99.55902, 39.82445 ], [ -99.55773, 39.80086 ], [ -99.62672, 39.79907 ], [ -99.62408, 39.7519 ], [ -99.58961, 39.7528 ], [ -99.58309, 39.63486 ], [ -99.51299, 39.61304 ], [ -99.37539, 39.61647 ], [ -99.36562, 39.42772 ], [ -99.25798, 39.3358 ], [ -99.08669, 39.33975 ], [ -99.01599, 39.29406 ], [ -99.01381, 39.24685 ], [ -98.91117, 39.24907 ], [ -98.9422, 39.17752 ], [ -99.01055, 39.17603 ], [ -99.04034, 39.08085 ], [ -99.11083, 39.12653 ], [ -99.24742, 39.12336 ], [ -99.17341, 39.00692 ], [ -99.17113, 38.95969 ], [ -99.30737, 38.95647 ], [ -99.37184, 38.88396 ], [ -99.36943, 38.83674 ], [ -99.26861, 38.86283 ], [ -99.09855, 38.8668 ], [ -99.03269, 38.91556 ], [ -99.03706, 39.01001 ], [ -99.00405, 39.03438 ], [ -98.6971, 39.04077 ], [ -98.69904, 39.088 ], [ -98.49423, 39.09188 ], [ -98.49513, 39.11549 ], [ -98.29022, 39.11907 ], [ -98.22351, 39.16742 ], [ -98.19171, 39.2388 ], [ -97.9864, 39.24193 ], [ -97.84884, 39.22023 ], [ -97.8166, 39.29152 ], [ -97.71386, 39.29284 ], [ -97.71262, 39.24561 ], [ -97.60995, 39.24685 ], [ -97.6082, 39.17601 ], [ -97.46933, 39.08307 ], [ -97.46827, 39.03583 ], [ -97.29769, 39.03756 ], [ -97.26585, 39.15597 ], [ -97.16289, 39.13326 ], [ -97.02621, 39.13435 ], [ -96.99062, 39.04012 ], [ -96.88761, 38.99358 ], [ -96.92006, 38.87523 ], [ -96.91775, 38.70982 ], [ -96.95034, 38.61505 ], [ -97.01705, 38.54364 ], [ -96.94864, 38.49686 ], [ -96.91382, 38.42617 ], [ -96.74506, 38.45084 ], [ -96.40688, 38.45228 ], [ -96.40717, 38.49956 ], [ -96.20411, 38.50002 ], [ -96.20396, 38.45274 ], [ -96.06868, 38.45287 ], [ -96.06863, 38.40558 ], [ -95.86591, 38.38189 ], [ -95.83236, 38.28727 ], [ -95.76473, 38.33446 ], [ -95.52841, 38.33384 ], [ -95.49375, 38.45194 ], [ -95.32466, 38.45121 ], [ -95.32369, 38.54577 ], [ -95.39143, 38.54609 ], [ -95.39034, 38.66427 ], [ -95.2207, 38.66341 ], [ -95.22126, 38.61614 ], [ -95.05209, 38.59142 ], [ -94.78099, 38.58926 ], [ -94.74889, 38.49441 ], [ -94.58021, 38.4691 ], [ -94.54483, 38.53966 ], [ -94.37554, 38.53774 ], [ -94.3767, 38.49046 ], [ -94.24136, 38.48878 ], [ -94.03908, 38.46236 ], [ -94.04048, 38.41508 ], [ -93.83773, 38.412 ], [ -93.83927, 38.36472 ], [ -93.73797, 38.36306 ], [ -93.66878, 38.40919 ], [ -93.53452, 38.38317 ], [ -93.46697, 38.38192 ], [ -93.46878, 38.33464 ], [ -93.2663, 38.3307 ], [ -93.26436, 38.37798 ], [ -92.99424, 38.37225 ], [ -92.95614, 38.46602 ], [ -92.8863, 38.51174 ], [ -92.71715, 38.50776 ], [ -92.67977, 38.57781 ], [ -92.57819, 38.57529 ], [ -92.57329, 38.66977 ], [ -92.46651, 38.76164 ], [ -92.36465, 38.75896 ], [ -92.2994, 38.7099 ], [ -92.30205, 38.66267 ], [ -92.16645, 38.65892 ], [ -92.1367, 38.5871 ], [ -92.00127, 38.58318 ], [ -91.99841, 38.63042 ], [ -91.92774, 38.67563 ], [ -91.58876, 38.66506 ], [ -91.58561, 38.71228 ], [ -91.44995, 38.70781 ], [ -91.45321, 38.6606 ], [ -91.28547, 38.63122 ], [ -90.87913, 38.61651 ], [ -90.87547, 38.66371 ], [ -90.804, 38.70834 ], [ -90.70231, 38.70442 ], [ -90.69851, 38.75161 ], [ -90.76635, 38.75424 ], [ -90.72298, 38.8709 ], [ -90.55504, 38.84063 ], [ -90.11365, 38.82228 ], [ -89.98435, 38.7456 ], [ -89.99511, 38.62766 ], [ -89.96126, 38.62616 ], [ -89.96558, 38.57898 ], [ -89.79652, 38.57136 ], [ -89.79874, 38.54777 ], [ -89.59599, 38.53835 ], [ -89.59141, 38.58552 ], [ -89.32099, 38.57247 ], [ -89.29437, 38.50006 ], [ -89.15935, 38.49331 ], [ -89.15447, 38.54047 ], [ -89.05315, 38.53532 ], [ -88.99311, 38.46111 ], [ -88.9981, 38.41395 ], [ -88.82958, 38.40512 ], [ -88.75703, 38.44868 ], [ -88.75187, 38.49583 ], [ -88.61691, 38.48854 ], [ -88.50502, 38.57725 ], [ -88.4037, 38.57161 ], [ -88.33068, 38.61493 ], [ -88.3252, 38.66204 ], [ -88.18995, 38.65433 ], [ -88.09136, 38.6249 ], [ -87.92244, 38.61495 ], [ -87.71684, 38.62628 ], [ -87.67116, 38.71839 ], [ -87.59751, 38.7613 ], [ -87.46215, 38.75287 ], [ -87.47435, 38.65872 ], [ -87.34231, 38.62662 ], [ -87.29611, 38.7186 ], [ -86.95809, 38.69651 ], [ -86.95486, 38.72004 ], [ -86.92106, 38.71778 ], [ -86.90479, 38.8354 ], [ -86.97252, 38.83991 ], [ -86.94006, 39.0751 ], [ -87.00803, 39.07959 ], [ -86.99508, 39.17364 ], [ -87.09399, 39.20384 ], [ -87.11204, 39.32362 ], [ -87.24853, 39.33239 ] ], [ [ -95.62596, 38.99595 ], [ -95.76236, 38.99625 ], [ -95.76201, 39.09075 ], [ -95.65957, 39.09053 ], [ -95.62596, 38.99595 ] ], [ [ -94.6679, 39.15535 ], [ -94.63323, 39.17863 ], [ -94.49647, 39.1772 ], [ -94.46339, 39.12959 ], [ -94.4656, 39.03511 ], [ -94.53489, 38.98861 ], [ -94.53647, 38.91774 ], [ -94.7408, 38.91978 ], [ -94.70535, 38.99033 ], [ -94.70255, 39.13206 ], [ -94.6679, 39.15535 ] ] ], [ [ [ -84.39946, 39.26326 ], [ -84.47158, 39.24557 ], [ -84.40364, 39.23982 ], [ -84.39946, 39.26326 ] ] ], [ [ [ -100.00612, 39.78862 ], [ -99.66122, 39.79817 ], [ -99.66388, 39.84533 ], [ -100.00904, 39.83578 ], [ -100.00612, 39.78862 ] ] ], [ [ [ -88.97528, 39.90494 ], [ -89.0174, 39.83607 ], [ -88.87963, 39.82906 ], [ -88.90373, 39.92496 ], [ -88.97528, 39.90494 ] ] ], [ [ [ -90.24606, 40.03437 ], [ -90.1769, 40.03149 ], [ -90.13375, 40.12424 ], [ -90.23764, 40.12858 ], [ -90.24606, 40.03437 ] ] ] ] } },
{ "type": "Feature", "properties": { "ID": 25 }, "geometry": { "type": "MultiPolygon", "coordinates": [ [ [ [ -104.88743, 38.04172 ], [ -104.93354, 38.13371 ], [ -105.11721, 38.24019 ], [ -105.00055, 38.12924 ], [ -104.9751, 37.94083 ], [ -104.95927, 37.82304 ], [ -105.08945, 37.79049 ], [ -105.09586, 37.8376 ], [ -105.19592, 37.83076 ], [ -105.21951, 37.7578 ], [ -105.10031, 37.62329 ], [ -105.08752, 37.52903 ], [ -104.9816, 37.48865 ], [ -104.88203, 37.49533 ], [ -104.80636, 37.42901 ], [ -104.79402, 37.33469 ], [ -104.63144, 37.36914 ], [ -104.64053, 37.43989 ], [ -104.72217, 37.55346 ], [ -104.78862, 37.54909 ], [ -104.79171, 37.57266 ], [ -104.8644, 37.6154 ], [ -104.90392, 37.66032 ], [ -104.94034, 37.68167 ], [ -104.95611, 37.79948 ], [ -104.8592, 37.82971 ], [ -104.83832, 37.92615 ], [ -104.84144, 37.94971 ], [ -104.87486, 37.9475 ], [ -104.88743, 38.04172 ] ] ], [ [ [ -105.19738, 38.32978 ], [ -105.19085, 38.28271 ], [ -105.15727, 38.28499 ], [ -105.19738, 38.32978 ] ] ], [ [ [ -105.67784, 38.36747 ], [ -105.57703, 38.37466 ], [ -105.58385, 38.42171 ], [ -105.68473, 38.41451 ], [ -105.67784, 38.36747 ] ] ], [ [ [ -105.23755, 38.37455 ], [ -105.28438, 38.46637 ], [ -105.1932, 38.54386 ], [ -105.15949, 38.54614 ], [ -105.16603, 38.5932 ], [ -105.30094, 38.584 ], [ -105.29431, 38.53695 ], [ -105.46616, 38.5488 ], [ -105.45267, 38.45471 ], [ -105.37868, 38.41234 ], [ -105.37201, 38.36529 ], [ -105.23755, 38.37455 ] ] ], [ [ [ -104.58607, 38.84474 ], [ -104.4475, 38.82969 ], [ -104.45355, 38.87676 ], [ -104.31793, 38.88511 ], [ -104.17347, 38.8227 ], [ -104.07181, 38.82877 ], [ -104.0776, 38.87586 ], [ -103.91085, 38.90935 ], [ -103.88823, 39.00549 ], [ -103.82025, 39.0094 ], [ -103.76623, 39.131 ], [ -103.69811, 39.13484 ], [ -103.74611, 39.25062 ], [ -103.95078, 39.23891 ], [ -103.95652, 39.28597 ], [ -104.0589, 39.28 ], [ -104.13302, 39.32303 ], [ -104.13889, 39.37008 ], [ -104.30671, 39.33633 ], [ -104.38711, 39.42626 ], [ -104.4616, 39.4691 ], [ -104.70102, 39.45416 ], [ -104.73205, 39.42848 ], [ -104.86875, 39.41973 ], [ -104.86235, 39.37271 ], [ -104.96478, 39.36606 ], [ -105.03958, 39.40859 ], [ -104.99566, 39.34032 ], [ -104.98269, 39.24628 ], [ -104.7441, 39.26171 ], [ -104.74095, 39.2382 ], [ -104.53643, 39.25109 ], [ -104.45604, 39.16123 ], [ -104.44084, 39.04359 ], [ -104.50881, 39.03937 ], [ -104.53359, 38.96666 ], [ -104.73723, 38.95377 ], [ -104.74351, 39.00082 ], [ -104.87932, 38.99205 ], [ -104.84121, 38.70973 ], [ -104.90245, 38.65825 ], [ -104.89927, 38.63472 ], [ -105.00055, 38.62804 ], [ -104.99412, 38.58097 ], [ -105.02463, 38.5552 ], [ -105.05835, 38.55295 ], [ -105.05512, 38.52942 ], [ -104.954, 38.53614 ], [ -104.88657, 38.54058 ], [ -104.89291, 38.58765 ], [ -104.79168, 38.59426 ], [ -104.80741, 38.71193 ], [ -104.73979, 38.7163 ], [ -104.74292, 38.73983 ], [ -104.77674, 38.73765 ], [ -104.75545, 38.83395 ], [ -104.58607, 38.84474 ] ] ], [ [ [ -108.40754, 39.50199 ], [ -108.42365, 39.40527 ], [ -108.32158, 39.41449 ], [ -108.3394, 39.50814 ], [ -108.40754, 39.50199 ] ] ], [ [ [ -107.67025, 39.44768 ], [ -107.61048, 39.50033 ], [ -107.6273, 39.59406 ], [ -107.79803, 39.57951 ], [ -107.7895, 39.53266 ], [ -107.75538, 39.53559 ], [ -107.74688, 39.48873 ], [ -107.67869, 39.49455 ], [ -107.67025, 39.44768 ] ] ], [ [ [ -107.82789, 39.55315 ], [ -107.93025, 39.5443 ], [ -107.92162, 39.49746 ], [ -107.81934, 39.5063 ], [ -107.82789, 39.55315 ] ] ], [ [ [ -105.26594, 40.27093 ], [ -105.20008, 40.29899 ], [ -105.22374, 40.46332 ], [ -105.15431, 40.46789 ], [ -105.18467, 40.67914 ], [ -105.05534, 40.75862 ], [ -105.03046, 40.83128 ], [ -104.78919, 40.87024 ], [ -104.7957, 40.91719 ], [ -104.62078, 40.928 ], [ -104.59534, 41.00057 ], [ -104.49339, 41.03042 ], [ -104.31811, 41.04085 ], [ -104.33046, 41.13478 ], [ -104.3046, 41.20729 ], [ -104.23429, 41.2114 ], [ -104.20829, 41.28388 ], [ -103.96184, 41.29793 ], [ -103.85911, 41.32731 ], [ -103.79444, 41.37818 ], [ -103.809, 41.49561 ], [ -103.9503, 41.48779 ], [ -104.12992, 41.50129 ], [ -104.12385, 41.45433 ], [ -104.26502, 41.44619 ], [ -104.3387, 41.46554 ], [ -104.49255, 41.55108 ], [ -104.52122, 41.76229 ], [ -104.68582, 41.918 ], [ -104.90236, 41.92836 ], [ -104.94799, 41.99651 ], [ -105.05471, 41.98981 ], [ -105.08002, 41.91721 ], [ -105.1935, 41.95731 ], [ -105.21777, 42.12144 ], [ -105.28904, 42.11685 ], [ -105.27505, 42.02307 ], [ -105.33566, 41.94811 ], [ -105.31464, 41.80743 ], [ -105.26875, 41.73939 ], [ -105.09163, 41.75078 ], [ -105.18414, 41.65017 ], [ -105.17384, 41.57981 ], [ -105.019, 41.49501 ], [ -105.00891, 41.42463 ], [ -104.9384, 41.42909 ], [ -104.88326, 41.29051 ], [ -105.0072, 41.1643 ], [ -104.99051, 41.04697 ], [ -105.06059, 41.04249 ], [ -105.12389, 40.99104 ], [ -105.14873, 40.91838 ], [ -105.28857, 40.90922 ], [ -105.35156, 40.85767 ], [ -105.33086, 40.71688 ], [ -105.25434, 40.67456 ], [ -105.23392, 40.53374 ], [ -105.3, 40.50567 ], [ -105.27613, 40.34136 ], [ -105.34541, 40.33673 ], [ -105.31468, 40.12544 ], [ -105.34921, 40.12312 ], [ -105.32536, 39.95876 ], [ -105.29092, 39.96107 ], [ -105.2471, 39.65572 ], [ -105.1752, 39.6368 ], [ -105.0803, 39.45335 ], [ -105.10005, 39.59435 ], [ -105.17853, 39.6603 ], [ -105.22203, 39.96567 ], [ -105.29769, 40.00804 ], [ -105.30788, 40.07848 ], [ -105.23887, 40.08309 ], [ -105.26594, 40.27093 ] ] ], [ [ [ -81.66047, 36.63249 ], [ -81.71278, 36.54227 ], [ -81.6153, 36.53155 ], [ -81.46026, 36.63434 ], [ -81.44516, 36.70464 ], [ -81.54286, 36.71549 ], [ -81.66047, 36.63249 ] ] ], [ [ [ -80.53138, 37.34414 ], [ -80.47144, 37.45712 ], [ -80.57007, 37.46866 ], [ -80.60241, 37.32845 ], [ -80.53678, 37.32077 ], [ -80.53138, 37.34414 ] ] ], [ [ [ -79.56187, 39.36357 ], [ -79.67498, 39.32922 ], [ -79.69114, 39.40306 ], [ -79.79258, 39.41515 ], [ -79.90853, 38.94961 ], [ -80.07651, 38.96946 ], [ -80.12148, 38.92681 ], [ -80.15548, 38.78702 ], [ -80.25605, 38.79878 ], [ -80.2785, 38.70554 ], [ -80.31758, 38.68613 ], [ -80.37327, 38.45296 ], [ -80.50675, 38.46841 ], [ -80.58446, 38.42943 ], [ -80.62813, 38.24274 ], [ -80.73876, 38.20747 ], [ -80.82677, 38.12164 ], [ -80.8482, 38.02822 ], [ -80.91988, 38.01238 ], [ -80.95174, 37.8722 ], [ -80.92395, 37.84509 ], [ -80.75855, 37.82625 ], [ -80.70395, 37.91589 ], [ -80.53299, 37.92012 ], [ -80.41173, 38.00192 ], [ -80.3068, 38.0136 ], [ -80.10804, 37.99007 ], [ -80.00307, 38.00151 ], [ -79.99178, 38.04815 ], [ -79.85822, 38.17607 ], [ -79.69807, 38.13262 ], [ -79.63601, 38.24508 ], [ -79.54631, 38.33011 ], [ -79.45244, 38.29453 ], [ -79.31956, 38.27804 ], [ -79.26266, 38.36702 ], [ -79.08173, 38.53649 ], [ -79.02746, 38.74582 ], [ -79.15179, 38.66537 ], [ -79.2091, 38.57648 ], [ -79.29957, 38.4917 ], [ -79.35816, 38.66702 ], [ -79.39157, 38.67114 ], [ -79.32029, 38.95035 ], [ -79.36574, 38.90795 ], [ -79.46635, 38.92029 ], [ -79.4486, 38.99009 ], [ -79.55941, 39.09952 ], [ -79.52397, 39.2391 ], [ -79.55769, 39.24318 ], [ -79.52217, 39.38274 ], [ -79.55595, 39.38682 ], [ -79.56187, 39.36357 ] ], [ [ -80.15109, 38.37897 ], [ -80.17354, 38.2857 ], [ -80.40636, 38.16915 ], [ -80.42857, 38.21969 ], [ -80.33437, 38.32857 ], [ -80.22331, 38.36351 ], [ -80.2009, 38.45677 ], [ -80.1065, 38.42166 ], [ -80.15109, 38.37897 ] ], [ [ -79.86549, 38.70472 ], [ -79.77546, 38.78985 ], [ -79.63567, 38.79696 ], [ -79.58041, 38.74227 ], [ -79.53522, 38.78475 ], [ -79.55282, 38.71492 ], [ -79.58627, 38.71899 ], [ -79.59796, 38.67243 ], [ -79.63293, 38.53272 ], [ -79.74906, 38.61877 ], [ -79.8274, 38.58023 ], [ -79.86079, 38.58424 ], [ -79.88373, 38.49105 ], [ -79.91708, 38.49504 ], [ -79.961, 38.59622 ], [ -79.88846, 38.61154 ], [ -79.86549, 38.70472 ] ] ], [ [ [ -103.75731, 39.34477 ], [ -103.61787, 39.32889 ], [ -103.61237, 39.28181 ], [ -103.50995, 39.28745 ], [ -103.51809, 39.35807 ], [ -103.63165, 39.44657 ], [ -103.79992, 39.41344 ], [ -103.75731, 39.34477 ] ] ], [ [ [ -78.47015, 38.5061 ], [ -78.37036, 38.49302 ], [ -78.35783, 38.53949 ], [ -78.39111, 38.54386 ], [ -78.3786, 38.59032 ], [ -78.45146, 38.57581 ], [ -78.47015, 38.5061 ] ] ], [ [ [ -79.07115, 39.37543 ], [ -79.20015, 39.41539 ], [ -79.30151, 39.42784 ], [ -79.27374, 39.40045 ], [ -79.3098, 39.26096 ], [ -79.24239, 39.25267 ], [ -79.32029, 38.95035 ], [ -79.19563, 39.03093 ], [ -79.18962, 39.05418 ], [ -79.22321, 39.05834 ], [ -79.17153, 39.12393 ], [ -79.14131, 39.24017 ], [ -79.1292, 39.28666 ], [ -79.09549, 39.28247 ], [ -79.07115, 39.37543 ] ] ] ] } },
{ "type": "Feature", "properties": { "ID": 26 }, "geometry": { "type": "MultiPolygon", "coordinates": [ [ [ [ -90.76031, 37.54583 ], [ -90.66037, 37.54186 ], [ -90.65473, 37.61278 ], [ -90.7177, 37.6627 ], [ -90.81782, 37.66662 ], [ -90.82329, 37.5957 ], [ -90.76031, 37.54583 ] ] ], [ [ [ -81.9248, 37.7631 ], [ -81.82551, 37.75256 ], [ -81.84864, 37.80289 ], [ -81.83369, 37.8731 ], [ -81.9, 37.88013 ], [ -81.9248, 37.7631 ] ] ], [ [ [ -81.33532, 39.20691 ], [ -81.31421, 39.30025 ], [ -81.23589, 39.33961 ], [ -81.39473, 39.40448 ], [ -81.53039, 39.41891 ], [ -81.54082, 39.37223 ], [ -81.61899, 39.33271 ], [ -81.72065, 39.34337 ], [ -81.79867, 39.30375 ], [ -81.80889, 39.25704 ], [ -82.08102, 39.11795 ], [ -82.25004, 39.13512 ], [ -82.30354, 39.04503 ], [ -82.37108, 39.05182 ], [ -82.44837, 39.0118 ], [ -82.49666, 38.94501 ], [ -82.57374, 38.90492 ], [ -82.8098, 38.92806 ], [ -82.94944, 38.9177 ], [ -82.96918, 38.99115 ], [ -83.03674, 38.9976 ], [ -83.12278, 38.9104 ], [ -83.19944, 38.86995 ], [ -83.22687, 38.72946 ], [ -83.31878, 38.78578 ], [ -83.44907, 38.82175 ], [ -83.60169, 38.74044 ], [ -83.73642, 38.7527 ], [ -83.83315, 38.78525 ], [ -83.82445, 38.83212 ], [ -83.96372, 38.82072 ], [ -84.13243, 38.83558 ], [ -84.15346, 38.90886 ], [ -84.22104, 38.91473 ], [ -84.1999, 39.03195 ], [ -84.2253, 39.08176 ], [ -84.19562, 39.24582 ], [ -84.26355, 39.25167 ], [ -84.23389, 39.4157 ], [ -84.33606, 39.42443 ], [ -84.32341, 39.49473 ], [ -84.45984, 39.50626 ], [ -84.46818, 39.45939 ], [ -84.57046, 39.46795 ], [ -84.62101, 39.37702 ], [ -84.69727, 39.33576 ], [ -84.79939, 39.34415 ], [ -84.84148, 39.30003 ], [ -84.86557, 39.1593 ], [ -84.94143, 39.1179 ], [ -84.94938, 39.07098 ], [ -85.05111, 39.07918 ], [ -85.1007, 38.98803 ], [ -85.25163, 38.90491 ], [ -85.45468, 38.9208 ], [ -85.51863, 38.94951 ], [ -85.50357, 39.04343 ], [ -85.52996, 39.09299 ], [ -85.62807, 39.12425 ], [ -85.6206, 39.1712 ], [ -85.72257, 39.17891 ], [ -85.77584, 39.27792 ], [ -85.94248, 39.31401 ], [ -86.03221, 39.17808 ], [ -86.04655, 39.08412 ], [ -86.12157, 39.04206 ], [ -86.12866, 38.99507 ], [ -86.30523, 38.96024 ], [ -86.2878, 39.07774 ], [ -86.3148, 39.12715 ], [ -86.44734, 39.16022 ], [ -86.44046, 39.20722 ], [ -86.57322, 39.24016 ], [ -86.61743, 39.172 ], [ -86.69218, 39.12963 ], [ -86.7602, 39.13425 ], [ -86.74354, 39.25178 ], [ -86.87984, 39.26092 ], [ -87.01293, 39.29344 ], [ -87.03733, 39.3662 ], [ -87.03085, 39.41321 ], [ -87.07147, 39.36842 ], [ -87.17391, 39.37505 ], [ -87.18028, 39.32802 ], [ -87.11204, 39.32362 ], [ -87.09399, 39.20384 ], [ -86.99508, 39.17364 ], [ -87.00803, 39.07959 ], [ -86.94006, 39.0751 ], [ -86.97252, 38.83991 ], [ -86.90479, 38.8354 ], [ -86.92106, 38.71778 ], [ -86.81967, 38.71097 ], [ -86.80232, 38.59105 ], [ -86.73486, 38.58646 ], [ -86.74807, 38.49235 ], [ -86.61672, 38.45954 ], [ -86.5998, 38.33956 ], [ -86.67363, 38.29716 ], [ -86.65002, 38.22423 ], [ -86.58963, 38.17249 ], [ -86.59963, 38.10188 ], [ -86.46237, 38.11598 ], [ -86.4153, 38.20773 ], [ -86.35169, 38.17941 ], [ -86.28468, 38.17458 ], [ -86.29844, 38.08046 ], [ -86.36535, 38.08528 ], [ -86.37217, 38.03821 ], [ -86.40561, 38.0406 ], [ -86.42256, 37.92291 ], [ -86.32243, 37.91571 ], [ -86.31559, 37.96279 ], [ -86.27532, 38.00744 ], [ -86.2419, 38.00502 ], [ -86.23499, 38.05208 ], [ -86.26843, 38.05451 ], [ -86.25809, 38.1251 ], [ -86.19809, 38.07317 ], [ -86.10126, 38.04228 ], [ -86.00099, 38.03485 ], [ -85.95335, 38.12645 ], [ -85.91988, 38.12394 ], [ -85.90199, 38.24153 ], [ -85.86847, 38.23901 ], [ -85.86128, 38.28604 ], [ -85.82773, 38.28351 ], [ -85.79512, 38.49509 ], [ -85.65687, 38.50836 ], [ -85.63799, 38.41178 ], [ -85.5708, 38.40661 ], [ -85.45521, 38.27865 ], [ -85.49992, 38.21076 ], [ -85.5148, 38.11673 ], [ -85.45166, 38.08798 ], [ -85.28456, 38.07474 ], [ -85.1329, 37.96729 ], [ -85.11494, 37.87055 ], [ -84.91125, 37.87764 ], [ -84.86223, 37.96887 ], [ -84.76221, 37.96051 ], [ -84.70752, 37.88442 ], [ -84.41207, 37.83529 ], [ -84.39109, 37.76193 ], [ -84.33287, 37.70915 ], [ -84.20013, 37.69746 ], [ -84.15027, 37.78846 ], [ -84.05062, 37.77957 ], [ -83.97573, 37.82055 ], [ -83.95875, 37.91445 ], [ -83.84177, 37.99928 ], [ -83.74184, 37.99017 ], [ -83.75482, 37.91978 ], [ -83.69263, 37.8902 ], [ -83.72295, 37.72593 ], [ -83.45766, 37.70121 ], [ -83.41566, 37.74501 ], [ -83.38458, 37.90921 ], [ -83.28037, 37.9232 ], [ -83.08092, 37.90406 ], [ -83.08683, 38.04792 ], [ -83.04436, 38.09157 ], [ -82.9111, 38.07861 ], [ -82.92592, 38.17558 ], [ -82.82585, 38.16579 ], [ -82.77378, 38.2562 ], [ -82.707, 38.2496 ], [ -82.65469, 38.33995 ], [ -82.48759, 38.32326 ], [ -82.38254, 38.33655 ], [ -82.37287, 38.38335 ], [ -82.20573, 38.36631 ], [ -82.19593, 38.4131 ], [ -82.05724, 38.4227 ], [ -81.99893, 38.53616 ], [ -81.90348, 38.5023 ], [ -81.76456, 38.5116 ], [ -81.53037, 38.48664 ], [ -81.35799, 38.49193 ], [ -81.37359, 38.42185 ], [ -81.45074, 38.38236 ], [ -81.47137, 38.28889 ], [ -81.4047, 38.28165 ], [ -81.3869, 38.20791 ], [ -81.32032, 38.20063 ], [ -81.32551, 38.17726 ], [ -81.2257, 38.16629 ], [ -81.21524, 38.21302 ], [ -81.13815, 38.25237 ], [ -81.11706, 38.3458 ], [ -81.03976, 38.3851 ], [ -80.95167, 38.47104 ], [ -80.8795, 38.48689 ], [ -80.82452, 38.57648 ], [ -80.70787, 38.63513 ], [ -80.61902, 38.72082 ], [ -80.54649, 38.73649 ], [ -80.52441, 38.82976 ], [ -80.55798, 38.8336 ], [ -80.54141, 38.90355 ], [ -80.57501, 38.90738 ], [ -80.56397, 38.95401 ], [ -80.63123, 38.96165 ], [ -80.61471, 39.03159 ], [ -80.74395, 39.07011 ], [ -80.87877, 39.08519 ], [ -80.90707, 39.11226 ], [ -81.14326, 39.13827 ], [ -81.13792, 39.1616 ], [ -81.23924, 39.17263 ], [ -81.23393, 39.19596 ], [ -81.33532, 39.20691 ] ], [ [ -84.52083, 37.9877 ], [ -84.50458, 38.08163 ], [ -84.40444, 38.07301 ], [ -84.45824, 37.95848 ], [ -84.52083, 37.9877 ] ], [ [ -84.41615, 39.1695 ], [ -84.40308, 39.04939 ], [ -84.4411, 39.02882 ], [ -84.57658, 39.04025 ], [ -84.54779, 39.20439 ], [ -84.50556, 39.24843 ], [ -84.47158, 39.24557 ], [ -84.39946, 39.26326 ], [ -84.41615, 39.1695 ] ] ], [ [ [ -84.25535, 39.67924 ], [ -84.15278, 39.67045 ], [ -84.13127, 39.78754 ], [ -84.19977, 39.79342 ], [ -84.25535, 39.67924 ] ] ], [ [ [ -83.09741, 39.90897 ], [ -83.05844, 39.92915 ], [ -82.88714, 39.91298 ], [ -82.86804, 40.00647 ], [ -82.89757, 40.03309 ], [ -83.03486, 40.04603 ], [ -83.07861, 40.00249 ], [ -83.09741, 39.90897 ] ] ], [ [ [ -81.72212, 38.07657 ], [ -81.73724, 38.0064 ], [ -81.67082, 37.99929 ], [ -81.65056, 38.09284 ], [ -81.68381, 38.0964 ], [ -81.72212, 38.07657 ] ] ], [ [ [ -78.52823, 38.41748 ], [ -78.62794, 38.43044 ], [ -78.64025, 38.38394 ], [ -78.54061, 38.37099 ], [ -78.52823, 38.41748 ] ] ], [ [ [ -78.45146, 38.57581 ], [ -78.4972, 38.53368 ], [ -78.46392, 38.52934 ], [ -78.45146, 38.57581 ] ] ], [ [ [ -78.48695, 38.70067 ], [ -78.53276, 38.65853 ], [ -78.49941, 38.6542 ], [ -78.48695, 38.70067 ] ] ], [ [ [ -77.8279, 38.70951 ], [ -77.87414, 38.66761 ], [ -77.84083, 38.66311 ], [ -77.8279, 38.70951 ] ] ], [ [ [ -78.85677, 39.13253 ], [ -78.98515, 39.1727 ], [ -79.03097, 39.13043 ], [ -79.05527, 39.03745 ], [ -79.18962, 39.05418 ], [ -79.21366, 38.96116 ], [ -79.18012, 38.957 ], [ -79.18613, 38.93374 ], [ -79.05203, 38.917 ], [ -78.97284, 38.95508 ], [ -78.88131, 39.03958 ], [ -78.85677, 39.13253 ] ] ], [ [ [ -78.89014, 39.40082 ], [ -78.86256, 39.37334 ], [ -78.82882, 39.3691 ], [ -78.81646, 39.41555 ], [ -78.88398, 39.42404 ], [ -78.89014, 39.40082 ] ] ], [ [ [ -73.76647, 40.93477 ], [ -73.97163, 40.9675 ], [ -74.10047, 41.01209 ], [ -74.15079, 40.97159 ], [ -74.21486, 40.78795 ], [ -74.28085, 40.70146 ], [ -74.38071, 40.62028 ], [ -74.44884, 40.63093 ], [ -74.5327, 40.59558 ], [ -74.5222, 40.52134 ], [ -74.58475, 40.33746 ], [ -74.69432, 40.33028 ], [ -74.70982, 40.28429 ], [ -74.8455, 40.30523 ], [ -74.93638, 40.24663 ], [ -75.04575, 40.23917 ], [ -75.18144, 40.2598 ], [ -75.2908, 40.25215 ], [ -75.3209, 40.16002 ], [ -75.45651, 40.18038 ], [ -75.53179, 40.16746 ], [ -75.5615, 40.07528 ], [ -75.44099, 40.00894 ], [ -75.45588, 39.96285 ], [ -75.61756, 40.01117 ], [ -75.66615, 39.97009 ], [ -75.69557, 39.87785 ], [ -75.81153, 39.84673 ], [ -75.86715, 39.78251 ], [ -75.99491, 39.82542 ], [ -76.13003, 39.84512 ], [ -76.18533, 39.78077 ], [ -76.23857, 39.83673 ], [ -76.30617, 39.84648 ], [ -76.40216, 39.76381 ], [ -76.42338, 39.6945 ], [ -76.51899, 39.61174 ], [ -76.68755, 39.63572 ], [ -76.77581, 39.57589 ], [ -76.78966, 39.52964 ], [ -76.9581, 39.55329 ], [ -77.05239, 39.59052 ], [ -77.11271, 39.74338 ], [ -77.27505, 39.78978 ], [ -77.28859, 39.74349 ], [ -77.32241, 39.74811 ], [ -77.33591, 39.70182 ], [ -77.36972, 39.70643 ], [ -77.38317, 39.66013 ], [ -77.41696, 39.66473 ], [ -77.43037, 39.61843 ], [ -77.48418, 39.55354 ], [ -77.49752, 39.50722 ], [ -77.6258, 39.54864 ], [ -77.65361, 39.69671 ], [ -77.72126, 39.70578 ], [ -77.7353, 39.7798 ], [ -77.83694, 39.79332 ], [ -77.86319, 39.70063 ], [ -77.91011, 39.65876 ], [ -78.04543, 39.6766 ], [ -78.11959, 39.66229 ], [ -78.13894, 39.59273 ], [ -78.07135, 39.58387 ], [ -78.11805, 39.54192 ], [ -78.1438, 39.44916 ], [ -78.19676, 39.38398 ], [ -78.31697, 39.32756 ], [ -78.37399, 39.11868 ], [ -78.44115, 39.12739 ], [ -78.46628, 39.03452 ], [ -78.49982, 39.03886 ], [ -78.51234, 38.99241 ], [ -78.5708, 38.90383 ], [ -78.67125, 38.91676 ], [ -78.68362, 38.87029 ], [ -78.71709, 38.87457 ], [ -78.72326, 38.85134 ], [ -78.6898, 38.84705 ], [ -78.78131, 38.76265 ], [ -78.8392, 38.67393 ], [ -78.86361, 38.58092 ], [ -78.94241, 38.54289 ], [ -78.95452, 38.49638 ], [ -79.05443, 38.50902 ], [ -79.06646, 38.46249 ], [ -79.09047, 38.36942 ], [ -79.12371, 38.37361 ], [ -79.10843, 38.2996 ], [ -79.13231, 38.2065 ], [ -79.08394, 38.12828 ], [ -79.10184, 38.05844 ], [ -79.0026, 38.04582 ], [ -79.0057, 38.16642 ], [ -78.96357, 38.32931 ], [ -78.84573, 38.38637 ], [ -78.74605, 38.37357 ], [ -78.73381, 38.42008 ], [ -78.76705, 38.42435 ], [ -78.75482, 38.47086 ], [ -78.65503, 38.45799 ], [ -78.68215, 38.48554 ], [ -78.65752, 38.57852 ], [ -78.62421, 38.57422 ], [ -78.57466, 38.76012 ], [ -78.46197, 38.79359 ], [ -78.48695, 38.70067 ], [ -78.45146, 38.57581 ], [ -78.3786, 38.59032 ], [ -78.35979, 38.66001 ], [ -78.36803, 38.75728 ], [ -78.24258, 38.83701 ], [ -78.22818, 38.76296 ], [ -78.16142, 38.75413 ], [ -78.1487, 38.80056 ], [ -78.04853, 38.78725 ], [ -78.03572, 38.83367 ], [ -77.82889, 38.83001 ], [ -77.8279, 38.70951 ], [ -77.68884, 38.83513 ], [ -77.62925, 38.92334 ], [ -77.54924, 38.96058 ], [ -77.52284, 39.05329 ], [ -77.47611, 39.09506 ], [ -77.30866, 39.07202 ], [ -77.24835, 39.16004 ], [ -77.17458, 39.17389 ], [ -77.08082, 39.13673 ], [ -76.91341, 39.11321 ], [ -76.86625, 39.15477 ], [ -76.8388, 39.24732 ], [ -76.73029, 39.3766 ], [ -76.60864, 39.43163 ], [ -76.40706, 39.4027 ], [ -76.33815, 39.51338 ], [ -76.17005, 39.48897 ], [ -76.11498, 39.55334 ], [ -75.98768, 39.51052 ], [ -75.81971, 39.48569 ], [ -75.82966, 39.34222 ], [ -75.72189, 39.3503 ], [ -75.64885, 39.58101 ], [ -75.68247, 39.58603 ], [ -75.66782, 39.63217 ], [ -75.70147, 39.63719 ], [ -75.72781, 39.66527 ], [ -75.66482, 39.75251 ], [ -75.55634, 39.76045 ], [ -75.48895, 39.75034 ], [ -75.40671, 39.78628 ], [ -75.37691, 39.87846 ], [ -75.30942, 39.86826 ], [ -75.27945, 39.96041 ], [ -75.23063, 40.00136 ], [ -75.0051, 40.0395 ], [ -74.98654, 39.98828 ], [ -75.01694, 39.89619 ], [ -75.00599, 39.82194 ], [ -75.05482, 39.78106 ], [ -75.18956, 39.80169 ], [ -75.33185, 39.79914 ], [ -75.38046, 39.75815 ], [ -75.43244, 39.5968 ], [ -75.38009, 39.54051 ], [ -75.36879, 39.46626 ], [ -75.23469, 39.4458 ], [ -75.18263, 39.38943 ], [ -75.09317, 39.44825 ], [ -74.95163, 39.45056 ], [ -74.97429, 39.38146 ], [ -74.90738, 39.37105 ], [ -74.87707, 39.46317 ], [ -74.7796, 39.54481 ], [ -74.69723, 39.58034 ], [ -74.63016, 39.5698 ], [ -74.60707, 39.63883 ], [ -74.53995, 39.62825 ], [ -74.5296, 39.55393 ], [ -74.59392, 39.46719 ], [ -74.46006, 39.44598 ], [ -74.4678, 39.42298 ], [ -74.43436, 39.41766 ], [ -74.41887, 39.46366 ], [ -74.31852, 39.44764 ], [ -74.26948, 39.48827 ], [ -74.23821, 39.58023 ], [ -74.20471, 39.57486 ], [ -74.1555, 39.61544 ], [ -74.15756, 39.71275 ], [ -74.08451, 39.82224 ], [ -74.10231, 39.87359 ], [ -74.03693, 39.96006 ], [ -74.05474, 40.01141 ], [ -73.94293, 40.33284 ], [ -73.9447, 40.43009 ], [ -73.98849, 40.50981 ], [ -74.04649, 40.44636 ], [ -74.18229, 40.46795 ], [ -74.11641, 40.55441 ], [ -73.97241, 40.55571 ], [ -73.83649, 40.53392 ], [ -73.8122, 40.60274 ], [ -73.78785, 40.67155 ], [ -73.69392, 40.63216 ], [ -73.71022, 40.5863 ], [ -73.46424, 40.57056 ], [ -73.44778, 40.61639 ], [ -73.37157, 40.62818 ], [ -73.33015, 40.74273 ], [ -73.44055, 40.73653 ], [ -73.6449, 40.76974 ], [ -73.69672, 40.82659 ], [ -73.76496, 40.83757 ], [ -73.76647, 40.93477 ] ], [ [ -74.3529, 40.18004 ], [ -74.46222, 40.17304 ], [ -74.45693, 40.29328 ], [ -74.35528, 40.2773 ], [ -74.3529, 40.18004 ] ] ], [ [ [ -76.74504, 40.02938 ], [ -76.82684, 39.99266 ], [ -76.84768, 39.9233 ], [ -76.71218, 39.9043 ], [ -76.65029, 39.99196 ], [ -76.74504, 40.02938 ] ] ], [ [ [ -76.37751, 40.07374 ], [ -76.51326, 40.09307 ], [ -76.54154, 40.00067 ], [ -76.41307, 39.95828 ], [ -76.35957, 39.90239 ], [ -76.20277, 39.95217 ], [ -76.20074, 40.07247 ], [ -76.25424, 40.12841 ], [ -76.32215, 40.13815 ], [ -76.37751, 40.07374 ] ] ], [ [ [ -76.96134, 40.25215 ], [ -76.79806, 40.20541 ], [ -76.736, 40.29308 ], [ -76.89945, 40.33989 ], [ -76.96134, 40.25215 ] ] ] ] } },
{ "type": "Feature", "properties": { "ID": 27 }, "geometry": { "type": "MultiPolygon", "coordinates": [ [ [ [ -103.23719, 34.33179 ], [ -103.16887, 34.28788 ], [ -103.16406, 34.24034 ], [ -102.78337, 34.26136 ], [ -102.7811, 34.23759 ], [ -102.36857, 34.25906 ], [ -102.30086, 34.21468 ], [ -102.29664, 34.1671 ], [ -102.16982, 34.17337 ], [ -102.10844, 34.20024 ], [ -102.08488, 34.29693 ], [ -101.9598, 34.32676 ], [ -101.96782, 34.42189 ], [ -102.07144, 34.51247 ], [ -102.1691, 34.53163 ], [ -102.18159, 34.67422 ], [ -102.11772, 34.67731 ], [ -102.09607, 34.79764 ], [ -102.256, 34.7899 ], [ -102.26659, 34.90865 ], [ -102.20251, 34.91178 ], [ -102.21513, 35.05425 ], [ -102.12089, 35.08263 ], [ -102.1292, 35.17759 ], [ -102.22781, 35.19667 ], [ -102.33292, 35.28687 ], [ -102.46395, 35.30418 ], [ -102.625, 35.29598 ], [ -102.62049, 35.24853 ], [ -102.7814, 35.24014 ], [ -102.84343, 35.213 ], [ -102.86626, 35.11638 ], [ -102.93049, 35.11292 ], [ -103.0446, 34.96354 ], [ -103.33293, 34.94732 ], [ -103.46356, 34.96362 ], [ -103.55198, 34.8868 ], [ -103.67995, 34.87916 ], [ -103.66181, 34.71306 ], [ -103.58008, 34.55072 ], [ -103.51133, 34.50702 ], [ -103.50628, 34.45952 ], [ -103.37905, 34.46699 ], [ -103.3865, 34.53824 ], [ -103.25912, 34.5456 ], [ -103.25423, 34.49809 ], [ -103.15874, 34.50352 ], [ -103.11494, 34.38652 ], [ -103.21028, 34.38113 ], [ -103.23719, 34.33179 ] ] ], [ [ [ -93.11436, 36.3845 ], [ -93.11635, 36.33707 ], [ -93.50952, 36.34514 ], [ -93.67417, 36.32443 ], [ -93.70376, 36.41989 ], [ -93.80217, 36.42158 ], [ -93.83123, 36.5407 ], [ -93.79684, 36.58758 ], [ -93.69818, 36.58589 ], [ -93.66124, 36.70384 ], [ -93.69177, 36.77553 ], [ -93.59201, 36.79746 ], [ -93.59033, 36.84486 ], [ -93.49131, 36.84302 ], [ -93.49043, 36.86671 ], [ -93.65553, 36.86975 ], [ -93.65717, 36.82235 ], [ -93.88817, 36.82625 ], [ -93.92334, 36.75567 ], [ -94.05522, 36.75768 ], [ -94.05657, 36.71027 ], [ -94.08952, 36.71075 ], [ -94.09416, 36.54478 ], [ -94.02842, 36.54381 ], [ -94.03659, 36.25917 ], [ -93.84021, 36.25607 ], [ -93.77629, 36.20752 ], [ -93.77783, 36.16006 ], [ -93.87588, 36.16169 ], [ -93.87734, 36.11423 ], [ -94.00799, 36.11629 ], [ -94.00867, 36.09256 ], [ -94.10924, 35.99907 ], [ -94.17445, 36.0 ], [ -94.17571, 35.95251 ], [ -94.24088, 35.95341 ], [ -94.24209, 35.90593 ], [ -94.37291, 35.88388 ], [ -94.37514, 35.78888 ], [ -94.2451, 35.78719 ], [ -94.24631, 35.73968 ], [ -94.11701, 35.71411 ], [ -93.75982, 35.70842 ], [ -93.76365, 35.58965 ], [ -93.37473, 35.58234 ], [ -93.37294, 35.62985 ], [ -93.30624, 35.67602 ], [ -93.17644, 35.67325 ], [ -93.17838, 35.62575 ], [ -92.919, 35.61983 ], [ -92.88764, 35.59531 ], [ -92.69321, 35.59048 ], [ -92.62263, 35.70754 ], [ -92.46036, 35.70321 ], [ -92.45793, 35.75069 ], [ -92.39051, 35.79637 ], [ -92.38679, 35.86758 ], [ -93.03753, 35.88405 ], [ -93.13419, 35.90998 ], [ -93.13024, 36.00492 ], [ -93.19545, 36.00634 ], [ -93.19255, 36.07754 ], [ -92.99674, 36.07317 ], [ -92.9926, 36.16808 ], [ -93.09063, 36.1703 ], [ -93.08762, 36.24147 ], [ -92.95677, 36.23849 ], [ -92.92193, 36.28516 ], [ -92.75828, 36.28121 ], [ -92.75379, 36.37606 ], [ -92.81934, 36.37767 ], [ -92.82154, 36.33024 ], [ -92.95256, 36.33336 ], [ -92.95045, 36.38079 ], [ -93.11436, 36.3845 ] ], [ [ -93.52917, 35.79929 ], [ -93.59336, 35.82426 ], [ -93.59005, 35.91923 ], [ -93.55581, 35.9661 ], [ -93.45805, 35.96422 ], [ -93.42723, 35.91611 ], [ -93.46241, 35.84552 ], [ -93.52917, 35.79929 ] ] ], [ [ [ -101.97509, 36.01825 ], [ -102.05061, 36.13371 ], [ -102.12216, 36.20172 ], [ -102.22008, 36.19709 ], [ -102.24195, 36.0771 ], [ -102.37226, 36.07079 ], [ -102.40925, 36.11656 ], [ -102.41809, 36.21129 ], [ -102.45518, 36.25703 ], [ -102.61847, 36.24886 ], [ -102.65571, 36.29454 ], [ -102.63449, 36.41455 ], [ -102.54081, 36.46683 ], [ -102.55897, 36.65612 ], [ -102.5023, 36.754 ], [ -102.53974, 36.79968 ], [ -102.67141, 36.79308 ], [ -102.74192, 36.83702 ], [ -102.74661, 36.88431 ], [ -102.84547, 36.87922 ], [ -102.85024, 36.9265 ], [ -102.79139, 37.00082 ], [ -102.62863, 37.03284 ], [ -102.63326, 37.08012 ], [ -102.53409, 37.08505 ], [ -102.53866, 37.13233 ], [ -102.40857, 37.16243 ], [ -102.41305, 37.2097 ], [ -102.61175, 37.19995 ], [ -102.70873, 37.17132 ], [ -102.70405, 37.12406 ], [ -102.86939, 37.11558 ], [ -102.86699, 37.09195 ], [ -102.99919, 37.08503 ], [ -103.02487, 37.01238 ], [ -103.11893, 36.95981 ], [ -103.10902, 36.86527 ], [ -102.96998, 36.80138 ], [ -102.96513, 36.7541 ], [ -102.86647, 36.75928 ], [ -102.82883, 36.71369 ], [ -102.81699, 36.59543 ], [ -102.88261, 36.59201 ], [ -102.84031, 36.4991 ], [ -102.81906, 36.28612 ], [ -102.74209, 36.17115 ], [ -102.61162, 36.17783 ], [ -102.56995, 36.08476 ], [ -102.73049, 36.05275 ], [ -103.15361, 36.03017 ], [ -103.2537, 36.04844 ], [ -103.24374, 35.95374 ], [ -103.30873, 35.9501 ], [ -103.32864, 35.82987 ], [ -103.45838, 35.82247 ], [ -103.46349, 35.86982 ], [ -103.57644, 36.00621 ], [ -103.67397, 36.00049 ], [ -103.67925, 36.04782 ], [ -103.74431, 36.04396 ], [ -103.73367, 35.9493 ], [ -103.7906, 35.87441 ], [ -103.7746, 35.73237 ], [ -103.80698, 35.73042 ], [ -103.79098, 35.58833 ], [ -103.85024, 35.53705 ], [ -103.84221, 35.46598 ], [ -103.74808, 35.49553 ], [ -103.76663, 35.66133 ], [ -103.70193, 35.6652 ], [ -103.62679, 35.5743 ], [ -103.49753, 35.58187 ], [ -103.49241, 35.53449 ], [ -103.36322, 35.54193 ], [ -103.26879, 35.57112 ], [ -103.1395, 35.57834 ], [ -103.11203, 35.62752 ], [ -103.01738, 35.65652 ], [ -102.88791, 35.66349 ], [ -102.80242, 35.78711 ], [ -102.67268, 35.79386 ], [ -102.65622, 35.96136 ], [ -102.49585, 35.99328 ], [ -102.45887, 35.94752 ], [ -102.44338, 35.78165 ], [ -102.37413, 35.73746 ], [ -102.17959, 35.74689 ], [ -102.18383, 35.7943 ], [ -102.11893, 35.79738 ], [ -102.09274, 35.87002 ], [ -102.02777, 35.87305 ], [ -102.03191, 35.92045 ], [ -101.97098, 35.97086 ], [ -101.97509, 36.01825 ] ] ], [ [ [ -93.42709, 36.79435 ], [ -93.43066, 36.69955 ], [ -93.33185, 36.69758 ], [ -93.29704, 36.74431 ], [ -93.29327, 36.8391 ], [ -93.42529, 36.84174 ], [ -93.42709, 36.79435 ] ] ], [ [ [ -92.63335, 36.82392 ], [ -92.53559, 36.79767 ], [ -92.53318, 36.84505 ], [ -92.50018, 36.84418 ], [ -92.49896, 36.86786 ], [ -92.53197, 36.86874 ], [ -92.52956, 36.91611 ], [ -92.59562, 36.91783 ], [ -92.66402, 36.87214 ], [ -92.66634, 36.82476 ], [ -92.63335, 36.82392 ] ] ], [ [ [ -93.0272, 36.88081 ], [ -92.8621, 36.87699 ], [ -92.92493, 36.94962 ], [ -93.12326, 36.95408 ], [ -93.12526, 36.9067 ], [ -93.29139, 36.88649 ], [ -93.29327, 36.8391 ], [ -93.02927, 36.83343 ], [ -93.0272, 36.88081 ] ] ], [ [ [ -91.9436, 36.75705 ], [ -92.00533, 36.83012 ], [ -91.99837, 36.94854 ], [ -92.02864, 36.99689 ], [ -92.12784, 36.99983 ], [ -92.16626, 36.90607 ], [ -92.29964, 36.88615 ], [ -92.13458, 36.88142 ], [ -92.1413, 36.76299 ], [ -91.9436, 36.75705 ] ] ], [ [ [ -91.47458, 36.86045 ], [ -91.37401, 36.88069 ], [ -91.24203, 36.876 ], [ -91.1794, 36.82626 ], [ -91.17268, 36.92095 ], [ -91.37078, 36.92804 ], [ -91.47143, 36.9078 ], [ -91.47458, 36.86045 ] ] ], [ [ [ -91.39256, 37.09489 ], [ -91.38772, 37.16588 ], [ -91.48714, 37.1693 ], [ -91.49345, 37.07464 ], [ -91.39256, 37.09489 ] ] ], [ [ [ -87.02655, 36.94188 ], [ -87.00775, 37.08343 ], [ -87.17271, 37.09455 ], [ -87.21798, 37.00237 ], [ -87.28996, 36.95954 ], [ -87.26616, 36.88656 ], [ -87.20648, 36.83497 ], [ -87.00928, 36.82165 ], [ -86.99676, 36.91604 ], [ -87.02655, 36.94188 ] ] ], [ [ [ -86.19809, 38.07317 ], [ -86.26499, 38.07804 ], [ -86.26843, 38.05451 ], [ -86.20156, 38.04964 ], [ -86.19809, 38.07317 ] ] ], [ [ [ -86.31818, 38.177 ], [ -86.3319, 38.08287 ], [ -86.29844, 38.08046 ], [ -86.28468, 38.17458 ], [ -86.31818, 38.177 ] ] ], [ [ [ -85.77745, 35.9679 ], [ -85.87122, 35.99914 ], [ -85.94298, 35.95696 ], [ -86.0709, 35.75188 ], [ -86.14903, 35.66231 ], [ -86.15912, 35.59141 ], [ -86.09463, 35.58647 ], [ -86.0488, 35.67851 ], [ -85.90588, 35.76299 ], [ -85.83777, 35.78154 ], [ -85.82383, 35.876 ], [ -85.77745, 35.9679 ] ] ], [ [ [ -84.63682, 35.92066 ], [ -84.57214, 35.91497 ], [ -84.56822, 35.93854 ], [ -84.60057, 35.94139 ], [ -84.59666, 35.96497 ], [ -84.62902, 35.96781 ], [ -84.63682, 35.92066 ] ] ], [ [ [ -83.22237, 35.93233 ], [ -83.12111, 35.94624 ], [ -83.10785, 36.01682 ], [ -82.99752, 36.07769 ], [ -82.99862, 36.24553 ], [ -83.0959, 36.25523 ], [ -83.17997, 36.33539 ], [ -83.34675, 36.32777 ], [ -83.39661, 36.23684 ], [ -83.54354, 36.15524 ], [ -83.80289, 36.17986 ], [ -83.96921, 36.17144 ], [ -83.98512, 36.26862 ], [ -84.11915, 36.25701 ], [ -84.20038, 36.16872 ], [ -84.24091, 36.12456 ], [ -84.24899, 36.07744 ], [ -84.41103, 36.09202 ], [ -84.41899, 36.04489 ], [ -84.45138, 36.04778 ], [ -84.45931, 36.00065 ], [ -84.53194, 35.95925 ], [ -84.40253, 35.94773 ], [ -84.32583, 36.01261 ], [ -84.22064, 36.05095 ], [ -83.99399, 36.03015 ], [ -83.98987, 36.0537 ], [ -83.76329, 36.03251 ], [ -83.69013, 36.07346 ], [ -83.67045, 35.99976 ], [ -83.54112, 35.98738 ], [ -83.46357, 36.05175 ], [ -83.23716, 36.02963 ], [ -83.24154, 36.00611 ], [ -83.20922, 36.00292 ], [ -83.22237, 35.93233 ] ], [ [ -83.30804, 36.18032 ], [ -83.32548, 36.08622 ], [ -83.39021, 36.09253 ], [ -83.36852, 36.21017 ], [ -83.30804, 36.18032 ] ] ], [ [ [ -81.30477, 35.96843 ], [ -81.28265, 35.91784 ], [ -81.21829, 35.91048 ], [ -81.20816, 35.9574 ], [ -81.30477, 35.96843 ] ] ], [ [ [ -80.91454, 36.09173 ], [ -80.94679, 36.09549 ], [ -80.95711, 36.0486 ], [ -80.92488, 36.04485 ], [ -80.91454, 36.09173 ] ] ], [ [ [ -84.33287, 37.70915 ], [ -84.39109, 37.76193 ], [ -84.41207, 37.83529 ], [ -84.70752, 37.88442 ], [ -84.76221, 37.96051 ], [ -84.86223, 37.96887 ], [ -84.91125, 37.87764 ], [ -85.11494, 37.87055 ], [ -85.1329, 37.96729 ], [ -85.28456, 38.07474 ], [ -85.45166, 38.08798 ], [ -85.5148, 38.11673 ], [ -85.50737, 38.16375 ], [ -85.57431, 38.16896 ], [ -85.58169, 38.12193 ], [ -85.78243, 38.13735 ], [ -85.78605, 38.11383 ], [ -85.95335, 38.12645 ], [ -86.00099, 38.03485 ], [ -86.20156, 38.04964 ], [ -86.21541, 37.95551 ], [ -86.14864, 37.95062 ], [ -86.15907, 37.88002 ], [ -86.23267, 37.83783 ], [ -86.23956, 37.79075 ], [ -86.33949, 37.79801 ], [ -86.38637, 37.70623 ], [ -86.54943, 37.74166 ], [ -86.52941, 37.88294 ], [ -86.46268, 37.87821 ], [ -86.44243, 38.01945 ], [ -86.47249, 38.04537 ], [ -86.37217, 38.03821 ], [ -86.35853, 38.13234 ], [ -86.46237, 38.11598 ], [ -86.49921, 38.09481 ], [ -86.73945, 37.8263 ], [ -86.81586, 37.76024 ], [ -86.82879, 37.666 ], [ -86.96824, 37.62795 ], [ -86.97459, 37.58082 ], [ -86.94136, 37.57856 ], [ -86.91771, 37.5056 ], [ -86.81815, 37.49877 ], [ -86.79467, 37.42577 ], [ -86.80756, 37.33148 ], [ -86.71152, 37.30099 ], [ -86.72451, 37.2067 ], [ -86.82364, 37.2136 ], [ -86.86945, 37.12156 ], [ -86.81628, 37.02265 ], [ -86.79617, 36.926 ], [ -86.80897, 36.83163 ], [ -86.7104, 36.82471 ], [ -86.69099, 36.96624 ], [ -86.65156, 37.01109 ], [ -86.47028, 37.1172 ], [ -86.40096, 37.136 ], [ -86.23603, 37.12392 ], [ -86.24285, 37.07679 ], [ -86.11449, 37.04341 ], [ -86.23374, 36.90933 ], [ -86.24053, 36.86218 ], [ -86.34246, 36.84587 ], [ -86.42149, 36.75633 ], [ -86.43146, 36.68556 ], [ -86.50689, 36.61954 ], [ -86.51347, 36.57234 ], [ -86.67711, 36.58409 ], [ -86.68357, 36.53688 ], [ -86.91261, 36.55297 ], [ -86.91576, 36.52936 ], [ -87.21029, 36.54946 ], [ -87.21637, 36.50222 ], [ -87.25514, 36.45717 ], [ -87.41566, 36.49162 ], [ -87.61199, 36.50434 ], [ -87.60908, 36.52797 ], [ -87.74005, 36.53629 ], [ -87.74577, 36.48903 ], [ -87.80555, 36.5404 ], [ -87.8383, 36.54245 ], [ -87.84395, 36.49518 ], [ -87.901, 36.57014 ], [ -87.96654, 36.57417 ], [ -87.9832, 36.43236 ], [ -87.98598, 36.40872 ], [ -87.95328, 36.40671 ], [ -87.92339, 36.38106 ], [ -87.92896, 36.33377 ], [ -87.86366, 36.32972 ], [ -87.84509, 36.20946 ], [ -87.7799, 36.20537 ], [ -87.75584, 36.13237 ], [ -87.76718, 36.03777 ], [ -87.57505, 36.00162 ], [ -87.58083, 35.95431 ], [ -87.44805, 35.96947 ], [ -87.3182, 35.96085 ], [ -87.32416, 35.91356 ], [ -87.19442, 35.90481 ], [ -87.09409, 35.92181 ], [ -87.07264, 36.08728 ], [ -87.13767, 36.09173 ], [ -87.16106, 36.16485 ], [ -87.03088, 36.15594 ], [ -87.0247, 36.2032 ], [ -87.08368, 36.25493 ], [ -86.8556, 36.23913 ], [ -86.7515, 36.27947 ], [ -86.74512, 36.32671 ], [ -86.61144, 36.341 ], [ -86.57232, 36.38587 ], [ -86.53968, 36.38351 ], [ -86.50049, 36.42836 ], [ -86.36989, 36.4188 ], [ -86.36323, 36.466 ], [ -86.23258, 36.45631 ], [ -86.17066, 36.42782 ], [ -86.04011, 36.41793 ], [ -86.04699, 36.37074 ], [ -85.88047, 36.3818 ], [ -85.75005, 36.37162 ], [ -85.64869, 36.38749 ], [ -85.69553, 36.29572 ], [ -85.72034, 36.13056 ], [ -85.6336, 36.05202 ], [ -85.64072, 36.00482 ], [ -85.44623, 35.98913 ], [ -85.44985, 35.96554 ], [ -85.38506, 35.96025 ], [ -85.43171, 36.08352 ], [ -85.41716, 36.17788 ], [ -85.30865, 36.24066 ], [ -85.29389, 36.33498 ], [ -85.25392, 36.37945 ], [ -85.1236, 36.36865 ], [ -85.11608, 36.41579 ], [ -85.04333, 36.45747 ], [ -85.02436, 36.57528 ], [ -85.04945, 36.62513 ], [ -85.03426, 36.71935 ], [ -84.96113, 36.76096 ], [ -84.86287, 36.75266 ], [ -84.7896, 36.79417 ], [ -84.77791, 36.86479 ], [ -84.7084, 36.88271 ], [ -84.54441, 36.86853 ], [ -84.53644, 36.91559 ], [ -84.4628, 36.9569 ], [ -84.41846, 37.21561 ], [ -84.44738, 37.24201 ], [ -84.67822, 37.26197 ], [ -84.75599, 37.19703 ], [ -84.85098, 37.22893 ], [ -84.80236, 37.32023 ], [ -84.77879, 37.46134 ], [ -84.64248, 37.47359 ], [ -84.51015, 37.46221 ], [ -84.46089, 37.55335 ], [ -84.3865, 37.59458 ], [ -84.2871, 37.58587 ], [ -84.24572, 37.62993 ], [ -84.23331, 37.7004 ], [ -84.33287, 37.70915 ] ], [ [ -84.77879, 37.46134 ], [ -84.8606, 37.37284 ], [ -84.99282, 37.38388 ], [ -85.01433, 37.45719 ], [ -84.99504, 37.57478 ], [ -84.95413, 37.61906 ], [ -84.82538, 37.58448 ], [ -84.77879, 37.46134 ] ], [ [ -87.69469, 36.36672 ], [ -87.71591, 36.46333 ], [ -87.65049, 36.45917 ], [ -87.69469, 36.36672 ] ], [ [ -85.48563, 36.58927 ], [ -85.41291, 36.63114 ], [ -85.21669, 36.61513 ], [ -85.22416, 36.568 ], [ -85.32588, 36.55247 ], [ -85.40223, 36.48707 ], [ -85.50017, 36.49497 ], [ -85.48563, 36.58927 ] ] ], [ [ [ -79.89255, 37.19552 ], [ -79.85881, 37.3356 ], [ -80.02833, 37.33222 ], [ -80.05616, 37.21545 ], [ -79.89255, 37.19552 ] ] ], [ [ [ -83.98843, 37.75012 ], [ -84.08803, 37.75906 ], [ -84.09641, 37.71209 ], [ -83.99688, 37.70316 ], [ -83.98843, 37.75012 ] ] ], [ [ [ -85.86847, 38.23901 ], [ -85.90199, 38.24153 ], [ -85.91273, 38.17098 ], [ -85.87925, 38.16847 ], [ -85.86847, 38.23901 ] ] ], [ [ [ -85.82773, 38.28351 ], [ -85.86128, 38.28604 ], [ -85.86487, 38.26253 ], [ -85.83135, 38.26 ], [ -85.82773, 38.28351 ] ] ], [ [ [ -74.97429, 39.38146 ], [ -74.95163, 39.45056 ], [ -75.09317, 39.44825 ], [ -75.18263, 39.38943 ], [ -75.23469, 39.4458 ], [ -75.36879, 39.46626 ], [ -75.38009, 39.54051 ], [ -75.43244, 39.5968 ], [ -75.38046, 39.75815 ], [ -75.33185, 39.79914 ], [ -75.18956, 39.80169 ], [ -75.05482, 39.78106 ], [ -75.00599, 39.82194 ], [ -75.01694, 39.89619 ], [ -75.00935, 39.91921 ], [ -75.08441, 39.90654 ], [ -75.21942, 39.92713 ], [ -75.20071, 39.87593 ], [ -75.26819, 39.88618 ], [ -75.26069, 39.90922 ], [ -75.29445, 39.91434 ], [ -75.30942, 39.86826 ], [ -75.37691, 39.87846 ], [ -75.40671, 39.78628 ], [ -75.48895, 39.75034 ], [ -75.52264, 39.7554 ], [ -75.53742, 39.70929 ], [ -75.63418, 39.62714 ], [ -75.66782, 39.63217 ], [ -75.68247, 39.58603 ], [ -75.64885, 39.58101 ], [ -75.72189, 39.3503 ], [ -75.82966, 39.34222 ], [ -75.81971, 39.48569 ], [ -75.98768, 39.51052 ], [ -76.09568, 39.50224 ], [ -76.11498, 39.55334 ], [ -76.17005, 39.48897 ], [ -76.33815, 39.51338 ], [ -76.40706, 39.4027 ], [ -76.60864, 39.43163 ], [ -76.73029, 39.3766 ], [ -76.8388, 39.24732 ], [ -76.86625, 39.15477 ], [ -76.91341, 39.11321 ], [ -77.08082, 39.13673 ], [ -77.17458, 39.17389 ], [ -77.24835, 39.16004 ], [ -77.30866, 39.07202 ], [ -77.47611, 39.09506 ], [ -77.52284, 39.05329 ], [ -77.54924, 38.96058 ], [ -77.62925, 38.92334 ], [ -77.68884, 38.83513 ], [ -77.8279, 38.70951 ], [ -77.84083, 38.66311 ], [ -77.94077, 38.67657 ], [ -78.02661, 38.61587 ], [ -78.04575, 38.54623 ], [ -78.13767, 38.46222 ], [ -78.20413, 38.47106 ], [ -78.3477, 38.32162 ], [ -78.44723, 38.33472 ], [ -78.45965, 38.28823 ], [ -78.52598, 38.29692 ], [ -78.53834, 38.25042 ], [ -78.57149, 38.25475 ], [ -78.62922, 38.16605 ], [ -78.65373, 38.07301 ], [ -78.71987, 38.08161 ], [ -78.60601, 37.99461 ], [ -78.66957, 37.88259 ], [ -78.70606, 37.74296 ], [ -78.75108, 37.70069 ], [ -78.91558, 37.722 ], [ -79.0532, 37.71562 ], [ -79.08881, 37.57584 ], [ -79.02312, 37.56742 ], [ -79.04094, 37.49753 ], [ -79.2109, 37.49519 ], [ -79.22264, 37.44857 ], [ -79.31158, 37.36363 ], [ -79.5082, 37.38837 ], [ -79.67929, 37.24136 ], [ -79.69067, 37.19469 ], [ -79.78433, 37.08605 ], [ -79.77425, 36.98861 ], [ -79.80238, 36.87183 ], [ -79.73729, 36.86375 ], [ -79.72167, 36.78963 ], [ -79.79792, 36.75099 ], [ -79.95488, 36.79442 ], [ -80.04205, 36.7089 ], [ -80.10753, 36.57258 ], [ -80.25902, 36.49478 ], [ -80.34543, 36.409 ], [ -80.35621, 36.3622 ], [ -80.60976, 36.41654 ], [ -80.62036, 36.36971 ], [ -80.74983, 36.38497 ], [ -80.80315, 36.29508 ], [ -80.86782, 36.30264 ], [ -80.94288, 36.2633 ], [ -80.96356, 36.16956 ], [ -80.899, 36.16204 ], [ -80.91454, 36.09173 ], [ -80.78651, 36.221 ], [ -80.66856, 36.30328 ], [ -80.47464, 36.28021 ], [ -80.34004, 36.28808 ], [ -80.26462, 36.32707 ], [ -80.21057, 36.41674 ], [ -80.11351, 36.4049 ], [ -80.06469, 36.47111 ], [ -79.98891, 36.50992 ], [ -79.89176, 36.49792 ], [ -79.76665, 36.60272 ], [ -79.6694, 36.59056 ], [ -79.51704, 36.66766 ], [ -79.435, 36.7295 ], [ -79.41779, 36.79954 ], [ -79.2856, 36.92715 ], [ -79.15544, 36.91046 ], [ -79.04023, 36.96783 ], [ -79.02255, 37.03779 ], [ -78.78261, 37.05466 ], [ -78.58722, 37.02883 ], [ -78.50173, 36.96922 ], [ -78.42451, 37.00709 ], [ -78.29442, 36.98955 ], [ -78.22323, 37.00402 ], [ -78.1334, 37.08828 ], [ -78.08984, 37.25117 ], [ -77.99198, 37.23779 ], [ -77.86258, 37.34061 ], [ -77.84359, 37.41037 ], [ -77.72003, 37.48977 ], [ -77.66878, 37.67565 ], [ -77.6231, 37.71755 ], [ -77.45904, 37.69465 ], [ -77.4067, 37.7597 ], [ -77.32795, 37.79688 ], [ -77.19663, 37.77829 ], [ -77.14396, 37.84322 ], [ -76.97976, 37.81974 ], [ -76.92621, 38.00523 ], [ -76.79458, 37.98625 ], [ -76.70948, 37.92559 ], [ -76.59729, 37.95754 ], [ -76.56311, 38.07336 ], [ -76.54941, 38.11968 ], [ -76.49041, 38.08687 ], [ -76.42457, 38.07718 ], [ -76.38475, 38.09548 ], [ -76.31716, 38.20635 ], [ -76.38311, 38.21608 ], [ -76.35538, 38.30866 ], [ -76.36064, 38.40608 ], [ -76.42679, 38.41579 ], [ -76.4391, 38.49006 ], [ -76.50535, 38.49973 ], [ -76.51636, 38.6945 ], [ -76.42589, 38.99519 ], [ -76.35916, 38.98549 ], [ -76.39416, 38.86987 ], [ -76.33456, 38.83703 ], [ -76.38348, 38.67514 ], [ -76.29088, 38.63741 ], [ -76.35198, 38.54976 ], [ -76.33279, 38.49863 ], [ -76.28753, 38.41947 ], [ -76.28934, 38.29891 ], [ -76.19032, 38.28423 ], [ -76.17832, 38.20992 ], [ -76.11241, 38.20008 ], [ -76.13344, 38.13068 ], [ -76.08648, 38.17202 ], [ -75.9877, 38.15719 ], [ -75.96184, 38.1291 ], [ -75.86314, 38.11418 ], [ -75.86572, 37.99356 ], [ -75.82134, 37.91419 ], [ -75.73443, 37.97355 ], [ -75.49766, 37.96133 ], [ -75.48324, 38.00754 ], [ -75.38483, 37.99226 ], [ -75.33751, 38.03335 ], [ -75.32297, 38.07955 ], [ -75.23539, 38.13856 ], [ -75.24632, 38.21296 ], [ -75.19876, 38.25399 ], [ -75.11822, 38.28984 ], [ -75.12166, 38.3873 ], [ -75.04091, 38.42309 ], [ -75.05908, 38.47441 ], [ -75.02195, 38.58973 ], [ -75.0435, 38.73846 ], [ -75.10236, 38.77187 ], [ -75.08004, 38.84105 ], [ -75.22026, 38.83861 ], [ -75.23129, 38.91293 ], [ -75.29778, 38.92319 ], [ -75.27562, 38.99238 ], [ -75.32744, 39.04874 ], [ -75.39409, 39.05895 ], [ -75.35722, 39.17427 ], [ -75.36107, 39.27161 ], [ -75.41319, 39.32792 ], [ -75.19396, 39.246 ], [ -75.18292, 39.1717 ], [ -75.04199, 39.1741 ], [ -74.90859, 39.15332 ], [ -74.96126, 38.99203 ], [ -75.01698, 38.92808 ], [ -74.88409, 38.90727 ], [ -74.74663, 39.00675 ], [ -74.70865, 39.1219 ], [ -74.61148, 39.20345 ], [ -74.52945, 39.2389 ], [ -74.43189, 39.32031 ], [ -74.40093, 39.41233 ], [ -74.4678, 39.42298 ], [ -74.46006, 39.44598 ], [ -74.62739, 39.47248 ], [ -74.65806, 39.38042 ], [ -74.73258, 39.36792 ], [ -74.75544, 39.29885 ], [ -74.845, 39.24024 ], [ -74.95594, 39.33019 ], [ -74.94084, 39.37626 ], [ -74.97429, 39.38146 ] ], [ [ -76.83258, 38.20906 ], [ -76.72677, 38.21794 ], [ -76.59479, 38.19878 ], [ -76.54941, 38.11968 ], [ -76.61531, 38.1293 ], [ -76.60847, 38.15246 ], [ -76.77336, 38.17638 ], [ -76.83258, 38.20906 ] ], [ [ -77.0279, 38.96059 ], [ -76.9141, 38.99276 ], [ -76.86096, 38.937 ], [ -76.92838, 38.82598 ], [ -76.99504, 38.83541 ], [ -77.05539, 38.74747 ], [ -77.22192, 38.77082 ], [ -77.15505, 38.882 ], [ -77.08832, 38.87265 ], [ -77.0279, 38.96059 ] ], [ [ -76.41029, 39.16187 ], [ -76.51069, 39.17638 ], [ -76.56505, 39.11182 ], [ -76.66541, 39.12621 ], [ -76.66426, 39.24664 ], [ -76.62257, 39.38538 ], [ -76.45469, 39.36132 ], [ -76.40165, 39.30541 ], [ -76.42974, 39.21295 ], [ -76.3293, 39.19839 ], [ -76.23086, 39.06332 ], [ -76.4119, 39.04143 ], [ -76.41029, 39.16187 ] ] ], [ [ [ -73.71022, 40.5863 ], [ -73.69392, 40.63216 ], [ -73.78785, 40.67155 ], [ -73.8122, 40.60274 ], [ -73.71022, 40.5863 ] ] ] ] } },
{ "type": "Feature", "properties": { "ID": 28 }, "geometry": { "type": "MultiPolygon", "coordinates": [ [ [ [ -84.0536, 34.74154 ], [ -83.93057, 34.70589 ], [ -83.95015, 34.77976 ], [ -84.04554, 34.78878 ], [ -84.0536, 34.74154 ] ] ], [ [ [ -84.08029, 35.34361 ], [ -84.15245, 35.30237 ], [ -84.16853, 35.20798 ], [ -84.04057, 35.19608 ], [ -84.02433, 35.29045 ], [ -84.08838, 35.29643 ], [ -84.08029, 35.34361 ] ] ], [ [ [ -82.66339, 35.08358 ], [ -82.60886, 35.198 ], [ -82.67271, 35.20468 ], [ -82.74555, 35.16423 ], [ -82.75901, 35.09356 ], [ -82.66339, 35.08358 ] ] ], [ [ [ -84.07623, 35.3672 ], [ -84.04417, 35.36421 ], [ -84.03604, 35.41138 ], [ -84.06812, 35.41437 ], [ -84.07623, 35.3672 ] ] ], [ [ [ -82.96359, 35.04259 ], [ -82.95476, 35.08972 ], [ -82.87322, 35.17742 ], [ -82.80938, 35.17084 ], [ -82.79596, 35.2415 ], [ -82.72306, 35.28198 ], [ -82.71404, 35.32907 ], [ -82.64101, 35.3695 ], [ -82.62283, 35.46365 ], [ -82.71444, 35.49718 ], [ -82.69179, 35.61484 ], [ -82.75603, 35.62147 ], [ -82.7334, 35.73911 ], [ -82.74747, 35.83652 ], [ -82.88087, 35.82617 ], [ -82.91309, 35.82944 ], [ -82.92204, 35.78238 ], [ -82.82994, 35.74902 ], [ -82.84792, 35.6549 ], [ -82.97651, 35.66798 ], [ -82.99979, 35.7183 ], [ -82.982, 35.81243 ], [ -83.01422, 35.81568 ], [ -83.00978, 35.83921 ], [ -83.07425, 35.84568 ], [ -83.12412, 35.75477 ], [ -83.09192, 35.75155 ], [ -83.04082, 35.67447 ], [ -83.05849, 35.58031 ], [ -83.01639, 35.45609 ], [ -82.91578, 35.46987 ], [ -82.75553, 35.45342 ], [ -82.69597, 35.42324 ], [ -82.77802, 35.3357 ], [ -82.78699, 35.2886 ], [ -82.88292, 35.29848 ], [ -83.04605, 35.12304 ], [ -83.05482, 35.07591 ], [ -83.15048, 35.08559 ], [ -83.15918, 35.03844 ], [ -83.25481, 35.04804 ], [ -83.21588, 35.26019 ], [ -83.15193, 35.25378 ], [ -83.09675, 35.20021 ], [ -83.06606, 35.36513 ], [ -83.16212, 35.37479 ], [ -83.15339, 35.42191 ], [ -83.24521, 35.45506 ], [ -83.23217, 35.52573 ], [ -83.32848, 35.53526 ], [ -83.33711, 35.48815 ], [ -83.40986, 35.44734 ], [ -83.44194, 35.45049 ], [ -83.45475, 35.37979 ], [ -83.48679, 35.38292 ], [ -83.49529, 35.33579 ], [ -83.46327, 35.33265 ], [ -83.47178, 35.28551 ], [ -83.31613, 35.24618 ], [ -83.30569, 35.12514 ], [ -83.40999, 35.08747 ], [ -83.4419, 35.09062 ], [ -83.45888, 34.99628 ], [ -83.58217, 35.03236 ], [ -83.72088, 35.16575 ], [ -83.67221, 35.25701 ], [ -83.54425, 35.24461 ], [ -83.47805, 35.07017 ], [ -83.45257, 35.21165 ], [ -83.5165, 35.21791 ], [ -83.50378, 35.28864 ], [ -83.58716, 35.3687 ], [ -83.71535, 35.38106 ], [ -83.7349, 35.45485 ], [ -83.70281, 35.45178 ], [ -83.69443, 35.49892 ], [ -83.78661, 35.53169 ], [ -83.883, 35.54081 ], [ -83.82703, 35.48759 ], [ -83.83946, 35.41686 ], [ -83.78362, 35.36361 ], [ -83.91184, 35.37577 ], [ -83.92826, 35.28143 ], [ -83.97253, 35.21367 ], [ -83.8446, 35.20157 ], [ -83.81676, 35.17493 ], [ -83.83326, 35.08056 ], [ -83.7375, 35.07139 ], [ -83.65014, 35.01497 ], [ -83.67515, 34.87339 ], [ -83.80246, 34.88567 ], [ -83.8507, 34.79428 ], [ -83.69177, 34.77897 ], [ -83.61987, 34.82 ], [ -83.57131, 34.91129 ], [ -83.50765, 34.90505 ], [ -83.43127, 34.96955 ], [ -83.2402, 34.95053 ], [ -83.03609, 35.00195 ], [ -82.96359, 35.04259 ] ] ], [ [ [ -83.64128, 35.61366 ], [ -83.57273, 35.63103 ], [ -83.56849, 35.65459 ], [ -83.62439, 35.7079 ], [ -83.67344, 35.61675 ], [ -83.64128, 35.61366 ] ] ], [ [ [ -82.25583, 35.665 ], [ -82.38432, 35.67866 ], [ -82.45321, 35.66193 ], [ -82.40217, 35.92056 ], [ -82.47593, 35.88031 ], [ -82.63253, 35.92061 ], [ -82.65107, 35.99448 ], [ -82.71566, 36.00113 ], [ -82.70654, 36.04815 ], [ -82.78932, 35.96072 ], [ -82.73385, 35.90707 ], [ -82.71525, 35.8332 ], [ -82.5496, 35.84003 ], [ -82.52661, 35.78964 ], [ -82.5496, 35.67205 ], [ -82.48534, 35.66531 ], [ -82.46706, 35.59137 ], [ -82.40288, 35.58459 ], [ -82.42601, 35.46697 ], [ -82.2979, 35.45334 ], [ -82.25653, 35.49695 ], [ -82.2331, 35.61454 ], [ -82.25583, 35.665 ] ] ], [ [ [ -103.52952, 36.17565 ], [ -103.49951, 36.20119 ], [ -103.50986, 36.29582 ], [ -103.44456, 36.29956 ], [ -103.42471, 36.41969 ], [ -103.35928, 36.42338 ], [ -103.33417, 36.49617 ], [ -103.3797, 36.61257 ], [ -103.47552, 36.58336 ], [ -103.52805, 36.46138 ], [ -103.58826, 36.4103 ], [ -103.66781, 36.23902 ], [ -103.65989, 36.16805 ], [ -103.52952, 36.17565 ] ] ], [ [ [ -82.36059, 35.96416 ], [ -82.36993, 35.91716 ], [ -82.241, 35.90348 ], [ -82.13959, 35.91664 ], [ -82.12534, 35.98712 ], [ -82.18039, 36.04101 ], [ -82.30957, 36.05474 ], [ -82.37885, 36.03806 ], [ -82.36059, 35.96416 ] ] ], [ [ [ -82.53575, 36.07846 ], [ -82.42948, 36.11534 ], [ -82.5912, 36.13217 ], [ -82.60041, 36.08517 ], [ -82.53575, 36.07846 ] ] ], [ [ [ -84.20038, 36.16872 ], [ -84.22472, 36.21877 ], [ -84.1922, 36.40714 ], [ -84.32244, 36.41886 ], [ -84.3506, 36.25402 ], [ -84.48454, 36.24204 ], [ -84.50434, 36.12423 ], [ -84.47587, 36.09779 ], [ -84.28139, 36.08037 ], [ -84.24091, 36.12456 ], [ -84.20038, 36.16872 ] ] ], [ [ [ -82.42948, 36.11534 ], [ -82.3278, 36.12863 ], [ -82.27661, 36.21917 ], [ -82.17949, 36.20886 ], [ -82.12805, 36.29933 ], [ -81.93366, 36.27842 ], [ -81.91427, 36.37229 ], [ -82.01158, 36.38279 ], [ -82.09933, 36.44016 ], [ -82.09453, 36.46363 ], [ -82.12702, 36.46709 ], [ -82.16522, 36.2793 ], [ -82.2395, 36.23923 ], [ -82.40146, 36.25629 ], [ -82.42948, 36.11534 ] ] ], [ [ [ -83.83742, 36.54196 ], [ -83.78793, 36.633 ], [ -83.88168, 36.66562 ], [ -83.911, 36.50096 ], [ -83.83742, 36.54196 ] ] ], [ [ [ -82.71772, 36.83992 ], [ -82.70349, 36.7427 ], [ -82.67084, 36.73938 ], [ -82.65234, 36.83328 ], [ -82.71772, 36.83992 ] ] ], [ [ [ -104.64125, 38.48524 ], [ -104.57386, 38.48953 ], [ -104.59838, 38.67786 ], [ -104.69975, 38.6714 ], [ -104.70598, 38.71847 ], [ -104.80741, 38.71193 ], [ -104.79168, 38.59426 ], [ -104.82543, 38.59207 ], [ -104.81913, 38.54499 ], [ -104.954, 38.53614 ], [ -105.05512, 38.52942 ], [ -105.05835, 38.55295 ], [ -105.1932, 38.54386 ], [ -105.28438, 38.46637 ], [ -105.23755, 38.37455 ], [ -105.20392, 38.37685 ], [ -105.19738, 38.32978 ], [ -105.15727, 38.28499 ], [ -105.11721, 38.24019 ], [ -104.93354, 38.13371 ], [ -104.88743, 38.04172 ], [ -104.88114, 37.99461 ], [ -104.8477, 37.99682 ], [ -104.83832, 37.92615 ], [ -104.8592, 37.82971 ], [ -104.95611, 37.79948 ], [ -104.94979, 37.75236 ], [ -104.90392, 37.66032 ], [ -104.8644, 37.6154 ], [ -104.79171, 37.57266 ], [ -104.75539, 37.55128 ], [ -104.72217, 37.55346 ], [ -104.64053, 37.43989 ], [ -104.63144, 37.36914 ], [ -104.36627, 37.3861 ], [ -104.33019, 37.36459 ], [ -104.3692, 37.40969 ], [ -104.3898, 37.57479 ], [ -104.43194, 37.64344 ], [ -104.34973, 37.79118 ], [ -104.42833, 37.88128 ], [ -104.50113, 37.9242 ], [ -104.56796, 37.91994 ], [ -104.57402, 37.96707 ], [ -104.60745, 37.96493 ], [ -104.61355, 38.01205 ], [ -104.71391, 38.00558 ], [ -104.72317, 38.07625 ], [ -104.84241, 38.211 ], [ -104.98936, 38.29629 ], [ -105.09011, 38.28954 ], [ -105.13993, 38.40495 ], [ -104.76977, 38.42948 ], [ -104.70554, 38.45738 ], [ -104.63817, 38.4617 ], [ -104.64125, 38.48524 ] ] ], [ [ [ -81.94523, 36.54354 ], [ -81.90298, 36.58695 ], [ -81.92578, 36.63737 ], [ -81.76303, 36.61973 ], [ -81.71073, 36.70995 ], [ -81.613, 36.69924 ], [ -81.57044, 36.74252 ], [ -81.54039, 36.88311 ], [ -81.59069, 36.96059 ], [ -81.68879, 36.97132 ], [ -81.73637, 36.90458 ], [ -81.83442, 36.9152 ], [ -81.84425, 36.86832 ], [ -81.97006, 36.90581 ], [ -81.96031, 36.95269 ], [ -81.82457, 36.96207 ], [ -81.81471, 37.00894 ], [ -81.73437, 37.07215 ], [ -81.93097, 37.09332 ], [ -81.88344, 37.1601 ], [ -81.86373, 37.25381 ], [ -81.78811, 37.2936 ], [ -81.69452, 37.25953 ], [ -81.68168, 37.16229 ], [ -81.61609, 37.15514 ], [ -81.56821, 37.22181 ], [ -81.49752, 37.23802 ], [ -81.45183, 37.44868 ], [ -81.3171, 37.60155 ], [ -81.37283, 37.65562 ], [ -81.50494, 37.67011 ], [ -81.52272, 37.74389 ], [ -81.58887, 37.75108 ], [ -81.56858, 37.84465 ], [ -81.37504, 37.79959 ], [ -81.38241, 37.92014 ], [ -81.24983, 37.90553 ], [ -81.21149, 37.92524 ], [ -81.04581, 37.90676 ], [ -81.00211, 37.94977 ], [ -80.98093, 38.04322 ], [ -81.04732, 38.05067 ], [ -80.98762, 38.16374 ], [ -80.87719, 38.19922 ], [ -80.85575, 38.29262 ], [ -80.86223, 38.4131 ], [ -80.75132, 38.44846 ], [ -80.6962, 38.53801 ], [ -80.62936, 38.5304 ], [ -80.5795, 38.59656 ], [ -80.42357, 38.67445 ], [ -80.3902, 38.81434 ], [ -80.36787, 38.90757 ], [ -80.49672, 38.94633 ], [ -80.56397, 38.95401 ], [ -80.57501, 38.90738 ], [ -80.54141, 38.90355 ], [ -80.55798, 38.8336 ], [ -80.52441, 38.82976 ], [ -80.54649, 38.73649 ], [ -80.61902, 38.72082 ], [ -80.70787, 38.63513 ], [ -80.82452, 38.57648 ], [ -80.8795, 38.48689 ], [ -80.95167, 38.47104 ], [ -81.03976, 38.3851 ], [ -81.11706, 38.3458 ], [ -81.13815, 38.25237 ], [ -81.21524, 38.21302 ], [ -81.2257, 38.16629 ], [ -81.32551, 38.17726 ], [ -81.3307, 38.15389 ], [ -81.56365, 38.17921 ], [ -81.58406, 38.08569 ], [ -81.65056, 38.09284 ], [ -81.67082, 37.99929 ], [ -81.73724, 38.0064 ], [ -81.7473, 37.95962 ], [ -81.79052, 37.91636 ], [ -81.89005, 37.92693 ], [ -81.93316, 37.88363 ], [ -81.83369, 37.8731 ], [ -81.84864, 37.80289 ], [ -81.82551, 37.75256 ], [ -81.9248, 37.7631 ], [ -81.92975, 37.73969 ], [ -82.06705, 37.73022 ], [ -82.08662, 37.63655 ], [ -82.03033, 37.58278 ], [ -81.93129, 37.57231 ], [ -81.91152, 37.66596 ], [ -81.81237, 37.65541 ], [ -81.98888, 37.45872 ], [ -81.99868, 37.41187 ], [ -82.13045, 37.42575 ], [ -82.18275, 37.33547 ], [ -82.28148, 37.34575 ], [ -82.33352, 37.2554 ], [ -82.40403, 37.23875 ], [ -82.6342, 37.26225 ], [ -82.66244, 37.28903 ], [ -82.7941, 37.30225 ], [ -82.80793, 37.23187 ], [ -82.74679, 37.20183 ], [ -82.80269, 37.08781 ], [ -82.94763, 37.03048 ], [ -83.11165, 37.04664 ], [ -83.23848, 37.08291 ], [ -83.28904, 36.99215 ], [ -83.48586, 37.01101 ], [ -83.62144, 36.99992 ], [ -83.63866, 36.90593 ], [ -83.6188, 36.83233 ], [ -83.49224, 36.79642 ], [ -83.57491, 36.70862 ], [ -83.55518, 36.63499 ], [ -83.45729, 36.62564 ], [ -83.4486, 36.67265 ], [ -83.35067, 36.66322 ], [ -83.3419, 36.71023 ], [ -83.20685, 36.72103 ], [ -83.07624, 36.7082 ], [ -82.97379, 36.72199 ], [ -82.77795, 36.70236 ], [ -82.80144, 36.75261 ], [ -82.73613, 36.74601 ], [ -82.71772, 36.83992 ], [ -82.59173, 36.97075 ], [ -82.49349, 36.96069 ], [ -82.51693, 36.84337 ], [ -82.48425, 36.84001 ], [ -82.50299, 36.74614 ], [ -82.47504, 36.7193 ], [ -82.34457, 36.70575 ], [ -82.2936, 36.62853 ], [ -82.15855, 36.63826 ], [ -82.0283, 36.6244 ], [ -82.01026, 36.55053 ], [ -81.94523, 36.54354 ] ], [ [ -82.80269, 37.08781 ], [ -82.73706, 37.08122 ], [ -82.76013, 36.96388 ], [ -82.82564, 36.97047 ], [ -82.87667, 36.87985 ], [ -83.04481, 36.87262 ], [ -83.02678, 36.96654 ], [ -82.92849, 36.9568 ], [ -82.91939, 37.00375 ], [ -82.82106, 36.99394 ], [ -82.80269, 37.08781 ] ] ], [ [ [ -105.09346, 39.54735 ], [ -104.9875, 39.5306 ], [ -104.81635, 39.54167 ], [ -104.75738, 39.61655 ], [ -104.76692, 39.68707 ], [ -104.88598, 39.79799 ], [ -104.90866, 39.96246 ], [ -105.04646, 39.95353 ], [ -105.122, 39.99599 ], [ -105.12866, 40.04297 ], [ -105.24562, 40.13005 ], [ -105.23887, 40.08309 ], [ -105.30788, 40.07848 ], [ -105.29769, 40.00804 ], [ -105.22203, 39.96567 ], [ -105.17853, 39.6603 ], [ -105.10005, 39.59435 ], [ -105.09346, 39.54735 ] ] ], [ [ [ -82.25583, 35.665 ], [ -82.15949, 35.65466 ], [ -82.10843, 35.74522 ], [ -82.1311, 35.79569 ], [ -82.24644, 35.71202 ], [ -82.25583, 35.665 ] ] ], [ [ [ -82.03814, 35.92971 ], [ -82.08943, 35.83922 ], [ -82.04769, 35.88273 ], [ -81.91889, 35.86873 ], [ -81.90925, 35.91571 ], [ -82.03814, 35.92971 ] ] ], [ [ [ -81.84482, 35.90866 ], [ -81.83513, 35.95563 ], [ -81.87703, 35.91219 ], [ -81.84482, 35.90866 ] ] ], [ [ [ -81.82541, 36.00259 ], [ -81.79316, 35.99905 ], [ -81.78342, 36.046 ], [ -81.81569, 36.04954 ], [ -81.82541, 36.00259 ] ] ], [ [ [ -81.78342, 36.046 ], [ -81.75115, 36.04245 ], [ -81.74137, 36.08939 ], [ -81.77366, 36.09295 ], [ -81.78342, 36.046 ] ] ], [ [ [ -81.57007, 36.11844 ], [ -81.61224, 36.0751 ], [ -81.57997, 36.07151 ], [ -81.57007, 36.11844 ] ] ], [ [ [ -81.57007, 36.11844 ], [ -81.45323, 36.20144 ], [ -81.55022, 36.21228 ], [ -81.57007, 36.11844 ] ] ], [ [ [ -81.45323, 36.20144 ], [ -81.38356, 36.21762 ], [ -81.36847, 36.28797 ], [ -81.40084, 36.29161 ], [ -81.45323, 36.20144 ] ] ], [ [ [ -81.30375, 36.28066 ], [ -81.29363, 36.32755 ], [ -81.32601, 36.33121 ], [ -81.33611, 36.28432 ], [ -81.30375, 36.28066 ] ] ], [ [ [ -80.97654, 36.41138 ], [ -80.96617, 36.45823 ], [ -81.00894, 36.41512 ], [ -80.97654, 36.41138 ] ] ], [ [ [ -80.23682, 36.87679 ], [ -80.27486, 36.85733 ], [ -80.28031, 36.83395 ], [ -80.24775, 36.83004 ], [ -80.23682, 36.87679 ] ] ], [ [ [ -80.11707, 36.95847 ], [ -80.21492, 36.97029 ], [ -80.23682, 36.87679 ], [ -80.12809, 36.91173 ], [ -80.11707, 36.95847 ] ] ], [ [ [ -80.12717, 37.20001 ], [ -80.1327, 37.17665 ], [ -80.06727, 37.16874 ], [ -80.08944, 37.0753 ], [ -80.05678, 37.07134 ], [ -80.02343, 37.21148 ], [ -80.0889, 37.21942 ], [ -80.09444, 37.19606 ], [ -80.12717, 37.20001 ] ] ], [ [ [ -80.63523, 37.33227 ], [ -80.62449, 37.37902 ], [ -80.67411, 37.45677 ], [ -80.59757, 37.49586 ], [ -80.57056, 37.61268 ], [ -80.59271, 37.66324 ], [ -80.56562, 37.78002 ], [ -80.66475, 37.79149 ], [ -80.7193, 37.70186 ], [ -80.796, 37.6627 ], [ -80.928, 37.67776 ], [ -80.95969, 37.5375 ], [ -80.89911, 37.50663 ], [ -80.93077, 37.36634 ], [ -80.77718, 37.30073 ], [ -80.83543, 37.04347 ], [ -80.87864, 37.00045 ], [ -81.07995, 36.99948 ], [ -81.13331, 36.90955 ], [ -81.00796, 36.87127 ], [ -80.99097, 36.79731 ], [ -80.89323, 36.78606 ], [ -80.88276, 36.83287 ], [ -80.78499, 36.82154 ], [ -80.65534, 36.95051 ], [ -80.67733, 37.00111 ], [ -80.574, 37.01301 ], [ -80.37808, 36.98983 ], [ -80.32365, 37.07944 ], [ -80.22014, 37.09107 ], [ -80.20365, 37.16117 ], [ -80.26908, 37.16901 ], [ -80.24713, 37.26246 ], [ -80.14332, 37.27403 ], [ -80.12671, 37.34409 ], [ -80.02833, 37.33222 ], [ -80.0004, 37.44895 ], [ -79.93947, 37.56166 ], [ -79.96675, 37.58899 ], [ -79.99966, 37.59297 ], [ -79.99405, 37.61631 ], [ -80.02697, 37.62028 ], [ -80.12577, 37.63215 ], [ -80.15911, 37.49208 ], [ -80.21961, 37.37926 ], [ -80.36731, 37.3248 ], [ -80.37822, 37.27807 ], [ -80.54218, 37.2974 ], [ -80.53678, 37.32077 ], [ -80.63523, 37.33227 ] ] ], [ [ [ -79.63786, 37.54873 ], [ -79.59511, 37.44729 ], [ -79.58363, 37.49394 ], [ -79.55079, 37.48985 ], [ -79.53927, 37.5365 ], [ -79.63786, 37.54873 ] ] ], [ [ [ -79.10184, 38.05844 ], [ -79.08394, 38.12828 ], [ -79.13231, 38.2065 ], [ -79.10843, 38.2996 ], [ -79.12371, 38.37361 ], [ -79.21401, 38.28886 ], [ -79.24367, 38.17246 ], [ -79.39979, 38.09586 ], [ -79.53813, 38.08898 ], [ -79.66491, 38.12857 ], [ -79.79875, 38.00084 ], [ -79.82727, 37.88425 ], [ -79.93208, 37.87294 ], [ -79.98126, 37.95089 ], [ -80.03685, 37.86155 ], [ -80.10855, 37.84614 ], [ -80.14203, 37.70612 ], [ -80.01576, 37.66696 ], [ -79.9933, 37.76029 ], [ -79.89999, 37.72499 ], [ -79.90564, 37.70166 ], [ -79.87268, 37.69766 ], [ -79.86135, 37.74431 ], [ -79.82838, 37.7403 ], [ -79.81701, 37.78695 ], [ -79.75229, 37.63492 ], [ -79.6979, 37.58018 ], [ -79.58775, 37.61463 ], [ -79.5416, 37.80115 ], [ -79.45237, 37.88618 ], [ -79.32031, 37.86967 ], [ -79.3496, 37.75317 ], [ -79.28957, 37.72158 ], [ -79.25664, 37.71742 ], [ -79.20603, 37.78316 ], [ -79.17055, 37.92291 ], [ -79.12565, 37.96531 ], [ -78.9995, 37.9252 ], [ -78.93348, 37.91674 ], [ -78.88843, 37.95906 ], [ -78.90339, 38.03313 ], [ -79.10184, 38.05844 ] ] ], [ [ [ -80.5976, 38.95783 ], [ -80.58656, 39.00446 ], [ -80.62022, 39.00828 ], [ -80.63123, 38.96165 ], [ -80.5976, 38.95783 ] ] ], [ [ [ -79.51219, 37.50908 ], [ -79.44651, 37.50087 ], [ -79.44072, 37.52419 ], [ -79.50642, 37.5324 ], [ -79.51219, 37.50908 ] ] ], [ [ [ -78.83402, 38.1685 ], [ -78.83123, 38.0479 ], [ -78.71987, 38.08161 ], [ -78.70766, 38.12813 ], [ -78.73467, 38.15568 ], [ -78.83402, 38.1685 ] ] ], [ [ [ -79.09047, 38.36942 ], [ -79.07847, 38.41596 ], [ -79.12371, 38.37361 ], [ -79.09047, 38.36942 ] ] ], [ [ [ -78.42856, 38.40444 ], [ -78.46178, 38.40879 ], [ -78.468, 38.38555 ], [ -78.43479, 38.3812 ], [ -78.42856, 38.40444 ] ] ], [ [ [ -78.75482, 38.47086 ], [ -78.76705, 38.42435 ], [ -78.70057, 38.41579 ], [ -78.69443, 38.43904 ], [ -78.72768, 38.44333 ], [ -78.72155, 38.46658 ], [ -78.75482, 38.47086 ] ] ], [ [ [ -78.38911, 38.42332 ], [ -78.38286, 38.44655 ], [ -78.4161, 38.45092 ], [ -78.42233, 38.42768 ], [ -78.38911, 38.42332 ] ] ], [ [ [ -78.32456, 38.53511 ], [ -78.35783, 38.53949 ], [ -78.37661, 38.46979 ], [ -78.34337, 38.46541 ], [ -78.32456, 38.53511 ] ] ], [ [ [ -78.2787, 38.57718 ], [ -78.32456, 38.53511 ], [ -78.29128, 38.53072 ], [ -78.2787, 38.57718 ] ] ], [ [ [ -78.48695, 38.70067 ], [ -78.46197, 38.79359 ], [ -78.57466, 38.76012 ], [ -78.62421, 38.57422 ], [ -78.65752, 38.57852 ], [ -78.676, 38.50879 ], [ -78.57616, 38.49586 ], [ -78.5947, 38.42613 ], [ -78.495, 38.41314 ], [ -78.48258, 38.45962 ], [ -78.54289, 38.49154 ], [ -78.53049, 38.53802 ], [ -78.59708, 38.54666 ], [ -78.56611, 38.66286 ], [ -78.53276, 38.65853 ], [ -78.48695, 38.70067 ] ] ], [ [ [ -78.95452, 38.49638 ], [ -78.94241, 38.54289 ], [ -78.86361, 38.58092 ], [ -78.8392, 38.67393 ], [ -78.78131, 38.76265 ], [ -78.6898, 38.84705 ], [ -78.72326, 38.85134 ], [ -78.71709, 38.87457 ], [ -78.75057, 38.87885 ], [ -78.79633, 38.83664 ], [ -78.82086, 38.74367 ], [ -78.94543, 38.6634 ], [ -78.98782, 38.5006 ], [ -78.95452, 38.49638 ] ] ], [ [ [ -78.26609, 38.62363 ], [ -78.25347, 38.67008 ], [ -78.33273, 38.6324 ], [ -78.26609, 38.62363 ] ] ], [ [ [ -78.22014, 38.66567 ], [ -78.20748, 38.71211 ], [ -78.25347, 38.67008 ], [ -78.22014, 38.66567 ] ] ], [ [ [ -79.21366, 38.96116 ], [ -79.22566, 38.91465 ], [ -79.15862, 38.90631 ], [ -79.1526, 38.92957 ], [ -79.18613, 38.93374 ], [ -79.18012, 38.957 ], [ -79.21366, 38.96116 ] ] ] ] } },
{ "type": "Feature", "properties": { "ID": 29 }, "geometry": { "type": "MultiPolygon", "coordinates": [ [ [ [ -100.16071, 40.0439 ], [ -100.16375, 40.09105 ], [ -100.30232, 40.08683 ], [ -100.29918, 40.03969 ], [ -100.57606, 40.03086 ], [ -100.67816, 40.00384 ], [ -100.67475, 39.9567 ], [ -100.88032, 39.926 ], [ -100.87322, 39.83173 ], [ -100.80073, 39.78699 ], [ -100.82993, 39.71508 ], [ -100.82291, 39.62078 ], [ -100.57059, 39.46391 ], [ -100.56563, 39.39316 ], [ -100.63081, 39.34369 ], [ -100.90469, 39.3342 ], [ -100.96956, 39.28457 ], [ -100.99834, 39.21258 ], [ -101.13499, 39.20753 ], [ -101.17662, 39.30057 ], [ -101.25072, 39.36872 ], [ -101.38573, 39.33984 ], [ -101.37407, 39.19837 ], [ -101.4463, 39.24284 ], [ -101.5468, 39.21515 ], [ -101.71756, 39.20814 ], [ -101.71344, 39.16099 ], [ -101.88192, 39.13019 ], [ -101.94584, 39.0801 ], [ -102.04588, 39.05204 ], [ -102.03286, 38.91058 ], [ -101.92664, 38.86789 ], [ -101.92027, 38.79714 ], [ -101.98384, 38.747 ], [ -102.08336, 38.7189 ], [ -102.07466, 38.62456 ], [ -102.17617, 38.61998 ], [ -102.20335, 38.54767 ], [ -102.1945, 38.45331 ], [ -102.262, 38.45021 ], [ -102.40153, 38.49107 ], [ -102.4061, 38.53825 ], [ -102.54123, 38.5318 ], [ -102.56797, 38.45941 ], [ -102.83785, 38.44605 ], [ -102.83542, 38.42246 ], [ -103.07139, 38.41034 ], [ -103.07643, 38.45749 ], [ -103.24505, 38.44857 ], [ -103.28916, 38.54105 ], [ -103.49171, 38.53 ], [ -103.55652, 38.50268 ], [ -103.82636, 38.48736 ], [ -103.92469, 38.45791 ], [ -103.94424, 38.33813 ], [ -104.21332, 38.32202 ], [ -104.21916, 38.36914 ], [ -104.3201, 38.36296 ], [ -104.39635, 38.42945 ], [ -104.63202, 38.41461 ], [ -104.62588, 38.36751 ], [ -104.65028, 38.29472 ], [ -104.71129, 38.24329 ], [ -104.69276, 38.10197 ], [ -104.72317, 38.07625 ], [ -104.6227, 38.08273 ], [ -104.6166, 38.03561 ], [ -104.54965, 38.03989 ], [ -104.5436, 37.99277 ], [ -104.4707, 37.94988 ], [ -104.30352, 37.96033 ], [ -104.225, 37.87017 ], [ -104.21919, 37.82301 ], [ -104.07712, 37.7604 ], [ -103.93252, 37.67405 ], [ -103.89087, 37.60525 ], [ -103.90745, 37.46171 ], [ -103.77461, 37.46954 ], [ -103.67766, 37.49892 ], [ -103.68306, 37.54612 ], [ -103.4835, 37.55747 ], [ -103.38629, 37.58664 ], [ -103.39149, 37.63384 ], [ -103.29414, 37.66294 ], [ -103.16083, 37.67015 ], [ -103.16588, 37.71736 ], [ -103.00156, 37.74979 ], [ -103.0065, 37.797 ], [ -102.84191, 37.82924 ], [ -102.84675, 37.87644 ], [ -102.71297, 37.88321 ], [ -102.66585, 37.41094 ], [ -102.62798, 37.36535 ], [ -102.55929, 37.34501 ], [ -102.55011, 37.2505 ], [ -102.51241, 37.20486 ], [ -102.28055, 37.21604 ], [ -102.15018, 37.24589 ], [ -102.15449, 37.29316 ], [ -102.09242, 37.34349 ], [ -101.99493, 37.37166 ], [ -102.00336, 37.46619 ], [ -101.9722, 37.49132 ], [ -101.8391, 37.49721 ], [ -101.84321, 37.54448 ], [ -101.74331, 37.54882 ], [ -101.70198, 37.45571 ], [ -101.53567, 37.46272 ], [ -101.4749, 37.53638 ], [ -101.17512, 37.54835 ], [ -101.17148, 37.50106 ], [ -101.0716, 37.5049 ], [ -101.06804, 37.45761 ], [ -100.96822, 37.46137 ], [ -100.92802, 37.368 ], [ -100.85814, 37.32314 ], [ -100.7253, 37.32793 ], [ -100.72198, 37.28062 ], [ -100.45642, 37.28979 ], [ -100.45954, 37.33711 ], [ -100.35987, 37.34041 ], [ -100.3312, 37.41247 ], [ -100.29794, 37.41355 ], [ -100.30549, 37.53182 ], [ -100.24183, 37.58126 ], [ -100.10843, 37.58543 ], [ -100.08227, 37.7047 ], [ -100.09816, 37.96477 ], [ -99.99895, 37.99144 ], [ -100.00463, 38.08599 ], [ -99.90381, 38.08895 ], [ -99.87295, 38.13718 ], [ -99.88952, 38.42073 ], [ -99.78954, 38.44723 ], [ -99.65437, 38.45094 ], [ -99.62575, 38.54634 ], [ -99.49037, 38.54989 ], [ -99.49912, 38.71523 ], [ -99.57082, 38.78432 ], [ -99.36701, 38.78951 ], [ -99.37184, 38.88396 ], [ -99.30737, 38.95647 ], [ -99.17113, 38.95969 ], [ -99.17341, 39.00692 ], [ -99.24742, 39.12336 ], [ -99.11083, 39.12653 ], [ -99.04034, 39.08085 ], [ -99.01055, 39.17603 ], [ -98.9422, 39.17752 ], [ -98.91117, 39.24907 ], [ -99.01381, 39.24685 ], [ -99.01599, 39.29406 ], [ -99.08669, 39.33975 ], [ -99.25798, 39.3358 ], [ -99.36562, 39.42772 ], [ -99.37539, 39.61647 ], [ -99.51299, 39.61304 ], [ -99.58309, 39.63486 ], [ -99.58961, 39.7528 ], [ -99.62408, 39.7519 ], [ -99.62672, 39.79907 ], [ -100.00612, 39.78862 ], [ -100.00904, 39.83578 ], [ -100.04355, 39.83478 ], [ -100.05093, 39.95267 ], [ -100.12007, 39.95064 ], [ -100.16071, 40.0439 ] ] ], [ [ [ -108.08074, 38.86442 ], [ -108.08507, 38.88785 ], [ -108.11884, 38.88485 ], [ -108.11016, 38.83797 ], [ -108.17764, 38.83194 ], [ -108.12654, 38.74121 ], [ -108.02546, 38.75021 ], [ -108.08074, 38.86442 ] ] ] ] } },
{ "type": "Feature", "properties": { "ID": 30 }, "geometry": { "type": "MultiPolygon", "coordinates": [ [ [ [ -93.53452, 38.38317 ], [ -93.66878, 38.40919 ], [ -93.73797, 38.36306 ], [ -93.83927, 38.36472 ], [ -93.83773, 38.412 ], [ -94.04048, 38.41508 ], [ -94.03908, 38.46236 ], [ -94.24136, 38.48878 ], [ -94.3767, 38.49046 ], [ -94.37554, 38.53774 ], [ -94.54483, 38.53966 ], [ -94.58021, 38.4691 ], [ -94.74889, 38.49441 ], [ -94.78099, 38.58926 ], [ -95.05209, 38.59142 ], [ -95.22126, 38.61614 ], [ -95.2207, 38.66341 ], [ -95.39034, 38.66427 ], [ -95.39143, 38.54609 ], [ -95.32369, 38.54577 ], [ -95.32466, 38.45121 ], [ -95.49375, 38.45194 ], [ -95.52841, 38.33384 ], [ -95.76473, 38.33446 ], [ -95.83236, 38.28727 ], [ -95.86591, 38.38189 ], [ -96.06863, 38.40558 ], [ -96.06868, 38.45287 ], [ -96.20396, 38.45274 ], [ -96.20411, 38.50002 ], [ -96.40717, 38.49956 ], [ -96.40688, 38.45228 ], [ -96.74506, 38.45084 ], [ -96.91382, 38.42617 ], [ -96.94864, 38.49686 ], [ -97.01705, 38.54364 ], [ -96.95034, 38.61505 ], [ -96.91775, 38.70982 ], [ -96.92006, 38.87523 ], [ -96.88761, 38.99358 ], [ -96.99062, 39.04012 ], [ -97.02621, 39.13435 ], [ -97.16289, 39.13326 ], [ -97.26585, 39.15597 ], [ -97.29769, 39.03756 ], [ -97.46827, 39.03583 ], [ -97.46933, 39.08307 ], [ -97.6082, 39.17601 ], [ -97.60995, 39.24685 ], [ -97.71262, 39.24561 ], [ -97.71386, 39.29284 ], [ -97.8166, 39.29152 ], [ -97.84884, 39.22023 ], [ -97.9864, 39.24193 ], [ -98.19171, 39.2388 ], [ -98.22351, 39.16742 ], [ -98.29022, 39.11907 ], [ -98.49513, 39.11549 ], [ -98.49423, 39.09188 ], [ -98.69904, 39.088 ], [ -98.6971, 39.04077 ], [ -99.00405, 39.03438 ], [ -99.03706, 39.01001 ], [ -99.03269, 38.91556 ], [ -99.09855, 38.8668 ], [ -99.26861, 38.86283 ], [ -99.36943, 38.83674 ], [ -99.36701, 38.78951 ], [ -99.57082, 38.78432 ], [ -99.49912, 38.71523 ], [ -99.49037, 38.54989 ], [ -99.62575, 38.54634 ], [ -99.65437, 38.45094 ], [ -99.78954, 38.44723 ], [ -99.88952, 38.42073 ], [ -99.87295, 38.13718 ], [ -99.90381, 38.08895 ], [ -100.00463, 38.08599 ], [ -99.99895, 37.99144 ], [ -100.09816, 37.96477 ], [ -100.08227, 37.7047 ], [ -100.10843, 37.58543 ], [ -100.24183, 37.58126 ], [ -100.30549, 37.53182 ], [ -100.29794, 37.41355 ], [ -100.26467, 37.41462 ], [ -100.19519, 37.36941 ], [ -100.19225, 37.32209 ], [ -99.86, 37.33214 ], [ -99.79753, 37.40505 ], [ -99.59791, 37.41059 ], [ -99.60044, 37.45792 ], [ -99.30074, 37.46567 ], [ -99.1731, 37.58722 ], [ -98.83941, 37.59473 ], [ -98.84241, 37.66572 ], [ -98.77559, 37.66712 ], [ -98.74412, 37.71513 ], [ -98.74509, 37.73879 ], [ -98.51095, 37.74338 ], [ -98.51273, 37.7907 ], [ -98.4123, 37.79254 ], [ -98.38135, 37.86411 ], [ -98.28081, 37.86586 ], [ -98.28243, 37.91317 ], [ -98.01411, 37.91746 ], [ -97.9491, 37.98942 ], [ -97.78057, 37.96809 ], [ -97.71222, 37.92165 ], [ -97.67631, 37.82743 ], [ -97.44181, 37.83015 ], [ -97.44283, 37.87748 ], [ -97.34225, 37.87852 ], [ -97.3413, 37.8312 ], [ -97.24079, 37.83216 ], [ -97.23992, 37.78483 ], [ -97.13948, 37.78573 ], [ -97.13867, 37.73839 ], [ -96.80409, 37.74082 ], [ -96.70297, 37.67038 ], [ -96.70198, 37.57569 ], [ -96.6679, 37.50483 ], [ -96.50118, 37.50556 ], [ -96.46833, 37.57671 ], [ -96.46949, 37.74241 ], [ -96.33565, 37.74281 ], [ -96.33588, 37.79015 ], [ -96.20194, 37.79041 ], [ -96.16828, 37.71946 ], [ -96.00103, 37.74323 ], [ -95.5995, 37.74263 ], [ -95.59921, 37.78997 ], [ -95.53191, 37.83708 ], [ -95.33087, 37.83623 ], [ -95.26437, 37.78855 ], [ -95.26489, 37.74121 ], [ -95.13105, 37.74041 ], [ -95.09632, 37.83486 ], [ -94.9958, 37.83414 ], [ -94.99509, 37.88147 ], [ -94.92728, 37.92827 ], [ -94.79264, 37.95079 ], [ -94.49059, 37.94774 ], [ -94.45867, 37.87638 ], [ -94.32458, 37.87478 ], [ -94.25938, 37.80294 ], [ -94.26061, 37.75561 ], [ -94.19369, 37.75473 ], [ -94.19241, 37.80206 ], [ -93.99151, 37.7992 ], [ -93.98938, 37.87018 ], [ -94.05641, 37.87116 ], [ -94.05366, 37.96579 ], [ -93.88584, 37.96326 ], [ -93.88209, 38.08152 ], [ -93.84694, 38.12828 ], [ -93.71236, 38.12607 ], [ -93.70992, 38.197 ], [ -93.64088, 38.24313 ], [ -93.63752, 38.3377 ], [ -93.56829, 38.38378 ], [ -93.53452, 38.38317 ] ], [ [ -98.21235, 38.83677 ], [ -98.0423, 38.83942 ], [ -98.04084, 38.79217 ], [ -98.21076, 38.78952 ], [ -98.21235, 38.83677 ] ] ], [ [ [ -92.1367, 38.5871 ], [ -92.16645, 38.65892 ], [ -92.23425, 38.66081 ], [ -92.23694, 38.61357 ], [ -92.30469, 38.61543 ], [ -92.30601, 38.59181 ], [ -92.23829, 38.58996 ], [ -92.20984, 38.49453 ], [ -92.07459, 38.49068 ], [ -92.06898, 38.58516 ], [ -92.1367, 38.5871 ] ] ], [ [ [ -89.9994, 38.58048 ], [ -90.00582, 38.5097 ], [ -89.90448, 38.50519 ], [ -89.90013, 38.55237 ], [ -89.86633, 38.55084 ], [ -89.86414, 38.57443 ], [ -89.9994, 38.58048 ] ] ], [ [ [ -89.99511, 38.62766 ], [ -89.98435, 38.7456 ], [ -90.11365, 38.82228 ], [ -90.55504, 38.84063 ], [ -90.72298, 38.8709 ], [ -90.76635, 38.75424 ], [ -90.66459, 38.75029 ], [ -90.66841, 38.7031 ], [ -90.56673, 38.69907 ], [ -90.53871, 38.62693 ], [ -90.54651, 38.53253 ], [ -90.41329, 38.50343 ], [ -90.41728, 38.45622 ], [ -90.21473, 38.44772 ], [ -90.17266, 38.54066 ], [ -90.07127, 38.53627 ], [ -90.02895, 38.62915 ], [ -89.99511, 38.62766 ] ] ], [ [ [ -95.62596, 38.99595 ], [ -95.65957, 39.09053 ], [ -95.76201, 39.09075 ], [ -95.76236, 38.99625 ], [ -95.62596, 38.99595 ] ] ], [ [ [ -94.6679, 39.15535 ], [ -94.70255, 39.13206 ], [ -94.70535, 38.99033 ], [ -94.7408, 38.91978 ], [ -94.53647, 38.91774 ], [ -94.53489, 38.98861 ], [ -94.4656, 39.03511 ], [ -94.46339, 39.12959 ], [ -94.49647, 39.1772 ], [ -94.63323, 39.17863 ], [ -94.6679, 39.15535 ] ] ] ] } },
{ "type": "Feature", "properties": { "ID": 31 }, "geometry": { "type": "MultiPolygon", "coordinates": [ [ [ [ -105.98314, 37.46483 ], [ -105.96048, 37.53796 ], [ -105.90108, 37.59 ], [ -105.92551, 37.75479 ], [ -106.00617, 37.84397 ], [ -106.11684, 37.90704 ], [ -106.2205, 37.92297 ], [ -106.28721, 37.91786 ], [ -106.34295, 37.84215 ], [ -106.39856, 37.76641 ], [ -106.53163, 37.75598 ], [ -106.55745, 37.7063 ], [ -106.47622, 37.61744 ], [ -106.46886, 37.57038 ], [ -106.36933, 37.57817 ], [ -106.36205, 37.5311 ], [ -106.2885, 37.48917 ], [ -106.12277, 37.5019 ], [ -106.11567, 37.45481 ], [ -105.98314, 37.46483 ] ], [ [ -106.34295, 37.84215 ], [ -106.26545, 37.7767 ], [ -106.25461, 37.70611 ], [ -106.3211, 37.70099 ], [ -106.34295, 37.84215 ] ] ], [ [ [ -107.15592, 38.46749 ], [ -107.2231, 38.46192 ], [ -107.33192, 38.50045 ], [ -107.3158, 38.40655 ], [ -107.14799, 38.42053 ], [ -107.15592, 38.46749 ] ] ], [ [ [ -107.58415, 38.38376 ], [ -107.44593, 38.37175 ], [ -107.45407, 38.4187 ], [ -107.52938, 38.45992 ], [ -107.5417, 38.53032 ], [ -107.50809, 38.53318 ], [ -107.5163, 38.58011 ], [ -107.58356, 38.57437 ], [ -107.64252, 38.52167 ], [ -107.61768, 38.38088 ], [ -107.58415, 38.38376 ] ] ], [ [ [ -107.29548, 38.88435 ], [ -107.27379, 38.95754 ], [ -107.28999, 39.05137 ], [ -107.40802, 39.13672 ], [ -107.47587, 39.13103 ], [ -107.45116, 38.99033 ], [ -107.41731, 38.99317 ], [ -107.40912, 38.94626 ], [ -107.36307, 38.87872 ], [ -107.29548, 38.88435 ] ] ], [ [ [ -107.23675, 39.34119 ], [ -107.2327, 39.31774 ], [ -107.26673, 39.31495 ], [ -107.26266, 39.2915 ], [ -107.19464, 39.29708 ], [ -107.20271, 39.34398 ], [ -107.23675, 39.34119 ] ] ], [ [ [ -107.80648, 39.24564 ], [ -107.6706, 39.2573 ], [ -107.68322, 39.32761 ], [ -107.72569, 39.37157 ], [ -107.75972, 39.36866 ], [ -107.75548, 39.34522 ], [ -107.7895, 39.3423 ], [ -107.77675, 39.272 ], [ -107.81073, 39.26907 ], [ -107.80648, 39.24564 ] ] ], [ [ [ -107.02849, 39.33434 ], [ -106.91846, 39.29561 ], [ -106.93029, 39.36598 ], [ -107.00635, 39.40744 ], [ -107.09053, 39.49575 ], [ -107.15878, 39.49023 ], [ -107.15475, 39.46678 ], [ -107.12064, 39.46955 ], [ -107.13061, 39.32608 ], [ -107.02849, 39.33434 ] ] ], [ [ [ -106.96591, 39.57706 ], [ -107.03425, 39.5716 ], [ -107.03026, 39.54815 ], [ -106.96194, 39.55361 ], [ -106.96591, 39.57706 ] ] ], [ [ [ -107.10057, 39.7564 ], [ -107.13483, 39.75364 ], [ -107.12675, 39.70676 ], [ -107.09251, 39.70952 ], [ -107.10057, 39.7564 ] ] ], [ [ [ -106.76081, 39.59326 ], [ -106.66209, 39.6247 ], [ -106.66982, 39.67161 ], [ -106.60904, 39.72381 ], [ -106.62833, 39.84108 ], [ -106.52917, 39.87242 ], [ -106.54451, 39.96623 ], [ -106.71646, 39.95303 ], [ -106.69309, 39.81233 ], [ -106.75389, 39.7601 ], [ -106.74608, 39.7132 ], [ -106.78034, 39.71053 ], [ -106.77643, 39.68707 ], [ -106.81066, 39.68439 ], [ -106.80283, 39.63749 ], [ -106.83704, 39.6348 ], [ -106.82919, 39.58789 ], [ -106.76081, 39.59326 ] ] ], [ [ [ -107.00976, 39.83496 ], [ -106.90682, 39.84313 ], [ -106.84213, 39.87198 ], [ -106.85002, 39.91887 ], [ -106.95309, 39.91074 ], [ -107.00976, 39.83496 ] ] ], [ [ [ -107.81952, 39.88691 ], [ -107.62212, 39.95121 ], [ -107.63907, 40.04488 ], [ -107.70785, 40.03909 ], [ -107.69932, 39.99226 ], [ -107.86676, 39.95421 ], [ -107.88811, 39.88102 ], [ -107.81952, 39.88691 ] ] ], [ [ [ -107.72495, 40.13275 ], [ -107.69051, 40.13565 ], [ -107.69478, 40.15907 ], [ -107.72923, 40.15616 ], [ -107.83688, 40.17079 ], [ -107.82824, 40.12398 ], [ -107.75938, 40.12983 ], [ -107.7508, 40.08301 ], [ -107.71639, 40.08592 ], [ -107.72495, 40.13275 ] ] ], [ [ [ -107.56963, 40.24086 ], [ -107.36258, 40.25794 ], [ -107.26313, 40.28978 ], [ -107.23682, 40.33942 ], [ -107.08633, 40.28023 ], [ -106.84447, 40.29929 ], [ -106.81782, 40.34884 ], [ -106.84963, 40.5363 ], [ -106.93508, 40.6246 ], [ -107.13934, 40.58474 ], [ -107.15575, 40.67842 ], [ -107.26, 40.67007 ], [ -107.2683, 40.7169 ], [ -107.33784, 40.71129 ], [ -107.32949, 40.66447 ], [ -107.29475, 40.66728 ], [ -107.20874, 40.5792 ], [ -107.20051, 40.53236 ], [ -107.16583, 40.53513 ], [ -107.15763, 40.48829 ], [ -107.15353, 40.46487 ], [ -107.17996, 40.41525 ], [ -107.31838, 40.40408 ], [ -107.32254, 40.4275 ], [ -107.39175, 40.42186 ], [ -107.40544, 40.30195 ], [ -107.5781, 40.28769 ], [ -107.56963, 40.24086 ] ] ], [ [ [ -107.37556, 40.92197 ], [ -107.41044, 40.91915 ], [ -107.40201, 40.87233 ], [ -107.36716, 40.87516 ], [ -107.37556, 40.92197 ] ] ], [ [ [ -107.17913, 41.41245 ], [ -107.293, 41.45089 ], [ -107.37182, 41.49207 ], [ -107.46456, 41.41338 ], [ -107.42091, 41.36943 ], [ -107.43474, 41.24961 ], [ -107.41354, 41.13261 ], [ -107.33514, 41.09144 ], [ -107.31416, 40.97442 ], [ -107.34068, 40.92479 ], [ -107.3058, 40.9276 ], [ -107.16211, 40.91534 ], [ -107.1437, 41.01175 ], [ -107.25684, 41.05024 ], [ -107.25524, 41.24027 ], [ -107.18927, 41.26925 ], [ -107.16665, 41.34223 ], [ -107.17913, 41.41245 ] ] ], [ [ [ -105.30681, 37.4187 ], [ -105.33995, 37.41637 ], [ -105.29377, 37.32442 ], [ -105.30681, 37.4187 ] ] ], [ [ [ -105.38625, 37.5083 ], [ -105.35307, 37.51063 ], [ -105.3465, 37.46351 ], [ -105.24701, 37.47046 ], [ -105.25676, 37.54116 ], [ -105.38625, 37.5083 ] ] ], [ [ [ -105.25212, 37.99331 ], [ -105.28554, 37.991 ], [ -105.28226, 37.96746 ], [ -105.24885, 37.96977 ], [ -105.25212, 37.99331 ] ] ], [ [ [ -106.18256, 38.11622 ], [ -106.1491, 38.11875 ], [ -106.1563, 38.16578 ], [ -106.2902, 38.1556 ], [ -106.24583, 38.08761 ], [ -106.26836, 38.0145 ], [ -106.2611, 37.96746 ], [ -106.16455, 37.99861 ], [ -106.18256, 38.11622 ] ] ], [ [ [ -105.86537, 38.25878 ], [ -105.90242, 38.27984 ], [ -105.90946, 38.32688 ], [ -105.9766, 38.32192 ], [ -106.04016, 38.29342 ], [ -105.99241, 38.20185 ], [ -106.05941, 38.19685 ], [ -106.05585, 38.17333 ], [ -105.92539, 38.20681 ], [ -105.93244, 38.25385 ], [ -105.86537, 38.25878 ] ] ], [ [ [ -105.38849, 38.72048 ], [ -105.32424, 38.74865 ], [ -105.33091, 38.79569 ], [ -105.26325, 38.80032 ], [ -105.26656, 38.82384 ], [ -105.30708, 38.86856 ], [ -105.4324, 38.78869 ], [ -105.42228, 38.71814 ], [ -105.38849, 38.72048 ] ] ], [ [ [ -106.13738, 38.92802 ], [ -106.17125, 38.92549 ], [ -106.16396, 38.87851 ], [ -106.13012, 38.88104 ], [ -106.13738, 38.92802 ] ] ], [ [ [ -105.62905, 38.9649 ], [ -105.56123, 38.96968 ], [ -105.57154, 39.04019 ], [ -105.67338, 39.03301 ], [ -105.62905, 38.9649 ] ] ], [ [ [ -105.47309, 39.0708 ], [ -105.46288, 39.00028 ], [ -105.38827, 38.95795 ], [ -105.28652, 38.96492 ], [ -105.29653, 39.03546 ], [ -105.33049, 39.03314 ], [ -105.3372, 39.08016 ], [ -105.47309, 39.0708 ] ] ], [ [ [ -106.44115, 40.18771 ], [ -106.4107, 40.00009 ], [ -106.16598, 39.99453 ], [ -106.18082, 40.08837 ], [ -106.24977, 40.08329 ], [ -106.29928, 40.17456 ], [ -106.44115, 40.18771 ] ] ], [ [ [ -106.01677, 41.04892 ], [ -105.97437, 41.00451 ], [ -105.93938, 41.00698 ], [ -105.94675, 41.05387 ], [ -106.01677, 41.04892 ] ] ], [ [ [ -105.46337, 41.1345 ], [ -105.35814, 41.14151 ], [ -105.36857, 41.21188 ], [ -105.40369, 41.20955 ], [ -105.46688, 41.15795 ], [ -105.46337, 41.1345 ] ] ], [ [ [ -106.56892, 41.17464 ], [ -106.51052, 41.25014 ], [ -106.58858, 41.29175 ], [ -106.57284, 41.19806 ], [ -106.63902, 41.16938 ], [ -106.56892, 41.17464 ] ] ], [ [ [ -105.39301, 41.37605 ], [ -105.41054, 41.49331 ], [ -105.51636, 41.48626 ], [ -105.48802, 41.29867 ], [ -105.41769, 41.30336 ], [ -105.41419, 41.27991 ], [ -105.37903, 41.28224 ], [ -105.39301, 41.37605 ] ] ], [ [ [ -106.64348, 41.40622 ], [ -106.58858, 41.29175 ], [ -106.57312, 41.41149 ], [ -106.64348, 41.40622 ] ] ], [ [ [ -106.50279, 41.63011 ], [ -106.48711, 41.53643 ], [ -106.45966, 41.58587 ], [ -106.38908, 41.59104 ], [ -106.39686, 41.63789 ], [ -106.50279, 41.63011 ] ] ] ] } },
{ "type": "Feature", "properties": { "ID": 32 }, "geometry": { "type": "MultiPolygon", "coordinates": [ [ [ [ -86.95486, 38.72004 ], [ -86.95809, 38.69651 ], [ -87.29611, 38.7186 ], [ -87.34231, 38.62662 ], [ -87.47435, 38.65872 ], [ -87.46215, 38.75287 ], [ -87.59751, 38.7613 ], [ -87.67116, 38.71839 ], [ -87.71684, 38.62628 ], [ -87.92244, 38.61495 ], [ -88.09136, 38.6249 ], [ -88.18995, 38.65433 ], [ -88.3252, 38.66204 ], [ -88.33068, 38.61493 ], [ -88.4037, 38.57161 ], [ -88.50502, 38.57725 ], [ -88.61691, 38.48854 ], [ -88.75187, 38.49583 ], [ -88.75703, 38.44868 ], [ -88.82958, 38.40512 ], [ -88.9981, 38.41395 ], [ -88.99311, 38.46111 ], [ -89.05315, 38.53532 ], [ -89.15447, 38.54047 ], [ -89.15935, 38.49331 ], [ -89.29437, 38.50006 ], [ -89.32099, 38.57247 ], [ -89.59141, 38.58552 ], [ -89.59599, 38.53835 ], [ -89.79874, 38.54777 ], [ -89.79652, 38.57136 ], [ -89.86414, 38.57443 ], [ -89.86633, 38.55084 ], [ -89.90013, 38.55237 ], [ -89.90448, 38.50519 ], [ -90.00582, 38.5097 ], [ -89.9994, 38.58048 ], [ -89.96558, 38.57898 ], [ -89.96126, 38.62616 ], [ -90.02895, 38.62915 ], [ -90.07127, 38.53627 ], [ -90.17266, 38.54066 ], [ -90.21473, 38.44772 ], [ -90.41728, 38.45622 ], [ -90.41329, 38.50343 ], [ -90.54651, 38.53253 ], [ -90.53871, 38.62693 ], [ -90.56673, 38.69907 ], [ -90.66841, 38.7031 ], [ -90.66459, 38.75029 ], [ -90.69851, 38.75161 ], [ -90.70231, 38.70442 ], [ -90.804, 38.70834 ], [ -90.87547, 38.66371 ], [ -90.87913, 38.61651 ], [ -91.28547, 38.63122 ], [ -91.45321, 38.6606 ], [ -91.44995, 38.70781 ], [ -91.58561, 38.71228 ], [ -91.58876, 38.66506 ], [ -91.92774, 38.67563 ], [ -91.99841, 38.63042 ], [ -92.00127, 38.58318 ], [ -92.06898, 38.58516 ], [ -92.07459, 38.49068 ], [ -92.20984, 38.49453 ], [ -92.23829, 38.58996 ], [ -92.30601, 38.59181 ], [ -92.30469, 38.61543 ], [ -92.23694, 38.61357 ], [ -92.23425, 38.66081 ], [ -92.30205, 38.66267 ], [ -92.2994, 38.7099 ], [ -92.36465, 38.75896 ], [ -92.46651, 38.76164 ], [ -92.57329, 38.66977 ], [ -92.57819, 38.57529 ], [ -92.67977, 38.57781 ], [ -92.71715, 38.50776 ], [ -92.8863, 38.51174 ], [ -92.95614, 38.46602 ], [ -92.99424, 38.37225 ], [ -93.26436, 38.37798 ], [ -93.2663, 38.3307 ], [ -93.46878, 38.33464 ], [ -93.46697, 38.38192 ], [ -93.56829, 38.38378 ], [ -93.63752, 38.3377 ], [ -93.64088, 38.24313 ], [ -93.70992, 38.197 ], [ -93.71236, 38.12607 ], [ -93.84694, 38.12828 ], [ -93.88209, 38.08152 ], [ -93.88584, 37.96326 ], [ -94.05366, 37.96579 ], [ -94.05641, 37.87116 ], [ -93.98938, 37.87018 ], [ -93.99151, 37.7992 ], [ -94.19241, 37.80206 ], [ -94.19369, 37.75473 ], [ -94.26061, 37.75561 ], [ -94.26673, 37.51893 ], [ -94.20067, 37.49437 ], [ -94.13859, 37.32772 ], [ -94.14185, 37.2093 ], [ -94.07547, 37.20836 ], [ -94.07883, 37.08992 ], [ -94.1146, 36.99563 ], [ -94.05319, 36.82879 ], [ -94.05522, 36.75768 ], [ -93.92334, 36.75567 ], [ -93.88817, 36.82625 ], [ -93.65717, 36.82235 ], [ -93.65553, 36.86975 ], [ -93.4244, 36.86544 ], [ -93.42529, 36.84174 ], [ -93.29327, 36.8391 ], [ -93.29139, 36.88649 ], [ -93.12526, 36.9067 ], [ -93.12326, 36.95408 ], [ -92.92493, 36.94962 ], [ -92.8621, 36.87699 ], [ -92.79607, 36.87541 ], [ -92.7983, 36.82802 ], [ -92.66634, 36.82476 ], [ -92.66402, 36.87214 ], [ -92.59562, 36.91783 ], [ -92.33138, 36.91076 ], [ -92.33266, 36.88707 ], [ -92.29964, 36.88615 ], [ -92.16626, 36.90607 ], [ -92.12784, 36.99983 ], [ -92.02864, 36.99689 ], [ -91.99837, 36.94854 ], [ -92.00533, 36.83012 ], [ -91.9436, 36.75705 ], [ -91.77888, 36.75188 ], [ -91.77595, 36.79925 ], [ -91.67706, 36.79604 ], [ -91.67405, 36.84341 ], [ -91.5751, 36.84013 ], [ -91.47301, 36.88413 ], [ -91.47143, 36.9078 ], [ -91.37078, 36.92804 ], [ -91.17268, 36.92095 ], [ -91.16425, 37.0393 ], [ -91.12778, 37.08541 ], [ -91.02851, 37.08172 ], [ -91.03198, 37.0344 ], [ -90.9015, 37.0057 ], [ -90.8756, 36.90976 ], [ -90.71245, 36.87959 ], [ -90.69953, 37.04523 ], [ -90.50116, 37.03714 ], [ -90.49731, 37.08445 ], [ -90.365, 37.07889 ], [ -90.33391, 37.05382 ], [ -90.20167, 37.04809 ], [ -90.1625, 37.11759 ], [ -90.0922, 37.16195 ], [ -89.95977, 37.15598 ], [ -89.91816, 37.24904 ], [ -89.84971, 37.26962 ], [ -89.80353, 37.40989 ], [ -89.70386, 37.40521 ], [ -89.59522, 37.49496 ], [ -89.5529, 37.58784 ], [ -89.53698, 37.75316 ], [ -89.4702, 37.74992 ], [ -89.44376, 37.67745 ], [ -89.45298, 37.58298 ], [ -89.42662, 37.51049 ], [ -89.33152, 37.45829 ], [ -89.34321, 37.34017 ], [ -89.24367, 37.33515 ], [ -89.23656, 37.40601 ], [ -89.09404, 37.49367 ], [ -88.99677, 37.46484 ], [ -88.66453, 37.44695 ], [ -88.5343, 37.41596 ], [ -88.49057, 37.50851 ], [ -88.39086, 37.50285 ], [ -88.38551, 37.55005 ], [ -88.28574, 37.54432 ], [ -88.28031, 37.59151 ], [ -88.37747, 37.62085 ], [ -88.67718, 37.63763 ], [ -88.70278, 37.71025 ], [ -88.6309, 37.75379 ], [ -88.53081, 37.74824 ], [ -88.52554, 37.79543 ], [ -88.32527, 37.78409 ], [ -88.1612, 37.75083 ], [ -88.15012, 37.84517 ], [ -88.08054, 37.86482 ], [ -88.06933, 37.95914 ], [ -87.93839, 37.92759 ], [ -87.67099, 37.91125 ], [ -87.6651, 37.95839 ], [ -87.58632, 38.04848 ], [ -87.45241, 38.04002 ], [ -87.45846, 37.9929 ], [ -87.32774, 37.96076 ], [ -87.33999, 37.8665 ], [ -87.27631, 37.83861 ], [ -87.29781, 37.67363 ], [ -87.23742, 37.62213 ], [ -87.16469, 37.66488 ], [ -87.22507, 37.71641 ], [ -87.21578, 37.78711 ], [ -87.04595, 37.79962 ], [ -87.05857, 37.70537 ], [ -87.10127, 37.63689 ], [ -87.00149, 37.6302 ], [ -87.00782, 37.58306 ], [ -86.97459, 37.58082 ], [ -86.96824, 37.62795 ], [ -86.82879, 37.666 ], [ -86.81586, 37.76024 ], [ -86.73945, 37.8263 ], [ -86.49921, 38.09481 ], [ -86.46237, 38.11598 ], [ -86.59963, 38.10188 ], [ -86.58963, 38.17249 ], [ -86.65002, 38.22423 ], [ -86.67363, 38.29716 ], [ -86.5998, 38.33956 ], [ -86.61672, 38.45954 ], [ -86.74807, 38.49235 ], [ -86.73486, 38.58646 ], [ -86.80232, 38.59105 ], [ -86.81967, 38.71097 ], [ -86.95486, 38.72004 ] ], [ [ -91.39256, 37.09489 ], [ -91.49345, 37.07464 ], [ -91.48714, 37.1693 ], [ -91.38772, 37.16588 ], [ -91.39256, 37.09489 ] ], [ [ -90.76031, 37.54583 ], [ -90.82329, 37.5957 ], [ -90.81782, 37.66662 ], [ -90.7177, 37.6627 ], [ -90.65473, 37.61278 ], [ -90.66037, 37.54186 ], [ -90.76031, 37.54583 ] ], [ [ -89.32726, 37.83777 ], [ -89.32254, 37.88498 ], [ -89.15532, 37.87655 ], [ -89.16015, 37.82934 ], [ -88.99309, 37.82071 ], [ -88.96216, 37.79536 ], [ -89.00543, 37.70269 ], [ -89.07702, 37.65895 ], [ -89.24369, 37.66748 ], [ -89.23893, 37.7147 ], [ -89.37005, 37.74499 ], [ -89.32726, 37.83777 ] ] ], [ [ [ -86.23956, 37.79075 ], [ -86.23267, 37.83783 ], [ -86.15907, 37.88002 ], [ -86.14864, 37.95062 ], [ -86.21541, 37.95551 ], [ -86.20156, 38.04964 ], [ -86.23499, 38.05208 ], [ -86.2419, 38.00502 ], [ -86.27532, 38.00744 ], [ -86.31559, 37.96279 ], [ -86.32243, 37.91571 ], [ -86.42256, 37.92291 ], [ -86.40561, 38.0406 ], [ -86.47249, 38.04537 ], [ -86.44243, 38.01945 ], [ -86.46268, 37.87821 ], [ -86.52941, 37.88294 ], [ -86.54943, 37.74166 ], [ -86.38637, 37.70623 ], [ -86.33949, 37.79801 ], [ -86.23956, 37.79075 ] ] ], [ [ [ -86.20156, 38.04964 ], [ -86.10126, 38.04228 ], [ -86.19809, 38.07317 ], [ -86.20156, 38.04964 ] ] ], [ [ [ -86.25809, 38.1251 ], [ -86.26499, 38.07804 ], [ -86.19809, 38.07317 ], [ -86.25809, 38.1251 ] ] ], [ [ [ -86.3319, 38.08287 ], [ -86.31818, 38.177 ], [ -86.35169, 38.17941 ], [ -86.4153, 38.20773 ], [ -86.46237, 38.11598 ], [ -86.35853, 38.13234 ], [ -86.36535, 38.08528 ], [ -86.3319, 38.08287 ] ] ], [ [ [ -84.52083, 37.9877 ], [ -84.45824, 37.95848 ], [ -84.40444, 38.07301 ], [ -84.50458, 38.08163 ], [ -84.52083, 37.9877 ] ] ], [ [ [ -85.49992, 38.21076 ], [ -85.45521, 38.27865 ], [ -85.5708, 38.40661 ], [ -85.63799, 38.41178 ], [ -85.65687, 38.50836 ], [ -85.79512, 38.49509 ], [ -85.82773, 38.28351 ], [ -85.78694, 38.328 ], [ -85.61548, 38.33869 ], [ -85.56691, 38.21597 ], [ -85.57431, 38.16896 ], [ -85.50737, 38.16375 ], [ -85.49992, 38.21076 ] ] ], [ [ [ -84.50556, 39.24843 ], [ -84.54779, 39.20439 ], [ -84.57658, 39.04025 ], [ -84.4411, 39.02882 ], [ -84.40308, 39.04939 ], [ -84.41615, 39.1695 ], [ -84.40364, 39.23982 ], [ -84.50556, 39.24843 ] ] ], [ [ [ -75.63418, 39.62714 ], [ -75.53742, 39.70929 ], [ -75.52264, 39.7554 ], [ -75.55634, 39.76045 ], [ -75.66482, 39.75251 ], [ -75.72781, 39.66527 ], [ -75.70147, 39.63719 ], [ -75.63418, 39.62714 ] ] ], [ [ [ -75.00935, 39.91921 ], [ -74.98654, 39.98828 ], [ -75.0051, 40.0395 ], [ -75.23063, 40.00136 ], [ -75.27945, 39.96041 ], [ -75.29445, 39.91434 ], [ -75.26069, 39.90922 ], [ -75.26819, 39.88618 ], [ -75.20071, 39.87593 ], [ -75.21942, 39.92713 ], [ -75.08441, 39.90654 ], [ -75.00935, 39.91921 ] ] ] ] } },
{ "type": "Feature", "properties": { "ID": 33 }, "geometry": { "type": "MultiPolygon", "coordinates": [ [ [ [ -85.47223, 34.53157 ], [ -85.43338, 34.57627 ], [ -85.41915, 34.67094 ], [ -85.54284, 34.70515 ], [ -85.55692, 34.61048 ], [ -85.53571, 34.53683 ], [ -85.47223, 34.53157 ] ] ], [ [ [ -86.00507, 35.07743 ], [ -86.06909, 35.08242 ], [ -86.07918, 35.01143 ], [ -86.01523, 35.00645 ], [ -86.00507, 35.07743 ] ] ], [ [ [ -93.52917, 35.79929 ], [ -93.46241, 35.84552 ], [ -93.42723, 35.91611 ], [ -93.45805, 35.96422 ], [ -93.55581, 35.9661 ], [ -93.59005, 35.91923 ], [ -93.59336, 35.82426 ], [ -93.52917, 35.79929 ] ] ], [ [ [ -103.67925, 36.04782 ], [ -103.67397, 36.00049 ], [ -103.57644, 36.00621 ], [ -103.46349, 35.86982 ], [ -103.45838, 35.82247 ], [ -103.32864, 35.82987 ], [ -103.30873, 35.9501 ], [ -103.24374, 35.95374 ], [ -103.2537, 36.04844 ], [ -103.15361, 36.03017 ], [ -102.73049, 36.05275 ], [ -102.56995, 36.08476 ], [ -102.61162, 36.17783 ], [ -102.74209, 36.17115 ], [ -102.81906, 36.28612 ], [ -102.84031, 36.4991 ], [ -102.88261, 36.59201 ], [ -102.81699, 36.59543 ], [ -102.82883, 36.71369 ], [ -102.86647, 36.75928 ], [ -102.96513, 36.7541 ], [ -102.96998, 36.80138 ], [ -103.10902, 36.86527 ], [ -103.17989, 36.90897 ], [ -103.29899, 36.78356 ], [ -103.32424, 36.71081 ], [ -103.38995, 36.70714 ], [ -103.3797, 36.61257 ], [ -103.33417, 36.49617 ], [ -103.35928, 36.42338 ], [ -103.42471, 36.41969 ], [ -103.44456, 36.29956 ], [ -103.50986, 36.29582 ], [ -103.49951, 36.20119 ], [ -103.52952, 36.17565 ], [ -103.72506, 36.1642 ], [ -103.67925, 36.04782 ] ] ], [ [ [ -84.24091, 36.12456 ], [ -84.28139, 36.08037 ], [ -84.24899, 36.07744 ], [ -84.24091, 36.12456 ] ] ], [ [ [ -102.51241, 37.20486 ], [ -102.55011, 37.2505 ], [ -102.55929, 37.34501 ], [ -102.62798, 37.36535 ], [ -102.62102, 37.29447 ], [ -102.72049, 37.28947 ], [ -102.74655, 37.21691 ], [ -102.84589, 37.21182 ], [ -102.86939, 37.11558 ], [ -102.70405, 37.12406 ], [ -102.70873, 37.17132 ], [ -102.61175, 37.19995 ], [ -102.51241, 37.20486 ] ] ], [ [ [ -84.77879, 37.46134 ], [ -84.82538, 37.58448 ], [ -84.95413, 37.61906 ], [ -84.99504, 37.57478 ], [ -85.01433, 37.45719 ], [ -84.99282, 37.38388 ], [ -84.8606, 37.37284 ], [ -84.77879, 37.46134 ] ] ], [ [ [ -103.90745, 37.46171 ], [ -103.89087, 37.60525 ], [ -103.93252, 37.67405 ], [ -104.07712, 37.7604 ], [ -104.21919, 37.82301 ], [ -104.225, 37.87017 ], [ -104.30352, 37.96033 ], [ -104.4707, 37.94988 ], [ -104.5436, 37.99277 ], [ -104.54965, 38.03989 ], [ -104.58313, 38.03776 ], [ -104.56796, 37.91994 ], [ -104.50113, 37.9242 ], [ -104.42833, 37.88128 ], [ -104.34973, 37.79118 ], [ -104.43194, 37.64344 ], [ -104.3898, 37.57479 ], [ -104.3692, 37.40969 ], [ -104.33019, 37.36459 ], [ -104.19759, 37.37284 ], [ -104.20335, 37.42003 ], [ -104.07062, 37.42815 ], [ -103.90745, 37.46171 ] ] ], [ [ [ -104.63817, 38.4617 ], [ -104.70554, 38.45738 ], [ -104.76977, 38.42948 ], [ -105.13993, 38.40495 ], [ -105.09011, 38.28954 ], [ -104.98936, 38.29629 ], [ -104.84241, 38.211 ], [ -104.72317, 38.07625 ], [ -104.69276, 38.10197 ], [ -104.71129, 38.24329 ], [ -104.65028, 38.29472 ], [ -104.62588, 38.36751 ], [ -104.63817, 38.4617 ] ] ], [ [ [ -81.61413, 35.59474 ], [ -81.6315, 35.6688 ], [ -81.72777, 35.67953 ], [ -81.76958, 35.6361 ], [ -81.78896, 35.54211 ], [ -81.62393, 35.54776 ], [ -81.61413, 35.59474 ] ] ], [ [ [ -83.30804, 36.18032 ], [ -83.36852, 36.21017 ], [ -83.39021, 36.09253 ], [ -83.32548, 36.08622 ], [ -83.30804, 36.18032 ] ] ], [ [ [ -78.8009, 38.16423 ], [ -78.77656, 38.25728 ], [ -78.73118, 38.29952 ], [ -78.61935, 38.33313 ], [ -78.60703, 38.37963 ], [ -78.64025, 38.38394 ], [ -78.62794, 38.43044 ], [ -78.5947, 38.42613 ], [ -78.57616, 38.49586 ], [ -78.676, 38.50879 ], [ -78.68215, 38.48554 ], [ -78.65503, 38.45799 ], [ -78.72155, 38.46658 ], [ -78.72768, 38.44333 ], [ -78.69443, 38.43904 ], [ -78.70057, 38.41579 ], [ -78.73381, 38.42008 ], [ -78.74605, 38.37357 ], [ -78.84573, 38.38637 ], [ -78.96357, 38.32931 ], [ -79.0057, 38.16642 ], [ -79.0026, 38.04582 ], [ -78.90339, 38.03313 ], [ -78.88843, 37.95906 ], [ -78.93348, 37.91674 ], [ -78.90048, 37.9125 ], [ -78.91251, 37.86595 ], [ -79.02341, 37.83206 ], [ -79.08018, 37.74312 ], [ -79.15787, 37.70491 ], [ -79.28957, 37.72158 ], [ -79.3496, 37.75317 ], [ -79.32031, 37.86967 ], [ -79.45237, 37.88618 ], [ -79.5416, 37.80115 ], [ -79.58775, 37.61463 ], [ -79.6979, 37.58018 ], [ -79.75229, 37.63492 ], [ -79.81701, 37.78695 ], [ -79.82838, 37.7403 ], [ -79.86135, 37.74431 ], [ -79.87268, 37.69766 ], [ -79.90564, 37.70166 ], [ -79.91693, 37.655 ], [ -79.96113, 37.61233 ], [ -79.99405, 37.61631 ], [ -79.99966, 37.59297 ], [ -79.96675, 37.58899 ], [ -79.93947, 37.56166 ], [ -80.0004, 37.44895 ], [ -80.02833, 37.33222 ], [ -79.85881, 37.3356 ], [ -79.89255, 37.19552 ], [ -80.02343, 37.21148 ], [ -80.05678, 37.07134 ], [ -80.08944, 37.0753 ], [ -80.1005, 37.02857 ], [ -80.10603, 37.00521 ], [ -80.12809, 36.91173 ], [ -80.23682, 36.87679 ], [ -80.24775, 36.83004 ], [ -80.28031, 36.83395 ], [ -80.2912, 36.78719 ], [ -80.35085, 36.67416 ], [ -80.43199, 36.61175 ], [ -80.62684, 36.63487 ], [ -80.76208, 36.62671 ], [ -80.91294, 36.54817 ], [ -80.9558, 36.50508 ], [ -80.97654, 36.41138 ], [ -81.13858, 36.43 ], [ -81.2511, 36.37076 ], [ -81.26126, 36.32388 ], [ -81.29363, 36.32755 ], [ -81.30375, 36.28066 ], [ -81.36847, 36.28797 ], [ -81.38356, 36.21762 ], [ -81.45323, 36.20144 ], [ -81.57007, 36.11844 ], [ -81.57997, 36.07151 ], [ -81.74137, 36.08939 ], [ -81.75115, 36.04245 ], [ -81.78342, 36.046 ], [ -81.79316, 35.99905 ], [ -81.82541, 36.00259 ], [ -81.84482, 35.90866 ], [ -81.90925, 35.91571 ], [ -81.91889, 35.86873 ], [ -82.04769, 35.88273 ], [ -82.08943, 35.83922 ], [ -82.1311, 35.79569 ], [ -82.10843, 35.74522 ], [ -82.15949, 35.65466 ], [ -82.25583, 35.665 ], [ -82.2331, 35.61454 ], [ -82.25653, 35.49695 ], [ -82.2979, 35.45334 ], [ -82.42601, 35.46697 ], [ -82.40288, 35.58459 ], [ -82.46706, 35.59137 ], [ -82.48534, 35.66531 ], [ -82.5496, 35.67205 ], [ -82.52661, 35.78964 ], [ -82.5496, 35.84003 ], [ -82.71525, 35.8332 ], [ -82.73385, 35.90707 ], [ -82.78932, 35.96072 ], [ -82.70654, 36.04815 ], [ -82.69741, 36.09516 ], [ -82.60041, 36.08517 ], [ -82.5912, 36.13217 ], [ -82.42948, 36.11534 ], [ -82.40146, 36.25629 ], [ -82.2395, 36.23923 ], [ -82.16522, 36.2793 ], [ -82.12702, 36.46709 ], [ -82.09453, 36.46363 ], [ -82.08493, 36.51056 ], [ -82.04278, 36.55402 ], [ -82.01026, 36.55053 ], [ -82.0283, 36.6244 ], [ -82.15855, 36.63826 ], [ -82.2936, 36.62853 ], [ -82.34457, 36.70575 ], [ -82.47504, 36.7193 ], [ -82.50299, 36.74614 ], [ -82.48425, 36.84001 ], [ -82.54962, 36.84673 ], [ -82.61965, 36.82995 ], [ -82.62893, 36.78301 ], [ -82.6616, 36.78633 ], [ -82.67084, 36.73938 ], [ -82.80144, 36.75261 ], [ -82.77795, 36.70236 ], [ -82.97379, 36.72199 ], [ -83.07624, 36.7082 ], [ -83.20685, 36.72103 ], [ -83.3419, 36.71023 ], [ -83.35067, 36.66322 ], [ -83.4486, 36.67265 ], [ -83.45729, 36.62564 ], [ -83.55518, 36.63499 ], [ -83.57491, 36.70862 ], [ -83.49224, 36.79642 ], [ -83.6188, 36.83233 ], [ -83.63866, 36.90593 ], [ -83.62144, 36.99992 ], [ -83.48586, 37.01101 ], [ -83.28904, 36.99215 ], [ -83.23848, 37.08291 ], [ -83.11165, 37.04664 ], [ -82.94763, 37.03048 ], [ -82.80269, 37.08781 ], [ -82.74679, 37.20183 ], [ -82.80793, 37.23187 ], [ -82.7941, 37.30225 ], [ -82.66244, 37.28903 ], [ -82.6342, 37.26225 ], [ -82.40403, 37.23875 ], [ -82.33352, 37.2554 ], [ -82.28148, 37.34575 ], [ -82.18275, 37.33547 ], [ -82.13045, 37.42575 ], [ -81.99868, 37.41187 ], [ -81.98888, 37.45872 ], [ -81.81237, 37.65541 ], [ -81.91152, 37.66596 ], [ -81.93129, 37.57231 ], [ -82.03033, 37.58278 ], [ -82.08662, 37.63655 ], [ -82.06705, 37.73022 ], [ -81.92975, 37.73969 ], [ -81.9, 37.88013 ], [ -81.93316, 37.88363 ], [ -81.89005, 37.92693 ], [ -81.79052, 37.91636 ], [ -81.7473, 37.95962 ], [ -81.72212, 38.07657 ], [ -81.68381, 38.0964 ], [ -81.58406, 38.08569 ], [ -81.56365, 38.17921 ], [ -81.3307, 38.15389 ], [ -81.32032, 38.20063 ], [ -81.3869, 38.20791 ], [ -81.4047, 38.28165 ], [ -81.47137, 38.28889 ], [ -81.45074, 38.38236 ], [ -81.37359, 38.42185 ], [ -81.35799, 38.49193 ], [ -81.53037, 38.48664 ], [ -81.76456, 38.5116 ], [ -81.90348, 38.5023 ], [ -81.99893, 38.53616 ], [ -82.05724, 38.4227 ], [ -82.19593, 38.4131 ], [ -82.20573, 38.36631 ], [ -82.37287, 38.38335 ], [ -82.38254, 38.33655 ], [ -82.48759, 38.32326 ], [ -82.65469, 38.33995 ], [ -82.707, 38.2496 ], [ -82.77378, 38.2562 ], [ -82.82585, 38.16579 ], [ -82.92592, 38.17558 ], [ -82.9111, 38.07861 ], [ -83.04436, 38.09157 ], [ -83.08683, 38.04792 ], [ -83.08092, 37.90406 ], [ -83.28037, 37.9232 ], [ -83.38458, 37.90921 ], [ -83.41566, 37.74501 ], [ -83.45766, 37.70121 ], [ -83.72295, 37.72593 ], [ -83.69263, 37.8902 ], [ -83.75482, 37.91978 ], [ -83.74184, 37.99017 ], [ -83.84177, 37.99928 ], [ -83.95875, 37.91445 ], [ -83.97573, 37.82055 ], [ -84.05062, 37.77957 ], [ -84.15027, 37.78846 ], [ -84.20013, 37.69746 ], [ -84.23331, 37.7004 ], [ -84.24572, 37.62993 ], [ -84.2871, 37.58587 ], [ -84.3865, 37.59458 ], [ -84.46089, 37.55335 ], [ -84.51015, 37.46221 ], [ -84.64248, 37.47359 ], [ -84.77879, 37.46134 ], [ -84.80236, 37.32023 ], [ -84.85098, 37.22893 ], [ -84.75599, 37.19703 ], [ -84.67822, 37.26197 ], [ -84.44738, 37.24201 ], [ -84.41846, 37.21561 ], [ -84.4628, 36.9569 ], [ -84.53644, 36.91559 ], [ -84.54441, 36.86853 ], [ -84.7084, 36.88271 ], [ -84.77791, 36.86479 ], [ -84.7896, 36.79417 ], [ -84.86287, 36.75266 ], [ -84.96113, 36.76096 ], [ -85.03426, 36.71935 ], [ -85.04945, 36.62513 ], [ -85.02436, 36.57528 ], [ -85.04333, 36.45747 ], [ -85.11608, 36.41579 ], [ -85.1236, 36.36865 ], [ -85.25392, 36.37945 ], [ -85.29389, 36.33498 ], [ -85.30865, 36.24066 ], [ -85.41716, 36.17788 ], [ -85.43171, 36.08352 ], [ -85.38506, 35.96025 ], [ -85.41745, 35.96289 ], [ -85.43196, 35.86849 ], [ -85.41049, 35.79503 ], [ -85.50745, 35.80294 ], [ -85.58637, 35.71372 ], [ -85.65801, 35.67168 ], [ -85.67917, 35.52994 ], [ -85.77579, 35.53765 ], [ -85.78276, 35.49039 ], [ -85.85752, 35.42458 ], [ -85.87131, 35.33003 ], [ -85.8461, 35.2802 ], [ -85.95264, 35.21685 ], [ -85.96627, 35.12224 ], [ -85.87364, 35.09101 ], [ -85.79925, 35.15687 ], [ -85.64262, 35.12035 ], [ -85.63559, 35.16764 ], [ -85.50035, 35.20448 ], [ -85.48608, 35.29902 ], [ -85.41471, 35.341 ], [ -85.4039, 35.41188 ], [ -85.24608, 35.59015 ], [ -85.2249, 35.51661 ], [ -85.33963, 35.40656 ], [ -85.3505, 35.33569 ], [ -85.4219, 35.29374 ], [ -85.46831, 35.20184 ], [ -85.44701, 35.12829 ], [ -85.35099, 35.12032 ], [ -85.27972, 35.16225 ], [ -85.2331, 35.25408 ], [ -85.16163, 35.29593 ], [ -85.10734, 35.43493 ], [ -85.03187, 35.5003 ], [ -85.02439, 35.54751 ], [ -84.8691, 35.70167 ], [ -84.66916, 35.9235 ], [ -84.63682, 35.92066 ], [ -84.62902, 35.96781 ], [ -84.53194, 35.95925 ], [ -84.45931, 36.00065 ], [ -84.45138, 36.04778 ], [ -84.41899, 36.04489 ], [ -84.41103, 36.09202 ], [ -84.47587, 36.09779 ], [ -84.50434, 36.12423 ], [ -84.48454, 36.24204 ], [ -84.3506, 36.25402 ], [ -84.32244, 36.41886 ], [ -84.1922, 36.40714 ], [ -84.22472, 36.21877 ], [ -84.20038, 36.16872 ], [ -84.11915, 36.25701 ], [ -83.98512, 36.26862 ], [ -83.96921, 36.17144 ], [ -83.80289, 36.17986 ], [ -83.54354, 36.15524 ], [ -83.39661, 36.23684 ], [ -83.34675, 36.32777 ], [ -83.17997, 36.33539 ], [ -83.0959, 36.25523 ], [ -82.99862, 36.24553 ], [ -82.99752, 36.07769 ], [ -83.10785, 36.01682 ], [ -83.12111, 35.94624 ], [ -83.22237, 35.93233 ], [ -83.21799, 35.95586 ], [ -83.24154, 36.00611 ], [ -83.31924, 35.94186 ], [ -83.44627, 35.78653 ], [ -83.6397, 35.80521 ], [ -83.77708, 35.77038 ], [ -83.85817, 35.68222 ], [ -83.95889, 35.66772 ], [ -83.99929, 35.62359 ], [ -84.01565, 35.52929 ], [ -84.15633, 35.47046 ], [ -84.23659, 35.38201 ], [ -84.24458, 35.33482 ], [ -84.34076, 35.34361 ], [ -84.41277, 35.30223 ], [ -84.46051, 35.2107 ], [ -84.70245, 34.9208 ], [ -84.72151, 34.80263 ], [ -84.65785, 34.79697 ], [ -84.6655, 34.74969 ], [ -84.69731, 34.75253 ], [ -84.70492, 34.70524 ], [ -84.60957, 34.69672 ], [ -84.60573, 34.72036 ], [ -84.51037, 34.71176 ], [ -84.41503, 34.70308 ], [ -84.39889, 34.60563 ], [ -84.41448, 34.51107 ], [ -84.39059, 34.46087 ], [ -84.2956, 34.4521 ], [ -84.28774, 34.49939 ], [ -84.16105, 34.48758 ], [ -84.11342, 34.57915 ], [ -83.91916, 34.58476 ], [ -83.91103, 34.632 ], [ -83.75245, 34.61676 ], [ -83.70421, 34.70814 ], [ -83.57724, 34.69576 ], [ -83.45454, 34.65965 ], [ -83.41435, 34.70371 ], [ -83.40587, 34.75091 ], [ -83.33384, 34.79178 ], [ -83.23854, 34.78223 ], [ -83.16638, 34.823 ], [ -83.16205, 34.84658 ], [ -82.96359, 35.04259 ], [ -82.90429, 35.01248 ], [ -82.71325, 34.99268 ], [ -82.66339, 35.08358 ], [ -82.53593, 35.07018 ], [ -82.52682, 35.11728 ], [ -82.49037, 35.13745 ], [ -82.2991, 35.11704 ], [ -82.25794, 35.16069 ], [ -82.23462, 35.27835 ], [ -82.19716, 35.46655 ], [ -82.08217, 35.55022 ], [ -82.03585, 35.61726 ], [ -82.00723, 35.75828 ], [ -81.9108, 35.74776 ], [ -81.85934, 35.8382 ], [ -81.78528, 35.87809 ], [ -81.65653, 35.86384 ], [ -81.57738, 35.92709 ], [ -81.44859, 35.91263 ], [ -81.37922, 35.92882 ], [ -81.28265, 35.91784 ], [ -81.30477, 35.96843 ], [ -81.11158, 35.94629 ], [ -80.96742, 36.00171 ], [ -80.94679, 36.09549 ], [ -80.91454, 36.09173 ], [ -80.899, 36.16204 ], [ -80.96356, 36.16956 ], [ -80.94288, 36.2633 ], [ -80.86782, 36.30264 ], [ -80.80315, 36.29508 ], [ -80.74983, 36.38497 ], [ -80.62036, 36.36971 ], [ -80.60976, 36.41654 ], [ -80.35621, 36.3622 ], [ -80.34543, 36.409 ], [ -80.25902, 36.49478 ], [ -80.10753, 36.57258 ], [ -80.04205, 36.7089 ], [ -79.95488, 36.79442 ], [ -79.79792, 36.75099 ], [ -79.72167, 36.78963 ], [ -79.73729, 36.86375 ], [ -79.80238, 36.87183 ], [ -79.77425, 36.98861 ], [ -79.78433, 37.08605 ], [ -79.69067, 37.19469 ], [ -79.67929, 37.24136 ], [ -79.5082, 37.38837 ], [ -79.31158, 37.36363 ], [ -79.22264, 37.44857 ], [ -79.2109, 37.49519 ], [ -79.04094, 37.49753 ], [ -79.02312, 37.56742 ], [ -79.08881, 37.57584 ], [ -79.0532, 37.71562 ], [ -78.91558, 37.722 ], [ -78.75108, 37.70069 ], [ -78.70606, 37.74296 ], [ -78.66957, 37.88259 ], [ -78.60601, 37.99461 ], [ -78.71987, 38.08161 ], [ -78.83123, 38.0479 ], [ -78.83402, 38.1685 ], [ -78.8009, 38.16423 ] ], [ [ -82.66339, 35.08358 ], [ -82.75901, 35.09356 ], [ -82.74555, 35.16423 ], [ -82.67271, 35.20468 ], [ -82.60886, 35.198 ], [ -82.66339, 35.08358 ] ], [ [ -82.88087, 35.82617 ], [ -82.74747, 35.83652 ], [ -82.7334, 35.73911 ], [ -82.75603, 35.62147 ], [ -82.69179, 35.61484 ], [ -82.71444, 35.49718 ], [ -82.62283, 35.46365 ], [ -82.64101, 35.3695 ], [ -82.71404, 35.32907 ], [ -82.72306, 35.28198 ], [ -82.79596, 35.2415 ], [ -82.80938, 35.17084 ], [ -82.87322, 35.17742 ], [ -82.95476, 35.08972 ], [ -82.96359, 35.04259 ], [ -83.03609, 35.00195 ], [ -83.2402, 34.95053 ], [ -83.43127, 34.96955 ], [ -83.50765, 34.90505 ], [ -83.57131, 34.91129 ], [ -83.61987, 34.82 ], [ -83.69177, 34.77897 ], [ -83.8507, 34.79428 ], [ -83.80246, 34.88567 ], [ -83.67515, 34.87339 ], [ -83.65014, 35.01497 ], [ -83.7375, 35.07139 ], [ -83.83326, 35.08056 ], [ -83.81676, 35.17493 ], [ -83.8446, 35.20157 ], [ -84.03652, 35.21967 ], [ -84.04057, 35.19608 ], [ -84.16853, 35.20798 ], [ -84.15245, 35.30237 ], [ -84.08029, 35.34361 ], [ -84.06812, 35.41437 ], [ -83.97188, 35.40538 ], [ -83.97597, 35.3818 ], [ -83.78362, 35.36361 ], [ -83.83946, 35.41686 ], [ -83.82703, 35.48759 ], [ -83.883, 35.54081 ], [ -83.85087, 35.53778 ], [ -83.84258, 35.58492 ], [ -83.71399, 35.5727 ], [ -83.7056, 35.61983 ], [ -83.67344, 35.61675 ], [ -83.62439, 35.7079 ], [ -83.56849, 35.65459 ], [ -83.56424, 35.67814 ], [ -83.40335, 35.6625 ], [ -83.33037, 35.70329 ], [ -83.32171, 35.75038 ], [ -83.18853, 35.76118 ], [ -83.12412, 35.75477 ], [ -83.07425, 35.84568 ], [ -82.88087, 35.82617 ] ], [ [ -84.0536, 34.74154 ], [ -84.04554, 34.78878 ], [ -83.95015, 34.77976 ], [ -83.93057, 34.70589 ], [ -84.0536, 34.74154 ] ], [ [ -83.83742, 36.54196 ], [ -83.911, 36.50096 ], [ -83.88168, 36.66562 ], [ -83.78793, 36.633 ], [ -83.83742, 36.54196 ] ], [ [ -83.98843, 37.75012 ], [ -83.99688, 37.70316 ], [ -84.09641, 37.71209 ], [ -84.08803, 37.75906 ], [ -83.98843, 37.75012 ] ], [ [ -79.59511, 37.44729 ], [ -79.63786, 37.54873 ], [ -79.44072, 37.52419 ], [ -79.44651, 37.50087 ], [ -79.51219, 37.50908 ], [ -79.51796, 37.48576 ], [ -79.4909, 37.45834 ], [ -79.58937, 37.47061 ], [ -79.59511, 37.44729 ] ] ], [ [ [ -83.40999, 35.08747 ], [ -83.30569, 35.12514 ], [ -83.31613, 35.24618 ], [ -83.47178, 35.28551 ], [ -83.46327, 35.33265 ], [ -83.49529, 35.33579 ], [ -83.48679, 35.38292 ], [ -83.45475, 35.37979 ], [ -83.44194, 35.45049 ], [ -83.63443, 35.46918 ], [ -83.63864, 35.44561 ], [ -83.7349, 35.45485 ], [ -83.71535, 35.38106 ], [ -83.58716, 35.3687 ], [ -83.50378, 35.28864 ], [ -83.5165, 35.21791 ], [ -83.45257, 35.21165 ], [ -83.47381, 35.09376 ], [ -83.40999, 35.08747 ] ] ], [ [ [ -80.19263, 37.20789 ], [ -80.09444, 37.19606 ], [ -80.0889, 37.21942 ], [ -80.05616, 37.21545 ], [ -80.02833, 37.33222 ], [ -80.12671, 37.34409 ], [ -80.14332, 37.27403 ], [ -80.24713, 37.26246 ], [ -80.26908, 37.16901 ], [ -80.20365, 37.16117 ], [ -80.19263, 37.20789 ] ] ], [ [ [ -78.71987, 38.08161 ], [ -78.65373, 38.07301 ], [ -78.62922, 38.16605 ], [ -78.57149, 38.25475 ], [ -78.67709, 38.24443 ], [ -78.71987, 38.08161 ] ] ], [ [ [ -78.52598, 38.29692 ], [ -78.55915, 38.30125 ], [ -78.57149, 38.25475 ], [ -78.53834, 38.25042 ], [ -78.52598, 38.29692 ] ] ], [ [ [ -77.87414, 38.66761 ], [ -77.8279, 38.70951 ], [ -77.82889, 38.83001 ], [ -78.03572, 38.83367 ], [ -78.04853, 38.78725 ], [ -78.1487, 38.80056 ], [ -78.16142, 38.75413 ], [ -78.1948, 38.75855 ], [ -78.22014, 38.66567 ], [ -78.25347, 38.67008 ], [ -78.26609, 38.62363 ], [ -78.29941, 38.62802 ], [ -78.3057, 38.60479 ], [ -78.2724, 38.6004 ], [ -78.29128, 38.53072 ], [ -78.32456, 38.53511 ], [ -78.34337, 38.46541 ], [ -78.37661, 38.46979 ], [ -78.38911, 38.42332 ], [ -78.42233, 38.42768 ], [ -78.43479, 38.3812 ], [ -78.468, 38.38555 ], [ -78.47421, 38.36231 ], [ -78.49281, 38.29258 ], [ -78.45965, 38.28823 ], [ -78.44723, 38.33472 ], [ -78.3477, 38.32162 ], [ -78.20413, 38.47106 ], [ -78.13767, 38.46222 ], [ -78.04575, 38.54623 ], [ -78.02661, 38.61587 ], [ -77.94077, 38.67657 ], [ -77.87414, 38.66761 ] ] ], [ [ [ -78.4972, 38.53368 ], [ -78.45146, 38.57581 ], [ -78.48695, 38.70067 ], [ -78.49941, 38.6542 ], [ -78.56611, 38.66286 ], [ -78.59708, 38.54666 ], [ -78.4972, 38.53368 ] ] ], [ [ [ -74.59392, 39.46719 ], [ -74.5296, 39.55393 ], [ -74.53995, 39.62825 ], [ -74.60707, 39.63883 ], [ -74.63016, 39.5698 ], [ -74.69723, 39.58034 ], [ -74.7796, 39.54481 ], [ -74.87707, 39.46317 ], [ -74.90738, 39.37105 ], [ -74.94084, 39.37626 ], [ -74.95594, 39.33019 ], [ -74.845, 39.24024 ], [ -74.75544, 39.29885 ], [ -74.73258, 39.36792 ], [ -74.65806, 39.38042 ], [ -74.62739, 39.47248 ], [ -74.59392, 39.46719 ] ] ], [ [ [ -74.40093, 39.41233 ], [ -74.31852, 39.44764 ], [ -74.41887, 39.46366 ], [ -74.43436, 39.41766 ], [ -74.40093, 39.41233 ] ] ], [ [ [ -74.15756, 39.71275 ], [ -74.09045, 39.70196 ], [ -74.08451, 39.82224 ], [ -74.15756, 39.71275 ] ] ] ] } },
{ "type": "Feature", "properties": { "ID": 34 }, "geometry": { "type": "MultiPolygon", "coordinates": [ [ [ [ -102.17536, 35.69947 ], [ -102.0257, 35.84935 ], [ -102.02777, 35.87305 ], [ -102.09274, 35.87002 ], [ -102.11893, 35.79738 ], [ -102.18383, 35.7943 ], [ -102.17536, 35.69947 ] ] ], [ [ [ -99.5261, 36.03631 ], [ -99.53461, 36.20237 ], [ -99.66409, 36.17505 ], [ -99.65905, 36.08016 ], [ -99.75693, 36.07738 ], [ -99.75305, 36.00621 ], [ -99.62392, 36.03363 ], [ -99.5261, 36.03631 ] ] ], [ [ [ -100.3312, 37.41247 ], [ -100.35987, 37.34041 ], [ -100.45954, 37.33711 ], [ -100.45642, 37.28979 ], [ -100.72198, 37.28062 ], [ -100.7253, 37.32793 ], [ -100.85814, 37.32314 ], [ -100.92802, 37.368 ], [ -100.96822, 37.46137 ], [ -101.06804, 37.45761 ], [ -101.0716, 37.5049 ], [ -101.17148, 37.50106 ], [ -101.17512, 37.54835 ], [ -101.4749, 37.53638 ], [ -101.53567, 37.46272 ], [ -101.70198, 37.45571 ], [ -101.74331, 37.54882 ], [ -101.84321, 37.54448 ], [ -101.8391, 37.49721 ], [ -101.9722, 37.49132 ], [ -102.00336, 37.46619 ], [ -101.99493, 37.37166 ], [ -102.09242, 37.34349 ], [ -102.15449, 37.29316 ], [ -102.15018, 37.24589 ], [ -102.28055, 37.21604 ], [ -102.41305, 37.2097 ], [ -102.40857, 37.16243 ], [ -102.53866, 37.13233 ], [ -102.53409, 37.08505 ], [ -102.63326, 37.08012 ], [ -102.62863, 37.03284 ], [ -102.79139, 37.00082 ], [ -102.85024, 36.9265 ], [ -102.84547, 36.87922 ], [ -102.74661, 36.88431 ], [ -102.74192, 36.83702 ], [ -102.67141, 36.79308 ], [ -102.53974, 36.79968 ], [ -102.5023, 36.754 ], [ -102.55897, 36.65612 ], [ -102.54081, 36.46683 ], [ -102.63449, 36.41455 ], [ -102.65571, 36.29454 ], [ -102.61847, 36.24886 ], [ -102.45518, 36.25703 ], [ -102.41809, 36.21129 ], [ -102.40925, 36.11656 ], [ -102.37226, 36.07079 ], [ -102.24195, 36.0771 ], [ -102.22008, 36.19709 ], [ -102.12216, 36.20172 ], [ -102.05061, 36.13371 ], [ -101.97509, 36.01825 ], [ -101.97304, 35.99456 ], [ -101.912, 36.04492 ], [ -101.74912, 36.05222 ], [ -101.65332, 36.0802 ], [ -101.65722, 36.12759 ], [ -101.49601, 36.15827 ], [ -101.47091, 36.25442 ], [ -101.34202, 36.28352 ], [ -101.21122, 36.2888 ], [ -101.16959, 36.17161 ], [ -101.09727, 36.07937 ], [ -100.99944, 36.08316 ], [ -100.996, 36.03574 ], [ -100.63748, 36.04901 ], [ -100.63908, 36.07272 ], [ -100.4434, 36.07954 ], [ -100.33956, 35.98797 ], [ -100.04635, 35.99742 ], [ -100.04913, 36.04486 ], [ -99.98392, 36.04687 ], [ -99.98666, 36.09431 ], [ -99.95403, 36.09531 ], [ -99.95267, 36.07159 ], [ -99.92005, 36.07257 ], [ -99.92816, 36.21488 ], [ -99.9677, 36.33244 ], [ -99.84069, 36.40747 ], [ -99.84602, 36.50228 ], [ -99.91438, 36.54774 ], [ -100.01292, 36.54477 ], [ -100.01571, 36.59216 ], [ -100.2129, 36.58599 ], [ -100.25313, 36.70338 ], [ -100.41771, 36.69796 ], [ -100.45372, 36.74422 ], [ -100.45992, 36.83895 ], [ -100.32799, 36.84334 ], [ -100.33252, 36.91438 ], [ -100.40162, 36.95955 ], [ -100.53377, 36.95508 ], [ -100.5401, 37.04977 ], [ -100.4424, 37.0768 ], [ -100.41548, 37.17258 ], [ -100.31604, 37.17585 ], [ -100.2874, 37.24792 ], [ -100.12147, 37.25317 ], [ -100.12436, 37.3005 ], [ -100.02473, 37.30356 ], [ -99.98871, 37.25723 ], [ -99.82274, 37.2621 ], [ -99.69125, 37.28953 ], [ -99.69643, 37.38419 ], [ -99.59791, 37.41059 ], [ -99.79753, 37.40505 ], [ -99.86, 37.33214 ], [ -100.19225, 37.32209 ], [ -100.19519, 37.36941 ], [ -100.26467, 37.41462 ], [ -100.3312, 37.41247 ] ] ], [ [ [ -94.25938, 37.80294 ], [ -94.32458, 37.87478 ], [ -94.45867, 37.87638 ], [ -94.49059, 37.94774 ], [ -94.79264, 37.95079 ], [ -94.92728, 37.92827 ], [ -94.99509, 37.88147 ], [ -94.9958, 37.83414 ], [ -95.09632, 37.83486 ], [ -95.13105, 37.74041 ], [ -95.26489, 37.74121 ], [ -95.26437, 37.78855 ], [ -95.33087, 37.83623 ], [ -95.53191, 37.83708 ], [ -95.59921, 37.78997 ], [ -95.5995, 37.74263 ], [ -96.00103, 37.74323 ], [ -96.16828, 37.71946 ], [ -96.20194, 37.79041 ], [ -96.33588, 37.79015 ], [ -96.33565, 37.74281 ], [ -96.46949, 37.74241 ], [ -96.46833, 37.57671 ], [ -96.50118, 37.50556 ], [ -96.6679, 37.50483 ], [ -96.70198, 37.57569 ], [ -96.70297, 37.67038 ], [ -96.80409, 37.74082 ], [ -97.07176, 37.73895 ], [ -97.07062, 37.66794 ], [ -97.0372, 37.6682 ], [ -96.96899, 37.57402 ], [ -96.96797, 37.50299 ], [ -96.90129, 37.50346 ], [ -96.93332, 37.40851 ], [ -96.93103, 37.24273 ], [ -96.8646, 37.24317 ], [ -96.79734, 37.17252 ], [ -96.79567, 37.03036 ], [ -96.663, 37.00739 ], [ -96.59743, 37.0788 ], [ -96.59827, 37.17357 ], [ -96.53209, 37.19754 ], [ -96.00102, 37.19861 ], [ -96.00102, 37.24599 ], [ -95.56923, 37.24529 ], [ -95.56953, 37.19791 ], [ -95.33719, 37.19695 ], [ -95.20471, 37.17254 ], [ -95.13745, 37.24319 ], [ -95.03815, 37.21882 ], [ -94.90535, 37.21779 ], [ -94.90611, 37.17041 ], [ -94.50802, 37.16653 ], [ -94.51063, 37.04808 ], [ -94.57686, 37.04881 ], [ -94.57785, 37.00142 ], [ -94.61094, 37.00177 ], [ -94.61336, 36.88327 ], [ -94.54831, 36.83516 ], [ -94.55184, 36.66921 ], [ -94.48703, 36.62105 ], [ -94.38831, 36.61988 ], [ -94.39166, 36.47759 ], [ -94.42504, 36.45427 ], [ -94.42994, 36.24074 ], [ -94.26632, 36.23868 ], [ -94.26512, 36.28613 ], [ -94.19838, 36.3327 ], [ -94.03455, 36.33034 ], [ -94.02842, 36.54381 ], [ -94.09416, 36.54478 ], [ -94.08952, 36.71075 ], [ -94.05657, 36.71027 ], [ -94.05319, 36.82879 ], [ -94.1146, 36.99563 ], [ -94.07883, 37.08992 ], [ -94.07547, 37.20836 ], [ -94.14185, 37.2093 ], [ -94.13859, 37.32772 ], [ -94.20067, 37.49437 ], [ -94.26673, 37.51893 ], [ -94.25938, 37.80294 ] ] ], [ [ [ -99.59791, 37.41059 ], [ -99.36498, 37.41668 ], [ -99.36262, 37.36934 ], [ -99.19634, 37.37344 ], [ -99.13752, 37.54069 ], [ -99.03749, 37.543 ], [ -99.03963, 37.59032 ], [ -99.1731, 37.58722 ], [ -99.30074, 37.46567 ], [ -99.60044, 37.45792 ], [ -99.59791, 37.41059 ] ] ], [ [ [ -98.90615, 37.59329 ], [ -98.90411, 37.54597 ], [ -98.80406, 37.5481 ], [ -98.80801, 37.64276 ], [ -98.77559, 37.66712 ], [ -98.84241, 37.66572 ], [ -98.83941, 37.59473 ], [ -98.90615, 37.59329 ] ] ], [ [ [ -98.74509, 37.73879 ], [ -98.74412, 37.71513 ], [ -98.67725, 37.71648 ], [ -98.6782, 37.74014 ], [ -98.74509, 37.73879 ] ] ], [ [ [ -94.00799, 36.11629 ], [ -93.87734, 36.11423 ], [ -93.87588, 36.16169 ], [ -93.77783, 36.16006 ], [ -93.77629, 36.20752 ], [ -93.84021, 36.25607 ], [ -94.03659, 36.25917 ], [ -94.0393, 36.16425 ], [ -94.00661, 36.16375 ], [ -94.00799, 36.11629 ] ] ], [ [ [ -87.00782, 37.58306 ], [ -87.00149, 37.6302 ], [ -87.10127, 37.63689 ], [ -87.05857, 37.70537 ], [ -87.04595, 37.79962 ], [ -87.21578, 37.78711 ], [ -87.22507, 37.71641 ], [ -87.16469, 37.66488 ], [ -87.23742, 37.62213 ], [ -87.29781, 37.67363 ], [ -87.27631, 37.83861 ], [ -87.33999, 37.8665 ], [ -87.32774, 37.96076 ], [ -87.45846, 37.9929 ], [ -87.45241, 38.04002 ], [ -87.58632, 38.04848 ], [ -87.6651, 37.95839 ], [ -87.67099, 37.91125 ], [ -87.93839, 37.92759 ], [ -88.06933, 37.95914 ], [ -88.08054, 37.86482 ], [ -88.15012, 37.84517 ], [ -88.1612, 37.75083 ], [ -88.32527, 37.78409 ], [ -88.52554, 37.79543 ], [ -88.53081, 37.74824 ], [ -88.6309, 37.75379 ], [ -88.70278, 37.71025 ], [ -88.67718, 37.63763 ], [ -88.37747, 37.62085 ], [ -88.28031, 37.59151 ], [ -88.28574, 37.54432 ], [ -88.38551, 37.55005 ], [ -88.39086, 37.50285 ], [ -88.49057, 37.50851 ], [ -88.5343, 37.41596 ], [ -88.66453, 37.44695 ], [ -88.99677, 37.46484 ], [ -89.09404, 37.49367 ], [ -89.23656, 37.40601 ], [ -89.24367, 37.33515 ], [ -89.34321, 37.34017 ], [ -89.33152, 37.45829 ], [ -89.42662, 37.51049 ], [ -89.45298, 37.58298 ], [ -89.44376, 37.67745 ], [ -89.4702, 37.74992 ], [ -89.53698, 37.75316 ], [ -89.5529, 37.58784 ], [ -89.59522, 37.49496 ], [ -89.70386, 37.40521 ], [ -89.80353, 37.40989 ], [ -89.84971, 37.26962 ], [ -89.91816, 37.24904 ], [ -89.95977, 37.15598 ], [ -90.0922, 37.16195 ], [ -90.1625, 37.11759 ], [ -90.20167, 37.04809 ], [ -90.33391, 37.05382 ], [ -90.365, 37.07889 ], [ -90.49731, 37.08445 ], [ -90.50116, 37.03714 ], [ -90.69953, 37.04523 ], [ -90.71245, 36.87959 ], [ -90.8756, 36.90976 ], [ -90.9015, 37.0057 ], [ -91.03198, 37.0344 ], [ -91.02851, 37.08172 ], [ -91.12778, 37.08541 ], [ -91.16425, 37.0393 ], [ -91.1794, 36.82626 ], [ -91.24203, 36.876 ], [ -91.37401, 36.88069 ], [ -91.47458, 36.86045 ], [ -91.47301, 36.88413 ], [ -91.5751, 36.84013 ], [ -91.67405, 36.84341 ], [ -91.67706, 36.79604 ], [ -91.77595, 36.79925 ], [ -91.77888, 36.75188 ], [ -92.1413, 36.76299 ], [ -92.13458, 36.88142 ], [ -92.33266, 36.88707 ], [ -92.33138, 36.91076 ], [ -92.52956, 36.91611 ], [ -92.53197, 36.86874 ], [ -92.49896, 36.86786 ], [ -92.50018, 36.84418 ], [ -92.53318, 36.84505 ], [ -92.53559, 36.79767 ], [ -92.63335, 36.82392 ], [ -92.7983, 36.82802 ], [ -92.79607, 36.87541 ], [ -93.0272, 36.88081 ], [ -93.02927, 36.83343 ], [ -93.29327, 36.8391 ], [ -93.29704, 36.74431 ], [ -93.33185, 36.69758 ], [ -93.43066, 36.69955 ], [ -93.42709, 36.79435 ], [ -93.4244, 36.86544 ], [ -93.49043, 36.86671 ], [ -93.49131, 36.84302 ], [ -93.59033, 36.84486 ], [ -93.59201, 36.79746 ], [ -93.69177, 36.77553 ], [ -93.66124, 36.70384 ], [ -93.69818, 36.58589 ], [ -93.79684, 36.58758 ], [ -93.83123, 36.5407 ], [ -93.80217, 36.42158 ], [ -93.70376, 36.41989 ], [ -93.67417, 36.32443 ], [ -93.50952, 36.34514 ], [ -93.11635, 36.33707 ], [ -93.11436, 36.3845 ], [ -93.08158, 36.38378 ], [ -93.11336, 36.40822 ], [ -93.10936, 36.50307 ], [ -93.07348, 36.57346 ], [ -93.00877, 36.54827 ], [ -92.71306, 36.54121 ], [ -92.71078, 36.58861 ], [ -92.57928, 36.58526 ], [ -92.5512, 36.48958 ], [ -92.38833, 36.46146 ], [ -92.38457, 36.53257 ], [ -92.22167, 36.50425 ], [ -92.22428, 36.45684 ], [ -92.09306, 36.453 ], [ -92.02884, 36.42732 ], [ -92.03433, 36.3325 ], [ -91.90336, 36.32847 ], [ -91.83212, 36.42122 ], [ -91.70099, 36.41698 ], [ -91.69801, 36.46438 ], [ -91.46842, 36.45664 ], [ -91.47156, 36.40925 ], [ -91.34048, 36.40465 ], [ -91.33725, 36.45204 ], [ -91.26512, 36.54446 ], [ -90.96966, 36.53347 ], [ -90.96617, 36.58084 ], [ -90.86764, 36.57703 ], [ -90.86408, 36.62439 ], [ -90.63406, 36.6152 ], [ -90.63033, 36.66255 ], [ -90.5317, 36.65849 ], [ -90.5279, 36.70583 ], [ -90.46211, 36.70308 ], [ -90.42146, 36.79637 ], [ -90.25679, 36.78929 ], [ -90.25279, 36.83662 ], [ -90.05508, 36.82785 ], [ -89.99129, 36.80121 ], [ -89.92119, 36.8455 ], [ -89.7894, 36.83936 ], [ -89.77423, 37.00492 ], [ -89.5761, 36.99544 ], [ -89.53406, 37.0884 ], [ -89.20353, 37.07184 ], [ -89.19878, 37.1191 ], [ -89.13265, 37.11569 ], [ -89.12785, 37.16295 ], [ -88.99551, 37.15602 ], [ -89.0359, 37.08688 ], [ -89.04804, 36.96871 ], [ -88.91609, 36.9617 ], [ -88.87814, 37.00719 ], [ -88.86071, 37.17258 ], [ -88.52994, 37.15435 ], [ -88.52733, 37.17796 ], [ -88.16357, 37.15694 ], [ -88.03414, 37.12544 ], [ -88.00947, 37.05262 ], [ -87.94347, 37.04861 ], [ -87.92456, 36.92853 ], [ -87.79282, 36.9204 ], [ -87.80423, 36.82594 ], [ -87.90853, 36.7848 ], [ -87.88976, 36.66466 ], [ -87.82414, 36.66059 ], [ -87.8383, 36.54245 ], [ -87.80555, 36.5404 ], [ -87.74577, 36.48903 ], [ -87.74005, 36.53629 ], [ -87.60908, 36.52797 ], [ -87.61199, 36.50434 ], [ -87.44838, 36.49376 ], [ -87.4752, 36.54314 ], [ -87.46337, 36.63762 ], [ -87.29947, 36.62686 ], [ -87.3055, 36.57962 ], [ -87.20725, 36.57307 ], [ -87.21029, 36.54946 ], [ -86.91576, 36.52936 ], [ -86.91261, 36.55297 ], [ -86.68357, 36.53688 ], [ -86.67711, 36.58409 ], [ -86.51347, 36.57234 ], [ -86.50689, 36.61954 ], [ -86.43146, 36.68556 ], [ -86.42149, 36.75633 ], [ -86.34246, 36.84587 ], [ -86.24053, 36.86218 ], [ -86.23374, 36.90933 ], [ -86.11449, 37.04341 ], [ -86.24285, 37.07679 ], [ -86.23603, 37.12392 ], [ -86.40096, 37.136 ], [ -86.47028, 37.1172 ], [ -86.65156, 37.01109 ], [ -86.69099, 36.96624 ], [ -86.7104, 36.82471 ], [ -86.80897, 36.83163 ], [ -86.79617, 36.926 ], [ -86.81628, 37.02265 ], [ -86.86945, 37.12156 ], [ -86.82364, 37.2136 ], [ -86.72451, 37.2067 ], [ -86.71152, 37.30099 ], [ -86.80756, 37.33148 ], [ -86.79467, 37.42577 ], [ -86.81815, 37.49877 ], [ -86.91771, 37.5056 ], [ -86.94136, 37.57856 ], [ -87.00782, 37.58306 ] ], [ [ -93.3036, 36.57838 ], [ -93.30547, 36.53097 ], [ -93.53547, 36.53548 ], [ -93.53205, 36.63032 ], [ -93.23593, 36.62443 ], [ -93.3036, 36.57838 ] ], [ [ -87.02655, 36.94188 ], [ -86.99676, 36.91604 ], [ -87.00928, 36.82165 ], [ -87.20648, 36.83497 ], [ -87.26616, 36.88656 ], [ -87.28996, 36.95954 ], [ -87.21798, 37.00237 ], [ -87.17271, 37.09455 ], [ -87.00775, 37.08343 ], [ -87.02655, 36.94188 ] ] ], [ [ [ -89.32726, 37.83777 ], [ -89.37005, 37.74499 ], [ -89.23893, 37.7147 ], [ -89.24369, 37.66748 ], [ -89.07702, 37.65895 ], [ -89.00543, 37.70269 ], [ -88.96216, 37.79536 ], [ -88.99309, 37.82071 ], [ -89.16015, 37.82934 ], [ -89.15532, 37.87655 ], [ -89.32254, 37.88498 ], [ -89.32726, 37.83777 ] ] ], [ [ [ -85.56691, 38.21597 ], [ -85.61548, 38.33869 ], [ -85.78694, 38.328 ], [ -85.82773, 38.28351 ], [ -85.83135, 38.26 ], [ -85.86487, 38.26253 ], [ -85.87925, 38.16847 ], [ -85.91273, 38.17098 ], [ -85.91988, 38.12394 ], [ -85.78605, 38.11383 ], [ -85.78243, 38.13735 ], [ -85.58169, 38.12193 ], [ -85.56691, 38.21597 ] ] ], [ [ [ -77.0279, 38.96059 ], [ -77.08832, 38.87265 ], [ -77.15505, 38.882 ], [ -77.22192, 38.77082 ], [ -77.05539, 38.74747 ], [ -76.99504, 38.83541 ], [ -76.92838, 38.82598 ], [ -76.86096, 38.937 ], [ -76.9141, 38.99276 ], [ -77.0279, 38.96059 ] ] ], [ [ [ -76.40165, 39.30541 ], [ -76.45469, 39.36132 ], [ -76.62257, 39.38538 ], [ -76.66426, 39.24664 ], [ -76.66541, 39.12621 ], [ -76.56505, 39.11182 ], [ -76.51069, 39.17638 ], [ -76.41029, 39.16187 ], [ -76.43675, 39.18983 ], [ -76.40165, 39.30541 ] ] ] ] } },
{ "type": "Feature", "properties": { "ID": 35 }, "geometry": { "type": "MultiPolygon", "coordinates": [ [ [ [ -97.13867, 37.73839 ], [ -97.13948, 37.78573 ], [ -97.23992, 37.78483 ], [ -97.24079, 37.83216 ], [ -97.3413, 37.8312 ], [ -97.34225, 37.87852 ], [ -97.44283, 37.87748 ], [ -97.44181, 37.83015 ], [ -97.67631, 37.82743 ], [ -97.71222, 37.92165 ], [ -97.78057, 37.96809 ], [ -97.9491, 37.98942 ], [ -98.01411, 37.91746 ], [ -98.28243, 37.91317 ], [ -98.28081, 37.86586 ], [ -98.38135, 37.86411 ], [ -98.4123, 37.79254 ], [ -98.51273, 37.7907 ], [ -98.51095, 37.74338 ], [ -98.6782, 37.74014 ], [ -98.67725, 37.71648 ], [ -98.74412, 37.71513 ], [ -98.77559, 37.66712 ], [ -98.80801, 37.64276 ], [ -98.80406, 37.5481 ], [ -98.90411, 37.54597 ], [ -98.90615, 37.59329 ], [ -99.03963, 37.59032 ], [ -99.03749, 37.543 ], [ -99.13752, 37.54069 ], [ -99.19634, 37.37344 ], [ -99.36262, 37.36934 ], [ -99.36498, 37.41668 ], [ -99.59791, 37.41059 ], [ -99.69643, 37.38419 ], [ -99.69125, 37.28953 ], [ -99.82274, 37.2621 ], [ -99.98871, 37.25723 ], [ -100.02473, 37.30356 ], [ -100.12436, 37.3005 ], [ -100.12147, 37.25317 ], [ -100.2874, 37.24792 ], [ -100.31604, 37.17585 ], [ -100.41548, 37.17258 ], [ -100.4424, 37.0768 ], [ -100.5401, 37.04977 ], [ -100.53377, 36.95508 ], [ -100.40162, 36.95955 ], [ -100.33252, 36.91438 ], [ -100.32799, 36.84334 ], [ -100.45992, 36.83895 ], [ -100.45372, 36.74422 ], [ -100.41771, 36.69796 ], [ -100.25313, 36.70338 ], [ -100.2129, 36.58599 ], [ -100.01571, 36.59216 ], [ -100.01292, 36.54477 ], [ -99.91438, 36.54774 ], [ -99.84602, 36.50228 ], [ -99.84069, 36.40747 ], [ -99.9677, 36.33244 ], [ -99.92816, 36.21488 ], [ -99.91331, 35.95396 ], [ -100.00962, 35.92725 ], [ -100.00687, 35.8798 ], [ -99.84421, 35.88472 ], [ -99.83237, 35.67109 ], [ -99.76235, 35.57802 ], [ -99.75593, 35.45928 ], [ -100.04692, 35.45047 ], [ -100.13966, 35.37614 ], [ -100.23653, 35.37299 ], [ -100.23365, 35.32549 ], [ -99.84637, 35.33764 ], [ -99.84899, 35.38515 ], [ -99.72105, 35.41271 ], [ -99.36554, 35.42248 ], [ -99.40134, 35.4929 ], [ -99.56311, 35.48853 ], [ -99.59915, 35.55889 ], [ -99.53801, 35.63192 ], [ -99.47436, 35.65742 ], [ -99.34462, 35.66084 ], [ -99.2775, 35.615 ], [ -99.24176, 35.54457 ], [ -99.177, 35.54618 ], [ -99.18026, 35.61743 ], [ -99.11755, 35.66651 ], [ -98.89045, 35.67178 ], [ -98.88847, 35.62428 ], [ -98.62907, 35.62981 ], [ -98.56508, 35.65486 ], [ -98.40205, 35.63422 ], [ -98.40617, 35.75298 ], [ -98.47114, 35.75176 ], [ -98.47369, 35.823 ], [ -98.4103, 35.87171 ], [ -98.4462, 35.96606 ], [ -98.45464, 36.20338 ], [ -98.38759, 36.15714 ], [ -98.25687, 36.15946 ], [ -98.19, 36.11312 ], [ -98.09129, 36.09099 ], [ -97.96069, 36.09302 ], [ -97.93003, 36.16471 ], [ -97.79928, 36.16657 ], [ -97.80053, 36.21404 ], [ -97.4734, 36.21813 ], [ -97.40846, 36.24259 ], [ -97.4104, 36.3375 ], [ -97.37858, 36.38529 ], [ -97.21461, 36.38692 ], [ -97.18222, 36.41094 ], [ -97.05099, 36.41206 ], [ -97.05026, 36.36461 ], [ -96.75517, 36.36664 ], [ -96.7557, 36.41409 ], [ -96.59164, 36.41494 ], [ -96.59123, 36.36749 ], [ -96.49269, 36.34417 ], [ -96.36158, 36.34459 ], [ -96.32891, 36.36841 ], [ -95.96822, 36.36882 ], [ -95.9682, 36.41627 ], [ -95.86976, 36.41621 ], [ -95.86967, 36.46365 ], [ -95.70549, 36.46339 ], [ -95.64044, 36.3446 ], [ -95.54211, 36.34429 ], [ -95.51001, 36.24925 ], [ -95.37908, 36.2487 ], [ -95.37865, 36.29616 ], [ -95.28039, 36.29566 ], [ -95.21406, 36.36646 ], [ -95.18014, 36.46116 ], [ -95.11386, 36.50817 ], [ -95.081, 36.50795 ], [ -95.08005, 36.5791 ], [ -95.01358, 36.62605 ], [ -94.94776, 36.62554 ], [ -94.94666, 36.69668 ], [ -94.87921, 36.79097 ], [ -94.84462, 36.8855 ], [ -94.77854, 36.8849 ], [ -94.67621, 37.04984 ], [ -94.51063, 37.04808 ], [ -94.50802, 37.16653 ], [ -94.90611, 37.17041 ], [ -94.90535, 37.21779 ], [ -95.03815, 37.21882 ], [ -95.13745, 37.24319 ], [ -95.20471, 37.17254 ], [ -95.33719, 37.19695 ], [ -95.56953, 37.19791 ], [ -95.56923, 37.24529 ], [ -96.00102, 37.24599 ], [ -96.00102, 37.19861 ], [ -96.53209, 37.19754 ], [ -96.59827, 37.17357 ], [ -96.59743, 37.0788 ], [ -96.663, 37.00739 ], [ -96.79567, 37.03036 ], [ -96.79734, 37.17252 ], [ -96.8646, 37.24317 ], [ -96.93103, 37.24273 ], [ -96.93332, 37.40851 ], [ -96.90129, 37.50346 ], [ -96.96797, 37.50299 ], [ -96.96899, 37.57402 ], [ -97.0372, 37.6682 ], [ -97.07062, 37.66794 ], [ -97.07176, 37.73895 ], [ -97.13867, 37.73839 ] ], [ [ -99.75693, 36.07738 ], [ -99.65905, 36.08016 ], [ -99.66409, 36.17505 ], [ -99.53461, 36.20237 ], [ -99.5261, 36.03631 ], [ -99.59131, 36.03453 ], [ -99.58515, 35.91589 ], [ -99.74789, 35.9113 ], [ -99.75693, 36.07738 ] ], [ [ -95.37563, 36.62827 ], [ -95.34226, 36.67553 ], [ -95.24345, 36.675 ], [ -95.2445, 36.58015 ], [ -95.34363, 36.53324 ], [ -95.37563, 36.62827 ] ], [ [ -95.0455, 36.69743 ], [ -95.17729, 36.69832 ], [ -95.17614, 36.79316 ], [ -95.04417, 36.79227 ], [ -95.0455, 36.69743 ] ] ], [ [ [ -89.19878, 37.1191 ], [ -89.20353, 37.07184 ], [ -89.53406, 37.0884 ], [ -89.5761, 36.99544 ], [ -89.77423, 37.00492 ], [ -89.7894, 36.83936 ], [ -89.92119, 36.8455 ], [ -89.99129, 36.80121 ], [ -90.05508, 36.82785 ], [ -90.25279, 36.83662 ], [ -90.25679, 36.78929 ], [ -90.42146, 36.79637 ], [ -90.46211, 36.70308 ], [ -90.42922, 36.70169 ], [ -90.33251, 36.67381 ], [ -90.33644, 36.62646 ], [ -90.20503, 36.62073 ], [ -90.0757, 36.5912 ], [ -90.10025, 36.30708 ], [ -90.13902, 36.23749 ], [ -90.20636, 36.21672 ], [ -90.1737, 36.21527 ], [ -90.17772, 36.16789 ], [ -90.0472, 36.16199 ], [ -90.04309, 36.20937 ], [ -89.96947, 36.30111 ], [ -89.70799, 36.28878 ], [ -89.70364, 36.33614 ], [ -89.79961, 36.3645 ], [ -89.9305, 36.37064 ], [ -89.91155, 36.5837 ], [ -89.84591, 36.58064 ], [ -89.80449, 36.67375 ], [ -89.64018, 36.6659 ], [ -89.54609, 36.61378 ], [ -89.53712, 36.70841 ], [ -89.46683, 36.75248 ], [ -89.36815, 36.74754 ], [ -89.32598, 36.84047 ], [ -89.25542, 36.88441 ], [ -89.15656, 36.87932 ], [ -89.11162, 36.9958 ], [ -89.17764, 36.99923 ], [ -89.16572, 37.1174 ], [ -89.19878, 37.1191 ] ] ] ] } },
{ "type": "Feature", "properties": { "ID": 36 }, "geometry": { "type": "MultiPolygon", "coordinates": [ [ [ [ -99.92005, 36.07257 ], [ -99.95267, 36.07159 ], [ -99.95403, 36.09531 ], [ -99.98666, 36.09431 ], [ -99.98392, 36.04687 ], [ -100.04913, 36.04486 ], [ -100.04635, 35.99742 ], [ -100.33956, 35.98797 ], [ -100.4434, 36.07954 ], [ -100.63908, 36.07272 ], [ -100.63748, 36.04901 ], [ -100.996, 36.03574 ], [ -100.99944, 36.08316 ], [ -101.09727, 36.07937 ], [ -101.16959, 36.17161 ], [ -101.21122, 36.2888 ], [ -101.34202, 36.28352 ], [ -101.47091, 36.25442 ], [ -101.49601, 36.15827 ], [ -101.65722, 36.12759 ], [ -101.65332, 36.0802 ], [ -101.74912, 36.05222 ], [ -101.912, 36.04492 ], [ -101.97304, 35.99456 ], [ -101.97098, 35.97086 ], [ -102.03191, 35.92045 ], [ -102.0257, 35.84935 ], [ -102.17536, 35.69947 ], [ -102.17959, 35.74689 ], [ -102.37413, 35.73746 ], [ -102.44338, 35.78165 ], [ -102.45887, 35.94752 ], [ -102.49585, 35.99328 ], [ -102.65622, 35.96136 ], [ -102.67268, 35.79386 ], [ -102.80242, 35.78711 ], [ -102.88791, 35.66349 ], [ -103.01738, 35.65652 ], [ -103.11203, 35.62752 ], [ -103.1395, 35.57834 ], [ -103.26879, 35.57112 ], [ -103.36322, 35.54193 ], [ -103.49241, 35.53449 ], [ -103.49753, 35.58187 ], [ -103.62679, 35.5743 ], [ -103.70193, 35.6652 ], [ -103.76663, 35.66133 ], [ -103.74808, 35.49553 ], [ -103.84221, 35.46598 ], [ -103.79931, 35.37317 ], [ -103.75179, 34.94645 ], [ -103.67995, 34.87916 ], [ -103.55198, 34.8868 ], [ -103.46356, 34.96362 ], [ -103.33293, 34.94732 ], [ -103.0446, 34.96354 ], [ -102.93049, 35.11292 ], [ -102.86626, 35.11638 ], [ -102.84343, 35.213 ], [ -102.7814, 35.24014 ], [ -102.62049, 35.24853 ], [ -102.625, 35.29598 ], [ -102.46395, 35.30418 ], [ -102.33292, 35.28687 ], [ -102.22781, 35.19667 ], [ -102.1292, 35.17759 ], [ -102.12089, 35.08263 ], [ -102.21513, 35.05425 ], [ -102.20251, 34.91178 ], [ -102.26659, 34.90865 ], [ -102.256, 34.7899 ], [ -102.09607, 34.79764 ], [ -102.11772, 34.67731 ], [ -102.18159, 34.67422 ], [ -102.1691, 34.53163 ], [ -102.07144, 34.51247 ], [ -101.96782, 34.42189 ], [ -101.9598, 34.32676 ], [ -102.08488, 34.29693 ], [ -102.10844, 34.20024 ], [ -102.16982, 34.17337 ], [ -102.29664, 34.1671 ], [ -102.30086, 34.21468 ], [ -102.36857, 34.25906 ], [ -102.7811, 34.23759 ], [ -102.78337, 34.26136 ], [ -103.16406, 34.24034 ], [ -103.16887, 34.28788 ], [ -103.23719, 34.33179 ], [ -103.21028, 34.38113 ], [ -103.11494, 34.38652 ], [ -103.15874, 34.50352 ], [ -103.25423, 34.49809 ], [ -103.25912, 34.5456 ], [ -103.3865, 34.53824 ], [ -103.37905, 34.46699 ], [ -103.50628, 34.45952 ], [ -103.43267, 34.36826 ], [ -103.3885, 34.25131 ], [ -103.32507, 34.25501 ], [ -103.14013, 34.00258 ], [ -103.00432, 33.91454 ], [ -102.9296, 33.79907 ], [ -102.86655, 33.80254 ], [ -102.79896, 33.75837 ], [ -102.75845, 33.66484 ], [ -102.66403, 33.66991 ], [ -102.62375, 33.57632 ], [ -102.52944, 33.58129 ], [ -102.48937, 33.48763 ], [ -102.36166, 33.47027 ], [ -102.29469, 33.4258 ], [ -102.20673, 33.50201 ], [ -102.21704, 33.62115 ], [ -102.0698, 33.74797 ], [ -101.9437, 33.75402 ], [ -101.91808, 33.82696 ], [ -101.79183, 33.83285 ], [ -101.76603, 33.90575 ], [ -101.66745, 33.86244 ], [ -101.5727, 33.86668 ], [ -101.57642, 33.91431 ], [ -101.2603, 33.92794 ], [ -101.16372, 33.90805 ], [ -101.10902, 34.02972 ], [ -101.11929, 34.17259 ], [ -101.15621, 34.24271 ], [ -101.21972, 34.2401 ], [ -101.22498, 34.3115 ], [ -101.16313, 34.33791 ], [ -101.16834, 34.40929 ], [ -101.14169, 34.48196 ], [ -101.10982, 34.48324 ], [ -101.11154, 34.50703 ], [ -101.1753, 34.50445 ], [ -101.21244, 34.5745 ], [ -101.27981, 34.61942 ], [ -101.34366, 34.61676 ], [ -101.34907, 34.68809 ], [ -101.42396, 34.828 ], [ -101.16777, 34.83863 ], [ -101.14096, 34.91123 ], [ -100.94857, 34.91882 ], [ -100.94522, 34.87129 ], [ -100.78497, 34.87739 ], [ -100.79633, 35.04376 ], [ -100.70153, 35.0711 ], [ -100.57295, 35.07575 ], [ -100.57606, 35.12327 ], [ -100.44738, 35.1278 ], [ -100.4504, 35.17532 ], [ -100.32602, 35.251 ], [ -100.33044, 35.32226 ], [ -100.23365, 35.32549 ], [ -100.23653, 35.37299 ], [ -100.13966, 35.37614 ], [ -100.04692, 35.45047 ], [ -99.75593, 35.45928 ], [ -99.76235, 35.57802 ], [ -99.83237, 35.67109 ], [ -99.84421, 35.88472 ], [ -100.00687, 35.8798 ], [ -100.00962, 35.92725 ], [ -99.91331, 35.95396 ], [ -99.92005, 36.07257 ] ] ], [ [ [ -99.74789, 35.9113 ], [ -99.58515, 35.91589 ], [ -99.59131, 36.03453 ], [ -99.62392, 36.03363 ], [ -99.75305, 36.00621 ], [ -99.74789, 35.9113 ] ] ], [ [ [ -94.03455, 36.33034 ], [ -94.19838, 36.3327 ], [ -94.26512, 36.28613 ], [ -94.26632, 36.23868 ], [ -94.42994, 36.24074 ], [ -94.42504, 36.45427 ], [ -94.39166, 36.47759 ], [ -94.38831, 36.61988 ], [ -94.48703, 36.62105 ], [ -94.55184, 36.66921 ], [ -94.54831, 36.83516 ], [ -94.61336, 36.88327 ], [ -94.61094, 37.00177 ], [ -94.57785, 37.00142 ], [ -94.57686, 37.04881 ], [ -94.67621, 37.04984 ], [ -94.77854, 36.8849 ], [ -94.84462, 36.8855 ], [ -94.87921, 36.79097 ], [ -94.94666, 36.69668 ], [ -94.94776, 36.62554 ], [ -95.01358, 36.62605 ], [ -95.08005, 36.5791 ], [ -95.081, 36.50795 ], [ -95.04815, 36.50771 ], [ -94.9835, 36.43606 ], [ -94.98455, 36.36488 ], [ -95.08323, 36.34188 ], [ -95.0867, 36.08082 ], [ -94.98979, 36.00887 ], [ -94.85932, 36.0078 ], [ -94.76318, 35.91193 ], [ -94.76615, 35.74567 ], [ -94.70116, 35.74504 ], [ -94.70205, 35.69753 ], [ -94.60417, 35.72027 ], [ -94.57169, 35.71992 ], [ -94.53871, 35.74331 ], [ -94.5367, 35.83832 ], [ -94.469, 35.9563 ], [ -94.24088, 35.95341 ], [ -94.23967, 36.00089 ], [ -94.10924, 35.99907 ], [ -94.00867, 36.09256 ], [ -94.00661, 36.16375 ], [ -94.0393, 36.16425 ], [ -94.03455, 36.33034 ] ] ], [ [ [ -95.37563, 36.62827 ], [ -95.34363, 36.53324 ], [ -95.2445, 36.58015 ], [ -95.24345, 36.675 ], [ -95.34226, 36.67553 ], [ -95.37563, 36.62827 ] ] ], [ [ [ -93.3036, 36.57838 ], [ -93.23593, 36.62443 ], [ -93.53205, 36.63032 ], [ -93.53547, 36.53548 ], [ -93.30547, 36.53097 ], [ -93.3036, 36.57838 ] ] ], [ [ [ -95.0455, 36.69743 ], [ -95.04417, 36.79227 ], [ -95.17614, 36.79316 ], [ -95.17729, 36.69832 ], [ -95.0455, 36.69743 ] ] ], [ [ [ -91.75243, 35.58677 ], [ -91.7776, 35.70652 ], [ -91.87494, 35.70966 ], [ -91.88058, 35.61471 ], [ -91.91438, 35.59199 ], [ -91.75243, 35.58677 ] ] ], [ [ [ -90.20636, 36.21672 ], [ -90.13902, 36.23749 ], [ -90.10025, 36.30708 ], [ -90.0757, 36.5912 ], [ -90.20503, 36.62073 ], [ -90.33644, 36.62646 ], [ -90.33251, 36.67381 ], [ -90.42922, 36.70169 ], [ -90.5279, 36.70583 ], [ -90.5317, 36.65849 ], [ -90.63033, 36.66255 ], [ -90.63406, 36.6152 ], [ -90.86408, 36.62439 ], [ -90.86764, 36.57703 ], [ -90.96617, 36.58084 ], [ -90.96966, 36.53347 ], [ -91.26512, 36.54446 ], [ -91.33725, 36.45204 ], [ -91.34048, 36.40465 ], [ -91.47156, 36.40925 ], [ -91.46842, 36.45664 ], [ -91.69801, 36.46438 ], [ -91.70099, 36.41698 ], [ -91.83212, 36.42122 ], [ -91.90336, 36.32847 ], [ -92.03433, 36.3325 ], [ -92.02884, 36.42732 ], [ -92.09306, 36.453 ], [ -92.22428, 36.45684 ], [ -92.22167, 36.50425 ], [ -92.38457, 36.53257 ], [ -92.38833, 36.46146 ], [ -92.5512, 36.48958 ], [ -92.57928, 36.58526 ], [ -92.71078, 36.58861 ], [ -92.71306, 36.54121 ], [ -93.00877, 36.54827 ], [ -93.07348, 36.57346 ], [ -93.10936, 36.50307 ], [ -93.11336, 36.40822 ], [ -93.08158, 36.38378 ], [ -92.95045, 36.38079 ], [ -92.95256, 36.33336 ], [ -92.82154, 36.33024 ], [ -92.81934, 36.37767 ], [ -92.65547, 36.37359 ], [ -92.69282, 36.27957 ], [ -92.92193, 36.28516 ], [ -92.95677, 36.23849 ], [ -93.08762, 36.24147 ], [ -93.09063, 36.1703 ], [ -92.9926, 36.16808 ], [ -92.99467, 36.12063 ], [ -92.8314, 36.11676 ], [ -92.82921, 36.16421 ], [ -92.46984, 36.15498 ], [ -92.30525, 36.17418 ], [ -92.2425, 36.12488 ], [ -92.24508, 36.07744 ], [ -92.11592, 36.04989 ], [ -92.15383, 35.95596 ], [ -92.21897, 35.95787 ], [ -92.22286, 35.88668 ], [ -92.09273, 35.88283 ], [ -91.93008, 35.87784 ], [ -91.50731, 35.8639 ], [ -91.47168, 35.91022 ], [ -91.46545, 36.00509 ], [ -91.36772, 36.00165 ], [ -91.36453, 36.04908 ], [ -91.26674, 36.04556 ], [ -91.26348, 36.09298 ], [ -91.16563, 36.08939 ], [ -91.12798, 36.1593 ], [ -91.03004, 36.1556 ], [ -91.02662, 36.20301 ], [ -90.8633, 36.19668 ], [ -90.79439, 36.24149 ], [ -90.62915, 36.25857 ], [ -90.6421, 36.09269 ], [ -90.50601, 36.15835 ], [ -90.40811, 36.15419 ], [ -90.27167, 36.2196 ], [ -90.20636, 36.21672 ] ] ], [ [ [ -86.6634, 36.20165 ], [ -86.67304, 36.13079 ], [ -86.64052, 36.12845 ], [ -86.63085, 36.19931 ], [ -86.6634, 36.20165 ] ] ], [ [ [ -86.74831, 36.30309 ], [ -86.76106, 36.20861 ], [ -86.6634, 36.20165 ], [ -86.65051, 36.29612 ], [ -86.74831, 36.30309 ] ] ], [ [ [ -87.82414, 36.66059 ], [ -87.88976, 36.66466 ], [ -87.90853, 36.7848 ], [ -87.80423, 36.82594 ], [ -87.79282, 36.9204 ], [ -87.92456, 36.92853 ], [ -87.94347, 37.04861 ], [ -88.00947, 37.05262 ], [ -88.03414, 37.12544 ], [ -88.16357, 37.15694 ], [ -88.52733, 37.17796 ], [ -88.52994, 37.15435 ], [ -88.86071, 37.17258 ], [ -88.87814, 37.00719 ], [ -88.91609, 36.9617 ], [ -89.04804, 36.96871 ], [ -89.0359, 37.08688 ], [ -88.99551, 37.15602 ], [ -89.12785, 37.16295 ], [ -89.13265, 37.11569 ], [ -89.16572, 37.1174 ], [ -89.17764, 36.99923 ], [ -89.11162, 36.9958 ], [ -89.15656, 36.87932 ], [ -89.25542, 36.88441 ], [ -89.32598, 36.84047 ], [ -89.36815, 36.74754 ], [ -89.46683, 36.75248 ], [ -89.53712, 36.70841 ], [ -89.54609, 36.61378 ], [ -89.64018, 36.6659 ], [ -89.80449, 36.67375 ], [ -89.84591, 36.58064 ], [ -89.91155, 36.5837 ], [ -89.9305, 36.37064 ], [ -89.79961, 36.3645 ], [ -89.70364, 36.33614 ], [ -89.71233, 36.24142 ], [ -89.65358, 36.16722 ], [ -89.58392, 36.21139 ], [ -89.42074, 36.20326 ], [ -89.46464, 36.0865 ], [ -89.23663, 36.07485 ], [ -89.10875, 36.04434 ], [ -89.11348, 35.99698 ], [ -88.9858, 35.96634 ], [ -88.92564, 35.91545 ], [ -88.93049, 35.86808 ], [ -88.83311, 35.86274 ], [ -88.84048, 35.79168 ], [ -88.74819, 35.7389 ], [ -88.7457, 35.76258 ], [ -88.68089, 35.75893 ], [ -88.67838, 35.78262 ], [ -88.66833, 35.87734 ], [ -88.59834, 35.92101 ], [ -88.59071, 35.99203 ], [ -88.48802, 36.03377 ], [ -88.42297, 36.03 ], [ -88.35003, 36.09718 ], [ -88.34212, 36.16817 ], [ -88.24437, 36.16238 ], [ -88.23902, 36.20969 ], [ -88.04342, 36.1979 ], [ -88.02143, 36.38708 ], [ -87.98874, 36.38508 ], [ -87.9832, 36.43236 ], [ -87.96654, 36.57417 ], [ -87.901, 36.57014 ], [ -87.84395, 36.49518 ], [ -87.82414, 36.66059 ] ] ], [ [ [ -86.50049, 36.42836 ], [ -86.53968, 36.38351 ], [ -86.40916, 36.37399 ], [ -86.40253, 36.4212 ], [ -86.50049, 36.42836 ] ] ], [ [ [ -87.21637, 36.50222 ], [ -87.20725, 36.57307 ], [ -87.3055, 36.57962 ], [ -87.29947, 36.62686 ], [ -87.46337, 36.63762 ], [ -87.4752, 36.54314 ], [ -87.44838, 36.49376 ], [ -87.41566, 36.49162 ], [ -87.25514, 36.45717 ], [ -87.21637, 36.50222 ] ] ] ] } },
{ "type": "Feature", "properties": { "ID": 37 }, "geometry": { "type": "MultiPolygon", "coordinates": [ [ [ [ -102.58951, 29.04934 ], [ -102.55583, 29.00272 ], [ -102.54765, 28.90611 ], [ -102.48859, 28.90944 ], [ -102.50076, 29.05435 ], [ -102.58951, 29.04934 ] ] ], [ [ [ -100.91901, 34.03729 ], [ -100.98569, 34.08243 ], [ -100.99404, 34.20148 ], [ -101.09268, 34.24529 ], [ -101.06772, 34.34176 ], [ -101.07966, 34.50831 ], [ -101.11154, 34.50703 ], [ -101.10982, 34.48324 ], [ -101.14169, 34.48196 ], [ -101.16834, 34.40929 ], [ -101.16313, 34.33791 ], [ -101.22498, 34.3115 ], [ -101.21972, 34.2401 ], [ -101.15621, 34.24271 ], [ -101.11929, 34.17259 ], [ -101.10902, 34.02972 ], [ -101.16372, 33.90805 ], [ -101.2603, 33.92794 ], [ -101.57642, 33.91431 ], [ -101.5727, 33.86668 ], [ -101.66745, 33.86244 ], [ -101.76603, 33.90575 ], [ -101.79183, 33.83285 ], [ -101.91808, 33.82696 ], [ -101.9437, 33.75402 ], [ -102.0698, 33.74797 ], [ -102.21704, 33.62115 ], [ -102.20673, 33.50201 ], [ -102.29469, 33.4258 ], [ -102.25916, 33.37971 ], [ -102.13372, 33.38595 ], [ -102.12966, 33.33827 ], [ -102.03563, 33.34287 ], [ -102.03164, 33.29518 ], [ -101.90633, 33.30119 ], [ -101.90242, 33.25349 ], [ -101.77717, 33.25938 ], [ -101.67947, 33.216 ], [ -101.67571, 33.16828 ], [ -101.48803, 33.17672 ], [ -101.45314, 33.13038 ], [ -101.47483, 33.41664 ], [ -101.35104, 33.44594 ], [ -101.194, 33.45258 ], [ -101.17117, 33.57311 ], [ -101.07677, 33.57698 ], [ -101.0734, 33.52929 ], [ -100.94761, 33.53434 ], [ -100.9509, 33.58203 ], [ -100.82501, 33.58695 ], [ -100.79831, 33.65969 ], [ -100.60925, 33.6668 ], [ -100.61693, 33.78599 ], [ -100.68006, 33.78365 ], [ -100.68318, 33.83132 ], [ -100.71477, 33.83014 ], [ -100.77475, 33.78009 ], [ -100.78431, 33.92306 ], [ -100.81754, 33.94568 ], [ -100.82076, 33.99333 ], [ -100.88407, 33.99088 ], [ -100.88734, 34.03852 ], [ -100.91901, 34.03729 ] ] ], [ [ [ -92.59389, 34.96921 ], [ -92.59273, 34.99299 ], [ -92.7855, 34.99798 ], [ -92.78332, 35.04554 ], [ -92.87872, 35.0717 ], [ -93.00739, 35.07477 ], [ -93.04257, 35.00417 ], [ -93.17016, 35.03086 ], [ -93.36306, 35.03497 ], [ -93.39698, 34.98806 ], [ -93.49338, 34.98998 ], [ -93.49168, 35.03756 ], [ -93.58815, 35.03941 ], [ -93.61869, 35.08758 ], [ -93.61627, 35.15892 ], [ -93.68069, 35.1601 ], [ -93.67911, 35.20766 ], [ -93.71135, 35.20824 ], [ -93.71833, 34.99419 ], [ -93.78261, 34.99532 ], [ -93.78111, 35.0429 ], [ -93.84543, 35.04399 ], [ -94.26357, 35.05034 ], [ -94.26298, 35.07413 ], [ -94.48823, 35.07698 ], [ -94.48977, 35.00561 ], [ -94.58622, 35.00671 ], [ -94.65235, 34.91223 ], [ -94.84499, 34.91411 ], [ -94.84421, 34.9617 ], [ -94.77912, 35.0087 ], [ -94.71482, 35.00807 ], [ -94.71351, 35.07944 ], [ -94.84224, 35.08067 ], [ -94.87634, 34.96199 ], [ -94.97273, 34.9628 ], [ -94.97342, 34.91521 ], [ -95.16608, 34.91661 ], [ -95.16552, 34.9642 ], [ -95.06912, 34.96354 ], [ -95.06754, 35.0825 ], [ -95.13191, 35.08295 ], [ -95.26166, 34.98859 ], [ -95.26241, 34.9172 ], [ -95.32709, 34.86995 ], [ -95.32755, 34.82235 ], [ -95.456, 34.79915 ], [ -95.61629, 34.79974 ], [ -95.61655, 34.75212 ], [ -95.71266, 34.75237 ], [ -95.71285, 34.70476 ], [ -95.74487, 34.70482 ], [ -95.74513, 34.63338 ], [ -95.77711, 34.63344 ], [ -95.77726, 34.58581 ], [ -95.7453, 34.58575 ], [ -95.74564, 34.49047 ], [ -95.84145, 34.4668 ], [ -95.84166, 34.37149 ], [ -95.42743, 34.3703 ], [ -95.42801, 34.2988 ], [ -95.36434, 34.2985 ], [ -95.30115, 34.2505 ], [ -95.30209, 34.15514 ], [ -95.2383, 34.17861 ], [ -94.98409, 34.17683 ], [ -94.98477, 34.12914 ], [ -94.88951, 34.12834 ], [ -94.89025, 34.08066 ], [ -94.19222, 34.07258 ], [ -94.03426, 34.04637 ], [ -94.03557, 33.99868 ], [ -93.49689, 33.98912 ], [ -93.49522, 34.03681 ], [ -93.33671, 34.03356 ], [ -93.33492, 34.08123 ], [ -93.23976, 34.07919 ], [ -93.14078, 34.1724 ], [ -93.1379, 34.24389 ], [ -93.01073, 34.24094 ], [ -93.00873, 34.28859 ], [ -92.94305, 34.33471 ], [ -92.87519, 34.42843 ], [ -92.74771, 34.42522 ], [ -92.67838, 34.54262 ], [ -92.61454, 34.54093 ], [ -92.57801, 34.63529 ], [ -92.44897, 34.65558 ], [ -92.44176, 34.79834 ], [ -92.50465, 34.8239 ], [ -92.49992, 34.91904 ], [ -92.46783, 34.91816 ], [ -92.46543, 34.96573 ], [ -92.59389, 34.96921 ] ], [ [ -93.92942, 34.37851 ], [ -94.08873, 34.38102 ], [ -94.15059, 34.45343 ], [ -93.92733, 34.44998 ], [ -93.92942, 34.37851 ] ], [ [ -93.1273, 34.50589 ], [ -92.99966, 34.50294 ], [ -93.0037, 34.40769 ], [ -93.13116, 34.41064 ], [ -93.1273, 34.50589 ] ], [ [ -94.65689, 34.67419 ], [ -94.49691, 34.6724 ], [ -94.46336, 34.74344 ], [ -94.30322, 34.74141 ], [ -94.20775, 34.71629 ], [ -94.21017, 34.62106 ], [ -94.46595, 34.6244 ], [ -94.4675, 34.55295 ], [ -94.53188, 34.52989 ], [ -94.65961, 34.5313 ], [ -94.65689, 34.67419 ] ], [ [ -94.07969, 34.71443 ], [ -93.88762, 34.71139 ], [ -93.89047, 34.61616 ], [ -94.08228, 34.61919 ], [ -94.07969, 34.71443 ] ] ], [ [ [ -92.27782, 34.86513 ], [ -92.33948, 34.91455 ], [ -92.34195, 34.86698 ], [ -92.27782, 34.86513 ] ] ], [ [ [ -92.3691, 34.96303 ], [ -92.37156, 34.91547 ], [ -92.33948, 34.91455 ], [ -92.33699, 34.96211 ], [ -92.3691, 34.96303 ] ] ], [ [ [ -93.484, 35.25157 ], [ -93.48571, 35.20402 ], [ -93.55018, 35.20526 ], [ -93.55184, 35.15771 ], [ -93.45521, 35.15583 ], [ -93.45175, 35.25093 ], [ -93.484, 35.25157 ] ] ], [ [ [ -92.63416, 35.47004 ], [ -92.47244, 35.46572 ], [ -92.46883, 35.53698 ], [ -92.5012, 35.53786 ], [ -92.49881, 35.58536 ], [ -92.53121, 35.58623 ], [ -92.53358, 35.53873 ], [ -92.63071, 35.5413 ], [ -92.63416, 35.47004 ] ] ], [ [ [ -94.70205, 35.69753 ], [ -94.70427, 35.57873 ], [ -94.57266, 35.6724 ], [ -94.54021, 35.67204 ], [ -94.53921, 35.71955 ], [ -94.60417, 35.72027 ], [ -94.70205, 35.69753 ] ] ], [ [ [ -94.34547, 35.6697 ], [ -94.41038, 35.67051 ], [ -94.41147, 35.623 ], [ -94.3466, 35.62218 ], [ -94.34547, 35.6697 ] ] ], [ [ [ -94.73365, 35.74536 ], [ -94.73452, 35.69785 ], [ -94.70205, 35.69753 ], [ -94.70116, 35.74504 ], [ -94.73365, 35.74536 ] ] ], [ [ [ -85.12335, 35.12509 ], [ -85.18368, 35.15416 ], [ -85.32261, 35.09401 ], [ -85.34428, 34.95215 ], [ -85.28405, 34.92315 ], [ -85.15644, 34.91235 ], [ -85.12335, 35.12509 ] ] ], [ [ [ -75.70732, 36.05345 ], [ -75.70454, 36.17447 ], [ -75.76845, 36.18454 ], [ -75.73376, 36.30051 ], [ -75.91214, 36.37697 ], [ -75.85241, 36.46474 ], [ -75.81772, 36.58067 ], [ -75.88203, 36.59067 ], [ -75.86122, 36.66022 ], [ -75.89788, 36.76293 ], [ -75.95545, 36.79607 ], [ -75.97847, 36.94508 ], [ -76.24414, 36.96139 ], [ -76.26283, 37.01266 ], [ -76.23542, 37.1054 ], [ -76.2866, 37.16155 ], [ -76.37718, 37.19938 ], [ -76.50715, 37.21879 ], [ -76.59242, 37.15886 ], [ -76.61263, 37.08926 ], [ -76.62608, 37.04286 ], [ -76.60711, 36.99164 ], [ -76.65405, 36.82917 ], [ -76.71307, 36.7411 ], [ -76.83564, 36.78342 ], [ -76.94579, 36.75121 ], [ -76.99124, 36.70947 ], [ -77.12697, 36.70505 ], [ -77.18526, 36.61675 ], [ -77.28207, 36.63074 ], [ -77.36592, 36.57025 ], [ -77.52724, 36.59331 ], [ -77.57858, 36.52809 ], [ -77.67534, 36.54179 ], [ -77.74455, 36.28566 ], [ -77.87834, 36.15945 ], [ -78.17803, 36.03204 ], [ -78.30628, 36.04972 ], [ -78.38852, 35.98852 ], [ -78.54882, 36.01035 ], [ -78.66526, 36.07436 ], [ -78.82584, 36.09585 ], [ -78.92808, 36.08529 ], [ -79.07982, 36.00878 ], [ -79.12602, 35.8218 ], [ -79.20154, 35.78343 ], [ -79.21299, 35.73667 ], [ -79.28836, 35.69824 ], [ -79.44826, 35.71898 ], [ -79.58184, 35.71202 ], [ -79.60825, 35.73951 ], [ -79.77387, 35.73644 ], [ -79.96604, 35.76058 ], [ -80.12132, 35.65938 ], [ -80.24398, 35.6986 ], [ -80.40416, 35.71815 ], [ -80.50559, 35.70635 ], [ -80.49998, 35.58526 ], [ -80.4466, 35.53061 ], [ -80.63842, 35.55376 ], [ -80.68604, 35.48721 ], [ -80.78192, 35.49865 ], [ -80.83037, 35.57662 ], [ -80.99043, 35.59546 ], [ -81.03264, 35.55226 ], [ -81.053, 35.45837 ], [ -81.12704, 35.41886 ], [ -81.2818, 35.46081 ], [ -81.33373, 35.37053 ], [ -81.46149, 35.38512 ], [ -81.54013, 35.32187 ], [ -81.66785, 35.33626 ], [ -81.67757, 35.28924 ], [ -81.80526, 35.30349 ], [ -81.87392, 35.28706 ], [ -82.09746, 35.31158 ], [ -82.198, 35.29844 ], [ -82.20737, 35.25138 ], [ -82.23929, 35.25482 ], [ -82.25794, 35.16069 ], [ -82.2991, 35.11704 ], [ -82.45848, 35.13407 ], [ -82.46765, 35.08698 ], [ -82.53138, 35.09373 ], [ -82.53593, 35.07018 ], [ -82.66339, 35.08358 ], [ -82.71325, 34.99268 ], [ -82.90429, 35.01248 ], [ -82.96359, 35.04259 ], [ -83.16205, 34.84658 ], [ -83.1707, 34.79941 ], [ -83.20678, 34.77903 ], [ -83.33384, 34.79178 ], [ -83.40587, 34.75091 ], [ -83.42282, 34.6565 ], [ -83.45454, 34.65965 ], [ -83.46719, 34.58883 ], [ -83.65319, 34.63114 ], [ -83.70145, 34.53976 ], [ -83.82816, 34.55202 ], [ -83.95896, 34.54053 ], [ -83.96705, 34.49327 ], [ -84.03841, 34.45201 ], [ -84.16502, 34.46394 ], [ -84.17296, 34.41666 ], [ -84.29953, 34.42846 ], [ -84.3351, 34.40774 ], [ -84.32726, 34.45503 ], [ -84.35893, 34.45796 ], [ -84.36674, 34.41066 ], [ -84.46167, 34.41938 ], [ -84.46941, 34.37207 ], [ -84.59595, 34.38357 ], [ -84.58446, 34.45454 ], [ -84.64018, 34.50755 ], [ -84.62107, 34.62579 ], [ -84.71253, 34.65796 ], [ -84.69349, 34.77617 ], [ -84.72532, 34.77899 ], [ -84.71008, 34.87354 ], [ -84.8732, 34.86394 ], [ -85.00811, 34.82774 ], [ -84.98369, 34.77769 ], [ -85.00224, 34.65944 ], [ -85.07316, 34.61762 ], [ -85.08051, 34.57031 ], [ -85.23926, 34.58389 ], [ -85.36271, 34.61829 ], [ -85.47223, 34.53157 ], [ -85.58497, 34.42105 ], [ -85.59195, 34.37368 ], [ -85.66224, 34.33151 ], [ -85.75379, 34.36295 ], [ -85.74691, 34.41033 ], [ -85.84201, 34.41801 ], [ -85.84882, 34.37063 ], [ -85.91896, 34.32831 ], [ -86.07731, 34.34086 ], [ -86.09903, 34.41444 ], [ -86.08238, 34.53292 ], [ -85.96686, 34.66752 ], [ -85.90323, 34.66247 ], [ -85.85775, 34.75464 ], [ -85.78715, 34.79688 ], [ -85.7768, 34.86788 ], [ -85.90443, 34.87806 ], [ -85.94993, 34.7859 ], [ -86.04556, 34.79343 ], [ -86.05227, 34.74607 ], [ -86.12265, 34.70368 ], [ -86.3456, 34.72082 ], [ -86.37421, 34.74693 ], [ -86.3612, 34.84166 ], [ -86.42826, 34.82279 ], [ -86.41531, 34.91752 ], [ -86.53992, 34.95074 ], [ -86.57827, 34.90575 ], [ -86.67412, 34.91279 ], [ -86.68043, 34.86542 ], [ -86.96791, 34.88612 ], [ -86.99072, 34.95946 ], [ -87.11869, 34.96843 ], [ -87.12469, 34.92104 ], [ -87.24964, 34.95357 ], [ -87.50564, 34.97087 ], [ -87.50851, 34.94716 ], [ -87.86059, 34.9701 ], [ -87.99139, 34.95448 ], [ -87.98596, 35.00191 ], [ -88.11412, 35.00988 ], [ -88.14084, 35.05927 ], [ -88.1141, 35.29631 ], [ -87.96629, 35.45418 ], [ -88.2243, 35.47002 ], [ -88.24068, 35.61408 ], [ -88.33766, 35.61988 ], [ -88.35073, 35.50143 ], [ -88.44757, 35.50715 ], [ -88.467, 35.62749 ], [ -88.52912, 35.65493 ], [ -88.65854, 35.66235 ], [ -88.6834, 35.73525 ], [ -88.68089, 35.75893 ], [ -88.7457, 35.76258 ], [ -88.76553, 35.57305 ], [ -88.83507, 35.52926 ], [ -88.96429, 35.53638 ], [ -89.00138, 35.49073 ], [ -89.01567, 35.34848 ], [ -89.05499, 35.27908 ], [ -89.24817, 35.28938 ], [ -89.28951, 35.19618 ], [ -89.3606, 35.12834 ], [ -89.45699, 35.1333 ], [ -89.46143, 35.08583 ], [ -89.58989, 35.09233 ], [ -89.63066, 34.99897 ], [ -89.69481, 35.00215 ], [ -89.73539, 34.90875 ], [ -89.80366, 34.86438 ], [ -89.89972, 34.869 ], [ -89.90385, 34.82149 ], [ -89.99986, 34.82605 ], [ -90.06989, 34.75776 ], [ -90.07389, 34.71024 ], [ -90.13781, 34.7132 ], [ -90.14176, 34.66566 ], [ -90.18351, 34.54827 ], [ -90.13357, 34.37888 ], [ -90.06996, 34.37592 ], [ -90.01038, 34.32536 ], [ -89.98466, 34.25249 ], [ -89.99874, 34.08593 ], [ -89.9711, 34.03682 ], [ -89.87616, 34.03224 ], [ -89.88229, 33.96083 ], [ -89.59781, 33.94667 ], [ -89.59995, 33.92287 ], [ -89.50518, 33.918 ], [ -89.25253, 33.90468 ], [ -89.25478, 33.88089 ], [ -89.22321, 33.87919 ], [ -89.21869, 33.92678 ], [ -89.09236, 33.91989 ], [ -89.08775, 33.96748 ], [ -88.86659, 33.95512 ], [ -88.86182, 34.00269 ], [ -88.81822, 34.11979 ], [ -88.83789, 34.24045 ], [ -88.80135, 34.28618 ], [ -88.61345, 34.25143 ], [ -88.62335, 34.15636 ], [ -88.53084, 34.12699 ], [ -88.53583, 34.07945 ], [ -88.47256, 34.07568 ], [ -88.46753, 34.12322 ], [ -88.3358, 34.16312 ], [ -88.2434, 34.13355 ], [ -88.24859, 34.08602 ], [ -88.15371, 34.08014 ], [ -88.03521, 34.00089 ], [ -88.01162, 33.92758 ], [ -87.79079, 33.91333 ], [ -87.79626, 33.86579 ], [ -87.70448, 33.8358 ], [ -87.68129, 33.7624 ], [ -87.58688, 33.75609 ], [ -87.59248, 33.70854 ], [ -87.46671, 33.70002 ], [ -87.4468, 33.8664 ], [ -87.31209, 33.92901 ], [ -86.96533, 33.90451 ], [ -86.82707, 33.99034 ], [ -86.80473, 33.91681 ], [ -86.6787, 33.9075 ], [ -86.65654, 33.83393 ], [ -86.68137, 33.64392 ], [ -86.33622, 33.61767 ], [ -86.29196, 33.71022 ], [ -86.19775, 33.70286 ], [ -86.1284, 33.7454 ], [ -86.10866, 33.8878 ], [ -86.13027, 33.96146 ], [ -86.05399, 34.05136 ], [ -85.92782, 34.04131 ], [ -85.98944, 33.83034 ], [ -85.86367, 33.82022 ], [ -85.77617, 33.76509 ], [ -85.79654, 33.6227 ], [ -85.98325, 33.42171 ], [ -86.02772, 33.3292 ], [ -86.09019, 33.3342 ], [ -86.10001, 33.26291 ], [ -86.04418, 33.21038 ], [ -85.85715, 33.19521 ], [ -85.69795, 33.20611 ], [ -85.69114, 33.25362 ], [ -85.61506, 33.34343 ], [ -85.49019, 33.33292 ], [ -85.50061, 33.26167 ], [ -85.44522, 33.20888 ], [ -85.32061, 33.19819 ], [ -85.25123, 33.24029 ], [ -85.20581, 33.33255 ], [ -85.11222, 33.32437 ], [ -85.02808, 33.46125 ], [ -84.89942, 33.47387 ], [ -84.79826, 33.5129 ], [ -84.57947, 33.493 ], [ -84.61557, 33.66466 ], [ -84.58905, 33.83052 ], [ -84.50332, 33.96686 ], [ -84.34609, 33.95234 ], [ -84.33832, 33.99968 ], [ -84.20857, 34.01158 ], [ -83.98843, 33.99067 ], [ -83.94966, 33.84265 ], [ -83.76146, 33.82436 ], [ -83.75332, 33.87168 ], [ -83.5948, 34.04853 ], [ -83.46903, 34.03602 ], [ -83.46066, 34.0833 ], [ -83.33485, 34.07065 ], [ -83.29068, 34.13837 ], [ -83.14764, 34.22005 ], [ -83.05314, 34.21035 ], [ -83.04448, 34.25758 ], [ -82.97273, 34.29829 ], [ -82.92808, 34.36584 ], [ -82.91054, 34.46024 ], [ -82.82967, 34.54804 ], [ -82.60829, 34.52476 ], [ -82.66677, 34.38657 ], [ -82.44594, 34.363 ], [ -82.29289, 34.32234 ], [ -82.28371, 34.3695 ], [ -82.20217, 34.45692 ], [ -82.0397, 34.46311 ], [ -82.03033, 34.51024 ], [ -81.90403, 34.49619 ], [ -81.82188, 34.58333 ], [ -81.74911, 34.62332 ], [ -81.69827, 34.71392 ], [ -81.57167, 34.69954 ], [ -81.49864, 34.73937 ], [ -81.38188, 34.67774 ], [ -81.25541, 34.66305 ], [ -81.2486, 34.54171 ], [ -81.15394, 34.5306 ], [ -81.01271, 34.58624 ], [ -80.96095, 34.67656 ], [ -80.86617, 34.66524 ], [ -80.8183, 34.58712 ], [ -80.82849, 34.54009 ], [ -80.57116, 34.53298 ], [ -80.41377, 34.65846 ], [ -80.37177, 34.84635 ], [ -80.29791, 34.88548 ], [ -80.10802, 34.86179 ], [ -80.06028, 34.92821 ], [ -79.88027, 35.00202 ], [ -79.71639, 35.00523 ], [ -79.70539, 35.05212 ], [ -79.54694, 35.03167 ], [ -79.41465, 35.0386 ], [ -79.29361, 34.99855 ], [ -79.219, 35.03703 ], [ -79.20766, 35.08387 ], [ -79.1215, 35.16913 ], [ -79.04661, 35.2075 ], [ -78.94566, 35.21817 ], [ -78.78706, 35.19679 ], [ -78.62269, 35.19861 ], [ -78.53941, 35.1388 ], [ -78.38112, 35.11692 ], [ -78.36921, 35.16367 ], [ -78.2049, 35.16495 ], [ -78.08573, 35.24505 ], [ -78.09925, 35.31958 ], [ -78.07497, 35.41299 ], [ -77.96135, 35.46958 ], [ -77.84041, 35.4282 ], [ -77.68169, 35.40547 ], [ -77.66926, 35.45213 ], [ -77.58702, 35.51295 ], [ -77.49171, 35.49915 ], [ -77.44764, 35.66234 ], [ -77.28214, 35.66244 ], [ -77.16768, 35.59714 ], [ -77.00879, 35.57359 ], [ -76.80524, 35.59164 ], [ -76.71553, 35.67516 ], [ -76.63878, 35.71207 ], [ -76.6256, 35.7586 ], [ -76.53015, 35.7441 ], [ -76.5036, 35.83712 ], [ -76.40807, 35.82253 ], [ -76.37114, 35.71978 ], [ -76.24402, 35.70018 ], [ -76.20363, 35.83962 ], [ -76.07634, 35.81986 ], [ -76.03772, 35.83813 ], [ -76.00591, 35.83316 ], [ -75.97409, 35.82818 ], [ -75.94677, 35.92107 ], [ -76.0173, 35.9078 ], [ -75.99, 36.00069 ], [ -76.06061, 35.9874 ], [ -76.22011, 36.01209 ], [ -76.36123, 35.98523 ], [ -76.36632, 36.08305 ], [ -76.29568, 36.0965 ], [ -76.16788, 36.07684 ], [ -76.0904, 36.1134 ], [ -76.03797, 36.17809 ], [ -75.87814, 36.15318 ], [ -75.80993, 36.04534 ], [ -75.74614, 36.03528 ], [ -75.70732, 36.05345 ] ], [ [ -80.13924, 35.01052 ], [ -80.08067, 35.12384 ], [ -80.02797, 35.06896 ], [ -80.04414, 34.99859 ], [ -80.13924, 35.01052 ] ] ], [ [ [ -86.608, 36.12611 ], [ -86.67304, 36.13079 ], [ -86.67945, 36.08354 ], [ -86.61446, 36.07886 ], [ -86.608, 36.12611 ] ] ], [ [ [ -86.65051, 36.29612 ], [ -86.6634, 36.20165 ], [ -86.5983, 36.19697 ], [ -86.58532, 36.29143 ], [ -86.65051, 36.29612 ] ] ], [ [ [ -77.42525, 37.20707 ], [ -77.32109, 37.21643 ], [ -77.28854, 37.33257 ], [ -77.39937, 37.3 ], [ -77.42525, 37.20707 ] ] ], [ [ [ -77.44547, 37.49967 ], [ -77.38007, 37.49044 ], [ -77.36053, 37.56011 ], [ -77.45225, 37.59717 ], [ -77.44547, 37.49967 ] ] ] ] } },
{ "type": "Feature", "properties": { "ID": 38 }, "geometry": { "type": "MultiPolygon", "coordinates": [ [ [ [ -93.92942, 34.37851 ], [ -93.92733, 34.44998 ], [ -94.15059, 34.45343 ], [ -94.08873, 34.38102 ], [ -93.92942, 34.37851 ] ] ], [ [ [ -94.65689, 34.67419 ], [ -94.65961, 34.5313 ], [ -94.53188, 34.52989 ], [ -94.4675, 34.55295 ], [ -94.46595, 34.6244 ], [ -94.21017, 34.62106 ], [ -94.20775, 34.71629 ], [ -94.30322, 34.74141 ], [ -94.46336, 34.74344 ], [ -94.49691, 34.6724 ], [ -94.65689, 34.67419 ] ] ], [ [ [ -94.07969, 34.71443 ], [ -94.08228, 34.61919 ], [ -93.89047, 34.61616 ], [ -93.88762, 34.71139 ], [ -94.07969, 34.71443 ] ] ], [ [ [ -93.71679, 35.04177 ], [ -93.78111, 35.0429 ], [ -93.78261, 34.99532 ], [ -93.71833, 34.99419 ], [ -93.71679, 35.04177 ] ] ], [ [ [ -84.39059, 34.46087 ], [ -84.41448, 34.51107 ], [ -84.39889, 34.60563 ], [ -84.41503, 34.70308 ], [ -84.51037, 34.71176 ], [ -84.60573, 34.72036 ], [ -84.60957, 34.69672 ], [ -84.70492, 34.70524 ], [ -84.71253, 34.65796 ], [ -84.62107, 34.62579 ], [ -84.64018, 34.50755 ], [ -84.58446, 34.45454 ], [ -84.59595, 34.38357 ], [ -84.46941, 34.37207 ], [ -84.46167, 34.41938 ], [ -84.36674, 34.41066 ], [ -84.35893, 34.45796 ], [ -84.39059, 34.46087 ] ] ], [ [ [ -93.58405, 35.15832 ], [ -93.55184, 35.15771 ], [ -93.55018, 35.20526 ], [ -93.48571, 35.20402 ], [ -93.484, 35.25157 ], [ -93.67753, 35.25521 ], [ -93.68069, 35.1601 ], [ -93.61627, 35.15892 ], [ -93.61708, 35.13514 ], [ -93.58487, 35.13454 ], [ -93.58405, 35.15832 ] ] ], [ [ [ -84.72532, 34.77899 ], [ -84.69349, 34.77617 ], [ -84.69731, 34.75253 ], [ -84.6655, 34.74969 ], [ -84.65785, 34.79697 ], [ -84.72151, 34.80263 ], [ -84.72532, 34.77899 ] ] ], [ [ [ -93.76365, 35.58965 ], [ -93.75982, 35.70842 ], [ -94.11701, 35.71411 ], [ -94.24631, 35.73968 ], [ -94.2451, 35.78719 ], [ -94.37514, 35.78888 ], [ -94.37291, 35.88388 ], [ -94.24209, 35.90593 ], [ -94.24088, 35.95341 ], [ -94.469, 35.9563 ], [ -94.5367, 35.83832 ], [ -94.53871, 35.74331 ], [ -94.57169, 35.71992 ], [ -94.53921, 35.71955 ], [ -94.54021, 35.67204 ], [ -94.34547, 35.6697 ], [ -94.3466, 35.62218 ], [ -94.28174, 35.62134 ], [ -93.86016, 35.61505 ], [ -93.86089, 35.5913 ], [ -93.76365, 35.58965 ] ] ], [ [ [ -85.44985, 35.96554 ], [ -85.44623, 35.98913 ], [ -85.64072, 36.00482 ], [ -85.6336, 36.05202 ], [ -85.72034, 36.13056 ], [ -85.69553, 36.29572 ], [ -85.64869, 36.38749 ], [ -85.75005, 36.37162 ], [ -85.88047, 36.3818 ], [ -86.04699, 36.37074 ], [ -86.04011, 36.41793 ], [ -86.17066, 36.42782 ], [ -86.23258, 36.45631 ], [ -86.36323, 36.466 ], [ -86.36989, 36.4188 ], [ -86.40253, 36.4212 ], [ -86.40916, 36.37399 ], [ -86.57232, 36.38587 ], [ -86.61144, 36.341 ], [ -86.74512, 36.32671 ], [ -86.74831, 36.30309 ], [ -86.58532, 36.29143 ], [ -86.5983, 36.19697 ], [ -86.63085, 36.19931 ], [ -86.64052, 36.12845 ], [ -86.608, 36.12611 ], [ -86.61446, 36.07886 ], [ -86.84196, 36.09509 ], [ -86.82618, 36.21322 ], [ -86.76106, 36.20861 ], [ -86.7515, 36.27947 ], [ -86.8556, 36.23913 ], [ -87.08368, 36.25493 ], [ -87.0247, 36.2032 ], [ -87.03088, 36.15594 ], [ -87.16106, 36.16485 ], [ -87.13767, 36.09173 ], [ -87.07264, 36.08728 ], [ -87.09409, 35.92181 ], [ -87.19442, 35.90481 ], [ -87.32416, 35.91356 ], [ -87.3182, 35.96085 ], [ -87.44805, 35.96947 ], [ -87.58083, 35.95431 ], [ -87.57505, 36.00162 ], [ -87.76718, 36.03777 ], [ -87.75584, 36.13237 ], [ -87.7799, 36.20537 ], [ -87.84509, 36.20946 ], [ -87.86366, 36.32972 ], [ -87.92896, 36.33377 ], [ -87.92339, 36.38106 ], [ -87.95328, 36.40671 ], [ -87.98598, 36.40872 ], [ -87.98874, 36.38508 ], [ -88.02143, 36.38708 ], [ -88.04342, 36.1979 ], [ -88.23902, 36.20969 ], [ -88.24437, 36.16238 ], [ -88.34212, 36.16817 ], [ -88.35003, 36.09718 ], [ -88.42297, 36.03 ], [ -88.48802, 36.03377 ], [ -88.59071, 35.99203 ], [ -88.59834, 35.92101 ], [ -88.66833, 35.87734 ], [ -88.67838, 35.78262 ], [ -88.6834, 35.73525 ], [ -88.65854, 35.66235 ], [ -88.52912, 35.65493 ], [ -88.467, 35.62749 ], [ -88.44757, 35.50715 ], [ -88.35073, 35.50143 ], [ -88.33766, 35.61988 ], [ -88.24068, 35.61408 ], [ -88.2243, 35.47002 ], [ -87.96629, 35.45418 ], [ -88.1141, 35.29631 ], [ -88.14084, 35.05927 ], [ -88.11412, 35.00988 ], [ -87.98596, 35.00191 ], [ -87.99139, 34.95448 ], [ -87.86059, 34.9701 ], [ -87.50851, 34.94716 ], [ -87.50564, 34.97087 ], [ -87.24964, 34.95357 ], [ -87.12469, 34.92104 ], [ -87.11869, 34.96843 ], [ -86.99072, 34.95946 ], [ -86.96791, 34.88612 ], [ -86.68043, 34.86542 ], [ -86.67412, 34.91279 ], [ -86.57827, 34.90575 ], [ -86.53992, 34.95074 ], [ -86.41531, 34.91752 ], [ -86.42826, 34.82279 ], [ -86.3612, 34.84166 ], [ -86.37421, 34.74693 ], [ -86.3456, 34.72082 ], [ -86.12265, 34.70368 ], [ -86.05227, 34.74607 ], [ -86.04556, 34.79343 ], [ -85.94993, 34.7859 ], [ -85.90443, 34.87806 ], [ -85.7768, 34.86788 ], [ -85.78715, 34.79688 ], [ -85.85775, 34.75464 ], [ -85.90323, 34.66247 ], [ -85.96686, 34.66752 ], [ -86.08238, 34.53292 ], [ -86.09903, 34.41444 ], [ -86.07731, 34.34086 ], [ -85.91896, 34.32831 ], [ -85.84882, 34.37063 ], [ -85.84201, 34.41801 ], [ -85.74691, 34.41033 ], [ -85.75379, 34.36295 ], [ -85.66224, 34.33151 ], [ -85.59195, 34.37368 ], [ -85.58497, 34.42105 ], [ -85.47223, 34.53157 ], [ -85.36271, 34.61829 ], [ -85.23926, 34.58389 ], [ -85.08051, 34.57031 ], [ -85.07316, 34.61762 ], [ -85.00224, 34.65944 ], [ -84.98369, 34.77769 ], [ -85.00811, 34.82774 ], [ -84.8732, 34.86394 ], [ -84.71008, 34.87354 ], [ -84.70245, 34.9208 ], [ -84.46051, 35.2107 ], [ -84.41277, 35.30223 ], [ -84.34076, 35.34361 ], [ -84.24458, 35.33482 ], [ -84.23659, 35.38201 ], [ -84.15633, 35.47046 ], [ -84.01565, 35.52929 ], [ -83.99929, 35.62359 ], [ -83.95889, 35.66772 ], [ -83.85817, 35.68222 ], [ -83.77708, 35.77038 ], [ -83.6397, 35.80521 ], [ -83.44627, 35.78653 ], [ -83.31924, 35.94186 ], [ -83.24154, 36.00611 ], [ -83.23716, 36.02963 ], [ -83.46357, 36.05175 ], [ -83.54112, 35.98738 ], [ -83.67045, 35.99976 ], [ -83.69013, 36.07346 ], [ -83.76329, 36.03251 ], [ -83.98987, 36.0537 ], [ -83.99399, 36.03015 ], [ -84.22064, 36.05095 ], [ -84.32583, 36.01261 ], [ -84.40253, 35.94773 ], [ -84.59666, 35.96497 ], [ -84.60057, 35.94139 ], [ -84.56822, 35.93854 ], [ -84.57214, 35.91497 ], [ -84.66916, 35.9235 ], [ -84.8691, 35.70167 ], [ -85.02439, 35.54751 ], [ -85.03187, 35.5003 ], [ -85.10734, 35.43493 ], [ -85.16163, 35.29593 ], [ -85.2331, 35.25408 ], [ -85.27972, 35.16225 ], [ -85.35099, 35.12032 ], [ -85.44701, 35.12829 ], [ -85.46831, 35.20184 ], [ -85.4219, 35.29374 ], [ -85.3505, 35.33569 ], [ -85.33963, 35.40656 ], [ -85.2249, 35.51661 ], [ -85.24608, 35.59015 ], [ -85.4039, 35.41188 ], [ -85.41471, 35.341 ], [ -85.48608, 35.29902 ], [ -85.50035, 35.20448 ], [ -85.63559, 35.16764 ], [ -85.64262, 35.12035 ], [ -85.79925, 35.15687 ], [ -85.87364, 35.09101 ], [ -85.96627, 35.12224 ], [ -85.95264, 35.21685 ], [ -85.8461, 35.2802 ], [ -85.87131, 35.33003 ], [ -85.85752, 35.42458 ], [ -85.78276, 35.49039 ], [ -85.77579, 35.53765 ], [ -85.67917, 35.52994 ], [ -85.65801, 35.67168 ], [ -85.58637, 35.71372 ], [ -85.50745, 35.80294 ], [ -85.41049, 35.79503 ], [ -85.43196, 35.86849 ], [ -85.41745, 35.96289 ], [ -85.44985, 35.96554 ] ], [ [ -85.47223, 34.53157 ], [ -85.53571, 34.53683 ], [ -85.55692, 34.61048 ], [ -85.54284, 34.70515 ], [ -85.41915, 34.67094 ], [ -85.43338, 34.57627 ], [ -85.47223, 34.53157 ] ], [ [ -86.00507, 35.07743 ], [ -86.01523, 35.00645 ], [ -86.07918, 35.01143 ], [ -86.06909, 35.08242 ], [ -86.00507, 35.07743 ] ], [ [ -85.12335, 35.12509 ], [ -85.15644, 34.91235 ], [ -85.28405, 34.92315 ], [ -85.34428, 34.95215 ], [ -85.32261, 35.09401 ], [ -85.18368, 35.15416 ], [ -85.12335, 35.12509 ] ], [ [ -85.77745, 35.9679 ], [ -85.82383, 35.876 ], [ -85.83777, 35.78154 ], [ -85.90588, 35.76299 ], [ -86.0488, 35.67851 ], [ -86.09463, 35.58647 ], [ -86.15912, 35.59141 ], [ -86.14903, 35.66231 ], [ -86.0709, 35.75188 ], [ -85.94298, 35.95696 ], [ -85.87122, 35.99914 ], [ -85.77745, 35.9679 ] ] ], [ [ [ -92.09273, 35.88283 ], [ -92.22286, 35.88668 ], [ -92.21897, 35.95787 ], [ -92.15383, 35.95596 ], [ -92.11592, 36.04989 ], [ -92.24508, 36.07744 ], [ -92.2425, 36.12488 ], [ -92.30525, 36.17418 ], [ -92.46984, 36.15498 ], [ -92.82921, 36.16421 ], [ -92.8314, 36.11676 ], [ -92.99467, 36.12063 ], [ -92.99674, 36.07317 ], [ -93.19255, 36.07754 ], [ -93.19545, 36.00634 ], [ -93.13024, 36.00492 ], [ -93.13419, 35.90998 ], [ -93.03753, 35.88405 ], [ -92.38679, 35.86758 ], [ -92.39051, 35.79637 ], [ -92.45793, 35.75069 ], [ -92.46036, 35.70321 ], [ -92.62263, 35.70754 ], [ -92.69321, 35.59048 ], [ -92.88764, 35.59531 ], [ -92.919, 35.61983 ], [ -93.17838, 35.62575 ], [ -93.17644, 35.67325 ], [ -93.30624, 35.67602 ], [ -93.37294, 35.62985 ], [ -93.37653, 35.53482 ], [ -93.21556, 35.50768 ], [ -92.92426, 35.50107 ], [ -92.92636, 35.45355 ], [ -92.69998, 35.44796 ], [ -92.63301, 35.4938 ], [ -92.63071, 35.5413 ], [ -92.53358, 35.53873 ], [ -92.53121, 35.58623 ], [ -92.40162, 35.58269 ], [ -92.43157, 35.63108 ], [ -92.04261, 35.61977 ], [ -92.01157, 35.59503 ], [ -91.91438, 35.59199 ], [ -91.88058, 35.61471 ], [ -91.87211, 35.75713 ], [ -91.96814, 35.78393 ], [ -91.96261, 35.87885 ], [ -92.09273, 35.88283 ] ] ], [ [ [ -94.17445, 36.0 ], [ -94.23967, 36.00089 ], [ -94.24088, 35.95341 ], [ -94.17571, 35.95251 ], [ -94.17445, 36.0 ] ] ], [ [ [ -92.75828, 36.28121 ], [ -92.69282, 36.27957 ], [ -92.65547, 36.37359 ], [ -92.75379, 36.37606 ], [ -92.75828, 36.28121 ] ] ], [ [ [ -87.69469, 36.36672 ], [ -87.65049, 36.45917 ], [ -87.71591, 36.46333 ], [ -87.69469, 36.36672 ] ] ], [ [ [ -85.48563, 36.58927 ], [ -85.50017, 36.49497 ], [ -85.40223, 36.48707 ], [ -85.32588, 36.55247 ], [ -85.22416, 36.568 ], [ -85.21669, 36.61513 ], [ -85.41291, 36.63114 ], [ -85.48563, 36.58927 ] ] ], [ [ [ -84.32726, 34.45503 ], [ -84.3351, 34.40774 ], [ -84.29953, 34.42846 ], [ -84.17296, 34.41666 ], [ -84.16502, 34.46394 ], [ -84.03841, 34.45201 ], [ -83.96705, 34.49327 ], [ -83.95896, 34.54053 ], [ -83.82816, 34.55202 ], [ -83.70145, 34.53976 ], [ -83.65319, 34.63114 ], [ -83.46719, 34.58883 ], [ -83.45454, 34.65965 ], [ -83.57724, 34.69576 ], [ -83.70421, 34.70814 ], [ -83.75245, 34.61676 ], [ -83.91103, 34.632 ], [ -83.91916, 34.58476 ], [ -84.11342, 34.57915 ], [ -84.16105, 34.48758 ], [ -84.28774, 34.49939 ], [ -84.2956, 34.4521 ], [ -84.32726, 34.45503 ] ] ], [ [ [ -83.41435, 34.70371 ], [ -83.45454, 34.65965 ], [ -83.42282, 34.6565 ], [ -83.41435, 34.70371 ] ] ], [ [ [ -83.23854, 34.78223 ], [ -83.20678, 34.77903 ], [ -83.1707, 34.79941 ], [ -83.16638, 34.823 ], [ -83.23854, 34.78223 ] ] ], [ [ [ -82.49037, 35.13745 ], [ -82.52682, 35.11728 ], [ -82.53138, 35.09373 ], [ -82.46765, 35.08698 ], [ -82.45848, 35.13407 ], [ -82.49037, 35.13745 ] ] ], [ [ [ -83.20922, 36.00292 ], [ -83.24154, 36.00611 ], [ -83.21799, 35.95586 ], [ -83.20922, 36.00292 ] ] ], [ [ [ -76.2725, 37.66771 ], [ -76.19626, 37.9224 ], [ -76.37948, 37.99801 ], [ -76.47812, 38.01256 ], [ -76.49041, 38.08687 ], [ -76.56311, 38.07336 ], [ -76.59729, 37.95754 ], [ -76.70948, 37.92559 ], [ -76.79458, 37.98625 ], [ -76.92621, 38.00523 ], [ -76.97976, 37.81974 ], [ -77.14396, 37.84322 ], [ -77.19663, 37.77829 ], [ -77.32795, 37.79688 ], [ -77.4067, 37.7597 ], [ -77.45904, 37.69465 ], [ -77.6231, 37.71755 ], [ -77.66878, 37.67565 ], [ -77.72003, 37.48977 ], [ -77.84359, 37.41037 ], [ -77.86258, 37.34061 ], [ -77.99198, 37.23779 ], [ -78.08984, 37.25117 ], [ -78.1334, 37.08828 ], [ -78.22323, 37.00402 ], [ -78.29442, 36.98955 ], [ -78.42451, 37.00709 ], [ -78.50173, 36.96922 ], [ -78.58722, 37.02883 ], [ -78.78261, 37.05466 ], [ -79.02255, 37.03779 ], [ -79.04023, 36.96783 ], [ -79.15544, 36.91046 ], [ -79.2856, 36.92715 ], [ -79.41779, 36.79954 ], [ -79.435, 36.7295 ], [ -79.51704, 36.66766 ], [ -79.6694, 36.59056 ], [ -79.76665, 36.60272 ], [ -79.89176, 36.49792 ], [ -79.98891, 36.50992 ], [ -80.06469, 36.47111 ], [ -80.11351, 36.4049 ], [ -80.21057, 36.41674 ], [ -80.26462, 36.32707 ], [ -80.34004, 36.28808 ], [ -80.47464, 36.28021 ], [ -80.66856, 36.30328 ], [ -80.78651, 36.221 ], [ -80.91454, 36.09173 ], [ -80.92488, 36.04485 ], [ -80.95711, 36.0486 ], [ -80.96742, 36.00171 ], [ -81.11158, 35.94629 ], [ -81.20816, 35.9574 ], [ -81.21829, 35.91048 ], [ -81.37922, 35.92882 ], [ -81.44859, 35.91263 ], [ -81.57738, 35.92709 ], [ -81.65653, 35.86384 ], [ -81.78528, 35.87809 ], [ -81.85934, 35.8382 ], [ -81.9108, 35.74776 ], [ -82.00723, 35.75828 ], [ -82.03585, 35.61726 ], [ -82.08217, 35.55022 ], [ -82.19716, 35.46655 ], [ -82.23462, 35.27835 ], [ -82.23929, 35.25482 ], [ -82.20737, 35.25138 ], [ -82.198, 35.29844 ], [ -82.09746, 35.31158 ], [ -81.87392, 35.28706 ], [ -81.80526, 35.30349 ], [ -81.67757, 35.28924 ], [ -81.66785, 35.33626 ], [ -81.54013, 35.32187 ], [ -81.46149, 35.38512 ], [ -81.33373, 35.37053 ], [ -81.2818, 35.46081 ], [ -81.12704, 35.41886 ], [ -81.053, 35.45837 ], [ -81.03264, 35.55226 ], [ -80.99043, 35.59546 ], [ -80.83037, 35.57662 ], [ -80.78192, 35.49865 ], [ -80.68604, 35.48721 ], [ -80.63842, 35.55376 ], [ -80.4466, 35.53061 ], [ -80.49998, 35.58526 ], [ -80.50559, 35.70635 ], [ -80.40416, 35.71815 ], [ -80.24398, 35.6986 ], [ -80.12132, 35.65938 ], [ -79.96604, 35.76058 ], [ -79.77387, 35.73644 ], [ -79.60825, 35.73951 ], [ -79.58184, 35.71202 ], [ -79.44826, 35.71898 ], [ -79.28836, 35.69824 ], [ -79.21299, 35.73667 ], [ -79.20154, 35.78343 ], [ -79.12602, 35.8218 ], [ -79.07982, 36.00878 ], [ -78.92808, 36.08529 ], [ -78.82584, 36.09585 ], [ -78.66526, 36.07436 ], [ -78.54882, 36.01035 ], [ -78.38852, 35.98852 ], [ -78.30628, 36.04972 ], [ -78.17803, 36.03204 ], [ -77.87834, 36.15945 ], [ -77.74455, 36.28566 ], [ -77.67534, 36.54179 ], [ -77.57858, 36.52809 ], [ -77.52724, 36.59331 ], [ -77.36592, 36.57025 ], [ -77.28207, 36.63074 ], [ -77.18526, 36.61675 ], [ -77.12697, 36.70505 ], [ -76.99124, 36.70947 ], [ -76.94579, 36.75121 ], [ -76.83564, 36.78342 ], [ -76.71307, 36.7411 ], [ -76.65405, 36.82917 ], [ -76.60711, 36.99164 ], [ -76.62608, 37.04286 ], [ -76.61263, 37.08926 ], [ -76.59242, 37.15886 ], [ -76.50715, 37.21879 ], [ -76.37718, 37.19938 ], [ -76.2642, 37.35186 ], [ -76.23666, 37.44454 ], [ -76.24168, 37.54211 ], [ -76.30697, 37.55189 ], [ -76.2725, 37.66771 ] ], [ [ -81.61413, 35.59474 ], [ -81.62393, 35.54776 ], [ -81.78896, 35.54211 ], [ -81.76958, 35.6361 ], [ -81.72777, 35.67953 ], [ -81.6315, 35.6688 ], [ -81.61413, 35.59474 ] ], [ [ -77.42525, 37.20707 ], [ -77.39937, 37.3 ], [ -77.28854, 37.33257 ], [ -77.32109, 37.21643 ], [ -77.42525, 37.20707 ] ], [ [ -77.44547, 37.49967 ], [ -77.45225, 37.59717 ], [ -77.36053, 37.56011 ], [ -77.38007, 37.49044 ], [ -77.44547, 37.49967 ] ] ], [ [ [ -75.73443, 37.97355 ], [ -75.76288, 37.88105 ], [ -75.87083, 37.75227 ], [ -75.91306, 37.61343 ], [ -75.94571, 37.6184 ], [ -76.05731, 37.24791 ], [ -76.04564, 37.17346 ], [ -75.95528, 37.13541 ], [ -75.85104, 37.14361 ], [ -75.86249, 37.21809 ], [ -75.82743, 37.33385 ], [ -75.7342, 37.41641 ], [ -75.6295, 37.42444 ], [ -75.64075, 37.4989 ], [ -75.59089, 37.6608 ], [ -75.48255, 37.78938 ], [ -75.33005, 37.83831 ], [ -75.29374, 37.95382 ], [ -75.21361, 37.98973 ], [ -75.11822, 38.28984 ], [ -75.19876, 38.25399 ], [ -75.23539, 38.13856 ], [ -75.25731, 38.06929 ], [ -75.32297, 38.07955 ], [ -75.33751, 38.03335 ], [ -75.38483, 37.99226 ], [ -75.48324, 38.00754 ], [ -75.49766, 37.96133 ], [ -75.73443, 37.97355 ] ] ], [ [ [ -75.82134, 37.91419 ], [ -75.86572, 37.99356 ], [ -75.93384, 37.88289 ], [ -75.82134, 37.91419 ] ] ], [ [ [ -76.13344, 38.13068 ], [ -76.06981, 38.0002 ], [ -76.058, 37.92585 ], [ -75.95958, 37.91099 ], [ -75.93845, 37.98039 ], [ -76.01588, 38.06467 ], [ -75.9877, 38.15719 ], [ -76.08648, 38.17202 ], [ -76.13344, 38.13068 ] ] ], [ [ [ -75.11822, 38.28984 ], [ -75.02277, 38.37177 ], [ -75.04091, 38.42309 ], [ -75.12166, 38.3873 ], [ -75.11822, 38.28984 ] ] ] ] } },
{ "type": "Feature", "properties": { "ID": 39 }, "geometry": { "type": "MultiPolygon", "coordinates": [ [ [ [ -102.13304, 28.54034 ], [ -102.16627, 28.58716 ], [ -102.25451, 28.5824 ], [ -102.24868, 28.50982 ], [ -102.21544, 28.46301 ], [ -102.1567, 28.46618 ], [ -102.09417, 28.4209 ], [ -102.09796, 28.46931 ], [ -102.06858, 28.47087 ], [ -102.07047, 28.49507 ], [ -102.13304, 28.54034 ] ] ], [ [ [ -101.9976, 29.08145 ], [ -102.02721, 29.07992 ], [ -102.03098, 29.12822 ], [ -102.09023, 29.12513 ], [ -102.09404, 29.17342 ], [ -102.15332, 29.17029 ], [ -102.1514, 29.14615 ], [ -102.18102, 29.14458 ], [ -102.20483, 29.07056 ], [ -102.19321, 28.92562 ], [ -102.25229, 28.92245 ], [ -102.2445, 28.82579 ], [ -102.17971, 28.75644 ], [ -102.09126, 28.76114 ], [ -102.09886, 28.85783 ], [ -102.06934, 28.85939 ], [ -102.07123, 28.88355 ], [ -102.13029, 28.88044 ], [ -102.07313, 28.90772 ], [ -102.05114, 29.00591 ], [ -101.99198, 29.00899 ], [ -101.9976, 29.08145 ] ] ], [ [ [ -102.49669, 29.00605 ], [ -102.48859, 28.90944 ], [ -102.45905, 28.91109 ], [ -102.46713, 29.00771 ], [ -102.49669, 29.00605 ] ] ], [ [ [ -102.80351, 30.12698 ], [ -102.65562, 30.15958 ], [ -102.66619, 30.27983 ], [ -102.58018, 30.33297 ], [ -102.58856, 30.42912 ], [ -102.71545, 30.49446 ], [ -102.74344, 30.46872 ], [ -102.73486, 30.37259 ], [ -102.78858, 30.29704 ], [ -102.77566, 30.15276 ], [ -102.80351, 30.12698 ] ] ], [ [ [ -88.57682, 33.07597 ], [ -88.63436, 33.12736 ], [ -88.75687, 33.15856 ], [ -88.74249, 33.30152 ], [ -88.80747, 33.28134 ], [ -88.79794, 33.37663 ], [ -88.82452, 33.42608 ], [ -88.91625, 33.45528 ], [ -88.90684, 33.55054 ], [ -88.84165, 33.57076 ], [ -88.82497, 33.73739 ], [ -88.88796, 33.74098 ], [ -88.86659, 33.95512 ], [ -88.99295, 33.96223 ], [ -89.00463, 33.84327 ], [ -89.0385, 33.82123 ], [ -89.19619, 33.82988 ], [ -89.19165, 33.87748 ], [ -89.25478, 33.88089 ], [ -89.25253, 33.90468 ], [ -89.50518, 33.918 ], [ -89.53677, 33.91963 ], [ -89.54754, 33.80061 ], [ -89.4888, 33.74973 ], [ -89.70943, 33.761 ], [ -89.7178, 33.66574 ], [ -89.87522, 33.67354 ], [ -89.89148, 33.48293 ], [ -89.99168, 33.416 ], [ -90.00955, 33.20139 ], [ -90.04674, 33.13133 ], [ -90.07799, 33.13283 ], [ -90.0819, 33.08511 ], [ -90.11314, 33.0866 ], [ -90.1209, 32.99114 ], [ -89.9981, 32.96128 ], [ -90.00205, 32.91354 ], [ -89.90857, 32.90897 ], [ -89.92257, 32.74185 ], [ -89.8604, 32.73877 ], [ -89.83539, 32.66557 ], [ -89.74635, 32.6131 ], [ -89.72149, 32.53986 ], [ -89.63477, 32.46339 ], [ -89.63893, 32.4156 ], [ -89.51517, 32.40912 ], [ -89.50243, 32.55246 ], [ -89.37846, 32.54584 ], [ -89.32085, 32.49471 ], [ -89.29647, 32.42136 ], [ -89.07995, 32.40932 ], [ -88.92303, 32.42437 ], [ -88.88512, 32.49423 ], [ -88.81851, 32.53837 ], [ -88.69702, 32.50719 ], [ -88.66366, 32.52921 ], [ -88.65405, 32.62469 ], [ -88.55615, 32.66682 ], [ -88.53412, 32.8815 ], [ -88.59635, 32.88524 ], [ -88.57927, 33.05213 ], [ -88.57682, 33.07597 ] ] ], [ [ [ -76.27301, 35.02425 ], [ -76.39891, 35.04385 ], [ -76.48681, 35.08176 ], [ -76.54456, 34.99344 ], [ -76.59444, 35.04972 ], [ -76.49859, 35.15648 ], [ -76.45241, 35.31944 ], [ -76.40755, 35.36111 ], [ -76.26281, 35.29009 ], [ -76.24946, 35.33662 ], [ -76.08475, 35.33518 ], [ -75.94931, 35.45975 ], [ -75.9221, 35.5527 ], [ -75.76375, 35.52762 ], [ -75.68107, 35.80625 ], [ -75.52919, 35.75769 ], [ -75.55701, 35.66486 ], [ -75.49361, 35.65468 ], [ -75.44097, 35.71918 ], [ -75.55399, 35.78598 ], [ -75.52612, 35.87879 ], [ -75.58973, 35.88895 ], [ -75.56884, 35.95855 ], [ -75.63253, 35.96869 ], [ -75.61166, 36.03828 ], [ -75.70732, 36.05345 ], [ -75.74614, 36.03528 ], [ -75.79184, 35.9939 ], [ -75.91937, 36.01393 ], [ -75.97409, 35.82818 ], [ -76.00591, 35.83316 ], [ -76.03772, 35.83813 ], [ -76.07634, 35.81986 ], [ -76.20363, 35.83962 ], [ -76.24402, 35.70018 ], [ -76.37114, 35.71978 ], [ -76.40807, 35.82253 ], [ -76.5036, 35.83712 ], [ -76.53015, 35.7441 ], [ -76.6256, 35.7586 ], [ -76.63878, 35.71207 ], [ -76.71553, 35.67516 ], [ -76.80524, 35.59164 ], [ -77.00879, 35.57359 ], [ -77.16768, 35.59714 ], [ -77.28214, 35.66244 ], [ -77.44764, 35.66234 ], [ -77.49171, 35.49915 ], [ -77.58702, 35.51295 ], [ -77.66926, 35.45213 ], [ -77.68169, 35.40547 ], [ -77.84041, 35.4282 ], [ -77.96135, 35.46958 ], [ -78.07497, 35.41299 ], [ -78.09925, 35.31958 ], [ -78.08573, 35.24505 ], [ -78.2049, 35.16495 ], [ -78.36921, 35.16367 ], [ -78.38112, 35.11692 ], [ -78.53941, 35.1388 ], [ -78.62269, 35.19861 ], [ -78.78706, 35.19679 ], [ -78.94566, 35.21817 ], [ -79.04661, 35.2075 ], [ -79.1215, 35.16913 ], [ -79.20766, 35.08387 ], [ -79.219, 35.03703 ], [ -79.29361, 34.99855 ], [ -79.41465, 35.0386 ], [ -79.54694, 35.03167 ], [ -79.70539, 35.05212 ], [ -79.71639, 35.00523 ], [ -79.88027, 35.00202 ], [ -80.06028, 34.92821 ], [ -80.10802, 34.86179 ], [ -80.29791, 34.88548 ], [ -80.37177, 34.84635 ], [ -80.41377, 34.65846 ], [ -80.57116, 34.53298 ], [ -80.82849, 34.54009 ], [ -80.8183, 34.58712 ], [ -80.86617, 34.66524 ], [ -80.96095, 34.67656 ], [ -81.01271, 34.58624 ], [ -81.15394, 34.5306 ], [ -81.2486, 34.54171 ], [ -81.25541, 34.66305 ], [ -81.38188, 34.67774 ], [ -81.49864, 34.73937 ], [ -81.57167, 34.69954 ], [ -81.69827, 34.71392 ], [ -81.74911, 34.62332 ], [ -81.82188, 34.58333 ], [ -81.90403, 34.49619 ], [ -82.03033, 34.51024 ], [ -82.0397, 34.46311 ], [ -82.20217, 34.45692 ], [ -82.28371, 34.3695 ], [ -82.29289, 34.32234 ], [ -82.44594, 34.363 ], [ -82.66677, 34.38657 ], [ -82.60829, 34.52476 ], [ -82.82967, 34.54804 ], [ -82.91054, 34.46024 ], [ -82.92808, 34.36584 ], [ -82.97273, 34.29829 ], [ -83.04448, 34.25758 ], [ -83.05314, 34.21035 ], [ -83.14764, 34.22005 ], [ -83.29068, 34.13837 ], [ -83.33485, 34.07065 ], [ -83.46066, 34.0833 ], [ -83.46903, 34.03602 ], [ -83.5948, 34.04853 ], [ -83.75332, 33.87168 ], [ -83.76146, 33.82436 ], [ -83.94966, 33.84265 ], [ -83.98843, 33.99067 ], [ -84.20857, 34.01158 ], [ -84.33832, 33.99968 ], [ -84.34609, 33.95234 ], [ -84.50332, 33.96686 ], [ -84.58905, 33.83052 ], [ -84.61557, 33.66466 ], [ -84.57947, 33.493 ], [ -84.79826, 33.5129 ], [ -84.89942, 33.47387 ], [ -85.02808, 33.46125 ], [ -85.11222, 33.32437 ], [ -85.20581, 33.33255 ], [ -85.25123, 33.24029 ], [ -85.32061, 33.19819 ], [ -85.44522, 33.20888 ], [ -85.50061, 33.26167 ], [ -85.49019, 33.33292 ], [ -85.61506, 33.34343 ], [ -85.69114, 33.25362 ], [ -85.69795, 33.20611 ], [ -85.85715, 33.19521 ], [ -86.04418, 33.21038 ], [ -86.10001, 33.26291 ], [ -86.09019, 33.3342 ], [ -86.02772, 33.3292 ], [ -85.98325, 33.42171 ], [ -85.79654, 33.6227 ], [ -85.77617, 33.76509 ], [ -85.86367, 33.82022 ], [ -85.98944, 33.83034 ], [ -85.92782, 34.04131 ], [ -86.05399, 34.05136 ], [ -86.13027, 33.96146 ], [ -86.10866, 33.8878 ], [ -86.1284, 33.7454 ], [ -86.19775, 33.70286 ], [ -86.29196, 33.71022 ], [ -86.33622, 33.61767 ], [ -86.68137, 33.64392 ], [ -86.65654, 33.83393 ], [ -86.6787, 33.9075 ], [ -86.80473, 33.91681 ], [ -86.82707, 33.99034 ], [ -86.96533, 33.90451 ], [ -87.31209, 33.92901 ], [ -87.4468, 33.8664 ], [ -87.46671, 33.70002 ], [ -87.59248, 33.70854 ], [ -87.58688, 33.75609 ], [ -87.68129, 33.7624 ], [ -87.70448, 33.8358 ], [ -87.79626, 33.86579 ], [ -87.79079, 33.91333 ], [ -88.01162, 33.92758 ], [ -88.03521, 34.00089 ], [ -88.15371, 34.08014 ], [ -88.24859, 34.08602 ], [ -88.2434, 34.13355 ], [ -88.3358, 34.16312 ], [ -88.46753, 34.12322 ], [ -88.47256, 34.07568 ], [ -88.5042, 34.07757 ], [ -88.5067, 34.0538 ], [ -88.44346, 34.05002 ], [ -88.41691, 34.00057 ], [ -88.45355, 33.95491 ], [ -88.46612, 33.836 ], [ -88.40308, 33.8322 ], [ -88.38424, 33.71135 ], [ -88.32131, 33.7075 ], [ -88.27636, 33.53706 ], [ -88.28916, 33.41804 ], [ -88.33066, 33.32473 ], [ -88.23934, 33.29509 ], [ -88.24959, 33.19982 ], [ -88.19485, 33.12444 ], [ -88.16364, 33.12247 ], [ -88.14021, 33.04902 ], [ -88.08309, 32.99739 ], [ -87.96114, 32.96552 ], [ -87.96643, 32.91786 ], [ -87.8731, 32.91175 ], [ -87.73781, 32.99879 ], [ -87.70121, 33.04435 ], [ -87.71872, 33.16551 ], [ -87.6563, 33.16132 ], [ -87.65079, 33.20894 ], [ -87.68202, 33.21104 ], [ -87.61402, 33.25444 ], [ -87.55153, 33.2502 ], [ -87.48904, 33.24593 ], [ -87.47189, 33.12477 ], [ -87.50308, 33.12691 ], [ -87.50868, 33.07929 ], [ -87.53985, 33.08142 ], [ -87.54821, 33.00998 ], [ -87.61602, 32.96658 ], [ -87.63255, 32.82363 ], [ -87.56766, 32.84322 ], [ -87.5477, 32.74577 ], [ -87.48564, 32.74149 ], [ -87.46302, 32.66784 ], [ -87.30809, 32.65698 ], [ -87.29096, 32.79996 ], [ -87.19784, 32.79334 ], [ -87.20939, 32.69803 ], [ -87.18128, 32.67198 ], [ -86.96443, 32.65623 ], [ -86.9585, 32.70388 ], [ -86.83755, 32.67088 ], [ -86.62078, 32.65452 ], [ -86.49384, 32.66881 ], [ -86.48761, 32.71644 ], [ -86.41622, 32.78305 ], [ -86.38837, 32.75683 ], [ -86.20243, 32.74215 ], [ -86.08176, 32.70842 ], [ -86.03773, 32.8011 ], [ -85.91374, 32.791 ], [ -85.84509, 32.83348 ], [ -85.78978, 32.78077 ], [ -85.79982, 32.7094 ], [ -85.73791, 32.70425 ], [ -85.71707, 32.63028 ], [ -85.50069, 32.61195 ], [ -85.37361, 32.62509 ], [ -85.31531, 32.59593 ], [ -85.16088, 32.58237 ], [ -85.11576, 32.67476 ], [ -84.99212, 32.66373 ], [ -84.96482, 32.63718 ], [ -84.68687, 32.61184 ], [ -84.68316, 32.63561 ], [ -84.49791, 32.61836 ], [ -84.45949, 32.66298 ], [ -84.44436, 32.758 ], [ -84.40202, 32.82633 ], [ -84.3363, 32.84421 ], [ -84.08871, 32.82048 ], [ -83.88326, 32.92098 ], [ -83.84031, 32.98909 ], [ -83.8243, 33.08394 ], [ -83.70421, 33.04792 ], [ -83.54915, 33.03236 ], [ -83.54095, 33.07977 ], [ -83.44789, 33.07034 ], [ -83.40858, 33.11457 ], [ -83.42305, 33.2125 ], [ -83.32983, 33.20298 ], [ -83.32147, 33.25035 ], [ -83.19714, 33.23754 ], [ -83.17875, 33.16328 ], [ -83.12091, 33.13313 ], [ -82.99681, 33.12012 ], [ -82.98824, 33.16748 ], [ -82.86411, 33.15433 ], [ -82.78901, 33.21872 ], [ -82.57172, 33.19529 ], [ -82.47418, 33.20879 ], [ -82.42526, 33.3 ], [ -82.33206, 33.28974 ], [ -82.32304, 33.33703 ], [ -82.19874, 33.32322 ], [ -82.14939, 33.4143 ], [ -82.21081, 33.5901 ], [ -82.11727, 33.57968 ], [ -82.07687, 33.62343 ], [ -82.08501, 33.74499 ], [ -82.01324, 33.7852 ], [ -81.95072, 33.77817 ], [ -81.90543, 33.84544 ], [ -81.79271, 33.92917 ], [ -81.69879, 33.91845 ], [ -81.65795, 33.96203 ], [ -81.7083, 33.87128 ], [ -81.74149, 33.70612 ], [ -81.82274, 33.61884 ], [ -81.7651, 33.5881 ], [ -81.60933, 33.57015 ], [ -81.57341, 33.59013 ], [ -81.41768, 33.57194 ], [ -81.34086, 33.63538 ], [ -81.24739, 33.62431 ], [ -81.23761, 33.67148 ], [ -81.11295, 33.65661 ], [ -80.97341, 33.71233 ], [ -80.96343, 33.75946 ], [ -81.05703, 33.77074 ], [ -81.07833, 33.82161 ], [ -81.20327, 33.83651 ], [ -81.30384, 33.96914 ], [ -81.22157, 34.05601 ], [ -81.20677, 34.12668 ], [ -81.08132, 34.11179 ], [ -80.98226, 34.12409 ], [ -80.85687, 34.10899 ], [ -80.89213, 33.94416 ], [ -80.84975, 33.84236 ], [ -80.69367, 33.82327 ], [ -80.53253, 33.82754 ], [ -80.54793, 33.7569 ], [ -80.45443, 33.74525 ], [ -80.40788, 33.9571 ], [ -80.23092, 33.88647 ], [ -80.04371, 33.86263 ], [ -79.99658, 33.92918 ], [ -79.92346, 33.96818 ], [ -79.82979, 33.95606 ], [ -79.81903, 34.00308 ], [ -79.6941, 33.98681 ], [ -79.58406, 34.04501 ], [ -79.45912, 34.02851 ], [ -79.37098, 33.99257 ], [ -79.31757, 34.08233 ], [ -79.1414, 34.01019 ], [ -78.97977, 34.01247 ], [ -78.79267, 33.98677 ], [ -78.67377, 33.94603 ], [ -78.63686, 33.96515 ], [ -78.66225, 33.99294 ], [ -78.61953, 34.0355 ], [ -78.63916, 34.08675 ], [ -78.61021, 34.20396 ], [ -78.61829, 34.30206 ], [ -78.66352, 34.38104 ], [ -78.62286, 34.54502 ], [ -78.53665, 34.62999 ], [ -78.41092, 34.61247 ], [ -78.3873, 34.70609 ], [ -78.30656, 34.76747 ], [ -78.18064, 34.74973 ], [ -78.16866, 34.79651 ], [ -78.04273, 34.77864 ], [ -77.92293, 34.73727 ], [ -77.91078, 34.78402 ], [ -77.82953, 34.84509 ], [ -77.7036, 34.82689 ], [ -77.69059, 34.75223 ], [ -77.71516, 34.65875 ], [ -77.65236, 34.6496 ], [ -77.57056, 34.58909 ], [ -77.60754, 34.44885 ], [ -77.67015, 34.45802 ], [ -77.6824, 34.41126 ], [ -77.71369, 34.41583 ], [ -77.72591, 34.36906 ], [ -77.69463, 34.36449 ], [ -77.68852, 34.38787 ], [ -77.53217, 34.3649 ], [ -77.48855, 34.40704 ], [ -77.50747, 34.45841 ], [ -77.43247, 34.4959 ], [ -77.33231, 34.50531 ], [ -77.21327, 34.58472 ], [ -77.16932, 34.62672 ], [ -77.14405, 34.7201 ], [ -76.98715, 34.69648 ], [ -76.94939, 34.71506 ], [ -76.82392, 34.69599 ], [ -76.74184, 34.75637 ], [ -76.7289, 34.803 ], [ -76.57196, 34.77887 ], [ -76.52097, 34.84394 ], [ -76.36401, 34.81956 ], [ -76.31941, 34.86125 ], [ -76.27301, 35.02425 ] ], [ [ -79.90114, 34.20724 ], [ -79.911, 34.30524 ], [ -79.78552, 34.28908 ], [ -79.69689, 34.25339 ], [ -79.72949, 34.11245 ], [ -79.82335, 34.12463 ], [ -79.90114, 34.20724 ] ], [ [ -78.94279, 35.0969 ], [ -78.85936, 35.03728 ], [ -78.87092, 34.99047 ], [ -78.99744, 35.00751 ], [ -78.94279, 35.0969 ] ] ], [ [ [ -80.13924, 35.01052 ], [ -80.04414, 34.99859 ], [ -80.02797, 35.06896 ], [ -80.08067, 35.12384 ], [ -80.13924, 35.01052 ] ] ], [ [ [ -77.86315, 34.34046 ], [ -77.80062, 34.33139 ], [ -77.77628, 34.42495 ], [ -77.86414, 34.46196 ], [ -77.88837, 34.36839 ], [ -78.01354, 34.38643 ], [ -78.08214, 34.372 ], [ -78.06881, 34.29729 ], [ -78.09272, 34.20365 ], [ -78.16707, 34.16574 ], [ -78.1908, 34.07205 ], [ -78.31552, 34.0898 ], [ -78.32729, 34.04293 ], [ -78.11515, 33.98837 ], [ -78.07211, 34.03075 ], [ -78.02429, 34.21809 ], [ -78.03755, 34.29281 ], [ -77.87526, 34.29367 ], [ -77.86315, 34.34046 ] ] ], [ [ [ -78.18354, 34.48347 ], [ -78.19105, 34.58153 ], [ -78.28526, 34.59484 ], [ -78.33264, 34.40757 ], [ -78.2133, 34.36643 ], [ -78.13877, 34.40434 ], [ -78.18354, 34.48347 ] ] ] ] } },
{ "type": "Feature", "properties": { "ID": 40 }, "geometry": { "type": "MultiPolygon", "coordinates": [ [ [ [ -100.64076, 33.66563 ], [ -100.79831, 33.65969 ], [ -100.82501, 33.58695 ], [ -100.9509, 33.58203 ], [ -100.94269, 33.46279 ], [ -100.90801, 33.41633 ], [ -100.90151, 33.3209 ], [ -100.93124, 33.2958 ], [ -100.83719, 33.29949 ], [ -100.83879, 33.32335 ], [ -100.77607, 33.32577 ], [ -100.77924, 33.37349 ], [ -100.71647, 33.37589 ], [ -100.7196, 33.4236 ], [ -100.65678, 33.42596 ], [ -100.66762, 33.59293 ], [ -100.63614, 33.5941 ], [ -100.64076, 33.66563 ] ] ], [ [ [ -94.76615, 35.74567 ], [ -94.76318, 35.91193 ], [ -94.85932, 36.0078 ], [ -94.98979, 36.00887 ], [ -95.0867, 36.08082 ], [ -95.08323, 36.34188 ], [ -94.98455, 36.36488 ], [ -94.9835, 36.43606 ], [ -95.04815, 36.50771 ], [ -95.11386, 36.50817 ], [ -95.18014, 36.46116 ], [ -95.21406, 36.36646 ], [ -95.28039, 36.29566 ], [ -95.37865, 36.29616 ], [ -95.37908, 36.2487 ], [ -95.51001, 36.24925 ], [ -95.54211, 36.34429 ], [ -95.64044, 36.3446 ], [ -95.70549, 36.46339 ], [ -95.86967, 36.46365 ], [ -95.86976, 36.41621 ], [ -95.9682, 36.41627 ], [ -95.96822, 36.36882 ], [ -96.32891, 36.36841 ], [ -96.36158, 36.34459 ], [ -96.49269, 36.34417 ], [ -96.59123, 36.36749 ], [ -96.59164, 36.41494 ], [ -96.7557, 36.41409 ], [ -96.75517, 36.36664 ], [ -97.05026, 36.36461 ], [ -97.05099, 36.41206 ], [ -97.18222, 36.41094 ], [ -97.21461, 36.38692 ], [ -97.37858, 36.38529 ], [ -97.4104, 36.3375 ], [ -97.40846, 36.24259 ], [ -97.4734, 36.21813 ], [ -97.80053, 36.21404 ], [ -97.79928, 36.16657 ], [ -97.93003, 36.16471 ], [ -97.96069, 36.09302 ], [ -98.09129, 36.09099 ], [ -98.19, 36.11312 ], [ -98.25687, 36.15946 ], [ -98.38759, 36.15714 ], [ -98.45464, 36.20338 ], [ -98.4462, 35.96606 ], [ -98.4103, 35.87171 ], [ -98.47369, 35.823 ], [ -98.47114, 35.75176 ], [ -98.40617, 35.75298 ], [ -98.40205, 35.63422 ], [ -98.56508, 35.65486 ], [ -98.62907, 35.62981 ], [ -98.88847, 35.62428 ], [ -98.89045, 35.67178 ], [ -99.11755, 35.66651 ], [ -99.18026, 35.61743 ], [ -99.177, 35.54618 ], [ -99.24176, 35.54457 ], [ -99.2775, 35.615 ], [ -99.34462, 35.66084 ], [ -99.47436, 35.65742 ], [ -99.53801, 35.63192 ], [ -99.59915, 35.55889 ], [ -99.56311, 35.48853 ], [ -99.40134, 35.4929 ], [ -99.36554, 35.42248 ], [ -99.72105, 35.41271 ], [ -99.84899, 35.38515 ], [ -99.84637, 35.33764 ], [ -100.33044, 35.32226 ], [ -100.32602, 35.251 ], [ -100.4504, 35.17532 ], [ -100.44738, 35.1278 ], [ -100.57606, 35.12327 ], [ -100.57295, 35.07575 ], [ -100.70153, 35.0711 ], [ -100.79633, 35.04376 ], [ -100.78497, 34.87739 ], [ -100.94522, 34.87129 ], [ -100.94857, 34.91882 ], [ -101.14096, 34.91123 ], [ -101.16777, 34.83863 ], [ -101.42396, 34.828 ], [ -101.34907, 34.68809 ], [ -101.34366, 34.61676 ], [ -101.27981, 34.61942 ], [ -101.21244, 34.5745 ], [ -101.1753, 34.50445 ], [ -101.07966, 34.50831 ], [ -101.06772, 34.34176 ], [ -101.09268, 34.24529 ], [ -100.99404, 34.20148 ], [ -100.98569, 34.08243 ], [ -100.91901, 34.03729 ], [ -100.79231, 34.04217 ], [ -100.78911, 33.99453 ], [ -100.82076, 33.99333 ], [ -100.81754, 33.94568 ], [ -100.78431, 33.92306 ], [ -100.77475, 33.78009 ], [ -100.71477, 33.83014 ], [ -100.6516, 33.8325 ], [ -100.6547, 33.88016 ], [ -100.52826, 33.88478 ], [ -100.52978, 33.90861 ], [ -100.59302, 33.90631 ], [ -100.63082, 34.00046 ], [ -100.69414, 33.99811 ], [ -100.70515, 34.16483 ], [ -100.77982, 34.3291 ], [ -100.84343, 34.32668 ], [ -100.84994, 34.42187 ], [ -100.78625, 34.4243 ], [ -100.79431, 34.54326 ], [ -100.83109, 34.61341 ], [ -100.51171, 34.62515 ], [ -100.51628, 34.69651 ], [ -100.13251, 34.70954 ], [ -100.1353, 34.75711 ], [ -99.97391, 34.73841 ], [ -99.78188, 34.74425 ], [ -99.78444, 34.79183 ], [ -99.72289, 34.84129 ], [ -99.59468, 34.84496 ], [ -99.46762, 34.8723 ], [ -99.46528, 34.82472 ], [ -99.36913, 34.82729 ], [ -99.30167, 34.75759 ], [ -99.2067, 34.78384 ], [ -99.07856, 34.787 ], [ -99.04344, 34.71638 ], [ -98.88341, 34.7201 ], [ -98.75352, 34.67533 ], [ -98.75166, 34.62772 ], [ -98.52788, 34.63236 ], [ -98.36882, 34.65924 ], [ -98.30251, 34.58899 ], [ -98.11079, 34.59231 ], [ -98.04412, 34.4981 ], [ -98.04274, 34.45046 ], [ -97.94706, 34.45197 ], [ -97.91388, 34.40481 ], [ -97.81765, 34.38239 ], [ -97.59459, 34.38539 ], [ -97.59352, 34.33774 ], [ -97.3706, 34.34035 ], [ -97.37106, 34.36418 ], [ -97.11619, 34.36668 ], [ -97.11694, 34.41433 ], [ -96.98941, 34.41539 ], [ -96.98875, 34.36774 ], [ -96.76571, 34.36928 ], [ -96.73435, 34.41712 ], [ -96.63869, 34.41764 ], [ -96.57531, 34.4656 ], [ -96.57589, 34.53706 ], [ -96.51201, 34.53734 ], [ -96.5115, 34.46587 ], [ -96.38387, 34.46632 ], [ -96.28825, 34.4904 ], [ -96.25607, 34.41899 ], [ -96.16058, 34.49062 ], [ -96.09694, 34.6336 ], [ -96.03297, 34.63364 ], [ -96.00099, 34.70508 ], [ -95.87293, 34.70502 ], [ -95.90504, 34.6336 ], [ -95.969, 34.63364 ], [ -96.03295, 34.586 ], [ -96.0329, 34.49072 ], [ -95.90526, 34.46687 ], [ -95.84155, 34.41915 ], [ -95.84145, 34.4668 ], [ -95.74564, 34.49047 ], [ -95.7453, 34.58575 ], [ -95.77726, 34.58581 ], [ -95.77711, 34.63344 ], [ -95.74513, 34.63338 ], [ -95.74487, 34.70482 ], [ -95.84091, 34.70498 ], [ -95.8407, 34.80021 ], [ -95.74452, 34.80006 ], [ -95.6159, 34.87115 ], [ -95.58423, 34.79964 ], [ -95.456, 34.79915 ], [ -95.32755, 34.82235 ], [ -95.32709, 34.86995 ], [ -95.26241, 34.9172 ], [ -95.26166, 34.98859 ], [ -95.13191, 35.08295 ], [ -95.06754, 35.0825 ], [ -95.06912, 34.96354 ], [ -95.16552, 34.9642 ], [ -95.16608, 34.91661 ], [ -94.97342, 34.91521 ], [ -94.97273, 34.9628 ], [ -94.87634, 34.96199 ], [ -94.84224, 35.08067 ], [ -94.71351, 35.07944 ], [ -94.71482, 35.00807 ], [ -94.77912, 35.0087 ], [ -94.84421, 34.9617 ], [ -94.84499, 34.91411 ], [ -94.65235, 34.91223 ], [ -94.58622, 35.00671 ], [ -94.48977, 35.00561 ], [ -94.48823, 35.07698 ], [ -94.26298, 35.07413 ], [ -94.26357, 35.05034 ], [ -93.84543, 35.04399 ], [ -93.71679, 35.04177 ], [ -93.71135, 35.20824 ], [ -93.67911, 35.20766 ], [ -93.67753, 35.25521 ], [ -93.45175, 35.25093 ], [ -93.45521, 35.15583 ], [ -93.58405, 35.15832 ], [ -93.58487, 35.13454 ], [ -93.61708, 35.13514 ], [ -93.61869, 35.08758 ], [ -93.58815, 35.03941 ], [ -93.49168, 35.03756 ], [ -93.49338, 34.98998 ], [ -93.39698, 34.98806 ], [ -93.36306, 35.03497 ], [ -93.17016, 35.03086 ], [ -93.04257, 35.00417 ], [ -93.00739, 35.07477 ], [ -92.87872, 35.0717 ], [ -92.78332, 35.04554 ], [ -92.7855, 34.99798 ], [ -92.59273, 34.99299 ], [ -92.59389, 34.96921 ], [ -92.33699, 34.96211 ], [ -92.33948, 34.91455 ], [ -92.27782, 34.86513 ], [ -92.24576, 34.86419 ], [ -92.24322, 34.91176 ], [ -92.17646, 34.95742 ], [ -91.95176, 34.9505 ], [ -91.94901, 34.99805 ], [ -91.78843, 34.99287 ], [ -91.78557, 35.04041 ], [ -91.59277, 35.03392 ], [ -91.55461, 35.12787 ], [ -91.36159, 35.12103 ], [ -91.36474, 35.07351 ], [ -91.20565, 35.04383 ], [ -91.2089, 34.99631 ], [ -91.11424, 34.9689 ], [ -91.05341, 34.9189 ], [ -91.05676, 34.87136 ], [ -90.96233, 34.84384 ], [ -90.73812, 34.83479 ], [ -90.73456, 34.88232 ], [ -90.66686, 34.92719 ], [ -90.65419, 35.09348 ], [ -90.55408, 35.13693 ], [ -90.42545, 35.1314 ], [ -90.36497, 35.08109 ], [ -90.33861, 35.00842 ], [ -90.34627, 34.9134 ], [ -90.4462, 34.8701 ], [ -90.58351, 34.75678 ], [ -90.59082, 34.66169 ], [ -90.6282, 34.59172 ], [ -90.50056, 34.58626 ], [ -90.45932, 34.70374 ], [ -90.38782, 34.79601 ], [ -90.31999, 34.8407 ], [ -90.15991, 34.83348 ], [ -90.13186, 34.78449 ], [ -90.13781, 34.7132 ], [ -90.07389, 34.71024 ], [ -90.06989, 34.75776 ], [ -89.99986, 34.82605 ], [ -89.90385, 34.82149 ], [ -89.89972, 34.869 ], [ -89.80366, 34.86438 ], [ -89.73539, 34.90875 ], [ -89.69481, 35.00215 ], [ -89.63066, 34.99897 ], [ -89.58989, 35.09233 ], [ -89.46143, 35.08583 ], [ -89.45699, 35.1333 ], [ -89.3606, 35.12834 ], [ -89.28951, 35.19618 ], [ -89.24817, 35.28938 ], [ -89.05499, 35.27908 ], [ -89.01567, 35.34848 ], [ -89.00138, 35.49073 ], [ -88.96429, 35.53638 ], [ -88.83507, 35.52926 ], [ -88.76553, 35.57305 ], [ -88.74819, 35.7389 ], [ -88.84048, 35.79168 ], [ -88.83311, 35.86274 ], [ -88.93049, 35.86808 ], [ -88.92564, 35.91545 ], [ -88.9858, 35.96634 ], [ -89.11348, 35.99698 ], [ -89.10875, 36.04434 ], [ -89.23663, 36.07485 ], [ -89.46464, 36.0865 ], [ -89.42074, 36.20326 ], [ -89.58392, 36.21139 ], [ -89.65358, 36.16722 ], [ -89.71233, 36.24142 ], [ -89.70799, 36.28878 ], [ -89.96947, 36.30111 ], [ -90.04309, 36.20937 ], [ -90.0472, 36.16199 ], [ -90.17772, 36.16789 ], [ -90.1737, 36.21527 ], [ -90.27167, 36.2196 ], [ -90.40811, 36.15419 ], [ -90.50601, 36.15835 ], [ -90.6421, 36.09269 ], [ -90.62915, 36.25857 ], [ -90.79439, 36.24149 ], [ -90.8633, 36.19668 ], [ -90.92862, 36.19924 ], [ -90.96129, 36.2005 ], [ -91.02662, 36.20301 ], [ -91.03004, 36.1556 ], [ -91.12798, 36.1593 ], [ -91.16563, 36.08939 ], [ -91.26348, 36.09298 ], [ -91.26674, 36.04556 ], [ -91.36453, 36.04908 ], [ -91.36772, 36.00165 ], [ -91.46545, 36.00509 ], [ -91.47168, 35.91022 ], [ -91.50731, 35.8639 ], [ -91.93008, 35.87784 ], [ -91.96261, 35.87885 ], [ -91.96814, 35.78393 ], [ -91.87211, 35.75713 ], [ -91.87494, 35.70966 ], [ -91.7776, 35.70652 ], [ -91.75243, 35.58677 ], [ -92.01157, 35.59503 ], [ -92.04261, 35.61977 ], [ -92.43157, 35.63108 ], [ -92.40162, 35.58269 ], [ -92.49881, 35.58536 ], [ -92.5012, 35.53786 ], [ -92.46883, 35.53698 ], [ -92.47244, 35.46572 ], [ -92.63416, 35.47004 ], [ -92.63301, 35.4938 ], [ -92.69998, 35.44796 ], [ -92.92636, 35.45355 ], [ -92.92426, 35.50107 ], [ -93.21556, 35.50768 ], [ -93.37653, 35.53482 ], [ -93.37473, 35.58234 ], [ -93.86089, 35.5913 ], [ -93.86016, 35.61505 ], [ -94.28174, 35.62134 ], [ -94.41147, 35.623 ], [ -94.41038, 35.67051 ], [ -94.57266, 35.6724 ], [ -94.70427, 35.57873 ], [ -94.70205, 35.69753 ], [ -94.73452, 35.69785 ], [ -94.73365, 35.74536 ], [ -94.76615, 35.74567 ] ], [ [ -89.99941, 35.2075 ], [ -89.99533, 35.25497 ], [ -89.83433, 35.24734 ], [ -89.80845, 35.17459 ], [ -89.74413, 35.17147 ], [ -89.75898, 35.0053 ], [ -89.82733, 34.96092 ], [ -89.98766, 34.96857 ], [ -90.05584, 34.92406 ], [ -90.11396, 34.99828 ], [ -90.0678, 35.16301 ], [ -89.99941, 35.2075 ] ] ], [ [ [ -86.67945, 36.08354 ], [ -86.6634, 36.20165 ], [ -86.82618, 36.21322 ], [ -86.84196, 36.09509 ], [ -86.67945, 36.08354 ] ] ] ] } },
{ "type": "Feature", "properties": { "ID": 41 }, "geometry": { "type": "MultiPolygon", "coordinates": [ [ [ [ -100.15361, 32.34237 ], [ -100.2802, 32.38597 ], [ -100.46598, 32.37934 ], [ -100.46307, 32.33149 ], [ -100.58532, 32.30298 ], [ -100.57189, 32.08755 ], [ -100.44998, 32.11605 ], [ -100.4249, 32.21294 ], [ -100.20863, 32.22057 ], [ -100.0837, 32.20082 ], [ -99.95755, 32.157 ], [ -99.96013, 32.20489 ], [ -99.90343, 32.30264 ], [ -100.11997, 32.29555 ], [ -100.15361, 32.34237 ] ] ], [ [ [ -101.1965, 32.61435 ], [ -101.13777, 32.66476 ], [ -100.95132, 32.67239 ], [ -100.94808, 32.62459 ], [ -100.79435, 32.65464 ], [ -100.67618, 32.75503 ], [ -100.65118, 32.85179 ], [ -100.65577, 32.92346 ], [ -100.62916, 32.99629 ], [ -100.75247, 32.96768 ], [ -100.74934, 32.9199 ], [ -100.8429, 32.91628 ], [ -100.83971, 32.8685 ], [ -100.99387, 32.83841 ], [ -100.99059, 32.79062 ], [ -101.17563, 32.75904 ], [ -101.20332, 32.70994 ], [ -101.1965, 32.61435 ] ] ], [ [ [ -100.93124, 33.2958 ], [ -100.90151, 33.3209 ], [ -100.90801, 33.41633 ], [ -100.94269, 33.46279 ], [ -100.94761, 33.53434 ], [ -101.0734, 33.52929 ], [ -101.07677, 33.57698 ], [ -101.17117, 33.57311 ], [ -101.194, 33.45258 ], [ -101.35104, 33.44594 ], [ -101.47483, 33.41664 ], [ -101.45314, 33.13038 ], [ -101.2968, 33.13715 ], [ -101.2933, 33.08941 ], [ -101.16659, 33.07081 ], [ -101.01035, 33.07723 ], [ -101.00704, 33.02948 ], [ -100.56972, 33.04638 ], [ -100.53548, 32.99976 ], [ -100.54147, 33.09529 ], [ -100.63527, 33.09182 ], [ -100.63986, 33.16344 ], [ -100.82761, 33.15629 ], [ -100.86532, 33.25054 ], [ -100.9593, 33.24683 ], [ -100.96258, 33.29455 ], [ -100.93124, 33.2958 ] ] ], [ [ [ -100.83879, 33.32335 ], [ -100.83719, 33.29949 ], [ -100.80584, 33.3007 ], [ -100.80743, 33.32457 ], [ -100.83879, 33.32335 ] ] ], [ [ [ -100.77924, 33.37349 ], [ -100.77607, 33.32577 ], [ -100.74471, 33.32697 ], [ -100.74785, 33.37469 ], [ -100.77924, 33.37349 ] ] ], [ [ [ -100.65678, 33.42596 ], [ -100.7196, 33.4236 ], [ -100.71647, 33.37589 ], [ -100.6537, 33.37825 ], [ -100.65678, 33.42596 ] ] ], [ [ [ -100.63768, 33.61794 ], [ -100.5432, 33.62141 ], [ -100.55683, 33.83597 ], [ -100.52524, 33.83711 ], [ -100.52826, 33.88478 ], [ -100.6547, 33.88016 ], [ -100.6516, 33.8325 ], [ -100.68318, 33.83132 ], [ -100.68006, 33.78365 ], [ -100.61693, 33.78599 ], [ -100.60925, 33.6668 ], [ -100.64076, 33.66563 ], [ -100.63768, 33.61794 ] ] ], [ [ [ -100.79231, 34.04217 ], [ -100.88734, 34.03852 ], [ -100.88407, 33.99088 ], [ -100.78911, 33.99453 ], [ -100.79231, 34.04217 ] ] ], [ [ [ -95.58423, 34.79964 ], [ -95.6159, 34.87115 ], [ -95.74452, 34.80006 ], [ -95.8407, 34.80021 ], [ -95.84091, 34.70498 ], [ -95.71285, 34.70476 ], [ -95.71266, 34.75237 ], [ -95.61655, 34.75212 ], [ -95.61629, 34.79974 ], [ -95.58423, 34.79964 ] ] ], [ [ [ -87.61402, 33.25444 ], [ -87.68202, 33.21104 ], [ -87.61956, 33.20683 ], [ -87.61402, 33.25444 ] ] ], [ [ [ -88.53583, 34.07945 ], [ -88.53084, 34.12699 ], [ -88.62335, 34.15636 ], [ -88.61345, 34.25143 ], [ -88.80135, 34.28618 ], [ -88.83789, 34.24045 ], [ -88.81822, 34.11979 ], [ -88.86182, 34.00269 ], [ -88.88796, 33.74098 ], [ -88.82497, 33.73739 ], [ -88.84165, 33.57076 ], [ -88.90684, 33.55054 ], [ -88.91625, 33.45528 ], [ -88.82452, 33.42608 ], [ -88.79794, 33.37663 ], [ -88.80747, 33.28134 ], [ -88.74249, 33.30152 ], [ -88.75687, 33.15856 ], [ -88.63436, 33.12736 ], [ -88.57682, 33.07597 ], [ -88.56701, 33.1713 ], [ -88.49463, 33.26283 ], [ -88.33827, 33.25328 ], [ -88.28084, 33.20177 ], [ -88.25727, 33.12836 ], [ -88.19485, 33.12444 ], [ -88.24959, 33.19982 ], [ -88.23934, 33.29509 ], [ -88.33066, 33.32473 ], [ -88.28916, 33.41804 ], [ -88.27636, 33.53706 ], [ -88.32131, 33.7075 ], [ -88.38424, 33.71135 ], [ -88.40308, 33.8322 ], [ -88.46612, 33.836 ], [ -88.45355, 33.95491 ], [ -88.41691, 34.00057 ], [ -88.44346, 34.05002 ], [ -88.5067, 34.0538 ], [ -88.5042, 34.07757 ], [ -88.53583, 34.07945 ] ] ], [ [ [ -89.19165, 33.87748 ], [ -89.19619, 33.82988 ], [ -89.0385, 33.82123 ], [ -89.00463, 33.84327 ], [ -88.99295, 33.96223 ], [ -89.08775, 33.96748 ], [ -89.09236, 33.91989 ], [ -89.21869, 33.92678 ], [ -89.22321, 33.87919 ], [ -89.19165, 33.87748 ] ] ], [ [ [ -90.13186, 34.78449 ], [ -90.15991, 34.83348 ], [ -90.31999, 34.8407 ], [ -90.38782, 34.79601 ], [ -90.45932, 34.70374 ], [ -90.50056, 34.58626 ], [ -90.6282, 34.59172 ], [ -90.59082, 34.66169 ], [ -90.58351, 34.75678 ], [ -90.4462, 34.8701 ], [ -90.34627, 34.9134 ], [ -90.33861, 35.00842 ], [ -90.36497, 35.08109 ], [ -90.42545, 35.1314 ], [ -90.55408, 35.13693 ], [ -90.65419, 35.09348 ], [ -90.66686, 34.92719 ], [ -90.73456, 34.88232 ], [ -90.73812, 34.83479 ], [ -90.96233, 34.84384 ], [ -91.05676, 34.87136 ], [ -91.05341, 34.9189 ], [ -91.11424, 34.9689 ], [ -91.2089, 34.99631 ], [ -91.20565, 35.04383 ], [ -91.36474, 35.07351 ], [ -91.36159, 35.12103 ], [ -91.55461, 35.12787 ], [ -91.59277, 35.03392 ], [ -91.78557, 35.04041 ], [ -91.78843, 34.99287 ], [ -91.94901, 34.99805 ], [ -91.95176, 34.9505 ], [ -92.17646, 34.95742 ], [ -92.24322, 34.91176 ], [ -92.24576, 34.86419 ], [ -92.34195, 34.86698 ], [ -92.33948, 34.91455 ], [ -92.37156, 34.91547 ], [ -92.3691, 34.96303 ], [ -92.46543, 34.96573 ], [ -92.46783, 34.91816 ], [ -92.49992, 34.91904 ], [ -92.50465, 34.8239 ], [ -92.44176, 34.79834 ], [ -92.44897, 34.65558 ], [ -92.57801, 34.63529 ], [ -92.61454, 34.54093 ], [ -92.67838, 34.54262 ], [ -92.74771, 34.42522 ], [ -92.87519, 34.42843 ], [ -92.94305, 34.33471 ], [ -93.00873, 34.28859 ], [ -93.01073, 34.24094 ], [ -93.1379, 34.24389 ], [ -93.14078, 34.1724 ], [ -93.23976, 34.07919 ], [ -93.33492, 34.08123 ], [ -93.33671, 34.03356 ], [ -93.49522, 34.03681 ], [ -93.49689, 33.98912 ], [ -94.03557, 33.99868 ], [ -94.03426, 34.04637 ], [ -94.19222, 34.07258 ], [ -94.89025, 34.08066 ], [ -94.88951, 34.12834 ], [ -94.98477, 34.12914 ], [ -94.98409, 34.17683 ], [ -95.2383, 34.17861 ], [ -95.30209, 34.15514 ], [ -95.30115, 34.2505 ], [ -95.36434, 34.2985 ], [ -95.42801, 34.2988 ], [ -95.42743, 34.3703 ], [ -95.84166, 34.37149 ], [ -95.84155, 34.41915 ], [ -95.90526, 34.46687 ], [ -96.0329, 34.49072 ], [ -96.03295, 34.586 ], [ -95.969, 34.63364 ], [ -95.90504, 34.6336 ], [ -95.87293, 34.70502 ], [ -96.00099, 34.70508 ], [ -96.03297, 34.63364 ], [ -96.09694, 34.6336 ], [ -96.16058, 34.49062 ], [ -96.25607, 34.41899 ], [ -96.28825, 34.4904 ], [ -96.38387, 34.46632 ], [ -96.5115, 34.46587 ], [ -96.51201, 34.53734 ], [ -96.57589, 34.53706 ], [ -96.57531, 34.4656 ], [ -96.63869, 34.41764 ], [ -96.73435, 34.41712 ], [ -96.76571, 34.36928 ], [ -96.98875, 34.36774 ], [ -96.98941, 34.41539 ], [ -97.11694, 34.41433 ], [ -97.11619, 34.36668 ], [ -97.37106, 34.36418 ], [ -97.3706, 34.34035 ], [ -97.59352, 34.33774 ], [ -97.59459, 34.38539 ], [ -97.75392, 34.38329 ], [ -97.75274, 34.33564 ], [ -97.7209, 34.33607 ], [ -97.71801, 34.21692 ], [ -97.62264, 34.21818 ], [ -97.61938, 34.07514 ], [ -97.7457, 34.04961 ], [ -97.74337, 33.95422 ], [ -97.68002, 33.95508 ], [ -97.6761, 33.78809 ], [ -97.73756, 33.71565 ], [ -97.8007, 33.71475 ], [ -97.86135, 33.61837 ], [ -97.8595, 33.54675 ], [ -97.92248, 33.5458 ], [ -97.91993, 33.45029 ], [ -97.79413, 33.45216 ], [ -97.79532, 33.49992 ], [ -97.7009, 33.50124 ], [ -97.63578, 33.40656 ], [ -97.63415, 33.3349 ], [ -97.50855, 33.33649 ], [ -97.50955, 33.38426 ], [ -97.38385, 33.38572 ], [ -97.29, 33.41061 ], [ -97.29214, 33.53002 ], [ -97.19927, 33.62646 ], [ -97.13621, 33.62705 ], [ -97.07243, 33.57986 ], [ -97.06994, 33.4127 ], [ -97.03851, 33.41296 ], [ -97.03782, 33.36519 ], [ -96.91215, 33.36617 ], [ -96.8819, 33.46194 ], [ -96.75606, 33.46276 ], [ -96.75506, 33.36722 ], [ -96.62938, 33.36792 ], [ -96.50353, 33.3446 ], [ -96.5032, 33.29682 ], [ -96.34625, 33.29735 ], [ -96.28357, 33.3214 ], [ -96.03237, 33.32172 ], [ -95.87541, 33.29777 ], [ -95.84386, 33.36941 ], [ -95.71818, 33.36919 ], [ -95.718, 33.41696 ], [ -95.59182, 33.48827 ], [ -95.59155, 33.53603 ], [ -95.52825, 33.58356 ], [ -95.37068, 33.58287 ], [ -95.3711, 33.53511 ], [ -95.27662, 33.5346 ], [ -95.27614, 33.58236 ], [ -94.96102, 33.58014 ], [ -94.86762, 33.50769 ], [ -94.7417, 33.50648 ], [ -94.67787, 33.55359 ], [ -94.55188, 33.55219 ], [ -94.45688, 33.57494 ], [ -94.42327, 33.67003 ], [ -94.29708, 33.66837 ], [ -94.29822, 33.62064 ], [ -94.20364, 33.61932 ], [ -94.20245, 33.66705 ], [ -94.07627, 33.66518 ], [ -94.04667, 33.59308 ], [ -93.95146, 33.61544 ], [ -93.82538, 33.61332 ], [ -93.7016, 33.53945 ], [ -93.67243, 33.46725 ], [ -93.60952, 33.46606 ], [ -93.55149, 33.32156 ], [ -93.55554, 33.20212 ], [ -93.46153, 33.20023 ], [ -93.45649, 33.34356 ], [ -93.36229, 33.3416 ], [ -93.36404, 33.29383 ], [ -93.23854, 33.29111 ], [ -93.17392, 33.33747 ], [ -93.11305, 33.28826 ], [ -93.11496, 33.24049 ], [ -93.02091, 33.23828 ], [ -92.92076, 33.37927 ], [ -92.79513, 33.37611 ], [ -92.79301, 33.42385 ], [ -92.72798, 33.46996 ], [ -92.63365, 33.46745 ], [ -92.63588, 33.41971 ], [ -92.44736, 33.41449 ], [ -92.44971, 33.36674 ], [ -92.29396, 33.3383 ], [ -92.29642, 33.29055 ], [ -92.20233, 33.28772 ], [ -92.20484, 33.23996 ], [ -92.04946, 33.2112 ], [ -92.05468, 33.11568 ], [ -91.99212, 33.11367 ], [ -91.96483, 33.041 ], [ -91.87108, 33.03791 ], [ -91.86836, 33.08568 ], [ -91.80306, 33.13135 ], [ -91.7092, 33.12814 ], [ -91.7021, 33.24752 ], [ -91.63366, 33.34082 ], [ -91.57091, 33.3386 ], [ -91.5351, 33.40907 ], [ -91.5262, 33.5522 ], [ -91.55767, 33.55333 ], [ -91.54286, 33.79177 ], [ -91.44815, 33.78837 ], [ -91.4527, 33.71686 ], [ -91.2635, 33.70985 ], [ -91.20363, 33.65977 ], [ -91.20841, 33.58824 ], [ -91.11399, 33.58458 ], [ -91.11074, 33.63227 ], [ -91.04446, 33.67747 ], [ -90.94992, 33.67369 ], [ -90.87839, 33.7903 ], [ -90.78371, 33.7864 ], [ -90.69436, 33.71094 ], [ -90.53676, 33.70416 ], [ -90.47006, 33.74905 ], [ -90.46268, 33.84434 ], [ -90.33639, 33.83871 ], [ -90.34016, 33.79107 ], [ -90.15089, 33.78238 ], [ -90.12522, 33.70944 ], [ -90.13303, 33.61414 ], [ -90.06812, 33.635 ], [ -90.08582, 33.4205 ], [ -90.1172, 33.42199 ], [ -90.14051, 33.1358 ], [ -90.10925, 33.13431 ], [ -90.11314, 33.0866 ], [ -90.0819, 33.08511 ], [ -90.07799, 33.13283 ], [ -90.04674, 33.13133 ], [ -90.00955, 33.20139 ], [ -89.99168, 33.416 ], [ -89.89148, 33.48293 ], [ -89.87522, 33.67354 ], [ -89.7178, 33.66574 ], [ -89.70943, 33.761 ], [ -89.4888, 33.74973 ], [ -89.54754, 33.80061 ], [ -89.53677, 33.91963 ], [ -89.59995, 33.92287 ], [ -89.59781, 33.94667 ], [ -89.88229, 33.96083 ], [ -89.87616, 34.03224 ], [ -89.9711, 34.03682 ], [ -89.99874, 34.08593 ], [ -89.98466, 34.25249 ], [ -90.01038, 34.32536 ], [ -90.06996, 34.37592 ], [ -90.13357, 34.37888 ], [ -90.18351, 34.54827 ], [ -90.14176, 34.66566 ], [ -90.13186, 34.78449 ] ], [ [ -92.78981, 33.49546 ], [ -92.8475, 33.61639 ], [ -92.75297, 33.61397 ], [ -92.78981, 33.49546 ] ] ], [ [ [ -93.1273, 34.50589 ], [ -93.13116, 34.41064 ], [ -93.0037, 34.40769 ], [ -92.99966, 34.50294 ], [ -93.1273, 34.50589 ] ] ], [ [ [ -89.99941, 35.2075 ], [ -90.0678, 35.16301 ], [ -90.11396, 34.99828 ], [ -90.05584, 34.92406 ], [ -89.98766, 34.96857 ], [ -89.82733, 34.96092 ], [ -89.75898, 35.0053 ], [ -89.74413, 35.17147 ], [ -89.80845, 35.17459 ], [ -89.83433, 35.24734 ], [ -89.99533, 35.25497 ], [ -89.99941, 35.2075 ] ] ], [ [ [ -78.94279, 35.0969 ], [ -78.99744, 35.00751 ], [ -78.87092, 34.99047 ], [ -78.85936, 35.03728 ], [ -78.94279, 35.0969 ] ] ] ] } },
{ "type": "Feature", "properties": { "ID": 42 }, "geometry": { "type": "MultiPolygon", "coordinates": [ [ [ [ -96.75506, 33.36722 ], [ -96.75606, 33.46276 ], [ -96.8819, 33.46194 ], [ -96.91215, 33.36617 ], [ -96.94357, 33.36594 ], [ -96.94325, 33.34205 ], [ -96.78621, 33.34314 ], [ -96.78647, 33.36703 ], [ -96.75506, 33.36722 ] ] ], [ [ [ -97.06994, 33.4127 ], [ -97.07243, 33.57986 ], [ -97.13621, 33.62705 ], [ -97.19927, 33.62646 ], [ -97.29214, 33.53002 ], [ -97.29, 33.41061 ], [ -97.38385, 33.38572 ], [ -97.50955, 33.38426 ], [ -97.50855, 33.33649 ], [ -97.32012, 33.33863 ], [ -97.1949, 33.36378 ], [ -97.19569, 33.41155 ], [ -97.06994, 33.4127 ] ] ], [ [ [ -97.81765, 34.38239 ], [ -97.91388, 34.40481 ], [ -97.94706, 34.45197 ], [ -98.04274, 34.45046 ], [ -98.04412, 34.4981 ], [ -98.11079, 34.59231 ], [ -98.30251, 34.58899 ], [ -98.36882, 34.65924 ], [ -98.52788, 34.63236 ], [ -98.75166, 34.62772 ], [ -98.75352, 34.67533 ], [ -98.88341, 34.7201 ], [ -99.04344, 34.71638 ], [ -99.07856, 34.787 ], [ -99.2067, 34.78384 ], [ -99.30167, 34.75759 ], [ -99.36913, 34.82729 ], [ -99.46528, 34.82472 ], [ -99.46762, 34.8723 ], [ -99.59468, 34.84496 ], [ -99.72289, 34.84129 ], [ -99.78444, 34.79183 ], [ -99.78188, 34.74425 ], [ -99.97391, 34.73841 ], [ -100.1353, 34.75711 ], [ -100.13251, 34.70954 ], [ -100.51628, 34.69651 ], [ -100.51171, 34.62515 ], [ -100.83109, 34.61341 ], [ -100.79431, 34.54326 ], [ -100.78625, 34.4243 ], [ -100.84994, 34.42187 ], [ -100.84343, 34.32668 ], [ -100.77982, 34.3291 ], [ -100.70515, 34.16483 ], [ -100.69414, 33.99811 ], [ -100.63082, 34.00046 ], [ -100.59302, 33.90631 ], [ -100.52978, 33.90861 ], [ -100.52524, 33.83711 ], [ -100.55683, 33.83597 ], [ -100.5432, 33.62141 ], [ -100.63768, 33.61794 ], [ -100.63614, 33.5941 ], [ -100.66762, 33.59293 ], [ -100.6537, 33.37825 ], [ -100.74785, 33.37469 ], [ -100.74471, 33.32697 ], [ -100.80743, 33.32457 ], [ -100.80584, 33.3007 ], [ -100.96258, 33.29455 ], [ -100.9593, 33.24683 ], [ -100.86532, 33.25054 ], [ -100.82761, 33.15629 ], [ -100.63986, 33.16344 ], [ -100.63527, 33.09182 ], [ -100.54147, 33.09529 ], [ -100.53548, 32.99976 ], [ -100.62916, 32.99629 ], [ -100.65577, 32.92346 ], [ -100.65271, 32.87568 ], [ -100.40332, 32.88482 ], [ -100.28001, 32.91309 ], [ -100.28283, 32.96088 ], [ -100.12676, 32.96618 ], [ -100.03444, 32.99316 ], [ -100.0371, 33.04094 ], [ -99.94334, 33.04396 ], [ -99.94595, 33.09173 ], [ -99.81959, 33.07176 ], [ -99.63197, 33.0774 ], [ -99.62958, 33.02961 ], [ -99.50457, 33.03321 ], [ -99.50688, 33.081 ], [ -99.38178, 33.08447 ], [ -99.37955, 33.03668 ], [ -99.25452, 33.04003 ], [ -99.25237, 32.99223 ], [ -99.03368, 32.99778 ], [ -99.03168, 32.94998 ], [ -98.87556, 32.9537 ], [ -98.87745, 33.00151 ], [ -98.75246, 33.00435 ], [ -98.75065, 32.95654 ], [ -98.62573, 32.95925 ], [ -98.624, 32.91144 ], [ -98.53036, 32.91339 ], [ -98.53203, 32.9612 ], [ -98.34462, 32.9649 ], [ -98.2829, 32.98997 ], [ -98.28592, 33.08558 ], [ -98.34849, 33.08441 ], [ -98.38371, 33.2033 ], [ -98.32257, 33.25227 ], [ -98.19713, 33.25454 ], [ -98.19858, 33.30232 ], [ -98.04234, 33.32888 ], [ -98.04098, 33.2811 ], [ -97.75859, 33.28541 ], [ -97.75976, 33.33319 ], [ -97.66555, 33.33449 ], [ -97.66666, 33.38226 ], [ -97.63524, 33.38268 ], [ -97.63578, 33.40656 ], [ -97.7009, 33.50124 ], [ -97.79532, 33.49992 ], [ -97.79413, 33.45216 ], [ -97.91993, 33.45029 ], [ -97.92248, 33.5458 ], [ -97.8595, 33.54675 ], [ -97.86135, 33.61837 ], [ -97.8007, 33.71475 ], [ -97.73756, 33.71565 ], [ -97.6761, 33.78809 ], [ -97.68002, 33.95508 ], [ -97.74337, 33.95422 ], [ -97.7457, 34.04961 ], [ -97.61938, 34.07514 ], [ -97.62264, 34.21818 ], [ -97.71801, 34.21692 ], [ -97.7209, 34.33607 ], [ -97.75274, 34.33564 ], [ -97.75392, 34.38329 ], [ -97.81765, 34.38239 ] ] ] ] } },
{ "type": "Feature", "properties": { "ID": 43 }, "geometry": { "type": "MultiPolygon", "coordinates": [ [ [ [ -102.26137, 30.13281 ], [ -102.23531, 30.18252 ], [ -102.24522, 30.30279 ], [ -102.19293, 30.40214 ], [ -102.21468, 30.66651 ], [ -102.124, 30.67121 ], [ -102.1338, 30.79131 ], [ -102.19831, 30.83621 ], [ -102.47089, 30.82174 ], [ -102.46882, 30.79774 ], [ -102.62016, 30.78944 ], [ -102.61382, 30.71741 ], [ -102.67429, 30.71403 ], [ -102.66364, 30.59395 ], [ -102.72401, 30.59055 ], [ -102.71545, 30.49446 ], [ -102.58856, 30.42912 ], [ -102.58018, 30.33297 ], [ -102.66619, 30.27983 ], [ -102.65562, 30.15958 ], [ -102.80351, 30.12698 ], [ -102.77987, 29.86226 ], [ -102.69442, 29.91555 ], [ -102.67083, 29.98946 ], [ -102.61512, 30.04097 ], [ -102.4973, 30.0717 ], [ -102.31738, 30.08148 ], [ -102.32139, 30.12961 ], [ -102.26137, 30.13281 ] ] ], [ [ [ -100.91194, 31.16088 ], [ -100.88935, 31.28213 ], [ -100.95194, 31.30363 ], [ -101.13496, 31.29597 ], [ -101.15715, 31.17467 ], [ -101.27894, 31.16939 ], [ -101.28404, 31.24138 ], [ -101.40419, 31.21197 ], [ -101.42592, 31.09059 ], [ -101.3651, 31.09333 ], [ -101.41375, 30.92252 ], [ -101.40682, 30.82644 ], [ -101.62073, 30.84067 ], [ -101.61713, 30.79263 ], [ -101.60995, 30.69652 ], [ -101.4872, 30.67812 ], [ -101.42844, 30.70492 ], [ -101.41633, 30.53665 ], [ -101.32237, 30.49264 ], [ -101.28882, 30.44589 ], [ -101.13804, 30.45251 ], [ -101.13477, 30.40439 ], [ -100.71271, 30.42191 ], [ -100.67958, 30.37497 ], [ -100.67215, 30.2546 ], [ -100.57897, 30.20997 ], [ -100.57171, 30.08954 ], [ -100.54169, 30.0907 ], [ -100.53594, 29.99432 ], [ -100.5031, 29.94726 ], [ -100.38321, 29.95179 ], [ -100.25927, 29.88386 ], [ -100.1681, 29.86297 ], [ -99.98844, 29.8692 ], [ -99.92483, 29.79886 ], [ -99.92235, 29.75061 ], [ -99.77403, 29.77963 ], [ -99.5347, 29.78708 ], [ -99.53247, 29.73882 ], [ -99.38295, 29.74322 ], [ -99.38509, 29.79148 ], [ -99.32735, 29.84144 ], [ -99.17762, 29.84558 ], [ -99.17662, 29.82146 ], [ -99.0868, 29.82385 ], [ -99.08876, 29.8721 ], [ -99.03076, 29.9219 ], [ -98.9708, 29.92343 ], [ -98.97362, 29.99578 ], [ -98.9136, 29.99728 ], [ -98.92193, 30.21424 ], [ -98.86265, 30.23981 ], [ -98.74223, 30.24266 ], [ -98.74397, 30.29085 ], [ -98.71384, 30.29154 ], [ -98.71816, 30.41199 ], [ -98.74834, 30.41129 ], [ -98.75009, 30.45946 ], [ -98.87086, 30.4566 ], [ -98.87269, 30.50476 ], [ -98.99353, 30.50178 ], [ -99.05589, 30.54839 ], [ -99.05394, 30.50024 ], [ -99.11634, 30.54682 ], [ -99.29768, 30.54193 ], [ -99.29558, 30.49379 ], [ -99.41638, 30.49038 ], [ -99.45098, 30.58578 ], [ -99.5685, 30.51001 ], [ -99.65911, 30.50726 ], [ -99.65678, 30.45912 ], [ -99.83787, 30.4534 ], [ -99.84032, 30.50154 ], [ -99.78233, 30.55161 ], [ -99.66262, 30.57946 ], [ -99.63702, 30.67663 ], [ -99.54734, 30.70342 ], [ -99.4262, 30.70696 ], [ -99.4284, 30.75507 ], [ -99.33748, 30.75764 ], [ -99.33534, 30.70953 ], [ -99.24448, 30.71204 ], [ -99.21727, 30.78502 ], [ -99.15663, 30.78664 ], [ -99.13132, 30.90768 ], [ -99.2528, 30.90444 ], [ -99.25488, 30.95252 ], [ -99.31778, 30.99893 ], [ -99.32739, 31.21518 ], [ -99.41887, 31.21262 ], [ -99.44492, 31.11566 ], [ -99.53627, 31.113 ], [ -99.57131, 31.20819 ], [ -99.63462, 31.25439 ], [ -99.81764, 31.24873 ], [ -99.8201, 31.29675 ], [ -99.97269, 31.29181 ], [ -100.02983, 31.21775 ], [ -100.15176, 31.2136 ], [ -100.15443, 31.26162 ], [ -100.36792, 31.25406 ], [ -100.36511, 31.20605 ], [ -100.57842, 31.19812 ], [ -100.58136, 31.24613 ], [ -100.67283, 31.24261 ], [ -100.67132, 31.21861 ], [ -100.82369, 31.21259 ], [ -100.82059, 31.16458 ], [ -100.91194, 31.16088 ] ] ], [ [ [ -101.73735, 31.17244 ], [ -101.67282, 31.12734 ], [ -101.58155, 31.13162 ], [ -101.621, 31.25017 ], [ -101.74288, 31.24442 ], [ -101.73735, 31.17244 ] ] ], [ [ [ -90.78096, 32.08558 ], [ -90.84597, 32.04032 ], [ -90.66115, 32.03236 ], [ -90.65419, 32.12811 ], [ -90.77756, 32.13345 ], [ -90.78096, 32.08558 ] ] ], [ [ [ -90.16703, 32.41787 ], [ -90.1613, 32.48958 ], [ -90.25801, 32.44616 ], [ -90.25989, 32.42225 ], [ -90.16703, 32.41787 ] ] ], [ [ [ -93.06585, 32.90447 ], [ -93.12826, 32.90594 ], [ -93.15572, 33.00228 ], [ -93.24947, 33.00439 ], [ -93.25941, 32.74137 ], [ -93.13581, 32.71462 ], [ -93.1311, 32.83421 ], [ -93.06585, 32.90447 ] ] ], [ [ [ -79.17013, 33.21364 ], [ -79.13128, 33.37826 ], [ -79.05826, 33.4168 ], [ -79.03027, 33.53431 ], [ -78.94576, 33.61976 ], [ -78.84136, 33.65388 ], [ -78.78755, 33.74349 ], [ -78.63456, 33.84351 ], [ -78.47911, 33.82168 ], [ -78.43055, 33.88765 ], [ -78.24398, 33.86113 ], [ -78.207, 33.88013 ], [ -78.08267, 33.86226 ], [ -77.96438, 33.82083 ], [ -77.92135, 33.86318 ], [ -77.86722, 34.07395 ], [ -77.87425, 34.17212 ], [ -77.78068, 34.15849 ], [ -77.75638, 34.25209 ], [ -77.66949, 34.33652 ], [ -77.63824, 34.33194 ], [ -77.62597, 34.37871 ], [ -77.68852, 34.38787 ], [ -77.69463, 34.36449 ], [ -77.73811, 34.32228 ], [ -77.86315, 34.34046 ], [ -77.87526, 34.29367 ], [ -78.03755, 34.29281 ], [ -78.02429, 34.21809 ], [ -78.07211, 34.03075 ], [ -78.11515, 33.98837 ], [ -78.32729, 34.04293 ], [ -78.33904, 33.99606 ], [ -78.46949, 33.99022 ], [ -78.62531, 34.01205 ], [ -78.63686, 33.96515 ], [ -78.67377, 33.94603 ], [ -78.79267, 33.98677 ], [ -78.97977, 34.01247 ], [ -79.1414, 34.01019 ], [ -79.31757, 34.08233 ], [ -79.37098, 33.99257 ], [ -79.45912, 34.02851 ], [ -79.58406, 34.04501 ], [ -79.6941, 33.98681 ], [ -79.81903, 34.00308 ], [ -79.82979, 33.95606 ], [ -79.92346, 33.96818 ], [ -79.99658, 33.92918 ], [ -80.04371, 33.86263 ], [ -80.23092, 33.88647 ], [ -80.40788, 33.9571 ], [ -80.45443, 33.74525 ], [ -80.54793, 33.7569 ], [ -80.53253, 33.82754 ], [ -80.69367, 33.82327 ], [ -80.84975, 33.84236 ], [ -80.89213, 33.94416 ], [ -80.85687, 34.10899 ], [ -80.98226, 34.12409 ], [ -81.08132, 34.11179 ], [ -81.20677, 34.12668 ], [ -81.22157, 34.05601 ], [ -81.30384, 33.96914 ], [ -81.20327, 33.83651 ], [ -81.07833, 33.82161 ], [ -81.05703, 33.77074 ], [ -80.96343, 33.75946 ], [ -80.97341, 33.71233 ], [ -81.11295, 33.65661 ], [ -81.23761, 33.67148 ], [ -81.24739, 33.62431 ], [ -81.34086, 33.63538 ], [ -81.41768, 33.57194 ], [ -81.57341, 33.59013 ], [ -81.60933, 33.57015 ], [ -81.7651, 33.5881 ], [ -81.82274, 33.61884 ], [ -81.87732, 33.50433 ], [ -81.94888, 33.46416 ], [ -82.01112, 33.4712 ], [ -81.99723, 33.54206 ], [ -82.05493, 33.5727 ], [ -82.07687, 33.62343 ], [ -82.11727, 33.57968 ], [ -82.21081, 33.5901 ], [ -82.14939, 33.4143 ], [ -82.19874, 33.32322 ], [ -82.32304, 33.33703 ], [ -82.33206, 33.28974 ], [ -82.42526, 33.3 ], [ -82.47418, 33.20879 ], [ -82.57172, 33.19529 ], [ -82.78901, 33.21872 ], [ -82.86411, 33.15433 ], [ -82.98824, 33.16748 ], [ -82.99681, 33.12012 ], [ -83.12091, 33.13313 ], [ -83.17875, 33.16328 ], [ -83.19714, 33.23754 ], [ -83.32147, 33.25035 ], [ -83.32983, 33.20298 ], [ -83.42305, 33.2125 ], [ -83.40858, 33.11457 ], [ -83.44789, 33.07034 ], [ -83.54095, 33.07977 ], [ -83.54915, 33.03236 ], [ -83.70421, 33.04792 ], [ -83.8243, 33.08394 ], [ -83.84031, 32.98909 ], [ -83.88326, 32.92098 ], [ -84.08871, 32.82048 ], [ -84.3363, 32.84421 ], [ -84.40202, 32.82633 ], [ -84.44436, 32.758 ], [ -84.45949, 32.66298 ], [ -84.49791, 32.61836 ], [ -84.68316, 32.63561 ], [ -84.68687, 32.61184 ], [ -84.96482, 32.63718 ], [ -84.99212, 32.66373 ], [ -85.11576, 32.67476 ], [ -85.16088, 32.58237 ], [ -85.31531, 32.59593 ], [ -85.37361, 32.62509 ], [ -85.50069, 32.61195 ], [ -85.71707, 32.63028 ], [ -85.73791, 32.70425 ], [ -85.79982, 32.7094 ], [ -85.78978, 32.78077 ], [ -85.84509, 32.83348 ], [ -85.91374, 32.791 ], [ -86.03773, 32.8011 ], [ -86.08176, 32.70842 ], [ -86.20243, 32.74215 ], [ -86.38837, 32.75683 ], [ -86.41622, 32.78305 ], [ -86.48761, 32.71644 ], [ -86.49384, 32.66881 ], [ -86.62078, 32.65452 ], [ -86.83755, 32.67088 ], [ -86.9585, 32.70388 ], [ -86.96443, 32.65623 ], [ -87.18128, 32.67198 ], [ -87.20939, 32.69803 ], [ -87.19784, 32.79334 ], [ -87.29096, 32.79996 ], [ -87.30809, 32.65698 ], [ -87.46302, 32.66784 ], [ -87.48564, 32.74149 ], [ -87.5477, 32.74577 ], [ -87.56766, 32.84322 ], [ -87.63255, 32.82363 ], [ -87.61602, 32.96658 ], [ -87.54821, 33.00998 ], [ -87.53985, 33.08142 ], [ -87.50868, 33.07929 ], [ -87.50308, 33.12691 ], [ -87.62786, 33.13541 ], [ -87.62509, 33.15922 ], [ -87.71872, 33.16551 ], [ -87.70121, 33.04435 ], [ -87.73781, 32.99879 ], [ -87.8731, 32.91175 ], [ -87.96643, 32.91786 ], [ -87.96114, 32.96552 ], [ -88.08309, 32.99739 ], [ -88.14021, 33.04902 ], [ -88.16364, 33.12247 ], [ -88.25727, 33.12836 ], [ -88.28084, 33.20177 ], [ -88.33827, 33.25328 ], [ -88.40081, 33.25713 ], [ -88.41084, 33.16184 ], [ -88.44706, 33.11609 ], [ -88.57192, 33.12364 ], [ -88.57927, 33.05213 ], [ -88.59635, 32.88524 ], [ -88.53412, 32.8815 ], [ -88.55615, 32.66682 ], [ -88.65405, 32.62469 ], [ -88.66366, 32.52921 ], [ -88.69702, 32.50719 ], [ -88.81851, 32.53837 ], [ -88.88512, 32.49423 ], [ -88.92303, 32.42437 ], [ -89.07995, 32.40932 ], [ -89.29647, 32.42136 ], [ -89.32085, 32.49471 ], [ -89.37846, 32.54584 ], [ -89.50243, 32.55246 ], [ -89.51517, 32.40912 ], [ -89.63893, 32.4156 ], [ -89.63477, 32.46339 ], [ -89.72149, 32.53986 ], [ -89.74635, 32.6131 ], [ -89.83539, 32.66557 ], [ -89.8604, 32.73877 ], [ -89.92257, 32.74185 ], [ -89.90857, 32.90897 ], [ -90.00205, 32.91354 ], [ -89.9981, 32.96128 ], [ -90.1209, 32.99114 ], [ -90.10925, 33.13431 ], [ -90.17177, 33.13727 ], [ -90.2419, 33.04474 ], [ -90.24949, 32.94926 ], [ -90.3212, 32.83277 ], [ -90.41461, 32.83703 ], [ -90.42194, 32.74149 ], [ -90.52782, 32.57841 ], [ -90.62091, 32.58252 ], [ -90.62443, 32.53471 ], [ -90.71747, 32.53875 ], [ -90.75192, 32.49226 ], [ -90.69514, 32.41787 ], [ -90.63322, 32.41517 ], [ -90.59519, 32.50945 ], [ -90.53319, 32.5067 ], [ -90.42743, 32.66982 ], [ -90.36161, 32.71477 ], [ -90.23728, 32.70902 ], [ -90.2119, 32.63589 ], [ -90.02565, 32.62699 ], [ -90.04322, 32.41192 ], [ -90.04906, 32.3402 ], [ -90.05682, 32.24455 ], [ -90.15518, 32.17726 ], [ -90.16848, 32.00977 ], [ -90.20304, 31.96337 ], [ -90.29533, 31.96774 ], [ -90.32056, 32.04098 ], [ -90.41296, 32.04525 ], [ -90.41659, 31.99738 ], [ -90.66288, 32.00842 ], [ -90.66635, 31.96054 ], [ -90.75867, 31.96455 ], [ -90.79621, 31.87008 ], [ -90.91916, 31.87528 ], [ -90.91586, 31.92318 ], [ -91.0389, 31.92826 ], [ -91.13278, 31.90804 ], [ -91.14067, 31.78825 ], [ -91.20675, 31.7188 ], [ -91.20985, 31.67086 ], [ -91.30184, 31.67446 ], [ -91.30488, 31.62651 ], [ -91.24359, 31.62412 ], [ -91.27729, 31.57737 ], [ -91.25434, 31.45625 ], [ -91.00979, 31.44639 ], [ -90.8859, 31.46526 ], [ -90.8603, 31.39201 ], [ -90.86693, 31.29605 ], [ -90.93119, 31.25064 ], [ -90.71784, 31.24146 ], [ -90.71444, 31.28945 ], [ -90.59247, 31.28403 ], [ -90.55497, 31.3786 ], [ -90.28026, 31.36588 ], [ -90.27657, 31.41383 ], [ -90.21177, 31.45887 ], [ -90.12011, 31.45444 ], [ -90.11631, 31.50238 ], [ -89.87179, 31.49021 ], [ -89.87376, 31.46625 ], [ -89.65994, 31.4552 ], [ -89.62117, 31.54943 ], [ -89.25431, 31.5295 ], [ -89.19539, 31.50212 ], [ -89.0732, 31.49517 ], [ -89.0449, 31.46946 ], [ -88.92277, 31.46236 ], [ -88.92734, 31.41446 ], [ -88.80763, 31.38328 ], [ -88.65519, 31.37408 ], [ -88.61519, 31.468 ], [ -88.54934, 31.51213 ], [ -88.33561, 31.49874 ], [ -88.33066, 31.54661 ], [ -88.23902, 31.54076 ], [ -88.23401, 31.58861 ], [ -88.13979, 31.60661 ], [ -88.13216, 31.67838 ], [ -88.00979, 31.67035 ], [ -88.01495, 31.62252 ], [ -87.86475, 31.5884 ], [ -87.62039, 31.5717 ], [ -87.57897, 31.66522 ], [ -87.48725, 31.65879 ], [ -87.40111, 31.60449 ], [ -87.42328, 31.41317 ], [ -87.36235, 31.40881 ], [ -87.31789, 31.5262 ], [ -87.20154, 31.46954 ], [ -87.04915, 31.45831 ], [ -87.04337, 31.50613 ], [ -86.82996, 31.49008 ], [ -86.81811, 31.58568 ], [ -86.7511, 31.6288 ], [ -86.6595, 31.62175 ], [ -86.65346, 31.66953 ], [ -86.4702, 31.65521 ], [ -86.37237, 31.69571 ], [ -86.36614, 31.74346 ], [ -86.24072, 31.75753 ], [ -86.24703, 31.70979 ], [ -86.0975, 31.6735 ], [ -85.88382, 31.65579 ], [ -85.87727, 31.70352 ], [ -85.72129, 31.71449 ], [ -85.69742, 31.66417 ], [ -85.57537, 31.6537 ], [ -85.50758, 31.69612 ], [ -85.38895, 31.66161 ], [ -85.38208, 31.70931 ], [ -85.29053, 31.70123 ], [ -85.23914, 31.84156 ], [ -85.17099, 31.88378 ], [ -85.16045, 31.95526 ], [ -85.06861, 31.94702 ], [ -85.02164, 31.84618 ], [ -84.74664, 31.82092 ], [ -84.74299, 31.84474 ], [ -84.52917, 31.82466 ], [ -84.39201, 31.90825 ], [ -84.38448, 31.95586 ], [ -84.29273, 31.94703 ], [ -84.22394, 31.9887 ], [ -84.2163, 32.03629 ], [ -84.09, 32.04812 ], [ -84.08226, 32.09569 ], [ -84.01322, 32.13723 ], [ -83.76812, 32.1128 ], [ -83.76017, 32.16034 ], [ -83.66423, 32.17481 ], [ -83.54166, 32.16231 ], [ -83.49477, 32.25419 ], [ -83.34143, 32.23834 ], [ -83.33731, 32.26209 ], [ -83.12268, 32.23956 ], [ -83.1143, 32.28704 ], [ -82.95673, 32.29444 ], [ -82.88686, 32.33531 ], [ -82.83904, 32.4269 ], [ -82.65478, 32.40687 ], [ -82.44413, 32.5288 ], [ -82.40007, 32.59647 ], [ -82.3296, 32.63699 ], [ -82.1142, 32.61272 ], [ -81.99905, 32.72057 ], [ -81.78351, 32.69573 ], [ -81.62751, 32.84695 ], [ -81.50418, 32.83243 ], [ -81.40694, 32.84511 ], [ -81.28366, 32.83037 ], [ -81.2335, 32.9212 ], [ -81.11013, 32.90629 ], [ -81.03374, 32.96965 ], [ -80.82279, 32.91953 ], [ -80.69951, 32.90422 ], [ -80.6536, 32.97119 ], [ -80.50452, 32.92822 ], [ -80.3197, 32.90473 ], [ -80.25296, 32.92043 ], [ -80.23228, 33.01477 ], [ -80.15501, 33.07757 ], [ -80.08808, 33.09317 ], [ -79.90297, 33.06906 ], [ -79.88801, 32.99432 ], [ -79.70857, 32.94635 ], [ -79.66172, 33.01294 ], [ -79.58935, 33.05183 ], [ -79.49692, 33.03944 ], [ -79.42444, 33.07823 ], [ -79.41354, 33.12531 ], [ -79.32997, 33.21111 ], [ -79.17013, 33.21364 ] ], [ [ -86.42293, 32.49487 ], [ -86.38576, 32.54009 ], [ -86.37316, 32.63536 ], [ -86.21847, 32.62313 ], [ -86.11417, 32.47033 ], [ -85.99073, 32.4603 ], [ -85.98418, 32.50792 ], [ -85.82982, 32.4952 ], [ -85.91464, 32.33361 ], [ -85.92778, 32.23831 ], [ -85.99582, 32.19572 ], [ -86.2111, 32.2132 ], [ -86.21747, 32.16552 ], [ -86.37433, 32.15392 ], [ -86.68185, 32.17783 ], [ -86.74036, 32.20637 ], [ -86.76211, 32.28025 ], [ -87.00863, 32.29865 ], [ -87.01449, 32.25095 ], [ -87.13771, 32.25995 ], [ -87.15988, 32.33375 ], [ -87.14833, 32.42915 ], [ -87.04984, 32.4701 ], [ -86.80274, 32.45179 ], [ -86.70707, 32.46863 ], [ -86.49093, 32.45203 ], [ -86.42293, 32.49487 ] ], [ [ -87.70178, 32.49194 ], [ -87.75824, 32.54381 ], [ -87.71645, 32.63712 ], [ -87.53057, 32.62445 ], [ -87.51349, 32.50308 ], [ -87.57534, 32.50735 ], [ -87.58085, 32.45965 ], [ -87.60902, 32.48562 ], [ -87.70178, 32.49194 ] ], [ [ -84.99724, 32.42314 ], [ -84.98286, 32.51828 ], [ -84.8595, 32.50712 ], [ -84.90484, 32.41479 ], [ -84.99724, 32.42314 ] ], [ [ -83.69481, 32.73339 ], [ -83.7257, 32.73648 ], [ -83.70152, 32.87883 ], [ -83.60869, 32.86951 ], [ -83.64114, 32.67972 ], [ -83.57943, 32.67349 ], [ -83.52589, 32.61976 ], [ -83.53405, 32.57229 ], [ -83.60783, 32.50734 ], [ -83.61592, 32.45986 ], [ -83.76578, 32.49911 ], [ -83.74577, 32.61782 ], [ -83.69481, 32.73339 ] ] ], [ [ [ -79.90114, 34.20724 ], [ -79.82335, 34.12463 ], [ -79.72949, 34.11245 ], [ -79.69689, 34.25339 ], [ -79.78552, 34.28908 ], [ -79.911, 34.30524 ], [ -79.90114, 34.20724 ] ] ], [ [ [ -77.16932, 34.62672 ], [ -77.00626, 34.62647 ], [ -76.98715, 34.69648 ], [ -77.14405, 34.7201 ], [ -77.16932, 34.62672 ] ] ], [ [ [ -76.82392, 34.69599 ], [ -76.57319, 34.65747 ], [ -76.5927, 34.58751 ], [ -76.49884, 34.57295 ], [ -76.44138, 34.66133 ], [ -76.50402, 34.67107 ], [ -76.4844, 34.741 ], [ -76.38377, 34.74966 ], [ -76.3706, 34.79626 ], [ -76.52097, 34.84394 ], [ -76.57196, 34.77887 ], [ -76.7289, 34.803 ], [ -76.74184, 34.75637 ], [ -76.82392, 34.69599 ] ] ], [ [ [ -76.31941, 34.86125 ], [ -76.21674, 34.99112 ], [ -76.27301, 35.02425 ], [ -76.31941, 34.86125 ] ] ], [ [ [ -76.14049, 35.0278 ], [ -76.05285, 34.98965 ], [ -76.02595, 35.08272 ], [ -76.08891, 35.09266 ], [ -76.14049, 35.0278 ] ] ], [ [ [ -75.52065, 35.34267 ], [ -75.53449, 35.29622 ], [ -75.65662, 35.21853 ], [ -75.53062, 35.19821 ], [ -75.48909, 35.33757 ], [ -75.52065, 35.34267 ] ] ] ] } },
{ "type": "Feature", "properties": { "ID": 44 }, "geometry": { "type": "MultiPolygon", "coordinates": [ [ [ [ -102.09417, 28.4209 ], [ -102.08662, 28.32406 ], [ -102.02798, 28.32716 ], [ -102.03733, 28.44821 ], [ -102.0667, 28.44666 ], [ -102.06858, 28.47087 ], [ -102.09796, 28.46931 ], [ -102.09417, 28.4209 ] ] ], [ [ [ -102.06178, 28.76269 ], [ -102.09696, 28.83366 ], [ -102.09126, 28.76114 ], [ -102.06178, 28.76269 ] ] ], [ [ [ -102.0417, 28.8851 ], [ -101.9845, 28.91234 ], [ -101.99198, 29.00899 ], [ -102.05114, 29.00591 ], [ -102.07313, 28.90772 ], [ -102.13029, 28.88044 ], [ -102.0417, 28.8851 ] ] ], [ [ [ -102.25815, 28.99492 ], [ -102.25229, 28.92245 ], [ -102.19321, 28.92562 ], [ -102.19901, 28.9981 ], [ -102.25815, 28.99492 ] ] ], [ [ [ -102.45905, 28.91109 ], [ -102.40198, 28.93853 ], [ -102.40798, 29.01099 ], [ -102.46713, 29.00771 ], [ -102.45905, 28.91109 ] ] ], [ [ [ -102.20483, 29.07056 ], [ -102.18102, 29.14458 ], [ -102.1514, 29.14615 ], [ -102.15332, 29.17029 ], [ -102.2126, 29.16714 ], [ -102.20483, 29.07056 ] ] ], [ [ [ -102.54989, 29.63327 ], [ -102.5797, 29.6316 ], [ -102.58177, 29.65569 ], [ -102.61159, 29.65402 ], [ -102.61367, 29.67811 ], [ -102.67332, 29.67473 ], [ -102.66912, 29.62654 ], [ -102.75852, 29.62141 ], [ -102.75215, 29.54912 ], [ -102.66282, 29.55424 ], [ -102.62888, 29.50772 ], [ -102.61017, 29.29069 ], [ -102.63361, 29.21662 ], [ -102.62116, 29.0718 ], [ -102.58951, 29.04934 ], [ -102.50076, 29.05435 ], [ -102.49669, 29.00605 ], [ -102.46713, 29.00771 ], [ -102.47319, 29.08015 ], [ -102.53647, 29.12511 ], [ -102.54261, 29.19752 ], [ -102.48536, 29.22498 ], [ -102.50779, 29.49031 ], [ -102.32924, 29.50012 ], [ -102.33322, 29.54834 ], [ -102.30344, 29.54995 ], [ -102.37302, 29.66724 ], [ -102.42862, 29.61578 ], [ -102.54577, 29.58507 ], [ -102.54989, 29.63327 ] ] ], [ [ [ -102.20628, 29.45828 ], [ -102.29552, 29.4535 ], [ -102.28959, 29.38114 ], [ -102.20043, 29.38591 ], [ -102.20628, 29.45828 ] ] ], [ [ [ -102.03098, 29.12822 ], [ -102.02721, 29.07992 ], [ -101.9976, 29.08145 ], [ -102.00136, 29.12975 ], [ -102.03098, 29.12822 ] ] ], [ [ [ -99.32735, 29.84144 ], [ -99.38509, 29.79148 ], [ -99.38295, 29.74322 ], [ -99.53247, 29.73882 ], [ -99.5347, 29.78708 ], [ -99.77403, 29.77963 ], [ -99.92235, 29.75061 ], [ -99.92483, 29.79886 ], [ -99.98844, 29.8692 ], [ -100.1681, 29.86297 ], [ -100.25927, 29.88386 ], [ -100.38321, 29.95179 ], [ -100.5031, 29.94726 ], [ -100.53594, 29.99432 ], [ -100.5345, 29.97022 ], [ -100.6215, 29.91852 ], [ -100.5843, 29.79914 ], [ -100.49456, 29.80261 ], [ -100.46889, 29.87609 ], [ -100.37629, 29.83124 ], [ -100.36939, 29.71065 ], [ -100.33677, 29.6635 ], [ -100.24719, 29.66678 ], [ -100.21201, 29.57133 ], [ -100.0927, 29.57556 ], [ -100.09786, 29.6721 ], [ -100.07184, 29.74552 ], [ -100.01205, 29.74758 ], [ -99.94976, 29.70135 ], [ -99.94354, 29.58068 ], [ -99.91001, 29.50926 ], [ -99.82059, 29.51221 ], [ -99.79436, 29.58561 ], [ -99.675, 29.58942 ], [ -99.67269, 29.54113 ], [ -99.5534, 29.54481 ], [ -99.58887, 29.66461 ], [ -99.46938, 29.6682 ], [ -99.34566, 29.57511 ], [ -99.32, 29.67253 ], [ -99.20049, 29.67585 ], [ -99.20352, 29.74825 ], [ -99.26333, 29.74661 ], [ -99.26539, 29.79487 ], [ -99.23547, 29.7957 ], [ -99.23751, 29.84395 ], [ -99.32735, 29.84144 ] ] ], [ [ [ -98.99698, 29.82617 ], [ -98.96423, 29.75454 ], [ -98.87268, 29.70849 ], [ -98.86816, 29.58778 ], [ -98.74876, 29.59064 ], [ -98.71976, 29.61549 ], [ -98.72319, 29.71206 ], [ -98.66508, 29.7617 ], [ -98.6676, 29.8341 ], [ -98.76093, 29.92853 ], [ -98.88177, 29.94978 ], [ -98.8836, 29.99802 ], [ -98.79356, 30.00018 ], [ -98.79534, 30.04841 ], [ -98.70524, 30.05051 ], [ -98.70353, 30.00228 ], [ -98.49343, 30.00691 ], [ -98.46575, 30.07988 ], [ -98.46967, 30.20042 ], [ -98.65022, 30.19651 ], [ -98.74135, 30.21856 ], [ -98.74223, 30.24266 ], [ -98.86265, 30.23981 ], [ -98.92193, 30.21424 ], [ -98.9136, 29.99728 ], [ -98.97362, 29.99578 ], [ -98.9708, 29.92343 ], [ -99.03076, 29.9219 ], [ -99.08876, 29.8721 ], [ -99.0868, 29.82385 ], [ -98.99698, 29.82617 ] ] ], [ [ [ -98.65359, 30.29291 ], [ -98.65781, 30.41335 ], [ -98.71816, 30.41199 ], [ -98.71384, 30.29154 ], [ -98.65359, 30.29291 ] ] ], [ [ [ -91.76093, 30.63263 ], [ -91.76364, 30.58452 ], [ -91.5823, 30.57793 ], [ -91.57948, 30.62604 ], [ -91.76093, 30.63263 ] ] ], [ [ [ -80.88293, 32.02954 ], [ -80.87312, 32.07688 ], [ -80.7669, 32.13641 ], [ -80.70591, 32.12873 ], [ -80.65053, 32.24314 ], [ -80.55392, 32.25516 ], [ -80.54388, 32.30245 ], [ -80.45223, 32.29074 ], [ -80.40141, 32.38136 ], [ -80.44738, 32.46008 ], [ -80.28924, 32.46405 ], [ -80.23809, 32.55455 ], [ -80.13584, 32.58984 ], [ -79.98262, 32.56981 ], [ -79.89509, 32.67971 ], [ -79.74056, 32.80494 ], [ -79.67378, 32.82033 ], [ -79.62699, 32.88692 ], [ -79.53476, 32.87456 ], [ -79.52396, 32.92168 ], [ -79.56933, 33.0006 ], [ -79.37918, 32.99927 ], [ -79.32653, 33.08926 ], [ -79.2539, 33.12795 ], [ -79.17013, 33.21364 ], [ -79.32997, 33.21111 ], [ -79.41354, 33.12531 ], [ -79.42444, 33.07823 ], [ -79.49692, 33.03944 ], [ -79.58935, 33.05183 ], [ -79.66172, 33.01294 ], [ -79.70857, 32.94635 ], [ -79.88801, 32.99432 ], [ -79.90297, 33.06906 ], [ -80.08808, 33.09317 ], [ -80.15501, 33.07757 ], [ -80.23228, 33.01477 ], [ -80.25296, 32.92043 ], [ -80.3197, 32.90473 ], [ -80.50452, 32.92822 ], [ -80.6536, 32.97119 ], [ -80.69951, 32.90422 ], [ -80.82279, 32.91953 ], [ -81.03374, 32.96965 ], [ -81.11013, 32.90629 ], [ -81.2335, 32.9212 ], [ -81.28366, 32.83037 ], [ -81.40694, 32.84511 ], [ -81.50418, 32.83243 ], [ -81.62751, 32.84695 ], [ -81.78351, 32.69573 ], [ -81.99905, 32.72057 ], [ -82.1142, 32.61272 ], [ -82.3296, 32.63699 ], [ -82.40007, 32.59647 ], [ -82.44413, 32.5288 ], [ -82.65478, 32.40687 ], [ -82.83904, 32.4269 ], [ -82.88686, 32.33531 ], [ -82.95673, 32.29444 ], [ -83.1143, 32.28704 ], [ -83.12268, 32.23956 ], [ -83.33731, 32.26209 ], [ -83.34143, 32.23834 ], [ -83.40276, 32.2447 ], [ -83.42322, 32.12593 ], [ -83.51102, 32.15917 ], [ -83.66423, 32.17481 ], [ -83.76017, 32.16034 ], [ -83.76812, 32.1128 ], [ -84.01322, 32.13723 ], [ -84.08226, 32.09569 ], [ -84.09, 32.04812 ], [ -84.2163, 32.03629 ], [ -84.22394, 31.9887 ], [ -84.29273, 31.94703 ], [ -84.38448, 31.95586 ], [ -84.39201, 31.90825 ], [ -84.52917, 31.82466 ], [ -84.74299, 31.84474 ], [ -84.74664, 31.82092 ], [ -85.02164, 31.84618 ], [ -85.06861, 31.94702 ], [ -85.16045, 31.95526 ], [ -85.17099, 31.88378 ], [ -85.23914, 31.84156 ], [ -85.29053, 31.70123 ], [ -85.38208, 31.70931 ], [ -85.38895, 31.66161 ], [ -85.50758, 31.69612 ], [ -85.57537, 31.6537 ], [ -85.69742, 31.66417 ], [ -85.72129, 31.71449 ], [ -85.87727, 31.70352 ], [ -85.88382, 31.65579 ], [ -86.0975, 31.6735 ], [ -86.24703, 31.70979 ], [ -86.24072, 31.75753 ], [ -86.36614, 31.74346 ], [ -86.37237, 31.69571 ], [ -86.4702, 31.65521 ], [ -86.65346, 31.66953 ], [ -86.6595, 31.62175 ], [ -86.7511, 31.6288 ], [ -86.81811, 31.58568 ], [ -86.82996, 31.49008 ], [ -87.04337, 31.50613 ], [ -87.04915, 31.45831 ], [ -87.20154, 31.46954 ], [ -87.31789, 31.5262 ], [ -87.36235, 31.40881 ], [ -87.42328, 31.41317 ], [ -87.40111, 31.60449 ], [ -87.48725, 31.65879 ], [ -87.57897, 31.66522 ], [ -87.62039, 31.5717 ], [ -87.86475, 31.5884 ], [ -88.01495, 31.62252 ], [ -88.00979, 31.67035 ], [ -88.13216, 31.67838 ], [ -88.13979, 31.60661 ], [ -88.23401, 31.58861 ], [ -88.23902, 31.54076 ], [ -88.33066, 31.54661 ], [ -88.33561, 31.49874 ], [ -88.54934, 31.51213 ], [ -88.61519, 31.468 ], [ -88.65519, 31.37408 ], [ -88.80763, 31.38328 ], [ -88.92734, 31.41446 ], [ -88.92277, 31.46236 ], [ -89.0449, 31.46946 ], [ -89.0732, 31.49517 ], [ -89.19539, 31.50212 ], [ -89.25431, 31.5295 ], [ -89.62117, 31.54943 ], [ -89.65994, 31.4552 ], [ -89.87376, 31.46625 ], [ -89.87179, 31.49021 ], [ -90.11631, 31.50238 ], [ -90.12011, 31.45444 ], [ -90.21177, 31.45887 ], [ -90.27657, 31.41383 ], [ -90.28026, 31.36588 ], [ -90.55497, 31.3786 ], [ -90.59247, 31.28403 ], [ -90.71444, 31.28945 ], [ -90.71784, 31.24146 ], [ -90.93119, 31.25064 ], [ -90.86693, 31.29605 ], [ -90.8603, 31.39201 ], [ -90.8859, 31.46526 ], [ -91.00979, 31.44639 ], [ -91.25434, 31.45625 ], [ -91.27729, 31.57737 ], [ -91.24359, 31.62412 ], [ -91.33552, 31.6277 ], [ -91.34305, 31.5078 ], [ -91.37962, 31.41302 ], [ -91.31851, 31.41066 ], [ -91.32303, 31.33868 ], [ -91.38409, 31.34104 ], [ -91.39003, 31.24503 ], [ -91.58292, 31.08382 ], [ -91.58718, 31.01176 ], [ -91.52639, 31.00951 ], [ -91.53498, 30.86534 ], [ -91.50896, 30.79209 ], [ -91.41805, 30.78864 ], [ -91.42098, 30.74056 ], [ -91.30135, 30.71181 ], [ -91.33907, 30.59276 ], [ -91.27863, 30.59038 ], [ -91.24841, 30.58918 ], [ -91.21819, 30.58797 ], [ -91.15775, 30.58552 ], [ -90.94625, 30.57673 ], [ -90.79688, 30.54617 ], [ -90.80019, 30.49807 ], [ -90.70967, 30.49408 ], [ -90.70629, 30.54217 ], [ -90.55535, 30.53536 ], [ -90.55187, 30.58344 ], [ -90.28007, 30.57068 ], [ -90.16115, 30.54078 ], [ -90.15743, 30.58885 ], [ -90.03664, 30.58286 ], [ -90.04044, 30.53478 ], [ -89.88762, 30.55116 ], [ -89.88177, 30.62325 ], [ -89.79313, 30.59453 ], [ -89.58179, 30.58331 ], [ -89.49331, 30.55437 ], [ -89.37263, 30.5477 ], [ -89.37685, 30.49964 ], [ -89.28641, 30.49456 ], [ -89.28213, 30.54262 ], [ -89.15276, 30.63181 ], [ -88.82069, 30.61223 ], [ -88.67214, 30.57902 ], [ -88.66746, 30.62703 ], [ -88.45622, 30.61382 ], [ -88.30292, 30.62815 ], [ -88.23763, 30.67223 ], [ -88.23267, 30.72021 ], [ -88.16475, 30.78821 ], [ -88.07405, 30.78222 ], [ -88.03364, 30.87612 ], [ -87.96797, 30.92001 ], [ -87.9074, 30.91592 ], [ -87.92034, 30.79605 ], [ -87.85988, 30.79194 ], [ -87.83748, 30.71794 ], [ -87.84789, 30.62199 ], [ -87.72727, 30.61366 ], [ -87.72199, 30.66163 ], [ -87.62881, 30.67928 ], [ -87.38745, 30.66205 ], [ -87.38195, 30.71 ], [ -87.25566, 30.74913 ], [ -87.19809, 30.72072 ], [ -86.92654, 30.70032 ], [ -86.63097, 30.62902 ], [ -86.57973, 30.55236 ], [ -86.42928, 30.54032 ], [ -86.28197, 30.50413 ], [ -86.27578, 30.55205 ], [ -86.12539, 30.53962 ], [ -86.1191, 30.58753 ], [ -85.93857, 30.57236 ], [ -85.93537, 30.5963 ], [ -85.63456, 30.5704 ], [ -85.63786, 30.54646 ], [ -85.45754, 30.53056 ], [ -85.33397, 30.54374 ], [ -85.26362, 30.6101 ], [ -85.24306, 30.75362 ], [ -85.09244, 30.7399 ], [ -85.08548, 30.78771 ], [ -85.01117, 30.87778 ], [ -84.89051, 30.86658 ], [ -84.8834, 30.91437 ], [ -84.78928, 30.92978 ], [ -84.6384, 30.9155 ], [ -84.63112, 30.96326 ], [ -84.48388, 30.9249 ], [ -84.52873, 30.83228 ], [ -84.589, 30.83807 ], [ -84.6373, 30.72149 ], [ -84.36654, 30.69528 ], [ -84.32158, 30.78788 ], [ -84.26137, 30.78195 ], [ -84.21622, 30.87448 ], [ -84.09569, 30.86249 ], [ -84.04689, 30.78483 ], [ -84.00148, 30.87728 ], [ -83.91109, 30.86814 ], [ -83.86546, 30.96051 ], [ -83.69896, 31.04046 ], [ -83.72129, 31.09126 ], [ -83.5401, 31.07249 ], [ -83.47169, 31.11384 ], [ -83.46366, 31.1615 ], [ -83.33873, 31.17258 ], [ -83.34684, 31.12493 ], [ -83.22195, 31.1359 ], [ -83.04078, 31.11638 ], [ -82.99292, 31.03835 ], [ -82.80782, 31.0423 ], [ -82.79937, 31.08992 ], [ -82.70889, 31.07987 ], [ -82.57108, 31.16158 ], [ -82.4934, 31.24995 ], [ -82.47604, 31.34508 ], [ -82.41117, 31.36202 ], [ -82.42398, 31.46054 ], [ -82.24666, 31.41607 ], [ -82.18974, 31.55516 ], [ -82.09878, 31.54467 ], [ -82.08982, 31.59218 ], [ -81.99882, 31.58161 ], [ -81.94131, 31.72052 ], [ -81.87143, 31.76087 ], [ -81.71949, 31.74296 ], [ -81.67986, 31.7868 ], [ -81.66133, 31.88167 ], [ -81.62159, 31.92547 ], [ -81.53025, 31.91457 ], [ -81.51387, 31.83979 ], [ -81.42737, 31.80509 ], [ -81.2147, 31.77919 ], [ -81.17475, 31.82286 ], [ -81.18119, 31.94507 ], [ -81.15235, 32.08718 ], [ -81.0304, 32.07216 ], [ -81.00478, 32.04471 ], [ -80.88293, 32.02954 ] ], [ [ -89.33696, 31.29329 ], [ -89.29786, 31.38746 ], [ -89.23685, 31.38405 ], [ -89.24556, 31.2882 ], [ -89.33696, 31.29329 ] ], [ [ -83.73476, 31.94018 ], [ -83.83038, 31.92564 ], [ -83.78003, 32.04147 ], [ -83.73476, 31.94018 ] ] ] ] } },
{ "type": "Feature", "properties": { "ID": 45 }, "geometry": { "type": "MultiPolygon", "coordinates": [ [ [ [ -90.14051, 33.1358 ], [ -90.1172, 33.42199 ], [ -90.08582, 33.4205 ], [ -90.06812, 33.635 ], [ -90.13303, 33.61414 ], [ -90.12522, 33.70944 ], [ -90.15089, 33.78238 ], [ -90.34016, 33.79107 ], [ -90.33639, 33.83871 ], [ -90.46268, 33.84434 ], [ -90.47006, 33.74905 ], [ -90.53676, 33.70416 ], [ -90.69436, 33.71094 ], [ -90.78371, 33.7864 ], [ -90.87839, 33.7903 ], [ -90.94992, 33.67369 ], [ -91.04446, 33.67747 ], [ -91.11074, 33.63227 ], [ -91.11399, 33.58458 ], [ -91.20841, 33.58824 ], [ -91.20363, 33.65977 ], [ -91.2635, 33.70985 ], [ -91.4527, 33.71686 ], [ -91.44815, 33.78837 ], [ -91.54286, 33.79177 ], [ -91.55767, 33.55333 ], [ -91.5262, 33.5522 ], [ -91.5351, 33.40907 ], [ -91.57091, 33.3386 ], [ -91.63366, 33.34082 ], [ -91.7021, 33.24752 ], [ -91.7092, 33.12814 ], [ -91.80306, 33.13135 ], [ -91.86836, 33.08568 ], [ -91.87108, 33.03791 ], [ -91.96483, 33.041 ], [ -91.99212, 33.11367 ], [ -92.05468, 33.11568 ], [ -92.04946, 33.2112 ], [ -92.20484, 33.23996 ], [ -92.20233, 33.28772 ], [ -92.29642, 33.29055 ], [ -92.29396, 33.3383 ], [ -92.44971, 33.36674 ], [ -92.44736, 33.41449 ], [ -92.63588, 33.41971 ], [ -92.63365, 33.46745 ], [ -92.72798, 33.46996 ], [ -92.79301, 33.42385 ], [ -92.79513, 33.37611 ], [ -92.92076, 33.37927 ], [ -93.02091, 33.23828 ], [ -93.11496, 33.24049 ], [ -93.11305, 33.28826 ], [ -93.17392, 33.33747 ], [ -93.23854, 33.29111 ], [ -93.36404, 33.29383 ], [ -93.36229, 33.3416 ], [ -93.45649, 33.34356 ], [ -93.46153, 33.20023 ], [ -93.55554, 33.20212 ], [ -93.55149, 33.32156 ], [ -93.60952, 33.46606 ], [ -93.67243, 33.46725 ], [ -93.7016, 33.53945 ], [ -93.82538, 33.61332 ], [ -93.95146, 33.61544 ], [ -94.04667, 33.59308 ], [ -94.07627, 33.66518 ], [ -94.20245, 33.66705 ], [ -94.20364, 33.61932 ], [ -94.29822, 33.62064 ], [ -94.29708, 33.66837 ], [ -94.42327, 33.67003 ], [ -94.45688, 33.57494 ], [ -94.55188, 33.55219 ], [ -94.67787, 33.55359 ], [ -94.7417, 33.50648 ], [ -94.86762, 33.50769 ], [ -94.96102, 33.58014 ], [ -95.27614, 33.58236 ], [ -95.27662, 33.5346 ], [ -95.3711, 33.53511 ], [ -95.37068, 33.58287 ], [ -95.52825, 33.58356 ], [ -95.59155, 33.53603 ], [ -95.59182, 33.48827 ], [ -95.718, 33.41696 ], [ -95.71818, 33.36919 ], [ -95.84386, 33.36941 ], [ -95.87541, 33.29777 ], [ -96.03237, 33.32172 ], [ -96.28357, 33.3214 ], [ -96.34625, 33.29735 ], [ -96.5032, 33.29682 ], [ -96.50353, 33.3446 ], [ -96.62938, 33.36792 ], [ -96.78647, 33.36703 ], [ -96.78621, 33.34314 ], [ -96.94325, 33.34205 ], [ -96.94357, 33.36594 ], [ -97.03782, 33.36519 ], [ -97.03851, 33.41296 ], [ -97.19569, 33.41155 ], [ -97.1949, 33.36378 ], [ -97.32012, 33.33863 ], [ -97.63415, 33.3349 ], [ -97.63524, 33.38268 ], [ -97.66666, 33.38226 ], [ -97.66555, 33.33449 ], [ -97.75976, 33.33319 ], [ -97.75859, 33.28541 ], [ -98.04098, 33.2811 ], [ -98.04234, 33.32888 ], [ -98.19858, 33.30232 ], [ -98.19713, 33.25454 ], [ -98.32257, 33.25227 ], [ -98.38371, 33.2033 ], [ -98.34849, 33.08441 ], [ -98.28592, 33.08558 ], [ -98.2829, 32.98997 ], [ -98.34462, 32.9649 ], [ -98.53203, 32.9612 ], [ -98.53036, 32.91339 ], [ -98.624, 32.91144 ], [ -98.62573, 32.95925 ], [ -98.75065, 32.95654 ], [ -98.75246, 33.00435 ], [ -98.87745, 33.00151 ], [ -98.87556, 32.9537 ], [ -99.03168, 32.94998 ], [ -99.03368, 32.99778 ], [ -99.25237, 32.99223 ], [ -99.25452, 33.04003 ], [ -99.37955, 33.03668 ], [ -99.38178, 33.08447 ], [ -99.50688, 33.081 ], [ -99.50457, 33.03321 ], [ -99.62958, 33.02961 ], [ -99.63197, 33.0774 ], [ -99.81959, 33.07176 ], [ -99.94595, 33.09173 ], [ -99.94334, 33.04396 ], [ -100.0371, 33.04094 ], [ -100.03444, 32.99316 ], [ -100.12676, 32.96618 ], [ -100.28283, 32.96088 ], [ -100.28001, 32.91309 ], [ -100.40332, 32.88482 ], [ -100.65271, 32.87568 ], [ -100.65118, 32.85179 ], [ -100.67618, 32.75503 ], [ -100.79435, 32.65464 ], [ -100.94808, 32.62459 ], [ -100.95132, 32.67239 ], [ -101.13777, 32.66476 ], [ -101.1965, 32.61435 ], [ -101.19991, 32.66215 ], [ -101.29311, 32.65818 ], [ -101.31894, 32.58514 ], [ -101.37748, 32.53463 ], [ -101.47051, 32.53052 ], [ -101.55444, 32.40681 ], [ -101.49253, 32.4096 ], [ -101.55262, 32.3829 ], [ -101.61451, 32.38008 ], [ -101.67268, 32.32941 ], [ -101.69802, 32.25622 ], [ -101.75604, 32.20549 ], [ -101.84672, 32.17717 ], [ -101.87375, 32.12785 ], [ -101.8661, 32.03214 ], [ -101.95653, 32.00372 ], [ -101.9488, 31.90798 ], [ -102.03904, 31.8795 ], [ -102.03121, 31.78373 ], [ -102.09258, 31.78066 ], [ -102.11138, 31.63542 ], [ -102.17261, 31.63231 ], [ -102.16464, 31.53649 ], [ -102.0729, 31.54113 ], [ -102.00203, 31.42436 ], [ -101.91042, 31.42888 ], [ -101.87609, 31.38242 ], [ -101.78452, 31.38685 ], [ -101.65512, 31.29672 ], [ -101.65148, 31.24875 ], [ -101.621, 31.25017 ], [ -101.58155, 31.13162 ], [ -101.67282, 31.12734 ], [ -101.73735, 31.17244 ], [ -101.74104, 31.22043 ], [ -101.86286, 31.21455 ], [ -101.91995, 31.16358 ], [ -101.91045, 31.0436 ], [ -101.84594, 30.99858 ], [ -101.84219, 30.95057 ], [ -101.72079, 30.95643 ], [ -101.62253, 30.86469 ], [ -101.62073, 30.84067 ], [ -101.40682, 30.82644 ], [ -101.41375, 30.92252 ], [ -101.3651, 31.09333 ], [ -101.42592, 31.09059 ], [ -101.40419, 31.21197 ], [ -101.28404, 31.24138 ], [ -101.27894, 31.16939 ], [ -101.15715, 31.17467 ], [ -101.13496, 31.29597 ], [ -100.95194, 31.30363 ], [ -100.88935, 31.28213 ], [ -100.91194, 31.16088 ], [ -100.82059, 31.16458 ], [ -100.82369, 31.21259 ], [ -100.67132, 31.21861 ], [ -100.67584, 31.29061 ], [ -100.71393, 31.4094 ], [ -100.54085, 31.58433 ], [ -100.32643, 31.59219 ], [ -100.29718, 31.61726 ], [ -100.30694, 31.78508 ], [ -100.25102, 31.88311 ], [ -100.1601, 31.91027 ], [ -100.03701, 31.91441 ], [ -99.9716, 31.84454 ], [ -99.96902, 31.7966 ], [ -99.84612, 31.80056 ], [ -99.78589, 31.82646 ], [ -99.7515, 31.75549 ], [ -99.65936, 31.7583 ], [ -99.65699, 31.71034 ], [ -99.50352, 31.71487 ], [ -99.44547, 31.78857 ], [ -99.32579, 31.86393 ], [ -99.26321, 31.84162 ], [ -99.13613, 31.74894 ], [ -99.1341, 31.70097 ], [ -99.04201, 31.70332 ], [ -99.04398, 31.75129 ], [ -98.92111, 31.75431 ], [ -98.88665, 31.65909 ], [ -98.79461, 31.66125 ], [ -98.7928, 31.61326 ], [ -98.67014, 31.61602 ], [ -98.57732, 31.59402 ], [ -98.51438, 31.54731 ], [ -98.51275, 31.4993 ], [ -98.23717, 31.50472 ], [ -98.20869, 31.57729 ], [ -98.36731, 31.74237 ], [ -98.49018, 31.73991 ], [ -98.55327, 31.7866 ], [ -98.55658, 31.88253 ], [ -98.58988, 31.95381 ], [ -98.37423, 31.9582 ], [ -98.37269, 31.91025 ], [ -98.15715, 31.91426 ], [ -98.16207, 32.08207 ], [ -97.94602, 32.08571 ], [ -97.94793, 32.1576 ], [ -98.00972, 32.1566 ], [ -98.01234, 32.25244 ], [ -97.95174, 32.30135 ], [ -97.85948, 32.32675 ], [ -97.86191, 32.42255 ], [ -97.45878, 32.428 ], [ -97.42823, 32.45231 ], [ -97.43151, 32.61989 ], [ -97.49468, 32.66702 ], [ -97.49615, 32.7388 ], [ -97.40457, 32.8356 ], [ -97.28108, 32.90871 ], [ -97.09376, 32.9105 ], [ -97.032, 32.95887 ], [ -97.00175, 33.03086 ], [ -96.78284, 33.03244 ], [ -96.62626, 33.00942 ], [ -96.62544, 32.91376 ], [ -96.59383, 32.86607 ], [ -96.50005, 32.84257 ], [ -96.4989, 32.67507 ], [ -96.46748, 32.62732 ], [ -96.34307, 32.62773 ], [ -96.3433, 32.6756 ], [ -96.15657, 32.67598 ], [ -96.15647, 32.62811 ], [ -95.90766, 32.62818 ], [ -95.90759, 32.67605 ], [ -95.6275, 32.67552 ], [ -95.62775, 32.62765 ], [ -95.37894, 32.62664 ], [ -95.37935, 32.57877 ], [ -95.13072, 32.57726 ], [ -95.131, 32.55332 ], [ -94.9446, 32.55187 ], [ -94.81839, 32.67042 ], [ -94.75616, 32.6698 ], [ -94.69479, 32.62129 ], [ -94.69564, 32.57342 ], [ -94.57134, 32.57204 ], [ -94.57275, 32.50022 ], [ -94.51066, 32.49948 ], [ -94.44959, 32.45083 ], [ -94.45212, 32.33108 ], [ -94.42218, 32.28278 ], [ -94.23706, 32.25629 ], [ -94.17638, 32.20746 ], [ -94.17757, 32.15954 ], [ -94.05398, 32.15763 ], [ -94.05588, 32.08574 ], [ -93.99546, 32.0368 ], [ -93.87277, 32.01074 ], [ -93.87416, 31.96279 ], [ -93.7201, 31.96 ], [ -93.7149, 32.12779 ], [ -93.61993, 32.1979 ], [ -93.61527, 32.34162 ], [ -93.8011, 32.34509 ], [ -93.92295, 32.41909 ], [ -93.8885, 32.53827 ], [ -93.82639, 32.53719 ], [ -93.79244, 32.63237 ], [ -93.66806, 32.63007 ], [ -93.55093, 32.41223 ], [ -93.55253, 32.36434 ], [ -93.46042, 32.33851 ], [ -93.46374, 32.2427 ], [ -93.40189, 32.24141 ], [ -93.40443, 32.16954 ], [ -93.31437, 32.09565 ], [ -93.00576, 32.08847 ], [ -92.8484, 32.15646 ], [ -92.84635, 32.20437 ], [ -92.78244, 32.25066 ], [ -92.65875, 32.24735 ], [ -92.66093, 32.19945 ], [ -92.53733, 32.19601 ], [ -92.4458, 32.1694 ], [ -92.16787, 32.161 ], [ -92.13068, 32.27974 ], [ -92.12309, 32.42336 ], [ -92.21482, 32.45019 ], [ -92.20986, 32.54589 ], [ -92.17631, 32.59277 ], [ -91.98996, 32.58684 ], [ -91.96552, 32.46622 ], [ -91.87251, 32.46312 ], [ -91.83742, 32.53385 ], [ -91.7133, 32.52958 ], [ -91.61879, 32.55021 ], [ -91.59065, 32.50127 ], [ -91.62452, 32.45454 ], [ -91.63167, 32.3349 ], [ -91.53884, 32.33156 ], [ -91.50497, 32.37828 ], [ -91.49761, 32.49789 ], [ -91.40458, 32.49445 ], [ -91.37054, 32.54111 ], [ -91.36447, 32.63676 ], [ -91.32881, 32.7073 ], [ -91.23552, 32.70373 ], [ -91.20914, 32.63081 ], [ -91.21542, 32.53517 ], [ -91.15338, 32.53274 ], [ -91.09616, 32.45854 ], [ -91.09936, 32.4107 ], [ -90.94619, 32.3805 ], [ -90.95279, 32.28481 ], [ -90.82915, 32.27965 ], [ -90.79485, 32.32618 ], [ -90.67115, 32.32086 ], [ -90.57662, 32.3407 ], [ -90.45291, 32.33516 ], [ -90.45653, 32.28733 ], [ -90.36383, 32.28309 ], [ -90.32552, 32.37732 ], [ -90.26364, 32.37444 ], [ -90.25801, 32.44616 ], [ -90.1613, 32.48958 ], [ -90.16703, 32.41787 ], [ -90.04322, 32.41192 ], [ -90.02565, 32.62699 ], [ -90.2119, 32.63589 ], [ -90.23728, 32.70902 ], [ -90.36161, 32.71477 ], [ -90.42743, 32.66982 ], [ -90.53319, 32.5067 ], [ -90.59519, 32.50945 ], [ -90.63322, 32.41517 ], [ -90.69514, 32.41787 ], [ -90.75192, 32.49226 ], [ -90.71747, 32.53875 ], [ -90.62443, 32.53471 ], [ -90.62091, 32.58252 ], [ -90.52782, 32.57841 ], [ -90.42194, 32.74149 ], [ -90.41461, 32.83703 ], [ -90.3212, 32.83277 ], [ -90.24949, 32.94926 ], [ -90.2419, 33.04474 ], [ -90.17177, 33.13727 ], [ -90.14051, 33.1358 ] ], [ [ -100.15361, 32.34237 ], [ -100.11997, 32.29555 ], [ -99.90343, 32.30264 ], [ -99.96013, 32.20489 ], [ -99.95755, 32.157 ], [ -100.0837, 32.20082 ], [ -100.20863, 32.22057 ], [ -100.4249, 32.21294 ], [ -100.44998, 32.11605 ], [ -100.57189, 32.08755 ], [ -100.58532, 32.30298 ], [ -100.46307, 32.33149 ], [ -100.46598, 32.37934 ], [ -100.2802, 32.38597 ], [ -100.15361, 32.34237 ] ], [ [ -94.72295, 32.78913 ], [ -94.75248, 32.88513 ], [ -94.65885, 32.88415 ], [ -94.65973, 32.83631 ], [ -94.53499, 32.83489 ], [ -94.53739, 32.71527 ], [ -94.69307, 32.71702 ], [ -94.72295, 32.78913 ] ], [ [ -93.06585, 32.90447 ], [ -93.1311, 32.83421 ], [ -93.13581, 32.71462 ], [ -93.25941, 32.74137 ], [ -93.24947, 33.00439 ], [ -93.15572, 33.00228 ], [ -93.12826, 32.90594 ], [ -93.06585, 32.90447 ] ] ], [ [ [ -87.57534, 32.50735 ], [ -87.51349, 32.50308 ], [ -87.53057, 32.62445 ], [ -87.71645, 32.63712 ], [ -87.75824, 32.54381 ], [ -87.70178, 32.49194 ], [ -87.63994, 32.48773 ], [ -87.57259, 32.5312 ], [ -87.57534, 32.50735 ] ] ], [ [ [ -88.57192, 33.12364 ], [ -88.44706, 33.11609 ], [ -88.41084, 33.16184 ], [ -88.40081, 33.25713 ], [ -88.49463, 33.26283 ], [ -88.56701, 33.1713 ], [ -88.57192, 33.12364 ] ] ], [ [ [ -87.47189, 33.12477 ], [ -87.48904, 33.24593 ], [ -87.61402, 33.25444 ], [ -87.61956, 33.20683 ], [ -87.65079, 33.20894 ], [ -87.6563, 33.16132 ], [ -87.62509, 33.15922 ], [ -87.62786, 33.13541 ], [ -87.47189, 33.12477 ] ] ], [ [ [ -92.78981, 33.49546 ], [ -92.75297, 33.61397 ], [ -92.8475, 33.61639 ], [ -92.78981, 33.49546 ] ] ] ] } },
{ "type": "Feature", "properties": { "ID": 46 }, "geometry": { "type": "MultiPolygon", "coordinates": [ [ [ [ -101.65148, 31.24875 ], [ -101.65512, 31.29672 ], [ -101.78452, 31.38685 ], [ -101.87609, 31.38242 ], [ -101.91042, 31.42888 ], [ -102.00203, 31.42436 ], [ -102.0729, 31.54113 ], [ -102.16464, 31.53649 ], [ -102.22378, 31.50939 ], [ -102.21175, 31.36559 ], [ -102.30123, 31.33686 ], [ -102.29313, 31.24096 ], [ -102.38243, 31.21216 ], [ -102.40258, 31.09062 ], [ -102.46336, 31.08736 ], [ -102.48542, 30.98975 ], [ -102.54401, 30.96245 ], [ -102.53563, 30.86646 ], [ -102.59623, 30.86313 ], [ -102.5899, 30.79111 ], [ -102.46882, 30.79774 ], [ -102.47089, 30.82174 ], [ -102.19831, 30.83621 ], [ -102.1338, 30.79131 ], [ -102.124, 30.67121 ], [ -102.21468, 30.66651 ], [ -102.19293, 30.40214 ], [ -102.24522, 30.30279 ], [ -102.23531, 30.18252 ], [ -102.26137, 30.13281 ], [ -102.17133, 30.13755 ], [ -102.07936, 30.11815 ], [ -102.06781, 29.97371 ], [ -102.09777, 29.97217 ], [ -102.09391, 29.924 ], [ -101.91617, 29.95725 ], [ -101.91991, 30.00541 ], [ -101.83, 30.0099 ], [ -101.82632, 29.96173 ], [ -101.7065, 29.9676 ], [ -101.70289, 29.91943 ], [ -101.58489, 29.94926 ], [ -101.28532, 29.96308 ], [ -101.28867, 30.01126 ], [ -101.37861, 30.00719 ], [ -101.38713, 30.12761 ], [ -101.32708, 30.13033 ], [ -101.33215, 30.20256 ], [ -100.91126, 30.22078 ], [ -100.79249, 30.24979 ], [ -100.78945, 30.20164 ], [ -100.69925, 30.20525 ], [ -100.66474, 30.13419 ], [ -100.60465, 30.13655 ], [ -100.60319, 30.11246 ], [ -100.57316, 30.11363 ], [ -100.57897, 30.20997 ], [ -100.67215, 30.2546 ], [ -100.67958, 30.37497 ], [ -100.71271, 30.42191 ], [ -101.13477, 30.40439 ], [ -101.13804, 30.45251 ], [ -101.28882, 30.44589 ], [ -101.32237, 30.49264 ], [ -101.41633, 30.53665 ], [ -101.42844, 30.70492 ], [ -101.4872, 30.67812 ], [ -101.60995, 30.69652 ], [ -101.61713, 30.79263 ], [ -101.62253, 30.86469 ], [ -101.72079, 30.95643 ], [ -101.84219, 30.95057 ], [ -101.84594, 30.99858 ], [ -101.91045, 31.0436 ], [ -101.91995, 31.16358 ], [ -101.86286, 31.21455 ], [ -101.74104, 31.22043 ], [ -101.74288, 31.24442 ], [ -101.65148, 31.24875 ] ] ], [ [ [ -91.33552, 31.6277 ], [ -91.30488, 31.62651 ], [ -91.30184, 31.67446 ], [ -91.3325, 31.67565 ], [ -91.33552, 31.6277 ] ] ], [ [ [ -90.26364, 32.37444 ], [ -90.32552, 32.37732 ], [ -90.36383, 32.28309 ], [ -90.45653, 32.28733 ], [ -90.45291, 32.33516 ], [ -90.57662, 32.3407 ], [ -90.67115, 32.32086 ], [ -90.79485, 32.32618 ], [ -90.82915, 32.27965 ], [ -90.95279, 32.28481 ], [ -90.94619, 32.3805 ], [ -91.09936, 32.4107 ], [ -91.09616, 32.45854 ], [ -91.15338, 32.53274 ], [ -91.21542, 32.53517 ], [ -91.20914, 32.63081 ], [ -91.23552, 32.70373 ], [ -91.32881, 32.7073 ], [ -91.36447, 32.63676 ], [ -91.37054, 32.54111 ], [ -91.40458, 32.49445 ], [ -91.49761, 32.49789 ], [ -91.50497, 32.37828 ], [ -91.53884, 32.33156 ], [ -91.63167, 32.3349 ], [ -91.62452, 32.45454 ], [ -91.59065, 32.50127 ], [ -91.61879, 32.55021 ], [ -91.7133, 32.52958 ], [ -91.83742, 32.53385 ], [ -91.87251, 32.46312 ], [ -91.96552, 32.46622 ], [ -91.98996, 32.58684 ], [ -92.17631, 32.59277 ], [ -92.20986, 32.54589 ], [ -92.21482, 32.45019 ], [ -92.12309, 32.42336 ], [ -92.13068, 32.27974 ], [ -92.16787, 32.161 ], [ -92.4458, 32.1694 ], [ -92.53733, 32.19601 ], [ -92.66093, 32.19945 ], [ -92.65875, 32.24735 ], [ -92.78244, 32.25066 ], [ -92.84635, 32.20437 ], [ -92.8484, 32.15646 ], [ -93.00576, 32.08847 ], [ -93.31437, 32.09565 ], [ -93.40443, 32.16954 ], [ -93.40189, 32.24141 ], [ -93.46374, 32.2427 ], [ -93.46042, 32.33851 ], [ -93.55253, 32.36434 ], [ -93.55093, 32.41223 ], [ -93.66806, 32.63007 ], [ -93.79244, 32.63237 ], [ -93.82639, 32.53719 ], [ -93.8885, 32.53827 ], [ -93.92295, 32.41909 ], [ -93.8011, 32.34509 ], [ -93.61527, 32.34162 ], [ -93.61993, 32.1979 ], [ -93.7149, 32.12779 ], [ -93.7201, 31.96 ], [ -93.87416, 31.96279 ], [ -93.87277, 32.01074 ], [ -93.99546, 32.0368 ], [ -94.05588, 32.08574 ], [ -94.05398, 32.15763 ], [ -94.17757, 32.15954 ], [ -94.17638, 32.20746 ], [ -94.23706, 32.25629 ], [ -94.42218, 32.28278 ], [ -94.45212, 32.33108 ], [ -94.44959, 32.45083 ], [ -94.51066, 32.49948 ], [ -94.57275, 32.50022 ], [ -94.57134, 32.57204 ], [ -94.69564, 32.57342 ], [ -94.69479, 32.62129 ], [ -94.75616, 32.6698 ], [ -94.81839, 32.67042 ], [ -94.9446, 32.55187 ], [ -95.131, 32.55332 ], [ -95.13072, 32.57726 ], [ -95.37935, 32.57877 ], [ -95.37894, 32.62664 ], [ -95.62775, 32.62765 ], [ -95.6275, 32.67552 ], [ -95.90759, 32.67605 ], [ -95.90766, 32.62818 ], [ -96.15647, 32.62811 ], [ -96.15657, 32.67598 ], [ -96.3433, 32.6756 ], [ -96.34307, 32.62773 ], [ -96.46748, 32.62732 ], [ -96.4989, 32.67507 ], [ -96.50005, 32.84257 ], [ -96.59383, 32.86607 ], [ -96.62544, 32.91376 ], [ -96.62626, 33.00942 ], [ -96.78284, 33.03244 ], [ -97.00175, 33.03086 ], [ -97.032, 32.95887 ], [ -97.09376, 32.9105 ], [ -97.28108, 32.90871 ], [ -97.40457, 32.8356 ], [ -97.49615, 32.7388 ], [ -97.49468, 32.66702 ], [ -97.43151, 32.61989 ], [ -97.42823, 32.45231 ], [ -97.45878, 32.428 ], [ -97.86191, 32.42255 ], [ -97.85948, 32.32675 ], [ -97.95174, 32.30135 ], [ -98.01234, 32.25244 ], [ -98.00972, 32.1566 ], [ -97.94793, 32.1576 ], [ -97.94602, 32.08571 ], [ -98.16207, 32.08207 ], [ -98.15715, 31.91426 ], [ -98.37269, 31.91025 ], [ -98.37423, 31.9582 ], [ -98.58988, 31.95381 ], [ -98.55658, 31.88253 ], [ -98.55327, 31.7866 ], [ -98.49018, 31.73991 ], [ -98.36731, 31.74237 ], [ -98.20869, 31.57729 ], [ -98.23717, 31.50472 ], [ -98.51275, 31.4993 ], [ -98.51438, 31.54731 ], [ -98.57732, 31.59402 ], [ -98.67014, 31.61602 ], [ -98.7928, 31.61326 ], [ -98.79461, 31.66125 ], [ -98.88665, 31.65909 ], [ -98.92111, 31.75431 ], [ -99.04398, 31.75129 ], [ -99.04201, 31.70332 ], [ -99.1341, 31.70097 ], [ -99.13613, 31.74894 ], [ -99.26321, 31.84162 ], [ -99.32579, 31.86393 ], [ -99.44547, 31.78857 ], [ -99.50352, 31.71487 ], [ -99.65699, 31.71034 ], [ -99.65936, 31.7583 ], [ -99.7515, 31.75549 ], [ -99.78589, 31.82646 ], [ -99.84612, 31.80056 ], [ -99.96902, 31.7966 ], [ -99.9716, 31.84454 ], [ -100.03701, 31.91441 ], [ -100.1601, 31.91027 ], [ -100.25102, 31.88311 ], [ -100.30694, 31.78508 ], [ -100.29718, 31.61726 ], [ -100.32643, 31.59219 ], [ -100.54085, 31.58433 ], [ -100.71393, 31.4094 ], [ -100.67584, 31.29061 ], [ -100.67283, 31.24261 ], [ -100.58136, 31.24613 ], [ -100.57842, 31.19812 ], [ -100.36511, 31.20605 ], [ -100.36792, 31.25406 ], [ -100.15443, 31.26162 ], [ -100.15176, 31.2136 ], [ -100.02983, 31.21775 ], [ -99.97269, 31.29181 ], [ -99.8201, 31.29675 ], [ -99.81764, 31.24873 ], [ -99.63462, 31.25439 ], [ -99.57131, 31.20819 ], [ -99.53627, 31.113 ], [ -99.44492, 31.11566 ], [ -99.41887, 31.21262 ], [ -99.32739, 31.21518 ], [ -99.31778, 30.99893 ], [ -99.25488, 30.95252 ], [ -99.2528, 30.90444 ], [ -99.13132, 30.90768 ], [ -99.15663, 30.78664 ], [ -99.21727, 30.78502 ], [ -99.24448, 30.71204 ], [ -99.33534, 30.70953 ], [ -99.33748, 30.75764 ], [ -99.4284, 30.75507 ], [ -99.4262, 30.70696 ], [ -99.54734, 30.70342 ], [ -99.63702, 30.67663 ], [ -99.66262, 30.57946 ], [ -99.78233, 30.55161 ], [ -99.84032, 30.50154 ], [ -99.83787, 30.4534 ], [ -99.65678, 30.45912 ], [ -99.65911, 30.50726 ], [ -99.5685, 30.51001 ], [ -99.45098, 30.58578 ], [ -99.41638, 30.49038 ], [ -99.29558, 30.49379 ], [ -99.29768, 30.54193 ], [ -99.11634, 30.54682 ], [ -99.05394, 30.50024 ], [ -99.05686, 30.57246 ], [ -99.09104, 30.66794 ], [ -99.0305, 30.66949 ], [ -99.0031, 30.74244 ], [ -98.91218, 30.74469 ], [ -98.88557, 30.84165 ], [ -98.82487, 30.8431 ], [ -98.82126, 30.74688 ], [ -98.75888, 30.70017 ], [ -98.66801, 30.70224 ], [ -98.66971, 30.75036 ], [ -98.61076, 30.79982 ], [ -98.42876, 30.80365 ], [ -98.36733, 30.78081 ], [ -98.30447, 30.70981 ], [ -98.303, 30.66168 ], [ -98.18188, 30.66396 ], [ -98.18049, 30.61582 ], [ -98.0897, 30.61744 ], [ -98.03047, 30.66663 ], [ -98.03242, 30.73883 ], [ -98.09304, 30.73779 ], [ -98.09707, 30.88214 ], [ -97.94584, 30.90875 ], [ -97.94709, 30.95685 ], [ -97.82724, 31.03091 ], [ -97.82842, 31.07899 ], [ -97.73818, 31.12842 ], [ -97.7393, 31.17649 ], [ -97.58684, 31.1786 ], [ -97.49488, 31.15574 ], [ -97.492, 31.01149 ], [ -97.36986, 30.9889 ], [ -97.37162, 31.08508 ], [ -97.34246, 31.15754 ], [ -97.251, 31.15852 ], [ -97.25181, 31.20659 ], [ -97.03827, 31.20863 ], [ -97.00873, 31.28098 ], [ -96.91712, 31.28171 ], [ -96.88716, 31.32999 ], [ -96.8883, 31.42608 ], [ -96.73531, 31.42711 ], [ -96.61312, 31.45181 ], [ -96.58327, 31.54801 ], [ -96.46068, 31.54854 ], [ -96.36885, 31.57287 ], [ -96.36933, 31.66889 ], [ -96.27723, 31.66913 ], [ -96.24677, 31.7412 ], [ -96.15459, 31.74135 ], [ -96.15469, 31.78934 ], [ -96.09325, 31.83739 ], [ -96.00095, 31.83742 ], [ -95.97022, 31.74145 ], [ -95.9087, 31.78941 ], [ -95.84721, 31.78934 ], [ -95.84736, 31.71736 ], [ -95.7552, 31.71721 ], [ -95.69396, 31.66907 ], [ -95.6637, 31.57296 ], [ -95.41844, 31.57203 ], [ -95.41806, 31.62005 ], [ -95.29558, 31.59539 ], [ -94.71294, 31.5906 ], [ -94.62051, 31.61359 ], [ -94.62318, 31.46954 ], [ -94.50073, 31.46808 ], [ -94.5017, 31.42005 ], [ -94.40992, 31.41888 ], [ -94.41095, 31.37084 ], [ -94.2581, 31.36873 ], [ -94.25978, 31.29667 ], [ -94.16816, 31.29531 ], [ -94.16934, 31.24726 ], [ -94.04727, 31.24534 ], [ -93.95638, 31.21979 ], [ -93.96228, 31.00346 ], [ -93.77978, 31.00022 ], [ -93.71748, 31.04716 ], [ -93.71381, 31.16734 ], [ -93.7443, 31.16792 ], [ -93.73921, 31.33609 ], [ -93.70644, 31.40756 ], [ -93.79676, 31.45729 ], [ -93.79391, 31.55332 ], [ -93.70199, 31.55161 ], [ -93.67435, 31.455 ], [ -93.61315, 31.45381 ], [ -93.61546, 31.38177 ], [ -93.40734, 31.20921 ], [ -93.40567, 31.25726 ], [ -93.34292, 31.30397 ], [ -93.15972, 31.29979 ], [ -93.12641, 31.37111 ], [ -93.03473, 31.36889 ], [ -93.0003, 31.46417 ], [ -93.09116, 31.49042 ], [ -93.08079, 31.75435 ], [ -93.13944, 31.82776 ], [ -92.95495, 31.82328 ], [ -92.95988, 31.70336 ], [ -92.93018, 31.6786 ], [ -92.59267, 31.66958 ], [ -92.59488, 31.62161 ], [ -92.47225, 31.6181 ], [ -92.46768, 31.71404 ], [ -92.25283, 31.70759 ], [ -92.25525, 31.65963 ], [ -92.10065, 31.67877 ], [ -91.91661, 31.67271 ], [ -91.88194, 31.7436 ], [ -91.75364, 31.83525 ], [ -91.66143, 31.83199 ], [ -91.62502, 31.92674 ], [ -91.50194, 31.92225 ], [ -91.49901, 31.97016 ], [ -91.37587, 31.96555 ], [ -91.38187, 31.86972 ], [ -91.32038, 31.86737 ], [ -91.29422, 31.7943 ], [ -91.30184, 31.67446 ], [ -91.20985, 31.67086 ], [ -91.20675, 31.7188 ], [ -91.14067, 31.78825 ], [ -91.13278, 31.90804 ], [ -91.0389, 31.92826 ], [ -90.91586, 31.92318 ], [ -90.91916, 31.87528 ], [ -90.79621, 31.87008 ], [ -90.75867, 31.96455 ], [ -90.66635, 31.96054 ], [ -90.66288, 32.00842 ], [ -90.41659, 31.99738 ], [ -90.41296, 32.04525 ], [ -90.32056, 32.04098 ], [ -90.29533, 31.96774 ], [ -90.20304, 31.96337 ], [ -90.16848, 32.00977 ], [ -90.15518, 32.17726 ], [ -90.05682, 32.24455 ], [ -90.04322, 32.41192 ], [ -90.25989, 32.42225 ], [ -90.26364, 32.37444 ] ], [ [ -90.78096, 32.08558 ], [ -90.77756, 32.13345 ], [ -90.65419, 32.12811 ], [ -90.66115, 32.03236 ], [ -90.84597, 32.04032 ], [ -90.78096, 32.08558 ] ] ], [ [ [ -86.42293, 32.49487 ], [ -86.49093, 32.45203 ], [ -86.70707, 32.46863 ], [ -86.80274, 32.45179 ], [ -87.04984, 32.4701 ], [ -87.14833, 32.42915 ], [ -87.15988, 32.33375 ], [ -87.13771, 32.25995 ], [ -87.01449, 32.25095 ], [ -87.00863, 32.29865 ], [ -86.76211, 32.28025 ], [ -86.74036, 32.20637 ], [ -86.68185, 32.17783 ], [ -86.37433, 32.15392 ], [ -86.21747, 32.16552 ], [ -86.2111, 32.2132 ], [ -85.99582, 32.19572 ], [ -85.92778, 32.23831 ], [ -85.91464, 32.33361 ], [ -85.82982, 32.4952 ], [ -85.98418, 32.50792 ], [ -85.99073, 32.4603 ], [ -86.11417, 32.47033 ], [ -86.21847, 32.62313 ], [ -86.37316, 32.63536 ], [ -86.38576, 32.54009 ], [ -86.42293, 32.49487 ] ], [ [ -86.35236, 32.3208 ], [ -86.37061, 32.41855 ], [ -86.33344, 32.46377 ], [ -86.20998, 32.45395 ], [ -86.12063, 32.42269 ], [ -86.13352, 32.3274 ], [ -86.17073, 32.28222 ], [ -86.3247, 32.29453 ], [ -86.35236, 32.3208 ] ] ], [ [ [ -87.60902, 32.48562 ], [ -87.58085, 32.45965 ], [ -87.57259, 32.5312 ], [ -87.63994, 32.48773 ], [ -87.60902, 32.48562 ] ] ], [ [ [ -94.72295, 32.78913 ], [ -94.69307, 32.71702 ], [ -94.53739, 32.71527 ], [ -94.53499, 32.83489 ], [ -94.65973, 32.83631 ], [ -94.65885, 32.88415 ], [ -94.75248, 32.88513 ], [ -94.72295, 32.78913 ] ] ], [ [ [ -84.99724, 32.42314 ], [ -84.90484, 32.41479 ], [ -84.8595, 32.50712 ], [ -84.98286, 32.51828 ], [ -84.99724, 32.42314 ] ] ], [ [ [ -83.69481, 32.73339 ], [ -83.74577, 32.61782 ], [ -83.76578, 32.49911 ], [ -83.61592, 32.45986 ], [ -83.60783, 32.50734 ], [ -83.53405, 32.57229 ], [ -83.52589, 32.61976 ], [ -83.57943, 32.67349 ], [ -83.64114, 32.67972 ], [ -83.60869, 32.86951 ], [ -83.70152, 32.87883 ], [ -83.7257, 32.73648 ], [ -83.69481, 32.73339 ] ] ] ] } },
{ "type": "Feature", "properties": { "ID": 47 }, "geometry": { "type": "MultiPolygon", "coordinates": [ [ [ [ -100.63005, 28.07618 ], [ -100.74705, 28.07137 ], [ -100.74998, 28.11988 ], [ -100.92556, 28.11245 ], [ -100.91796, 27.99117 ], [ -100.88423, 27.91964 ], [ -100.82585, 27.92212 ], [ -100.79075, 27.82627 ], [ -100.58663, 27.83468 ], [ -100.53109, 27.88557 ], [ -100.53808, 28.00692 ], [ -100.59654, 28.00458 ], [ -100.63005, 28.07618 ] ] ], [ [ [ -101.77727, 28.12121 ], [ -101.78084, 28.16968 ], [ -101.66552, 28.19977 ], [ -101.67605, 28.34512 ], [ -101.80237, 28.46032 ], [ -101.91986, 28.45432 ], [ -101.92353, 28.50273 ], [ -102.0117, 28.49815 ], [ -102.01543, 28.54655 ], [ -102.13304, 28.54034 ], [ -102.07047, 28.49507 ], [ -102.0667, 28.44666 ], [ -102.03733, 28.44821 ], [ -102.02612, 28.30294 ], [ -101.99309, 28.25604 ], [ -101.9052, 28.26061 ], [ -101.83937, 28.1667 ], [ -101.77727, 28.12121 ] ] ], [ [ [ -102.20628, 29.45828 ], [ -102.24387, 29.55314 ], [ -102.33322, 29.54834 ], [ -102.32924, 29.50012 ], [ -102.44827, 29.49361 ], [ -102.44422, 29.44538 ], [ -102.50165, 29.41797 ], [ -102.48536, 29.22498 ], [ -102.54261, 29.19752 ], [ -102.53647, 29.12511 ], [ -102.47319, 29.08015 ], [ -102.46713, 29.00771 ], [ -102.40798, 29.01099 ], [ -102.40198, 28.93853 ], [ -102.45905, 28.91109 ], [ -102.44899, 28.79027 ], [ -102.38604, 28.74521 ], [ -102.38008, 28.67268 ], [ -102.28392, 28.58079 ], [ -102.16627, 28.58716 ], [ -102.13876, 28.61292 ], [ -101.90331, 28.62523 ], [ -101.86657, 28.52995 ], [ -101.63133, 28.5417 ], [ -101.62784, 28.49329 ], [ -101.53966, 28.49757 ], [ -101.53622, 28.44915 ], [ -101.33056, 28.45888 ], [ -101.34549, 28.67673 ], [ -101.37998, 28.74793 ], [ -101.46845, 28.74378 ], [ -101.50651, 28.86329 ], [ -101.41791, 28.86747 ], [ -101.42806, 29.01251 ], [ -101.57601, 29.00549 ], [ -101.61437, 29.12486 ], [ -101.70326, 29.12053 ], [ -101.79576, 29.16443 ], [ -101.79939, 29.21272 ], [ -101.88837, 29.20825 ], [ -101.92546, 29.3033 ], [ -102.04612, 29.32133 ], [ -102.05371, 29.41784 ], [ -102.08727, 29.46454 ], [ -102.20628, 29.45828 ] ], [ [ -102.20628, 29.45828 ], [ -102.20043, 29.38591 ], [ -102.28959, 29.38114 ], [ -102.29552, 29.4535 ], [ -102.20628, 29.45828 ] ], [ [ -102.2445, 28.82579 ], [ -102.25815, 28.99492 ], [ -102.19901, 28.9981 ], [ -102.2126, 29.16714 ], [ -102.09404, 29.17342 ], [ -102.09023, 29.12513 ], [ -102.00136, 29.12975 ], [ -101.9845, 28.91234 ], [ -102.0417, 28.8851 ], [ -102.07123, 28.88355 ], [ -102.06934, 28.85939 ], [ -102.09886, 28.85783 ], [ -102.09696, 28.83366 ], [ -102.06178, 28.76269 ], [ -102.17971, 28.75644 ], [ -102.2445, 28.82579 ] ] ], [ [ [ -93.25527, 30.36316 ], [ -93.28629, 30.33977 ], [ -93.49733, 30.34441 ], [ -93.49892, 30.29622 ], [ -93.58931, 30.2981 ], [ -93.61717, 30.37098 ], [ -93.73782, 30.37334 ], [ -93.73926, 30.32516 ], [ -93.92013, 30.32847 ], [ -93.92146, 30.28028 ], [ -94.01184, 30.28183 ], [ -94.01058, 30.33002 ], [ -94.13117, 30.33198 ], [ -94.16307, 30.26016 ], [ -94.13295, 30.25969 ], [ -94.13414, 30.21148 ], [ -94.01374, 30.20952 ], [ -94.015, 30.16131 ], [ -93.83452, 30.15814 ], [ -93.83314, 30.20635 ], [ -93.59238, 30.2017 ], [ -93.59085, 30.2499 ], [ -93.41018, 30.24609 ], [ -93.40853, 30.29428 ], [ -93.25789, 30.29089 ], [ -93.25527, 30.36316 ] ] ], [ [ [ -92.53062, 30.3683 ], [ -92.52841, 30.41646 ], [ -92.61892, 30.41907 ], [ -92.67926, 30.42077 ], [ -92.68137, 30.37261 ], [ -92.65122, 30.37176 ], [ -92.65654, 30.25133 ], [ -92.62858, 30.20229 ], [ -92.53833, 30.19968 ], [ -92.53613, 30.24786 ], [ -92.47144, 30.34244 ], [ -92.41117, 30.34063 ], [ -92.41002, 30.36471 ], [ -92.53062, 30.3683 ] ] ], [ [ [ -93.16571, 30.33695 ], [ -93.16751, 30.28876 ], [ -92.92653, 30.28276 ], [ -92.92458, 30.33094 ], [ -92.74375, 30.32611 ], [ -92.71153, 30.37345 ], [ -92.70734, 30.46976 ], [ -92.79996, 30.42408 ], [ -92.95084, 30.42805 ], [ -93.01215, 30.40551 ], [ -93.163, 30.40921 ], [ -93.19586, 30.33766 ], [ -93.16571, 30.33695 ] ] ], [ [ [ -80.88293, 32.02954 ], [ -81.00478, 32.04471 ], [ -81.0304, 32.07216 ], [ -81.15235, 32.08718 ], [ -81.18119, 31.94507 ], [ -81.17475, 31.82286 ], [ -81.2147, 31.77919 ], [ -81.42737, 31.80509 ], [ -81.51387, 31.83979 ], [ -81.53025, 31.91457 ], [ -81.62159, 31.92547 ], [ -81.66133, 31.88167 ], [ -81.67986, 31.7868 ], [ -81.71949, 31.74296 ], [ -81.87143, 31.76087 ], [ -81.94131, 31.72052 ], [ -81.99882, 31.58161 ], [ -82.08982, 31.59218 ], [ -82.09878, 31.54467 ], [ -82.18974, 31.55516 ], [ -82.24666, 31.41607 ], [ -82.42398, 31.46054 ], [ -82.41117, 31.36202 ], [ -82.47604, 31.34508 ], [ -82.4934, 31.24995 ], [ -82.57108, 31.16158 ], [ -82.70889, 31.07987 ], [ -82.79937, 31.08992 ], [ -82.80782, 31.0423 ], [ -82.99292, 31.03835 ], [ -83.04078, 31.11638 ], [ -83.22195, 31.1359 ], [ -83.34684, 31.12493 ], [ -83.33873, 31.17258 ], [ -83.46366, 31.1615 ], [ -83.47169, 31.11384 ], [ -83.5401, 31.07249 ], [ -83.72129, 31.09126 ], [ -83.69896, 31.04046 ], [ -83.86546, 30.96051 ], [ -83.91109, 30.86814 ], [ -84.00148, 30.87728 ], [ -84.04689, 30.78483 ], [ -84.09569, 30.86249 ], [ -84.21622, 30.87448 ], [ -84.26137, 30.78195 ], [ -84.32158, 30.78788 ], [ -84.36654, 30.69528 ], [ -84.6373, 30.72149 ], [ -84.589, 30.83807 ], [ -84.52873, 30.83228 ], [ -84.48388, 30.9249 ], [ -84.63112, 30.96326 ], [ -84.6384, 30.9155 ], [ -84.78928, 30.92978 ], [ -84.8834, 30.91437 ], [ -84.89051, 30.86658 ], [ -85.01117, 30.87778 ], [ -85.08548, 30.78771 ], [ -85.09244, 30.7399 ], [ -85.24306, 30.75362 ], [ -85.26362, 30.6101 ], [ -85.33397, 30.54374 ], [ -85.45754, 30.53056 ], [ -85.63786, 30.54646 ], [ -85.63456, 30.5704 ], [ -85.93537, 30.5963 ], [ -85.93857, 30.57236 ], [ -86.1191, 30.58753 ], [ -86.12539, 30.53962 ], [ -86.27578, 30.55205 ], [ -86.28197, 30.50413 ], [ -86.42928, 30.54032 ], [ -86.57973, 30.55236 ], [ -86.63097, 30.62902 ], [ -86.92654, 30.70032 ], [ -87.19809, 30.72072 ], [ -87.25566, 30.74913 ], [ -87.38195, 30.71 ], [ -87.38745, 30.66205 ], [ -87.62881, 30.67928 ], [ -87.72199, 30.66163 ], [ -87.72727, 30.61366 ], [ -87.84789, 30.62199 ], [ -87.83748, 30.71794 ], [ -87.85988, 30.79194 ], [ -87.92034, 30.79605 ], [ -87.9074, 30.91592 ], [ -87.96797, 30.92001 ], [ -88.03364, 30.87612 ], [ -88.07405, 30.78222 ], [ -88.16475, 30.78821 ], [ -88.23267, 30.72021 ], [ -88.23763, 30.67223 ], [ -88.30292, 30.62815 ], [ -88.45622, 30.61382 ], [ -88.66746, 30.62703 ], [ -88.67214, 30.57902 ], [ -88.82069, 30.61223 ], [ -89.15276, 30.63181 ], [ -89.28213, 30.54262 ], [ -89.28641, 30.49456 ], [ -89.37685, 30.49964 ], [ -89.37263, 30.5477 ], [ -89.49331, 30.55437 ], [ -89.58179, 30.58331 ], [ -89.79313, 30.59453 ], [ -89.88177, 30.62325 ], [ -89.88762, 30.55116 ], [ -90.04044, 30.53478 ], [ -90.03664, 30.58286 ], [ -90.15743, 30.58885 ], [ -90.16115, 30.54078 ], [ -90.28007, 30.57068 ], [ -90.55187, 30.58344 ], [ -90.55535, 30.53536 ], [ -90.70629, 30.54217 ], [ -90.70967, 30.49408 ], [ -90.80019, 30.49807 ], [ -90.79688, 30.54617 ], [ -90.94625, 30.57673 ], [ -91.24841, 30.58918 ], [ -91.27863, 30.59038 ], [ -91.39952, 30.59512 ], [ -91.48876, 30.62264 ], [ -91.57948, 30.62604 ], [ -91.5823, 30.57793 ], [ -91.76364, 30.58452 ], [ -91.76093, 30.63263 ], [ -91.82142, 30.63477 ], [ -91.91738, 30.54169 ], [ -91.92129, 30.46949 ], [ -92.07471, 30.42643 ], [ -92.1375, 30.38026 ], [ -92.13996, 30.33211 ], [ -92.17009, 30.33308 ], [ -92.17253, 30.28492 ], [ -92.02198, 30.27996 ], [ -91.96304, 30.25384 ], [ -91.96817, 30.15748 ], [ -91.90935, 30.13132 ], [ -91.78916, 30.1271 ], [ -91.76315, 30.05374 ], [ -91.70176, 30.07567 ], [ -91.58168, 30.07123 ], [ -91.55307, 30.04601 ], [ -91.28302, 30.03552 ], [ -91.16456, 30.00657 ], [ -91.16762, 29.95837 ], [ -91.07772, 29.95465 ], [ -91.05557, 29.83289 ], [ -90.99574, 29.83035 ], [ -90.97059, 29.75675 ], [ -90.82117, 29.75025 ], [ -90.82444, 29.70203 ], [ -90.70499, 29.6967 ], [ -90.69496, 29.84134 ], [ -90.65661, 29.96046 ], [ -90.59327, 30.00591 ], [ -90.47336, 30.00035 ], [ -90.46109, 30.1689 ], [ -90.55121, 30.17309 ], [ -90.54602, 30.2453 ], [ -90.3674, 30.21278 ], [ -90.36383, 30.26091 ], [ -90.24171, 30.27918 ], [ -90.23805, 30.32729 ], [ -90.11767, 30.32138 ], [ -90.02929, 30.2928 ], [ -90.03308, 30.24469 ], [ -89.94483, 30.21605 ], [ -89.61438, 30.19866 ], [ -89.59044, 30.12485 ], [ -89.46215, 30.2145 ], [ -89.42794, 30.26093 ], [ -89.33778, 30.25589 ], [ -89.33355, 30.30398 ], [ -89.15315, 30.29368 ], [ -89.11872, 30.34001 ], [ -89.07764, 30.45842 ], [ -88.8668, 30.44593 ], [ -88.77876, 30.41644 ], [ -88.59817, 30.4053 ], [ -88.50552, 30.42365 ], [ -88.45013, 30.37179 ], [ -88.42246, 30.34584 ], [ -88.2421, 30.33416 ], [ -88.21205, 30.33219 ], [ -88.09185, 30.32422 ], [ -88.07422, 30.49229 ], [ -88.04411, 30.49027 ], [ -88.02888, 30.63426 ], [ -87.90821, 30.62611 ], [ -87.91853, 30.53014 ], [ -87.95634, 30.46018 ], [ -87.87381, 30.382 ], [ -87.87897, 30.33398 ], [ -87.69873, 30.32147 ], [ -87.69609, 30.34548 ], [ -87.51585, 30.3327 ], [ -87.51046, 30.3807 ], [ -87.4203, 30.3742 ], [ -87.3793, 30.468 ], [ -87.28905, 30.4614 ], [ -87.2835, 30.50937 ], [ -87.21772, 30.5529 ], [ -87.12738, 30.54618 ], [ -87.0757, 30.46972 ], [ -86.92534, 30.4583 ], [ -86.77795, 30.42272 ], [ -86.78382, 30.37475 ], [ -86.66371, 30.36534 ], [ -86.65777, 30.4133 ], [ -86.53461, 30.42773 ], [ -86.44449, 30.42049 ], [ -86.45057, 30.37254 ], [ -86.36358, 30.34126 ], [ -86.21359, 30.32894 ], [ -86.18671, 30.30248 ], [ -86.0668, 30.29246 ], [ -86.0731, 30.24451 ], [ -85.98324, 30.23692 ], [ -85.86988, 30.17874 ], [ -85.63056, 30.15792 ], [ -85.54416, 30.12602 ], [ -85.49104, 30.07276 ], [ -85.47116, 29.99816 ], [ -85.41149, 29.9928 ], [ -85.36191, 29.91547 ], [ -85.24612, 29.88062 ], [ -85.09722, 29.86686 ], [ -85.09034, 29.91481 ], [ -84.94489, 29.87689 ], [ -84.95186, 29.82894 ], [ -84.74719, 29.78514 ], [ -84.7401, 29.83308 ], [ -84.61754, 29.84554 ], [ -84.55083, 29.88767 ], [ -84.3723, 29.87009 ], [ -84.3352, 29.91504 ], [ -84.31676, 30.03476 ], [ -84.1342, 30.04077 ], [ -84.12669, 30.08863 ], [ -84.00742, 30.07652 ], [ -83.95921, 29.99863 ], [ -83.87371, 29.9655 ], [ -83.75467, 29.95313 ], [ -83.69904, 29.92297 ], [ -83.68096, 29.84804 ], [ -83.62154, 29.84177 ], [ -83.63713, 29.74602 ], [ -83.40777, 29.67279 ], [ -83.43148, 29.52911 ], [ -83.3507, 29.47159 ], [ -83.32909, 29.42047 ], [ -83.24051, 29.41077 ], [ -83.223, 29.33565 ], [ -83.16401, 29.32914 ], [ -83.17605, 29.25725 ], [ -83.08768, 29.24743 ], [ -83.07842, 29.12431 ], [ -82.86033, 29.173 ], [ -82.82208, 29.04648 ], [ -82.67527, 29.02962 ], [ -82.55368, 29.03995 ], [ -82.54529, 29.08787 ], [ -82.40271, 29.04671 ], [ -82.41119, 28.9988 ], [ -82.3232, 28.98839 ], [ -82.24743, 29.07721 ], [ -82.19224, 29.21735 ], [ -82.07465, 29.20325 ], [ -82.05832, 29.12791 ], [ -81.94088, 29.11366 ], [ -81.81907, 29.12323 ], [ -81.79415, 29.09569 ], [ -81.67681, 29.08118 ], [ -81.64997, 29.22469 ], [ -81.66144, 29.32397 ], [ -81.58909, 29.38837 ], [ -81.50078, 29.37735 ], [ -81.4917, 29.42513 ], [ -81.31504, 29.40289 ], [ -81.29663, 29.49841 ], [ -81.26255, 29.51855 ], [ -81.23478, 29.66175 ], [ -81.19595, 29.70572 ], [ -81.26144, 29.83622 ], [ -81.27713, 29.91149 ], [ -81.2975, 29.9629 ], [ -81.41152, 30.00159 ], [ -81.40231, 30.04927 ], [ -81.54622, 30.09152 ], [ -81.59413, 29.9998 ], [ -81.68318, 30.01072 ], [ -81.69933, 30.08589 ], [ -81.75877, 30.09313 ], [ -81.74526, 30.16466 ], [ -81.80476, 30.17187 ], [ -81.79128, 30.24339 ], [ -81.84637, 30.27441 ], [ -81.81943, 30.4174 ], [ -81.84928, 30.42098 ], [ -81.81778, 30.58772 ], [ -81.73982, 30.67575 ], [ -81.65252, 30.81129 ], [ -81.61793, 30.83144 ], [ -81.58575, 30.9979 ], [ -81.55568, 30.99425 ], [ -81.52792, 31.13685 ], [ -81.54416, 31.21178 ], [ -81.4537, 31.20079 ], [ -81.44437, 31.2483 ], [ -81.35389, 31.23723 ], [ -81.3096, 31.30476 ], [ -81.24924, 31.29733 ], [ -81.21603, 31.46345 ], [ -81.13643, 31.55085 ], [ -81.10766, 31.69312 ], [ -81.02285, 31.80408 ], [ -80.86718, 31.95471 ], [ -80.88293, 32.02954 ] ], [ [ -91.19869, 30.41835 ], [ -91.1941, 30.49053 ], [ -91.07182, 30.50965 ], [ -91.02097, 30.36277 ], [ -91.17161, 30.369 ], [ -91.19869, 30.41835 ] ] ] ] } },
{ "type": "Feature", "properties": { "ID": 48 }, "geometry": { "type": "MultiPolygon", "coordinates": [ [ [ [ -102.55196, 29.65737 ], [ -102.4625, 29.66234 ], [ -102.46657, 29.71053 ], [ -102.61576, 29.7022 ], [ -102.61159, 29.65402 ], [ -102.58177, 29.65569 ], [ -102.5797, 29.6316 ], [ -102.54989, 29.63327 ], [ -102.55196, 29.65737 ] ] ], [ [ [ -102.09777, 29.97217 ], [ -102.06781, 29.97371 ], [ -102.07936, 30.11815 ], [ -102.17133, 30.13755 ], [ -102.32139, 30.12961 ], [ -102.31738, 30.08148 ], [ -102.4973, 30.0717 ], [ -102.61512, 30.04097 ], [ -102.67083, 29.98946 ], [ -102.69442, 29.91555 ], [ -102.77987, 29.86226 ], [ -102.80761, 29.83646 ], [ -102.7926, 29.66787 ], [ -102.70949, 29.74529 ], [ -102.61576, 29.7022 ], [ -102.59424, 29.80023 ], [ -102.53449, 29.80357 ], [ -102.51078, 29.87748 ], [ -102.45097, 29.88078 ], [ -102.42715, 29.95464 ], [ -102.12772, 29.97061 ], [ -102.12578, 29.94653 ], [ -102.09584, 29.94809 ], [ -102.09777, 29.97217 ] ] ], [ [ [ -91.30184, 31.67446 ], [ -91.29422, 31.7943 ], [ -91.32038, 31.86737 ], [ -91.38187, 31.86972 ], [ -91.37587, 31.96555 ], [ -91.49901, 31.97016 ], [ -91.50194, 31.92225 ], [ -91.62502, 31.92674 ], [ -91.66143, 31.83199 ], [ -91.75364, 31.83525 ], [ -91.88194, 31.7436 ], [ -91.91661, 31.67271 ], [ -92.10065, 31.67877 ], [ -92.25525, 31.65963 ], [ -92.25283, 31.70759 ], [ -92.46768, 31.71404 ], [ -92.47225, 31.6181 ], [ -92.59488, 31.62161 ], [ -92.59267, 31.66958 ], [ -92.93018, 31.6786 ], [ -92.95988, 31.70336 ], [ -92.95495, 31.82328 ], [ -93.13944, 31.82776 ], [ -93.08079, 31.75435 ], [ -93.09116, 31.49042 ], [ -93.0003, 31.46417 ], [ -93.03473, 31.36889 ], [ -93.12641, 31.37111 ], [ -93.15972, 31.29979 ], [ -93.34292, 31.30397 ], [ -93.40567, 31.25726 ], [ -93.40734, 31.20921 ], [ -93.61546, 31.38177 ], [ -93.61315, 31.45381 ], [ -93.67435, 31.455 ], [ -93.70199, 31.55161 ], [ -93.79391, 31.55332 ], [ -93.79676, 31.45729 ], [ -93.70644, 31.40756 ], [ -93.73921, 31.33609 ], [ -93.7443, 31.16792 ], [ -93.71381, 31.16734 ], [ -93.71528, 31.11927 ], [ -93.71602, 31.09524 ], [ -93.71748, 31.04716 ], [ -93.77978, 31.00022 ], [ -93.96228, 31.00346 ], [ -93.95638, 31.21979 ], [ -94.04727, 31.24534 ], [ -94.16934, 31.24726 ], [ -94.16816, 31.29531 ], [ -94.25978, 31.29667 ], [ -94.2581, 31.36873 ], [ -94.41095, 31.37084 ], [ -94.40992, 31.41888 ], [ -94.5017, 31.42005 ], [ -94.50073, 31.46808 ], [ -94.62318, 31.46954 ], [ -94.62051, 31.61359 ], [ -94.71294, 31.5906 ], [ -95.29558, 31.59539 ], [ -95.41806, 31.62005 ], [ -95.41844, 31.57203 ], [ -95.6637, 31.57296 ], [ -95.69396, 31.66907 ], [ -95.7552, 31.71721 ], [ -95.84736, 31.71736 ], [ -95.84721, 31.78934 ], [ -95.9087, 31.78941 ], [ -95.97022, 31.74145 ], [ -96.00095, 31.83742 ], [ -96.09325, 31.83739 ], [ -96.15469, 31.78934 ], [ -96.15459, 31.74135 ], [ -96.24677, 31.7412 ], [ -96.27723, 31.66913 ], [ -96.36933, 31.66889 ], [ -96.36885, 31.57287 ], [ -96.46068, 31.54854 ], [ -96.58327, 31.54801 ], [ -96.61312, 31.45181 ], [ -96.73531, 31.42711 ], [ -96.8883, 31.42608 ], [ -96.88716, 31.32999 ], [ -96.91712, 31.28171 ], [ -97.00873, 31.28098 ], [ -97.03827, 31.20863 ], [ -97.25181, 31.20659 ], [ -97.251, 31.15852 ], [ -97.34246, 31.15754 ], [ -97.37162, 31.08508 ], [ -97.36986, 30.9889 ], [ -97.492, 31.01149 ], [ -97.49488, 31.15574 ], [ -97.58684, 31.1786 ], [ -97.7393, 31.17649 ], [ -97.73818, 31.12842 ], [ -97.82842, 31.07899 ], [ -97.82724, 31.03091 ], [ -97.94709, 30.95685 ], [ -97.94584, 30.90875 ], [ -98.09707, 30.88214 ], [ -98.09304, 30.73779 ], [ -98.03242, 30.73883 ], [ -98.03047, 30.66663 ], [ -98.0897, 30.61744 ], [ -98.18049, 30.61582 ], [ -98.18188, 30.66396 ], [ -98.303, 30.66168 ], [ -98.30447, 30.70981 ], [ -98.36733, 30.78081 ], [ -98.42876, 30.80365 ], [ -98.61076, 30.79982 ], [ -98.66971, 30.75036 ], [ -98.66801, 30.70224 ], [ -98.75888, 30.70017 ], [ -98.82126, 30.74688 ], [ -98.82487, 30.8431 ], [ -98.88557, 30.84165 ], [ -98.91218, 30.74469 ], [ -99.0031, 30.74244 ], [ -99.0305, 30.66949 ], [ -99.09104, 30.66794 ], [ -99.05686, 30.57246 ], [ -99.05589, 30.54839 ], [ -98.99353, 30.50178 ], [ -98.87269, 30.50476 ], [ -98.87086, 30.4566 ], [ -98.75009, 30.45946 ], [ -98.74834, 30.41129 ], [ -98.65781, 30.41335 ], [ -98.65359, 30.29291 ], [ -98.74397, 30.29085 ], [ -98.74135, 30.21856 ], [ -98.65022, 30.19651 ], [ -98.46967, 30.20042 ], [ -98.46575, 30.07988 ], [ -98.49343, 30.00691 ], [ -98.70353, 30.00228 ], [ -98.70524, 30.05051 ], [ -98.79534, 30.04841 ], [ -98.79356, 30.00018 ], [ -98.8836, 29.99802 ], [ -98.88177, 29.94978 ], [ -98.76093, 29.92853 ], [ -98.6676, 29.8341 ], [ -98.66508, 29.7617 ], [ -98.72319, 29.71206 ], [ -98.71976, 29.61549 ], [ -98.74876, 29.59064 ], [ -98.86816, 29.58778 ], [ -98.87268, 29.70849 ], [ -98.96423, 29.75454 ], [ -98.99698, 29.82617 ], [ -99.17662, 29.82146 ], [ -99.17762, 29.84558 ], [ -99.23751, 29.84395 ], [ -99.23547, 29.7957 ], [ -99.26539, 29.79487 ], [ -99.26333, 29.74661 ], [ -99.20352, 29.74825 ], [ -99.20049, 29.67585 ], [ -99.32, 29.67253 ], [ -99.34566, 29.57511 ], [ -99.46938, 29.6682 ], [ -99.58887, 29.66461 ], [ -99.5534, 29.54481 ], [ -99.67269, 29.54113 ], [ -99.675, 29.58942 ], [ -99.79436, 29.58561 ], [ -99.82059, 29.51221 ], [ -99.91001, 29.50926 ], [ -99.94354, 29.58068 ], [ -99.94976, 29.70135 ], [ -100.01205, 29.74758 ], [ -100.07184, 29.74552 ], [ -100.09786, 29.6721 ], [ -100.0927, 29.57556 ], [ -100.21201, 29.57133 ], [ -100.24719, 29.66678 ], [ -100.33677, 29.6635 ], [ -100.36939, 29.71065 ], [ -100.37629, 29.83124 ], [ -100.46889, 29.87609 ], [ -100.49456, 29.80261 ], [ -100.5843, 29.79914 ], [ -100.6215, 29.91852 ], [ -100.5345, 29.97022 ], [ -100.54169, 30.0907 ], [ -100.57171, 30.08954 ], [ -100.57316, 30.11363 ], [ -100.60319, 30.11246 ], [ -100.60465, 30.13655 ], [ -100.66474, 30.13419 ], [ -100.69925, 30.20525 ], [ -100.78945, 30.20164 ], [ -100.79249, 30.24979 ], [ -100.91126, 30.22078 ], [ -101.33215, 30.20256 ], [ -101.32708, 30.13033 ], [ -101.38713, 30.12761 ], [ -101.37861, 30.00719 ], [ -101.28867, 30.01126 ], [ -101.28532, 29.96308 ], [ -101.16546, 29.9684 ], [ -101.09907, 29.87463 ], [ -101.09585, 29.82642 ], [ -100.91636, 29.83406 ], [ -100.88027, 29.73887 ], [ -100.82051, 29.74134 ], [ -100.78609, 29.6702 ], [ -100.6368, 29.6762 ], [ -100.63388, 29.62795 ], [ -100.54434, 29.63146 ], [ -100.50882, 29.53609 ], [ -100.4464, 29.49009 ], [ -100.32722, 29.49456 ], [ -100.26361, 29.42432 ], [ -100.14453, 29.42861 ], [ -99.96713, 29.45896 ], [ -99.96463, 29.41066 ], [ -99.66692, 29.42038 ], [ -99.6085, 29.44639 ], [ -99.45956, 29.4509 ], [ -99.39785, 29.40433 ], [ -99.15965, 29.41102 ], [ -99.16164, 29.45933 ], [ -98.74443, 29.46987 ], [ -98.71719, 29.54304 ], [ -98.6592, 29.59271 ], [ -98.54059, 29.61951 ], [ -98.21205, 29.62617 ], [ -98.21345, 29.67446 ], [ -98.09455, 29.7008 ], [ -98.03604, 29.75014 ], [ -98.00802, 29.82307 ], [ -97.94812, 29.82407 ], [ -97.9206, 29.92109 ], [ -97.86063, 29.92205 ], [ -97.83238, 29.9949 ], [ -97.71231, 29.9967 ], [ -97.6807, 29.92476 ], [ -97.61969, 29.87734 ], [ -97.52978, 29.87854 ], [ -97.52736, 29.75785 ], [ -97.49649, 29.70995 ], [ -97.37686, 29.71141 ], [ -97.37773, 29.7597 ], [ -97.25802, 29.76104 ], [ -97.16861, 29.78611 ], [ -97.16935, 29.83439 ], [ -97.07948, 29.83525 ], [ -97.08256, 30.05241 ], [ -96.99274, 30.07733 ], [ -96.96422, 30.19815 ], [ -96.90459, 30.24684 ], [ -96.75399, 30.24789 ], [ -96.75351, 30.19968 ], [ -96.51269, 30.20096 ], [ -96.51301, 30.24918 ], [ -96.42265, 30.24954 ], [ -96.42292, 30.29775 ], [ -96.33249, 30.29804 ], [ -96.30197, 30.20169 ], [ -96.24176, 30.20183 ], [ -96.12115, 30.08144 ], [ -96.12107, 30.03319 ], [ -96.03096, 30.03325 ], [ -96.03098, 30.08149 ], [ -95.91076, 30.08146 ], [ -95.91082, 30.03322 ], [ -95.76063, 30.03301 ], [ -95.76048, 30.08126 ], [ -95.67031, 30.08104 ], [ -95.6701, 30.12927 ], [ -95.57988, 30.12899 ], [ -95.54937, 30.20122 ], [ -95.48917, 30.20097 ], [ -95.48852, 30.2974 ], [ -95.42824, 30.29712 ], [ -95.36836, 30.24861 ], [ -95.36896, 30.17628 ], [ -95.12822, 30.17475 ], [ -95.12877, 30.12652 ], [ -95.00848, 30.12558 ], [ -95.00785, 30.1738 ], [ -94.88714, 30.19684 ], [ -94.88643, 30.24506 ], [ -94.61537, 30.2422 ], [ -94.61581, 30.21809 ], [ -94.19434, 30.21241 ], [ -94.1932, 30.26062 ], [ -94.16307, 30.26016 ], [ -94.13117, 30.33198 ], [ -94.01058, 30.33002 ], [ -94.01184, 30.28183 ], [ -93.92146, 30.28028 ], [ -93.92013, 30.32847 ], [ -93.73926, 30.32516 ], [ -93.73782, 30.37334 ], [ -93.61717, 30.37098 ], [ -93.58931, 30.2981 ], [ -93.49892, 30.29622 ], [ -93.49733, 30.34441 ], [ -93.28629, 30.33977 ], [ -93.25527, 30.36316 ], [ -93.25615, 30.33907 ], [ -93.19586, 30.33766 ], [ -93.163, 30.40921 ], [ -93.01215, 30.40551 ], [ -92.95084, 30.42805 ], [ -92.79996, 30.42408 ], [ -92.70734, 30.46976 ], [ -92.70943, 30.42161 ], [ -92.61892, 30.41907 ], [ -92.52841, 30.41646 ], [ -92.53062, 30.3683 ], [ -92.34973, 30.36287 ], [ -92.34741, 30.41102 ], [ -92.19781, 30.38221 ], [ -92.20022, 30.33405 ], [ -92.13996, 30.33211 ], [ -92.1375, 30.38026 ], [ -92.07471, 30.42643 ], [ -91.92129, 30.46949 ], [ -91.91738, 30.54169 ], [ -91.82142, 30.63477 ], [ -91.48876, 30.62264 ], [ -91.39952, 30.59512 ], [ -91.33907, 30.59276 ], [ -91.30135, 30.71181 ], [ -91.42098, 30.74056 ], [ -91.41805, 30.78864 ], [ -91.50896, 30.79209 ], [ -91.53498, 30.86534 ], [ -91.52639, 31.00951 ], [ -91.58718, 31.01176 ], [ -91.58292, 31.08382 ], [ -91.39003, 31.24503 ], [ -91.38409, 31.34104 ], [ -91.32303, 31.33868 ], [ -91.31851, 31.41066 ], [ -91.37962, 31.41302 ], [ -91.34305, 31.5078 ], [ -91.3325, 31.67565 ], [ -91.30184, 31.67446 ] ], [ [ -97.62844, 30.28732 ], [ -97.62689, 30.21501 ], [ -97.74731, 30.21329 ], [ -97.75009, 30.33379 ], [ -97.65963, 30.33509 ], [ -97.62844, 30.28732 ] ] ], [ [ [ -89.33696, 31.29329 ], [ -89.24556, 31.2882 ], [ -89.23685, 31.38405 ], [ -89.29786, 31.38746 ], [ -89.33696, 31.29329 ] ] ], [ [ [ -83.73476, 31.94018 ], [ -83.78003, 32.04147 ], [ -83.83038, 31.92564 ], [ -83.73476, 31.94018 ] ] ], [ [ [ -86.35236, 32.3208 ], [ -86.3247, 32.29453 ], [ -86.17073, 32.28222 ], [ -86.13352, 32.3274 ], [ -86.12063, 32.42269 ], [ -86.20998, 32.45395 ], [ -86.33344, 32.46377 ], [ -86.37061, 32.41855 ], [ -86.35236, 32.3208 ] ] ], [ [ [ -83.51102, 32.15917 ], [ -83.42322, 32.12593 ], [ -83.40276, 32.2447 ], [ -83.49477, 32.25419 ], [ -83.54166, 32.16231 ], [ -83.51102, 32.15917 ] ] ] ] } },
{ "type": "Feature", "properties": { "ID": 49 }, "geometry": { "type": "MultiPolygon", "coordinates": [ [ [ [ -97.19674, 27.75057 ], [ -97.13771, 27.70254 ], [ -97.13911, 27.7998 ], [ -97.19674, 27.75057 ] ] ], [ [ [ -96.50014, 28.29018 ], [ -96.67634, 28.28927 ], [ -96.67592, 28.24074 ], [ -96.49983, 28.24164 ], [ -96.50014, 28.29018 ] ] ], [ [ [ -96.50014, 28.29018 ], [ -96.41204, 28.29053 ], [ -96.38303, 28.36342 ], [ -96.50061, 28.36297 ], [ -96.50014, 28.29018 ] ] ], [ [ [ -92.41002, 30.36471 ], [ -92.41117, 30.34063 ], [ -92.47144, 30.34244 ], [ -92.53613, 30.24786 ], [ -92.53833, 30.19968 ], [ -92.62858, 30.20229 ], [ -92.65654, 30.25133 ], [ -92.65122, 30.37176 ], [ -92.68137, 30.37261 ], [ -92.67926, 30.42077 ], [ -92.70943, 30.42161 ], [ -92.71153, 30.37345 ], [ -92.74375, 30.32611 ], [ -92.92458, 30.33094 ], [ -92.92653, 30.28276 ], [ -93.16751, 30.28876 ], [ -93.16571, 30.33695 ], [ -93.25615, 30.33907 ], [ -93.25789, 30.29089 ], [ -93.40853, 30.29428 ], [ -93.41018, 30.24609 ], [ -93.59085, 30.2499 ], [ -93.59238, 30.2017 ], [ -93.83314, 30.20635 ], [ -93.83452, 30.15814 ], [ -94.015, 30.16131 ], [ -94.01374, 30.20952 ], [ -94.13414, 30.21148 ], [ -94.13295, 30.25969 ], [ -94.1932, 30.26062 ], [ -94.19434, 30.21241 ], [ -94.61581, 30.21809 ], [ -94.61537, 30.2422 ], [ -94.88643, 30.24506 ], [ -94.88714, 30.19684 ], [ -95.00785, 30.1738 ], [ -95.00848, 30.12558 ], [ -95.12877, 30.12652 ], [ -95.12822, 30.17475 ], [ -95.45924, 30.17673 ], [ -95.46027, 30.03202 ], [ -95.58054, 30.00838 ], [ -95.58134, 29.8636 ], [ -95.67135, 29.83974 ], [ -95.7015, 29.79154 ], [ -95.70197, 29.67081 ], [ -95.79179, 29.62269 ], [ -95.79212, 29.50189 ], [ -95.91143, 29.50204 ], [ -95.91138, 29.55036 ], [ -96.00092, 29.5504 ], [ -96.00092, 29.50207 ], [ -96.29921, 29.50169 ], [ -96.29902, 29.45335 ], [ -96.65674, 29.45189 ], [ -96.65715, 29.50022 ], [ -96.80629, 29.49929 ], [ -96.80578, 29.45096 ], [ -96.92472, 29.42591 ], [ -97.04391, 29.4249 ], [ -97.04326, 29.37656 ], [ -97.28148, 29.37418 ], [ -97.33977, 29.30098 ], [ -97.45876, 29.29956 ], [ -97.45785, 29.25119 ], [ -97.75512, 29.2471 ], [ -97.75347, 29.17454 ], [ -97.66229, 29.07907 ], [ -97.5733, 29.08031 ], [ -97.54558, 29.17748 ], [ -97.48618, 29.17826 ], [ -97.42588, 29.13062 ], [ -97.27747, 29.13234 ], [ -97.21734, 29.08459 ], [ -97.21657, 29.03619 ], [ -97.12763, 29.03709 ], [ -97.12693, 28.98868 ], [ -96.94915, 28.99027 ], [ -96.91866, 28.91788 ], [ -96.80024, 28.91875 ], [ -96.80099, 28.99138 ], [ -96.59357, 28.99263 ], [ -96.59135, 28.702 ], [ -96.47312, 28.67831 ], [ -96.47253, 28.58136 ], [ -96.3841, 28.58168 ], [ -96.38434, 28.63017 ], [ -96.29586, 28.63043 ], [ -96.23672, 28.58208 ], [ -96.08934, 28.58229 ], [ -96.0894, 28.63077 ], [ -95.97141, 28.6308 ], [ -95.97143, 28.58232 ], [ -95.91242, 28.63077 ], [ -95.79445, 28.63062 ], [ -95.70587, 28.65467 ], [ -95.70569, 28.70314 ], [ -95.61712, 28.70288 ], [ -95.61688, 28.75134 ], [ -95.52826, 28.75101 ], [ -95.49825, 28.82356 ], [ -95.37998, 28.82298 ], [ -95.37959, 28.87142 ], [ -95.26033, 28.96758 ], [ -95.20108, 28.96719 ], [ -95.17068, 29.0396 ], [ -95.0509, 29.13549 ], [ -94.90213, 29.15837 ], [ -94.84201, 29.20618 ], [ -94.84129, 29.25455 ], [ -94.78106, 29.30231 ], [ -94.66207, 29.30101 ], [ -94.65996, 29.42188 ], [ -94.62931, 29.46987 ], [ -94.51006, 29.46841 ], [ -94.42012, 29.4914 ], [ -94.41913, 29.53973 ], [ -94.29977, 29.53805 ], [ -94.2987, 29.58637 ], [ -94.17928, 29.58457 ], [ -94.17813, 29.63288 ], [ -94.08851, 29.63145 ], [ -94.02752, 29.67876 ], [ -93.7884, 29.6745 ], [ -93.66811, 29.69633 ], [ -93.66664, 29.74461 ], [ -93.33761, 29.73761 ], [ -93.33677, 29.76175 ], [ -93.09744, 29.75608 ], [ -93.06937, 29.70706 ], [ -92.9498, 29.70402 ], [ -92.86112, 29.67751 ], [ -92.86309, 29.62923 ], [ -92.74365, 29.62597 ], [ -92.7457, 29.57769 ], [ -92.62741, 29.55016 ], [ -92.3888, 29.54304 ], [ -92.36126, 29.49383 ], [ -92.24205, 29.49006 ], [ -92.23969, 29.53835 ], [ -92.17764, 29.5847 ], [ -92.02847, 29.57974 ], [ -92.00241, 29.5063 ], [ -91.8832, 29.50216 ], [ -91.88579, 29.45387 ], [ -91.73689, 29.44853 ], [ -91.70441, 29.49573 ], [ -91.699, 29.59228 ], [ -91.84687, 29.6218 ], [ -91.84425, 29.67006 ], [ -92.05333, 29.67728 ], [ -92.07949, 29.75067 ], [ -91.93129, 29.72146 ], [ -91.63246, 29.71072 ], [ -91.6678, 29.61531 ], [ -91.54984, 29.58671 ], [ -91.55544, 29.49016 ], [ -91.40794, 29.46026 ], [ -91.38106, 29.4108 ], [ -91.29327, 29.38309 ], [ -91.32889, 29.28769 ], [ -91.30359, 29.21402 ], [ -91.12552, 29.2067 ], [ -91.12858, 29.15838 ], [ -90.86331, 29.12273 ], [ -90.86813, 29.05023 ], [ -90.74969, 29.04494 ], [ -90.74641, 29.09326 ], [ -90.65586, 29.11337 ], [ -90.65251, 29.16168 ], [ -90.58983, 29.20725 ], [ -90.58304, 29.30383 ], [ -90.46423, 29.29825 ], [ -90.40834, 29.24712 ], [ -90.41185, 29.19883 ], [ -90.38219, 29.1974 ], [ -90.29143, 29.21722 ], [ -90.29857, 29.12062 ], [ -90.24112, 29.09354 ], [ -90.12266, 29.0876 ], [ -90.0875, 29.15855 ], [ -89.99859, 29.15399 ], [ -89.99483, 29.20228 ], [ -89.92792, 29.29575 ], [ -89.6311, 29.27989 ], [ -89.57779, 29.20424 ], [ -89.402, 29.17014 ], [ -89.34691, 29.11849 ], [ -89.37859, 29.09604 ], [ -89.38687, 28.99947 ], [ -89.29399, 29.04266 ], [ -89.23907, 28.99094 ], [ -89.123, 28.95983 ], [ -89.11655, 29.03226 ], [ -89.05307, 29.07701 ], [ -89.04437, 29.17354 ], [ -89.00819, 29.24413 ], [ -89.12679, 29.2512 ], [ -89.12032, 29.32356 ], [ -89.17541, 29.37528 ], [ -89.29213, 29.40629 ], [ -89.50018, 29.41807 ], [ -89.55559, 29.4696 ], [ -89.54341, 29.61424 ], [ -89.42214, 29.6317 ], [ -89.38608, 29.70231 ], [ -89.29236, 29.7454 ], [ -89.28388, 29.84173 ], [ -89.22197, 29.86237 ], [ -89.2134, 29.95866 ], [ -89.17915, 30.00506 ], [ -89.16401, 30.17345 ], [ -89.25406, 30.17863 ], [ -89.29259, 30.08412 ], [ -89.50249, 30.09587 ], [ -89.56859, 30.02696 ], [ -89.5747, 29.95475 ], [ -89.63457, 29.958 ], [ -89.64061, 29.88576 ], [ -89.70242, 29.8649 ], [ -89.69446, 29.96122 ], [ -89.78232, 29.99007 ], [ -89.77838, 30.03822 ], [ -89.6585, 30.03183 ], [ -89.65448, 30.07997 ], [ -89.59044, 30.12485 ], [ -89.61438, 30.19866 ], [ -89.94483, 30.21605 ], [ -90.03308, 30.24469 ], [ -90.02929, 30.2928 ], [ -90.11767, 30.32138 ], [ -90.23805, 30.32729 ], [ -90.24171, 30.27918 ], [ -90.36383, 30.26091 ], [ -90.3674, 30.21278 ], [ -90.54602, 30.2453 ], [ -90.55121, 30.17309 ], [ -90.46109, 30.1689 ], [ -90.47336, 30.00035 ], [ -90.59327, 30.00591 ], [ -90.65661, 29.96046 ], [ -90.69496, 29.84134 ], [ -90.70499, 29.6967 ], [ -90.82444, 29.70203 ], [ -90.82117, 29.75025 ], [ -90.97059, 29.75675 ], [ -90.99574, 29.83035 ], [ -91.05557, 29.83289 ], [ -91.07772, 29.95465 ], [ -91.16762, 29.95837 ], [ -91.16456, 30.00657 ], [ -91.28302, 30.03552 ], [ -91.55307, 30.04601 ], [ -91.58168, 30.07123 ], [ -91.70176, 30.07567 ], [ -91.76315, 30.05374 ], [ -91.78916, 30.1271 ], [ -91.90935, 30.13132 ], [ -91.96817, 30.15748 ], [ -91.96304, 30.25384 ], [ -92.02198, 30.27996 ], [ -92.17253, 30.28492 ], [ -92.17009, 30.33308 ], [ -92.20022, 30.33405 ], [ -92.19781, 30.38221 ], [ -92.34741, 30.41102 ], [ -92.34973, 30.36287 ], [ -92.41002, 30.36471 ] ], [ [ -89.92792, 29.29575 ], [ -89.94812, 29.41794 ], [ -89.82919, 29.41171 ], [ -89.8647, 29.3409 ], [ -89.92792, 29.29575 ] ], [ [ -96.119, 28.70345 ], [ -96.08959, 28.80039 ], [ -96.00091, 28.80042 ], [ -95.97137, 28.75197 ], [ -95.97141, 28.65504 ], [ -96.11893, 28.65498 ], [ -96.119, 28.70345 ] ], [ [ -94.71835, 29.49505 ], [ -94.71754, 29.54338 ], [ -94.62801, 29.54236 ], [ -94.62888, 29.49404 ], [ -94.71835, 29.49505 ] ], [ [ -94.71835, 29.49505 ], [ -94.71915, 29.44672 ], [ -94.83947, 29.37545 ], [ -94.86747, 29.49659 ], [ -94.98549, 29.59433 ], [ -94.86568, 29.61739 ], [ -94.86497, 29.66569 ], [ -94.80368, 29.76169 ], [ -94.71389, 29.76074 ], [ -94.71633, 29.61585 ], [ -94.83691, 29.54462 ], [ -94.83764, 29.4963 ], [ -94.71835, 29.49505 ] ], [ [ -95.61229, 29.67054 ], [ -95.61205, 29.71884 ], [ -95.49223, 29.74254 ], [ -95.49271, 29.67009 ], [ -95.61229, 29.67054 ] ] ], [ [ [ -89.46215, 30.2145 ], [ -89.47044, 30.11827 ], [ -89.41044, 30.11494 ], [ -89.40207, 30.21116 ], [ -89.46215, 30.2145 ] ] ], [ [ [ -88.88491, 30.25368 ], [ -89.00508, 30.26085 ], [ -89.00952, 30.21276 ], [ -88.88943, 30.2056 ], [ -88.88491, 30.25368 ] ] ], [ [ [ -91.19869, 30.41835 ], [ -91.17161, 30.369 ], [ -91.02097, 30.36277 ], [ -91.07182, 30.50965 ], [ -91.1941, 30.49053 ], [ -91.19869, 30.41835 ] ] ], [ [ [ -84.74719, 29.78514 ], [ -84.95186, 29.82894 ], [ -84.94489, 29.87689 ], [ -85.09034, 29.91481 ], [ -85.09722, 29.86686 ], [ -85.24612, 29.88062 ], [ -85.36191, 29.91547 ], [ -85.40175, 29.84621 ], [ -85.4251, 29.67825 ], [ -85.21717, 29.65924 ], [ -85.04592, 29.59467 ], [ -84.92727, 29.58347 ], [ -84.92031, 29.63145 ], [ -84.83129, 29.62297 ], [ -84.76489, 29.66525 ], [ -84.72102, 29.7583 ], [ -84.63187, 29.74967 ], [ -84.62471, 29.79761 ], [ -84.7401, 29.83308 ], [ -84.74719, 29.78514 ] ], [ [ -85.07215, 29.62145 ], [ -85.02867, 29.71463 ], [ -84.88014, 29.70059 ], [ -84.98313, 29.61308 ], [ -85.07215, 29.62145 ] ] ], [ [ [ -84.62471, 29.79761 ], [ -84.53553, 29.78891 ], [ -84.5283, 29.83684 ], [ -84.61754, 29.84554 ], [ -84.62471, 29.79761 ] ] ], [ [ [ -85.36191, 29.91547 ], [ -85.41149, 29.9928 ], [ -85.47116, 29.99816 ], [ -85.49104, 30.07276 ], [ -85.54416, 30.12602 ], [ -85.63056, 30.15792 ], [ -85.78012, 30.17099 ], [ -85.78659, 30.12304 ], [ -85.75994, 30.09647 ], [ -85.67029, 30.08863 ], [ -85.67682, 30.04067 ], [ -85.53084, 30.00349 ], [ -85.53746, 29.95553 ], [ -85.36191, 29.91547 ] ] ], [ [ [ -88.2421, 30.33416 ], [ -88.15693, 30.28018 ], [ -88.13439, 30.20611 ], [ -88.06936, 30.25014 ], [ -88.09938, 30.25215 ], [ -88.09436, 30.3002 ], [ -88.1244, 30.3022 ], [ -88.12189, 30.32622 ], [ -88.21205, 30.33219 ], [ -88.2421, 30.33416 ] ] ], [ [ [ -88.45013, 30.37179 ], [ -88.50552, 30.42365 ], [ -88.59817, 30.4053 ], [ -88.77876, 30.41644 ], [ -88.8668, 30.44593 ], [ -89.07764, 30.45842 ], [ -89.11872, 30.34001 ], [ -89.05415, 30.38457 ], [ -88.8736, 30.37385 ], [ -88.81572, 30.34619 ], [ -88.63529, 30.3351 ], [ -88.63997, 30.28704 ], [ -88.5198, 30.2795 ], [ -88.45732, 30.29971 ], [ -88.45013, 30.37179 ] ] ], [ [ [ -86.92534, 30.4583 ], [ -87.0757, 30.46972 ], [ -87.12738, 30.54618 ], [ -87.21772, 30.5529 ], [ -87.2835, 30.50937 ], [ -87.28905, 30.4614 ], [ -87.3793, 30.468 ], [ -87.4203, 30.3742 ], [ -87.51046, 30.3807 ], [ -87.51585, 30.3327 ], [ -87.69609, 30.34548 ], [ -87.69873, 30.32147 ], [ -87.81889, 30.32984 ], [ -87.82668, 30.2578 ], [ -87.88671, 30.26194 ], [ -87.98186, 30.22004 ], [ -87.68191, 30.1993 ], [ -87.67663, 30.24733 ], [ -87.55662, 30.23881 ], [ -87.46392, 30.25635 ], [ -87.4585, 30.30437 ], [ -87.21838, 30.28677 ], [ -87.2128, 30.33477 ], [ -87.03267, 30.32125 ], [ -86.90973, 30.33607 ], [ -86.90395, 30.38405 ], [ -86.78382, 30.37475 ], [ -86.77795, 30.42272 ], [ -86.92534, 30.4583 ] ] ], [ [ [ -86.66371, 30.36534 ], [ -86.63071, 30.38694 ], [ -86.45057, 30.37254 ], [ -86.44449, 30.42049 ], [ -86.53461, 30.42773 ], [ -86.65777, 30.4133 ], [ -86.66371, 30.36534 ] ] ], [ [ [ -81.2975, 29.9629 ], [ -81.27893, 30.05824 ], [ -81.33368, 30.08952 ], [ -81.3495, 30.16472 ], [ -81.33095, 30.26001 ], [ -81.39049, 30.26743 ], [ -81.35804, 30.43412 ], [ -81.37396, 30.50923 ], [ -81.4337, 30.51662 ], [ -81.40124, 30.68319 ], [ -81.43118, 30.68688 ], [ -81.37064, 30.99598 ], [ -81.37733, 31.11848 ], [ -81.26343, 31.22611 ], [ -81.24924, 31.29733 ], [ -81.3096, 31.30476 ], [ -81.35389, 31.23723 ], [ -81.44437, 31.2483 ], [ -81.4537, 31.20079 ], [ -81.54416, 31.21178 ], [ -81.52792, 31.13685 ], [ -81.55568, 30.99425 ], [ -81.58575, 30.9979 ], [ -81.61793, 30.83144 ], [ -81.65252, 30.81129 ], [ -81.73982, 30.67575 ], [ -81.81778, 30.58772 ], [ -81.84928, 30.42098 ], [ -81.81943, 30.4174 ], [ -81.84637, 30.27441 ], [ -81.79128, 30.24339 ], [ -81.80476, 30.17187 ], [ -81.74526, 30.16466 ], [ -81.75877, 30.09313 ], [ -81.69933, 30.08589 ], [ -81.68318, 30.01072 ], [ -81.59413, 29.9998 ], [ -81.54622, 30.09152 ], [ -81.40231, 30.04927 ], [ -81.41152, 30.00159 ], [ -81.2975, 29.9629 ] ] ] ] } },
{ "type": "Feature", "properties": { "ID": 50 }, "geometry": { "type": "MultiPolygon", "coordinates": [ [ [ [ -100.74402, 27.04827 ], [ -100.83358, 27.09327 ], [ -100.83063, 27.04458 ], [ -100.74402, 27.04827 ] ] ], [ [ [ -98.25615, 28.0748 ], [ -98.28685, 28.12277 ], [ -98.46261, 28.11912 ], [ -98.49113, 28.09421 ], [ -98.48806, 27.99709 ], [ -98.54655, 27.9958 ], [ -98.54106, 27.82576 ], [ -98.42433, 27.8283 ], [ -98.42582, 27.8769 ], [ -98.25059, 27.8805 ], [ -98.19353, 27.93022 ], [ -98.19692, 28.05166 ], [ -98.25615, 28.0748 ] ] ], [ [ [ -98.11106, 28.12615 ], [ -97.99387, 28.12825 ], [ -97.99819, 28.29813 ], [ -98.08628, 28.29657 ], [ -98.11433, 28.2475 ], [ -98.11106, 28.12615 ] ] ], [ [ [ -95.36896, 30.17628 ], [ -95.36836, 30.24861 ], [ -95.42824, 30.29712 ], [ -95.48852, 30.2974 ], [ -95.48917, 30.20097 ], [ -95.54937, 30.20122 ], [ -95.57988, 30.12899 ], [ -95.6701, 30.12927 ], [ -95.67031, 30.08104 ], [ -95.76048, 30.08126 ], [ -95.76063, 30.03301 ], [ -95.91082, 30.03322 ], [ -95.91076, 30.08146 ], [ -96.03098, 30.08149 ], [ -96.03096, 30.03325 ], [ -96.12107, 30.03319 ], [ -96.12115, 30.08144 ], [ -96.24176, 30.20183 ], [ -96.30197, 30.20169 ], [ -96.33249, 30.29804 ], [ -96.42292, 30.29775 ], [ -96.42265, 30.24954 ], [ -96.51301, 30.24918 ], [ -96.51269, 30.20096 ], [ -96.75351, 30.19968 ], [ -96.75399, 30.24789 ], [ -96.90459, 30.24684 ], [ -96.96422, 30.19815 ], [ -96.99274, 30.07733 ], [ -97.08256, 30.05241 ], [ -97.07948, 29.83525 ], [ -97.16935, 29.83439 ], [ -97.16861, 29.78611 ], [ -97.25802, 29.76104 ], [ -97.37773, 29.7597 ], [ -97.37686, 29.71141 ], [ -97.49649, 29.70995 ], [ -97.52736, 29.75785 ], [ -97.52978, 29.87854 ], [ -97.61969, 29.87734 ], [ -97.6807, 29.92476 ], [ -97.71231, 29.9967 ], [ -97.83238, 29.9949 ], [ -97.86063, 29.92205 ], [ -97.9206, 29.92109 ], [ -97.94812, 29.82407 ], [ -98.00802, 29.82307 ], [ -98.03604, 29.75014 ], [ -98.09455, 29.7008 ], [ -98.21345, 29.67446 ], [ -98.21205, 29.62617 ], [ -98.54059, 29.61951 ], [ -98.6592, 29.59271 ], [ -98.71719, 29.54304 ], [ -98.74443, 29.46987 ], [ -99.16164, 29.45933 ], [ -99.15965, 29.41102 ], [ -99.39785, 29.40433 ], [ -99.45956, 29.4509 ], [ -99.6085, 29.44639 ], [ -99.66692, 29.42038 ], [ -99.96463, 29.41066 ], [ -99.96713, 29.45896 ], [ -100.14453, 29.42861 ], [ -100.26361, 29.42432 ], [ -100.32722, 29.49456 ], [ -100.4464, 29.49009 ], [ -100.50882, 29.53609 ], [ -100.54434, 29.63146 ], [ -100.63388, 29.62795 ], [ -100.6368, 29.6762 ], [ -100.78609, 29.6702 ], [ -100.82051, 29.74134 ], [ -100.88027, 29.73887 ], [ -100.91636, 29.83406 ], [ -101.09585, 29.82642 ], [ -101.09907, 29.87463 ], [ -101.16546, 29.9684 ], [ -101.58489, 29.94926 ], [ -101.70289, 29.91943 ], [ -101.7065, 29.9676 ], [ -101.82632, 29.96173 ], [ -101.83, 30.0099 ], [ -101.91991, 30.00541 ], [ -101.91617, 29.95725 ], [ -102.09391, 29.924 ], [ -102.09584, 29.94809 ], [ -102.12578, 29.94653 ], [ -102.12772, 29.97061 ], [ -102.42715, 29.95464 ], [ -102.45097, 29.88078 ], [ -102.51078, 29.87748 ], [ -102.53449, 29.80357 ], [ -102.59424, 29.80023 ], [ -102.61576, 29.7022 ], [ -102.46657, 29.71053 ], [ -102.4625, 29.66234 ], [ -102.55196, 29.65737 ], [ -102.54577, 29.58507 ], [ -102.42862, 29.61578 ], [ -102.37302, 29.66724 ], [ -102.30344, 29.54995 ], [ -102.24387, 29.55314 ], [ -102.20628, 29.45828 ], [ -102.08727, 29.46454 ], [ -102.05371, 29.41784 ], [ -102.04612, 29.32133 ], [ -101.92546, 29.3033 ], [ -101.88837, 29.20825 ], [ -101.79939, 29.21272 ], [ -101.79576, 29.16443 ], [ -101.70326, 29.12053 ], [ -101.61437, 29.12486 ], [ -101.57601, 29.00549 ], [ -101.42806, 29.01251 ], [ -101.41791, 28.86747 ], [ -101.50651, 28.86329 ], [ -101.46845, 28.74378 ], [ -101.37998, 28.74793 ], [ -101.34549, 28.67673 ], [ -101.33056, 28.45888 ], [ -101.53622, 28.44915 ], [ -101.53966, 28.49757 ], [ -101.62784, 28.49329 ], [ -101.63133, 28.5417 ], [ -101.86657, 28.52995 ], [ -101.90331, 28.62523 ], [ -102.13876, 28.61292 ], [ -102.16627, 28.58716 ], [ -102.13304, 28.54034 ], [ -102.01543, 28.54655 ], [ -102.0117, 28.49815 ], [ -101.92353, 28.50273 ], [ -101.91986, 28.45432 ], [ -101.80237, 28.46032 ], [ -101.67605, 28.34512 ], [ -101.66552, 28.19977 ], [ -101.78084, 28.16968 ], [ -101.77727, 28.12121 ], [ -101.65502, 28.05434 ], [ -101.46952, 27.91737 ], [ -101.46615, 27.86885 ], [ -101.37866, 27.87302 ], [ -101.37535, 27.82448 ], [ -101.2879, 27.82858 ], [ -101.2539, 27.75711 ], [ -101.16653, 27.76112 ], [ -101.16335, 27.71256 ], [ -101.07602, 27.7165 ], [ -101.01471, 27.67051 ], [ -101.01163, 27.62193 ], [ -100.86623, 27.62827 ], [ -100.80511, 27.58216 ], [ -100.80217, 27.53356 ], [ -100.65691, 27.53962 ], [ -100.65406, 27.49101 ], [ -100.53791, 27.49573 ], [ -100.54348, 27.59295 ], [ -100.42853, 27.62185 ], [ -100.37304, 27.67271 ], [ -100.37708, 27.74558 ], [ -100.28967, 27.74892 ], [ -100.29231, 27.79749 ], [ -100.20485, 27.80076 ], [ -100.17955, 27.87468 ], [ -100.12118, 27.87681 ], [ -100.125, 27.94964 ], [ -100.06908, 28.00029 ], [ -100.08041, 28.21863 ], [ -99.99371, 28.24599 ], [ -99.99866, 28.34297 ], [ -100.03427, 28.46312 ], [ -100.00859, 28.53683 ], [ -100.01358, 28.63371 ], [ -99.95464, 28.63575 ], [ -99.93128, 28.75782 ], [ -99.81202, 28.73756 ], [ -99.66445, 28.74234 ], [ -99.54307, 28.67338 ], [ -99.53318, 28.45534 ], [ -99.41554, 28.45889 ], [ -99.41872, 28.53159 ], [ -99.21264, 28.53753 ], [ -99.21064, 28.48906 ], [ -98.91637, 28.4969 ], [ -98.91456, 28.44842 ], [ -98.67924, 28.45414 ], [ -98.6809, 28.50262 ], [ -98.32765, 28.51031 ], [ -98.32621, 28.46182 ], [ -98.20851, 28.46414 ], [ -98.18112, 28.53743 ], [ -98.09276, 28.53907 ], [ -98.03259, 28.49164 ], [ -98.0307, 28.4189 ], [ -97.97066, 28.37142 ], [ -97.96883, 28.29864 ], [ -97.82257, 28.32533 ], [ -97.61694, 28.32841 ], [ -97.61794, 28.37693 ], [ -97.50036, 28.37852 ], [ -97.47325, 28.50016 ], [ -97.41524, 28.54939 ], [ -97.41745, 28.67058 ], [ -97.32893, 28.67163 ], [ -97.2978, 28.57502 ], [ -97.00308, 28.57796 ], [ -97.00433, 28.67491 ], [ -96.9158, 28.67565 ], [ -96.91523, 28.62717 ], [ -96.82675, 28.62784 ], [ -96.798, 28.70075 ], [ -96.70944, 28.70133 ], [ -96.68077, 28.79842 ], [ -96.59209, 28.79891 ], [ -96.59357, 28.99263 ], [ -96.80099, 28.99138 ], [ -96.80024, 28.91875 ], [ -96.91866, 28.91788 ], [ -96.94915, 28.99027 ], [ -97.12693, 28.98868 ], [ -97.12763, 29.03709 ], [ -97.21657, 29.03619 ], [ -97.21734, 29.08459 ], [ -97.27747, 29.13234 ], [ -97.42588, 29.13062 ], [ -97.48618, 29.17826 ], [ -97.54558, 29.17748 ], [ -97.5733, 29.08031 ], [ -97.66229, 29.07907 ], [ -97.75347, 29.17454 ], [ -97.75512, 29.2471 ], [ -97.45785, 29.25119 ], [ -97.45876, 29.29956 ], [ -97.33977, 29.30098 ], [ -97.28148, 29.37418 ], [ -97.04326, 29.37656 ], [ -97.04391, 29.4249 ], [ -96.92472, 29.42591 ], [ -96.80578, 29.45096 ], [ -96.80629, 29.49929 ], [ -96.65715, 29.50022 ], [ -96.65674, 29.45189 ], [ -96.29902, 29.45335 ], [ -96.29921, 29.50169 ], [ -96.00092, 29.50207 ], [ -96.00092, 29.5504 ], [ -95.91138, 29.55036 ], [ -95.91143, 29.50204 ], [ -95.79212, 29.50189 ], [ -95.79179, 29.62269 ], [ -95.70197, 29.67081 ], [ -95.7015, 29.79154 ], [ -95.67135, 29.83974 ], [ -95.58134, 29.8636 ], [ -95.58054, 30.00838 ], [ -95.46027, 30.03202 ], [ -95.45924, 30.17673 ], [ -95.36896, 30.17628 ] ], [ [ -100.63005, 28.07618 ], [ -100.59654, 28.00458 ], [ -100.53808, 28.00692 ], [ -100.53109, 27.88557 ], [ -100.58663, 27.83468 ], [ -100.79075, 27.82627 ], [ -100.82585, 27.92212 ], [ -100.88423, 27.91964 ], [ -100.91796, 27.99117 ], [ -100.92556, 28.11245 ], [ -100.74998, 28.11988 ], [ -100.74705, 28.07137 ], [ -100.63005, 28.07618 ] ] ], [ [ [ -102.61017, 29.29069 ], [ -102.62888, 29.50772 ], [ -102.66282, 29.55424 ], [ -102.75215, 29.54912 ], [ -102.71392, 29.45441 ], [ -102.69919, 29.2856 ], [ -102.61017, 29.29069 ] ] ], [ [ [ -102.50165, 29.41797 ], [ -102.44422, 29.44538 ], [ -102.44827, 29.49361 ], [ -102.50779, 29.49031 ], [ -102.50165, 29.41797 ] ] ], [ [ [ -95.61229, 29.67054 ], [ -95.49271, 29.67009 ], [ -95.49223, 29.74254 ], [ -95.61205, 29.71884 ], [ -95.61229, 29.67054 ] ] ], [ [ [ -102.61576, 29.7022 ], [ -102.70949, 29.74529 ], [ -102.7926, 29.66787 ], [ -102.78832, 29.61969 ], [ -102.66912, 29.62654 ], [ -102.67332, 29.67473 ], [ -102.61367, 29.67811 ], [ -102.61576, 29.7022 ] ] ], [ [ [ -97.62844, 30.28732 ], [ -97.65963, 30.33509 ], [ -97.75009, 30.33379 ], [ -97.74731, 30.21329 ], [ -97.62689, 30.21501 ], [ -97.62844, 30.28732 ] ] ] ] } },
{ "type": "Feature", "properties": { "ID": 51 }, "geometry": { "type": "MultiPolygon", "coordinates": [ [ [ [ -80.04196, 26.81954 ], [ -80.05591, 26.89578 ], [ -80.03656, 26.99195 ], [ -80.09353, 27.00011 ], [ -80.07904, 27.07222 ], [ -80.13607, 27.08036 ], [ -80.11195, 27.2005 ], [ -80.16907, 27.20861 ], [ -80.15461, 27.28068 ], [ -80.2118, 27.28877 ], [ -80.19255, 27.38483 ], [ -80.25461, 27.36888 ], [ -80.23539, 27.46492 ], [ -80.29751, 27.44896 ], [ -80.27833, 27.54497 ], [ -80.29262, 27.62098 ], [ -80.35007, 27.62899 ], [ -80.3357, 27.70096 ], [ -80.37886, 27.7809 ], [ -80.43166, 27.81285 ], [ -80.41733, 27.88479 ], [ -80.47498, 27.89272 ], [ -80.46068, 27.96465 ], [ -80.50411, 28.04447 ], [ -80.55714, 28.07632 ], [ -80.53811, 28.17216 ], [ -80.59599, 28.18003 ], [ -80.56747, 28.32373 ], [ -80.57742, 28.42342 ], [ -80.51459, 28.43948 ], [ -80.55834, 28.51915 ], [ -80.53921, 28.61484 ], [ -80.59742, 28.6227 ], [ -80.61222, 28.69836 ], [ -80.66098, 28.75401 ], [ -80.7193, 28.7618 ], [ -80.70506, 28.83353 ], [ -80.76344, 28.8413 ], [ -80.77845, 28.91689 ], [ -80.88126, 29.00402 ], [ -80.86713, 29.07571 ], [ -80.9163, 29.13117 ], [ -80.97493, 29.13883 ], [ -80.96086, 29.2105 ], [ -81.01488, 29.24201 ], [ -81.02553, 29.34134 ], [ -81.09975, 29.42435 ], [ -81.08574, 29.49597 ], [ -81.14001, 29.52739 ], [ -81.15086, 29.62662 ], [ -81.19595, 29.70572 ], [ -81.23478, 29.66175 ], [ -81.26255, 29.51855 ], [ -81.29663, 29.49841 ], [ -81.31504, 29.40289 ], [ -81.4917, 29.42513 ], [ -81.50078, 29.37735 ], [ -81.58909, 29.38837 ], [ -81.66144, 29.32397 ], [ -81.64997, 29.22469 ], [ -81.67681, 29.08118 ], [ -81.79415, 29.09569 ], [ -81.81907, 29.12323 ], [ -81.94088, 29.11366 ], [ -82.05832, 29.12791 ], [ -82.07465, 29.20325 ], [ -82.19224, 29.21735 ], [ -82.24743, 29.07721 ], [ -82.3232, 28.98839 ], [ -82.41119, 28.9988 ], [ -82.40271, 29.04671 ], [ -82.54529, 29.08787 ], [ -82.55368, 29.03995 ], [ -82.67527, 29.02962 ], [ -82.79271, 29.04312 ], [ -82.80505, 28.9712 ], [ -82.73358, 28.86518 ], [ -82.75418, 28.74525 ], [ -82.69568, 28.73849 ], [ -82.71631, 28.6185 ], [ -82.65791, 28.61172 ], [ -82.70771, 28.49508 ], [ -82.73646, 28.32695 ], [ -82.78596, 28.21016 ], [ -82.84813, 28.19285 ], [ -82.81908, 28.18949 ], [ -82.83126, 28.11735 ], [ -82.7773, 28.08656 ], [ -82.78544, 28.03846 ], [ -82.8266, 27.96966 ], [ -82.75193, 27.88734 ], [ -82.66515, 27.87715 ], [ -82.61553, 27.8222 ], [ -82.52883, 27.8119 ], [ -82.50822, 27.76032 ], [ -82.65648, 27.58142 ], [ -82.71376, 27.41614 ], [ -82.65625, 27.40932 ], [ -82.66846, 27.337 ], [ -82.58229, 27.32672 ], [ -82.59455, 27.25439 ], [ -82.53717, 27.2475 ], [ -82.54946, 27.17515 ], [ -82.49214, 27.16824 ], [ -82.44308, 27.11306 ], [ -82.46366, 26.99242 ], [ -82.40235, 27.00959 ], [ -82.41885, 26.91305 ], [ -82.36173, 26.90607 ], [ -82.34559, 26.83014 ], [ -82.28853, 26.82312 ], [ -82.27664, 26.72301 ], [ -82.23633, 26.61932 ], [ -82.2488, 26.54683 ], [ -82.19611, 26.51558 ], [ -82.156, 26.41179 ], [ -82.00994, 26.41809 ], [ -81.94473, 26.45922 ], [ -81.92908, 26.3831 ], [ -81.87237, 26.37586 ], [ -81.88513, 26.30334 ], [ -81.82848, 26.29607 ], [ -81.81297, 26.21988 ], [ -81.8215, 26.17151 ], [ -81.83852, 26.07474 ], [ -81.77777, 26.09164 ], [ -81.79909, 25.97064 ], [ -81.65809, 25.95228 ], [ -81.67097, 25.87966 ], [ -81.59079, 25.84435 ], [ -81.42192, 25.82197 ], [ -81.42628, 25.79776 ], [ -81.37002, 25.79025 ], [ -81.32435, 25.88328 ], [ -81.2399, 25.87192 ], [ -81.17473, 25.91269 ], [ -81.16585, 25.96106 ], [ -81.05318, 25.94574 ], [ -80.96419, 25.95835 ], [ -80.95518, 26.0067 ], [ -80.87065, 25.99506 ], [ -80.86158, 26.04339 ], [ -80.74885, 26.02777 ], [ -80.70692, 26.09631 ], [ -80.53777, 26.07259 ], [ -80.4579, 26.0365 ], [ -80.44391, 26.10892 ], [ -80.36408, 26.22157 ], [ -80.30292, 26.23764 ], [ -80.28402, 26.33411 ], [ -80.21801, 26.37424 ], [ -80.22254, 26.49878 ], [ -80.19395, 26.64329 ], [ -80.12284, 26.70738 ], [ -80.10362, 26.80364 ], [ -80.04196, 26.81954 ] ], [ [ -82.61567, 27.99403 ], [ -82.53293, 27.95969 ], [ -82.57014, 27.91502 ], [ -82.65695, 27.92528 ], [ -82.61567, 27.99403 ] ] ] ] } },
{ "type": "Feature", "properties": { "ID": 52 }, "geometry": { "type": "MultiPolygon", "coordinates": [ [ [ [ -96.59209, 28.79891 ], [ -96.68077, 28.79842 ], [ -96.70944, 28.70133 ], [ -96.798, 28.70075 ], [ -96.82675, 28.62784 ], [ -96.91523, 28.62717 ], [ -96.9158, 28.67565 ], [ -97.00433, 28.67491 ], [ -97.00308, 28.57796 ], [ -97.2978, 28.57502 ], [ -97.32893, 28.67163 ], [ -97.41745, 28.67058 ], [ -97.41524, 28.54939 ], [ -97.47325, 28.50016 ], [ -97.50036, 28.37852 ], [ -97.61794, 28.37693 ], [ -97.61694, 28.32841 ], [ -97.82257, 28.32533 ], [ -97.96883, 28.29864 ], [ -97.97066, 28.37142 ], [ -98.0307, 28.4189 ], [ -98.03259, 28.49164 ], [ -98.09276, 28.53907 ], [ -98.18112, 28.53743 ], [ -98.20851, 28.46414 ], [ -98.32621, 28.46182 ], [ -98.32765, 28.51031 ], [ -98.6809, 28.50262 ], [ -98.67924, 28.45414 ], [ -98.91456, 28.44842 ], [ -98.91637, 28.4969 ], [ -99.21064, 28.48906 ], [ -99.21264, 28.53753 ], [ -99.41872, 28.53159 ], [ -99.41554, 28.45889 ], [ -99.53318, 28.45534 ], [ -99.54307, 28.67338 ], [ -99.66445, 28.74234 ], [ -99.81202, 28.73756 ], [ -99.93128, 28.75782 ], [ -99.95464, 28.63575 ], [ -100.01358, 28.63371 ], [ -100.00859, 28.53683 ], [ -100.03427, 28.46312 ], [ -99.99866, 28.34297 ], [ -99.99371, 28.24599 ], [ -100.08041, 28.21863 ], [ -100.06908, 28.00029 ], [ -100.125, 27.94964 ], [ -100.12118, 27.87681 ], [ -100.17955, 27.87468 ], [ -100.20485, 27.80076 ], [ -100.29231, 27.79749 ], [ -100.28967, 27.74892 ], [ -100.37708, 27.74558 ], [ -100.37304, 27.67271 ], [ -100.42853, 27.62185 ], [ -100.54348, 27.59295 ], [ -100.53791, 27.49573 ], [ -100.5061, 27.44826 ], [ -100.33196, 27.45507 ], [ -100.32533, 27.33346 ], [ -100.41228, 27.3301 ], [ -100.40958, 27.28144 ], [ -100.55299, 27.25135 ], [ -100.55021, 27.20268 ], [ -100.69486, 27.19675 ], [ -100.7831, 27.21743 ], [ -100.83801, 27.16629 ], [ -100.83358, 27.09327 ], [ -100.74402, 27.04827 ], [ -100.65881, 27.07624 ], [ -100.65456, 27.00319 ], [ -100.71227, 27.00079 ], [ -100.69939, 26.78152 ], [ -100.78863, 26.8266 ], [ -100.875, 26.82287 ], [ -100.83885, 26.70225 ], [ -100.66635, 26.70959 ], [ -100.67061, 26.78272 ], [ -100.5267, 26.78864 ], [ -100.50065, 26.83855 ], [ -100.50751, 26.96037 ], [ -100.3646, 26.99043 ], [ -100.33178, 26.91847 ], [ -100.15877, 26.92502 ], [ -100.15245, 26.80316 ], [ -100.03605, 26.78299 ], [ -99.97244, 26.66312 ], [ -99.96642, 26.54112 ], [ -99.90665, 26.49434 ], [ -99.7896, 26.44948 ], [ -99.75752, 26.3772 ], [ -99.67157, 26.38007 ], [ -99.63852, 26.2833 ], [ -99.523, 26.26256 ], [ -99.49228, 26.21459 ], [ -99.4065, 26.21726 ], [ -99.28815, 26.12293 ], [ -99.28617, 26.07402 ], [ -99.20053, 26.07653 ], [ -99.11208, 26.00559 ], [ -98.99798, 26.00875 ], [ -98.99618, 25.95981 ], [ -98.91065, 25.9621 ], [ -98.9089, 25.91316 ], [ -98.79493, 25.9161 ], [ -98.79661, 25.96505 ], [ -98.74041, 25.99095 ], [ -98.56928, 25.99506 ], [ -98.57315, 26.11738 ], [ -98.66045, 26.16426 ], [ -98.66447, 26.28649 ], [ -98.57859, 26.28852 ], [ -98.61037, 26.3856 ], [ -98.61432, 26.50773 ], [ -98.52897, 26.53413 ], [ -98.50329, 26.63244 ], [ -98.41704, 26.63434 ], [ -98.36097, 26.68438 ], [ -98.33646, 26.83137 ], [ -98.16351, 26.83485 ], [ -98.16483, 26.88363 ], [ -98.04946, 26.8858 ], [ -98.04821, 26.83702 ], [ -97.90407, 26.83956 ], [ -97.90292, 26.79077 ], [ -97.78767, 26.79267 ], [ -97.78658, 26.74387 ], [ -97.6714, 26.74565 ], [ -97.67039, 26.69684 ], [ -97.49726, 26.67488 ], [ -97.52835, 26.79651 ], [ -97.58598, 26.79571 ], [ -97.61626, 26.86848 ], [ -97.61823, 26.96603 ], [ -97.59081, 27.03958 ], [ -97.53301, 27.04038 ], [ -97.53535, 27.16223 ], [ -97.44851, 27.16338 ], [ -97.45028, 27.26083 ], [ -97.50824, 27.26007 ], [ -97.50963, 27.33313 ], [ -97.4226, 27.33425 ], [ -97.42391, 27.40729 ], [ -97.36583, 27.40801 ], [ -97.36877, 27.57836 ], [ -97.34131, 27.676 ], [ -97.42916, 27.69925 ], [ -97.43004, 27.74788 ], [ -97.37171, 27.7486 ], [ -97.37298, 27.82153 ], [ -97.25622, 27.82287 ], [ -97.16829, 27.7995 ], [ -97.16937, 27.87242 ], [ -97.11164, 27.9216 ], [ -97.05351, 27.94645 ], [ -96.90732, 27.94771 ], [ -96.87917, 28.04511 ], [ -96.82113, 28.09411 ], [ -96.70418, 28.11918 ], [ -96.67571, 28.21646 ], [ -96.76372, 28.21591 ], [ -96.7938, 28.28852 ], [ -96.79478, 28.38557 ], [ -96.70658, 28.38615 ], [ -96.7057, 28.2891 ], [ -96.50014, 28.29018 ], [ -96.50045, 28.33871 ], [ -96.38303, 28.36342 ], [ -96.38351, 28.46045 ], [ -96.47209, 28.50862 ], [ -96.47312, 28.67831 ], [ -96.59135, 28.702 ], [ -96.59209, 28.79891 ] ], [ [ -98.25615, 28.0748 ], [ -98.19692, 28.05166 ], [ -98.19353, 27.93022 ], [ -98.25059, 27.8805 ], [ -98.42582, 27.8769 ], [ -98.42433, 27.8283 ], [ -98.54106, 27.82576 ], [ -98.54655, 27.9958 ], [ -98.48806, 27.99709 ], [ -98.49113, 28.09421 ], [ -98.46261, 28.11912 ], [ -98.28685, 28.12277 ], [ -98.25615, 28.0748 ] ], [ [ -98.11106, 28.12615 ], [ -98.11433, 28.2475 ], [ -98.08628, 28.29657 ], [ -97.99819, 28.29813 ], [ -97.99387, 28.12825 ], [ -98.11106, 28.12615 ] ], [ [ -96.50232, 28.62971 ], [ -96.50201, 28.58123 ], [ -96.59044, 28.58081 ], [ -96.5908, 28.62929 ], [ -96.50232, 28.62971 ] ] ], [ [ [ -96.119, 28.70345 ], [ -96.11893, 28.65498 ], [ -95.97141, 28.65504 ], [ -95.97137, 28.75197 ], [ -96.00091, 28.80042 ], [ -96.08959, 28.80039 ], [ -96.119, 28.70345 ] ] ] ] } },
{ "type": "Feature", "properties": { "ID": 53 }, "geometry": { "type": "MultiPolygon", "coordinates": [ [ [ [ -81.80326, 24.63062 ], [ -81.78808, 24.55392 ], [ -81.62178, 24.53172 ], [ -81.61331, 24.5804 ], [ -81.47043, 24.58604 ], [ -81.46186, 24.63469 ], [ -81.29549, 24.612 ], [ -81.19925, 24.67351 ], [ -81.30588, 24.71307 ], [ -81.2972, 24.76169 ], [ -81.2139, 24.75026 ], [ -81.20516, 24.79886 ], [ -81.33976, 24.84219 ], [ -81.34842, 24.79358 ], [ -81.57504, 24.79933 ], [ -81.58356, 24.7507 ], [ -81.66692, 24.76185 ], [ -81.71159, 24.66824 ], [ -81.79488, 24.6793 ], [ -81.80326, 24.63062 ] ] ], [ [ [ -80.743, 24.83389 ], [ -80.88635, 24.82923 ], [ -80.89528, 24.78066 ], [ -81.00634, 24.79621 ], [ -81.01519, 24.74763 ], [ -81.12623, 24.76306 ], [ -81.13939, 24.69015 ], [ -81.06059, 24.65429 ], [ -80.87199, 24.75246 ], [ -80.86305, 24.80104 ], [ -80.75201, 24.78534 ], [ -80.743, 24.83389 ] ] ], [ [ [ -80.20083, 25.42817 ], [ -80.15403, 25.52084 ], [ -80.20528, 25.55317 ], [ -80.22409, 25.45643 ], [ -80.20083, 25.42817 ] ] ], [ [ [ -81.65809, 25.95228 ], [ -81.74268, 25.96331 ], [ -81.75975, 25.86647 ], [ -81.69914, 25.88334 ], [ -81.65809, 25.95228 ] ] ], [ [ [ -80.743, 24.83389 ], [ -80.6597, 24.82204 ], [ -80.61376, 24.91515 ], [ -80.5304, 24.90319 ], [ -80.48427, 24.99621 ], [ -80.33131, 25.19825 ], [ -80.26623, 25.23859 ], [ -80.24753, 25.33543 ], [ -80.20553, 25.40397 ], [ -80.28935, 25.41614 ], [ -80.30796, 25.46858 ], [ -80.28457, 25.58953 ], [ -80.23777, 25.68218 ], [ -80.12566, 25.6659 ], [ -80.06862, 25.95573 ], [ -80.09674, 25.95982 ], [ -80.06812, 26.1046 ], [ -80.09629, 26.10869 ], [ -80.02921, 26.44618 ], [ -80.0575, 26.45027 ], [ -79.98513, 26.81135 ], [ -80.04196, 26.81954 ], [ -80.10362, 26.80364 ], [ -80.12284, 26.70738 ], [ -80.19395, 26.64329 ], [ -80.22254, 26.49878 ], [ -80.21801, 26.37424 ], [ -80.28402, 26.33411 ], [ -80.30292, 26.23764 ], [ -80.36408, 26.22157 ], [ -80.44391, 26.10892 ], [ -80.4579, 26.0365 ], [ -80.53777, 26.07259 ], [ -80.70692, 26.09631 ], [ -80.74885, 26.02777 ], [ -80.86158, 26.04339 ], [ -80.87065, 25.99506 ], [ -80.95518, 26.0067 ], [ -80.96419, 25.95835 ], [ -81.05318, 25.94574 ], [ -81.16585, 25.96106 ], [ -81.17473, 25.91269 ], [ -81.2399, 25.87192 ], [ -81.32435, 25.88328 ], [ -81.37002, 25.79025 ], [ -81.42628, 25.79776 ], [ -81.37877, 25.74183 ], [ -81.36378, 25.66541 ], [ -81.27955, 25.65407 ], [ -81.22181, 25.49734 ], [ -81.15104, 25.41318 ], [ -81.18632, 25.21922 ], [ -81.17601, 25.11835 ], [ -81.04104, 25.07487 ], [ -81.03217, 25.12339 ], [ -80.92514, 25.08363 ], [ -80.86044, 25.12434 ], [ -80.77683, 25.11259 ], [ -80.76252, 25.0359 ], [ -80.79937, 24.99131 ], [ -80.84066, 24.92243 ], [ -80.75726, 24.91065 ], [ -80.74824, 24.95919 ], [ -80.69262, 24.9513 ], [ -80.743, 24.83389 ] ], [ [ -80.53532, 25.02846 ], [ -80.6001, 24.98792 ], [ -80.71138, 25.00377 ], [ -80.70232, 25.05228 ], [ -80.53532, 25.02846 ] ], [ [ -80.52616, 25.07695 ], [ -80.53108, 25.20212 ], [ -80.44282, 25.21435 ], [ -80.46127, 25.11743 ], [ -80.52616, 25.07695 ] ] ], [ [ [ -79.22839, 25.6806 ], [ -79.23637, 25.7814 ], [ -79.29241, 25.79 ], [ -79.34531, 25.67367 ], [ -79.22839, 25.6806 ] ] ], [ [ [ -78.00333, 25.20947 ], [ -78.06416, 25.19461 ], [ -78.17519, 25.21302 ], [ -78.23599, 25.19806 ], [ -78.25177, 25.12567 ], [ -78.1963, 25.11651 ], [ -78.19492, 24.99123 ], [ -78.24885, 24.87504 ], [ -78.32504, 24.78751 ], [ -78.34066, 24.71498 ], [ -78.43903, 24.65606 ], [ -78.4839, 24.7135 ], [ -78.53914, 24.72252 ], [ -78.55456, 24.64994 ], [ -78.47694, 24.6122 ], [ -78.46484, 24.53507 ], [ -78.3323, 24.48813 ], [ -78.28765, 24.43058 ], [ -78.15538, 24.38341 ], [ -78.16584, 24.33499 ], [ -78.08344, 24.32113 ], [ -77.99686, 24.45705 ], [ -77.94915, 24.67465 ], [ -77.92158, 24.66999 ], [ -77.8789, 24.86322 ], [ -77.92884, 24.8967 ], [ -77.90213, 25.01738 ], [ -77.97453, 25.07959 ], [ -77.95317, 25.17608 ], [ -78.00333, 25.20947 ] ] ], [ [ [ -78.16462, 25.26127 ], [ -78.08129, 25.24746 ], [ -78.07066, 25.29568 ], [ -78.20435, 25.34278 ], [ -78.16462, 25.26127 ] ] ], [ [ [ -77.87713, 25.38835 ], [ -77.79372, 25.37433 ], [ -77.77749, 25.44659 ], [ -77.91664, 25.46993 ], [ -77.93275, 25.39766 ], [ -77.87713, 25.38835 ] ] ], [ [ [ -77.79605, 25.74942 ], [ -77.90237, 25.79213 ], [ -77.91317, 25.74401 ], [ -77.81774, 25.6532 ], [ -77.79605, 25.74942 ] ] ], [ [ [ -78.45877, 26.82814 ], [ -78.59523, 26.87448 ], [ -78.67818, 26.76341 ], [ -78.60897, 26.67808 ], [ -78.68125, 26.61495 ], [ -78.78918, 26.65665 ], [ -78.9307, 26.6786 ], [ -78.92301, 26.57813 ], [ -78.84854, 26.51692 ], [ -78.73557, 26.49928 ], [ -78.65609, 26.46195 ], [ -78.58917, 26.50109 ], [ -78.57868, 26.54912 ], [ -78.46572, 26.53121 ], [ -78.39335, 26.59422 ], [ -78.25213, 26.57158 ], [ -78.21853, 26.59103 ], [ -78.19169, 26.71096 ], [ -78.3278, 26.75765 ], [ -78.33848, 26.70968 ], [ -78.47467, 26.75619 ], [ -78.45877, 26.82814 ] ] ], [ [ [ -77.75204, 26.83809 ], [ -77.70716, 26.90525 ], [ -77.84881, 26.92855 ], [ -77.9666, 26.79871 ], [ -77.88171, 26.78484 ], [ -77.83147, 26.87601 ], [ -77.75204, 26.83809 ] ] ], [ [ [ -77.96324, 27.07138 ], [ -78.00913, 27.12845 ], [ -78.07141, 27.1137 ], [ -78.00255, 27.0281 ], [ -77.96324, 27.07138 ] ] ], [ [ [ -78.29348, 27.17407 ], [ -78.27733, 27.24588 ], [ -78.36278, 27.25943 ], [ -78.37349, 27.21155 ], [ -78.29348, 27.17407 ] ] ] ] } },
{ "type": "Feature", "properties": { "ID": 54 }, "geometry": { "type": "MultiPolygon", "coordinates": [ [ [ [ -97.19674, 27.75057 ], [ -97.196, 27.70194 ], [ -97.28344, 27.70099 ], [ -97.28423, 27.74962 ], [ -97.43004, 27.74788 ], [ -97.42916, 27.69925 ], [ -97.34131, 27.676 ], [ -97.36877, 27.57836 ], [ -97.36583, 27.40801 ], [ -97.42391, 27.40729 ], [ -97.4226, 27.33425 ], [ -97.50963, 27.33313 ], [ -97.50824, 27.26007 ], [ -97.45028, 27.26083 ], [ -97.44851, 27.16338 ], [ -97.53535, 27.16223 ], [ -97.53301, 27.04038 ], [ -97.59081, 27.03958 ], [ -97.61823, 26.96603 ], [ -97.61626, 26.86848 ], [ -97.58598, 26.79571 ], [ -97.52835, 26.79651 ], [ -97.49726, 26.67488 ], [ -97.67039, 26.69684 ], [ -97.6714, 26.74565 ], [ -97.78658, 26.74387 ], [ -97.78767, 26.79267 ], [ -97.90292, 26.79077 ], [ -97.90407, 26.83956 ], [ -98.04821, 26.83702 ], [ -98.04946, 26.8858 ], [ -98.16483, 26.88363 ], [ -98.16351, 26.83485 ], [ -98.33646, 26.83137 ], [ -98.36097, 26.68438 ], [ -98.41704, 26.63434 ], [ -98.50329, 26.63244 ], [ -98.52897, 26.53413 ], [ -98.61432, 26.50773 ], [ -98.61037, 26.3856 ], [ -98.57859, 26.28852 ], [ -98.66447, 26.28649 ], [ -98.66045, 26.16426 ], [ -98.57315, 26.11738 ], [ -98.56928, 25.99506 ], [ -98.74041, 25.99095 ], [ -98.79661, 25.96505 ], [ -98.79325, 25.86715 ], [ -98.67934, 25.86998 ], [ -98.67773, 25.82101 ], [ -98.53465, 25.79989 ], [ -98.36391, 25.80369 ], [ -98.36249, 25.7547 ], [ -98.22028, 25.75766 ], [ -98.21895, 25.70867 ], [ -97.90623, 25.71453 ], [ -97.90509, 25.66553 ], [ -97.16624, 25.67585 ], [ -97.16729, 25.74936 ], [ -97.11073, 25.77445 ], [ -97.11542, 26.11719 ], [ -97.17257, 26.1166 ], [ -97.17576, 26.33669 ], [ -97.20441, 26.33638 ], [ -97.20696, 26.50743 ], [ -97.23755, 26.62922 ], [ -97.29506, 26.62857 ], [ -97.32583, 26.75028 ], [ -97.32865, 26.92105 ], [ -97.38638, 26.92035 ], [ -97.38934, 27.09101 ], [ -97.33271, 27.16481 ], [ -97.33557, 27.33532 ], [ -97.27755, 27.33599 ], [ -97.24968, 27.40935 ], [ -97.25121, 27.50671 ], [ -97.16506, 27.58063 ], [ -97.1665, 27.67793 ], [ -97.13771, 27.70254 ], [ -97.19674, 27.75057 ] ], [ [ -97.28842, 26.21317 ], [ -97.20296, 26.23859 ], [ -97.20078, 26.09183 ], [ -97.25791, 26.09119 ], [ -97.28842, 26.21317 ] ], [ [ -97.41223, 26.74922 ], [ -97.38217, 26.67636 ], [ -97.32462, 26.67706 ], [ -97.32302, 26.57939 ], [ -97.38049, 26.5787 ], [ -97.41094, 26.676 ], [ -97.46848, 26.67526 ], [ -97.46982, 26.74848 ], [ -97.41223, 26.74922 ] ] ], [ [ [ -97.13771, 27.70254 ], [ -97.07942, 27.70311 ], [ -97.08075, 27.80036 ], [ -96.9935, 27.82547 ], [ -96.99473, 27.92268 ], [ -97.05351, 27.94645 ], [ -97.11164, 27.9216 ], [ -97.16937, 27.87242 ], [ -97.16829, 27.7995 ], [ -97.13911, 27.7998 ], [ -97.13771, 27.70254 ] ] ], [ [ [ -96.38303, 28.36342 ], [ -96.32445, 28.41212 ], [ -96.23621, 28.41233 ], [ -96.20705, 28.5094 ], [ -96.11874, 28.53377 ], [ -96.00091, 28.53384 ], [ -95.97143, 28.58232 ], [ -95.97141, 28.6308 ], [ -96.0894, 28.63077 ], [ -96.08934, 28.58229 ], [ -96.17777, 28.58219 ], [ -96.17766, 28.5337 ], [ -96.2954, 28.50921 ], [ -96.29522, 28.46071 ], [ -96.38351, 28.46045 ], [ -96.38303, 28.36342 ] ] ], [ [ [ -82.61553, 27.8222 ], [ -82.66515, 27.87715 ], [ -82.75193, 27.88734 ], [ -82.8266, 27.96966 ], [ -82.85961, 27.94896 ], [ -82.87977, 27.82861 ], [ -82.82195, 27.82189 ], [ -82.80519, 27.74628 ], [ -82.75149, 27.71544 ], [ -82.77177, 27.59501 ], [ -82.64422, 27.65367 ], [ -82.61553, 27.8222 ] ] ], [ [ [ -82.7773, 28.08656 ], [ -82.83126, 28.11735 ], [ -82.87242, 28.04855 ], [ -82.78544, 28.03846 ], [ -82.7773, 28.08656 ] ] ], [ [ [ -90.74969, 29.04494 ], [ -90.63127, 29.03952 ], [ -90.62791, 29.08784 ], [ -90.74641, 29.09326 ], [ -90.74969, 29.04494 ] ] ], [ [ [ -90.24112, 29.09354 ], [ -90.33175, 29.07376 ], [ -90.32465, 29.17037 ], [ -90.38395, 29.17325 ], [ -90.44673, 29.1278 ], [ -90.4502, 29.07948 ], [ -90.36312, 29.05104 ], [ -90.24472, 29.04523 ], [ -90.24112, 29.09354 ] ] ], [ [ [ -90.41185, 29.19883 ], [ -90.38395, 29.17325 ], [ -90.38219, 29.1974 ], [ -90.41185, 29.19883 ] ] ] ] } }
]
}
